rekrutacja,kolejność_plików,publication_date,print_datetime,page,page_total,wojewodztwo,lp,dziedzina_medycyny,numer_wniosku,tryb_szkolenia,punktacja_proc,srednia_arytmetyczna,data_zlozenia_wniosku,ilość_zakwalifikowanych_w_trybie,czy_miejsca_doktoranckie,doktoranckie_podmiot,doktoranckie_jednostka
j-2023,10,21.11.2023,22.11.2023 09:32:30,1,135,Dolnośląskie,1,Alergologia,2023/021388,Rezydencki,87.80,4.14,29.09.2023 19:57:51,2,NIE,,
j-2023,10,21.11.2023,22.11.2023 09:32:30,1,135,Dolnośląskie,2,Alergologia,2023/026314,Rezydencki,87.25,4.09,05.10.2023 13:15:36,2,NIE,,
j-2023,10,21.11.2023,22.11.2023 09:32:30,1,135,Dolnośląskie,3,Anestezjologia i intensywna terapia,2023/021916,Rezydencki,89.76,3.79,28.09.2023 13:15:12,17,NIE,,
j-2023,10,21.11.2023,22.11.2023 09:32:30,1,135,Dolnośląskie,4,Anestezjologia i intensywna terapia,2023/024071,Rezydencki,89.37,4.44,26.09.2023 15:07:08,17,NIE,,
j-2023,10,21.11.2023,22.11.2023 09:32:30,1,135,Dolnośląskie,5,Anestezjologia i intensywna terapia,2023/027163,Rezydencki,89.22,4.64,02.10.2023 13:07:06,17,NIE,,
j-2023,10,21.11.2023,22.11.2023 09:32:30,1,135,Dolnośląskie,6,Anestezjologia i intensywna terapia,2023/023820,Rezydencki,89.22,4.36,18.09.2023 17:39:39,17,NIE,,
j-2023,10,21.11.2023,22.11.2023 09:32:30,1,135,Dolnośląskie,7,Anestezjologia i intensywna terapia,2023/019915,Rezydencki,88.41,4.73,02.10.2023 12:26:30,17,NIE,,
j-2023,10,21.11.2023,22.11.2023 09:32:30,1,135,Dolnośląskie,8,Anestezjologia i intensywna terapia,2023/026094,Rezydencki,88.29,4.21,28.09.2023 14:27:53,17,NIE,,
j-2023,10,21.11.2023,22.11.2023 09:32:30,1,135,Dolnośląskie,9,Anestezjologia i intensywna terapia,2023/030185,Rezydencki,87.92,3.98,01.10.2023 21:59:19,17,NIE,,
j-2023,10,21.11.2023,22.11.2023 09:32:30,1,135,Dolnośląskie,10,Anestezjologia i intensywna terapia,2023/022179,Rezydencki,87.44,4.49,30.09.2023 22:39:49,17,NIE,,
j-2023,10,21.11.2023,22.11.2023 09:32:30,1,135,Dolnośląskie,11,Anestezjologia i intensywna terapia,2023/029010,Rezydencki,87.32,3.57,30.09.2023 16:47:32,17,NIE,,
j-2023,10,21.11.2023,22.11.2023 09:32:30,1,135,Dolnośląskie,12,Anestezjologia i intensywna terapia,2023/019648,Rezydencki,87.25,4.82,01.10.2023 09:20:33,17,NIE,,
j-2023,10,21.11.2023,22.11.2023 09:32:30,1,135,Dolnośląskie,13,Anestezjologia i intensywna terapia,2023/028330,Rezydencki,87.25,4.21,28.09.2023 17:42:47,17,NIE,,
j-2023,10,21.11.2023,22.11.2023 09:32:30,1,135,Dolnośląskie,14,Anestezjologia i intensywna terapia,2023/027466,Rezydencki,86.47,4.09,27.10.2023 14:41:09,17,NIE,,
j-2023,10,21.11.2023,22.11.2023 09:32:30,1,135,Dolnośląskie,15,Anestezjologia i intensywna terapia,2023/019239,Rezydencki,85.99,4.57,01.09.2023 00:22:08,17,NIE,,
j-2023,10,21.11.2023,22.11.2023 09:32:30,1,135,Dolnośląskie,16,Anestezjologia i intensywna terapia,2023/023287,Rezydencki,85.99,3.36,16.09.2023 13:25:04,17,NIE,,
j-2023,10,21.11.2023,22.11.2023 09:32:30,1,135,Dolnośląskie,17,Anestezjologia i intensywna terapia,2023/019997,Rezydencki,85.85,4.12,28.09.2023 13:25:00,17,NIE,,
j-2023,10,21.11.2023,22.11.2023 09:32:30,1,135,Dolnośląskie,18,Anestezjologia i intensywna terapia,2023/020737,Rezydencki,85.78,3.94,14.09.2023 14:26:04,17,NIE,,
j-2023,10,21.11.2023,22.11.2023 09:32:30,1,135,Dolnośląskie,19,Anestezjologia i intensywna terapia,2023/022681,Rezydencki,85.61,4.10,28.09.2023 16:53:40,17,NIE,,
j-2023,10,21.11.2023,22.11.2023 09:32:30,1,135,Dolnośląskie,20,Anestezjologia i intensywna terapia,2023/020098,Pozarezydencki,81.11,3.71,30.09.2023 21:37:47,3,NIE,,
j-2023,10,21.11.2023,22.11.2023 09:32:30,1,135,Dolnośląskie,21,Anestezjologia i intensywna terapia,2023/028187,Pozarezydencki,78.60,4.13,28.09.2023 14:41:42,3,NIE,,
j-2023,10,21.11.2023,22.11.2023 09:32:30,1,135,Dolnośląskie,22,Anestezjologia i intensywna terapia,2023/021382,Pozarezydencki,76.04,0.00,02.10.2023 23:22:20,3,NIE,,
j-2023,10,21.11.2023,22.11.2023 09:32:30,1,135,Dolnośląskie,23,Angiologia,2023/027465,Rezydencki,91.30,4.49,02.10.2023 21:38:22,3,NIE,,
j-2023,10,21.11.2023,22.11.2023 09:32:30,1,135,Dolnośląskie,24,Angiologia,2023/026106,Rezydencki,89.27,4.36,30.09.2023 17:30:49,3,NIE,,
j-2023,10,21.11.2023,22.11.2023 09:32:30,1,135,Dolnośląskie,25,Angiologia,2023/026709,Rezydencki,86.27,4.15,26.09.2023 16:20:19,3,NIE,,
j-2023,10,21.11.2023,22.11.2023 09:32:30,1,135,Dolnośląskie,26,Audiologia i foniatria,2023/026924,Rezydencki,80.68,3.83,02.10.2023 23:14:22,1,NIE,,
j-2023,10,21.11.2023,22.11.2023 09:32:30,1,135,Dolnośląskie,27,Balneologia i medycyna fizykalna,2023/030502,Pozarezydencki,75.45,0.00,06.11.2023 09:00:32,3,NIE,,
j-2023,10,21.11.2023,22.11.2023 09:32:30,1,135,Dolnośląskie,28,Balneologia i medycyna fizykalna,2023/031129,Pozarezydencki,65.00,0.00,02.10.2023 23:15:49,3,NIE,,
j-2023,10,21.11.2023,22.11.2023 09:32:30,1,135,Dolnośląskie,29,Balneologia i medycyna fizykalna,2023/022774,Pozarezydencki,63.64,0.00,16.10.2023 19:40:26,3,NIE,,
j-2023,10,21.11.2023,22.11.2023 09:32:30,1,135,Dolnośląskie,30,Chirurgia dziecięca,2023/029186,Rezydencki,88.29,4.03,29.09.2023 19:48:08,7,NIE,,
j-2023,10,21.11.2023,22.11.2023 09:32:30,1,135,Dolnośląskie,31,Chirurgia dziecięca,2023/020070,Rezydencki,88.24,4.38,02.09.2023 19:03:54,7,NIE,,
j-2023,10,21.11.2023,22.11.2023 09:32:30,1,135,Dolnośląskie,32,Chirurgia dziecięca,2023/026908,Rezydencki,87.92,3.69,30.09.2023 22:57:26,7,NIE,,
j-2023,10,21.11.2023,22.11.2023 09:32:30,1,135,Dolnośląskie,33,Chirurgia dziecięca,2023/022747,Rezydencki,84.80,3.23,02.10.2023 23:45:20,7,NIE,,
j-2023,10,21.11.2023,22.11.2023 09:32:30,1,135,Dolnośląskie,34,Chirurgia dziecięca,2023/022517,Rezydencki,84.06,3.79,29.09.2023 19:32:56,7,NIE,,
j-2023,10,21.11.2023,22.11.2023 09:32:30,1,135,Dolnośląskie,35,Chirurgia dziecięca,2023/025926,Rezydencki,81.95,4.69,01.10.2023 21:07:29,7,NIE,,
j-2023,10,21.11.2023,22.11.2023 09:32:30,1,135,Dolnośląskie,36,Chirurgia dziecięca,2023/029256,Rezydencki,81.88,3.34,30.10.2023 23:51:48,7,NIE,,
j-2023,10,21.11.2023,22.11.2023 09:32:30,2,135,Dolnośląskie,37,Chirurgia naczyniowa,2023/029341,Rezydencki,85.85,3.62,18.10.2023 12:02:02,3,NIE,,
j-2023,10,21.11.2023,22.11.2023 09:32:30,2,135,Dolnośląskie,38,Chirurgia naczyniowa,2023/024690,Rezydencki,84.80,3.61,25.09.2023 11:21:36,3,NIE,,
j-2023,10,21.11.2023,22.11.2023 09:32:30,2,135,Dolnośląskie,39,Chirurgia naczyniowa,2023/023540,Rezydencki,83.41,3.77,28.09.2023 18:22:26,3,NIE,,
j-2023,10,21.11.2023,22.11.2023 09:32:30,2,135,Dolnośląskie,40,Chirurgia naczyniowa,2023/021722,Pozarezydencki,75.91,3.50,13.10.2023 21:33:07,3,NIE,,
j-2023,10,21.11.2023,22.11.2023 09:32:30,2,135,Dolnośląskie,41,Chirurgia naczyniowa,2023/027699,Pozarezydencki,74.31,4.08,27.09.2023 21:56:05,3,NIE,,
j-2023,10,21.11.2023,22.11.2023 09:32:30,2,135,Dolnośląskie,42,Chirurgia naczyniowa,2023/028890,Pozarezydencki,63.66,3.28,25.10.2023 22:39:02,3,NIE,,
j-2023,10,21.11.2023,22.11.2023 09:32:30,2,135,Dolnośląskie,43,Chirurgia ogólna,2023/024147,Rezydencki,88.89,4.47,19.09.2023 17:40:41,12,NIE,,
j-2023,10,21.11.2023,22.11.2023 09:32:30,2,135,Dolnośląskie,44,Chirurgia ogólna,2023/020522,Rezydencki,85.78,3.93,25.09.2023 17:40:51,12,NIE,,
j-2023,10,21.11.2023,22.11.2023 09:32:30,2,135,Dolnośląskie,45,Chirurgia ogólna,2023/022674,Rezydencki,83.33,3.71,13.09.2023 20:58:44,12,NIE,,
j-2023,10,21.11.2023,22.11.2023 09:32:30,2,135,Dolnośląskie,46,Chirurgia ogólna,2023/020138,Rezydencki,82.13,4.40,01.10.2023 12:00:36,12,NIE,,
j-2023,10,21.11.2023,22.11.2023 09:32:30,2,135,Dolnośląskie,47,Chirurgia ogólna,2023/023467,Rezydencki,81.95,4.01,23.10.2023 18:23:25,12,NIE,,
j-2023,10,21.11.2023,22.11.2023 09:32:30,2,135,Dolnośląskie,48,Chirurgia ogólna,2023/021802,Rezydencki,81.64,3.74,20.10.2023 20:01:53,12,NIE,,
j-2023,10,21.11.2023,22.11.2023 09:32:30,2,135,Dolnośląskie,49,Chirurgia ogólna,2023/023289,Rezydencki,79.71,3.96,30.09.2023 22:43:58,12,NIE,,
j-2023,10,21.11.2023,22.11.2023 09:32:30,2,135,Dolnośląskie,50,Chirurgia ogólna,2023/023032,Rezydencki,77.94,4.15,01.10.2023 21:14:51,12,NIE,,
j-2023,10,21.11.2023,22.11.2023 09:32:30,2,135,Dolnośląskie,51,Chirurgia ogólna,2023/023584,Rezydencki,77.14,3.29,29.09.2023 09:53:02,12,NIE,,
j-2023,10,21.11.2023,22.11.2023 09:32:30,2,135,Dolnośląskie,52,Chirurgia ogólna,2023/026923,Rezydencki,74.51,0.00,02.10.2023 20:05:10,12,NIE,,
j-2023,10,21.11.2023,22.11.2023 09:32:30,2,135,Dolnośląskie,53,Chirurgia ogólna,2023/021293,Rezydencki,71.57,0.00,22.09.2023 17:09:43,12,NIE,,
j-2023,10,21.11.2023,22.11.2023 09:32:30,2,135,Dolnośląskie,54,Chirurgia ogólna,2023/022715,Rezydencki,59.90,3.80,13.09.2023 17:45:37,12,NIE,,
j-2023,10,21.11.2023,22.11.2023 09:32:30,2,135,Dolnośląskie,55,Chirurgia ogólna,2023/020703,Pozarezydencki,82.95,3.72,19.09.2023 09:25:38,2,NIE,,
j-2023,10,21.11.2023,22.11.2023 09:32:30,2,135,Dolnośląskie,56,Chirurgia ogólna,2023/027794,Pozarezydencki,75.00,4.23,22.10.2023 09:21:17,2,NIE,,
j-2023,10,21.11.2023,22.11.2023 09:32:30,2,135,Dolnośląskie,57,Chirurgia onkologiczna,2023/020857,Rezydencki,90.34,4.26,05.09.2023 19:17:47,3,NIE,,
j-2023,10,21.11.2023,22.11.2023 09:32:30,2,135,Dolnośląskie,58,Chirurgia onkologiczna,2023/020128,Rezydencki,85.61,3.84,29.09.2023 17:51:08,3,NIE,,
j-2023,10,21.11.2023,22.11.2023 09:32:30,2,135,Dolnośląskie,59,Chirurgia onkologiczna,2023/030200,Rezydencki,78.54,3.67,01.10.2023 22:15:13,3,NIE,,
j-2023,10,21.11.2023,22.11.2023 09:32:30,2,135,Dolnośląskie,60,Chirurgia onkologiczna,2023/028460,Pozarezydencki,79.53,3.22,28.09.2023 19:51:50,2,NIE,,
j-2023,10,21.11.2023,22.11.2023 09:32:30,2,135,Dolnośląskie,61,Chirurgia onkologiczna,2023/029594,Pozarezydencki,76.59,4.47,05.10.2023 13:25:04,2,NIE,,
j-2023,10,21.11.2023,22.11.2023 09:32:30,2,135,Dolnośląskie,62,Chirurgia plastyczna,2023/029290,Pozarezydencki,86.64,4.17,25.10.2023 22:51:29,3,NIE,,
j-2023,10,21.11.2023,22.11.2023 09:32:30,2,135,Dolnośląskie,63,Chirurgia plastyczna,2023/025324,Pozarezydencki,85.12,4.30,28.09.2023 19:11:39,3,NIE,,
j-2023,10,21.11.2023,22.11.2023 09:32:30,2,135,Dolnośląskie,64,Chirurgia plastyczna,2023/019972,Pozarezydencki,84.65,3.96,30.09.2023 18:18:15,3,NIE,,
j-2023,10,21.11.2023,22.11.2023 09:32:30,2,135,Dolnośląskie,65,Chirurgia stomatologiczna,2023/024668,Rezydencki,90.78,4.65,02.10.2023 23:11:50,5,NIE,,
j-2023,10,21.11.2023,22.11.2023 09:32:30,2,135,Dolnośląskie,66,Chirurgia stomatologiczna,2023/028891,Rezydencki,86.47,3.91,02.10.2023 20:58:50,5,NIE,,
j-2023,10,21.11.2023,22.11.2023 09:32:30,2,135,Dolnośląskie,67,Chirurgia stomatologiczna,2023/023343,Rezydencki,85.99,4.45,17.09.2023 13:27:43,5,NIE,,
j-2023,10,21.11.2023,22.11.2023 09:32:30,2,135,Dolnośląskie,68,Chirurgia stomatologiczna,2023/029051,Rezydencki,85.99,4.28,23.10.2023 00:18:06,5,NIE,,
j-2023,10,21.11.2023,22.11.2023 09:32:30,2,135,Dolnośląskie,69,Chirurgia stomatologiczna,2023/019329,Rezydencki,85.17,4.41,01.09.2023 06:14:21,5,NIE,,
j-2023,10,21.11.2023,22.11.2023 09:32:30,2,135,Dolnośląskie,70,Choroby płuc,2023/028701,Rezydencki,88.41,4.22,30.09.2023 10:29:09,3,NIE,,
j-2023,10,21.11.2023,22.11.2023 09:32:30,2,135,Dolnośląskie,71,Choroby płuc,2023/026207,Rezydencki,87.75,4.27,02.10.2023 20:47:09,3,NIE,,
j-2023,10,21.11.2023,22.11.2023 09:32:30,2,135,Dolnośląskie,72,Choroby płuc,2023/023557,Rezydencki,84.06,3.75,30.09.2023 20:25:01,3,NIE,,
j-2023,10,21.11.2023,22.11.2023 09:32:30,2,135,Dolnośląskie,73,Choroby płuc,2023/026888,Pozarezydencki,75.45,0.00,26.09.2023 20:55:49,1,NIE,,
j-2023,10,21.11.2023,22.11.2023 09:32:30,2,135,Dolnośląskie,74,Choroby płuc dzieci,2023/019562,Pozarezydencki,75.91,4.37,07.09.2023 20:47:32,1,NIE,,
j-2023,10,21.11.2023,22.11.2023 09:32:30,3,135,Dolnośląskie,75,Choroby wewnętrzne,2023/027953,Rezydencki,89.71,4.44,02.10.2023 22:13:05,25,NIE,,
j-2023,10,21.11.2023,22.11.2023 09:32:30,3,135,Dolnośląskie,76,Choroby wewnętrzne,2023/026782,Rezydencki,89.22,4.05,29.09.2023 15:03:41,25,NIE,,
j-2023,10,21.11.2023,22.11.2023 09:32:30,3,135,Dolnośląskie,77,Choroby wewnętrzne,2023/019295,Rezydencki,89.02,4.40,28.09.2023 22:35:03,25,NIE,,
j-2023,10,21.11.2023,22.11.2023 09:32:30,3,135,Dolnośląskie,78,Choroby wewnętrzne,2023/026258,Rezydencki,88.41,4.36,28.09.2023 23:07:37,25,NIE,,
j-2023,10,21.11.2023,22.11.2023 09:32:30,3,135,Dolnośląskie,79,Choroby wewnętrzne,2023/027581,Rezydencki,88.24,4.12,29.09.2023 20:24:17,25,NIE,,
j-2023,10,21.11.2023,22.11.2023 09:32:30,3,135,Dolnośląskie,80,Choroby wewnętrzne,2023/024227,Rezydencki,88.24,3.99,19.09.2023 20:56:48,25,NIE,,
j-2023,10,21.11.2023,22.11.2023 09:32:30,3,135,Dolnośląskie,81,Choroby wewnętrzne,2023/019763,Rezydencki,87.44,4.50,01.09.2023 15:38:39,25,NIE,,
j-2023,10,21.11.2023,22.11.2023 09:32:30,3,135,Dolnośląskie,82,Choroby wewnętrzne,2023/030269,Rezydencki,87.07,4.01,02.10.2023 17:04:22,25,NIE,,
j-2023,10,21.11.2023,22.11.2023 09:32:30,3,135,Dolnośląskie,83,Choroby wewnętrzne,2023/028739,Rezydencki,85.85,4.35,29.09.2023 00:51:53,25,NIE,,
j-2023,10,21.11.2023,22.11.2023 09:32:30,3,135,Dolnośląskie,84,Choroby wewnętrzne,2023/020622,Rezydencki,85.78,3.88,12.09.2023 20:03:14,25,NIE,,
j-2023,10,21.11.2023,22.11.2023 09:32:30,3,135,Dolnośląskie,85,Choroby wewnętrzne,2023/022945,Rezydencki,85.51,4.11,15.09.2023 16:49:01,25,NIE,,
j-2023,10,21.11.2023,22.11.2023 09:32:30,3,135,Dolnośląskie,86,Choroby wewnętrzne,2023/029561,Rezydencki,84.39,4.42,25.10.2023 04:08:55,25,NIE,,
j-2023,10,21.11.2023,22.11.2023 09:32:30,3,135,Dolnośląskie,87,Choroby wewnętrzne,2023/027693,Rezydencki,84.31,3.92,30.09.2023 20:29:54,25,NIE,,
j-2023,10,21.11.2023,22.11.2023 09:32:30,3,135,Dolnośląskie,88,Choroby wewnętrzne,2023/023217,Rezydencki,84.06,0.00,15.09.2023 20:41:39,25,NIE,,
j-2023,10,21.11.2023,22.11.2023 09:32:30,3,135,Dolnośląskie,89,Choroby wewnętrzne,2023/028368,Rezydencki,82.13,3.75,30.10.2023 13:07:30,25,NIE,,
j-2023,10,21.11.2023,22.11.2023 09:32:30,3,135,Dolnośląskie,90,Choroby wewnętrzne,2023/019822,Rezydencki,81.95,4.17,28.09.2023 16:02:22,25,NIE,,
j-2023,10,21.11.2023,22.11.2023 09:32:30,3,135,Dolnośląskie,91,Choroby wewnętrzne,2023/025468,Rezydencki,81.86,3.84,25.09.2023 18:40:55,25,NIE,,
j-2023,10,21.11.2023,22.11.2023 09:32:30,3,135,Dolnośląskie,92,Choroby wewnętrzne,2023/022691,Rezydencki,81.46,4.04,02.10.2023 09:28:40,25,NIE,,
j-2023,10,21.11.2023,22.11.2023 09:32:30,3,135,Dolnośląskie,93,Choroby wewnętrzne,2023/027282,Rezydencki,80.19,4.31,02.10.2023 20:32:37,25,NIE,,
j-2023,10,21.11.2023,22.11.2023 09:32:30,3,135,Dolnośląskie,94,Choroby wewnętrzne,2023/028363,Rezydencki,79.95,4.19,02.10.2023 19:46:07,25,NIE,,
j-2023,10,21.11.2023,22.11.2023 09:32:30,3,135,Dolnośląskie,95,Choroby wewnętrzne,2023/030477,Rezydencki,79.02,3.61,02.10.2023 20:17:39,25,NIE,,
j-2023,10,21.11.2023,22.11.2023 09:32:30,3,135,Dolnośląskie,96,Choroby wewnętrzne,2023/022135,Rezydencki,78.74,3.75,30.09.2023 18:05:47,25,NIE,,
j-2023,10,21.11.2023,22.11.2023 09:32:30,3,135,Dolnośląskie,97,Choroby wewnętrzne,2023/022679,Rezydencki,78.50,3.95,28.09.2023 11:32:06,25,NIE,,
j-2023,10,21.11.2023,22.11.2023 09:32:30,3,135,Dolnośląskie,98,Choroby wewnętrzne,2023/026742,Rezydencki,76.59,3.37,28.09.2023 20:18:51,25,NIE,,
j-2023,10,21.11.2023,22.11.2023 09:32:30,3,135,Dolnośląskie,99,Choroby wewnętrzne,2023/022767,Rezydencki,75.36,0.00,27.09.2023 20:13:27,25,NIE,,
j-2023,10,21.11.2023,22.11.2023 09:32:30,3,135,Dolnośląskie,100,Choroby wewnętrzne,2023/026918,Pozarezydencki,82.73,4.37,17.10.2023 11:43:13,3,NIE,,
j-2023,10,21.11.2023,22.11.2023 09:32:30,3,135,Dolnośląskie,101,Choroby wewnętrzne,2023/022103,Pozarezydencki,62.62,3.62,29.09.2023 15:25:20,3,NIE,,
j-2023,10,21.11.2023,22.11.2023 09:32:30,3,135,Dolnośląskie,102,Choroby wewnętrzne,2023/028443,Pozarezydencki,56.22,2.98,30.09.2023 13:51:39,3,NIE,,
j-2023,10,21.11.2023,22.11.2023 09:32:30,3,135,Dolnośląskie,103,Choroby zakaźne,2023/027831,Rezydencki,82.86,0.00,07.10.2023 10:26:03,2,NIE,,
j-2023,10,21.11.2023,22.11.2023 09:32:30,3,135,Dolnośląskie,104,Choroby zakaźne,2023/029327,Rezydencki,75.61,3.71,30.09.2023 03:42:29,2,NIE,,
j-2023,10,21.11.2023,22.11.2023 09:32:30,3,135,Dolnośląskie,105,Choroby zakaźne,2023/022216,Pozarezydencki,75.45,4.21,27.09.2023 22:10:53,1,NIE,,
j-2023,10,21.11.2023,22.11.2023 09:32:30,3,135,Dolnośląskie,106,Dermatologia i wenerologia,2023/030263,Rezydencki,92.93,4.50,01.10.2023 23:26:24,1,NIE,,
j-2023,10,21.11.2023,22.11.2023 09:32:30,3,135,Dolnośląskie,107,Endokrynologia,2023/024986,Rezydencki,94.12,3.96,26.09.2023 21:14:32,4,NIE,,
j-2023,10,21.11.2023,22.11.2023 09:32:30,3,135,Dolnośląskie,108,Endokrynologia,2023/024525,Rezydencki,92.40,4.66,26.09.2023 20:12:22,4,NIE,,
j-2023,10,21.11.2023,22.11.2023 09:32:30,3,135,Dolnośląskie,109,Endokrynologia,2023/019750,Rezydencki,92.27,4.38,26.09.2023 11:18:34,4,NIE,,
j-2023,10,21.11.2023,22.11.2023 09:32:30,3,135,Dolnośląskie,110,Endokrynologia,2023/020377,Rezydencki,91.79,4.39,02.10.2023 15:52:01,4,NIE,,
j-2023,10,21.11.2023,22.11.2023 09:32:30,3,135,Dolnośląskie,111,Gastroenterologia,2023/025701,Rezydencki,92.16,4.59,23.10.2023 13:55:10,6,NIE,,
j-2023,10,21.11.2023,22.11.2023 09:32:30,3,135,Dolnośląskie,112,Gastroenterologia,2023/029539,Rezydencki,91.91,4.37,30.09.2023 16:27:08,6,NIE,,
j-2023,10,21.11.2023,22.11.2023 09:32:30,4,135,Dolnośląskie,113,Gastroenterologia,2023/026145,Rezydencki,91.55,4.47,02.10.2023 23:18:23,6,NIE,,
j-2023,10,21.11.2023,22.11.2023 09:32:30,4,135,Dolnośląskie,114,Gastroenterologia,2023/030127,Rezydencki,90.20,3.62,25.10.2023 19:25:18,6,NIE,,
j-2023,10,21.11.2023,22.11.2023 09:32:30,4,135,Dolnośląskie,115,Gastroenterologia,2023/019319,Rezydencki,89.71,4.60,27.09.2023 22:45:57,6,NIE,,
j-2023,10,21.11.2023,22.11.2023 09:32:30,4,135,Dolnośląskie,116,Gastroenterologia,2023/020276,Rezydencki,89.22,4.09,06.09.2023 16:38:49,6,NIE,,
j-2023,10,21.11.2023,22.11.2023 09:32:30,4,135,Dolnośląskie,117,Gastroenterologia dziecięca,2023/026750,Rezydencki,85.29,3.90,29.09.2023 19:47:59,1,NIE,,
j-2023,10,21.11.2023,22.11.2023 09:32:30,4,135,Dolnośląskie,118,Gastroenterologia dziecięca,2023/020674,Pozarezydencki,75.45,0.00,30.09.2023 18:46:39,2,NIE,,
j-2023,10,21.11.2023,22.11.2023 09:32:30,4,135,Dolnośląskie,119,Gastroenterologia dziecięca,2023/025928,Pozarezydencki,70.91,3.17,27.10.2023 13:07:39,2,NIE,,
j-2023,10,21.11.2023,22.11.2023 09:32:30,4,135,Dolnośląskie,120,Genetyka kliniczna,2023/021824,Pozarezydencki,80.23,4.27,28.09.2023 13:02:58,2,NIE,,
j-2023,10,21.11.2023,22.11.2023 09:32:30,4,135,Dolnośląskie,121,Genetyka kliniczna,2023/026249,Pozarezydencki,71.36,0.00,25.09.2023 20:33:24,2,NIE,,
j-2023,10,21.11.2023,22.11.2023 09:32:30,4,135,Dolnośląskie,122,Ginekologia onkologiczna,2023/019397,Pozarezydencki,72.90,4.03,22.10.2023 18:51:22,1,NIE,,
j-2023,10,21.11.2023,22.11.2023 09:32:30,4,135,Dolnośląskie,123,Hematologia,2023/024698,Rezydencki,88.24,3.96,21.09.2023 13:07:09,4,NIE,,
j-2023,10,21.11.2023,22.11.2023 09:32:30,4,135,Dolnośląskie,124,Hematologia,2023/031000,Rezydencki,86.96,4.14,02.10.2023 21:19:33,4,NIE,,
j-2023,10,21.11.2023,22.11.2023 09:32:30,4,135,Dolnośląskie,125,Hematologia,2023/021017,Rezydencki,86.83,4.20,29.09.2023 10:20:17,4,NIE,,
j-2023,10,21.11.2023,22.11.2023 09:32:30,4,135,Dolnośląskie,126,Hematologia,2023/026630,Rezydencki,86.03,4.13,02.10.2023 15:43:51,4,NIE,,
j-2023,10,21.11.2023,22.11.2023 09:32:30,4,135,Dolnośląskie,127,Kardiochirurgia,2023/027854,Pozarezydencki,64.52,3.17,02.10.2023 22:21:14,1,NIE,,
j-2023,10,21.11.2023,22.11.2023 09:32:30,4,135,Dolnośląskie,128,Kardiologia,2023/025105,Rezydencki,93.63,4.81,22.09.2023 19:26:30,18,NIE,,
j-2023,10,21.11.2023,22.11.2023 09:32:30,4,135,Dolnośląskie,129,Kardiologia,2023/019336,Rezydencki,91.42,4.63,18.09.2023 19:30:51,18,NIE,,
j-2023,10,21.11.2023,22.11.2023 09:32:30,4,135,Dolnośląskie,130,Kardiologia,2023/026281,Rezydencki,91.30,4.49,30.09.2023 12:51:26,18,NIE,,
j-2023,10,21.11.2023,22.11.2023 09:32:30,4,135,Dolnośląskie,131,Kardiologia,2023/019578,Rezydencki,90.34,4.40,27.09.2023 17:41:47,18,NIE,,
j-2023,10,21.11.2023,22.11.2023 09:32:30,4,135,Dolnośląskie,132,Kardiologia,2023/024898,Rezydencki,89.76,4.24,29.09.2023 09:45:41,18,NIE,,
j-2023,10,21.11.2023,22.11.2023 09:32:30,4,135,Dolnośląskie,133,Kardiologia,2023/026019,Rezydencki,88.05,4.33,02.10.2023 13:19:34,18,NIE,,
j-2023,10,21.11.2023,22.11.2023 09:32:30,4,135,Dolnośląskie,134,Kardiologia,2023/025370,Rezydencki,87.92,4.34,30.09.2023 15:25:54,18,NIE,,
j-2023,10,21.11.2023,22.11.2023 09:32:30,4,135,Dolnośląskie,135,Kardiologia,2023/020136,Rezydencki,87.44,4.26,23.10.2023 15:25:11,18,NIE,,
j-2023,10,21.11.2023,22.11.2023 09:32:30,4,135,Dolnośląskie,136,Kardiologia,2023/019276,Rezydencki,87.44,4.22,30.09.2023 12:20:34,18,NIE,,
j-2023,10,21.11.2023,22.11.2023 09:32:30,4,135,Dolnośląskie,137,Kardiologia,2023/027316,Rezydencki,86.47,4.41,27.09.2023 16:27:34,18,NIE,,
j-2023,10,21.11.2023,22.11.2023 09:32:30,4,135,Dolnośląskie,138,Kardiologia,2023/029947,Rezydencki,86.47,4.41,27.10.2023 11:41:18,18,NIE,,
j-2023,10,21.11.2023,22.11.2023 09:32:30,4,135,Dolnośląskie,139,Kardiologia,2023/020844,Rezydencki,86.47,4.15,21.09.2023 19:58:45,18,NIE,,
j-2023,10,21.11.2023,22.11.2023 09:32:30,4,135,Dolnośląskie,140,Kardiologia,2023/023488,Rezydencki,85.99,3.71,21.09.2023 19:49:40,18,NIE,,
j-2023,10,21.11.2023,22.11.2023 09:32:30,4,135,Dolnośląskie,141,Kardiologia,2023/029886,Rezydencki,85.85,3.99,02.10.2023 20:12:37,18,NIE,,
j-2023,10,21.11.2023,22.11.2023 09:32:30,4,135,Dolnośląskie,142,Kardiologia,2023/028013,Rezydencki,85.51,4.28,12.10.2023 14:54:44,18,NIE,,
j-2023,10,21.11.2023,22.11.2023 09:32:30,4,135,Dolnośląskie,143,Kardiologia,2023/024139,Rezydencki,85.02,3.71,19.09.2023 18:23:57,18,NIE,,
j-2023,10,21.11.2023,22.11.2023 09:32:30,4,135,Dolnośląskie,144,Kardiologia,2023/030948,Rezydencki,84.88,4.54,02.10.2023 21:07:40,18,NIE,,
j-2023,10,21.11.2023,22.11.2023 09:32:30,4,135,Dolnośląskie,145,Kardiologia,2023/029723,Rezydencki,84.39,3.84,06.10.2023 20:49:34,18,NIE,,
j-2023,10,21.11.2023,22.11.2023 09:32:30,4,135,Dolnośląskie,146,Kardiologia,2023/025672,Pozarezydencki,74.30,3.63,29.09.2023 13:00:14,2,NIE,,
j-2023,10,21.11.2023,22.11.2023 09:32:30,4,135,Dolnośląskie,147,Kardiologia,2023/023428,Pozarezydencki,71.82,4.16,23.10.2023 20:27:39,2,NIE,,
j-2023,10,21.11.2023,22.11.2023 09:32:30,4,135,Dolnośląskie,148,Kardiologia dziecięca,2023/019192,Pozarezydencki,80.93,3.80,02.10.2023 14:21:46,1,NIE,,
j-2023,10,21.11.2023,22.11.2023 09:32:30,4,135,Dolnośląskie,149,Medycyna paliatywna,2023/019370,Rezydencki,65.37,0.00,02.10.2023 11:48:50,2,NIE,,
j-2023,10,21.11.2023,22.11.2023 09:32:30,4,135,Dolnośląskie,150,Medycyna paliatywna,2023/024514,Rezydencki,59.38,3.65,16.10.2023 22:04:01,2,NIE,,
j-2023,10,21.11.2023,22.11.2023 09:32:30,5,135,Dolnośląskie,151,Medycyna paliatywna,2023/021257,Pozarezydencki,80.00,4.06,28.09.2023 19:50:27,3,NIE,,
j-2023,10,21.11.2023,22.11.2023 09:32:30,5,135,Dolnośląskie,152,Medycyna paliatywna,2023/023560,Pozarezydencki,77.73,0.00,29.09.2023 19:19:09,3,NIE,,
j-2023,10,21.11.2023,22.11.2023 09:32:30,5,135,Dolnośląskie,153,Medycyna paliatywna,2023/029781,Pozarezydencki,61.82,4.05,06.11.2023 09:53:33,3,NIE,,
j-2023,10,21.11.2023,22.11.2023 09:32:30,5,135,Dolnośląskie,154,Medycyna pracy,2023/019498,Rezydencki,88.41,4.40,28.09.2023 17:29:06,2,NIE,,
j-2023,10,21.11.2023,22.11.2023 09:32:30,5,135,Dolnośląskie,155,Medycyna pracy,2023/025031,Rezydencki,79.41,3.59,22.09.2023 14:16:09,2,NIE,,
j-2023,10,21.11.2023,22.11.2023 09:32:30,5,135,Dolnośląskie,156,Medycyna pracy,2023/028920,Pozarezydencki,83.09,0.00,31.10.2023 11:08:53,3,NIE,,
j-2023,10,21.11.2023,22.11.2023 09:32:30,5,135,Dolnośląskie,157,Medycyna pracy,2023/023360,Pozarezydencki,80.91,3.98,12.10.2023 09:26:10,3,NIE,,
j-2023,10,21.11.2023,22.11.2023 09:32:30,5,135,Dolnośląskie,158,Medycyna pracy,2023/020644,Pozarezydencki,80.00,4.01,05.10.2023 16:52:37,3,NIE,,
j-2023,10,21.11.2023,22.11.2023 09:32:30,5,135,Dolnośląskie,159,Medycyna ratunkowa,2023/023238,Pozarezydencki,75.45,0.00,17.10.2023 16:28:43,1,NIE,,
j-2023,10,21.11.2023,22.11.2023 09:32:30,5,135,Dolnośląskie,160,Medycyna rodzinna,2023/024531,Rezydencki,89.37,4.70,30.09.2023 22:51:41,43,NIE,,
j-2023,10,21.11.2023,22.11.2023 09:32:30,5,135,Dolnośląskie,161,Medycyna rodzinna,2023/030158,Rezydencki,89.37,4.43,01.10.2023 22:06:52,43,NIE,,
j-2023,10,21.11.2023,22.11.2023 09:32:30,5,135,Dolnośląskie,162,Medycyna rodzinna,2023/021234,Rezydencki,88.73,4.27,02.10.2023 21:20:56,43,NIE,,
j-2023,10,21.11.2023,22.11.2023 09:32:30,5,135,Dolnośląskie,163,Medycyna rodzinna,2023/020199,Rezydencki,88.65,4.51,03.09.2023 15:47:24,43,NIE,,
j-2023,10,21.11.2023,22.11.2023 09:32:30,5,135,Dolnośląskie,164,Medycyna rodzinna,2023/025675,Rezydencki,88.29,4.50,24.09.2023 21:33:44,43,NIE,,
j-2023,10,21.11.2023,22.11.2023 09:32:30,5,135,Dolnośląskie,165,Medycyna rodzinna,2023/029977,Rezydencki,88.24,3.42,01.10.2023 22:32:20,43,NIE,,
j-2023,10,21.11.2023,22.11.2023 09:32:30,5,135,Dolnośląskie,166,Medycyna rodzinna,2023/022228,Rezydencki,87.56,4.26,29.09.2023 11:40:30,43,NIE,,
j-2023,10,21.11.2023,22.11.2023 09:32:30,5,135,Dolnośląskie,167,Medycyna rodzinna,2023/022189,Rezydencki,87.25,4.39,11.09.2023 19:22:48,43,NIE,,
j-2023,10,21.11.2023,22.11.2023 09:32:30,5,135,Dolnośląskie,168,Medycyna rodzinna,2023/021042,Rezydencki,86.96,4.46,02.10.2023 20:16:35,43,NIE,,
j-2023,10,21.11.2023,22.11.2023 09:32:30,5,135,Dolnośląskie,169,Medycyna rodzinna,2023/021195,Rezydencki,86.83,4.37,30.09.2023 12:28:51,43,NIE,,
j-2023,10,21.11.2023,22.11.2023 09:32:30,5,135,Dolnośląskie,170,Medycyna rodzinna,2023/020871,Rezydencki,86.71,4.28,05.09.2023 20:20:11,43,NIE,,
j-2023,10,21.11.2023,22.11.2023 09:32:30,5,135,Dolnośląskie,171,Medycyna rodzinna,2023/026733,Rezydencki,86.47,3.99,01.10.2023 22:17:34,43,NIE,,
j-2023,10,21.11.2023,22.11.2023 09:32:30,5,135,Dolnośląskie,172,Medycyna rodzinna,2023/030472,Rezydencki,86.27,3.99,02.10.2023 14:22:51,43,NIE,,
j-2023,10,21.11.2023,22.11.2023 09:32:30,5,135,Dolnośląskie,173,Medycyna rodzinna,2023/020398,Rezydencki,86.27,3.94,30.09.2023 22:47:50,43,NIE,,
j-2023,10,21.11.2023,22.11.2023 09:32:30,5,135,Dolnośląskie,174,Medycyna rodzinna,2023/023945,Rezydencki,85.99,4.03,01.10.2023 23:48:41,43,NIE,,
j-2023,10,21.11.2023,22.11.2023 09:32:30,5,135,Dolnośląskie,175,Medycyna rodzinna,2023/024280,Rezydencki,85.51,4.03,01.10.2023 00:02:30,43,NIE,,
j-2023,10,21.11.2023,22.11.2023 09:32:30,5,135,Dolnośląskie,176,Medycyna rodzinna,2023/026046,Rezydencki,85.29,3.90,02.10.2023 07:54:55,43,NIE,,
j-2023,10,21.11.2023,22.11.2023 09:32:30,5,135,Dolnośląskie,177,Medycyna rodzinna,2023/021880,Rezydencki,85.29,3.88,02.10.2023 23:04:40,43,NIE,,
j-2023,10,21.11.2023,22.11.2023 09:32:30,5,135,Dolnośląskie,178,Medycyna rodzinna,2023/024638,Rezydencki,85.29,3.71,22.09.2023 11:45:11,43,NIE,,
j-2023,10,21.11.2023,22.11.2023 09:32:30,5,135,Dolnośląskie,179,Medycyna rodzinna,2023/030069,Rezydencki,85.02,4.08,23.10.2023 15:59:20,43,NIE,,
j-2023,10,21.11.2023,22.11.2023 09:32:30,5,135,Dolnośląskie,180,Medycyna rodzinna,2023/022198,Rezydencki,84.88,4.13,28.09.2023 19:08:16,43,NIE,,
j-2023,10,21.11.2023,22.11.2023 09:32:30,5,135,Dolnośląskie,181,Medycyna rodzinna,2023/026685,Rezydencki,84.39,4.60,01.10.2023 22:53:53,43,NIE,,
j-2023,10,21.11.2023,22.11.2023 09:32:30,5,135,Dolnośląskie,182,Medycyna rodzinna,2023/029534,Rezydencki,83.90,3.93,02.10.2023 23:11:09,43,NIE,,
j-2023,10,21.11.2023,22.11.2023 09:32:30,5,135,Dolnośląskie,183,Medycyna rodzinna,2023/024505,Rezydencki,83.58,4.16,27.09.2023 18:13:23,43,NIE,,
j-2023,10,21.11.2023,22.11.2023 09:32:30,5,135,Dolnośląskie,184,Medycyna rodzinna,2023/022585,Rezydencki,83.57,3.92,28.09.2023 17:11:56,43,NIE,,
j-2023,10,21.11.2023,22.11.2023 09:32:30,5,135,Dolnośląskie,185,Medycyna rodzinna,2023/020003,Rezydencki,83.33,4.24,14.09.2023 13:05:31,43,NIE,,
j-2023,10,21.11.2023,22.11.2023 09:32:30,5,135,Dolnośląskie,186,Medycyna rodzinna,2023/027709,Rezydencki,82.93,3.48,27.09.2023 22:02:02,43,NIE,,
j-2023,10,21.11.2023,22.11.2023 09:32:30,5,135,Dolnośląskie,187,Medycyna rodzinna,2023/029599,Rezydencki,82.35,3.85,30.09.2023 18:54:46,43,NIE,,
j-2023,10,21.11.2023,22.11.2023 09:32:30,5,135,Dolnośląskie,188,Medycyna rodzinna,2023/027209,Rezydencki,82.35,3.68,27.09.2023 13:59:03,43,NIE,,
j-2023,10,21.11.2023,22.11.2023 09:32:30,6,135,Dolnośląskie,189,Medycyna rodzinna,2023/023802,Rezydencki,82.11,3.77,30.10.2023 12:33:26,43,NIE,,
j-2023,10,21.11.2023,22.11.2023 09:32:30,6,135,Dolnośląskie,190,Medycyna rodzinna,2023/023514,Rezydencki,81.86,3.39,30.09.2023 23:37:17,43,NIE,,
j-2023,10,21.11.2023,22.11.2023 09:32:30,6,135,Dolnośląskie,191,Medycyna rodzinna,2023/025066,Rezydencki,80.95,3.82,29.09.2023 16:38:21,43,NIE,,
j-2023,10,21.11.2023,22.11.2023 09:32:30,6,135,Dolnośląskie,192,Medycyna rodzinna,2023/030953,Rezydencki,80.68,3.69,20.10.2023 13:37:29,43,NIE,,
j-2023,10,21.11.2023,22.11.2023 09:32:30,6,135,Dolnośląskie,193,Medycyna rodzinna,2023/029494,Rezydencki,80.24,3.29,30.09.2023 14:45:04,43,NIE,,
j-2023,10,21.11.2023,22.11.2023 09:32:30,6,135,Dolnośląskie,194,Medycyna rodzinna,2023/023300,Rezydencki,79.52,3.74,30.09.2023 23:28:14,43,NIE,,
j-2023,10,21.11.2023,22.11.2023 09:32:30,6,135,Dolnośląskie,195,Medycyna rodzinna,2023/028388,Rezydencki,79.02,0.00,29.09.2023 17:13:13,43,NIE,,
j-2023,10,21.11.2023,22.11.2023 09:32:30,6,135,Dolnośląskie,196,Medycyna rodzinna,2023/025755,Rezydencki,78.54,3.76,28.09.2023 21:43:04,43,NIE,,
j-2023,10,21.11.2023,22.11.2023 09:32:30,6,135,Dolnośląskie,197,Medycyna rodzinna,2023/028940,Rezydencki,78.26,0.00,29.09.2023 13:27:19,43,NIE,,
j-2023,10,21.11.2023,22.11.2023 09:32:30,6,135,Dolnośląskie,198,Medycyna rodzinna,2023/028645,Rezydencki,77.56,3.39,27.10.2023 15:08:19,43,NIE,,
j-2023,10,21.11.2023,22.11.2023 09:32:30,6,135,Dolnośląskie,199,Medycyna rodzinna,2023/027806,Rezydencki,76.96,3.88,28.09.2023 00:51:21,43,NIE,,
j-2023,10,21.11.2023,22.11.2023 09:32:30,6,135,Dolnośląskie,200,Medycyna rodzinna,2023/025956,Rezydencki,75.98,3.79,02.10.2023 19:53:29,43,NIE,,
j-2023,10,21.11.2023,22.11.2023 09:32:30,6,135,Dolnośląskie,201,Medycyna rodzinna,2023/026264,Rezydencki,74.63,0.00,24.10.2023 09:05:37,43,NIE,,
j-2023,10,21.11.2023,22.11.2023 09:32:30,6,135,Dolnośląskie,202,Medycyna rodzinna,2023/027248,Rezydencki,70.19,3.38,27.09.2023 14:48:26,43,NIE,,
j-2023,10,21.11.2023,22.11.2023 09:32:30,6,135,Dolnośląskie,203,Medycyna rodzinna,2023/019945,Pozarezydencki,85.55,0.00,30.09.2023 16:40:18,2,NIE,,
j-2023,10,21.11.2023,22.11.2023 09:32:30,6,135,Dolnośląskie,204,Medycyna rodzinna,2023/025256,Pozarezydencki,0.45,4.03,01.10.2023 20:44:19,2,NIE,,
j-2023,10,21.11.2023,22.11.2023 09:32:30,6,135,Dolnośląskie,205,Nefrologia,2023/020590,Rezydencki,91.55,4.74,25.09.2023 13:02:43,5,NIE,,
j-2023,10,21.11.2023,22.11.2023 09:32:30,6,135,Dolnośląskie,206,Nefrologia,2023/028714,Rezydencki,84.39,2.04,30.09.2023 18:33:37,5,NIE,,
j-2023,10,21.11.2023,22.11.2023 09:32:30,6,135,Dolnośląskie,207,Nefrologia,2023/026654,Rezydencki,81.64,4.21,02.10.2023 18:20:21,5,NIE,,
j-2023,10,21.11.2023,22.11.2023 09:32:30,6,135,Dolnośląskie,208,Nefrologia,2023/026330,Rezydencki,79.23,0.00,20.10.2023 12:35:01,5,NIE,,
j-2023,10,21.11.2023,22.11.2023 09:32:30,6,135,Dolnośląskie,209,Nefrologia,2023/028528,Rezydencki,72.06,3.84,28.09.2023 20:51:35,5,NIE,,
j-2023,10,21.11.2023,22.11.2023 09:32:30,6,135,Dolnośląskie,210,Nefrologia dziecięca,2023/020015,Rezydencki,84.39,4.21,02.10.2023 15:35:32,1,NIE,,
j-2023,10,21.11.2023,22.11.2023 09:32:30,6,135,Dolnośląskie,211,Neonatologia,2023/021335,Rezydencki,83.09,3.79,20.10.2023 13:14:27,5,NIE,,
j-2023,10,21.11.2023,22.11.2023 09:32:30,6,135,Dolnośląskie,212,Neonatologia,2023/020823,Rezydencki,82.61,3.64,17.09.2023 12:45:47,5,NIE,,
j-2023,10,21.11.2023,22.11.2023 09:32:30,6,135,Dolnośląskie,213,Neonatologia,2023/021125,Rezydencki,80.98,3.81,28.09.2023 22:51:03,5,NIE,,
j-2023,10,21.11.2023,22.11.2023 09:32:30,6,135,Dolnośląskie,214,Neonatologia,2023/021867,Rezydencki,78.92,4.30,28.09.2023 08:39:32,5,NIE,,
j-2023,10,21.11.2023,22.11.2023 09:32:30,6,135,Dolnośląskie,215,Neonatologia,2023/026516,Rezydencki,67.32,3.67,02.10.2023 15:29:24,5,NIE,,
j-2023,10,21.11.2023,22.11.2023 09:32:30,6,135,Dolnośląskie,216,Neurologia,2023/026820,Rezydencki,90.69,4.50,01.10.2023 19:10:32,13,NIE,,
j-2023,10,21.11.2023,22.11.2023 09:32:30,6,135,Dolnośląskie,217,Neurologia,2023/019283,Rezydencki,89.76,4.16,28.09.2023 14:30:20,13,NIE,,
j-2023,10,21.11.2023,22.11.2023 09:32:30,6,135,Dolnośląskie,218,Neurologia,2023/019455,Rezydencki,89.13,4.37,12.09.2023 17:45:39,13,NIE,,
j-2023,10,21.11.2023,22.11.2023 09:32:30,6,135,Dolnośląskie,219,Neurologia,2023/020093,Rezydencki,88.73,4.36,02.10.2023 22:00:51,13,NIE,,
j-2023,10,21.11.2023,22.11.2023 09:32:30,6,135,Dolnośląskie,220,Neurologia,2023/030074,Rezydencki,88.41,4.40,02.10.2023 22:52:49,13,NIE,,
j-2023,10,21.11.2023,22.11.2023 09:32:30,6,135,Dolnośląskie,221,Neurologia,2023/019193,Rezydencki,87.32,3.99,28.09.2023 20:16:23,13,NIE,,
j-2023,10,21.11.2023,22.11.2023 09:32:30,6,135,Dolnośląskie,222,Neurologia,2023/024842,Rezydencki,87.20,4.50,21.09.2023 20:08:43,13,NIE,,
j-2023,10,21.11.2023,22.11.2023 09:32:30,6,135,Dolnośląskie,223,Neurologia,2023/026357,Rezydencki,86.96,4.01,02.10.2023 23:45:30,13,NIE,,
j-2023,10,21.11.2023,22.11.2023 09:32:30,6,135,Dolnośląskie,224,Neurologia,2023/027614,Rezydencki,86.27,3.64,28.09.2023 14:54:58,13,NIE,,
j-2023,10,21.11.2023,22.11.2023 09:32:30,6,135,Dolnośląskie,225,Neurologia,2023/022496,Rezydencki,85.99,4.19,29.09.2023 11:00:24,13,NIE,,
j-2023,10,21.11.2023,22.11.2023 09:32:30,6,135,Dolnośląskie,226,Neurologia,2023/028493,Rezydencki,85.29,3.61,02.10.2023 14:09:32,13,NIE,,
j-2023,10,21.11.2023,22.11.2023 09:32:30,7,135,Dolnośląskie,227,Neurologia,2023/027791,Rezydencki,84.88,3.52,28.09.2023 19:22:27,13,NIE,,
j-2023,10,21.11.2023,22.11.2023 09:32:30,7,135,Dolnośląskie,228,Neurologia,2023/025022,Rezydencki,84.06,4.14,02.10.2023 10:17:36,13,NIE,,
j-2023,10,21.11.2023,22.11.2023 09:32:30,7,135,Dolnośląskie,229,Neurologia,2023/023105,Pozarezydencki,78.60,4.15,29.09.2023 18:19:55,1,NIE,,
j-2023,10,21.11.2023,22.11.2023 09:32:30,7,135,Dolnośląskie,230,Neurologia dziecięca,2023/026210,Rezydencki,90.73,4.79,27.10.2023 21:30:10,1,NIE,,
j-2023,10,21.11.2023,22.11.2023 09:32:30,7,135,Dolnośląskie,231,Okulistyka,2023/019251,Rezydencki,89.71,4.39,23.10.2023 12:07:00,3,NIE,,
j-2023,10,21.11.2023,22.11.2023 09:32:30,7,135,Dolnośląskie,232,Okulistyka,2023/026410,Rezydencki,89.13,4.07,02.10.2023 23:58:33,3,NIE,,
j-2023,10,21.11.2023,22.11.2023 09:32:30,7,135,Dolnośląskie,233,Okulistyka,2023/025309,Rezydencki,88.89,4.31,22.10.2023 15:26:47,3,NIE,,
j-2023,10,21.11.2023,22.11.2023 09:32:30,7,135,Dolnośląskie,234,Okulistyka,2023/022061,Pozarezydencki,82.79,3.60,02.10.2023 19:11:30,4,NIE,,
j-2023,10,21.11.2023,22.11.2023 09:32:30,7,135,Dolnośląskie,235,Okulistyka,2023/027754,Pozarezydencki,82.26,4.47,30.09.2023 00:54:47,4,NIE,,
j-2023,10,21.11.2023,22.11.2023 09:32:30,7,135,Dolnośląskie,236,Okulistyka,2023/026785,Pozarezydencki,80.84,4.25,30.09.2023 18:54:40,4,NIE,,
j-2023,10,21.11.2023,22.11.2023 09:32:30,7,135,Dolnośląskie,237,Okulistyka,2023/021139,Pozarezydencki,80.37,3.78,19.09.2023 14:00:22,4,NIE,,
j-2023,10,21.11.2023,22.11.2023 09:32:30,7,135,Dolnośląskie,238,Onkologia i hematologia dziecięca,2023/029302,Pozarezydencki,61.82,0.00,01.10.2023 21:08:26,1,NIE,,
j-2023,10,21.11.2023,22.11.2023 09:32:30,7,135,Dolnośląskie,239,Onkologia kliniczna,2023/029732,Rezydencki,87.32,4.61,30.09.2023 22:44:05,11,NIE,,
j-2023,10,21.11.2023,22.11.2023 09:32:30,7,135,Dolnośląskie,240,Onkologia kliniczna,2023/021758,Rezydencki,86.52,4.28,02.10.2023 14:38:19,11,NIE,,
j-2023,10,21.11.2023,22.11.2023 09:32:30,7,135,Dolnośląskie,241,Onkologia kliniczna,2023/029542,Rezydencki,86.27,4.21,02.10.2023 18:20:59,11,NIE,,
j-2023,10,21.11.2023,22.11.2023 09:32:30,7,135,Dolnośląskie,242,Onkologia kliniczna,2023/022342,Rezydencki,85.85,4.16,02.10.2023 16:24:33,11,NIE,,
j-2023,10,21.11.2023,22.11.2023 09:32:30,7,135,Dolnośląskie,243,Onkologia kliniczna,2023/023121,Rezydencki,85.78,4.31,15.09.2023 13:16:01,11,NIE,,
j-2023,10,21.11.2023,22.11.2023 09:32:30,7,135,Dolnośląskie,244,Onkologia kliniczna,2023/022719,Rezydencki,85.29,3.83,22.09.2023 12:06:22,11,NIE,,
j-2023,10,21.11.2023,22.11.2023 09:32:30,7,135,Dolnośląskie,245,Onkologia kliniczna,2023/024020,Rezydencki,84.54,3.83,16.10.2023 16:00:27,11,NIE,,
j-2023,10,21.11.2023,22.11.2023 09:32:30,7,135,Dolnośląskie,246,Onkologia kliniczna,2023/027997,Rezydencki,78.26,3.67,29.09.2023 16:12:31,11,NIE,,
j-2023,10,21.11.2023,22.11.2023 09:32:30,7,135,Dolnośląskie,247,Onkologia kliniczna,2023/027559,Rezydencki,76.10,3.59,02.10.2023 07:59:39,11,NIE,,
j-2023,10,21.11.2023,22.11.2023 09:32:30,7,135,Dolnośląskie,248,Onkologia kliniczna,2023/025792,Rezydencki,67.56,3.93,28.09.2023 10:43:22,11,NIE,,
j-2023,10,21.11.2023,22.11.2023 09:32:30,7,135,Dolnośląskie,249,Onkologia kliniczna,2023/022076,Rezydencki,64.22,3.03,15.09.2023 12:20:28,11,NIE,,
j-2023,10,21.11.2023,22.11.2023 09:32:30,7,135,Dolnośląskie,250,Onkologia kliniczna,2023/021211,Pozarezydencki,75.45,4.27,11.09.2023 19:56:58,2,NIE,,
j-2023,10,21.11.2023,22.11.2023 09:32:30,7,135,Dolnośląskie,251,Onkologia kliniczna,2023/025289,Pozarezydencki,65.89,3.58,23.09.2023 20:23:34,2,NIE,,
j-2023,10,21.11.2023,22.11.2023 09:32:30,7,135,Dolnośląskie,252,Ortodoncja,2023/022391,Rezydencki,91.79,4.56,17.09.2023 21:13:40,7,NIE,,
j-2023,10,21.11.2023,22.11.2023 09:32:30,7,135,Dolnośląskie,253,Ortodoncja,2023/019728,Rezydencki,86.19,4.43,26.10.2023 19:22:14,7,NIE,,
j-2023,10,21.11.2023,22.11.2023 09:32:30,7,135,Dolnośląskie,254,Ortodoncja,2023/019861,Rezydencki,85.51,4.61,07.10.2023 09:00:41,7,NIE,,
j-2023,10,21.11.2023,22.11.2023 09:32:30,7,135,Dolnośląskie,255,Ortodoncja,2023/027115,Rezydencki,85.51,4.41,22.10.2023 12:45:25,7,NIE,,
j-2023,10,21.11.2023,22.11.2023 09:32:30,7,135,Dolnośląskie,256,Ortodoncja,2023/026284,Rezydencki,85.51,4.15,19.10.2023 23:47:37,7,NIE,,
j-2023,10,21.11.2023,22.11.2023 09:32:30,7,135,Dolnośląskie,257,Ortodoncja,2023/025167,Rezydencki,85.48,4.00,01.10.2023 22:09:47,7,NIE,,
j-2023,10,21.11.2023,22.11.2023 09:32:30,7,135,Dolnośląskie,258,Ortodoncja,2023/030339,Rezydencki,85.24,4.18,02.10.2023 08:56:13,7,NIE,,
j-2023,10,21.11.2023,22.11.2023 09:32:30,7,135,Dolnośląskie,259,Ortodoncja,2023/027734,Pozarezydencki,82.49,3.38,27.09.2023 22:24:42,1,NIE,,
j-2023,10,21.11.2023,22.11.2023 09:32:30,7,135,Dolnośląskie,260,Ortopedia i traumatologia narządu ruchu,2023/023195,Rezydencki,91.22,4.29,29.09.2023 11:41:44,15,NIE,,
j-2023,10,21.11.2023,22.11.2023 09:32:30,7,135,Dolnośląskie,261,Ortopedia i traumatologia narządu ruchu,2023/023245,Rezydencki,88.24,3.93,16.09.2023 00:14:09,15,NIE,,
j-2023,10,21.11.2023,22.11.2023 09:32:30,7,135,Dolnośląskie,262,Ortopedia i traumatologia narządu ruchu,2023/023358,Rezydencki,86.76,4.16,02.10.2023 17:05:09,15,NIE,,
j-2023,10,21.11.2023,22.11.2023 09:32:30,7,135,Dolnośląskie,263,Ortopedia i traumatologia narządu ruchu,2023/025836,Rezydencki,86.47,4.33,25.09.2023 10:29:37,15,NIE,,
j-2023,10,21.11.2023,22.11.2023 09:32:30,7,135,Dolnośląskie,264,Ortopedia i traumatologia narządu ruchu,2023/020055,Rezydencki,86.34,4.24,29.09.2023 09:24:31,15,NIE,,
j-2023,10,21.11.2023,22.11.2023 09:32:30,8,135,Dolnośląskie,265,Ortopedia i traumatologia narządu ruchu,2023/021021,Rezydencki,86.27,4.17,06.09.2023 12:02:52,15,NIE,,
j-2023,10,21.11.2023,22.11.2023 09:32:30,8,135,Dolnośląskie,266,Ortopedia i traumatologia narządu ruchu,2023/030624,Rezydencki,85.12,4.08,05.10.2023 11:36:09,15,NIE,,
j-2023,10,21.11.2023,22.11.2023 09:32:30,8,135,Dolnośląskie,267,Ortopedia i traumatologia narządu ruchu,2023/020760,Rezydencki,84.54,4.27,02.10.2023 10:38:24,15,NIE,,
j-2023,10,21.11.2023,22.11.2023 09:32:30,8,135,Dolnośląskie,268,Ortopedia i traumatologia narządu ruchu,2023/023240,Rezydencki,84.54,3.94,20.10.2023 12:42:24,15,NIE,,
j-2023,10,21.11.2023,22.11.2023 09:32:30,8,135,Dolnośląskie,269,Ortopedia i traumatologia narządu ruchu,2023/026734,Rezydencki,84.06,4.41,01.10.2023 17:11:08,15,NIE,,
j-2023,10,21.11.2023,22.11.2023 09:32:30,8,135,Dolnośląskie,270,Ortopedia i traumatologia narządu ruchu,2023/022699,Rezydencki,83.82,4.93,29.09.2023 09:34:15,15,NIE,,
j-2023,10,21.11.2023,22.11.2023 09:32:30,8,135,Dolnośląskie,271,Ortopedia i traumatologia narządu ruchu,2023/023243,Rezydencki,83.41,3.73,28.09.2023 18:14:29,15,NIE,,
j-2023,10,21.11.2023,22.11.2023 09:32:30,8,135,Dolnośląskie,272,Ortopedia i traumatologia narządu ruchu,2023/025055,Rezydencki,82.35,3.54,12.10.2023 12:26:11,15,NIE,,
j-2023,10,21.11.2023,22.11.2023 09:32:30,8,135,Dolnośląskie,273,Ortopedia i traumatologia narządu ruchu,2023/026074,Rezydencki,82.11,3.82,26.09.2023 16:23:55,15,NIE,,
j-2023,10,21.11.2023,22.11.2023 09:32:30,8,135,Dolnośląskie,274,Ortopedia i traumatologia narządu ruchu,2023/025403,Rezydencki,81.95,3.49,01.10.2023 23:44:19,15,NIE,,
j-2023,10,21.11.2023,22.11.2023 09:32:30,8,135,Dolnośląskie,275,Ortopedia i traumatologia narządu ruchu,2023/020040,Pozarezydencki,77.88,3.66,12.09.2023 12:37:27,2,NIE,,
j-2023,10,21.11.2023,22.11.2023 09:32:30,8,135,Dolnośląskie,276,Ortopedia i traumatologia narządu ruchu,2023/029493,Pozarezydencki,59.09,3.53,25.10.2023 11:05:52,2,NIE,,
j-2023,10,21.11.2023,22.11.2023 09:32:30,8,135,Dolnośląskie,277,Otorynolaryngologia,2023/024142,Rezydencki,91.42,4.21,27.09.2023 16:51:50,7,NIE,,
j-2023,10,21.11.2023,22.11.2023 09:32:30,8,135,Dolnośląskie,278,Otorynolaryngologia,2023/027226,Rezydencki,91.22,4.53,29.09.2023 12:24:31,7,NIE,,
j-2023,10,21.11.2023,22.11.2023 09:32:30,8,135,Dolnośląskie,279,Otorynolaryngologia,2023/019820,Rezydencki,89.51,3.92,29.09.2023 14:12:58,7,NIE,,
j-2023,10,21.11.2023,22.11.2023 09:32:30,8,135,Dolnośląskie,280,Otorynolaryngologia,2023/026717,Rezydencki,89.02,4.41,28.09.2023 18:31:07,7,NIE,,
j-2023,10,21.11.2023,22.11.2023 09:32:30,8,135,Dolnośląskie,281,Otorynolaryngologia,2023/019688,Rezydencki,88.24,4.28,25.09.2023 19:01:31,7,NIE,,
j-2023,10,21.11.2023,22.11.2023 09:32:30,8,135,Dolnośląskie,282,Otorynolaryngologia,2023/028242,Rezydencki,87.80,4.14,02.10.2023 12:59:39,7,NIE,,
j-2023,10,21.11.2023,22.11.2023 09:32:30,8,135,Dolnośląskie,283,Otorynolaryngologia,2023/020883,Rezydencki,87.32,4.39,29.09.2023 12:22:23,7,NIE,,
j-2023,10,21.11.2023,22.11.2023 09:32:30,8,135,Dolnośląskie,284,Otorynolaryngologia,2023/027017,Pozarezydencki,80.65,3.86,29.09.2023 11:09:10,1,NIE,,
j-2023,10,21.11.2023,22.11.2023 09:32:30,8,135,Dolnośląskie,285,Otorynolaryngologia dziecięca,2023/020576,Pozarezydencki,65.00,0.00,19.09.2023 10:44:38,1,NIE,,
j-2023,10,21.11.2023,22.11.2023 09:32:30,8,135,Dolnośląskie,286,Pediatria,2023/028171,Rezydencki,90.44,4.49,28.09.2023 14:26:22,18,NIE,,
j-2023,10,21.11.2023,22.11.2023 09:32:30,8,135,Dolnośląskie,287,Pediatria,2023/020315,Rezydencki,90.44,4.46,03.09.2023 23:12:04,18,NIE,,
j-2023,10,21.11.2023,22.11.2023 09:32:30,8,135,Dolnośląskie,288,Pediatria,2023/020691,Rezydencki,89.37,4.49,08.09.2023 18:48:52,18,NIE,,
j-2023,10,21.11.2023,22.11.2023 09:32:30,8,135,Dolnośląskie,289,Pediatria,2023/020433,Rezydencki,89.13,4.51,27.09.2023 17:01:03,18,NIE,,
j-2023,10,21.11.2023,22.11.2023 09:32:30,8,135,Dolnośląskie,290,Pediatria,2023/022629,Rezydencki,88.78,4.47,28.09.2023 22:03:27,18,NIE,,
j-2023,10,21.11.2023,22.11.2023 09:32:30,8,135,Dolnośląskie,291,Pediatria,2023/019805,Rezydencki,88.78,4.45,28.09.2023 15:49:44,18,NIE,,
j-2023,10,21.11.2023,22.11.2023 09:32:30,8,135,Dolnośląskie,292,Pediatria,2023/027265,Rezydencki,88.73,4.36,27.09.2023 15:26:11,18,NIE,,
j-2023,10,21.11.2023,22.11.2023 09:32:30,8,135,Dolnośląskie,293,Pediatria,2023/019458,Rezydencki,87.92,4.51,05.09.2023 14:24:08,18,NIE,,
j-2023,10,21.11.2023,22.11.2023 09:32:30,8,135,Dolnośląskie,294,Pediatria,2023/028793,Rezydencki,87.80,4.11,02.10.2023 12:11:31,18,NIE,,
j-2023,10,21.11.2023,22.11.2023 09:32:30,8,135,Dolnośląskie,295,Pediatria,2023/023934,Rezydencki,87.44,4.26,02.10.2023 00:26:10,18,NIE,,
j-2023,10,21.11.2023,22.11.2023 09:32:30,8,135,Dolnośląskie,296,Pediatria,2023/019723,Rezydencki,86.76,4.46,02.10.2023 21:05:51,18,NIE,,
j-2023,10,21.11.2023,22.11.2023 09:32:30,8,135,Dolnośląskie,297,Pediatria,2023/019979,Rezydencki,86.47,4.39,20.09.2023 21:33:22,18,NIE,,
j-2023,10,21.11.2023,22.11.2023 09:32:30,8,135,Dolnośląskie,298,Pediatria,2023/027250,Rezydencki,86.47,3.55,27.09.2023 15:06:31,18,NIE,,
j-2023,10,21.11.2023,22.11.2023 09:32:30,8,135,Dolnośląskie,299,Pediatria,2023/027375,Rezydencki,86.27,3.86,27.09.2023 17:27:52,18,NIE,,
j-2023,10,21.11.2023,22.11.2023 09:32:30,8,135,Dolnośląskie,300,Pediatria,2023/024221,Rezydencki,85.99,4.59,25.09.2023 21:50:57,18,NIE,,
j-2023,10,21.11.2023,22.11.2023 09:32:30,8,135,Dolnośląskie,301,Pediatria,2023/023882,Rezydencki,85.78,3.51,19.09.2023 20:57:55,18,NIE,,
j-2023,10,21.11.2023,22.11.2023 09:32:30,8,135,Dolnośląskie,302,Pediatria,2023/026246,Rezydencki,85.37,3.73,19.10.2023 14:30:37,18,NIE,,
j-2023,10,21.11.2023,22.11.2023 09:32:30,9,135,Dolnośląskie,303,Pediatria,2023/026353,Rezydencki,85.29,4.08,02.10.2023 23:36:57,18,NIE,,
j-2023,10,21.11.2023,22.11.2023 09:32:30,9,135,Dolnośląskie,304,Pediatria,2023/030942,Pozarezydencki,77.31,4.54,25.10.2023 12:31:16,2,NIE,,
j-2023,10,21.11.2023,22.11.2023 09:32:30,9,135,Dolnośląskie,305,Pediatria,2023/029210,Pozarezydencki,59.72,4.17,30.10.2023 16:56:27,2,NIE,,
j-2023,10,21.11.2023,22.11.2023 09:32:30,9,135,Dolnośląskie,306,Perinatologia,2023/028874,Pozarezydencki,84.55,4.42,28.10.2023 20:25:12,1,NIE,,
j-2023,10,21.11.2023,22.11.2023 09:32:30,9,135,Dolnośląskie,307,Periodontologia,2023/023829,Rezydencki,82.61,4.20,02.10.2023 11:01:13,2,NIE,,
j-2023,10,21.11.2023,22.11.2023 09:32:30,9,135,Dolnośląskie,308,Periodontologia,2023/025269,Rezydencki,82.52,4.17,26.09.2023 16:45:43,2,NIE,,
j-2023,10,21.11.2023,22.11.2023 09:32:30,9,135,Dolnośląskie,309,Położnictwo i ginekologia,2023/026927,Rezydencki,89.37,4.32,23.10.2023 21:32:05,18,NIE,,
j-2023,10,21.11.2023,22.11.2023 09:32:30,9,135,Dolnośląskie,310,Położnictwo i ginekologia,2023/025909,Rezydencki,89.27,4.09,28.09.2023 14:14:15,18,NIE,,
j-2023,10,21.11.2023,22.11.2023 09:32:30,9,135,Dolnośląskie,311,Położnictwo i ginekologia,2023/020392,Rezydencki,89.22,4.29,04.09.2023 11:40:52,18,NIE,,
j-2023,10,21.11.2023,22.11.2023 09:32:30,9,135,Dolnośląskie,312,Położnictwo i ginekologia,2023/024058,Rezydencki,88.41,4.40,19.09.2023 13:22:31,18,NIE,,
j-2023,10,21.11.2023,22.11.2023 09:32:30,9,135,Dolnośląskie,313,Położnictwo i ginekologia,2023/030525,Rezydencki,88.29,4.18,02.10.2023 21:35:48,18,NIE,,
j-2023,10,21.11.2023,22.11.2023 09:32:30,9,135,Dolnośląskie,314,Położnictwo i ginekologia,2023/019883,Rezydencki,87.80,4.28,28.09.2023 21:22:55,18,NIE,,
j-2023,10,21.11.2023,22.11.2023 09:32:30,9,135,Dolnośląskie,315,Położnictwo i ginekologia,2023/021858,Rezydencki,86.96,4.70,26.09.2023 21:12:07,18,NIE,,
j-2023,10,21.11.2023,22.11.2023 09:32:30,9,135,Dolnośląskie,316,Położnictwo i ginekologia,2023/019442,Rezydencki,86.83,4.07,28.09.2023 13:43:09,18,NIE,,
j-2023,10,21.11.2023,22.11.2023 09:32:30,9,135,Dolnośląskie,317,Położnictwo i ginekologia,2023/027372,Rezydencki,86.83,3.79,02.10.2023 20:02:10,18,NIE,,
j-2023,10,21.11.2023,22.11.2023 09:32:30,9,135,Dolnośląskie,318,Położnictwo i ginekologia,2023/030586,Rezydencki,86.47,4.47,02.10.2023 15:08:46,18,NIE,,
j-2023,10,21.11.2023,22.11.2023 09:32:30,9,135,Dolnośląskie,319,Położnictwo i ginekologia,2023/019703,Rezydencki,86.47,4.00,27.09.2023 18:09:14,18,NIE,,
j-2023,10,21.11.2023,22.11.2023 09:32:30,9,135,Dolnośląskie,320,Położnictwo i ginekologia,2023/020492,Rezydencki,86.27,4.17,04.09.2023 16:10:04,18,NIE,,
j-2023,10,21.11.2023,22.11.2023 09:32:30,9,135,Dolnośląskie,321,Położnictwo i ginekologia,2023/020791,Rezydencki,86.27,3.77,28.09.2023 10:59:00,18,NIE,,
j-2023,10,21.11.2023,22.11.2023 09:32:30,9,135,Dolnośląskie,322,Położnictwo i ginekologia,2023/024163,Rezydencki,86.27,3.72,02.10.2023 23:16:43,18,NIE,,
j-2023,10,21.11.2023,22.11.2023 09:32:30,9,135,Dolnośląskie,323,Położnictwo i ginekologia,2023/020585,Rezydencki,85.02,4.25,25.09.2023 16:10:48,18,NIE,,
j-2023,10,21.11.2023,22.11.2023 09:32:30,9,135,Dolnośląskie,324,Położnictwo i ginekologia,2023/022695,Rezydencki,84.88,4.21,30.09.2023 13:03:05,18,NIE,,
j-2023,10,21.11.2023,22.11.2023 09:32:30,9,135,Dolnośląskie,325,Położnictwo i ginekologia,2023/027421,Rezydencki,84.78,3.93,02.10.2023 20:07:55,18,NIE,,
j-2023,10,21.11.2023,22.11.2023 09:32:30,9,135,Dolnośląskie,326,Położnictwo i ginekologia,2023/029345,Rezydencki,83.82,3.92,02.10.2023 14:58:40,18,NIE,,
j-2023,10,21.11.2023,22.11.2023 09:32:30,9,135,Dolnośląskie,327,Położnictwo i ginekologia,2023/019790,Pozarezydencki,73.83,0.00,05.09.2023 14:58:41,2,NIE,,
j-2023,10,21.11.2023,22.11.2023 09:32:30,9,135,Dolnośląskie,328,Położnictwo i ginekologia,2023/030656,Pozarezydencki,69.30,3.62,02.10.2023 16:37:14,2,NIE,,
j-2023,10,21.11.2023,22.11.2023 09:32:30,9,135,Dolnośląskie,329,Protetyka stomatologiczna,2023/020538,Rezydencki,88.89,4.00,17.09.2023 14:45:02,5,NIE,,
j-2023,10,21.11.2023,22.11.2023 09:32:30,9,135,Dolnośląskie,330,Protetyka stomatologiczna,2023/024554,Rezydencki,87.44,4.67,25.09.2023 21:34:51,5,NIE,,
j-2023,10,21.11.2023,22.11.2023 09:32:30,9,135,Dolnośląskie,331,Protetyka stomatologiczna,2023/028741,Rezydencki,86.47,4.43,29.09.2023 01:18:14,5,NIE,,
j-2023,10,21.11.2023,22.11.2023 09:32:30,9,135,Dolnośląskie,332,Protetyka stomatologiczna,2023/022256,Rezydencki,82.04,3.49,06.10.2023 08:36:47,5,NIE,,
j-2023,10,21.11.2023,22.11.2023 09:32:30,9,135,Dolnośląskie,333,Protetyka stomatologiczna,2023/028319,Rezydencki,81.82,4.39,28.09.2023 18:18:28,5,NIE,,
j-2023,10,21.11.2023,22.11.2023 09:32:30,9,135,Dolnośląskie,334,Psychiatria,2023/022592,Rezydencki,93.38,4.62,29.09.2023 14:45:45,13,NIE,,
j-2023,10,21.11.2023,22.11.2023 09:32:30,9,135,Dolnośląskie,335,Psychiatria,2023/025929,Rezydencki,90.82,4.29,25.09.2023 12:49:25,13,NIE,,
j-2023,10,21.11.2023,22.11.2023 09:32:30,9,135,Dolnośląskie,336,Psychiatria,2023/030718,Rezydencki,89.86,4.34,02.10.2023 22:49:12,13,NIE,,
j-2023,10,21.11.2023,22.11.2023 09:32:30,9,135,Dolnośląskie,337,Psychiatria,2023/019571,Rezydencki,89.27,3.84,01.10.2023 19:45:14,13,NIE,,
j-2023,10,21.11.2023,22.11.2023 09:32:30,9,135,Dolnośląskie,338,Psychiatria,2023/021520,Rezydencki,88.89,4.33,02.10.2023 19:03:03,13,NIE,,
j-2023,10,21.11.2023,22.11.2023 09:32:30,9,135,Dolnośląskie,339,Psychiatria,2023/023142,Rezydencki,88.41,4.56,15.09.2023 14:02:31,13,NIE,,
j-2023,10,21.11.2023,22.11.2023 09:32:30,9,135,Dolnośląskie,340,Psychiatria,2023/021521,Rezydencki,88.24,4.09,02.10.2023 18:59:39,13,NIE,,
j-2023,10,21.11.2023,22.11.2023 09:32:30,10,135,Dolnośląskie,341,Psychiatria,2023/025007,Rezydencki,87.44,4.46,22.09.2023 13:36:27,13,NIE,,
j-2023,10,21.11.2023,22.11.2023 09:32:30,10,135,Dolnośląskie,342,Psychiatria,2023/019218,Rezydencki,87.44,4.04,28.09.2023 13:47:31,13,NIE,,
j-2023,10,21.11.2023,22.11.2023 09:32:30,10,135,Dolnośląskie,343,Psychiatria,2023/029192,Rezydencki,87.32,3.67,29.09.2023 20:25:06,13,NIE,,
j-2023,10,21.11.2023,22.11.2023 09:32:30,10,135,Dolnośląskie,344,Psychiatria,2023/019260,Rezydencki,86.83,4.36,28.09.2023 14:40:08,13,NIE,,
j-2023,10,21.11.2023,22.11.2023 09:32:30,10,135,Dolnośląskie,345,Psychiatria,2023/021908,Rezydencki,86.76,4.21,10.09.2023 17:51:19,13,NIE,,
j-2023,10,21.11.2023,22.11.2023 09:32:30,10,135,Dolnośląskie,346,Psychiatria,2023/025399,Rezydencki,86.71,4.52,29.09.2023 16:48:09,13,NIE,,
j-2023,10,21.11.2023,22.11.2023 09:32:30,10,135,Dolnośląskie,347,Psychiatria,2023/024035,Pozarezydencki,82.03,3.97,19.09.2023 12:57:21,7,NIE,,
j-2023,10,21.11.2023,22.11.2023 09:32:30,10,135,Dolnośląskie,348,Psychiatria,2023/019340,Pozarezydencki,82.01,4.26,25.09.2023 20:23:36,7,NIE,,
j-2023,10,21.11.2023,22.11.2023 09:32:30,10,135,Dolnośląskie,349,Psychiatria,2023/023895,Pozarezydencki,80.65,3.84,27.09.2023 18:43:13,7,NIE,,
j-2023,10,21.11.2023,22.11.2023 09:32:30,10,135,Dolnośląskie,350,Psychiatria,2023/027355,Pozarezydencki,79.09,4.22,18.10.2023 10:26:10,7,NIE,,
j-2023,10,21.11.2023,22.11.2023 09:32:30,10,135,Dolnośląskie,351,Psychiatria,2023/028895,Pozarezydencki,76.74,3.24,29.09.2023 13:16:18,7,NIE,,
j-2023,10,21.11.2023,22.11.2023 09:32:30,10,135,Dolnośląskie,352,Psychiatria,2023/019484,Pozarezydencki,73.49,4.23,28.09.2023 13:57:41,7,NIE,,
j-2023,10,21.11.2023,22.11.2023 09:32:30,10,135,Dolnośląskie,353,Psychiatria,2023/029338,Pozarezydencki,71.96,2.93,13.10.2023 16:14:16,7,NIE,,
j-2023,10,21.11.2023,22.11.2023 09:32:30,10,135,Dolnośląskie,354,Psychiatria dzieci i młodzieży,2023/020131,Rezydencki,88.24,4.26,29.09.2023 18:32:12,4,NIE,,
j-2023,10,21.11.2023,22.11.2023 09:32:30,10,135,Dolnośląskie,355,Psychiatria dzieci i młodzieży,2023/029773,Rezydencki,86.83,3.40,02.10.2023 21:31:00,4,NIE,,
j-2023,10,21.11.2023,22.11.2023 09:32:30,10,135,Dolnośląskie,356,Psychiatria dzieci i młodzieży,2023/019814,Rezydencki,86.47,4.39,28.09.2023 12:35:01,4,NIE,,
j-2023,10,21.11.2023,22.11.2023 09:32:30,10,135,Dolnośląskie,357,Psychiatria dzieci i młodzieży,2023/025320,Rezydencki,86.27,4.44,28.09.2023 23:20:18,4,NIE,,
j-2023,10,21.11.2023,22.11.2023 09:32:30,10,135,Dolnośląskie,358,Psychiatria dzieci i młodzieży,2023/021720,Pozarezydencki,73.61,3.95,17.10.2023 22:49:17,2,NIE,,
j-2023,10,21.11.2023,22.11.2023 09:32:30,10,135,Dolnośląskie,359,Psychiatria dzieci i młodzieży,2023/028069,Pozarezydencki,70.91,4.22,30.09.2023 19:47:32,2,NIE,,
j-2023,10,21.11.2023,22.11.2023 09:32:30,10,135,Dolnośląskie,360,Radiologia i diagnostyka obrazowa,2023/019717,Rezydencki,91.71,4.41,28.09.2023 15:56:22,14,NIE,,
j-2023,10,21.11.2023,22.11.2023 09:32:30,10,135,Dolnośląskie,361,Radiologia i diagnostyka obrazowa,2023/025244,Rezydencki,90.49,3.87,26.10.2023 19:35:17,14,NIE,,
j-2023,10,21.11.2023,22.11.2023 09:32:30,10,135,Dolnośląskie,362,Radiologia i diagnostyka obrazowa,2023/023028,Rezydencki,89.27,4.20,28.09.2023 16:17:46,14,NIE,,
j-2023,10,21.11.2023,22.11.2023 09:32:30,10,135,Dolnośląskie,363,Radiologia i diagnostyka obrazowa,2023/025391,Rezydencki,88.73,4.21,02.10.2023 21:15:56,14,NIE,,
j-2023,10,21.11.2023,22.11.2023 09:32:30,10,135,Dolnośląskie,364,Radiologia i diagnostyka obrazowa,2023/028738,Rezydencki,88.65,4.34,30.09.2023 23:54:11,14,NIE,,
j-2023,10,21.11.2023,22.11.2023 09:32:30,10,135,Dolnośląskie,365,Radiologia i diagnostyka obrazowa,2023/024816,Rezydencki,88.41,4.28,21.09.2023 18:32:08,14,NIE,,
j-2023,10,21.11.2023,22.11.2023 09:32:30,10,135,Dolnośląskie,366,Radiologia i diagnostyka obrazowa,2023/029460,Rezydencki,88.29,4.24,02.10.2023 23:22:30,14,NIE,,
j-2023,10,21.11.2023,22.11.2023 09:32:30,10,135,Dolnośląskie,367,Radiologia i diagnostyka obrazowa,2023/026718,Rezydencki,88.24,4.17,02.10.2023 23:52:05,14,NIE,,
j-2023,10,21.11.2023,22.11.2023 09:32:30,10,135,Dolnośląskie,368,Radiologia i diagnostyka obrazowa,2023/021814,Rezydencki,87.80,4.04,02.10.2023 20:54:07,14,NIE,,
j-2023,10,21.11.2023,22.11.2023 09:32:30,10,135,Dolnośląskie,369,Radiologia i diagnostyka obrazowa,2023/021951,Rezydencki,87.75,4.03,13.10.2023 13:27:25,14,NIE,,
j-2023,10,21.11.2023,22.11.2023 09:32:30,10,135,Dolnośląskie,370,Radiologia i diagnostyka obrazowa,2023/022683,Rezydencki,87.68,4.53,13.09.2023 15:08:38,14,NIE,,
j-2023,10,21.11.2023,22.11.2023 09:32:30,10,135,Dolnośląskie,371,Radiologia i diagnostyka obrazowa,2023/019252,Rezydencki,87.44,4.67,02.10.2023 19:04:54,14,NIE,,
j-2023,10,21.11.2023,22.11.2023 09:32:30,10,135,Dolnośląskie,372,Radiologia i diagnostyka obrazowa,2023/028722,Rezydencki,87.32,3.81,02.10.2023 17:16:35,14,NIE,,
j-2023,10,21.11.2023,22.11.2023 09:32:30,10,135,Dolnośląskie,373,Radiologia i diagnostyka obrazowa,2023/022400,Rezydencki,86.96,4.08,12.09.2023 13:36:12,14,NIE,,
j-2023,10,21.11.2023,22.11.2023 09:32:30,10,135,Dolnośląskie,374,Radiologia i diagnostyka obrazowa,2023/029932,Pozarezydencki,80.65,4.12,02.10.2023 23:31:57,1,NIE,,
j-2023,10,21.11.2023,22.11.2023 09:32:30,10,135,Dolnośląskie,375,Radioterapia onkologiczna,2023/030703,Rezydencki,87.75,4.07,02.10.2023 17:22:38,2,NIE,,
j-2023,10,21.11.2023,22.11.2023 09:32:30,10,135,Dolnośląskie,376,Radioterapia onkologiczna,2023/025615,Rezydencki,84.88,4.17,28.09.2023 16:58:23,2,NIE,,
j-2023,10,21.11.2023,22.11.2023 09:32:30,10,135,Dolnośląskie,377,Rehabilitacja medyczna,2023/028371,Rezydencki,80.19,4.17,30.09.2023 23:41:52,3,NIE,,
j-2023,10,21.11.2023,22.11.2023 09:32:30,10,135,Dolnośląskie,378,Rehabilitacja medyczna,2023/021685,Rezydencki,74.02,4.81,26.09.2023 21:41:18,3,NIE,,
j-2023,10,21.11.2023,22.11.2023 09:32:30,11,135,Dolnośląskie,379,Rehabilitacja medyczna,2023/025644,Rezydencki,71.71,0.00,24.09.2023 20:13:10,3,NIE,,
j-2023,10,21.11.2023,22.11.2023 09:32:30,11,135,Dolnośląskie,380,Rehabilitacja medyczna,2023/021593,Pozarezydencki,66.36,0.00,06.10.2023 12:27:34,2,NIE,,
j-2023,10,21.11.2023,22.11.2023 09:32:30,11,135,Dolnośląskie,381,Rehabilitacja medyczna,2023/027818,Pozarezydencki,63.64,4.61,28.09.2023 23:10:14,2,NIE,,
j-2023,10,21.11.2023,22.11.2023 09:32:30,11,135,Dolnośląskie,382,Reumatologia,2023/026576,Rezydencki,90.69,4.67,27.09.2023 22:29:24,1,NIE,,
j-2023,10,21.11.2023,22.11.2023 09:32:30,11,135,Dolnośląskie,383,Reumatologia,2023/029756,Pozarezydencki,80.00,4.74,27.10.2023 13:31:49,1,NIE,,
j-2023,10,21.11.2023,22.11.2023 09:32:30,11,135,Dolnośląskie,384,Stomatologia dziecięca,2023/024176,Rezydencki,84.06,3.92,19.10.2023 22:36:40,4,NIE,,
j-2023,10,21.11.2023,22.11.2023 09:32:30,11,135,Dolnośląskie,385,Stomatologia dziecięca,2023/029154,Rezydencki,82.04,0.00,23.10.2023 10:32:47,4,NIE,,
j-2023,10,21.11.2023,22.11.2023 09:32:30,11,135,Dolnośląskie,386,Stomatologia dziecięca,2023/020258,Rezydencki,80.77,4.20,03.09.2023 19:42:37,4,NIE,,
j-2023,10,21.11.2023,22.11.2023 09:32:30,11,135,Dolnośląskie,387,Stomatologia dziecięca,2023/026693,Rezydencki,80.58,3.87,29.09.2023 21:42:56,4,NIE,,
j-2023,10,21.11.2023,22.11.2023 09:32:30,11,135,Dolnośląskie,388,Stomatologia zachowawcza z endodoncją,2023/020475,Rezydencki,81.43,4.21,25.09.2023 17:48:11,3,NIE,,
j-2023,10,21.11.2023,22.11.2023 09:32:30,11,135,Dolnośląskie,389,Stomatologia zachowawcza z endodoncją,2023/024895,Rezydencki,80.68,3.66,26.09.2023 17:11:15,3,NIE,,
j-2023,10,21.11.2023,22.11.2023 09:32:30,11,135,Dolnośląskie,390,Stomatologia zachowawcza z endodoncją,2023/026286,Rezydencki,70.19,3.84,11.10.2023 21:50:06,3,NIE,,
j-2023,10,21.11.2023,22.11.2023 09:32:30,11,135,Dolnośląskie,391,Transplantologia kliniczna,2023/024580,Pozarezydencki,95.45,4.07,05.11.2023 22:49:47,3,NIE,,
j-2023,10,21.11.2023,22.11.2023 09:32:30,11,135,Dolnośląskie,392,Transplantologia kliniczna,2023/025980,Pozarezydencki,76.82,0.00,25.09.2023 15:32:29,3,NIE,,
j-2023,10,21.11.2023,22.11.2023 09:32:30,11,135,Dolnośląskie,393,Transplantologia kliniczna,2023/028274,Pozarezydencki,72.35,3.88,25.10.2023 14:36:30,3,NIE,,
j-2023,10,21.11.2023,22.11.2023 09:32:30,11,135,Dolnośląskie,394,Urologia,2023/026859,Rezydencki,89.02,4.40,02.10.2023 23:02:46,2,NIE,,
j-2023,10,21.11.2023,22.11.2023 09:32:30,11,135,Dolnośląskie,395,Urologia,2023/024641,Rezydencki,87.50,4.17,30.09.2023 16:42:24,2,NIE,,
j-2023,10,21.11.2023,22.11.2023 09:32:30,11,135,Dolnośląskie,396,Zdrowie publiczne,2023/027582,Pozarezydencki,63.01,2.96,30.09.2023 10:45:23,1,NIE,,
j-2023,10,21.11.2023,22.11.2023 09:32:30,11,135,Dolnośląskie,1,Ortodoncja,2023/021436,Rezydencki,84.06,4.03,21.09.2023 16:21:16,1,TAK,"""STOMATOLOGICZNE CENTRUM TRANSFERU TECHNOLOGII"" SPÓŁKA Z OGRANICZONĄ ODPOWIEDZIALNOŚCIĄ",NZOZ Akademicka Poliklinika Stomatologiczna Poradnia Ortodoncji
j-2023,10,21.11.2023,22.11.2023 09:32:30,11,135,Dolnośląskie,1,Radiologia i diagnostyka obrazowa,2023/019900,Rezydencki,86.71,4.47,04.09.2023 20:05:20,1,TAK,Uniwersytecki Szpital Kliniczny im. Jana Mikulicza-Radeckiego we Wrocławiu,"Zakład Radiologii Ogólnej, Zabiegowej i Neuroradiologii"
j-2023,10,21.11.2023,22.11.2023 09:32:30,11,135,Dolnośląskie,1,Reumatologia,2023/019564,Rezydencki,89.61,3.91,02.10.2023 23:04:03,1,TAK,Uniwersytecki Szpital Kliniczny im. Jana Mikulicza-Radeckiego we Wrocławiu,Klinika Reumatologii i Chorób Wewnętrznych
j-2023,10,21.11.2023,22.11.2023 09:32:30,11,135,Dolnośląskie,1,Choroby wewnętrzne,2023/028576,Rezydencki,74.88,3.50,30.09.2023 07:23:38,1,TAK,Uniwersytecki Szpital Kliniczny im. Jana Mikulicza-Radeckiego we Wrocławiu,Klinika Nefrologii i Medycyny Transplantacyjnej
j-2023,10,21.11.2023,22.11.2023 09:32:30,12,135,Dolnośląskie,1,Dermatologia i wenerologia,2023/021689,Rezydencki,91.91,4.20,13.09.2023 12:24:28,1,TAK,SMKSystem Monitorowania Kształcenia,"Pracowników Medycznych Status dokumentu Opublikowanie wyników Uniwersytecki Szpital Kliniczny im. Jana Mikulicza-Radeckiego we Wrocławiu Klinika Dermatologii, Wenerologii i Alergologii"
j-2023,10,21.11.2023,22.11.2023 09:32:30,12,135,Kujawsko-pomorskie,1,Alergologia,2023/030258,Rezydencki,88.05,4.03,01.10.2023 23:18:55,1,NIE,,
j-2023,10,21.11.2023,22.11.2023 09:32:30,12,135,Kujawsko-pomorskie,2,Alergologia,2023/026622,Pozarezydencki,80.00,4.49,28.09.2023 13:04:22,3,NIE,,
j-2023,10,21.11.2023,22.11.2023 09:32:30,12,135,Kujawsko-pomorskie,3,Alergologia,2023/028076,Pozarezydencki,80.00,4.19,28.09.2023 12:58:34,3,NIE,,
j-2023,10,21.11.2023,22.11.2023 09:32:30,12,135,Kujawsko-pomorskie,4,Alergologia,2023/025142,Pozarezydencki,77.95,4.43,22.09.2023 21:23:46,3,NIE,,
j-2023,10,21.11.2023,22.11.2023 09:32:30,12,135,Kujawsko-pomorskie,5,Anestezjologia i intensywna terapia,2023/024463,Rezydencki,89.86,4.64,20.09.2023 17:59:22,13,NIE,,
j-2023,10,21.11.2023,22.11.2023 09:32:30,12,135,Kujawsko-pomorskie,6,Anestezjologia i intensywna terapia,2023/023752,Rezydencki,89.37,4.63,27.09.2023 15:14:03,13,NIE,,
j-2023,10,21.11.2023,22.11.2023 09:32:30,12,135,Kujawsko-pomorskie,7,Anestezjologia i intensywna terapia,2023/024763,Rezydencki,86.96,4.40,21.09.2023 15:59:30,13,NIE,,
j-2023,10,21.11.2023,22.11.2023 09:32:30,12,135,Kujawsko-pomorskie,8,Anestezjologia i intensywna terapia,2023/029797,Rezydencki,86.96,4.23,01.10.2023 08:27:52,13,NIE,,
j-2023,10,21.11.2023,22.11.2023 09:32:30,12,135,Kujawsko-pomorskie,9,Anestezjologia i intensywna terapia,2023/019736,Rezydencki,86.47,3.76,01.09.2023 14:36:30,13,NIE,,
j-2023,10,21.11.2023,22.11.2023 09:32:30,12,135,Kujawsko-pomorskie,10,Anestezjologia i intensywna terapia,2023/023890,Rezydencki,85.51,3.72,18.09.2023 20:35:39,13,NIE,,
j-2023,10,21.11.2023,22.11.2023 09:32:30,12,135,Kujawsko-pomorskie,11,Anestezjologia i intensywna terapia,2023/024215,Rezydencki,85.51,2.95,19.09.2023 20:33:46,13,NIE,,
j-2023,10,21.11.2023,22.11.2023 09:32:30,12,135,Kujawsko-pomorskie,12,Anestezjologia i intensywna terapia,2023/022892,Rezydencki,85.37,3.55,29.09.2023 09:56:18,13,NIE,,
j-2023,10,21.11.2023,22.11.2023 09:32:30,12,135,Kujawsko-pomorskie,13,Anestezjologia i intensywna terapia,2023/021492,Rezydencki,85.02,4.22,17.10.2023 15:39:28,13,NIE,,
j-2023,10,21.11.2023,22.11.2023 09:32:30,12,135,Kujawsko-pomorskie,14,Anestezjologia i intensywna terapia,2023/019292,Rezydencki,85.02,3.84,02.10.2023 13:32:28,13,NIE,,
j-2023,10,21.11.2023,22.11.2023 09:32:30,12,135,Kujawsko-pomorskie,15,Anestezjologia i intensywna terapia,2023/020916,Rezydencki,85.02,3.65,05.09.2023 22:34:11,13,NIE,,
j-2023,10,21.11.2023,22.11.2023 09:32:30,12,135,Kujawsko-pomorskie,16,Anestezjologia i intensywna terapia,2023/022462,Rezydencki,84.88,3.93,28.09.2023 10:51:29,13,NIE,,
j-2023,10,21.11.2023,22.11.2023 09:32:30,12,135,Kujawsko-pomorskie,17,Anestezjologia i intensywna terapia,2023/020810,Rezydencki,84.54,3.92,05.09.2023 16:43:09,13,NIE,,
j-2023,10,21.11.2023,22.11.2023 09:32:30,12,135,Kujawsko-pomorskie,18,Anestezjologia i intensywna terapia,2023/030233,Pozarezydencki,73.49,3.24,02.10.2023 00:30:32,1,NIE,,
j-2023,10,21.11.2023,22.11.2023 09:32:30,12,135,Kujawsko-pomorskie,19,Angiologia,2023/027197,Rezydencki,86.03,3.98,29.09.2023 11:26:40,1,NIE,,
j-2023,10,21.11.2023,22.11.2023 09:32:30,12,135,Kujawsko-pomorskie,20,Angiologia,2023/023693,Pozarezydencki,75.45,3.80,30.09.2023 11:03:33,3,NIE,,
j-2023,10,21.11.2023,22.11.2023 09:32:30,12,135,Kujawsko-pomorskie,21,Angiologia,2023/026471,Pozarezydencki,63.64,0.00,19.10.2023 14:25:24,3,NIE,,
j-2023,10,21.11.2023,22.11.2023 09:32:30,12,135,Kujawsko-pomorskie,22,Angiologia,2023/022023,Pozarezydencki,57.34,3.41,11.09.2023 10:36:59,3,NIE,,
j-2023,10,21.11.2023,22.11.2023 09:32:30,12,135,Kujawsko-pomorskie,23,Audiologia i foniatria,2023/024837,Pozarezydencki,79.09,0.00,26.10.2023 22:38:26,2,NIE,,
j-2023,10,21.11.2023,22.11.2023 09:32:30,12,135,Kujawsko-pomorskie,24,Audiologia i foniatria,2023/028856,Pozarezydencki,67.82,0.00,25.10.2023 14:45:26,2,NIE,,
j-2023,10,21.11.2023,22.11.2023 09:32:30,12,135,Kujawsko-pomorskie,25,Balneologia i medycyna fizykalna,2023/024583,Pozarezydencki,95.45,0.00,17.10.2023 14:03:32,4,NIE,,
j-2023,10,21.11.2023,22.11.2023 09:32:30,12,135,Kujawsko-pomorskie,26,Balneologia i medycyna fizykalna,2023/030285,Pozarezydencki,80.18,3.79,25.10.2023 21:18:25,4,NIE,,
j-2023,10,21.11.2023,22.11.2023 09:32:30,12,135,Kujawsko-pomorskie,27,Balneologia i medycyna fizykalna,2023/026883,Pozarezydencki,80.00,3.64,26.09.2023 20:48:59,4,NIE,,
j-2023,10,21.11.2023,22.11.2023 09:32:30,12,135,Kujawsko-pomorskie,28,Balneologia i medycyna fizykalna,2023/028428,Pozarezydencki,80.00,0.00,20.10.2023 12:59:47,4,NIE,,
j-2023,10,21.11.2023,22.11.2023 09:32:30,12,135,Kujawsko-pomorskie,29,Chirurgia dziecięca,2023/027200,Rezydencki,89.86,4.57,30.09.2023 17:42:38,2,NIE,,
j-2023,10,21.11.2023,22.11.2023 09:32:30,12,135,Kujawsko-pomorskie,30,Chirurgia dziecięca,2023/023329,Rezydencki,85.75,4.29,30.09.2023 21:10:09,2,NIE,,
j-2023,10,21.11.2023,22.11.2023 09:32:30,12,135,Kujawsko-pomorskie,31,Chirurgia klatki piersiowej,2023/021711,Pozarezydencki,80.00,0.00,11.10.2023 18:45:28,1,NIE,,
j-2023,10,21.11.2023,22.11.2023 09:32:30,12,135,Kujawsko-pomorskie,32,Chirurgia naczyniowa,2023/019846,Pozarezydencki,85.12,3.86,27.09.2023 17:56:27,2,NIE,,
j-2023,10,21.11.2023,22.11.2023 09:32:30,12,135,Kujawsko-pomorskie,33,Chirurgia naczyniowa,2023/024255,Pozarezydencki,70.91,4.10,16.10.2023 10:48:10,2,NIE,,
j-2023,10,21.11.2023,22.11.2023 09:32:30,12,135,Kujawsko-pomorskie,34,Chirurgia ogólna,2023/021435,Rezydencki,89.86,4.43,21.09.2023 12:12:40,16,NIE,,
j-2023,10,21.11.2023,22.11.2023 09:32:30,12,135,Kujawsko-pomorskie,35,Chirurgia ogólna,2023/019879,Rezydencki,86.47,4.41,01.09.2023 19:51:14,16,NIE,,
j-2023,10,21.11.2023,22.11.2023 09:32:30,13,135,Kujawsko-pomorskie,36,Chirurgia ogólna,2023/019739,Rezydencki,86.23,4.26,01.09.2023 15:20:10,16,NIE,,
j-2023,10,21.11.2023,22.11.2023 09:32:30,13,135,Kujawsko-pomorskie,37,Chirurgia ogólna,2023/028209,Rezydencki,85.99,4.09,29.09.2023 19:12:29,16,NIE,,
j-2023,10,21.11.2023,22.11.2023 09:32:30,13,135,Kujawsko-pomorskie,38,Chirurgia ogólna,2023/020021,Rezydencki,84.80,3.72,02.09.2023 16:45:37,16,NIE,,
j-2023,10,21.11.2023,22.11.2023 09:32:30,13,135,Kujawsko-pomorskie,39,Chirurgia ogólna,2023/027615,Rezydencki,84.54,4.36,12.10.2023 23:55:39,16,NIE,,
j-2023,10,21.11.2023,22.11.2023 09:32:30,13,135,Kujawsko-pomorskie,40,Chirurgia ogólna,2023/027762,Rezydencki,83.90,3.77,01.10.2023 21:52:43,16,NIE,,
j-2023,10,21.11.2023,22.11.2023 09:32:30,13,135,Kujawsko-pomorskie,41,Chirurgia ogólna,2023/030763,Rezydencki,83.57,3.91,02.10.2023 18:25:10,16,NIE,,
j-2023,10,21.11.2023,22.11.2023 09:32:30,13,135,Kujawsko-pomorskie,42,Chirurgia ogólna,2023/028992,Rezydencki,83.41,3.69,02.10.2023 21:33:54,16,NIE,,
j-2023,10,21.11.2023,22.11.2023 09:32:30,13,135,Kujawsko-pomorskie,43,Chirurgia ogólna,2023/021971,Rezydencki,82.61,3.74,27.09.2023 23:01:53,16,NIE,,
j-2023,10,21.11.2023,22.11.2023 09:32:30,13,135,Kujawsko-pomorskie,44,Chirurgia ogólna,2023/024802,Rezydencki,81.37,4.85,23.10.2023 10:51:33,16,NIE,,
j-2023,10,21.11.2023,22.11.2023 09:32:30,13,135,Kujawsko-pomorskie,45,Chirurgia ogólna,2023/020020,Rezydencki,76.59,3.80,27.09.2023 17:25:58,16,NIE,,
j-2023,10,21.11.2023,22.11.2023 09:32:30,13,135,Kujawsko-pomorskie,46,Chirurgia ogólna,2023/027314,Rezydencki,76.33,3.36,27.09.2023 16:23:47,16,NIE,,
j-2023,10,21.11.2023,22.11.2023 09:32:30,13,135,Kujawsko-pomorskie,47,Chirurgia ogólna,2023/019665,Rezydencki,75.85,3.97,04.09.2023 19:02:57,16,NIE,,
j-2023,10,21.11.2023,22.11.2023 09:32:30,13,135,Kujawsko-pomorskie,48,Chirurgia ogólna,2023/023489,Rezydencki,75.36,3.24,28.09.2023 16:41:12,16,NIE,,
j-2023,10,21.11.2023,22.11.2023 09:32:30,13,135,Kujawsko-pomorskie,49,Chirurgia ogólna,2023/030009,Rezydencki,70.05,3.71,01.10.2023 19:15:02,16,NIE,,
j-2023,10,21.11.2023,22.11.2023 09:32:30,13,135,Kujawsko-pomorskie,50,Chirurgia szczękowo-twarzowa,2023/020718,Rezydencki,83.90,0.00,19.10.2023 11:09:01,1,NIE,,
j-2023,10,21.11.2023,22.11.2023 09:32:30,13,135,Kujawsko-pomorskie,51,Choroby płuc,2023/029196,Rezydencki,85.02,4.05,02.10.2023 23:27:58,3,NIE,,
j-2023,10,21.11.2023,22.11.2023 09:32:30,13,135,Kujawsko-pomorskie,52,Choroby płuc,2023/025589,Rezydencki,84.39,4.00,30.09.2023 20:00:59,3,NIE,,
j-2023,10,21.11.2023,22.11.2023 09:32:30,13,135,Kujawsko-pomorskie,53,Choroby płuc,2023/027957,Rezydencki,80.68,4.10,30.09.2023 18:59:35,3,NIE,,
j-2023,10,21.11.2023,22.11.2023 09:32:30,13,135,Kujawsko-pomorskie,54,Choroby płuc,2023/023803,Pozarezydencki,73.95,3.41,28.09.2023 13:46:56,2,NIE,,
j-2023,10,21.11.2023,22.11.2023 09:32:30,13,135,Kujawsko-pomorskie,55,Choroby płuc,2023/024526,Pozarezydencki,73.36,4.02,12.10.2023 20:48:06,2,NIE,,
j-2023,10,21.11.2023,22.11.2023 09:32:30,13,135,Kujawsko-pomorskie,56,Choroby wewnętrzne,2023/026839,Rezydencki,88.24,3.83,13.10.2023 18:00:38,12,NIE,,
j-2023,10,21.11.2023,22.11.2023 09:32:30,13,135,Kujawsko-pomorskie,57,Choroby wewnętrzne,2023/025277,Rezydencki,87.92,4.42,23.09.2023 19:08:07,12,NIE,,
j-2023,10,21.11.2023,22.11.2023 09:32:30,13,135,Kujawsko-pomorskie,58,Choroby wewnętrzne,2023/029508,Rezydencki,86.96,4.03,30.09.2023 15:58:02,12,NIE,,
j-2023,10,21.11.2023,22.11.2023 09:32:30,13,135,Kujawsko-pomorskie,59,Choroby wewnętrzne,2023/023542,Rezydencki,86.76,4.40,28.09.2023 18:54:06,12,NIE,,
j-2023,10,21.11.2023,22.11.2023 09:32:30,13,135,Kujawsko-pomorskie,60,Choroby wewnętrzne,2023/019416,Rezydencki,86.76,4.26,01.09.2023 09:27:52,12,NIE,,
j-2023,10,21.11.2023,22.11.2023 09:32:30,13,135,Kujawsko-pomorskie,61,Choroby wewnętrzne,2023/025271,Rezydencki,85.51,3.82,23.09.2023 18:44:18,12,NIE,,
j-2023,10,21.11.2023,22.11.2023 09:32:30,13,135,Kujawsko-pomorskie,62,Choroby wewnętrzne,2023/019788,Rezydencki,85.37,3.65,02.10.2023 18:55:27,12,NIE,,
j-2023,10,21.11.2023,22.11.2023 09:32:30,13,135,Kujawsko-pomorskie,63,Choroby wewnętrzne,2023/019419,Rezydencki,85.27,3.88,01.09.2023 12:09:22,12,NIE,,
j-2023,10,21.11.2023,22.11.2023 09:32:30,13,135,Kujawsko-pomorskie,64,Choroby wewnętrzne,2023/026840,Rezydencki,84.54,4.14,16.10.2023 07:01:55,12,NIE,,
j-2023,10,21.11.2023,22.11.2023 09:32:30,13,135,Kujawsko-pomorskie,65,Choroby wewnętrzne,2023/020009,Rezydencki,84.39,4.03,28.09.2023 11:11:23,12,NIE,,
j-2023,10,21.11.2023,22.11.2023 09:32:30,13,135,Kujawsko-pomorskie,66,Choroby wewnętrzne,2023/020126,Rezydencki,83.41,3.74,29.09.2023 12:37:42,12,NIE,,
j-2023,10,21.11.2023,22.11.2023 09:32:30,13,135,Kujawsko-pomorskie,67,Choroby wewnętrzne,2023/019495,Rezydencki,83.17,3.69,01.10.2023 20:08:47,12,NIE,,
j-2023,10,21.11.2023,22.11.2023 09:32:30,13,135,Kujawsko-pomorskie,68,Choroby wewnętrzne,2023/024738,Pozarezydencki,76.74,4.14,13.10.2023 11:35:53,3,NIE,,
j-2023,10,21.11.2023,22.11.2023 09:32:30,13,135,Kujawsko-pomorskie,69,Choroby wewnętrzne,2023/020169,Pozarezydencki,70.87,3.68,17.10.2023 16:51:10,3,NIE,,
j-2023,10,21.11.2023,22.11.2023 09:32:30,13,135,Kujawsko-pomorskie,70,Choroby wewnętrzne,2023/025793,Pozarezydencki,66.82,3.41,16.10.2023 18:03:46,3,NIE,,
j-2023,10,21.11.2023,22.11.2023 09:32:30,13,135,Kujawsko-pomorskie,71,Choroby zakaźne,2023/020649,Pozarezydencki,79.21,4.41,13.10.2023 13:44:28,3,NIE,,
j-2023,10,21.11.2023,22.11.2023 09:32:30,13,135,Kujawsko-pomorskie,72,Choroby zakaźne,2023/026944,Pozarezydencki,76.82,3.58,26.09.2023 21:54:10,3,NIE,,
j-2023,10,21.11.2023,22.11.2023 09:32:30,13,135,Kujawsko-pomorskie,73,Choroby zakaźne,2023/029205,Pozarezydencki,72.73,3.77,25.10.2023 14:04:47,3,NIE,,
j-2023,10,21.11.2023,22.11.2023 09:32:30,13,135,Kujawsko-pomorskie,74,Diabetologia,2023/030661,Pozarezydencki,77.67,3.68,02.10.2023 20:19:46,1,NIE,,
j-2023,10,21.11.2023,22.11.2023 09:32:30,14,135,Kujawsko-pomorskie,75,Endokrynologia,2023/019246,Pozarezydencki,85.71,3.98,01.09.2023 12:00:24,1,NIE,,
j-2023,10,21.11.2023,22.11.2023 09:32:30,14,135,Kujawsko-pomorskie,76,Endokrynologia i diabetologia dziecięca,2023/028201,Rezydencki,87.99,4.05,29.09.2023 20:25:32,2,NIE,,
j-2023,10,21.11.2023,22.11.2023 09:32:30,14,135,Kujawsko-pomorskie,77,Endokrynologia i diabetologia dziecięca,2023/020834,Rezydencki,87.80,4.21,29.09.2023 22:42:21,2,NIE,,
j-2023,10,21.11.2023,22.11.2023 09:32:30,14,135,Kujawsko-pomorskie,78,Endokrynologia i diabetologia dziecięca,2023/028961,Pozarezydencki,71.56,0.00,17.10.2023 13:10:05,2,NIE,,
j-2023,10,21.11.2023,22.11.2023 09:32:30,14,135,Kujawsko-pomorskie,79,Endokrynologia i diabetologia dziecięca,2023/028962,Pozarezydencki,67.89,0.00,29.09.2023 13:55:50,2,NIE,,
j-2023,10,21.11.2023,22.11.2023 09:32:30,14,135,Kujawsko-pomorskie,80,Ginekologia onkologiczna,2023/027745,Pozarezydencki,83.09,3.81,24.10.2023 22:40:33,4,NIE,,
j-2023,10,21.11.2023,22.11.2023 09:32:30,14,135,Kujawsko-pomorskie,81,Ginekologia onkologiczna,2023/030947,Pozarezydencki,77.73,0.00,31.10.2023 11:32:24,4,NIE,,
j-2023,10,21.11.2023,22.11.2023 09:32:30,14,135,Kujawsko-pomorskie,82,Ginekologia onkologiczna,2023/028523,Pozarezydencki,67.29,3.47,25.10.2023 21:45:35,4,NIE,,
j-2023,10,21.11.2023,22.11.2023 09:32:30,14,135,Kujawsko-pomorskie,83,Ginekologia onkologiczna,2023/029536,Pozarezydencki,66.12,3.47,26.10.2023 11:20:28,4,NIE,,
j-2023,10,21.11.2023,22.11.2023 09:32:30,14,135,Kujawsko-pomorskie,84,Hematologia,2023/026987,Rezydencki,88.41,4.33,30.09.2023 01:50:59,1,NIE,,
j-2023,10,21.11.2023,22.11.2023 09:32:30,14,135,Kujawsko-pomorskie,85,Kardiologia,2023/019205,Rezydencki,92.75,4.28,04.09.2023 20:22:53,18,NIE,,
j-2023,10,21.11.2023,22.11.2023 09:32:30,14,135,Kujawsko-pomorskie,86,Kardiologia,2023/026111,Rezydencki,91.67,4.70,25.09.2023 18:11:36,18,NIE,,
j-2023,10,21.11.2023,22.11.2023 09:32:30,14,135,Kujawsko-pomorskie,87,Kardiologia,2023/025877,Rezydencki,90.69,3.94,02.10.2023 23:56:52,18,NIE,,
j-2023,10,21.11.2023,22.11.2023 09:32:30,14,135,Kujawsko-pomorskie,88,Kardiologia,2023/026154,Rezydencki,88.41,4.41,30.09.2023 23:43:48,18,NIE,,
j-2023,10,21.11.2023,22.11.2023 09:32:30,14,135,Kujawsko-pomorskie,89,Kardiologia,2023/023899,Rezydencki,87.25,4.14,02.10.2023 23:54:50,18,NIE,,
j-2023,10,21.11.2023,22.11.2023 09:32:30,14,135,Kujawsko-pomorskie,90,Kardiologia,2023/019758,Rezydencki,87.25,3.69,11.10.2023 13:22:00,18,NIE,,
j-2023,10,21.11.2023,22.11.2023 09:32:30,14,135,Kujawsko-pomorskie,91,Kardiologia,2023/027796,Rezydencki,86.52,4.27,17.10.2023 13:46:26,18,NIE,,
j-2023,10,21.11.2023,22.11.2023 09:32:30,14,135,Kujawsko-pomorskie,92,Kardiologia,2023/029491,Rezydencki,86.47,4.03,24.10.2023 23:42:52,18,NIE,,
j-2023,10,21.11.2023,22.11.2023 09:32:30,14,135,Kujawsko-pomorskie,93,Kardiologia,2023/023927,Rezydencki,86.27,3.82,18.09.2023 22:45:07,18,NIE,,
j-2023,10,21.11.2023,22.11.2023 09:32:30,14,135,Kujawsko-pomorskie,94,Kardiologia,2023/024654,Rezydencki,85.99,4.25,27.09.2023 21:58:29,18,NIE,,
j-2023,10,21.11.2023,22.11.2023 09:32:30,14,135,Kujawsko-pomorskie,95,Kardiologia,2023/025303,Rezydencki,85.37,3.45,28.09.2023 16:22:07,18,NIE,,
j-2023,10,21.11.2023,22.11.2023 09:32:30,14,135,Kujawsko-pomorskie,96,Kardiologia,2023/026529,Rezydencki,85.29,4.65,12.10.2023 23:47:41,18,NIE,,
j-2023,10,21.11.2023,22.11.2023 09:32:30,14,135,Kujawsko-pomorskie,97,Kardiologia,2023/023530,Rezydencki,84.88,4.28,28.09.2023 14:41:51,18,NIE,,
j-2023,10,21.11.2023,22.11.2023 09:32:30,14,135,Kujawsko-pomorskie,98,Kardiologia,2023/023373,Rezydencki,84.88,3.30,30.10.2023 09:45:51,18,NIE,,
j-2023,10,21.11.2023,22.11.2023 09:32:30,14,135,Kujawsko-pomorskie,99,Kardiologia,2023/021273,Rezydencki,84.63,4.02,29.09.2023 13:12:47,18,NIE,,
j-2023,10,21.11.2023,22.11.2023 09:32:30,14,135,Kujawsko-pomorskie,100,Kardiologia,2023/029717,Rezydencki,83.41,4.02,20.10.2023 15:01:39,18,NIE,,
j-2023,10,21.11.2023,22.11.2023 09:32:30,14,135,Kujawsko-pomorskie,101,Kardiologia,2023/020884,Rezydencki,81.90,3.46,10.09.2023 20:46:38,18,NIE,,
j-2023,10,21.11.2023,22.11.2023 09:32:30,14,135,Kujawsko-pomorskie,102,Kardiologia,2023/026674,Rezydencki,81.37,4.07,02.10.2023 22:09:30,18,NIE,,
j-2023,10,21.11.2023,22.11.2023 09:32:30,14,135,Kujawsko-pomorskie,103,Kardiologia,2023/021707,Pozarezydencki,80.00,0.00,12.10.2023 23:04:38,2,NIE,,
j-2023,10,21.11.2023,22.11.2023 09:32:30,14,135,Kujawsko-pomorskie,104,Kardiologia,2023/020697,Pozarezydencki,70.91,0.00,15.10.2023 21:15:29,2,NIE,,
j-2023,10,21.11.2023,22.11.2023 09:32:30,14,135,Kujawsko-pomorskie,105,Medycyna paliatywna,2023/020520,Pozarezydencki,80.00,0.00,16.10.2023 13:09:20,5,NIE,,
j-2023,10,21.11.2023,22.11.2023 09:32:30,14,135,Kujawsko-pomorskie,106,Medycyna paliatywna,2023/025810,Pozarezydencki,75.45,3.87,16.10.2023 12:02:12,5,NIE,,
j-2023,10,21.11.2023,22.11.2023 09:32:30,14,135,Kujawsko-pomorskie,107,Medycyna paliatywna,2023/025728,Pozarezydencki,70.91,0.00,12.10.2023 13:27:39,5,NIE,,
j-2023,10,21.11.2023,22.11.2023 09:32:30,14,135,Kujawsko-pomorskie,108,Medycyna paliatywna,2023/020518,Pozarezydencki,69.55,3.58,12.10.2023 18:55:02,5,NIE,,
j-2023,10,21.11.2023,22.11.2023 09:32:30,14,135,Kujawsko-pomorskie,109,Medycyna paliatywna,2023/020269,Pozarezydencki,69.16,3.53,17.10.2023 18:08:37,5,NIE,,
j-2023,10,21.11.2023,22.11.2023 09:32:30,14,135,Kujawsko-pomorskie,110,Medycyna pracy,2023/027553,Rezydencki,88.89,4.20,27.09.2023 20:15:07,2,NIE,,
j-2023,10,21.11.2023,22.11.2023 09:32:30,14,135,Kujawsko-pomorskie,111,Medycyna pracy,2023/029266,Rezydencki,81.37,3.33,29.09.2023 21:49:15,2,NIE,,
j-2023,10,21.11.2023,22.11.2023 09:32:30,14,135,Kujawsko-pomorskie,112,Medycyna pracy,2023/023401,Pozarezydencki,75.45,3.55,18.10.2023 12:49:24,3,NIE,,
j-2023,10,21.11.2023,22.11.2023 09:32:30,15,135,Kujawsko-pomorskie,113,Medycyna pracy,2023/024962,Pozarezydencki,75.45,0.00,12.10.2023 11:08:06,3,NIE,,
j-2023,10,21.11.2023,22.11.2023 09:32:30,15,135,Kujawsko-pomorskie,114,Medycyna pracy,2023/028612,Pozarezydencki,70.75,0.00,26.10.2023 19:07:28,3,NIE,,
j-2023,10,21.11.2023,22.11.2023 09:32:30,15,135,Kujawsko-pomorskie,115,Medycyna ratunkowa,2023/027037,Rezydencki,88.41,4.13,27.09.2023 14:06:03,2,NIE,,
j-2023,10,21.11.2023,22.11.2023 09:32:30,15,135,Kujawsko-pomorskie,116,Medycyna ratunkowa,2023/030116,Rezydencki,81.16,4.37,01.10.2023 21:12:46,2,NIE,,
j-2023,10,21.11.2023,22.11.2023 09:32:30,15,135,Kujawsko-pomorskie,117,Medycyna ratunkowa,2023/021591,Pozarezydencki,70.36,0.00,19.10.2023 14:35:17,2,NIE,,
j-2023,10,21.11.2023,22.11.2023 09:32:30,15,135,Kujawsko-pomorskie,118,Medycyna ratunkowa,2023/021646,Pozarezydencki,61.82,3.16,19.10.2023 11:32:12,2,NIE,,
j-2023,10,21.11.2023,22.11.2023 09:32:30,15,135,Kujawsko-pomorskie,119,Medycyna rodzinna,2023/023812,Rezydencki,88.89,4.34,18.09.2023 17:13:18,15,NIE,,
j-2023,10,21.11.2023,22.11.2023 09:32:30,15,135,Kujawsko-pomorskie,120,Medycyna rodzinna,2023/027179,Rezydencki,88.24,4.27,01.10.2023 00:49:33,15,NIE,,
j-2023,10,21.11.2023,22.11.2023 09:32:30,15,135,Kujawsko-pomorskie,121,Medycyna rodzinna,2023/029165,Rezydencki,87.75,4.14,29.09.2023 19:08:49,15,NIE,,
j-2023,10,21.11.2023,22.11.2023 09:32:30,15,135,Kujawsko-pomorskie,122,Medycyna rodzinna,2023/029440,Rezydencki,86.96,4.14,30.09.2023 20:03:17,15,NIE,,
j-2023,10,21.11.2023,22.11.2023 09:32:30,15,135,Kujawsko-pomorskie,123,Medycyna rodzinna,2023/027159,Rezydencki,85.99,3.67,27.09.2023 12:52:32,15,NIE,,
j-2023,10,21.11.2023,22.11.2023 09:32:30,15,135,Kujawsko-pomorskie,124,Medycyna rodzinna,2023/025361,Rezydencki,85.27,3.95,24.09.2023 09:13:54,15,NIE,,
j-2023,10,21.11.2023,22.11.2023 09:32:30,15,135,Kujawsko-pomorskie,125,Medycyna rodzinna,2023/026794,Rezydencki,84.54,4.00,02.10.2023 20:29:20,15,NIE,,
j-2023,10,21.11.2023,22.11.2023 09:32:30,15,135,Kujawsko-pomorskie,126,Medycyna rodzinna,2023/026217,Rezydencki,84.06,4.10,28.09.2023 20:52:25,15,NIE,,
j-2023,10,21.11.2023,22.11.2023 09:32:30,15,135,Kujawsko-pomorskie,127,Medycyna rodzinna,2023/027560,Rezydencki,83.09,3.92,29.09.2023 18:54:40,15,NIE,,
j-2023,10,21.11.2023,22.11.2023 09:32:30,15,135,Kujawsko-pomorskie,128,Medycyna rodzinna,2023/024411,Rezydencki,82.85,4.10,02.10.2023 10:55:03,15,NIE,,
j-2023,10,21.11.2023,22.11.2023 09:32:30,15,135,Kujawsko-pomorskie,129,Medycyna rodzinna,2023/029630,Rezydencki,82.84,3.17,02.10.2023 19:14:59,15,NIE,,
j-2023,10,21.11.2023,22.11.2023 09:32:30,15,135,Kujawsko-pomorskie,130,Medycyna rodzinna,2023/020886,Rezydencki,77.62,3.92,05.09.2023 21:01:59,15,NIE,,
j-2023,10,21.11.2023,22.11.2023 09:32:30,15,135,Kujawsko-pomorskie,131,Medycyna rodzinna,2023/026195,Rezydencki,74.15,0.00,12.10.2023 19:02:17,15,NIE,,
j-2023,10,21.11.2023,22.11.2023 09:32:30,15,135,Kujawsko-pomorskie,132,Medycyna rodzinna,2023/028120,Rezydencki,74.02,3.71,28.09.2023 13:37:07,15,NIE,,
j-2023,10,21.11.2023,22.11.2023 09:32:30,15,135,Kujawsko-pomorskie,133,Medycyna rodzinna,2023/029120,Rezydencki,60.78,3.22,21.10.2023 20:27:13,15,NIE,,
j-2023,10,21.11.2023,22.11.2023 09:32:30,15,135,Kujawsko-pomorskie,134,Medycyna rodzinna,2023/022129,Pozarezydencki,80.00,3.31,12.10.2023 18:14:52,7,NIE,,
j-2023,10,21.11.2023,22.11.2023 09:32:30,15,135,Kujawsko-pomorskie,135,Medycyna rodzinna,2023/023216,Pozarezydencki,72.64,3.99,25.10.2023 17:40:34,7,NIE,,
j-2023,10,21.11.2023,22.11.2023 09:32:30,15,135,Kujawsko-pomorskie,136,Medycyna rodzinna,2023/022563,Pozarezydencki,70.56,4.50,30.10.2023 08:58:40,7,NIE,,
j-2023,10,21.11.2023,22.11.2023 09:32:30,15,135,Kujawsko-pomorskie,137,Medycyna rodzinna,2023/020827,Pozarezydencki,69.16,0.00,17.10.2023 07:20:57,7,NIE,,
j-2023,10,21.11.2023,22.11.2023 09:32:30,15,135,Kujawsko-pomorskie,138,Medycyna rodzinna,2023/026399,Pozarezydencki,67.82,0.00,19.10.2023 20:10:49,7,NIE,,
j-2023,10,21.11.2023,22.11.2023 09:32:30,15,135,Kujawsko-pomorskie,139,Medycyna rodzinna,2023/024274,Pozarezydencki,57.80,0.00,18.10.2023 09:54:26,7,NIE,,
j-2023,10,21.11.2023,22.11.2023 09:32:30,15,135,Kujawsko-pomorskie,140,Medycyna rodzinna,2023/028604,Pozarezydencki,57.27,0.00,17.10.2023 23:21:55,7,NIE,,
j-2023,10,21.11.2023,22.11.2023 09:32:30,15,135,Kujawsko-pomorskie,141,Mikrobiologia lekarska,2023/020645,Rezydencki,75.36,3.85,17.10.2023 15:48:50,1,NIE,,
j-2023,10,21.11.2023,22.11.2023 09:32:30,15,135,Kujawsko-pomorskie,142,Nefrologia,2023/024196,Rezydencki,91.67,4.24,19.09.2023 19:55:46,4,NIE,,
j-2023,10,21.11.2023,22.11.2023 09:32:30,15,135,Kujawsko-pomorskie,143,Nefrologia,2023/021959,Rezydencki,88.16,4.15,25.09.2023 20:59:23,4,NIE,,
j-2023,10,21.11.2023,22.11.2023 09:32:30,15,135,Kujawsko-pomorskie,144,Nefrologia,2023/027485,Rezydencki,76.59,3.63,28.09.2023 10:56:38,4,NIE,,
j-2023,10,21.11.2023,22.11.2023 09:32:30,15,135,Kujawsko-pomorskie,145,Nefrologia,2023/025440,Rezydencki,72.68,3.68,28.09.2023 22:58:54,4,NIE,,
j-2023,10,21.11.2023,22.11.2023 09:32:30,15,135,Kujawsko-pomorskie,146,Nefrologia,2023/030491,Pozarezydencki,61.82,2.75,17.10.2023 11:15:12,1,NIE,,
j-2023,10,21.11.2023,22.11.2023 09:32:30,15,135,Kujawsko-pomorskie,147,Nefrologia dziecięca,2023/027494,Rezydencki,82.13,3.69,30.09.2023 23:22:17,1,NIE,,
j-2023,10,21.11.2023,22.11.2023 09:32:30,15,135,Kujawsko-pomorskie,148,Neonatologia,2023/026756,Rezydencki,86.96,4.66,13.10.2023 13:52:46,1,NIE,,
j-2023,10,21.11.2023,22.11.2023 09:32:30,15,135,Kujawsko-pomorskie,149,Neonatologia,2023/026893,Pozarezydencki,75.45,3.66,26.09.2023 21:03:28,1,NIE,,
j-2023,10,21.11.2023,22.11.2023 09:32:30,15,135,Kujawsko-pomorskie,150,Neurochirurgia,2023/024764,Rezydencki,80.19,3.86,30.09.2023 14:25:21,1,NIE,,
j-2023,10,21.11.2023,22.11.2023 09:32:30,16,135,Kujawsko-pomorskie,151,Neurochirurgia,2023/030265,Pozarezydencki,66.98,0.00,02.10.2023 20:41:05,1,NIE,,
j-2023,10,21.11.2023,22.11.2023 09:32:30,16,135,Kujawsko-pomorskie,152,Neurologia,2023/025790,Rezydencki,85.99,3.60,29.09.2023 10:06:56,8,NIE,,
j-2023,10,21.11.2023,22.11.2023 09:32:30,16,135,Kujawsko-pomorskie,153,Neurologia,2023/030227,Rezydencki,85.85,4.04,02.10.2023 23:38:30,8,NIE,,
j-2023,10,21.11.2023,22.11.2023 09:32:30,16,135,Kujawsko-pomorskie,154,Neurologia,2023/022980,Rezydencki,85.75,4.03,16.10.2023 15:52:59,8,NIE,,
j-2023,10,21.11.2023,22.11.2023 09:32:30,16,135,Kujawsko-pomorskie,155,Neurologia,2023/019683,Rezydencki,80.68,3.88,02.10.2023 13:49:11,8,NIE,,
j-2023,10,21.11.2023,22.11.2023 09:32:30,16,135,Kujawsko-pomorskie,156,Neurologia,2023/028731,Rezydencki,80.24,4.17,29.09.2023 00:25:17,8,NIE,,
j-2023,10,21.11.2023,22.11.2023 09:32:30,16,135,Kujawsko-pomorskie,157,Neurologia,2023/028262,Rezydencki,80.19,3.59,28.09.2023 16:17:24,8,NIE,,
j-2023,10,21.11.2023,22.11.2023 09:32:30,16,135,Kujawsko-pomorskie,158,Neurologia,2023/025018,Rezydencki,80.19,3.28,02.10.2023 19:28:56,8,NIE,,
j-2023,10,21.11.2023,22.11.2023 09:32:30,16,135,Kujawsko-pomorskie,159,Neurologia,2023/019487,Rezydencki,77.94,3.62,01.09.2023 20:21:11,8,NIE,,
j-2023,10,21.11.2023,22.11.2023 09:32:30,16,135,Kujawsko-pomorskie,160,Neurologia dziecięca,2023/022777,Pozarezydencki,75.45,3.83,30.09.2023 23:02:14,1,NIE,,
j-2023,10,21.11.2023,22.11.2023 09:32:30,16,135,Kujawsko-pomorskie,161,Okulistyka,2023/023524,Rezydencki,87.99,3.80,28.09.2023 22:54:58,4,NIE,,
j-2023,10,21.11.2023,22.11.2023 09:32:30,16,135,Kujawsko-pomorskie,162,Okulistyka,2023/025720,Rezydencki,87.80,3.94,28.09.2023 14:28:16,4,NIE,,
j-2023,10,21.11.2023,22.11.2023 09:32:30,16,135,Kujawsko-pomorskie,163,Okulistyka,2023/028525,Rezydencki,87.25,4.19,28.09.2023 20:49:28,4,NIE,,
j-2023,10,21.11.2023,22.11.2023 09:32:30,16,135,Kujawsko-pomorskie,164,Okulistyka,2023/021053,Rezydencki,86.76,3.73,02.10.2023 19:57:13,4,NIE,,
j-2023,10,21.11.2023,22.11.2023 09:32:30,16,135,Kujawsko-pomorskie,165,Onkologia kliniczna,2023/027515,Rezydencki,90.58,4.21,27.09.2023 19:58:34,5,NIE,,
j-2023,10,21.11.2023,22.11.2023 09:32:30,16,135,Kujawsko-pomorskie,166,Onkologia kliniczna,2023/024195,Rezydencki,88.41,4.09,19.09.2023 19:55:42,5,NIE,,
j-2023,10,21.11.2023,22.11.2023 09:32:30,16,135,Kujawsko-pomorskie,167,Onkologia kliniczna,2023/024512,Rezydencki,82.61,3.35,20.09.2023 19:54:46,5,NIE,,
j-2023,10,21.11.2023,22.11.2023 09:32:30,16,135,Kujawsko-pomorskie,168,Onkologia kliniczna,2023/023024,Rezydencki,81.86,3.88,11.10.2023 15:12:37,5,NIE,,
j-2023,10,21.11.2023,22.11.2023 09:32:30,16,135,Kujawsko-pomorskie,169,Onkologia kliniczna,2023/024905,Rezydencki,72.86,3.92,19.10.2023 16:08:48,5,NIE,,
j-2023,10,21.11.2023,22.11.2023 09:32:30,16,135,Kujawsko-pomorskie,170,Onkologia kliniczna,2023/019826,Pozarezydencki,65.09,2.82,13.10.2023 20:32:44,1,NIE,,
j-2023,10,21.11.2023,22.11.2023 09:32:30,16,135,Kujawsko-pomorskie,171,Ortopedia i traumatologia narządu ruchu,2023/019437,Rezydencki,89.71,3.84,01.09.2023 09:46:48,9,NIE,,
j-2023,10,21.11.2023,22.11.2023 09:32:30,16,135,Kujawsko-pomorskie,172,Ortopedia i traumatologia narządu ruchu,2023/022773,Rezydencki,87.25,4.18,17.10.2023 16:09:07,9,NIE,,
j-2023,10,21.11.2023,22.11.2023 09:32:30,16,135,Kujawsko-pomorskie,173,Ortopedia i traumatologia narządu ruchu,2023/027678,Rezydencki,86.27,3.91,28.09.2023 19:29:26,9,NIE,,
j-2023,10,21.11.2023,22.11.2023 09:32:30,16,135,Kujawsko-pomorskie,174,Ortopedia i traumatologia narządu ruchu,2023/026216,Rezydencki,84.78,3.86,27.09.2023 18:53:04,9,NIE,,
j-2023,10,21.11.2023,22.11.2023 09:32:30,16,135,Kujawsko-pomorskie,175,Ortopedia i traumatologia narządu ruchu,2023/031038,Rezydencki,84.54,4.00,02.10.2023 23:08:36,9,NIE,,
j-2023,10,21.11.2023,22.11.2023 09:32:30,16,135,Kujawsko-pomorskie,176,Ortopedia i traumatologia narządu ruchu,2023/020063,Rezydencki,84.31,3.85,02.09.2023 18:22:19,9,NIE,,
j-2023,10,21.11.2023,22.11.2023 09:32:30,16,135,Kujawsko-pomorskie,177,Ortopedia i traumatologia narządu ruchu,2023/027453,Rezydencki,84.06,3.92,27.09.2023 18:47:21,9,NIE,,
j-2023,10,21.11.2023,22.11.2023 09:32:30,16,135,Kujawsko-pomorskie,178,Ortopedia i traumatologia narządu ruchu,2023/031011,Rezydencki,83.82,3.56,12.10.2023 14:31:57,9,NIE,,
j-2023,10,21.11.2023,22.11.2023 09:32:30,16,135,Kujawsko-pomorskie,179,Ortopedia i traumatologia narządu ruchu,2023/030410,Rezydencki,82.93,3.79,12.10.2023 11:13:30,9,NIE,,
j-2023,10,21.11.2023,22.11.2023 09:32:30,16,135,Kujawsko-pomorskie,180,Ortopedia i traumatologia narządu ruchu,2023/023922,Pozarezydencki,77.10,3.55,18.09.2023 22:26:37,1,NIE,,
j-2023,10,21.11.2023,22.11.2023 09:32:30,16,135,Kujawsko-pomorskie,181,Otorynolaryngologia,2023/025786,Rezydencki,89.76,3.54,29.09.2023 13:08:36,6,NIE,,
j-2023,10,21.11.2023,22.11.2023 09:32:30,16,135,Kujawsko-pomorskie,182,Otorynolaryngologia,2023/024356,Rezydencki,88.97,3.79,02.10.2023 16:28:09,6,NIE,,
j-2023,10,21.11.2023,22.11.2023 09:32:30,16,135,Kujawsko-pomorskie,183,Otorynolaryngologia,2023/021012,Rezydencki,87.20,3.66,19.09.2023 14:45:37,6,NIE,,
j-2023,10,21.11.2023,22.11.2023 09:32:30,16,135,Kujawsko-pomorskie,184,Otorynolaryngologia,2023/027653,Rezydencki,86.76,4.05,27.09.2023 22:40:29,6,NIE,,
j-2023,10,21.11.2023,22.11.2023 09:32:30,16,135,Kujawsko-pomorskie,185,Otorynolaryngologia,2023/027454,Rezydencki,86.59,4.11,29.09.2023 14:54:57,6,NIE,,
j-2023,10,21.11.2023,22.11.2023 09:32:30,16,135,Kujawsko-pomorskie,186,Otorynolaryngologia,2023/026568,Rezydencki,86.34,4.11,13.10.2023 13:05:46,6,NIE,,
j-2023,10,21.11.2023,22.11.2023 09:32:30,16,135,Kujawsko-pomorskie,187,Otorynolaryngologia dziecięca,2023/026795,Rezydencki,84.06,3.81,02.10.2023 20:27:37,1,NIE,,
j-2023,10,21.11.2023,22.11.2023 09:32:30,16,135,Kujawsko-pomorskie,188,Patomorfologia,2023/022610,Rezydencki,75.85,3.50,13.10.2023 13:54:28,1,NIE,,
j-2023,10,21.11.2023,22.11.2023 09:32:30,17,135,Kujawsko-pomorskie,189,Pediatria,2023/026112,Rezydencki,91.67,4.58,25.09.2023 18:11:38,12,NIE,,
j-2023,10,21.11.2023,22.11.2023 09:32:30,17,135,Kujawsko-pomorskie,190,Pediatria,2023/027408,Rezydencki,90.49,4.36,30.09.2023 15:04:16,12,NIE,,
j-2023,10,21.11.2023,22.11.2023 09:32:30,17,135,Kujawsko-pomorskie,191,Pediatria,2023/024317,Rezydencki,87.92,4.17,20.09.2023 10:41:14,12,NIE,,
j-2023,10,21.11.2023,22.11.2023 09:32:30,17,135,Kujawsko-pomorskie,192,Pediatria,2023/026677,Rezydencki,87.44,4.23,01.10.2023 20:14:18,12,NIE,,
j-2023,10,21.11.2023,22.11.2023 09:32:30,17,135,Kujawsko-pomorskie,193,Pediatria,2023/019834,Rezydencki,86.27,4.40,18.09.2023 20:24:59,12,NIE,,
j-2023,10,21.11.2023,22.11.2023 09:32:30,17,135,Kujawsko-pomorskie,194,Pediatria,2023/019344,Rezydencki,85.51,4.29,01.09.2023 07:28:48,12,NIE,,
j-2023,10,21.11.2023,22.11.2023 09:32:30,17,135,Kujawsko-pomorskie,195,Pediatria,2023/022078,Rezydencki,85.51,4.05,18.09.2023 19:57:30,12,NIE,,
j-2023,10,21.11.2023,22.11.2023 09:32:30,17,135,Kujawsko-pomorskie,196,Pediatria,2023/025025,Rezydencki,85.51,3.75,27.09.2023 21:29:16,12,NIE,,
j-2023,10,21.11.2023,22.11.2023 09:32:30,17,135,Kujawsko-pomorskie,197,Pediatria,2023/027474,Rezydencki,80.49,4.03,21.10.2023 14:26:47,12,NIE,,
j-2023,10,21.11.2023,22.11.2023 09:32:30,17,135,Kujawsko-pomorskie,198,Pediatria,2023/023815,Rezydencki,79.51,3.76,28.09.2023 13:48:56,12,NIE,,
j-2023,10,21.11.2023,22.11.2023 09:32:30,17,135,Kujawsko-pomorskie,199,Pediatria,2023/019922,Rezydencki,76.33,3.46,09.09.2023 00:41:55,12,NIE,,
j-2023,10,21.11.2023,22.11.2023 09:32:30,17,135,Kujawsko-pomorskie,200,Pediatria,2023/028455,Rezydencki,72.95,3.66,02.10.2023 09:39:02,12,NIE,,
j-2023,10,21.11.2023,22.11.2023 09:32:30,17,135,Kujawsko-pomorskie,201,Pediatria,2023/028652,Pozarezydencki,69.16,0.00,20.10.2023 12:03:47,1,NIE,,
j-2023,10,21.11.2023,22.11.2023 09:32:30,17,135,Kujawsko-pomorskie,202,Periodontologia,2023/024581,Rezydencki,84.06,4.14,30.09.2023 22:15:02,1,NIE,,
j-2023,10,21.11.2023,22.11.2023 09:32:30,17,135,Kujawsko-pomorskie,203,Położnictwo i ginekologia,2023/022066,Rezydencki,89.76,4.48,16.10.2023 12:07:50,10,NIE,,
j-2023,10,21.11.2023,22.11.2023 09:32:30,17,135,Kujawsko-pomorskie,204,Położnictwo i ginekologia,2023/025744,Rezydencki,89.27,3.82,27.09.2023 18:47:32,10,NIE,,
j-2023,10,21.11.2023,22.11.2023 09:32:30,17,135,Kujawsko-pomorskie,205,Położnictwo i ginekologia,2023/020619,Rezydencki,88.24,4.15,04.09.2023 21:23:36,10,NIE,,
j-2023,10,21.11.2023,22.11.2023 09:32:30,17,135,Kujawsko-pomorskie,206,Położnictwo i ginekologia,2023/021899,Rezydencki,87.92,4.33,13.09.2023 16:23:18,10,NIE,,
j-2023,10,21.11.2023,22.11.2023 09:32:30,17,135,Kujawsko-pomorskie,207,Położnictwo i ginekologia,2023/025208,Rezydencki,87.92,4.03,27.09.2023 20:12:10,10,NIE,,
j-2023,10,21.11.2023,22.11.2023 09:32:30,17,135,Kujawsko-pomorskie,208,Położnictwo i ginekologia,2023/024394,Rezydencki,84.39,4.13,01.10.2023 12:23:04,10,NIE,,
j-2023,10,21.11.2023,22.11.2023 09:32:30,17,135,Kujawsko-pomorskie,209,Położnictwo i ginekologia,2023/020180,Rezydencki,83.57,4.62,03.09.2023 14:36:07,10,NIE,,
j-2023,10,21.11.2023,22.11.2023 09:32:30,17,135,Kujawsko-pomorskie,210,Położnictwo i ginekologia,2023/027413,Rezydencki,83.33,0.00,27.09.2023 18:04:57,10,NIE,,
j-2023,10,21.11.2023,22.11.2023 09:32:30,17,135,Kujawsko-pomorskie,211,Położnictwo i ginekologia,2023/026369,Rezydencki,82.93,3.53,01.10.2023 21:41:15,10,NIE,,
j-2023,10,21.11.2023,22.11.2023 09:32:30,17,135,Kujawsko-pomorskie,212,Położnictwo i ginekologia,2023/027925,Rezydencki,81.64,4.07,28.09.2023 10:19:52,10,NIE,,
j-2023,10,21.11.2023,22.11.2023 09:32:30,17,135,Kujawsko-pomorskie,213,Protetyka stomatologiczna,2023/021860,Rezydencki,82.13,3.97,10.09.2023 13:53:54,4,NIE,,
j-2023,10,21.11.2023,22.11.2023 09:32:30,17,135,Kujawsko-pomorskie,214,Protetyka stomatologiczna,2023/022588,Rezydencki,81.64,4.30,13.09.2023 10:03:25,4,NIE,,
j-2023,10,21.11.2023,22.11.2023 09:32:30,17,135,Kujawsko-pomorskie,215,Protetyka stomatologiczna,2023/020000,Rezydencki,81.64,4.18,12.10.2023 09:12:33,4,NIE,,
j-2023,10,21.11.2023,22.11.2023 09:32:30,17,135,Kujawsko-pomorskie,216,Protetyka stomatologiczna,2023/023505,Rezydencki,80.92,3.76,17.09.2023 20:09:59,4,NIE,,
j-2023,10,21.11.2023,22.11.2023 09:32:30,17,135,Kujawsko-pomorskie,217,Psychiatria,2023/030448,Rezydencki,90.20,4.27,02.10.2023 12:38:45,7,NIE,,
j-2023,10,21.11.2023,22.11.2023 09:32:30,17,135,Kujawsko-pomorskie,218,Psychiatria,2023/020876,Rezydencki,87.92,3.92,06.09.2023 11:59:30,7,NIE,,
j-2023,10,21.11.2023,22.11.2023 09:32:30,17,135,Kujawsko-pomorskie,219,Psychiatria,2023/021469,Rezydencki,86.34,4.34,12.09.2023 19:40:45,7,NIE,,
j-2023,10,21.11.2023,22.11.2023 09:32:30,17,135,Kujawsko-pomorskie,220,Psychiatria,2023/025959,Rezydencki,85.99,3.64,25.09.2023 13:33:53,7,NIE,,
j-2023,10,21.11.2023,22.11.2023 09:32:30,17,135,Kujawsko-pomorskie,221,Psychiatria,2023/025770,Rezydencki,85.37,3.89,30.09.2023 13:20:27,7,NIE,,
j-2023,10,21.11.2023,22.11.2023 09:32:30,17,135,Kujawsko-pomorskie,222,Psychiatria,2023/029916,Rezydencki,84.31,3.90,02.10.2023 20:36:00,7,NIE,,
j-2023,10,21.11.2023,22.11.2023 09:32:30,17,135,Kujawsko-pomorskie,223,Psychiatria,2023/023293,Rezydencki,82.93,3.82,28.09.2023 20:30:09,7,NIE,,
j-2023,10,21.11.2023,22.11.2023 09:32:30,17,135,Kujawsko-pomorskie,224,Psychiatria dzieci i młodzieży,2023/021840,Rezydencki,86.83,3.75,01.10.2023 13:18:09,2,NIE,,
j-2023,10,21.11.2023,22.11.2023 09:32:30,17,135,Kujawsko-pomorskie,225,Psychiatria dzieci i młodzieży,2023/022793,Rezydencki,83.57,3.46,13.09.2023 22:38:51,2,NIE,,
j-2023,10,21.11.2023,22.11.2023 09:32:30,17,135,Kujawsko-pomorskie,226,Psychiatria dzieci i młodzieży,2023/019792,Pozarezydencki,72.94,4.59,21.10.2023 10:06:48,2,NIE,,
j-2023,10,21.11.2023,22.11.2023 09:32:30,18,135,Kujawsko-pomorskie,227,Psychiatria dzieci i młodzieży,2023/028378,Pozarezydencki,72.35,3.14,19.10.2023 17:34:23,2,NIE,,
j-2023,10,21.11.2023,22.11.2023 09:32:30,18,135,Kujawsko-pomorskie,228,Radiologia i diagnostyka obrazowa,2023/020799,Rezydencki,92.16,4.57,05.09.2023 15:54:00,12,NIE,,
j-2023,10,21.11.2023,22.11.2023 09:32:30,18,135,Kujawsko-pomorskie,229,Radiologia i diagnostyka obrazowa,2023/023690,Rezydencki,90.00,4.48,01.10.2023 22:48:20,12,NIE,,
j-2023,10,21.11.2023,22.11.2023 09:32:30,18,135,Kujawsko-pomorskie,230,Radiologia i diagnostyka obrazowa,2023/019240,Rezydencki,89.22,4.43,01.09.2023 00:22:52,12,NIE,,
j-2023,10,21.11.2023,22.11.2023 09:32:30,18,135,Kujawsko-pomorskie,231,Radiologia i diagnostyka obrazowa,2023/024086,Rezydencki,88.48,4.28,28.09.2023 19:00:11,12,NIE,,
j-2023,10,21.11.2023,22.11.2023 09:32:30,18,135,Kujawsko-pomorskie,232,Radiologia i diagnostyka obrazowa,2023/024404,Rezydencki,87.75,4.23,01.10.2023 12:28:10,12,NIE,,
j-2023,10,21.11.2023,22.11.2023 09:32:30,18,135,Kujawsko-pomorskie,233,Radiologia i diagnostyka obrazowa,2023/019415,Rezydencki,87.44,4.27,01.09.2023 09:27:05,12,NIE,,
j-2023,10,21.11.2023,22.11.2023 09:32:30,18,135,Kujawsko-pomorskie,234,Radiologia i diagnostyka obrazowa,2023/026847,Rezydencki,87.32,3.88,28.09.2023 23:12:00,12,NIE,,
j-2023,10,21.11.2023,22.11.2023 09:32:30,18,135,Kujawsko-pomorskie,235,Radiologia i diagnostyka obrazowa,2023/030157,Rezydencki,87.25,4.11,01.10.2023 21:34:14,12,NIE,,
j-2023,10,21.11.2023,22.11.2023 09:32:30,18,135,Kujawsko-pomorskie,236,Radiologia i diagnostyka obrazowa,2023/030141,Rezydencki,87.25,3.56,01.10.2023 21:27:34,12,NIE,,
j-2023,10,21.11.2023,22.11.2023 09:32:30,18,135,Kujawsko-pomorskie,237,Radiologia i diagnostyka obrazowa,2023/022766,Rezydencki,87.01,3.95,24.10.2023 05:58:30,12,NIE,,
j-2023,10,21.11.2023,22.11.2023 09:32:30,18,135,Kujawsko-pomorskie,238,Radiologia i diagnostyka obrazowa,2023/024240,Rezydencki,86.96,3.77,01.10.2023 22:27:53,12,NIE,,
j-2023,10,21.11.2023,22.11.2023 09:32:30,18,135,Kujawsko-pomorskie,239,Radiologia i diagnostyka obrazowa,2023/022500,Rezydencki,86.83,3.97,28.09.2023 20:38:09,12,NIE,,
j-2023,10,21.11.2023,22.11.2023 09:32:30,18,135,Kujawsko-pomorskie,240,Radiologia i diagnostyka obrazowa,2023/027374,Pozarezydencki,84.65,3.45,02.10.2023 10:22:34,1,NIE,,
j-2023,10,21.11.2023,22.11.2023 09:32:30,18,135,Kujawsko-pomorskie,241,Radioterapia onkologiczna,2023/019441,Rezydencki,85.75,3.39,16.09.2023 16:59:51,1,NIE,,
j-2023,10,21.11.2023,22.11.2023 09:32:30,18,135,Kujawsko-pomorskie,242,Rehabilitacja medyczna,2023/028180,Rezydencki,80.19,4.05,12.10.2023 10:15:53,2,NIE,,
j-2023,10,21.11.2023,22.11.2023 09:32:30,18,135,Kujawsko-pomorskie,243,Rehabilitacja medyczna,2023/027815,Rezydencki,77.45,3.70,02.10.2023 22:54:47,2,NIE,,
j-2023,10,21.11.2023,22.11.2023 09:32:30,18,135,Kujawsko-pomorskie,244,Rehabilitacja medyczna,2023/030166,Pozarezydencki,91.36,0.00,20.10.2023 14:41:28,3,NIE,,
j-2023,10,21.11.2023,22.11.2023 09:32:30,18,135,Kujawsko-pomorskie,245,Rehabilitacja medyczna,2023/027285,Pozarezydencki,61.82,0.00,19.10.2023 11:44:41,3,NIE,,
j-2023,10,21.11.2023,22.11.2023 09:32:30,18,135,Kujawsko-pomorskie,246,Rehabilitacja medyczna,2023/021740,Pozarezydencki,57.53,0.00,19.10.2023 18:35:32,3,NIE,,
j-2023,10,21.11.2023,22.11.2023 09:32:30,18,135,Kujawsko-pomorskie,247,Reumatologia,2023/026327,Rezydencki,90.58,4.48,01.10.2023 09:48:37,2,NIE,,
j-2023,10,21.11.2023,22.11.2023 09:32:30,18,135,Kujawsko-pomorskie,248,Reumatologia,2023/027804,Rezydencki,88.73,3.48,25.10.2023 19:54:19,2,NIE,,
j-2023,10,21.11.2023,22.11.2023 09:32:30,18,135,Kujawsko-pomorskie,249,Seksuologia,2023/020198,Pozarezydencki,82.73,3.59,16.10.2023 20:45:49,1,NIE,,
j-2023,10,21.11.2023,22.11.2023 09:32:30,18,135,Kujawsko-pomorskie,250,Stomatologia zachowawcza z endodoncją,2023/023453,Rezydencki,77.29,4.02,18.09.2023 12:31:01,1,NIE,,
j-2023,10,21.11.2023,22.11.2023 09:32:30,18,135,Kujawsko-pomorskie,251,Transplantologia kliniczna,2023/029526,Pozarezydencki,84.55,0.00,23.10.2023 08:59:22,1,NIE,,
j-2023,10,21.11.2023,22.11.2023 09:32:30,18,135,Kujawsko-pomorskie,252,Urologia,2023/024333,Rezydencki,89.22,4.17,02.10.2023 22:28:02,1,NIE,,
j-2023,10,21.11.2023,22.11.2023 09:32:30,18,135,Kujawsko-pomorskie,1,Neurochirurgia,2023/025826,Rezydencki,87.20,4.36,27.09.2023 13:25:50,1,TAK,Szpital Uniwersytecki Nr 2 im. dr. Jana Biziela w Bydgoszczy,Oddział Neurochirurgii i Neurotraumatologii z Pododdziałem Usprawniania Leczniczego
j-2023,10,21.11.2023,22.11.2023 09:32:30,18,135,Lubelskie,1,Alergologia,2023/025140,Pozarezydencki,77.91,3.97,24.10.2023 20:40:44,1,NIE,,
j-2023,10,21.11.2023,22.11.2023 09:32:30,18,135,Lubelskie,2,Anestezjologia i intensywna terapia,2023/019222,Rezydencki,93.66,4.60,23.10.2023 10:44:40,6,NIE,,
j-2023,10,21.11.2023,22.11.2023 09:32:30,19,135,Lubelskie,3,Anestezjologia i intensywna terapia,2023/030619,Rezydencki,92.68,4.17,24.10.2023 12:12:00,6,NIE,,
j-2023,10,21.11.2023,22.11.2023 09:32:30,19,135,Lubelskie,4,Anestezjologia i intensywna terapia,2023/019373,Rezydencki,89.71,3.93,23.10.2023 11:08:53,6,NIE,,
j-2023,10,21.11.2023,22.11.2023 09:32:30,19,135,Lubelskie,5,Anestezjologia i intensywna terapia,2023/019588,Rezydencki,89.37,3.83,22.09.2023 07:09:18,6,NIE,,
j-2023,10,21.11.2023,22.11.2023 09:32:30,19,135,Lubelskie,6,Anestezjologia i intensywna terapia,2023/028659,Rezydencki,88.73,3.83,28.09.2023 22:49:40,6,NIE,,
j-2023,10,21.11.2023,22.11.2023 09:32:30,19,135,Lubelskie,7,Anestezjologia i intensywna terapia,2023/023455,Rezydencki,88.10,3.88,24.10.2023 12:10:46,6,NIE,,
j-2023,10,21.11.2023,22.11.2023 09:32:30,19,135,Lubelskie,8,Anestezjologia i intensywna terapia,2023/028004,Pozarezydencki,83.41,4.29,28.09.2023 11:40:32,1,NIE,,
j-2023,10,21.11.2023,22.11.2023 09:32:30,19,135,Lubelskie,9,Angiologia,2023/029252,Pozarezydencki,84.55,4.48,01.11.2023 07:16:39,1,NIE,,
j-2023,10,21.11.2023,22.11.2023 09:32:30,19,135,Lubelskie,10,Audiologia i foniatria,2023/020006,Pozarezydencki,71.14,3.49,19.10.2023 22:19:29,1,NIE,,
j-2023,10,21.11.2023,22.11.2023 09:32:30,19,135,Lubelskie,11,Chirurgia dziecięca,2023/026400,Rezydencki,83.57,4.07,28.09.2023 23:01:56,1,NIE,,
j-2023,10,21.11.2023,22.11.2023 09:32:30,19,135,Lubelskie,12,Chirurgia ogólna,2023/027393,Rezydencki,88.41,3.98,24.10.2023 21:14:58,10,NIE,,
j-2023,10,21.11.2023,22.11.2023 09:32:30,19,135,Lubelskie,13,Chirurgia ogólna,2023/025267,Rezydencki,87.44,4.21,23.10.2023 10:59:19,10,NIE,,
j-2023,10,21.11.2023,22.11.2023 09:32:30,19,135,Lubelskie,14,Chirurgia ogólna,2023/020878,Rezydencki,86.47,0.00,11.10.2023 18:53:05,10,NIE,,
j-2023,10,21.11.2023,22.11.2023 09:32:30,19,135,Lubelskie,15,Chirurgia ogólna,2023/026819,Rezydencki,86.27,4.05,23.10.2023 11:05:27,10,NIE,,
j-2023,10,21.11.2023,22.11.2023 09:32:30,19,135,Lubelskie,16,Chirurgia ogólna,2023/028129,Rezydencki,85.29,4.17,24.10.2023 12:16:35,10,NIE,,
j-2023,10,21.11.2023,22.11.2023 09:32:30,19,135,Lubelskie,17,Chirurgia ogólna,2023/025209,Rezydencki,83.33,3.75,20.10.2023 13:14:42,10,NIE,,
j-2023,10,21.11.2023,22.11.2023 09:32:30,19,135,Lubelskie,18,Chirurgia ogólna,2023/026910,Rezydencki,82.61,3.77,19.10.2023 20:00:20,10,NIE,,
j-2023,10,21.11.2023,22.11.2023 09:32:30,19,135,Lubelskie,19,Chirurgia ogólna,2023/019287,Rezydencki,82.35,3.92,19.10.2023 11:22:27,10,NIE,,
j-2023,10,21.11.2023,22.11.2023 09:32:30,19,135,Lubelskie,20,Chirurgia ogólna,2023/026848,Rezydencki,80.00,3.98,28.09.2023 19:36:03,10,NIE,,
j-2023,10,21.11.2023,22.11.2023 09:32:30,19,135,Lubelskie,21,Chirurgia ogólna,2023/030357,Rezydencki,64.73,3.24,22.10.2023 12:28:39,10,NIE,,
j-2023,10,21.11.2023,22.11.2023 09:32:30,19,135,Lubelskie,22,Chirurgia ogólna,2023/024780,Pozarezydencki,71.36,4.42,23.10.2023 20:26:14,1,NIE,,
j-2023,10,21.11.2023,22.11.2023 09:32:30,19,135,Lubelskie,23,Chirurgia onkologiczna,2023/030190,Rezydencki,87.25,3.98,26.10.2023 11:16:01,1,NIE,,
j-2023,10,21.11.2023,22.11.2023 09:32:30,19,135,Lubelskie,24,Chirurgia onkologiczna,2023/022079,Pozarezydencki,89.09,3.97,20.10.2023 10:31:36,1,NIE,,
j-2023,10,21.11.2023,22.11.2023 09:32:30,19,135,Lubelskie,25,Chirurgia plastyczna,2023/026860,Rezydencki,92.20,4.09,19.10.2023 17:40:22,1,NIE,,
j-2023,10,21.11.2023,22.11.2023 09:32:30,19,135,Lubelskie,26,Chirurgia stomatologiczna,2023/024249,Rezydencki,87.14,4.57,25.10.2023 23:47:05,4,NIE,,
j-2023,10,21.11.2023,22.11.2023 09:32:30,19,135,Lubelskie,27,Chirurgia stomatologiczna,2023/025539,Rezydencki,85.24,4.08,21.10.2023 10:43:23,4,NIE,,
j-2023,10,21.11.2023,22.11.2023 09:32:30,19,135,Lubelskie,28,Chirurgia stomatologiczna,2023/026804,Rezydencki,84.54,4.10,22.10.2023 22:18:50,4,NIE,,
j-2023,10,21.11.2023,22.11.2023 09:32:30,19,135,Lubelskie,29,Chirurgia stomatologiczna,2023/023482,Rezydencki,84.06,3.93,30.09.2023 23:53:49,4,NIE,,
j-2023,10,21.11.2023,22.11.2023 09:32:30,19,135,Lubelskie,30,Chirurgia szczękowo-twarzowa,2023/021992,Rezydencki,85.37,3.70,23.10.2023 13:48:08,1,NIE,,
j-2023,10,21.11.2023,22.11.2023 09:32:30,19,135,Lubelskie,31,Choroby płuc,2023/030549,Rezydencki,89.71,3.91,02.10.2023 14:38:53,9,NIE,,
j-2023,10,21.11.2023,22.11.2023 09:32:30,19,135,Lubelskie,32,Choroby płuc,2023/024107,Rezydencki,88.89,3.74,27.09.2023 19:32:24,9,NIE,,
j-2023,10,21.11.2023,22.11.2023 09:32:30,19,135,Lubelskie,33,Choroby płuc,2023/025527,Rezydencki,86.76,4.25,30.09.2023 15:13:04,9,NIE,,
j-2023,10,21.11.2023,22.11.2023 09:32:30,19,135,Lubelskie,34,Choroby płuc,2023/023203,Rezydencki,83.90,3.67,18.10.2023 13:35:01,9,NIE,,
j-2023,10,21.11.2023,22.11.2023 09:32:30,19,135,Lubelskie,35,Choroby płuc,2023/024685,Rezydencki,83.90,3.55,01.10.2023 16:54:24,9,NIE,,
j-2023,10,21.11.2023,22.11.2023 09:32:30,19,135,Lubelskie,36,Choroby płuc,2023/030021,Rezydencki,82.61,3.64,10.10.2023 12:57:39,9,NIE,,
j-2023,10,21.11.2023,22.11.2023 09:32:30,19,135,Lubelskie,37,Choroby płuc,2023/025518,Rezydencki,80.00,3.58,23.10.2023 12:02:27,9,NIE,,
j-2023,10,21.11.2023,22.11.2023 09:32:30,19,135,Lubelskie,38,Choroby płuc,2023/027390,Rezydencki,79.23,3.32,22.10.2023 23:37:49,9,NIE,,
j-2023,10,21.11.2023,22.11.2023 09:32:30,19,135,Lubelskie,39,Choroby płuc,2023/027325,Rezydencki,77.05,3.65,18.10.2023 13:05:31,9,NIE,,
j-2023,10,21.11.2023,22.11.2023 09:32:30,19,135,Lubelskie,40,Choroby płuc,2023/020735,Pozarezydencki,80.00,3.76,23.10.2023 18:42:41,6,NIE,,
j-2023,10,21.11.2023,22.11.2023 09:32:30,20,135,Lubelskie,41,Choroby płuc,2023/025485,Pozarezydencki,74.31,4.44,27.10.2023 11:29:40,6,NIE,,
j-2023,10,21.11.2023,22.11.2023 09:32:30,20,135,Lubelskie,42,Choroby płuc,2023/023247,Pozarezydencki,72.27,4.16,24.09.2023 23:06:30,6,NIE,,
j-2023,10,21.11.2023,22.11.2023 09:32:30,20,135,Lubelskie,43,Choroby płuc,2023/019400,Pozarezydencki,71.82,3.87,23.10.2023 16:08:45,6,NIE,,
j-2023,10,21.11.2023,22.11.2023 09:32:30,20,135,Lubelskie,44,Choroby płuc,2023/019940,Pozarezydencki,64.81,0.00,20.10.2023 17:46:23,6,NIE,,
j-2023,10,21.11.2023,22.11.2023 09:32:30,20,135,Lubelskie,45,Choroby płuc,2023/023819,Pozarezydencki,61.82,3.04,26.10.2023 16:32:52,6,NIE,,
j-2023,10,21.11.2023,22.11.2023 09:32:30,20,135,Lubelskie,46,Choroby płuc dzieci,2023/024948,Rezydencki,89.22,4.07,18.10.2023 20:58:23,1,NIE,,
j-2023,10,21.11.2023,22.11.2023 09:32:30,20,135,Lubelskie,47,Choroby wewnętrzne,2023/025754,Rezydencki,89.71,4.10,19.10.2023 16:26:14,12,NIE,,
j-2023,10,21.11.2023,22.11.2023 09:32:30,20,135,Lubelskie,48,Choroby wewnętrzne,2023/023469,Rezydencki,88.65,4.53,17.09.2023 18:44:19,12,NIE,,
j-2023,10,21.11.2023,22.11.2023 09:32:30,20,135,Lubelskie,49,Choroby wewnętrzne,2023/029638,Rezydencki,87.80,3.63,23.10.2023 20:21:29,12,NIE,,
j-2023,10,21.11.2023,22.11.2023 09:32:30,20,135,Lubelskie,50,Choroby wewnętrzne,2023/022170,Rezydencki,87.68,4.46,27.09.2023 21:05:25,12,NIE,,
j-2023,10,21.11.2023,22.11.2023 09:32:30,20,135,Lubelskie,51,Choroby wewnętrzne,2023/020428,Rezydencki,84.80,3.57,30.09.2023 09:35:57,12,NIE,,
j-2023,10,21.11.2023,22.11.2023 09:32:30,20,135,Lubelskie,52,Choroby wewnętrzne,2023/029554,Rezydencki,83.09,4.02,19.10.2023 20:47:09,12,NIE,,
j-2023,10,21.11.2023,22.11.2023 09:32:30,20,135,Lubelskie,53,Choroby wewnętrzne,2023/019989,Rezydencki,83.09,3.54,25.09.2023 14:36:36,12,NIE,,
j-2023,10,21.11.2023,22.11.2023 09:32:30,20,135,Lubelskie,54,Choroby wewnętrzne,2023/027477,Rezydencki,82.93,4.36,09.10.2023 10:42:06,12,NIE,,
j-2023,10,21.11.2023,22.11.2023 09:32:30,20,135,Lubelskie,55,Choroby wewnętrzne,2023/030052,Rezydencki,81.37,3.97,23.10.2023 12:55:08,12,NIE,,
j-2023,10,21.11.2023,22.11.2023 09:32:30,20,135,Lubelskie,56,Choroby wewnętrzne,2023/026866,Rezydencki,80.49,3.40,02.10.2023 17:46:02,12,NIE,,
j-2023,10,21.11.2023,22.11.2023 09:32:30,20,135,Lubelskie,57,Choroby wewnętrzne,2023/026009,Rezydencki,75.36,0.00,11.10.2023 20:10:26,12,NIE,,
j-2023,10,21.11.2023,22.11.2023 09:32:30,20,135,Lubelskie,58,Choroby wewnętrzne,2023/029605,Rezydencki,72.46,3.87,19.10.2023 15:50:44,12,NIE,,
j-2023,10,21.11.2023,22.11.2023 09:32:30,20,135,Lubelskie,59,Choroby wewnętrzne,2023/029351,Pozarezydencki,74.53,3.92,29.10.2023 22:38:05,2,NIE,,
j-2023,10,21.11.2023,22.11.2023 09:32:30,20,135,Lubelskie,60,Choroby wewnętrzne,2023/025402,Pozarezydencki,70.56,4.07,24.09.2023 11:59:12,2,NIE,,
j-2023,10,21.11.2023,22.11.2023 09:32:30,20,135,Lubelskie,61,Choroby zakaźne,2023/023206,Rezydencki,84.06,3.60,23.10.2023 20:53:24,1,NIE,,
j-2023,10,21.11.2023,22.11.2023 09:32:30,20,135,Lubelskie,62,Choroby zakaźne,2023/020966,Pozarezydencki,61.57,0.00,24.10.2023 09:13:19,1,NIE,,
j-2023,10,21.11.2023,22.11.2023 09:32:30,20,135,Lubelskie,63,Dermatologia i wenerologia,2023/026296,Rezydencki,94.20,4.45,29.09.2023 12:46:41,1,NIE,,
j-2023,10,21.11.2023,22.11.2023 09:32:30,20,135,Lubelskie,64,Diabetologia,2023/023148,Rezydencki,92.75,4.80,28.09.2023 21:22:59,3,NIE,,
j-2023,10,21.11.2023,22.11.2023 09:32:30,20,135,Lubelskie,65,Diabetologia,2023/030253,Rezydencki,82.44,3.81,02.10.2023 23:54:02,3,NIE,,
j-2023,10,21.11.2023,22.11.2023 09:32:30,20,135,Lubelskie,66,Diabetologia,2023/029082,Rezydencki,82.35,3.45,20.10.2023 13:07:14,3,NIE,,
j-2023,10,21.11.2023,22.11.2023 09:32:30,20,135,Lubelskie,67,Endokrynologia,2023/019477,Rezydencki,94.15,4.41,20.10.2023 12:26:12,2,NIE,,
j-2023,10,21.11.2023,22.11.2023 09:32:30,20,135,Lubelskie,68,Endokrynologia,2023/028223,Rezydencki,91.71,4.71,19.10.2023 14:15:07,2,NIE,,
j-2023,10,21.11.2023,22.11.2023 09:32:30,20,135,Lubelskie,69,Endokrynologia,2023/024872,Pozarezydencki,89.55,4.41,24.10.2023 09:32:24,2,NIE,,
j-2023,10,21.11.2023,22.11.2023 09:32:30,20,135,Lubelskie,70,Endokrynologia,2023/025647,Pozarezydencki,85.58,3.96,01.10.2023 22:34:00,2,NIE,,
j-2023,10,21.11.2023,22.11.2023 09:32:30,20,135,Lubelskie,71,Epidemiologia,2023/028639,Rezydencki,74.16,3.55,20.10.2023 23:32:21,1,NIE,,
j-2023,10,21.11.2023,22.11.2023 09:32:30,20,135,Lubelskie,72,Gastroenterologia,2023/028932,Rezydencki,93.72,4.43,25.10.2023 20:25:46,2,NIE,,
j-2023,10,21.11.2023,22.11.2023 09:32:30,20,135,Lubelskie,73,Gastroenterologia,2023/026041,Rezydencki,93.66,4.29,28.09.2023 12:17:32,2,NIE,,
j-2023,10,21.11.2023,22.11.2023 09:32:30,20,135,Lubelskie,74,Gastroenterologia,2023/022206,Pozarezydencki,84.65,4.29,15.09.2023 09:52:24,3,NIE,,
j-2023,10,21.11.2023,22.11.2023 09:32:30,20,135,Lubelskie,75,Gastroenterologia,2023/020708,Pozarezydencki,82.03,0.00,10.10.2023 18:35:47,3,NIE,,
j-2023,10,21.11.2023,22.11.2023 09:32:30,20,135,Lubelskie,76,Gastroenterologia,2023/020897,Pozarezydencki,81.82,4.71,27.09.2023 21:36:19,3,NIE,,
j-2023,10,21.11.2023,22.11.2023 09:32:30,20,135,Lubelskie,77,Gastroenterologia dziecięca,2023/029098,Rezydencki,90.73,4.75,24.10.2023 17:37:08,1,NIE,,
j-2023,10,21.11.2023,22.11.2023 09:32:30,20,135,Lubelskie,78,Genetyka kliniczna,2023/028146,Rezydencki,68.29,3.07,24.10.2023 14:18:03,1,NIE,,
j-2023,10,21.11.2023,22.11.2023 09:32:30,21,135,Lubelskie,79,Geriatria,2023/022020,Pozarezydencki,80.00,3.95,27.10.2023 08:28:24,2,NIE,,
j-2023,10,21.11.2023,22.11.2023 09:32:30,21,135,Lubelskie,80,Geriatria,2023/020248,Pozarezydencki,66.36,3.87,27.10.2023 08:29:32,2,NIE,,
j-2023,10,21.11.2023,22.11.2023 09:32:30,21,135,Lubelskie,81,Ginekologia onkologiczna,2023/021550,Pozarezydencki,80.23,4.36,09.10.2023 14:34:26,3,NIE,,
j-2023,10,21.11.2023,22.11.2023 09:32:30,21,135,Lubelskie,82,Ginekologia onkologiczna,2023/025219,Pozarezydencki,74.42,3.81,27.10.2023 11:45:51,3,NIE,,
j-2023,10,21.11.2023,22.11.2023 09:32:30,21,135,Lubelskie,83,Ginekologia onkologiczna,2023/020471,Pozarezydencki,59.55,0.00,09.10.2023 12:16:18,3,NIE,,
j-2023,10,21.11.2023,22.11.2023 09:32:30,21,135,Lubelskie,84,Hematologia,2023/026799,Rezydencki,80.98,4.00,20.10.2023 09:32:15,3,NIE,,
j-2023,10,21.11.2023,22.11.2023 09:32:30,21,135,Lubelskie,85,Hematologia,2023/029037,Rezydencki,79.51,3.43,30.09.2023 21:31:02,3,NIE,,
j-2023,10,21.11.2023,22.11.2023 09:32:30,21,135,Lubelskie,86,Hematologia,2023/024006,Rezydencki,78.26,4.00,19.10.2023 10:52:17,3,NIE,,
j-2023,10,21.11.2023,22.11.2023 09:32:30,21,135,Lubelskie,87,Hematologia,2023/028173,Pozarezydencki,92.73,0.00,28.09.2023 14:41:28,2,NIE,,
j-2023,10,21.11.2023,22.11.2023 09:32:30,21,135,Lubelskie,88,Hematologia,2023/023695,Pozarezydencki,76.82,0.00,11.10.2023 07:35:50,2,NIE,,
j-2023,10,21.11.2023,22.11.2023 09:32:30,21,135,Lubelskie,89,Kardiologia,2023/025102,Rezydencki,94.20,4.66,22.09.2023 18:43:57,11,NIE,,
j-2023,10,21.11.2023,22.11.2023 09:32:30,21,135,Lubelskie,90,Kardiologia,2023/026126,Rezydencki,91.71,4.68,28.09.2023 15:30:33,11,NIE,,
j-2023,10,21.11.2023,22.11.2023 09:32:30,21,135,Lubelskie,91,Kardiologia,2023/019308,Rezydencki,91.30,4.29,05.10.2023 13:58:08,11,NIE,,
j-2023,10,21.11.2023,22.11.2023 09:32:30,21,135,Lubelskie,92,Kardiologia,2023/026739,Rezydencki,90.49,4.46,02.10.2023 19:15:16,11,NIE,,
j-2023,10,21.11.2023,22.11.2023 09:32:30,21,135,Lubelskie,93,Kardiologia,2023/028429,Rezydencki,90.24,4.34,29.09.2023 18:43:18,11,NIE,,
j-2023,10,21.11.2023,22.11.2023 09:32:30,21,135,Lubelskie,94,Kardiologia,2023/022118,Rezydencki,90.24,4.16,19.10.2023 20:36:06,11,NIE,,
j-2023,10,21.11.2023,22.11.2023 09:32:30,21,135,Lubelskie,95,Kardiologia,2023/029674,Rezydencki,89.27,4.05,19.10.2023 14:04:06,11,NIE,,
j-2023,10,21.11.2023,22.11.2023 09:32:30,21,135,Lubelskie,96,Kardiologia,2023/024976,Rezydencki,89.22,4.27,19.10.2023 13:05:34,11,NIE,,
j-2023,10,21.11.2023,22.11.2023 09:32:30,21,135,Lubelskie,97,Kardiologia,2023/029286,Rezydencki,88.78,3.86,19.10.2023 13:44:44,11,NIE,,
j-2023,10,21.11.2023,22.11.2023 09:32:30,21,135,Lubelskie,98,Kardiologia,2023/019393,Rezydencki,88.29,4.25,28.09.2023 11:50:03,11,NIE,,
j-2023,10,21.11.2023,22.11.2023 09:32:30,21,135,Lubelskie,99,Kardiologia,2023/024793,Rezydencki,87.92,4.39,24.10.2023 15:16:27,11,NIE,,
j-2023,10,21.11.2023,22.11.2023 09:32:30,21,135,Lubelskie,100,Kardiologia,2023/022705,Pozarezydencki,81.11,3.89,10.10.2023 20:52:12,3,NIE,,
j-2023,10,21.11.2023,22.11.2023 09:32:30,21,135,Lubelskie,101,Kardiologia,2023/028953,Pozarezydencki,76.61,4.20,26.10.2023 10:02:00,3,NIE,,
j-2023,10,21.11.2023,22.11.2023 09:32:30,21,135,Lubelskie,102,Kardiologia,2023/030145,Pozarezydencki,60.19,3.68,25.10.2023 00:05:47,3,NIE,,
j-2023,10,21.11.2023,22.11.2023 09:32:30,21,135,Lubelskie,103,Medycyna paliatywna,2023/024652,Pozarezydencki,58.41,3.51,23.10.2023 11:08:01,1,NIE,,
j-2023,10,21.11.2023,22.11.2023 09:32:30,21,135,Lubelskie,104,Medycyna pracy,2023/019663,Rezydencki,80.68,3.38,23.10.2023 11:13:34,2,NIE,,
j-2023,10,21.11.2023,22.11.2023 09:32:30,21,135,Lubelskie,105,Medycyna pracy,2023/030198,Rezydencki,67.80,3.11,19.10.2023 10:36:43,2,NIE,,
j-2023,10,21.11.2023,22.11.2023 09:32:30,21,135,Lubelskie,106,Medycyna ratunkowa,2023/022325,Rezydencki,84.54,4.00,18.10.2023 14:48:42,2,NIE,,
j-2023,10,21.11.2023,22.11.2023 09:32:30,21,135,Lubelskie,107,Medycyna ratunkowa,2023/019539,Rezydencki,83.90,3.84,18.10.2023 13:28:42,2,NIE,,
j-2023,10,21.11.2023,22.11.2023 09:32:30,21,135,Lubelskie,108,Medycyna ratunkowa,2023/023889,Pozarezydencki,73.50,3.22,24.10.2023 11:07:14,2,NIE,,
j-2023,10,21.11.2023,22.11.2023 09:32:30,21,135,Lubelskie,109,Medycyna ratunkowa,2023/024693,Pozarezydencki,67.28,0.00,23.10.2023 14:41:08,2,NIE,,
j-2023,10,21.11.2023,22.11.2023 09:32:30,21,135,Lubelskie,110,Medycyna rodzinna,2023/026127,Rezydencki,91.22,4.62,23.10.2023 13:31:38,22,NIE,,
j-2023,10,21.11.2023,22.11.2023 09:32:30,21,135,Lubelskie,111,Medycyna rodzinna,2023/025263,Rezydencki,90.24,4.36,19.10.2023 12:40:52,22,NIE,,
j-2023,10,21.11.2023,22.11.2023 09:32:30,21,135,Lubelskie,112,Medycyna rodzinna,2023/026158,Rezydencki,89.86,4.50,25.09.2023 19:05:17,22,NIE,,
j-2023,10,21.11.2023,22.11.2023 09:32:30,21,135,Lubelskie,113,Medycyna rodzinna,2023/028502,Rezydencki,87.32,3.91,19.10.2023 13:17:52,22,NIE,,
j-2023,10,21.11.2023,22.11.2023 09:32:30,21,135,Lubelskie,114,Medycyna rodzinna,2023/024331,Rezydencki,87.01,4.03,28.09.2023 20:41:52,22,NIE,,
j-2023,10,21.11.2023,22.11.2023 09:32:30,21,135,Lubelskie,115,Medycyna rodzinna,2023/029099,Rezydencki,86.76,4.16,22.10.2023 19:27:28,22,NIE,,
j-2023,10,21.11.2023,22.11.2023 09:32:30,21,135,Lubelskie,116,Medycyna rodzinna,2023/030199,Rezydencki,86.52,3.96,20.10.2023 10:30:17,22,NIE,,
j-2023,10,21.11.2023,22.11.2023 09:32:30,22,135,Lubelskie,117,Medycyna rodzinna,2023/021495,Rezydencki,86.34,3.40,19.10.2023 18:47:12,22,NIE,,
j-2023,10,21.11.2023,22.11.2023 09:32:30,22,135,Lubelskie,118,Medycyna rodzinna,2023/023201,Rezydencki,86.27,3.78,18.10.2023 14:24:48,22,NIE,,
j-2023,10,21.11.2023,22.11.2023 09:32:30,22,135,Lubelskie,119,Medycyna rodzinna,2023/022694,Rezydencki,85.27,3.61,23.10.2023 11:06:41,22,NIE,,
j-2023,10,21.11.2023,22.11.2023 09:32:30,22,135,Lubelskie,120,Medycyna rodzinna,2023/020146,Rezydencki,85.02,4.29,23.10.2023 08:44:35,22,NIE,,
j-2023,10,21.11.2023,22.11.2023 09:32:30,22,135,Lubelskie,121,Medycyna rodzinna,2023/025766,Rezydencki,84.39,3.48,30.10.2023 15:57:34,22,NIE,,
j-2023,10,21.11.2023,22.11.2023 09:32:30,22,135,Lubelskie,122,Medycyna rodzinna,2023/029306,Rezydencki,81.95,3.28,24.10.2023 18:52:20,22,NIE,,
j-2023,10,21.11.2023,22.11.2023 09:32:30,22,135,Lubelskie,123,Medycyna rodzinna,2023/027384,Rezydencki,81.40,3.49,23.10.2023 13:11:42,22,NIE,,
j-2023,10,21.11.2023,22.11.2023 09:32:30,22,135,Lubelskie,124,Medycyna rodzinna,2023/025612,Rezydencki,79.71,3.98,19.10.2023 08:47:27,22,NIE,,
j-2023,10,21.11.2023,22.11.2023 09:32:30,22,135,Lubelskie,125,Medycyna rodzinna,2023/029906,Rezydencki,78.05,3.63,19.10.2023 12:58:11,22,NIE,,
j-2023,10,21.11.2023,22.11.2023 09:32:30,22,135,Lubelskie,126,Medycyna rodzinna,2023/028420,Rezydencki,76.10,3.44,02.10.2023 11:55:24,22,NIE,,
j-2023,10,21.11.2023,22.11.2023 09:32:30,22,135,Lubelskie,127,Medycyna rodzinna,2023/027704,Rezydencki,75.61,3.83,23.10.2023 20:28:47,22,NIE,,
j-2023,10,21.11.2023,22.11.2023 09:32:30,22,135,Lubelskie,128,Medycyna rodzinna,2023/026452,Rezydencki,71.01,3.68,30.10.2023 14:44:23,22,NIE,,
j-2023,10,21.11.2023,22.11.2023 09:32:30,22,135,Lubelskie,129,Medycyna rodzinna,2023/024320,Rezydencki,68.14,4.00,09.10.2023 11:27:24,22,NIE,,
j-2023,10,21.11.2023,22.11.2023 09:32:30,22,135,Lubelskie,130,Medycyna rodzinna,2023/029441,Rezydencki,68.14,3.69,26.10.2023 09:43:44,22,NIE,,
j-2023,10,21.11.2023,22.11.2023 09:32:30,22,135,Lubelskie,131,Medycyna rodzinna,2023/025716,Rezydencki,66.18,2.91,26.09.2023 20:34:29,22,NIE,,
j-2023,10,21.11.2023,22.11.2023 09:32:30,22,135,Lubelskie,132,Medycyna rodzinna,2023/026833,Pozarezydencki,82.49,4.02,10.10.2023 09:45:07,2,NIE,,
j-2023,10,21.11.2023,22.11.2023 09:32:30,22,135,Lubelskie,133,Medycyna rodzinna,2023/029531,Pozarezydencki,0.00,3.88,29.10.2023 21:28:46,2,NIE,,
j-2023,10,21.11.2023,22.11.2023 09:32:30,22,135,Lubelskie,134,Nefrologia,2023/023722,Rezydencki,87.50,4.27,18.09.2023 12:50:14,2,NIE,,
j-2023,10,21.11.2023,22.11.2023 09:32:30,22,135,Lubelskie,135,Nefrologia,2023/025549,Rezydencki,78.54,3.53,19.10.2023 13:24:12,2,NIE,,
j-2023,10,21.11.2023,22.11.2023 09:32:30,22,135,Lubelskie,136,Nefrologia dziecięca,2023/029776,Rezydencki,89.02,4.05,30.09.2023 23:58:49,1,NIE,,
j-2023,10,21.11.2023,22.11.2023 09:32:30,22,135,Lubelskie,137,Neonatologia,2023/026310,Rezydencki,91.71,4.25,29.09.2023 21:57:10,4,NIE,,
j-2023,10,21.11.2023,22.11.2023 09:32:30,22,135,Lubelskie,138,Neonatologia,2023/026695,Rezydencki,86.47,4.14,18.10.2023 16:51:01,4,NIE,,
j-2023,10,21.11.2023,22.11.2023 09:32:30,22,135,Lubelskie,139,Neonatologia,2023/022778,Rezydencki,86.34,4.55,29.09.2023 20:47:27,4,NIE,,
j-2023,10,21.11.2023,22.11.2023 09:32:30,22,135,Lubelskie,140,Neonatologia,2023/025738,Rezydencki,85.37,3.55,30.09.2023 23:34:44,4,NIE,,
j-2023,10,21.11.2023,22.11.2023 09:32:30,22,135,Lubelskie,141,Neonatologia,2023/022771,Pozarezydencki,84.55,4.16,22.10.2023 19:36:04,1,NIE,,
j-2023,10,21.11.2023,22.11.2023 09:32:30,22,135,Lubelskie,142,Neurologia,2023/025624,Rezydencki,93.24,4.43,19.10.2023 21:16:22,19,NIE,,
j-2023,10,21.11.2023,22.11.2023 09:32:30,22,135,Lubelskie,143,Neurologia,2023/024625,Rezydencki,90.82,4.41,19.10.2023 13:22:47,19,NIE,,
j-2023,10,21.11.2023,22.11.2023 09:32:30,22,135,Lubelskie,144,Neurologia,2023/024477,Rezydencki,90.20,4.27,27.09.2023 18:05:15,19,NIE,,
j-2023,10,21.11.2023,22.11.2023 09:32:30,22,135,Lubelskie,145,Neurologia,2023/029040,Rezydencki,89.76,4.45,29.09.2023 16:08:52,19,NIE,,
j-2023,10,21.11.2023,22.11.2023 09:32:30,22,135,Lubelskie,146,Neurologia,2023/030018,Rezydencki,88.73,4.63,02.10.2023 19:44:40,19,NIE,,
j-2023,10,21.11.2023,22.11.2023 09:32:30,22,135,Lubelskie,147,Neurologia,2023/028450,Rezydencki,87.92,4.32,28.09.2023 19:38:42,19,NIE,,
j-2023,10,21.11.2023,22.11.2023 09:32:30,22,135,Lubelskie,148,Neurologia,2023/023867,Rezydencki,87.68,4.29,24.09.2023 16:03:07,19,NIE,,
j-2023,10,21.11.2023,22.11.2023 09:32:30,22,135,Lubelskie,149,Neurologia,2023/029691,Rezydencki,87.25,3.68,19.10.2023 21:48:37,19,NIE,,
j-2023,10,21.11.2023,22.11.2023 09:32:30,22,135,Lubelskie,150,Neurologia,2023/026743,Rezydencki,86.96,4.24,19.10.2023 12:18:52,19,NIE,,
j-2023,10,21.11.2023,22.11.2023 09:32:30,22,135,Lubelskie,151,Neurologia,2023/027965,Rezydencki,86.83,3.63,28.09.2023 21:41:20,19,NIE,,
j-2023,10,21.11.2023,22.11.2023 09:32:30,22,135,Lubelskie,152,Neurologia,2023/027487,Rezydencki,84.88,3.61,23.10.2023 11:06:56,19,NIE,,
j-2023,10,21.11.2023,22.11.2023 09:32:30,22,135,Lubelskie,153,Neurologia,2023/022345,Rezydencki,83.90,4.20,02.10.2023 18:30:59,19,NIE,,
j-2023,10,21.11.2023,22.11.2023 09:32:30,22,135,Lubelskie,154,Neurologia,2023/024486,Rezydencki,82.61,3.81,28.09.2023 21:27:57,19,NIE,,
j-2023,10,21.11.2023,22.11.2023 09:32:30,23,135,Lubelskie,155,Neurologia,2023/026437,Rezydencki,81.64,3.72,02.10.2023 06:53:25,19,NIE,,
j-2023,10,21.11.2023,22.11.2023 09:32:30,23,135,Lubelskie,156,Neurologia,2023/027972,Rezydencki,80.98,3.90,17.10.2023 17:07:26,19,NIE,,
j-2023,10,21.11.2023,22.11.2023 09:32:30,23,135,Lubelskie,157,Neurologia,2023/026443,Rezydencki,80.98,3.36,20.10.2023 19:16:19,19,NIE,,
j-2023,10,21.11.2023,22.11.2023 09:32:30,23,135,Lubelskie,158,Neurologia,2023/028207,Rezydencki,79.71,3.67,22.10.2023 18:31:14,19,NIE,,
j-2023,10,21.11.2023,22.11.2023 09:32:30,23,135,Lubelskie,159,Neurologia,2023/026260,Rezydencki,67.65,0.00,24.10.2023 17:20:38,19,NIE,,
j-2023,10,21.11.2023,22.11.2023 09:32:30,23,135,Lubelskie,160,Neurologia,2023/022278,Rezydencki,65.69,3.37,19.10.2023 19:01:00,19,NIE,,
j-2023,10,21.11.2023,22.11.2023 09:32:30,23,135,Lubelskie,161,Okulistyka,2023/027234,Rezydencki,89.95,4.63,09.10.2023 12:20:59,7,NIE,,
j-2023,10,21.11.2023,22.11.2023 09:32:30,23,135,Lubelskie,162,Okulistyka,2023/029472,Rezydencki,89.22,3.58,19.10.2023 20:32:06,7,NIE,,
j-2023,10,21.11.2023,22.11.2023 09:32:30,23,135,Lubelskie,163,Okulistyka,2023/019984,Rezydencki,88.54,3.81,28.09.2023 19:41:43,7,NIE,,
j-2023,10,21.11.2023,22.11.2023 09:32:30,23,135,Lubelskie,164,Okulistyka,2023/031004,Rezydencki,88.24,4.13,22.10.2023 20:41:55,7,NIE,,
j-2023,10,21.11.2023,22.11.2023 09:32:30,23,135,Lubelskie,165,Okulistyka,2023/020332,Rezydencki,87.92,4.23,24.09.2023 20:23:09,7,NIE,,
j-2023,10,21.11.2023,22.11.2023 09:32:30,23,135,Lubelskie,166,Okulistyka,2023/022131,Rezydencki,87.75,4.04,30.09.2023 13:41:47,7,NIE,,
j-2023,10,21.11.2023,22.11.2023 09:32:30,23,135,Lubelskie,167,Okulistyka,2023/028301,Rezydencki,87.75,3.96,29.09.2023 17:44:48,7,NIE,,
j-2023,10,21.11.2023,22.11.2023 09:32:30,23,135,Lubelskie,168,Onkologia kliniczna,2023/027258,Rezydencki,88.73,4.21,19.10.2023 15:29:09,3,NIE,,
j-2023,10,21.11.2023,22.11.2023 09:32:30,23,135,Lubelskie,169,Onkologia kliniczna,2023/025614,Rezydencki,88.29,4.22,23.10.2023 17:41:09,3,NIE,,
j-2023,10,21.11.2023,22.11.2023 09:32:30,23,135,Lubelskie,170,Onkologia kliniczna,2023/026614,Rezydencki,80.68,3.47,19.10.2023 23:38:17,3,NIE,,
j-2023,10,21.11.2023,22.11.2023 09:32:30,23,135,Lubelskie,171,Onkologia kliniczna,2023/027790,Pozarezydencki,92.86,4.52,10.10.2023 20:28:20,1,NIE,,
j-2023,10,21.11.2023,22.11.2023 09:32:30,23,135,Lubelskie,172,Ortodoncja,2023/019634,Rezydencki,90.00,4.26,01.09.2023 12:37:04,1,NIE,,
j-2023,10,21.11.2023,22.11.2023 09:32:30,23,135,Lubelskie,173,Ortopedia i traumatologia narządu ruchu,2023/026036,Rezydencki,90.10,3.90,23.10.2023 16:27:43,17,NIE,,
j-2023,10,21.11.2023,22.11.2023 09:32:30,23,135,Lubelskie,174,Ortopedia i traumatologia narządu ruchu,2023/027044,Rezydencki,87.75,4.07,23.10.2023 13:10:29,17,NIE,,
j-2023,10,21.11.2023,22.11.2023 09:32:30,23,135,Lubelskie,175,Ortopedia i traumatologia narządu ruchu,2023/029126,Rezydencki,87.75,4.00,23.10.2023 14:24:22,17,NIE,,
j-2023,10,21.11.2023,22.11.2023 09:32:30,23,135,Lubelskie,176,Ortopedia i traumatologia narządu ruchu,2023/024942,Rezydencki,87.07,4.39,02.10.2023 18:02:32,17,NIE,,
j-2023,10,21.11.2023,22.11.2023 09:32:30,23,135,Lubelskie,177,Ortopedia i traumatologia narządu ruchu,2023/028903,Rezydencki,86.76,3.23,23.10.2023 11:44:15,17,NIE,,
j-2023,10,21.11.2023,22.11.2023 09:32:30,23,135,Lubelskie,178,Ortopedia i traumatologia narządu ruchu,2023/030610,Rezydencki,86.34,0.00,02.10.2023 20:23:19,17,NIE,,
j-2023,10,21.11.2023,22.11.2023 09:32:30,23,135,Lubelskie,179,Ortopedia i traumatologia narządu ruchu,2023/026701,Rezydencki,85.27,3.63,23.10.2023 11:27:03,17,NIE,,
j-2023,10,21.11.2023,22.11.2023 09:32:30,23,135,Lubelskie,180,Ortopedia i traumatologia narządu ruchu,2023/029339,Rezydencki,85.27,3.45,25.10.2023 18:56:48,17,NIE,,
j-2023,10,21.11.2023,22.11.2023 09:32:30,23,135,Lubelskie,181,Ortopedia i traumatologia narządu ruchu,2023/022127,Rezydencki,83.09,3.80,23.10.2023 10:12:18,17,NIE,,
j-2023,10,21.11.2023,22.11.2023 09:32:30,23,135,Lubelskie,182,Ortopedia i traumatologia narządu ruchu,2023/029183,Rezydencki,82.37,3.59,23.10.2023 10:42:06,17,NIE,,
j-2023,10,21.11.2023,22.11.2023 09:32:30,23,135,Lubelskie,183,Ortopedia i traumatologia narządu ruchu,2023/023661,Rezydencki,79.51,3.38,23.10.2023 11:14:09,17,NIE,,
j-2023,10,21.11.2023,22.11.2023 09:32:30,23,135,Lubelskie,184,Ortopedia i traumatologia narządu ruchu,2023/026343,Rezydencki,78.92,2.56,02.10.2023 23:32:28,17,NIE,,
j-2023,10,21.11.2023,22.11.2023 09:32:30,23,135,Lubelskie,185,Ortopedia i traumatologia narządu ruchu,2023/028809,Rezydencki,77.94,3.59,23.10.2023 10:33:36,17,NIE,,
j-2023,10,21.11.2023,22.11.2023 09:32:30,23,135,Lubelskie,186,Ortopedia i traumatologia narządu ruchu,2023/028228,Rezydencki,75.12,3.49,19.10.2023 12:34:38,17,NIE,,
j-2023,10,21.11.2023,22.11.2023 09:32:30,23,135,Lubelskie,187,Ortopedia i traumatologia narządu ruchu,2023/028626,Rezydencki,73.04,3.33,01.10.2023 19:02:01,17,NIE,,
j-2023,10,21.11.2023,22.11.2023 09:32:30,23,135,Lubelskie,188,Ortopedia i traumatologia narządu ruchu,2023/029667,Rezydencki,71.71,3.83,26.10.2023 12:06:34,17,NIE,,
j-2023,10,21.11.2023,22.11.2023 09:32:30,23,135,Lubelskie,189,Ortopedia i traumatologia narządu ruchu,2023/029708,Rezydencki,56.59,3.53,23.10.2023 10:57:09,17,NIE,,
j-2023,10,21.11.2023,22.11.2023 09:32:30,23,135,Lubelskie,190,Otorynolaryngologia,2023/025378,Rezydencki,90.10,3.88,06.10.2023 17:51:06,4,NIE,,
j-2023,10,21.11.2023,22.11.2023 09:32:30,23,135,Lubelskie,191,Otorynolaryngologia,2023/026097,Rezydencki,89.95,4.30,02.10.2023 20:23:59,4,NIE,,
j-2023,10,21.11.2023,22.11.2023 09:32:30,23,135,Lubelskie,192,Otorynolaryngologia,2023/028599,Rezydencki,89.13,4.41,02.10.2023 20:12:08,4,NIE,,
j-2023,10,21.11.2023,22.11.2023 09:32:30,24,135,Lubelskie,193,Otorynolaryngologia,2023/021888,Rezydencki,87.01,4.71,19.10.2023 14:52:03,4,NIE,,
j-2023,10,21.11.2023,22.11.2023 09:32:30,24,135,Lubelskie,194,Otorynolaryngologia dziecięca,2023/028602,Rezydencki,83.57,3.78,21.10.2023 09:26:47,1,NIE,,
j-2023,10,21.11.2023,22.11.2023 09:32:30,24,135,Lubelskie,195,Patomorfologia,2023/026359,Rezydencki,84.54,3.95,09.10.2023 21:52:21,1,NIE,,
j-2023,10,21.11.2023,22.11.2023 09:32:30,24,135,Lubelskie,196,Pediatria,2023/028538,Rezydencki,90.58,4.68,02.10.2023 15:18:47,13,NIE,,
j-2023,10,21.11.2023,22.11.2023 09:32:30,24,135,Lubelskie,197,Pediatria,2023/027960,Rezydencki,90.24,4.48,18.10.2023 14:58:06,13,NIE,,
j-2023,10,21.11.2023,22.11.2023 09:32:30,24,135,Lubelskie,198,Pediatria,2023/022956,Rezydencki,90.00,4.21,28.09.2023 15:37:07,13,NIE,,
j-2023,10,21.11.2023,22.11.2023 09:32:30,24,135,Lubelskie,199,Pediatria,2023/027580,Rezydencki,89.22,4.34,19.10.2023 14:51:00,13,NIE,,
j-2023,10,21.11.2023,22.11.2023 09:32:30,24,135,Lubelskie,200,Pediatria,2023/027998,Rezydencki,88.97,4.30,18.10.2023 15:20:33,13,NIE,,
j-2023,10,21.11.2023,22.11.2023 09:32:30,24,135,Lubelskie,201,Pediatria,2023/028320,Rezydencki,88.24,4.13,28.09.2023 17:20:12,13,NIE,,
j-2023,10,21.11.2023,22.11.2023 09:32:30,24,135,Lubelskie,202,Pediatria,2023/027311,Rezydencki,87.75,3.82,20.10.2023 21:47:19,13,NIE,,
j-2023,10,21.11.2023,22.11.2023 09:32:30,24,135,Lubelskie,203,Pediatria,2023/025125,Rezydencki,87.32,4.07,01.10.2023 20:24:43,13,NIE,,
j-2023,10,21.11.2023,22.11.2023 09:32:30,24,135,Lubelskie,204,Pediatria,2023/026818,Rezydencki,87.32,3.97,18.10.2023 14:56:03,13,NIE,,
j-2023,10,21.11.2023,22.11.2023 09:32:30,24,135,Lubelskie,205,Pediatria,2023/028939,Rezydencki,87.25,3.70,23.10.2023 13:53:30,13,NIE,,
j-2023,10,21.11.2023,22.11.2023 09:32:30,24,135,Lubelskie,206,Pediatria,2023/029730,Rezydencki,86.76,3.93,01.10.2023 22:57:36,13,NIE,,
j-2023,10,21.11.2023,22.11.2023 09:32:30,24,135,Lubelskie,207,Pediatria,2023/024426,Rezydencki,86.27,3.89,18.10.2023 14:16:54,13,NIE,,
j-2023,10,21.11.2023,22.11.2023 09:32:30,24,135,Lubelskie,208,Pediatria,2023/021302,Rezydencki,86.23,3.34,23.10.2023 13:12:23,13,NIE,,
j-2023,10,21.11.2023,22.11.2023 09:32:30,24,135,Lubelskie,209,Pediatria,2023/027782,Pozarezydencki,68.87,3.90,25.10.2023 22:44:23,2,NIE,,
j-2023,10,21.11.2023,22.11.2023 09:32:30,24,135,Lubelskie,210,Pediatria,2023/025179,Pozarezydencki,60.75,3.47,26.10.2023 09:10:16,2,NIE,,
j-2023,10,21.11.2023,22.11.2023 09:32:30,24,135,Lubelskie,211,Perinatologia,2023/025711,Pozarezydencki,80.00,4.23,11.10.2023 20:26:22,1,NIE,,
j-2023,10,21.11.2023,22.11.2023 09:32:30,24,135,Lubelskie,212,Położnictwo i ginekologia,2023/028452,Rezydencki,92.65,4.54,02.10.2023 22:03:43,8,NIE,,
j-2023,10,21.11.2023,22.11.2023 09:32:30,24,135,Lubelskie,213,Położnictwo i ginekologia,2023/029089,Rezydencki,91.79,4.29,29.09.2023 17:26:16,8,NIE,,
j-2023,10,21.11.2023,22.11.2023 09:32:30,24,135,Lubelskie,214,Położnictwo i ginekologia,2023/028910,Rezydencki,89.76,3.95,23.10.2023 11:22:11,8,NIE,,
j-2023,10,21.11.2023,22.11.2023 09:32:30,24,135,Lubelskie,215,Położnictwo i ginekologia,2023/025373,Rezydencki,88.89,4.39,19.10.2023 09:23:13,8,NIE,,
j-2023,10,21.11.2023,22.11.2023 09:32:30,24,135,Lubelskie,216,Położnictwo i ginekologia,2023/028539,Rezydencki,88.05,4.39,30.09.2023 18:35:42,8,NIE,,
j-2023,10,21.11.2023,22.11.2023 09:32:30,24,135,Lubelskie,217,Położnictwo i ginekologia,2023/019226,Rezydencki,87.92,4.10,23.10.2023 11:17:23,8,NIE,,
j-2023,10,21.11.2023,22.11.2023 09:32:30,24,135,Lubelskie,218,Położnictwo i ginekologia,2023/026241,Rezydencki,87.32,4.07,02.10.2023 15:38:33,8,NIE,,
j-2023,10,21.11.2023,22.11.2023 09:32:30,24,135,Lubelskie,219,Położnictwo i ginekologia,2023/026090,Rezydencki,87.32,3.98,30.09.2023 14:37:49,8,NIE,,
j-2023,10,21.11.2023,22.11.2023 09:32:30,24,135,Lubelskie,220,Położnictwo i ginekologia,2023/026256,Pozarezydencki,70.78,4.30,23.10.2023 19:51:20,1,NIE,,
j-2023,10,21.11.2023,22.11.2023 09:32:30,24,135,Lubelskie,221,Psychiatria,2023/028132,Rezydencki,90.69,4.55,19.10.2023 23:57:11,12,NIE,,
j-2023,10,21.11.2023,22.11.2023 09:32:30,24,135,Lubelskie,222,Psychiatria,2023/024155,Rezydencki,89.13,3.72,19.10.2023 14:49:30,12,NIE,,
j-2023,10,21.11.2023,22.11.2023 09:32:30,24,135,Lubelskie,223,Psychiatria,2023/028997,Rezydencki,88.73,4.27,29.09.2023 15:08:19,12,NIE,,
j-2023,10,21.11.2023,22.11.2023 09:32:30,24,135,Lubelskie,224,Psychiatria,2023/027199,Rezydencki,88.41,4.29,29.09.2023 12:42:40,12,NIE,,
j-2023,10,21.11.2023,22.11.2023 09:32:30,24,135,Lubelskie,225,Psychiatria,2023/029005,Rezydencki,87.75,4.41,02.10.2023 22:24:45,12,NIE,,
j-2023,10,21.11.2023,22.11.2023 09:32:30,24,135,Lubelskie,226,Psychiatria,2023/021188,Rezydencki,87.44,3.78,26.09.2023 19:07:32,12,NIE,,
j-2023,10,21.11.2023,22.11.2023 09:32:30,24,135,Lubelskie,227,Psychiatria,2023/022640,Rezydencki,87.32,4.32,18.10.2023 15:34:14,12,NIE,,
j-2023,10,21.11.2023,22.11.2023 09:32:30,24,135,Lubelskie,228,Psychiatria,2023/029320,Rezydencki,87.32,4.17,20.10.2023 13:22:45,12,NIE,,
j-2023,10,21.11.2023,22.11.2023 09:32:30,24,135,Lubelskie,229,Psychiatria,2023/027079,Rezydencki,86.76,3.62,29.09.2023 15:37:30,12,NIE,,
j-2023,10,21.11.2023,22.11.2023 09:32:30,24,135,Lubelskie,230,Psychiatria,2023/021965,Rezydencki,86.47,3.91,19.10.2023 10:19:52,12,NIE,,
j-2023,10,21.11.2023,22.11.2023 09:32:30,25,135,Lubelskie,231,Psychiatria,2023/026725,Rezydencki,86.23,4.75,26.09.2023 16:43:32,12,NIE,,
j-2023,10,21.11.2023,22.11.2023 09:32:30,25,135,Lubelskie,232,Psychiatria,2023/030124,Rezydencki,83.82,3.30,19.10.2023 16:27:03,12,NIE,,
j-2023,10,21.11.2023,22.11.2023 09:32:30,25,135,Lubelskie,233,Psychiatria,2023/021022,Pozarezydencki,70.75,4.17,19.10.2023 12:30:54,2,NIE,,
j-2023,10,21.11.2023,22.11.2023 09:32:30,25,135,Lubelskie,234,Psychiatria,2023/019503,Pozarezydencki,43.12,0.00,27.10.2023 11:36:54,2,NIE,,
j-2023,10,21.11.2023,22.11.2023 09:32:30,25,135,Lubelskie,235,Psychiatria dzieci i młodzieży,2023/028174,Rezydencki,86.76,3.79,19.10.2023 22:28:10,1,NIE,,
j-2023,10,21.11.2023,22.11.2023 09:32:30,25,135,Lubelskie,236,Psychiatria dzieci i młodzieży,2023/028666,Pozarezydencki,76.04,3.26,25.10.2023 18:11:17,1,NIE,,
j-2023,10,21.11.2023,22.11.2023 09:32:30,25,135,Lubelskie,237,Radiologia i diagnostyka obrazowa,2023/022144,Rezydencki,92.68,4.45,28.09.2023 11:12:17,11,NIE,,
j-2023,10,21.11.2023,22.11.2023 09:32:30,25,135,Lubelskie,238,Radiologia i diagnostyka obrazowa,2023/020559,Rezydencki,92.27,4.64,04.09.2023 18:07:59,11,NIE,,
j-2023,10,21.11.2023,22.11.2023 09:32:30,25,135,Lubelskie,239,Radiologia i diagnostyka obrazowa,2023/027562,Rezydencki,92.16,4.79,18.10.2023 16:05:10,11,NIE,,
j-2023,10,21.11.2023,22.11.2023 09:32:30,25,135,Lubelskie,240,Radiologia i diagnostyka obrazowa,2023/021489,Rezydencki,91.71,4.12,28.09.2023 19:29:57,11,NIE,,
j-2023,10,21.11.2023,22.11.2023 09:32:30,25,135,Lubelskie,241,Radiologia i diagnostyka obrazowa,2023/020181,Rezydencki,91.30,4.50,01.10.2023 19:56:35,11,NIE,,
j-2023,10,21.11.2023,22.11.2023 09:32:30,25,135,Lubelskie,242,Radiologia i diagnostyka obrazowa,2023/027530,Rezydencki,91.30,4.02,24.10.2023 08:19:31,11,NIE,,
j-2023,10,21.11.2023,22.11.2023 09:32:30,25,135,Lubelskie,243,Radiologia i diagnostyka obrazowa,2023/030231,Rezydencki,91.18,4.00,02.10.2023 21:19:35,11,NIE,,
j-2023,10,21.11.2023,22.11.2023 09:32:30,25,135,Lubelskie,244,Radiologia i diagnostyka obrazowa,2023/023186,Rezydencki,90.73,4.82,02.10.2023 22:50:29,11,NIE,,
j-2023,10,21.11.2023,22.11.2023 09:32:30,25,135,Lubelskie,245,Radiologia i diagnostyka obrazowa,2023/026765,Rezydencki,90.69,3.84,18.10.2023 15:52:24,11,NIE,,
j-2023,10,21.11.2023,22.11.2023 09:32:30,25,135,Lubelskie,246,Radiologia i diagnostyka obrazowa,2023/025060,Rezydencki,89.22,4.00,20.10.2023 14:01:58,11,NIE,,
j-2023,10,21.11.2023,22.11.2023 09:32:30,25,135,Lubelskie,247,Radiologia i diagnostyka obrazowa,2023/029664,Rezydencki,88.73,3.90,25.10.2023 15:09:43,11,NIE,,
j-2023,10,21.11.2023,22.11.2023 09:32:30,25,135,Lubelskie,248,Radiologia i diagnostyka obrazowa,2023/030118,Pozarezydencki,78.60,3.09,24.10.2023 11:26:07,2,NIE,,
j-2023,10,21.11.2023,22.11.2023 09:32:30,25,135,Lubelskie,249,Radiologia i diagnostyka obrazowa,2023/021883,Pozarezydencki,73.15,0.00,23.10.2023 11:57:06,2,NIE,,
j-2023,10,21.11.2023,22.11.2023 09:32:30,25,135,Lubelskie,250,Radioterapia onkologiczna,2023/027344,Rezydencki,79.52,3.59,10.10.2023 18:39:34,1,NIE,,
j-2023,10,21.11.2023,22.11.2023 09:32:30,25,135,Lubelskie,251,Rehabilitacja medyczna,2023/025782,Rezydencki,80.48,3.79,20.10.2023 14:48:38,1,NIE,,
j-2023,10,21.11.2023,22.11.2023 09:32:30,25,135,Lubelskie,252,Reumatologia,2023/029597,Rezydencki,88.97,4.46,02.10.2023 22:58:07,1,NIE,,
j-2023,10,21.11.2023,22.11.2023 09:32:30,25,135,Lubelskie,253,Reumatologia,2023/027780,Pozarezydencki,76.28,3.62,24.10.2023 09:32:41,1,NIE,,
j-2023,10,21.11.2023,22.11.2023 09:32:30,25,135,Lubelskie,254,Stomatologia zachowawcza z endodoncją,2023/027066,Rezydencki,62.07,3.56,27.09.2023 10:18:29,1,NIE,,
j-2023,10,21.11.2023,22.11.2023 09:32:30,25,135,Lubelskie,255,Transfuzjologia kliniczna,2023/030724,Rezydencki,75.36,3.43,25.10.2023 23:42:00,1,NIE,,
j-2023,10,21.11.2023,22.11.2023 09:32:30,25,135,Lubelskie,256,Transfuzjologia kliniczna,2023/024190,Pozarezydencki,55.00,0.00,17.10.2023 12:25:16,1,NIE,,
j-2023,10,21.11.2023,22.11.2023 09:32:30,25,135,Lubelskie,257,Transplantologia kliniczna,2023/028188,Pozarezydencki,76.59,4.24,16.10.2023 14:03:56,2,NIE,,
j-2023,10,21.11.2023,22.11.2023 09:32:30,25,135,Lubelskie,258,Transplantologia kliniczna,2023/028184,Pozarezydencki,70.91,0.00,12.10.2023 19:06:50,2,NIE,,
j-2023,10,21.11.2023,22.11.2023 09:32:30,25,135,Lubelskie,259,Urologia,2023/028985,Rezydencki,88.89,4.14,18.10.2023 15:30:58,6,NIE,,
j-2023,10,21.11.2023,22.11.2023 09:32:30,25,135,Lubelskie,260,Urologia,2023/023830,Rezydencki,88.24,4.00,23.10.2023 11:26:57,6,NIE,,
j-2023,10,21.11.2023,22.11.2023 09:32:30,25,135,Lubelskie,261,Urologia,2023/024627,Rezydencki,88.16,4.21,24.09.2023 16:13:05,6,NIE,,
j-2023,10,21.11.2023,22.11.2023 09:32:30,25,135,Lubelskie,262,Urologia,2023/029972,Rezydencki,88.16,3.79,19.10.2023 12:20:04,6,NIE,,
j-2023,10,21.11.2023,22.11.2023 09:32:30,25,135,Lubelskie,263,Urologia,2023/029279,Rezydencki,88.05,4.13,19.10.2023 12:41:22,6,NIE,,
j-2023,10,21.11.2023,22.11.2023 09:32:30,25,135,Lubelskie,264,Urologia,2023/027305,Rezydencki,87.80,4.07,01.10.2023 19:38:44,6,NIE,,
j-2023,10,21.11.2023,22.11.2023 09:32:30,25,135,Lubelskie,265,Zdrowie publiczne,2023/027748,Rezydencki,83.33,4.07,20.10.2023 13:33:59,1,NIE,,
j-2023,10,21.11.2023,22.11.2023 09:32:30,26,135,Lubelskie,1,Psychiatria,2023/027630,Rezydencki,90.82,4.23,02.10.2023 18:34:26,1,TAK,Samodzielny Publiczny Szpital Kliniczny Nr 1 w Lublinie,"I Klinika Psychiatrii, Psychoterapii i Wczesnej Interwencji"
j-2023,10,21.11.2023,22.11.2023 09:32:30,26,135,Lubelskie,1,Pediatria,2023/019323,Rezydencki,89.71,4.30,01.09.2023 03:28:38,1,TAK,Uniwersytecki Szpital Dziecięcy w Lublinie,Oddział Pediatrii i Nefrologii - Klinika Nefrologii Dzieciecej
j-2023,10,21.11.2023,22.11.2023 09:32:30,26,135,Lubuskie,1,Anestezjologia i intensywna terapia,2023/024189,Rezydencki,88.89,4.36,27.09.2023 17:25:57,4,NIE,,
j-2023,10,21.11.2023,22.11.2023 09:32:30,26,135,Lubuskie,2,Anestezjologia i intensywna terapia,2023/027490,Rezydencki,81.86,3.73,30.09.2023 00:24:02,4,NIE,,
j-2023,10,21.11.2023,22.11.2023 09:32:30,26,135,Lubuskie,3,Anestezjologia i intensywna terapia,2023/025019,Rezydencki,75.61,0.00,28.09.2023 15:19:46,4,NIE,,
j-2023,10,21.11.2023,22.11.2023 09:32:30,26,135,Lubuskie,4,Anestezjologia i intensywna terapia,2023/020990,Rezydencki,73.17,3.85,24.10.2023 12:26:36,4,NIE,,
j-2023,10,21.11.2023,22.11.2023 09:32:30,26,135,Lubuskie,5,Chirurgia dziecięca,2023/025749,Rezydencki,83.57,3.81,24.09.2023 22:28:52,2,NIE,,
j-2023,10,21.11.2023,22.11.2023 09:32:30,26,135,Lubuskie,6,Chirurgia dziecięca,2023/029864,Rezydencki,77.56,3.33,01.10.2023 20:04:40,2,NIE,,
j-2023,10,21.11.2023,22.11.2023 09:32:30,26,135,Lubuskie,7,Chirurgia klatki piersiowej,2023/020752,Rezydencki,80.49,3.82,29.09.2023 09:54:38,1,NIE,,
j-2023,10,21.11.2023,22.11.2023 09:32:30,26,135,Lubuskie,8,Chirurgia naczyniowa,2023/025700,Rezydencki,82.35,4.11,02.10.2023 16:01:50,1,NIE,,
j-2023,10,21.11.2023,22.11.2023 09:32:30,26,135,Lubuskie,9,Chirurgia naczyniowa,2023/026807,Pozarezydencki,70.91,0.00,14.10.2023 00:22:41,1,NIE,,
j-2023,10,21.11.2023,22.11.2023 09:32:30,26,135,Lubuskie,10,Chirurgia ogólna,2023/024162,Rezydencki,86.34,3.97,28.09.2023 09:51:30,3,NIE,,
j-2023,10,21.11.2023,22.11.2023 09:32:30,26,135,Lubuskie,11,Chirurgia ogólna,2023/023259,Rezydencki,67.15,4.26,16.09.2023 10:07:20,3,NIE,,
j-2023,10,21.11.2023,22.11.2023 09:32:30,26,135,Lubuskie,12,Chirurgia ogólna,2023/024406,Rezydencki,66.67,0.00,29.09.2023 17:34:21,3,NIE,,
j-2023,10,21.11.2023,22.11.2023 09:32:30,26,135,Lubuskie,13,Chirurgia onkologiczna,2023/022663,Pozarezydencki,82.45,4.31,17.10.2023 13:16:08,3,NIE,,
j-2023,10,21.11.2023,22.11.2023 09:32:30,26,135,Lubuskie,14,Chirurgia onkologiczna,2023/021657,Pozarezydencki,66.82,3.42,23.10.2023 20:20:30,3,NIE,,
j-2023,10,21.11.2023,22.11.2023 09:32:30,26,135,Lubuskie,15,Chirurgia onkologiczna,2023/023711,Pozarezydencki,64.15,3.44,25.10.2023 10:28:03,3,NIE,,
j-2023,10,21.11.2023,22.11.2023 09:32:30,26,135,Lubuskie,16,Chirurgia plastyczna,2023/019385,Pozarezydencki,92.27,3.74,01.09.2023 09:01:41,1,NIE,,
j-2023,10,21.11.2023,22.11.2023 09:32:30,26,135,Lubuskie,17,Chirurgia stomatologiczna,2023/020628,Rezydencki,83.57,4.29,14.09.2023 14:50:40,1,NIE,,
j-2023,10,21.11.2023,22.11.2023 09:32:30,26,135,Lubuskie,18,Choroby płuc,2023/021754,Rezydencki,87.44,4.10,05.10.2023 21:59:54,2,NIE,,
j-2023,10,21.11.2023,22.11.2023 09:32:30,26,135,Lubuskie,19,Choroby płuc,2023/024622,Rezydencki,86.47,4.08,27.09.2023 22:14:17,2,NIE,,
j-2023,10,21.11.2023,22.11.2023 09:32:30,26,135,Lubuskie,20,Choroby zakaźne,2023/026977,Rezydencki,83.82,4.28,26.09.2023 23:19:59,1,NIE,,
j-2023,10,21.11.2023,22.11.2023 09:32:30,26,135,Lubuskie,21,Diabetologia,2023/019849,Rezydencki,85.99,4.18,25.09.2023 20:14:48,2,NIE,,
j-2023,10,21.11.2023,22.11.2023 09:32:30,26,135,Lubuskie,22,Diabetologia,2023/020263,Rezydencki,84.06,3.92,20.10.2023 11:18:19,2,NIE,,
j-2023,10,21.11.2023,22.11.2023 09:32:30,26,135,Lubuskie,23,Diabetologia,2023/029378,Pozarezydencki,80.00,3.49,06.10.2023 16:22:41,3,NIE,,
j-2023,10,21.11.2023,22.11.2023 09:32:30,26,135,Lubuskie,24,Diabetologia,2023/019889,Pozarezydencki,75.45,0.00,24.10.2023 18:13:35,3,NIE,,
j-2023,10,21.11.2023,22.11.2023 09:32:30,26,135,Lubuskie,25,Diabetologia,2023/029899,Pozarezydencki,71.36,0.00,22.10.2023 20:27:30,3,NIE,,
j-2023,10,21.11.2023,22.11.2023 09:32:30,26,135,Lubuskie,26,Ginekologia onkologiczna,2023/019868,Pozarezydencki,80.00,4.61,24.10.2023 20:10:54,1,NIE,,
j-2023,10,21.11.2023,22.11.2023 09:32:30,26,135,Lubuskie,27,Hematologia,2023/019831,Rezydencki,82.84,3.94,28.09.2023 08:33:22,1,NIE,,
j-2023,10,21.11.2023,22.11.2023 09:32:30,26,135,Lubuskie,28,Intensywna terapia,2023/028161,Pozarezydencki,84.55,4.50,20.10.2023 13:50:15,3,NIE,,
j-2023,10,21.11.2023,22.11.2023 09:32:30,27,135,Lubuskie,29,Intensywna terapia,2023/020637,Pozarezydencki,80.23,3.96,22.10.2023 22:36:22,3,NIE,,
j-2023,10,21.11.2023,22.11.2023 09:32:30,27,135,Lubuskie,30,Intensywna terapia,2023/027124,Pozarezydencki,0.00,0.00,20.10.2023 13:57:11,3,NIE,,
j-2023,10,21.11.2023,22.11.2023 09:32:30,27,135,Lubuskie,31,Kardiochirurgia,2023/025061,Rezydencki,86.96,4.05,01.10.2023 21:43:38,1,NIE,,
j-2023,10,21.11.2023,22.11.2023 09:32:30,27,135,Lubuskie,32,Kardiologia,2023/029232,Rezydencki,89.71,4.35,25.10.2023 18:29:46,4,NIE,,
j-2023,10,21.11.2023,22.11.2023 09:32:30,27,135,Lubuskie,33,Kardiologia,2023/019213,Rezydencki,88.41,4.24,01.09.2023 12:35:28,4,NIE,,
j-2023,10,21.11.2023,22.11.2023 09:32:30,27,135,Lubuskie,34,Kardiologia,2023/023239,Rezydencki,87.92,4.00,27.09.2023 19:36:04,4,NIE,,
j-2023,10,21.11.2023,22.11.2023 09:32:30,27,135,Lubuskie,35,Kardiologia,2023/019799,Rezydencki,79.47,3.97,02.10.2023 13:16:44,4,NIE,,
j-2023,10,21.11.2023,22.11.2023 09:32:30,27,135,Lubuskie,36,Medycyna paliatywna,2023/024846,Pozarezydencki,84.55,3.85,24.10.2023 22:47:48,1,NIE,,
j-2023,10,21.11.2023,22.11.2023 09:32:30,27,135,Lubuskie,37,Medycyna pracy,2023/024874,Rezydencki,71.71,2.81,02.10.2023 20:45:00,1,NIE,,
j-2023,10,21.11.2023,22.11.2023 09:32:30,27,135,Lubuskie,38,Medycyna pracy,2023/021781,Pozarezydencki,70.91,3.56,24.10.2023 15:56:27,4,NIE,,
j-2023,10,21.11.2023,22.11.2023 09:32:30,27,135,Lubuskie,39,Medycyna pracy,2023/031029,Pozarezydencki,64.77,3.41,25.10.2023 15:15:28,4,NIE,,
j-2023,10,21.11.2023,22.11.2023 09:32:30,27,135,Lubuskie,40,Medycyna pracy,2023/028520,Pozarezydencki,51.83,0.00,28.09.2023 20:55:01,4,NIE,,
j-2023,10,21.11.2023,22.11.2023 09:32:30,27,135,Lubuskie,41,Medycyna pracy,2023/028029,Pozarezydencki,0.00,3.05,10.10.2023 10:37:58,4,NIE,,
j-2023,10,21.11.2023,22.11.2023 09:32:30,27,135,Lubuskie,42,Medycyna rodzinna,2023/024181,Rezydencki,88.41,4.19,19.09.2023 19:21:25,6,NIE,,
j-2023,10,21.11.2023,22.11.2023 09:32:30,27,135,Lubuskie,43,Medycyna rodzinna,2023/027551,Rezydencki,85.78,4.27,29.09.2023 23:00:29,6,NIE,,
j-2023,10,21.11.2023,22.11.2023 09:32:30,27,135,Lubuskie,44,Medycyna rodzinna,2023/030775,Rezydencki,82.35,4.04,02.10.2023 18:18:12,6,NIE,,
j-2023,10,21.11.2023,22.11.2023 09:32:30,27,135,Lubuskie,45,Medycyna rodzinna,2023/024860,Rezydencki,82.13,3.80,23.10.2023 18:08:52,6,NIE,,
j-2023,10,21.11.2023,22.11.2023 09:32:30,27,135,Lubuskie,46,Medycyna rodzinna,2023/029114,Rezydencki,78.54,3.54,02.10.2023 23:46:07,6,NIE,,
j-2023,10,21.11.2023,22.11.2023 09:32:30,27,135,Lubuskie,47,Medycyna rodzinna,2023/026857,Rezydencki,63.29,3.96,26.09.2023 20:11:09,6,NIE,,
j-2023,10,21.11.2023,22.11.2023 09:32:30,27,135,Lubuskie,48,Medycyna rodzinna,2023/022649,Pozarezydencki,76.36,4.03,20.10.2023 11:40:32,2,NIE,,
j-2023,10,21.11.2023,22.11.2023 09:32:30,27,135,Lubuskie,49,Medycyna rodzinna,2023/028312,Pozarezydencki,72.94,0.00,28.09.2023 17:13:54,2,NIE,,
j-2023,10,21.11.2023,22.11.2023 09:32:30,27,135,Lubuskie,50,Medycyna sportowa,2023/025149,Pozarezydencki,66.36,3.52,05.10.2023 17:50:53,2,NIE,,
j-2023,10,21.11.2023,22.11.2023 09:32:30,27,135,Lubuskie,51,Medycyna sportowa,2023/022371,Pozarezydencki,66.36,3.02,12.09.2023 12:58:33,2,NIE,,
j-2023,10,21.11.2023,22.11.2023 09:32:30,27,135,Lubuskie,52,Nefrologia,2023/020037,Rezydencki,85.99,4.04,06.09.2023 16:14:39,2,NIE,,
j-2023,10,21.11.2023,22.11.2023 09:32:30,27,135,Lubuskie,53,Nefrologia,2023/027328,Rezydencki,83.57,4.10,02.10.2023 16:33:00,2,NIE,,
j-2023,10,21.11.2023,22.11.2023 09:32:30,27,135,Lubuskie,54,Nefrologia,2023/024991,Pozarezydencki,47.71,0.00,22.09.2023 13:53:13,1,NIE,,
j-2023,10,21.11.2023,22.11.2023 09:32:30,27,135,Lubuskie,55,Neonatologia,2023/021390,Rezydencki,85.99,4.19,20.10.2023 11:40:59,1,NIE,,
j-2023,10,21.11.2023,22.11.2023 09:32:30,27,135,Lubuskie,56,Neurologia,2023/021026,Rezydencki,88.16,4.39,20.10.2023 09:46:04,6,NIE,,
j-2023,10,21.11.2023,22.11.2023 09:32:30,27,135,Lubuskie,57,Neurologia,2023/021357,Rezydencki,87.01,4.31,02.10.2023 22:56:43,6,NIE,,
j-2023,10,21.11.2023,22.11.2023 09:32:30,27,135,Lubuskie,58,Neurologia,2023/028516,Rezydencki,85.29,4.50,29.09.2023 00:22:56,6,NIE,,
j-2023,10,21.11.2023,22.11.2023 09:32:30,27,135,Lubuskie,59,Neurologia,2023/026236,Rezydencki,83.09,3.92,23.10.2023 14:27:56,6,NIE,,
j-2023,10,21.11.2023,22.11.2023 09:32:30,27,135,Lubuskie,60,Neurologia,2023/025008,Rezydencki,78.74,4.52,30.09.2023 18:58:07,6,NIE,,
j-2023,10,21.11.2023,22.11.2023 09:32:30,27,135,Lubuskie,61,Neurologia,2023/028875,Rezydencki,78.43,3.29,06.10.2023 13:01:25,6,NIE,,
j-2023,10,21.11.2023,22.11.2023 09:32:30,27,135,Lubuskie,62,Okulistyka,2023/025547,Pozarezydencki,77.42,3.62,11.10.2023 22:36:39,1,NIE,,
j-2023,10,21.11.2023,22.11.2023 09:32:30,27,135,Lubuskie,63,Onkologia kliniczna,2023/023585,Rezydencki,87.92,4.30,27.09.2023 17:58:15,1,NIE,,
j-2023,10,21.11.2023,22.11.2023 09:32:30,27,135,Lubuskie,64,Ortopedia i traumatologia narządu ruchu,2023/028989,Rezydencki,80.68,3.24,29.09.2023 14:49:21,6,NIE,,
j-2023,10,21.11.2023,22.11.2023 09:32:30,27,135,Lubuskie,65,Ortopedia i traumatologia narządu ruchu,2023/027517,Rezydencki,79.23,3.57,29.09.2023 21:44:16,6,NIE,,
j-2023,10,21.11.2023,22.11.2023 09:32:30,27,135,Lubuskie,66,Ortopedia i traumatologia narządu ruchu,2023/026175,Rezydencki,77.70,3.96,25.09.2023 19:27:19,6,NIE,,
j-2023,10,21.11.2023,22.11.2023 09:32:30,28,135,Lubuskie,67,Ortopedia i traumatologia narządu ruchu,2023/025083,Rezydencki,77.45,3.11,01.10.2023 20:26:08,6,NIE,,
j-2023,10,21.11.2023,22.11.2023 09:32:30,28,135,Lubuskie,68,Ortopedia i traumatologia narządu ruchu,2023/026541,Rezydencki,66.83,3.96,01.10.2023 15:13:19,6,NIE,,
j-2023,10,21.11.2023,22.11.2023 09:32:30,28,135,Lubuskie,69,Ortopedia i traumatologia narządu ruchu,2023/027471,Rezydencki,59.31,3.01,29.09.2023 12:50:06,6,NIE,,
j-2023,10,21.11.2023,22.11.2023 09:32:30,28,135,Lubuskie,70,Otorynolaryngologia,2023/026680,Rezydencki,89.22,4.10,01.10.2023 10:22:34,1,NIE,,
j-2023,10,21.11.2023,22.11.2023 09:32:30,28,135,Lubuskie,71,Patomorfologia,2023/021146,Rezydencki,80.49,3.55,12.09.2023 21:45:07,1,NIE,,
j-2023,10,21.11.2023,22.11.2023 09:32:30,28,135,Lubuskie,72,Pediatria,2023/029224,Rezydencki,89.86,4.25,25.10.2023 18:31:59,7,NIE,,
j-2023,10,21.11.2023,22.11.2023 09:32:30,28,135,Lubuskie,73,Pediatria,2023/019731,Rezydencki,89.71,4.19,30.09.2023 17:24:39,7,NIE,,
j-2023,10,21.11.2023,22.11.2023 09:32:30,28,135,Lubuskie,74,Pediatria,2023/024612,Rezydencki,86.76,3.94,26.09.2023 17:55:23,7,NIE,,
j-2023,10,21.11.2023,22.11.2023 09:32:30,28,135,Lubuskie,75,Pediatria,2023/022247,Rezydencki,86.34,4.10,28.09.2023 11:14:01,7,NIE,,
j-2023,10,21.11.2023,22.11.2023 09:32:30,28,135,Lubuskie,76,Pediatria,2023/030710,Rezydencki,85.51,3.78,21.10.2023 17:41:46,7,NIE,,
j-2023,10,21.11.2023,22.11.2023 09:32:30,28,135,Lubuskie,77,Pediatria,2023/026664,Rezydencki,84.88,3.88,28.09.2023 18:14:59,7,NIE,,
j-2023,10,21.11.2023,22.11.2023 09:32:30,28,135,Lubuskie,78,Pediatria,2023/028617,Rezydencki,84.39,4.11,30.09.2023 00:35:03,7,NIE,,
j-2023,10,21.11.2023,22.11.2023 09:32:30,28,135,Lubuskie,79,Położnictwo i ginekologia,2023/020212,Rezydencki,91.30,4.53,25.09.2023 19:08:50,4,NIE,,
j-2023,10,21.11.2023,22.11.2023 09:32:30,28,135,Lubuskie,80,Położnictwo i ginekologia,2023/026746,Rezydencki,86.96,4.36,28.09.2023 19:00:48,4,NIE,,
j-2023,10,21.11.2023,22.11.2023 09:32:30,28,135,Lubuskie,81,Położnictwo i ginekologia,2023/027620,Rezydencki,84.31,4.43,27.09.2023 21:09:01,4,NIE,,
j-2023,10,21.11.2023,22.11.2023 09:32:30,28,135,Lubuskie,82,Położnictwo i ginekologia,2023/030322,Rezydencki,80.00,3.88,02.10.2023 23:59:19,4,NIE,,
j-2023,10,21.11.2023,22.11.2023 09:32:30,28,135,Lubuskie,83,Psychiatria,2023/025186,Rezydencki,91.18,4.28,11.10.2023 18:38:06,9,NIE,,
j-2023,10,21.11.2023,22.11.2023 09:32:30,28,135,Lubuskie,84,Psychiatria,2023/030707,Rezydencki,88.73,4.18,02.10.2023 20:58:24,9,NIE,,
j-2023,10,21.11.2023,22.11.2023 09:32:30,28,135,Lubuskie,85,Psychiatria,2023/026045,Rezydencki,88.24,4.40,30.09.2023 11:06:53,9,NIE,,
j-2023,10,21.11.2023,22.11.2023 09:32:30,28,135,Lubuskie,86,Psychiatria,2023/020563,Rezydencki,86.27,4.16,02.10.2023 22:09:30,9,NIE,,
j-2023,10,21.11.2023,22.11.2023 09:32:30,28,135,Lubuskie,87,Psychiatria,2023/024879,Rezydencki,84.39,3.29,30.09.2023 22:42:26,9,NIE,,
j-2023,10,21.11.2023,22.11.2023 09:32:30,28,135,Lubuskie,88,Psychiatria,2023/019991,Rezydencki,83.90,3.47,30.09.2023 12:00:21,9,NIE,,
j-2023,10,21.11.2023,22.11.2023 09:32:30,28,135,Lubuskie,89,Psychiatria,2023/027381,Rezydencki,83.82,4.15,27.09.2023 17:33:29,9,NIE,,
j-2023,10,21.11.2023,22.11.2023 09:32:30,28,135,Lubuskie,90,Psychiatria,2023/026837,Rezydencki,80.98,0.00,01.10.2023 15:26:48,9,NIE,,
j-2023,10,21.11.2023,22.11.2023 09:32:30,28,135,Lubuskie,91,Psychiatria,2023/020616,Rezydencki,77.45,3.91,28.09.2023 20:33:42,9,NIE,,
j-2023,10,21.11.2023,22.11.2023 09:32:30,28,135,Lubuskie,92,Psychiatria dzieci i młodzieży,2023/020685,Pozarezydencki,84.55,4.07,23.10.2023 09:18:24,3,NIE,,
j-2023,10,21.11.2023,22.11.2023 09:32:30,28,135,Lubuskie,93,Psychiatria dzieci i młodzieży,2023/024354,Pozarezydencki,71.36,3.82,11.10.2023 16:10:34,3,NIE,,
j-2023,10,21.11.2023,22.11.2023 09:32:30,28,135,Lubuskie,94,Psychiatria dzieci i młodzieży,2023/021660,Pozarezydencki,70.55,0.00,06.10.2023 07:18:48,3,NIE,,
j-2023,10,21.11.2023,22.11.2023 09:32:30,28,135,Lubuskie,95,Radiologia i diagnostyka obrazowa,2023/029292,Pozarezydencki,84.88,4.24,30.09.2023 20:54:46,2,NIE,,
j-2023,10,21.11.2023,22.11.2023 09:32:30,28,135,Lubuskie,96,Radiologia i diagnostyka obrazowa,2023/025252,Pozarezydencki,81.80,3.63,19.10.2023 15:52:07,2,NIE,,
j-2023,10,21.11.2023,22.11.2023 09:32:30,28,135,Lubuskie,97,Rehabilitacja medyczna,2023/022831,Pozarezydencki,52.73,3.83,12.10.2023 13:23:37,1,NIE,,
j-2023,10,21.11.2023,22.11.2023 09:32:30,28,135,Lubuskie,98,Reumatologia,2023/025896,Rezydencki,87.25,4.33,29.09.2023 11:06:43,3,NIE,,
j-2023,10,21.11.2023,22.11.2023 09:32:30,28,135,Lubuskie,99,Reumatologia,2023/019227,Rezydencki,87.25,3.90,05.09.2023 16:01:30,3,NIE,,
j-2023,10,21.11.2023,22.11.2023 09:32:30,28,135,Lubuskie,100,Reumatologia,2023/028409,Rezydencki,85.85,4.00,02.10.2023 20:31:59,3,NIE,,
j-2023,10,21.11.2023,22.11.2023 09:32:30,28,135,Lubuskie,101,Urologia,2023/026703,Rezydencki,90.00,4.37,24.10.2023 08:45:47,2,NIE,,
j-2023,10,21.11.2023,22.11.2023 09:32:30,28,135,Lubuskie,102,Urologia,2023/028403,Rezydencki,85.37,3.40,16.10.2023 19:12:43,2,NIE,,
j-2023,10,21.11.2023,22.11.2023 09:32:30,29,135,Łódzkie,1,Alergologia,2023/022095,Rezydencki,90.24,3.94,29.09.2023 11:06:15,3,NIE,,
j-2023,10,21.11.2023,22.11.2023 09:32:30,29,135,Łódzkie,2,Alergologia,2023/019856,Rezydencki,89.86,4.77,13.09.2023 06:16:48,3,NIE,,
j-2023,10,21.11.2023,22.11.2023 09:32:30,29,135,Łódzkie,3,Alergologia,2023/020016,Rezydencki,89.76,4.16,02.10.2023 14:04:09,3,NIE,,
j-2023,10,21.11.2023,22.11.2023 09:32:30,29,135,Łódzkie,4,Alergologia,2023/029819,Pozarezydencki,89.09,4.41,09.10.2023 19:53:14,2,NIE,,
j-2023,10,21.11.2023,22.11.2023 09:32:30,29,135,Łódzkie,5,Alergologia,2023/024568,Pozarezydencki,80.23,4.26,20.09.2023 22:18:35,2,NIE,,
j-2023,10,21.11.2023,22.11.2023 09:32:30,29,135,Łódzkie,6,Anestezjologia i intensywna terapia,2023/019259,Rezydencki,87.99,4.34,27.09.2023 11:36:24,12,NIE,,
j-2023,10,21.11.2023,22.11.2023 09:32:30,29,135,Łódzkie,7,Anestezjologia i intensywna terapia,2023/029093,Rezydencki,87.92,4.17,29.09.2023 17:29:53,12,NIE,,
j-2023,10,21.11.2023,22.11.2023 09:32:30,29,135,Łódzkie,8,Anestezjologia i intensywna terapia,2023/021757,Rezydencki,87.92,3.72,29.09.2023 13:02:48,12,NIE,,
j-2023,10,21.11.2023,22.11.2023 09:32:30,29,135,Łódzkie,9,Anestezjologia i intensywna terapia,2023/024858,Rezydencki,86.96,4.41,01.10.2023 12:37:23,12,NIE,,
j-2023,10,21.11.2023,22.11.2023 09:32:30,29,135,Łódzkie,10,Anestezjologia i intensywna terapia,2023/030167,Rezydencki,86.83,4.33,11.10.2023 16:08:21,12,NIE,,
j-2023,10,21.11.2023,22.11.2023 09:32:30,29,135,Łódzkie,11,Anestezjologia i intensywna terapia,2023/019296,Rezydencki,86.47,4.39,24.09.2023 21:43:12,12,NIE,,
j-2023,10,21.11.2023,22.11.2023 09:32:30,29,135,Łódzkie,12,Anestezjologia i intensywna terapia,2023/022182,Rezydencki,85.99,4.06,11.09.2023 18:56:53,12,NIE,,
j-2023,10,21.11.2023,22.11.2023 09:32:30,29,135,Łódzkie,13,Anestezjologia i intensywna terapia,2023/020821,Rezydencki,85.99,3.47,24.10.2023 12:58:06,12,NIE,,
j-2023,10,21.11.2023,22.11.2023 09:32:30,29,135,Łódzkie,14,Anestezjologia i intensywna terapia,2023/024765,Rezydencki,85.02,4.00,27.09.2023 17:34:15,12,NIE,,
j-2023,10,21.11.2023,22.11.2023 09:32:30,29,135,Łódzkie,15,Anestezjologia i intensywna terapia,2023/022007,Rezydencki,84.80,3.89,11.09.2023 08:44:59,12,NIE,,
j-2023,10,21.11.2023,22.11.2023 09:32:30,29,135,Łódzkie,16,Anestezjologia i intensywna terapia,2023/019317,Rezydencki,84.80,3.82,01.09.2023 02:04:39,12,NIE,,
j-2023,10,21.11.2023,22.11.2023 09:32:30,29,135,Łódzkie,17,Anestezjologia i intensywna terapia,2023/027534,Rezydencki,84.39,4.05,29.09.2023 19:37:17,12,NIE,,
j-2023,10,21.11.2023,22.11.2023 09:32:30,29,135,Łódzkie,18,Anestezjologia i intensywna terapia,2023/020889,Pozarezydencki,79.72,3.94,05.10.2023 12:54:30,2,NIE,,
j-2023,10,21.11.2023,22.11.2023 09:32:30,29,135,Łódzkie,19,Anestezjologia i intensywna terapia,2023/021694,Pozarezydencki,68.87,3.80,18.10.2023 11:44:21,2,NIE,,
j-2023,10,21.11.2023,22.11.2023 09:32:30,29,135,Łódzkie,20,Audiologia i foniatria,2023/025737,Pozarezydencki,70.91,4.06,13.10.2023 23:15:21,1,NIE,,
j-2023,10,21.11.2023,22.11.2023 09:32:30,29,135,Łódzkie,21,Chirurgia klatki piersiowej,2023/028950,Rezydencki,80.00,0.00,06.10.2023 18:08:37,2,NIE,,
j-2023,10,21.11.2023,22.11.2023 09:32:30,29,135,Łódzkie,22,Chirurgia klatki piersiowej,2023/026322,Rezydencki,76.47,3.32,27.09.2023 17:03:31,2,NIE,,
j-2023,10,21.11.2023,22.11.2023 09:32:30,29,135,Łódzkie,23,Chirurgia ogólna,2023/026931,Rezydencki,88.89,4.08,26.09.2023 21:45:35,14,NIE,,
j-2023,10,21.11.2023,22.11.2023 09:32:30,29,135,Łódzkie,24,Chirurgia ogólna,2023/019747,Rezydencki,86.76,3.76,01.09.2023 15:03:33,14,NIE,,
j-2023,10,21.11.2023,22.11.2023 09:32:30,29,135,Łódzkie,25,Chirurgia ogólna,2023/021207,Rezydencki,86.47,4.24,27.09.2023 18:33:48,14,NIE,,
j-2023,10,21.11.2023,22.11.2023 09:32:30,29,135,Łódzkie,26,Chirurgia ogólna,2023/025445,Rezydencki,85.51,3.44,30.09.2023 15:21:38,14,NIE,,
j-2023,10,21.11.2023,22.11.2023 09:32:30,29,135,Łódzkie,27,Chirurgia ogólna,2023/028459,Rezydencki,84.54,3.75,02.10.2023 22:09:06,14,NIE,,
j-2023,10,21.11.2023,22.11.2023 09:32:30,29,135,Łódzkie,28,Chirurgia ogólna,2023/025922,Rezydencki,83.90,3.56,11.10.2023 12:43:15,14,NIE,,
j-2023,10,21.11.2023,22.11.2023 09:32:30,29,135,Łódzkie,29,Chirurgia ogólna,2023/019379,Rezydencki,81.95,2.96,05.10.2023 11:07:30,14,NIE,,
j-2023,10,21.11.2023,22.11.2023 09:32:30,29,135,Łódzkie,30,Chirurgia ogólna,2023/027971,Rezydencki,81.86,3.46,28.09.2023 11:06:23,14,NIE,,
j-2023,10,21.11.2023,22.11.2023 09:32:30,29,135,Łódzkie,31,Chirurgia ogólna,2023/030278,Rezydencki,81.37,0.00,02.10.2023 14:36:24,14,NIE,,
j-2023,10,21.11.2023,22.11.2023 09:32:30,29,135,Łódzkie,32,Chirurgia ogólna,2023/026406,Rezydencki,79.71,3.43,02.10.2023 10:36:58,14,NIE,,
j-2023,10,21.11.2023,22.11.2023 09:32:30,29,135,Łódzkie,33,Chirurgia ogólna,2023/024132,Rezydencki,78.92,3.80,22.09.2023 10:14:42,14,NIE,,
j-2023,10,21.11.2023,22.11.2023 09:32:30,29,135,Łódzkie,34,Chirurgia ogólna,2023/030132,Rezydencki,77.07,0.00,02.10.2023 18:18:45,14,NIE,,
j-2023,10,21.11.2023,22.11.2023 09:32:30,29,135,Łódzkie,35,Chirurgia ogólna,2023/029479,Rezydencki,67.63,4.20,02.10.2023 19:57:21,14,NIE,,
j-2023,10,21.11.2023,22.11.2023 09:32:30,29,135,Łódzkie,36,Chirurgia ogólna,2023/028126,Rezydencki,65.71,4.31,01.10.2023 23:14:19,14,NIE,,
j-2023,10,21.11.2023,22.11.2023 09:32:30,29,135,Łódzkie,37,Chirurgia ogólna,2023/021328,Pozarezydencki,58.60,3.33,13.10.2023 10:25:26,1,NIE,,
j-2023,10,21.11.2023,22.11.2023 09:32:30,29,135,Łódzkie,38,Chirurgia onkologiczna,2023/030905,Rezydencki,76.10,3.39,02.10.2023 20:03:26,2,NIE,,
j-2023,10,21.11.2023,22.11.2023 09:32:30,30,135,Łódzkie,39,Chirurgia onkologiczna,2023/022673,Rezydencki,72.06,3.24,08.10.2023 22:16:06,2,NIE,,
j-2023,10,21.11.2023,22.11.2023 09:32:30,30,135,Łódzkie,40,Chirurgia onkologiczna,2023/021185,Pozarezydencki,82.95,4.42,16.10.2023 12:52:34,3,NIE,,
j-2023,10,21.11.2023,22.11.2023 09:32:30,30,135,Łódzkie,41,Chirurgia onkologiczna,2023/029525,Pozarezydencki,70.91,4.20,23.10.2023 16:10:25,3,NIE,,
j-2023,10,21.11.2023,22.11.2023 09:32:30,30,135,Łódzkie,42,Chirurgia onkologiczna,2023/029639,Pozarezydencki,62.39,3.71,30.09.2023 22:26:29,3,NIE,,
j-2023,10,21.11.2023,22.11.2023 09:32:30,30,135,Łódzkie,43,Chirurgia plastyczna,2023/024048,Rezydencki,92.27,4.62,02.10.2023 23:58:09,1,NIE,,
j-2023,10,21.11.2023,22.11.2023 09:32:30,30,135,Łódzkie,44,Chirurgia stomatologiczna,2023/022359,Rezydencki,85.02,4.05,23.10.2023 08:59:16,4,NIE,,
j-2023,10,21.11.2023,22.11.2023 09:32:30,30,135,Łódzkie,45,Chirurgia stomatologiczna,2023/024410,Rezydencki,85.02,3.82,20.09.2023 15:05:46,4,NIE,,
j-2023,10,21.11.2023,22.11.2023 09:32:30,30,135,Łódzkie,46,Chirurgia stomatologiczna,2023/022530,Rezydencki,84.95,4.00,15.09.2023 14:01:19,4,NIE,,
j-2023,10,21.11.2023,22.11.2023 09:32:30,30,135,Łódzkie,47,Chirurgia stomatologiczna,2023/026509,Rezydencki,84.69,3.16,26.09.2023 19:41:29,4,NIE,,
j-2023,10,21.11.2023,22.11.2023 09:32:30,30,135,Łódzkie,48,Chirurgia szczękowo-twarzowa,2023/024456,Rezydencki,84.21,3.61,20.10.2023 12:35:20,1,NIE,,
j-2023,10,21.11.2023,22.11.2023 09:32:30,30,135,Łódzkie,49,Choroby płuc,2023/024416,Rezydencki,86.76,3.94,28.09.2023 13:11:33,3,NIE,,
j-2023,10,21.11.2023,22.11.2023 09:32:30,30,135,Łódzkie,50,Choroby płuc,2023/027602,Rezydencki,82.60,4.08,27.09.2023 20:56:03,3,NIE,,
j-2023,10,21.11.2023,22.11.2023 09:32:30,30,135,Łódzkie,51,Choroby płuc,2023/029102,Rezydencki,80.88,3.53,23.10.2023 14:13:21,3,NIE,,
j-2023,10,21.11.2023,22.11.2023 09:32:30,30,135,Łódzkie,52,Choroby płuc dzieci,2023/027967,Rezydencki,81.64,3.51,28.09.2023 11:05:30,2,NIE,,
j-2023,10,21.11.2023,22.11.2023 09:32:30,30,135,Łódzkie,53,Choroby płuc dzieci,2023/021329,Rezydencki,78.92,0.00,15.09.2023 11:30:25,2,NIE,,
j-2023,10,21.11.2023,22.11.2023 09:32:30,30,135,Łódzkie,54,Choroby wewnętrzne,2023/028359,Rezydencki,89.86,4.52,28.09.2023 18:03:59,22,NIE,,
j-2023,10,21.11.2023,22.11.2023 09:32:30,30,135,Łódzkie,55,Choroby wewnętrzne,2023/021481,Rezydencki,88.65,4.30,07.09.2023 18:15:56,22,NIE,,
j-2023,10,21.11.2023,22.11.2023 09:32:30,30,135,Łódzkie,56,Choroby wewnętrzne,2023/028955,Rezydencki,87.75,3.71,29.09.2023 14:01:54,22,NIE,,
j-2023,10,21.11.2023,22.11.2023 09:32:30,30,135,Łódzkie,57,Choroby wewnętrzne,2023/019896,Rezydencki,87.32,4.18,02.10.2023 20:28:52,22,NIE,,
j-2023,10,21.11.2023,22.11.2023 09:32:30,30,135,Łódzkie,58,Choroby wewnętrzne,2023/028558,Rezydencki,86.83,3.49,30.09.2023 23:59:40,22,NIE,,
j-2023,10,21.11.2023,22.11.2023 09:32:30,30,135,Łódzkie,59,Choroby wewnętrzne,2023/024093,Rezydencki,86.47,4.14,19.09.2023 14:48:19,22,NIE,,
j-2023,10,21.11.2023,22.11.2023 09:32:30,30,135,Łódzkie,60,Choroby wewnętrzne,2023/026161,Rezydencki,85.85,3.52,28.09.2023 11:51:50,22,NIE,,
j-2023,10,21.11.2023,22.11.2023 09:32:30,30,135,Łódzkie,61,Choroby wewnętrzne,2023/022685,Rezydencki,85.78,3.89,13.09.2023 15:04:26,22,NIE,,
j-2023,10,21.11.2023,22.11.2023 09:32:30,30,135,Łódzkie,62,Choroby wewnętrzne,2023/029620,Rezydencki,83.90,3.34,30.09.2023 19:43:45,22,NIE,,
j-2023,10,21.11.2023,22.11.2023 09:32:30,30,135,Łódzkie,63,Choroby wewnętrzne,2023/030343,Rezydencki,83.82,3.82,02.10.2023 23:44:47,22,NIE,,
j-2023,10,21.11.2023,22.11.2023 09:32:30,30,135,Łódzkie,64,Choroby wewnętrzne,2023/024259,Rezydencki,83.09,3.56,02.10.2023 10:52:00,22,NIE,,
j-2023,10,21.11.2023,22.11.2023 09:32:30,30,135,Łódzkie,65,Choroby wewnętrzne,2023/029904,Rezydencki,82.35,3.89,05.10.2023 14:49:38,22,NIE,,
j-2023,10,21.11.2023,22.11.2023 09:32:30,30,135,Łódzkie,66,Choroby wewnętrzne,2023/022692,Rezydencki,82.13,4.04,23.09.2023 09:21:54,22,NIE,,
j-2023,10,21.11.2023,22.11.2023 09:32:30,30,135,Łódzkie,67,Choroby wewnętrzne,2023/021353,Rezydencki,80.19,3.38,07.09.2023 13:26:09,22,NIE,,
j-2023,10,21.11.2023,22.11.2023 09:32:30,30,135,Łódzkie,68,Choroby wewnętrzne,2023/020084,Rezydencki,79.02,3.64,28.09.2023 19:52:28,22,NIE,,
j-2023,10,21.11.2023,22.11.2023 09:32:30,30,135,Łódzkie,69,Choroby wewnętrzne,2023/029046,Rezydencki,78.05,3.18,29.09.2023 23:20:04,22,NIE,,
j-2023,10,21.11.2023,22.11.2023 09:32:30,30,135,Łódzkie,70,Choroby wewnętrzne,2023/026548,Rezydencki,77.56,3.86,28.09.2023 16:17:01,22,NIE,,
j-2023,10,21.11.2023,22.11.2023 09:32:30,30,135,Łódzkie,71,Choroby wewnętrzne,2023/028765,Rezydencki,77.56,0.00,03.10.2023 18:26:02,22,NIE,,
j-2023,10,21.11.2023,22.11.2023 09:32:30,30,135,Łódzkie,72,Choroby wewnętrzne,2023/022106,Rezydencki,77.32,3.20,09.10.2023 17:04:49,22,NIE,,
j-2023,10,21.11.2023,22.11.2023 09:32:30,30,135,Łódzkie,73,Choroby wewnętrzne,2023/022951,Rezydencki,77.07,3.03,09.10.2023 16:09:58,22,NIE,,
j-2023,10,21.11.2023,22.11.2023 09:32:30,30,135,Łódzkie,74,Choroby wewnętrzne,2023/027539,Rezydencki,73.91,3.63,27.09.2023 19:56:08,22,NIE,,
j-2023,10,21.11.2023,22.11.2023 09:32:30,30,135,Łódzkie,75,Choroby wewnętrzne,2023/029745,Rezydencki,0.00,0.00,30.09.2023 23:07:01,22,NIE,,
j-2023,10,21.11.2023,22.11.2023 09:32:30,30,135,Łódzkie,76,Choroby zakaźne,2023/030460,Rezydencki,57.56,3.70,02.10.2023 19:29:05,1,NIE,,
j-2023,10,21.11.2023,22.11.2023 09:32:30,31,135,Łódzkie,77,Dermatologia i wenerologia,2023/019300,Rezydencki,91.67,4.15,27.09.2023 11:57:04,5,NIE,,
j-2023,10,21.11.2023,22.11.2023 09:32:30,31,135,Łódzkie,78,Dermatologia i wenerologia,2023/021189,Rezydencki,91.42,4.21,30.09.2023 19:42:59,5,NIE,,
j-2023,10,21.11.2023,22.11.2023 09:32:30,31,135,Łódzkie,79,Dermatologia i wenerologia,2023/024849,Rezydencki,91.30,4.47,29.09.2023 23:31:59,5,NIE,,
j-2023,10,21.11.2023,22.11.2023 09:32:30,31,135,Łódzkie,80,Dermatologia i wenerologia,2023/026643,Rezydencki,91.30,4.42,02.10.2023 15:16:00,5,NIE,,
j-2023,10,21.11.2023,22.11.2023 09:32:30,31,135,Łódzkie,81,Dermatologia i wenerologia,2023/026917,Rezydencki,91.22,4.30,30.09.2023 19:50:12,5,NIE,,
j-2023,10,21.11.2023,22.11.2023 09:32:30,31,135,Łódzkie,82,Dermatologia i wenerologia,2023/020632,Pozarezydencki,86.92,3.92,09.09.2023 12:46:43,1,NIE,,
j-2023,10,21.11.2023,22.11.2023 09:32:30,31,135,Łódzkie,83,Diabetologia,2023/027359,Rezydencki,90.34,4.45,30.09.2023 23:23:39,5,NIE,,
j-2023,10,21.11.2023,22.11.2023 09:32:30,31,135,Łódzkie,84,Diabetologia,2023/025148,Rezydencki,88.41,4.45,02.10.2023 23:10:12,5,NIE,,
j-2023,10,21.11.2023,22.11.2023 09:32:30,31,135,Łódzkie,85,Diabetologia,2023/026139,Rezydencki,88.29,3.98,02.10.2023 17:22:49,5,NIE,,
j-2023,10,21.11.2023,22.11.2023 09:32:30,31,135,Łódzkie,86,Diabetologia,2023/021774,Rezydencki,85.61,4.50,01.10.2023 19:42:51,5,NIE,,
j-2023,10,21.11.2023,22.11.2023 09:32:30,31,135,Łódzkie,87,Diabetologia,2023/021768,Rezydencki,84.56,3.60,24.10.2023 08:49:55,5,NIE,,
j-2023,10,21.11.2023,22.11.2023 09:32:30,31,135,Łódzkie,88,Diabetologia,2023/022014,Pozarezydencki,84.77,4.37,11.10.2023 12:13:51,4,NIE,,
j-2023,10,21.11.2023,22.11.2023 09:32:30,31,135,Łódzkie,89,Diabetologia,2023/024465,Pozarezydencki,80.00,3.92,18.10.2023 12:01:43,4,NIE,,
j-2023,10,21.11.2023,22.11.2023 09:32:30,31,135,Łódzkie,90,Diabetologia,2023/028306,Pozarezydencki,80.00,0.00,06.11.2023 14:48:16,4,NIE,,
j-2023,10,21.11.2023,22.11.2023 09:32:30,31,135,Łódzkie,91,Diabetologia,2023/025735,Pozarezydencki,77.73,0.00,16.10.2023 21:20:45,4,NIE,,
j-2023,10,21.11.2023,22.11.2023 09:32:30,31,135,Łódzkie,92,Endokrynologia,2023/019496,Rezydencki,93.14,4.31,01.09.2023 10:32:24,4,NIE,,
j-2023,10,21.11.2023,22.11.2023 09:32:30,31,135,Łódzkie,93,Endokrynologia,2023/021554,Rezydencki,92.16,4.64,29.09.2023 17:53:31,4,NIE,,
j-2023,10,21.11.2023,22.11.2023 09:32:30,31,135,Łódzkie,94,Endokrynologia,2023/019999,Rezydencki,91.95,4.48,29.09.2023 23:33:01,4,NIE,,
j-2023,10,21.11.2023,22.11.2023 09:32:30,31,135,Łódzkie,95,Endokrynologia,2023/027779,Rezydencki,91.71,4.60,28.09.2023 21:47:47,4,NIE,,
j-2023,10,21.11.2023,22.11.2023 09:32:30,31,135,Łódzkie,96,Endokrynologia,2023/021210,Pozarezydencki,85.68,4.21,11.10.2023 19:10:31,6,NIE,,
j-2023,10,21.11.2023,22.11.2023 09:32:30,31,135,Łódzkie,97,Endokrynologia,2023/019914,Pozarezydencki,85.28,3.98,18.10.2023 17:14:49,6,NIE,,
j-2023,10,21.11.2023,22.11.2023 09:32:30,31,135,Łódzkie,98,Endokrynologia,2023/030256,Pozarezydencki,85.12,4.00,04.10.2023 14:46:51,6,NIE,,
j-2023,10,21.11.2023,22.11.2023 09:32:30,31,135,Łódzkie,99,Endokrynologia,2023/027610,Pozarezydencki,84.65,4.30,29.09.2023 23:23:30,6,NIE,,
j-2023,10,21.11.2023,22.11.2023 09:32:30,31,135,Łódzkie,100,Endokrynologia,2023/028299,Pozarezydencki,84.55,4.71,09.10.2023 18:13:39,6,NIE,,
j-2023,10,21.11.2023,22.11.2023 09:32:30,31,135,Łódzkie,101,Endokrynologia,2023/029627,Pozarezydencki,84.55,4.17,11.10.2023 19:37:05,6,NIE,,
j-2023,10,21.11.2023,22.11.2023 09:32:30,31,135,Łódzkie,102,Endokrynologia ginekologiczna i rozrodczość,2023/028588,Pozarezydencki,86.51,3.44,25.10.2023 22:31:41,1,NIE,,
j-2023,10,21.11.2023,22.11.2023 09:32:30,31,135,Łódzkie,103,Endokrynologia i diabetologia dziecięca,2023/029265,Pozarezydencki,75.81,3.68,02.10.2023 20:52:12,1,NIE,,
j-2023,10,21.11.2023,22.11.2023 09:32:30,31,135,Łódzkie,104,Epidemiologia,2023/023131,Pozarezydencki,57.57,2.83,09.10.2023 10:40:34,1,NIE,,
j-2023,10,21.11.2023,22.11.2023 09:32:30,31,135,Łódzkie,105,Farmakologia kliniczna,2023/024676,Pozarezydencki,74.54,0.00,10.10.2023 20:56:54,1,NIE,,
j-2023,10,21.11.2023,22.11.2023 09:32:30,31,135,Łódzkie,106,Gastroenterologia,2023/020521,Rezydencki,93.38,4.82,28.09.2023 20:43:11,2,NIE,,
j-2023,10,21.11.2023,22.11.2023 09:32:30,31,135,Łódzkie,107,Gastroenterologia,2023/024659,Rezydencki,90.00,4.30,28.09.2023 19:08:49,2,NIE,,
j-2023,10,21.11.2023,22.11.2023 09:32:30,31,135,Łódzkie,108,Gastroenterologia,2023/027448,Pozarezydencki,80.93,4.36,25.10.2023 12:35:20,3,NIE,,
j-2023,10,21.11.2023,22.11.2023 09:32:30,31,135,Łódzkie,109,Gastroenterologia,2023/023056,Pozarezydencki,69.12,3.69,20.10.2023 17:57:51,3,NIE,,
j-2023,10,21.11.2023,22.11.2023 09:32:30,31,135,Łódzkie,110,Gastroenterologia,2023/025275,Pozarezydencki,66.36,4.15,19.10.2023 14:22:22,3,NIE,,
j-2023,10,21.11.2023,22.11.2023 09:32:30,31,135,Łódzkie,111,Gastroenterologia dziecięca,2023/025292,Rezydencki,85.85,3.58,02.10.2023 21:54:18,2,NIE,,
j-2023,10,21.11.2023,22.11.2023 09:32:30,31,135,Łódzkie,112,Gastroenterologia dziecięca,2023/030287,Rezydencki,80.49,3.10,02.10.2023 17:46:19,2,NIE,,
j-2023,10,21.11.2023,22.11.2023 09:32:30,31,135,Łódzkie,113,Gastroenterologia dziecięca,2023/029324,Pozarezydencki,75.68,4.00,06.10.2023 23:24:47,1,NIE,,
j-2023,10,21.11.2023,22.11.2023 09:32:30,31,135,Łódzkie,114,Genetyka kliniczna,2023/021665,Rezydencki,83.58,3.62,19.09.2023 14:02:12,4,NIE,,
j-2023,10,21.11.2023,22.11.2023 09:32:30,32,135,Łódzkie,115,Genetyka kliniczna,2023/029618,Rezydencki,75.71,3.01,13.10.2023 20:38:47,4,NIE,,
j-2023,10,21.11.2023,22.11.2023 09:32:30,32,135,Łódzkie,116,Genetyka kliniczna,2023/020550,Rezydencki,69.27,3.64,13.09.2023 15:15:38,4,NIE,,
j-2023,10,21.11.2023,22.11.2023 09:32:30,32,135,Łódzkie,117,Genetyka kliniczna,2023/030662,Rezydencki,63.90,3.03,02.10.2023 16:45:12,4,NIE,,
j-2023,10,21.11.2023,22.11.2023 09:32:30,32,135,Łódzkie,118,Geriatria,2023/029096,Rezydencki,83.33,3.84,29.09.2023 17:32:10,1,NIE,,
j-2023,10,21.11.2023,22.11.2023 09:32:30,32,135,Łódzkie,119,Geriatria,2023/022461,Pozarezydencki,70.91,4.22,09.10.2023 12:52:35,1,NIE,,
j-2023,10,21.11.2023,22.11.2023 09:32:30,32,135,Łódzkie,120,Ginekologia onkologiczna,2023/022052,Pozarezydencki,74.09,3.39,16.10.2023 12:32:34,1,NIE,,
j-2023,10,21.11.2023,22.11.2023 09:32:30,32,135,Łódzkie,121,Hematologia,2023/022108,Rezydencki,87.80,3.80,28.09.2023 12:45:49,2,NIE,,
j-2023,10,21.11.2023,22.11.2023 09:32:30,32,135,Łódzkie,122,Hematologia,2023/024843,Rezydencki,75.36,4.07,21.09.2023 20:20:46,2,NIE,,
j-2023,10,21.11.2023,22.11.2023 09:32:30,32,135,Łódzkie,123,Hematologia,2023/024250,Pozarezydencki,75.45,4.64,07.10.2023 18:49:42,1,NIE,,
j-2023,10,21.11.2023,22.11.2023 09:32:30,32,135,Łódzkie,124,Immunologia kliniczna,2023/028464,Rezydencki,86.83,3.94,30.09.2023 13:10:22,1,NIE,,
j-2023,10,21.11.2023,22.11.2023 09:32:30,32,135,Łódzkie,125,Immunologia kliniczna,2023/026365,Pozarezydencki,81.14,4.80,20.10.2023 08:54:35,1,NIE,,
j-2023,10,21.11.2023,22.11.2023 09:32:30,32,135,Łódzkie,126,Intensywna terapia,2023/022560,Pozarezydencki,93.64,4.77,10.10.2023 15:19:27,3,NIE,,
j-2023,10,21.11.2023,22.11.2023 09:32:30,32,135,Łódzkie,127,Intensywna terapia,2023/021868,Pozarezydencki,88.94,4.76,09.10.2023 15:48:44,3,NIE,,
j-2023,10,21.11.2023,22.11.2023 09:32:30,32,135,Łódzkie,128,Intensywna terapia,2023/021579,Pozarezydencki,79.72,4.54,06.10.2023 19:19:03,3,NIE,,
j-2023,10,21.11.2023,22.11.2023 09:32:30,32,135,Łódzkie,129,Kardiologia,2023/026242,Rezydencki,91.71,4.38,28.09.2023 17:48:48,18,NIE,,
j-2023,10,21.11.2023,22.11.2023 09:32:30,32,135,Łódzkie,130,Kardiologia,2023/024376,Rezydencki,91.55,4.60,02.10.2023 13:53:47,18,NIE,,
j-2023,10,21.11.2023,22.11.2023 09:32:30,32,135,Łódzkie,131,Kardiologia,2023/019585,Rezydencki,89.95,4.03,03.09.2023 14:39:04,18,NIE,,
j-2023,10,21.11.2023,22.11.2023 09:32:30,32,135,Łódzkie,132,Kardiologia,2023/024329,Rezydencki,88.89,4.27,20.09.2023 11:09:15,18,NIE,,
j-2023,10,21.11.2023,22.11.2023 09:32:30,32,135,Łódzkie,133,Kardiologia,2023/021268,Rezydencki,88.78,4.29,02.10.2023 22:31:39,18,NIE,,
j-2023,10,21.11.2023,22.11.2023 09:32:30,32,135,Łódzkie,134,Kardiologia,2023/026761,Rezydencki,88.78,4.24,28.09.2023 16:34:13,18,NIE,,
j-2023,10,21.11.2023,22.11.2023 09:32:30,32,135,Łódzkie,135,Kardiologia,2023/019847,Rezydencki,88.73,4.52,01.09.2023 18:53:50,18,NIE,,
j-2023,10,21.11.2023,22.11.2023 09:32:30,32,135,Łódzkie,136,Kardiologia,2023/024925,Rezydencki,88.41,3.44,22.09.2023 09:43:42,18,NIE,,
j-2023,10,21.11.2023,22.11.2023 09:32:30,32,135,Łódzkie,137,Kardiologia,2023/025461,Rezydencki,87.92,4.29,02.10.2023 22:59:57,18,NIE,,
j-2023,10,21.11.2023,22.11.2023 09:32:30,32,135,Łódzkie,138,Kardiologia,2023/020575,Rezydencki,87.80,3.94,30.09.2023 10:00:42,18,NIE,,
j-2023,10,21.11.2023,22.11.2023 09:32:30,32,135,Łódzkie,139,Kardiologia,2023/019753,Rezydencki,87.75,3.95,11.09.2023 17:25:48,18,NIE,,
j-2023,10,21.11.2023,22.11.2023 09:32:30,32,135,Łódzkie,140,Kardiologia,2023/023554,Rezydencki,87.56,4.39,29.09.2023 15:57:26,18,NIE,,
j-2023,10,21.11.2023,22.11.2023 09:32:30,32,135,Łódzkie,141,Kardiologia,2023/020208,Rezydencki,87.44,3.73,11.09.2023 22:12:19,18,NIE,,
j-2023,10,21.11.2023,22.11.2023 09:32:30,32,135,Łódzkie,142,Kardiologia,2023/030561,Rezydencki,87.32,3.47,02.10.2023 14:46:44,18,NIE,,
j-2023,10,21.11.2023,22.11.2023 09:32:30,32,135,Łódzkie,143,Kardiologia,2023/030235,Rezydencki,86.47,3.65,01.10.2023 22:49:36,18,NIE,,
j-2023,10,21.11.2023,22.11.2023 09:32:30,32,135,Łódzkie,144,Kardiologia,2023/028711,Rezydencki,86.34,3.29,28.09.2023 23:37:47,18,NIE,,
j-2023,10,21.11.2023,22.11.2023 09:32:30,32,135,Łódzkie,145,Kardiologia,2023/022190,Rezydencki,86.27,3.95,24.09.2023 13:31:40,18,NIE,,
j-2023,10,21.11.2023,22.11.2023 09:32:30,32,135,Łódzkie,146,Kardiologia,2023/026414,Rezydencki,85.37,3.90,30.09.2023 22:40:42,18,NIE,,
j-2023,10,21.11.2023,22.11.2023 09:32:30,32,135,Łódzkie,147,Kardiologia,2023/025965,Pozarezydencki,77.67,3.72,25.09.2023 22:10:05,4,NIE,,
j-2023,10,21.11.2023,22.11.2023 09:32:30,32,135,Łódzkie,148,Kardiologia,2023/025953,Pozarezydencki,72.22,3.93,06.10.2023 16:23:26,4,NIE,,
j-2023,10,21.11.2023,22.11.2023 09:32:30,32,135,Łódzkie,149,Kardiologia,2023/023253,Pozarezydencki,62.39,0.00,06.10.2023 13:57:05,4,NIE,,
j-2023,10,21.11.2023,22.11.2023 09:32:30,32,135,Łódzkie,150,Kardiologia,2023/023464,Pozarezydencki,60.98,3.35,09.10.2023 20:28:19,4,NIE,,
j-2023,10,21.11.2023,22.11.2023 09:32:30,32,135,Łódzkie,151,Kardiologia dziecięca,2023/024989,Rezydencki,86.47,4.06,04.10.2023 15:52:35,2,NIE,,
j-2023,10,21.11.2023,22.11.2023 09:32:30,32,135,Łódzkie,152,Kardiologia dziecięca,2023/027583,Rezydencki,85.29,3.47,30.09.2023 12:32:06,2,NIE,,
j-2023,10,21.11.2023,22.11.2023 09:32:30,33,135,Łódzkie,153,Kardiologia dziecięca,2023/024590,Pozarezydencki,66.36,0.00,12.10.2023 18:53:00,1,NIE,,
j-2023,10,21.11.2023,22.11.2023 09:32:30,33,135,Łódzkie,154,Medycyna nuklearna,2023/019628,Rezydencki,84.63,3.81,28.09.2023 14:25:10,1,NIE,,
j-2023,10,21.11.2023,22.11.2023 09:32:30,33,135,Łódzkie,155,Medycyna nuklearna,2023/024082,Pozarezydencki,65.28,0.00,05.10.2023 21:24:27,1,NIE,,
j-2023,10,21.11.2023,22.11.2023 09:32:30,33,135,Łódzkie,156,Medycyna paliatywna,2023/024560,Pozarezydencki,80.00,0.00,20.09.2023 21:44:37,1,NIE,,
j-2023,10,21.11.2023,22.11.2023 09:32:30,33,135,Łódzkie,157,Medycyna pracy,2023/021454,Pozarezydencki,84.55,0.00,05.10.2023 22:45:44,9,NIE,,
j-2023,10,21.11.2023,22.11.2023 09:32:30,33,135,Łódzkie,158,Medycyna pracy,2023/028425,Pozarezydencki,80.00,0.00,24.10.2023 10:07:41,9,NIE,,
j-2023,10,21.11.2023,22.11.2023 09:32:30,33,135,Łódzkie,159,Medycyna pracy,2023/029239,Pozarezydencki,73.18,3.37,01.10.2023 14:57:52,9,NIE,,
j-2023,10,21.11.2023,22.11.2023 09:32:30,33,135,Łódzkie,160,Medycyna pracy,2023/023044,Pozarezydencki,61.82,3.56,19.10.2023 14:53:04,9,NIE,,
j-2023,10,21.11.2023,22.11.2023 09:32:30,33,135,Łódzkie,161,Medycyna pracy,2023/029601,Pozarezydencki,60.45,3.39,10.10.2023 11:43:15,9,NIE,,
j-2023,10,21.11.2023,22.11.2023 09:32:30,33,135,Łódzkie,162,Medycyna pracy,2023/027993,Pozarezydencki,59.86,3.39,16.10.2023 00:45:47,9,NIE,,
j-2023,10,21.11.2023,22.11.2023 09:32:30,33,135,Łódzkie,163,Medycyna pracy,2023/020868,Pozarezydencki,53.21,3.33,24.10.2023 17:07:19,9,NIE,,
j-2023,10,21.11.2023,22.11.2023 09:32:30,33,135,Łódzkie,164,Medycyna pracy,2023/030863,Pozarezydencki,51.63,3.21,25.10.2023 18:58:06,9,NIE,,
j-2023,10,21.11.2023,22.11.2023 09:32:30,33,135,Łódzkie,165,Medycyna pracy,2023/021538,Pozarezydencki,0.00,4.06,07.10.2023 12:51:33,9,NIE,,
j-2023,10,21.11.2023,22.11.2023 09:32:30,33,135,Łódzkie,166,Medycyna ratunkowa,2023/022881,Rezydencki,76.81,3.57,14.09.2023 12:27:46,1,NIE,,
j-2023,10,21.11.2023,22.11.2023 09:32:30,33,135,Łódzkie,167,Medycyna ratunkowa,2023/023785,Pozarezydencki,89.09,0.00,28.09.2023 10:18:43,5,NIE,,
j-2023,10,21.11.2023,22.11.2023 09:32:30,33,135,Łódzkie,168,Medycyna ratunkowa,2023/023382,Pozarezydencki,80.00,4.12,24.10.2023 20:29:34,5,NIE,,
j-2023,10,21.11.2023,22.11.2023 09:32:30,33,135,Łódzkie,169,Medycyna ratunkowa,2023/030181,Pozarezydencki,75.45,4.44,11.10.2023 12:51:28,5,NIE,,
j-2023,10,21.11.2023,22.11.2023 09:32:30,33,135,Łódzkie,170,Medycyna ratunkowa,2023/029532,Pozarezydencki,70.83,0.00,08.10.2023 22:25:49,5,NIE,,
j-2023,10,21.11.2023,22.11.2023 09:32:30,33,135,Łódzkie,171,Medycyna ratunkowa,2023/028936,Pozarezydencki,62.73,3.64,09.10.2023 09:53:26,5,NIE,,
j-2023,10,21.11.2023,22.11.2023 09:32:30,33,135,Łódzkie,172,Medycyna rodzinna,2023/026735,Rezydencki,89.27,3.57,28.09.2023 12:35:42,26,NIE,,
j-2023,10,21.11.2023,22.11.2023 09:32:30,33,135,Łódzkie,173,Medycyna rodzinna,2023/020210,Rezydencki,89.05,4.53,03.09.2023 16:57:22,26,NIE,,
j-2023,10,21.11.2023,22.11.2023 09:32:30,33,135,Łódzkie,174,Medycyna rodzinna,2023/020970,Rezydencki,88.29,4.61,04.10.2023 15:53:25,26,NIE,,
j-2023,10,21.11.2023,22.11.2023 09:32:30,33,135,Łódzkie,175,Medycyna rodzinna,2023/019994,Rezydencki,87.99,3.71,02.10.2023 22:57:04,26,NIE,,
j-2023,10,21.11.2023,22.11.2023 09:32:30,33,135,Łódzkie,176,Medycyna rodzinna,2023/024473,Rezydencki,86.96,4.17,02.10.2023 15:13:02,26,NIE,,
j-2023,10,21.11.2023,22.11.2023 09:32:30,33,135,Łódzkie,177,Medycyna rodzinna,2023/025082,Rezydencki,86.83,4.00,02.10.2023 10:28:07,26,NIE,,
j-2023,10,21.11.2023,22.11.2023 09:32:30,33,135,Łódzkie,178,Medycyna rodzinna,2023/025979,Rezydencki,86.83,3.72,30.09.2023 20:27:30,26,NIE,,
j-2023,10,21.11.2023,22.11.2023 09:32:30,33,135,Łódzkie,179,Medycyna rodzinna,2023/030869,Rezydencki,86.27,4.13,02.10.2023 19:41:09,26,NIE,,
j-2023,10,21.11.2023,22.11.2023 09:32:30,33,135,Łódzkie,180,Medycyna rodzinna,2023/030026,Rezydencki,85.85,4.31,02.10.2023 20:46:56,26,NIE,,
j-2023,10,21.11.2023,22.11.2023 09:32:30,33,135,Łódzkie,181,Medycyna rodzinna,2023/024958,Rezydencki,85.78,4.03,22.09.2023 11:24:29,26,NIE,,
j-2023,10,21.11.2023,22.11.2023 09:32:30,33,135,Łódzkie,182,Medycyna rodzinna,2023/023832,Rezydencki,85.51,3.72,19.09.2023 20:19:49,26,NIE,,
j-2023,10,21.11.2023,22.11.2023 09:32:30,33,135,Łódzkie,183,Medycyna rodzinna,2023/029455,Rezydencki,84.06,3.22,30.09.2023 13:16:34,26,NIE,,
j-2023,10,21.11.2023,22.11.2023 09:32:30,33,135,Łódzkie,184,Medycyna rodzinna,2023/020656,Rezydencki,83.82,4.09,26.09.2023 20:56:23,26,NIE,,
j-2023,10,21.11.2023,22.11.2023 09:32:30,33,135,Łódzkie,185,Medycyna rodzinna,2023/028468,Rezydencki,82.93,3.65,01.10.2023 23:11:57,26,NIE,,
j-2023,10,21.11.2023,22.11.2023 09:32:30,33,135,Łódzkie,186,Medycyna rodzinna,2023/024030,Rezydencki,81.95,3.76,29.09.2023 06:33:52,26,NIE,,
j-2023,10,21.11.2023,22.11.2023 09:32:30,33,135,Łódzkie,187,Medycyna rodzinna,2023/020204,Rezydencki,81.16,3.49,01.10.2023 22:52:47,26,NIE,,
j-2023,10,21.11.2023,22.11.2023 09:32:30,33,135,Łódzkie,188,Medycyna rodzinna,2023/022910,Rezydencki,81.16,2.75,09.10.2023 10:52:53,26,NIE,,
j-2023,10,21.11.2023,22.11.2023 09:32:30,33,135,Łódzkie,189,Medycyna rodzinna,2023/028115,Rezydencki,79.51,3.28,28.09.2023 17:38:02,26,NIE,,
j-2023,10,21.11.2023,22.11.2023 09:32:30,33,135,Łódzkie,190,Medycyna rodzinna,2023/028844,Rezydencki,78.54,3.28,06.10.2023 13:41:40,26,NIE,,
j-2023,10,21.11.2023,22.11.2023 09:32:30,34,135,Łódzkie,191,Medycyna rodzinna,2023/024381,Rezydencki,78.54,0.00,06.10.2023 14:05:37,26,NIE,,
j-2023,10,21.11.2023,22.11.2023 09:32:30,34,135,Łódzkie,192,Medycyna rodzinna,2023/024704,Rezydencki,78.26,3.63,30.09.2023 17:27:52,26,NIE,,
j-2023,10,21.11.2023,22.11.2023 09:32:30,34,135,Łódzkie,193,Medycyna rodzinna,2023/028030,Rezydencki,77.94,3.75,28.09.2023 12:19:04,26,NIE,,
j-2023,10,21.11.2023,22.11.2023 09:32:30,34,135,Łódzkie,194,Medycyna rodzinna,2023/028689,Rezydencki,77.78,3.67,30.09.2023 10:42:24,26,NIE,,
j-2023,10,21.11.2023,22.11.2023 09:32:30,34,135,Łódzkie,195,Medycyna rodzinna,2023/025575,Rezydencki,77.45,3.63,26.09.2023 23:55:54,26,NIE,,
j-2023,10,21.11.2023,22.11.2023 09:32:30,34,135,Łódzkie,196,Medycyna rodzinna,2023/030070,Rezydencki,75.36,3.42,02.10.2023 23:15:38,26,NIE,,
j-2023,10,21.11.2023,22.11.2023 09:32:30,34,135,Łódzkie,197,Medycyna rodzinna,2023/030062,Rezydencki,72.46,2.90,01.10.2023 20:03:24,26,NIE,,
j-2023,10,21.11.2023,22.11.2023 09:32:30,34,135,Łódzkie,198,Medycyna rodzinna,2023/020700,Pozarezydencki,86.21,4.10,29.09.2023 17:55:08,7,NIE,,
j-2023,10,21.11.2023,22.11.2023 09:32:30,34,135,Łódzkie,199,Medycyna rodzinna,2023/025206,Pozarezydencki,74.42,3.16,23.09.2023 13:43:40,7,NIE,,
j-2023,10,21.11.2023,22.11.2023 09:32:30,34,135,Łódzkie,200,Medycyna rodzinna,2023/019380,Pozarezydencki,70.23,3.35,05.10.2023 12:50:10,7,NIE,,
j-2023,10,21.11.2023,22.11.2023 09:32:30,34,135,Łódzkie,201,Medycyna rodzinna,2023/029049,Pozarezydencki,69.77,3.55,06.10.2023 11:48:46,7,NIE,,
j-2023,10,21.11.2023,22.11.2023 09:32:30,34,135,Łódzkie,202,Medycyna rodzinna,2023/020749,Pozarezydencki,68.69,3.87,24.10.2023 13:19:44,7,NIE,,
j-2023,10,21.11.2023,22.11.2023 09:32:30,34,135,Łódzkie,203,Medycyna rodzinna,2023/027273,Pozarezydencki,67.91,3.50,05.10.2023 17:02:02,7,NIE,,
j-2023,10,21.11.2023,22.11.2023 09:32:30,34,135,Łódzkie,204,Medycyna rodzinna,2023/025797,Pozarezydencki,52.29,0.00,05.10.2023 13:25:25,7,NIE,,
j-2023,10,21.11.2023,22.11.2023 09:32:30,34,135,Łódzkie,205,Medycyna sportowa,2023/022562,Pozarezydencki,84.55,0.00,08.10.2023 21:24:13,1,NIE,,
j-2023,10,21.11.2023,22.11.2023 09:32:30,34,135,Łódzkie,206,Nefrologia,2023/027505,Rezydencki,88.97,4.23,27.09.2023 19:27:28,4,NIE,,
j-2023,10,21.11.2023,22.11.2023 09:32:30,34,135,Łódzkie,207,Nefrologia,2023/022183,Rezydencki,87.32,3.95,05.10.2023 08:34:18,4,NIE,,
j-2023,10,21.11.2023,22.11.2023 09:32:30,34,135,Łódzkie,208,Nefrologia,2023/023638,Rezydencki,86.83,3.70,28.09.2023 19:19:45,4,NIE,,
j-2023,10,21.11.2023,22.11.2023 09:32:30,34,135,Łódzkie,209,Nefrologia,2023/030701,Rezydencki,83.09,3.74,02.10.2023 17:42:59,4,NIE,,
j-2023,10,21.11.2023,22.11.2023 09:32:30,34,135,Łódzkie,210,Nefrologia,2023/022336,Pozarezydencki,74.55,3.56,10.10.2023 11:09:43,3,NIE,,
j-2023,10,21.11.2023,22.11.2023 09:32:30,34,135,Łódzkie,211,Nefrologia,2023/030168,Pozarezydencki,72.64,0.00,13.10.2023 21:55:37,3,NIE,,
j-2023,10,21.11.2023,22.11.2023 09:32:30,34,135,Łódzkie,212,Nefrologia,2023/029778,Pozarezydencki,63.92,3.69,13.10.2023 21:58:44,3,NIE,,
j-2023,10,21.11.2023,22.11.2023 09:32:30,34,135,Łódzkie,213,Nefrologia dziecięca,2023/026227,Rezydencki,85.85,4.13,02.10.2023 19:17:51,2,NIE,,
j-2023,10,21.11.2023,22.11.2023 09:32:30,34,135,Łódzkie,214,Nefrologia dziecięca,2023/028943,Rezydencki,85.85,3.74,29.09.2023 13:30:57,2,NIE,,
j-2023,10,21.11.2023,22.11.2023 09:32:30,34,135,Łódzkie,215,Neonatologia,2023/019405,Rezydencki,88.24,4.39,01.09.2023 16:36:28,5,NIE,,
j-2023,10,21.11.2023,22.11.2023 09:32:30,34,135,Łódzkie,216,Neonatologia,2023/023139,Rezydencki,85.02,4.03,15.09.2023 13:57:10,5,NIE,,
j-2023,10,21.11.2023,22.11.2023 09:32:30,34,135,Łódzkie,217,Neonatologia,2023/019785,Rezydencki,82.13,3.06,02.10.2023 14:22:02,5,NIE,,
j-2023,10,21.11.2023,22.11.2023 09:32:30,34,135,Łódzkie,218,Neonatologia,2023/021407,Rezydencki,61.84,3.66,28.09.2023 14:19:20,5,NIE,,
j-2023,10,21.11.2023,22.11.2023 09:32:30,34,135,Łódzkie,219,Neonatologia,2023/021049,Rezydencki,59.80,3.93,28.09.2023 20:10:49,5,NIE,,
j-2023,10,21.11.2023,22.11.2023 09:32:30,34,135,Łódzkie,220,Neonatologia,2023/021701,Pozarezydencki,83.18,4.42,30.10.2023 19:47:45,1,NIE,,
j-2023,10,21.11.2023,22.11.2023 09:32:30,34,135,Łódzkie,221,Neurochirurgia,2023/019875,Rezydencki,86.96,4.18,05.10.2023 10:48:10,1,NIE,,
j-2023,10,21.11.2023,22.11.2023 09:32:30,34,135,Łódzkie,222,Neurologia,2023/020335,Rezydencki,91.30,4.48,20.09.2023 18:17:27,9,NIE,,
j-2023,10,21.11.2023,22.11.2023 09:32:30,34,135,Łódzkie,223,Neurologia,2023/029726,Rezydencki,88.89,0.00,11.10.2023 15:18:19,9,NIE,,
j-2023,10,21.11.2023,22.11.2023 09:32:30,34,135,Łódzkie,224,Neurologia,2023/027407,Rezydencki,88.29,4.08,30.09.2023 23:23:39,9,NIE,,
j-2023,10,21.11.2023,22.11.2023 09:32:30,34,135,Łódzkie,225,Neurologia,2023/020501,Rezydencki,87.75,3.92,24.10.2023 10:29:40,9,NIE,,
j-2023,10,21.11.2023,22.11.2023 09:32:30,34,135,Łódzkie,226,Neurologia,2023/026415,Rezydencki,87.56,3.54,02.10.2023 20:04:35,9,NIE,,
j-2023,10,21.11.2023,22.11.2023 09:32:30,34,135,Łódzkie,227,Neurologia,2023/019550,Rezydencki,87.01,3.65,29.09.2023 19:56:37,9,NIE,,
j-2023,10,21.11.2023,22.11.2023 09:32:30,34,135,Łódzkie,228,Neurologia,2023/021039,Rezydencki,86.96,4.43,08.09.2023 21:21:00,9,NIE,,
j-2023,10,21.11.2023,22.11.2023 09:32:30,35,135,Łódzkie,229,Neurologia,2023/019607,Rezydencki,86.96,3.63,09.09.2023 13:14:25,9,NIE,,
j-2023,10,21.11.2023,22.11.2023 09:32:30,35,135,Łódzkie,230,Neurologia,2023/022077,Rezydencki,86.76,3.81,02.10.2023 13:39:28,9,NIE,,
j-2023,10,21.11.2023,22.11.2023 09:32:30,35,135,Łódzkie,231,Neurologia,2023/027162,Pozarezydencki,66.36,0.00,08.10.2023 20:44:53,1,NIE,,
j-2023,10,21.11.2023,22.11.2023 09:32:30,35,135,Łódzkie,232,Neurologia dziecięca,2023/027116,Pozarezydencki,67.50,3.61,11.10.2023 09:55:19,1,NIE,,
j-2023,10,21.11.2023,22.11.2023 09:32:30,35,135,Łódzkie,233,Okulistyka,2023/024217,Rezydencki,90.24,4.17,02.10.2023 13:37:25,3,NIE,,
j-2023,10,21.11.2023,22.11.2023 09:32:30,35,135,Łódzkie,234,Okulistyka,2023/027391,Rezydencki,89.76,3.97,02.10.2023 23:55:40,3,NIE,,
j-2023,10,21.11.2023,22.11.2023 09:32:30,35,135,Łódzkie,235,Okulistyka,2023/029925,Rezydencki,89.71,3.65,01.10.2023 15:56:39,3,NIE,,
j-2023,10,21.11.2023,22.11.2023 09:32:30,35,135,Łódzkie,236,Okulistyka,2023/025310,Pozarezydencki,83.26,4.23,02.10.2023 23:35:06,1,NIE,,
j-2023,10,21.11.2023,22.11.2023 09:32:30,35,135,Łódzkie,237,Onkologia kliniczna,2023/025117,Rezydencki,88.73,4.03,22.09.2023 19:53:34,1,NIE,,
j-2023,10,21.11.2023,22.11.2023 09:32:30,35,135,Łódzkie,238,Onkologia kliniczna,2023/030758,Pozarezydencki,75.46,4.20,23.10.2023 11:20:51,1,NIE,,
j-2023,10,21.11.2023,22.11.2023 09:32:30,35,135,Łódzkie,239,Ortodoncja,2023/025669,Rezydencki,88.10,4.61,24.09.2023 20:55:08,5,NIE,,
j-2023,10,21.11.2023,22.11.2023 09:32:30,35,135,Łódzkie,240,Ortodoncja,2023/028506,Rezydencki,87.14,4.52,12.10.2023 13:19:43,5,NIE,,
j-2023,10,21.11.2023,22.11.2023 09:32:30,35,135,Łódzkie,241,Ortodoncja,2023/026574,Rezydencki,86.89,4.00,28.09.2023 23:34:01,5,NIE,,
j-2023,10,21.11.2023,22.11.2023 09:32:30,35,135,Łódzkie,242,Ortodoncja,2023/022434,Rezydencki,85.99,4.11,27.09.2023 19:50:08,5,NIE,,
j-2023,10,21.11.2023,22.11.2023 09:32:30,35,135,Łódzkie,243,Ortodoncja,2023/021514,Rezydencki,85.51,4.00,28.09.2023 20:38:10,5,NIE,,
j-2023,10,21.11.2023,22.11.2023 09:32:30,35,135,Łódzkie,244,Ortopedia i traumatologia narządu ruchu,2023/020121,Rezydencki,90.82,4.02,27.09.2023 11:48:54,16,NIE,,
j-2023,10,21.11.2023,22.11.2023 09:32:30,35,135,Łódzkie,245,Ortopedia i traumatologia narządu ruchu,2023/023612,Rezydencki,90.24,0.00,13.10.2023 01:04:12,16,NIE,,
j-2023,10,21.11.2023,22.11.2023 09:32:30,35,135,Łódzkie,246,Ortopedia i traumatologia narządu ruchu,2023/021191,Rezydencki,89.95,3.90,06.09.2023 20:19:07,16,NIE,,
j-2023,10,21.11.2023,22.11.2023 09:32:30,35,135,Łódzkie,247,Ortopedia i traumatologia narządu ruchu,2023/030390,Rezydencki,88.29,4.27,02.10.2023 23:52:13,16,NIE,,
j-2023,10,21.11.2023,22.11.2023 09:32:30,35,135,Łódzkie,248,Ortopedia i traumatologia narządu ruchu,2023/029458,Rezydencki,87.75,4.08,30.09.2023 13:25:34,16,NIE,,
j-2023,10,21.11.2023,22.11.2023 09:32:30,35,135,Łódzkie,249,Ortopedia i traumatologia narządu ruchu,2023/029530,Rezydencki,87.56,3.58,02.10.2023 20:33:44,16,NIE,,
j-2023,10,21.11.2023,22.11.2023 09:32:30,35,135,Łódzkie,250,Ortopedia i traumatologia narządu ruchu,2023/026951,Rezydencki,87.25,3.91,26.09.2023 22:42:22,16,NIE,,
j-2023,10,21.11.2023,22.11.2023 09:32:30,35,135,Łódzkie,251,Ortopedia i traumatologia narządu ruchu,2023/023062,Rezydencki,86.83,4.16,28.09.2023 18:03:56,16,NIE,,
j-2023,10,21.11.2023,22.11.2023 09:32:30,35,135,Łódzkie,252,Ortopedia i traumatologia narządu ruchu,2023/029656,Rezydencki,86.83,4.16,30.09.2023 21:41:40,16,NIE,,
j-2023,10,21.11.2023,22.11.2023 09:32:30,35,135,Łódzkie,253,Ortopedia i traumatologia narządu ruchu,2023/025587,Rezydencki,85.78,3.60,24.09.2023 18:39:04,16,NIE,,
j-2023,10,21.11.2023,22.11.2023 09:32:30,35,135,Łódzkie,254,Ortopedia i traumatologia narządu ruchu,2023/030402,Rezydencki,84.88,3.51,02.10.2023 16:38:38,16,NIE,,
j-2023,10,21.11.2023,22.11.2023 09:32:30,35,135,Łódzkie,255,Ortopedia i traumatologia narządu ruchu,2023/029847,Rezydencki,84.15,2.95,02.10.2023 22:11:42,16,NIE,,
j-2023,10,21.11.2023,22.11.2023 09:32:30,35,135,Łódzkie,256,Ortopedia i traumatologia narządu ruchu,2023/020766,Rezydencki,82.61,3.20,05.09.2023 14:15:27,16,NIE,,
j-2023,10,21.11.2023,22.11.2023 09:32:30,35,135,Łódzkie,257,Ortopedia i traumatologia narządu ruchu,2023/026549,Rezydencki,81.46,3.58,30.09.2023 23:40:43,16,NIE,,
j-2023,10,21.11.2023,22.11.2023 09:32:30,35,135,Łódzkie,258,Ortopedia i traumatologia narządu ruchu,2023/030557,Rezydencki,80.00,2.91,02.10.2023 15:02:11,16,NIE,,
j-2023,10,21.11.2023,22.11.2023 09:32:30,35,135,Łódzkie,259,Ortopedia i traumatologia narządu ruchu,2023/027520,Rezydencki,79.51,3.54,30.09.2023 03:59:38,16,NIE,,
j-2023,10,21.11.2023,22.11.2023 09:32:30,35,135,Łódzkie,260,Otorynolaryngologia,2023/019412,Rezydencki,87.75,3.70,02.10.2023 18:28:42,4,NIE,,
j-2023,10,21.11.2023,22.11.2023 09:32:30,35,135,Łódzkie,261,Otorynolaryngologia,2023/019907,Rezydencki,87.32,4.37,28.09.2023 13:23:51,4,NIE,,
j-2023,10,21.11.2023,22.11.2023 09:32:30,35,135,Łódzkie,262,Otorynolaryngologia,2023/022149,Rezydencki,87.32,3.88,29.09.2023 19:58:14,4,NIE,,
j-2023,10,21.11.2023,22.11.2023 09:32:30,35,135,Łódzkie,263,Otorynolaryngologia,2023/025322,Rezydencki,87.01,3.55,23.09.2023 22:28:53,4,NIE,,
j-2023,10,21.11.2023,22.11.2023 09:32:30,35,135,Łódzkie,264,Otorynolaryngologia,2023/024001,Pozarezydencki,80.00,3.79,11.10.2023 13:00:26,2,NIE,,
j-2023,10,21.11.2023,22.11.2023 09:32:30,35,135,Łódzkie,265,Otorynolaryngologia,2023/021183,Pozarezydencki,77.80,3.42,18.09.2023 11:17:23,2,NIE,,
j-2023,10,21.11.2023,22.11.2023 09:32:30,35,135,Łódzkie,266,Otorynolaryngologia dziecięca,2023/024222,Rezydencki,89.22,4.27,19.09.2023 20:51:33,2,NIE,,
j-2023,10,21.11.2023,22.11.2023 09:32:30,36,135,Łódzkie,267,Otorynolaryngologia dziecięca,2023/020898,Rezydencki,88.48,3.97,02.10.2023 11:14:36,2,NIE,,
j-2023,10,21.11.2023,22.11.2023 09:32:30,36,135,Łódzkie,268,Otorynolaryngologia dziecięca,2023/027278,Pozarezydencki,80.00,4.10,18.10.2023 16:31:22,1,NIE,,
j-2023,10,21.11.2023,22.11.2023 09:32:30,36,135,Łódzkie,269,Patomorfologia,2023/025513,Rezydencki,76.96,4.16,02.10.2023 14:17:32,1,NIE,,
j-2023,10,21.11.2023,22.11.2023 09:32:30,36,135,Łódzkie,270,Pediatria,2023/021180,Rezydencki,91.46,4.52,01.10.2023 10:28:08,26,NIE,,
j-2023,10,21.11.2023,22.11.2023 09:32:30,36,135,Łódzkie,271,Pediatria,2023/025654,Rezydencki,89.51,3.80,29.09.2023 23:09:03,26,NIE,,
j-2023,10,21.11.2023,22.11.2023 09:32:30,36,135,Łódzkie,272,Pediatria,2023/020025,Rezydencki,89.22,4.13,14.09.2023 22:32:36,26,NIE,,
j-2023,10,21.11.2023,22.11.2023 09:32:30,36,135,Łódzkie,273,Pediatria,2023/022329,Rezydencki,88.41,4.42,23.09.2023 15:08:34,26,NIE,,
j-2023,10,21.11.2023,22.11.2023 09:32:30,36,135,Łódzkie,274,Pediatria,2023/019612,Rezydencki,87.32,3.42,28.09.2023 11:53:08,26,NIE,,
j-2023,10,21.11.2023,22.11.2023 09:32:30,36,135,Łódzkie,275,Pediatria,2023/025353,Rezydencki,86.83,3.71,01.10.2023 18:19:34,26,NIE,,
j-2023,10,21.11.2023,22.11.2023 09:32:30,36,135,Łódzkie,276,Pediatria,2023/021898,Rezydencki,86.76,3.98,27.09.2023 18:32:00,26,NIE,,
j-2023,10,21.11.2023,22.11.2023 09:32:30,36,135,Łódzkie,277,Pediatria,2023/021631,Rezydencki,86.67,4.40,08.09.2023 13:10:27,26,NIE,,
j-2023,10,21.11.2023,22.11.2023 09:32:30,36,135,Łódzkie,278,Pediatria,2023/023775,Rezydencki,86.67,4.33,06.10.2023 12:53:02,26,NIE,,
j-2023,10,21.11.2023,22.11.2023 09:32:30,36,135,Łódzkie,279,Pediatria,2023/027398,Rezydencki,86.34,4.29,24.10.2023 14:20:36,26,NIE,,
j-2023,10,21.11.2023,22.11.2023 09:32:30,36,135,Łódzkie,280,Pediatria,2023/019285,Rezydencki,86.34,3.72,28.09.2023 11:45:35,26,NIE,,
j-2023,10,21.11.2023,22.11.2023 09:32:30,36,135,Łódzkie,281,Pediatria,2023/023685,Rezydencki,86.27,4.02,02.10.2023 13:52:48,26,NIE,,
j-2023,10,21.11.2023,22.11.2023 09:32:30,36,135,Łódzkie,282,Pediatria,2023/022627,Rezydencki,85.99,4.61,02.10.2023 15:17:32,26,NIE,,
j-2023,10,21.11.2023,22.11.2023 09:32:30,36,135,Łódzkie,283,Pediatria,2023/026334,Rezydencki,85.85,3.49,28.09.2023 19:16:37,26,NIE,,
j-2023,10,21.11.2023,22.11.2023 09:32:30,36,135,Łódzkie,284,Pediatria,2023/020635,Rezydencki,85.27,4.25,06.09.2023 10:49:00,26,NIE,,
j-2023,10,21.11.2023,22.11.2023 09:32:30,36,135,Łódzkie,285,Pediatria,2023/021979,Rezydencki,84.88,3.79,29.09.2023 13:24:12,26,NIE,,
j-2023,10,21.11.2023,22.11.2023 09:32:30,36,135,Łódzkie,286,Pediatria,2023/024256,Rezydencki,84.78,4.05,27.09.2023 23:23:20,26,NIE,,
j-2023,10,21.11.2023,22.11.2023 09:32:30,36,135,Łódzkie,287,Pediatria,2023/026183,Rezydencki,84.54,4.00,12.10.2023 13:55:26,26,NIE,,
j-2023,10,21.11.2023,22.11.2023 09:32:30,36,135,Łódzkie,288,Pediatria,2023/022696,Rezydencki,84.39,3.48,28.09.2023 18:50:31,26,NIE,,
j-2023,10,21.11.2023,22.11.2023 09:32:30,36,135,Łódzkie,289,Pediatria,2023/027329,Rezydencki,83.33,3.72,27.09.2023 20:49:53,26,NIE,,
j-2023,10,21.11.2023,22.11.2023 09:32:30,36,135,Łódzkie,290,Pediatria,2023/025634,Rezydencki,83.33,3.38,02.10.2023 00:49:51,26,NIE,,
j-2023,10,21.11.2023,22.11.2023 09:32:30,36,135,Łódzkie,291,Pediatria,2023/030857,Rezydencki,82.93,3.72,02.10.2023 19:24:55,26,NIE,,
j-2023,10,21.11.2023,22.11.2023 09:32:30,36,135,Łódzkie,292,Pediatria,2023/021974,Rezydencki,82.93,3.36,01.10.2023 13:56:13,26,NIE,,
j-2023,10,21.11.2023,22.11.2023 09:32:30,36,135,Łódzkie,293,Pediatria,2023/030438,Rezydencki,82.84,3.46,02.10.2023 12:20:48,26,NIE,,
j-2023,10,21.11.2023,22.11.2023 09:32:30,36,135,Łódzkie,294,Pediatria,2023/026128,Rezydencki,82.61,4.16,25.09.2023 18:30:23,26,NIE,,
j-2023,10,21.11.2023,22.11.2023 09:32:30,36,135,Łódzkie,295,Pediatria,2023/019290,Rezydencki,82.61,3.37,01.09.2023 00:52:56,26,NIE,,
j-2023,10,21.11.2023,22.11.2023 09:32:30,36,135,Łódzkie,296,Pediatria,2023/019756,Pozarezydencki,72.90,0.00,07.10.2023 15:40:52,1,NIE,,
j-2023,10,21.11.2023,22.11.2023 09:32:30,36,135,Łódzkie,297,Perinatologia,2023/028524,Pozarezydencki,82.27,4.51,27.10.2023 12:04:49,1,NIE,,
j-2023,10,21.11.2023,22.11.2023 09:32:30,36,135,Łódzkie,298,Położnictwo i ginekologia,2023/021499,Rezydencki,88.89,4.08,01.10.2023 23:36:53,15,NIE,,
j-2023,10,21.11.2023,22.11.2023 09:32:30,36,135,Łódzkie,299,Położnictwo i ginekologia,2023/022994,Rezydencki,88.73,4.22,30.09.2023 23:51:58,15,NIE,,
j-2023,10,21.11.2023,22.11.2023 09:32:30,36,135,Łódzkie,300,Położnictwo i ginekologia,2023/026187,Rezydencki,87.75,3.98,02.10.2023 20:17:12,15,NIE,,
j-2023,10,21.11.2023,22.11.2023 09:32:30,36,135,Łódzkie,301,Położnictwo i ginekologia,2023/023792,Rezydencki,87.25,4.50,02.10.2023 15:21:55,15,NIE,,
j-2023,10,21.11.2023,22.11.2023 09:32:30,36,135,Łódzkie,302,Położnictwo i ginekologia,2023/019982,Rezydencki,86.27,4.16,02.09.2023 19:10:21,15,NIE,,
j-2023,10,21.11.2023,22.11.2023 09:32:30,36,135,Łódzkie,303,Położnictwo i ginekologia,2023/019502,Rezydencki,85.37,3.59,28.09.2023 11:27:18,15,NIE,,
j-2023,10,21.11.2023,22.11.2023 09:32:30,36,135,Łódzkie,304,Położnictwo i ginekologia,2023/021688,Rezydencki,85.29,4.03,24.10.2023 13:55:07,15,NIE,,
j-2023,10,21.11.2023,22.11.2023 09:32:30,37,135,Łódzkie,305,Położnictwo i ginekologia,2023/028494,Rezydencki,84.39,3.89,02.10.2023 20:21:50,15,NIE,,
j-2023,10,21.11.2023,22.11.2023 09:32:30,37,135,Łódzkie,306,Położnictwo i ginekologia,2023/028203,Rezydencki,84.15,3.82,02.10.2023 17:59:11,15,NIE,,
j-2023,10,21.11.2023,22.11.2023 09:32:30,37,135,Łódzkie,307,Położnictwo i ginekologia,2023/029968,Rezydencki,80.98,4.10,01.10.2023 17:54:21,15,NIE,,
j-2023,10,21.11.2023,22.11.2023 09:32:30,37,135,Łódzkie,308,Położnictwo i ginekologia,2023/026850,Rezydencki,80.00,3.27,29.09.2023 08:05:24,15,NIE,,
j-2023,10,21.11.2023,22.11.2023 09:32:30,37,135,Łódzkie,309,Położnictwo i ginekologia,2023/029946,Rezydencki,79.02,3.12,01.10.2023 16:07:55,15,NIE,,
j-2023,10,21.11.2023,22.11.2023 09:32:30,37,135,Łódzkie,310,Położnictwo i ginekologia,2023/024042,Rezydencki,78.92,3.78,29.09.2023 13:06:10,15,NIE,,
j-2023,10,21.11.2023,22.11.2023 09:32:30,37,135,Łódzkie,311,Położnictwo i ginekologia,2023/020525,Rezydencki,78.68,3.50,30.09.2023 10:46:55,15,NIE,,
j-2023,10,21.11.2023,22.11.2023 09:32:30,37,135,Łódzkie,312,Położnictwo i ginekologia,2023/026209,Rezydencki,77.80,3.80,28.09.2023 11:59:40,15,NIE,,
j-2023,10,21.11.2023,22.11.2023 09:32:30,37,135,Łódzkie,313,Położnictwo i ginekologia,2023/031156,Pozarezydencki,66.98,3.95,02.10.2023 23:55:49,3,NIE,,
j-2023,10,21.11.2023,22.11.2023 09:32:30,37,135,Łódzkie,314,Położnictwo i ginekologia,2023/029892,Pozarezydencki,64.65,3.20,07.10.2023 12:22:39,3,NIE,,
j-2023,10,21.11.2023,22.11.2023 09:32:30,37,135,Łódzkie,315,Położnictwo i ginekologia,2023/026282,Pozarezydencki,63.55,3.54,11.10.2023 18:40:06,3,NIE,,
j-2023,10,21.11.2023,22.11.2023 09:32:30,37,135,Łódzkie,316,Protetyka stomatologiczna,2023/026781,Rezydencki,86.89,4.55,27.09.2023 14:39:39,5,NIE,,
j-2023,10,21.11.2023,22.11.2023 09:32:30,37,135,Łódzkie,317,Protetyka stomatologiczna,2023/023388,Rezydencki,86.47,4.21,19.09.2023 17:30:58,5,NIE,,
j-2023,10,21.11.2023,22.11.2023 09:32:30,37,135,Łódzkie,318,Protetyka stomatologiczna,2023/028260,Rezydencki,85.51,3.91,28.09.2023 19:07:34,5,NIE,,
j-2023,10,21.11.2023,22.11.2023 09:32:30,37,135,Łódzkie,319,Protetyka stomatologiczna,2023/024744,Rezydencki,85.24,4.00,21.10.2023 15:14:40,5,NIE,,
j-2023,10,21.11.2023,22.11.2023 09:32:30,37,135,Łódzkie,320,Protetyka stomatologiczna,2023/023544,Rezydencki,84.54,4.43,17.09.2023 22:39:28,5,NIE,,
j-2023,10,21.11.2023,22.11.2023 09:32:30,37,135,Łódzkie,321,Psychiatria,2023/028489,Rezydencki,89.86,3.95,02.10.2023 18:14:35,11,NIE,,
j-2023,10,21.11.2023,22.11.2023 09:32:30,37,135,Łódzkie,322,Psychiatria,2023/027256,Rezydencki,89.27,4.09,27.10.2023 08:59:50,11,NIE,,
j-2023,10,21.11.2023,22.11.2023 09:32:30,37,135,Łódzkie,323,Psychiatria,2023/022639,Rezydencki,88.97,4.13,01.10.2023 15:23:12,11,NIE,,
j-2023,10,21.11.2023,22.11.2023 09:32:30,37,135,Łódzkie,324,Psychiatria,2023/020140,Rezydencki,87.25,4.29,28.09.2023 08:14:33,11,NIE,,
j-2023,10,21.11.2023,22.11.2023 09:32:30,37,135,Łódzkie,325,Psychiatria,2023/027777,Rezydencki,86.23,4.37,29.09.2023 20:18:25,11,NIE,,
j-2023,10,21.11.2023,22.11.2023 09:32:30,37,135,Łódzkie,326,Psychiatria,2023/030136,Rezydencki,85.85,3.49,01.10.2023 21:46:29,11,NIE,,
j-2023,10,21.11.2023,22.11.2023 09:32:30,37,135,Łódzkie,327,Psychiatria,2023/026201,Rezydencki,85.51,4.58,06.10.2023 10:31:09,11,NIE,,
j-2023,10,21.11.2023,22.11.2023 09:32:30,37,135,Łódzkie,328,Psychiatria,2023/023657,Rezydencki,85.37,4.09,28.09.2023 18:54:10,11,NIE,,
j-2023,10,21.11.2023,22.11.2023 09:32:30,37,135,Łódzkie,329,Psychiatria,2023/029193,Rezydencki,84.39,3.16,01.10.2023 19:42:49,11,NIE,,
j-2023,10,21.11.2023,22.11.2023 09:32:30,37,135,Łódzkie,330,Psychiatria,2023/026706,Rezydencki,83.41,4.22,29.09.2023 12:54:11,11,NIE,,
j-2023,10,21.11.2023,22.11.2023 09:32:30,37,135,Łódzkie,331,Psychiatria,2023/030806,Rezydencki,83.41,3.83,02.10.2023 18:41:34,11,NIE,,
j-2023,10,21.11.2023,22.11.2023 09:32:30,37,135,Łódzkie,332,Psychiatria,2023/027279,Pozarezydencki,72.79,3.72,07.10.2023 13:28:24,2,NIE,,
j-2023,10,21.11.2023,22.11.2023 09:32:30,37,135,Łódzkie,333,Psychiatria,2023/027712,Pozarezydencki,71.16,0.00,09.10.2023 20:26:59,2,NIE,,
j-2023,10,21.11.2023,22.11.2023 09:32:30,37,135,Łódzkie,334,Psychiatria dzieci i młodzieży,2023/024342,Rezydencki,87.75,3.43,20.09.2023 11:41:11,6,NIE,,
j-2023,10,21.11.2023,22.11.2023 09:32:30,37,135,Łódzkie,335,Psychiatria dzieci i młodzieży,2023/028394,Rezydencki,85.37,3.94,11.10.2023 17:33:52,6,NIE,,
j-2023,10,21.11.2023,22.11.2023 09:32:30,37,135,Łódzkie,336,Psychiatria dzieci i młodzieży,2023/021144,Rezydencki,85.37,3.53,28.09.2023 14:34:38,6,NIE,,
j-2023,10,21.11.2023,22.11.2023 09:32:30,37,135,Łódzkie,337,Psychiatria dzieci i młodzieży,2023/028857,Rezydencki,85.29,3.71,02.10.2023 22:59:49,6,NIE,,
j-2023,10,21.11.2023,22.11.2023 09:32:30,37,135,Łódzkie,338,Psychiatria dzieci i młodzieży,2023/029706,Rezydencki,85.29,3.67,11.10.2023 15:51:10,6,NIE,,
j-2023,10,21.11.2023,22.11.2023 09:32:30,37,135,Łódzkie,339,Psychiatria dzieci i młodzieży,2023/027710,Rezydencki,85.05,3.38,27.09.2023 22:02:40,6,NIE,,
j-2023,10,21.11.2023,22.11.2023 09:32:30,37,135,Łódzkie,340,Psychiatria dzieci i młodzieży,2023/024739,Pozarezydencki,84.55,3.10,09.10.2023 12:13:48,1,NIE,,
j-2023,10,21.11.2023,22.11.2023 09:32:30,37,135,Łódzkie,341,Radiologia i diagnostyka obrazowa,2023/021035,Rezydencki,92.65,4.48,18.09.2023 19:13:01,15,NIE,,
j-2023,10,21.11.2023,22.11.2023 09:32:30,37,135,Łódzkie,342,Radiologia i diagnostyka obrazowa,2023/021307,Rezydencki,91.22,4.69,30.09.2023 15:04:24,15,NIE,,
j-2023,10,21.11.2023,22.11.2023 09:32:30,38,135,Łódzkie,343,Radiologia i diagnostyka obrazowa,2023/023138,Rezydencki,90.34,4.42,15.09.2023 13:55:08,15,NIE,,
j-2023,10,21.11.2023,22.11.2023 09:32:30,38,135,Łódzkie,344,Radiologia i diagnostyka obrazowa,2023/019460,Rezydencki,89.76,4.00,01.10.2023 15:08:38,15,NIE,,
j-2023,10,21.11.2023,22.11.2023 09:32:30,38,135,Łódzkie,345,Radiologia i diagnostyka obrazowa,2023/023088,Rezydencki,89.46,4.22,02.10.2023 17:52:45,15,NIE,,
j-2023,10,21.11.2023,22.11.2023 09:32:30,38,135,Łódzkie,346,Radiologia i diagnostyka obrazowa,2023/025392,Rezydencki,89.37,4.47,02.10.2023 23:13:09,15,NIE,,
j-2023,10,21.11.2023,22.11.2023 09:32:30,38,135,Łódzkie,347,Radiologia i diagnostyka obrazowa,2023/027100,Rezydencki,89.37,3.94,02.10.2023 20:20:53,15,NIE,,
j-2023,10,21.11.2023,22.11.2023 09:32:30,38,135,Łódzkie,348,Radiologia i diagnostyka obrazowa,2023/027450,Rezydencki,89.27,4.66,02.10.2023 10:31:06,15,NIE,,
j-2023,10,21.11.2023,22.11.2023 09:32:30,38,135,Łódzkie,349,Radiologia i diagnostyka obrazowa,2023/023784,Rezydencki,88.78,4.03,28.09.2023 21:28:24,15,NIE,,
j-2023,10,21.11.2023,22.11.2023 09:32:30,38,135,Łódzkie,350,Radiologia i diagnostyka obrazowa,2023/021132,Rezydencki,88.78,3.87,28.09.2023 23:41:45,15,NIE,,
j-2023,10,21.11.2023,22.11.2023 09:32:30,38,135,Łódzkie,351,Radiologia i diagnostyka obrazowa,2023/019315,Rezydencki,88.73,4.32,01.09.2023 01:36:52,15,NIE,,
j-2023,10,21.11.2023,22.11.2023 09:32:30,38,135,Łódzkie,352,Radiologia i diagnostyka obrazowa,2023/027111,Rezydencki,88.54,3.98,02.10.2023 22:48:57,15,NIE,,
j-2023,10,21.11.2023,22.11.2023 09:32:30,38,135,Łódzkie,353,Radiologia i diagnostyka obrazowa,2023/019906,Rezydencki,88.24,4.20,02.10.2023 23:06:38,15,NIE,,
j-2023,10,21.11.2023,22.11.2023 09:32:30,38,135,Łódzkie,354,Radiologia i diagnostyka obrazowa,2023/020200,Rezydencki,88.24,3.69,08.09.2023 17:26:01,15,NIE,,
j-2023,10,21.11.2023,22.11.2023 09:32:30,38,135,Łódzkie,355,Radiologia i diagnostyka obrazowa,2023/023737,Rezydencki,87.92,4.15,19.09.2023 18:56:41,15,NIE,,
j-2023,10,21.11.2023,22.11.2023 09:32:30,38,135,Łódzkie,356,Radioterapia onkologiczna,2023/022089,Rezydencki,81.95,3.53,28.09.2023 11:30:58,3,NIE,,
j-2023,10,21.11.2023,22.11.2023 09:32:30,38,135,Łódzkie,357,Radioterapia onkologiczna,2023/024340,Rezydencki,78.43,3.84,02.10.2023 10:44:27,3,NIE,,
j-2023,10,21.11.2023,22.11.2023 09:32:30,38,135,Łódzkie,358,Radioterapia onkologiczna,2023/026388,Rezydencki,68.14,3.46,28.09.2023 23:02:08,3,NIE,,
j-2023,10,21.11.2023,22.11.2023 09:32:30,38,135,Łódzkie,359,Rehabilitacja medyczna,2023/027914,Rezydencki,76.10,0.00,11.10.2023 10:56:57,1,NIE,,
j-2023,10,21.11.2023,22.11.2023 09:32:30,38,135,Łódzkie,360,Reumatologia,2023/021167,Rezydencki,90.98,4.27,28.09.2023 12:27:17,1,NIE,,
j-2023,10,21.11.2023,22.11.2023 09:32:30,38,135,Łódzkie,361,Reumatologia,2023/021816,Pozarezydencki,89.09,4.26,04.10.2023 15:04:26,3,NIE,,
j-2023,10,21.11.2023,22.11.2023 09:32:30,38,135,Łódzkie,362,Reumatologia,2023/029007,Pozarezydencki,75.68,4.34,06.10.2023 16:43:43,3,NIE,,
j-2023,10,21.11.2023,22.11.2023 09:32:30,38,135,Łódzkie,363,Reumatologia,2023/024258,Pozarezydencki,68.22,3.08,09.10.2023 22:06:15,3,NIE,,
j-2023,10,21.11.2023,22.11.2023 09:32:30,38,135,Łódzkie,364,Stomatologia dziecięca,2023/020574,Rezydencki,85.24,3.44,09.10.2023 09:53:33,1,NIE,,
j-2023,10,21.11.2023,22.11.2023 09:32:30,38,135,Łódzkie,365,Stomatologia zachowawcza z endodoncją,2023/022392,Rezydencki,83.81,4.33,05.10.2023 17:28:49,2,NIE,,
j-2023,10,21.11.2023,22.11.2023 09:32:30,38,135,Łódzkie,366,Stomatologia zachowawcza z endodoncją,2023/030221,Rezydencki,83.09,3.41,01.10.2023 22:32:27,2,NIE,,
j-2023,10,21.11.2023,22.11.2023 09:32:30,38,135,Łódzkie,367,Toksykologia kliniczna,2023/021661,Rezydencki,83.57,3.50,08.09.2023 15:49:31,1,NIE,,
j-2023,10,21.11.2023,22.11.2023 09:32:30,38,135,Łódzkie,368,Toksykologia kliniczna,2023/021935,Pozarezydencki,77.06,4.43,17.10.2023 12:11:25,1,NIE,,
j-2023,10,21.11.2023,22.11.2023 09:32:30,38,135,Łódzkie,369,Transfuzjologia kliniczna,2023/028307,Pozarezydencki,70.91,0.00,13.10.2023 15:27:15,1,NIE,,
j-2023,10,21.11.2023,22.11.2023 09:32:30,38,135,Łódzkie,370,Transplantologia kliniczna,2023/021149,Pozarezydencki,82.27,3.80,05.10.2023 16:22:39,1,NIE,,
j-2023,10,21.11.2023,22.11.2023 09:32:30,38,135,Łódzkie,371,Urologia,2023/023098,Rezydencki,88.41,3.94,29.09.2023 10:55:26,3,NIE,,
j-2023,10,21.11.2023,22.11.2023 09:32:30,38,135,Łódzkie,372,Urologia,2023/023059,Rezydencki,87.80,3.81,29.09.2023 15:25:06,3,NIE,,
j-2023,10,21.11.2023,22.11.2023 09:32:30,38,135,Łódzkie,373,Urologia,2023/025195,Rezydencki,87.68,4.05,18.10.2023 16:03:56,3,NIE,,
j-2023,10,21.11.2023,22.11.2023 09:32:30,38,135,Łódzkie,374,Urologia,2023/026797,Pozarezydencki,81.16,3.45,29.09.2023 20:14:17,1,NIE,,
j-2023,10,21.11.2023,22.11.2023 09:32:30,38,135,Łódzkie,375,Zdrowie publiczne,2023/019229,Rezydencki,80.48,3.36,06.10.2023 14:52:42,1,NIE,,
j-2023,10,21.11.2023,22.11.2023 09:32:30,38,135,Małopolskie,1,Alergologia,2023/020924,Rezydencki,87.80,4.10,23.10.2023 14:14:45,2,NIE,,
j-2023,10,21.11.2023,22.11.2023 09:32:30,39,135,Małopolskie,2,Alergologia,2023/029318,Rezydencki,86.71,3.71,24.10.2023 21:20:33,2,NIE,,
j-2023,10,21.11.2023,22.11.2023 09:32:30,39,135,Małopolskie,3,Alergologia,2023/027185,Pozarezydencki,77.67,3.45,11.10.2023 12:52:46,2,NIE,,
j-2023,10,21.11.2023,22.11.2023 09:32:30,39,135,Małopolskie,4,Alergologia,2023/028972,Pozarezydencki,74.88,3.43,13.10.2023 10:01:14,2,NIE,,
j-2023,10,21.11.2023,22.11.2023 09:32:30,39,135,Małopolskie,5,Anestezjologia i intensywna terapia,2023/022450,Rezydencki,93.24,4.50,10.10.2023 13:50:42,30,NIE,,
j-2023,10,21.11.2023,22.11.2023 09:32:30,39,135,Małopolskie,6,Anestezjologia i intensywna terapia,2023/028042,Rezydencki,91.71,4.65,11.10.2023 11:26:40,30,NIE,,
j-2023,10,21.11.2023,22.11.2023 09:32:30,39,135,Małopolskie,7,Anestezjologia i intensywna terapia,2023/022940,Rezydencki,89.95,4.41,18.10.2023 12:58:54,30,NIE,,
j-2023,10,21.11.2023,22.11.2023 09:32:30,39,135,Małopolskie,8,Anestezjologia i intensywna terapia,2023/029389,Rezydencki,88.78,4.16,13.10.2023 11:40:44,30,NIE,,
j-2023,10,21.11.2023,22.11.2023 09:32:30,39,135,Małopolskie,9,Anestezjologia i intensywna terapia,2023/021154,Rezydencki,86.96,4.00,13.10.2023 16:04:09,30,NIE,,
j-2023,10,21.11.2023,22.11.2023 09:32:30,39,135,Małopolskie,10,Anestezjologia i intensywna terapia,2023/024150,Rezydencki,86.76,4.21,19.09.2023 17:50:49,30,NIE,,
j-2023,10,21.11.2023,22.11.2023 09:32:30,39,135,Małopolskie,11,Anestezjologia i intensywna terapia,2023/020135,Rezydencki,86.47,4.32,23.09.2023 15:09:45,30,NIE,,
j-2023,10,21.11.2023,22.11.2023 09:32:30,39,135,Małopolskie,12,Anestezjologia i intensywna terapia,2023/025421,Rezydencki,86.34,3.65,29.09.2023 12:29:42,30,NIE,,
j-2023,10,21.11.2023,22.11.2023 09:32:30,39,135,Małopolskie,13,Anestezjologia i intensywna terapia,2023/024997,Rezydencki,86.23,3.84,12.10.2023 08:27:13,30,NIE,,
j-2023,10,21.11.2023,22.11.2023 09:32:30,39,135,Małopolskie,14,Anestezjologia i intensywna terapia,2023/028350,Rezydencki,86.03,3.77,20.10.2023 10:25:26,30,NIE,,
j-2023,10,21.11.2023,22.11.2023 09:32:30,39,135,Małopolskie,15,Anestezjologia i intensywna terapia,2023/029101,Rezydencki,85.85,3.63,02.10.2023 12:30:02,30,NIE,,
j-2023,10,21.11.2023,22.11.2023 09:32:30,39,135,Małopolskie,16,Anestezjologia i intensywna terapia,2023/024789,Rezydencki,85.51,3.97,21.09.2023 17:47:03,30,NIE,,
j-2023,10,21.11.2023,22.11.2023 09:32:30,39,135,Małopolskie,17,Anestezjologia i intensywna terapia,2023/029733,Rezydencki,85.51,3.60,31.10.2023 16:04:27,30,NIE,,
j-2023,10,21.11.2023,22.11.2023 09:32:30,39,135,Małopolskie,18,Anestezjologia i intensywna terapia,2023/021907,Rezydencki,84.80,3.53,28.09.2023 14:04:46,30,NIE,,
j-2023,10,21.11.2023,22.11.2023 09:32:30,39,135,Małopolskie,19,Anestezjologia i intensywna terapia,2023/022109,Rezydencki,84.54,4.12,13.10.2023 16:23:54,30,NIE,,
j-2023,10,21.11.2023,22.11.2023 09:32:30,39,135,Małopolskie,20,Anestezjologia i intensywna terapia,2023/024557,Rezydencki,84.39,3.97,02.10.2023 14:03:05,30,NIE,,
j-2023,10,21.11.2023,22.11.2023 09:32:30,39,135,Małopolskie,21,Anestezjologia i intensywna terapia,2023/019855,Rezydencki,84.15,4.23,24.10.2023 15:21:29,30,NIE,,
j-2023,10,21.11.2023,22.11.2023 09:32:30,39,135,Małopolskie,22,Anestezjologia i intensywna terapia,2023/026609,Rezydencki,84.06,4.15,29.09.2023 18:53:31,30,NIE,,
j-2023,10,21.11.2023,22.11.2023 09:32:30,39,135,Małopolskie,23,Anestezjologia i intensywna terapia,2023/027091,Rezydencki,84.06,3.88,25.10.2023 11:01:11,30,NIE,,
j-2023,10,21.11.2023,22.11.2023 09:32:30,39,135,Małopolskie,24,Anestezjologia i intensywna terapia,2023/028746,Rezydencki,84.06,3.81,02.10.2023 18:06:15,30,NIE,,
j-2023,10,21.11.2023,22.11.2023 09:32:30,39,135,Małopolskie,25,Anestezjologia i intensywna terapia,2023/029431,Rezydencki,83.90,3.88,30.09.2023 12:29:31,30,NIE,,
j-2023,10,21.11.2023,22.11.2023 09:32:30,39,135,Małopolskie,26,Anestezjologia i intensywna terapia,2023/024938,Rezydencki,83.41,4.55,28.09.2023 12:36:46,30,NIE,,
j-2023,10,21.11.2023,22.11.2023 09:32:30,39,135,Małopolskie,27,Anestezjologia i intensywna terapia,2023/025297,Rezydencki,83.33,4.05,01.10.2023 15:18:40,30,NIE,,
j-2023,10,21.11.2023,22.11.2023 09:32:30,39,135,Małopolskie,28,Anestezjologia i intensywna terapia,2023/028253,Rezydencki,83.33,4.05,14.10.2023 21:11:53,30,NIE,,
j-2023,10,21.11.2023,22.11.2023 09:32:30,39,135,Małopolskie,29,Anestezjologia i intensywna terapia,2023/020566,Rezydencki,82.61,3.80,06.10.2023 15:47:48,30,NIE,,
j-2023,10,21.11.2023,22.11.2023 09:32:30,39,135,Małopolskie,30,Anestezjologia i intensywna terapia,2023/026460,Rezydencki,82.44,3.81,28.09.2023 14:54:56,30,NIE,,
j-2023,10,21.11.2023,22.11.2023 09:32:30,39,135,Małopolskie,31,Anestezjologia i intensywna terapia,2023/028340,Rezydencki,81.64,3.88,28.09.2023 17:42:01,30,NIE,,
j-2023,10,21.11.2023,22.11.2023 09:32:30,39,135,Małopolskie,32,Anestezjologia i intensywna terapia,2023/021681,Rezydencki,81.64,0.00,10.10.2023 12:24:01,30,NIE,,
j-2023,10,21.11.2023,22.11.2023 09:32:30,39,135,Małopolskie,33,Anestezjologia i intensywna terapia,2023/027463,Rezydencki,81.46,3.45,01.10.2023 18:52:10,30,NIE,,
j-2023,10,21.11.2023,22.11.2023 09:32:30,39,135,Małopolskie,34,Anestezjologia i intensywna terapia,2023/023133,Rezydencki,81.16,3.90,27.09.2023 20:39:00,30,NIE,,
j-2023,10,21.11.2023,22.11.2023 09:32:30,39,135,Małopolskie,35,Anestezjologia i intensywna terapia,2023/024709,Pozarezydencki,72.02,4.21,07.10.2023 15:10:47,3,NIE,,
j-2023,10,21.11.2023,22.11.2023 09:32:30,39,135,Małopolskie,36,Anestezjologia i intensywna terapia,2023/027095,Pozarezydencki,71.10,4.19,26.10.2023 07:42:37,3,NIE,,
j-2023,10,21.11.2023,22.11.2023 09:32:30,39,135,Małopolskie,37,Anestezjologia i intensywna terapia,2023/021958,Pozarezydencki,67.28,0.00,10.10.2023 22:07:12,3,NIE,,
j-2023,10,21.11.2023,22.11.2023 09:32:30,39,135,Małopolskie,38,Angiologia,2023/019467,Rezydencki,88.78,3.41,12.10.2023 09:37:41,2,NIE,,
j-2023,10,21.11.2023,22.11.2023 09:32:30,39,135,Małopolskie,39,Angiologia,2023/028117,Rezydencki,86.96,3.82,28.09.2023 13:35:59,2,NIE,,
j-2023,10,21.11.2023,22.11.2023 09:32:30,40,135,Małopolskie,40,Angiologia,2023/022860,Pozarezydencki,75.45,3.83,24.10.2023 11:11:36,1,NIE,,
j-2023,10,21.11.2023,22.11.2023 09:32:30,40,135,Małopolskie,41,Audiologia i foniatria,2023/022576,Pozarezydencki,75.23,4.15,19.10.2023 12:39:32,1,NIE,,
j-2023,10,21.11.2023,22.11.2023 09:32:30,40,135,Małopolskie,42,Chirurgia dziecięca,2023/029038,Rezydencki,84.80,3.86,12.10.2023 09:04:58,1,NIE,,
j-2023,10,21.11.2023,22.11.2023 09:32:30,40,135,Małopolskie,43,Chirurgia dziecięca,2023/022226,Pozarezydencki,89.09,4.39,09.10.2023 18:58:19,1,NIE,,
j-2023,10,21.11.2023,22.11.2023 09:32:30,40,135,Małopolskie,44,Chirurgia ogólna,2023/024534,Rezydencki,87.44,3.98,27.09.2023 17:02:42,16,NIE,,
j-2023,10,21.11.2023,22.11.2023 09:32:30,40,135,Małopolskie,45,Chirurgia ogólna,2023/026905,Rezydencki,87.44,3.84,30.09.2023 18:39:18,16,NIE,,
j-2023,10,21.11.2023,22.11.2023 09:32:30,40,135,Małopolskie,46,Chirurgia ogólna,2023/025418,Rezydencki,85.99,4.10,12.10.2023 13:42:46,16,NIE,,
j-2023,10,21.11.2023,22.11.2023 09:32:30,40,135,Małopolskie,47,Chirurgia ogólna,2023/020687,Rezydencki,85.51,4.31,12.10.2023 10:46:03,16,NIE,,
j-2023,10,21.11.2023,22.11.2023 09:32:30,40,135,Małopolskie,48,Chirurgia ogólna,2023/026206,Rezydencki,85.02,3.50,01.10.2023 17:59:13,16,NIE,,
j-2023,10,21.11.2023,22.11.2023 09:32:30,40,135,Małopolskie,49,Chirurgia ogólna,2023/025194,Rezydencki,84.54,3.81,12.10.2023 15:54:22,16,NIE,,
j-2023,10,21.11.2023,22.11.2023 09:32:30,40,135,Małopolskie,50,Chirurgia ogólna,2023/021938,Rezydencki,84.06,4.21,21.09.2023 22:38:52,16,NIE,,
j-2023,10,21.11.2023,22.11.2023 09:32:30,40,135,Małopolskie,51,Chirurgia ogólna,2023/023998,Rezydencki,82.85,4.10,26.10.2023 12:14:00,16,NIE,,
j-2023,10,21.11.2023,22.11.2023 09:32:30,40,135,Małopolskie,52,Chirurgia ogólna,2023/026999,Rezydencki,80.68,3.69,12.10.2023 12:09:32,16,NIE,,
j-2023,10,21.11.2023,22.11.2023 09:32:30,40,135,Małopolskie,53,Chirurgia ogólna,2023/019261,Rezydencki,80.19,3.17,12.10.2023 18:14:47,16,NIE,,
j-2023,10,21.11.2023,22.11.2023 09:32:30,40,135,Małopolskie,54,Chirurgia ogólna,2023/025098,Rezydencki,77.78,3.82,11.10.2023 19:55:11,16,NIE,,
j-2023,10,21.11.2023,22.11.2023 09:32:30,40,135,Małopolskie,55,Chirurgia ogólna,2023/025439,Rezydencki,77.78,3.63,28.09.2023 20:15:50,16,NIE,,
j-2023,10,21.11.2023,22.11.2023 09:32:30,40,135,Małopolskie,56,Chirurgia ogólna,2023/026826,Rezydencki,76.67,4.11,11.10.2023 13:35:46,16,NIE,,
j-2023,10,21.11.2023,22.11.2023 09:32:30,40,135,Małopolskie,57,Chirurgia ogólna,2023/019838,Rezydencki,71.57,3.43,12.10.2023 11:09:12,16,NIE,,
j-2023,10,21.11.2023,22.11.2023 09:32:30,40,135,Małopolskie,58,Chirurgia ogólna,2023/020989,Rezydencki,70.59,3.95,17.10.2023 17:46:06,16,NIE,,
j-2023,10,21.11.2023,22.11.2023 09:32:30,40,135,Małopolskie,59,Chirurgia ogólna,2023/030721,Rezydencki,59.42,3.41,02.10.2023 20:26:44,16,NIE,,
j-2023,10,21.11.2023,22.11.2023 09:32:30,40,135,Małopolskie,60,Chirurgia ogólna,2023/024903,Pozarezydencki,0.00,3.25,25.10.2023 13:22:01,1,NIE,,
j-2023,10,21.11.2023,22.11.2023 09:32:30,40,135,Małopolskie,61,Chirurgia onkologiczna,2023/020099,Rezydencki,80.19,3.98,02.09.2023 23:15:27,2,NIE,,
j-2023,10,21.11.2023,22.11.2023 09:32:30,40,135,Małopolskie,62,Chirurgia onkologiczna,2023/020307,Rezydencki,75.85,3.77,28.09.2023 12:30:09,2,NIE,,
j-2023,10,21.11.2023,22.11.2023 09:32:30,40,135,Małopolskie,63,Chirurgia onkologiczna,2023/023893,Pozarezydencki,84.55,3.16,09.10.2023 20:14:42,3,NIE,,
j-2023,10,21.11.2023,22.11.2023 09:32:30,40,135,Małopolskie,64,Chirurgia onkologiczna,2023/025338,Pozarezydencki,82.27,4.02,23.10.2023 07:22:16,3,NIE,,
j-2023,10,21.11.2023,22.11.2023 09:32:30,40,135,Małopolskie,65,Chirurgia onkologiczna,2023/023395,Pozarezydencki,77.27,3.53,24.10.2023 11:50:26,3,NIE,,
j-2023,10,21.11.2023,22.11.2023 09:32:30,40,135,Małopolskie,66,Chirurgia stomatologiczna,2023/021756,Rezydencki,86.47,4.18,23.10.2023 12:24:36,3,NIE,,
j-2023,10,21.11.2023,22.11.2023 09:32:30,40,135,Małopolskie,67,Chirurgia stomatologiczna,2023/025599,Rezydencki,86.47,4.16,12.10.2023 12:30:07,3,NIE,,
j-2023,10,21.11.2023,22.11.2023 09:32:30,40,135,Małopolskie,68,Chirurgia stomatologiczna,2023/023450,Rezydencki,86.12,4.41,24.10.2023 10:46:35,3,NIE,,
j-2023,10,21.11.2023,22.11.2023 09:32:30,40,135,Małopolskie,69,Chirurgia szczękowo-twarzowa,2023/019447,Rezydencki,86.10,3.46,30.09.2023 22:54:41,4,NIE,,
j-2023,10,21.11.2023,22.11.2023 09:32:30,40,135,Małopolskie,70,Chirurgia szczękowo-twarzowa,2023/026992,Rezydencki,85.02,4.14,27.09.2023 22:08:30,4,NIE,,
j-2023,10,21.11.2023,22.11.2023 09:32:30,40,135,Małopolskie,71,Chirurgia szczękowo-twarzowa,2023/021929,Rezydencki,84.95,4.11,17.10.2023 21:08:52,4,NIE,,
j-2023,10,21.11.2023,22.11.2023 09:32:30,40,135,Małopolskie,72,Chirurgia szczękowo-twarzowa,2023/022677,Rezydencki,84.39,4.02,09.10.2023 17:56:28,4,NIE,,
j-2023,10,21.11.2023,22.11.2023 09:32:30,40,135,Małopolskie,73,Choroby płuc,2023/021726,Rezydencki,93.14,4.45,21.09.2023 16:11:03,14,NIE,,
j-2023,10,21.11.2023,22.11.2023 09:32:30,40,135,Małopolskie,74,Choroby płuc,2023/027740,Rezydencki,90.20,4.45,27.09.2023 22:34:33,14,NIE,,
j-2023,10,21.11.2023,22.11.2023 09:32:30,40,135,Małopolskie,75,Choroby płuc,2023/023071,Rezydencki,88.41,4.15,05.10.2023 13:00:39,14,NIE,,
j-2023,10,21.11.2023,22.11.2023 09:32:30,40,135,Małopolskie,76,Choroby płuc,2023/019280,Rezydencki,88.29,4.18,04.10.2023 14:43:22,14,NIE,,
j-2023,10,21.11.2023,22.11.2023 09:32:30,40,135,Małopolskie,77,Choroby płuc,2023/020035,Rezydencki,87.44,4.15,07.09.2023 11:22:54,14,NIE,,
j-2023,10,21.11.2023,22.11.2023 09:32:30,41,135,Małopolskie,78,Choroby płuc,2023/028719,Rezydencki,86.76,3.74,28.09.2023 23:51:45,14,NIE,,
j-2023,10,21.11.2023,22.11.2023 09:32:30,41,135,Małopolskie,79,Choroby płuc,2023/027052,Rezydencki,86.52,3.43,14.10.2023 20:08:20,14,NIE,,
j-2023,10,21.11.2023,22.11.2023 09:32:30,41,135,Małopolskie,80,Choroby płuc,2023/029488,Rezydencki,86.47,4.00,30.09.2023 14:35:07,14,NIE,,
j-2023,10,21.11.2023,22.11.2023 09:32:30,41,135,Małopolskie,81,Choroby płuc,2023/025369,Rezydencki,86.34,3.70,29.09.2023 23:49:39,14,NIE,,
j-2023,10,21.11.2023,22.11.2023 09:32:30,41,135,Małopolskie,82,Choroby płuc,2023/026149,Rezydencki,85.99,3.96,29.09.2023 20:01:33,14,NIE,,
j-2023,10,21.11.2023,22.11.2023 09:32:30,41,135,Małopolskie,83,Choroby płuc,2023/020372,Rezydencki,85.29,3.95,04.10.2023 14:16:31,14,NIE,,
j-2023,10,21.11.2023,22.11.2023 09:32:30,41,135,Małopolskie,84,Choroby płuc,2023/030475,Rezydencki,84.76,0.00,02.10.2023 13:13:02,14,NIE,,
j-2023,10,21.11.2023,22.11.2023 09:32:30,41,135,Małopolskie,85,Choroby płuc,2023/027554,Rezydencki,84.39,3.98,13.10.2023 10:30:14,14,NIE,,
j-2023,10,21.11.2023,22.11.2023 09:32:30,41,135,Małopolskie,86,Choroby płuc,2023/029612,Rezydencki,83.82,3.75,08.10.2023 18:42:11,14,NIE,,
j-2023,10,21.11.2023,22.11.2023 09:32:30,41,135,Małopolskie,87,Choroby płuc,2023/024867,Pozarezydencki,84.55,0.00,17.10.2023 12:14:24,5,NIE,,
j-2023,10,21.11.2023,22.11.2023 09:32:30,41,135,Małopolskie,88,Choroby płuc,2023/019646,Pozarezydencki,80.23,4.20,11.10.2023 23:00:52,5,NIE,,
j-2023,10,21.11.2023,22.11.2023 09:32:30,41,135,Małopolskie,89,Choroby płuc,2023/028401,Pozarezydencki,72.56,3.66,12.10.2023 17:41:23,5,NIE,,
j-2023,10,21.11.2023,22.11.2023 09:32:30,41,135,Małopolskie,90,Choroby płuc,2023/027362,Pozarezydencki,70.91,3.53,13.10.2023 14:29:26,5,NIE,,
j-2023,10,21.11.2023,22.11.2023 09:32:30,41,135,Małopolskie,91,Choroby płuc,2023/024819,Pozarezydencki,69.27,4.37,11.10.2023 14:26:48,5,NIE,,
j-2023,10,21.11.2023,22.11.2023 09:32:30,41,135,Małopolskie,92,Choroby wewnętrzne,2023/023917,Rezydencki,90.82,4.74,25.09.2023 21:48:43,23,NIE,,
j-2023,10,21.11.2023,22.11.2023 09:32:30,41,135,Małopolskie,93,Choroby wewnętrzne,2023/020531,Rezydencki,89.37,4.62,30.09.2023 10:28:23,23,NIE,,
j-2023,10,21.11.2023,22.11.2023 09:32:30,41,135,Małopolskie,94,Choroby wewnętrzne,2023/023902,Rezydencki,89.13,4.08,30.09.2023 20:53:05,23,NIE,,
j-2023,10,21.11.2023,22.11.2023 09:32:30,41,135,Małopolskie,95,Choroby wewnętrzne,2023/021691,Rezydencki,88.73,3.46,11.09.2023 16:18:51,23,NIE,,
j-2023,10,21.11.2023,22.11.2023 09:32:30,41,135,Małopolskie,96,Choroby wewnętrzne,2023/021995,Rezydencki,88.54,4.16,01.10.2023 12:39:14,23,NIE,,
j-2023,10,21.11.2023,22.11.2023 09:32:30,41,135,Małopolskie,97,Choroby wewnętrzne,2023/023324,Rezydencki,87.75,4.04,24.10.2023 14:36:40,23,NIE,,
j-2023,10,21.11.2023,22.11.2023 09:32:30,41,135,Małopolskie,98,Choroby wewnętrzne,2023/020736,Rezydencki,87.56,4.34,10.10.2023 19:21:24,23,NIE,,
j-2023,10,21.11.2023,22.11.2023 09:32:30,41,135,Małopolskie,99,Choroby wewnętrzne,2023/024363,Rezydencki,87.44,4.15,10.10.2023 19:04:58,23,NIE,,
j-2023,10,21.11.2023,22.11.2023 09:32:30,41,135,Małopolskie,100,Choroby wewnętrzne,2023/030700,Rezydencki,87.44,3.69,12.10.2023 23:50:28,23,NIE,,
j-2023,10,21.11.2023,22.11.2023 09:32:30,41,135,Małopolskie,101,Choroby wewnętrzne,2023/021841,Rezydencki,87.01,4.15,13.10.2023 13:08:48,23,NIE,,
j-2023,10,21.11.2023,22.11.2023 09:32:30,41,135,Małopolskie,102,Choroby wewnętrzne,2023/030300,Rezydencki,86.76,3.72,10.10.2023 21:32:18,23,NIE,,
j-2023,10,21.11.2023,22.11.2023 09:32:30,41,135,Małopolskie,103,Choroby wewnętrzne,2023/028933,Rezydencki,86.34,3.74,10.10.2023 10:43:06,23,NIE,,
j-2023,10,21.11.2023,22.11.2023 09:32:30,41,135,Małopolskie,104,Choroby wewnętrzne,2023/026935,Rezydencki,85.85,3.88,29.09.2023 19:47:36,23,NIE,,
j-2023,10,21.11.2023,22.11.2023 09:32:30,41,135,Małopolskie,105,Choroby wewnętrzne,2023/019517,Rezydencki,85.61,3.80,28.09.2023 23:36:58,23,NIE,,
j-2023,10,21.11.2023,22.11.2023 09:32:30,41,135,Małopolskie,106,Choroby wewnętrzne,2023/021468,Rezydencki,84.88,4.49,28.09.2023 22:36:32,23,NIE,,
j-2023,10,21.11.2023,22.11.2023 09:32:30,41,135,Małopolskie,107,Choroby wewnętrzne,2023/022255,Rezydencki,84.54,3.84,24.09.2023 18:29:57,23,NIE,,
j-2023,10,21.11.2023,22.11.2023 09:32:30,41,135,Małopolskie,108,Choroby wewnętrzne,2023/020310,Rezydencki,84.39,4.28,28.09.2023 12:02:45,23,NIE,,
j-2023,10,21.11.2023,22.11.2023 09:32:30,41,135,Małopolskie,109,Choroby wewnętrzne,2023/027584,Rezydencki,84.06,3.84,27.09.2023 20:54:10,23,NIE,,
j-2023,10,21.11.2023,22.11.2023 09:32:30,41,135,Małopolskie,110,Choroby wewnętrzne,2023/028707,Rezydencki,81.86,3.42,02.10.2023 18:19:57,23,NIE,,
j-2023,10,21.11.2023,22.11.2023 09:32:30,41,135,Małopolskie,111,Choroby wewnętrzne,2023/030304,Rezydencki,81.64,4.21,18.10.2023 11:36:31,23,NIE,,
j-2023,10,21.11.2023,22.11.2023 09:32:30,41,135,Małopolskie,112,Choroby wewnętrzne,2023/020058,Rezydencki,80.98,3.69,20.10.2023 16:10:15,23,NIE,,
j-2023,10,21.11.2023,22.11.2023 09:32:30,41,135,Małopolskie,113,Choroby wewnętrzne,2023/026856,Rezydencki,79.51,4.31,20.10.2023 10:43:35,23,NIE,,
j-2023,10,21.11.2023,22.11.2023 09:32:30,41,135,Małopolskie,114,Choroby wewnętrzne,2023/026662,Rezydencki,77.78,3.39,10.10.2023 13:43:08,23,NIE,,
j-2023,10,21.11.2023,22.11.2023 09:32:30,41,135,Małopolskie,115,Choroby wewnętrzne,2023/029465,Pozarezydencki,82.79,4.67,11.10.2023 09:33:22,4,NIE,,
j-2023,10,21.11.2023,22.11.2023 09:32:30,42,135,Małopolskie,116,Choroby wewnętrzne,2023/023566,Pozarezydencki,70.68,4.52,29.09.2023 21:00:16,4,NIE,,
j-2023,10,21.11.2023,22.11.2023 09:32:30,42,135,Małopolskie,117,Choroby wewnętrzne,2023/025333,Pozarezydencki,69.59,3.19,17.10.2023 09:06:02,4,NIE,,
j-2023,10,21.11.2023,22.11.2023 09:32:30,42,135,Małopolskie,118,Choroby wewnętrzne,2023/019730,Pozarezydencki,68.35,3.87,17.10.2023 15:38:15,4,NIE,,
j-2023,10,21.11.2023,22.11.2023 09:32:30,42,135,Małopolskie,119,Choroby zakaźne,2023/022019,Pozarezydencki,0.00,0.00,25.10.2023 19:59:53,1,NIE,,
j-2023,10,21.11.2023,22.11.2023 09:32:30,42,135,Małopolskie,120,Dermatologia i wenerologia,2023/020154,Rezydencki,94.61,5.00,03.09.2023 12:59:32,3,NIE,,
j-2023,10,21.11.2023,22.11.2023 09:32:30,42,135,Małopolskie,121,Dermatologia i wenerologia,2023/028017,Rezydencki,92.68,4.54,30.09.2023 11:50:24,3,NIE,,
j-2023,10,21.11.2023,22.11.2023 09:32:30,42,135,Małopolskie,122,Dermatologia i wenerologia,2023/030229,Rezydencki,92.68,4.48,17.10.2023 16:39:59,3,NIE,,
j-2023,10,21.11.2023,22.11.2023 09:32:30,42,135,Małopolskie,123,Diabetologia,2023/021896,Rezydencki,90.44,4.69,10.09.2023 16:26:09,5,NIE,,
j-2023,10,21.11.2023,22.11.2023 09:32:30,42,135,Małopolskie,124,Diabetologia,2023/020741,Rezydencki,89.86,4.33,13.09.2023 17:47:44,5,NIE,,
j-2023,10,21.11.2023,22.11.2023 09:32:30,42,135,Małopolskie,125,Diabetologia,2023/026107,Rezydencki,89.61,4.58,06.10.2023 11:49:42,5,NIE,,
j-2023,10,21.11.2023,22.11.2023 09:32:30,42,135,Małopolskie,126,Diabetologia,2023/030935,Rezydencki,89.27,4.54,24.10.2023 20:07:10,5,NIE,,
j-2023,10,21.11.2023,22.11.2023 09:32:30,42,135,Małopolskie,127,Diabetologia,2023/030288,Rezydencki,88.97,4.06,02.10.2023 00:18:31,5,NIE,,
j-2023,10,21.11.2023,22.11.2023 09:32:30,42,135,Małopolskie,128,Diagnostyka laboratoryjna,2023/021490,Rezydencki,67.79,3.03,17.10.2023 18:22:52,2,NIE,,
j-2023,10,21.11.2023,22.11.2023 09:32:30,42,135,Małopolskie,129,Diagnostyka laboratoryjna,2023/025502,Rezydencki,62.80,0.00,09.10.2023 10:06:29,2,NIE,,
j-2023,10,21.11.2023,22.11.2023 09:32:30,42,135,Małopolskie,130,Endokrynologia,2023/021730,Rezydencki,92.65,4.86,02.10.2023 23:53:38,3,NIE,,
j-2023,10,21.11.2023,22.11.2023 09:32:30,42,135,Małopolskie,131,Endokrynologia,2023/027784,Rezydencki,92.65,4.60,28.09.2023 00:38:12,3,NIE,,
j-2023,10,21.11.2023,22.11.2023 09:32:30,42,135,Małopolskie,132,Endokrynologia,2023/021448,Rezydencki,92.40,4.74,13.09.2023 20:27:50,3,NIE,,
j-2023,10,21.11.2023,22.11.2023 09:32:30,42,135,Małopolskie,133,Endokrynologia,2023/029277,Pozarezydencki,90.55,4.72,12.10.2023 12:01:37,3,NIE,,
j-2023,10,21.11.2023,22.11.2023 09:32:30,42,135,Małopolskie,134,Endokrynologia,2023/021966,Pozarezydencki,84.65,4.53,01.10.2023 21:12:30,3,NIE,,
j-2023,10,21.11.2023,22.11.2023 09:32:30,42,135,Małopolskie,135,Endokrynologia,2023/027786,Pozarezydencki,84.55,4.64,12.10.2023 01:14:01,3,NIE,,
j-2023,10,21.11.2023,22.11.2023 09:32:30,42,135,Małopolskie,136,Endokrynologia i diabetologia dziecięca,2023/023172,Rezydencki,89.27,4.40,01.10.2023 20:10:16,2,NIE,,
j-2023,10,21.11.2023,22.11.2023 09:32:30,42,135,Małopolskie,137,Endokrynologia i diabetologia dziecięca,2023/029310,Rezydencki,89.27,3.40,29.09.2023 23:11:32,2,NIE,,
j-2023,10,21.11.2023,22.11.2023 09:32:30,42,135,Małopolskie,138,Endokrynologia i diabetologia dziecięca,2023/027264,Pozarezydencki,82.01,3.79,16.10.2023 14:21:11,1,NIE,,
j-2023,10,21.11.2023,22.11.2023 09:32:30,42,135,Małopolskie,139,Gastroenterologia,2023/028534,Rezydencki,90.49,4.03,28.09.2023 21:11:32,2,NIE,,
j-2023,10,21.11.2023,22.11.2023 09:32:30,42,135,Małopolskie,140,Gastroenterologia,2023/028929,Rezydencki,89.71,4.42,02.10.2023 23:01:10,2,NIE,,
j-2023,10,21.11.2023,22.11.2023 09:32:30,42,135,Małopolskie,141,Ginekologia onkologiczna,2023/026025,Pozarezydencki,85.45,3.45,23.10.2023 10:36:37,2,NIE,,
j-2023,10,21.11.2023,22.11.2023 09:32:30,42,135,Małopolskie,142,Ginekologia onkologiczna,2023/029429,Pozarezydencki,81.59,3.68,11.10.2023 10:31:12,2,NIE,,
j-2023,10,21.11.2023,22.11.2023 09:32:30,42,135,Małopolskie,143,Hematologia,2023/019297,Rezydencki,90.58,4.32,01.09.2023 00:56:54,2,NIE,,
j-2023,10,21.11.2023,22.11.2023 09:32:30,42,135,Małopolskie,144,Hematologia,2023/029122,Rezydencki,84.80,4.13,30.09.2023 22:18:22,2,NIE,,
j-2023,10,21.11.2023,22.11.2023 09:32:30,42,135,Małopolskie,145,Hematologia,2023/027618,Pozarezydencki,71.50,3.95,12.10.2023 21:44:45,1,NIE,,
j-2023,10,21.11.2023,22.11.2023 09:32:30,42,135,Małopolskie,146,Immunologia kliniczna,2023/025121,Rezydencki,84.15,4.23,29.09.2023 18:01:06,1,NIE,,
j-2023,10,21.11.2023,22.11.2023 09:32:30,42,135,Małopolskie,147,Immunologia kliniczna,2023/021040,Pozarezydencki,84.55,3.95,12.10.2023 10:02:25,2,NIE,,
j-2023,10,21.11.2023,22.11.2023 09:32:30,42,135,Małopolskie,148,Immunologia kliniczna,2023/023517,Pozarezydencki,82.94,4.61,10.10.2023 21:14:48,2,NIE,,
j-2023,10,21.11.2023,22.11.2023 09:32:30,42,135,Małopolskie,149,Kardiochirurgia,2023/021803,Rezydencki,85.02,3.73,05.10.2023 21:11:41,1,NIE,,
j-2023,10,21.11.2023,22.11.2023 09:32:30,42,135,Małopolskie,150,Kardiologia,2023/025556,Rezydencki,92.44,4.25,28.09.2023 22:36:02,14,NIE,,
j-2023,10,21.11.2023,22.11.2023 09:32:30,42,135,Małopolskie,151,Kardiologia,2023/022531,Rezydencki,91.18,4.72,23.09.2023 20:10:15,14,NIE,,
j-2023,10,21.11.2023,22.11.2023 09:32:30,42,135,Małopolskie,152,Kardiologia,2023/024973,Rezydencki,91.06,4.52,02.10.2023 23:42:37,14,NIE,,
j-2023,10,21.11.2023,22.11.2023 09:32:30,42,135,Małopolskie,153,Kardiologia,2023/025274,Rezydencki,89.95,4.10,12.10.2023 18:29:54,14,NIE,,
j-2023,10,21.11.2023,22.11.2023 09:32:30,43,135,Małopolskie,154,Kardiologia,2023/026092,Rezydencki,89.71,4.27,25.09.2023 18:27:59,14,NIE,,
j-2023,10,21.11.2023,22.11.2023 09:32:30,43,135,Małopolskie,155,Kardiologia,2023/025923,Rezydencki,89.27,3.70,02.10.2023 18:47:27,14,NIE,,
j-2023,10,21.11.2023,22.11.2023 09:32:30,43,135,Małopolskie,156,Kardiologia,2023/021695,Rezydencki,89.22,4.27,12.09.2023 15:40:00,14,NIE,,
j-2023,10,21.11.2023,22.11.2023 09:32:30,43,135,Małopolskie,157,Kardiologia,2023/019804,Rezydencki,89.22,4.27,27.09.2023 20:37:19,14,NIE,,
j-2023,10,21.11.2023,22.11.2023 09:32:30,43,135,Małopolskie,158,Kardiologia,2023/026151,Rezydencki,88.78,3.87,28.09.2023 15:24:57,14,NIE,,
j-2023,10,21.11.2023,22.11.2023 09:32:30,43,135,Małopolskie,159,Kardiologia,2023/024383,Rezydencki,88.73,3.97,02.10.2023 11:18:26,14,NIE,,
j-2023,10,21.11.2023,22.11.2023 09:32:30,43,135,Małopolskie,160,Kardiologia,2023/020280,Rezydencki,88.73,3.78,18.10.2023 12:41:48,14,NIE,,
j-2023,10,21.11.2023,22.11.2023 09:32:30,43,135,Małopolskie,161,Kardiologia,2023/028697,Rezydencki,87.50,4.10,01.10.2023 19:34:56,14,NIE,,
j-2023,10,21.11.2023,22.11.2023 09:32:30,43,135,Małopolskie,162,Kardiologia,2023/023416,Rezydencki,87.32,4.27,02.10.2023 21:52:14,14,NIE,,
j-2023,10,21.11.2023,22.11.2023 09:32:30,43,135,Małopolskie,163,Kardiologia,2023/026345,Rezydencki,86.96,4.24,01.10.2023 00:18:10,14,NIE,,
j-2023,10,21.11.2023,22.11.2023 09:32:30,43,135,Małopolskie,164,Kardiologia,2023/026871,Pozarezydencki,82.03,4.41,16.10.2023 13:30:47,5,NIE,,
j-2023,10,21.11.2023,22.11.2023 09:32:30,43,135,Małopolskie,165,Kardiologia,2023/024430,Pozarezydencki,81.86,4.16,13.10.2023 12:22:25,5,NIE,,
j-2023,10,21.11.2023,22.11.2023 09:32:30,43,135,Małopolskie,166,Kardiologia,2023/019769,Pozarezydencki,80.00,4.61,17.10.2023 11:56:19,5,NIE,,
j-2023,10,21.11.2023,22.11.2023 09:32:30,43,135,Małopolskie,167,Kardiologia,2023/026913,Pozarezydencki,77.21,3.42,19.10.2023 15:30:03,5,NIE,,
j-2023,10,21.11.2023,22.11.2023 09:32:30,43,135,Małopolskie,168,Kardiologia,2023/030591,Pozarezydencki,0.00,3.30,25.10.2023 14:35:04,5,NIE,,
j-2023,10,21.11.2023,22.11.2023 09:32:30,43,135,Małopolskie,169,Kardiologia dziecięca,2023/029448,Rezydencki,89.02,4.43,01.10.2023 19:16:11,1,NIE,,
j-2023,10,21.11.2023,22.11.2023 09:32:30,43,135,Małopolskie,170,Kardiologia dziecięca,2023/020171,Pozarezydencki,80.00,4.48,09.10.2023 13:33:11,1,NIE,,
j-2023,10,21.11.2023,22.11.2023 09:32:30,43,135,Małopolskie,171,Medycyna nuklearna,2023/030151,Pozarezydencki,77.42,4.03,15.10.2023 16:44:51,1,NIE,,
j-2023,10,21.11.2023,22.11.2023 09:32:30,43,135,Małopolskie,172,Medycyna paliatywna,2023/019743,Pozarezydencki,90.91,3.53,06.10.2023 19:01:47,2,NIE,,
j-2023,10,21.11.2023,22.11.2023 09:32:30,43,135,Małopolskie,173,Medycyna paliatywna,2023/026133,Pozarezydencki,80.00,4.08,22.10.2023 23:10:29,2,NIE,,
j-2023,10,21.11.2023,22.11.2023 09:32:30,43,135,Małopolskie,174,Medycyna pracy,2023/020351,Rezydencki,86.59,3.85,28.09.2023 12:28:16,1,NIE,,
j-2023,10,21.11.2023,22.11.2023 09:32:30,43,135,Małopolskie,175,Medycyna ratunkowa,2023/030739,Pozarezydencki,72.81,3.94,12.10.2023 11:04:40,3,NIE,,
j-2023,10,21.11.2023,22.11.2023 09:32:30,43,135,Małopolskie,176,Medycyna ratunkowa,2023/025562,Pozarezydencki,56.88,0.00,12.10.2023 10:30:52,3,NIE,,
j-2023,10,21.11.2023,22.11.2023 09:32:30,43,135,Małopolskie,177,Medycyna ratunkowa,2023/025726,Pozarezydencki,52.73,0.00,20.10.2023 14:26:31,3,NIE,,
j-2023,10,21.11.2023,22.11.2023 09:32:30,43,135,Małopolskie,178,Medycyna rodzinna,2023/024829,Rezydencki,90.82,4.45,01.10.2023 21:43:35,44,NIE,,
j-2023,10,21.11.2023,22.11.2023 09:32:30,43,135,Małopolskie,179,Medycyna rodzinna,2023/025300,Rezydencki,88.89,4.48,23.09.2023 20:57:41,44,NIE,,
j-2023,10,21.11.2023,22.11.2023 09:32:30,43,135,Małopolskie,180,Medycyna rodzinna,2023/023444,Rezydencki,88.54,5.00,04.10.2023 15:26:01,44,NIE,,
j-2023,10,21.11.2023,22.11.2023 09:32:30,43,135,Małopolskie,181,Medycyna rodzinna,2023/030450,Rezydencki,88.41,4.32,02.10.2023 22:28:19,44,NIE,,
j-2023,10,21.11.2023,22.11.2023 09:32:30,43,135,Małopolskie,182,Medycyna rodzinna,2023/021926,Rezydencki,87.68,4.47,14.10.2023 10:46:37,44,NIE,,
j-2023,10,21.11.2023,22.11.2023 09:32:30,43,135,Małopolskie,183,Medycyna rodzinna,2023/019350,Rezydencki,87.44,4.03,25.09.2023 10:27:50,44,NIE,,
j-2023,10,21.11.2023,22.11.2023 09:32:30,43,135,Małopolskie,184,Medycyna rodzinna,2023/027070,Rezydencki,87.25,4.03,16.10.2023 07:35:55,44,NIE,,
j-2023,10,21.11.2023,22.11.2023 09:32:30,43,135,Małopolskie,185,Medycyna rodzinna,2023/025623,Rezydencki,86.47,4.16,17.10.2023 21:28:01,44,NIE,,
j-2023,10,21.11.2023,22.11.2023 09:32:30,43,135,Małopolskie,186,Medycyna rodzinna,2023/024474,Rezydencki,85.99,3.58,26.10.2023 09:24:53,44,NIE,,
j-2023,10,21.11.2023,22.11.2023 09:32:30,43,135,Małopolskie,187,Medycyna rodzinna,2023/019662,Rezydencki,85.78,4.15,30.09.2023 19:14:59,44,NIE,,
j-2023,10,21.11.2023,22.11.2023 09:32:30,43,135,Małopolskie,188,Medycyna rodzinna,2023/023879,Rezydencki,85.78,3.67,19.09.2023 16:32:33,44,NIE,,
j-2023,10,21.11.2023,22.11.2023 09:32:30,43,135,Małopolskie,189,Medycyna rodzinna,2023/026101,Rezydencki,85.51,4.22,25.09.2023 17:43:53,44,NIE,,
j-2023,10,21.11.2023,22.11.2023 09:32:30,43,135,Małopolskie,190,Medycyna rodzinna,2023/021844,Rezydencki,85.37,3.84,29.09.2023 12:39:21,44,NIE,,
j-2023,10,21.11.2023,22.11.2023 09:32:30,43,135,Małopolskie,191,Medycyna rodzinna,2023/029556,Rezydencki,85.37,3.78,30.09.2023 17:21:38,44,NIE,,
j-2023,10,21.11.2023,22.11.2023 09:32:30,44,135,Małopolskie,192,Medycyna rodzinna,2023/023398,Rezydencki,85.02,3.90,17.09.2023 12:55:42,44,NIE,,
j-2023,10,21.11.2023,22.11.2023 09:32:30,44,135,Małopolskie,193,Medycyna rodzinna,2023/029062,Rezydencki,84.80,3.59,02.10.2023 22:49:54,44,NIE,,
j-2023,10,21.11.2023,22.11.2023 09:32:30,44,135,Małopolskie,194,Medycyna rodzinna,2023/026953,Rezydencki,84.30,4.55,02.10.2023 18:14:09,44,NIE,,
j-2023,10,21.11.2023,22.11.2023 09:32:30,44,135,Małopolskie,195,Medycyna rodzinna,2023/025024,Rezydencki,83.57,3.68,22.09.2023 14:02:15,44,NIE,,
j-2023,10,21.11.2023,22.11.2023 09:32:30,44,135,Małopolskie,196,Medycyna rodzinna,2023/031060,Rezydencki,83.41,3.71,02.10.2023 22:09:23,44,NIE,,
j-2023,10,21.11.2023,22.11.2023 09:32:30,44,135,Małopolskie,197,Medycyna rodzinna,2023/028889,Rezydencki,82.93,3.58,12.10.2023 13:12:33,44,NIE,,
j-2023,10,21.11.2023,22.11.2023 09:32:30,44,135,Małopolskie,198,Medycyna rodzinna,2023/027075,Rezydencki,82.35,3.12,13.10.2023 11:52:56,44,NIE,,
j-2023,10,21.11.2023,22.11.2023 09:32:30,44,135,Małopolskie,199,Medycyna rodzinna,2023/028470,Rezydencki,80.98,3.89,28.09.2023 19:57:22,44,NIE,,
j-2023,10,21.11.2023,22.11.2023 09:32:30,44,135,Małopolskie,200,Medycyna rodzinna,2023/024287,Rezydencki,80.98,3.73,20.09.2023 08:54:58,44,NIE,,
j-2023,10,21.11.2023,22.11.2023 09:32:30,44,135,Małopolskie,201,Medycyna rodzinna,2023/019537,Rezydencki,80.98,3.65,28.09.2023 18:32:16,44,NIE,,
j-2023,10,21.11.2023,22.11.2023 09:32:30,44,135,Małopolskie,202,Medycyna rodzinna,2023/028566,Rezydencki,80.39,0.00,13.10.2023 14:33:33,44,NIE,,
j-2023,10,21.11.2023,22.11.2023 09:32:30,44,135,Małopolskie,203,Medycyna rodzinna,2023/030048,Rezydencki,78.74,3.33,01.10.2023 19:44:56,44,NIE,,
j-2023,10,21.11.2023,22.11.2023 09:32:30,44,135,Małopolskie,204,Medycyna rodzinna,2023/031139,Rezydencki,78.43,4.05,17.10.2023 00:08:38,44,NIE,,
j-2023,10,21.11.2023,22.11.2023 09:32:30,44,135,Małopolskie,205,Medycyna rodzinna,2023/024390,Rezydencki,77.72,0.00,14.10.2023 11:18:05,44,NIE,,
j-2023,10,21.11.2023,22.11.2023 09:32:30,44,135,Małopolskie,206,Medycyna rodzinna,2023/019660,Rezydencki,76.81,3.80,12.10.2023 15:31:32,44,NIE,,
j-2023,10,21.11.2023,22.11.2023 09:32:30,44,135,Małopolskie,207,Medycyna rodzinna,2023/027429,Rezydencki,76.81,3.73,28.09.2023 22:15:38,44,NIE,,
j-2023,10,21.11.2023,22.11.2023 09:32:30,44,135,Małopolskie,208,Medycyna rodzinna,2023/023270,Rezydencki,76.10,3.39,29.09.2023 10:18:37,44,NIE,,
j-2023,10,21.11.2023,22.11.2023 09:32:30,44,135,Małopolskie,209,Medycyna rodzinna,2023/030254,Rezydencki,75.61,3.38,16.10.2023 10:10:57,44,NIE,,
j-2023,10,21.11.2023,22.11.2023 09:32:30,44,135,Małopolskie,210,Medycyna rodzinna,2023/028789,Rezydencki,75.49,3.73,24.10.2023 10:38:27,44,NIE,,
j-2023,10,21.11.2023,22.11.2023 09:32:30,44,135,Małopolskie,211,Medycyna rodzinna,2023/025204,Rezydencki,75.25,4.03,19.10.2023 11:54:49,44,NIE,,
j-2023,10,21.11.2023,22.11.2023 09:32:30,44,135,Małopolskie,212,Medycyna rodzinna,2023/023774,Rezydencki,74.88,3.88,02.10.2023 22:17:31,44,NIE,,
j-2023,10,21.11.2023,22.11.2023 09:32:30,44,135,Małopolskie,213,Medycyna rodzinna,2023/029280,Rezydencki,74.15,3.32,17.10.2023 20:33:24,44,NIE,,
j-2023,10,21.11.2023,22.11.2023 09:32:30,44,135,Małopolskie,214,Medycyna rodzinna,2023/024597,Rezydencki,71.50,3.61,21.09.2023 01:33:38,44,NIE,,
j-2023,10,21.11.2023,22.11.2023 09:32:30,44,135,Małopolskie,215,Medycyna rodzinna,2023/030510,Rezydencki,69.12,3.24,16.10.2023 23:23:28,44,NIE,,
j-2023,10,21.11.2023,22.11.2023 09:32:30,44,135,Małopolskie,216,Medycyna rodzinna,2023/026364,Rezydencki,67.80,3.17,13.10.2023 18:21:07,44,NIE,,
j-2023,10,21.11.2023,22.11.2023 09:32:30,44,135,Małopolskie,217,Medycyna rodzinna,2023/024244,Rezydencki,62.62,3.97,17.10.2023 12:15:45,44,NIE,,
j-2023,10,21.11.2023,22.11.2023 09:32:30,44,135,Małopolskie,218,Medycyna rodzinna,2023/028090,Rezydencki,60.49,3.29,25.10.2023 13:54:48,44,NIE,,
j-2023,10,21.11.2023,22.11.2023 09:32:30,44,135,Małopolskie,219,Medycyna rodzinna,2023/030456,Rezydencki,58.45,3.69,16.10.2023 14:11:07,44,NIE,,
j-2023,10,21.11.2023,22.11.2023 09:32:30,44,135,Małopolskie,220,Medycyna rodzinna,2023/020788,Rezydencki,54.59,3.49,18.10.2023 14:52:07,44,NIE,,
j-2023,10,21.11.2023,22.11.2023 09:32:30,44,135,Małopolskie,221,Medycyna rodzinna,2023/026806,Rezydencki,0.00,3.83,29.09.2023 18:23:52,44,NIE,,
j-2023,10,21.11.2023,22.11.2023 09:32:30,44,135,Małopolskie,222,Medycyna rodzinna,2023/024999,Pozarezydencki,84.58,4.25,02.10.2023 21:58:52,4,NIE,,
j-2023,10,21.11.2023,22.11.2023 09:32:30,44,135,Małopolskie,223,Medycyna rodzinna,2023/023861,Pozarezydencki,68.81,3.84,13.10.2023 23:13:50,4,NIE,,
j-2023,10,21.11.2023,22.11.2023 09:32:30,44,135,Małopolskie,224,Medycyna rodzinna,2023/019787,Pozarezydencki,62.10,0.00,13.10.2023 12:27:13,4,NIE,,
j-2023,10,21.11.2023,22.11.2023 09:32:30,44,135,Małopolskie,225,Medycyna rodzinna,2023/024133,Pozarezydencki,61.82,0.00,19.10.2023 17:20:04,4,NIE,,
j-2023,10,21.11.2023,22.11.2023 09:32:30,44,135,Małopolskie,226,Mikrobiologia lekarska,2023/029662,Pozarezydencki,71.10,4.21,08.10.2023 21:27:36,1,NIE,,
j-2023,10,21.11.2023,22.11.2023 09:32:30,44,135,Małopolskie,227,Nefrologia,2023/023322,Rezydencki,89.71,4.42,27.09.2023 23:19:46,5,NIE,,
j-2023,10,21.11.2023,22.11.2023 09:32:30,44,135,Małopolskie,228,Nefrologia,2023/022753,Rezydencki,88.89,4.50,29.09.2023 21:34:52,5,NIE,,
j-2023,10,21.11.2023,22.11.2023 09:32:30,44,135,Małopolskie,229,Nefrologia,2023/030492,Rezydencki,84.88,4.33,27.10.2023 11:15:24,5,NIE,,
j-2023,10,21.11.2023,22.11.2023 09:32:30,45,135,Małopolskie,230,Nefrologia,2023/028041,Rezydencki,84.63,4.15,28.09.2023 16:27:28,5,NIE,,
j-2023,10,21.11.2023,22.11.2023 09:32:30,45,135,Małopolskie,231,Nefrologia,2023/027284,Rezydencki,83.90,4.27,23.10.2023 16:30:58,5,NIE,,
j-2023,10,21.11.2023,22.11.2023 09:32:30,45,135,Małopolskie,232,Neonatologia,2023/029598,Rezydencki,79.51,3.89,30.09.2023 18:54:37,2,NIE,,
j-2023,10,21.11.2023,22.11.2023 09:32:30,45,135,Małopolskie,233,Neonatologia,2023/030309,Rezydencki,69.76,3.75,16.10.2023 16:00:08,2,NIE,,
j-2023,10,21.11.2023,22.11.2023 09:32:30,45,135,Małopolskie,234,Neonatologia,2023/025796,Pozarezydencki,89.09,4.43,17.10.2023 16:20:51,2,NIE,,
j-2023,10,21.11.2023,22.11.2023 09:32:30,45,135,Małopolskie,235,Neonatologia,2023/022589,Pozarezydencki,80.00,4.09,10.10.2023 19:03:15,2,NIE,,
j-2023,10,21.11.2023,22.11.2023 09:32:30,45,135,Małopolskie,236,Neurologia,2023/024521,Rezydencki,90.20,4.45,06.10.2023 22:53:20,17,NIE,,
j-2023,10,21.11.2023,22.11.2023 09:32:30,45,135,Małopolskie,237,Neurologia,2023/028577,Rezydencki,89.02,4.67,30.09.2023 16:25:50,17,NIE,,
j-2023,10,21.11.2023,22.11.2023 09:32:30,45,135,Małopolskie,238,Neurologia,2023/021221,Rezydencki,88.73,4.90,29.09.2023 17:17:10,17,NIE,,
j-2023,10,21.11.2023,22.11.2023 09:32:30,45,135,Małopolskie,239,Neurologia,2023/023134,Rezydencki,88.73,4.35,24.09.2023 13:23:58,17,NIE,,
j-2023,10,21.11.2023,22.11.2023 09:32:30,45,135,Małopolskie,240,Neurologia,2023/026915,Rezydencki,87.80,4.15,01.10.2023 22:03:45,17,NIE,,
j-2023,10,21.11.2023,22.11.2023 09:32:30,45,135,Małopolskie,241,Neurologia,2023/023188,Rezydencki,87.80,3.98,28.09.2023 10:37:44,17,NIE,,
j-2023,10,21.11.2023,22.11.2023 09:32:30,45,135,Małopolskie,242,Neurologia,2023/026197,Rezydencki,87.75,3.95,06.10.2023 11:14:30,17,NIE,,
j-2023,10,21.11.2023,22.11.2023 09:32:30,45,135,Małopolskie,243,Neurologia,2023/021927,Rezydencki,87.32,4.15,28.09.2023 11:48:50,17,NIE,,
j-2023,10,21.11.2023,22.11.2023 09:32:30,45,135,Małopolskie,244,Neurologia,2023/023348,Rezydencki,86.47,4.67,06.10.2023 08:17:54,17,NIE,,
j-2023,10,21.11.2023,22.11.2023 09:32:30,45,135,Małopolskie,245,Neurologia,2023/029679,Rezydencki,86.47,4.10,01.10.2023 18:49:55,17,NIE,,
j-2023,10,21.11.2023,22.11.2023 09:32:30,45,135,Małopolskie,246,Neurologia,2023/027525,Rezydencki,85.99,4.20,01.10.2023 13:49:43,17,NIE,,
j-2023,10,21.11.2023,22.11.2023 09:32:30,45,135,Małopolskie,247,Neurologia,2023/027873,Rezydencki,85.99,3.85,28.09.2023 09:21:13,17,NIE,,
j-2023,10,21.11.2023,22.11.2023 09:32:30,45,135,Małopolskie,248,Neurologia,2023/023811,Rezydencki,85.37,4.19,08.10.2023 14:49:46,17,NIE,,
j-2023,10,21.11.2023,22.11.2023 09:32:30,45,135,Małopolskie,249,Neurologia,2023/024214,Rezydencki,85.02,4.43,06.10.2023 15:04:05,17,NIE,,
j-2023,10,21.11.2023,22.11.2023 09:32:30,45,135,Małopolskie,250,Neurologia,2023/025304,Rezydencki,83.41,4.13,29.09.2023 09:53:32,17,NIE,,
j-2023,10,21.11.2023,22.11.2023 09:32:30,45,135,Małopolskie,251,Neurologia,2023/028590,Rezydencki,82.93,4.27,28.09.2023 21:38:38,17,NIE,,
j-2023,10,21.11.2023,22.11.2023 09:32:30,45,135,Małopolskie,252,Neurologia,2023/027764,Rezydencki,81.71,3.75,16.10.2023 00:54:38,17,NIE,,
j-2023,10,21.11.2023,22.11.2023 09:32:30,45,135,Małopolskie,253,Okulistyka,2023/021690,Rezydencki,90.24,4.50,28.09.2023 10:51:39,14,NIE,,
j-2023,10,21.11.2023,22.11.2023 09:32:30,45,135,Małopolskie,254,Okulistyka,2023/020030,Rezydencki,90.24,3.29,18.10.2023 11:13:15,14,NIE,,
j-2023,10,21.11.2023,22.11.2023 09:32:30,45,135,Małopolskie,255,Okulistyka,2023/021181,Rezydencki,89.27,4.44,30.09.2023 15:02:12,14,NIE,,
j-2023,10,21.11.2023,22.11.2023 09:32:30,45,135,Małopolskie,256,Okulistyka,2023/029238,Rezydencki,88.97,3.98,30.09.2023 14:16:59,14,NIE,,
j-2023,10,21.11.2023,22.11.2023 09:32:30,45,135,Małopolskie,257,Okulistyka,2023/026941,Rezydencki,88.89,4.49,30.09.2023 18:34:50,14,NIE,,
j-2023,10,21.11.2023,22.11.2023 09:32:30,45,135,Małopolskie,258,Okulistyka,2023/021496,Rezydencki,88.89,3.53,07.09.2023 19:12:31,14,NIE,,
j-2023,10,21.11.2023,22.11.2023 09:32:30,45,135,Małopolskie,259,Okulistyka,2023/019314,Rezydencki,88.78,4.50,17.10.2023 15:40:20,14,NIE,,
j-2023,10,21.11.2023,22.11.2023 09:32:30,45,135,Małopolskie,260,Okulistyka,2023/022272,Rezydencki,88.78,3.98,02.10.2023 19:02:04,14,NIE,,
j-2023,10,21.11.2023,22.11.2023 09:32:30,45,135,Małopolskie,261,Okulistyka,2023/025500,Rezydencki,88.41,4.39,24.09.2023 16:00:58,14,NIE,,
j-2023,10,21.11.2023,22.11.2023 09:32:30,45,135,Małopolskie,262,Okulistyka,2023/027233,Rezydencki,87.99,4.26,02.10.2023 18:45:18,14,NIE,,
j-2023,10,21.11.2023,22.11.2023 09:32:30,45,135,Małopolskie,263,Okulistyka,2023/024856,Rezydencki,87.92,4.06,27.09.2023 20:00:10,14,NIE,,
j-2023,10,21.11.2023,22.11.2023 09:32:30,45,135,Małopolskie,264,Okulistyka,2023/019435,Rezydencki,87.80,3.67,28.09.2023 16:36:21,14,NIE,,
j-2023,10,21.11.2023,22.11.2023 09:32:30,45,135,Małopolskie,265,Okulistyka,2023/026870,Rezydencki,87.44,4.20,01.10.2023 23:54:27,14,NIE,,
j-2023,10,21.11.2023,22.11.2023 09:32:30,45,135,Małopolskie,266,Okulistyka,2023/026190,Rezydencki,87.25,3.81,05.10.2023 20:32:44,14,NIE,,
j-2023,10,21.11.2023,22.11.2023 09:32:30,45,135,Małopolskie,267,Onkologia i hematologia dziecięca,2023/022593,Rezydencki,86.76,3.88,21.09.2023 16:51:55,4,NIE,,
j-2023,10,21.11.2023,22.11.2023 09:32:30,46,135,Małopolskie,268,Onkologia i hematologia dziecięca,2023/025406,Rezydencki,86.27,4.36,02.10.2023 09:58:37,4,NIE,,
j-2023,10,21.11.2023,22.11.2023 09:32:30,46,135,Małopolskie,269,Onkologia i hematologia dziecięca,2023/021337,Rezydencki,77.94,3.25,28.09.2023 09:39:43,4,NIE,,
j-2023,10,21.11.2023,22.11.2023 09:32:30,46,135,Małopolskie,270,Onkologia i hematologia dziecięca,2023/028411,Rezydencki,68.14,3.66,23.10.2023 21:38:29,4,NIE,,
j-2023,10,21.11.2023,22.11.2023 09:32:30,46,135,Małopolskie,271,Onkologia i hematologia dziecięca,2023/030612,Pozarezydencki,82.27,4.31,24.10.2023 14:49:19,2,NIE,,
j-2023,10,21.11.2023,22.11.2023 09:32:30,46,135,Małopolskie,272,Onkologia i hematologia dziecięca,2023/020488,Pozarezydencki,75.68,0.00,27.09.2023 21:40:19,2,NIE,,
j-2023,10,21.11.2023,22.11.2023 09:32:30,46,135,Małopolskie,273,Onkologia kliniczna,2023/026124,Rezydencki,86.76,3.57,30.09.2023 17:05:50,3,NIE,,
j-2023,10,21.11.2023,22.11.2023 09:32:30,46,135,Małopolskie,274,Onkologia kliniczna,2023/022676,Rezydencki,78.43,3.74,10.10.2023 10:30:57,3,NIE,,
j-2023,10,21.11.2023,22.11.2023 09:32:30,46,135,Małopolskie,275,Onkologia kliniczna,2023/021904,Rezydencki,74.40,3.36,10.09.2023 20:15:39,3,NIE,,
j-2023,10,21.11.2023,22.11.2023 09:32:30,46,135,Małopolskie,276,Onkologia kliniczna,2023/021724,Pozarezydencki,66.06,0.00,16.10.2023 15:49:21,1,NIE,,
j-2023,10,21.11.2023,22.11.2023 09:32:30,46,135,Małopolskie,277,Ortodoncja,2023/020005,Rezydencki,88.89,4.44,02.09.2023 13:55:14,3,NIE,,
j-2023,10,21.11.2023,22.11.2023 09:32:30,46,135,Małopolskie,278,Ortodoncja,2023/019286,Rezydencki,88.89,4.16,06.10.2023 09:05:30,3,NIE,,
j-2023,10,21.11.2023,22.11.2023 09:32:30,46,135,Małopolskie,279,Ortodoncja,2023/022727,Rezydencki,86.96,4.66,13.09.2023 18:42:49,3,NIE,,
j-2023,10,21.11.2023,22.11.2023 09:32:30,46,135,Małopolskie,280,Ortopedia i traumatologia narządu ruchu,2023/025226,Rezydencki,91.79,4.55,13.10.2023 23:07:30,19,NIE,,
j-2023,10,21.11.2023,22.11.2023 09:32:30,46,135,Małopolskie,281,Ortopedia i traumatologia narządu ruchu,2023/027261,Rezydencki,90.93,4.79,12.10.2023 12:14:39,19,NIE,,
j-2023,10,21.11.2023,22.11.2023 09:32:30,46,135,Małopolskie,282,Ortopedia i traumatologia narządu ruchu,2023/022459,Rezydencki,90.24,4.81,29.09.2023 19:04:43,19,NIE,,
j-2023,10,21.11.2023,22.11.2023 09:32:30,46,135,Małopolskie,283,Ortopedia i traumatologia narządu ruchu,2023/030841,Rezydencki,88.73,4.31,16.10.2023 13:17:27,19,NIE,,
j-2023,10,21.11.2023,22.11.2023 09:32:30,46,135,Małopolskie,284,Ortopedia i traumatologia narządu ruchu,2023/027400,Rezydencki,87.68,3.59,01.10.2023 18:46:41,19,NIE,,
j-2023,10,21.11.2023,22.11.2023 09:32:30,46,135,Małopolskie,285,Ortopedia i traumatologia narządu ruchu,2023/023851,Rezydencki,86.83,3.97,28.09.2023 19:17:04,19,NIE,,
j-2023,10,21.11.2023,22.11.2023 09:32:30,46,135,Małopolskie,286,Ortopedia i traumatologia narządu ruchu,2023/029841,Rezydencki,85.85,3.50,01.10.2023 12:20:01,19,NIE,,
j-2023,10,21.11.2023,22.11.2023 09:32:30,46,135,Małopolskie,287,Ortopedia i traumatologia narządu ruchu,2023/026778,Rezydencki,85.78,3.66,01.10.2023 18:51:20,19,NIE,,
j-2023,10,21.11.2023,22.11.2023 09:32:30,46,135,Małopolskie,288,Ortopedia i traumatologia narządu ruchu,2023/022839,Rezydencki,85.51,3.81,19.10.2023 21:06:25,19,NIE,,
j-2023,10,21.11.2023,22.11.2023 09:32:30,46,135,Małopolskie,289,Ortopedia i traumatologia narządu ruchu,2023/025706,Rezydencki,84.88,3.98,28.09.2023 22:56:15,19,NIE,,
j-2023,10,21.11.2023,22.11.2023 09:32:30,46,135,Małopolskie,290,Ortopedia i traumatologia narządu ruchu,2023/029187,Rezydencki,84.56,3.90,02.10.2023 20:42:13,19,NIE,,
j-2023,10,21.11.2023,22.11.2023 09:32:30,46,135,Małopolskie,291,Ortopedia i traumatologia narządu ruchu,2023/029885,Rezydencki,84.39,3.90,02.10.2023 20:40:05,19,NIE,,
j-2023,10,21.11.2023,22.11.2023 09:32:30,46,135,Małopolskie,292,Ortopedia i traumatologia narządu ruchu,2023/026254,Rezydencki,83.90,3.27,19.10.2023 09:03:26,19,NIE,,
j-2023,10,21.11.2023,22.11.2023 09:32:30,46,135,Małopolskie,293,Ortopedia i traumatologia narządu ruchu,2023/028744,Rezydencki,83.82,4.00,16.10.2023 14:12:32,19,NIE,,
j-2023,10,21.11.2023,22.11.2023 09:32:30,46,135,Małopolskie,294,Ortopedia i traumatologia narządu ruchu,2023/019332,Rezydencki,83.09,3.77,24.09.2023 09:35:24,19,NIE,,
j-2023,10,21.11.2023,22.11.2023 09:32:30,46,135,Małopolskie,295,Ortopedia i traumatologia narządu ruchu,2023/026887,Rezydencki,82.61,3.49,27.10.2023 11:27:04,19,NIE,,
j-2023,10,21.11.2023,22.11.2023 09:32:30,46,135,Małopolskie,296,Ortopedia i traumatologia narządu ruchu,2023/021491,Rezydencki,82.35,3.73,19.10.2023 12:44:47,19,NIE,,
j-2023,10,21.11.2023,22.11.2023 09:32:30,46,135,Małopolskie,297,Ortopedia i traumatologia narządu ruchu,2023/028336,Rezydencki,81.95,3.95,28.09.2023 17:38:30,19,NIE,,
j-2023,10,21.11.2023,22.11.2023 09:32:30,46,135,Małopolskie,298,Ortopedia i traumatologia narządu ruchu,2023/029567,Rezydencki,81.95,3.90,02.10.2023 18:42:23,19,NIE,,
j-2023,10,21.11.2023,22.11.2023 09:32:30,46,135,Małopolskie,299,Otorynolaryngologia,2023/022166,Rezydencki,89.02,4.48,01.10.2023 09:55:59,4,NIE,,
j-2023,10,21.11.2023,22.11.2023 09:32:30,46,135,Małopolskie,300,Otorynolaryngologia,2023/021897,Rezydencki,88.97,3.70,25.09.2023 20:15:14,4,NIE,,
j-2023,10,21.11.2023,22.11.2023 09:32:30,46,135,Małopolskie,301,Otorynolaryngologia,2023/027307,Rezydencki,88.73,4.15,01.10.2023 22:07:11,4,NIE,,
j-2023,10,21.11.2023,22.11.2023 09:32:30,46,135,Małopolskie,302,Otorynolaryngologia,2023/026825,Rezydencki,87.75,3.84,02.10.2023 23:34:32,4,NIE,,
j-2023,10,21.11.2023,22.11.2023 09:32:30,46,135,Małopolskie,303,Patomorfologia,2023/020144,Rezydencki,90.82,4.57,03.09.2023 12:09:08,4,NIE,,
j-2023,10,21.11.2023,22.11.2023 09:32:30,46,135,Małopolskie,304,Patomorfologia,2023/025869,Rezydencki,84.31,3.92,26.09.2023 00:06:25,4,NIE,,
j-2023,10,21.11.2023,22.11.2023 09:32:30,46,135,Małopolskie,305,Patomorfologia,2023/027262,Rezydencki,80.00,3.87,20.10.2023 11:04:32,4,NIE,,
j-2023,10,21.11.2023,22.11.2023 09:32:30,47,135,Małopolskie,306,Patomorfologia,2023/025767,Rezydencki,63.77,0.00,06.10.2023 19:14:52,4,NIE,,
j-2023,10,21.11.2023,22.11.2023 09:32:30,47,135,Małopolskie,307,Pediatria,2023/030413,Rezydencki,93.14,4.71,20.10.2023 19:07:52,25,NIE,,
j-2023,10,21.11.2023,22.11.2023 09:32:30,47,135,Małopolskie,308,Pediatria,2023/029419,Rezydencki,90.73,4.18,30.09.2023 12:13:12,25,NIE,,
j-2023,10,21.11.2023,22.11.2023 09:32:30,47,135,Małopolskie,309,Pediatria,2023/027663,Rezydencki,89.22,4.05,27.09.2023 21:34:06,25,NIE,,
j-2023,10,21.11.2023,22.11.2023 09:32:30,47,135,Małopolskie,310,Pediatria,2023/026058,Rezydencki,88.78,3.40,28.09.2023 13:06:45,25,NIE,,
j-2023,10,21.11.2023,22.11.2023 09:32:30,47,135,Małopolskie,311,Pediatria,2023/021192,Rezydencki,88.73,4.23,06.09.2023 20:22:28,25,NIE,,
j-2023,10,21.11.2023,22.11.2023 09:32:30,47,135,Małopolskie,312,Pediatria,2023/024160,Rezydencki,88.65,3.68,12.10.2023 11:04:15,25,NIE,,
j-2023,10,21.11.2023,22.11.2023 09:32:30,47,135,Małopolskie,313,Pediatria,2023/027145,Rezydencki,87.92,4.13,02.10.2023 21:28:13,25,NIE,,
j-2023,10,21.11.2023,22.11.2023 09:32:30,47,135,Małopolskie,314,Pediatria,2023/025515,Rezydencki,87.80,4.14,28.09.2023 19:01:33,25,NIE,,
j-2023,10,21.11.2023,22.11.2023 09:32:30,47,135,Małopolskie,315,Pediatria,2023/022261,Rezydencki,87.75,4.27,28.09.2023 20:25:19,25,NIE,,
j-2023,10,21.11.2023,22.11.2023 09:32:30,47,135,Małopolskie,316,Pediatria,2023/027895,Rezydencki,87.50,3.97,01.10.2023 09:36:53,25,NIE,,
j-2023,10,21.11.2023,22.11.2023 09:32:30,47,135,Małopolskie,317,Pediatria,2023/024500,Rezydencki,87.44,4.59,20.09.2023 20:06:06,25,NIE,,
j-2023,10,21.11.2023,22.11.2023 09:32:30,47,135,Małopolskie,318,Pediatria,2023/027739,Rezydencki,86.96,4.43,30.09.2023 11:42:10,25,NIE,,
j-2023,10,21.11.2023,22.11.2023 09:32:30,47,135,Małopolskie,319,Pediatria,2023/024479,Rezydencki,85.99,4.22,12.10.2023 13:41:16,25,NIE,,
j-2023,10,21.11.2023,22.11.2023 09:32:30,47,135,Małopolskie,320,Pediatria,2023/026011,Rezydencki,85.75,4.14,23.10.2023 14:11:49,25,NIE,,
j-2023,10,21.11.2023,22.11.2023 09:32:30,47,135,Małopolskie,321,Pediatria,2023/025356,Rezydencki,85.24,0.00,20.10.2023 16:43:45,25,NIE,,
j-2023,10,21.11.2023,22.11.2023 09:32:30,47,135,Małopolskie,322,Pediatria,2023/026764,Rezydencki,84.88,4.09,24.10.2023 14:51:20,25,NIE,,
j-2023,10,21.11.2023,22.11.2023 09:32:30,47,135,Małopolskie,323,Pediatria,2023/020184,Rezydencki,84.80,3.65,15.10.2023 20:11:16,25,NIE,,
j-2023,10,21.11.2023,22.11.2023 09:32:30,47,135,Małopolskie,324,Pediatria,2023/022074,Rezydencki,84.31,3.70,19.10.2023 11:33:13,25,NIE,,
j-2023,10,21.11.2023,22.11.2023 09:32:30,47,135,Małopolskie,325,Pediatria,2023/028870,Rezydencki,84.07,3.78,18.10.2023 09:24:49,25,NIE,,
j-2023,10,21.11.2023,22.11.2023 09:32:30,47,135,Małopolskie,326,Pediatria,2023/019724,Rezydencki,83.90,4.12,07.09.2023 10:59:56,25,NIE,,
j-2023,10,21.11.2023,22.11.2023 09:32:30,47,135,Małopolskie,327,Pediatria,2023/020412,Rezydencki,82.93,3.61,22.09.2023 15:41:55,25,NIE,,
j-2023,10,21.11.2023,22.11.2023 09:32:30,47,135,Małopolskie,328,Pediatria,2023/028993,Rezydencki,81.95,3.71,02.10.2023 19:20:06,25,NIE,,
j-2023,10,21.11.2023,22.11.2023 09:32:30,47,135,Małopolskie,329,Pediatria,2023/021828,Rezydencki,81.64,4.25,13.10.2023 20:37:49,25,NIE,,
j-2023,10,21.11.2023,22.11.2023 09:32:30,47,135,Małopolskie,330,Pediatria,2023/028492,Rezydencki,80.98,3.85,11.10.2023 15:54:09,25,NIE,,
j-2023,10,21.11.2023,22.11.2023 09:32:30,47,135,Małopolskie,331,Pediatria,2023/030683,Rezydencki,80.49,3.58,02.10.2023 20:28:50,25,NIE,,
j-2023,10,21.11.2023,22.11.2023 09:32:30,47,135,Małopolskie,332,Perinatologia,2023/020343,Pozarezydencki,89.09,3.45,25.10.2023 17:49:08,2,NIE,,
j-2023,10,21.11.2023,22.11.2023 09:32:30,47,135,Małopolskie,333,Perinatologia,2023/025902,Pozarezydencki,76.91,3.00,23.10.2023 10:13:08,2,NIE,,
j-2023,10,21.11.2023,22.11.2023 09:32:30,47,135,Małopolskie,334,Położnictwo i ginekologia,2023/020095,Rezydencki,93.90,0.00,29.09.2023 23:19:15,27,NIE,,
j-2023,10,21.11.2023,22.11.2023 09:32:30,47,135,Małopolskie,335,Położnictwo i ginekologia,2023/019965,Rezydencki,92.20,4.67,28.09.2023 11:23:08,27,NIE,,
j-2023,10,21.11.2023,22.11.2023 09:32:30,47,135,Małopolskie,336,Położnictwo i ginekologia,2023/024828,Rezydencki,90.73,4.20,02.10.2023 21:06:38,27,NIE,,
j-2023,10,21.11.2023,22.11.2023 09:32:30,47,135,Małopolskie,337,Położnictwo i ginekologia,2023/019942,Rezydencki,90.49,4.84,30.09.2023 23:33:59,27,NIE,,
j-2023,10,21.11.2023,22.11.2023 09:32:30,47,135,Małopolskie,338,Położnictwo i ginekologia,2023/023694,Rezydencki,88.73,3.57,12.10.2023 13:57:05,27,NIE,,
j-2023,10,21.11.2023,22.11.2023 09:32:30,47,135,Małopolskie,339,Położnictwo i ginekologia,2023/019835,Rezydencki,87.25,3.47,27.09.2023 20:51:48,27,NIE,,
j-2023,10,21.11.2023,22.11.2023 09:32:30,47,135,Małopolskie,340,Położnictwo i ginekologia,2023/024778,Rezydencki,87.07,4.05,13.10.2023 17:12:21,27,NIE,,
j-2023,10,21.11.2023,22.11.2023 09:32:30,47,135,Małopolskie,341,Położnictwo i ginekologia,2023/028179,Rezydencki,86.59,3.65,27.10.2023 13:59:45,27,NIE,,
j-2023,10,21.11.2023,22.11.2023 09:32:30,47,135,Małopolskie,342,Położnictwo i ginekologia,2023/019457,Rezydencki,85.99,4.00,11.10.2023 22:42:30,27,NIE,,
j-2023,10,21.11.2023,22.11.2023 09:32:30,47,135,Małopolskie,343,Położnictwo i ginekologia,2023/021776,Rezydencki,85.85,3.75,17.10.2023 14:46:33,27,NIE,,
j-2023,10,21.11.2023,22.11.2023 09:32:30,48,135,Małopolskie,344,Położnictwo i ginekologia,2023/026835,Rezydencki,85.29,3.55,02.10.2023 19:14:57,27,NIE,,
j-2023,10,21.11.2023,22.11.2023 09:32:30,48,135,Małopolskie,345,Położnictwo i ginekologia,2023/020230,Rezydencki,85.02,3.96,30.09.2023 14:23:04,27,NIE,,
j-2023,10,21.11.2023,22.11.2023 09:32:30,48,135,Małopolskie,346,Położnictwo i ginekologia,2023/029112,Rezydencki,84.88,4.16,12.10.2023 15:44:21,27,NIE,,
j-2023,10,21.11.2023,22.11.2023 09:32:30,48,135,Małopolskie,347,Położnictwo i ginekologia,2023/028224,Rezydencki,84.39,3.49,24.10.2023 11:18:50,27,NIE,,
j-2023,10,21.11.2023,22.11.2023 09:32:30,48,135,Małopolskie,348,Położnictwo i ginekologia,2023/019721,Rezydencki,84.06,3.80,04.10.2023 17:13:24,27,NIE,,
j-2023,10,21.11.2023,22.11.2023 09:32:30,48,135,Małopolskie,349,Położnictwo i ginekologia,2023/029623,Rezydencki,83.58,3.46,30.09.2023 19:46:22,27,NIE,,
j-2023,10,21.11.2023,22.11.2023 09:32:30,48,135,Małopolskie,350,Położnictwo i ginekologia,2023/030091,Rezydencki,83.57,3.88,19.10.2023 21:07:04,27,NIE,,
j-2023,10,21.11.2023,22.11.2023 09:32:30,48,135,Małopolskie,351,Położnictwo i ginekologia,2023/019361,Rezydencki,83.57,3.47,29.09.2023 14:14:32,27,NIE,,
j-2023,10,21.11.2023,22.11.2023 09:32:30,48,135,Małopolskie,352,Położnictwo i ginekologia,2023/019757,Rezydencki,83.33,3.77,10.10.2023 10:57:39,27,NIE,,
j-2023,10,21.11.2023,22.11.2023 09:32:30,48,135,Małopolskie,353,Położnictwo i ginekologia,2023/024497,Rezydencki,83.09,4.29,01.10.2023 22:58:13,27,NIE,,
j-2023,10,21.11.2023,22.11.2023 09:32:30,48,135,Małopolskie,354,Położnictwo i ginekologia,2023/027472,Rezydencki,82.93,3.36,01.10.2023 21:18:45,27,NIE,,
j-2023,10,21.11.2023,22.11.2023 09:32:30,48,135,Małopolskie,355,Położnictwo i ginekologia,2023/019865,Rezydencki,82.84,3.69,01.09.2023 19:32:27,27,NIE,,
j-2023,10,21.11.2023,22.11.2023 09:32:30,48,135,Małopolskie,356,Położnictwo i ginekologia,2023/019238,Rezydencki,82.61,3.69,13.10.2023 12:10:10,27,NIE,,
j-2023,10,21.11.2023,22.11.2023 09:32:30,48,135,Małopolskie,357,Położnictwo i ginekologia,2023/028695,Rezydencki,81.40,4.02,28.09.2023 23:35:35,27,NIE,,
j-2023,10,21.11.2023,22.11.2023 09:32:30,48,135,Małopolskie,358,Położnictwo i ginekologia,2023/025096,Rezydencki,80.88,3.63,20.10.2023 20:58:21,27,NIE,,
j-2023,10,21.11.2023,22.11.2023 09:32:30,48,135,Małopolskie,359,Położnictwo i ginekologia,2023/024199,Rezydencki,80.68,4.25,21.09.2023 16:29:31,27,NIE,,
j-2023,10,21.11.2023,22.11.2023 09:32:30,48,135,Małopolskie,360,Położnictwo i ginekologia,2023/027376,Rezydencki,77.56,3.72,18.10.2023 14:50:55,27,NIE,,
j-2023,10,21.11.2023,22.11.2023 09:32:30,48,135,Małopolskie,361,Położnictwo i ginekologia,2023/026886,Pozarezydencki,64.19,3.08,02.10.2023 13:51:34,2,NIE,,
j-2023,10,21.11.2023,22.11.2023 09:32:30,48,135,Małopolskie,362,Położnictwo i ginekologia,2023/028234,Pozarezydencki,58.88,3.36,11.10.2023 23:45:45,2,NIE,,
j-2023,10,21.11.2023,22.11.2023 09:32:30,48,135,Małopolskie,363,Protetyka stomatologiczna,2023/019333,Rezydencki,84.21,4.35,05.10.2023 19:54:18,2,NIE,,
j-2023,10,21.11.2023,22.11.2023 09:32:30,48,135,Małopolskie,364,Protetyka stomatologiczna,2023/020266,Rezydencki,83.09,4.26,22.10.2023 14:57:51,2,NIE,,
j-2023,10,21.11.2023,22.11.2023 09:32:30,48,135,Małopolskie,365,Psychiatria,2023/021702,Rezydencki,91.91,4.60,28.09.2023 01:46:36,35,NIE,,
j-2023,10,21.11.2023,22.11.2023 09:32:30,48,135,Małopolskie,366,Psychiatria,2023/022185,Rezydencki,90.34,4.50,19.09.2023 11:57:54,35,NIE,,
j-2023,10,21.11.2023,22.11.2023 09:32:30,48,135,Małopolskie,367,Psychiatria,2023/022114,Rezydencki,90.00,3.98,30.09.2023 20:28:10,35,NIE,,
j-2023,10,21.11.2023,22.11.2023 09:32:30,48,135,Małopolskie,368,Psychiatria,2023/020911,Rezydencki,89.76,4.13,18.10.2023 11:07:13,35,NIE,,
j-2023,10,21.11.2023,22.11.2023 09:32:30,48,135,Małopolskie,369,Psychiatria,2023/019210,Rezydencki,89.61,3.80,01.09.2023 00:12:56,35,NIE,,
j-2023,10,21.11.2023,22.11.2023 09:32:30,48,135,Małopolskie,370,Psychiatria,2023/030035,Rezydencki,89.37,4.48,27.10.2023 18:58:56,35,NIE,,
j-2023,10,21.11.2023,22.11.2023 09:32:30,48,135,Małopolskie,371,Psychiatria,2023/027354,Rezydencki,89.37,4.16,17.10.2023 16:21:21,35,NIE,,
j-2023,10,21.11.2023,22.11.2023 09:32:30,48,135,Małopolskie,372,Psychiatria,2023/021634,Rezydencki,89.22,4.40,08.09.2023 15:22:42,35,NIE,,
j-2023,10,21.11.2023,22.11.2023 09:32:30,48,135,Małopolskie,373,Psychiatria,2023/025536,Rezydencki,88.29,3.79,28.09.2023 22:49:25,35,NIE,,
j-2023,10,21.11.2023,22.11.2023 09:32:30,48,135,Małopolskie,374,Psychiatria,2023/021911,Rezydencki,88.29,3.72,28.09.2023 16:08:38,35,NIE,,
j-2023,10,21.11.2023,22.11.2023 09:32:30,48,135,Małopolskie,375,Psychiatria,2023/031031,Rezydencki,87.92,4.40,31.10.2023 10:37:25,35,NIE,,
j-2023,10,21.11.2023,22.11.2023 09:32:30,48,135,Małopolskie,376,Psychiatria,2023/024233,Rezydencki,87.92,3.82,19.10.2023 07:50:26,35,NIE,,
j-2023,10,21.11.2023,22.11.2023 09:32:30,48,135,Małopolskie,377,Psychiatria,2023/030744,Rezydencki,87.80,0.00,31.10.2023 12:53:17,35,NIE,,
j-2023,10,21.11.2023,22.11.2023 09:32:30,48,135,Małopolskie,378,Psychiatria,2023/028380,Rezydencki,87.75,3.75,02.10.2023 19:45:13,35,NIE,,
j-2023,10,21.11.2023,22.11.2023 09:32:30,48,135,Małopolskie,379,Psychiatria,2023/030271,Rezydencki,87.44,4.16,02.10.2023 21:56:45,35,NIE,,
j-2023,10,21.11.2023,22.11.2023 09:32:30,48,135,Małopolskie,380,Psychiatria,2023/027918,Rezydencki,87.32,4.00,13.10.2023 15:28:53,35,NIE,,
j-2023,10,21.11.2023,22.11.2023 09:32:30,48,135,Małopolskie,381,Psychiatria,2023/020596,Rezydencki,87.25,4.02,12.10.2023 13:07:34,35,NIE,,
j-2023,10,21.11.2023,22.11.2023 09:32:30,49,135,Małopolskie,382,Psychiatria,2023/023938,Rezydencki,87.25,3.88,19.09.2023 16:01:59,35,NIE,,
j-2023,10,21.11.2023,22.11.2023 09:32:30,49,135,Małopolskie,383,Psychiatria,2023/026374,Rezydencki,86.96,4.05,01.10.2023 09:38:15,35,NIE,,
j-2023,10,21.11.2023,22.11.2023 09:32:30,49,135,Małopolskie,384,Psychiatria,2023/030719,Rezydencki,86.83,4.47,02.10.2023 17:38:50,35,NIE,,
j-2023,10,21.11.2023,22.11.2023 09:32:30,49,135,Małopolskie,385,Psychiatria,2023/022742,Rezydencki,86.76,4.08,29.09.2023 17:45:05,35,NIE,,
j-2023,10,21.11.2023,22.11.2023 09:32:30,49,135,Małopolskie,386,Psychiatria,2023/024781,Rezydencki,86.59,4.65,30.09.2023 10:25:11,35,NIE,,
j-2023,10,21.11.2023,22.11.2023 09:32:30,49,135,Małopolskie,387,Psychiatria,2023/025106,Rezydencki,86.47,4.13,30.10.2023 14:11:20,35,NIE,,
j-2023,10,21.11.2023,22.11.2023 09:32:30,49,135,Małopolskie,388,Psychiatria,2023/023908,Rezydencki,86.34,4.35,28.09.2023 20:31:57,35,NIE,,
j-2023,10,21.11.2023,22.11.2023 09:32:30,49,135,Małopolskie,389,Psychiatria,2023/021856,Rezydencki,86.27,4.18,17.10.2023 16:00:44,35,NIE,,
j-2023,10,21.11.2023,22.11.2023 09:32:30,49,135,Małopolskie,390,Psychiatria,2023/026342,Rezydencki,86.27,4.06,02.10.2023 22:45:29,35,NIE,,
j-2023,10,21.11.2023,22.11.2023 09:32:30,49,135,Małopolskie,391,Psychiatria,2023/029575,Rezydencki,86.27,3.74,01.10.2023 21:00:56,35,NIE,,
j-2023,10,21.11.2023,22.11.2023 09:32:30,49,135,Małopolskie,392,Psychiatria,2023/027921,Rezydencki,85.85,4.17,28.09.2023 10:35:22,35,NIE,,
j-2023,10,21.11.2023,22.11.2023 09:32:30,49,135,Małopolskie,393,Psychiatria,2023/024090,Rezydencki,85.85,3.56,28.09.2023 20:45:29,35,NIE,,
j-2023,10,21.11.2023,22.11.2023 09:32:30,49,135,Małopolskie,394,Psychiatria,2023/030025,Rezydencki,85.37,3.81,15.10.2023 19:20:07,35,NIE,,
j-2023,10,21.11.2023,22.11.2023 09:32:30,49,135,Małopolskie,395,Psychiatria,2023/023865,Rezydencki,85.29,0.00,20.10.2023 11:23:23,35,NIE,,
j-2023,10,21.11.2023,22.11.2023 09:32:30,49,135,Małopolskie,396,Psychiatria,2023/029086,Rezydencki,85.12,3.53,13.10.2023 12:59:45,35,NIE,,
j-2023,10,21.11.2023,22.11.2023 09:32:30,49,135,Małopolskie,397,Psychiatria,2023/023870,Rezydencki,85.05,3.56,12.10.2023 11:21:47,35,NIE,,
j-2023,10,21.11.2023,22.11.2023 09:32:30,49,135,Małopolskie,398,Psychiatria,2023/022162,Rezydencki,85.02,4.15,15.09.2023 17:59:37,35,NIE,,
j-2023,10,21.11.2023,22.11.2023 09:32:30,49,135,Małopolskie,399,Psychiatria,2023/022195,Rezydencki,85.02,3.84,13.10.2023 19:47:53,35,NIE,,
j-2023,10,21.11.2023,22.11.2023 09:32:30,49,135,Małopolskie,400,Psychiatria dzieci i młodzieży,2023/020012,Rezydencki,89.86,4.16,25.10.2023 17:59:55,1,NIE,,
j-2023,10,21.11.2023,22.11.2023 09:32:30,49,135,Małopolskie,401,Psychiatria dzieci i młodzieży,2023/024533,Pozarezydencki,84.55,3.44,13.10.2023 16:46:59,2,NIE,,
j-2023,10,21.11.2023,22.11.2023 09:32:30,49,135,Małopolskie,402,Psychiatria dzieci i młodzieży,2023/026379,Pozarezydencki,77.42,3.36,25.10.2023 17:47:22,2,NIE,,
j-2023,10,21.11.2023,22.11.2023 09:32:30,49,135,Małopolskie,403,Radiologia i diagnostyka obrazowa,2023/029591,Rezydencki,94.61,4.88,30.09.2023 18:53:04,12,NIE,,
j-2023,10,21.11.2023,22.11.2023 09:32:30,49,135,Małopolskie,404,Radiologia i diagnostyka obrazowa,2023/025666,Rezydencki,92.93,4.31,12.10.2023 13:51:28,12,NIE,,
j-2023,10,21.11.2023,22.11.2023 09:32:30,49,135,Małopolskie,405,Radiologia i diagnostyka obrazowa,2023/023872,Rezydencki,92.27,4.34,12.10.2023 23:20:33,12,NIE,,
j-2023,10,21.11.2023,22.11.2023 09:32:30,49,135,Małopolskie,406,Radiologia i diagnostyka obrazowa,2023/030512,Rezydencki,92.16,4.23,02.10.2023 18:43:05,12,NIE,,
j-2023,10,21.11.2023,22.11.2023 09:32:30,49,135,Małopolskie,407,Radiologia i diagnostyka obrazowa,2023/021962,Rezydencki,90.44,4.62,19.09.2023 16:45:15,12,NIE,,
j-2023,10,21.11.2023,22.11.2023 09:32:30,49,135,Małopolskie,408,Radiologia i diagnostyka obrazowa,2023/022232,Rezydencki,89.71,4.47,15.09.2023 22:38:18,12,NIE,,
j-2023,10,21.11.2023,22.11.2023 09:32:30,49,135,Małopolskie,409,Radiologia i diagnostyka obrazowa,2023/027482,Rezydencki,89.37,3.88,01.10.2023 22:36:37,12,NIE,,
j-2023,10,21.11.2023,22.11.2023 09:32:30,49,135,Małopolskie,410,Radiologia i diagnostyka obrazowa,2023/028475,Rezydencki,89.22,4.15,02.10.2023 18:48:00,12,NIE,,
j-2023,10,21.11.2023,22.11.2023 09:32:30,49,135,Małopolskie,411,Radiologia i diagnostyka obrazowa,2023/019742,Rezydencki,89.22,4.10,01.09.2023 16:51:37,12,NIE,,
j-2023,10,21.11.2023,22.11.2023 09:32:30,49,135,Małopolskie,412,Radiologia i diagnostyka obrazowa,2023/025603,Rezydencki,88.78,3.84,16.10.2023 11:19:11,12,NIE,,
j-2023,10,21.11.2023,22.11.2023 09:32:30,49,135,Małopolskie,413,Radiologia i diagnostyka obrazowa,2023/026907,Rezydencki,88.73,3.91,02.10.2023 21:14:27,12,NIE,,
j-2023,10,21.11.2023,22.11.2023 09:32:30,49,135,Małopolskie,414,Radiologia i diagnostyka obrazowa,2023/029652,Rezydencki,88.73,3.79,13.10.2023 14:21:08,12,NIE,,
j-2023,10,21.11.2023,22.11.2023 09:32:30,49,135,Małopolskie,415,Radiologia i diagnostyka obrazowa,2023/023793,Pozarezydencki,82.49,4.15,16.10.2023 22:54:17,3,NIE,,
j-2023,10,21.11.2023,22.11.2023 09:32:30,49,135,Małopolskie,416,Radiologia i diagnostyka obrazowa,2023/022678,Pozarezydencki,81.86,3.83,13.10.2023 10:31:09,3,NIE,,
j-2023,10,21.11.2023,22.11.2023 09:32:30,49,135,Małopolskie,417,Radiologia i diagnostyka obrazowa,2023/021458,Pozarezydencki,81.31,3.72,22.10.2023 16:23:00,3,NIE,,
j-2023,10,21.11.2023,22.11.2023 09:32:30,49,135,Małopolskie,418,Radioterapia onkologiczna,2023/023541,Rezydencki,85.51,4.18,25.09.2023 17:16:12,3,NIE,,
j-2023,10,21.11.2023,22.11.2023 09:32:30,49,135,Małopolskie,419,Radioterapia onkologiczna,2023/027568,Rezydencki,84.07,3.39,30.10.2023 08:42:09,3,NIE,,
j-2023,10,21.11.2023,22.11.2023 09:32:30,50,135,Małopolskie,420,Radioterapia onkologiczna,2023/029118,Rezydencki,82.93,3.50,30.10.2023 07:53:18,3,NIE,,
j-2023,10,21.11.2023,22.11.2023 09:32:30,50,135,Małopolskie,421,Rehabilitacja medyczna,2023/020087,Rezydencki,83.90,4.27,06.10.2023 12:46:52,2,NIE,,
j-2023,10,21.11.2023,22.11.2023 09:32:30,50,135,Małopolskie,422,Rehabilitacja medyczna,2023/028536,Rezydencki,63.46,0.00,06.10.2023 14:47:02,2,NIE,,
j-2023,10,21.11.2023,22.11.2023 09:32:30,50,135,Małopolskie,423,Rehabilitacja medyczna,2023/022628,Pozarezydencki,70.91,3.53,14.10.2023 08:52:25,3,NIE,,
j-2023,10,21.11.2023,22.11.2023 09:32:30,50,135,Małopolskie,424,Rehabilitacja medyczna,2023/024566,Pozarezydencki,59.72,0.00,10.10.2023 19:17:01,3,NIE,,
j-2023,10,21.11.2023,22.11.2023 09:32:30,50,135,Małopolskie,425,Rehabilitacja medyczna,2023/022584,Pozarezydencki,57.27,2.73,11.10.2023 14:55:13,3,NIE,,
j-2023,10,21.11.2023,22.11.2023 09:32:30,50,135,Małopolskie,426,Reumatologia,2023/029931,Rezydencki,90.00,4.56,26.10.2023 17:56:07,2,NIE,,
j-2023,10,21.11.2023,22.11.2023 09:32:30,50,135,Małopolskie,427,Reumatologia,2023/028258,Rezydencki,89.22,4.08,29.09.2023 12:30:51,2,NIE,,
j-2023,10,21.11.2023,22.11.2023 09:32:30,50,135,Małopolskie,428,Reumatologia,2023/029698,Pozarezydencki,76.91,3.62,19.10.2023 15:10:18,1,NIE,,
j-2023,10,21.11.2023,22.11.2023 09:32:30,50,135,Małopolskie,429,Stomatologia dziecięca,2023/026876,Rezydencki,81.90,4.32,10.10.2023 13:37:56,2,NIE,,
j-2023,10,21.11.2023,22.11.2023 09:32:30,50,135,Małopolskie,430,Stomatologia dziecięca,2023/028400,Rezydencki,79.52,0.00,05.10.2023 19:30:33,2,NIE,,
j-2023,10,21.11.2023,22.11.2023 09:32:30,50,135,Małopolskie,431,Stomatologia zachowawcza z endodoncją,2023/025545,Rezydencki,80.10,4.43,30.09.2023 13:43:44,3,NIE,,
j-2023,10,21.11.2023,22.11.2023 09:32:30,50,135,Małopolskie,432,Stomatologia zachowawcza z endodoncją,2023/027172,Rezydencki,78.47,3.47,13.10.2023 13:21:58,3,NIE,,
j-2023,10,21.11.2023,22.11.2023 09:32:30,50,135,Małopolskie,433,Stomatologia zachowawcza z endodoncją,2023/022112,Rezydencki,75.12,3.65,10.10.2023 10:46:51,3,NIE,,
j-2023,10,21.11.2023,22.11.2023 09:32:30,50,135,Małopolskie,434,Transfuzjologia kliniczna,2023/027001,Pozarezydencki,79.55,3.53,29.09.2023 10:23:26,1,NIE,,
j-2023,10,21.11.2023,22.11.2023 09:32:30,50,135,Małopolskie,435,Transplantologia kliniczna,2023/028360,Pozarezydencki,76.14,0.00,26.10.2023 16:41:50,2,NIE,,
j-2023,10,21.11.2023,22.11.2023 09:32:30,50,135,Małopolskie,436,Transplantologia kliniczna,2023/029834,Pozarezydencki,73.13,3.88,11.10.2023 10:26:55,2,NIE,,
j-2023,10,21.11.2023,22.11.2023 09:32:30,50,135,Małopolskie,437,Urologia,2023/030148,Rezydencki,88.54,4.38,01.10.2023 21:39:52,3,NIE,,
j-2023,10,21.11.2023,22.11.2023 09:32:30,50,135,Małopolskie,438,Urologia,2023/025192,Rezydencki,88.48,3.94,23.09.2023 12:42:24,3,NIE,,
j-2023,10,21.11.2023,22.11.2023 09:32:30,50,135,Małopolskie,439,Urologia,2023/019781,Rezydencki,87.92,4.22,01.09.2023 16:19:42,3,NIE,,
j-2023,10,21.11.2023,22.11.2023 09:32:30,50,135,Małopolskie,440,Urologia,2023/029769,Pozarezydencki,75.45,4.36,30.09.2023 23:49:14,1,NIE,,
j-2023,10,21.11.2023,22.11.2023 09:32:30,50,135,Małopolskie,441,Zdrowie publiczne,2023/021459,Rezydencki,75.71,3.61,16.09.2023 10:56:27,1,NIE,,
j-2023,10,21.11.2023,22.11.2023 09:32:30,50,135,Małopolskie,1,Kardiologia,2023/020549,Rezydencki,89.13,4.84,29.09.2023 02:44:58,1,TAK,KRAKOWSKI SZPITAL SPECJALISTYCZNY IM. ŚW. JANA PAWŁA II,Oddział Kliniczny Chorób Serca i Naczyń z Pododdziałem Intensywnego Nadzoru Kardiologicznego
j-2023,10,21.11.2023,22.11.2023 09:32:30,50,135,Małopolskie,1,Radiologia i diagnostyka obrazowa,2023/023839,Rezydencki,85.29,3.97,19.09.2023 17:56:39,1,TAK,Samodzielny Publiczny Zakład Opieki Zdrowotnej Szpital Uniwersytecki w Krakowie,Zakład Diagnostyki Obrazowej NSSU
j-2023,10,21.11.2023,22.11.2023 09:32:30,50,135,Małopolskie,1,Chirurgia naczyniowa,2023/020110,Rezydencki,87.75,4.17,17.10.2023 18:05:49,1,TAK,Samodzielny Publiczny Zakład Opieki Zdrowotnej Szpital Uniwersytecki w Krakowie,Oddział Kliniczny Chirurgii Naczyń
j-2023,10,21.11.2023,22.11.2023 09:32:30,51,135,Małopolskie,1,Choroby wewnętrzne,2023/020599,Rezydencki,90.20,4.43,18.09.2023 20:48:29,1,TAK,SMKSystem Monitorowania Kształcenia,Pracowników Medycznych Status dokumentu Opublikowanie wyników Samodzielny Publiczny Zakład Opieki Zdrowotnej Szpital Uniwersytecki w Krakowie Oddział Kliniczny Hematologii
j-2023,10,21.11.2023,22.11.2023 09:32:30,51,135,Mazowieckie,1,Alergologia,2023/020638,Rezydencki,91.22,4.28,29.09.2023 00:44:42,1,NIE,,
j-2023,10,21.11.2023,22.11.2023 09:32:30,51,135,Mazowieckie,2,Alergologia,2023/029721,Pozarezydencki,85.35,3.46,16.10.2023 12:08:55,1,NIE,,
j-2023,10,21.11.2023,22.11.2023 09:32:30,51,135,Mazowieckie,3,Anestezjologia i intensywna terapia,2023/025091,Rezydencki,91.30,4.60,02.10.2023 16:28:57,33,NIE,,
j-2023,10,21.11.2023,22.11.2023 09:32:30,51,135,Mazowieckie,4,Anestezjologia i intensywna terapia,2023/026679,Rezydencki,90.20,4.24,02.10.2023 16:36:42,33,NIE,,
j-2023,10,21.11.2023,22.11.2023 09:32:30,51,135,Mazowieckie,5,Anestezjologia i intensywna terapia,2023/024172,Rezydencki,90.10,4.66,19.10.2023 14:29:01,33,NIE,,
j-2023,10,21.11.2023,22.11.2023 09:32:30,51,135,Mazowieckie,6,Anestezjologia i intensywna terapia,2023/030805,Rezydencki,90.10,4.55,02.10.2023 18:38:23,33,NIE,,
j-2023,10,21.11.2023,22.11.2023 09:32:30,51,135,Mazowieckie,7,Anestezjologia i intensywna terapia,2023/029394,Rezydencki,89.76,4.26,01.10.2023 10:13:01,33,NIE,,
j-2023,10,21.11.2023,22.11.2023 09:32:30,51,135,Mazowieckie,8,Anestezjologia i intensywna terapia,2023/027631,Rezydencki,89.76,4.24,02.10.2023 18:51:18,33,NIE,,
j-2023,10,21.11.2023,22.11.2023 09:32:30,51,135,Mazowieckie,9,Anestezjologia i intensywna terapia,2023/024501,Rezydencki,89.71,3.86,26.09.2023 11:47:05,33,NIE,,
j-2023,10,21.11.2023,22.11.2023 09:32:30,51,135,Mazowieckie,10,Anestezjologia i intensywna terapia,2023/021641,Rezydencki,89.37,4.61,01.10.2023 22:05:13,33,NIE,,
j-2023,10,21.11.2023,22.11.2023 09:32:30,51,135,Mazowieckie,11,Anestezjologia i intensywna terapia,2023/021801,Rezydencki,89.37,3.91,28.09.2023 10:39:32,33,NIE,,
j-2023,10,21.11.2023,22.11.2023 09:32:30,51,135,Mazowieckie,12,Anestezjologia i intensywna terapia,2023/027979,Rezydencki,89.22,4.25,28.09.2023 11:13:49,33,NIE,,
j-2023,10,21.11.2023,22.11.2023 09:32:30,51,135,Mazowieckie,13,Anestezjologia i intensywna terapia,2023/019627,Rezydencki,88.89,3.92,27.09.2023 18:13:18,33,NIE,,
j-2023,10,21.11.2023,22.11.2023 09:32:30,51,135,Mazowieckie,14,Anestezjologia i intensywna terapia,2023/019387,Rezydencki,88.41,4.16,27.09.2023 16:19:05,33,NIE,,
j-2023,10,21.11.2023,22.11.2023 09:32:30,51,135,Mazowieckie,15,Anestezjologia i intensywna terapia,2023/026023,Rezydencki,88.24,4.25,29.09.2023 17:02:22,33,NIE,,
j-2023,10,21.11.2023,22.11.2023 09:32:30,51,135,Mazowieckie,16,Anestezjologia i intensywna terapia,2023/029077,Rezydencki,88.24,4.10,29.09.2023 17:04:57,33,NIE,,
j-2023,10,21.11.2023,22.11.2023 09:32:30,51,135,Mazowieckie,17,Anestezjologia i intensywna terapia,2023/023114,Rezydencki,88.05,3.95,28.09.2023 17:49:42,33,NIE,,
j-2023,10,21.11.2023,22.11.2023 09:32:30,51,135,Mazowieckie,18,Anestezjologia i intensywna terapia,2023/026816,Rezydencki,87.92,4.32,19.10.2023 17:21:19,33,NIE,,
j-2023,10,21.11.2023,22.11.2023 09:32:30,51,135,Mazowieckie,19,Anestezjologia i intensywna terapia,2023/019199,Rezydencki,87.75,3.97,01.09.2023 01:08:01,33,NIE,,
j-2023,10,21.11.2023,22.11.2023 09:32:30,51,135,Mazowieckie,20,Anestezjologia i intensywna terapia,2023/021196,Rezydencki,87.75,3.79,28.09.2023 19:46:18,33,NIE,,
j-2023,10,21.11.2023,22.11.2023 09:32:30,51,135,Mazowieckie,21,Anestezjologia i intensywna terapia,2023/028110,Rezydencki,87.75,0.00,02.10.2023 20:48:26,33,NIE,,
j-2023,10,21.11.2023,22.11.2023 09:32:30,51,135,Mazowieckie,22,Anestezjologia i intensywna terapia,2023/020027,Rezydencki,87.68,4.71,19.09.2023 20:52:48,33,NIE,,
j-2023,10,21.11.2023,22.11.2023 09:32:30,51,135,Mazowieckie,23,Anestezjologia i intensywna terapia,2023/022689,Rezydencki,87.56,4.13,28.09.2023 16:16:26,33,NIE,,
j-2023,10,21.11.2023,22.11.2023 09:32:30,51,135,Mazowieckie,24,Anestezjologia i intensywna terapia,2023/024462,Rezydencki,87.44,4.06,20.09.2023 17:24:23,33,NIE,,
j-2023,10,21.11.2023,22.11.2023 09:32:30,51,135,Mazowieckie,25,Anestezjologia i intensywna terapia,2023/029024,Rezydencki,87.20,4.39,29.09.2023 16:25:33,33,NIE,,
j-2023,10,21.11.2023,22.11.2023 09:32:30,51,135,Mazowieckie,26,Anestezjologia i intensywna terapia,2023/030312,Rezydencki,86.83,4.07,02.10.2023 01:55:49,33,NIE,,
j-2023,10,21.11.2023,22.11.2023 09:32:30,51,135,Mazowieckie,27,Anestezjologia i intensywna terapia,2023/024114,Rezydencki,86.52,4.47,19.09.2023 16:00:37,33,NIE,,
j-2023,10,21.11.2023,22.11.2023 09:32:30,51,135,Mazowieckie,28,Anestezjologia i intensywna terapia,2023/023094,Rezydencki,86.47,4.17,27.09.2023 14:55:57,33,NIE,,
j-2023,10,21.11.2023,22.11.2023 09:32:30,51,135,Mazowieckie,29,Anestezjologia i intensywna terapia,2023/029080,Rezydencki,86.47,4.10,02.10.2023 21:12:55,33,NIE,,
j-2023,10,21.11.2023,22.11.2023 09:32:30,51,135,Mazowieckie,30,Anestezjologia i intensywna terapia,2023/029456,Rezydencki,86.34,3.91,02.10.2023 11:19:44,33,NIE,,
j-2023,10,21.11.2023,22.11.2023 09:32:30,51,135,Mazowieckie,31,Anestezjologia i intensywna terapia,2023/024818,Rezydencki,85.85,4.03,30.09.2023 14:45:31,33,NIE,,
j-2023,10,21.11.2023,22.11.2023 09:32:30,51,135,Mazowieckie,32,Anestezjologia i intensywna terapia,2023/027363,Rezydencki,85.61,3.35,02.10.2023 00:16:15,33,NIE,,
j-2023,10,21.11.2023,22.11.2023 09:32:30,51,135,Mazowieckie,33,Anestezjologia i intensywna terapia,2023/019357,Rezydencki,85.51,4.29,22.09.2023 12:25:20,33,NIE,,
j-2023,10,21.11.2023,22.11.2023 09:32:30,51,135,Mazowieckie,34,Anestezjologia i intensywna terapia,2023/028669,Rezydencki,85.51,3.92,20.10.2023 14:57:14,33,NIE,,
j-2023,10,21.11.2023,22.11.2023 09:32:30,51,135,Mazowieckie,35,Anestezjologia i intensywna terapia,2023/025538,Rezydencki,85.37,3.46,28.09.2023 19:02:32,33,NIE,,
j-2023,10,21.11.2023,22.11.2023 09:32:30,52,135,Mazowieckie,36,Anestezjologia i intensywna terapia,2023/025411,Pozarezydencki,73.49,4.22,02.10.2023 11:15:12,2,NIE,,
j-2023,10,21.11.2023,22.11.2023 09:32:30,52,135,Mazowieckie,37,Anestezjologia i intensywna terapia,2023/025049,Pozarezydencki,61.32,0.00,05.10.2023 10:04:44,2,NIE,,
j-2023,10,21.11.2023,22.11.2023 09:32:30,52,135,Mazowieckie,38,Audiologia i foniatria,2023/024483,Rezydencki,78.99,3.87,19.10.2023 12:05:19,1,NIE,,
j-2023,10,21.11.2023,22.11.2023 09:32:30,52,135,Mazowieckie,39,Audiologia i foniatria,2023/025029,Pozarezydencki,65.09,3.58,13.10.2023 17:32:13,1,NIE,,
j-2023,10,21.11.2023,22.11.2023 09:32:30,52,135,Mazowieckie,40,Balneologia i medycyna fizykalna,2023/028294,Pozarezydencki,87.27,0.00,30.10.2023 13:44:59,2,NIE,,
j-2023,10,21.11.2023,22.11.2023 09:32:30,52,135,Mazowieckie,41,Balneologia i medycyna fizykalna,2023/023187,Pozarezydencki,65.59,0.00,27.09.2023 21:12:21,2,NIE,,
j-2023,10,21.11.2023,22.11.2023 09:32:30,52,135,Mazowieckie,42,Chirurgia dziecięca,2023/028835,Rezydencki,89.76,4.42,02.10.2023 22:26:52,6,NIE,,
j-2023,10,21.11.2023,22.11.2023 09:32:30,52,135,Mazowieckie,43,Chirurgia dziecięca,2023/019301,Rezydencki,89.61,4.81,30.09.2023 21:36:08,6,NIE,,
j-2023,10,21.11.2023,22.11.2023 09:32:30,52,135,Mazowieckie,44,Chirurgia dziecięca,2023/023844,Rezydencki,85.78,4.47,30.09.2023 10:44:58,6,NIE,,
j-2023,10,21.11.2023,22.11.2023 09:32:30,52,135,Mazowieckie,45,Chirurgia dziecięca,2023/025985,Rezydencki,84.54,4.33,27.09.2023 18:00:32,6,NIE,,
j-2023,10,21.11.2023,22.11.2023 09:32:30,52,135,Mazowieckie,46,Chirurgia dziecięca,2023/028278,Rezydencki,80.49,3.95,25.10.2023 15:21:14,6,NIE,,
j-2023,10,21.11.2023,22.11.2023 09:32:30,52,135,Mazowieckie,47,Chirurgia dziecięca,2023/023810,Rezydencki,79.71,3.87,14.10.2023 10:32:30,6,NIE,,
j-2023,10,21.11.2023,22.11.2023 09:32:30,52,135,Mazowieckie,48,Chirurgia klatki piersiowej,2023/021692,Rezydencki,87.92,4.03,25.09.2023 15:08:56,1,NIE,,
j-2023,10,21.11.2023,22.11.2023 09:32:30,52,135,Mazowieckie,49,Chirurgia naczyniowa,2023/023409,Rezydencki,89.27,4.55,29.09.2023 16:13:54,5,NIE,,
j-2023,10,21.11.2023,22.11.2023 09:32:30,52,135,Mazowieckie,50,Chirurgia naczyniowa,2023/025560,Rezydencki,86.83,3.68,28.09.2023 10:52:50,5,NIE,,
j-2023,10,21.11.2023,22.11.2023 09:32:30,52,135,Mazowieckie,51,Chirurgia naczyniowa,2023/029606,Rezydencki,85.61,3.68,30.09.2023 19:09:23,5,NIE,,
j-2023,10,21.11.2023,22.11.2023 09:32:30,52,135,Mazowieckie,52,Chirurgia naczyniowa,2023/019425,Rezydencki,84.80,4.23,01.10.2023 21:07:26,5,NIE,,
j-2023,10,21.11.2023,22.11.2023 09:32:30,52,135,Mazowieckie,53,Chirurgia naczyniowa,2023/021819,Rezydencki,84.39,4.59,18.10.2023 13:43:16,5,NIE,,
j-2023,10,21.11.2023,22.11.2023 09:32:30,52,135,Mazowieckie,54,Chirurgia naczyniowa,2023/023079,Pozarezydencki,75.45,3.78,25.09.2023 14:03:49,2,NIE,,
j-2023,10,21.11.2023,22.11.2023 09:32:30,52,135,Mazowieckie,55,Chirurgia naczyniowa,2023/023130,Pozarezydencki,66.36,0.00,31.10.2023 10:09:52,2,NIE,,
j-2023,10,21.11.2023,22.11.2023 09:32:30,52,135,Mazowieckie,56,Chirurgia ogólna,2023/020676,Rezydencki,89.86,4.23,06.10.2023 17:39:31,36,NIE,,
j-2023,10,21.11.2023,22.11.2023 09:32:30,52,135,Mazowieckie,57,Chirurgia ogólna,2023/026078,Rezydencki,89.61,4.38,11.10.2023 17:55:42,36,NIE,,
j-2023,10,21.11.2023,22.11.2023 09:32:30,52,135,Mazowieckie,58,Chirurgia ogólna,2023/029555,Rezydencki,88.89,4.50,18.10.2023 12:52:01,36,NIE,,
j-2023,10,21.11.2023,22.11.2023 09:32:30,52,135,Mazowieckie,59,Chirurgia ogólna,2023/022686,Rezydencki,88.29,4.56,28.09.2023 13:39:08,36,NIE,,
j-2023,10,21.11.2023,22.11.2023 09:32:30,52,135,Mazowieckie,60,Chirurgia ogólna,2023/029621,Rezydencki,88.29,4.20,30.09.2023 19:42:17,36,NIE,,
j-2023,10,21.11.2023,22.11.2023 09:32:30,52,135,Mazowieckie,61,Chirurgia ogólna,2023/028204,Rezydencki,87.80,4.52,28.09.2023 15:00:03,36,NIE,,
j-2023,10,21.11.2023,22.11.2023 09:32:30,52,135,Mazowieckie,62,Chirurgia ogólna,2023/023712,Rezydencki,87.44,4.46,29.09.2023 13:52:02,36,NIE,,
j-2023,10,21.11.2023,22.11.2023 09:32:30,52,135,Mazowieckie,63,Chirurgia ogólna,2023/029178,Rezydencki,87.32,4.18,02.10.2023 18:58:36,36,NIE,,
j-2023,10,21.11.2023,22.11.2023 09:32:30,52,135,Mazowieckie,64,Chirurgia ogólna,2023/021124,Rezydencki,87.32,4.16,29.09.2023 14:02:20,36,NIE,,
j-2023,10,21.11.2023,22.11.2023 09:32:30,52,135,Mazowieckie,65,Chirurgia ogólna,2023/030320,Rezydencki,86.34,4.50,02.10.2023 06:42:22,36,NIE,,
j-2023,10,21.11.2023,22.11.2023 09:32:30,52,135,Mazowieckie,66,Chirurgia ogólna,2023/020060,Rezydencki,85.37,3.97,28.09.2023 14:59:01,36,NIE,,
j-2023,10,21.11.2023,22.11.2023 09:32:30,52,135,Mazowieckie,67,Chirurgia ogólna,2023/019324,Rezydencki,85.27,4.31,01.09.2023 05:29:02,36,NIE,,
j-2023,10,21.11.2023,22.11.2023 09:32:30,52,135,Mazowieckie,68,Chirurgia ogólna,2023/023547,Rezydencki,84.54,4.61,27.09.2023 21:12:18,36,NIE,,
j-2023,10,21.11.2023,22.11.2023 09:32:30,52,135,Mazowieckie,69,Chirurgia ogólna,2023/023521,Rezydencki,84.39,4.20,28.09.2023 19:26:55,36,NIE,,
j-2023,10,21.11.2023,22.11.2023 09:32:30,52,135,Mazowieckie,70,Chirurgia ogólna,2023/027861,Rezydencki,83.17,3.06,28.09.2023 11:31:41,36,NIE,,
j-2023,10,21.11.2023,22.11.2023 09:32:30,52,135,Mazowieckie,71,Chirurgia ogólna,2023/022107,Rezydencki,83.09,3.93,15.09.2023 13:46:50,36,NIE,,
j-2023,10,21.11.2023,22.11.2023 09:32:30,52,135,Mazowieckie,72,Chirurgia ogólna,2023/025941,Rezydencki,83.09,3.74,28.09.2023 13:45:13,36,NIE,,
j-2023,10,21.11.2023,22.11.2023 09:32:30,52,135,Mazowieckie,73,Chirurgia ogólna,2023/027747,Rezydencki,83.09,3.67,27.09.2023 22:40:52,36,NIE,,
j-2023,10,21.11.2023,22.11.2023 09:32:30,52,135,Mazowieckie,74,Chirurgia ogólna,2023/026153,Rezydencki,82.84,3.86,27.09.2023 15:10:06,36,NIE,,
j-2023,10,21.11.2023,22.11.2023 09:32:30,53,135,Mazowieckie,75,Chirurgia ogólna,2023/019599,Rezydencki,81.37,4.30,27.09.2023 20:24:10,36,NIE,,
j-2023,10,21.11.2023,22.11.2023 09:32:30,53,135,Mazowieckie,76,Chirurgia ogólna,2023/028383,Rezydencki,79.02,3.87,02.10.2023 15:28:29,36,NIE,,
j-2023,10,21.11.2023,22.11.2023 09:32:30,53,135,Mazowieckie,77,Chirurgia ogólna,2023/024708,Rezydencki,78.74,3.88,25.09.2023 12:49:25,36,NIE,,
j-2023,10,21.11.2023,22.11.2023 09:32:30,53,135,Mazowieckie,78,Chirurgia ogólna,2023/021246,Rezydencki,78.54,3.86,07.09.2023 08:24:26,36,NIE,,
j-2023,10,21.11.2023,22.11.2023 09:32:30,53,135,Mazowieckie,79,Chirurgia ogólna,2023/024599,Rezydencki,78.05,3.12,28.09.2023 21:15:29,36,NIE,,
j-2023,10,21.11.2023,22.11.2023 09:32:30,53,135,Mazowieckie,80,Chirurgia ogólna,2023/028649,Rezydencki,76.34,3.71,02.10.2023 21:43:04,36,NIE,,
j-2023,10,21.11.2023,22.11.2023 09:32:30,53,135,Mazowieckie,81,Chirurgia ogólna,2023/023869,Rezydencki,75.37,3.70,28.09.2023 10:44:45,36,NIE,,
j-2023,10,21.11.2023,22.11.2023 09:32:30,53,135,Mazowieckie,82,Chirurgia ogólna,2023/022935,Rezydencki,74.63,3.87,20.10.2023 16:58:01,36,NIE,,
j-2023,10,21.11.2023,22.11.2023 09:32:30,53,135,Mazowieckie,83,Chirurgia ogólna,2023/021925,Rezydencki,74.39,4.32,13.10.2023 14:03:57,36,NIE,,
j-2023,10,21.11.2023,22.11.2023 09:32:30,53,135,Mazowieckie,84,Chirurgia ogólna,2023/026205,Rezydencki,73.91,3.65,12.10.2023 10:02:20,36,NIE,,
j-2023,10,21.11.2023,22.11.2023 09:32:30,53,135,Mazowieckie,85,Chirurgia ogólna,2023/027523,Rezydencki,70.77,4.18,17.10.2023 12:46:33,36,NIE,,
j-2023,10,21.11.2023,22.11.2023 09:32:30,53,135,Mazowieckie,86,Chirurgia ogólna,2023/030083,Rezydencki,69.27,3.20,06.11.2023 14:16:57,36,NIE,,
j-2023,10,21.11.2023,22.11.2023 09:32:30,53,135,Mazowieckie,87,Chirurgia ogólna,2023/028026,Rezydencki,68.29,3.42,15.10.2023 09:07:10,36,NIE,,
j-2023,10,21.11.2023,22.11.2023 09:32:30,53,135,Mazowieckie,88,Chirurgia ogólna,2023/023866,Rezydencki,67.15,3.56,24.09.2023 17:39:20,36,NIE,,
j-2023,10,21.11.2023,22.11.2023 09:32:30,53,135,Mazowieckie,89,Chirurgia ogólna,2023/025152,Rezydencki,60.87,3.16,27.09.2023 21:48:28,36,NIE,,
j-2023,10,21.11.2023,22.11.2023 09:32:30,53,135,Mazowieckie,90,Chirurgia ogólna,2023/027236,Rezydencki,60.49,3.14,29.09.2023 08:50:40,36,NIE,,
j-2023,10,21.11.2023,22.11.2023 09:32:30,53,135,Mazowieckie,91,Chirurgia ogólna,2023/019874,Rezydencki,57.49,3.21,25.10.2023 12:50:15,36,NIE,,
j-2023,10,21.11.2023,22.11.2023 09:32:30,53,135,Mazowieckie,92,Chirurgia ogólna,2023/027175,Pozarezydencki,84.33,4.24,30.09.2023 07:34:20,2,NIE,,
j-2023,10,21.11.2023,22.11.2023 09:32:30,53,135,Mazowieckie,93,Chirurgia ogólna,2023/029787,Pozarezydencki,69.81,3.15,26.10.2023 14:34:09,2,NIE,,
j-2023,10,21.11.2023,22.11.2023 09:32:30,53,135,Mazowieckie,94,Chirurgia onkologiczna,2023/025674,Rezydencki,89.27,4.15,02.10.2023 15:17:46,5,NIE,,
j-2023,10,21.11.2023,22.11.2023 09:32:30,53,135,Mazowieckie,95,Chirurgia onkologiczna,2023/028326,Rezydencki,83.57,3.40,01.10.2023 11:00:58,5,NIE,,
j-2023,10,21.11.2023,22.11.2023 09:32:30,53,135,Mazowieckie,96,Chirurgia onkologiczna,2023/024467,Rezydencki,82.38,3.70,10.10.2023 19:02:55,5,NIE,,
j-2023,10,21.11.2023,22.11.2023 09:32:30,53,135,Mazowieckie,97,Chirurgia onkologiczna,2023/030240,Rezydencki,80.98,3.06,02.10.2023 14:59:12,5,NIE,,
j-2023,10,21.11.2023,22.11.2023 09:32:30,53,135,Mazowieckie,98,Chirurgia onkologiczna,2023/021626,Rezydencki,0.00,3.26,08.09.2023 12:42:57,5,NIE,,
j-2023,10,21.11.2023,22.11.2023 09:32:30,53,135,Mazowieckie,99,Chirurgia onkologiczna,2023/024520,Pozarezydencki,80.00,4.20,18.10.2023 21:17:37,3,NIE,,
j-2023,10,21.11.2023,22.11.2023 09:32:30,53,135,Mazowieckie,100,Chirurgia onkologiczna,2023/028035,Pozarezydencki,75.45,3.77,26.10.2023 14:05:44,3,NIE,,
j-2023,10,21.11.2023,22.11.2023 09:32:30,53,135,Mazowieckie,101,Chirurgia onkologiczna,2023/026552,Pozarezydencki,70.91,3.12,24.10.2023 12:36:50,3,NIE,,
j-2023,10,21.11.2023,22.11.2023 09:32:30,53,135,Mazowieckie,102,Chirurgia plastyczna,2023/021982,Rezydencki,93.14,4.60,17.09.2023 22:24:31,2,NIE,,
j-2023,10,21.11.2023,22.11.2023 09:32:30,53,135,Mazowieckie,103,Chirurgia plastyczna,2023/025681,Rezydencki,92.20,3.64,02.10.2023 23:00:42,2,NIE,,
j-2023,10,21.11.2023,22.11.2023 09:32:30,53,135,Mazowieckie,104,Chirurgia stomatologiczna,2023/023996,Rezydencki,89.86,4.26,19.09.2023 13:56:39,5,NIE,,
j-2023,10,21.11.2023,22.11.2023 09:32:30,53,135,Mazowieckie,105,Chirurgia stomatologiczna,2023/023060,Rezydencki,88.41,4.12,15.09.2023 10:25:29,5,NIE,,
j-2023,10,21.11.2023,22.11.2023 09:32:30,53,135,Mazowieckie,106,Chirurgia stomatologiczna,2023/024985,Rezydencki,87.92,4.64,27.10.2023 21:04:15,5,NIE,,
j-2023,10,21.11.2023,22.11.2023 09:32:30,53,135,Mazowieckie,107,Chirurgia stomatologiczna,2023/026967,Rezydencki,87.44,4.17,20.10.2023 12:38:34,5,NIE,,
j-2023,10,21.11.2023,22.11.2023 09:32:30,53,135,Mazowieckie,108,Chirurgia stomatologiczna,2023/026540,Rezydencki,86.96,4.29,29.09.2023 13:43:21,5,NIE,,
j-2023,10,21.11.2023,22.11.2023 09:32:30,53,135,Mazowieckie,109,Choroby płuc,2023/020251,Rezydencki,89.37,4.33,03.09.2023 19:45:28,6,NIE,,
j-2023,10,21.11.2023,22.11.2023 09:32:30,53,135,Mazowieckie,110,Choroby płuc,2023/024614,Rezydencki,88.89,4.55,01.10.2023 18:55:23,6,NIE,,
j-2023,10,21.11.2023,22.11.2023 09:32:30,53,135,Mazowieckie,111,Choroby płuc,2023/022356,Rezydencki,88.78,4.02,01.10.2023 23:23:46,6,NIE,,
j-2023,10,21.11.2023,22.11.2023 09:32:30,53,135,Mazowieckie,112,Choroby płuc,2023/019911,Rezydencki,88.54,4.34,01.10.2023 10:11:54,6,NIE,,
j-2023,10,21.11.2023,22.11.2023 09:32:30,54,135,Mazowieckie,113,Choroby płuc,2023/019560,Rezydencki,88.41,4.43,28.09.2023 09:59:14,6,NIE,,
j-2023,10,21.11.2023,22.11.2023 09:32:30,54,135,Mazowieckie,114,Choroby płuc,2023/028914,Rezydencki,87.75,3.88,02.10.2023 17:45:43,6,NIE,,
j-2023,10,21.11.2023,22.11.2023 09:32:30,54,135,Mazowieckie,115,Choroby płuc,2023/027521,Pozarezydencki,75.45,4.12,17.10.2023 12:21:27,2,NIE,,
j-2023,10,21.11.2023,22.11.2023 09:32:30,54,135,Mazowieckie,116,Choroby płuc,2023/020245,Pozarezydencki,74.08,4.35,05.10.2023 20:53:46,2,NIE,,
j-2023,10,21.11.2023,22.11.2023 09:32:30,54,135,Mazowieckie,117,Choroby płuc dzieci,2023/019720,Rezydencki,89.71,4.37,24.09.2023 21:05:08,6,NIE,,
j-2023,10,21.11.2023,22.11.2023 09:32:30,54,135,Mazowieckie,118,Choroby płuc dzieci,2023/022477,Rezydencki,88.41,4.61,28.09.2023 11:37:31,6,NIE,,
j-2023,10,21.11.2023,22.11.2023 09:32:30,54,135,Mazowieckie,119,Choroby płuc dzieci,2023/024378,Rezydencki,87.75,4.38,01.10.2023 20:33:51,6,NIE,,
j-2023,10,21.11.2023,22.11.2023 09:32:30,54,135,Mazowieckie,120,Choroby płuc dzieci,2023/023229,Rezydencki,86.83,3.97,01.10.2023 18:01:55,6,NIE,,
j-2023,10,21.11.2023,22.11.2023 09:32:30,54,135,Mazowieckie,121,Choroby płuc dzieci,2023/026232,Rezydencki,86.47,3.74,02.10.2023 21:31:14,6,NIE,,
j-2023,10,21.11.2023,22.11.2023 09:32:30,54,135,Mazowieckie,122,Choroby płuc dzieci,2023/021527,Rezydencki,84.54,3.46,10.09.2023 21:29:01,6,NIE,,
j-2023,10,21.11.2023,22.11.2023 09:32:30,54,135,Mazowieckie,123,Choroby płuc dzieci,2023/028938,Pozarezydencki,80.45,4.02,12.10.2023 23:10:48,4,NIE,,
j-2023,10,21.11.2023,22.11.2023 09:32:30,54,135,Mazowieckie,124,Choroby płuc dzieci,2023/022864,Pozarezydencki,71.03,4.19,10.10.2023 10:25:14,4,NIE,,
j-2023,10,21.11.2023,22.11.2023 09:32:30,54,135,Mazowieckie,125,Choroby płuc dzieci,2023/021686,Pozarezydencki,69.72,0.00,21.09.2023 21:33:11,4,NIE,,
j-2023,10,21.11.2023,22.11.2023 09:32:30,54,135,Mazowieckie,126,Choroby płuc dzieci,2023/029217,Pozarezydencki,68.95,3.90,27.10.2023 11:45:49,4,NIE,,
j-2023,10,21.11.2023,22.11.2023 09:32:30,54,135,Mazowieckie,127,Choroby wewnętrzne,2023/025363,Rezydencki,90.98,4.45,28.09.2023 20:21:57,36,NIE,,
j-2023,10,21.11.2023,22.11.2023 09:32:30,54,135,Mazowieckie,128,Choroby wewnętrzne,2023/026580,Rezydencki,90.69,4.43,30.09.2023 11:13:27,36,NIE,,
j-2023,10,21.11.2023,22.11.2023 09:32:30,54,135,Mazowieckie,129,Choroby wewnętrzne,2023/024262,Rezydencki,90.69,4.20,10.10.2023 14:00:45,36,NIE,,
j-2023,10,21.11.2023,22.11.2023 09:32:30,54,135,Mazowieckie,130,Choroby wewnętrzne,2023/026919,Rezydencki,89.76,4.38,29.09.2023 22:04:08,36,NIE,,
j-2023,10,21.11.2023,22.11.2023 09:32:30,54,135,Mazowieckie,131,Choroby wewnętrzne,2023/019954,Rezydencki,89.27,4.35,01.10.2023 06:50:25,36,NIE,,
j-2023,10,21.11.2023,22.11.2023 09:32:30,54,135,Mazowieckie,132,Choroby wewnętrzne,2023/020160,Rezydencki,89.22,4.10,03.09.2023 14:34:38,36,NIE,,
j-2023,10,21.11.2023,22.11.2023 09:32:30,54,135,Mazowieckie,133,Choroby wewnętrzne,2023/028389,Rezydencki,88.73,3.87,02.10.2023 19:36:59,36,NIE,,
j-2023,10,21.11.2023,22.11.2023 09:32:30,54,135,Mazowieckie,134,Choroby wewnętrzne,2023/028551,Rezydencki,88.65,4.30,29.09.2023 11:57:24,36,NIE,,
j-2023,10,21.11.2023,22.11.2023 09:32:30,54,135,Mazowieckie,135,Choroby wewnętrzne,2023/024187,Rezydencki,88.54,4.20,18.10.2023 09:41:05,36,NIE,,
j-2023,10,21.11.2023,22.11.2023 09:32:30,54,135,Mazowieckie,136,Choroby wewnętrzne,2023/029566,Rezydencki,88.41,4.15,30.09.2023 18:02:28,36,NIE,,
j-2023,10,21.11.2023,22.11.2023 09:32:30,54,135,Mazowieckie,137,Choroby wewnętrzne,2023/023379,Rezydencki,87.50,4.33,09.10.2023 15:31:25,36,NIE,,
j-2023,10,21.11.2023,22.11.2023 09:32:30,54,135,Mazowieckie,138,Choroby wewnętrzne,2023/024387,Rezydencki,87.44,4.68,20.09.2023 13:51:24,36,NIE,,
j-2023,10,21.11.2023,22.11.2023 09:32:30,54,135,Mazowieckie,139,Choroby wewnętrzne,2023/027598,Rezydencki,87.32,4.29,30.09.2023 12:11:57,36,NIE,,
j-2023,10,21.11.2023,22.11.2023 09:32:30,54,135,Mazowieckie,140,Choroby wewnętrzne,2023/020650,Rezydencki,86.47,4.24,05.09.2023 13:03:15,36,NIE,,
j-2023,10,21.11.2023,22.11.2023 09:32:30,54,135,Mazowieckie,141,Choroby wewnętrzne,2023/028694,Rezydencki,86.34,3.93,02.10.2023 22:15:57,36,NIE,,
j-2023,10,21.11.2023,22.11.2023 09:32:30,54,135,Mazowieckie,142,Choroby wewnętrzne,2023/028776,Rezydencki,85.85,4.05,02.10.2023 18:48:58,36,NIE,,
j-2023,10,21.11.2023,22.11.2023 09:32:30,54,135,Mazowieckie,143,Choroby wewnętrzne,2023/028476,Rezydencki,85.37,4.45,29.09.2023 16:57:36,36,NIE,,
j-2023,10,21.11.2023,22.11.2023 09:32:30,54,135,Mazowieckie,144,Choroby wewnętrzne,2023/024513,Rezydencki,85.02,3.69,20.09.2023 20:44:26,36,NIE,,
j-2023,10,21.11.2023,22.11.2023 09:32:30,54,135,Mazowieckie,145,Choroby wewnętrzne,2023/026669,Rezydencki,83.90,3.65,27.09.2023 21:54:05,36,NIE,,
j-2023,10,21.11.2023,22.11.2023 09:32:30,54,135,Mazowieckie,146,Choroby wewnętrzne,2023/026422,Rezydencki,83.82,4.02,02.10.2023 16:17:18,36,NIE,,
j-2023,10,21.11.2023,22.11.2023 09:32:30,54,135,Mazowieckie,147,Choroby wewnętrzne,2023/025622,Rezydencki,83.09,3.98,29.09.2023 16:39:57,36,NIE,,
j-2023,10,21.11.2023,22.11.2023 09:32:30,54,135,Mazowieckie,148,Choroby wewnętrzne,2023/025795,Rezydencki,82.93,3.90,14.10.2023 07:55:18,36,NIE,,
j-2023,10,21.11.2023,22.11.2023 09:32:30,54,135,Mazowieckie,149,Choroby wewnętrzne,2023/027808,Rezydencki,82.68,4.02,27.10.2023 17:05:10,36,NIE,,
j-2023,10,21.11.2023,22.11.2023 09:32:30,54,135,Mazowieckie,150,Choroby wewnętrzne,2023/026496,Rezydencki,82.44,4.20,29.09.2023 21:25:24,36,NIE,,
j-2023,10,21.11.2023,22.11.2023 09:32:30,55,135,Mazowieckie,151,Choroby wewnętrzne,2023/031148,Rezydencki,82.44,3.75,02.10.2023 23:44:40,36,NIE,,
j-2023,10,21.11.2023,22.11.2023 09:32:30,55,135,Mazowieckie,152,Choroby wewnętrzne,2023/027522,Rezydencki,82.13,4.08,30.09.2023 19:00:56,36,NIE,,
j-2023,10,21.11.2023,22.11.2023 09:32:30,55,135,Mazowieckie,153,Choroby wewnętrzne,2023/019353,Rezydencki,81.37,3.99,27.09.2023 20:32:16,36,NIE,,
j-2023,10,21.11.2023,22.11.2023 09:32:30,55,135,Mazowieckie,154,Choroby wewnętrzne,2023/030389,Rezydencki,80.49,3.84,02.10.2023 13:23:10,36,NIE,,
j-2023,10,21.11.2023,22.11.2023 09:32:30,55,135,Mazowieckie,155,Choroby wewnętrzne,2023/023033,Rezydencki,79.51,3.81,02.10.2023 23:15:04,36,NIE,,
j-2023,10,21.11.2023,22.11.2023 09:32:30,55,135,Mazowieckie,156,Choroby wewnętrzne,2023/028213,Rezydencki,79.47,3.42,28.09.2023 15:21:41,36,NIE,,
j-2023,10,21.11.2023,22.11.2023 09:32:30,55,135,Mazowieckie,157,Choroby wewnętrzne,2023/027683,Rezydencki,79.27,3.13,19.10.2023 17:23:07,36,NIE,,
j-2023,10,21.11.2023,22.11.2023 09:32:30,55,135,Mazowieckie,158,Choroby wewnętrzne,2023/021975,Rezydencki,78.26,3.43,29.09.2023 21:00:45,36,NIE,,
j-2023,10,21.11.2023,22.11.2023 09:32:30,55,135,Mazowieckie,159,Choroby wewnętrzne,2023/020846,Rezydencki,71.01,4.50,04.10.2023 14:39:13,36,NIE,,
j-2023,10,21.11.2023,22.11.2023 09:32:30,55,135,Mazowieckie,160,Choroby wewnętrzne,2023/023944,Rezydencki,66.83,3.99,10.10.2023 07:11:40,36,NIE,,
j-2023,10,21.11.2023,22.11.2023 09:32:30,55,135,Mazowieckie,161,Choroby wewnętrzne,2023/026270,Rezydencki,65.37,3.58,20.10.2023 17:16:05,36,NIE,,
j-2023,10,21.11.2023,22.11.2023 09:32:30,55,135,Mazowieckie,162,Choroby wewnętrzne,2023/028655,Rezydencki,55.88,3.92,28.09.2023 22:36:37,36,NIE,,
j-2023,10,21.11.2023,22.11.2023 09:32:30,55,135,Mazowieckie,163,Choroby wewnętrzne,2023/025617,Pozarezydencki,65.57,0.00,24.10.2023 09:35:21,2,NIE,,
j-2023,10,21.11.2023,22.11.2023 09:32:30,55,135,Mazowieckie,164,Choroby wewnętrzne,2023/030481,Pozarezydencki,57.34,3.00,02.10.2023 13:27:11,2,NIE,,
j-2023,10,21.11.2023,22.11.2023 09:32:30,55,135,Mazowieckie,165,Choroby zakaźne,2023/026030,Rezydencki,90.20,4.47,26.09.2023 15:36:48,5,NIE,,
j-2023,10,21.11.2023,22.11.2023 09:32:30,55,135,Mazowieckie,166,Choroby zakaźne,2023/025683,Rezydencki,84.56,3.83,18.10.2023 12:58:22,5,NIE,,
j-2023,10,21.11.2023,22.11.2023 09:32:30,55,135,Mazowieckie,167,Choroby zakaźne,2023/028510,Rezydencki,81.16,3.62,02.10.2023 23:51:10,5,NIE,,
j-2023,10,21.11.2023,22.11.2023 09:32:30,55,135,Mazowieckie,168,Choroby zakaźne,2023/025986,Rezydencki,76.72,4.13,26.09.2023 18:34:47,5,NIE,,
j-2023,10,21.11.2023,22.11.2023 09:32:30,55,135,Mazowieckie,169,Choroby zakaźne,2023/028629,Rezydencki,55.29,0.00,28.09.2023 22:13:50,5,NIE,,
j-2023,10,21.11.2023,22.11.2023 09:32:30,55,135,Mazowieckie,170,Choroby zakaźne,2023/031151,Pozarezydencki,59.63,3.72,02.10.2023 23:50:07,1,NIE,,
j-2023,10,21.11.2023,22.11.2023 09:32:30,55,135,Mazowieckie,171,Dermatologia i wenerologia,2023/023276,Rezydencki,93.24,4.48,21.09.2023 17:17:11,5,NIE,,
j-2023,10,21.11.2023,22.11.2023 09:32:30,55,135,Mazowieckie,172,Dermatologia i wenerologia,2023/028247,Rezydencki,92.68,4.35,06.10.2023 10:51:09,5,NIE,,
j-2023,10,21.11.2023,22.11.2023 09:32:30,55,135,Mazowieckie,173,Dermatologia i wenerologia,2023/020598,Rezydencki,92.68,4.02,17.10.2023 15:54:24,5,NIE,,
j-2023,10,21.11.2023,22.11.2023 09:32:30,55,135,Mazowieckie,174,Dermatologia i wenerologia,2023/028706,Rezydencki,91.91,4.32,02.10.2023 23:05:18,5,NIE,,
j-2023,10,21.11.2023,22.11.2023 09:32:30,55,135,Mazowieckie,175,Dermatologia i wenerologia,2023/019673,Rezydencki,91.79,4.68,05.09.2023 17:31:00,5,NIE,,
j-2023,10,21.11.2023,22.11.2023 09:32:30,55,135,Mazowieckie,176,Diabetologia,2023/019426,Rezydencki,90.98,4.73,02.10.2023 10:20:34,9,NIE,,
j-2023,10,21.11.2023,22.11.2023 09:32:30,55,135,Mazowieckie,177,Diabetologia,2023/027324,Rezydencki,90.58,4.50,02.10.2023 23:12:51,9,NIE,,
j-2023,10,21.11.2023,22.11.2023 09:32:30,55,135,Mazowieckie,178,Diabetologia,2023/026535,Rezydencki,90.24,4.10,29.09.2023 11:01:43,9,NIE,,
j-2023,10,21.11.2023,22.11.2023 09:32:30,55,135,Mazowieckie,179,Diabetologia,2023/027669,Rezydencki,89.95,4.27,27.09.2023 21:39:18,9,NIE,,
j-2023,10,21.11.2023,22.11.2023 09:32:30,55,135,Mazowieckie,180,Diabetologia,2023/023022,Rezydencki,89.95,4.23,02.10.2023 20:58:15,9,NIE,,
j-2023,10,21.11.2023,22.11.2023 09:32:30,55,135,Mazowieckie,181,Diabetologia,2023/025529,Rezydencki,89.22,4.37,01.10.2023 15:10:43,9,NIE,,
j-2023,10,21.11.2023,22.11.2023 09:32:30,55,135,Mazowieckie,182,Diabetologia,2023/028227,Rezydencki,88.78,4.15,02.10.2023 17:16:29,9,NIE,,
j-2023,10,21.11.2023,22.11.2023 09:32:30,55,135,Mazowieckie,183,Diabetologia,2023/029416,Rezydencki,88.78,3.95,16.10.2023 14:01:58,9,NIE,,
j-2023,10,21.11.2023,22.11.2023 09:32:30,55,135,Mazowieckie,184,Diabetologia,2023/025580,Rezydencki,85.51,4.37,29.09.2023 18:35:32,9,NIE,,
j-2023,10,21.11.2023,22.11.2023 09:32:30,55,135,Mazowieckie,185,Diabetologia,2023/028969,Pozarezydencki,86.51,4.35,29.09.2023 14:07:03,6,NIE,,
j-2023,10,21.11.2023,22.11.2023 09:32:30,55,135,Mazowieckie,186,Diabetologia,2023/025698,Pozarezydencki,80.00,3.86,24.10.2023 11:24:08,6,NIE,,
j-2023,10,21.11.2023,22.11.2023 09:32:30,55,135,Mazowieckie,187,Diabetologia,2023/028292,Pozarezydencki,79.53,3.62,29.09.2023 17:26:52,6,NIE,,
j-2023,10,21.11.2023,22.11.2023 09:32:30,55,135,Mazowieckie,188,Diabetologia,2023/028181,Pozarezydencki,79.53,3.49,28.09.2023 15:20:41,6,NIE,,
j-2023,10,21.11.2023,22.11.2023 09:32:30,56,135,Mazowieckie,189,Diabetologia,2023/029189,Pozarezydencki,78.14,4.66,24.10.2023 14:54:46,6,NIE,,
j-2023,10,21.11.2023,22.11.2023 09:32:30,56,135,Mazowieckie,190,Diabetologia,2023/027420,Pozarezydencki,78.14,0.00,29.09.2023 18:37:14,6,NIE,,
j-2023,10,21.11.2023,22.11.2023 09:32:30,56,135,Mazowieckie,191,Diagnostyka laboratoryjna,2023/019710,Rezydencki,70.24,2.76,30.10.2023 15:29:44,1,NIE,,
j-2023,10,21.11.2023,22.11.2023 09:32:30,56,135,Mazowieckie,192,Endokrynologia,2023/023017,Rezydencki,94.12,4.84,02.10.2023 19:51:31,3,NIE,,
j-2023,10,21.11.2023,22.11.2023 09:32:30,56,135,Mazowieckie,193,Endokrynologia,2023/025714,Rezydencki,93.17,4.70,18.10.2023 21:57:53,3,NIE,,
j-2023,10,21.11.2023,22.11.2023 09:32:30,56,135,Mazowieckie,194,Endokrynologia,2023/028335,Rezydencki,92.65,4.79,29.09.2023 19:05:04,3,NIE,,
j-2023,10,21.11.2023,22.11.2023 09:32:30,56,135,Mazowieckie,195,Endokrynologia,2023/021737,Pozarezydencki,89.32,4.00,04.10.2023 15:07:57,1,NIE,,
j-2023,10,21.11.2023,22.11.2023 09:32:30,56,135,Mazowieckie,196,Endokrynologia ginekologiczna i rozrodczość,2023/021283,Pozarezydencki,93.64,4.71,27.09.2023 11:12:53,1,NIE,,
j-2023,10,21.11.2023,22.11.2023 09:32:30,56,135,Mazowieckie,197,Endokrynologia i diabetologia dziecięca,2023/029794,Rezydencki,90.93,4.52,01.10.2023 18:56:21,1,NIE,,
j-2023,10,21.11.2023,22.11.2023 09:32:30,56,135,Mazowieckie,198,Endokrynologia i diabetologia dziecięca,2023/027343,Pozarezydencki,83.26,0.00,22.10.2023 11:17:27,1,NIE,,
j-2023,10,21.11.2023,22.11.2023 09:32:30,56,135,Mazowieckie,199,Epidemiologia,2023/022465,Rezydencki,72.60,4.13,12.09.2023 17:47:53,1,NIE,,
j-2023,10,21.11.2023,22.11.2023 09:32:30,56,135,Mazowieckie,200,Epidemiologia,2023/024318,Pozarezydencki,86.00,3.40,13.10.2023 07:32:56,1,NIE,,
j-2023,10,21.11.2023,22.11.2023 09:32:30,56,135,Mazowieckie,201,Farmakologia kliniczna,2023/026458,Pozarezydencki,58.02,3.50,28.09.2023 13:26:57,1,NIE,,
j-2023,10,21.11.2023,22.11.2023 09:32:30,56,135,Mazowieckie,202,Gastroenterologia,2023/025222,Rezydencki,92.65,4.60,27.09.2023 14:24:29,3,NIE,,
j-2023,10,21.11.2023,22.11.2023 09:32:30,56,135,Mazowieckie,203,Gastroenterologia,2023/029343,Rezydencki,92.20,4.44,02.10.2023 20:09:54,3,NIE,,
j-2023,10,21.11.2023,22.11.2023 09:32:30,56,135,Mazowieckie,204,Gastroenterologia,2023/021159,Rezydencki,91.43,4.16,25.09.2023 20:26:16,3,NIE,,
j-2023,10,21.11.2023,22.11.2023 09:32:30,56,135,Mazowieckie,205,Gastroenterologia dziecięca,2023/022583,Rezydencki,88.73,4.15,29.09.2023 20:00:02,2,NIE,,
j-2023,10,21.11.2023,22.11.2023 09:32:30,56,135,Mazowieckie,206,Gastroenterologia dziecięca,2023/026081,Rezydencki,87.99,4.29,02.10.2023 20:56:15,2,NIE,,
j-2023,10,21.11.2023,22.11.2023 09:32:30,56,135,Mazowieckie,207,Gastroenterologia dziecięca,2023/021865,Pozarezydencki,80.45,4.60,08.10.2023 15:05:15,2,NIE,,
j-2023,10,21.11.2023,22.11.2023 09:32:30,56,135,Mazowieckie,208,Gastroenterologia dziecięca,2023/027728,Pozarezydencki,67.50,3.60,17.10.2023 16:07:14,2,NIE,,
j-2023,10,21.11.2023,22.11.2023 09:32:30,56,135,Mazowieckie,209,Genetyka kliniczna,2023/025382,Pozarezydencki,89.09,4.63,02.10.2023 22:39:34,2,NIE,,
j-2023,10,21.11.2023,22.11.2023 09:32:30,56,135,Mazowieckie,210,Genetyka kliniczna,2023/022541,Pozarezydencki,84.55,3.79,05.10.2023 21:59:17,2,NIE,,
j-2023,10,21.11.2023,22.11.2023 09:32:30,56,135,Mazowieckie,211,Geriatria,2023/024257,Rezydencki,84.80,4.05,29.09.2023 20:05:28,1,NIE,,
j-2023,10,21.11.2023,22.11.2023 09:32:30,56,135,Mazowieckie,212,Geriatria,2023/029859,Pozarezydencki,74.55,3.40,01.10.2023 12:36:57,3,NIE,,
j-2023,10,21.11.2023,22.11.2023 09:32:30,56,135,Mazowieckie,213,Geriatria,2023/029739,Pozarezydencki,66.36,0.00,01.10.2023 20:58:50,3,NIE,,
j-2023,10,21.11.2023,22.11.2023 09:32:30,56,135,Mazowieckie,214,Geriatria,2023/020894,Pozarezydencki,57.27,3.25,10.10.2023 10:45:25,3,NIE,,
j-2023,10,21.11.2023,22.11.2023 09:32:30,56,135,Mazowieckie,215,Ginekologia onkologiczna,2023/021727,Pozarezydencki,89.09,4.62,26.10.2023 23:01:12,7,NIE,,
j-2023,10,21.11.2023,22.11.2023 09:32:30,56,135,Mazowieckie,216,Ginekologia onkologiczna,2023/019369,Pozarezydencki,84.55,3.53,31.10.2023 15:50:25,7,NIE,,
j-2023,10,21.11.2023,22.11.2023 09:32:30,56,135,Mazowieckie,217,Ginekologia onkologiczna,2023/023855,Pozarezydencki,82.34,4.43,21.09.2023 17:45:16,7,NIE,,
j-2023,10,21.11.2023,22.11.2023 09:32:30,56,135,Mazowieckie,218,Ginekologia onkologiczna,2023/021795,Pozarezydencki,80.45,4.37,04.10.2023 10:24:19,7,NIE,,
j-2023,10,21.11.2023,22.11.2023 09:32:30,56,135,Mazowieckie,219,Ginekologia onkologiczna,2023/023740,Pozarezydencki,77.36,4.69,19.10.2023 23:02:27,7,NIE,,
j-2023,10,21.11.2023,22.11.2023 09:32:30,56,135,Mazowieckie,220,Ginekologia onkologiczna,2023/031024,Pozarezydencki,72.43,4.03,05.10.2023 20:21:52,7,NIE,,
j-2023,10,21.11.2023,22.11.2023 09:32:30,56,135,Mazowieckie,221,Ginekologia onkologiczna,2023/021810,Pozarezydencki,70.91,0.00,07.10.2023 19:03:59,7,NIE,,
j-2023,10,21.11.2023,22.11.2023 09:32:30,56,135,Mazowieckie,222,Hematologia,2023/025136,Rezydencki,88.89,4.66,28.09.2023 18:57:41,7,NIE,,
j-2023,10,21.11.2023,22.11.2023 09:32:30,56,135,Mazowieckie,223,Hematologia,2023/022821,Rezydencki,88.29,4.65,29.09.2023 17:41:43,7,NIE,,
j-2023,10,21.11.2023,22.11.2023 09:32:30,56,135,Mazowieckie,224,Hematologia,2023/028268,Rezydencki,87.80,3.97,06.10.2023 14:34:54,7,NIE,,
j-2023,10,21.11.2023,22.11.2023 09:32:30,56,135,Mazowieckie,225,Hematologia,2023/023113,Rezydencki,87.25,4.11,02.10.2023 23:43:22,7,NIE,,
j-2023,10,21.11.2023,22.11.2023 09:32:30,56,135,Mazowieckie,226,Hematologia,2023/024515,Rezydencki,83.90,4.32,28.09.2023 22:41:50,7,NIE,,
j-2023,10,21.11.2023,22.11.2023 09:32:30,57,135,Mazowieckie,227,Hematologia,2023/024238,Rezydencki,83.41,3.36,30.09.2023 21:47:07,7,NIE,,
j-2023,10,21.11.2023,22.11.2023 09:32:30,57,135,Mazowieckie,228,Hematologia,2023/026675,Rezydencki,82.13,4.40,30.09.2023 19:28:02,7,NIE,,
j-2023,10,21.11.2023,22.11.2023 09:32:30,57,135,Mazowieckie,229,Hematologia,2023/028812,Pozarezydencki,80.00,4.41,13.10.2023 13:45:02,1,NIE,,
j-2023,10,21.11.2023,22.11.2023 09:32:30,57,135,Mazowieckie,230,Hipertensjologia,2023/027724,Pozarezydencki,90.55,4.86,16.10.2023 22:59:20,6,NIE,,
j-2023,10,21.11.2023,22.11.2023 09:32:30,57,135,Mazowieckie,231,Hipertensjologia,2023/022420,Pozarezydencki,84.55,4.84,31.10.2023 17:57:56,6,NIE,,
j-2023,10,21.11.2023,22.11.2023 09:32:30,57,135,Mazowieckie,232,Hipertensjologia,2023/022844,Pozarezydencki,77.73,3.92,09.10.2023 11:14:17,6,NIE,,
j-2023,10,21.11.2023,22.11.2023 09:32:30,57,135,Mazowieckie,233,Hipertensjologia,2023/031153,Pozarezydencki,74.00,3.52,11.10.2023 23:17:53,6,NIE,,
j-2023,10,21.11.2023,22.11.2023 09:32:30,57,135,Mazowieckie,234,Hipertensjologia,2023/022907,Pozarezydencki,73.18,0.00,30.10.2023 14:26:16,6,NIE,,
j-2023,10,21.11.2023,22.11.2023 09:32:30,57,135,Mazowieckie,235,Hipertensjologia,2023/029583,Pozarezydencki,64.91,0.00,27.10.2023 15:43:00,6,NIE,,
j-2023,10,21.11.2023,22.11.2023 09:32:30,57,135,Mazowieckie,236,Immunologia kliniczna,2023/019993,Pozarezydencki,89.09,4.79,05.10.2023 18:22:22,2,NIE,,
j-2023,10,21.11.2023,22.11.2023 09:32:30,57,135,Mazowieckie,237,Immunologia kliniczna,2023/029646,Pozarezydencki,74.00,4.10,26.10.2023 11:31:48,2,NIE,,
j-2023,10,21.11.2023,22.11.2023 09:32:30,57,135,Mazowieckie,238,Intensywna terapia,2023/023503,Pozarezydencki,84.55,4.33,26.09.2023 11:27:41,6,NIE,,
j-2023,10,21.11.2023,22.11.2023 09:32:30,57,135,Mazowieckie,239,Intensywna terapia,2023/023412,Pozarezydencki,79.18,4.39,06.10.2023 08:39:26,6,NIE,,
j-2023,10,21.11.2023,22.11.2023 09:32:30,57,135,Mazowieckie,240,Intensywna terapia,2023/031084,Pozarezydencki,77.50,3.92,10.10.2023 13:03:22,6,NIE,,
j-2023,10,21.11.2023,22.11.2023 09:32:30,57,135,Mazowieckie,241,Intensywna terapia,2023/029724,Pozarezydencki,72.94,4.08,30.09.2023 22:34:09,6,NIE,,
j-2023,10,21.11.2023,22.11.2023 09:32:30,57,135,Mazowieckie,242,Intensywna terapia,2023/028705,Pozarezydencki,70.91,3.03,17.10.2023 03:26:15,6,NIE,,
j-2023,10,21.11.2023,22.11.2023 09:32:30,57,135,Mazowieckie,243,Intensywna terapia,2023/030365,Pozarezydencki,64.81,0.00,09.10.2023 09:33:16,6,NIE,,
j-2023,10,21.11.2023,22.11.2023 09:32:30,57,135,Mazowieckie,244,Kardiochirurgia,2023/025844,Rezydencki,86.27,3.72,02.10.2023 19:22:22,4,NIE,,
j-2023,10,21.11.2023,22.11.2023 09:32:30,57,135,Mazowieckie,245,Kardiochirurgia,2023/028036,Rezydencki,85.29,4.27,29.09.2023 18:34:26,4,NIE,,
j-2023,10,21.11.2023,22.11.2023 09:32:30,57,135,Mazowieckie,246,Kardiochirurgia,2023/022869,Rezydencki,80.00,3.79,02.10.2023 07:52:11,4,NIE,,
j-2023,10,21.11.2023,22.11.2023 09:32:30,57,135,Mazowieckie,247,Kardiochirurgia,2023/027462,Rezydencki,77.07,4.96,01.10.2023 17:09:45,4,NIE,,
j-2023,10,21.11.2023,22.11.2023 09:32:30,57,135,Mazowieckie,248,Kardiochirurgia,2023/022030,Pozarezydencki,60.75,0.00,23.10.2023 10:37:54,1,NIE,,
j-2023,10,21.11.2023,22.11.2023 09:32:30,57,135,Mazowieckie,249,Kardiologia,2023/019635,Rezydencki,93.72,4.45,02.10.2023 06:39:02,22,NIE,,
j-2023,10,21.11.2023,22.11.2023 09:32:30,57,135,Mazowieckie,250,Kardiologia,2023/020779,Rezydencki,92.16,4.37,06.09.2023 11:17:56,22,NIE,,
j-2023,10,21.11.2023,22.11.2023 09:32:30,57,135,Mazowieckie,251,Kardiologia,2023/029607,Rezydencki,91.30,4.54,30.09.2023 19:10:13,22,NIE,,
j-2023,10,21.11.2023,22.11.2023 09:32:30,57,135,Mazowieckie,252,Kardiologia,2023/020653,Rezydencki,90.82,4.63,20.10.2023 09:49:39,22,NIE,,
j-2023,10,21.11.2023,22.11.2023 09:32:30,57,135,Mazowieckie,253,Kardiologia,2023/025144,Rezydencki,90.44,4.40,02.10.2023 20:40:48,22,NIE,,
j-2023,10,21.11.2023,22.11.2023 09:32:30,57,135,Mazowieckie,254,Kardiologia,2023/031056,Rezydencki,90.20,4.39,05.10.2023 14:05:15,22,NIE,,
j-2023,10,21.11.2023,22.11.2023 09:32:30,57,135,Mazowieckie,255,Kardiologia,2023/025689,Rezydencki,90.20,3.85,25.09.2023 22:17:09,22,NIE,,
j-2023,10,21.11.2023,22.11.2023 09:32:30,57,135,Mazowieckie,256,Kardiologia,2023/021664,Rezydencki,89.76,4.03,11.10.2023 18:55:43,22,NIE,,
j-2023,10,21.11.2023,22.11.2023 09:32:30,57,135,Mazowieckie,257,Kardiologia,2023/019766,Rezydencki,89.71,4.17,02.10.2023 22:26:18,22,NIE,,
j-2023,10,21.11.2023,22.11.2023 09:32:30,57,135,Mazowieckie,258,Kardiologia,2023/025585,Rezydencki,89.37,4.42,01.10.2023 12:15:20,22,NIE,,
j-2023,10,21.11.2023,22.11.2023 09:32:30,57,135,Mazowieckie,259,Kardiologia,2023/027920,Rezydencki,89.27,4.35,28.09.2023 11:09:31,22,NIE,,
j-2023,10,21.11.2023,22.11.2023 09:32:30,57,135,Mazowieckie,260,Kardiologia,2023/025535,Rezydencki,89.27,3.38,30.09.2023 20:36:43,22,NIE,,
j-2023,10,21.11.2023,22.11.2023 09:32:30,57,135,Mazowieckie,261,Kardiologia,2023/020659,Rezydencki,89.22,4.40,02.10.2023 23:44:54,22,NIE,,
j-2023,10,21.11.2023,22.11.2023 09:32:30,57,135,Mazowieckie,262,Kardiologia,2023/027527,Rezydencki,89.22,4.08,01.10.2023 18:07:28,22,NIE,,
j-2023,10,21.11.2023,22.11.2023 09:32:30,57,135,Mazowieckie,263,Kardiologia,2023/027512,Rezydencki,89.22,3.98,27.09.2023 19:26:48,22,NIE,,
j-2023,10,21.11.2023,22.11.2023 09:32:30,57,135,Mazowieckie,264,Kardiologia,2023/020067,Rezydencki,88.97,4.10,29.09.2023 10:08:41,22,NIE,,
j-2023,10,21.11.2023,22.11.2023 09:32:30,58,135,Mazowieckie,265,Kardiologia,2023/030306,Rezydencki,88.89,4.18,02.10.2023 17:15:00,22,NIE,,
j-2023,10,21.11.2023,22.11.2023 09:32:30,58,135,Mazowieckie,266,Kardiologia,2023/026032,Rezydencki,88.78,4.05,02.10.2023 22:52:26,22,NIE,,
j-2023,10,21.11.2023,22.11.2023 09:32:30,58,135,Mazowieckie,267,Kardiologia,2023/029506,Rezydencki,88.73,4.32,02.10.2023 22:36:20,22,NIE,,
j-2023,10,21.11.2023,22.11.2023 09:32:30,58,135,Mazowieckie,268,Kardiologia,2023/024194,Rezydencki,88.73,4.05,02.10.2023 22:49:39,22,NIE,,
j-2023,10,21.11.2023,22.11.2023 09:32:30,58,135,Mazowieckie,269,Kardiologia,2023/021719,Rezydencki,88.29,4.14,19.10.2023 16:18:11,22,NIE,,
j-2023,10,21.11.2023,22.11.2023 09:32:30,58,135,Mazowieckie,270,Kardiologia,2023/028222,Rezydencki,88.29,3.81,20.10.2023 13:12:33,22,NIE,,
j-2023,10,21.11.2023,22.11.2023 09:32:30,58,135,Mazowieckie,271,Kardiologia,2023/030364,Pozarezydencki,88.18,0.00,07.10.2023 10:21:27,11,NIE,,
j-2023,10,21.11.2023,22.11.2023 09:32:30,58,135,Mazowieckie,272,Kardiologia,2023/021748,Pozarezydencki,86.24,4.60,23.09.2023 19:12:38,11,NIE,,
j-2023,10,21.11.2023,22.11.2023 09:32:30,58,135,Mazowieckie,273,Kardiologia,2023/022476,Pozarezydencki,84.55,4.00,15.09.2023 20:27:03,11,NIE,,
j-2023,10,21.11.2023,22.11.2023 09:32:30,58,135,Mazowieckie,274,Kardiologia,2023/024633,Pozarezydencki,84.55,3.42,26.09.2023 13:19:11,11,NIE,,
j-2023,10,21.11.2023,22.11.2023 09:32:30,58,135,Mazowieckie,275,Kardiologia,2023/026280,Pozarezydencki,82.95,4.08,25.09.2023 21:02:31,11,NIE,,
j-2023,10,21.11.2023,22.11.2023 09:32:30,58,135,Mazowieckie,276,Kardiologia,2023/026959,Pozarezydencki,82.71,3.77,02.10.2023 16:41:07,11,NIE,,
j-2023,10,21.11.2023,22.11.2023 09:32:30,58,135,Mazowieckie,277,Kardiologia,2023/029629,Pozarezydencki,80.61,3.56,01.10.2023 10:24:54,11,NIE,,
j-2023,10,21.11.2023,22.11.2023 09:32:30,58,135,Mazowieckie,278,Kardiologia,2023/029272,Pozarezydencki,80.00,3.79,29.09.2023 22:02:06,11,NIE,,
j-2023,10,21.11.2023,22.11.2023 09:32:30,58,135,Mazowieckie,279,Kardiologia,2023/027752,Pozarezydencki,79.07,3.74,13.10.2023 12:31:12,11,NIE,,
j-2023,10,21.11.2023,22.11.2023 09:32:30,58,135,Mazowieckie,280,Kardiologia,2023/023962,Pozarezydencki,75.81,4.17,25.10.2023 11:06:18,11,NIE,,
j-2023,10,21.11.2023,22.11.2023 09:32:30,58,135,Mazowieckie,281,Kardiologia,2023/019726,Pozarezydencki,67.74,3.63,01.09.2023 21:58:47,11,NIE,,
j-2023,10,21.11.2023,22.11.2023 09:32:30,58,135,Mazowieckie,282,Kardiologia dziecięca,2023/023199,Rezydencki,91.18,4.14,26.09.2023 10:25:40,2,NIE,,
j-2023,10,21.11.2023,22.11.2023 09:32:30,58,135,Mazowieckie,283,Kardiologia dziecięca,2023/020893,Rezydencki,90.44,4.35,27.09.2023 16:58:21,2,NIE,,
j-2023,10,21.11.2023,22.11.2023 09:32:30,58,135,Mazowieckie,284,Kardiologia dziecięca,2023/022523,Pozarezydencki,81.42,4.61,29.09.2023 16:07:50,1,NIE,,
j-2023,10,21.11.2023,22.11.2023 09:32:30,58,135,Mazowieckie,285,Medycyna nuklearna,2023/026640,Rezydencki,86.47,4.31,28.09.2023 21:32:43,2,NIE,,
j-2023,10,21.11.2023,22.11.2023 09:32:30,58,135,Mazowieckie,286,Medycyna nuklearna,2023/020107,Rezydencki,82.93,3.66,03.09.2023 08:11:37,2,NIE,,
j-2023,10,21.11.2023,22.11.2023 09:32:30,58,135,Mazowieckie,287,Medycyna nuklearna,2023/025811,Pozarezydencki,90.55,0.00,02.10.2023 09:05:34,3,NIE,,
j-2023,10,21.11.2023,22.11.2023 09:32:30,58,135,Mazowieckie,288,Medycyna nuklearna,2023/028848,Pozarezydencki,89.09,0.00,02.10.2023 09:04:24,3,NIE,,
j-2023,10,21.11.2023,22.11.2023 09:32:30,58,135,Mazowieckie,289,Medycyna nuklearna,2023/031073,Pozarezydencki,80.68,0.00,02.10.2023 22:22:08,3,NIE,,
j-2023,10,21.11.2023,22.11.2023 09:32:30,58,135,Mazowieckie,290,Medycyna paliatywna,2023/019676,Pozarezydencki,84.55,4.50,14.09.2023 13:16:22,5,NIE,,
j-2023,10,21.11.2023,22.11.2023 09:32:30,58,135,Mazowieckie,291,Medycyna paliatywna,2023/022394,Pozarezydencki,83.09,3.17,03.10.2023 11:02:13,5,NIE,,
j-2023,10,21.11.2023,22.11.2023 09:32:30,58,135,Mazowieckie,292,Medycyna paliatywna,2023/023739,Pozarezydencki,75.45,3.84,24.10.2023 14:55:28,5,NIE,,
j-2023,10,21.11.2023,22.11.2023 09:32:30,58,135,Mazowieckie,293,Medycyna paliatywna,2023/024087,Pozarezydencki,67.82,0.00,31.10.2023 12:05:42,5,NIE,,
j-2023,10,21.11.2023,22.11.2023 09:32:30,58,135,Mazowieckie,294,Medycyna paliatywna,2023/028881,Pozarezydencki,61.21,3.25,29.09.2023 20:28:26,5,NIE,,
j-2023,10,21.11.2023,22.11.2023 09:32:30,58,135,Mazowieckie,295,Medycyna pracy,2023/029155,Rezydencki,63.33,3.06,29.09.2023 21:02:36,1,NIE,,
j-2023,10,21.11.2023,22.11.2023 09:32:30,58,135,Mazowieckie,296,Medycyna pracy,2023/025718,Pozarezydencki,89.09,0.00,24.09.2023 21:54:29,8,NIE,,
j-2023,10,21.11.2023,22.11.2023 09:32:30,58,135,Mazowieckie,297,Medycyna pracy,2023/020222,Pozarezydencki,80.73,3.41,25.10.2023 20:38:10,8,NIE,,
j-2023,10,21.11.2023,22.11.2023 09:32:30,58,135,Mazowieckie,298,Medycyna pracy,2023/020933,Pozarezydencki,80.23,4.33,04.10.2023 15:50:10,8,NIE,,
j-2023,10,21.11.2023,22.11.2023 09:32:30,58,135,Mazowieckie,299,Medycyna pracy,2023/022347,Pozarezydencki,75.45,3.17,30.10.2023 12:49:37,8,NIE,,
j-2023,10,21.11.2023,22.11.2023 09:32:30,58,135,Mazowieckie,300,Medycyna pracy,2023/020557,Pozarezydencki,67.43,3.66,26.10.2023 16:38:24,8,NIE,,
j-2023,10,21.11.2023,22.11.2023 09:32:30,58,135,Mazowieckie,301,Medycyna pracy,2023/023031,Pozarezydencki,66.51,4.02,02.10.2023 22:36:28,8,NIE,,
j-2023,10,21.11.2023,22.11.2023 09:32:30,58,135,Mazowieckie,302,Medycyna pracy,2023/024701,Pozarezydencki,53.86,0.00,19.10.2023 00:17:46,8,NIE,,
j-2023,10,21.11.2023,22.11.2023 09:32:30,59,135,Mazowieckie,303,Medycyna pracy,2023/019618,Pozarezydencki,0.00,3.70,08.09.2023 12:02:53,8,NIE,,
j-2023,10,21.11.2023,22.11.2023 09:32:30,59,135,Mazowieckie,304,Medycyna ratunkowa,2023/024702,Rezydencki,88.41,4.40,22.09.2023 19:11:46,7,NIE,,
j-2023,10,21.11.2023,22.11.2023 09:32:30,59,135,Mazowieckie,305,Medycyna ratunkowa,2023/024964,Rezydencki,85.51,4.27,24.09.2023 00:26:49,7,NIE,,
j-2023,10,21.11.2023,22.11.2023 09:32:30,59,135,Mazowieckie,306,Medycyna ratunkowa,2023/020092,Rezydencki,84.06,3.59,19.10.2023 22:22:18,7,NIE,,
j-2023,10,21.11.2023,22.11.2023 09:32:30,59,135,Mazowieckie,307,Medycyna ratunkowa,2023/019645,Rezydencki,81.37,4.15,30.09.2023 19:57:23,7,NIE,,
j-2023,10,21.11.2023,22.11.2023 09:32:30,59,135,Mazowieckie,308,Medycyna ratunkowa,2023/026914,Rezydencki,81.37,3.95,01.10.2023 22:04:48,7,NIE,,
j-2023,10,21.11.2023,22.11.2023 09:32:30,59,135,Mazowieckie,309,Medycyna ratunkowa,2023/026510,Rezydencki,73.66,3.41,09.10.2023 20:42:39,7,NIE,,
j-2023,10,21.11.2023,22.11.2023 09:32:30,59,135,Mazowieckie,310,Medycyna ratunkowa,2023/029262,Rezydencki,60.19,3.24,29.09.2023 21:45:53,7,NIE,,
j-2023,10,21.11.2023,22.11.2023 09:32:30,59,135,Mazowieckie,311,Medycyna ratunkowa,2023/029368,Pozarezydencki,89.09,3.50,13.10.2023 10:50:10,6,NIE,,
j-2023,10,21.11.2023,22.11.2023 09:32:30,59,135,Mazowieckie,312,Medycyna ratunkowa,2023/030669,Pozarezydencki,77.73,3.35,31.10.2023 15:01:58,6,NIE,,
j-2023,10,21.11.2023,22.11.2023 09:32:30,59,135,Mazowieckie,313,Medycyna ratunkowa,2023/025265,Pozarezydencki,77.06,4.04,22.10.2023 10:36:09,6,NIE,,
j-2023,10,21.11.2023,22.11.2023 09:32:30,59,135,Mazowieckie,314,Medycyna ratunkowa,2023/029128,Pozarezydencki,66.82,4.18,29.09.2023 18:19:13,6,NIE,,
j-2023,10,21.11.2023,22.11.2023 09:32:30,59,135,Mazowieckie,315,Medycyna ratunkowa,2023/027241,Pozarezydencki,62.73,3.47,18.10.2023 13:16:03,6,NIE,,
j-2023,10,21.11.2023,22.11.2023 09:32:30,59,135,Mazowieckie,316,Medycyna ratunkowa,2023/023937,Pozarezydencki,54.55,0.00,26.09.2023 22:00:53,6,NIE,,
j-2023,10,21.11.2023,22.11.2023 09:32:30,59,135,Mazowieckie,317,Medycyna rodzinna,2023/022231,Rezydencki,90.44,4.66,11.09.2023 23:45:22,74,NIE,,
j-2023,10,21.11.2023,22.11.2023 09:32:30,59,135,Mazowieckie,318,Medycyna rodzinna,2023/028816,Rezydencki,90.10,4.61,03.10.2023 18:24:32,74,NIE,,
j-2023,10,21.11.2023,22.11.2023 09:32:30,59,135,Mazowieckie,319,Medycyna rodzinna,2023/027735,Rezydencki,89.76,4.61,02.10.2023 18:52:48,74,NIE,,
j-2023,10,21.11.2023,22.11.2023 09:32:30,59,135,Mazowieckie,320,Medycyna rodzinna,2023/028589,Rezydencki,89.61,4.13,02.10.2023 00:05:55,74,NIE,,
j-2023,10,21.11.2023,22.11.2023 09:32:30,59,135,Mazowieckie,321,Medycyna rodzinna,2023/025237,Rezydencki,88.89,4.61,28.09.2023 23:19:17,74,NIE,,
j-2023,10,21.11.2023,22.11.2023 09:32:30,59,135,Mazowieckie,322,Medycyna rodzinna,2023/020073,Rezydencki,88.89,4.55,25.09.2023 18:57:23,74,NIE,,
j-2023,10,21.11.2023,22.11.2023 09:32:30,59,135,Mazowieckie,323,Medycyna rodzinna,2023/024510,Rezydencki,88.89,4.40,21.09.2023 22:19:17,74,NIE,,
j-2023,10,21.11.2023,22.11.2023 09:32:30,59,135,Mazowieckie,324,Medycyna rodzinna,2023/025331,Rezydencki,87.92,4.06,12.10.2023 10:17:42,74,NIE,,
j-2023,10,21.11.2023,22.11.2023 09:32:30,59,135,Mazowieckie,325,Medycyna rodzinna,2023/028784,Rezydencki,87.92,4.00,29.09.2023 10:10:06,74,NIE,,
j-2023,10,21.11.2023,22.11.2023 09:32:30,59,135,Mazowieckie,326,Medycyna rodzinna,2023/026930,Rezydencki,87.50,4.05,05.10.2023 15:22:45,74,NIE,,
j-2023,10,21.11.2023,22.11.2023 09:32:30,59,135,Mazowieckie,327,Medycyna rodzinna,2023/026543,Rezydencki,87.32,4.25,02.10.2023 15:50:30,74,NIE,,
j-2023,10,21.11.2023,22.11.2023 09:32:30,59,135,Mazowieckie,328,Medycyna rodzinna,2023/024803,Rezydencki,87.25,3.91,21.09.2023 17:57:23,74,NIE,,
j-2023,10,21.11.2023,22.11.2023 09:32:30,59,135,Mazowieckie,329,Medycyna rodzinna,2023/028922,Rezydencki,86.96,4.36,02.10.2023 16:33:05,74,NIE,,
j-2023,10,21.11.2023,22.11.2023 09:32:30,59,135,Mazowieckie,330,Medycyna rodzinna,2023/030471,Rezydencki,86.96,4.30,27.10.2023 15:29:19,74,NIE,,
j-2023,10,21.11.2023,22.11.2023 09:32:30,59,135,Mazowieckie,331,Medycyna rodzinna,2023/029285,Rezydencki,86.83,4.05,02.10.2023 23:56:28,74,NIE,,
j-2023,10,21.11.2023,22.11.2023 09:32:30,59,135,Mazowieckie,332,Medycyna rodzinna,2023/025554,Rezydencki,86.47,3.78,24.09.2023 18:22:10,74,NIE,,
j-2023,10,21.11.2023,22.11.2023 09:32:30,59,135,Mazowieckie,333,Medycyna rodzinna,2023/028686,Rezydencki,86.27,4.24,30.09.2023 23:33:40,74,NIE,,
j-2023,10,21.11.2023,22.11.2023 09:32:30,59,135,Mazowieckie,334,Medycyna rodzinna,2023/019714,Rezydencki,85.78,3.87,08.09.2023 15:39:39,74,NIE,,
j-2023,10,21.11.2023,22.11.2023 09:32:30,59,135,Mazowieckie,335,Medycyna rodzinna,2023/026708,Rezydencki,85.29,3.64,18.10.2023 15:41:14,74,NIE,,
j-2023,10,21.11.2023,22.11.2023 09:32:30,59,135,Mazowieckie,336,Medycyna rodzinna,2023/023437,Rezydencki,85.02,4.23,17.09.2023 15:15:14,74,NIE,,
j-2023,10,21.11.2023,22.11.2023 09:32:30,59,135,Mazowieckie,337,Medycyna rodzinna,2023/026573,Rezydencki,85.02,4.04,02.10.2023 18:05:08,74,NIE,,
j-2023,10,21.11.2023,22.11.2023 09:32:30,59,135,Mazowieckie,338,Medycyna rodzinna,2023/029314,Rezydencki,84.54,4.14,02.10.2023 20:00:51,74,NIE,,
j-2023,10,21.11.2023,22.11.2023 09:32:30,59,135,Mazowieckie,339,Medycyna rodzinna,2023/025731,Rezydencki,84.54,4.03,10.10.2023 17:24:20,74,NIE,,
j-2023,10,21.11.2023,22.11.2023 09:32:30,59,135,Mazowieckie,340,Medycyna rodzinna,2023/023422,Rezydencki,84.31,4.24,23.09.2023 19:27:07,74,NIE,,
j-2023,10,21.11.2023,22.11.2023 09:32:30,60,135,Mazowieckie,341,Medycyna rodzinna,2023/030310,Rezydencki,84.06,4.35,21.10.2023 14:33:46,74,NIE,,
j-2023,10,21.11.2023,22.11.2023 09:32:30,60,135,Mazowieckie,342,Medycyna rodzinna,2023/027093,Rezydencki,84.06,3.92,02.10.2023 21:47:21,74,NIE,,
j-2023,10,21.11.2023,22.11.2023 09:32:30,60,135,Mazowieckie,343,Medycyna rodzinna,2023/030030,Rezydencki,83.90,4.02,02.10.2023 14:38:14,74,NIE,,
j-2023,10,21.11.2023,22.11.2023 09:32:30,60,135,Mazowieckie,344,Medycyna rodzinna,2023/021680,Rezydencki,83.58,3.67,25.09.2023 12:46:20,74,NIE,,
j-2023,10,21.11.2023,22.11.2023 09:32:30,60,135,Mazowieckie,345,Medycyna rodzinna,2023/022055,Rezydencki,83.57,4.22,30.09.2023 15:10:33,74,NIE,,
j-2023,10,21.11.2023,22.11.2023 09:32:30,60,135,Mazowieckie,346,Medycyna rodzinna,2023/022338,Rezydencki,83.57,4.06,28.09.2023 21:48:45,74,NIE,,
j-2023,10,21.11.2023,22.11.2023 09:32:30,60,135,Mazowieckie,347,Medycyna rodzinna,2023/021945,Rezydencki,83.41,3.73,19.10.2023 11:24:07,74,NIE,,
j-2023,10,21.11.2023,22.11.2023 09:32:30,60,135,Mazowieckie,348,Medycyna rodzinna,2023/030467,Rezydencki,83.41,3.27,02.10.2023 23:19:32,74,NIE,,
j-2023,10,21.11.2023,22.11.2023 09:32:30,60,135,Mazowieckie,349,Medycyna rodzinna,2023/021728,Rezydencki,83.09,4.78,30.09.2023 22:18:26,74,NIE,,
j-2023,10,21.11.2023,22.11.2023 09:32:30,60,135,Mazowieckie,350,Medycyna rodzinna,2023/025504,Rezydencki,83.09,3.42,02.10.2023 19:48:00,74,NIE,,
j-2023,10,21.11.2023,22.11.2023 09:32:30,60,135,Mazowieckie,351,Medycyna rodzinna,2023/022687,Rezydencki,82.93,0.00,13.09.2023 15:29:29,74,NIE,,
j-2023,10,21.11.2023,22.11.2023 09:32:30,60,135,Mazowieckie,352,Medycyna rodzinna,2023/020937,Rezydencki,82.44,4.10,02.10.2023 19:46:51,74,NIE,,
j-2023,10,21.11.2023,22.11.2023 09:32:30,60,135,Mazowieckie,353,Medycyna rodzinna,2023/030386,Rezydencki,82.44,3.90,02.10.2023 10:31:57,74,NIE,,
j-2023,10,21.11.2023,22.11.2023 09:32:30,60,135,Mazowieckie,354,Medycyna rodzinna,2023/019389,Rezydencki,82.44,3.82,05.10.2023 14:36:16,74,NIE,,
j-2023,10,21.11.2023,22.11.2023 09:32:30,60,135,Mazowieckie,355,Medycyna rodzinna,2023/030620,Rezydencki,82.38,4.00,02.10.2023 15:52:03,74,NIE,,
j-2023,10,21.11.2023,22.11.2023 09:32:30,60,135,Mazowieckie,356,Medycyna rodzinna,2023/028724,Rezydencki,81.95,3.67,02.10.2023 20:19:49,74,NIE,,
j-2023,10,21.11.2023,22.11.2023 09:32:30,60,135,Mazowieckie,357,Medycyna rodzinna,2023/026130,Rezydencki,81.71,3.66,19.10.2023 18:26:34,74,NIE,,
j-2023,10,21.11.2023,22.11.2023 09:32:30,60,135,Mazowieckie,358,Medycyna rodzinna,2023/021767,Rezydencki,81.64,4.15,09.09.2023 18:52:26,74,NIE,,
j-2023,10,21.11.2023,22.11.2023 09:32:30,60,135,Mazowieckie,359,Medycyna rodzinna,2023/019525,Rezydencki,81.64,4.15,09.10.2023 19:54:28,74,NIE,,
j-2023,10,21.11.2023,22.11.2023 09:32:30,60,135,Mazowieckie,360,Medycyna rodzinna,2023/022895,Rezydencki,81.13,3.81,23.10.2023 11:57:56,74,NIE,,
j-2023,10,21.11.2023,22.11.2023 09:32:30,60,135,Mazowieckie,361,Medycyna rodzinna,2023/025613,Rezydencki,80.98,4.18,28.09.2023 19:44:10,74,NIE,,
j-2023,10,21.11.2023,22.11.2023 09:32:30,60,135,Mazowieckie,362,Medycyna rodzinna,2023/029213,Rezydencki,80.95,3.38,18.10.2023 19:39:12,74,NIE,,
j-2023,10,21.11.2023,22.11.2023 09:32:30,60,135,Mazowieckie,363,Medycyna rodzinna,2023/021622,Rezydencki,80.88,3.93,02.10.2023 23:07:37,74,NIE,,
j-2023,10,21.11.2023,22.11.2023 09:32:30,60,135,Mazowieckie,364,Medycyna rodzinna,2023/030302,Rezydencki,80.39,3.74,24.10.2023 22:13:53,74,NIE,,
j-2023,10,21.11.2023,22.11.2023 09:32:30,60,135,Mazowieckie,365,Medycyna rodzinna,2023/030753,Rezydencki,80.39,3.50,02.10.2023 17:55:32,74,NIE,,
j-2023,10,21.11.2023,22.11.2023 09:32:30,60,135,Mazowieckie,366,Medycyna rodzinna,2023/021133,Rezydencki,80.00,4.22,11.09.2023 16:32:26,74,NIE,,
j-2023,10,21.11.2023,22.11.2023 09:32:30,60,135,Mazowieckie,367,Medycyna rodzinna,2023/019895,Rezydencki,80.00,3.78,24.10.2023 18:00:09,74,NIE,,
j-2023,10,21.11.2023,22.11.2023 09:32:30,60,135,Mazowieckie,368,Medycyna rodzinna,2023/029078,Rezydencki,79.71,4.39,29.09.2023 17:05:08,74,NIE,,
j-2023,10,21.11.2023,22.11.2023 09:32:30,60,135,Mazowieckie,369,Medycyna rodzinna,2023/026083,Rezydencki,79.23,3.98,29.09.2023 15:54:37,74,NIE,,
j-2023,10,21.11.2023,22.11.2023 09:32:30,60,135,Mazowieckie,370,Medycyna rodzinna,2023/028665,Rezydencki,79.23,3.76,29.09.2023 20:57:17,74,NIE,,
j-2023,10,21.11.2023,22.11.2023 09:32:30,60,135,Mazowieckie,371,Medycyna rodzinna,2023/029686,Rezydencki,78.74,3.49,02.10.2023 21:25:27,74,NIE,,
j-2023,10,21.11.2023,22.11.2023 09:32:30,60,135,Mazowieckie,372,Medycyna rodzinna,2023/020602,Rezydencki,77.78,3.83,30.09.2023 16:41:40,74,NIE,,
j-2023,10,21.11.2023,22.11.2023 09:32:30,60,135,Mazowieckie,373,Medycyna rodzinna,2023/030889,Rezydencki,77.56,3.33,02.10.2023 19:49:26,74,NIE,,
j-2023,10,21.11.2023,22.11.2023 09:32:30,60,135,Mazowieckie,374,Medycyna rodzinna,2023/027297,Rezydencki,77.07,3.65,31.10.2023 10:47:45,74,NIE,,
j-2023,10,21.11.2023,22.11.2023 09:32:30,60,135,Mazowieckie,375,Medycyna rodzinna,2023/025268,Rezydencki,75.12,3.72,10.10.2023 08:56:39,74,NIE,,
j-2023,10,21.11.2023,22.11.2023 09:32:30,60,135,Mazowieckie,376,Medycyna rodzinna,2023/021270,Rezydencki,73.57,4.12,11.10.2023 18:25:56,74,NIE,,
j-2023,10,21.11.2023,22.11.2023 09:32:30,60,135,Mazowieckie,377,Medycyna rodzinna,2023/027577,Rezydencki,71.01,3.26,18.10.2023 07:37:23,74,NIE,,
j-2023,10,21.11.2023,22.11.2023 09:32:30,60,135,Mazowieckie,378,Medycyna rodzinna,2023/029335,Rezydencki,70.73,3.55,30.09.2023 00:50:39,74,NIE,,
j-2023,10,21.11.2023,22.11.2023 09:32:30,61,135,Mazowieckie,379,Medycyna rodzinna,2023/027863,Rezydencki,70.24,0.00,02.10.2023 10:09:13,74,NIE,,
j-2023,10,21.11.2023,22.11.2023 09:32:30,61,135,Mazowieckie,380,Medycyna rodzinna,2023/021812,Rezydencki,69.57,4.06,19.10.2023 13:01:03,74,NIE,,
j-2023,10,21.11.2023,22.11.2023 09:32:30,61,135,Mazowieckie,381,Medycyna rodzinna,2023/025508,Rezydencki,67.56,3.69,24.09.2023 15:45:44,74,NIE,,
j-2023,10,21.11.2023,22.11.2023 09:32:30,61,135,Mazowieckie,382,Medycyna rodzinna,2023/028342,Rezydencki,66.83,3.48,31.10.2023 13:32:30,74,NIE,,
j-2023,10,21.11.2023,22.11.2023 09:32:30,61,135,Mazowieckie,383,Medycyna rodzinna,2023/025205,Rezydencki,64.90,3.79,11.10.2023 09:36:27,74,NIE,,
j-2023,10,21.11.2023,22.11.2023 09:32:30,61,135,Mazowieckie,384,Medycyna rodzinna,2023/027675,Rezydencki,64.56,0.00,27.09.2023 21:41:21,74,NIE,,
j-2023,10,21.11.2023,22.11.2023 09:32:30,61,135,Mazowieckie,385,Medycyna rodzinna,2023/029379,Rezydencki,64.32,3.59,30.09.2023 10:30:20,74,NIE,,
j-2023,10,21.11.2023,22.11.2023 09:32:30,61,135,Mazowieckie,386,Medycyna rodzinna,2023/031036,Rezydencki,60.78,3.62,31.10.2023 16:49:41,74,NIE,,
j-2023,10,21.11.2023,22.11.2023 09:32:30,61,135,Mazowieckie,387,Medycyna rodzinna,2023/022455,Rezydencki,59.02,0.00,02.10.2023 06:43:25,74,NIE,,
j-2023,10,21.11.2023,22.11.2023 09:32:30,61,135,Mazowieckie,388,Medycyna rodzinna,2023/024432,Rezydencki,58.94,3.12,31.10.2023 11:25:24,74,NIE,,
j-2023,10,21.11.2023,22.11.2023 09:32:30,61,135,Mazowieckie,389,Medycyna rodzinna,2023/019382,Rezydencki,58.33,3.15,06.10.2023 08:48:08,74,NIE,,
j-2023,10,21.11.2023,22.11.2023 09:32:30,61,135,Mazowieckie,390,Medycyna rodzinna,2023/029437,Rezydencki,53.62,3.61,10.10.2023 18:10:23,74,NIE,,
j-2023,10,21.11.2023,22.11.2023 09:32:30,61,135,Mazowieckie,391,Medycyna rodzinna,2023/019671,Pozarezydencki,84.55,3.70,25.09.2023 22:29:01,8,NIE,,
j-2023,10,21.11.2023,22.11.2023 09:32:30,61,135,Mazowieckie,392,Medycyna rodzinna,2023/023583,Pozarezydencki,82.26,4.07,29.09.2023 10:23:28,8,NIE,,
j-2023,10,21.11.2023,22.11.2023 09:32:30,61,135,Mazowieckie,393,Medycyna rodzinna,2023/027119,Pozarezydencki,72.27,3.39,27.09.2023 12:00:10,8,NIE,,
j-2023,10,21.11.2023,22.11.2023 09:32:30,61,135,Mazowieckie,394,Medycyna rodzinna,2023/023559,Pozarezydencki,71.76,3.71,25.10.2023 16:08:00,8,NIE,,
j-2023,10,21.11.2023,22.11.2023 09:32:30,61,135,Mazowieckie,395,Medycyna rodzinna,2023/029759,Pozarezydencki,70.91,0.00,24.10.2023 23:41:23,8,NIE,,
j-2023,10,21.11.2023,22.11.2023 09:32:30,61,135,Mazowieckie,396,Medycyna rodzinna,2023/025650,Pozarezydencki,69.27,0.00,08.10.2023 00:24:28,8,NIE,,
j-2023,10,21.11.2023,22.11.2023 09:32:30,61,135,Mazowieckie,397,Medycyna rodzinna,2023/021584,Pozarezydencki,65.75,3.56,08.09.2023 10:27:43,8,NIE,,
j-2023,10,21.11.2023,22.11.2023 09:32:30,61,135,Mazowieckie,398,Medycyna rodzinna,2023/021463,Pozarezydencki,52.34,3.78,07.09.2023 16:46:54,8,NIE,,
j-2023,10,21.11.2023,22.11.2023 09:32:30,61,135,Mazowieckie,399,Medycyna sportowa,2023/030297,Pozarezydencki,51.85,0.00,02.10.2023 00:34:41,1,NIE,,
j-2023,10,21.11.2023,22.11.2023 09:32:30,61,135,Mazowieckie,400,Medycyna sądowa,2023/026033,Rezydencki,78.92,3.35,29.09.2023 01:55:45,1,NIE,,
j-2023,10,21.11.2023,22.11.2023 09:32:30,61,135,Mazowieckie,401,Nefrologia,2023/026724,Rezydencki,91.67,4.74,26.09.2023 16:40:27,15,NIE,,
j-2023,10,21.11.2023,22.11.2023 09:32:30,61,135,Mazowieckie,402,Nefrologia,2023/029592,Rezydencki,90.93,4.65,02.10.2023 12:38:46,15,NIE,,
j-2023,10,21.11.2023,22.11.2023 09:32:30,61,135,Mazowieckie,403,Nefrologia,2023/027676,Rezydencki,90.20,4.47,30.09.2023 15:46:32,15,NIE,,
j-2023,10,21.11.2023,22.11.2023 09:32:30,61,135,Mazowieckie,404,Nefrologia,2023/030688,Rezydencki,89.76,4.20,02.10.2023 22:23:09,15,NIE,,
j-2023,10,21.11.2023,22.11.2023 09:32:30,61,135,Mazowieckie,405,Nefrologia,2023/025517,Rezydencki,89.27,4.02,17.10.2023 13:40:06,15,NIE,,
j-2023,10,21.11.2023,22.11.2023 09:32:30,61,135,Mazowieckie,406,Nefrologia,2023/027195,Rezydencki,89.27,3.73,29.09.2023 16:52:44,15,NIE,,
j-2023,10,21.11.2023,22.11.2023 09:32:30,61,135,Mazowieckie,407,Nefrologia,2023/026828,Rezydencki,87.32,3.90,30.09.2023 09:31:20,15,NIE,,
j-2023,10,21.11.2023,22.11.2023 09:32:30,61,135,Mazowieckie,408,Nefrologia,2023/028483,Rezydencki,86.27,3.70,24.10.2023 12:37:21,15,NIE,,
j-2023,10,21.11.2023,22.11.2023 09:32:30,61,135,Mazowieckie,409,Nefrologia,2023/024785,Rezydencki,85.99,4.14,01.10.2023 20:26:55,15,NIE,,
j-2023,10,21.11.2023,22.11.2023 09:32:30,61,135,Mazowieckie,410,Nefrologia,2023/025908,Rezydencki,84.80,4.06,28.09.2023 12:17:37,15,NIE,,
j-2023,10,21.11.2023,22.11.2023 09:32:30,61,135,Mazowieckie,411,Nefrologia,2023/021070,Rezydencki,79.90,4.00,12.09.2023 14:48:01,15,NIE,,
j-2023,10,21.11.2023,22.11.2023 09:32:30,61,135,Mazowieckie,412,Nefrologia,2023/030867,Rezydencki,78.29,3.51,02.10.2023 19:35:00,15,NIE,,
j-2023,10,21.11.2023,22.11.2023 09:32:30,61,135,Mazowieckie,413,Nefrologia,2023/026590,Rezydencki,77.56,4.38,29.09.2023 13:50:49,15,NIE,,
j-2023,10,21.11.2023,22.11.2023 09:32:30,61,135,Mazowieckie,414,Nefrologia,2023/029559,Rezydencki,72.46,3.26,30.09.2023 17:22:37,15,NIE,,
j-2023,10,21.11.2023,22.11.2023 09:32:30,61,135,Mazowieckie,415,Nefrologia,2023/026958,Rezydencki,71.71,3.32,02.10.2023 22:23:16,15,NIE,,
j-2023,10,21.11.2023,22.11.2023 09:32:30,61,135,Mazowieckie,416,Nefrologia,2023/026969,Pozarezydencki,82.95,3.66,30.10.2023 12:21:25,4,NIE,,
j-2023,10,21.11.2023,22.11.2023 09:32:30,62,135,Mazowieckie,417,Nefrologia,2023/022815,Pozarezydencki,71.23,3.62,28.09.2023 21:09:42,4,NIE,,
j-2023,10,21.11.2023,22.11.2023 09:32:30,62,135,Mazowieckie,418,Nefrologia,2023/021079,Pozarezydencki,67.27,3.50,16.10.2023 14:03:29,4,NIE,,
j-2023,10,21.11.2023,22.11.2023 09:32:30,62,135,Mazowieckie,419,Nefrologia,2023/024192,Pozarezydencki,66.51,4.05,24.10.2023 22:54:43,4,NIE,,
j-2023,10,21.11.2023,22.11.2023 09:32:30,62,135,Mazowieckie,420,Nefrologia dziecięca,2023/028474,Rezydencki,84.39,0.00,29.09.2023 22:36:09,2,NIE,,
j-2023,10,21.11.2023,22.11.2023 09:32:30,62,135,Mazowieckie,421,Nefrologia dziecięca,2023/027231,Rezydencki,83.41,3.46,28.09.2023 22:38:28,2,NIE,,
j-2023,10,21.11.2023,22.11.2023 09:32:30,62,135,Mazowieckie,422,Nefrologia dziecięca,2023/026638,Pozarezydencki,70.91,4.18,26.09.2023 14:14:25,1,NIE,,
j-2023,10,21.11.2023,22.11.2023 09:32:30,62,135,Mazowieckie,423,Neonatologia,2023/023441,Rezydencki,91.79,4.81,17.09.2023 15:09:58,16,NIE,,
j-2023,10,21.11.2023,22.11.2023 09:32:30,62,135,Mazowieckie,424,Neonatologia,2023/027934,Rezydencki,90.73,4.66,30.09.2023 13:15:59,16,NIE,,
j-2023,10,21.11.2023,22.11.2023 09:32:30,62,135,Mazowieckie,425,Neonatologia,2023/019837,Rezydencki,88.78,3.98,28.09.2023 22:53:57,16,NIE,,
j-2023,10,21.11.2023,22.11.2023 09:32:30,62,135,Mazowieckie,426,Neonatologia,2023/019919,Rezydencki,86.47,3.71,01.09.2023 21:47:53,16,NIE,,
j-2023,10,21.11.2023,22.11.2023 09:32:30,62,135,Mazowieckie,427,Neonatologia,2023/029496,Rezydencki,86.27,4.42,01.10.2023 17:06:50,16,NIE,,
j-2023,10,21.11.2023,22.11.2023 09:32:30,62,135,Mazowieckie,428,Neonatologia,2023/030918,Rezydencki,83.90,3.57,02.10.2023 20:13:09,16,NIE,,
j-2023,10,21.11.2023,22.11.2023 09:32:30,62,135,Mazowieckie,429,Neonatologia,2023/025358,Rezydencki,83.33,4.29,02.10.2023 10:59:21,16,NIE,,
j-2023,10,21.11.2023,22.11.2023 09:32:30,62,135,Mazowieckie,430,Neonatologia,2023/028094,Rezydencki,83.33,4.00,30.09.2023 13:16:21,16,NIE,,
j-2023,10,21.11.2023,22.11.2023 09:32:30,62,135,Mazowieckie,431,Neonatologia,2023/028994,Rezydencki,83.17,3.82,05.10.2023 14:46:01,16,NIE,,
j-2023,10,21.11.2023,22.11.2023 09:32:30,62,135,Mazowieckie,432,Neonatologia,2023/019775,Rezydencki,83.09,3.50,26.09.2023 22:05:39,16,NIE,,
j-2023,10,21.11.2023,22.11.2023 09:32:30,62,135,Mazowieckie,433,Neonatologia,2023/027011,Rezydencki,82.44,3.94,28.09.2023 21:13:43,16,NIE,,
j-2023,10,21.11.2023,22.11.2023 09:32:30,62,135,Mazowieckie,434,Neonatologia,2023/019801,Rezydencki,81.46,3.36,30.09.2023 07:17:14,16,NIE,,
j-2023,10,21.11.2023,22.11.2023 09:32:30,62,135,Mazowieckie,435,Neonatologia,2023/020483,Rezydencki,80.88,3.54,27.09.2023 17:38:46,16,NIE,,
j-2023,10,21.11.2023,22.11.2023 09:32:30,62,135,Mazowieckie,436,Neonatologia,2023/027880,Rezydencki,80.68,3.49,02.10.2023 23:30:50,16,NIE,,
j-2023,10,21.11.2023,22.11.2023 09:32:30,62,135,Mazowieckie,437,Neonatologia,2023/028518,Rezydencki,79.02,3.93,28.09.2023 20:40:35,16,NIE,,
j-2023,10,21.11.2023,22.11.2023 09:32:30,62,135,Mazowieckie,438,Neonatologia,2023/020489,Rezydencki,78.05,3.79,29.09.2023 17:01:33,16,NIE,,
j-2023,10,21.11.2023,22.11.2023 09:32:30,62,135,Mazowieckie,439,Neurochirurgia,2023/028764,Rezydencki,90.58,4.05,22.10.2023 22:24:51,2,NIE,,
j-2023,10,21.11.2023,22.11.2023 09:32:30,62,135,Mazowieckie,440,Neurochirurgia,2023/029965,Rezydencki,88.73,4.58,02.10.2023 19:20:44,2,NIE,,
j-2023,10,21.11.2023,22.11.2023 09:32:30,62,135,Mazowieckie,441,Neurochirurgia,2023/027973,Pozarezydencki,82.79,3.98,02.10.2023 13:42:58,1,NIE,,
j-2023,10,21.11.2023,22.11.2023 09:32:30,62,135,Mazowieckie,442,Neurologia,2023/024745,Rezydencki,90.34,4.56,29.09.2023 14:40:36,22,NIE,,
j-2023,10,21.11.2023,22.11.2023 09:32:30,62,135,Mazowieckie,443,Neurologia,2023/023545,Rezydencki,89.95,4.44,28.09.2023 16:47:40,22,NIE,,
j-2023,10,21.11.2023,22.11.2023 09:32:30,62,135,Mazowieckie,444,Neurologia,2023/020717,Rezydencki,89.95,4.24,23.10.2023 14:04:14,22,NIE,,
j-2023,10,21.11.2023,22.11.2023 09:32:30,62,135,Mazowieckie,445,Neurologia,2023/020820,Rezydencki,89.95,4.16,02.10.2023 18:45:33,22,NIE,,
j-2023,10,21.11.2023,22.11.2023 09:32:30,62,135,Mazowieckie,446,Neurologia,2023/026546,Rezydencki,89.27,4.16,16.10.2023 14:44:12,22,NIE,,
j-2023,10,21.11.2023,22.11.2023 09:32:30,62,135,Mazowieckie,447,Neurologia,2023/030594,Rezydencki,89.22,4.29,02.10.2023 15:22:08,22,NIE,,
j-2023,10,21.11.2023,22.11.2023 09:32:30,62,135,Mazowieckie,448,Neurologia,2023/021366,Rezydencki,89.22,4.18,23.09.2023 20:10:36,22,NIE,,
j-2023,10,21.11.2023,22.11.2023 09:32:30,62,135,Mazowieckie,449,Neurologia,2023/023960,Rezydencki,89.13,4.71,09.10.2023 18:59:27,22,NIE,,
j-2023,10,21.11.2023,22.11.2023 09:32:30,62,135,Mazowieckie,450,Neurologia,2023/028583,Rezydencki,88.29,4.29,28.09.2023 21:34:13,22,NIE,,
j-2023,10,21.11.2023,22.11.2023 09:32:30,62,135,Mazowieckie,451,Neurologia,2023/024122,Rezydencki,88.29,4.03,02.10.2023 13:28:10,22,NIE,,
j-2023,10,21.11.2023,22.11.2023 09:32:30,62,135,Mazowieckie,452,Neurologia,2023/021961,Rezydencki,88.05,4.35,01.10.2023 17:40:39,22,NIE,,
j-2023,10,21.11.2023,22.11.2023 09:32:30,62,135,Mazowieckie,453,Neurologia,2023/023438,Rezydencki,87.92,3.99,28.09.2023 11:50:10,22,NIE,,
j-2023,10,21.11.2023,22.11.2023 09:32:30,62,135,Mazowieckie,454,Neurologia,2023/024178,Rezydencki,87.68,4.50,19.10.2023 14:29:04,22,NIE,,
j-2023,10,21.11.2023,22.11.2023 09:32:30,63,135,Mazowieckie,455,Neurologia,2023/022471,Rezydencki,87.44,4.07,30.09.2023 16:48:51,22,NIE,,
j-2023,10,21.11.2023,22.11.2023 09:32:30,63,135,Mazowieckie,456,Neurologia,2023/027812,Rezydencki,87.32,4.34,01.10.2023 18:46:41,22,NIE,,
j-2023,10,21.11.2023,22.11.2023 09:32:30,63,135,Mazowieckie,457,Neurologia,2023/019325,Rezydencki,87.32,4.17,01.10.2023 20:35:09,22,NIE,,
j-2023,10,21.11.2023,22.11.2023 09:32:30,63,135,Mazowieckie,458,Neurologia,2023/024091,Rezydencki,87.25,4.10,23.10.2023 15:12:00,22,NIE,,
j-2023,10,21.11.2023,22.11.2023 09:32:30,63,135,Mazowieckie,459,Neurologia,2023/025996,Rezydencki,85.99,3.81,02.10.2023 22:19:18,22,NIE,,
j-2023,10,21.11.2023,22.11.2023 09:32:30,63,135,Mazowieckie,460,Neurologia,2023/026949,Rezydencki,85.78,4.41,01.10.2023 12:49:39,22,NIE,,
j-2023,10,21.11.2023,22.11.2023 09:32:30,63,135,Mazowieckie,461,Neurologia,2023/024808,Rezydencki,85.02,4.00,21.09.2023 18:10:39,22,NIE,,
j-2023,10,21.11.2023,22.11.2023 09:32:30,63,135,Mazowieckie,462,Neurologia,2023/029035,Rezydencki,84.88,3.54,18.10.2023 10:23:50,22,NIE,,
j-2023,10,21.11.2023,22.11.2023 09:32:30,63,135,Mazowieckie,463,Neurologia,2023/029397,Rezydencki,84.39,3.76,30.09.2023 10:56:45,22,NIE,,
j-2023,10,21.11.2023,22.11.2023 09:32:30,63,135,Mazowieckie,464,Neurologia,2023/029570,Pozarezydencki,71.63,3.89,02.10.2023 19:18:36,2,NIE,,
j-2023,10,21.11.2023,22.11.2023 09:32:30,63,135,Mazowieckie,465,Neurologia,2023/030073,Pozarezydencki,51.40,0.00,13.10.2023 08:35:39,2,NIE,,
j-2023,10,21.11.2023,22.11.2023 09:32:30,63,135,Mazowieckie,466,Neurologia dziecięca,2023/020383,Rezydencki,90.34,4.61,15.09.2023 14:04:20,4,NIE,,
j-2023,10,21.11.2023,22.11.2023 09:32:30,63,135,Mazowieckie,467,Neurologia dziecięca,2023/028366,Rezydencki,87.25,4.31,29.09.2023 19:13:57,4,NIE,,
j-2023,10,21.11.2023,22.11.2023 09:32:30,63,135,Mazowieckie,468,Neurologia dziecięca,2023/027293,Rezydencki,87.25,4.31,01.10.2023 19:41:34,4,NIE,,
j-2023,10,21.11.2023,22.11.2023 09:32:30,63,135,Mazowieckie,469,Neurologia dziecięca,2023/028825,Rezydencki,87.07,3.85,29.09.2023 11:24:28,4,NIE,,
j-2023,10,21.11.2023,22.11.2023 09:32:30,63,135,Mazowieckie,470,Neurologia dziecięca,2023/019456,Pozarezydencki,84.55,4.10,11.09.2023 14:12:46,4,NIE,,
j-2023,10,21.11.2023,22.11.2023 09:32:30,63,135,Mazowieckie,471,Neurologia dziecięca,2023/021537,Pozarezydencki,80.00,3.79,11.10.2023 14:42:17,4,NIE,,
j-2023,10,21.11.2023,22.11.2023 09:32:30,63,135,Mazowieckie,472,Neurologia dziecięca,2023/021558,Pozarezydencki,75.45,4.35,09.09.2023 17:46:34,4,NIE,,
j-2023,10,21.11.2023,22.11.2023 09:32:30,63,135,Mazowieckie,473,Neurologia dziecięca,2023/030459,Pozarezydencki,73.18,0.00,09.10.2023 21:41:34,4,NIE,,
j-2023,10,21.11.2023,22.11.2023 09:32:30,63,135,Mazowieckie,474,Okulistyka,2023/022495,Rezydencki,91.79,4.47,30.09.2023 23:11:48,10,NIE,,
j-2023,10,21.11.2023,22.11.2023 09:32:30,63,135,Mazowieckie,475,Okulistyka,2023/027298,Rezydencki,91.22,4.32,28.09.2023 14:36:03,10,NIE,,
j-2023,10,21.11.2023,22.11.2023 09:32:30,63,135,Mazowieckie,476,Okulistyka,2023/022445,Rezydencki,90.98,4.73,02.10.2023 14:48:53,10,NIE,,
j-2023,10,21.11.2023,22.11.2023 09:32:30,63,135,Mazowieckie,477,Okulistyka,2023/023772,Rezydencki,90.69,4.21,01.10.2023 10:04:49,10,NIE,,
j-2023,10,21.11.2023,22.11.2023 09:32:30,63,135,Mazowieckie,478,Okulistyka,2023/025449,Rezydencki,90.24,4.56,18.10.2023 17:29:01,10,NIE,,
j-2023,10,21.11.2023,22.11.2023 09:32:30,63,135,Mazowieckie,479,Okulistyka,2023/029905,Rezydencki,90.24,4.10,01.10.2023 14:32:58,10,NIE,,
j-2023,10,21.11.2023,22.11.2023 09:32:30,63,135,Mazowieckie,480,Okulistyka,2023/021794,Rezydencki,89.71,4.17,02.10.2023 20:46:47,10,NIE,,
j-2023,10,21.11.2023,22.11.2023 09:32:30,63,135,Mazowieckie,481,Okulistyka,2023/020985,Rezydencki,89.51,3.41,01.10.2023 14:06:05,10,NIE,,
j-2023,10,21.11.2023,22.11.2023 09:32:30,63,135,Mazowieckie,482,Okulistyka,2023/027125,Rezydencki,89.46,4.33,29.09.2023 18:48:16,10,NIE,,
j-2023,10,21.11.2023,22.11.2023 09:32:30,63,135,Mazowieckie,483,Okulistyka,2023/020091,Rezydencki,89.27,4.76,02.10.2023 23:58:18,10,NIE,,
j-2023,10,21.11.2023,22.11.2023 09:32:30,63,135,Mazowieckie,484,Onkologia i hematologia dziecięca,2023/026885,Pozarezydencki,80.00,4.44,27.10.2023 17:32:24,2,NIE,,
j-2023,10,21.11.2023,22.11.2023 09:32:30,63,135,Mazowieckie,485,Onkologia i hematologia dziecięca,2023/020411,Pozarezydencki,71.14,3.61,13.10.2023 08:44:33,2,NIE,,
j-2023,10,21.11.2023,22.11.2023 09:32:30,63,135,Mazowieckie,486,Onkologia kliniczna,2023/028904,Rezydencki,91.18,4.61,02.10.2023 22:25:49,14,NIE,,
j-2023,10,21.11.2023,22.11.2023 09:32:30,63,135,Mazowieckie,487,Onkologia kliniczna,2023/019225,Rezydencki,87.92,3.72,28.09.2023 23:16:06,14,NIE,,
j-2023,10,21.11.2023,22.11.2023 09:32:30,63,135,Mazowieckie,488,Onkologia kliniczna,2023/026231,Rezydencki,87.25,4.48,02.10.2023 20:07:54,14,NIE,,
j-2023,10,21.11.2023,22.11.2023 09:32:30,63,135,Mazowieckie,489,Onkologia kliniczna,2023/023030,Rezydencki,86.47,3.89,06.10.2023 18:53:12,14,NIE,,
j-2023,10,21.11.2023,22.11.2023 09:32:30,63,135,Mazowieckie,490,Onkologia kliniczna,2023/031010,Rezydencki,85.85,3.56,02.10.2023 21:43:49,14,NIE,,
j-2023,10,21.11.2023,22.11.2023 09:32:30,63,135,Mazowieckie,491,Onkologia kliniczna,2023/026578,Rezydencki,85.78,3.98,28.09.2023 09:37:49,14,NIE,,
j-2023,10,21.11.2023,22.11.2023 09:32:30,63,135,Mazowieckie,492,Onkologia kliniczna,2023/026226,Rezydencki,85.37,4.40,02.10.2023 20:16:20,14,NIE,,
j-2023,10,21.11.2023,22.11.2023 09:32:30,64,135,Mazowieckie,493,Onkologia kliniczna,2023/025130,Rezydencki,84.06,4.30,02.10.2023 17:40:39,14,NIE,,
j-2023,10,21.11.2023,22.11.2023 09:32:30,64,135,Mazowieckie,494,Onkologia kliniczna,2023/019734,Rezydencki,83.57,3.73,27.09.2023 19:03:27,14,NIE,,
j-2023,10,21.11.2023,22.11.2023 09:32:30,64,135,Mazowieckie,495,Onkologia kliniczna,2023/028742,Rezydencki,81.46,3.44,29.09.2023 16:55:19,14,NIE,,
j-2023,10,21.11.2023,22.11.2023 09:32:30,64,135,Mazowieckie,496,Onkologia kliniczna,2023/024886,Rezydencki,80.49,3.59,27.09.2023 18:53:51,14,NIE,,
j-2023,10,21.11.2023,22.11.2023 09:32:30,64,135,Mazowieckie,497,Onkologia kliniczna,2023/020064,Rezydencki,79.27,3.53,11.09.2023 10:51:11,14,NIE,,
j-2023,10,21.11.2023,22.11.2023 09:32:30,64,135,Mazowieckie,498,Onkologia kliniczna,2023/025442,Rezydencki,79.17,3.60,26.10.2023 11:58:06,14,NIE,,
j-2023,10,21.11.2023,22.11.2023 09:32:30,64,135,Mazowieckie,499,Onkologia kliniczna,2023/030587,Rezydencki,71.43,0.00,02.10.2023 18:26:05,14,NIE,,
j-2023,10,21.11.2023,22.11.2023 09:32:30,64,135,Mazowieckie,500,Ortodoncja,2023/020314,Rezydencki,88.89,4.71,28.09.2023 18:37:49,6,NIE,,
j-2023,10,21.11.2023,22.11.2023 09:32:30,64,135,Mazowieckie,501,Ortodoncja,2023/019558,Rezydencki,88.41,4.33,01.09.2023 11:19:24,6,NIE,,
j-2023,10,21.11.2023,22.11.2023 09:32:30,64,135,Mazowieckie,502,Ortodoncja,2023/025185,Rezydencki,87.92,4.48,20.10.2023 17:05:42,6,NIE,,
j-2023,10,21.11.2023,22.11.2023 09:32:30,64,135,Mazowieckie,503,Ortodoncja,2023/022566,Rezydencki,87.56,4.69,26.09.2023 21:27:46,6,NIE,,
j-2023,10,21.11.2023,22.11.2023 09:32:30,64,135,Mazowieckie,504,Ortodoncja,2023/020216,Rezydencki,87.44,3.96,03.09.2023 17:35:02,6,NIE,,
j-2023,10,21.11.2023,22.11.2023 09:32:30,64,135,Mazowieckie,505,Ortodoncja,2023/020056,Rezydencki,86.96,4.36,17.10.2023 21:11:16,6,NIE,,
j-2023,10,21.11.2023,22.11.2023 09:32:30,64,135,Mazowieckie,506,Ortopedia i traumatologia narządu ruchu,2023/030176,Rezydencki,90.98,4.17,01.10.2023 22:43:35,37,NIE,,
j-2023,10,21.11.2023,22.11.2023 09:32:30,64,135,Mazowieckie,507,Ortopedia i traumatologia narządu ruchu,2023/021007,Rezydencki,90.34,4.52,29.09.2023 14:07:22,37,NIE,,
j-2023,10,21.11.2023,22.11.2023 09:32:30,64,135,Mazowieckie,508,Ortopedia i traumatologia narządu ruchu,2023/019428,Rezydencki,90.20,3.87,01.09.2023 09:36:34,37,NIE,,
j-2023,10,21.11.2023,22.11.2023 09:32:30,64,135,Mazowieckie,509,Ortopedia i traumatologia narządu ruchu,2023/027149,Rezydencki,89.61,4.30,29.09.2023 21:57:44,37,NIE,,
j-2023,10,21.11.2023,22.11.2023 09:32:30,64,135,Mazowieckie,510,Ortopedia i traumatologia narządu ruchu,2023/023200,Rezydencki,88.89,4.22,15.09.2023 19:19:42,37,NIE,,
j-2023,10,21.11.2023,22.11.2023 09:32:30,64,135,Mazowieckie,511,Ortopedia i traumatologia narządu ruchu,2023/029209,Rezydencki,88.65,3.94,02.10.2023 09:29:42,37,NIE,,
j-2023,10,21.11.2023,22.11.2023 09:32:30,64,135,Mazowieckie,512,Ortopedia i traumatologia narządu ruchu,2023/026784,Rezydencki,88.41,4.16,20.10.2023 13:38:13,37,NIE,,
j-2023,10,21.11.2023,22.11.2023 09:32:30,64,135,Mazowieckie,513,Ortopedia i traumatologia narządu ruchu,2023/025972,Rezydencki,87.50,3.97,27.09.2023 16:16:46,37,NIE,,
j-2023,10,21.11.2023,22.11.2023 09:32:30,64,135,Mazowieckie,514,Ortopedia i traumatologia narządu ruchu,2023/030197,Rezydencki,86.96,4.18,01.10.2023 22:19:16,37,NIE,,
j-2023,10,21.11.2023,22.11.2023 09:32:30,64,135,Mazowieckie,515,Ortopedia i traumatologia narządu ruchu,2023/024719,Rezydencki,86.96,3.92,25.10.2023 15:46:08,37,NIE,,
j-2023,10,21.11.2023,22.11.2023 09:32:30,64,135,Mazowieckie,516,Ortopedia i traumatologia narządu ruchu,2023/028622,Rezydencki,86.83,3.97,01.10.2023 23:22:58,37,NIE,,
j-2023,10,21.11.2023,22.11.2023 09:32:30,64,135,Mazowieckie,517,Ortopedia i traumatologia narządu ruchu,2023/028197,Rezydencki,86.27,4.00,28.09.2023 17:35:36,37,NIE,,
j-2023,10,21.11.2023,22.11.2023 09:32:30,64,135,Mazowieckie,518,Ortopedia i traumatologia narządu ruchu,2023/028537,Rezydencki,86.27,3.68,28.09.2023 21:01:04,37,NIE,,
j-2023,10,21.11.2023,22.11.2023 09:32:30,64,135,Mazowieckie,519,Ortopedia i traumatologia narządu ruchu,2023/020255,Rezydencki,86.03,3.59,24.09.2023 14:00:47,37,NIE,,
j-2023,10,21.11.2023,22.11.2023 09:32:30,64,135,Mazowieckie,520,Ortopedia i traumatologia narządu ruchu,2023/030581,Rezydencki,85.85,3.95,02.10.2023 15:05:40,37,NIE,,
j-2023,10,21.11.2023,22.11.2023 09:32:30,64,135,Mazowieckie,521,Ortopedia i traumatologia narządu ruchu,2023/026193,Rezydencki,85.85,3.85,02.10.2023 22:19:04,37,NIE,,
j-2023,10,21.11.2023,22.11.2023 09:32:30,64,135,Mazowieckie,522,Ortopedia i traumatologia narządu ruchu,2023/027751,Rezydencki,85.78,3.80,18.10.2023 12:37:20,37,NIE,,
j-2023,10,21.11.2023,22.11.2023 09:32:30,64,135,Mazowieckie,523,Ortopedia i traumatologia narządu ruchu,2023/027626,Rezydencki,85.37,4.42,02.10.2023 23:38:12,37,NIE,,
j-2023,10,21.11.2023,22.11.2023 09:32:30,64,135,Mazowieckie,524,Ortopedia i traumatologia narządu ruchu,2023/025873,Rezydencki,85.37,3.95,02.10.2023 19:37:41,37,NIE,,
j-2023,10,21.11.2023,22.11.2023 09:32:30,64,135,Mazowieckie,525,Ortopedia i traumatologia narządu ruchu,2023/025971,Rezydencki,85.29,3.92,02.10.2023 15:29:28,37,NIE,,
j-2023,10,21.11.2023,22.11.2023 09:32:30,64,135,Mazowieckie,526,Ortopedia i traumatologia narządu ruchu,2023/030078,Rezydencki,84.88,3.74,02.10.2023 15:59:27,37,NIE,,
j-2023,10,21.11.2023,22.11.2023 09:32:30,64,135,Mazowieckie,527,Ortopedia i traumatologia narządu ruchu,2023/026600,Rezydencki,84.80,4.05,02.10.2023 15:35:13,37,NIE,,
j-2023,10,21.11.2023,22.11.2023 09:32:30,64,135,Mazowieckie,528,Ortopedia i traumatologia narządu ruchu,2023/022494,Rezydencki,84.31,3.94,27.09.2023 13:29:32,37,NIE,,
j-2023,10,21.11.2023,22.11.2023 09:32:30,64,135,Mazowieckie,529,Ortopedia i traumatologia narządu ruchu,2023/028402,Rezydencki,83.82,3.51,29.09.2023 19:17:38,37,NIE,,
j-2023,10,21.11.2023,22.11.2023 09:32:30,64,135,Mazowieckie,530,Ortopedia i traumatologia narządu ruchu,2023/031074,Rezydencki,83.41,3.20,02.10.2023 22:23:07,37,NIE,,
j-2023,10,21.11.2023,22.11.2023 09:32:30,65,135,Mazowieckie,531,Ortopedia i traumatologia narządu ruchu,2023/020849,Rezydencki,83.33,4.06,01.10.2023 22:55:06,37,NIE,,
j-2023,10,21.11.2023,22.11.2023 09:32:30,65,135,Mazowieckie,532,Ortopedia i traumatologia narządu ruchu,2023/029230,Rezydencki,83.33,3.83,01.10.2023 16:43:22,37,NIE,,
j-2023,10,21.11.2023,22.11.2023 09:32:30,65,135,Mazowieckie,533,Ortopedia i traumatologia narządu ruchu,2023/028343,Rezydencki,83.33,2.96,10.10.2023 15:54:29,37,NIE,,
j-2023,10,21.11.2023,22.11.2023 09:32:30,65,135,Mazowieckie,534,Ortopedia i traumatologia narządu ruchu,2023/029435,Rezydencki,83.09,3.54,02.10.2023 22:54:17,37,NIE,,
j-2023,10,21.11.2023,22.11.2023 09:32:30,65,135,Mazowieckie,535,Ortopedia i traumatologia narządu ruchu,2023/025937,Rezydencki,83.09,3.35,25.09.2023 13:26:16,37,NIE,,
j-2023,10,21.11.2023,22.11.2023 09:32:30,65,135,Mazowieckie,536,Ortopedia i traumatologia narządu ruchu,2023/029163,Rezydencki,82.61,4.46,29.09.2023 19:16:21,37,NIE,,
j-2023,10,21.11.2023,22.11.2023 09:32:30,65,135,Mazowieckie,537,Ortopedia i traumatologia narządu ruchu,2023/024321,Rezydencki,82.44,3.69,19.10.2023 10:05:18,37,NIE,,
j-2023,10,21.11.2023,22.11.2023 09:32:30,65,135,Mazowieckie,538,Ortopedia i traumatologia narządu ruchu,2023/028883,Rezydencki,80.68,4.14,02.10.2023 21:12:17,37,NIE,,
j-2023,10,21.11.2023,22.11.2023 09:32:30,65,135,Mazowieckie,539,Ortopedia i traumatologia narządu ruchu,2023/025717,Rezydencki,78.68,3.83,01.10.2023 22:23:07,37,NIE,,
j-2023,10,21.11.2023,22.11.2023 09:32:30,65,135,Mazowieckie,540,Ortopedia i traumatologia narządu ruchu,2023/027917,Rezydencki,78.26,3.28,28.09.2023 10:16:35,37,NIE,,
j-2023,10,21.11.2023,22.11.2023 09:32:30,65,135,Mazowieckie,541,Ortopedia i traumatologia narządu ruchu,2023/025620,Rezydencki,77.78,3.68,24.09.2023 20:31:11,37,NIE,,
j-2023,10,21.11.2023,22.11.2023 09:32:30,65,135,Mazowieckie,542,Ortopedia i traumatologia narządu ruchu,2023/026911,Rezydencki,76.34,4.01,07.10.2023 13:45:06,37,NIE,,
j-2023,10,21.11.2023,22.11.2023 09:32:30,65,135,Mazowieckie,543,Ortopedia i traumatologia narządu ruchu,2023/019640,Pozarezydencki,74.19,3.53,26.09.2023 22:39:40,7,NIE,,
j-2023,10,21.11.2023,22.11.2023 09:32:30,65,135,Mazowieckie,544,Ortopedia i traumatologia narządu ruchu,2023/020177,Pozarezydencki,73.96,3.09,16.10.2023 13:50:53,7,NIE,,
j-2023,10,21.11.2023,22.11.2023 09:32:30,65,135,Mazowieckie,545,Ortopedia i traumatologia narządu ruchu,2023/028676,Pozarezydencki,73.83,4.05,24.10.2023 15:23:00,7,NIE,,
j-2023,10,21.11.2023,22.11.2023 09:32:30,65,135,Mazowieckie,546,Ortopedia i traumatologia narządu ruchu,2023/026148,Pozarezydencki,73.36,3.57,26.09.2023 19:10:10,7,NIE,,
j-2023,10,21.11.2023,22.11.2023 09:32:30,65,135,Mazowieckie,547,Ortopedia i traumatologia narządu ruchu,2023/028507,Pozarezydencki,73.02,3.28,02.10.2023 23:29:28,7,NIE,,
j-2023,10,21.11.2023,22.11.2023 09:32:30,65,135,Mazowieckie,548,Ortopedia i traumatologia narządu ruchu,2023/022438,Pozarezydencki,72.90,3.80,03.10.2023 19:45:19,7,NIE,,
j-2023,10,21.11.2023,22.11.2023 09:32:30,65,135,Mazowieckie,549,Ortopedia i traumatologia narządu ruchu,2023/026076,Pozarezydencki,70.56,3.32,24.10.2023 14:35:39,7,NIE,,
j-2023,10,21.11.2023,22.11.2023 09:32:30,65,135,Mazowieckie,550,Otorynolaryngologia,2023/028640,Rezydencki,91.22,3.98,02.10.2023 21:48:20,13,NIE,,
j-2023,10,21.11.2023,22.11.2023 09:32:30,65,135,Mazowieckie,551,Otorynolaryngologia,2023/019475,Rezydencki,90.58,4.47,23.09.2023 11:45:00,13,NIE,,
j-2023,10,21.11.2023,22.11.2023 09:32:30,65,135,Mazowieckie,552,Otorynolaryngologia,2023/029041,Rezydencki,89.86,4.56,29.09.2023 16:11:21,13,NIE,,
j-2023,10,21.11.2023,22.11.2023 09:32:30,65,135,Mazowieckie,553,Otorynolaryngologia,2023/026478,Rezydencki,88.89,4.41,02.10.2023 18:19:13,13,NIE,,
j-2023,10,21.11.2023,22.11.2023 09:32:30,65,135,Mazowieckie,554,Otorynolaryngologia,2023/022690,Rezydencki,88.05,4.15,21.09.2023 17:01:50,13,NIE,,
j-2023,10,21.11.2023,22.11.2023 09:32:30,65,135,Mazowieckie,555,Otorynolaryngologia,2023/029734,Rezydencki,87.92,3.78,10.10.2023 21:09:45,13,NIE,,
j-2023,10,21.11.2023,22.11.2023 09:32:30,65,135,Mazowieckie,556,Otorynolaryngologia,2023/028316,Rezydencki,87.50,4.13,02.10.2023 20:34:45,13,NIE,,
j-2023,10,21.11.2023,22.11.2023 09:32:30,65,135,Mazowieckie,557,Otorynolaryngologia,2023/020662,Rezydencki,87.32,3.69,29.09.2023 15:35:12,13,NIE,,
j-2023,10,21.11.2023,22.11.2023 09:32:30,65,135,Mazowieckie,558,Otorynolaryngologia,2023/027313,Rezydencki,87.25,3.53,27.09.2023 18:38:57,13,NIE,,
j-2023,10,21.11.2023,22.11.2023 09:32:30,65,135,Mazowieckie,559,Otorynolaryngologia,2023/019250,Rezydencki,87.07,3.76,13.10.2023 14:58:53,13,NIE,,
j-2023,10,21.11.2023,22.11.2023 09:32:30,65,135,Mazowieckie,560,Otorynolaryngologia,2023/024547,Rezydencki,86.96,4.03,23.10.2023 12:49:29,13,NIE,,
j-2023,10,21.11.2023,22.11.2023 09:32:30,65,135,Mazowieckie,561,Otorynolaryngologia,2023/028721,Rezydencki,86.27,3.82,18.10.2023 15:07:55,13,NIE,,
j-2023,10,21.11.2023,22.11.2023 09:32:30,65,135,Mazowieckie,562,Otorynolaryngologia,2023/023948,Rezydencki,85.85,3.61,18.10.2023 13:29:40,13,NIE,,
j-2023,10,21.11.2023,22.11.2023 09:32:30,65,135,Mazowieckie,563,Otorynolaryngologia,2023/026980,Pozarezydencki,78.97,3.81,27.09.2023 20:03:31,2,NIE,,
j-2023,10,21.11.2023,22.11.2023 09:32:30,65,135,Mazowieckie,564,Otorynolaryngologia,2023/030851,Pozarezydencki,66.51,3.80,02.10.2023 19:45:13,2,NIE,,
j-2023,10,21.11.2023,22.11.2023 09:32:30,65,135,Mazowieckie,565,Otorynolaryngologia dziecięca,2023/022419,Rezydencki,88.24,4.38,30.09.2023 22:14:31,3,NIE,,
j-2023,10,21.11.2023,22.11.2023 09:32:30,65,135,Mazowieckie,566,Otorynolaryngologia dziecięca,2023/026474,Rezydencki,85.37,3.98,30.09.2023 13:31:02,3,NIE,,
j-2023,10,21.11.2023,22.11.2023 09:32:30,65,135,Mazowieckie,567,Otorynolaryngologia dziecięca,2023/029109,Rezydencki,85.37,3.49,02.10.2023 23:45:34,3,NIE,,
j-2023,10,21.11.2023,22.11.2023 09:32:30,65,135,Mazowieckie,568,Patomorfologia,2023/026723,Rezydencki,87.44,4.61,26.09.2023 16:40:25,6,NIE,,
j-2023,10,21.11.2023,22.11.2023 09:32:30,66,135,Mazowieckie,569,Patomorfologia,2023/020041,Rezydencki,82.84,3.66,02.09.2023 18:08:52,6,NIE,,
j-2023,10,21.11.2023,22.11.2023 09:32:30,66,135,Mazowieckie,570,Patomorfologia,2023/019670,Rezydencki,78.54,3.75,28.09.2023 15:59:49,6,NIE,,
j-2023,10,21.11.2023,22.11.2023 09:32:30,66,135,Mazowieckie,571,Patomorfologia,2023/021461,Rezydencki,76.81,3.26,12.10.2023 19:01:29,6,NIE,,
j-2023,10,21.11.2023,22.11.2023 09:32:30,66,135,Mazowieckie,572,Patomorfologia,2023/028976,Rezydencki,69.05,4.41,29.09.2023 16:17:13,6,NIE,,
j-2023,10,21.11.2023,22.11.2023 09:32:30,66,135,Mazowieckie,573,Patomorfologia,2023/030957,Rezydencki,60.29,0.00,02.10.2023 21:01:59,6,NIE,,
j-2023,10,21.11.2023,22.11.2023 09:32:30,66,135,Mazowieckie,574,Patomorfologia,2023/021735,Pozarezydencki,66.21,4.12,10.10.2023 14:26:43,1,NIE,,
j-2023,10,21.11.2023,22.11.2023 09:32:30,66,135,Mazowieckie,575,Pediatria,2023/023496,Rezydencki,92.44,4.87,28.09.2023 12:08:05,52,NIE,,
j-2023,10,21.11.2023,22.11.2023 09:32:30,66,135,Mazowieckie,576,Pediatria,2023/020724,Rezydencki,92.27,4.69,08.09.2023 15:02:52,52,NIE,,
j-2023,10,21.11.2023,22.11.2023 09:32:30,66,135,Mazowieckie,577,Pediatria,2023/026405,Rezydencki,91.71,4.77,01.10.2023 14:57:49,52,NIE,,
j-2023,10,21.11.2023,22.11.2023 09:32:30,66,135,Mazowieckie,578,Pediatria,2023/028954,Rezydencki,90.49,4.35,29.09.2023 14:23:16,52,NIE,,
j-2023,10,21.11.2023,22.11.2023 09:32:30,66,135,Mazowieckie,579,Pediatria,2023/026747,Rezydencki,90.44,4.24,28.09.2023 15:51:59,52,NIE,,
j-2023,10,21.11.2023,22.11.2023 09:32:30,66,135,Mazowieckie,580,Pediatria,2023/026333,Rezydencki,90.34,4.73,02.10.2023 10:05:53,52,NIE,,
j-2023,10,21.11.2023,22.11.2023 09:32:30,66,135,Mazowieckie,581,Pediatria,2023/026295,Rezydencki,90.24,4.27,28.09.2023 23:21:40,52,NIE,,
j-2023,10,21.11.2023,22.11.2023 09:32:30,66,135,Mazowieckie,582,Pediatria,2023/025451,Rezydencki,90.20,4.15,02.10.2023 15:55:45,52,NIE,,
j-2023,10,21.11.2023,22.11.2023 09:32:30,66,135,Mazowieckie,583,Pediatria,2023/023837,Rezydencki,90.00,4.69,02.10.2023 10:45:32,52,NIE,,
j-2023,10,21.11.2023,22.11.2023 09:32:30,66,135,Mazowieckie,584,Pediatria,2023/028225,Rezydencki,89.76,4.34,02.10.2023 22:21:32,52,NIE,,
j-2023,10,21.11.2023,22.11.2023 09:32:30,66,135,Mazowieckie,585,Pediatria,2023/025918,Rezydencki,89.71,4.03,29.09.2023 20:47:37,52,NIE,,
j-2023,10,21.11.2023,22.11.2023 09:32:30,66,135,Mazowieckie,586,Pediatria,2023/026769,Rezydencki,89.46,4.61,29.09.2023 21:31:44,52,NIE,,
j-2023,10,21.11.2023,22.11.2023 09:32:30,66,135,Mazowieckie,587,Pediatria,2023/024792,Rezydencki,89.46,4.19,12.10.2023 13:13:54,52,NIE,,
j-2023,10,21.11.2023,22.11.2023 09:32:30,66,135,Mazowieckie,588,Pediatria,2023/020553,Rezydencki,89.46,4.17,20.09.2023 16:42:14,52,NIE,,
j-2023,10,21.11.2023,22.11.2023 09:32:30,66,135,Mazowieckie,589,Pediatria,2023/024119,Rezydencki,89.37,4.24,28.09.2023 21:59:08,52,NIE,,
j-2023,10,21.11.2023,22.11.2023 09:32:30,66,135,Mazowieckie,590,Pediatria,2023/020296,Rezydencki,89.27,3.82,29.09.2023 10:20:52,52,NIE,,
j-2023,10,21.11.2023,22.11.2023 09:32:30,66,135,Mazowieckie,591,Pediatria,2023/023838,Rezydencki,89.22,4.40,25.09.2023 16:29:21,52,NIE,,
j-2023,10,21.11.2023,22.11.2023 09:32:30,66,135,Mazowieckie,592,Pediatria,2023/026141,Rezydencki,88.97,4.06,27.09.2023 13:59:51,52,NIE,,
j-2023,10,21.11.2023,22.11.2023 09:32:30,66,135,Mazowieckie,593,Pediatria,2023/024840,Rezydencki,88.89,4.11,21.09.2023 20:42:00,52,NIE,,
j-2023,10,21.11.2023,22.11.2023 09:32:30,66,135,Mazowieckie,594,Pediatria,2023/024161,Rezydencki,88.89,4.09,19.09.2023 20:27:22,52,NIE,,
j-2023,10,21.11.2023,22.11.2023 09:32:30,66,135,Mazowieckie,595,Pediatria,2023/024487,Rezydencki,88.78,4.65,28.09.2023 12:08:02,52,NIE,,
j-2023,10,21.11.2023,22.11.2023 09:32:30,66,135,Mazowieckie,596,Pediatria,2023/027170,Rezydencki,88.78,4.35,01.10.2023 21:31:03,52,NIE,,
j-2023,10,21.11.2023,22.11.2023 09:32:30,66,135,Mazowieckie,597,Pediatria,2023/028998,Rezydencki,88.78,3.95,17.10.2023 21:49:39,52,NIE,,
j-2023,10,21.11.2023,22.11.2023 09:32:30,66,135,Mazowieckie,598,Pediatria,2023/020367,Rezydencki,88.73,4.42,04.09.2023 20:17:11,52,NIE,,
j-2023,10,21.11.2023,22.11.2023 09:32:30,66,135,Mazowieckie,599,Pediatria,2023/020866,Rezydencki,88.29,4.13,29.09.2023 07:41:00,52,NIE,,
j-2023,10,21.11.2023,22.11.2023 09:32:30,66,135,Mazowieckie,600,Pediatria,2023/020275,Rezydencki,88.24,4.20,02.10.2023 11:47:08,52,NIE,,
j-2023,10,21.11.2023,22.11.2023 09:32:30,66,135,Mazowieckie,601,Pediatria,2023/022721,Rezydencki,88.24,3.97,28.09.2023 09:05:55,52,NIE,,
j-2023,10,21.11.2023,22.11.2023 09:32:30,66,135,Mazowieckie,602,Pediatria,2023/029511,Rezydencki,87.80,4.09,30.09.2023 15:49:30,52,NIE,,
j-2023,10,21.11.2023,22.11.2023 09:32:30,66,135,Mazowieckie,603,Pediatria,2023/027930,Rezydencki,87.75,4.42,02.10.2023 14:11:39,52,NIE,,
j-2023,10,21.11.2023,22.11.2023 09:32:30,66,135,Mazowieckie,604,Pediatria,2023/028927,Rezydencki,87.75,4.31,11.10.2023 12:11:54,52,NIE,,
j-2023,10,21.11.2023,22.11.2023 09:32:30,66,135,Mazowieckie,605,Pediatria,2023/020710,Rezydencki,87.75,4.15,19.10.2023 18:12:43,52,NIE,,
j-2023,10,21.11.2023,22.11.2023 09:32:30,66,135,Mazowieckie,606,Pediatria,2023/022569,Rezydencki,87.68,4.32,05.10.2023 11:59:36,52,NIE,,
j-2023,10,21.11.2023,22.11.2023 09:32:30,67,135,Mazowieckie,607,Pediatria,2023/029512,Rezydencki,87.44,4.36,19.10.2023 18:15:50,52,NIE,,
j-2023,10,21.11.2023,22.11.2023 09:32:30,67,135,Mazowieckie,608,Pediatria,2023/026904,Rezydencki,87.32,4.35,29.09.2023 09:00:04,52,NIE,,
j-2023,10,21.11.2023,22.11.2023 09:32:30,67,135,Mazowieckie,609,Pediatria,2023/028532,Rezydencki,87.32,3.74,19.10.2023 11:48:12,52,NIE,,
j-2023,10,21.11.2023,22.11.2023 09:32:30,67,135,Mazowieckie,610,Pediatria,2023/021922,Rezydencki,87.25,4.32,10.09.2023 18:27:01,52,NIE,,
j-2023,10,21.11.2023,22.11.2023 09:32:30,67,135,Mazowieckie,611,Pediatria,2023/020214,Rezydencki,86.96,4.06,11.10.2023 15:16:04,52,NIE,,
j-2023,10,21.11.2023,22.11.2023 09:32:30,67,135,Mazowieckie,612,Pediatria,2023/028517,Rezydencki,86.96,3.89,29.09.2023 18:16:38,52,NIE,,
j-2023,10,21.11.2023,22.11.2023 09:32:30,67,135,Mazowieckie,613,Pediatria,2023/027616,Rezydencki,86.96,3.69,27.09.2023 21:30:29,52,NIE,,
j-2023,10,21.11.2023,22.11.2023 09:32:30,67,135,Mazowieckie,614,Pediatria,2023/019813,Rezydencki,86.83,4.57,28.09.2023 15:43:13,52,NIE,,
j-2023,10,21.11.2023,22.11.2023 09:32:30,67,135,Mazowieckie,615,Pediatria,2023/030629,Rezydencki,86.83,4.21,02.10.2023 16:36:22,52,NIE,,
j-2023,10,21.11.2023,22.11.2023 09:32:30,67,135,Mazowieckie,616,Pediatria,2023/023951,Rezydencki,86.76,3.77,26.09.2023 13:50:17,52,NIE,,
j-2023,10,21.11.2023,22.11.2023 09:32:30,67,135,Mazowieckie,617,Pediatria,2023/020464,Rezydencki,86.71,4.11,02.10.2023 15:05:38,52,NIE,,
j-2023,10,21.11.2023,22.11.2023 09:32:30,67,135,Mazowieckie,618,Pediatria,2023/030014,Rezydencki,86.59,4.53,02.10.2023 23:16:47,52,NIE,,
j-2023,10,21.11.2023,22.11.2023 09:32:30,67,135,Mazowieckie,619,Pediatria,2023/022507,Rezydencki,86.52,3.75,27.09.2023 16:23:21,52,NIE,,
j-2023,10,21.11.2023,22.11.2023 09:32:30,67,135,Mazowieckie,620,Pediatria,2023/019800,Rezydencki,86.47,3.82,01.09.2023 16:53:01,52,NIE,,
j-2023,10,21.11.2023,22.11.2023 09:32:30,67,135,Mazowieckie,621,Pediatria,2023/029681,Rezydencki,86.34,3.24,02.10.2023 19:54:00,52,NIE,,
j-2023,10,21.11.2023,22.11.2023 09:32:30,67,135,Mazowieckie,622,Pediatria,2023/020992,Rezydencki,86.23,4.03,12.09.2023 11:05:58,52,NIE,,
j-2023,10,21.11.2023,22.11.2023 09:32:30,67,135,Mazowieckie,623,Pediatria,2023/029880,Rezydencki,86.19,4.65,10.10.2023 20:47:38,52,NIE,,
j-2023,10,21.11.2023,22.11.2023 09:32:30,67,135,Mazowieckie,624,Pediatria,2023/028805,Rezydencki,86.19,4.37,02.10.2023 21:35:46,52,NIE,,
j-2023,10,21.11.2023,22.11.2023 09:32:30,67,135,Mazowieckie,625,Pediatria,2023/028211,Rezydencki,85.85,3.78,28.09.2023 15:08:21,52,NIE,,
j-2023,10,21.11.2023,22.11.2023 09:32:30,67,135,Mazowieckie,626,Pediatria,2023/019870,Rezydencki,85.78,4.22,17.09.2023 10:40:55,52,NIE,,
j-2023,10,21.11.2023,22.11.2023 09:32:30,67,135,Mazowieckie,627,Pediatria,2023/025870,Pozarezydencki,87.85,4.87,02.10.2023 15:57:01,7,NIE,,
j-2023,10,21.11.2023,22.11.2023 09:32:30,67,135,Mazowieckie,628,Pediatria,2023/028709,Pozarezydencki,80.82,0.00,20.10.2023 09:56:47,7,NIE,,
j-2023,10,21.11.2023,22.11.2023 09:32:30,67,135,Mazowieckie,629,Pediatria,2023/025785,Pozarezydencki,79.53,3.90,02.10.2023 20:20:45,7,NIE,,
j-2023,10,21.11.2023,22.11.2023 09:32:30,67,135,Mazowieckie,630,Pediatria,2023/025524,Pozarezydencki,79.26,3.84,01.10.2023 23:31:57,7,NIE,,
j-2023,10,21.11.2023,22.11.2023 09:32:30,67,135,Mazowieckie,631,Pediatria,2023/029454,Pozarezydencki,75.70,3.80,26.10.2023 08:28:37,7,NIE,,
j-2023,10,21.11.2023,22.11.2023 09:32:30,67,135,Mazowieckie,632,Pediatria,2023/024055,Pozarezydencki,75.45,3.72,11.10.2023 11:21:38,7,NIE,,
j-2023,10,21.11.2023,22.11.2023 09:32:30,67,135,Mazowieckie,633,Pediatria,2023/021237,Pozarezydencki,70.91,0.00,23.10.2023 13:42:35,7,NIE,,
j-2023,10,21.11.2023,22.11.2023 09:32:30,67,135,Mazowieckie,634,Pediatria metaboliczna,2023/026466,Rezydencki,85.29,4.18,09.10.2023 10:12:46,3,NIE,,
j-2023,10,21.11.2023,22.11.2023 09:32:30,67,135,Mazowieckie,635,Pediatria metaboliczna,2023/027916,Rezydencki,76.10,3.64,02.10.2023 20:01:08,3,NIE,,
j-2023,10,21.11.2023,22.11.2023 09:32:30,67,135,Mazowieckie,636,Pediatria metaboliczna,2023/020133,Rezydencki,71.01,4.83,29.09.2023 11:54:28,3,NIE,,
j-2023,10,21.11.2023,22.11.2023 09:32:30,67,135,Mazowieckie,637,Pediatria metaboliczna,2023/026577,Pozarezydencki,84.55,4.66,05.10.2023 18:42:19,2,NIE,,
j-2023,10,21.11.2023,22.11.2023 09:32:30,67,135,Mazowieckie,638,Pediatria metaboliczna,2023/021041,Pozarezydencki,74.31,4.31,05.10.2023 13:54:53,2,NIE,,
j-2023,10,21.11.2023,22.11.2023 09:32:30,67,135,Mazowieckie,639,Perinatologia,2023/023173,Pozarezydencki,89.09,4.72,13.10.2023 06:08:12,4,NIE,,
j-2023,10,21.11.2023,22.11.2023 09:32:30,67,135,Mazowieckie,640,Perinatologia,2023/019897,Pozarezydencki,89.09,4.65,12.10.2023 18:12:33,4,NIE,,
j-2023,10,21.11.2023,22.11.2023 09:32:30,67,135,Mazowieckie,641,Perinatologia,2023/028586,Pozarezydencki,84.91,4.62,30.10.2023 22:06:42,4,NIE,,
j-2023,10,21.11.2023,22.11.2023 09:32:30,67,135,Mazowieckie,642,Perinatologia,2023/024330,Pozarezydencki,80.68,4.33,06.10.2023 19:40:28,4,NIE,,
j-2023,10,21.11.2023,22.11.2023 09:32:30,67,135,Mazowieckie,643,Położnictwo i ginekologia,2023/019752,Rezydencki,91.71,4.53,11.10.2023 14:06:10,25,NIE,,
j-2023,10,21.11.2023,22.11.2023 09:32:30,67,135,Mazowieckie,644,Położnictwo i ginekologia,2023/030003,Rezydencki,91.22,4.41,12.10.2023 23:06:50,25,NIE,,
j-2023,10,21.11.2023,22.11.2023 09:32:30,68,135,Mazowieckie,645,Położnictwo i ginekologia,2023/020100,Rezydencki,91.18,4.38,23.10.2023 17:40:07,25,NIE,,
j-2023,10,21.11.2023,22.11.2023 09:32:30,68,135,Mazowieckie,646,Położnictwo i ginekologia,2023/025664,Rezydencki,90.73,4.42,29.09.2023 22:07:24,25,NIE,,
j-2023,10,21.11.2023,22.11.2023 09:32:30,68,135,Mazowieckie,647,Położnictwo i ginekologia,2023/028444,Rezydencki,90.69,4.08,01.10.2023 22:02:08,25,NIE,,
j-2023,10,21.11.2023,22.11.2023 09:32:30,68,135,Mazowieckie,648,Położnictwo i ginekologia,2023/022814,Rezydencki,90.20,4.56,19.09.2023 21:29:46,25,NIE,,
j-2023,10,21.11.2023,22.11.2023 09:32:30,68,135,Mazowieckie,649,Położnictwo i ginekologia,2023/023169,Rezydencki,90.20,4.23,15.09.2023 16:43:19,25,NIE,,
j-2023,10,21.11.2023,22.11.2023 09:32:30,68,135,Mazowieckie,650,Położnictwo i ginekologia,2023/024667,Rezydencki,89.95,4.02,02.10.2023 19:50:34,25,NIE,,
j-2023,10,21.11.2023,22.11.2023 09:32:30,68,135,Mazowieckie,651,Położnictwo i ginekologia,2023/025892,Rezydencki,89.71,4.50,28.09.2023 14:31:26,25,NIE,,
j-2023,10,21.11.2023,22.11.2023 09:32:30,68,135,Mazowieckie,652,Położnictwo i ginekologia,2023/022262,Rezydencki,89.71,4.00,29.09.2023 13:26:42,25,NIE,,
j-2023,10,21.11.2023,22.11.2023 09:32:30,68,135,Mazowieckie,653,Położnictwo i ginekologia,2023/028675,Rezydencki,89.51,4.50,12.10.2023 02:59:40,25,NIE,,
j-2023,10,21.11.2023,22.11.2023 09:32:30,68,135,Mazowieckie,654,Położnictwo i ginekologia,2023/019886,Rezydencki,89.37,4.35,12.09.2023 21:48:46,25,NIE,,
j-2023,10,21.11.2023,22.11.2023 09:32:30,68,135,Mazowieckie,655,Położnictwo i ginekologia,2023/022616,Rezydencki,89.37,4.24,01.10.2023 11:28:57,25,NIE,,
j-2023,10,21.11.2023,22.11.2023 09:32:30,68,135,Mazowieckie,656,Położnictwo i ginekologia,2023/027257,Rezydencki,89.37,4.11,28.09.2023 16:01:36,25,NIE,,
j-2023,10,21.11.2023,22.11.2023 09:32:30,68,135,Mazowieckie,657,Położnictwo i ginekologia,2023/020285,Rezydencki,89.22,4.39,24.09.2023 19:59:31,25,NIE,,
j-2023,10,21.11.2023,22.11.2023 09:32:30,68,135,Mazowieckie,658,Położnictwo i ginekologia,2023/028500,Rezydencki,89.22,3.87,01.10.2023 21:08:15,25,NIE,,
j-2023,10,21.11.2023,22.11.2023 09:32:30,68,135,Mazowieckie,659,Położnictwo i ginekologia,2023/029793,Rezydencki,89.13,4.40,01.10.2023 22:05:49,25,NIE,,
j-2023,10,21.11.2023,22.11.2023 09:32:30,68,135,Mazowieckie,660,Położnictwo i ginekologia,2023/029293,Rezydencki,89.13,4.13,30.09.2023 15:58:58,25,NIE,,
j-2023,10,21.11.2023,22.11.2023 09:32:30,68,135,Mazowieckie,661,Położnictwo i ginekologia,2023/024445,Rezydencki,88.97,4.69,30.09.2023 22:26:06,25,NIE,,
j-2023,10,21.11.2023,22.11.2023 09:32:30,68,135,Mazowieckie,662,Położnictwo i ginekologia,2023/026740,Rezydencki,88.89,4.13,29.09.2023 12:37:26,25,NIE,,
j-2023,10,21.11.2023,22.11.2023 09:32:30,68,135,Mazowieckie,663,Położnictwo i ginekologia,2023/026780,Rezydencki,88.78,3.88,29.09.2023 20:24:24,25,NIE,,
j-2023,10,21.11.2023,22.11.2023 09:32:30,68,135,Mazowieckie,664,Położnictwo i ginekologia,2023/026544,Rezydencki,88.73,4.27,28.09.2023 19:11:14,25,NIE,,
j-2023,10,21.11.2023,22.11.2023 09:32:30,68,135,Mazowieckie,665,Położnictwo i ginekologia,2023/019376,Rezydencki,88.73,4.15,01.09.2023 09:31:21,25,NIE,,
j-2023,10,21.11.2023,22.11.2023 09:32:30,68,135,Mazowieckie,666,Położnictwo i ginekologia,2023/024079,Rezydencki,88.73,3.92,29.09.2023 19:43:12,25,NIE,,
j-2023,10,21.11.2023,22.11.2023 09:32:30,68,135,Mazowieckie,667,Położnictwo i ginekologia,2023/027924,Rezydencki,88.29,4.48,29.09.2023 09:29:13,25,NIE,,
j-2023,10,21.11.2023,22.11.2023 09:32:30,68,135,Mazowieckie,668,Położnictwo i ginekologia,2023/024447,Pozarezydencki,85.12,3.74,29.09.2023 13:18:56,9,NIE,,
j-2023,10,21.11.2023,22.11.2023 09:32:30,68,135,Mazowieckie,669,Położnictwo i ginekologia,2023/019970,Pozarezydencki,83.64,4.28,13.09.2023 14:50:34,9,NIE,,
j-2023,10,21.11.2023,22.11.2023 09:32:30,68,135,Mazowieckie,670,Położnictwo i ginekologia,2023/020123,Pozarezydencki,82.94,4.26,30.09.2023 17:33:31,9,NIE,,
j-2023,10,21.11.2023,22.11.2023 09:32:30,68,135,Mazowieckie,671,Położnictwo i ginekologia,2023/019399,Pozarezydencki,82.24,3.84,27.10.2023 09:44:02,9,NIE,,
j-2023,10,21.11.2023,22.11.2023 09:32:30,68,135,Mazowieckie,672,Położnictwo i ginekologia,2023/030837,Pozarezydencki,80.00,3.27,02.10.2023 19:08:17,9,NIE,,
j-2023,10,21.11.2023,22.11.2023 09:32:30,68,135,Mazowieckie,673,Położnictwo i ginekologia,2023/023163,Pozarezydencki,78.97,3.84,20.10.2023 11:08:55,9,NIE,,
j-2023,10,21.11.2023,22.11.2023 09:32:30,68,135,Mazowieckie,674,Położnictwo i ginekologia,2023/027323,Pozarezydencki,78.80,4.07,02.10.2023 23:25:41,9,NIE,,
j-2023,10,21.11.2023,22.11.2023 09:32:30,68,135,Mazowieckie,675,Położnictwo i ginekologia,2023/026311,Pozarezydencki,78.80,3.81,02.10.2023 17:36:00,9,NIE,,
j-2023,10,21.11.2023,22.11.2023 09:32:30,68,135,Mazowieckie,676,Położnictwo i ginekologia,2023/021090,Pozarezydencki,76.28,3.35,28.09.2023 15:14:32,9,NIE,,
j-2023,10,21.11.2023,22.11.2023 09:32:30,68,135,Mazowieckie,677,Protetyka stomatologiczna,2023/020353,Rezydencki,88.89,4.69,23.09.2023 19:19:25,3,NIE,,
j-2023,10,21.11.2023,22.11.2023 09:32:30,68,135,Mazowieckie,678,Protetyka stomatologiczna,2023/024613,Rezydencki,85.65,4.18,19.10.2023 17:54:31,3,NIE,,
j-2023,10,21.11.2023,22.11.2023 09:32:30,68,135,Mazowieckie,679,Protetyka stomatologiczna,2023/023841,Rezydencki,85.51,4.00,30.09.2023 17:40:40,3,NIE,,
j-2023,10,21.11.2023,22.11.2023 09:32:30,68,135,Mazowieckie,680,Psychiatria,2023/028279,Rezydencki,91.30,4.21,29.09.2023 16:20:35,36,NIE,,
j-2023,10,21.11.2023,22.11.2023 09:32:30,68,135,Mazowieckie,681,Psychiatria,2023/028160,Rezydencki,90.73,4.24,28.09.2023 14:05:57,36,NIE,,
j-2023,10,21.11.2023,22.11.2023 09:32:30,68,135,Mazowieckie,682,Psychiatria,2023/019590,Rezydencki,90.69,4.76,01.09.2023 12:29:06,36,NIE,,
j-2023,10,21.11.2023,22.11.2023 09:32:30,69,135,Mazowieckie,683,Psychiatria,2023/026060,Rezydencki,90.69,4.10,30.09.2023 13:14:30,36,NIE,,
j-2023,10,21.11.2023,22.11.2023 09:32:30,69,135,Mazowieckie,684,Psychiatria,2023/019228,Rezydencki,90.69,3.85,26.09.2023 15:11:06,36,NIE,,
j-2023,10,21.11.2023,22.11.2023 09:32:30,69,135,Mazowieckie,685,Psychiatria,2023/024982,Rezydencki,90.44,4.66,28.09.2023 15:27:08,36,NIE,,
j-2023,10,21.11.2023,22.11.2023 09:32:30,69,135,Mazowieckie,686,Psychiatria,2023/024993,Rezydencki,90.44,4.23,26.09.2023 16:28:18,36,NIE,,
j-2023,10,21.11.2023,22.11.2023 09:32:30,69,135,Mazowieckie,687,Psychiatria,2023/023034,Rezydencki,90.34,4.65,02.10.2023 10:48:43,36,NIE,,
j-2023,10,21.11.2023,22.11.2023 09:32:30,69,135,Mazowieckie,688,Psychiatria,2023/021963,Rezydencki,90.24,4.39,28.09.2023 17:42:55,36,NIE,,
j-2023,10,21.11.2023,22.11.2023 09:32:30,69,135,Mazowieckie,689,Psychiatria,2023/019738,Rezydencki,90.24,4.20,02.10.2023 16:02:28,36,NIE,,
j-2023,10,21.11.2023,22.11.2023 09:32:30,69,135,Mazowieckie,690,Psychiatria,2023/028311,Rezydencki,89.71,4.44,02.10.2023 15:51:24,36,NIE,,
j-2023,10,21.11.2023,22.11.2023 09:32:30,69,135,Mazowieckie,691,Psychiatria,2023/029480,Rezydencki,89.71,4.43,06.10.2023 13:49:40,36,NIE,,
j-2023,10,21.11.2023,22.11.2023 09:32:30,69,135,Mazowieckie,692,Psychiatria,2023/028138,Rezydencki,89.37,4.05,20.10.2023 16:57:21,36,NIE,,
j-2023,10,21.11.2023,22.11.2023 09:32:30,69,135,Mazowieckie,693,Psychiatria,2023/024324,Rezydencki,89.22,4.24,30.09.2023 18:42:52,36,NIE,,
j-2023,10,21.11.2023,22.11.2023 09:32:30,69,135,Mazowieckie,694,Psychiatria,2023/030592,Rezydencki,89.02,4.13,02.10.2023 22:14:15,36,NIE,,
j-2023,10,21.11.2023,22.11.2023 09:32:30,69,135,Mazowieckie,695,Psychiatria,2023/023021,Rezydencki,88.97,4.10,14.09.2023 23:08:43,36,NIE,,
j-2023,10,21.11.2023,22.11.2023 09:32:30,69,135,Mazowieckie,696,Psychiatria,2023/020157,Rezydencki,88.89,4.22,23.10.2023 11:44:46,36,NIE,,
j-2023,10,21.11.2023,22.11.2023 09:32:30,69,135,Mazowieckie,697,Psychiatria,2023/026064,Rezydencki,88.78,4.44,28.09.2023 14:16:44,36,NIE,,
j-2023,10,21.11.2023,22.11.2023 09:32:30,69,135,Mazowieckie,698,Psychiatria,2023/020024,Rezydencki,88.73,4.37,27.09.2023 19:01:59,36,NIE,,
j-2023,10,21.11.2023,22.11.2023 09:32:30,69,135,Mazowieckie,699,Psychiatria,2023/022959,Rezydencki,88.65,4.15,02.10.2023 22:12:04,36,NIE,,
j-2023,10,21.11.2023,22.11.2023 09:32:30,69,135,Mazowieckie,700,Psychiatria,2023/029400,Rezydencki,88.48,3.52,30.09.2023 11:30:50,36,NIE,,
j-2023,10,21.11.2023,22.11.2023 09:32:30,69,135,Mazowieckie,701,Psychiatria,2023/027531,Rezydencki,88.41,4.52,28.09.2023 10:16:43,36,NIE,,
j-2023,10,21.11.2023,22.11.2023 09:32:30,69,135,Mazowieckie,702,Psychiatria,2023/020497,Rezydencki,88.41,3.60,29.09.2023 23:52:20,36,NIE,,
j-2023,10,21.11.2023,22.11.2023 09:32:30,69,135,Mazowieckie,703,Psychiatria,2023/028367,Rezydencki,88.24,4.20,02.10.2023 09:35:16,36,NIE,,
j-2023,10,21.11.2023,22.11.2023 09:32:30,69,135,Mazowieckie,704,Psychiatria,2023/020247,Rezydencki,88.24,3.94,02.10.2023 18:38:20,36,NIE,,
j-2023,10,21.11.2023,22.11.2023 09:32:30,69,135,Mazowieckie,705,Psychiatria,2023/029896,Rezydencki,88.24,3.77,02.10.2023 23:01:45,36,NIE,,
j-2023,10,21.11.2023,22.11.2023 09:32:30,69,135,Mazowieckie,706,Psychiatria,2023/029976,Rezydencki,88.05,4.42,12.10.2023 18:48:34,36,NIE,,
j-2023,10,21.11.2023,22.11.2023 09:32:30,69,135,Mazowieckie,707,Psychiatria,2023/027464,Rezydencki,87.80,4.10,29.09.2023 12:29:13,36,NIE,,
j-2023,10,21.11.2023,22.11.2023 09:32:30,69,135,Mazowieckie,708,Psychiatria,2023/030347,Rezydencki,87.75,4.42,02.10.2023 17:44:34,36,NIE,,
j-2023,10,21.11.2023,22.11.2023 09:32:30,69,135,Mazowieckie,709,Psychiatria,2023/025426,Rezydencki,87.75,4.18,28.09.2023 18:25:22,36,NIE,,
j-2023,10,21.11.2023,22.11.2023 09:32:30,69,135,Mazowieckie,710,Psychiatria,2023/023171,Rezydencki,87.50,4.20,15.09.2023 18:28:31,36,NIE,,
j-2023,10,21.11.2023,22.11.2023 09:32:30,69,135,Mazowieckie,711,Psychiatria,2023/029815,Rezydencki,87.44,4.52,02.10.2023 22:15:44,36,NIE,,
j-2023,10,21.11.2023,22.11.2023 09:32:30,69,135,Mazowieckie,712,Psychiatria,2023/029466,Rezydencki,87.44,4.47,30.09.2023 13:49:25,36,NIE,,
j-2023,10,21.11.2023,22.11.2023 09:32:30,69,135,Mazowieckie,713,Psychiatria,2023/023834,Rezydencki,87.07,4.07,28.09.2023 10:54:59,36,NIE,,
j-2023,10,21.11.2023,22.11.2023 09:32:30,69,135,Mazowieckie,714,Psychiatria,2023/024361,Rezydencki,87.07,3.61,18.10.2023 12:27:14,36,NIE,,
j-2023,10,21.11.2023,22.11.2023 09:32:30,69,135,Mazowieckie,715,Psychiatria,2023/026946,Rezydencki,87.01,3.90,28.09.2023 16:12:47,36,NIE,,
j-2023,10,21.11.2023,22.11.2023 09:32:30,69,135,Mazowieckie,716,Psychiatria,2023/027334,Pozarezydencki,81.86,4.15,16.10.2023 15:05:57,14,NIE,,
j-2023,10,21.11.2023,22.11.2023 09:32:30,69,135,Mazowieckie,717,Psychiatria,2023/030205,Pozarezydencki,80.84,3.88,25.10.2023 16:35:17,14,NIE,,
j-2023,10,21.11.2023,22.11.2023 09:32:30,69,135,Mazowieckie,718,Psychiatria,2023/024845,Pozarezydencki,80.00,3.87,01.10.2023 17:47:49,14,NIE,,
j-2023,10,21.11.2023,22.11.2023 09:32:30,69,135,Mazowieckie,719,Psychiatria,2023/023736,Pozarezydencki,77.88,3.50,01.10.2023 17:18:20,14,NIE,,
j-2023,10,21.11.2023,22.11.2023 09:32:30,69,135,Mazowieckie,720,Psychiatria,2023/029870,Pozarezydencki,74.42,3.47,02.10.2023 23:41:10,14,NIE,,
j-2023,10,21.11.2023,22.11.2023 09:32:30,70,135,Mazowieckie,721,Psychiatria,2023/021011,Pozarezydencki,70.97,3.31,27.09.2023 20:10:25,14,NIE,,
j-2023,10,21.11.2023,22.11.2023 09:32:30,70,135,Mazowieckie,722,Psychiatria,2023/025479,Pozarezydencki,64.98,0.00,18.10.2023 10:42:00,14,NIE,,
j-2023,10,21.11.2023,22.11.2023 09:32:30,70,135,Mazowieckie,723,Psychiatria,2023/028057,Pozarezydencki,64.22,3.50,31.10.2023 07:23:08,14,NIE,,
j-2023,10,21.11.2023,22.11.2023 09:32:30,70,135,Mazowieckie,724,Psychiatria,2023/030830,Pozarezydencki,60.37,3.98,02.10.2023 19:20:37,14,NIE,,
j-2023,10,21.11.2023,22.11.2023 09:32:30,70,135,Mazowieckie,725,Psychiatria,2023/028081,Pozarezydencki,60.28,3.33,28.09.2023 13:02:18,14,NIE,,
j-2023,10,21.11.2023,22.11.2023 09:32:30,70,135,Mazowieckie,726,Psychiatria,2023/023096,Pozarezydencki,57.67,0.00,28.09.2023 17:47:27,14,NIE,,
j-2023,10,21.11.2023,22.11.2023 09:32:30,70,135,Mazowieckie,727,Psychiatria,2023/025086,Pozarezydencki,55.73,2.85,23.10.2023 14:41:57,14,NIE,,
j-2023,10,21.11.2023,22.11.2023 09:32:30,70,135,Mazowieckie,728,Psychiatria,2023/029703,Pozarezydencki,39.63,2.82,25.10.2023 10:59:48,14,NIE,,
j-2023,10,21.11.2023,22.11.2023 09:32:30,70,135,Mazowieckie,729,Psychiatria,2023/021886,Pozarezydencki,0.00,3.90,11.09.2023 21:28:04,14,NIE,,
j-2023,10,21.11.2023,22.11.2023 09:32:30,70,135,Mazowieckie,730,Psychiatria dzieci i młodzieży,2023/021483,Rezydencki,91.67,4.69,25.09.2023 15:14:52,4,NIE,,
j-2023,10,21.11.2023,22.11.2023 09:32:30,70,135,Mazowieckie,731,Psychiatria dzieci i młodzieży,2023/027378,Rezydencki,88.41,4.54,25.10.2023 15:49:32,4,NIE,,
j-2023,10,21.11.2023,22.11.2023 09:32:30,70,135,Mazowieckie,732,Psychiatria dzieci i młodzieży,2023/019438,Rezydencki,87.80,3.30,17.10.2023 10:10:33,4,NIE,,
j-2023,10,21.11.2023,22.11.2023 09:32:30,70,135,Mazowieckie,733,Psychiatria dzieci i młodzieży,2023/021662,Rezydencki,87.25,4.15,02.10.2023 13:39:33,4,NIE,,
j-2023,10,21.11.2023,22.11.2023 09:32:30,70,135,Mazowieckie,734,Psychiatria dzieci i młodzieży,2023/028977,Pozarezydencki,82.24,4.18,29.09.2023 15:49:38,2,NIE,,
j-2023,10,21.11.2023,22.11.2023 09:32:30,70,135,Mazowieckie,735,Psychiatria dzieci i młodzieży,2023/028458,Pozarezydencki,80.68,0.00,18.10.2023 21:11:40,2,NIE,,
j-2023,10,21.11.2023,22.11.2023 09:32:30,70,135,Mazowieckie,736,Radiologia i diagnostyka obrazowa,2023/030177,Rezydencki,92.20,4.81,02.10.2023 23:23:44,34,NIE,,
j-2023,10,21.11.2023,22.11.2023 09:32:30,70,135,Mazowieckie,737,Radiologia i diagnostyka obrazowa,2023/029486,Rezydencki,92.20,4.52,30.09.2023 14:25:11,34,NIE,,
j-2023,10,21.11.2023,22.11.2023 09:32:30,70,135,Mazowieckie,738,Radiologia i diagnostyka obrazowa,2023/029872,Rezydencki,91.67,4.61,02.10.2023 23:55:56,34,NIE,,
j-2023,10,21.11.2023,22.11.2023 09:32:30,70,135,Mazowieckie,739,Radiologia i diagnostyka obrazowa,2023/019519,Rezydencki,91.22,4.68,29.09.2023 09:38:35,34,NIE,,
j-2023,10,21.11.2023,22.11.2023 09:32:30,70,135,Mazowieckie,740,Radiologia i diagnostyka obrazowa,2023/022703,Rezydencki,90.73,4.26,29.09.2023 15:48:35,34,NIE,,
j-2023,10,21.11.2023,22.11.2023 09:32:30,70,135,Mazowieckie,741,Radiologia i diagnostyka obrazowa,2023/019209,Rezydencki,90.69,4.74,28.09.2023 16:54:54,34,NIE,,
j-2023,10,21.11.2023,22.11.2023 09:32:30,70,135,Mazowieckie,742,Radiologia i diagnostyka obrazowa,2023/028435,Rezydencki,90.34,4.29,30.09.2023 18:47:42,34,NIE,,
j-2023,10,21.11.2023,22.11.2023 09:32:30,70,135,Mazowieckie,743,Radiologia i diagnostyka obrazowa,2023/026954,Rezydencki,90.24,4.88,02.10.2023 19:12:02,34,NIE,,
j-2023,10,21.11.2023,22.11.2023 09:32:30,70,135,Mazowieckie,744,Radiologia i diagnostyka obrazowa,2023/028679,Rezydencki,90.10,4.61,01.10.2023 14:11:34,34,NIE,,
j-2023,10,21.11.2023,22.11.2023 09:32:30,70,135,Mazowieckie,745,Radiologia i diagnostyka obrazowa,2023/022670,Rezydencki,90.10,4.23,20.09.2023 14:17:20,34,NIE,,
j-2023,10,21.11.2023,22.11.2023 09:32:30,70,135,Mazowieckie,746,Radiologia i diagnostyka obrazowa,2023/022229,Rezydencki,89.86,4.65,21.09.2023 19:58:40,34,NIE,,
j-2023,10,21.11.2023,22.11.2023 09:32:30,70,135,Mazowieckie,747,Radiologia i diagnostyka obrazowa,2023/022880,Rezydencki,89.86,4.40,02.10.2023 14:37:39,34,NIE,,
j-2023,10,21.11.2023,22.11.2023 09:32:30,70,135,Mazowieckie,748,Radiologia i diagnostyka obrazowa,2023/020078,Rezydencki,89.86,4.36,18.10.2023 21:46:09,34,NIE,,
j-2023,10,21.11.2023,22.11.2023 09:32:30,70,135,Mazowieckie,749,Radiologia i diagnostyka obrazowa,2023/019927,Rezydencki,89.76,4.29,01.10.2023 20:55:10,34,NIE,,
j-2023,10,21.11.2023,22.11.2023 09:32:30,70,135,Mazowieckie,750,Radiologia i diagnostyka obrazowa,2023/030674,Rezydencki,89.76,4.00,02.10.2023 21:35:18,34,NIE,,
j-2023,10,21.11.2023,22.11.2023 09:32:30,70,135,Mazowieckie,751,Radiologia i diagnostyka obrazowa,2023/019536,Rezydencki,89.71,4.03,29.09.2023 14:27:20,34,NIE,,
j-2023,10,21.11.2023,22.11.2023 09:32:30,70,135,Mazowieckie,752,Radiologia i diagnostyka obrazowa,2023/026230,Rezydencki,89.37,4.69,01.10.2023 22:09:40,34,NIE,,
j-2023,10,21.11.2023,22.11.2023 09:32:30,70,135,Mazowieckie,753,Radiologia i diagnostyka obrazowa,2023/019543,Rezydencki,89.27,4.31,28.09.2023 17:16:40,34,NIE,,
j-2023,10,21.11.2023,22.11.2023 09:32:30,70,135,Mazowieckie,754,Radiologia i diagnostyka obrazowa,2023/026602,Rezydencki,89.27,4.27,01.10.2023 12:15:54,34,NIE,,
j-2023,10,21.11.2023,22.11.2023 09:32:30,70,135,Mazowieckie,755,Radiologia i diagnostyka obrazowa,2023/029462,Rezydencki,89.27,4.21,30.09.2023 13:33:54,34,NIE,,
j-2023,10,21.11.2023,22.11.2023 09:32:30,70,135,Mazowieckie,756,Radiologia i diagnostyka obrazowa,2023/022035,Rezydencki,89.27,3.92,10.10.2023 16:54:31,34,NIE,,
j-2023,10,21.11.2023,22.11.2023 09:32:30,70,135,Mazowieckie,757,Radiologia i diagnostyka obrazowa,2023/024899,Rezydencki,88.97,3.97,24.09.2023 15:59:38,34,NIE,,
j-2023,10,21.11.2023,22.11.2023 09:32:30,70,135,Mazowieckie,758,Radiologia i diagnostyka obrazowa,2023/019905,Rezydencki,88.89,4.35,29.09.2023 12:55:55,34,NIE,,
j-2023,10,21.11.2023,22.11.2023 09:32:30,71,135,Mazowieckie,759,Radiologia i diagnostyka obrazowa,2023/019586,Rezydencki,88.89,4.31,18.09.2023 18:20:38,34,NIE,,
j-2023,10,21.11.2023,22.11.2023 09:32:30,71,135,Mazowieckie,760,Radiologia i diagnostyka obrazowa,2023/019795,Rezydencki,88.89,4.03,04.09.2023 18:05:41,34,NIE,,
j-2023,10,21.11.2023,22.11.2023 09:32:30,71,135,Mazowieckie,761,Radiologia i diagnostyka obrazowa,2023/025552,Rezydencki,88.73,4.26,01.10.2023 23:59:42,34,NIE,,
j-2023,10,21.11.2023,22.11.2023 09:32:30,71,135,Mazowieckie,762,Radiologia i diagnostyka obrazowa,2023/019530,Rezydencki,88.73,4.15,29.09.2023 14:36:15,34,NIE,,
j-2023,10,21.11.2023,22.11.2023 09:32:30,71,135,Mazowieckie,763,Radiologia i diagnostyka obrazowa,2023/024236,Rezydencki,88.65,3.77,06.10.2023 20:22:47,34,NIE,,
j-2023,10,21.11.2023,22.11.2023 09:32:30,71,135,Mazowieckie,764,Radiologia i diagnostyka obrazowa,2023/021734,Rezydencki,88.48,4.09,19.09.2023 15:57:00,34,NIE,,
j-2023,10,21.11.2023,22.11.2023 09:32:30,71,135,Mazowieckie,765,Radiologia i diagnostyka obrazowa,2023/028392,Rezydencki,88.41,4.34,02.10.2023 23:17:20,34,NIE,,
j-2023,10,21.11.2023,22.11.2023 09:32:30,71,135,Mazowieckie,766,Radiologia i diagnostyka obrazowa,2023/021955,Rezydencki,88.41,4.27,24.09.2023 18:45:22,34,NIE,,
j-2023,10,21.11.2023,22.11.2023 09:32:30,71,135,Mazowieckie,767,Radiologia i diagnostyka obrazowa,2023/028946,Rezydencki,88.29,4.30,30.09.2023 14:12:44,34,NIE,,
j-2023,10,21.11.2023,22.11.2023 09:32:30,71,135,Mazowieckie,768,Radiologia i diagnostyka obrazowa,2023/029520,Rezydencki,88.16,4.06,30.09.2023 15:51:17,34,NIE,,
j-2023,10,21.11.2023,22.11.2023 09:32:30,71,135,Mazowieckie,769,Radiologia i diagnostyka obrazowa,2023/021231,Rezydencki,88.05,4.27,29.09.2023 14:59:17,34,NIE,,
j-2023,10,21.11.2023,22.11.2023 09:32:30,71,135,Mazowieckie,770,Radiologia i diagnostyka obrazowa,2023/020505,Pozarezydencki,83.64,3.94,13.09.2023 19:14:57,1,NIE,,
j-2023,10,21.11.2023,22.11.2023 09:32:30,71,135,Mazowieckie,771,Radioterapia onkologiczna,2023/030303,Rezydencki,88.41,3.88,02.10.2023 01:16:17,5,NIE,,
j-2023,10,21.11.2023,22.11.2023 09:32:30,71,135,Mazowieckie,772,Radioterapia onkologiczna,2023/020993,Rezydencki,84.54,4.14,05.10.2023 09:45:59,5,NIE,,
j-2023,10,21.11.2023,22.11.2023 09:32:30,71,135,Mazowieckie,773,Radioterapia onkologiczna,2023/024385,Rezydencki,84.07,3.61,21.09.2023 19:21:48,5,NIE,,
j-2023,10,21.11.2023,22.11.2023 09:32:30,71,135,Mazowieckie,774,Radioterapia onkologiczna,2023/019471,Rezydencki,80.98,3.68,28.09.2023 13:38:30,5,NIE,,
j-2023,10,21.11.2023,22.11.2023 09:32:30,71,135,Mazowieckie,775,Radioterapia onkologiczna,2023/026793,Rezydencki,80.49,3.13,29.09.2023 21:06:40,5,NIE,,
j-2023,10,21.11.2023,22.11.2023 09:32:30,71,135,Mazowieckie,776,Radioterapia onkologiczna,2023/031144,Pozarezydencki,0.00,0.00,13.10.2023 18:46:13,1,NIE,,
j-2023,10,21.11.2023,22.11.2023 09:32:30,71,135,Mazowieckie,777,Rehabilitacja medyczna,2023/020044,Rezydencki,87.07,3.76,13.10.2023 12:19:05,5,NIE,,
j-2023,10,21.11.2023,22.11.2023 09:32:30,71,135,Mazowieckie,778,Rehabilitacja medyczna,2023/019733,Rezydencki,85.61,3.92,28.09.2023 21:35:12,5,NIE,,
j-2023,10,21.11.2023,22.11.2023 09:32:30,71,135,Mazowieckie,779,Rehabilitacja medyczna,2023/023023,Rezydencki,85.51,3.38,14.09.2023 23:49:40,5,NIE,,
j-2023,10,21.11.2023,22.11.2023 09:32:30,71,135,Mazowieckie,780,Rehabilitacja medyczna,2023/020270,Rezydencki,82.35,4.40,30.09.2023 07:40:00,5,NIE,,
j-2023,10,21.11.2023,22.11.2023 09:32:30,71,135,Mazowieckie,781,Rehabilitacja medyczna,2023/030925,Rezydencki,77.78,4.20,19.10.2023 14:42:40,5,NIE,,
j-2023,10,21.11.2023,22.11.2023 09:32:30,71,135,Mazowieckie,782,Rehabilitacja medyczna,2023/027702,Pozarezydencki,67.74,3.44,05.10.2023 15:08:32,3,NIE,,
j-2023,10,21.11.2023,22.11.2023 09:32:30,71,135,Mazowieckie,783,Rehabilitacja medyczna,2023/029334,Pozarezydencki,65.14,0.00,30.10.2023 21:55:40,3,NIE,,
j-2023,10,21.11.2023,22.11.2023 09:32:30,71,135,Mazowieckie,784,Rehabilitacja medyczna,2023/028503,Pozarezydencki,64.81,4.12,28.09.2023 20:50:25,3,NIE,,
j-2023,10,21.11.2023,22.11.2023 09:32:30,71,135,Mazowieckie,785,Reumatologia,2023/026796,Rezydencki,92.40,4.55,02.10.2023 18:49:03,7,NIE,,
j-2023,10,21.11.2023,22.11.2023 09:32:30,71,135,Mazowieckie,786,Reumatologia,2023/022237,Rezydencki,91.67,4.32,02.10.2023 23:40:52,7,NIE,,
j-2023,10,21.11.2023,22.11.2023 09:32:30,71,135,Mazowieckie,787,Reumatologia,2023/029961,Rezydencki,90.73,4.39,18.10.2023 12:37:51,7,NIE,,
j-2023,10,21.11.2023,22.11.2023 09:32:30,71,135,Mazowieckie,788,Reumatologia,2023/028019,Rezydencki,90.73,4.15,02.10.2023 21:43:30,7,NIE,,
j-2023,10,21.11.2023,22.11.2023 09:32:30,71,135,Mazowieckie,789,Reumatologia,2023/029332,Rezydencki,90.69,4.32,02.10.2023 23:51:12,7,NIE,,
j-2023,10,21.11.2023,22.11.2023 09:32:30,71,135,Mazowieckie,790,Reumatologia,2023/029895,Rezydencki,90.58,4.71,02.10.2023 20:22:03,7,NIE,,
j-2023,10,21.11.2023,22.11.2023 09:32:30,71,135,Mazowieckie,791,Reumatologia,2023/030556,Rezydencki,90.44,4.61,02.10.2023 23:54:47,7,NIE,,
j-2023,10,21.11.2023,22.11.2023 09:32:30,71,135,Mazowieckie,792,Reumatologia,2023/029513,Pozarezydencki,86.82,4.28,30.09.2023 15:16:19,1,NIE,,
j-2023,10,21.11.2023,22.11.2023 09:32:30,71,135,Mazowieckie,793,Seksuologia,2023/024727,Pozarezydencki,89.09,3.57,19.10.2023 11:18:15,1,NIE,,
j-2023,10,21.11.2023,22.11.2023 09:32:30,71,135,Mazowieckie,794,Stomatologia dziecięca,2023/020148,Rezydencki,85.02,4.29,05.09.2023 22:51:27,4,NIE,,
j-2023,10,21.11.2023,22.11.2023 09:32:30,71,135,Mazowieckie,795,Stomatologia dziecięca,2023/021746,Rezydencki,84.29,4.07,24.10.2023 22:23:32,4,NIE,,
j-2023,10,21.11.2023,22.11.2023 09:32:30,71,135,Mazowieckie,796,Stomatologia dziecięca,2023/029273,Rezydencki,84.06,4.00,29.09.2023 22:14:24,4,NIE,,
j-2023,10,21.11.2023,22.11.2023 09:32:30,72,135,Mazowieckie,797,Stomatologia dziecięca,2023/024124,Rezydencki,83.98,3.88,25.09.2023 09:11:02,4,NIE,,
j-2023,10,21.11.2023,22.11.2023 09:32:30,72,135,Mazowieckie,798,Stomatologia zachowawcza z endodoncją,2023/020385,Rezydencki,84.06,4.43,12.09.2023 19:35:15,2,NIE,,
j-2023,10,21.11.2023,22.11.2023 09:32:30,72,135,Mazowieckie,799,Stomatologia zachowawcza z endodoncją,2023/022489,Rezydencki,84.06,4.31,05.10.2023 17:59:30,2,NIE,,
j-2023,10,21.11.2023,22.11.2023 09:32:30,72,135,Mazowieckie,800,Transfuzjologia kliniczna,2023/021577,Pozarezydencki,85.36,4.20,10.10.2023 17:15:17,1,NIE,,
j-2023,10,21.11.2023,22.11.2023 09:32:30,72,135,Mazowieckie,801,Transplantologia kliniczna,2023/024996,Pozarezydencki,93.18,4.08,11.10.2023 09:27:44,9,NIE,,
j-2023,10,21.11.2023,22.11.2023 09:32:30,72,135,Mazowieckie,802,Transplantologia kliniczna,2023/022794,Pozarezydencki,92.27,3.82,22.10.2023 20:26:06,9,NIE,,
j-2023,10,21.11.2023,22.11.2023 09:32:30,72,135,Mazowieckie,803,Transplantologia kliniczna,2023/023146,Pozarezydencki,89.09,4.65,13.10.2023 23:56:36,9,NIE,,
j-2023,10,21.11.2023,22.11.2023 09:32:30,72,135,Mazowieckie,804,Transplantologia kliniczna,2023/027219,Pozarezydencki,88.27,0.00,11.10.2023 10:02:23,9,NIE,,
j-2023,10,21.11.2023,22.11.2023 09:32:30,72,135,Mazowieckie,805,Transplantologia kliniczna,2023/024000,Pozarezydencki,84.55,3.84,15.10.2023 16:42:20,9,NIE,,
j-2023,10,21.11.2023,22.11.2023 09:32:30,72,135,Mazowieckie,806,Transplantologia kliniczna,2023/026661,Pozarezydencki,80.55,4.39,18.10.2023 18:15:53,9,NIE,,
j-2023,10,21.11.2023,22.11.2023 09:32:30,72,135,Mazowieckie,807,Transplantologia kliniczna,2023/022840,Pozarezydencki,79.36,3.73,19.10.2023 23:42:42,9,NIE,,
j-2023,10,21.11.2023,22.11.2023 09:32:30,72,135,Mazowieckie,808,Transplantologia kliniczna,2023/030307,Pozarezydencki,72.95,3.74,20.10.2023 15:53:11,9,NIE,,
j-2023,10,21.11.2023,22.11.2023 09:32:30,72,135,Mazowieckie,809,Transplantologia kliniczna,2023/019591,Pozarezydencki,66.36,0.00,15.09.2023 08:29:08,9,NIE,,
j-2023,10,21.11.2023,22.11.2023 09:32:30,72,135,Mazowieckie,810,Urologia,2023/022283,Rezydencki,91.71,4.10,02.10.2023 21:52:01,7,NIE,,
j-2023,10,21.11.2023,22.11.2023 09:32:30,72,135,Mazowieckie,811,Urologia,2023/023439,Rezydencki,90.82,4.60,18.09.2023 15:37:38,7,NIE,,
j-2023,10,21.11.2023,22.11.2023 09:32:30,72,135,Mazowieckie,812,Urologia,2023/025021,Rezydencki,90.44,4.10,24.09.2023 01:09:08,7,NIE,,
j-2023,10,21.11.2023,22.11.2023 09:32:30,72,135,Mazowieckie,813,Urologia,2023/025551,Rezydencki,90.24,4.02,17.10.2023 12:42:48,7,NIE,,
j-2023,10,21.11.2023,22.11.2023 09:32:30,72,135,Mazowieckie,814,Urologia,2023/027135,Rezydencki,90.20,3.86,29.09.2023 18:49:29,7,NIE,,
j-2023,10,21.11.2023,22.11.2023 09:32:30,72,135,Mazowieckie,815,Urologia,2023/026143,Rezydencki,89.51,3.88,02.10.2023 16:47:05,7,NIE,,
j-2023,10,21.11.2023,22.11.2023 09:32:30,72,135,Mazowieckie,816,Urologia,2023/022036,Rezydencki,89.27,4.23,02.10.2023 23:37:11,7,NIE,,
j-2023,10,21.11.2023,22.11.2023 09:32:30,72,135,Mazowieckie,817,Urologia,2023/029031,Pozarezydencki,81.34,4.06,30.09.2023 10:06:06,2,NIE,,
j-2023,10,21.11.2023,22.11.2023 09:32:30,72,135,Mazowieckie,818,Urologia,2023/019194,Pozarezydencki,80.93,4.11,17.10.2023 11:35:10,2,NIE,,
j-2023,10,21.11.2023,22.11.2023 09:32:30,72,135,Mazowieckie,819,Urologia dziecięca,2023/025724,Pozarezydencki,67.50,4.10,09.10.2023 20:40:03,2,NIE,,
j-2023,10,21.11.2023,22.11.2023 09:32:30,72,135,Mazowieckie,820,Urologia dziecięca,2023/019987,Pozarezydencki,66.36,3.90,07.10.2023 11:25:44,2,NIE,,
j-2023,10,21.11.2023,22.11.2023 09:32:30,72,135,Mazowieckie,821,Zdrowie publiczne,2023/026921,Rezydencki,85.02,4.11,26.09.2023 21:43:56,1,NIE,,
j-2023,10,21.11.2023,22.11.2023 09:32:30,72,135,Mazowieckie,1,Ortopedia i traumatologia narządu ruchu,2023/025424,Rezydencki,87.99,4.29,24.09.2023 21:00:08,2,TAK,Międzyleski Szpital Specjalistyczny w Warszawie,Oddział Chirurgii Urazowo-Ortopedycznej
j-2023,10,21.11.2023,22.11.2023 09:32:30,72,135,Mazowieckie,2,Ortopedia i traumatologia narządu ruchu,2023/026975,Rezydencki,73.91,3.91,02.10.2023 23:02:36,2,TAK,Międzyleski Szpital Specjalistyczny w Warszawie,Oddział Chirurgii Urazowo-Ortopedycznej
j-2023,10,21.11.2023,22.11.2023 09:32:30,72,135,Mazowieckie,1,Otorynolaryngologia,2023/025936,Rezydencki,85.54,3.81,29.09.2023 22:36:00,1,TAK,SZPITAL CZERNIAKOWSKI SPÓŁKA Z OGRANICZONĄ ODPOWIEDZIALNOŚCIĄ,Oddział Otolaryngologiczny
j-2023,10,21.11.2023,22.11.2023 09:32:30,73,135,Mazowieckie,1,Choroby płuc dzieci,2023/019355,Rezydencki,86.96,4.18,12.09.2023 09:49:31,1,TAK,SMKSystem Monitorowania Kształcenia,"Pracowników Medycznych Status dokumentu Opublikowanie wyników UNIWERSYTECKIE CENTRUM KLINICZNE WARSZAWSKIEGO UNIWERSYTETU MEDYCZNEGO Oddział Kliniczny Pneumonologii, Alergologii Wieku Dziecięcego i Pediatrii"
j-2023,10,21.11.2023,22.11.2023 09:32:30,73,135,Mazowieckie,1,Alergologia,2023/028381,Rezydencki,87.20,4.25,02.10.2023 00:15:35,1,TAK,Uniwersyteckie Centrum Kliniczne Warszawskiego Uniwersytetu Medycznego,"Klinika Chorób Wewnętrznych, Pneumonologii i Alergologii"
j-2023,10,21.11.2023,22.11.2023 09:32:30,73,135,Mazowieckie,1,Hematologia,2023/024552,Rezydencki,84.54,4.74,26.09.2023 20:32:36,1,TAK,Uniwersyteckie Centrum Kliniczne Warszawskiego Uniwersytetu Medycznego,"Klinika Hematologii, Transplantologii i Chorób Wewnętrznych"
j-2023,10,21.11.2023,22.11.2023 09:32:30,73,135,Mazowieckie,1,Kardiologia,2023/020042,Rezydencki,91.67,4.28,02.10.2023 15:06:55,2,TAK,Uniwersyteckie Centrum Kliniczne Warszawskiego Uniwersytetu Medycznego,Klinika Kardiologii
j-2023,10,21.11.2023,22.11.2023 09:32:30,73,135,Mazowieckie,2,Kardiologia,2023/024198,Rezydencki,88.16,4.27,25.09.2023 20:55:36,2,TAK,Uniwersyteckie Centrum Kliniczne Warszawskiego Uniwersytetu Medycznego,Klinika Kardiologii
j-2023,10,21.11.2023,22.11.2023 09:32:30,73,135,Opolskie,1,Alergologia,2023/027578,Rezydencki,87.20,4.43,02.10.2023 00:34:07,4,NIE,,
j-2023,10,21.11.2023,22.11.2023 09:32:30,73,135,Opolskie,2,Alergologia,2023/025296,Rezydencki,86.83,4.13,25.10.2023 11:56:29,4,NIE,,
j-2023,10,21.11.2023,22.11.2023 09:32:30,73,135,Opolskie,3,Alergologia,2023/025898,Rezydencki,86.76,4.05,13.10.2023 08:48:06,4,NIE,,
j-2023,10,21.11.2023,22.11.2023 09:32:30,73,135,Opolskie,4,Alergologia,2023/020033,Rezydencki,86.52,3.83,25.09.2023 11:59:21,4,NIE,,
j-2023,10,21.11.2023,22.11.2023 09:32:30,73,135,Opolskie,5,Alergologia,2023/027385,Pozarezydencki,80.00,3.55,28.09.2023 15:58:23,1,NIE,,
j-2023,10,21.11.2023,22.11.2023 09:32:30,73,135,Opolskie,6,Anestezjologia i intensywna terapia,2023/022253,Rezydencki,87.92,4.37,12.09.2023 09:46:03,6,NIE,,
j-2023,10,21.11.2023,22.11.2023 09:32:30,73,135,Opolskie,7,Anestezjologia i intensywna terapia,2023/022578,Rezydencki,86.47,4.05,10.10.2023 11:26:58,6,NIE,,
j-2023,10,21.11.2023,22.11.2023 09:32:30,73,135,Opolskie,8,Anestezjologia i intensywna terapia,2023/022163,Rezydencki,85.51,4.20,11.10.2023 09:29:39,6,NIE,,
j-2023,10,21.11.2023,22.11.2023 09:32:30,73,135,Opolskie,9,Anestezjologia i intensywna terapia,2023/022660,Rezydencki,83.57,3.64,30.09.2023 02:13:50,6,NIE,,
j-2023,10,21.11.2023,22.11.2023 09:32:30,73,135,Opolskie,10,Anestezjologia i intensywna terapia,2023/029626,Rezydencki,80.88,3.97,23.10.2023 13:56:57,6,NIE,,
j-2023,10,21.11.2023,22.11.2023 09:32:30,73,135,Opolskie,11,Anestezjologia i intensywna terapia,2023/029492,Rezydencki,80.00,2.94,02.10.2023 23:42:02,6,NIE,,
j-2023,10,21.11.2023,22.11.2023 09:32:30,73,135,Opolskie,12,Chirurgia naczyniowa,2023/026031,Rezydencki,80.88,3.63,01.10.2023 23:58:49,1,NIE,,
j-2023,10,21.11.2023,22.11.2023 09:32:30,73,135,Opolskie,13,Chirurgia naczyniowa,2023/021645,Pozarezydencki,63.64,0.00,09.10.2023 14:29:51,1,NIE,,
j-2023,10,21.11.2023,22.11.2023 09:32:30,73,135,Opolskie,14,Chirurgia ogólna,2023/026583,Rezydencki,85.37,4.31,02.10.2023 20:50:16,1,NIE,,
j-2023,10,21.11.2023,22.11.2023 09:32:30,73,135,Opolskie,15,Chirurgia szczękowo-twarzowa,2023/020943,Rezydencki,83.25,4.23,16.10.2023 16:48:30,1,NIE,,
j-2023,10,21.11.2023,22.11.2023 09:32:30,73,135,Opolskie,16,Choroby płuc,2023/020836,Rezydencki,85.51,4.19,09.10.2023 09:36:54,1,NIE,,
j-2023,10,21.11.2023,22.11.2023 09:32:30,73,135,Opolskie,17,Choroby płuc,2023/022812,Pozarezydencki,71.70,4.13,12.10.2023 17:43:01,3,NIE,,
j-2023,10,21.11.2023,22.11.2023 09:32:30,73,135,Opolskie,18,Choroby płuc,2023/025200,Pozarezydencki,68.87,0.00,06.10.2023 07:55:02,3,NIE,,
j-2023,10,21.11.2023,22.11.2023 09:32:30,73,135,Opolskie,19,Choroby płuc,2023/024686,Pozarezydencki,59.09,3.30,13.10.2023 12:23:02,3,NIE,,
j-2023,10,21.11.2023,22.11.2023 09:32:30,73,135,Opolskie,20,Choroby wewnętrzne,2023/019859,Rezydencki,85.51,4.00,02.09.2023 11:46:54,2,NIE,,
j-2023,10,21.11.2023,22.11.2023 09:32:30,73,135,Opolskie,21,Choroby wewnętrzne,2023/020539,Rezydencki,80.00,4.11,28.09.2023 17:25:19,2,NIE,,
j-2023,10,21.11.2023,22.11.2023 09:32:30,73,135,Opolskie,22,Choroby zakaźne,2023/023426,Pozarezydencki,79.09,0.00,06.10.2023 10:37:19,1,NIE,,
j-2023,10,21.11.2023,22.11.2023 09:32:30,74,135,Opolskie,23,Dermatologia i wenerologia,2023/030215,Rezydencki,91.91,4.11,01.10.2023 23:27:34,2,NIE,,
j-2023,10,21.11.2023,22.11.2023 09:32:30,74,135,Opolskie,24,Dermatologia i wenerologia,2023/019269,Rezydencki,91.67,4.20,30.10.2023 13:45:19,2,NIE,,
j-2023,10,21.11.2023,22.11.2023 09:32:30,74,135,Opolskie,25,Diabetologia,2023/028692,Rezydencki,82.44,3.65,30.09.2023 16:10:41,2,NIE,,
j-2023,10,21.11.2023,22.11.2023 09:32:30,74,135,Opolskie,26,Diabetologia,2023/028356,Rezydencki,78.54,3.87,19.10.2023 16:09:31,2,NIE,,
j-2023,10,21.11.2023,22.11.2023 09:32:30,74,135,Opolskie,27,Diabetologia,2023/027304,Pozarezydencki,84.77,3.49,18.10.2023 11:39:20,1,NIE,,
j-2023,10,21.11.2023,22.11.2023 09:32:30,74,135,Opolskie,28,Ginekologia onkologiczna,2023/021829,Pozarezydencki,72.22,4.18,06.10.2023 15:15:21,2,NIE,,
j-2023,10,21.11.2023,22.11.2023 09:32:30,74,135,Opolskie,29,Ginekologia onkologiczna,2023/030679,Pozarezydencki,66.36,0.00,17.10.2023 11:43:58,2,NIE,,
j-2023,10,21.11.2023,22.11.2023 09:32:30,74,135,Opolskie,30,Kardiologia,2023/025437,Rezydencki,88.41,4.26,06.10.2023 12:04:08,6,NIE,,
j-2023,10,21.11.2023,22.11.2023 09:32:30,74,135,Opolskie,31,Kardiologia,2023/027633,Rezydencki,86.96,3.78,29.09.2023 23:11:07,6,NIE,,
j-2023,10,21.11.2023,22.11.2023 09:32:30,74,135,Opolskie,32,Kardiologia,2023/030173,Rezydencki,85.99,3.82,01.10.2023 21:49:00,6,NIE,,
j-2023,10,21.11.2023,22.11.2023 09:32:30,74,135,Opolskie,33,Kardiologia,2023/020808,Rezydencki,85.51,4.41,23.10.2023 21:32:58,6,NIE,,
j-2023,10,21.11.2023,22.11.2023 09:32:30,74,135,Opolskie,34,Kardiologia,2023/028643,Rezydencki,83.90,0.00,02.10.2023 19:52:22,6,NIE,,
j-2023,10,21.11.2023,22.11.2023 09:32:30,74,135,Opolskie,35,Kardiologia,2023/025995,Rezydencki,80.19,4.83,09.10.2023 14:48:38,6,NIE,,
j-2023,10,21.11.2023,22.11.2023 09:32:30,74,135,Opolskie,36,Kardiologia,2023/030169,Pozarezydencki,82.79,3.93,01.10.2023 21:55:09,1,NIE,,
j-2023,10,21.11.2023,22.11.2023 09:32:30,74,135,Opolskie,37,Medycyna paliatywna,2023/026567,Pozarezydencki,63.64,3.80,24.10.2023 12:38:32,3,NIE,,
j-2023,10,21.11.2023,22.11.2023 09:32:30,74,135,Opolskie,38,Medycyna paliatywna,2023/029058,Pozarezydencki,63.64,0.00,16.10.2023 15:00:29,3,NIE,,
j-2023,10,21.11.2023,22.11.2023 09:32:30,74,135,Opolskie,39,Medycyna paliatywna,2023/028079,Pozarezydencki,56.02,2.75,24.10.2023 12:42:29,3,NIE,,
j-2023,10,21.11.2023,22.11.2023 09:32:30,74,135,Opolskie,40,Medycyna rodzinna,2023/026697,Rezydencki,90.73,4.26,02.10.2023 15:56:15,4,NIE,,
j-2023,10,21.11.2023,22.11.2023 09:32:30,74,135,Opolskie,41,Medycyna rodzinna,2023/026698,Rezydencki,89.86,4.54,01.10.2023 21:53:33,4,NIE,,
j-2023,10,21.11.2023,22.11.2023 09:32:30,74,135,Opolskie,42,Medycyna rodzinna,2023/024175,Rezydencki,85.78,4.83,09.10.2023 09:28:43,4,NIE,,
j-2023,10,21.11.2023,22.11.2023 09:32:30,74,135,Opolskie,43,Medycyna rodzinna,2023/020860,Rezydencki,84.54,3.82,09.10.2023 22:27:46,4,NIE,,
j-2023,10,21.11.2023,22.11.2023 09:32:30,74,135,Opolskie,44,Nefrologia,2023/021209,Rezydencki,87.68,3.53,02.10.2023 15:49:42,1,NIE,,
j-2023,10,21.11.2023,22.11.2023 09:32:30,74,135,Opolskie,45,Neonatologia,2023/028447,Rezydencki,80.88,3.41,02.10.2023 17:36:09,2,NIE,,
j-2023,10,21.11.2023,22.11.2023 09:32:30,74,135,Opolskie,46,Neonatologia,2023/024901,Rezydencki,60.00,4.28,16.10.2023 07:39:05,2,NIE,,
j-2023,10,21.11.2023,22.11.2023 09:32:30,74,135,Opolskie,47,Neonatologia,2023/023498,Pozarezydencki,77.36,4.42,29.10.2023 11:47:04,1,NIE,,
j-2023,10,21.11.2023,22.11.2023 09:32:30,74,135,Opolskie,48,Neurochirurgia,2023/019678,Rezydencki,87.80,4.54,28.09.2023 10:03:02,2,NIE,,
j-2023,10,21.11.2023,22.11.2023 09:32:30,74,135,Opolskie,49,Neurochirurgia,2023/027672,Rezydencki,79.27,3.46,02.10.2023 16:49:51,2,NIE,,
j-2023,10,21.11.2023,22.11.2023 09:32:30,74,135,Opolskie,50,Neurologia,2023/024769,Rezydencki,89.86,4.71,28.09.2023 19:23:20,6,NIE,,
j-2023,10,21.11.2023,22.11.2023 09:32:30,74,135,Opolskie,51,Neurologia,2023/028272,Rezydencki,83.90,3.68,01.10.2023 19:29:58,6,NIE,,
j-2023,10,21.11.2023,22.11.2023 09:32:30,74,135,Opolskie,52,Neurologia,2023/020829,Rezydencki,82.37,3.99,29.09.2023 11:22:15,6,NIE,,
j-2023,10,21.11.2023,22.11.2023 09:32:30,74,135,Opolskie,53,Neurologia,2023/026787,Rezydencki,79.51,3.93,12.10.2023 15:06:31,6,NIE,,
j-2023,10,21.11.2023,22.11.2023 09:32:30,74,135,Opolskie,54,Neurologia,2023/026503,Rezydencki,76.96,3.35,28.09.2023 12:10:31,6,NIE,,
j-2023,10,21.11.2023,22.11.2023 09:32:30,74,135,Opolskie,55,Neurologia,2023/026716,Rezydencki,71.32,3.86,26.09.2023 16:32:44,6,NIE,,
j-2023,10,21.11.2023,22.11.2023 09:32:30,74,135,Opolskie,56,Neurologia dziecięca,2023/026518,Rezydencki,84.80,3.96,28.09.2023 18:45:20,1,NIE,,
j-2023,10,21.11.2023,22.11.2023 09:32:30,74,135,Opolskie,57,Neurologia dziecięca,2023/019386,Pozarezydencki,66.36,3.75,18.10.2023 19:05:20,1,NIE,,
j-2023,10,21.11.2023,22.11.2023 09:32:30,74,135,Opolskie,58,Okulistyka,2023/021076,Rezydencki,89.46,3.89,30.09.2023 19:34:39,1,NIE,,
j-2023,10,21.11.2023,22.11.2023 09:32:30,74,135,Opolskie,59,Onkologia kliniczna,2023/029249,Rezydencki,75.12,4.04,01.10.2023 20:29:14,1,NIE,,
j-2023,10,21.11.2023,22.11.2023 09:32:30,74,135,Opolskie,60,Ortopedia i traumatologia narządu ruchu,2023/020720,Rezydencki,82.61,4.66,09.10.2023 17:40:46,3,NIE,,
j-2023,10,21.11.2023,22.11.2023 09:32:30,75,135,Opolskie,61,Ortopedia i traumatologia narządu ruchu,2023/027684,Rezydencki,82.13,4.27,27.09.2023 22:52:50,3,NIE,,
j-2023,10,21.11.2023,22.11.2023 09:32:30,75,135,Opolskie,62,Ortopedia i traumatologia narządu ruchu,2023/030196,Rezydencki,71.22,3.60,02.10.2023 22:53:11,3,NIE,,
j-2023,10,21.11.2023,22.11.2023 09:32:30,75,135,Opolskie,63,Otorynolaryngologia,2023/030212,Rezydencki,90.44,3.97,02.10.2023 20:28:44,2,NIE,,
j-2023,10,21.11.2023,22.11.2023 09:32:30,75,135,Opolskie,64,Otorynolaryngologia,2023/019780,Rezydencki,87.01,3.91,30.09.2023 19:59:15,2,NIE,,
j-2023,10,21.11.2023,22.11.2023 09:32:30,75,135,Opolskie,65,Otorynolaryngologia,2023/028561,Pozarezydencki,78.04,3.46,16.10.2023 23:07:48,1,NIE,,
j-2023,10,21.11.2023,22.11.2023 09:32:30,75,135,Opolskie,66,Pediatria,2023/021954,Rezydencki,87.44,3.94,24.10.2023 21:06:20,4,NIE,,
j-2023,10,21.11.2023,22.11.2023 09:32:30,75,135,Opolskie,67,Pediatria,2023/027681,Rezydencki,82.93,4.01,02.10.2023 20:39:31,4,NIE,,
j-2023,10,21.11.2023,22.11.2023 09:32:30,75,135,Opolskie,68,Pediatria,2023/028308,Rezydencki,79.41,3.30,28.09.2023 17:09:38,4,NIE,,
j-2023,10,21.11.2023,22.11.2023 09:32:30,75,135,Opolskie,69,Pediatria,2023/030270,Rezydencki,71.71,3.83,01.10.2023 23:49:25,4,NIE,,
j-2023,10,21.11.2023,22.11.2023 09:32:30,75,135,Opolskie,70,Położnictwo i ginekologia,2023/026072,Rezydencki,85.02,3.75,29.09.2023 16:33:15,6,NIE,,
j-2023,10,21.11.2023,22.11.2023 09:32:30,75,135,Opolskie,71,Położnictwo i ginekologia,2023/019867,Rezydencki,84.06,4.05,24.10.2023 21:50:20,6,NIE,,
j-2023,10,21.11.2023,22.11.2023 09:32:30,75,135,Opolskie,72,Położnictwo i ginekologia,2023/019439,Rezydencki,83.33,3.47,01.09.2023 09:52:14,6,NIE,,
j-2023,10,21.11.2023,22.11.2023 09:32:30,75,135,Opolskie,73,Położnictwo i ginekologia,2023/026767,Rezydencki,82.93,3.88,01.10.2023 16:21:14,6,NIE,,
j-2023,10,21.11.2023,22.11.2023 09:32:30,75,135,Opolskie,74,Położnictwo i ginekologia,2023/025299,Rezydencki,82.44,4.01,28.09.2023 19:40:33,6,NIE,,
j-2023,10,21.11.2023,22.11.2023 09:32:30,75,135,Opolskie,75,Położnictwo i ginekologia,2023/023550,Rezydencki,68.63,3.25,19.10.2023 15:09:53,6,NIE,,
j-2023,10,21.11.2023,22.11.2023 09:32:30,75,135,Opolskie,76,Położnictwo i ginekologia,2023/027535,Pozarezydencki,61.93,0.00,10.10.2023 12:47:14,1,NIE,,
j-2023,10,21.11.2023,22.11.2023 09:32:30,75,135,Opolskie,77,Psychiatria,2023/019770,Rezydencki,87.75,4.15,06.10.2023 12:14:38,5,NIE,,
j-2023,10,21.11.2023,22.11.2023 09:32:30,75,135,Opolskie,78,Psychiatria,2023/022165,Rezydencki,86.47,3.88,28.09.2023 15:58:16,5,NIE,,
j-2023,10,21.11.2023,22.11.2023 09:32:30,75,135,Opolskie,79,Psychiatria,2023/029704,Rezydencki,85.37,4.03,30.09.2023 22:07:46,5,NIE,,
j-2023,10,21.11.2023,22.11.2023 09:32:30,75,135,Opolskie,80,Psychiatria,2023/022697,Rezydencki,70.05,3.62,19.09.2023 21:05:29,5,NIE,,
j-2023,10,21.11.2023,22.11.2023 09:32:30,75,135,Opolskie,81,Psychiatria,2023/031126,Rezydencki,65.70,0.00,02.10.2023 23:10:35,5,NIE,,
j-2023,10,21.11.2023,22.11.2023 09:32:30,75,135,Opolskie,82,Psychiatria dzieci i młodzieży,2023/029032,Rezydencki,85.29,4.24,02.10.2023 20:58:44,2,NIE,,
j-2023,10,21.11.2023,22.11.2023 09:32:30,75,135,Opolskie,83,Psychiatria dzieci i młodzieży,2023/025780,Rezydencki,76.10,3.34,02.10.2023 18:59:18,2,NIE,,
j-2023,10,21.11.2023,22.11.2023 09:32:30,75,135,Opolskie,84,Radiologia i diagnostyka obrazowa,2023/024185,Rezydencki,90.93,4.10,05.10.2023 15:31:49,4,NIE,,
j-2023,10,21.11.2023,22.11.2023 09:32:30,75,135,Opolskie,85,Radiologia i diagnostyka obrazowa,2023/020331,Rezydencki,90.20,4.21,05.10.2023 17:03:31,4,NIE,,
j-2023,10,21.11.2023,22.11.2023 09:32:30,75,135,Opolskie,86,Radiologia i diagnostyka obrazowa,2023/021413,Rezydencki,89.76,4.33,01.10.2023 19:20:22,4,NIE,,
j-2023,10,21.11.2023,22.11.2023 09:32:30,75,135,Opolskie,87,Radiologia i diagnostyka obrazowa,2023/026582,Rezydencki,86.47,3.80,02.10.2023 23:25:33,4,NIE,,
j-2023,10,21.11.2023,22.11.2023 09:32:30,75,135,Podkarpackie,1,Alergologia,2023/029741,Pozarezydencki,70.91,3.77,16.10.2023 11:32:06,1,NIE,,
j-2023,10,21.11.2023,22.11.2023 09:32:30,75,135,Podkarpackie,2,Anestezjologia i intensywna terapia,2023/025065,Rezydencki,91.79,4.00,22.09.2023 15:23:35,8,NIE,,
j-2023,10,21.11.2023,22.11.2023 09:32:30,75,135,Podkarpackie,3,Anestezjologia i intensywna terapia,2023/020139,Rezydencki,91.18,4.08,04.10.2023 12:48:22,8,NIE,,
j-2023,10,21.11.2023,22.11.2023 09:32:30,75,135,Podkarpackie,4,Anestezjologia i intensywna terapia,2023/020032,Rezydencki,84.88,3.75,28.09.2023 20:51:55,8,NIE,,
j-2023,10,21.11.2023,22.11.2023 09:32:30,75,135,Podkarpackie,5,Anestezjologia i intensywna terapia,2023/023176,Rezydencki,84.54,3.94,24.09.2023 19:23:33,8,NIE,,
j-2023,10,21.11.2023,22.11.2023 09:32:30,75,135,Podkarpackie,6,Anestezjologia i intensywna terapia,2023/028357,Rezydencki,84.39,4.03,28.09.2023 17:59:47,8,NIE,,
j-2023,10,21.11.2023,22.11.2023 09:32:30,75,135,Podkarpackie,7,Anestezjologia i intensywna terapia,2023/022381,Rezydencki,81.95,4.20,28.09.2023 17:34:22,8,NIE,,
j-2023,10,21.11.2023,22.11.2023 09:32:30,76,135,Podkarpackie,8,Anestezjologia i intensywna terapia,2023/026396,Rezydencki,80.39,3.54,25.09.2023 23:27:13,8,NIE,,
j-2023,10,21.11.2023,22.11.2023 09:32:30,76,135,Podkarpackie,9,Anestezjologia i intensywna terapia,2023/027519,Rezydencki,77.07,3.46,01.10.2023 16:19:31,8,NIE,,
j-2023,10,21.11.2023,22.11.2023 09:32:30,76,135,Podkarpackie,10,Balneologia i medycyna fizykalna,2023/024932,Rezydencki,80.00,0.00,01.10.2023 19:06:57,1,NIE,,
j-2023,10,21.11.2023,22.11.2023 09:32:30,76,135,Podkarpackie,11,Balneologia i medycyna fizykalna,2023/019751,Pozarezydencki,82.95,0.00,10.10.2023 08:37:21,1,NIE,,
j-2023,10,21.11.2023,22.11.2023 09:32:30,76,135,Podkarpackie,12,Chirurgia dziecięca,2023/019842,Rezydencki,87.92,4.17,28.09.2023 16:26:40,2,NIE,,
j-2023,10,21.11.2023,22.11.2023 09:32:30,76,135,Podkarpackie,13,Chirurgia dziecięca,2023/019242,Rezydencki,67.63,3.73,12.10.2023 10:44:44,2,NIE,,
j-2023,10,21.11.2023,22.11.2023 09:32:30,76,135,Podkarpackie,14,Chirurgia klatki piersiowej,2023/020715,Rezydencki,89.71,4.00,23.10.2023 12:05:26,2,NIE,,
j-2023,10,21.11.2023,22.11.2023 09:32:30,76,135,Podkarpackie,15,Chirurgia klatki piersiowej,2023/025640,Rezydencki,72.46,3.42,24.09.2023 20:19:19,2,NIE,,
j-2023,10,21.11.2023,22.11.2023 09:32:30,76,135,Podkarpackie,16,Chirurgia naczyniowa,2023/029259,Rezydencki,78.43,3.35,29.09.2023 21:54:53,1,NIE,,
j-2023,10,21.11.2023,22.11.2023 09:32:30,76,135,Podkarpackie,17,Chirurgia ogólna,2023/021373,Rezydencki,86.96,4.27,23.10.2023 12:09:41,11,NIE,,
j-2023,10,21.11.2023,22.11.2023 09:32:30,76,135,Podkarpackie,18,Chirurgia ogólna,2023/028592,Rezydencki,86.34,4.02,30.09.2023 20:20:48,11,NIE,,
j-2023,10,21.11.2023,22.11.2023 09:32:30,76,135,Podkarpackie,19,Chirurgia ogólna,2023/030283,Rezydencki,85.78,3.73,02.10.2023 21:45:40,11,NIE,,
j-2023,10,21.11.2023,22.11.2023 09:32:30,76,135,Podkarpackie,20,Chirurgia ogólna,2023/022125,Rezydencki,83.09,3.34,23.10.2023 16:13:37,11,NIE,,
j-2023,10,21.11.2023,22.11.2023 09:32:30,76,135,Podkarpackie,21,Chirurgia ogólna,2023/029173,Rezydencki,83.09,0.00,02.10.2023 20:42:21,11,NIE,,
j-2023,10,21.11.2023,22.11.2023 09:32:30,76,135,Podkarpackie,22,Chirurgia ogólna,2023/019773,Rezydencki,80.19,3.76,22.09.2023 14:13:34,11,NIE,,
j-2023,10,21.11.2023,22.11.2023 09:32:30,76,135,Podkarpackie,23,Chirurgia ogólna,2023/020734,Rezydencki,80.19,3.20,04.10.2023 11:03:10,11,NIE,,
j-2023,10,21.11.2023,22.11.2023 09:32:30,76,135,Podkarpackie,24,Chirurgia ogólna,2023/019760,Rezydencki,76.81,3.37,04.10.2023 15:25:26,11,NIE,,
j-2023,10,21.11.2023,22.11.2023 09:32:30,76,135,Podkarpackie,25,Chirurgia ogólna,2023/030111,Rezydencki,72.93,3.77,01.10.2023 20:57:31,11,NIE,,
j-2023,10,21.11.2023,22.11.2023 09:32:30,76,135,Podkarpackie,26,Chirurgia ogólna,2023/029392,Rezydencki,72.20,3.20,24.10.2023 10:46:43,11,NIE,,
j-2023,10,21.11.2023,22.11.2023 09:32:30,76,135,Podkarpackie,27,Chirurgia ogólna,2023/020800,Rezydencki,67.63,3.67,05.10.2023 11:21:14,11,NIE,,
j-2023,10,21.11.2023,22.11.2023 09:32:30,76,135,Podkarpackie,28,Chirurgia onkologiczna,2023/030572,Rezydencki,63.29,3.64,02.10.2023 17:43:05,1,NIE,,
j-2023,10,21.11.2023,22.11.2023 09:32:30,76,135,Podkarpackie,29,Chirurgia onkologiczna,2023/020701,Pozarezydencki,66.06,3.59,25.10.2023 10:06:05,1,NIE,,
j-2023,10,21.11.2023,22.11.2023 09:32:30,76,135,Podkarpackie,30,Choroby płuc,2023/028241,Rezydencki,86.34,4.07,28.09.2023 19:56:23,2,NIE,,
j-2023,10,21.11.2023,22.11.2023 09:32:30,76,135,Podkarpackie,31,Choroby płuc,2023/021177,Rezydencki,84.88,3.98,28.09.2023 21:45:55,2,NIE,,
j-2023,10,21.11.2023,22.11.2023 09:32:30,76,135,Podkarpackie,32,Choroby płuc,2023/021851,Pozarezydencki,84.55,3.79,12.10.2023 20:21:13,1,NIE,,
j-2023,10,21.11.2023,22.11.2023 09:32:30,76,135,Podkarpackie,33,Choroby płuc dzieci,2023/020165,Rezydencki,78.74,3.96,08.10.2023 09:57:57,1,NIE,,
j-2023,10,21.11.2023,22.11.2023 09:32:30,76,135,Podkarpackie,34,Choroby płuc dzieci,2023/021712,Pozarezydencki,80.00,4.68,23.10.2023 18:53:06,2,NIE,,
j-2023,10,21.11.2023,22.11.2023 09:32:30,76,135,Podkarpackie,35,Choroby płuc dzieci,2023/020069,Pozarezydencki,58.49,3.22,05.10.2023 13:09:52,2,NIE,,
j-2023,10,21.11.2023,22.11.2023 09:32:30,76,135,Podkarpackie,36,Choroby wewnętrzne,2023/025276,Rezydencki,90.10,4.23,18.10.2023 12:47:48,12,NIE,,
j-2023,10,21.11.2023,22.11.2023 09:32:30,76,135,Podkarpackie,37,Choroby wewnętrzne,2023/025076,Rezydencki,89.22,4.27,27.09.2023 12:29:42,12,NIE,,
j-2023,10,21.11.2023,22.11.2023 09:32:30,76,135,Podkarpackie,38,Choroby wewnętrzne,2023/025904,Rezydencki,88.78,4.13,30.09.2023 17:13:36,12,NIE,,
j-2023,10,21.11.2023,22.11.2023 09:32:30,76,135,Podkarpackie,39,Choroby wewnętrzne,2023/029131,Rezydencki,86.47,4.16,06.10.2023 11:25:36,12,NIE,,
j-2023,10,21.11.2023,22.11.2023 09:32:30,76,135,Podkarpackie,40,Choroby wewnętrzne,2023/028133,Rezydencki,84.31,4.85,01.10.2023 19:10:37,12,NIE,,
j-2023,10,21.11.2023,22.11.2023 09:32:30,76,135,Podkarpackie,41,Choroby wewnętrzne,2023/028486,Rezydencki,82.61,3.92,29.09.2023 19:30:33,12,NIE,,
j-2023,10,21.11.2023,22.11.2023 09:32:30,76,135,Podkarpackie,42,Choroby wewnętrzne,2023/019669,Rezydencki,80.49,3.73,01.10.2023 13:09:58,12,NIE,,
j-2023,10,21.11.2023,22.11.2023 09:32:30,76,135,Podkarpackie,43,Choroby wewnętrzne,2023/023125,Rezydencki,78.92,4.06,15.09.2023 13:21:38,12,NIE,,
j-2023,10,21.11.2023,22.11.2023 09:32:30,76,135,Podkarpackie,44,Choroby wewnętrzne,2023/027286,Rezydencki,78.05,3.47,01.10.2023 21:57:37,12,NIE,,
j-2023,10,21.11.2023,22.11.2023 09:32:30,76,135,Podkarpackie,45,Choroby wewnętrzne,2023/021759,Rezydencki,77.78,4.00,27.09.2023 19:56:42,12,NIE,,
j-2023,10,21.11.2023,22.11.2023 09:32:30,77,135,Podkarpackie,46,Choroby wewnętrzne,2023/029377,Rezydencki,75.49,3.24,07.10.2023 08:24:01,12,NIE,,
j-2023,10,21.11.2023,22.11.2023 09:32:30,77,135,Podkarpackie,47,Choroby wewnętrzne,2023/026822,Rezydencki,69.61,3.42,25.10.2023 13:15:36,12,NIE,,
j-2023,10,21.11.2023,22.11.2023 09:32:30,77,135,Podkarpackie,48,Choroby zakaźne,2023/025101,Rezydencki,88.48,4.00,19.10.2023 16:53:31,3,NIE,,
j-2023,10,21.11.2023,22.11.2023 09:32:30,77,135,Podkarpackie,49,Choroby zakaźne,2023/021953,Rezydencki,86.27,4.37,26.09.2023 13:28:18,3,NIE,,
j-2023,10,21.11.2023,22.11.2023 09:32:30,77,135,Podkarpackie,50,Choroby zakaźne,2023/021617,Rezydencki,76.81,3.53,29.09.2023 15:00:01,3,NIE,,
j-2023,10,21.11.2023,22.11.2023 09:32:30,77,135,Podkarpackie,51,Dermatologia i wenerologia,2023/027300,Rezydencki,93.14,4.52,02.10.2023 13:04:39,4,NIE,,
j-2023,10,21.11.2023,22.11.2023 09:32:30,77,135,Podkarpackie,52,Dermatologia i wenerologia,2023/027476,Rezydencki,92.68,4.73,25.10.2023 10:18:33,4,NIE,,
j-2023,10,21.11.2023,22.11.2023 09:32:30,77,135,Podkarpackie,53,Dermatologia i wenerologia,2023/023092,Rezydencki,92.16,4.52,02.10.2023 23:18:15,4,NIE,,
j-2023,10,21.11.2023,22.11.2023 09:32:30,77,135,Podkarpackie,54,Dermatologia i wenerologia,2023/022921,Rezydencki,91.71,4.29,23.10.2023 15:06:24,4,NIE,,
j-2023,10,21.11.2023,22.11.2023 09:32:30,77,135,Podkarpackie,55,Endokrynologia,2023/022780,Pozarezydencki,88.79,4.41,23.10.2023 17:42:05,1,NIE,,
j-2023,10,21.11.2023,22.11.2023 09:32:30,77,135,Podkarpackie,56,Gastroenterologia,2023/027254,Rezydencki,90.82,3.88,28.09.2023 14:45:35,1,NIE,,
j-2023,10,21.11.2023,22.11.2023 09:32:30,77,135,Podkarpackie,57,Geriatria,2023/021260,Rezydencki,80.88,3.80,08.09.2023 20:44:24,2,NIE,,
j-2023,10,21.11.2023,22.11.2023 09:32:30,77,135,Podkarpackie,58,Geriatria,2023/025656,Rezydencki,55.88,3.46,01.10.2023 18:29:24,2,NIE,,
j-2023,10,21.11.2023,22.11.2023 09:32:30,77,135,Podkarpackie,59,Hematologia,2023/025023,Rezydencki,87.44,4.00,22.09.2023 14:53:12,4,NIE,,
j-2023,10,21.11.2023,22.11.2023 09:32:30,77,135,Podkarpackie,60,Hematologia,2023/023254,Rezydencki,86.96,4.68,23.10.2023 20:24:07,4,NIE,,
j-2023,10,21.11.2023,22.11.2023 09:32:30,77,135,Podkarpackie,61,Hematologia,2023/023567,Rezydencki,84.39,3.57,01.10.2023 12:24:25,4,NIE,,
j-2023,10,21.11.2023,22.11.2023 09:32:30,77,135,Podkarpackie,62,Hematologia,2023/029142,Rezydencki,84.06,4.30,29.09.2023 18:49:36,4,NIE,,
j-2023,10,21.11.2023,22.11.2023 09:32:30,77,135,Podkarpackie,63,Hematologia,2023/026666,Pozarezydencki,80.00,3.66,20.10.2023 13:52:53,2,NIE,,
j-2023,10,21.11.2023,22.11.2023 09:32:30,77,135,Podkarpackie,64,Hematologia,2023/024936,Pozarezydencki,70.91,4.03,27.10.2023 13:54:02,2,NIE,,
j-2023,10,21.11.2023,22.11.2023 09:32:30,77,135,Podkarpackie,65,Kardiologia,2023/019243,Rezydencki,89.86,4.11,04.10.2023 10:55:02,7,NIE,,
j-2023,10,21.11.2023,22.11.2023 09:32:30,77,135,Podkarpackie,66,Kardiologia,2023/030007,Rezydencki,89.71,4.04,19.10.2023 10:54:55,7,NIE,,
j-2023,10,21.11.2023,22.11.2023 09:32:30,77,135,Podkarpackie,67,Kardiologia,2023/028445,Rezydencki,89.37,4.59,28.09.2023 19:37:40,7,NIE,,
j-2023,10,21.11.2023,22.11.2023 09:32:30,77,135,Podkarpackie,68,Kardiologia,2023/023891,Rezydencki,87.75,4.46,19.10.2023 14:14:28,7,NIE,,
j-2023,10,21.11.2023,22.11.2023 09:32:30,77,135,Podkarpackie,69,Kardiologia,2023/025151,Rezydencki,87.44,4.33,26.09.2023 21:55:19,7,NIE,,
j-2023,10,21.11.2023,22.11.2023 09:32:30,77,135,Podkarpackie,70,Kardiologia,2023/029034,Rezydencki,87.25,4.02,09.10.2023 16:59:57,7,NIE,,
j-2023,10,21.11.2023,22.11.2023 09:32:30,77,135,Podkarpackie,71,Kardiologia,2023/023156,Rezydencki,86.59,4.24,02.10.2023 17:16:22,7,NIE,,
j-2023,10,21.11.2023,22.11.2023 09:32:30,77,135,Podkarpackie,72,Kardiologia,2023/025601,Pozarezydencki,66.36,4.42,02.10.2023 22:31:43,1,NIE,,
j-2023,10,21.11.2023,22.11.2023 09:32:30,77,135,Podkarpackie,73,Medycyna nuklearna,2023/021782,Pozarezydencki,77.10,4.77,10.10.2023 17:46:25,1,NIE,,
j-2023,10,21.11.2023,22.11.2023 09:32:30,77,135,Podkarpackie,74,Medycyna paliatywna,2023/020569,Pozarezydencki,75.45,0.00,19.10.2023 08:33:01,1,NIE,,
j-2023,10,21.11.2023,22.11.2023 09:32:30,77,135,Podkarpackie,75,Medycyna pracy,2023/028934,Pozarezydencki,89.09,4.06,09.10.2023 13:59:18,1,NIE,,
j-2023,10,21.11.2023,22.11.2023 09:32:30,77,135,Podkarpackie,76,Medycyna rodzinna,2023/025555,Rezydencki,91.79,4.41,25.10.2023 13:33:46,22,NIE,,
j-2023,10,21.11.2023,22.11.2023 09:32:30,77,135,Podkarpackie,77,Medycyna rodzinna,2023/027502,Rezydencki,90.34,4.05,02.10.2023 16:30:04,22,NIE,,
j-2023,10,21.11.2023,22.11.2023 09:32:30,77,135,Podkarpackie,78,Medycyna rodzinna,2023/025939,Rezydencki,89.86,4.28,27.09.2023 20:56:49,22,NIE,,
j-2023,10,21.11.2023,22.11.2023 09:32:30,77,135,Podkarpackie,79,Medycyna rodzinna,2023/029963,Rezydencki,89.37,4.15,02.10.2023 22:24:51,22,NIE,,
j-2023,10,21.11.2023,22.11.2023 09:32:30,77,135,Podkarpackie,80,Medycyna rodzinna,2023/029631,Rezydencki,88.73,4.02,19.10.2023 15:06:54,22,NIE,,
j-2023,10,21.11.2023,22.11.2023 09:32:30,77,135,Podkarpackie,81,Medycyna rodzinna,2023/027345,Rezydencki,88.41,4.57,02.10.2023 22:00:49,22,NIE,,
j-2023,10,21.11.2023,22.11.2023 09:32:30,77,135,Podkarpackie,82,Medycyna rodzinna,2023/028710,Rezydencki,88.24,4.25,02.10.2023 18:32:30,22,NIE,,
j-2023,10,21.11.2023,22.11.2023 09:32:30,77,135,Podkarpackie,83,Medycyna rodzinna,2023/027892,Rezydencki,87.44,3.98,29.09.2023 12:59:19,22,NIE,,
j-2023,10,21.11.2023,22.11.2023 09:32:30,78,135,Podkarpackie,84,Medycyna rodzinna,2023/025837,Rezydencki,86.47,4.33,25.09.2023 10:18:57,22,NIE,,
j-2023,10,21.11.2023,22.11.2023 09:32:30,78,135,Podkarpackie,85,Medycyna rodzinna,2023/028125,Rezydencki,86.34,3.99,28.09.2023 13:41:17,22,NIE,,
j-2023,10,21.11.2023,22.11.2023 09:32:30,78,135,Podkarpackie,86,Medycyna rodzinna,2023/027651,Rezydencki,84.06,3.46,01.10.2023 20:46:37,22,NIE,,
j-2023,10,21.11.2023,22.11.2023 09:32:30,78,135,Podkarpackie,87,Medycyna rodzinna,2023/023274,Rezydencki,83.41,3.83,28.09.2023 22:38:26,22,NIE,,
j-2023,10,21.11.2023,22.11.2023 09:32:30,78,135,Podkarpackie,88,Medycyna rodzinna,2023/028548,Rezydencki,81.95,4.18,28.09.2023 21:09:21,22,NIE,,
j-2023,10,21.11.2023,22.11.2023 09:32:30,78,135,Podkarpackie,89,Medycyna rodzinna,2023/028143,Rezydencki,80.98,3.68,30.09.2023 15:41:06,22,NIE,,
j-2023,10,21.11.2023,22.11.2023 09:32:30,78,135,Podkarpackie,90,Medycyna rodzinna,2023/030114,Rezydencki,80.88,3.62,19.10.2023 12:11:55,22,NIE,,
j-2023,10,21.11.2023,22.11.2023 09:32:30,78,135,Podkarpackie,91,Medycyna rodzinna,2023/021060,Rezydencki,80.49,4.02,11.10.2023 18:16:23,22,NIE,,
j-2023,10,21.11.2023,22.11.2023 09:32:30,78,135,Podkarpackie,92,Medycyna rodzinna,2023/029644,Rezydencki,75.85,0.00,30.09.2023 20:28:40,22,NIE,,
j-2023,10,21.11.2023,22.11.2023 09:32:30,78,135,Podkarpackie,93,Medycyna rodzinna,2023/028124,Rezydencki,73.43,3.39,06.10.2023 11:04:15,22,NIE,,
j-2023,10,21.11.2023,22.11.2023 09:32:30,78,135,Podkarpackie,94,Medycyna rodzinna,2023/020909,Rezydencki,73.17,3.90,29.09.2023 21:17:00,22,NIE,,
j-2023,10,21.11.2023,22.11.2023 09:32:30,78,135,Podkarpackie,95,Medycyna rodzinna,2023/020537,Rezydencki,71.57,3.68,26.09.2023 17:35:54,22,NIE,,
j-2023,10,21.11.2023,22.11.2023 09:32:30,78,135,Podkarpackie,96,Medycyna rodzinna,2023/026962,Rezydencki,69.76,3.29,26.09.2023 23:13:29,22,NIE,,
j-2023,10,21.11.2023,22.11.2023 09:32:30,78,135,Podkarpackie,97,Medycyna rodzinna,2023/019888,Rezydencki,66.34,3.38,23.10.2023 15:34:01,22,NIE,,
j-2023,10,21.11.2023,22.11.2023 09:32:30,78,135,Podkarpackie,98,Medycyna rodzinna,2023/020695,Pozarezydencki,84.64,0.00,04.10.2023 12:41:09,3,NIE,,
j-2023,10,21.11.2023,22.11.2023 09:32:30,78,135,Podkarpackie,99,Medycyna rodzinna,2023/029650,Pozarezydencki,66.36,4.05,23.10.2023 11:22:45,3,NIE,,
j-2023,10,21.11.2023,22.11.2023 09:32:30,78,135,Podkarpackie,100,Medycyna rodzinna,2023/028407,Pozarezydencki,57.80,3.13,30.10.2023 17:07:58,3,NIE,,
j-2023,10,21.11.2023,22.11.2023 09:32:30,78,135,Podkarpackie,101,Medycyna sportowa,2023/026636,Pozarezydencki,73.11,4.00,20.10.2023 13:42:49,1,NIE,,
j-2023,10,21.11.2023,22.11.2023 09:32:30,78,135,Podkarpackie,102,Nefrologia,2023/028325,Rezydencki,88.97,4.00,01.10.2023 18:17:12,5,NIE,,
j-2023,10,21.11.2023,22.11.2023 09:32:30,78,135,Podkarpackie,103,Nefrologia,2023/026539,Rezydencki,87.80,3.94,02.10.2023 13:19:34,5,NIE,,
j-2023,10,21.11.2023,22.11.2023 09:32:30,78,135,Podkarpackie,104,Nefrologia,2023/028827,Rezydencki,87.32,4.00,29.09.2023 22:15:14,5,NIE,,
j-2023,10,21.11.2023,22.11.2023 09:32:30,78,135,Podkarpackie,105,Nefrologia,2023/022236,Rezydencki,87.25,4.11,01.10.2023 23:10:48,5,NIE,,
j-2023,10,21.11.2023,22.11.2023 09:32:30,78,135,Podkarpackie,106,Nefrologia,2023/026354,Rezydencki,86.83,3.89,11.10.2023 20:29:32,5,NIE,,
j-2023,10,21.11.2023,22.11.2023 09:32:30,78,135,Podkarpackie,107,Nefrologia,2023/025305,Pozarezydencki,66.36,3.89,09.10.2023 14:51:32,1,NIE,,
j-2023,10,21.11.2023,22.11.2023 09:32:30,78,135,Podkarpackie,108,Neonatologia,2023/025302,Rezydencki,89.86,4.40,02.10.2023 21:33:52,5,NIE,,
j-2023,10,21.11.2023,22.11.2023 09:32:30,78,135,Podkarpackie,109,Neonatologia,2023/020777,Rezydencki,86.96,4.02,20.09.2023 13:18:45,5,NIE,,
j-2023,10,21.11.2023,22.11.2023 09:32:30,78,135,Podkarpackie,110,Neonatologia,2023/026979,Rezydencki,84.78,3.49,09.10.2023 23:43:43,5,NIE,,
j-2023,10,21.11.2023,22.11.2023 09:32:30,78,135,Podkarpackie,111,Neonatologia,2023/028794,Rezydencki,81.46,4.13,01.10.2023 19:31:47,5,NIE,,
j-2023,10,21.11.2023,22.11.2023 09:32:30,78,135,Podkarpackie,112,Neonatologia,2023/027655,Rezydencki,80.49,3.93,29.09.2023 03:49:57,5,NIE,,
j-2023,10,21.11.2023,22.11.2023 09:32:30,78,135,Podkarpackie,113,Neonatologia,2023/027446,Pozarezydencki,77.21,4.24,15.10.2023 21:21:13,2,NIE,,
j-2023,10,21.11.2023,22.11.2023 09:32:30,78,135,Podkarpackie,114,Neonatologia,2023/027860,Pozarezydencki,58.26,2.94,16.10.2023 12:07:10,2,NIE,,
j-2023,10,21.11.2023,22.11.2023 09:32:30,78,135,Podkarpackie,115,Neurologia,2023/024561,Rezydencki,89.95,4.16,30.09.2023 18:31:22,13,NIE,,
j-2023,10,21.11.2023,22.11.2023 09:32:30,78,135,Podkarpackie,116,Neurologia,2023/024558,Rezydencki,88.97,4.35,26.09.2023 21:14:48,13,NIE,,
j-2023,10,21.11.2023,22.11.2023 09:32:30,78,135,Podkarpackie,117,Neurologia,2023/024136,Rezydencki,88.89,4.36,23.10.2023 12:13:53,13,NIE,,
j-2023,10,21.11.2023,22.11.2023 09:32:30,78,135,Podkarpackie,118,Neurologia,2023/029215,Rezydencki,88.73,4.26,02.10.2023 22:41:31,13,NIE,,
j-2023,10,21.11.2023,22.11.2023 09:32:30,78,135,Podkarpackie,119,Neurologia,2023/023150,Rezydencki,88.41,4.18,22.09.2023 19:29:15,13,NIE,,
j-2023,10,21.11.2023,22.11.2023 09:32:30,78,135,Podkarpackie,120,Neurologia,2023/025427,Rezydencki,88.05,4.28,04.10.2023 13:12:10,13,NIE,,
j-2023,10,21.11.2023,22.11.2023 09:32:30,78,135,Podkarpackie,121,Neurologia,2023/020870,Rezydencki,87.92,3.91,12.10.2023 09:02:06,13,NIE,,
j-2023,10,21.11.2023,22.11.2023 09:32:30,79,135,Podkarpackie,122,Neurologia,2023/028732,Rezydencki,87.75,3.78,19.10.2023 14:22:09,13,NIE,,
j-2023,10,21.11.2023,22.11.2023 09:32:30,79,135,Podkarpackie,123,Neurologia,2023/023807,Rezydencki,86.83,3.92,28.09.2023 17:23:02,13,NIE,,
j-2023,10,21.11.2023,22.11.2023 09:32:30,79,135,Podkarpackie,124,Neurologia,2023/029713,Rezydencki,86.34,3.66,24.10.2023 09:52:17,13,NIE,,
j-2023,10,21.11.2023,22.11.2023 09:32:30,79,135,Podkarpackie,125,Neurologia,2023/027078,Rezydencki,84.31,4.21,19.10.2023 20:36:25,13,NIE,,
j-2023,10,21.11.2023,22.11.2023 09:32:30,79,135,Podkarpackie,126,Neurologia,2023/022790,Rezydencki,83.33,3.71,06.10.2023 12:17:29,13,NIE,,
j-2023,10,21.11.2023,22.11.2023 09:32:30,79,135,Podkarpackie,127,Neurologia,2023/026182,Rezydencki,82.84,3.92,26.09.2023 13:29:11,13,NIE,,
j-2023,10,21.11.2023,22.11.2023 09:32:30,79,135,Podkarpackie,128,Neurologia dziecięca,2023/023170,Rezydencki,88.41,4.53,21.09.2023 20:48:02,1,NIE,,
j-2023,10,21.11.2023,22.11.2023 09:32:30,79,135,Podkarpackie,129,Okulistyka,2023/025751,Rezydencki,89.86,4.18,23.10.2023 17:30:40,3,NIE,,
j-2023,10,21.11.2023,22.11.2023 09:32:30,79,135,Podkarpackie,130,Okulistyka,2023/019639,Rezydencki,89.76,4.40,04.10.2023 10:14:22,3,NIE,,
j-2023,10,21.11.2023,22.11.2023 09:32:30,79,135,Podkarpackie,131,Okulistyka,2023/025306,Rezydencki,89.71,4.38,24.10.2023 08:57:01,3,NIE,,
j-2023,10,21.11.2023,22.11.2023 09:32:30,79,135,Podkarpackie,132,Onkologia i hematologia dziecięca,2023/028172,Rezydencki,83.90,3.88,28.09.2023 14:26:35,1,NIE,,
j-2023,10,21.11.2023,22.11.2023 09:32:30,79,135,Podkarpackie,133,Onkologia kliniczna,2023/020554,Rezydencki,78.92,3.71,01.10.2023 18:04:48,2,NIE,,
j-2023,10,21.11.2023,22.11.2023 09:32:30,79,135,Podkarpackie,134,Onkologia kliniczna,2023/027176,Rezydencki,55.07,3.26,24.10.2023 10:01:56,2,NIE,,
j-2023,10,21.11.2023,22.11.2023 09:32:30,79,135,Podkarpackie,135,Onkologia kliniczna,2023/021166,Pozarezydencki,61.82,2.77,19.10.2023 08:09:14,1,NIE,,
j-2023,10,21.11.2023,22.11.2023 09:32:30,79,135,Podkarpackie,136,Ortopedia i traumatologia narządu ruchu,2023/025198,Rezydencki,90.69,4.04,20.10.2023 12:24:05,16,NIE,,
j-2023,10,21.11.2023,22.11.2023 09:32:30,79,135,Podkarpackie,137,Ortopedia i traumatologia narządu ruchu,2023/025490,Rezydencki,89.37,4.55,24.09.2023 15:06:04,16,NIE,,
j-2023,10,21.11.2023,22.11.2023 09:32:30,79,135,Podkarpackie,138,Ortopedia i traumatologia narządu ruchu,2023/019342,Rezydencki,88.24,4.05,01.09.2023 07:25:09,16,NIE,,
j-2023,10,21.11.2023,22.11.2023 09:32:30,79,135,Podkarpackie,139,Ortopedia i traumatologia narządu ruchu,2023/028333,Rezydencki,87.32,3.81,25.10.2023 12:07:01,16,NIE,,
j-2023,10,21.11.2023,22.11.2023 09:32:30,79,135,Podkarpackie,140,Ortopedia i traumatologia narządu ruchu,2023/019681,Rezydencki,87.20,4.27,01.09.2023 13:28:39,16,NIE,,
j-2023,10,21.11.2023,22.11.2023 09:32:30,79,135,Podkarpackie,141,Ortopedia i traumatologia narządu ruchu,2023/020972,Rezydencki,86.96,3.84,28.09.2023 13:40:04,16,NIE,,
j-2023,10,21.11.2023,22.11.2023 09:32:30,79,135,Podkarpackie,142,Ortopedia i traumatologia narządu ruchu,2023/026022,Rezydencki,86.76,4.21,26.10.2023 12:36:54,16,NIE,,
j-2023,10,21.11.2023,22.11.2023 09:32:30,79,135,Podkarpackie,143,Ortopedia i traumatologia narządu ruchu,2023/029651,Rezydencki,86.47,3.81,24.10.2023 20:21:26,16,NIE,,
j-2023,10,21.11.2023,22.11.2023 09:32:30,79,135,Podkarpackie,144,Ortopedia i traumatologia narządu ruchu,2023/028542,Rezydencki,86.34,3.70,12.10.2023 08:53:00,16,NIE,,
j-2023,10,21.11.2023,22.11.2023 09:32:30,79,135,Podkarpackie,145,Ortopedia i traumatologia narządu ruchu,2023/029738,Rezydencki,85.54,4.13,30.09.2023 22:55:49,16,NIE,,
j-2023,10,21.11.2023,22.11.2023 09:32:30,79,135,Podkarpackie,146,Ortopedia i traumatologia narządu ruchu,2023/019833,Rezydencki,84.06,4.04,15.09.2023 14:30:38,16,NIE,,
j-2023,10,21.11.2023,22.11.2023 09:32:30,79,135,Podkarpackie,147,Ortopedia i traumatologia narządu ruchu,2023/025715,Rezydencki,83.09,4.16,30.09.2023 21:26:21,16,NIE,,
j-2023,10,21.11.2023,22.11.2023 09:32:30,79,135,Podkarpackie,148,Ortopedia i traumatologia narządu ruchu,2023/028086,Rezydencki,82.44,3.43,05.10.2023 14:12:38,16,NIE,,
j-2023,10,21.11.2023,22.11.2023 09:32:30,79,135,Podkarpackie,149,Ortopedia i traumatologia narządu ruchu,2023/029498,Rezydencki,82.11,3.52,30.09.2023 19:52:14,16,NIE,,
j-2023,10,21.11.2023,22.11.2023 09:32:30,79,135,Podkarpackie,150,Ortopedia i traumatologia narządu ruchu,2023/026052,Rezydencki,80.98,3.92,02.10.2023 21:28:01,16,NIE,,
j-2023,10,21.11.2023,22.11.2023 09:32:30,79,135,Podkarpackie,151,Ortopedia i traumatologia narządu ruchu,2023/028866,Rezydencki,69.27,3.46,09.10.2023 18:57:36,16,NIE,,
j-2023,10,21.11.2023,22.11.2023 09:32:30,79,135,Podkarpackie,152,Otorynolaryngologia,2023/029874,Rezydencki,90.82,4.18,01.10.2023 23:50:01,1,NIE,,
j-2023,10,21.11.2023,22.11.2023 09:32:30,79,135,Podkarpackie,153,Pediatria,2023/025150,Rezydencki,89.71,4.35,24.09.2023 14:47:37,14,NIE,,
j-2023,10,21.11.2023,22.11.2023 09:32:30,79,135,Podkarpackie,154,Pediatria,2023/024556,Rezydencki,89.71,4.11,28.09.2023 17:20:43,14,NIE,,
j-2023,10,21.11.2023,22.11.2023 09:32:30,79,135,Podkarpackie,155,Pediatria,2023/027447,Rezydencki,87.92,4.27,23.10.2023 20:42:13,14,NIE,,
j-2023,10,21.11.2023,22.11.2023 09:32:30,79,135,Podkarpackie,156,Pediatria,2023/029194,Rezydencki,87.80,4.50,30.09.2023 20:31:12,14,NIE,,
j-2023,10,21.11.2023,22.11.2023 09:32:30,79,135,Podkarpackie,157,Pediatria,2023/021523,Rezydencki,87.75,3.88,28.09.2023 19:42:20,14,NIE,,
j-2023,10,21.11.2023,22.11.2023 09:32:30,79,135,Podkarpackie,158,Pediatria,2023/019531,Rezydencki,87.68,3.97,28.09.2023 16:33:50,14,NIE,,
j-2023,10,21.11.2023,22.11.2023 09:32:30,79,135,Podkarpackie,159,Pediatria,2023/023519,Rezydencki,87.44,4.55,27.09.2023 23:41:30,14,NIE,,
j-2023,10,21.11.2023,22.11.2023 09:32:30,80,135,Podkarpackie,160,Pediatria,2023/026515,Rezydencki,86.27,4.18,02.10.2023 22:08:47,14,NIE,,
j-2023,10,21.11.2023,22.11.2023 09:32:30,80,135,Podkarpackie,161,Pediatria,2023/029775,Rezydencki,84.88,4.02,01.10.2023 14:27:41,14,NIE,,
j-2023,10,21.11.2023,22.11.2023 09:32:30,80,135,Podkarpackie,162,Pediatria,2023/026565,Rezydencki,83.90,4.12,02.10.2023 23:34:01,14,NIE,,
j-2023,10,21.11.2023,22.11.2023 09:32:30,80,135,Podkarpackie,163,Pediatria,2023/024871,Rezydencki,83.33,3.88,28.09.2023 11:29:58,14,NIE,,
j-2023,10,21.11.2023,22.11.2023 09:32:30,80,135,Podkarpackie,164,Pediatria,2023/029420,Rezydencki,82.44,4.03,01.10.2023 11:05:47,14,NIE,,
j-2023,10,21.11.2023,22.11.2023 09:32:30,80,135,Podkarpackie,165,Pediatria,2023/025667,Rezydencki,81.46,4.03,02.10.2023 18:29:10,14,NIE,,
j-2023,10,21.11.2023,22.11.2023 09:32:30,80,135,Podkarpackie,166,Pediatria,2023/022553,Rezydencki,80.88,3.25,26.09.2023 22:21:30,14,NIE,,
j-2023,10,21.11.2023,22.11.2023 09:32:30,80,135,Podkarpackie,167,Pediatria,2023/027703,Pozarezydencki,58.88,4.01,02.10.2023 16:44:33,1,NIE,,
j-2023,10,21.11.2023,22.11.2023 09:32:30,80,135,Podkarpackie,168,Perinatologia,2023/022067,Pozarezydencki,70.14,0.00,16.10.2023 14:07:53,1,NIE,,
j-2023,10,21.11.2023,22.11.2023 09:32:30,80,135,Podkarpackie,169,Położnictwo i ginekologia,2023/019241,Rezydencki,93.17,4.68,23.10.2023 23:46:14,13,NIE,,
j-2023,10,21.11.2023,22.11.2023 09:32:30,80,135,Podkarpackie,170,Położnictwo i ginekologia,2023/027503,Rezydencki,89.37,3.86,02.10.2023 15:57:27,13,NIE,,
j-2023,10,21.11.2023,22.11.2023 09:32:30,80,135,Podkarpackie,171,Położnictwo i ginekologia,2023/027038,Rezydencki,88.89,4.45,18.10.2023 16:46:43,13,NIE,,
j-2023,10,21.11.2023,22.11.2023 09:32:30,80,135,Podkarpackie,172,Położnictwo i ginekologia,2023/019255,Rezydencki,88.73,4.29,23.10.2023 23:42:40,13,NIE,,
j-2023,10,21.11.2023,22.11.2023 09:32:30,80,135,Podkarpackie,173,Położnictwo i ginekologia,2023/020887,Rezydencki,88.29,3.88,06.10.2023 13:30:57,13,NIE,,
j-2023,10,21.11.2023,22.11.2023 09:32:30,80,135,Podkarpackie,174,Położnictwo i ginekologia,2023/029052,Rezydencki,85.85,3.83,29.09.2023 19:49:26,13,NIE,,
j-2023,10,21.11.2023,22.11.2023 09:32:30,80,135,Podkarpackie,175,Położnictwo i ginekologia,2023/027371,Rezydencki,84.31,3.63,08.10.2023 20:54:28,13,NIE,,
j-2023,10,21.11.2023,22.11.2023 09:32:30,80,135,Podkarpackie,176,Położnictwo i ginekologia,2023/024734,Rezydencki,83.58,4.10,06.10.2023 16:07:11,13,NIE,,
j-2023,10,21.11.2023,22.11.2023 09:32:30,80,135,Podkarpackie,177,Położnictwo i ginekologia,2023/025564,Rezydencki,82.84,4.41,27.09.2023 20:33:42,13,NIE,,
j-2023,10,21.11.2023,22.11.2023 09:32:30,80,135,Podkarpackie,178,Położnictwo i ginekologia,2023/022544,Rezydencki,81.37,3.31,24.09.2023 18:30:26,13,NIE,,
j-2023,10,21.11.2023,22.11.2023 09:32:30,80,135,Podkarpackie,179,Położnictwo i ginekologia,2023/024322,Rezydencki,79.41,3.78,30.09.2023 10:59:58,13,NIE,,
j-2023,10,21.11.2023,22.11.2023 09:32:30,80,135,Podkarpackie,180,Położnictwo i ginekologia,2023/029829,Rezydencki,74.88,3.66,13.10.2023 16:55:52,13,NIE,,
j-2023,10,21.11.2023,22.11.2023 09:32:30,80,135,Podkarpackie,181,Położnictwo i ginekologia,2023/026017,Rezydencki,70.24,3.63,12.10.2023 09:43:08,13,NIE,,
j-2023,10,21.11.2023,22.11.2023 09:32:30,80,135,Podkarpackie,182,Protetyka stomatologiczna,2023/023985,Rezydencki,82.38,4.48,09.10.2023 21:20:18,1,NIE,,
j-2023,10,21.11.2023,22.11.2023 09:32:30,80,135,Podkarpackie,183,Psychiatria,2023/020252,Rezydencki,88.48,4.05,06.10.2023 09:41:39,13,NIE,,
j-2023,10,21.11.2023,22.11.2023 09:32:30,80,135,Podkarpackie,184,Psychiatria,2023/026093,Rezydencki,87.32,4.13,02.10.2023 12:25:14,13,NIE,,
j-2023,10,21.11.2023,22.11.2023 09:32:30,80,135,Podkarpackie,185,Psychiatria,2023/025824,Rezydencki,87.32,3.48,29.09.2023 18:18:46,13,NIE,,
j-2023,10,21.11.2023,22.11.2023 09:32:30,80,135,Podkarpackie,186,Psychiatria,2023/028250,Rezydencki,85.37,4.23,30.09.2023 16:20:16,13,NIE,,
j-2023,10,21.11.2023,22.11.2023 09:32:30,80,135,Podkarpackie,187,Psychiatria,2023/028454,Rezydencki,85.02,3.98,28.09.2023 19:42:26,13,NIE,,
j-2023,10,21.11.2023,22.11.2023 09:32:30,80,135,Podkarpackie,188,Psychiatria,2023/027287,Rezydencki,83.57,3.90,01.10.2023 15:59:55,13,NIE,,
j-2023,10,21.11.2023,22.11.2023 09:32:30,80,135,Podkarpackie,189,Psychiatria,2023/025417,Rezydencki,82.44,3.73,02.10.2023 22:13:52,13,NIE,,
j-2023,10,21.11.2023,22.11.2023 09:32:30,80,135,Podkarpackie,190,Psychiatria,2023/030289,Rezydencki,81.95,3.72,19.10.2023 16:34:50,13,NIE,,
j-2023,10,21.11.2023,22.11.2023 09:32:30,80,135,Podkarpackie,191,Psychiatria,2023/019830,Rezydencki,80.98,3.97,29.09.2023 22:20:40,13,NIE,,
j-2023,10,21.11.2023,22.11.2023 09:32:30,80,135,Podkarpackie,192,Psychiatria,2023/025481,Rezydencki,79.71,3.92,02.10.2023 12:30:53,13,NIE,,
j-2023,10,21.11.2023,22.11.2023 09:32:30,80,135,Podkarpackie,193,Psychiatria,2023/030873,Rezydencki,79.71,0.00,02.10.2023 21:02:36,13,NIE,,
j-2023,10,21.11.2023,22.11.2023 09:32:30,80,135,Podkarpackie,194,Psychiatria,2023/021449,Rezydencki,78.74,0.00,08.09.2023 13:26:49,13,NIE,,
j-2023,10,21.11.2023,22.11.2023 09:32:30,80,135,Podkarpackie,195,Psychiatria,2023/023975,Rezydencki,78.57,3.30,18.10.2023 11:07:04,13,NIE,,
j-2023,10,21.11.2023,22.11.2023 09:32:30,80,135,Podkarpackie,196,Psychiatria,2023/022775,Pozarezydencki,69.72,4.34,20.10.2023 13:46:13,1,NIE,,
j-2023,10,21.11.2023,22.11.2023 09:32:30,80,135,Podkarpackie,197,Radiologia i diagnostyka obrazowa,2023/023586,Rezydencki,93.00,4.32,23.10.2023 15:57:54,6,NIE,,
j-2023,10,21.11.2023,22.11.2023 09:32:30,81,135,Podkarpackie,198,Radiologia i diagnostyka obrazowa,2023/027180,Rezydencki,91.22,4.18,29.09.2023 12:18:26,6,NIE,,
j-2023,10,21.11.2023,22.11.2023 09:32:30,81,135,Podkarpackie,199,Radiologia i diagnostyka obrazowa,2023/025095,Rezydencki,90.20,4.30,23.10.2023 11:56:46,6,NIE,,
j-2023,10,21.11.2023,22.11.2023 09:32:30,81,135,Podkarpackie,200,Radiologia i diagnostyka obrazowa,2023/029125,Rezydencki,90.00,3.95,02.10.2023 12:36:22,6,NIE,,
j-2023,10,21.11.2023,22.11.2023 09:32:30,81,135,Podkarpackie,201,Radiologia i diagnostyka obrazowa,2023/026324,Rezydencki,89.22,3.90,06.10.2023 14:09:30,6,NIE,,
j-2023,10,21.11.2023,22.11.2023 09:32:30,81,135,Podkarpackie,202,Radiologia i diagnostyka obrazowa,2023/030036,Rezydencki,88.78,4.23,23.10.2023 15:42:17,6,NIE,,
j-2023,10,21.11.2023,22.11.2023 09:32:30,81,135,Podkarpackie,203,Radioterapia onkologiczna,2023/020610,Rezydencki,83.57,3.68,29.09.2023 15:44:06,2,NIE,,
j-2023,10,21.11.2023,22.11.2023 09:32:30,81,135,Podkarpackie,204,Radioterapia onkologiczna,2023/028603,Rezydencki,83.09,4.29,02.10.2023 23:52:46,2,NIE,,
j-2023,10,21.11.2023,22.11.2023 09:32:30,81,135,Podkarpackie,205,Rehabilitacja medyczna,2023/025725,Rezydencki,87.25,3.36,04.10.2023 08:58:35,2,NIE,,
j-2023,10,21.11.2023,22.11.2023 09:32:30,81,135,Podkarpackie,206,Rehabilitacja medyczna,2023/030547,Rezydencki,65.70,3.73,02.10.2023 21:45:35,2,NIE,,
j-2023,10,21.11.2023,22.11.2023 09:32:30,81,135,Podkarpackie,207,Reumatologia,2023/025671,Rezydencki,90.82,4.49,27.09.2023 19:37:48,4,NIE,,
j-2023,10,21.11.2023,22.11.2023 09:32:30,81,135,Podkarpackie,208,Reumatologia,2023/027327,Rezydencki,90.34,4.59,24.10.2023 09:06:27,4,NIE,,
j-2023,10,21.11.2023,22.11.2023 09:32:30,81,135,Podkarpackie,209,Reumatologia,2023/024507,Rezydencki,89.86,4.24,18.10.2023 13:48:09,4,NIE,,
j-2023,10,21.11.2023,22.11.2023 09:32:30,81,135,Podkarpackie,210,Reumatologia,2023/025339,Rezydencki,89.22,4.41,24.10.2023 09:02:55,4,NIE,,
j-2023,10,21.11.2023,22.11.2023 09:32:30,81,135,Podkarpackie,211,Stomatologia dziecięca,2023/024550,Rezydencki,82.30,4.35,12.10.2023 22:57:20,2,NIE,,
j-2023,10,21.11.2023,22.11.2023 09:32:30,81,135,Podkarpackie,212,Stomatologia dziecięca,2023/021893,Rezydencki,72.38,3.50,18.09.2023 14:40:17,2,NIE,,
j-2023,10,21.11.2023,22.11.2023 09:32:30,81,135,Podkarpackie,213,Stomatologia zachowawcza z endodoncją,2023/029737,Rezydencki,72.12,3.91,20.10.2023 19:05:05,1,NIE,,
j-2023,10,21.11.2023,22.11.2023 09:32:30,81,135,Podkarpackie,214,Urologia,2023/022922,Rezydencki,87.80,3.94,02.10.2023 16:23:17,5,NIE,,
j-2023,10,21.11.2023,22.11.2023 09:32:30,81,135,Podkarpackie,215,Urologia,2023/021530,Rezydencki,87.75,4.08,02.10.2023 16:10:37,5,NIE,,
j-2023,10,21.11.2023,22.11.2023 09:32:30,81,135,Podkarpackie,216,Urologia,2023/024639,Rezydencki,87.68,4.06,25.10.2023 21:12:10,5,NIE,,
j-2023,10,21.11.2023,22.11.2023 09:32:30,81,135,Podkarpackie,217,Urologia,2023/028661,Rezydencki,87.07,4.61,02.10.2023 18:43:07,5,NIE,,
j-2023,10,21.11.2023,22.11.2023 09:32:30,81,135,Podkarpackie,218,Urologia,2023/022702,Rezydencki,85.99,3.89,24.10.2023 14:55:57,5,NIE,,
j-2023,10,21.11.2023,22.11.2023 09:32:30,81,135,Podkarpackie,219,Urologia,2023/020605,Pozarezydencki,79.07,3.88,17.10.2023 20:17:18,1,NIE,,
j-2023,10,21.11.2023,22.11.2023 09:32:30,81,135,Podlaskie,1,Alergologia,2023/024045,Pozarezydencki,77.73,4.17,23.10.2023 10:14:24,2,NIE,,
j-2023,10,21.11.2023,22.11.2023 09:32:30,81,135,Podlaskie,2,Alergologia,2023/029174,Pozarezydencki,66.36,0.00,29.09.2023 20:10:14,2,NIE,,
j-2023,10,21.11.2023,22.11.2023 09:32:30,81,135,Podlaskie,3,Anestezjologia i intensywna terapia,2023/023876,Rezydencki,89.86,4.40,18.09.2023 19:55:58,10,NIE,,
j-2023,10,21.11.2023,22.11.2023 09:32:30,81,135,Podlaskie,4,Anestezjologia i intensywna terapia,2023/025368,Rezydencki,85.02,4.38,01.10.2023 22:54:32,10,NIE,,
j-2023,10,21.11.2023,22.11.2023 09:32:30,81,135,Podlaskie,5,Anestezjologia i intensywna terapia,2023/025901,Rezydencki,82.37,3.76,24.10.2023 20:09:55,10,NIE,,
j-2023,10,21.11.2023,22.11.2023 09:32:30,81,135,Podlaskie,6,Anestezjologia i intensywna terapia,2023/028347,Rezydencki,81.64,3.60,23.10.2023 10:40:35,10,NIE,,
j-2023,10,21.11.2023,22.11.2023 09:32:30,81,135,Podlaskie,7,Anestezjologia i intensywna terapia,2023/029412,Rezydencki,81.46,3.43,26.10.2023 21:15:00,10,NIE,,
j-2023,10,21.11.2023,22.11.2023 09:32:30,81,135,Podlaskie,8,Anestezjologia i intensywna terapia,2023/027822,Rezydencki,81.37,4.08,23.10.2023 20:04:00,10,NIE,,
j-2023,10,21.11.2023,22.11.2023 09:32:30,81,135,Podlaskie,9,Anestezjologia i intensywna terapia,2023/028990,Rezydencki,81.37,3.54,23.10.2023 14:58:01,10,NIE,,
j-2023,10,21.11.2023,22.11.2023 09:32:30,81,135,Podlaskie,10,Anestezjologia i intensywna terapia,2023/023579,Rezydencki,73.66,3.32,25.10.2023 15:21:28,10,NIE,,
j-2023,10,21.11.2023,22.11.2023 09:32:30,81,135,Podlaskie,11,Anestezjologia i intensywna terapia,2023/030571,Rezydencki,69.76,3.18,02.10.2023 22:23:53,10,NIE,,
j-2023,10,21.11.2023,22.11.2023 09:32:30,81,135,Podlaskie,12,Anestezjologia i intensywna terapia,2023/019624,Rezydencki,65.85,3.46,23.10.2023 10:53:37,10,NIE,,
j-2023,10,21.11.2023,22.11.2023 09:32:30,82,135,Podlaskie,13,Angiologia,2023/027419,Rezydencki,86.27,4.16,30.09.2023 10:29:57,1,NIE,,
j-2023,10,21.11.2023,22.11.2023 09:32:30,82,135,Podlaskie,14,Angiologia,2023/020062,Pozarezydencki,77.10,4.48,22.10.2023 14:06:14,1,NIE,,
j-2023,10,21.11.2023,22.11.2023 09:32:30,82,135,Podlaskie,15,Chirurgia ogólna,2023/025020,Rezydencki,85.27,4.13,01.10.2023 19:34:23,8,NIE,,
j-2023,10,21.11.2023,22.11.2023 09:32:30,82,135,Podlaskie,16,Chirurgia ogólna,2023/029006,Rezydencki,85.02,3.70,24.10.2023 19:13:15,8,NIE,,
j-2023,10,21.11.2023,22.11.2023 09:32:30,82,135,Podlaskie,17,Chirurgia ogólna,2023/027682,Rezydencki,84.07,3.72,30.09.2023 23:00:28,8,NIE,,
j-2023,10,21.11.2023,22.11.2023 09:32:30,82,135,Podlaskie,18,Chirurgia ogólna,2023/024939,Rezydencki,83.33,3.44,19.10.2023 22:44:17,8,NIE,,
j-2023,10,21.11.2023,22.11.2023 09:32:30,82,135,Podlaskie,19,Chirurgia ogólna,2023/028240,Rezydencki,82.85,4.29,28.09.2023 15:50:02,8,NIE,,
j-2023,10,21.11.2023,22.11.2023 09:32:30,82,135,Podlaskie,20,Chirurgia ogólna,2023/019873,Rezydencki,80.43,3.07,20.10.2023 20:41:23,8,NIE,,
j-2023,10,21.11.2023,22.11.2023 09:32:30,82,135,Podlaskie,21,Chirurgia ogólna,2023/020151,Rezydencki,79.90,3.40,18.10.2023 22:48:13,8,NIE,,
j-2023,10,21.11.2023,22.11.2023 09:32:30,82,135,Podlaskie,22,Chirurgia ogólna,2023/021379,Rezydencki,62.32,0.00,26.09.2023 18:06:23,8,NIE,,
j-2023,10,21.11.2023,22.11.2023 09:32:30,82,135,Podlaskie,23,Chirurgia onkologiczna,2023/023806,Pozarezydencki,72.05,3.66,23.10.2023 11:55:19,1,NIE,,
j-2023,10,21.11.2023,22.11.2023 09:32:30,82,135,Podlaskie,24,Chirurgia szczękowo-twarzowa,2023/020225,Rezydencki,83.33,3.86,22.10.2023 16:46:46,3,NIE,,
j-2023,10,21.11.2023,22.11.2023 09:32:30,82,135,Podlaskie,25,Chirurgia szczękowo-twarzowa,2023/019836,Rezydencki,82.61,4.10,24.10.2023 00:01:05,3,NIE,,
j-2023,10,21.11.2023,22.11.2023 09:32:30,82,135,Podlaskie,26,Chirurgia szczękowo-twarzowa,2023/023447,Rezydencki,82.61,3.92,30.10.2023 15:42:23,3,NIE,,
j-2023,10,21.11.2023,22.11.2023 09:32:30,82,135,Podlaskie,27,Choroby płuc dzieci,2023/026650,Rezydencki,87.32,3.95,18.10.2023 12:30:12,1,NIE,,
j-2023,10,21.11.2023,22.11.2023 09:32:30,82,135,Podlaskie,28,Choroby wewnętrzne,2023/019414,Rezydencki,89.95,4.55,04.09.2023 20:23:32,17,NIE,,
j-2023,10,21.11.2023,22.11.2023 09:32:30,82,135,Podlaskie,29,Choroby wewnętrzne,2023/020267,Rezydencki,89.95,4.43,04.09.2023 20:22:58,17,NIE,,
j-2023,10,21.11.2023,22.11.2023 09:32:30,82,135,Podlaskie,30,Choroby wewnętrzne,2023/019262,Rezydencki,89.27,4.19,19.10.2023 16:44:13,17,NIE,,
j-2023,10,21.11.2023,22.11.2023 09:32:30,82,135,Podlaskie,31,Choroby wewnętrzne,2023/021697,Rezydencki,88.16,4.46,08.09.2023 18:35:58,17,NIE,,
j-2023,10,21.11.2023,22.11.2023 09:32:30,82,135,Podlaskie,32,Choroby wewnętrzne,2023/025699,Rezydencki,87.80,4.23,28.09.2023 20:11:46,17,NIE,,
j-2023,10,21.11.2023,22.11.2023 09:32:30,82,135,Podlaskie,33,Choroby wewnętrzne,2023/026601,Rezydencki,87.32,4.13,24.10.2023 20:25:56,17,NIE,,
j-2023,10,21.11.2023,22.11.2023 09:32:30,82,135,Podlaskie,34,Choroby wewnętrzne,2023/019718,Rezydencki,86.96,4.21,01.09.2023 14:19:52,17,NIE,,
j-2023,10,21.11.2023,22.11.2023 09:32:30,82,135,Podlaskie,35,Choroby wewnętrzne,2023/025694,Rezydencki,86.96,3.75,24.10.2023 21:45:49,17,NIE,,
j-2023,10,21.11.2023,22.11.2023 09:32:30,82,135,Podlaskie,36,Choroby wewnętrzne,2023/021551,Rezydencki,86.03,4.10,08.09.2023 07:05:14,17,NIE,,
j-2023,10,21.11.2023,22.11.2023 09:32:30,82,135,Podlaskie,37,Choroby wewnętrzne,2023/030927,Rezydencki,85.51,3.95,20.10.2023 12:56:19,17,NIE,,
j-2023,10,21.11.2023,22.11.2023 09:32:30,82,135,Podlaskie,38,Choroby wewnętrzne,2023/019650,Rezydencki,84.54,3.30,20.10.2023 10:23:16,17,NIE,,
j-2023,10,21.11.2023,22.11.2023 09:32:30,82,135,Podlaskie,39,Choroby wewnętrzne,2023/021696,Rezydencki,84.39,3.98,20.10.2023 13:16:51,17,NIE,,
j-2023,10,21.11.2023,22.11.2023 09:32:30,82,135,Podlaskie,40,Choroby wewnętrzne,2023/023321,Rezydencki,83.09,3.46,24.10.2023 12:35:13,17,NIE,,
j-2023,10,21.11.2023,22.11.2023 09:32:30,82,135,Podlaskie,41,Choroby wewnętrzne,2023/023511,Rezydencki,80.88,3.77,20.10.2023 21:08:32,17,NIE,,
j-2023,10,21.11.2023,22.11.2023 09:32:30,82,135,Podlaskie,42,Choroby wewnętrzne,2023/029156,Rezydencki,80.19,3.35,25.10.2023 13:45:08,17,NIE,,
j-2023,10,21.11.2023,22.11.2023 09:32:30,82,135,Podlaskie,43,Choroby wewnętrzne,2023/024448,Rezydencki,79.51,3.96,28.09.2023 16:30:16,17,NIE,,
j-2023,10,21.11.2023,22.11.2023 09:32:30,82,135,Podlaskie,44,Choroby wewnętrzne,2023/024422,Rezydencki,72.46,3.63,24.10.2023 10:37:21,17,NIE,,
j-2023,10,21.11.2023,22.11.2023 09:32:30,82,135,Podlaskie,45,Choroby wewnętrzne,2023/025632,Pozarezydencki,71.03,4.18,23.10.2023 21:07:41,1,NIE,,
j-2023,10,21.11.2023,22.11.2023 09:32:30,82,135,Podlaskie,46,Choroby zakaźne,2023/028769,Rezydencki,84.39,3.88,02.10.2023 19:26:02,2,NIE,,
j-2023,10,21.11.2023,22.11.2023 09:32:30,82,135,Podlaskie,47,Choroby zakaźne,2023/023361,Rezydencki,78.26,3.27,21.10.2023 20:44:45,2,NIE,,
j-2023,10,21.11.2023,22.11.2023 09:32:30,82,135,Podlaskie,48,Choroby zakaźne,2023/022473,Pozarezydencki,78.91,0.00,22.10.2023 10:04:56,1,NIE,,
j-2023,10,21.11.2023,22.11.2023 09:32:30,82,135,Podlaskie,49,Dermatologia i wenerologia,2023/030210,Rezydencki,90.98,4.06,17.10.2023 11:26:45,2,NIE,,
j-2023,10,21.11.2023,22.11.2023 09:32:30,82,135,Podlaskie,50,Dermatologia i wenerologia,2023/022543,Rezydencki,90.93,4.29,02.10.2023 19:02:17,2,NIE,,
j-2023,10,21.11.2023,22.11.2023 09:32:30,83,135,Podlaskie,51,Diabetologia,2023/019614,Rezydencki,90.69,4.38,01.09.2023 12:26:19,3,NIE,,
j-2023,10,21.11.2023,22.11.2023 09:32:30,83,135,Podlaskie,52,Diabetologia,2023/024965,Rezydencki,90.34,4.51,26.09.2023 15:19:44,3,NIE,,
j-2023,10,21.11.2023,22.11.2023 09:32:30,83,135,Podlaskie,53,Diabetologia,2023/026120,Rezydencki,89.86,3.61,23.10.2023 13:55:32,3,NIE,,
j-2023,10,21.11.2023,22.11.2023 09:32:30,83,135,Podlaskie,54,Diabetologia,2023/029366,Pozarezydencki,93.64,4.57,04.11.2023 13:22:40,1,NIE,,
j-2023,10,21.11.2023,22.11.2023 09:32:30,83,135,Podlaskie,55,Endokrynologia,2023/029595,Rezydencki,92.68,4.34,26.10.2023 12:58:12,3,NIE,,
j-2023,10,21.11.2023,22.11.2023 09:32:30,83,135,Podlaskie,56,Endokrynologia,2023/019327,Rezydencki,91.91,4.60,11.09.2023 15:13:45,3,NIE,,
j-2023,10,21.11.2023,22.11.2023 09:32:30,83,135,Podlaskie,57,Endokrynologia,2023/029921,Rezydencki,91.71,3.97,24.10.2023 14:17:37,3,NIE,,
j-2023,10,21.11.2023,22.11.2023 09:32:30,83,135,Podlaskie,58,Endokrynologia,2023/027738,Pozarezydencki,94.65,4.38,28.09.2023 21:35:52,1,NIE,,
j-2023,10,21.11.2023,22.11.2023 09:32:30,83,135,Podlaskie,59,Endokrynologia i diabetologia dziecięca,2023/029611,Rezydencki,86.52,3.76,17.10.2023 12:36:53,3,NIE,,
j-2023,10,21.11.2023,22.11.2023 09:32:30,83,135,Podlaskie,60,Endokrynologia i diabetologia dziecięca,2023/030281,Rezydencki,85.99,4.14,12.10.2023 14:37:50,3,NIE,,
j-2023,10,21.11.2023,22.11.2023 09:32:30,83,135,Podlaskie,61,Endokrynologia i diabetologia dziecięca,2023/023873,Rezydencki,85.99,3.89,20.10.2023 10:48:42,3,NIE,,
j-2023,10,21.11.2023,22.11.2023 09:32:30,83,135,Podlaskie,62,Gastroenterologia,2023/026028,Rezydencki,90.73,4.66,24.10.2023 16:38:07,4,NIE,,
j-2023,10,21.11.2023,22.11.2023 09:32:30,83,135,Podlaskie,63,Gastroenterologia,2023/021134,Rezydencki,87.75,4.35,30.09.2023 11:53:55,4,NIE,,
j-2023,10,21.11.2023,22.11.2023 09:32:30,83,135,Podlaskie,64,Gastroenterologia,2023/030313,Rezydencki,86.96,3.67,27.10.2023 18:05:59,4,NIE,,
j-2023,10,21.11.2023,22.11.2023 09:32:30,83,135,Podlaskie,65,Gastroenterologia,2023/029433,Rezydencki,86.71,4.03,02.10.2023 17:20:51,4,NIE,,
j-2023,10,21.11.2023,22.11.2023 09:32:30,83,135,Podlaskie,66,Gastroenterologia,2023/027110,Pozarezydencki,80.00,3.86,27.10.2023 19:19:00,2,NIE,,
j-2023,10,21.11.2023,22.11.2023 09:32:30,83,135,Podlaskie,67,Gastroenterologia,2023/020852,Pozarezydencki,75.45,3.50,28.09.2023 16:43:29,2,NIE,,
j-2023,10,21.11.2023,22.11.2023 09:32:30,83,135,Podlaskie,68,Geriatria,2023/024800,Rezydencki,86.47,4.23,27.09.2023 18:06:22,1,NIE,,
j-2023,10,21.11.2023,22.11.2023 09:32:30,83,135,Podlaskie,69,Intensywna terapia,2023/021930,Pozarezydencki,89.09,4.79,28.09.2023 19:56:48,3,NIE,,
j-2023,10,21.11.2023,22.11.2023 09:32:30,83,135,Podlaskie,70,Intensywna terapia,2023/025794,Pozarezydencki,76.59,3.67,29.10.2023 19:19:53,3,NIE,,
j-2023,10,21.11.2023,22.11.2023 09:32:30,83,135,Podlaskie,71,Intensywna terapia,2023/022037,Pozarezydencki,66.51,3.00,20.10.2023 09:59:25,3,NIE,,
j-2023,10,21.11.2023,22.11.2023 09:32:30,83,135,Podlaskie,72,Kardiologia,2023/021944,Rezydencki,90.34,4.53,28.09.2023 20:30:46,3,NIE,,
j-2023,10,21.11.2023,22.11.2023 09:32:30,83,135,Podlaskie,73,Kardiologia,2023/021717,Rezydencki,90.34,4.53,01.10.2023 19:02:53,3,NIE,,
j-2023,10,21.11.2023,22.11.2023 09:32:30,83,135,Podlaskie,74,Kardiologia,2023/026692,Rezydencki,90.24,4.11,27.09.2023 18:56:02,3,NIE,,
j-2023,10,21.11.2023,22.11.2023 09:32:30,83,135,Podlaskie,75,Kardiologia,2023/028606,Pozarezydencki,85.71,4.08,22.10.2023 15:58:20,5,NIE,,
j-2023,10,21.11.2023,22.11.2023 09:32:30,83,135,Podlaskie,76,Kardiologia,2023/025581,Pozarezydencki,84.11,4.31,24.09.2023 18:25:32,5,NIE,,
j-2023,10,21.11.2023,22.11.2023 09:32:30,83,135,Podlaskie,77,Kardiologia,2023/021924,Pozarezydencki,83.64,3.86,19.10.2023 14:29:25,5,NIE,,
j-2023,10,21.11.2023,22.11.2023 09:32:30,83,135,Podlaskie,78,Kardiologia,2023/019852,Pozarezydencki,82.79,4.18,23.10.2023 23:36:48,5,NIE,,
j-2023,10,21.11.2023,22.11.2023 09:32:30,83,135,Podlaskie,79,Kardiologia,2023/022911,Pozarezydencki,75.45,3.65,23.10.2023 12:08:00,5,NIE,,
j-2023,10,21.11.2023,22.11.2023 09:32:30,83,135,Podlaskie,80,Medycyna paliatywna,2023/021141,Pozarezydencki,70.91,3.83,27.10.2023 09:28:16,1,NIE,,
j-2023,10,21.11.2023,22.11.2023 09:32:30,83,135,Podlaskie,81,Medycyna pracy,2023/029321,Rezydencki,70.29,3.60,20.10.2023 13:06:42,1,NIE,,
j-2023,10,21.11.2023,22.11.2023 09:32:30,83,135,Podlaskie,82,Medycyna pracy,2023/023290,Pozarezydencki,70.91,3.53,20.10.2023 22:01:34,2,NIE,,
j-2023,10,21.11.2023,22.11.2023 09:32:30,83,135,Podlaskie,83,Medycyna pracy,2023/020028,Pozarezydencki,66.36,4.09,08.09.2023 18:40:57,2,NIE,,
j-2023,10,21.11.2023,22.11.2023 09:32:30,83,135,Podlaskie,84,Medycyna rodzinna,2023/019195,Rezydencki,90.34,4.45,01.09.2023 12:34:46,17,NIE,,
j-2023,10,21.11.2023,22.11.2023 09:32:30,83,135,Podlaskie,85,Medycyna rodzinna,2023/019272,Rezydencki,89.86,4.76,01.09.2023 00:36:25,17,NIE,,
j-2023,10,21.11.2023,22.11.2023 09:32:30,83,135,Podlaskie,86,Medycyna rodzinna,2023/026670,Rezydencki,89.37,4.41,28.09.2023 09:21:00,17,NIE,,
j-2023,10,21.11.2023,22.11.2023 09:32:30,83,135,Podlaskie,87,Medycyna rodzinna,2023/020400,Rezydencki,89.27,4.43,29.09.2023 20:56:31,17,NIE,,
j-2023,10,21.11.2023,22.11.2023 09:32:30,83,135,Podlaskie,88,Medycyna rodzinna,2023/024344,Rezydencki,88.41,4.16,20.09.2023 11:48:21,17,NIE,,
j-2023,10,21.11.2023,22.11.2023 09:32:30,84,135,Podlaskie,89,Medycyna rodzinna,2023/021836,Rezydencki,85.78,3.47,28.10.2023 12:00:42,17,NIE,,
j-2023,10,21.11.2023,22.11.2023 09:32:30,84,135,Podlaskie,90,Medycyna rodzinna,2023/027138,Rezydencki,85.37,4.03,24.10.2023 08:35:49,17,NIE,,
j-2023,10,21.11.2023,22.11.2023 09:32:30,84,135,Podlaskie,91,Medycyna rodzinna,2023/030293,Rezydencki,84.39,4.11,02.10.2023 20:59:52,17,NIE,,
j-2023,10,21.11.2023,22.11.2023 09:32:30,84,135,Podlaskie,92,Medycyna rodzinna,2023/019699,Rezydencki,83.41,4.44,28.09.2023 12:19:10,17,NIE,,
j-2023,10,21.11.2023,22.11.2023 09:32:30,84,135,Podlaskie,93,Medycyna rodzinna,2023/027380,Rezydencki,83.41,3.82,23.10.2023 19:45:51,17,NIE,,
j-2023,10,21.11.2023,22.11.2023 09:32:30,84,135,Podlaskie,94,Medycyna rodzinna,2023/026625,Rezydencki,82.44,3.58,23.10.2023 20:11:45,17,NIE,,
j-2023,10,21.11.2023,22.11.2023 09:32:30,84,135,Podlaskie,95,Medycyna rodzinna,2023/024934,Rezydencki,82.35,3.39,25.10.2023 09:35:22,17,NIE,,
j-2023,10,21.11.2023,22.11.2023 09:32:30,84,135,Podlaskie,96,Medycyna rodzinna,2023/028249,Rezydencki,81.64,4.23,28.09.2023 16:00:30,17,NIE,,
j-2023,10,21.11.2023,22.11.2023 09:32:30,84,135,Podlaskie,97,Medycyna rodzinna,2023/022397,Rezydencki,81.13,3.68,24.10.2023 23:06:33,17,NIE,,
j-2023,10,21.11.2023,22.11.2023 09:32:30,84,135,Podlaskie,98,Medycyna rodzinna,2023/020885,Rezydencki,71.46,3.80,20.10.2023 11:25:07,17,NIE,,
j-2023,10,21.11.2023,22.11.2023 09:32:30,84,135,Podlaskie,99,Medycyna rodzinna,2023/026526,Rezydencki,68.75,4.18,21.10.2023 19:52:41,17,NIE,,
j-2023,10,21.11.2023,22.11.2023 09:32:30,84,135,Podlaskie,100,Medycyna rodzinna,2023/027493,Rezydencki,57.97,3.35,26.10.2023 16:20:46,17,NIE,,
j-2023,10,21.11.2023,22.11.2023 09:32:30,84,135,Podlaskie,101,Medycyna rodzinna,2023/021960,Pozarezydencki,66.59,3.37,26.10.2023 19:43:24,1,NIE,,
j-2023,10,21.11.2023,22.11.2023 09:32:30,84,135,Podlaskie,102,Medycyna sportowa,2023/022028,Pozarezydencki,80.00,3.87,23.10.2023 13:40:38,1,NIE,,
j-2023,10,21.11.2023,22.11.2023 09:32:30,84,135,Podlaskie,103,Nefrologia,2023/019557,Rezydencki,87.99,4.13,20.10.2023 13:26:17,3,NIE,,
j-2023,10,21.11.2023,22.11.2023 09:32:30,84,135,Podlaskie,104,Nefrologia,2023/019236,Rezydencki,87.25,4.36,02.10.2023 17:25:36,3,NIE,,
j-2023,10,21.11.2023,22.11.2023 09:32:30,84,135,Podlaskie,105,Nefrologia,2023/023549,Rezydencki,86.83,3.98,25.10.2023 14:13:34,3,NIE,,
j-2023,10,21.11.2023,22.11.2023 09:32:30,84,135,Podlaskie,106,Neonatologia,2023/023561,Rezydencki,79.90,4.00,01.10.2023 11:16:19,1,NIE,,
j-2023,10,21.11.2023,22.11.2023 09:32:30,84,135,Podlaskie,107,Neonatologia,2023/019554,Pozarezydencki,82.95,3.74,20.10.2023 14:31:11,2,NIE,,
j-2023,10,21.11.2023,22.11.2023 09:32:30,84,135,Podlaskie,108,Neonatologia,2023/026340,Pozarezydencki,75.45,4.25,23.10.2023 12:47:56,2,NIE,,
j-2023,10,21.11.2023,22.11.2023 09:32:30,84,135,Podlaskie,109,Neurochirurgia,2023/022746,Rezydencki,88.24,4.29,19.09.2023 10:10:36,2,NIE,,
j-2023,10,21.11.2023,22.11.2023 09:32:30,84,135,Podlaskie,110,Neurochirurgia,2023/027628,Rezydencki,80.43,4.00,29.09.2023 17:21:50,2,NIE,,
j-2023,10,21.11.2023,22.11.2023 09:32:30,84,135,Podlaskie,111,Neurologia,2023/023459,Rezydencki,87.80,3.91,23.10.2023 15:50:49,5,NIE,,
j-2023,10,21.11.2023,22.11.2023 09:32:30,84,135,Podlaskie,112,Neurologia,2023/026521,Rezydencki,84.88,3.71,23.10.2023 13:46:47,5,NIE,,
j-2023,10,21.11.2023,22.11.2023 09:32:30,84,135,Podlaskie,113,Neurologia,2023/028163,Rezydencki,71.71,3.30,19.10.2023 19:52:20,5,NIE,,
j-2023,10,21.11.2023,22.11.2023 09:32:30,84,135,Podlaskie,114,Neurologia,2023/020626,Rezydencki,70.53,5.00,14.09.2023 22:09:15,5,NIE,,
j-2023,10,21.11.2023,22.11.2023 09:32:30,84,135,Podlaskie,115,Neurologia,2023/030631,Rezydencki,69.08,3.86,02.10.2023 16:12:03,5,NIE,,
j-2023,10,21.11.2023,22.11.2023 09:32:30,84,135,Podlaskie,116,Okulistyka,2023/026556,Rezydencki,89.27,4.09,23.10.2023 15:53:33,1,NIE,,
j-2023,10,21.11.2023,22.11.2023 09:32:30,84,135,Podlaskie,117,Onkologia kliniczna,2023/028221,Rezydencki,75.49,3.44,18.10.2023 14:27:47,1,NIE,,
j-2023,10,21.11.2023,22.11.2023 09:32:30,84,135,Podlaskie,118,Ortodoncja,2023/023334,Rezydencki,89.37,4.15,26.10.2023 18:36:19,1,NIE,,
j-2023,10,21.11.2023,22.11.2023 09:32:30,84,135,Podlaskie,119,Ortopedia i traumatologia narządu ruchu,2023/026571,Rezydencki,90.34,4.56,26.09.2023 12:48:37,12,NIE,,
j-2023,10,21.11.2023,22.11.2023 09:32:30,84,135,Podlaskie,120,Ortopedia i traumatologia narządu ruchu,2023/027604,Rezydencki,88.89,4.00,01.10.2023 00:11:07,12,NIE,,
j-2023,10,21.11.2023,22.11.2023 09:32:30,84,135,Podlaskie,121,Ortopedia i traumatologia narządu ruchu,2023/023078,Rezydencki,87.32,4.18,28.09.2023 13:25:31,12,NIE,,
j-2023,10,21.11.2023,22.11.2023 09:32:30,84,135,Podlaskie,122,Ortopedia i traumatologia narządu ruchu,2023/029110,Rezydencki,85.85,3.24,20.10.2023 14:01:03,12,NIE,,
j-2023,10,21.11.2023,22.11.2023 09:32:30,84,135,Podlaskie,123,Ortopedia i traumatologia narządu ruchu,2023/022492,Rezydencki,84.80,3.64,18.10.2023 12:14:21,12,NIE,,
j-2023,10,21.11.2023,22.11.2023 09:32:30,84,135,Podlaskie,124,Ortopedia i traumatologia narządu ruchu,2023/019202,Rezydencki,84.06,3.49,18.10.2023 11:25:30,12,NIE,,
j-2023,10,21.11.2023,22.11.2023 09:32:30,84,135,Podlaskie,125,Ortopedia i traumatologia narządu ruchu,2023/021552,Rezydencki,83.82,3.57,18.10.2023 13:19:37,12,NIE,,
j-2023,10,21.11.2023,22.11.2023 09:32:30,84,135,Podlaskie,126,Ortopedia i traumatologia narządu ruchu,2023/021985,Rezydencki,82.93,3.81,18.10.2023 21:56:00,12,NIE,,
j-2023,10,21.11.2023,22.11.2023 09:32:30,85,135,Podlaskie,127,Ortopedia i traumatologia narządu ruchu,2023/020819,Rezydencki,77.78,3.32,18.10.2023 12:12:35,12,NIE,,
j-2023,10,21.11.2023,22.11.2023 09:32:30,85,135,Podlaskie,128,Ortopedia i traumatologia narządu ruchu,2023/029718,Rezydencki,77.78,0.00,22.10.2023 13:18:15,12,NIE,,
j-2023,10,21.11.2023,22.11.2023 09:32:30,85,135,Podlaskie,129,Ortopedia i traumatologia narządu ruchu,2023/020673,Rezydencki,76.10,3.34,23.10.2023 15:11:14,12,NIE,,
j-2023,10,21.11.2023,22.11.2023 09:32:30,85,135,Podlaskie,130,Ortopedia i traumatologia narządu ruchu,2023/028053,Rezydencki,73.91,2.96,20.10.2023 11:49:46,12,NIE,,
j-2023,10,21.11.2023,22.11.2023 09:32:30,85,135,Podlaskie,131,Otorynolaryngologia,2023/020617,Rezydencki,87.75,3.33,20.09.2023 11:36:29,1,NIE,,
j-2023,10,21.11.2023,22.11.2023 09:32:30,85,135,Podlaskie,132,Otorynolaryngologia dziecięca,2023/029281,Rezydencki,84.06,3.46,29.10.2023 13:41:22,1,NIE,,
j-2023,10,21.11.2023,22.11.2023 09:32:30,85,135,Podlaskie,133,Patomorfologia,2023/023582,Rezydencki,89.61,4.53,18.09.2023 09:43:48,2,NIE,,
j-2023,10,21.11.2023,22.11.2023 09:32:30,85,135,Podlaskie,134,Patomorfologia,2023/028045,Rezydencki,79.95,4.17,25.10.2023 19:03:52,2,NIE,,
j-2023,10,21.11.2023,22.11.2023 09:32:30,85,135,Podlaskie,135,Patomorfologia,2023/029350,Pozarezydencki,68.06,0.00,30.09.2023 18:46:57,1,NIE,,
j-2023,10,21.11.2023,22.11.2023 09:32:30,85,135,Podlaskie,136,Pediatria,2023/024852,Rezydencki,89.86,4.00,18.10.2023 19:08:47,7,NIE,,
j-2023,10,21.11.2023,22.11.2023 09:32:30,85,135,Podlaskie,137,Pediatria,2023/027884,Rezydencki,86.96,4.26,28.09.2023 09:38:32,7,NIE,,
j-2023,10,21.11.2023,22.11.2023 09:32:30,85,135,Podlaskie,138,Pediatria,2023/020047,Rezydencki,86.83,4.13,01.10.2023 23:27:00,7,NIE,,
j-2023,10,21.11.2023,22.11.2023 09:32:30,85,135,Podlaskie,139,Pediatria,2023/028921,Rezydencki,85.99,4.53,30.09.2023 19:54:22,7,NIE,,
j-2023,10,21.11.2023,22.11.2023 09:32:30,85,135,Podlaskie,140,Pediatria,2023/019309,Rezydencki,85.51,4.18,02.10.2023 22:16:15,7,NIE,,
j-2023,10,21.11.2023,22.11.2023 09:32:30,85,135,Podlaskie,141,Pediatria,2023/026176,Rezydencki,84.63,3.95,11.10.2023 18:02:40,7,NIE,,
j-2023,10,21.11.2023,22.11.2023 09:32:30,85,135,Podlaskie,142,Pediatria,2023/019244,Rezydencki,84.54,3.81,24.10.2023 23:14:02,7,NIE,,
j-2023,10,21.11.2023,22.11.2023 09:32:30,85,135,Podlaskie,143,Pediatria,2023/022123,Pozarezydencki,70.91,0.00,14.09.2023 10:21:58,1,NIE,,
j-2023,10,21.11.2023,22.11.2023 09:32:30,85,135,Podlaskie,144,Położnictwo i ginekologia,2023/024197,Rezydencki,89.71,4.65,24.09.2023 13:25:58,7,NIE,,
j-2023,10,21.11.2023,22.11.2023 09:32:30,85,135,Podlaskie,145,Położnictwo i ginekologia,2023/025579,Rezydencki,87.50,3.91,18.10.2023 10:55:25,7,NIE,,
j-2023,10,21.11.2023,22.11.2023 09:32:30,85,135,Podlaskie,146,Położnictwo i ginekologia,2023/024081,Rezydencki,83.33,3.53,25.10.2023 04:03:42,7,NIE,,
j-2023,10,21.11.2023,22.11.2023 09:32:30,85,135,Podlaskie,147,Położnictwo i ginekologia,2023/026595,Rezydencki,80.49,3.38,19.10.2023 13:01:35,7,NIE,,
j-2023,10,21.11.2023,22.11.2023 09:32:30,85,135,Podlaskie,148,Położnictwo i ginekologia,2023/030246,Rezydencki,79.51,3.33,21.10.2023 16:13:50,7,NIE,,
j-2023,10,21.11.2023,22.11.2023 09:32:30,85,135,Podlaskie,149,Położnictwo i ginekologia,2023/020111,Rezydencki,78.74,3.47,20.10.2023 16:20:17,7,NIE,,
j-2023,10,21.11.2023,22.11.2023 09:32:30,85,135,Podlaskie,150,Położnictwo i ginekologia,2023/021798,Rezydencki,68.60,4.91,09.09.2023 17:58:59,7,NIE,,
j-2023,10,21.11.2023,22.11.2023 09:32:30,85,135,Podlaskie,151,Protetyka stomatologiczna,2023/020129,Rezydencki,84.06,4.21,25.10.2023 15:13:49,2,NIE,,
j-2023,10,21.11.2023,22.11.2023 09:32:30,85,135,Podlaskie,152,Protetyka stomatologiczna,2023/024457,Rezydencki,79.13,3.94,21.09.2023 16:51:57,2,NIE,,
j-2023,10,21.11.2023,22.11.2023 09:32:30,85,135,Podlaskie,153,Psychiatria,2023/026564,Rezydencki,88.41,4.15,24.10.2023 15:12:48,21,NIE,,
j-2023,10,21.11.2023,22.11.2023 09:32:30,85,135,Podlaskie,154,Psychiatria,2023/021834,Rezydencki,88.16,3.97,25.10.2023 20:50:52,21,NIE,,
j-2023,10,21.11.2023,22.11.2023 09:32:30,85,135,Podlaskie,155,Psychiatria,2023/023263,Rezydencki,86.47,3.59,02.10.2023 22:04:07,21,NIE,,
j-2023,10,21.11.2023,22.11.2023 09:32:30,85,135,Podlaskie,156,Psychiatria,2023/025848,Rezydencki,86.27,4.25,01.10.2023 18:17:58,21,NIE,,
j-2023,10,21.11.2023,22.11.2023 09:32:30,85,135,Podlaskie,157,Psychiatria,2023/028991,Rezydencki,85.85,3.87,29.09.2023 14:55:56,21,NIE,,
j-2023,10,21.11.2023,22.11.2023 09:32:30,85,135,Podlaskie,158,Psychiatria,2023/019839,Rezydencki,85.85,3.69,26.10.2023 20:08:47,21,NIE,,
j-2023,10,21.11.2023,22.11.2023 09:32:30,85,135,Podlaskie,159,Psychiatria,2023/028688,Rezydencki,85.78,4.13,02.10.2023 11:03:44,21,NIE,,
j-2023,10,21.11.2023,22.11.2023 09:32:30,85,135,Podlaskie,160,Psychiatria,2023/026073,Rezydencki,85.37,3.56,25.10.2023 18:08:59,21,NIE,,
j-2023,10,21.11.2023,22.11.2023 09:32:30,85,135,Podlaskie,161,Psychiatria,2023/023786,Rezydencki,85.29,4.21,24.10.2023 14:10:06,21,NIE,,
j-2023,10,21.11.2023,22.11.2023 09:32:30,85,135,Podlaskie,162,Psychiatria,2023/029709,Rezydencki,83.90,3.39,02.10.2023 21:11:50,21,NIE,,
j-2023,10,21.11.2023,22.11.2023 09:32:30,85,135,Podlaskie,163,Psychiatria,2023/030032,Rezydencki,82.93,3.50,24.10.2023 21:39:19,21,NIE,,
j-2023,10,21.11.2023,22.11.2023 09:32:30,85,135,Podlaskie,164,Psychiatria,2023/020227,Rezydencki,81.37,3.70,25.09.2023 21:59:35,21,NIE,,
j-2023,10,21.11.2023,22.11.2023 09:32:30,86,135,Podlaskie,165,Psychiatria,2023/028799,Rezydencki,80.98,3.47,02.10.2023 22:11:25,21,NIE,,
j-2023,10,21.11.2023,22.11.2023 09:32:30,86,135,Podlaskie,166,Psychiatria,2023/029097,Rezydencki,80.39,3.32,25.10.2023 19:20:55,21,NIE,,
j-2023,10,21.11.2023,22.11.2023 09:32:30,86,135,Podlaskie,167,Psychiatria,2023/024914,Rezydencki,80.19,3.50,28.09.2023 18:50:06,21,NIE,,
j-2023,10,21.11.2023,22.11.2023 09:32:30,86,135,Podlaskie,168,Psychiatria,2023/021176,Rezydencki,79.02,3.56,23.10.2023 13:33:01,21,NIE,,
j-2023,10,21.11.2023,22.11.2023 09:32:30,86,135,Podlaskie,169,Psychiatria,2023/021140,Rezydencki,78.26,3.46,20.10.2023 13:20:10,21,NIE,,
j-2023,10,21.11.2023,22.11.2023 09:32:30,86,135,Podlaskie,170,Psychiatria,2023/028935,Rezydencki,78.05,3.11,25.10.2023 19:04:45,21,NIE,,
j-2023,10,21.11.2023,22.11.2023 09:32:30,86,135,Podlaskie,171,Psychiatria,2023/021193,Rezydencki,77.32,3.85,25.10.2023 12:54:50,21,NIE,,
j-2023,10,21.11.2023,22.11.2023 09:32:30,86,135,Podlaskie,172,Psychiatria,2023/021547,Rezydencki,77.29,3.91,25.09.2023 01:57:39,21,NIE,,
j-2023,10,21.11.2023,22.11.2023 09:32:30,86,135,Podlaskie,173,Psychiatria,2023/030937,Rezydencki,71.71,3.26,25.10.2023 13:23:34,21,NIE,,
j-2023,10,21.11.2023,22.11.2023 09:32:30,86,135,Podlaskie,174,Psychiatria,2023/023708,Pozarezydencki,60.27,0.00,24.10.2023 17:32:43,2,NIE,,
j-2023,10,21.11.2023,22.11.2023 09:32:30,86,135,Podlaskie,175,Psychiatria,2023/026344,Pozarezydencki,57.11,2.91,31.10.2023 13:11:38,2,NIE,,
j-2023,10,21.11.2023,22.11.2023 09:32:30,86,135,Podlaskie,176,Radiologia i diagnostyka obrazowa,2023/022252,Rezydencki,90.73,4.63,02.10.2023 23:58:42,13,NIE,,
j-2023,10,21.11.2023,22.11.2023 09:32:30,86,135,Podlaskie,177,Radiologia i diagnostyka obrazowa,2023/023516,Rezydencki,89.27,4.26,28.09.2023 20:46:03,13,NIE,,
j-2023,10,21.11.2023,22.11.2023 09:32:30,86,135,Podlaskie,178,Radiologia i diagnostyka obrazowa,2023/019679,Rezydencki,88.65,3.91,24.10.2023 18:09:20,13,NIE,,
j-2023,10,21.11.2023,22.11.2023 09:32:30,86,135,Podlaskie,179,Radiologia i diagnostyka obrazowa,2023/027541,Rezydencki,87.75,3.76,09.10.2023 18:10:54,13,NIE,,
j-2023,10,21.11.2023,22.11.2023 09:32:30,86,135,Podlaskie,180,Radiologia i diagnostyka obrazowa,2023/028248,Rezydencki,87.56,3.66,01.10.2023 08:56:08,13,NIE,,
j-2023,10,21.11.2023,22.11.2023 09:32:30,86,135,Podlaskie,181,Radiologia i diagnostyka obrazowa,2023/028829,Rezydencki,87.32,3.88,24.10.2023 13:31:36,13,NIE,,
j-2023,10,21.11.2023,22.11.2023 09:32:30,86,135,Podlaskie,182,Radiologia i diagnostyka obrazowa,2023/028982,Rezydencki,86.96,3.84,16.10.2023 10:54:52,13,NIE,,
j-2023,10,21.11.2023,22.11.2023 09:32:30,86,135,Podlaskie,183,Radiologia i diagnostyka obrazowa,2023/028406,Rezydencki,86.96,3.74,28.09.2023 19:19:42,13,NIE,,
j-2023,10,21.11.2023,22.11.2023 09:32:30,86,135,Podlaskie,184,Radiologia i diagnostyka obrazowa,2023/028995,Rezydencki,86.83,3.89,20.10.2023 18:23:41,13,NIE,,
j-2023,10,21.11.2023,22.11.2023 09:32:30,86,135,Podlaskie,185,Radiologia i diagnostyka obrazowa,2023/025360,Rezydencki,86.76,4.29,27.09.2023 16:36:22,13,NIE,,
j-2023,10,21.11.2023,22.11.2023 09:32:30,86,135,Podlaskie,186,Radiologia i diagnostyka obrazowa,2023/019304,Rezydencki,86.71,4.75,01.09.2023 01:06:54,13,NIE,,
j-2023,10,21.11.2023,22.11.2023 09:32:30,86,135,Podlaskie,187,Radiologia i diagnostyka obrazowa,2023/029587,Rezydencki,86.59,3.88,24.10.2023 21:16:32,13,NIE,,
j-2023,10,21.11.2023,22.11.2023 09:32:30,86,135,Podlaskie,188,Radiologia i diagnostyka obrazowa,2023/028619,Rezydencki,86.47,4.13,29.09.2023 00:23:38,13,NIE,,
j-2023,10,21.11.2023,22.11.2023 09:32:30,86,135,Podlaskie,189,Radiologia i diagnostyka obrazowa,2023/020279,Pozarezydencki,82.01,3.66,24.10.2023 15:44:24,1,NIE,,
j-2023,10,21.11.2023,22.11.2023 09:32:30,86,135,Podlaskie,190,Radioterapia onkologiczna,2023/029092,Rezydencki,78.54,3.39,25.10.2023 17:20:28,1,NIE,,
j-2023,10,21.11.2023,22.11.2023 09:32:30,86,135,Podlaskie,191,Rehabilitacja medyczna,2023/023680,Rezydencki,82.35,3.55,30.09.2023 09:19:36,1,NIE,,
j-2023,10,21.11.2023,22.11.2023 09:32:30,86,135,Podlaskie,192,Rehabilitacja medyczna,2023/023273,Pozarezydencki,0.00,4.55,01.10.2023 07:23:20,1,NIE,,
j-2023,10,21.11.2023,22.11.2023 09:32:30,86,135,Podlaskie,193,Reumatologia,2023/028332,Rezydencki,88.05,3.69,23.10.2023 16:25:53,2,NIE,,
j-2023,10,21.11.2023,22.11.2023 09:32:30,86,135,Podlaskie,194,Reumatologia,2023/026110,Rezydencki,86.83,3.92,01.10.2023 21:00:02,2,NIE,,
j-2023,10,21.11.2023,22.11.2023 09:32:30,86,135,Podlaskie,195,Stomatologia dziecięca,2023/021350,Rezydencki,86.47,0.00,31.10.2023 14:48:51,2,NIE,,
j-2023,10,21.11.2023,22.11.2023 09:32:30,86,135,Podlaskie,196,Stomatologia dziecięca,2023/021513,Rezydencki,83.09,3.86,27.10.2023 11:02:52,2,NIE,,
j-2023,10,21.11.2023,22.11.2023 09:32:30,86,135,Podlaskie,197,Stomatologia zachowawcza z endodoncją,2023/025068,Rezydencki,83.57,3.81,25.10.2023 12:08:39,4,NIE,,
j-2023,10,21.11.2023,22.11.2023 09:32:30,86,135,Podlaskie,198,Stomatologia zachowawcza z endodoncją,2023/019623,Rezydencki,81.90,3.88,26.10.2023 14:54:21,4,NIE,,
j-2023,10,21.11.2023,22.11.2023 09:32:30,86,135,Podlaskie,199,Stomatologia zachowawcza z endodoncją,2023/030107,Rezydencki,63.46,3.19,31.10.2023 11:29:34,4,NIE,,
j-2023,10,21.11.2023,22.11.2023 09:32:30,86,135,Podlaskie,200,Stomatologia zachowawcza z endodoncją,2023/028424,Rezydencki,62.20,2.78,27.10.2023 10:00:15,4,NIE,,
j-2023,10,21.11.2023,22.11.2023 09:32:30,86,135,Podlaskie,201,Urologia,2023/026390,Rezydencki,86.34,3.56,02.10.2023 23:55:07,2,NIE,,
j-2023,10,21.11.2023,22.11.2023 09:32:30,86,135,Podlaskie,202,Urologia,2023/029521,Rezydencki,85.51,3.62,30.10.2023 14:44:53,2,NIE,,
j-2023,10,21.11.2023,22.11.2023 09:32:30,87,135,Podlaskie,1,Nefrologia,2023/019534,Rezydencki,86.71,3.86,19.10.2023 14:10:49,1,TAK,Uniwersytecki Szpital Kliniczny w Białymstoku,II Klinika Nefrologii z Oddziałem Leczenia Nadciśnienia Tętniczego i Pododdziałem Dializoterapii
j-2023,10,21.11.2023,22.11.2023 09:32:30,87,135,Podlaskie,1,Dermatologia i wenerologia,2023/019882,Rezydencki,71.74,3.50,18.10.2023 23:16:15,1,TAK,Uniwersytecki Szpital Kliniczny w Białymstoku,Klinika Dermatologii i Wenerologii z Pododdziałem Dermatologii Dziecięcej
j-2023,10,21.11.2023,22.11.2023 09:32:30,87,135,Podlaskie,1,Kardiologia,2023/025774,Rezydencki,83.57,3.91,19.10.2023 15:27:06,1,TAK,Uniwersytecki Szpital Kliniczny w Białymstoku,Klinika Kardiologii Inwazyjnej z OIOK i Pracownią Hemodynamiki
j-2023,10,21.11.2023,22.11.2023 09:32:30,87,135,Pomorskie,1,Alergologia,2023/028377,Rezydencki,89.61,4.33,29.09.2023 11:42:08,7,NIE,,
j-2023,10,21.11.2023,22.11.2023 09:32:30,87,135,Pomorskie,2,Alergologia,2023/028471,Rezydencki,88.78,3.45,17.10.2023 18:00:44,7,NIE,,
j-2023,10,21.11.2023,22.11.2023 09:32:30,87,135,Pomorskie,3,Alergologia,2023/030393,Rezydencki,86.96,4.41,02.10.2023 16:51:12,7,NIE,,
j-2023,10,21.11.2023,22.11.2023 09:32:30,87,135,Pomorskie,4,Alergologia,2023/029763,Rezydencki,86.34,4.16,02.10.2023 23:19:36,7,NIE,,
j-2023,10,21.11.2023,22.11.2023 09:32:30,87,135,Pomorskie,5,Alergologia,2023/026633,Rezydencki,84.54,4.09,29.09.2023 15:00:04,7,NIE,,
j-2023,10,21.11.2023,22.11.2023 09:32:30,87,135,Pomorskie,6,Alergologia,2023/021770,Rezydencki,84.06,3.71,02.10.2023 13:19:57,7,NIE,,
j-2023,10,21.11.2023,22.11.2023 09:32:30,87,135,Pomorskie,7,Alergologia,2023/030129,Rezydencki,83.90,3.95,01.10.2023 23:04:15,7,NIE,,
j-2023,10,21.11.2023,22.11.2023 09:32:30,87,135,Pomorskie,8,Alergologia,2023/021973,Pozarezydencki,71.99,4.09,18.10.2023 21:37:13,1,NIE,,
j-2023,10,21.11.2023,22.11.2023 09:32:30,87,135,Pomorskie,9,Anestezjologia i intensywna terapia,2023/022958,Rezydencki,91.18,4.16,25.09.2023 14:17:56,14,NIE,,
j-2023,10,21.11.2023,22.11.2023 09:32:30,87,135,Pomorskie,10,Anestezjologia i intensywna terapia,2023/022657,Rezydencki,89.37,4.45,13.09.2023 13:44:36,14,NIE,,
j-2023,10,21.11.2023,22.11.2023 09:32:30,87,135,Pomorskie,11,Anestezjologia i intensywna terapia,2023/023745,Rezydencki,89.27,4.69,29.09.2023 20:01:45,14,NIE,,
j-2023,10,21.11.2023,22.11.2023 09:32:30,87,135,Pomorskie,12,Anestezjologia i intensywna terapia,2023/019744,Rezydencki,89.22,3.70,24.09.2023 22:36:34,14,NIE,,
j-2023,10,21.11.2023,22.11.2023 09:32:30,87,135,Pomorskie,13,Anestezjologia i intensywna terapia,2023/024865,Rezydencki,89.13,4.50,21.09.2023 22:54:35,14,NIE,,
j-2023,10,21.11.2023,22.11.2023 09:32:30,87,135,Pomorskie,14,Anestezjologia i intensywna terapia,2023/026027,Rezydencki,88.97,3.77,02.10.2023 19:58:22,14,NIE,,
j-2023,10,21.11.2023,22.11.2023 09:32:30,87,135,Pomorskie,15,Anestezjologia i intensywna terapia,2023/021241,Rezydencki,87.92,4.47,16.10.2023 08:44:05,14,NIE,,
j-2023,10,21.11.2023,22.11.2023 09:32:30,87,135,Pomorskie,16,Anestezjologia i intensywna terapia,2023/026323,Rezydencki,87.92,4.37,02.10.2023 19:27:52,14,NIE,,
j-2023,10,21.11.2023,22.11.2023 09:32:30,87,135,Pomorskie,17,Anestezjologia i intensywna terapia,2023/027427,Rezydencki,87.80,4.03,29.09.2023 17:20:46,14,NIE,,
j-2023,10,21.11.2023,22.11.2023 09:32:30,87,135,Pomorskie,18,Anestezjologia i intensywna terapia,2023/025625,Rezydencki,87.75,3.73,29.09.2023 17:59:59,14,NIE,,
j-2023,10,21.11.2023,22.11.2023 09:32:30,87,135,Pomorskie,19,Anestezjologia i intensywna terapia,2023/022222,Rezydencki,87.75,3.68,12.09.2023 09:15:28,14,NIE,,
j-2023,10,21.11.2023,22.11.2023 09:32:30,87,135,Pomorskie,20,Anestezjologia i intensywna terapia,2023/029349,Rezydencki,87.32,3.57,21.10.2023 13:59:21,14,NIE,,
j-2023,10,21.11.2023,22.11.2023 09:32:30,87,135,Pomorskie,21,Anestezjologia i intensywna terapia,2023/029013,Rezydencki,86.76,3.78,29.09.2023 15:30:22,14,NIE,,
j-2023,10,21.11.2023,22.11.2023 09:32:30,87,135,Pomorskie,22,Anestezjologia i intensywna terapia,2023/030388,Rezydencki,86.47,3.74,02.10.2023 10:51:09,14,NIE,,
j-2023,10,21.11.2023,22.11.2023 09:32:30,87,135,Pomorskie,23,Anestezjologia i intensywna terapia,2023/019638,Pozarezydencki,80.84,3.44,20.09.2023 22:54:33,2,NIE,,
j-2023,10,21.11.2023,22.11.2023 09:32:30,87,135,Pomorskie,24,Anestezjologia i intensywna terapia,2023/021817,Pozarezydencki,64.95,0.00,13.10.2023 23:03:04,2,NIE,,
j-2023,10,21.11.2023,22.11.2023 09:32:30,88,135,Pomorskie,25,Audiologia i foniatria,2023/030237,Rezydencki,53.66,3.63,01.10.2023 22:50:29,1,NIE,,
j-2023,10,21.11.2023,22.11.2023 09:32:30,88,135,Pomorskie,26,Chirurgia dziecięca,2023/024662,Rezydencki,87.92,3.97,19.10.2023 12:59:49,4,NIE,,
j-2023,10,21.11.2023,22.11.2023 09:32:30,88,135,Pomorskie,27,Chirurgia dziecięca,2023/026990,Rezydencki,84.39,3.47,01.10.2023 21:36:42,4,NIE,,
j-2023,10,21.11.2023,22.11.2023 09:32:30,88,135,Pomorskie,28,Chirurgia dziecięca,2023/029170,Rezydencki,83.33,3.83,01.10.2023 18:20:07,4,NIE,,
j-2023,10,21.11.2023,22.11.2023 09:32:30,88,135,Pomorskie,29,Chirurgia dziecięca,2023/030663,Rezydencki,76.33,3.67,22.10.2023 10:27:32,4,NIE,,
j-2023,10,21.11.2023,22.11.2023 09:32:30,88,135,Pomorskie,30,Chirurgia ogólna,2023/019567,Rezydencki,88.78,4.06,02.10.2023 19:10:24,10,NIE,,
j-2023,10,21.11.2023,22.11.2023 09:32:30,88,135,Pomorskie,31,Chirurgia ogólna,2023/028100,Rezydencki,87.80,4.63,02.10.2023 20:09:34,10,NIE,,
j-2023,10,21.11.2023,22.11.2023 09:32:30,88,135,Pomorskie,32,Chirurgia ogólna,2023/026220,Rezydencki,85.99,3.87,02.10.2023 21:32:09,10,NIE,,
j-2023,10,21.11.2023,22.11.2023 09:32:30,88,135,Pomorskie,33,Chirurgia ogólna,2023/020516,Rezydencki,85.37,3.82,02.10.2023 22:05:59,10,NIE,,
j-2023,10,21.11.2023,22.11.2023 09:32:30,88,135,Pomorskie,34,Chirurgia ogólna,2023/021751,Rezydencki,83.17,3.57,02.10.2023 17:36:02,10,NIE,,
j-2023,10,21.11.2023,22.11.2023 09:32:30,88,135,Pomorskie,35,Chirurgia ogólna,2023/023765,Rezydencki,83.09,4.41,01.10.2023 20:55:37,10,NIE,,
j-2023,10,21.11.2023,22.11.2023 09:32:30,88,135,Pomorskie,36,Chirurgia ogólna,2023/028018,Rezydencki,82.85,3.55,13.10.2023 10:19:11,10,NIE,,
j-2023,10,21.11.2023,22.11.2023 09:32:30,88,135,Pomorskie,37,Chirurgia ogólna,2023/019876,Rezydencki,81.40,3.65,14.10.2023 19:21:19,10,NIE,,
j-2023,10,21.11.2023,22.11.2023 09:32:30,88,135,Pomorskie,38,Chirurgia ogólna,2023/019960,Rezydencki,81.16,3.47,25.09.2023 18:41:27,10,NIE,,
j-2023,10,21.11.2023,22.11.2023 09:32:30,88,135,Pomorskie,39,Chirurgia ogólna,2023/031141,Rezydencki,79.23,3.35,02.10.2023 23:38:10,10,NIE,,
j-2023,10,21.11.2023,22.11.2023 09:32:30,88,135,Pomorskie,40,Chirurgia ogólna,2023/025355,Pozarezydencki,66.82,3.75,30.09.2023 22:50:02,1,NIE,,
j-2023,10,21.11.2023,22.11.2023 09:32:30,88,135,Pomorskie,41,Chirurgia onkologiczna,2023/029403,Rezydencki,88.29,4.31,01.10.2023 23:05:52,2,NIE,,
j-2023,10,21.11.2023,22.11.2023 09:32:30,88,135,Pomorskie,42,Chirurgia onkologiczna,2023/028084,Rezydencki,82.35,3.66,02.10.2023 22:01:58,2,NIE,,
j-2023,10,21.11.2023,22.11.2023 09:32:30,88,135,Pomorskie,43,Chirurgia onkologiczna,2023/027753,Pozarezydencki,69.16,3.58,20.10.2023 11:29:49,1,NIE,,
j-2023,10,21.11.2023,22.11.2023 09:32:30,88,135,Pomorskie,44,Chirurgia plastyczna,2023/023193,Rezydencki,90.69,3.74,01.10.2023 12:50:55,2,NIE,,
j-2023,10,21.11.2023,22.11.2023 09:32:30,88,135,Pomorskie,45,Chirurgia plastyczna,2023/029979,Rezydencki,90.34,4.56,26.10.2023 09:24:42,2,NIE,,
j-2023,10,21.11.2023,22.11.2023 09:32:30,88,135,Pomorskie,46,Chirurgia szczękowo-twarzowa,2023/019299,Rezydencki,88.89,4.69,17.09.2023 10:16:34,1,NIE,,
j-2023,10,21.11.2023,22.11.2023 09:32:30,88,135,Pomorskie,47,Choroby płuc,2023/021950,Rezydencki,89.86,4.73,29.09.2023 18:01:20,6,NIE,,
j-2023,10,21.11.2023,22.11.2023 09:32:30,88,135,Pomorskie,48,Choroby płuc,2023/020390,Rezydencki,88.29,3.91,28.09.2023 16:54:41,6,NIE,,
j-2023,10,21.11.2023,22.11.2023 09:32:30,88,135,Pomorskie,49,Choroby płuc,2023/030890,Rezydencki,87.80,4.38,02.10.2023 19:50:22,6,NIE,,
j-2023,10,21.11.2023,22.11.2023 09:32:30,88,135,Pomorskie,50,Choroby płuc,2023/030056,Rezydencki,87.25,3.88,01.10.2023 19:45:07,6,NIE,,
j-2023,10,21.11.2023,22.11.2023 09:32:30,88,135,Pomorskie,51,Choroby płuc,2023/029342,Rezydencki,86.76,4.37,01.10.2023 02:58:05,6,NIE,,
j-2023,10,21.11.2023,22.11.2023 09:32:30,88,135,Pomorskie,52,Choroby płuc,2023/020963,Rezydencki,86.76,4.17,06.09.2023 09:39:18,6,NIE,,
j-2023,10,21.11.2023,22.11.2023 09:32:30,88,135,Pomorskie,53,Choroby płuc,2023/023933,Pozarezydencki,79.72,3.66,28.09.2023 20:14:17,1,NIE,,
j-2023,10,21.11.2023,22.11.2023 09:32:30,88,135,Pomorskie,54,Choroby płuc dzieci,2023/022435,Rezydencki,90.34,4.66,01.10.2023 22:36:25,3,NIE,,
j-2023,10,21.11.2023,22.11.2023 09:32:30,88,135,Pomorskie,55,Choroby płuc dzieci,2023/024454,Rezydencki,88.41,4.21,02.10.2023 22:58:46,3,NIE,,
j-2023,10,21.11.2023,22.11.2023 09:32:30,88,135,Pomorskie,56,Choroby płuc dzieci,2023/025606,Rezydencki,87.44,4.39,25.09.2023 19:32:01,3,NIE,,
j-2023,10,21.11.2023,22.11.2023 09:32:30,88,135,Pomorskie,57,Choroby wewnętrzne,2023/021402,Rezydencki,90.82,4.35,07.09.2023 14:34:17,18,NIE,,
j-2023,10,21.11.2023,22.11.2023 09:32:30,88,135,Pomorskie,58,Choroby wewnętrzne,2023/025084,Rezydencki,89.86,4.50,29.09.2023 22:18:10,18,NIE,,
j-2023,10,21.11.2023,22.11.2023 09:32:30,88,135,Pomorskie,59,Choroby wewnętrzne,2023/020192,Rezydencki,89.86,4.11,22.09.2023 17:57:23,18,NIE,,
j-2023,10,21.11.2023,22.11.2023 09:32:30,88,135,Pomorskie,60,Choroby wewnętrzne,2023/024226,Rezydencki,88.89,4.37,25.09.2023 22:44:47,18,NIE,,
j-2023,10,21.11.2023,22.11.2023 09:32:30,88,135,Pomorskie,61,Choroby wewnętrzne,2023/026849,Rezydencki,88.41,4.13,02.10.2023 14:23:03,18,NIE,,
j-2023,10,21.11.2023,22.11.2023 09:32:30,88,135,Pomorskie,62,Choroby wewnętrzne,2023/020253,Rezydencki,87.75,4.21,30.09.2023 08:52:44,18,NIE,,
j-2023,10,21.11.2023,22.11.2023 09:32:30,89,135,Pomorskie,63,Choroby wewnętrzne,2023/026798,Rezydencki,87.25,3.75,19.10.2023 22:31:25,18,NIE,,
j-2023,10,21.11.2023,22.11.2023 09:32:30,89,135,Pomorskie,64,Choroby wewnętrzne,2023/027240,Rezydencki,86.96,4.02,27.09.2023 14:40:37,18,NIE,,
j-2023,10,21.11.2023,22.11.2023 09:32:30,89,135,Pomorskie,65,Choroby wewnętrzne,2023/026853,Rezydencki,86.10,3.89,01.10.2023 20:32:02,18,NIE,,
j-2023,10,21.11.2023,22.11.2023 09:32:30,89,135,Pomorskie,66,Choroby wewnętrzne,2023/019568,Rezydencki,85.29,3.96,01.09.2023 11:39:05,18,NIE,,
j-2023,10,21.11.2023,22.11.2023 09:32:30,89,135,Pomorskie,67,Choroby wewnętrzne,2023/030115,Rezydencki,84.80,3.51,01.10.2023 21:10:17,18,NIE,,
j-2023,10,21.11.2023,22.11.2023 09:32:30,89,135,Pomorskie,68,Choroby wewnętrzne,2023/024606,Rezydencki,83.57,4.07,24.09.2023 22:03:02,18,NIE,,
j-2023,10,21.11.2023,22.11.2023 09:32:30,89,135,Pomorskie,69,Choroby wewnętrzne,2023/020339,Rezydencki,83.41,3.56,29.09.2023 11:12:36,18,NIE,,
j-2023,10,21.11.2023,22.11.2023 09:32:30,89,135,Pomorskie,70,Choroby wewnętrzne,2023/029172,Rezydencki,82.93,4.43,29.09.2023 19:17:25,18,NIE,,
j-2023,10,21.11.2023,22.11.2023 09:32:30,89,135,Pomorskie,71,Choroby wewnętrzne,2023/027609,Rezydencki,81.95,3.81,11.10.2023 20:49:49,18,NIE,,
j-2023,10,21.11.2023,22.11.2023 09:32:30,89,135,Pomorskie,72,Choroby wewnętrzne,2023/023526,Rezydencki,81.64,3.90,19.10.2023 21:40:48,18,NIE,,
j-2023,10,21.11.2023,22.11.2023 09:32:30,89,135,Pomorskie,73,Choroby wewnętrzne,2023/027443,Rezydencki,76.59,3.81,01.10.2023 19:42:00,18,NIE,,
j-2023,10,21.11.2023,22.11.2023 09:32:30,89,135,Pomorskie,74,Choroby wewnętrzne,2023/027932,Rezydencki,58.33,4.02,23.10.2023 11:42:41,18,NIE,,
j-2023,10,21.11.2023,22.11.2023 09:32:30,89,135,Pomorskie,75,Dermatologia i wenerologia,2023/019307,Rezydencki,91.22,4.16,28.09.2023 20:14:51,1,NIE,,
j-2023,10,21.11.2023,22.11.2023 09:32:30,89,135,Pomorskie,76,Endokrynologia,2023/021745,Rezydencki,91.42,4.58,09.09.2023 10:53:01,1,NIE,,
j-2023,10,21.11.2023,22.11.2023 09:32:30,89,135,Pomorskie,77,Endokrynologia,2023/022761,Pozarezydencki,92.73,0.00,12.10.2023 17:01:59,3,NIE,,
j-2023,10,21.11.2023,22.11.2023 09:32:30,89,135,Pomorskie,78,Endokrynologia,2023/030423,Pozarezydencki,86.98,4.74,19.10.2023 16:45:21,3,NIE,,
j-2023,10,21.11.2023,22.11.2023 09:32:30,89,135,Pomorskie,79,Endokrynologia,2023/025821,Pozarezydencki,86.92,4.20,10.10.2023 11:15:06,3,NIE,,
j-2023,10,21.11.2023,22.11.2023 09:32:30,89,135,Pomorskie,80,Endokrynologia i diabetologia dziecięca,2023/019702,Pozarezydencki,70.37,3.82,11.10.2023 14:39:49,1,NIE,,
j-2023,10,21.11.2023,22.11.2023 09:32:30,89,135,Pomorskie,81,Gastroenterologia,2023/027961,Rezydencki,89.37,4.01,28.09.2023 22:49:39,2,NIE,,
j-2023,10,21.11.2023,22.11.2023 09:32:30,89,135,Pomorskie,82,Gastroenterologia,2023/030699,Rezydencki,89.27,4.31,02.10.2023 23:48:48,2,NIE,,
j-2023,10,21.11.2023,22.11.2023 09:32:30,89,135,Pomorskie,83,Gastroenterologia,2023/025471,Pozarezydencki,84.55,3.99,06.10.2023 11:37:49,5,NIE,,
j-2023,10,21.11.2023,22.11.2023 09:32:30,89,135,Pomorskie,84,Gastroenterologia,2023/029358,Pozarezydencki,81.78,4.51,30.09.2023 22:31:49,5,NIE,,
j-2023,10,21.11.2023,22.11.2023 09:32:30,89,135,Pomorskie,85,Gastroenterologia,2023/028795,Pozarezydencki,80.47,4.32,20.10.2023 16:08:40,5,NIE,,
j-2023,10,21.11.2023,22.11.2023 09:32:30,89,135,Pomorskie,86,Gastroenterologia,2023/027136,Pozarezydencki,80.00,3.97,12.10.2023 17:20:13,5,NIE,,
j-2023,10,21.11.2023,22.11.2023 09:32:30,89,135,Pomorskie,87,Gastroenterologia,2023/020153,Pozarezydencki,73.13,4.36,25.10.2023 07:55:05,5,NIE,,
j-2023,10,21.11.2023,22.11.2023 09:32:30,89,135,Pomorskie,88,Gastroenterologia dziecięca,2023/025484,Rezydencki,90.34,4.69,24.09.2023 14:55:46,2,NIE,,
j-2023,10,21.11.2023,22.11.2023 09:32:30,89,135,Pomorskie,89,Gastroenterologia dziecięca,2023/022901,Rezydencki,85.05,3.72,29.09.2023 09:28:06,2,NIE,,
j-2023,10,21.11.2023,22.11.2023 09:32:30,89,135,Pomorskie,90,Genetyka kliniczna,2023/029225,Pozarezydencki,68.35,3.52,29.09.2023 21:07:08,1,NIE,,
j-2023,10,21.11.2023,22.11.2023 09:32:30,89,135,Pomorskie,91,Hematologia,2023/024596,Rezydencki,87.92,3.84,29.09.2023 11:20:59,2,NIE,,
j-2023,10,21.11.2023,22.11.2023 09:32:30,89,135,Pomorskie,92,Hematologia,2023/025262,Rezydencki,87.44,4.42,23.09.2023 18:41:41,2,NIE,,
j-2023,10,21.11.2023,22.11.2023 09:32:30,89,135,Pomorskie,93,Hematologia,2023/021498,Pozarezydencki,80.00,0.00,23.10.2023 20:49:37,2,NIE,,
j-2023,10,21.11.2023,22.11.2023 09:32:30,89,135,Pomorskie,94,Hematologia,2023/020090,Pozarezydencki,71.14,4.11,13.10.2023 11:53:48,2,NIE,,
j-2023,10,21.11.2023,22.11.2023 09:32:30,89,135,Pomorskie,95,Hipertensjologia,2023/025825,Pozarezydencki,76.04,0.00,13.10.2023 16:23:58,1,NIE,,
j-2023,10,21.11.2023,22.11.2023 09:32:30,89,135,Pomorskie,96,Immunologia kliniczna,2023/022739,Pozarezydencki,80.00,4.33,09.10.2023 22:13:14,2,NIE,,
j-2023,10,21.11.2023,22.11.2023 09:32:30,89,135,Pomorskie,97,Immunologia kliniczna,2023/031048,Pozarezydencki,73.41,0.00,18.10.2023 19:23:13,2,NIE,,
j-2023,10,21.11.2023,22.11.2023 09:32:30,89,135,Pomorskie,98,Kardiochirurgia,2023/021532,Rezydencki,86.34,3.84,28.09.2023 13:13:53,1,NIE,,
j-2023,10,21.11.2023,22.11.2023 09:32:30,89,135,Pomorskie,99,Kardiochirurgia,2023/025217,Pozarezydencki,70.91,3.92,17.10.2023 12:09:04,2,NIE,,
j-2023,10,21.11.2023,22.11.2023 09:32:30,89,135,Pomorskie,100,Kardiochirurgia,2023/030566,Pozarezydencki,68.37,3.33,18.10.2023 16:29:10,2,NIE,,
j-2023,10,21.11.2023,22.11.2023 09:32:30,90,135,Pomorskie,101,Kardiologia,2023/019493,Rezydencki,90.82,4.71,18.09.2023 15:01:04,10,NIE,,
j-2023,10,21.11.2023,22.11.2023 09:32:30,90,135,Pomorskie,102,Kardiologia,2023/027246,Rezydencki,90.24,4.63,30.09.2023 18:34:40,10,NIE,,
j-2023,10,21.11.2023,22.11.2023 09:32:30,90,135,Pomorskie,103,Kardiologia,2023/020614,Rezydencki,90.24,4.03,10.10.2023 17:08:36,10,NIE,,
j-2023,10,21.11.2023,22.11.2023 09:32:30,90,135,Pomorskie,104,Kardiologia,2023/021145,Rezydencki,89.86,4.36,06.09.2023 17:28:49,10,NIE,,
j-2023,10,21.11.2023,22.11.2023 09:32:30,90,135,Pomorskie,105,Kardiologia,2023/029130,Rezydencki,88.89,3.76,02.10.2023 19:11:39,10,NIE,,
j-2023,10,21.11.2023,22.11.2023 09:32:30,90,135,Pomorskie,106,Kardiologia,2023/023999,Rezydencki,88.78,4.24,11.10.2023 17:04:04,10,NIE,,
j-2023,10,21.11.2023,22.11.2023 09:32:30,90,135,Pomorskie,107,Kardiologia,2023/028533,Rezydencki,88.29,4.26,13.10.2023 19:14:18,10,NIE,,
j-2023,10,21.11.2023,22.11.2023 09:32:30,90,135,Pomorskie,108,Kardiologia,2023/028514,Rezydencki,88.24,4.33,13.10.2023 16:41:32,10,NIE,,
j-2023,10,21.11.2023,22.11.2023 09:32:30,90,135,Pomorskie,109,Kardiologia,2023/022713,Rezydencki,87.92,4.64,15.09.2023 10:36:51,10,NIE,,
j-2023,10,21.11.2023,22.11.2023 09:32:30,90,135,Pomorskie,110,Kardiologia,2023/021862,Rezydencki,87.92,4.02,11.09.2023 13:52:21,10,NIE,,
j-2023,10,21.11.2023,22.11.2023 09:32:30,90,135,Pomorskie,111,Kardiologia dziecięca,2023/019666,Rezydencki,84.88,3.97,13.10.2023 14:24:19,2,NIE,,
j-2023,10,21.11.2023,22.11.2023 09:32:30,90,135,Pomorskie,112,Kardiologia dziecięca,2023/021223,Rezydencki,83.09,3.85,19.09.2023 15:08:06,2,NIE,,
j-2023,10,21.11.2023,22.11.2023 09:32:30,90,135,Pomorskie,113,Kardiologia dziecięca,2023/019953,Pozarezydencki,68.20,3.87,19.10.2023 18:46:02,2,NIE,,
j-2023,10,21.11.2023,22.11.2023 09:32:30,90,135,Pomorskie,114,Kardiologia dziecięca,2023/024810,Pozarezydencki,61.82,3.43,11.10.2023 16:53:26,2,NIE,,
j-2023,10,21.11.2023,22.11.2023 09:32:30,90,135,Pomorskie,115,Medycyna morska i tropikalna,2023/025998,Pozarezydencki,74.64,0.00,17.10.2023 12:31:24,2,NIE,,
j-2023,10,21.11.2023,22.11.2023 09:32:30,90,135,Pomorskie,116,Medycyna morska i tropikalna,2023/028236,Pozarezydencki,68.64,0.00,24.10.2023 22:00:04,2,NIE,,
j-2023,10,21.11.2023,22.11.2023 09:32:30,90,135,Pomorskie,117,Medycyna ratunkowa,2023/025145,Rezydencki,88.65,3.93,06.10.2023 15:31:23,6,NIE,,
j-2023,10,21.11.2023,22.11.2023 09:32:30,90,135,Pomorskie,118,Medycyna ratunkowa,2023/028337,Rezydencki,81.64,4.00,29.09.2023 01:03:46,6,NIE,,
j-2023,10,21.11.2023,22.11.2023 09:32:30,90,135,Pomorskie,119,Medycyna ratunkowa,2023/025241,Rezydencki,79.41,3.70,02.10.2023 21:48:45,6,NIE,,
j-2023,10,21.11.2023,22.11.2023 09:32:30,90,135,Pomorskie,120,Medycyna ratunkowa,2023/022176,Rezydencki,73.91,3.53,09.10.2023 13:39:25,6,NIE,,
j-2023,10,21.11.2023,22.11.2023 09:32:30,90,135,Pomorskie,121,Medycyna ratunkowa,2023/021245,Rezydencki,71.50,3.43,07.09.2023 09:00:54,6,NIE,,
j-2023,10,21.11.2023,22.11.2023 09:32:30,90,135,Pomorskie,122,Medycyna ratunkowa,2023/029267,Rezydencki,71.01,3.57,16.10.2023 14:26:18,6,NIE,,
j-2023,10,21.11.2023,22.11.2023 09:32:30,90,135,Pomorskie,123,Medycyna ratunkowa,2023/029148,Pozarezydencki,74.88,4.12,16.10.2023 10:29:02,3,NIE,,
j-2023,10,21.11.2023,22.11.2023 09:32:30,90,135,Pomorskie,124,Medycyna ratunkowa,2023/031023,Pozarezydencki,59.26,0.00,28.10.2023 00:55:04,3,NIE,,
j-2023,10,21.11.2023,22.11.2023 09:32:30,90,135,Pomorskie,125,Medycyna ratunkowa,2023/027978,Pozarezydencki,0.00,0.00,15.10.2023 14:04:13,3,NIE,,
j-2023,10,21.11.2023,22.11.2023 09:32:30,90,135,Pomorskie,126,Medycyna rodzinna,2023/023074,Rezydencki,89.22,4.52,25.10.2023 13:10:45,31,NIE,,
j-2023,10,21.11.2023,22.11.2023 09:32:30,90,135,Pomorskie,127,Medycyna rodzinna,2023/029226,Rezydencki,89.22,4.27,29.09.2023 20:52:19,31,NIE,,
j-2023,10,21.11.2023,22.11.2023 09:32:30,90,135,Pomorskie,128,Medycyna rodzinna,2023/019573,Rezydencki,88.89,4.03,29.09.2023 11:42:14,31,NIE,,
j-2023,10,21.11.2023,22.11.2023 09:32:30,90,135,Pomorskie,129,Medycyna rodzinna,2023/024754,Rezydencki,88.41,4.43,21.09.2023 16:02:33,31,NIE,,
j-2023,10,21.11.2023,22.11.2023 09:32:30,90,135,Pomorskie,130,Medycyna rodzinna,2023/030331,Rezydencki,88.24,4.31,02.10.2023 08:47:14,31,NIE,,
j-2023,10,21.11.2023,22.11.2023 09:32:30,90,135,Pomorskie,131,Medycyna rodzinna,2023/026788,Rezydencki,87.80,3.65,02.10.2023 16:21:37,31,NIE,,
j-2023,10,21.11.2023,22.11.2023 09:32:30,90,135,Pomorskie,132,Medycyna rodzinna,2023/020203,Rezydencki,87.44,4.31,05.10.2023 19:14:36,31,NIE,,
j-2023,10,21.11.2023,22.11.2023 09:32:30,90,135,Pomorskie,133,Medycyna rodzinna,2023/028906,Rezydencki,87.32,4.16,02.10.2023 18:54:57,31,NIE,,
j-2023,10,21.11.2023,22.11.2023 09:32:30,90,135,Pomorskie,134,Medycyna rodzinna,2023/028673,Rezydencki,87.25,3.38,13.10.2023 14:57:33,31,NIE,,
j-2023,10,21.11.2023,22.11.2023 09:32:30,90,135,Pomorskie,135,Medycyna rodzinna,2023/022395,Rezydencki,86.96,4.58,09.10.2023 09:44:48,31,NIE,,
j-2023,10,21.11.2023,22.11.2023 09:32:30,90,135,Pomorskie,136,Medycyna rodzinna,2023/021800,Rezydencki,86.96,4.06,25.10.2023 19:24:48,31,NIE,,
j-2023,10,21.11.2023,22.11.2023 09:32:30,90,135,Pomorskie,137,Medycyna rodzinna,2023/027647,Rezydencki,86.96,4.02,27.09.2023 21:24:37,31,NIE,,
j-2023,10,21.11.2023,22.11.2023 09:32:30,90,135,Pomorskie,138,Medycyna rodzinna,2023/025159,Rezydencki,86.96,3.86,30.09.2023 17:45:35,31,NIE,,
j-2023,10,21.11.2023,22.11.2023 09:32:30,91,135,Pomorskie,139,Medycyna rodzinna,2023/019698,Rezydencki,86.96,3.64,29.09.2023 20:33:30,31,NIE,,
j-2023,10,21.11.2023,22.11.2023 09:32:30,91,135,Pomorskie,140,Medycyna rodzinna,2023/026444,Rezydencki,85.99,3.91,30.09.2023 08:45:52,31,NIE,,
j-2023,10,21.11.2023,22.11.2023 09:32:30,91,135,Pomorskie,141,Medycyna rodzinna,2023/024204,Rezydencki,85.51,4.31,19.09.2023 20:08:37,31,NIE,,
j-2023,10,21.11.2023,22.11.2023 09:32:30,91,135,Pomorskie,142,Medycyna rodzinna,2023/029391,Rezydencki,85.37,4.19,25.10.2023 13:01:02,31,NIE,,
j-2023,10,21.11.2023,22.11.2023 09:32:30,91,135,Pomorskie,143,Medycyna rodzinna,2023/027635,Rezydencki,85.37,4.04,01.10.2023 23:37:41,31,NIE,,
j-2023,10,21.11.2023,22.11.2023 09:32:30,91,135,Pomorskie,144,Medycyna rodzinna,2023/029806,Rezydencki,85.02,4.02,01.10.2023 10:00:47,31,NIE,,
j-2023,10,21.11.2023,22.11.2023 09:32:30,91,135,Pomorskie,145,Medycyna rodzinna,2023/021089,Rezydencki,84.54,4.05,06.09.2023 14:20:29,31,NIE,,
j-2023,10,21.11.2023,22.11.2023 09:32:30,91,135,Pomorskie,146,Medycyna rodzinna,2023/026900,Rezydencki,83.57,3.77,25.10.2023 15:18:55,31,NIE,,
j-2023,10,21.11.2023,22.11.2023 09:32:30,91,135,Pomorskie,147,Medycyna rodzinna,2023/029108,Rezydencki,83.57,3.38,02.10.2023 21:54:38,31,NIE,,
j-2023,10,21.11.2023,22.11.2023 09:32:30,91,135,Pomorskie,148,Medycyna rodzinna,2023/025653,Rezydencki,82.93,3.80,29.09.2023 23:32:28,31,NIE,,
j-2023,10,21.11.2023,22.11.2023 09:32:30,91,135,Pomorskie,149,Medycyna rodzinna,2023/029261,Rezydencki,82.44,4.42,02.10.2023 09:38:29,31,NIE,,
j-2023,10,21.11.2023,22.11.2023 09:32:30,91,135,Pomorskie,150,Medycyna rodzinna,2023/022124,Rezydencki,81.86,3.28,02.10.2023 19:23:55,31,NIE,,
j-2023,10,21.11.2023,22.11.2023 09:32:30,91,135,Pomorskie,151,Medycyna rodzinna,2023/029294,Rezydencki,80.49,3.95,02.10.2023 20:20:24,31,NIE,,
j-2023,10,21.11.2023,22.11.2023 09:32:30,91,135,Pomorskie,152,Medycyna rodzinna,2023/022178,Rezydencki,78.26,3.89,26.10.2023 22:08:34,31,NIE,,
j-2023,10,21.11.2023,22.11.2023 09:32:30,91,135,Pomorskie,153,Medycyna rodzinna,2023/019548,Rezydencki,77.07,4.09,01.09.2023 11:11:03,31,NIE,,
j-2023,10,21.11.2023,22.11.2023 09:32:30,91,135,Pomorskie,154,Medycyna rodzinna,2023/028309,Rezydencki,73.77,3.35,16.10.2023 20:31:45,31,NIE,,
j-2023,10,21.11.2023,22.11.2023 09:32:30,91,135,Pomorskie,155,Medycyna rodzinna,2023/023350,Rezydencki,69.42,3.44,24.10.2023 10:24:40,31,NIE,,
j-2023,10,21.11.2023,22.11.2023 09:32:30,91,135,Pomorskie,156,Medycyna rodzinna,2023/027440,Rezydencki,61.90,3.92,25.10.2023 15:49:27,31,NIE,,
j-2023,10,21.11.2023,22.11.2023 09:32:30,91,135,Pomorskie,157,Medycyna rodzinna,2023/028200,Pozarezydencki,80.00,0.00,16.10.2023 18:27:58,4,NIE,,
j-2023,10,21.11.2023,22.11.2023 09:32:30,91,135,Pomorskie,158,Medycyna rodzinna,2023/028680,Pozarezydencki,79.53,0.00,02.10.2023 21:37:30,4,NIE,,
j-2023,10,21.11.2023,22.11.2023 09:32:30,91,135,Pomorskie,159,Medycyna rodzinna,2023/029100,Pozarezydencki,77.42,3.59,29.09.2023 20:42:21,4,NIE,,
j-2023,10,21.11.2023,22.11.2023 09:32:30,91,135,Pomorskie,160,Medycyna rodzinna,2023/024559,Pozarezydencki,75.70,2.86,19.10.2023 10:35:36,4,NIE,,
j-2023,10,21.11.2023,22.11.2023 09:32:30,91,135,Pomorskie,161,Medycyna sportowa,2023/028193,Pozarezydencki,71.82,0.00,28.09.2023 15:00:29,2,NIE,,
j-2023,10,21.11.2023,22.11.2023 09:32:30,91,135,Pomorskie,162,Medycyna sportowa,2023/025743,Pozarezydencki,70.91,3.11,24.09.2023 22:19:39,2,NIE,,
j-2023,10,21.11.2023,22.11.2023 09:32:30,91,135,Pomorskie,163,Mikrobiologia lekarska,2023/024992,Pozarezydencki,74.53,3.02,10.10.2023 19:38:26,1,NIE,,
j-2023,10,21.11.2023,22.11.2023 09:32:30,91,135,Pomorskie,164,Nefrologia,2023/026306,Rezydencki,86.34,4.00,01.10.2023 11:37:33,1,NIE,,
j-2023,10,21.11.2023,22.11.2023 09:32:30,91,135,Pomorskie,165,Nefrologia,2023/021216,Pozarezydencki,75.45,4.30,09.10.2023 19:26:33,1,NIE,,
j-2023,10,21.11.2023,22.11.2023 09:32:30,91,135,Pomorskie,166,Nefrologia dziecięca,2023/028975,Pozarezydencki,80.23,3.37,13.10.2023 16:30:48,1,NIE,,
j-2023,10,21.11.2023,22.11.2023 09:32:30,91,135,Pomorskie,167,Neonatologia,2023/028886,Rezydencki,86.27,4.62,22.10.2023 14:36:52,2,NIE,,
j-2023,10,21.11.2023,22.11.2023 09:32:30,91,135,Pomorskie,168,Neonatologia,2023/030696,Rezydencki,80.19,3.62,02.10.2023 17:18:08,2,NIE,,
j-2023,10,21.11.2023,22.11.2023 09:32:30,91,135,Pomorskie,169,Neurochirurgia,2023/019644,Rezydencki,89.37,4.52,29.09.2023 19:08:43,4,NIE,,
j-2023,10,21.11.2023,22.11.2023 09:32:30,91,135,Pomorskie,170,Neurochirurgia,2023/027771,Rezydencki,87.80,4.20,02.10.2023 00:56:15,4,NIE,,
j-2023,10,21.11.2023,22.11.2023 09:32:30,91,135,Pomorskie,171,Neurochirurgia,2023/028106,Rezydencki,85.29,3.85,04.10.2023 19:15:06,4,NIE,,
j-2023,10,21.11.2023,22.11.2023 09:32:30,91,135,Pomorskie,172,Neurochirurgia,2023/027426,Rezydencki,85.29,3.41,02.10.2023 13:17:22,4,NIE,,
j-2023,10,21.11.2023,22.11.2023 09:32:30,91,135,Pomorskie,173,Neurologia,2023/029296,Rezydencki,89.71,4.69,01.10.2023 15:26:54,14,NIE,,
j-2023,10,21.11.2023,22.11.2023 09:32:30,91,135,Pomorskie,174,Neurologia,2023/021533,Rezydencki,88.24,4.27,02.10.2023 08:09:22,14,NIE,,
j-2023,10,21.11.2023,22.11.2023 09:32:30,91,135,Pomorskie,175,Neurologia,2023/021857,Rezydencki,87.80,4.56,28.09.2023 14:14:35,14,NIE,,
j-2023,10,21.11.2023,22.11.2023 09:32:30,91,135,Pomorskie,176,Neurologia,2023/026845,Rezydencki,87.44,4.02,30.09.2023 12:50:31,14,NIE,,
j-2023,10,21.11.2023,22.11.2023 09:32:30,92,135,Pomorskie,177,Neurologia,2023/028295,Rezydencki,86.76,3.80,02.10.2023 21:16:55,14,NIE,,
j-2023,10,21.11.2023,22.11.2023 09:32:30,92,135,Pomorskie,178,Neurologia,2023/028570,Rezydencki,86.27,4.14,29.09.2023 13:06:47,14,NIE,,
j-2023,10,21.11.2023,22.11.2023 09:32:30,92,135,Pomorskie,179,Neurologia,2023/021164,Rezydencki,85.51,3.88,06.09.2023 18:48:19,14,NIE,,
j-2023,10,21.11.2023,22.11.2023 09:32:30,92,135,Pomorskie,180,Neurologia,2023/028531,Rezydencki,85.37,4.29,28.09.2023 20:55:14,14,NIE,,
j-2023,10,21.11.2023,22.11.2023 09:32:30,92,135,Pomorskie,181,Neurologia,2023/026029,Rezydencki,85.29,3.92,01.10.2023 12:11:01,14,NIE,,
j-2023,10,21.11.2023,22.11.2023 09:32:30,92,135,Pomorskie,182,Neurologia,2023/027939,Rezydencki,84.56,3.74,28.09.2023 11:20:31,14,NIE,,
j-2023,10,21.11.2023,22.11.2023 09:32:30,92,135,Pomorskie,183,Neurologia,2023/024672,Rezydencki,84.54,4.05,25.09.2023 18:47:54,14,NIE,,
j-2023,10,21.11.2023,22.11.2023 09:32:30,92,135,Pomorskie,184,Neurologia,2023/026929,Rezydencki,84.15,4.05,29.09.2023 22:10:24,14,NIE,,
j-2023,10,21.11.2023,22.11.2023 09:32:30,92,135,Pomorskie,185,Neurologia,2023/025377,Rezydencki,83.90,3.59,02.10.2023 18:49:57,14,NIE,,
j-2023,10,21.11.2023,22.11.2023 09:32:30,92,135,Pomorskie,186,Neurologia,2023/029572,Rezydencki,83.09,3.58,24.10.2023 09:28:29,14,NIE,,
j-2023,10,21.11.2023,22.11.2023 09:32:30,92,135,Pomorskie,187,Neurologia dziecięca,2023/029933,Rezydencki,91.30,4.34,01.10.2023 15:47:17,2,NIE,,
j-2023,10,21.11.2023,22.11.2023 09:32:30,92,135,Pomorskie,188,Neurologia dziecięca,2023/019341,Rezydencki,88.73,4.32,04.10.2023 10:40:37,2,NIE,,
j-2023,10,21.11.2023,22.11.2023 09:32:30,92,135,Pomorskie,189,Onkologia i hematologia dziecięca,2023/024186,Pozarezydencki,77.50,4.40,16.10.2023 21:27:17,2,NIE,,
j-2023,10,21.11.2023,22.11.2023 09:32:30,92,135,Pomorskie,190,Onkologia i hematologia dziecięca,2023/026867,Pozarezydencki,67.05,2.97,30.10.2023 10:08:25,2,NIE,,
j-2023,10,21.11.2023,22.11.2023 09:32:30,92,135,Pomorskie,191,Onkologia kliniczna,2023/026156,Rezydencki,83.33,3.97,28.09.2023 08:41:37,3,NIE,,
j-2023,10,21.11.2023,22.11.2023 09:32:30,92,135,Pomorskie,192,Onkologia kliniczna,2023/028192,Rezydencki,80.39,3.34,29.09.2023 13:27:53,3,NIE,,
j-2023,10,21.11.2023,22.11.2023 09:32:30,92,135,Pomorskie,193,Onkologia kliniczna,2023/026341,Rezydencki,78.05,3.87,16.10.2023 20:46:15,3,NIE,,
j-2023,10,21.11.2023,22.11.2023 09:32:30,92,135,Pomorskie,194,Ortodoncja,2023/020290,Rezydencki,86.12,4.34,05.10.2023 20:37:26,1,NIE,,
j-2023,10,21.11.2023,22.11.2023 09:32:30,92,135,Pomorskie,195,Ortopedia i traumatologia narządu ruchu,2023/021780,Rezydencki,89.22,4.00,11.09.2023 22:26:56,19,NIE,,
j-2023,10,21.11.2023,22.11.2023 09:32:30,92,135,Pomorskie,196,Ortopedia i traumatologia narządu ruchu,2023/024433,Rezydencki,88.78,3.80,27.09.2023 09:37:51,19,NIE,,
j-2023,10,21.11.2023,22.11.2023 09:32:30,92,135,Pomorskie,197,Ortopedia i traumatologia narządu ruchu,2023/025260,Rezydencki,88.24,3.73,30.09.2023 10:24:45,19,NIE,,
j-2023,10,21.11.2023,22.11.2023 09:32:30,92,135,Pomorskie,198,Ortopedia i traumatologia narządu ruchu,2023/026960,Rezydencki,87.25,3.92,02.10.2023 09:45:27,19,NIE,,
j-2023,10,21.11.2023,22.11.2023 09:32:30,92,135,Pomorskie,199,Ortopedia i traumatologia narządu ruchu,2023/019388,Rezydencki,85.85,3.77,29.09.2023 22:49:54,19,NIE,,
j-2023,10,21.11.2023,22.11.2023 09:32:30,92,135,Pomorskie,200,Ortopedia i traumatologia narządu ruchu,2023/027606,Rezydencki,83.90,4.36,10.10.2023 22:11:01,19,NIE,,
j-2023,10,21.11.2023,22.11.2023 09:32:30,92,135,Pomorskie,201,Ortopedia i traumatologia narządu ruchu,2023/028968,Rezydencki,83.82,3.76,02.10.2023 22:00:16,19,NIE,,
j-2023,10,21.11.2023,22.11.2023 09:32:30,92,135,Pomorskie,202,Ortopedia i traumatologia narządu ruchu,2023/026004,Rezydencki,82.35,3.58,02.10.2023 23:22:35,19,NIE,,
j-2023,10,21.11.2023,22.11.2023 09:32:30,92,135,Pomorskie,203,Ortopedia i traumatologia narządu ruchu,2023/029246,Rezydencki,82.35,3.54,13.10.2023 10:59:42,19,NIE,,
j-2023,10,21.11.2023,22.11.2023 09:32:30,92,135,Pomorskie,204,Ortopedia i traumatologia narządu ruchu,2023/026984,Rezydencki,82.13,4.13,11.10.2023 12:00:56,19,NIE,,
j-2023,10,21.11.2023,22.11.2023 09:32:30,92,135,Pomorskie,205,Ortopedia i traumatologia narządu ruchu,2023/027244,Rezydencki,81.95,4.09,28.09.2023 21:21:51,19,NIE,,
j-2023,10,21.11.2023,22.11.2023 09:32:30,92,135,Pomorskie,206,Ortopedia i traumatologia narządu ruchu,2023/024542,Rezydencki,81.95,3.66,28.09.2023 22:24:42,19,NIE,,
j-2023,10,21.11.2023,22.11.2023 09:32:30,92,135,Pomorskie,207,Ortopedia i traumatologia narządu ruchu,2023/030506,Rezydencki,81.16,3.63,02.10.2023 18:14:07,19,NIE,,
j-2023,10,21.11.2023,22.11.2023 09:32:30,92,135,Pomorskie,208,Ortopedia i traumatologia narządu ruchu,2023/019863,Rezydencki,80.19,3.25,04.10.2023 16:08:39,19,NIE,,
j-2023,10,21.11.2023,22.11.2023 09:32:30,92,135,Pomorskie,209,Ortopedia i traumatologia narządu ruchu,2023/029898,Rezydencki,79.51,3.45,02.10.2023 23:27:00,19,NIE,,
j-2023,10,21.11.2023,22.11.2023 09:32:30,92,135,Pomorskie,210,Ortopedia i traumatologia narządu ruchu,2023/028677,Rezydencki,78.78,4.13,16.10.2023 19:57:44,19,NIE,,
j-2023,10,21.11.2023,22.11.2023 09:32:30,92,135,Pomorskie,211,Ortopedia i traumatologia narządu ruchu,2023/030424,Rezydencki,77.07,3.51,02.10.2023 16:39:20,19,NIE,,
j-2023,10,21.11.2023,22.11.2023 09:32:30,92,135,Pomorskie,212,Ortopedia i traumatologia narządu ruchu,2023/029432,Rezydencki,76.59,3.45,24.10.2023 17:12:31,19,NIE,,
j-2023,10,21.11.2023,22.11.2023 09:32:30,92,135,Pomorskie,213,Ortopedia i traumatologia narządu ruchu,2023/022682,Rezydencki,75.61,3.12,29.09.2023 18:03:16,19,NIE,,
j-2023,10,21.11.2023,22.11.2023 09:32:30,92,135,Pomorskie,214,Ortopedia i traumatologia narządu ruchu,2023/031143,Pozarezydencki,53.02,3.20,02.10.2023 23:40:05,1,NIE,,
j-2023,10,21.11.2023,22.11.2023 09:32:30,93,135,Pomorskie,215,Otorynolaryngologia,2023/020007,Rezydencki,90.34,3.96,27.09.2023 22:35:50,2,NIE,,
j-2023,10,21.11.2023,22.11.2023 09:32:30,93,135,Pomorskie,216,Otorynolaryngologia,2023/025604,Rezydencki,90.00,3.83,28.09.2023 22:31:21,2,NIE,,
j-2023,10,21.11.2023,22.11.2023 09:32:30,93,135,Pomorskie,217,Patomorfologia,2023/024481,Rezydencki,89.86,4.45,27.09.2023 19:39:16,4,NIE,,
j-2023,10,21.11.2023,22.11.2023 09:32:30,93,135,Pomorskie,218,Patomorfologia,2023/024152,Rezydencki,85.02,4.30,28.09.2023 09:01:33,4,NIE,,
j-2023,10,21.11.2023,22.11.2023 09:32:30,93,135,Pomorskie,219,Patomorfologia,2023/028481,Rezydencki,76.59,3.71,30.09.2023 09:07:23,4,NIE,,
j-2023,10,21.11.2023,22.11.2023 09:32:30,93,135,Pomorskie,220,Patomorfologia,2023/024165,Rezydencki,64.88,3.69,02.10.2023 18:28:24,4,NIE,,
j-2023,10,21.11.2023,22.11.2023 09:32:30,93,135,Pomorskie,221,Pediatria,2023/019365,Rezydencki,95.10,4.84,09.09.2023 09:48:37,28,NIE,,
j-2023,10,21.11.2023,22.11.2023 09:32:30,93,135,Pomorskie,222,Pediatria,2023/025867,Rezydencki,90.98,4.37,15.10.2023 22:26:40,28,NIE,,
j-2023,10,21.11.2023,22.11.2023 09:32:30,93,135,Pomorskie,223,Pediatria,2023/025662,Rezydencki,89.71,4.19,28.09.2023 23:02:14,28,NIE,,
j-2023,10,21.11.2023,22.11.2023 09:32:30,93,135,Pomorskie,224,Pediatria,2023/028487,Rezydencki,89.71,4.11,02.10.2023 21:30:43,28,NIE,,
j-2023,10,21.11.2023,22.11.2023 09:32:30,93,135,Pomorskie,225,Pediatria,2023/024509,Rezydencki,89.22,4.19,24.10.2023 08:56:21,28,NIE,,
j-2023,10,21.11.2023,22.11.2023 09:32:30,93,135,Pomorskie,226,Pediatria,2023/021653,Rezydencki,89.22,4.11,10.09.2023 12:16:11,28,NIE,,
j-2023,10,21.11.2023,22.11.2023 09:32:30,93,135,Pomorskie,227,Pediatria,2023/023925,Rezydencki,88.89,4.12,18.09.2023 22:31:51,28,NIE,,
j-2023,10,21.11.2023,22.11.2023 09:32:30,93,135,Pomorskie,228,Pediatria,2023/028422,Rezydencki,88.78,3.89,30.09.2023 07:22:25,28,NIE,,
j-2023,10,21.11.2023,22.11.2023 09:32:30,93,135,Pomorskie,229,Pediatria,2023/029842,Rezydencki,87.80,4.20,02.10.2023 08:59:46,28,NIE,,
j-2023,10,21.11.2023,22.11.2023 09:32:30,93,135,Pomorskie,230,Pediatria,2023/023218,Rezydencki,87.75,3.73,27.09.2023 17:57:42,28,NIE,,
j-2023,10,21.11.2023,22.11.2023 09:32:30,93,135,Pomorskie,231,Pediatria,2023/022413,Rezydencki,87.25,3.43,26.09.2023 18:13:42,28,NIE,,
j-2023,10,21.11.2023,22.11.2023 09:32:30,93,135,Pomorskie,232,Pediatria,2023/026392,Rezydencki,86.76,3.88,29.09.2023 22:40:27,28,NIE,,
j-2023,10,21.11.2023,22.11.2023 09:32:30,93,135,Pomorskie,233,Pediatria,2023/026177,Rezydencki,86.76,3.78,01.10.2023 14:58:10,28,NIE,,
j-2023,10,21.11.2023,22.11.2023 09:32:30,93,135,Pomorskie,234,Pediatria,2023/027283,Rezydencki,86.52,3.78,11.10.2023 20:39:55,28,NIE,,
j-2023,10,21.11.2023,22.11.2023 09:32:30,93,135,Pomorskie,235,Pediatria,2023/023717,Rezydencki,86.34,3.61,01.10.2023 00:03:25,28,NIE,,
j-2023,10,21.11.2023,22.11.2023 09:32:30,93,135,Pomorskie,236,Pediatria,2023/019893,Rezydencki,85.51,3.60,01.10.2023 19:30:37,28,NIE,,
j-2023,10,21.11.2023,22.11.2023 09:32:30,93,135,Pomorskie,237,Pediatria,2023/028398,Rezydencki,84.88,4.60,19.10.2023 17:04:38,28,NIE,,
j-2023,10,21.11.2023,22.11.2023 09:32:30,93,135,Pomorskie,238,Pediatria,2023/028252,Rezydencki,84.54,3.93,30.09.2023 15:49:07,28,NIE,,
j-2023,10,21.11.2023,22.11.2023 09:32:30,93,135,Pomorskie,239,Pediatria,2023/021683,Rezydencki,84.39,4.17,28.09.2023 12:03:19,28,NIE,,
j-2023,10,21.11.2023,22.11.2023 09:32:30,93,135,Pomorskie,240,Pediatria,2023/029649,Rezydencki,84.39,3.54,01.10.2023 21:23:15,28,NIE,,
j-2023,10,21.11.2023,22.11.2023 09:32:30,93,135,Pomorskie,241,Pediatria,2023/031145,Rezydencki,82.93,3.76,02.10.2023 23:54:23,28,NIE,,
j-2023,10,21.11.2023,22.11.2023 09:32:30,93,135,Pomorskie,242,Pediatria,2023/030807,Rezydencki,82.68,4.03,20.10.2023 19:55:49,28,NIE,,
j-2023,10,21.11.2023,22.11.2023 09:32:30,93,135,Pomorskie,243,Pediatria,2023/019594,Rezydencki,82.44,3.97,01.09.2023 12:04:59,28,NIE,,
j-2023,10,21.11.2023,22.11.2023 09:32:30,93,135,Pomorskie,244,Pediatria,2023/023733,Rezydencki,81.95,3.90,20.09.2023 14:43:24,28,NIE,,
j-2023,10,21.11.2023,22.11.2023 09:32:30,93,135,Pomorskie,245,Pediatria,2023/022243,Rezydencki,80.49,4.09,02.10.2023 21:28:27,28,NIE,,
j-2023,10,21.11.2023,22.11.2023 09:32:30,93,135,Pomorskie,246,Pediatria,2023/028647,Rezydencki,79.27,3.74,20.10.2023 22:37:00,28,NIE,,
j-2023,10,21.11.2023,22.11.2023 09:32:30,93,135,Pomorskie,247,Pediatria,2023/028642,Rezydencki,78.26,3.61,28.09.2023 22:25:33,28,NIE,,
j-2023,10,21.11.2023,22.11.2023 09:32:30,93,135,Pomorskie,248,Pediatria,2023/029727,Rezydencki,77.07,3.69,30.09.2023 23:19:54,28,NIE,,
j-2023,10,21.11.2023,22.11.2023 09:32:30,93,135,Pomorskie,249,Pediatria,2023/025756,Pozarezydencki,80.23,3.61,10.10.2023 22:07:22,1,NIE,,
j-2023,10,21.11.2023,22.11.2023 09:32:30,93,135,Pomorskie,250,Pediatria metaboliczna,2023/028229,Rezydencki,0.00,3.55,25.10.2023 19:36:12,1,NIE,,
j-2023,10,21.11.2023,22.11.2023 09:32:30,93,135,Pomorskie,251,Położnictwo i ginekologia,2023/030426,Rezydencki,90.69,3.50,02.10.2023 12:51:05,15,NIE,,
j-2023,10,21.11.2023,22.11.2023 09:32:30,93,135,Pomorskie,252,Położnictwo i ginekologia,2023/026774,Rezydencki,89.61,4.60,26.09.2023 17:59:44,15,NIE,,
j-2023,10,21.11.2023,22.11.2023 09:32:30,94,135,Pomorskie,253,Położnictwo i ginekologia,2023/027405,Rezydencki,89.22,4.27,27.09.2023 17:55:09,15,NIE,,
j-2023,10,21.11.2023,22.11.2023 09:32:30,94,135,Pomorskie,254,Położnictwo i ginekologia,2023/029330,Rezydencki,88.97,3.68,29.09.2023 23:44:29,15,NIE,,
j-2023,10,21.11.2023,22.11.2023 09:32:30,94,135,Pomorskie,255,Położnictwo i ginekologia,2023/025131,Rezydencki,88.41,4.23,06.10.2023 10:32:01,15,NIE,,
j-2023,10,21.11.2023,22.11.2023 09:32:30,94,135,Pomorskie,256,Położnictwo i ginekologia,2023/026259,Rezydencki,87.80,4.18,01.10.2023 11:16:02,15,NIE,,
j-2023,10,21.11.2023,22.11.2023 09:32:30,94,135,Pomorskie,257,Położnictwo i ginekologia,2023/027444,Rezydencki,87.75,4.02,30.09.2023 18:43:10,15,NIE,,
j-2023,10,21.11.2023,22.11.2023 09:32:30,94,135,Pomorskie,258,Położnictwo i ginekologia,2023/025550,Rezydencki,86.83,4.11,02.10.2023 23:00:37,15,NIE,,
j-2023,10,21.11.2023,22.11.2023 09:32:30,94,135,Pomorskie,259,Położnictwo i ginekologia,2023/028267,Rezydencki,85.99,4.29,28.09.2023 16:22:35,15,NIE,,
j-2023,10,21.11.2023,22.11.2023 09:32:30,94,135,Pomorskie,260,Położnictwo i ginekologia,2023/024634,Rezydencki,85.85,4.17,02.10.2023 21:47:04,15,NIE,,
j-2023,10,21.11.2023,22.11.2023 09:32:30,94,135,Pomorskie,261,Położnictwo i ginekologia,2023/019206,Rezydencki,85.37,3.84,28.09.2023 13:49:26,15,NIE,,
j-2023,10,21.11.2023,22.11.2023 09:32:30,94,135,Pomorskie,262,Położnictwo i ginekologia,2023/029547,Rezydencki,84.39,3.64,01.10.2023 21:36:38,15,NIE,,
j-2023,10,21.11.2023,22.11.2023 09:32:30,94,135,Pomorskie,263,Położnictwo i ginekologia,2023/026649,Rezydencki,84.39,3.64,13.10.2023 18:00:46,15,NIE,,
j-2023,10,21.11.2023,22.11.2023 09:32:30,94,135,Pomorskie,264,Położnictwo i ginekologia,2023/025311,Rezydencki,82.93,3.99,11.10.2023 13:37:13,15,NIE,,
j-2023,10,21.11.2023,22.11.2023 09:32:30,94,135,Pomorskie,265,Położnictwo i ginekologia,2023/023776,Rezydencki,79.90,4.23,02.10.2023 21:39:12,15,NIE,,
j-2023,10,21.11.2023,22.11.2023 09:32:30,94,135,Pomorskie,266,Protetyka stomatologiczna,2023/020272,Rezydencki,83.57,4.21,28.09.2023 20:53:16,1,NIE,,
j-2023,10,21.11.2023,22.11.2023 09:32:30,94,135,Pomorskie,267,Psychiatria,2023/022069,Rezydencki,93.66,4.66,30.09.2023 21:38:03,21,NIE,,
j-2023,10,21.11.2023,22.11.2023 09:32:30,94,135,Pomorskie,268,Psychiatria,2023/023413,Rezydencki,90.93,4.18,19.09.2023 11:01:03,21,NIE,,
j-2023,10,21.11.2023,22.11.2023 09:32:30,94,135,Pomorskie,269,Psychiatria,2023/023417,Rezydencki,90.82,4.38,29.09.2023 14:44:21,21,NIE,,
j-2023,10,21.11.2023,22.11.2023 09:32:30,94,135,Pomorskie,270,Psychiatria,2023/029846,Rezydencki,88.24,3.86,01.10.2023 12:14:50,21,NIE,,
j-2023,10,21.11.2023,22.11.2023 09:32:30,94,135,Pomorskie,271,Psychiatria,2023/028804,Rezydencki,87.80,4.42,02.10.2023 19:39:36,21,NIE,,
j-2023,10,21.11.2023,22.11.2023 09:32:30,94,135,Pomorskie,272,Psychiatria,2023/022738,Rezydencki,86.96,4.19,20.10.2023 12:25:29,21,NIE,,
j-2023,10,21.11.2023,22.11.2023 09:32:30,94,135,Pomorskie,273,Psychiatria,2023/027024,Rezydencki,86.96,3.89,02.10.2023 13:14:23,21,NIE,,
j-2023,10,21.11.2023,22.11.2023 09:32:30,94,135,Pomorskie,274,Psychiatria,2023/025175,Rezydencki,86.76,4.29,02.10.2023 21:46:36,21,NIE,,
j-2023,10,21.11.2023,22.11.2023 09:32:30,94,135,Pomorskie,275,Psychiatria,2023/019784,Rezydencki,86.76,3.81,01.09.2023 16:24:27,21,NIE,,
j-2023,10,21.11.2023,22.11.2023 09:32:30,94,135,Pomorskie,276,Psychiatria,2023/025453,Rezydencki,86.71,3.89,27.09.2023 15:26:26,21,NIE,,
j-2023,10,21.11.2023,22.11.2023 09:32:30,94,135,Pomorskie,277,Psychiatria,2023/030478,Rezydencki,86.47,3.70,02.10.2023 23:33:41,21,NIE,,
j-2023,10,21.11.2023,22.11.2023 09:32:30,94,135,Pomorskie,278,Psychiatria,2023/026225,Rezydencki,86.27,3.45,02.10.2023 21:39:24,21,NIE,,
j-2023,10,21.11.2023,22.11.2023 09:32:30,94,135,Pomorskie,279,Psychiatria,2023/023292,Rezydencki,85.99,4.37,16.09.2023 13:23:14,21,NIE,,
j-2023,10,21.11.2023,22.11.2023 09:32:30,94,135,Pomorskie,280,Psychiatria,2023/022449,Rezydencki,85.85,3.64,28.09.2023 16:18:01,21,NIE,,
j-2023,10,21.11.2023,22.11.2023 09:32:30,94,135,Pomorskie,281,Psychiatria,2023/019366,Rezydencki,85.78,4.10,01.09.2023 08:19:11,21,NIE,,
j-2023,10,21.11.2023,22.11.2023 09:32:30,94,135,Pomorskie,282,Psychiatria,2023/022365,Rezydencki,85.75,3.62,27.09.2023 19:03:59,21,NIE,,
j-2023,10,21.11.2023,22.11.2023 09:32:30,94,135,Pomorskie,283,Psychiatria,2023/026713,Rezydencki,85.37,3.76,28.09.2023 12:32:01,21,NIE,,
j-2023,10,21.11.2023,22.11.2023 09:32:30,94,135,Pomorskie,284,Psychiatria,2023/030446,Rezydencki,84.88,4.12,26.10.2023 14:51:20,21,NIE,,
j-2023,10,21.11.2023,22.11.2023 09:32:30,94,135,Pomorskie,285,Psychiatria,2023/028064,Rezydencki,84.80,3.76,28.09.2023 13:24:03,21,NIE,,
j-2023,10,21.11.2023,22.11.2023 09:32:30,94,135,Pomorskie,286,Psychiatria,2023/030301,Rezydencki,84.39,3.92,02.10.2023 11:32:15,21,NIE,,
j-2023,10,21.11.2023,22.11.2023 09:32:30,94,135,Pomorskie,287,Psychiatria,2023/029584,Rezydencki,84.39,3.63,30.09.2023 18:24:59,21,NIE,,
j-2023,10,21.11.2023,22.11.2023 09:32:30,94,135,Pomorskie,288,Psychiatria,2023/022499,Pozarezydencki,75.35,3.73,15.10.2023 17:18:39,1,NIE,,
j-2023,10,21.11.2023,22.11.2023 09:32:30,94,135,Pomorskie,289,Psychiatria dzieci i młodzieży,2023/020284,Pozarezydencki,80.00,2.99,24.10.2023 15:54:48,2,NIE,,
j-2023,10,21.11.2023,22.11.2023 09:32:30,94,135,Pomorskie,290,Psychiatria dzieci i młodzieży,2023/030850,Pozarezydencki,80.00,0.00,27.10.2023 13:34:49,2,NIE,,
j-2023,10,21.11.2023,22.11.2023 09:32:30,95,135,Pomorskie,291,Radiologia i diagnostyka obrazowa,2023/022716,Rezydencki,90.82,4.00,06.10.2023 08:54:22,25,NIE,,
j-2023,10,21.11.2023,22.11.2023 09:32:30,95,135,Pomorskie,292,Radiologia i diagnostyka obrazowa,2023/027042,Rezydencki,90.58,3.97,27.09.2023 09:42:30,25,NIE,,
j-2023,10,21.11.2023,22.11.2023 09:32:30,95,135,Pomorskie,293,Radiologia i diagnostyka obrazowa,2023/028698,Rezydencki,89.76,3.83,30.09.2023 13:12:46,25,NIE,,
j-2023,10,21.11.2023,22.11.2023 09:32:30,95,135,Pomorskie,294,Radiologia i diagnostyka obrazowa,2023/024460,Rezydencki,89.71,4.31,24.09.2023 23:09:05,25,NIE,,
j-2023,10,21.11.2023,22.11.2023 09:32:30,95,135,Pomorskie,295,Radiologia i diagnostyka obrazowa,2023/027547,Rezydencki,89.71,3.77,26.10.2023 00:38:01,25,NIE,,
j-2023,10,21.11.2023,22.11.2023 09:32:30,95,135,Pomorskie,296,Radiologia i diagnostyka obrazowa,2023/019958,Rezydencki,89.37,4.31,02.09.2023 09:59:17,25,NIE,,
j-2023,10,21.11.2023,22.11.2023 09:32:30,95,135,Pomorskie,297,Radiologia i diagnostyka obrazowa,2023/025315,Rezydencki,89.22,3.94,24.09.2023 23:03:16,25,NIE,,
j-2023,10,21.11.2023,22.11.2023 09:32:30,95,135,Pomorskie,298,Radiologia i diagnostyka obrazowa,2023/020974,Rezydencki,89.22,3.82,06.09.2023 11:04:26,25,NIE,,
j-2023,10,21.11.2023,22.11.2023 09:32:30,95,135,Pomorskie,299,Radiologia i diagnostyka obrazowa,2023/029244,Rezydencki,89.05,3.99,29.09.2023 21:39:59,25,NIE,,
j-2023,10,21.11.2023,22.11.2023 09:32:30,95,135,Pomorskie,300,Radiologia i diagnostyka obrazowa,2023/025491,Rezydencki,89.02,3.78,18.10.2023 14:52:11,25,NIE,,
j-2023,10,21.11.2023,22.11.2023 09:32:30,95,135,Pomorskie,301,Radiologia i diagnostyka obrazowa,2023/019862,Rezydencki,88.89,3.68,01.09.2023 19:49:20,25,NIE,,
j-2023,10,21.11.2023,22.11.2023 09:32:30,95,135,Pomorskie,302,Radiologia i diagnostyka obrazowa,2023/028712,Rezydencki,88.78,4.23,01.10.2023 21:17:38,25,NIE,,
j-2023,10,21.11.2023,22.11.2023 09:32:30,95,135,Pomorskie,303,Radiologia i diagnostyka obrazowa,2023/022826,Rezydencki,88.78,4.06,29.09.2023 10:01:23,25,NIE,,
j-2023,10,21.11.2023,22.11.2023 09:32:30,95,135,Pomorskie,304,Radiologia i diagnostyka obrazowa,2023/019207,Rezydencki,88.73,4.45,24.09.2023 17:43:50,25,NIE,,
j-2023,10,21.11.2023,22.11.2023 09:32:30,95,135,Pomorskie,305,Radiologia i diagnostyka obrazowa,2023/028031,Rezydencki,88.48,4.24,02.10.2023 23:00:42,25,NIE,,
j-2023,10,21.11.2023,22.11.2023 09:32:30,95,135,Pomorskie,306,Radiologia i diagnostyka obrazowa,2023/024343,Rezydencki,88.41,4.33,26.09.2023 13:14:40,25,NIE,,
j-2023,10,21.11.2023,22.11.2023 09:32:30,95,135,Pomorskie,307,Radiologia i diagnostyka obrazowa,2023/022620,Rezydencki,88.41,4.09,13.10.2023 00:45:55,25,NIE,,
j-2023,10,21.11.2023,22.11.2023 09:32:30,95,135,Pomorskie,308,Radiologia i diagnostyka obrazowa,2023/019328,Rezydencki,88.05,4.47,01.09.2023 06:05:43,25,NIE,,
j-2023,10,21.11.2023,22.11.2023 09:32:30,95,135,Pomorskie,309,Radiologia i diagnostyka obrazowa,2023/024180,Rezydencki,87.92,4.76,02.10.2023 20:11:54,25,NIE,,
j-2023,10,21.11.2023,22.11.2023 09:32:30,95,135,Pomorskie,310,Radiologia i diagnostyka obrazowa,2023/025739,Rezydencki,87.92,4.02,01.10.2023 23:56:33,25,NIE,,
j-2023,10,21.11.2023,22.11.2023 09:32:30,95,135,Pomorskie,311,Radiologia i diagnostyka obrazowa,2023/019198,Rezydencki,87.92,3.98,01.09.2023 00:08:35,25,NIE,,
j-2023,10,21.11.2023,22.11.2023 09:32:30,95,135,Pomorskie,312,Radiologia i diagnostyka obrazowa,2023/028628,Rezydencki,87.80,4.67,01.10.2023 13:35:16,25,NIE,,
j-2023,10,21.11.2023,22.11.2023 09:32:30,95,135,Pomorskie,313,Radiologia i diagnostyka obrazowa,2023/026741,Rezydencki,87.80,4.11,28.09.2023 14:49:29,25,NIE,,
j-2023,10,21.11.2023,22.11.2023 09:32:30,95,135,Pomorskie,314,Radiologia i diagnostyka obrazowa,2023/029243,Rezydencki,87.80,4.00,02.10.2023 23:07:16,25,NIE,,
j-2023,10,21.11.2023,22.11.2023 09:32:30,95,135,Pomorskie,315,Radiologia i diagnostyka obrazowa,2023/024988,Rezydencki,87.75,4.48,29.09.2023 21:09:33,25,NIE,,
j-2023,10,21.11.2023,22.11.2023 09:32:30,95,135,Pomorskie,316,Radioterapia onkologiczna,2023/021118,Rezydencki,82.35,3.82,05.10.2023 20:53:26,1,NIE,,
j-2023,10,21.11.2023,22.11.2023 09:32:30,95,135,Pomorskie,317,Rehabilitacja medyczna,2023/030748,Rezydencki,82.44,3.16,26.10.2023 17:45:55,1,NIE,,
j-2023,10,21.11.2023,22.11.2023 09:32:30,95,135,Pomorskie,318,Rehabilitacja medyczna,2023/028560,Pozarezydencki,74.88,3.26,25.10.2023 20:05:22,3,NIE,,
j-2023,10,21.11.2023,22.11.2023 09:32:30,95,135,Pomorskie,319,Rehabilitacja medyczna,2023/024573,Pozarezydencki,64.55,2.98,29.09.2023 19:11:31,3,NIE,,
j-2023,10,21.11.2023,22.11.2023 09:32:30,95,135,Pomorskie,320,Rehabilitacja medyczna,2023/019625,Pozarezydencki,57.27,0.00,01.09.2023 12:24:28,3,NIE,,
j-2023,10,21.11.2023,22.11.2023 09:32:30,95,135,Pomorskie,321,Reumatologia,2023/028127,Rezydencki,91.18,4.42,02.10.2023 22:40:46,5,NIE,,
j-2023,10,21.11.2023,22.11.2023 09:32:30,95,135,Pomorskie,322,Reumatologia,2023/019998,Rezydencki,91.18,4.11,02.09.2023 13:34:41,5,NIE,,
j-2023,10,21.11.2023,22.11.2023 09:32:30,95,135,Pomorskie,323,Reumatologia,2023/019247,Rezydencki,90.34,4.24,26.09.2023 16:31:52,5,NIE,,
j-2023,10,21.11.2023,22.11.2023 09:32:30,95,135,Pomorskie,324,Reumatologia,2023/030144,Rezydencki,90.24,4.46,19.10.2023 09:57:11,5,NIE,,
j-2023,10,21.11.2023,22.11.2023 09:32:30,95,135,Pomorskie,325,Reumatologia,2023/028597,Rezydencki,90.24,4.17,29.09.2023 13:12:30,5,NIE,,
j-2023,10,21.11.2023,22.11.2023 09:32:30,95,135,Pomorskie,326,Stomatologia dziecięca,2023/024586,Pozarezydencki,80.00,0.00,03.11.2023 16:39:33,2,NIE,,
j-2023,10,21.11.2023,22.11.2023 09:32:30,95,135,Pomorskie,327,Stomatologia dziecięca,2023/027123,Pozarezydencki,67.89,4.06,09.10.2023 12:58:59,2,NIE,,
j-2023,10,21.11.2023,22.11.2023 09:32:30,95,135,Pomorskie,328,Stomatologia zachowawcza z endodoncją,2023/022446,Rezydencki,78.74,3.95,12.09.2023 17:19:02,1,NIE,,
j-2023,10,21.11.2023,22.11.2023 09:32:30,96,135,Pomorskie,329,Transplantologia kliniczna,2023/019963,Pozarezydencki,89.09,4.51,10.10.2023 22:28:56,4,NIE,,
j-2023,10,21.11.2023,22.11.2023 09:32:30,96,135,Pomorskie,330,Transplantologia kliniczna,2023/025027,Pozarezydencki,89.09,2.73,09.10.2023 17:26:53,4,NIE,,
j-2023,10,21.11.2023,22.11.2023 09:32:30,96,135,Pomorskie,331,Transplantologia kliniczna,2023/026776,Pozarezydencki,84.55,3.33,17.10.2023 21:38:21,4,NIE,,
j-2023,10,21.11.2023,22.11.2023 09:32:30,96,135,Pomorskie,332,Transplantologia kliniczna,2023/027032,Pozarezydencki,75.45,0.00,11.10.2023 13:44:49,4,NIE,,
j-2023,10,21.11.2023,22.11.2023 09:32:30,96,135,Pomorskie,333,Urologia,2023/025367,Rezydencki,91.18,4.21,18.10.2023 18:54:11,8,NIE,,
j-2023,10,21.11.2023,22.11.2023 09:32:30,96,135,Pomorskie,334,Urologia,2023/028717,Rezydencki,89.51,4.03,28.09.2023 23:46:20,8,NIE,,
j-2023,10,21.11.2023,22.11.2023 09:32:30,96,135,Pomorskie,335,Urologia,2023/027403,Rezydencki,88.73,4.44,28.09.2023 16:16:17,8,NIE,,
j-2023,10,21.11.2023,22.11.2023 09:32:30,96,135,Pomorskie,336,Urologia,2023/026842,Rezydencki,88.41,4.35,28.09.2023 17:44:47,8,NIE,,
j-2023,10,21.11.2023,22.11.2023 09:32:30,96,135,Pomorskie,337,Urologia,2023/030408,Rezydencki,88.24,4.32,11.10.2023 14:21:39,8,NIE,,
j-2023,10,21.11.2023,22.11.2023 09:32:30,96,135,Pomorskie,338,Urologia,2023/021135,Rezydencki,87.92,3.66,06.09.2023 17:30:00,8,NIE,,
j-2023,10,21.11.2023,22.11.2023 09:32:30,96,135,Pomorskie,339,Urologia,2023/029986,Rezydencki,87.75,4.02,20.10.2023 12:54:47,8,NIE,,
j-2023,10,21.11.2023,22.11.2023 09:32:30,96,135,Pomorskie,340,Urologia,2023/025784,Rezydencki,87.44,4.21,29.09.2023 22:56:14,8,NIE,,
j-2023,10,21.11.2023,22.11.2023 09:32:30,96,135,Pomorskie,341,Zdrowie publiczne,2023/023920,Rezydencki,67.86,4.02,09.10.2023 14:53:39,1,NIE,,
j-2023,10,21.11.2023,22.11.2023 09:32:30,96,135,Pomorskie,1,Chirurgia plastyczna,2023/021941,Rezydencki,87.62,3.63,11.10.2023 18:51:01,1,TAK,Uniwersyteckie Centrum Kliniczne,Klinika Chirurgii Plastycznej
j-2023,10,21.11.2023,22.11.2023 09:32:30,96,135,Pomorskie,1,Dermatologia i wenerologia,2023/023835,Rezydencki,91.30,4.27,24.09.2023 18:28:00,1,TAK,Uniwersyteckie Centrum Kliniczne,"Klinika Dermatologii, Wenerologii i Alergologii"
j-2023,10,21.11.2023,22.11.2023 09:32:30,96,135,Śląskie,1,Alergologia,2023/027486,Rezydencki,87.92,4.21,27.09.2023 19:03:55,1,NIE,,
j-2023,10,21.11.2023,22.11.2023 09:32:30,96,135,Śląskie,2,Alergologia,2023/020798,Pozarezydencki,67.82,3.54,11.09.2023 08:42:42,1,NIE,,
j-2023,10,21.11.2023,22.11.2023 09:32:30,96,135,Śląskie,3,Anestezjologia i intensywna terapia,2023/026402,Rezydencki,90.34,4.66,29.09.2023 21:42:32,42,NIE,,
j-2023,10,21.11.2023,22.11.2023 09:32:30,96,135,Śląskie,4,Anestezjologia i intensywna terapia,2023/020544,Rezydencki,90.34,4.59,28.09.2023 14:17:19,42,NIE,,
j-2023,10,21.11.2023,22.11.2023 09:32:30,96,135,Śląskie,5,Anestezjologia i intensywna terapia,2023/026397,Rezydencki,89.76,4.55,02.10.2023 18:51:00,42,NIE,,
j-2023,10,21.11.2023,22.11.2023 09:32:30,96,135,Śląskie,6,Anestezjologia i intensywna terapia,2023/028544,Rezydencki,89.37,4.14,28.09.2023 21:25:31,42,NIE,,
j-2023,10,21.11.2023,22.11.2023 09:32:30,96,135,Śląskie,7,Anestezjologia i intensywna terapia,2023/030785,Rezydencki,89.22,4.45,02.10.2023 18:25:23,42,NIE,,
j-2023,10,21.11.2023,22.11.2023 09:32:30,96,135,Śląskie,8,Anestezjologia i intensywna terapia,2023/019950,Rezydencki,89.13,4.34,19.10.2023 13:17:18,42,NIE,,
j-2023,10,21.11.2023,22.11.2023 09:32:30,96,135,Śląskie,9,Anestezjologia i intensywna terapia,2023/023705,Rezydencki,88.41,4.62,02.10.2023 20:05:50,42,NIE,,
j-2023,10,21.11.2023,22.11.2023 09:32:30,96,135,Śląskie,10,Anestezjologia i intensywna terapia,2023/019516,Rezydencki,88.41,4.59,01.09.2023 14:46:43,42,NIE,,
j-2023,10,21.11.2023,22.11.2023 09:32:30,96,135,Śląskie,11,Anestezjologia i intensywna terapia,2023/023852,Rezydencki,88.41,4.52,28.09.2023 17:06:21,42,NIE,,
j-2023,10,21.11.2023,22.11.2023 09:32:30,97,135,Śląskie,12,Anestezjologia i intensywna terapia,2023/027634,Rezydencki,88.16,4.74,30.09.2023 22:05:56,42,NIE,,
j-2023,10,21.11.2023,22.11.2023 09:32:30,97,135,Śląskie,13,Anestezjologia i intensywna terapia,2023/029202,Rezydencki,88.16,4.25,02.10.2023 21:07:08,42,NIE,,
j-2023,10,21.11.2023,22.11.2023 09:32:30,97,135,Śląskie,14,Anestezjologia i intensywna terapia,2023/021590,Rezydencki,87.92,4.28,02.10.2023 18:49:43,42,NIE,,
j-2023,10,21.11.2023,22.11.2023 09:32:30,97,135,Śląskie,15,Anestezjologia i intensywna terapia,2023/025692,Rezydencki,87.92,4.19,02.10.2023 23:53:58,42,NIE,,
j-2023,10,21.11.2023,22.11.2023 09:32:30,97,135,Śląskie,16,Anestezjologia i intensywna terapia,2023/019359,Rezydencki,87.44,4.18,28.09.2023 21:41:14,42,NIE,,
j-2023,10,21.11.2023,22.11.2023 09:32:30,97,135,Śląskie,17,Anestezjologia i intensywna terapia,2023/026644,Rezydencki,87.44,3.51,26.09.2023 14:18:19,42,NIE,,
j-2023,10,21.11.2023,22.11.2023 09:32:30,97,135,Śląskie,18,Anestezjologia i intensywna terapia,2023/027438,Rezydencki,87.32,4.03,18.10.2023 09:11:05,42,NIE,,
j-2023,10,21.11.2023,22.11.2023 09:32:30,97,135,Śląskie,19,Anestezjologia i intensywna terapia,2023/019563,Rezydencki,87.32,3.64,02.10.2023 20:39:21,42,NIE,,
j-2023,10,21.11.2023,22.11.2023 09:32:30,97,135,Śląskie,20,Anestezjologia i intensywna terapia,2023/029251,Rezydencki,86.96,4.20,29.09.2023 21:31:23,42,NIE,,
j-2023,10,21.11.2023,22.11.2023 09:32:30,97,135,Śląskie,21,Anestezjologia i intensywna terapia,2023/022733,Rezydencki,86.96,4.00,20.09.2023 19:59:30,42,NIE,,
j-2023,10,21.11.2023,22.11.2023 09:32:30,97,135,Śląskie,22,Anestezjologia i intensywna terapia,2023/026039,Rezydencki,86.96,3.92,28.09.2023 17:55:45,42,NIE,,
j-2023,10,21.11.2023,22.11.2023 09:32:30,97,135,Śląskie,23,Anestezjologia i intensywna terapia,2023/027816,Rezydencki,86.76,4.28,02.10.2023 20:07:30,42,NIE,,
j-2023,10,21.11.2023,22.11.2023 09:32:30,97,135,Śląskie,24,Anestezjologia i intensywna terapia,2023/029866,Rezydencki,86.71,4.00,23.10.2023 10:48:24,42,NIE,,
j-2023,10,21.11.2023,22.11.2023 09:32:30,97,135,Śląskie,25,Anestezjologia i intensywna terapia,2023/019729,Rezydencki,86.47,4.22,30.09.2023 15:37:14,42,NIE,,
j-2023,10,21.11.2023,22.11.2023 09:32:30,97,135,Śląskie,26,Anestezjologia i intensywna terapia,2023/020506,Rezydencki,86.47,4.03,28.09.2023 20:16:12,42,NIE,,
j-2023,10,21.11.2023,22.11.2023 09:32:30,97,135,Śląskie,27,Anestezjologia i intensywna terapia,2023/020731,Rezydencki,86.27,4.26,05.09.2023 13:28:35,42,NIE,,
j-2023,10,21.11.2023,22.11.2023 09:32:30,97,135,Śląskie,28,Anestezjologia i intensywna terapia,2023/030259,Rezydencki,85.78,4.08,20.10.2023 18:05:10,42,NIE,,
j-2023,10,21.11.2023,22.11.2023 09:32:30,97,135,Śląskie,29,Anestezjologia i intensywna terapia,2023/020578,Rezydencki,85.51,3.98,19.10.2023 16:13:19,42,NIE,,
j-2023,10,21.11.2023,22.11.2023 09:32:30,97,135,Śląskie,30,Anestezjologia i intensywna terapia,2023/023394,Rezydencki,85.37,3.83,29.09.2023 10:23:34,42,NIE,,
j-2023,10,21.11.2023,22.11.2023 09:32:30,97,135,Śląskie,31,Anestezjologia i intensywna terapia,2023/022647,Rezydencki,85.29,3.74,14.09.2023 22:53:33,42,NIE,,
j-2023,10,21.11.2023,22.11.2023 09:32:30,97,135,Śląskie,32,Anestezjologia i intensywna terapia,2023/025397,Rezydencki,85.29,3.50,01.10.2023 12:08:37,42,NIE,,
j-2023,10,21.11.2023,22.11.2023 09:32:30,97,135,Śląskie,33,Anestezjologia i intensywna terapia,2023/030742,Rezydencki,85.27,4.00,02.10.2023 20:43:10,42,NIE,,
j-2023,10,21.11.2023,22.11.2023 09:32:30,97,135,Śląskie,34,Anestezjologia i intensywna terapia,2023/025727,Rezydencki,83.82,3.87,02.10.2023 22:07:59,42,NIE,,
j-2023,10,21.11.2023,22.11.2023 09:32:30,97,135,Śląskie,35,Anestezjologia i intensywna terapia,2023/031120,Rezydencki,83.82,3.69,02.10.2023 23:51:31,42,NIE,,
j-2023,10,21.11.2023,22.11.2023 09:32:30,97,135,Śląskie,36,Anestezjologia i intensywna terapia,2023/027414,Rezydencki,83.41,4.37,28.09.2023 13:59:47,42,NIE,,
j-2023,10,21.11.2023,22.11.2023 09:32:30,97,135,Śląskie,37,Anestezjologia i intensywna terapia,2023/024127,Rezydencki,83.09,3.93,22.09.2023 21:38:14,42,NIE,,
j-2023,10,21.11.2023,22.11.2023 09:32:30,97,135,Śląskie,38,Anestezjologia i intensywna terapia,2023/025236,Rezydencki,82.62,3.78,18.10.2023 14:57:06,42,NIE,,
j-2023,10,21.11.2023,22.11.2023 09:32:30,97,135,Śląskie,39,Anestezjologia i intensywna terapia,2023/029107,Rezydencki,82.44,3.21,23.10.2023 20:32:08,42,NIE,,
j-2023,10,21.11.2023,22.11.2023 09:32:30,97,135,Śląskie,40,Anestezjologia i intensywna terapia,2023/029223,Rezydencki,82.35,3.89,29.09.2023 20:46:29,42,NIE,,
j-2023,10,21.11.2023,22.11.2023 09:32:30,97,135,Śląskie,41,Anestezjologia i intensywna terapia,2023/021936,Rezydencki,82.35,3.80,29.09.2023 14:21:04,42,NIE,,
j-2023,10,21.11.2023,22.11.2023 09:32:30,97,135,Śląskie,42,Anestezjologia i intensywna terapia,2023/026996,Rezydencki,82.35,3.76,28.09.2023 00:10:50,42,NIE,,
j-2023,10,21.11.2023,22.11.2023 09:32:30,97,135,Śląskie,43,Anestezjologia i intensywna terapia,2023/022606,Rezydencki,81.64,3.66,24.09.2023 21:54:25,42,NIE,,
j-2023,10,21.11.2023,22.11.2023 09:32:30,97,135,Śląskie,44,Anestezjologia i intensywna terapia,2023/029535,Rezydencki,80.98,4.87,09.10.2023 13:29:47,42,NIE,,
j-2023,10,21.11.2023,22.11.2023 09:32:30,97,135,Śląskie,45,Anestezjologia i intensywna terapia,2023/020587,Pozarezydencki,62.84,2.98,19.10.2023 11:27:18,1,NIE,,
j-2023,10,21.11.2023,22.11.2023 09:32:30,97,135,Śląskie,46,Audiologia i foniatria,2023/020273,Rezydencki,86.47,4.24,30.09.2023 20:15:00,1,NIE,,
j-2023,10,21.11.2023,22.11.2023 09:32:30,97,135,Śląskie,47,Balneologia i medycyna fizykalna,2023/023392,Pozarezydencki,83.09,3.82,30.10.2023 07:52:29,2,NIE,,
j-2023,10,21.11.2023,22.11.2023 09:32:30,97,135,Śląskie,48,Balneologia i medycyna fizykalna,2023/028033,Pozarezydencki,75.45,4.02,03.11.2023 11:08:12,2,NIE,,
j-2023,10,21.11.2023,22.11.2023 09:32:30,97,135,Śląskie,49,Chirurgia dziecięca,2023/023906,Rezydencki,84.88,3.97,01.10.2023 15:04:20,7,NIE,,
j-2023,10,21.11.2023,22.11.2023 09:32:30,98,135,Śląskie,50,Chirurgia dziecięca,2023/026872,Rezydencki,83.66,3.66,01.10.2023 11:10:01,7,NIE,,
j-2023,10,21.11.2023,22.11.2023 09:32:30,98,135,Śląskie,51,Chirurgia dziecięca,2023/021160,Rezydencki,83.57,4.12,02.10.2023 23:54:08,7,NIE,,
j-2023,10,21.11.2023,22.11.2023 09:32:30,98,135,Śląskie,52,Chirurgia dziecięca,2023/023532,Rezydencki,81.62,3.37,29.09.2023 22:47:12,7,NIE,,
j-2023,10,21.11.2023,22.11.2023 09:32:30,98,135,Śląskie,53,Chirurgia dziecięca,2023/027499,Rezydencki,81.16,3.59,27.09.2023 19:15:30,7,NIE,,
j-2023,10,21.11.2023,22.11.2023 09:32:30,98,135,Śląskie,54,Chirurgia dziecięca,2023/031122,Rezydencki,80.00,0.00,02.10.2023 23:05:00,7,NIE,,
j-2023,10,21.11.2023,22.11.2023 09:32:30,98,135,Śląskie,55,Chirurgia dziecięca,2023/019448,Rezydencki,78.05,3.98,02.09.2023 10:26:58,7,NIE,,
j-2023,10,21.11.2023,22.11.2023 09:32:30,98,135,Śląskie,56,Chirurgia naczyniowa,2023/027900,Rezydencki,88.78,4.07,01.10.2023 10:35:38,7,NIE,,
j-2023,10,21.11.2023,22.11.2023 09:32:30,98,135,Śląskie,57,Chirurgia naczyniowa,2023/019637,Rezydencki,88.41,4.42,01.09.2023 13:21:21,7,NIE,,
j-2023,10,21.11.2023,22.11.2023 09:32:30,98,135,Śląskie,58,Chirurgia naczyniowa,2023/019266,Rezydencki,84.06,3.78,02.10.2023 07:15:00,7,NIE,,
j-2023,10,21.11.2023,22.11.2023 09:32:30,98,135,Śląskie,59,Chirurgia naczyniowa,2023/028740,Rezydencki,82.93,3.49,29.09.2023 01:01:06,7,NIE,,
j-2023,10,21.11.2023,22.11.2023 09:32:30,98,135,Śląskie,60,Chirurgia naczyniowa,2023/031111,Rezydencki,82.44,3.56,18.10.2023 13:45:54,7,NIE,,
j-2023,10,21.11.2023,22.11.2023 09:32:30,98,135,Śląskie,61,Chirurgia naczyniowa,2023/023210,Rezydencki,81.16,3.95,12.10.2023 19:08:27,7,NIE,,
j-2023,10,21.11.2023,22.11.2023 09:32:30,98,135,Śląskie,62,Chirurgia naczyniowa,2023/027437,Rezydencki,77.29,3.26,27.09.2023 18:29:08,7,NIE,,
j-2023,10,21.11.2023,22.11.2023 09:32:30,98,135,Śląskie,63,Chirurgia naczyniowa,2023/030326,Pozarezydencki,63.13,3.19,25.10.2023 11:21:51,1,NIE,,
j-2023,10,21.11.2023,22.11.2023 09:32:30,98,135,Śląskie,64,Chirurgia ogólna,2023/023198,Rezydencki,90.34,4.02,19.10.2023 11:46:14,15,NIE,,
j-2023,10,21.11.2023,22.11.2023 09:32:30,98,135,Śląskie,65,Chirurgia ogólna,2023/026875,Rezydencki,89.22,4.29,29.09.2023 14:07:59,15,NIE,,
j-2023,10,21.11.2023,22.11.2023 09:32:30,98,135,Śląskie,66,Chirurgia ogólna,2023/022847,Rezydencki,88.89,4.41,14.09.2023 11:12:57,15,NIE,,
j-2023,10,21.11.2023,22.11.2023 09:32:30,98,135,Śląskie,67,Chirurgia ogólna,2023/030519,Rezydencki,88.24,4.13,02.10.2023 15:35:46,15,NIE,,
j-2023,10,21.11.2023,22.11.2023 09:32:30,98,135,Śląskie,68,Chirurgia ogólna,2023/025395,Rezydencki,87.92,4.74,27.09.2023 09:12:34,15,NIE,,
j-2023,10,21.11.2023,22.11.2023 09:32:30,98,135,Śląskie,69,Chirurgia ogólna,2023/019928,Rezydencki,86.96,3.89,23.10.2023 08:49:42,15,NIE,,
j-2023,10,21.11.2023,22.11.2023 09:32:30,98,135,Śląskie,70,Chirurgia ogólna,2023/029316,Rezydencki,86.76,3.78,02.10.2023 14:38:41,15,NIE,,
j-2023,10,21.11.2023,22.11.2023 09:32:30,98,135,Śląskie,71,Chirurgia ogólna,2023/024164,Rezydencki,85.51,3.78,30.09.2023 10:33:03,15,NIE,,
j-2023,10,21.11.2023,22.11.2023 09:32:30,98,135,Śląskie,72,Chirurgia ogólna,2023/022259,Rezydencki,85.51,3.67,12.09.2023 22:33:57,15,NIE,,
j-2023,10,21.11.2023,22.11.2023 09:32:30,98,135,Śląskie,73,Chirurgia ogólna,2023/027416,Rezydencki,85.02,3.97,28.09.2023 20:32:31,15,NIE,,
j-2023,10,21.11.2023,22.11.2023 09:32:30,98,135,Śląskie,74,Chirurgia ogólna,2023/027303,Rezydencki,84.54,3.57,20.10.2023 09:59:14,15,NIE,,
j-2023,10,21.11.2023,22.11.2023 09:32:30,98,135,Śląskie,75,Chirurgia ogólna,2023/020108,Rezydencki,83.90,3.35,28.09.2023 15:50:30,15,NIE,,
j-2023,10,21.11.2023,22.11.2023 09:32:30,98,135,Śląskie,76,Chirurgia ogólna,2023/029992,Rezydencki,82.13,3.19,18.10.2023 14:11:13,15,NIE,,
j-2023,10,21.11.2023,22.11.2023 09:32:30,98,135,Śląskie,77,Chirurgia ogólna,2023/025135,Rezydencki,81.64,3.66,29.09.2023 14:22:17,15,NIE,,
j-2023,10,21.11.2023,22.11.2023 09:32:30,98,135,Śląskie,78,Chirurgia ogólna,2023/026937,Rezydencki,80.98,3.65,19.10.2023 22:06:24,15,NIE,,
j-2023,10,21.11.2023,22.11.2023 09:32:30,98,135,Śląskie,79,Chirurgia ogólna,2023/023555,Pozarezydencki,76.96,3.49,31.10.2023 00:01:29,2,NIE,,
j-2023,10,21.11.2023,22.11.2023 09:32:30,98,135,Śląskie,80,Chirurgia ogólna,2023/020621,Pozarezydencki,68.22,3.37,30.10.2023 12:50:15,2,NIE,,
j-2023,10,21.11.2023,22.11.2023 09:32:30,98,135,Śląskie,81,Chirurgia onkologiczna,2023/030191,Rezydencki,90.49,4.56,02.10.2023 20:42:33,2,NIE,,
j-2023,10,21.11.2023,22.11.2023 09:32:30,98,135,Śląskie,82,Chirurgia onkologiczna,2023/028416,Rezydencki,73.17,3.53,28.09.2023 19:18:49,2,NIE,,
j-2023,10,21.11.2023,22.11.2023 09:32:30,98,135,Śląskie,83,Chirurgia onkologiczna,2023/028039,Pozarezydencki,81.59,4.04,31.10.2023 11:05:11,13,NIE,,
j-2023,10,21.11.2023,22.11.2023 09:32:30,98,135,Śląskie,84,Chirurgia onkologiczna,2023/020748,Pozarezydencki,80.18,0.00,31.10.2023 13:43:02,13,NIE,,
j-2023,10,21.11.2023,22.11.2023 09:32:30,98,135,Śląskie,85,Chirurgia onkologiczna,2023/029439,Pozarezydencki,80.00,0.00,25.10.2023 13:48:38,13,NIE,,
j-2023,10,21.11.2023,22.11.2023 09:32:30,98,135,Śląskie,86,Chirurgia onkologiczna,2023/027320,Pozarezydencki,76.42,4.22,22.10.2023 09:41:03,13,NIE,,
j-2023,10,21.11.2023,22.11.2023 09:32:30,98,135,Śląskie,87,Chirurgia onkologiczna,2023/025314,Pozarezydencki,76.36,4.09,20.10.2023 21:36:13,13,NIE,,
j-2023,10,21.11.2023,22.11.2023 09:32:30,99,135,Śląskie,88,Chirurgia onkologiczna,2023/019990,Pozarezydencki,70.91,3.86,25.10.2023 05:43:07,13,NIE,,
j-2023,10,21.11.2023,22.11.2023 09:32:30,99,135,Śląskie,89,Chirurgia onkologiczna,2023/027984,Pozarezydencki,70.91,0.00,30.09.2023 13:13:45,13,NIE,,
j-2023,10,21.11.2023,22.11.2023 09:32:30,99,135,Śląskie,90,Chirurgia onkologiczna,2023/026983,Pozarezydencki,67.82,3.65,20.10.2023 10:38:42,13,NIE,,
j-2023,10,21.11.2023,22.11.2023 09:32:30,99,135,Śląskie,91,Chirurgia onkologiczna,2023/027080,Pozarezydencki,66.36,3.65,31.10.2023 14:52:52,13,NIE,,
j-2023,10,21.11.2023,22.11.2023 09:32:30,99,135,Śląskie,92,Chirurgia onkologiczna,2023/029499,Pozarezydencki,65.60,0.00,31.10.2023 14:25:24,13,NIE,,
j-2023,10,21.11.2023,22.11.2023 09:32:30,99,135,Śląskie,93,Chirurgia onkologiczna,2023/024069,Pozarezydencki,61.82,3.13,22.10.2023 21:08:42,13,NIE,,
j-2023,10,21.11.2023,22.11.2023 09:32:30,99,135,Śląskie,94,Chirurgia onkologiczna,2023/019284,Pozarezydencki,61.82,0.00,25.10.2023 10:03:38,13,NIE,,
j-2023,10,21.11.2023,22.11.2023 09:32:30,99,135,Śląskie,95,Chirurgia onkologiczna,2023/029222,Pozarezydencki,61.82,0.00,29.10.2023 14:05:29,13,NIE,,
j-2023,10,21.11.2023,22.11.2023 09:32:30,99,135,Śląskie,96,Chirurgia stomatologiczna,2023/029214,Rezydencki,86.19,4.67,18.10.2023 10:36:38,2,NIE,,
j-2023,10,21.11.2023,22.11.2023 09:32:30,99,135,Śląskie,97,Chirurgia stomatologiczna,2023/021849,Rezydencki,85.65,4.45,26.10.2023 10:36:36,2,NIE,,
j-2023,10,21.11.2023,22.11.2023 09:32:30,99,135,Śląskie,98,Chirurgia stomatologiczna,2023/024113,Pozarezydencki,81.57,4.70,09.10.2023 18:07:25,1,NIE,,
j-2023,10,21.11.2023,22.11.2023 09:32:30,99,135,Śląskie,99,Choroby płuc,2023/025415,Rezydencki,89.71,4.64,24.09.2023 12:23:41,9,NIE,,
j-2023,10,21.11.2023,22.11.2023 09:32:30,99,135,Śląskie,100,Choroby płuc,2023/023483,Rezydencki,87.92,4.50,23.09.2023 21:28:23,9,NIE,,
j-2023,10,21.11.2023,22.11.2023 09:32:30,99,135,Śląskie,101,Choroby płuc,2023/030831,Rezydencki,87.32,4.33,19.10.2023 23:14:22,9,NIE,,
j-2023,10,21.11.2023,22.11.2023 09:32:30,99,135,Śląskie,102,Choroby płuc,2023/028941,Rezydencki,85.12,3.92,02.10.2023 16:02:48,9,NIE,,
j-2023,10,21.11.2023,22.11.2023 09:32:30,99,135,Śląskie,103,Choroby płuc,2023/028390,Rezydencki,84.39,3.66,02.10.2023 15:37:31,9,NIE,,
j-2023,10,21.11.2023,22.11.2023 09:32:30,99,135,Śląskie,104,Choroby płuc,2023/030813,Rezydencki,83.09,4.10,02.10.2023 19:10:46,9,NIE,,
j-2023,10,21.11.2023,22.11.2023 09:32:30,99,135,Śląskie,105,Choroby płuc,2023/027679,Rezydencki,83.09,3.76,27.09.2023 21:42:17,9,NIE,,
j-2023,10,21.11.2023,22.11.2023 09:32:30,99,135,Śląskie,106,Choroby płuc,2023/026214,Rezydencki,82.44,3.61,29.09.2023 15:15:05,9,NIE,,
j-2023,10,21.11.2023,22.11.2023 09:32:30,99,135,Śląskie,107,Choroby płuc,2023/027686,Rezydencki,74.63,3.27,20.10.2023 19:46:34,9,NIE,,
j-2023,10,21.11.2023,22.11.2023 09:32:30,99,135,Śląskie,108,Choroby płuc,2023/028453,Pozarezydencki,80.00,3.71,27.10.2023 13:01:24,3,NIE,,
j-2023,10,21.11.2023,22.11.2023 09:32:30,99,135,Śląskie,109,Choroby płuc,2023/028808,Pozarezydencki,72.27,3.70,24.10.2023 09:31:57,3,NIE,,
j-2023,10,21.11.2023,22.11.2023 09:32:30,99,135,Śląskie,110,Choroby płuc,2023/029482,Pozarezydencki,66.36,0.00,29.10.2023 18:31:45,3,NIE,,
j-2023,10,21.11.2023,22.11.2023 09:32:30,99,135,Śląskie,111,Choroby płuc dzieci,2023/021703,Pozarezydencki,78.47,4.53,29.09.2023 21:26:26,1,NIE,,
j-2023,10,21.11.2023,22.11.2023 09:32:30,99,135,Śląskie,112,Choroby wewnętrzne,2023/025677,Rezydencki,90.24,4.00,30.09.2023 21:42:26,36,NIE,,
j-2023,10,21.11.2023,22.11.2023 09:32:30,99,135,Śląskie,113,Choroby wewnętrzne,2023/020558,Rezydencki,89.86,4.41,27.09.2023 21:25:25,36,NIE,,
j-2023,10,21.11.2023,22.11.2023 09:32:30,99,135,Śląskie,114,Choroby wewnętrzne,2023/022458,Rezydencki,87.80,3.76,28.09.2023 19:48:54,36,NIE,,
j-2023,10,21.11.2023,22.11.2023 09:32:30,99,135,Śląskie,115,Choroby wewnętrzne,2023/029553,Rezydencki,87.44,4.55,30.09.2023 17:09:29,36,NIE,,
j-2023,10,21.11.2023,22.11.2023 09:32:30,99,135,Śląskie,116,Choroby wewnętrzne,2023/027516,Rezydencki,87.01,4.31,27.09.2023 19:30:41,36,NIE,,
j-2023,10,21.11.2023,22.11.2023 09:32:30,99,135,Śląskie,117,Choroby wewnętrzne,2023/022527,Rezydencki,86.96,4.54,30.09.2023 18:22:35,36,NIE,,
j-2023,10,21.11.2023,22.11.2023 09:32:30,99,135,Śląskie,118,Choroby wewnętrzne,2023/021074,Rezydencki,86.96,4.11,30.09.2023 12:56:53,36,NIE,,
j-2023,10,21.11.2023,22.11.2023 09:32:30,99,135,Śląskie,119,Choroby wewnętrzne,2023/024437,Rezydencki,86.47,4.47,20.09.2023 16:36:39,36,NIE,,
j-2023,10,21.11.2023,22.11.2023 09:32:30,99,135,Śląskie,120,Choroby wewnętrzne,2023/024502,Rezydencki,86.47,4.00,28.09.2023 21:25:05,36,NIE,,
j-2023,10,21.11.2023,22.11.2023 09:32:30,99,135,Śląskie,121,Choroby wewnętrzne,2023/022506,Rezydencki,86.47,4.00,29.09.2023 21:42:03,36,NIE,,
j-2023,10,21.11.2023,22.11.2023 09:32:30,99,135,Śląskie,122,Choroby wewnętrzne,2023/027356,Rezydencki,86.34,4.09,29.09.2023 07:28:41,36,NIE,,
j-2023,10,21.11.2023,22.11.2023 09:32:30,99,135,Śląskie,123,Choroby wewnętrzne,2023/027130,Rezydencki,85.99,4.21,27.09.2023 12:12:23,36,NIE,,
j-2023,10,21.11.2023,22.11.2023 09:32:30,99,135,Śląskie,124,Choroby wewnętrzne,2023/026204,Rezydencki,85.99,3.98,28.09.2023 21:44:17,36,NIE,,
j-2023,10,21.11.2023,22.11.2023 09:32:30,99,135,Śląskie,125,Choroby wewnętrzne,2023/028426,Rezydencki,85.99,3.41,28.09.2023 19:44:21,36,NIE,,
j-2023,10,21.11.2023,22.11.2023 09:32:30,100,135,Śląskie,126,Choroby wewnętrzne,2023/025216,Rezydencki,85.51,4.33,23.09.2023 14:52:48,36,NIE,,
j-2023,10,21.11.2023,22.11.2023 09:32:30,100,135,Śląskie,127,Choroby wewnętrzne,2023/020725,Rezydencki,85.37,3.61,02.10.2023 20:45:38,36,NIE,,
j-2023,10,21.11.2023,22.11.2023 09:32:30,100,135,Śląskie,128,Choroby wewnętrzne,2023/024237,Rezydencki,85.02,3.76,19.09.2023 21:29:47,36,NIE,,
j-2023,10,21.11.2023,22.11.2023 09:32:30,100,135,Śląskie,129,Choroby wewnętrzne,2023/028610,Rezydencki,85.02,3.63,28.09.2023 22:03:18,36,NIE,,
j-2023,10,21.11.2023,22.11.2023 09:32:30,100,135,Śląskie,130,Choroby wewnętrzne,2023/029603,Rezydencki,85.02,3.58,30.09.2023 19:00:54,36,NIE,,
j-2023,10,21.11.2023,22.11.2023 09:32:30,100,135,Śląskie,131,Choroby wewnętrzne,2023/028624,Rezydencki,84.54,3.53,19.10.2023 14:17:29,36,NIE,,
j-2023,10,21.11.2023,22.11.2023 09:32:30,100,135,Śląskie,132,Choroby wewnętrzne,2023/026389,Rezydencki,83.57,4.17,24.10.2023 10:46:27,36,NIE,,
j-2023,10,21.11.2023,22.11.2023 09:32:30,100,135,Śląskie,133,Choroby wewnętrzne,2023/029451,Rezydencki,83.41,3.85,02.10.2023 13:21:59,36,NIE,,
j-2023,10,21.11.2023,22.11.2023 09:32:30,100,135,Śląskie,134,Choroby wewnętrzne,2023/020900,Rezydencki,82.93,3.77,29.09.2023 15:51:55,36,NIE,,
j-2023,10,21.11.2023,22.11.2023 09:32:30,100,135,Śląskie,135,Choroby wewnętrzne,2023/030193,Rezydencki,82.93,3.43,01.10.2023 22:24:32,36,NIE,,
j-2023,10,21.11.2023,22.11.2023 09:32:30,100,135,Śląskie,136,Choroby wewnętrzne,2023/027760,Rezydencki,82.61,3.88,28.09.2023 23:47:43,36,NIE,,
j-2023,10,21.11.2023,22.11.2023 09:32:30,100,135,Śląskie,137,Choroby wewnętrzne,2023/024060,Rezydencki,82.35,3.85,19.09.2023 14:51:11,36,NIE,,
j-2023,10,21.11.2023,22.11.2023 09:32:30,100,135,Śląskie,138,Choroby wewnętrzne,2023/029588,Rezydencki,82.13,4.02,23.10.2023 14:33:00,36,NIE,,
j-2023,10,21.11.2023,22.11.2023 09:32:30,100,135,Śląskie,139,Choroby wewnętrzne,2023/030673,Rezydencki,81.46,3.92,18.10.2023 23:14:56,36,NIE,,
j-2023,10,21.11.2023,22.11.2023 09:32:30,100,135,Śląskie,140,Choroby wewnętrzne,2023/024070,Rezydencki,81.16,3.46,19.10.2023 19:13:14,36,NIE,,
j-2023,10,21.11.2023,22.11.2023 09:32:30,100,135,Śląskie,141,Choroby wewnętrzne,2023/028681,Rezydencki,79.41,3.62,30.09.2023 12:39:49,36,NIE,,
j-2023,10,21.11.2023,22.11.2023 09:32:30,100,135,Śląskie,142,Choroby wewnętrzne,2023/029956,Rezydencki,78.26,3.20,24.10.2023 13:07:33,36,NIE,,
j-2023,10,21.11.2023,22.11.2023 09:32:30,100,135,Śląskie,143,Choroby wewnętrzne,2023/025643,Rezydencki,78.26,3.12,02.10.2023 21:29:22,36,NIE,,
j-2023,10,21.11.2023,22.11.2023 09:32:30,100,135,Śląskie,144,Choroby wewnętrzne,2023/028897,Rezydencki,73.66,3.91,20.10.2023 11:19:03,36,NIE,,
j-2023,10,21.11.2023,22.11.2023 09:32:30,100,135,Śląskie,145,Choroby wewnętrzne,2023/023205,Rezydencki,66.18,3.25,22.10.2023 22:27:03,36,NIE,,
j-2023,10,21.11.2023,22.11.2023 09:32:30,100,135,Śląskie,146,Choroby wewnętrzne,2023/020678,Rezydencki,62.98,3.94,19.10.2023 08:29:35,36,NIE,,
j-2023,10,21.11.2023,22.11.2023 09:32:30,100,135,Śląskie,147,Choroby wewnętrzne,2023/023520,Rezydencki,0.00,0.00,25.10.2023 20:06:39,36,NIE,,
j-2023,10,21.11.2023,22.11.2023 09:32:30,100,135,Śląskie,148,Choroby wewnętrzne,2023/023423,Pozarezydencki,75.70,4.41,31.10.2023 13:57:38,2,NIE,,
j-2023,10,21.11.2023,22.11.2023 09:32:30,100,135,Śląskie,149,Choroby wewnętrzne,2023/022845,Pozarezydencki,71.56,4.19,20.10.2023 21:10:05,2,NIE,,
j-2023,10,21.11.2023,22.11.2023 09:32:30,100,135,Śląskie,150,Choroby zakaźne,2023/030005,Rezydencki,82.44,4.00,19.10.2023 22:30:30,3,NIE,,
j-2023,10,21.11.2023,22.11.2023 09:32:30,100,135,Śląskie,151,Choroby zakaźne,2023/024100,Rezydencki,81.37,3.58,02.10.2023 13:19:35,3,NIE,,
j-2023,10,21.11.2023,22.11.2023 09:32:30,100,135,Śląskie,152,Choroby zakaźne,2023/030737,Rezydencki,77.56,3.79,02.10.2023 18:06:38,3,NIE,,
j-2023,10,21.11.2023,22.11.2023 09:32:30,100,135,Śląskie,153,Choroby zakaźne,2023/020832,Pozarezydencki,58.26,0.00,23.10.2023 11:52:47,2,NIE,,
j-2023,10,21.11.2023,22.11.2023 09:32:30,100,135,Śląskie,154,Choroby zakaźne,2023/024584,Pozarezydencki,0.00,0.00,24.10.2023 06:12:37,2,NIE,,
j-2023,10,21.11.2023,22.11.2023 09:32:30,100,135,Śląskie,155,Dermatologia i wenerologia,2023/019268,Rezydencki,94.20,4.62,02.10.2023 23:19:09,2,NIE,,
j-2023,10,21.11.2023,22.11.2023 09:32:30,100,135,Śląskie,156,Dermatologia i wenerologia,2023/026861,Rezydencki,91.95,4.20,02.10.2023 17:53:35,2,NIE,,
j-2023,10,21.11.2023,22.11.2023 09:32:30,100,135,Śląskie,157,Dermatologia i wenerologia,2023/029401,Pozarezydencki,85.75,3.33,23.10.2023 09:07:31,2,NIE,,
j-2023,10,21.11.2023,22.11.2023 09:32:30,100,135,Śląskie,158,Dermatologia i wenerologia,2023/027668,Pozarezydencki,85.58,3.85,28.09.2023 22:27:00,2,NIE,,
j-2023,10,21.11.2023,22.11.2023 09:32:30,100,135,Śląskie,159,Diabetologia,2023/020848,Rezydencki,89.27,4.63,30.09.2023 20:02:50,6,NIE,,
j-2023,10,21.11.2023,22.11.2023 09:32:30,100,135,Śląskie,160,Diabetologia,2023/019881,Rezydencki,89.22,4.59,04.09.2023 17:31:49,6,NIE,,
j-2023,10,21.11.2023,22.11.2023 09:32:30,100,135,Śląskie,161,Diabetologia,2023/026395,Rezydencki,87.80,3.82,01.10.2023 22:58:15,6,NIE,,
j-2023,10,21.11.2023,22.11.2023 09:32:30,100,135,Śląskie,162,Diabetologia,2023/026417,Rezydencki,86.34,4.38,01.10.2023 20:24:32,6,NIE,,
j-2023,10,21.11.2023,22.11.2023 09:32:30,100,135,Śląskie,163,Diabetologia,2023/024908,Rezydencki,85.78,4.11,30.09.2023 16:07:24,6,NIE,,
j-2023,10,21.11.2023,22.11.2023 09:32:30,101,135,Śląskie,164,Diabetologia,2023/029676,Rezydencki,85.61,4.08,01.10.2023 22:21:47,6,NIE,,
j-2023,10,21.11.2023,22.11.2023 09:32:30,101,135,Śląskie,165,Diabetologia,2023/028981,Pozarezydencki,80.00,4.00,29.09.2023 14:32:26,4,NIE,,
j-2023,10,21.11.2023,22.11.2023 09:32:30,101,135,Śląskie,166,Diabetologia,2023/024755,Pozarezydencki,79.63,4.00,20.10.2023 21:42:37,4,NIE,,
j-2023,10,21.11.2023,22.11.2023 09:32:30,101,135,Śląskie,167,Diabetologia,2023/023701,Pozarezydencki,77.73,0.00,26.10.2023 12:12:53,4,NIE,,
j-2023,10,21.11.2023,22.11.2023 09:32:30,101,135,Śląskie,168,Diabetologia,2023/022098,Pozarezydencki,76.14,0.00,23.10.2023 10:05:47,4,NIE,,
j-2023,10,21.11.2023,22.11.2023 09:32:30,101,135,Śląskie,169,Endokrynologia,2023/025660,Rezydencki,91.95,4.53,28.09.2023 15:11:08,7,NIE,,
j-2023,10,21.11.2023,22.11.2023 09:32:30,101,135,Śląskie,170,Endokrynologia,2023/020424,Rezydencki,91.71,4.53,23.10.2023 00:19:48,7,NIE,,
j-2023,10,21.11.2023,22.11.2023 09:32:30,101,135,Śląskie,171,Endokrynologia,2023/025393,Rezydencki,91.67,4.46,18.10.2023 19:51:15,7,NIE,,
j-2023,10,21.11.2023,22.11.2023 09:32:30,101,135,Śląskie,172,Endokrynologia,2023/019789,Rezydencki,91.55,4.88,05.09.2023 13:00:39,7,NIE,,
j-2023,10,21.11.2023,22.11.2023 09:32:30,101,135,Śląskie,173,Endokrynologia,2023/022638,Rezydencki,91.46,4.33,02.10.2023 20:11:30,7,NIE,,
j-2023,10,21.11.2023,22.11.2023 09:32:30,101,135,Śląskie,174,Endokrynologia,2023/025574,Rezydencki,91.42,4.41,26.10.2023 12:37:29,7,NIE,,
j-2023,10,21.11.2023,22.11.2023 09:32:30,101,135,Śląskie,175,Endokrynologia,2023/021948,Rezydencki,91.42,4.39,30.09.2023 13:42:24,7,NIE,,
j-2023,10,21.11.2023,22.11.2023 09:32:30,101,135,Śląskie,176,Endokrynologia,2023/028433,Pozarezydencki,87.91,4.02,29.09.2023 16:47:01,6,NIE,,
j-2023,10,21.11.2023,22.11.2023 09:32:30,101,135,Śląskie,177,Endokrynologia,2023/026383,Pozarezydencki,85.51,4.21,30.10.2023 12:09:50,6,NIE,,
j-2023,10,21.11.2023,22.11.2023 09:32:30,101,135,Śląskie,178,Endokrynologia,2023/025487,Pozarezydencki,84.79,4.40,30.09.2023 10:32:45,6,NIE,,
j-2023,10,21.11.2023,22.11.2023 09:32:30,101,135,Śląskie,179,Endokrynologia,2023/025134,Pozarezydencki,84.33,4.17,22.09.2023 21:01:59,6,NIE,,
j-2023,10,21.11.2023,22.11.2023 09:32:30,101,135,Śląskie,180,Endokrynologia,2023/025831,Pozarezydencki,84.19,4.57,30.09.2023 20:39:07,6,NIE,,
j-2023,10,21.11.2023,22.11.2023 09:32:30,101,135,Śląskie,181,Endokrynologia,2023/029830,Pozarezydencki,84.19,4.04,25.10.2023 00:01:21,6,NIE,,
j-2023,10,21.11.2023,22.11.2023 09:32:30,101,135,Śląskie,182,Endokrynologia i diabetologia dziecięca,2023/020484,Rezydencki,90.24,4.44,28.09.2023 23:10:22,1,NIE,,
j-2023,10,21.11.2023,22.11.2023 09:32:30,101,135,Śląskie,183,Endokrynologia i diabetologia dziecięca,2023/028620,Pozarezydencki,89.09,4.19,30.10.2023 10:05:03,1,NIE,,
j-2023,10,21.11.2023,22.11.2023 09:32:30,101,135,Śląskie,184,Farmakologia kliniczna,2023/021709,Pozarezydencki,70.91,4.10,21.10.2023 09:06:39,1,NIE,,
j-2023,10,21.11.2023,22.11.2023 09:32:30,101,135,Śląskie,185,Gastroenterologia,2023/019815,Rezydencki,90.69,4.36,24.09.2023 23:39:20,3,NIE,,
j-2023,10,21.11.2023,22.11.2023 09:32:30,101,135,Śląskie,186,Gastroenterologia,2023/024499,Rezydencki,89.76,4.57,01.10.2023 18:59:16,3,NIE,,
j-2023,10,21.11.2023,22.11.2023 09:32:30,101,135,Śląskie,187,Gastroenterologia,2023/021892,Rezydencki,89.61,4.36,02.10.2023 20:34:32,3,NIE,,
j-2023,10,21.11.2023,22.11.2023 09:32:30,101,135,Śląskie,188,Gastroenterologia,2023/023858,Pozarezydencki,77.73,3.70,25.10.2023 12:31:58,1,NIE,,
j-2023,10,21.11.2023,22.11.2023 09:32:30,101,135,Śląskie,189,Geriatria,2023/022128,Rezydencki,71.08,3.23,11.09.2023 16:24:16,1,NIE,,
j-2023,10,21.11.2023,22.11.2023 09:32:30,101,135,Śląskie,190,Geriatria,2023/023875,Pozarezydencki,80.00,3.63,18.09.2023 19:44:36,3,NIE,,
j-2023,10,21.11.2023,22.11.2023 09:32:30,101,135,Śląskie,191,Geriatria,2023/028785,Pozarezydencki,79.27,3.70,24.10.2023 17:57:15,3,NIE,,
j-2023,10,21.11.2023,22.11.2023 09:32:30,101,135,Śląskie,192,Geriatria,2023/027833,Pozarezydencki,75.45,3.31,30.10.2023 07:57:07,3,NIE,,
j-2023,10,21.11.2023,22.11.2023 09:32:30,101,135,Śląskie,193,Hematologia,2023/020145,Rezydencki,86.71,3.70,19.10.2023 10:30:25,5,NIE,,
j-2023,10,21.11.2023,22.11.2023 09:32:30,101,135,Śląskie,194,Hematologia,2023/025279,Rezydencki,85.75,4.55,23.09.2023 19:10:53,5,NIE,,
j-2023,10,21.11.2023,22.11.2023 09:32:30,101,135,Śląskie,195,Hematologia,2023/029964,Rezydencki,85.02,3.91,01.10.2023 16:56:55,5,NIE,,
j-2023,10,21.11.2023,22.11.2023 09:32:30,101,135,Śląskie,196,Hematologia,2023/021464,Rezydencki,82.84,3.74,07.09.2023 16:51:26,5,NIE,,
j-2023,10,21.11.2023,22.11.2023 09:32:30,101,135,Śląskie,197,Hematologia,2023/025525,Rezydencki,80.00,3.88,02.10.2023 23:50:51,5,NIE,,
j-2023,10,21.11.2023,22.11.2023 09:32:30,101,135,Śląskie,198,Immunologia kliniczna,2023/022479,Pozarezydencki,75.45,3.88,20.10.2023 07:37:55,1,NIE,,
j-2023,10,21.11.2023,22.11.2023 09:32:30,101,135,Śląskie,199,Intensywna terapia,2023/020122,Pozarezydencki,66.36,0.00,20.10.2023 22:01:03,2,NIE,,
j-2023,10,21.11.2023,22.11.2023 09:32:30,101,135,Śląskie,200,Intensywna terapia,2023/019689,Pozarezydencki,66.36,0.00,27.10.2023 09:40:45,2,NIE,,
j-2023,10,21.11.2023,22.11.2023 09:32:30,101,135,Śląskie,201,Kardiochirurgia,2023/027887,Rezydencki,79.23,4.01,28.09.2023 09:47:03,1,NIE,,
j-2023,10,21.11.2023,22.11.2023 09:32:30,102,135,Śląskie,202,Kardiologia,2023/019916,Rezydencki,91.91,4.45,29.09.2023 22:41:25,5,NIE,,
j-2023,10,21.11.2023,22.11.2023 09:32:30,102,135,Śląskie,203,Kardiologia,2023/023936,Rezydencki,91.30,4.64,20.09.2023 09:14:41,5,NIE,,
j-2023,10,21.11.2023,22.11.2023 09:32:30,102,135,Śląskie,204,Kardiologia,2023/023433,Rezydencki,91.18,4.31,17.09.2023 14:52:19,5,NIE,,
j-2023,10,21.11.2023,22.11.2023 09:32:30,102,135,Śląskie,205,Kardiologia,2023/024508,Rezydencki,90.73,4.13,28.09.2023 16:38:04,5,NIE,,
j-2023,10,21.11.2023,22.11.2023 09:32:30,102,135,Śląskie,206,Kardiologia,2023/022117,Rezydencki,90.44,4.48,28.09.2023 16:36:00,5,NIE,,
j-2023,10,21.11.2023,22.11.2023 09:32:30,102,135,Śląskie,207,Kardiologia,2023/020187,Pozarezydencki,84.11,3.58,20.09.2023 18:14:43,11,NIE,,
j-2023,10,21.11.2023,22.11.2023 09:32:30,102,135,Śląskie,208,Kardiologia,2023/026971,Pozarezydencki,81.54,3.29,02.10.2023 21:25:29,11,NIE,,
j-2023,10,21.11.2023,22.11.2023 09:32:30,102,135,Śląskie,209,Kardiologia,2023/031040,Pozarezydencki,80.37,3.22,21.10.2023 22:12:26,11,NIE,,
j-2023,10,21.11.2023,22.11.2023 09:32:30,102,135,Śląskie,210,Kardiologia,2023/022265,Pozarezydencki,79.67,4.48,23.09.2023 17:51:49,11,NIE,,
j-2023,10,21.11.2023,22.11.2023 09:32:30,102,135,Śląskie,211,Kardiologia,2023/030726,Pozarezydencki,78.34,0.00,02.10.2023 17:36:08,11,NIE,,
j-2023,10,21.11.2023,22.11.2023 09:32:30,102,135,Śląskie,212,Kardiologia,2023/020468,Pozarezydencki,76.50,3.35,20.10.2023 10:04:55,11,NIE,,
j-2023,10,21.11.2023,22.11.2023 09:32:30,102,135,Śląskie,213,Kardiologia,2023/027731,Pozarezydencki,75.45,4.03,26.10.2023 11:45:26,11,NIE,,
j-2023,10,21.11.2023,22.11.2023 09:32:30,102,135,Śląskie,214,Kardiologia,2023/024741,Pozarezydencki,74.07,0.00,29.09.2023 19:37:36,11,NIE,,
j-2023,10,21.11.2023,22.11.2023 09:32:30,102,135,Śląskie,215,Kardiologia,2023/022138,Pozarezydencki,70.91,0.00,23.10.2023 13:10:45,11,NIE,,
j-2023,10,21.11.2023,22.11.2023 09:32:30,102,135,Śląskie,216,Kardiologia,2023/023228,Pozarezydencki,61.82,0.00,19.10.2023 11:51:01,11,NIE,,
j-2023,10,21.11.2023,22.11.2023 09:32:30,102,135,Śląskie,217,Kardiologia,2023/027063,Pozarezydencki,0.00,3.76,26.10.2023 12:03:46,11,NIE,,
j-2023,10,21.11.2023,22.11.2023 09:32:30,102,135,Śląskie,218,Kardiologia dziecięca,2023/028621,Rezydencki,90.24,4.10,28.09.2023 22:03:49,2,NIE,,
j-2023,10,21.11.2023,22.11.2023 09:32:30,102,135,Śląskie,219,Kardiologia dziecięca,2023/023983,Rezydencki,87.44,4.06,30.09.2023 20:56:37,2,NIE,,
j-2023,10,21.11.2023,22.11.2023 09:32:30,102,135,Śląskie,220,Kardiologia dziecięca,2023/024863,Pozarezydencki,75.45,4.22,19.10.2023 13:41:17,1,NIE,,
j-2023,10,21.11.2023,22.11.2023 09:32:30,102,135,Śląskie,221,Medycyna nuklearna,2023/024675,Rezydencki,87.44,3.98,29.09.2023 00:04:56,3,NIE,,
j-2023,10,21.11.2023,22.11.2023 09:32:30,102,135,Śląskie,222,Medycyna nuklearna,2023/026512,Rezydencki,85.99,4.05,27.09.2023 11:52:28,3,NIE,,
j-2023,10,21.11.2023,22.11.2023 09:32:30,102,135,Śląskie,223,Medycyna nuklearna,2023/027654,Rezydencki,85.02,3.52,27.09.2023 21:46:41,3,NIE,,
j-2023,10,21.11.2023,22.11.2023 09:32:30,102,135,Śląskie,224,Medycyna nuklearna,2023/025651,Pozarezydencki,70.91,3.44,31.10.2023 18:10:33,2,NIE,,
j-2023,10,21.11.2023,22.11.2023 09:32:30,102,135,Śląskie,225,Medycyna nuklearna,2023/030962,Pozarezydencki,65.45,3.79,30.10.2023 19:43:59,2,NIE,,
j-2023,10,21.11.2023,22.11.2023 09:32:30,102,135,Śląskie,226,Medycyna paliatywna,2023/023370,Pozarezydencki,84.55,4.27,21.10.2023 22:33:02,4,NIE,,
j-2023,10,21.11.2023,22.11.2023 09:32:30,102,135,Śląskie,227,Medycyna paliatywna,2023/023845,Pozarezydencki,81.45,3.26,30.10.2023 11:38:14,4,NIE,,
j-2023,10,21.11.2023,22.11.2023 09:32:30,102,135,Śląskie,228,Medycyna paliatywna,2023/020824,Pozarezydencki,80.00,4.08,27.10.2023 13:05:58,4,NIE,,
j-2023,10,21.11.2023,22.11.2023 09:32:30,102,135,Śląskie,229,Medycyna paliatywna,2023/023415,Pozarezydencki,70.91,0.00,24.10.2023 19:41:25,4,NIE,,
j-2023,10,21.11.2023,22.11.2023 09:32:30,102,135,Śląskie,230,Medycyna pracy,2023/022908,Rezydencki,85.51,3.70,20.10.2023 14:49:34,3,NIE,,
j-2023,10,21.11.2023,22.11.2023 09:32:30,102,135,Śląskie,231,Medycyna pracy,2023/025697,Rezydencki,80.15,3.40,19.10.2023 12:34:49,3,NIE,,
j-2023,10,21.11.2023,22.11.2023 09:32:30,102,135,Śląskie,232,Medycyna pracy,2023/030978,Rezydencki,79.90,3.48,02.10.2023 20:56:48,3,NIE,,
j-2023,10,21.11.2023,22.11.2023 09:32:30,102,135,Śląskie,233,Medycyna pracy,2023/028557,Pozarezydencki,84.55,0.00,19.10.2023 18:32:27,3,NIE,,
j-2023,10,21.11.2023,22.11.2023 09:32:30,102,135,Śląskie,234,Medycyna pracy,2023/020408,Pozarezydencki,83.87,4.02,19.10.2023 13:08:40,3,NIE,,
j-2023,10,21.11.2023,22.11.2023 09:32:30,102,135,Śląskie,235,Medycyna pracy,2023/026858,Pozarezydencki,80.00,3.74,20.10.2023 17:48:06,3,NIE,,
j-2023,10,21.11.2023,22.11.2023 09:32:30,102,135,Śląskie,236,Medycyna ratunkowa,2023/019377,Rezydencki,83.57,3.95,21.09.2023 15:49:38,1,NIE,,
j-2023,10,21.11.2023,22.11.2023 09:32:30,102,135,Śląskie,237,Medycyna ratunkowa,2023/026099,Pozarezydencki,61.82,0.00,28.10.2023 10:33:54,2,NIE,,
j-2023,10,21.11.2023,22.11.2023 09:32:30,102,135,Śląskie,238,Medycyna ratunkowa,2023/030921,Pozarezydencki,52.73,3.95,21.10.2023 23:50:56,2,NIE,,
j-2023,10,21.11.2023,22.11.2023 09:32:30,102,135,Śląskie,239,Medycyna rodzinna,2023/023391,Rezydencki,88.41,4.28,26.09.2023 23:00:42,39,NIE,,
j-2023,10,21.11.2023,22.11.2023 09:32:30,103,135,Śląskie,240,Medycyna rodzinna,2023/020237,Rezydencki,87.92,4.47,05.09.2023 20:50:27,39,NIE,,
j-2023,10,21.11.2023,22.11.2023 09:32:30,103,135,Śląskie,241,Medycyna rodzinna,2023/020593,Rezydencki,87.92,4.40,12.09.2023 21:55:36,39,NIE,,
j-2023,10,21.11.2023,22.11.2023 09:32:30,103,135,Śląskie,242,Medycyna rodzinna,2023/027591,Rezydencki,87.92,4.08,05.10.2023 13:51:02,39,NIE,,
j-2023,10,21.11.2023,22.11.2023 09:32:30,103,135,Śląskie,243,Medycyna rodzinna,2023/027140,Rezydencki,87.62,4.42,23.10.2023 15:36:26,39,NIE,,
j-2023,10,21.11.2023,22.11.2023 09:32:30,103,135,Śląskie,244,Medycyna rodzinna,2023/024207,Rezydencki,87.44,4.48,24.09.2023 19:34:10,39,NIE,,
j-2023,10,21.11.2023,22.11.2023 09:32:30,103,135,Śląskie,245,Medycyna rodzinna,2023/021933,Rezydencki,86.47,4.17,29.09.2023 22:18:23,39,NIE,,
j-2023,10,21.11.2023,22.11.2023 09:32:30,103,135,Śląskie,246,Medycyna rodzinna,2023/023285,Rezydencki,85.99,3.33,16.09.2023 12:57:07,39,NIE,,
j-2023,10,21.11.2023,22.11.2023 09:32:30,103,135,Śląskie,247,Medycyna rodzinna,2023/029004,Rezydencki,85.78,4.33,30.09.2023 09:23:12,39,NIE,,
j-2023,10,21.11.2023,22.11.2023 09:32:30,103,135,Śląskie,248,Medycyna rodzinna,2023/022925,Rezydencki,85.78,4.00,22.10.2023 19:43:53,39,NIE,,
j-2023,10,21.11.2023,22.11.2023 09:32:30,103,135,Śląskie,249,Medycyna rodzinna,2023/027501,Rezydencki,85.78,3.90,28.09.2023 08:49:32,39,NIE,,
j-2023,10,21.11.2023,22.11.2023 09:32:30,103,135,Śląskie,250,Medycyna rodzinna,2023/025048,Rezydencki,85.78,3.58,22.09.2023 14:53:28,39,NIE,,
j-2023,10,21.11.2023,22.11.2023 09:32:30,103,135,Śląskie,251,Medycyna rodzinna,2023/025771,Rezydencki,85.37,3.44,02.10.2023 20:04:33,39,NIE,,
j-2023,10,21.11.2023,22.11.2023 09:32:30,103,135,Śląskie,252,Medycyna rodzinna,2023/024141,Rezydencki,85.29,3.85,19.09.2023 18:27:07,39,NIE,,
j-2023,10,21.11.2023,22.11.2023 09:32:30,103,135,Śląskie,253,Medycyna rodzinna,2023/028663,Rezydencki,85.02,4.35,30.09.2023 18:04:00,39,NIE,,
j-2023,10,21.11.2023,22.11.2023 09:32:30,103,135,Śląskie,254,Medycyna rodzinna,2023/024787,Rezydencki,84.39,4.18,28.09.2023 16:59:42,39,NIE,,
j-2023,10,21.11.2023,22.11.2023 09:32:30,103,135,Śląskie,255,Medycyna rodzinna,2023/030284,Rezydencki,83.82,3.60,02.10.2023 00:04:53,39,NIE,,
j-2023,10,21.11.2023,22.11.2023 09:32:30,103,135,Śląskie,256,Medycyna rodzinna,2023/025215,Rezydencki,83.57,4.40,21.10.2023 11:57:30,39,NIE,,
j-2023,10,21.11.2023,22.11.2023 09:32:30,103,135,Śląskie,257,Medycyna rodzinna,2023/030969,Rezydencki,83.33,3.82,02.10.2023 20:52:08,39,NIE,,
j-2023,10,21.11.2023,22.11.2023 09:32:30,103,135,Śląskie,258,Medycyna rodzinna,2023/030593,Rezydencki,83.09,3.56,02.10.2023 15:18:51,39,NIE,,
j-2023,10,21.11.2023,22.11.2023 09:32:30,103,135,Śląskie,259,Medycyna rodzinna,2023/028664,Rezydencki,82.93,3.77,28.09.2023 22:43:20,39,NIE,,
j-2023,10,21.11.2023,22.11.2023 09:32:30,103,135,Śląskie,260,Medycyna rodzinna,2023/027995,Rezydencki,82.84,3.66,30.09.2023 18:32:12,39,NIE,,
j-2023,10,21.11.2023,22.11.2023 09:32:30,103,135,Śląskie,261,Medycyna rodzinna,2023/025456,Rezydencki,82.61,3.65,28.09.2023 21:51:10,39,NIE,,
j-2023,10,21.11.2023,22.11.2023 09:32:30,103,135,Śląskie,262,Medycyna rodzinna,2023/029997,Rezydencki,82.44,3.74,01.10.2023 19:09:45,39,NIE,,
j-2023,10,21.11.2023,22.11.2023 09:32:30,103,135,Śląskie,263,Medycyna rodzinna,2023/027488,Rezydencki,82.35,3.35,30.09.2023 13:00:56,39,NIE,,
j-2023,10,21.11.2023,22.11.2023 09:32:30,103,135,Śląskie,264,Medycyna rodzinna,2023/019891,Rezydencki,82.13,3.71,20.10.2023 13:55:05,39,NIE,,
j-2023,10,21.11.2023,22.11.2023 09:32:30,103,135,Śląskie,265,Medycyna rodzinna,2023/026188,Rezydencki,81.88,3.70,27.09.2023 13:46:33,39,NIE,,
j-2023,10,21.11.2023,22.11.2023 09:32:30,103,135,Śląskie,266,Medycyna rodzinna,2023/025742,Rezydencki,81.64,3.12,02.10.2023 15:01:31,39,NIE,,
j-2023,10,21.11.2023,22.11.2023 09:32:30,103,135,Śląskie,267,Medycyna rodzinna,2023/020882,Rezydencki,81.46,3.54,29.09.2023 14:05:16,39,NIE,,
j-2023,10,21.11.2023,22.11.2023 09:32:30,103,135,Śląskie,268,Medycyna rodzinna,2023/026061,Rezydencki,80.39,3.44,28.09.2023 22:48:05,39,NIE,,
j-2023,10,21.11.2023,22.11.2023 09:32:30,103,135,Śląskie,269,Medycyna rodzinna,2023/028836,Rezydencki,78.05,3.74,18.10.2023 13:12:00,39,NIE,,
j-2023,10,21.11.2023,22.11.2023 09:32:30,103,135,Śląskie,270,Medycyna rodzinna,2023/027788,Rezydencki,76.10,3.81,19.10.2023 23:28:39,39,NIE,,
j-2023,10,21.11.2023,22.11.2023 09:32:30,103,135,Śląskie,271,Medycyna rodzinna,2023/028177,Rezydencki,70.24,3.16,01.10.2023 23:02:12,39,NIE,,
j-2023,10,21.11.2023,22.11.2023 09:32:30,103,135,Śląskie,272,Medycyna rodzinna,2023/025588,Rezydencki,69.61,3.81,27.09.2023 21:51:30,39,NIE,,
j-2023,10,21.11.2023,22.11.2023 09:32:30,103,135,Śląskie,273,Medycyna rodzinna,2023/023686,Rezydencki,69.08,3.83,20.10.2023 11:25:47,39,NIE,,
j-2023,10,21.11.2023,22.11.2023 09:32:30,103,135,Śląskie,274,Medycyna rodzinna,2023/031025,Rezydencki,68.87,3.93,22.10.2023 23:57:55,39,NIE,,
j-2023,10,21.11.2023,22.11.2023 09:32:30,103,135,Śląskie,275,Medycyna rodzinna,2023/023677,Rezydencki,68.12,3.85,02.10.2023 14:02:41,39,NIE,,
j-2023,10,21.11.2023,22.11.2023 09:32:30,103,135,Śląskie,276,Medycyna rodzinna,2023/022913,Rezydencki,65.70,2.89,25.10.2023 11:23:48,39,NIE,,
j-2023,10,21.11.2023,22.11.2023 09:32:30,103,135,Śląskie,277,Medycyna rodzinna,2023/022246,Rezydencki,55.56,2.97,31.10.2023 09:47:57,39,NIE,,
j-2023,10,21.11.2023,22.11.2023 09:32:30,104,135,Śląskie,278,Medycyna rodzinna,2023/021474,Pozarezydencki,80.37,4.12,20.10.2023 14:28:11,8,NIE,,
j-2023,10,21.11.2023,22.11.2023 09:32:30,104,135,Śląskie,279,Medycyna rodzinna,2023/026498,Pozarezydencki,75.45,3.55,25.10.2023 10:17:53,8,NIE,,
j-2023,10,21.11.2023,22.11.2023 09:32:30,104,135,Śląskie,280,Medycyna rodzinna,2023/027811,Pozarezydencki,75.12,3.28,29.10.2023 22:58:50,8,NIE,,
j-2023,10,21.11.2023,22.11.2023 09:32:30,104,135,Śląskie,281,Medycyna rodzinna,2023/024582,Pozarezydencki,72.35,3.57,06.10.2023 13:00:09,8,NIE,,
j-2023,10,21.11.2023,22.11.2023 09:32:30,104,135,Śląskie,282,Medycyna rodzinna,2023/024804,Pozarezydencki,69.44,3.60,26.10.2023 14:30:19,8,NIE,,
j-2023,10,21.11.2023,22.11.2023 09:32:30,104,135,Śląskie,283,Medycyna rodzinna,2023/025917,Pozarezydencki,68.73,3.16,20.10.2023 11:07:47,8,NIE,,
j-2023,10,21.11.2023,22.11.2023 09:32:30,104,135,Śląskie,284,Medycyna rodzinna,2023/024459,Pozarezydencki,60.75,3.54,25.10.2023 21:48:06,8,NIE,,
j-2023,10,21.11.2023,22.11.2023 09:32:30,104,135,Śląskie,285,Medycyna rodzinna,2023/031030,Pozarezydencki,58.26,0.00,02.10.2023 21:43:36,8,NIE,,
j-2023,10,21.11.2023,22.11.2023 09:32:30,104,135,Śląskie,286,Medycyna sądowa,2023/024825,Pozarezydencki,68.20,3.63,18.10.2023 11:43:17,1,NIE,,
j-2023,10,21.11.2023,22.11.2023 09:32:30,104,135,Śląskie,287,Nefrologia,2023/026200,Rezydencki,86.47,3.86,30.09.2023 21:58:59,2,NIE,,
j-2023,10,21.11.2023,22.11.2023 09:32:30,104,135,Śląskie,288,Nefrologia,2023/019653,Rezydencki,79.41,3.76,19.10.2023 13:46:08,2,NIE,,
j-2023,10,21.11.2023,22.11.2023 09:32:30,104,135,Śląskie,289,Nefrologia,2023/023272,Pozarezydencki,90.55,4.06,31.10.2023 08:55:22,1,NIE,,
j-2023,10,21.11.2023,22.11.2023 09:32:30,104,135,Śląskie,290,Nefrologia dziecięca,2023/028541,Rezydencki,84.78,4.06,18.10.2023 17:25:30,1,NIE,,
j-2023,10,21.11.2023,22.11.2023 09:32:30,104,135,Śląskie,291,Nefrologia dziecięca,2023/019302,Pozarezydencki,67.20,3.77,19.10.2023 18:50:51,1,NIE,,
j-2023,10,21.11.2023,22.11.2023 09:32:30,104,135,Śląskie,292,Neonatologia,2023/023271,Rezydencki,88.73,4.66,16.09.2023 11:25:06,1,NIE,,
j-2023,10,21.11.2023,22.11.2023 09:32:30,104,135,Śląskie,293,Neonatologia,2023/031049,Pozarezydencki,77.50,0.00,31.10.2023 15:51:50,1,NIE,,
j-2023,10,21.11.2023,22.11.2023 09:32:30,104,135,Śląskie,294,Neurochirurgia,2023/023553,Rezydencki,92.27,4.38,29.09.2023 14:06:04,4,NIE,,
j-2023,10,21.11.2023,22.11.2023 09:32:30,104,135,Śląskie,295,Neurochirurgia,2023/019237,Rezydencki,88.89,4.34,01.09.2023 00:21:45,4,NIE,,
j-2023,10,21.11.2023,22.11.2023 09:32:30,104,135,Śląskie,296,Neurochirurgia,2023/022004,Rezydencki,85.12,4.44,02.10.2023 23:42:27,4,NIE,,
j-2023,10,21.11.2023,22.11.2023 09:32:30,104,135,Śląskie,297,Neurochirurgia,2023/021698,Rezydencki,84.15,3.98,28.09.2023 18:45:11,4,NIE,,
j-2023,10,21.11.2023,22.11.2023 09:32:30,104,135,Śląskie,298,Neurologia,2023/026413,Rezydencki,88.48,4.57,21.10.2023 13:53:31,15,NIE,,
j-2023,10,21.11.2023,22.11.2023 09:32:30,104,135,Śląskie,299,Neurologia,2023/026711,Rezydencki,88.48,3.94,01.10.2023 20:05:34,15,NIE,,
j-2023,10,21.11.2023,22.11.2023 09:32:30,104,135,Śląskie,300,Neurologia,2023/030623,Rezydencki,87.92,4.52,02.10.2023 19:33:54,15,NIE,,
j-2023,10,21.11.2023,22.11.2023 09:32:30,104,135,Śląskie,301,Neurologia,2023/028413,Rezydencki,87.75,4.48,28.09.2023 19:04:09,15,NIE,,
j-2023,10,21.11.2023,22.11.2023 09:32:30,104,135,Śląskie,302,Neurologia,2023/024824,Rezydencki,87.44,4.57,25.09.2023 20:19:30,15,NIE,,
j-2023,10,21.11.2023,22.11.2023 09:32:30,104,135,Śląskie,303,Neurologia,2023/029304,Rezydencki,86.96,4.41,29.09.2023 23:03:16,15,NIE,,
j-2023,10,21.11.2023,22.11.2023 09:32:30,104,135,Śląskie,304,Neurologia,2023/025381,Rezydencki,86.34,4.07,18.10.2023 16:17:10,15,NIE,,
j-2023,10,21.11.2023,22.11.2023 09:32:30,104,135,Śląskie,305,Neurologia,2023/024544,Rezydencki,85.78,4.19,01.10.2023 14:25:28,15,NIE,,
j-2023,10,21.11.2023,22.11.2023 09:32:30,104,135,Śląskie,306,Neurologia,2023/019971,Rezydencki,84.80,4.21,07.09.2023 18:45:57,15,NIE,,
j-2023,10,21.11.2023,22.11.2023 09:32:30,104,135,Śląskie,307,Neurologia,2023/024205,Rezydencki,84.80,3.65,19.09.2023 20:58:27,15,NIE,,
j-2023,10,21.11.2023,22.11.2023 09:32:30,104,135,Śląskie,308,Neurologia,2023/021262,Rezydencki,84.39,4.05,30.09.2023 22:12:21,15,NIE,,
j-2023,10,21.11.2023,22.11.2023 09:32:30,104,135,Śląskie,309,Neurologia,2023/027543,Rezydencki,84.31,3.98,28.09.2023 15:06:40,15,NIE,,
j-2023,10,21.11.2023,22.11.2023 09:32:30,104,135,Śląskie,310,Neurologia,2023/019741,Rezydencki,84.06,4.03,20.10.2023 09:31:46,15,NIE,,
j-2023,10,21.11.2023,22.11.2023 09:32:30,104,135,Śląskie,311,Neurologia,2023/028651,Rezydencki,81.86,3.54,29.09.2023 22:09:05,15,NIE,,
j-2023,10,21.11.2023,22.11.2023 09:32:30,104,135,Śląskie,312,Neurologia,2023/026838,Rezydencki,80.88,3.75,26.09.2023 20:05:32,15,NIE,,
j-2023,10,21.11.2023,22.11.2023 09:32:30,104,135,Śląskie,313,Neurologia,2023/026873,Pozarezydencki,74.88,3.93,01.10.2023 11:16:48,1,NIE,,
j-2023,10,21.11.2023,22.11.2023 09:32:30,104,135,Śląskie,314,Neurologia dziecięca,2023/025636,Pozarezydencki,68.35,3.73,29.09.2023 00:11:19,1,NIE,,
j-2023,10,21.11.2023,22.11.2023 09:32:30,104,135,Śląskie,315,Okulistyka,2023/028439,Rezydencki,90.73,4.18,28.09.2023 19:28:25,16,NIE,,
j-2023,10,21.11.2023,22.11.2023 09:32:30,105,135,Śląskie,316,Okulistyka,2023/029966,Rezydencki,88.89,4.21,02.10.2023 21:59:53,16,NIE,,
j-2023,10,21.11.2023,22.11.2023 09:32:30,105,135,Śląskie,317,Okulistyka,2023/020842,Rezydencki,88.54,4.20,28.09.2023 17:42:35,16,NIE,,
j-2023,10,21.11.2023,22.11.2023 09:32:30,105,135,Śląskie,318,Okulistyka,2023/025806,Rezydencki,88.48,4.21,02.10.2023 20:53:23,16,NIE,,
j-2023,10,21.11.2023,22.11.2023 09:32:30,105,135,Śląskie,319,Okulistyka,2023/030585,Rezydencki,88.41,3.79,02.10.2023 22:22:15,16,NIE,,
j-2023,10,21.11.2023,22.11.2023 09:32:30,105,135,Śląskie,320,Okulistyka,2023/020778,Rezydencki,88.24,4.12,29.09.2023 13:51:00,16,NIE,,
j-2023,10,21.11.2023,22.11.2023 09:32:30,105,135,Śląskie,321,Okulistyka,2023/025642,Rezydencki,87.92,3.69,27.09.2023 18:19:54,16,NIE,,
j-2023,10,21.11.2023,22.11.2023 09:32:30,105,135,Śląskie,322,Okulistyka,2023/019840,Rezydencki,87.75,3.74,02.10.2023 11:03:51,16,NIE,,
j-2023,10,21.11.2023,22.11.2023 09:32:30,105,135,Śląskie,323,Okulistyka,2023/027480,Rezydencki,87.68,3.59,19.10.2023 11:45:14,16,NIE,,
j-2023,10,21.11.2023,22.11.2023 09:32:30,105,135,Śląskie,324,Okulistyka,2023/030772,Rezydencki,87.62,3.99,02.10.2023 18:15:33,16,NIE,,
j-2023,10,21.11.2023,22.11.2023 09:32:30,105,135,Śląskie,325,Okulistyka,2023/023397,Rezydencki,87.44,4.18,17.09.2023 12:06:07,16,NIE,,
j-2023,10,21.11.2023,22.11.2023 09:32:30,105,135,Śląskie,326,Okulistyka,2023/020711,Rezydencki,87.44,3.92,05.09.2023 11:43:20,16,NIE,,
j-2023,10,21.11.2023,22.11.2023 09:32:30,105,135,Śląskie,327,Okulistyka,2023/024264,Rezydencki,87.44,3.72,27.09.2023 01:00:56,16,NIE,,
j-2023,10,21.11.2023,22.11.2023 09:32:30,105,135,Śląskie,328,Okulistyka,2023/028522,Rezydencki,87.32,3.77,01.10.2023 23:24:49,16,NIE,,
j-2023,10,21.11.2023,22.11.2023 09:32:30,105,135,Śląskie,329,Okulistyka,2023/019293,Rezydencki,87.32,3.75,28.09.2023 20:57:04,16,NIE,,
j-2023,10,21.11.2023,22.11.2023 09:32:30,105,135,Śląskie,330,Okulistyka,2023/028725,Rezydencki,87.25,4.28,02.10.2023 23:30:29,16,NIE,,
j-2023,10,21.11.2023,22.11.2023 09:32:30,105,135,Śląskie,331,Onkologia i hematologia dziecięca,2023/019256,Rezydencki,80.68,3.63,21.10.2023 12:22:47,1,NIE,,
j-2023,10,21.11.2023,22.11.2023 09:32:30,105,135,Śląskie,332,Onkologia kliniczna,2023/025788,Rezydencki,91.67,4.59,26.09.2023 16:11:21,7,NIE,,
j-2023,10,21.11.2023,22.11.2023 09:32:30,105,135,Śląskie,333,Onkologia kliniczna,2023/024029,Rezydencki,86.52,4.22,26.09.2023 21:35:30,7,NIE,,
j-2023,10,21.11.2023,22.11.2023 09:32:30,105,135,Śląskie,334,Onkologia kliniczna,2023/030812,Rezydencki,84.54,3.66,02.10.2023 21:16:27,7,NIE,,
j-2023,10,21.11.2023,22.11.2023 09:32:30,105,135,Śląskie,335,Onkologia kliniczna,2023/021515,Rezydencki,83.09,3.62,29.09.2023 17:13:22,7,NIE,,
j-2023,10,21.11.2023,22.11.2023 09:32:30,105,135,Śląskie,336,Onkologia kliniczna,2023/030280,Rezydencki,81.95,4.05,02.10.2023 20:38:15,7,NIE,,
j-2023,10,21.11.2023,22.11.2023 09:32:30,105,135,Śląskie,337,Onkologia kliniczna,2023/030008,Rezydencki,75.12,4.03,01.10.2023 18:51:17,7,NIE,,
j-2023,10,21.11.2023,22.11.2023 09:32:30,105,135,Śląskie,338,Onkologia kliniczna,2023/031006,Rezydencki,75.00,3.42,02.10.2023 23:08:24,7,NIE,,
j-2023,10,21.11.2023,22.11.2023 09:32:30,105,135,Śląskie,339,Onkologia kliniczna,2023/022575,Pozarezydencki,80.00,4.04,21.09.2023 05:45:34,2,NIE,,
j-2023,10,21.11.2023,22.11.2023 09:32:30,105,135,Śląskie,340,Onkologia kliniczna,2023/028472,Pozarezydencki,73.36,4.30,24.10.2023 13:36:37,2,NIE,,
j-2023,10,21.11.2023,22.11.2023 09:32:30,105,135,Śląskie,341,Ortodoncja,2023/021136,Rezydencki,87.44,4.66,06.09.2023 16:43:43,5,NIE,,
j-2023,10,21.11.2023,22.11.2023 09:32:30,105,135,Śląskie,342,Ortodoncja,2023/022180,Rezydencki,86.60,4.59,10.10.2023 11:26:37,5,NIE,,
j-2023,10,21.11.2023,22.11.2023 09:32:30,105,135,Śląskie,343,Ortodoncja,2023/025627,Rezydencki,85.99,4.57,01.10.2023 20:06:29,5,NIE,,
j-2023,10,21.11.2023,22.11.2023 09:32:30,105,135,Śląskie,344,Ortodoncja,2023/019746,Rezydencki,85.92,4.25,18.09.2023 19:24:09,5,NIE,,
j-2023,10,21.11.2023,22.11.2023 09:32:30,105,135,Śląskie,345,Ortodoncja,2023/020664,Rezydencki,85.65,4.50,25.09.2023 17:42:16,5,NIE,,
j-2023,10,21.11.2023,22.11.2023 09:32:30,105,135,Śląskie,346,Ortodoncja,2023/029552,Pozarezydencki,84.55,0.00,22.10.2023 19:31:41,1,NIE,,
j-2023,10,21.11.2023,22.11.2023 09:32:30,105,135,Śląskie,347,Ortopedia i traumatologia narządu ruchu,2023/023814,Rezydencki,87.99,3.94,28.09.2023 15:33:22,8,NIE,,
j-2023,10,21.11.2023,22.11.2023 09:32:30,105,135,Śląskie,348,Ortopedia i traumatologia narządu ruchu,2023/025543,Rezydencki,87.92,4.13,25.10.2023 13:41:33,8,NIE,,
j-2023,10,21.11.2023,22.11.2023 09:32:30,105,135,Śląskie,349,Ortopedia i traumatologia narządu ruchu,2023/019690,Rezydencki,87.68,3.65,02.10.2023 10:30:40,8,NIE,,
j-2023,10,21.11.2023,22.11.2023 09:32:30,105,135,Śląskie,350,Ortopedia i traumatologia narządu ruchu,2023/019197,Rezydencki,87.25,3.83,08.09.2023 14:28:07,8,NIE,,
j-2023,10,21.11.2023,22.11.2023 09:32:30,105,135,Śląskie,351,Ortopedia i traumatologia narządu ruchu,2023/023258,Rezydencki,87.01,4.07,16.09.2023 09:46:06,8,NIE,,
j-2023,10,21.11.2023,22.11.2023 09:32:30,105,135,Śląskie,352,Ortopedia i traumatologia narządu ruchu,2023/026168,Rezydencki,86.76,4.13,02.10.2023 23:52:34,8,NIE,,
j-2023,10,21.11.2023,22.11.2023 09:32:30,105,135,Śląskie,353,Ortopedia i traumatologia narządu ruchu,2023/020891,Rezydencki,86.76,4.00,01.10.2023 10:15:40,8,NIE,,
j-2023,10,21.11.2023,22.11.2023 09:32:30,106,135,Śląskie,354,Ortopedia i traumatologia narządu ruchu,2023/028634,Rezydencki,86.34,3.63,23.10.2023 11:45:57,8,NIE,,
j-2023,10,21.11.2023,22.11.2023 09:32:30,106,135,Śląskie,355,Ortopedia i traumatologia narządu ruchu,2023/022724,Pozarezydencki,80.65,3.42,13.09.2023 18:29:11,3,NIE,,
j-2023,10,21.11.2023,22.11.2023 09:32:30,106,135,Śląskie,356,Ortopedia i traumatologia narządu ruchu,2023/028437,Pozarezydencki,75.81,3.09,28.09.2023 19:28:22,3,NIE,,
j-2023,10,21.11.2023,22.11.2023 09:32:30,106,135,Śląskie,357,Ortopedia i traumatologia narządu ruchu,2023/019858,Pozarezydencki,72.33,3.42,23.10.2023 01:07:18,3,NIE,,
j-2023,10,21.11.2023,22.11.2023 09:32:30,106,135,Śląskie,358,Otorynolaryngologia,2023/025272,Rezydencki,89.95,4.60,29.09.2023 21:00:06,2,NIE,,
j-2023,10,21.11.2023,22.11.2023 09:32:30,106,135,Śląskie,359,Otorynolaryngologia,2023/026339,Rezydencki,87.25,4.09,30.09.2023 17:13:42,2,NIE,,
j-2023,10,21.11.2023,22.11.2023 09:32:30,106,135,Śląskie,360,Patomorfologia,2023/022447,Rezydencki,90.20,4.40,02.10.2023 21:04:13,4,NIE,,
j-2023,10,21.11.2023,22.11.2023 09:32:30,106,135,Śląskie,361,Patomorfologia,2023/026184,Rezydencki,72.20,3.50,02.10.2023 21:22:41,4,NIE,,
j-2023,10,21.11.2023,22.11.2023 09:32:30,106,135,Śląskie,362,Patomorfologia,2023/022985,Rezydencki,71.50,3.50,02.10.2023 14:57:59,4,NIE,,
j-2023,10,21.11.2023,22.11.2023 09:32:30,106,135,Śląskie,363,Patomorfologia,2023/020274,Rezydencki,71.22,3.12,23.10.2023 18:52:48,4,NIE,,
j-2023,10,21.11.2023,22.11.2023 09:32:30,106,135,Śląskie,364,Patomorfologia,2023/024678,Pozarezydencki,66.82,3.93,19.10.2023 21:18:24,1,NIE,,
j-2023,10,21.11.2023,22.11.2023 09:32:30,106,135,Śląskie,365,Pediatria,2023/022758,Rezydencki,90.73,4.40,01.10.2023 14:48:04,30,NIE,,
j-2023,10,21.11.2023,22.11.2023 09:32:30,106,135,Śląskie,366,Pediatria,2023/019418,Rezydencki,90.69,4.71,04.09.2023 13:22:21,30,NIE,,
j-2023,10,21.11.2023,22.11.2023 09:32:30,106,135,Śląskie,367,Pediatria,2023/028569,Rezydencki,90.24,4.14,18.10.2023 16:08:04,30,NIE,,
j-2023,10,21.11.2023,22.11.2023 09:32:30,106,135,Śląskie,368,Pediatria,2023/030949,Rezydencki,89.51,4.56,02.10.2023 22:45:43,30,NIE,,
j-2023,10,21.11.2023,22.11.2023 09:32:30,106,135,Śląskie,369,Pediatria,2023/025702,Rezydencki,88.89,4.52,24.09.2023 21:32:57,30,NIE,,
j-2023,10,21.11.2023,22.11.2023 09:32:30,106,135,Śląskie,370,Pediatria,2023/024532,Rezydencki,88.89,4.03,26.10.2023 22:42:03,30,NIE,,
j-2023,10,21.11.2023,22.11.2023 09:32:30,106,135,Śląskie,371,Pediatria,2023/024103,Rezydencki,88.65,4.45,06.10.2023 12:43:48,30,NIE,,
j-2023,10,21.11.2023,22.11.2023 09:32:30,106,135,Śląskie,372,Pediatria,2023/025748,Rezydencki,88.29,3.67,02.10.2023 21:56:11,30,NIE,,
j-2023,10,21.11.2023,22.11.2023 09:32:30,106,135,Śląskie,373,Pediatria,2023/020853,Rezydencki,87.80,4.19,28.09.2023 10:34:07,30,NIE,,
j-2023,10,21.11.2023,22.11.2023 09:32:30,106,135,Śląskie,374,Pediatria,2023/019823,Rezydencki,87.44,3.62,30.09.2023 15:10:29,30,NIE,,
j-2023,10,21.11.2023,22.11.2023 09:32:30,106,135,Śląskie,375,Pediatria,2023/029133,Rezydencki,87.32,4.02,02.10.2023 14:46:09,30,NIE,,
j-2023,10,21.11.2023,22.11.2023 09:32:30,106,135,Śląskie,376,Pediatria,2023/029614,Rezydencki,87.32,3.65,02.10.2023 14:24:03,30,NIE,,
j-2023,10,21.11.2023,22.11.2023 09:32:30,106,135,Śląskie,377,Pediatria,2023/029404,Rezydencki,86.96,3.79,30.09.2023 11:15:27,30,NIE,,
j-2023,10,21.11.2023,22.11.2023 09:32:30,106,135,Śląskie,378,Pediatria,2023/019687,Rezydencki,86.83,4.21,29.09.2023 10:56:33,30,NIE,,
j-2023,10,21.11.2023,22.11.2023 09:32:30,106,135,Śląskie,379,Pediatria,2023/022942,Rezydencki,86.83,3.74,28.09.2023 10:01:54,30,NIE,,
j-2023,10,21.11.2023,22.11.2023 09:32:30,106,135,Śląskie,380,Pediatria,2023/025610,Rezydencki,86.83,3.61,02.10.2023 12:48:36,30,NIE,,
j-2023,10,21.11.2023,22.11.2023 09:32:30,106,135,Śląskie,381,Pediatria,2023/023569,Rezydencki,86.34,3.94,29.09.2023 17:18:33,30,NIE,,
j-2023,10,21.11.2023,22.11.2023 09:32:30,106,135,Śląskie,382,Pediatria,2023/029177,Rezydencki,85.99,4.45,29.09.2023 19:26:12,30,NIE,,
j-2023,10,21.11.2023,22.11.2023 09:32:30,106,135,Śląskie,383,Pediatria,2023/021903,Rezydencki,85.99,4.17,02.10.2023 21:05:21,30,NIE,,
j-2023,10,21.11.2023,22.11.2023 09:32:30,106,135,Śląskie,384,Pediatria,2023/027603,Rezydencki,85.78,3.92,27.09.2023 22:26:49,30,NIE,,
j-2023,10,21.11.2023,22.11.2023 09:32:30,106,135,Śląskie,385,Pediatria,2023/021480,Rezydencki,85.78,3.83,27.09.2023 17:04:18,30,NIE,,
j-2023,10,21.11.2023,22.11.2023 09:32:30,106,135,Śląskie,386,Pediatria,2023/023471,Rezydencki,84.31,4.02,17.09.2023 18:00:31,30,NIE,,
j-2023,10,21.11.2023,22.11.2023 09:32:30,106,135,Śląskie,387,Pediatria,2023/025645,Rezydencki,83.09,3.81,30.09.2023 08:15:24,30,NIE,,
j-2023,10,21.11.2023,22.11.2023 09:32:30,106,135,Śląskie,388,Pediatria,2023/029690,Rezydencki,82.93,3.53,30.09.2023 21:35:50,30,NIE,,
j-2023,10,21.11.2023,22.11.2023 09:32:30,106,135,Śląskie,389,Pediatria,2023/028685,Rezydencki,80.98,4.05,02.10.2023 23:18:54,30,NIE,,
j-2023,10,21.11.2023,22.11.2023 09:32:30,106,135,Śląskie,390,Pediatria,2023/029695,Rezydencki,80.49,4.45,02.10.2023 22:41:23,30,NIE,,
j-2023,10,21.11.2023,22.11.2023 09:32:30,106,135,Śląskie,391,Pediatria,2023/028683,Rezydencki,80.19,3.64,28.09.2023 22:59:34,30,NIE,,
j-2023,10,21.11.2023,22.11.2023 09:32:30,107,135,Śląskie,392,Pediatria,2023/027196,Rezydencki,80.19,3.27,29.09.2023 13:44:35,30,NIE,,
j-2023,10,21.11.2023,22.11.2023 09:32:30,107,135,Śląskie,393,Pediatria,2023/024374,Rezydencki,78.74,3.23,20.09.2023 12:56:21,30,NIE,,
j-2023,10,21.11.2023,22.11.2023 09:32:30,107,135,Śląskie,394,Pediatria,2023/026991,Rezydencki,66.11,3.94,27.09.2023 21:55:33,30,NIE,,
j-2023,10,21.11.2023,22.11.2023 09:32:30,107,135,Śląskie,395,Pediatria,2023/024841,Pozarezydencki,80.18,4.12,22.09.2023 16:15:45,2,NIE,,
j-2023,10,21.11.2023,22.11.2023 09:32:30,107,135,Śląskie,396,Pediatria,2023/030130,Pozarezydencki,74.32,0.00,28.10.2023 15:09:19,2,NIE,,
j-2023,10,21.11.2023,22.11.2023 09:32:30,107,135,Śląskie,397,Perinatologia,2023/024919,Pozarezydencki,80.00,3.77,30.10.2023 21:41:28,1,NIE,,
j-2023,10,21.11.2023,22.11.2023 09:32:30,107,135,Śląskie,398,Periodontologia,2023/029228,Rezydencki,84.69,4.10,29.09.2023 21:08:20,2,NIE,,
j-2023,10,21.11.2023,22.11.2023 09:32:30,107,135,Śląskie,399,Periodontologia,2023/021055,Rezydencki,83.57,4.28,20.09.2023 08:53:09,2,NIE,,
j-2023,10,21.11.2023,22.11.2023 09:32:30,107,135,Śląskie,400,Położnictwo i ginekologia,2023/029684,Rezydencki,91.30,4.35,02.10.2023 22:15:53,29,NIE,,
j-2023,10,21.11.2023,22.11.2023 09:32:30,107,135,Śląskie,401,Położnictwo i ginekologia,2023/019779,Rezydencki,90.58,3.82,05.09.2023 10:29:13,29,NIE,,
j-2023,10,21.11.2023,22.11.2023 09:32:30,107,135,Śląskie,402,Położnictwo i ginekologia,2023/029955,Rezydencki,89.71,4.57,02.10.2023 23:35:06,29,NIE,,
j-2023,10,21.11.2023,22.11.2023 09:32:30,107,135,Śląskie,403,Położnictwo i ginekologia,2023/020143,Rezydencki,89.51,4.57,28.09.2023 16:37:32,29,NIE,,
j-2023,10,21.11.2023,22.11.2023 09:32:30,107,135,Śląskie,404,Położnictwo i ginekologia,2023/027563,Rezydencki,89.22,4.10,27.09.2023 20:24:42,29,NIE,,
j-2023,10,21.11.2023,22.11.2023 09:32:30,107,135,Śląskie,405,Położnictwo i ginekologia,2023/025264,Rezydencki,88.97,4.37,25.09.2023 19:25:18,29,NIE,,
j-2023,10,21.11.2023,22.11.2023 09:32:30,107,135,Śląskie,406,Położnictwo i ginekologia,2023/019700,Rezydencki,87.20,3.74,01.09.2023 13:56:17,29,NIE,,
j-2023,10,21.11.2023,22.11.2023 09:32:30,107,135,Śląskie,407,Położnictwo i ginekologia,2023/023773,Rezydencki,87.01,4.02,25.09.2023 14:16:09,29,NIE,,
j-2023,10,21.11.2023,22.11.2023 09:32:30,107,135,Śląskie,408,Położnictwo i ginekologia,2023/028427,Rezydencki,86.83,3.65,18.10.2023 14:04:14,29,NIE,,
j-2023,10,21.11.2023,22.11.2023 09:32:30,107,135,Śląskie,409,Położnictwo i ginekologia,2023/024900,Rezydencki,86.83,3.46,30.09.2023 10:19:41,29,NIE,,
j-2023,10,21.11.2023,22.11.2023 09:32:30,107,135,Śląskie,410,Położnictwo i ginekologia,2023/023721,Rezydencki,86.76,3.79,29.09.2023 12:19:51,29,NIE,,
j-2023,10,21.11.2023,22.11.2023 09:32:30,107,135,Śląskie,411,Położnictwo i ginekologia,2023/029549,Rezydencki,86.47,4.00,02.10.2023 11:30:01,29,NIE,,
j-2023,10,21.11.2023,22.11.2023 09:32:30,107,135,Śląskie,412,Położnictwo i ginekologia,2023/024540,Rezydencki,86.27,3.42,29.09.2023 16:49:02,29,NIE,,
j-2023,10,21.11.2023,22.11.2023 09:32:30,107,135,Śląskie,413,Położnictwo i ginekologia,2023/026976,Rezydencki,86.23,4.00,27.09.2023 21:31:25,29,NIE,,
j-2023,10,21.11.2023,22.11.2023 09:32:30,107,135,Śląskie,414,Położnictwo i ginekologia,2023/025631,Rezydencki,86.10,4.36,30.09.2023 21:30:44,29,NIE,,
j-2023,10,21.11.2023,22.11.2023 09:32:30,107,135,Śląskie,415,Położnictwo i ginekologia,2023/019844,Rezydencki,85.78,3.78,18.10.2023 10:29:55,29,NIE,,
j-2023,10,21.11.2023,22.11.2023 09:32:30,107,135,Śląskie,416,Położnictwo i ginekologia,2023/019216,Rezydencki,85.75,4.16,24.09.2023 17:50:37,29,NIE,,
j-2023,10,21.11.2023,22.11.2023 09:32:30,107,135,Śląskie,417,Położnictwo i ginekologia,2023/027757,Rezydencki,85.51,3.92,27.09.2023 23:28:13,29,NIE,,
j-2023,10,21.11.2023,22.11.2023 09:32:30,107,135,Śląskie,418,Położnictwo i ginekologia,2023/019352,Rezydencki,85.51,3.74,27.09.2023 22:01:31,29,NIE,,
j-2023,10,21.11.2023,22.11.2023 09:32:30,107,135,Śląskie,419,Położnictwo i ginekologia,2023/021230,Rezydencki,85.51,3.49,01.10.2023 20:46:59,29,NIE,,
j-2023,10,21.11.2023,22.11.2023 09:32:30,107,135,Śląskie,420,Położnictwo i ginekologia,2023/028926,Rezydencki,85.37,3.65,29.09.2023 13:25:59,29,NIE,,
j-2023,10,21.11.2023,22.11.2023 09:32:30,107,135,Śląskie,421,Położnictwo i ginekologia,2023/024537,Rezydencki,84.88,4.36,20.09.2023 20:52:33,29,NIE,,
j-2023,10,21.11.2023,22.11.2023 09:32:30,107,135,Śląskie,422,Położnictwo i ginekologia,2023/028490,Rezydencki,84.88,3.87,28.09.2023 20:57:50,29,NIE,,
j-2023,10,21.11.2023,22.11.2023 09:32:30,107,135,Śląskie,423,Położnictwo i ginekologia,2023/024548,Rezydencki,84.54,3.14,25.09.2023 19:34:19,29,NIE,,
j-2023,10,21.11.2023,22.11.2023 09:32:30,107,135,Śląskie,424,Położnictwo i ginekologia,2023/029018,Rezydencki,84.39,3.69,30.09.2023 21:18:43,29,NIE,,
j-2023,10,21.11.2023,22.11.2023 09:32:30,107,135,Śląskie,425,Położnictwo i ginekologia,2023/026551,Rezydencki,84.06,3.88,18.10.2023 14:52:03,29,NIE,,
j-2023,10,21.11.2023,22.11.2023 09:32:30,107,135,Śląskie,426,Położnictwo i ginekologia,2023/026104,Rezydencki,84.06,3.65,01.10.2023 17:45:24,29,NIE,,
j-2023,10,21.11.2023,22.11.2023 09:32:30,107,135,Śląskie,427,Położnictwo i ginekologia,2023/019214,Rezydencki,83.90,4.02,28.09.2023 21:23:57,29,NIE,,
j-2023,10,21.11.2023,22.11.2023 09:32:30,107,135,Śląskie,428,Położnictwo i ginekologia,2023/025665,Rezydencki,83.82,3.71,24.09.2023 20:51:00,29,NIE,,
j-2023,10,21.11.2023,22.11.2023 09:32:30,107,135,Śląskie,429,Położnictwo i ginekologia,2023/025122,Pozarezydencki,75.12,3.74,25.10.2023 15:43:08,3,NIE,,
j-2023,10,21.11.2023,22.11.2023 09:32:30,108,135,Śląskie,430,Położnictwo i ginekologia,2023/029701,Pozarezydencki,69.77,3.09,01.10.2023 21:25:25,3,NIE,,
j-2023,10,21.11.2023,22.11.2023 09:32:30,108,135,Śląskie,431,Położnictwo i ginekologia,2023/025270,Pozarezydencki,54.42,2.95,28.09.2023 19:23:29,3,NIE,,
j-2023,10,21.11.2023,22.11.2023 09:32:30,108,135,Śląskie,432,Protetyka stomatologiczna,2023/020254,Rezydencki,85.51,3.91,18.10.2023 18:52:53,3,NIE,,
j-2023,10,21.11.2023,22.11.2023 09:32:30,108,135,Śląskie,433,Protetyka stomatologiczna,2023/029235,Rezydencki,84.29,4.58,18.10.2023 09:55:56,3,NIE,,
j-2023,10,21.11.2023,22.11.2023 09:32:30,108,135,Śląskie,434,Protetyka stomatologiczna,2023/027479,Rezydencki,84.29,4.31,21.10.2023 22:35:03,3,NIE,,
j-2023,10,21.11.2023,22.11.2023 09:32:30,108,135,Śląskie,435,Protetyka stomatologiczna,2023/020888,Pozarezydencki,78.18,4.14,05.09.2023 21:08:30,1,NIE,,
j-2023,10,21.11.2023,22.11.2023 09:32:30,108,135,Śląskie,436,Psychiatria,2023/023211,Rezydencki,88.89,4.06,18.09.2023 17:40:09,30,NIE,,
j-2023,10,21.11.2023,22.11.2023 09:32:30,108,135,Śląskie,437,Psychiatria,2023/029624,Rezydencki,88.29,4.33,01.10.2023 23:25:10,30,NIE,,
j-2023,10,21.11.2023,22.11.2023 09:32:30,108,135,Śląskie,438,Psychiatria,2023/027996,Rezydencki,88.29,3.79,19.10.2023 16:03:47,30,NIE,,
j-2023,10,21.11.2023,22.11.2023 09:32:30,108,135,Śląskie,439,Psychiatria,2023/019265,Rezydencki,87.92,3.83,01.09.2023 00:33:49,30,NIE,,
j-2023,10,21.11.2023,22.11.2023 09:32:30,108,135,Śląskie,440,Psychiatria,2023/030913,Rezydencki,86.83,4.34,02.10.2023 20:35:16,30,NIE,,
j-2023,10,21.11.2023,22.11.2023 09:32:30,108,135,Śląskie,441,Psychiatria,2023/019310,Rezydencki,86.76,4.00,04.09.2023 20:52:53,30,NIE,,
j-2023,10,21.11.2023,22.11.2023 09:32:30,108,135,Śląskie,442,Psychiatria,2023/025278,Rezydencki,86.71,4.62,23.09.2023 19:10:53,30,NIE,,
j-2023,10,21.11.2023,22.11.2023 09:32:30,108,135,Śląskie,443,Psychiatria,2023/030643,Rezydencki,86.47,4.07,02.10.2023 16:24:27,30,NIE,,
j-2023,10,21.11.2023,22.11.2023 09:32:30,108,135,Śląskie,444,Psychiatria,2023/026957,Rezydencki,86.47,4.03,26.09.2023 22:36:17,30,NIE,,
j-2023,10,21.11.2023,22.11.2023 09:32:30,108,135,Śląskie,445,Psychiatria,2023/023381,Rezydencki,86.27,3.81,24.09.2023 23:18:10,30,NIE,,
j-2023,10,21.11.2023,22.11.2023 09:32:30,108,135,Śląskie,446,Psychiatria,2023/026585,Rezydencki,85.99,3.21,26.09.2023 13:26:23,30,NIE,,
j-2023,10,21.11.2023,22.11.2023 09:32:30,108,135,Śląskie,447,Psychiatria,2023/027445,Rezydencki,85.78,3.98,02.10.2023 23:16:18,30,NIE,,
j-2023,10,21.11.2023,22.11.2023 09:32:30,108,135,Śląskie,448,Psychiatria,2023/029890,Rezydencki,85.37,3.68,01.10.2023 13:50:01,30,NIE,,
j-2023,10,21.11.2023,22.11.2023 09:32:30,108,135,Śląskie,449,Psychiatria,2023/023026,Rezydencki,85.02,3.84,15.09.2023 00:32:21,30,NIE,,
j-2023,10,21.11.2023,22.11.2023 09:32:30,108,135,Śląskie,450,Psychiatria,2023/024121,Rezydencki,85.02,3.56,27.09.2023 21:12:57,30,NIE,,
j-2023,10,21.11.2023,22.11.2023 09:32:30,108,135,Śląskie,451,Psychiatria,2023/019767,Rezydencki,84.06,3.82,12.09.2023 15:38:13,30,NIE,,
j-2023,10,21.11.2023,22.11.2023 09:32:30,108,135,Śląskie,452,Psychiatria,2023/030910,Rezydencki,83.82,4.02,24.10.2023 13:24:21,30,NIE,,
j-2023,10,21.11.2023,22.11.2023 09:32:30,108,135,Śląskie,453,Psychiatria,2023/019877,Rezydencki,83.57,4.21,07.09.2023 14:34:04,30,NIE,,
j-2023,10,21.11.2023,22.11.2023 09:32:30,108,135,Śląskie,454,Psychiatria,2023/028404,Rezydencki,83.09,3.71,30.09.2023 18:37:20,30,NIE,,
j-2023,10,21.11.2023,22.11.2023 09:32:30,108,135,Śląskie,455,Psychiatria,2023/026170,Rezydencki,83.09,3.70,28.09.2023 20:59:39,30,NIE,,
j-2023,10,21.11.2023,22.11.2023 09:32:30,108,135,Śląskie,456,Psychiatria,2023/021508,Rezydencki,82.61,3.57,26.10.2023 13:07:06,30,NIE,,
j-2023,10,21.11.2023,22.11.2023 09:32:30,108,135,Śląskie,457,Psychiatria,2023/028718,Rezydencki,82.60,3.56,25.10.2023 15:46:49,30,NIE,,
j-2023,10,21.11.2023,22.11.2023 09:32:30,108,135,Śląskie,458,Psychiatria,2023/029908,Rezydencki,82.44,3.13,01.10.2023 14:45:05,30,NIE,,
j-2023,10,21.11.2023,22.11.2023 09:32:30,108,135,Śląskie,459,Psychiatria,2023/030444,Rezydencki,81.95,3.16,02.10.2023 21:32:18,30,NIE,,
j-2023,10,21.11.2023,22.11.2023 09:32:30,108,135,Śląskie,460,Psychiatria,2023/027326,Rezydencki,80.00,3.44,02.10.2023 01:07:23,30,NIE,,
j-2023,10,21.11.2023,22.11.2023 09:32:30,108,135,Śląskie,461,Psychiatria,2023/020615,Rezydencki,80.00,2.97,18.10.2023 15:37:33,30,NIE,,
j-2023,10,21.11.2023,22.11.2023 09:32:30,108,135,Śląskie,462,Psychiatria,2023/028747,Rezydencki,79.51,3.41,10.10.2023 01:37:44,30,NIE,,
j-2023,10,21.11.2023,22.11.2023 09:32:30,108,135,Śląskie,463,Psychiatria,2023/021943,Rezydencki,79.23,3.88,10.09.2023 19:56:25,30,NIE,,
j-2023,10,21.11.2023,22.11.2023 09:32:30,108,135,Śląskie,464,Psychiatria,2023/030400,Rezydencki,79.02,3.64,02.10.2023 11:16:47,30,NIE,,
j-2023,10,21.11.2023,22.11.2023 09:32:30,108,135,Śląskie,465,Psychiatria,2023/024762,Rezydencki,78.74,3.63,01.10.2023 21:02:20,30,NIE,,
j-2023,10,21.11.2023,22.11.2023 09:32:30,108,135,Śląskie,466,Psychiatria,2023/024970,Pozarezydencki,52.73,4.08,22.09.2023 12:24:14,1,NIE,,
j-2023,10,21.11.2023,22.11.2023 09:32:30,108,135,Śląskie,467,Psychiatria dzieci i młodzieży,2023/019334,Rezydencki,85.78,3.60,01.09.2023 18:47:43,4,NIE,,
j-2023,10,21.11.2023,22.11.2023 09:32:30,109,135,Śląskie,468,Psychiatria dzieci i młodzieży,2023/019794,Rezydencki,83.33,3.45,29.09.2023 18:25:09,4,NIE,,
j-2023,10,21.11.2023,22.11.2023 09:32:30,109,135,Śląskie,469,Psychiatria dzieci i młodzieży,2023/029103,Rezydencki,82.93,3.48,01.10.2023 07:51:01,4,NIE,,
j-2023,10,21.11.2023,22.11.2023 09:32:30,109,135,Śląskie,470,Psychiatria dzieci i młodzieży,2023/026066,Rezydencki,78.74,4.22,25.09.2023 16:34:15,4,NIE,,
j-2023,10,21.11.2023,22.11.2023 09:32:30,109,135,Śląskie,471,Radiologia i diagnostyka obrazowa,2023/028465,Rezydencki,92.16,4.39,18.10.2023 16:26:46,15,NIE,,
j-2023,10,21.11.2023,22.11.2023 09:32:30,109,135,Śląskie,472,Radiologia i diagnostyka obrazowa,2023/023534,Rezydencki,91.22,4.50,29.09.2023 11:58:14,15,NIE,,
j-2023,10,21.11.2023,22.11.2023 09:32:30,109,135,Śląskie,473,Radiologia i diagnostyka obrazowa,2023/019233,Rezydencki,90.82,4.24,13.09.2023 12:18:17,15,NIE,,
j-2023,10,21.11.2023,22.11.2023 09:32:30,109,135,Śląskie,474,Radiologia i diagnostyka obrazowa,2023/028508,Rezydencki,90.69,3.92,18.10.2023 14:23:30,15,NIE,,
j-2023,10,21.11.2023,22.11.2023 09:32:30,109,135,Śląskie,475,Radiologia i diagnostyka obrazowa,2023/030034,Rezydencki,90.24,4.38,01.10.2023 19:20:04,15,NIE,,
j-2023,10,21.11.2023,22.11.2023 09:32:30,109,135,Śląskie,476,Radiologia i diagnostyka obrazowa,2023/025630,Rezydencki,90.00,4.20,02.10.2023 18:14:19,15,NIE,,
j-2023,10,21.11.2023,22.11.2023 09:32:30,109,135,Śląskie,477,Radiologia i diagnostyka obrazowa,2023/023536,Rezydencki,89.86,4.18,17.09.2023 21:31:27,15,NIE,,
j-2023,10,21.11.2023,22.11.2023 09:32:30,109,135,Śląskie,478,Radiologia i diagnostyka obrazowa,2023/022961,Rezydencki,89.22,4.22,02.10.2023 20:52:13,15,NIE,,
j-2023,10,21.11.2023,22.11.2023 09:32:30,109,135,Śląskie,479,Radiologia i diagnostyka obrazowa,2023/022598,Rezydencki,88.78,4.44,02.10.2023 21:26:59,15,NIE,,
j-2023,10,21.11.2023,22.11.2023 09:32:30,109,135,Śląskie,480,Radiologia i diagnostyka obrazowa,2023/024551,Rezydencki,88.73,4.15,20.09.2023 21:31:01,15,NIE,,
j-2023,10,21.11.2023,22.11.2023 09:32:30,109,135,Śląskie,481,Radiologia i diagnostyka obrazowa,2023/019545,Rezydencki,88.41,4.14,01.09.2023 14:09:42,15,NIE,,
j-2023,10,21.11.2023,22.11.2023 09:32:30,109,135,Śląskie,482,Radiologia i diagnostyka obrazowa,2023/030950,Rezydencki,87.75,4.50,02.10.2023 23:55:17,15,NIE,,
j-2023,10,21.11.2023,22.11.2023 09:32:30,109,135,Śląskie,483,Radiologia i diagnostyka obrazowa,2023/030223,Rezydencki,87.56,3.92,02.10.2023 22:27:00,15,NIE,,
j-2023,10,21.11.2023,22.11.2023 09:32:30,109,135,Śląskie,484,Radiologia i diagnostyka obrazowa,2023/030811,Rezydencki,87.44,3.94,02.10.2023 21:40:35,15,NIE,,
j-2023,10,21.11.2023,22.11.2023 09:32:30,109,135,Śląskie,485,Radiologia i diagnostyka obrazowa,2023/030043,Rezydencki,87.32,3.67,02.10.2023 09:46:04,15,NIE,,
j-2023,10,21.11.2023,22.11.2023 09:32:30,109,135,Śląskie,486,Radiologia i diagnostyka obrazowa,2023/025768,Pozarezydencki,82.79,4.53,02.10.2023 14:07:41,18,NIE,,
j-2023,10,21.11.2023,22.11.2023 09:32:30,109,135,Śląskie,487,Radiologia i diagnostyka obrazowa,2023/028549,Pozarezydencki,82.56,3.98,28.09.2023 22:01:35,18,NIE,,
j-2023,10,21.11.2023,22.11.2023 09:32:30,109,135,Śląskie,488,Radiologia i diagnostyka obrazowa,2023/025775,Pozarezydencki,82.33,3.82,24.10.2023 21:38:25,18,NIE,,
j-2023,10,21.11.2023,22.11.2023 09:32:30,109,135,Śląskie,489,Radiologia i diagnostyka obrazowa,2023/030020,Pozarezydencki,82.24,3.80,02.10.2023 20:25:31,18,NIE,,
j-2023,10,21.11.2023,22.11.2023 09:32:30,109,135,Śląskie,490,Radiologia i diagnostyka obrazowa,2023/025704,Pozarezydencki,81.57,4.23,18.10.2023 19:23:09,18,NIE,,
j-2023,10,21.11.2023,22.11.2023 09:32:30,109,135,Śląskie,491,Radiologia i diagnostyka obrazowa,2023/022172,Pozarezydencki,81.11,4.32,12.10.2023 15:49:50,18,NIE,,
j-2023,10,21.11.2023,22.11.2023 09:32:30,109,135,Śląskie,492,Radiologia i diagnostyka obrazowa,2023/022992,Pozarezydencki,81.11,3.80,11.10.2023 12:25:59,18,NIE,,
j-2023,10,21.11.2023,22.11.2023 09:32:30,109,135,Śląskie,493,Radiologia i diagnostyka obrazowa,2023/028959,Pozarezydencki,80.93,3.95,23.10.2023 13:02:40,18,NIE,,
j-2023,10,21.11.2023,22.11.2023 09:32:30,109,135,Śląskie,494,Radiologia i diagnostyka obrazowa,2023/028696,Pozarezydencki,80.65,3.75,24.10.2023 15:10:47,18,NIE,,
j-2023,10,21.11.2023,22.11.2023 09:32:30,109,135,Śląskie,495,Radiologia i diagnostyka obrazowa,2023/027166,Pozarezydencki,80.37,3.81,29.09.2023 13:43:34,18,NIE,,
j-2023,10,21.11.2023,22.11.2023 09:32:30,109,135,Śląskie,496,Radiologia i diagnostyka obrazowa,2023/028684,Pozarezydencki,80.00,3.62,28.10.2023 10:23:50,18,NIE,,
j-2023,10,21.11.2023,22.11.2023 09:32:30,109,135,Śląskie,497,Radiologia i diagnostyka obrazowa,2023/027491,Pozarezydencki,79.91,3.12,01.10.2023 13:59:42,18,NIE,,
j-2023,10,21.11.2023,22.11.2023 09:32:30,109,135,Śląskie,498,Radiologia i diagnostyka obrazowa,2023/028324,Pozarezydencki,79.77,3.95,02.10.2023 15:43:43,18,NIE,,
j-2023,10,21.11.2023,22.11.2023 09:32:30,109,135,Śląskie,499,Radiologia i diagnostyka obrazowa,2023/031099,Pozarezydencki,79.07,3.94,02.10.2023 22:54:22,18,NIE,,
j-2023,10,21.11.2023,22.11.2023 09:32:30,109,135,Śląskie,500,Radiologia i diagnostyka obrazowa,2023/030484,Pozarezydencki,79.07,3.47,02.10.2023 21:56:05,18,NIE,,
j-2023,10,21.11.2023,22.11.2023 09:32:30,109,135,Śląskie,501,Radiologia i diagnostyka obrazowa,2023/028813,Pozarezydencki,78.60,3.81,18.10.2023 15:54:13,18,NIE,,
j-2023,10,21.11.2023,22.11.2023 09:32:30,109,135,Śląskie,502,Radiologia i diagnostyka obrazowa,2023/028735,Pozarezydencki,77.67,3.42,02.10.2023 22:18:27,18,NIE,,
j-2023,10,21.11.2023,22.11.2023 09:32:30,109,135,Śląskie,503,Radiologia i diagnostyka obrazowa,2023/023523,Pozarezydencki,76.61,4.01,19.10.2023 22:09:17,18,NIE,,
j-2023,10,21.11.2023,22.11.2023 09:32:30,109,135,Śląskie,504,Radioterapia onkologiczna,2023/019331,Rezydencki,86.96,4.31,01.09.2023 06:20:01,5,NIE,,
j-2023,10,21.11.2023,22.11.2023 09:32:30,109,135,Śląskie,505,Radioterapia onkologiczna,2023/020511,Rezydencki,86.47,4.23,11.09.2023 21:21:53,5,NIE,,
j-2023,10,21.11.2023,22.11.2023 09:32:30,110,135,Śląskie,506,Radioterapia onkologiczna,2023/021451,Rezydencki,81.95,3.96,28.09.2023 20:37:35,5,NIE,,
j-2023,10,21.11.2023,22.11.2023 09:32:30,110,135,Śląskie,507,Radioterapia onkologiczna,2023/027548,Rezydencki,80.98,0.00,02.10.2023 20:16:47,5,NIE,,
j-2023,10,21.11.2023,22.11.2023 09:32:30,110,135,Śląskie,508,Radioterapia onkologiczna,2023/026613,Rezydencki,78.99,3.57,26.09.2023 13:37:29,5,NIE,,
j-2023,10,21.11.2023,22.11.2023 09:32:30,110,135,Śląskie,509,Radioterapia onkologiczna,2023/023326,Pozarezydencki,65.09,3.19,28.10.2023 12:54:05,2,NIE,,
j-2023,10,21.11.2023,22.11.2023 09:32:30,110,135,Śląskie,510,Radioterapia onkologiczna,2023/020293,Pozarezydencki,62.39,4.32,29.09.2023 12:36:24,2,NIE,,
j-2023,10,21.11.2023,22.11.2023 09:32:30,110,135,Śląskie,511,Rehabilitacja medyczna,2023/025804,Rezydencki,82.93,4.46,01.10.2023 00:29:00,2,NIE,,
j-2023,10,21.11.2023,22.11.2023 09:32:30,110,135,Śląskie,512,Rehabilitacja medyczna,2023/023204,Rezydencki,62.32,3.59,20.10.2023 10:02:40,2,NIE,,
j-2023,10,21.11.2023,22.11.2023 09:32:30,110,135,Śląskie,513,Rehabilitacja medyczna,2023/020802,Pozarezydencki,78.70,4.39,30.10.2023 17:10:32,4,NIE,,
j-2023,10,21.11.2023,22.11.2023 09:32:30,110,135,Śląskie,514,Rehabilitacja medyczna,2023/031100,Pozarezydencki,74.07,3.81,29.10.2023 13:48:21,4,NIE,,
j-2023,10,21.11.2023,22.11.2023 09:32:30,110,135,Śląskie,515,Rehabilitacja medyczna,2023/025635,Pozarezydencki,62.21,3.96,26.10.2023 12:07:23,4,NIE,,
j-2023,10,21.11.2023,22.11.2023 09:32:30,110,135,Śląskie,516,Rehabilitacja medyczna,2023/027155,Pozarezydencki,53.21,3.19,19.10.2023 22:16:24,4,NIE,,
j-2023,10,21.11.2023,22.11.2023 09:32:30,110,135,Śląskie,517,Reumatologia,2023/022988,Rezydencki,91.18,4.63,26.09.2023 21:28:50,3,NIE,,
j-2023,10,21.11.2023,22.11.2023 09:32:30,110,135,Śląskie,518,Reumatologia,2023/019249,Rezydencki,90.69,4.30,01.09.2023 00:25:54,3,NIE,,
j-2023,10,21.11.2023,22.11.2023 09:32:30,110,135,Śląskie,519,Reumatologia,2023/030539,Rezydencki,90.69,3.80,02.10.2023 21:44:57,3,NIE,,
j-2023,10,21.11.2023,22.11.2023 09:32:30,110,135,Śląskie,520,Reumatologia,2023/021917,Pozarezydencki,81.11,3.34,18.10.2023 16:54:42,2,NIE,,
j-2023,10,21.11.2023,22.11.2023 09:32:30,110,135,Śląskie,521,Reumatologia,2023/029647,Pozarezydencki,69.50,4.10,28.10.2023 08:40:20,2,NIE,,
j-2023,10,21.11.2023,22.11.2023 09:32:30,110,135,Śląskie,522,Seksuologia,2023/024834,Pozarezydencki,82.27,3.56,12.10.2023 09:00:01,1,NIE,,
j-2023,10,21.11.2023,22.11.2023 09:32:30,110,135,Śląskie,523,Stomatologia dziecięca,2023/025507,Rezydencki,83.33,4.27,27.10.2023 11:45:00,3,NIE,,
j-2023,10,21.11.2023,22.11.2023 09:32:30,110,135,Śląskie,524,Stomatologia dziecięca,2023/019626,Rezydencki,83.33,3.54,01.09.2023 12:25:26,3,NIE,,
j-2023,10,21.11.2023,22.11.2023 09:32:30,110,135,Śląskie,525,Stomatologia dziecięca,2023/021848,Rezydencki,81.82,4.07,24.10.2023 14:57:43,3,NIE,,
j-2023,10,21.11.2023,22.11.2023 09:32:30,110,135,Śląskie,526,Stomatologia zachowawcza z endodoncją,2023/029636,Rezydencki,80.95,4.32,26.10.2023 12:46:16,4,NIE,,
j-2023,10,21.11.2023,22.11.2023 09:32:30,110,135,Śląskie,527,Stomatologia zachowawcza z endodoncją,2023/026504,Rezydencki,80.77,3.91,21.10.2023 22:40:15,4,NIE,,
j-2023,10,21.11.2023,22.11.2023 09:32:30,110,135,Śląskie,528,Stomatologia zachowawcza z endodoncją,2023/031108,Rezydencki,73.33,0.00,26.10.2023 14:11:53,4,NIE,,
j-2023,10,21.11.2023,22.11.2023 09:32:30,110,135,Śląskie,529,Stomatologia zachowawcza z endodoncją,2023/025238,Rezydencki,63.64,3.64,23.10.2023 10:11:23,4,NIE,,
j-2023,10,21.11.2023,22.11.2023 09:32:30,110,135,Śląskie,530,Transfuzjologia kliniczna,2023/026191,Pozarezydencki,75.45,0.00,18.10.2023 21:13:10,1,NIE,,
j-2023,10,21.11.2023,22.11.2023 09:32:30,110,135,Śląskie,531,Transplantologia kliniczna,2023/025246,Pozarezydencki,80.23,3.75,20.10.2023 20:56:10,3,NIE,,
j-2023,10,21.11.2023,22.11.2023 09:32:30,110,135,Śląskie,532,Transplantologia kliniczna,2023/019631,Pozarezydencki,80.00,4.55,23.10.2023 15:37:02,3,NIE,,
j-2023,10,21.11.2023,22.11.2023 09:32:30,110,135,Śląskie,533,Transplantologia kliniczna,2023/028911,Pozarezydencki,78.90,3.08,30.10.2023 11:25:38,3,NIE,,
j-2023,10,21.11.2023,22.11.2023 09:32:30,110,135,Śląskie,534,Urologia,2023/021704,Rezydencki,91.71,4.22,28.09.2023 14:47:24,8,NIE,,
j-2023,10,21.11.2023,22.11.2023 09:32:30,110,135,Śląskie,535,Urologia,2023/029373,Rezydencki,90.73,3.89,30.09.2023 09:15:16,8,NIE,,
j-2023,10,21.11.2023,22.11.2023 09:32:30,110,135,Śląskie,536,Urologia,2023/022533,Rezydencki,90.34,4.45,15.09.2023 22:40:37,8,NIE,,
j-2023,10,21.11.2023,22.11.2023 09:32:30,110,135,Śląskie,537,Urologia,2023/030452,Rezydencki,90.24,4.15,02.10.2023 21:19:07,8,NIE,,
j-2023,10,21.11.2023,22.11.2023 09:32:30,110,135,Śląskie,538,Urologia,2023/019263,Rezydencki,89.76,4.18,28.09.2023 20:22:30,8,NIE,,
j-2023,10,21.11.2023,22.11.2023 09:32:30,110,135,Śląskie,539,Urologia,2023/024140,Rezydencki,89.61,4.50,29.09.2023 22:51:05,8,NIE,,
j-2023,10,21.11.2023,22.11.2023 09:32:30,110,135,Śląskie,540,Urologia,2023/019338,Rezydencki,88.73,3.97,25.09.2023 21:01:39,8,NIE,,
j-2023,10,21.11.2023,22.11.2023 09:32:30,110,135,Śląskie,541,Urologia,2023/030358,Rezydencki,88.73,3.95,02.10.2023 09:53:22,8,NIE,,
j-2023,10,21.11.2023,22.11.2023 09:32:30,111,135,Śląskie,1,Psychiatria dzieci i młodzieży,2023/020982,Rezydencki,86.23,3.97,06.09.2023 11:01:07,1,TAK,CENTRUM ZDROWIA DZIECKA I RODZINY IM. JANA PAWŁA II W SOSNOWCU SPÓŁKA Z OGRANICZONĄ ODPOWIEDZIALNOŚCIĄ,"Oddział Kliniczny Psychiatrii i Psychoterapii Wieku Rozwojowego, Poradnia zdrowia psychicznego dla dzieci"
j-2023,10,21.11.2023,22.11.2023 09:32:30,111,135,Śląskie,1,Kardiologia,2023/020892,Rezydencki,91.06,4.91,12.09.2023 16:45:50,2,TAK,Górnośląskie Centrum Medyczne im. prof. Leszka Gieca Śląskiego Uniwersytetu Medycznego w Katowicach,III Oddział Kardiologii
j-2023,10,21.11.2023,22.11.2023 09:32:30,111,135,Śląskie,1,Kardiologia,2023/023185,Rezydencki,81.16,4.09,17.09.2023 13:46:11,2,TAK,Górnośląskie Centrum Medyczne im. prof. Leszka Gieca Śląskiego Uniwersytetu Medycznego w Katowicach,I Oddział Kardiologii
j-2023,10,21.11.2023,22.11.2023 09:32:30,111,135,Śląskie,1,Endokrynologia i diabetologia dziecięca,2023/023179,Rezydencki,83.57,3.27,01.10.2023 14:27:19,1,TAK,Górnośląskie Centrum Zdrowia Dziecka im. św. Jana Pawła II Samodzielny Publiczny Szpital Kliniczny Nr 6 Śląskiego Uniwersytetu Medycznego w,Katowicach Oddział Diabetologii Dziecięcej i Pediatrii
j-2023,10,21.11.2023,22.11.2023 09:32:30,111,135,Śląskie,1,Dermatologia i wenerologia,2023/025189,Rezydencki,90.82,4.36,23.09.2023 11:22:24,2,TAK,SZPITAL SPECJALISTYCZNY W ZABRZU SPÓŁKA Z OGRANICZONĄ ODPOWIEDZIALNOŚCIĄ,"Kliniczny Oddział Chorób Wewnętrznych, Dermatologii i Alergologii"
j-2023,10,21.11.2023,22.11.2023 09:32:30,111,135,Śląskie,2,Dermatologia i wenerologia,2023/019923,Rezydencki,85.37,3.97,28.09.2023 22:55:19,2,TAK,SZPITAL SPECJALISTYCZNY W ZABRZU SPÓŁKA Z OGRANICZONĄ ODPOWIEDZIALNOŚCIĄ,"Kliniczny Oddział Chorób Wewnętrznych, Dermatologii i Alergologii"
j-2023,10,21.11.2023,22.11.2023 09:32:30,111,135,Śląskie,1,Neurologia,2023/027642,Rezydencki,89.86,4.36,29.09.2023 19:40:59,2,TAK,Samodzielny Publiczny Szpital Kliniczny Nr 1 im. prof. Stanisława Szyszko Śląskiego Uniwersytetu Medycznego w Katowicach,Oddział Neurologiczny
j-2023,10,21.11.2023,22.11.2023 09:32:30,111,135,Śląskie,1,Endokrynologia,2023/025583,Rezydencki,86.47,3.98,27.09.2023 21:37:49,1,TAK,Uniwersyteckie Centrum Kliniczne im. prof. K. Gibińskiego Śląskiego Uniwersytetu Medycznego w Katowicach,Oddział Endokrynologii i Nowotworów Neuroendokrynnych
j-2023,10,21.11.2023,22.11.2023 09:32:30,111,135,Śląskie,1,Neurologia,2023/020814,Rezydencki,74.64,3.77,22.09.2023 12:40:01,2,TAK,Uniwersyteckie Centrum Kliniczne im. prof. K. Gibińskiego Śląskiego Uniwersytetu Medycznego w Katowicach,"Oddział Neurologii, Oddział Udarowy"
j-2023,10,21.11.2023,22.11.2023 09:32:30,111,135,Śląskie,1,Radiologia i diagnostyka obrazowa,2023/021923,Rezydencki,81.16,3.31,10.09.2023 18:36:32,1,TAK,Uniwersyteckie Centrum Kliniczne im. prof. K. Gibińskiego Śląskiego Uniwersytetu Medycznego w Katowicach,Zakład Radiodiagnostyki i Radiologii Zabiegowej
j-2023,10,21.11.2023,22.11.2023 09:32:30,111,135,Śląskie,1,Psychiatria,2023/025659,Rezydencki,90.34,4.25,02.10.2023 15:09:44,1,TAK,Wielospecjalistyczny Szpital Powiatowy S.A.,NZOZ Szpital im. dr. B. Hagera w Tarnowskich Górach Klinika Psychiatrii Wydziału Lekarskiego Śl.UM - Oddział Psychiatryczny
j-2023,10,21.11.2023,22.11.2023 09:32:30,112,135,Śląskie,1,Urologia,2023/025196,Rezydencki,86.27,3.71,02.10.2023 20:54:38,1,TAK,SMKSystem Monitorowania Kształcenia,Pracowników Medycznych Status dokumentu Opublikowanie wyników Wojewódzki Szpital Specjalistyczny Nr 5 im. Św. Barbary w Sosnowcu Kliniczny Oddział Urologii i Onkologii Urologicznej
j-2023,10,21.11.2023,22.11.2023 09:32:30,112,135,Świętokrzyskie,1,Alergologia,2023/019278,Rezydencki,88.89,3.73,06.10.2023 10:33:00,2,NIE,,
j-2023,10,21.11.2023,22.11.2023 09:32:30,112,135,Świętokrzyskie,2,Alergologia,2023/025506,Rezydencki,85.29,4.24,28.09.2023 20:44:50,2,NIE,,
j-2023,10,21.11.2023,22.11.2023 09:32:30,112,135,Świętokrzyskie,3,Anestezjologia i intensywna terapia,2023/025608,Rezydencki,91.42,4.62,27.09.2023 21:39:08,9,NIE,,
j-2023,10,21.11.2023,22.11.2023 09:32:30,112,135,Świętokrzyskie,4,Anestezjologia i intensywna terapia,2023/021078,Rezydencki,91.30,4.51,23.09.2023 21:30:32,9,NIE,,
j-2023,10,21.11.2023,22.11.2023 09:32:30,112,135,Świętokrzyskie,5,Anestezjologia i intensywna terapia,2023/020835,Rezydencki,89.37,4.43,30.09.2023 18:28:14,9,NIE,,
j-2023,10,21.11.2023,22.11.2023 09:32:30,112,135,Świętokrzyskie,6,Anestezjologia i intensywna terapia,2023/019257,Rezydencki,89.37,4.24,03.10.2023 11:14:46,9,NIE,,
j-2023,10,21.11.2023,22.11.2023 09:32:30,112,135,Świętokrzyskie,7,Anestezjologia i intensywna terapia,2023/028783,Rezydencki,88.65,4.73,02.10.2023 21:23:36,9,NIE,,
j-2023,10,21.11.2023,22.11.2023 09:32:30,112,135,Świętokrzyskie,8,Anestezjologia i intensywna terapia,2023/023330,Rezydencki,84.88,3.34,28.09.2023 19:07:28,9,NIE,,
j-2023,10,21.11.2023,22.11.2023 09:32:30,112,135,Świętokrzyskie,9,Anestezjologia i intensywna terapia,2023/028657,Rezydencki,79.02,3.81,06.10.2023 11:54:43,9,NIE,,
j-2023,10,21.11.2023,22.11.2023 09:32:30,112,135,Świętokrzyskie,10,Anestezjologia i intensywna terapia,2023/024630,Rezydencki,69.27,3.36,23.10.2023 13:22:03,9,NIE,,
j-2023,10,21.11.2023,22.11.2023 09:32:30,112,135,Świętokrzyskie,11,Anestezjologia i intensywna terapia,2023/028907,Rezydencki,61.27,2.82,20.10.2023 08:31:32,9,NIE,,
j-2023,10,21.11.2023,22.11.2023 09:32:30,112,135,Świętokrzyskie,12,Balneologia i medycyna fizykalna,2023/020792,Pozarezydencki,87.09,0.00,03.10.2023 14:47:41,3,NIE,,
j-2023,10,21.11.2023,22.11.2023 09:32:30,112,135,Świętokrzyskie,13,Balneologia i medycyna fizykalna,2023/022318,Pozarezydencki,66.36,3.94,20.10.2023 19:32:08,3,NIE,,
j-2023,10,21.11.2023,22.11.2023 09:32:30,112,135,Świętokrzyskie,14,Balneologia i medycyna fizykalna,2023/026199,Pozarezydencki,66.06,3.83,25.10.2023 11:39:59,3,NIE,,
j-2023,10,21.11.2023,22.11.2023 09:32:30,112,135,Świętokrzyskie,15,Chirurgia dziecięca,2023/020620,Rezydencki,82.61,4.09,17.10.2023 19:29:25,2,NIE,,
j-2023,10,21.11.2023,22.11.2023 09:32:30,112,135,Świętokrzyskie,16,Chirurgia dziecięca,2023/028623,Rezydencki,79.51,4.00,28.09.2023 22:04:36,2,NIE,,
j-2023,10,21.11.2023,22.11.2023 09:32:30,112,135,Świętokrzyskie,17,Chirurgia klatki piersiowej,2023/029354,Rezydencki,60.00,3.80,02.10.2023 17:54:38,1,NIE,,
j-2023,10,21.11.2023,22.11.2023 09:32:30,112,135,Świętokrzyskie,18,Chirurgia ogólna,2023/021901,Rezydencki,88.89,4.59,17.10.2023 11:59:33,6,NIE,,
j-2023,10,21.11.2023,22.11.2023 09:32:30,112,135,Świętokrzyskie,19,Chirurgia ogólna,2023/020149,Rezydencki,87.20,4.34,25.09.2023 16:02:28,6,NIE,,
j-2023,10,21.11.2023,22.11.2023 09:32:30,112,135,Świętokrzyskie,20,Chirurgia ogólna,2023/029190,Rezydencki,84.80,4.00,29.09.2023 20:22:22,6,NIE,,
j-2023,10,21.11.2023,22.11.2023 09:32:30,112,135,Świętokrzyskie,21,Chirurgia ogólna,2023/022187,Rezydencki,84.54,3.38,30.09.2023 09:38:45,6,NIE,,
j-2023,10,21.11.2023,22.11.2023 09:32:30,112,135,Świętokrzyskie,22,Chirurgia ogólna,2023/019727,Rezydencki,81.46,3.96,02.10.2023 22:39:37,6,NIE,,
j-2023,10,21.11.2023,22.11.2023 09:32:30,112,135,Świętokrzyskie,23,Chirurgia ogólna,2023/021912,Rezydencki,78.74,3.86,02.10.2023 20:52:32,6,NIE,,
j-2023,10,21.11.2023,22.11.2023 09:32:30,112,135,Świętokrzyskie,24,Chirurgia onkologiczna,2023/021418,Rezydencki,86.47,3.77,22.09.2023 18:20:28,1,NIE,,
j-2023,10,21.11.2023,22.11.2023 09:32:30,112,135,Świętokrzyskie,25,Chirurgia stomatologiczna,2023/022868,Rezydencki,88.89,4.59,02.10.2023 19:35:20,1,NIE,,
j-2023,10,21.11.2023,22.11.2023 09:32:30,112,135,Świętokrzyskie,26,Chirurgia szczękowo-twarzowa,2023/022785,Rezydencki,85.51,3.82,26.10.2023 00:46:28,1,NIE,,
j-2023,10,21.11.2023,22.11.2023 09:32:30,112,135,Świętokrzyskie,27,Choroby płuc,2023/024671,Rezydencki,89.71,4.21,26.09.2023 12:14:27,3,NIE,,
j-2023,10,21.11.2023,22.11.2023 09:32:30,112,135,Świętokrzyskie,28,Choroby płuc,2023/029188,Rezydencki,88.78,4.36,29.09.2023 20:14:08,3,NIE,,
j-2023,10,21.11.2023,22.11.2023 09:32:30,112,135,Świętokrzyskie,29,Choroby płuc,2023/025594,Rezydencki,88.65,4.74,27.09.2023 20:06:53,3,NIE,,
j-2023,10,21.11.2023,22.11.2023 09:32:30,112,135,Świętokrzyskie,30,Choroby płuc,2023/026063,Pozarezydencki,84.55,4.83,06.10.2023 16:32:38,2,NIE,,
j-2023,10,21.11.2023,22.11.2023 09:32:30,112,135,Świętokrzyskie,31,Choroby płuc,2023/026317,Pozarezydencki,81.40,3.99,02.10.2023 20:09:28,2,NIE,,
j-2023,10,21.11.2023,22.11.2023 09:32:30,112,135,Świętokrzyskie,32,Choroby wewnętrzne,2023/022887,Rezydencki,89.37,4.23,14.09.2023 12:40:39,4,NIE,,
j-2023,10,21.11.2023,22.11.2023 09:32:30,112,135,Świętokrzyskie,33,Choroby wewnętrzne,2023/026968,Rezydencki,85.78,3.59,28.09.2023 17:22:09,4,NIE,,
j-2023,10,21.11.2023,22.11.2023 09:32:30,112,135,Świętokrzyskie,34,Choroby wewnętrzne,2023/029677,Rezydencki,81.16,3.36,30.09.2023 21:13:43,4,NIE,,
j-2023,10,21.11.2023,22.11.2023 09:32:30,112,135,Świętokrzyskie,35,Choroby wewnętrzne,2023/030311,Rezydencki,70.73,4.06,02.10.2023 21:08:30,4,NIE,,
j-2023,10,21.11.2023,22.11.2023 09:32:30,113,135,Świętokrzyskie,36,Dermatologia i wenerologia,2023/020218,Rezydencki,93.14,4.45,18.09.2023 13:11:55,2,NIE,,
j-2023,10,21.11.2023,22.11.2023 09:32:30,113,135,Świętokrzyskie,37,Dermatologia i wenerologia,2023/024167,Rezydencki,92.65,3.76,19.09.2023 18:52:54,2,NIE,,
j-2023,10,21.11.2023,22.11.2023 09:32:30,113,135,Świętokrzyskie,38,Endokrynologia,2023/019466,Rezydencki,92.40,4.50,23.10.2023 15:01:18,1,NIE,,
j-2023,10,21.11.2023,22.11.2023 09:32:30,113,135,Świętokrzyskie,39,Endokrynologia ginekologiczna i rozrodczość,2023/020065,Pozarezydencki,85.78,4.69,09.10.2023 17:01:26,1,NIE,,
j-2023,10,21.11.2023,22.11.2023 09:32:30,113,135,Świętokrzyskie,40,Immunologia kliniczna,2023/023162,Rezydencki,84.31,4.19,16.10.2023 14:13:54,1,NIE,,
j-2023,10,21.11.2023,22.11.2023 09:32:30,113,135,Świętokrzyskie,41,Immunologia kliniczna,2023/023976,Pozarezydencki,82.27,4.13,06.10.2023 22:47:52,2,NIE,,
j-2023,10,21.11.2023,22.11.2023 09:32:30,113,135,Świętokrzyskie,42,Immunologia kliniczna,2023/024869,Pozarezydencki,78.55,0.00,10.10.2023 12:07:25,2,NIE,,
j-2023,10,21.11.2023,22.11.2023 09:32:30,113,135,Świętokrzyskie,43,Kardiologia,2023/024786,Rezydencki,90.34,4.68,19.10.2023 13:17:41,9,NIE,,
j-2023,10,21.11.2023,22.11.2023 09:32:30,113,135,Świętokrzyskie,44,Kardiologia,2023/019453,Rezydencki,87.92,4.37,29.09.2023 08:23:26,9,NIE,,
j-2023,10,21.11.2023,22.11.2023 09:32:30,113,135,Świętokrzyskie,45,Kardiologia,2023/020874,Rezydencki,87.75,4.17,20.09.2023 11:48:33,9,NIE,,
j-2023,10,21.11.2023,22.11.2023 09:32:30,113,135,Świętokrzyskie,46,Kardiologia,2023/027296,Rezydencki,85.99,4.46,28.09.2023 19:43:04,9,NIE,,
j-2023,10,21.11.2023,22.11.2023 09:32:30,113,135,Świętokrzyskie,47,Kardiologia,2023/027457,Rezydencki,85.02,4.39,27.09.2023 19:00:22,9,NIE,,
j-2023,10,21.11.2023,22.11.2023 09:32:30,113,135,Świętokrzyskie,48,Kardiologia,2023/027458,Rezydencki,84.88,3.68,29.09.2023 17:18:55,9,NIE,,
j-2023,10,21.11.2023,22.11.2023 09:32:30,113,135,Świętokrzyskie,49,Kardiologia,2023/021949,Rezydencki,84.39,3.57,28.09.2023 23:50:18,9,NIE,,
j-2023,10,21.11.2023,22.11.2023 09:32:30,113,135,Świętokrzyskie,50,Kardiologia,2023/029070,Rezydencki,84.06,3.72,23.10.2023 10:32:23,9,NIE,,
j-2023,10,21.11.2023,22.11.2023 09:32:30,113,135,Świętokrzyskie,51,Kardiologia,2023/023909,Rezydencki,83.90,3.47,21.10.2023 21:56:13,9,NIE,,
j-2023,10,21.11.2023,22.11.2023 09:32:30,113,135,Świętokrzyskie,52,Medycyna pracy,2023/030314,Rezydencki,71.26,3.42,17.10.2023 13:34:11,1,NIE,,
j-2023,10,21.11.2023,22.11.2023 09:32:30,113,135,Świętokrzyskie,53,Medycyna ratunkowa,2023/027060,Pozarezydencki,83.09,3.50,27.09.2023 10:16:32,4,NIE,,
j-2023,10,21.11.2023,22.11.2023 09:32:30,113,135,Świętokrzyskie,54,Medycyna ratunkowa,2023/025954,Pozarezydencki,73.27,4.13,23.10.2023 12:38:16,4,NIE,,
j-2023,10,21.11.2023,22.11.2023 09:32:30,113,135,Świętokrzyskie,55,Medycyna ratunkowa,2023/025977,Pozarezydencki,62.05,0.00,25.09.2023 14:02:04,4,NIE,,
j-2023,10,21.11.2023,22.11.2023 09:32:30,113,135,Świętokrzyskie,56,Medycyna ratunkowa,2023/028358,Pozarezydencki,52.78,2.99,24.10.2023 12:09:47,4,NIE,,
j-2023,10,21.11.2023,22.11.2023 09:32:30,113,135,Świętokrzyskie,57,Medycyna rodzinna,2023/026812,Rezydencki,88.54,4.31,13.10.2023 11:34:55,14,NIE,,
j-2023,10,21.11.2023,22.11.2023 09:32:30,113,135,Świętokrzyskie,58,Medycyna rodzinna,2023/021171,Rezydencki,88.41,4.56,06.09.2023 19:16:23,14,NIE,,
j-2023,10,21.11.2023,22.11.2023 09:32:30,113,135,Świętokrzyskie,59,Medycyna rodzinna,2023/024434,Rezydencki,88.41,3.58,16.10.2023 09:16:00,14,NIE,,
j-2023,10,21.11.2023,22.11.2023 09:32:30,113,135,Świętokrzyskie,60,Medycyna rodzinna,2023/026065,Rezydencki,87.25,4.27,29.09.2023 16:31:23,14,NIE,,
j-2023,10,21.11.2023,22.11.2023 09:32:30,113,135,Świętokrzyskie,61,Medycyna rodzinna,2023/028264,Rezydencki,85.85,4.23,28.09.2023 16:19:43,14,NIE,,
j-2023,10,21.11.2023,22.11.2023 09:32:30,113,135,Świętokrzyskie,62,Medycyna rodzinna,2023/026003,Rezydencki,84.88,4.21,29.09.2023 17:37:13,14,NIE,,
j-2023,10,21.11.2023,22.11.2023 09:32:30,113,135,Świętokrzyskie,63,Medycyna rodzinna,2023/019520,Rezydencki,82.13,4.04,09.10.2023 14:04:51,14,NIE,,
j-2023,10,21.11.2023,22.11.2023 09:32:30,113,135,Świętokrzyskie,64,Medycyna rodzinna,2023/024188,Rezydencki,81.64,4.06,21.09.2023 16:25:37,14,NIE,,
j-2023,10,21.11.2023,22.11.2023 09:32:30,113,135,Świętokrzyskie,65,Medycyna rodzinna,2023/029233,Rezydencki,80.19,3.31,30.09.2023 18:15:21,14,NIE,,
j-2023,10,21.11.2023,22.11.2023 09:32:30,113,135,Świętokrzyskie,66,Medycyna rodzinna,2023/027785,Rezydencki,80.00,3.02,01.10.2023 18:23:57,14,NIE,,
j-2023,10,21.11.2023,22.11.2023 09:32:30,113,135,Świętokrzyskie,67,Medycyna rodzinna,2023/030286,Rezydencki,78.26,4.11,02.10.2023 21:57:24,14,NIE,,
j-2023,10,21.11.2023,22.11.2023 09:32:30,113,135,Świętokrzyskie,68,Medycyna rodzinna,2023/028815,Rezydencki,76.81,3.36,20.10.2023 10:12:21,14,NIE,,
j-2023,10,21.11.2023,22.11.2023 09:32:30,113,135,Świętokrzyskie,69,Medycyna rodzinna,2023/021902,Rezydencki,71.50,3.17,13.10.2023 21:40:53,14,NIE,,
j-2023,10,21.11.2023,22.11.2023 09:32:30,113,135,Świętokrzyskie,70,Medycyna rodzinna,2023/024726,Rezydencki,71.22,0.00,29.09.2023 10:18:28,14,NIE,,
j-2023,10,21.11.2023,22.11.2023 09:32:30,113,135,Świętokrzyskie,71,Medycyna rodzinna,2023/029619,Pozarezydencki,56.48,3.29,27.10.2023 13:50:48,1,NIE,,
j-2023,10,21.11.2023,22.11.2023 09:32:30,113,135,Świętokrzyskie,72,Nefrologia,2023/024303,Rezydencki,87.32,4.14,24.10.2023 12:49:23,2,NIE,,
j-2023,10,21.11.2023,22.11.2023 09:32:30,113,135,Świętokrzyskie,73,Nefrologia,2023/022770,Rezydencki,85.78,4.00,28.09.2023 20:08:10,2,NIE,,
j-2023,10,21.11.2023,22.11.2023 09:32:30,113,135,Świętokrzyskie,74,Neonatologia,2023/021747,Rezydencki,87.80,4.14,28.09.2023 20:33:20,3,NIE,,
j-2023,10,21.11.2023,22.11.2023 09:32:30,114,135,Świętokrzyskie,75,Neonatologia,2023/028495,Rezydencki,84.39,3.99,29.09.2023 17:24:10,3,NIE,,
j-2023,10,21.11.2023,22.11.2023 09:32:30,114,135,Świętokrzyskie,76,Neonatologia,2023/029562,Rezydencki,78.92,3.89,30.09.2023 17:48:38,3,NIE,,
j-2023,10,21.11.2023,22.11.2023 09:32:30,114,135,Świętokrzyskie,77,Neurochirurgia,2023/019281,Rezydencki,82.35,3.75,10.10.2023 13:40:41,1,NIE,,
j-2023,10,21.11.2023,22.11.2023 09:32:30,114,135,Świętokrzyskie,78,Neurologia,2023/019555,Rezydencki,90.34,4.68,13.10.2023 11:30:55,13,NIE,,
j-2023,10,21.11.2023,22.11.2023 09:32:30,114,135,Świętokrzyskie,79,Neurologia,2023/026821,Rezydencki,90.10,4.37,28.09.2023 22:15:29,13,NIE,,
j-2023,10,21.11.2023,22.11.2023 09:32:30,114,135,Świętokrzyskie,80,Neurologia,2023/026147,Rezydencki,87.44,4.29,01.10.2023 12:47:49,13,NIE,,
j-2023,10,21.11.2023,22.11.2023 09:32:30,114,135,Świętokrzyskie,81,Neurologia,2023/023335,Rezydencki,87.25,4.44,24.09.2023 20:02:45,13,NIE,,
j-2023,10,21.11.2023,22.11.2023 09:32:30,114,135,Świętokrzyskie,82,Neurologia,2023/028519,Rezydencki,87.25,3.58,23.10.2023 09:19:29,13,NIE,,
j-2023,10,21.11.2023,22.11.2023 09:32:30,114,135,Świętokrzyskie,83,Neurologia,2023/028451,Rezydencki,86.96,3.96,20.10.2023 06:27:29,13,NIE,,
j-2023,10,21.11.2023,22.11.2023 09:32:30,114,135,Świętokrzyskie,84,Neurologia,2023/030015,Rezydencki,85.99,4.05,02.10.2023 22:11:39,13,NIE,,
j-2023,10,21.11.2023,22.11.2023 09:32:30,114,135,Świętokrzyskie,85,Neurologia,2023/020232,Rezydencki,82.13,4.29,28.09.2023 17:00:02,13,NIE,,
j-2023,10,21.11.2023,22.11.2023 09:32:30,114,135,Świętokrzyskie,86,Neurologia,2023/024489,Rezydencki,81.64,3.99,27.09.2023 19:21:07,13,NIE,,
j-2023,10,21.11.2023,22.11.2023 09:32:30,114,135,Świętokrzyskie,87,Neurologia,2023/026683,Rezydencki,81.16,3.77,29.09.2023 15:31:04,13,NIE,,
j-2023,10,21.11.2023,22.11.2023 09:32:30,114,135,Świętokrzyskie,88,Neurologia,2023/020895,Rezydencki,80.98,4.28,28.09.2023 19:17:12,13,NIE,,
j-2023,10,21.11.2023,22.11.2023 09:32:30,114,135,Świętokrzyskie,89,Neurologia,2023/026811,Rezydencki,78.54,3.96,28.09.2023 22:10:39,13,NIE,,
j-2023,10,21.11.2023,22.11.2023 09:32:30,114,135,Świętokrzyskie,90,Neurologia,2023/029557,Rezydencki,59.02,3.98,11.10.2023 22:16:52,13,NIE,,
j-2023,10,21.11.2023,22.11.2023 09:32:30,114,135,Świętokrzyskie,91,Okulistyka,2023/019468,Rezydencki,87.75,4.02,11.09.2023 22:07:25,3,NIE,,
j-2023,10,21.11.2023,22.11.2023 09:32:30,114,135,Świętokrzyskie,92,Okulistyka,2023/021239,Rezydencki,86.83,4.10,29.09.2023 17:33:24,3,NIE,,
j-2023,10,21.11.2023,22.11.2023 09:32:30,114,135,Świętokrzyskie,93,Okulistyka,2023/025565,Rezydencki,86.76,3.94,23.10.2023 19:42:56,3,NIE,,
j-2023,10,21.11.2023,22.11.2023 09:32:30,114,135,Świętokrzyskie,94,Okulistyka,2023/029333,Pozarezydencki,80.93,3.62,21.10.2023 22:05:05,1,NIE,,
j-2023,10,21.11.2023,22.11.2023 09:32:30,114,135,Świętokrzyskie,95,Onkologia kliniczna,2023/029248,Rezydencki,84.06,4.00,29.09.2023 22:00:01,1,NIE,,
j-2023,10,21.11.2023,22.11.2023 09:32:30,114,135,Świętokrzyskie,96,Onkologia kliniczna,2023/030727,Pozarezydencki,57.27,0.00,02.10.2023 17:36:36,1,NIE,,
j-2023,10,21.11.2023,22.11.2023 09:32:30,114,135,Świętokrzyskie,97,Ortopedia i traumatologia narządu ruchu,2023/026772,Rezydencki,82.61,3.95,20.10.2023 12:59:51,4,NIE,,
j-2023,10,21.11.2023,22.11.2023 09:32:30,114,135,Świętokrzyskie,98,Ortopedia i traumatologia narządu ruchu,2023/021025,Rezydencki,82.61,3.42,29.09.2023 23:32:26,4,NIE,,
j-2023,10,21.11.2023,22.11.2023 09:32:30,114,135,Świętokrzyskie,99,Ortopedia i traumatologia narządu ruchu,2023/029969,Rezydencki,79.51,4.16,01.10.2023 21:21:05,4,NIE,,
j-2023,10,21.11.2023,22.11.2023 09:32:30,114,135,Świętokrzyskie,100,Ortopedia i traumatologia narządu ruchu,2023/028648,Rezydencki,56.52,3.00,28.09.2023 22:29:07,4,NIE,,
j-2023,10,21.11.2023,22.11.2023 09:32:30,114,135,Świętokrzyskie,101,Otorynolaryngologia,2023/022604,Rezydencki,88.73,4.50,27.09.2023 22:06:21,4,NIE,,
j-2023,10,21.11.2023,22.11.2023 09:32:30,114,135,Świętokrzyskie,102,Otorynolaryngologia,2023/020113,Rezydencki,88.65,3.78,09.10.2023 15:23:15,4,NIE,,
j-2023,10,21.11.2023,22.11.2023 09:32:30,114,135,Świętokrzyskie,103,Otorynolaryngologia,2023/030188,Rezydencki,87.44,4.18,01.10.2023 22:00:24,4,NIE,,
j-2023,10,21.11.2023,22.11.2023 09:32:30,114,135,Świętokrzyskie,104,Otorynolaryngologia,2023/025566,Rezydencki,86.34,3.59,01.10.2023 20:11:57,4,NIE,,
j-2023,10,21.11.2023,22.11.2023 09:32:30,114,135,Świętokrzyskie,105,Otorynolaryngologia,2023/022208,Pozarezydencki,79.26,4.32,24.09.2023 13:53:03,1,NIE,,
j-2023,10,21.11.2023,22.11.2023 09:32:30,114,135,Świętokrzyskie,106,Pediatria,2023/025616,Rezydencki,89.61,4.41,28.09.2023 18:53:04,12,NIE,,
j-2023,10,21.11.2023,22.11.2023 09:32:30,114,135,Świętokrzyskie,107,Pediatria,2023/028348,Rezydencki,88.89,4.17,02.10.2023 21:34:31,12,NIE,,
j-2023,10,21.11.2023,22.11.2023 09:32:30,114,135,Świętokrzyskie,108,Pediatria,2023/027021,Rezydencki,86.96,4.32,24.10.2023 15:28:31,12,NIE,,
j-2023,10,21.11.2023,22.11.2023 09:32:30,114,135,Świętokrzyskie,109,Pediatria,2023/019661,Rezydencki,86.96,4.23,02.10.2023 20:10:41,12,NIE,,
j-2023,10,21.11.2023,22.11.2023 09:32:30,114,135,Świętokrzyskie,110,Pediatria,2023/025181,Rezydencki,86.67,4.07,04.10.2023 13:52:33,12,NIE,,
j-2023,10,21.11.2023,22.11.2023 09:32:30,114,135,Świętokrzyskie,111,Pediatria,2023/025428,Rezydencki,85.51,3.99,17.10.2023 13:24:15,12,NIE,,
j-2023,10,21.11.2023,22.11.2023 09:32:30,114,135,Świętokrzyskie,112,Pediatria,2023/027617,Rezydencki,84.31,3.99,28.09.2023 19:37:52,12,NIE,,
j-2023,10,21.11.2023,22.11.2023 09:32:30,115,135,Świętokrzyskie,113,Pediatria,2023/021518,Rezydencki,84.06,3.24,07.09.2023 20:49:08,12,NIE,,
j-2023,10,21.11.2023,22.11.2023 09:32:30,115,135,Świętokrzyskie,114,Pediatria,2023/027397,Rezydencki,83.90,4.07,19.10.2023 13:12:28,12,NIE,,
j-2023,10,21.11.2023,22.11.2023 09:32:30,115,135,Świętokrzyskie,115,Pediatria,2023/028432,Rezydencki,80.88,3.72,28.09.2023 20:14:48,12,NIE,,
j-2023,10,21.11.2023,22.11.2023 09:32:30,115,135,Świętokrzyskie,116,Pediatria,2023/023760,Rezydencki,80.68,4.24,11.10.2023 22:24:19,12,NIE,,
j-2023,10,21.11.2023,22.11.2023 09:32:30,115,135,Świętokrzyskie,117,Pediatria,2023/025678,Rezydencki,79.51,3.91,24.10.2023 20:59:30,12,NIE,,
j-2023,10,21.11.2023,22.11.2023 09:32:30,115,135,Świętokrzyskie,118,Pediatria,2023/025593,Pozarezydencki,66.36,0.00,26.09.2023 22:23:12,1,NIE,,
j-2023,10,21.11.2023,22.11.2023 09:32:30,115,135,Świętokrzyskie,119,Perinatologia,2023/021524,Pozarezydencki,78.94,3.50,22.10.2023 21:05:27,2,NIE,,
j-2023,10,21.11.2023,22.11.2023 09:32:30,115,135,Świętokrzyskie,120,Perinatologia,2023/029218,Pozarezydencki,70.91,0.00,24.10.2023 12:30:59,2,NIE,,
j-2023,10,21.11.2023,22.11.2023 09:32:30,115,135,Świętokrzyskie,121,Położnictwo i ginekologia,2023/029337,Rezydencki,89.27,4.16,01.10.2023 21:23:53,4,NIE,,
j-2023,10,21.11.2023,22.11.2023 09:32:30,115,135,Świętokrzyskie,122,Położnictwo i ginekologia,2023/023883,Rezydencki,85.78,4.23,29.09.2023 21:17:48,4,NIE,,
j-2023,10,21.11.2023,22.11.2023 09:32:30,115,135,Świętokrzyskie,123,Położnictwo i ginekologia,2023/030049,Rezydencki,82.93,3.80,02.10.2023 23:25:06,4,NIE,,
j-2023,10,21.11.2023,22.11.2023 09:32:30,115,135,Świętokrzyskie,124,Położnictwo i ginekologia,2023/019908,Rezydencki,74.15,3.91,16.10.2023 09:57:09,4,NIE,,
j-2023,10,21.11.2023,22.11.2023 09:32:30,115,135,Świętokrzyskie,125,Położnictwo i ginekologia,2023/019707,Pozarezydencki,78.04,3.30,24.10.2023 12:08:44,1,NIE,,
j-2023,10,21.11.2023,22.11.2023 09:32:30,115,135,Świętokrzyskie,126,Protetyka stomatologiczna,2023/022464,Rezydencki,83.33,4.28,25.09.2023 16:31:49,1,NIE,,
j-2023,10,21.11.2023,22.11.2023 09:32:30,115,135,Świętokrzyskie,127,Psychiatria,2023/024346,Rezydencki,85.37,3.79,02.10.2023 19:03:44,8,NIE,,
j-2023,10,21.11.2023,22.11.2023 09:32:30,115,135,Świętokrzyskie,128,Psychiatria,2023/028568,Rezydencki,85.37,3.26,28.09.2023 21:22:54,8,NIE,,
j-2023,10,21.11.2023,22.11.2023 09:32:30,115,135,Świętokrzyskie,129,Psychiatria,2023/021169,Rezydencki,84.54,4.40,06.09.2023 19:41:56,8,NIE,,
j-2023,10,21.11.2023,22.11.2023 09:32:30,115,135,Świętokrzyskie,130,Psychiatria,2023/026316,Rezydencki,84.30,4.15,29.09.2023 22:12:29,8,NIE,,
j-2023,10,21.11.2023,22.11.2023 09:32:30,115,135,Świętokrzyskie,131,Psychiatria,2023/028720,Rezydencki,83.57,3.88,19.10.2023 15:36:43,8,NIE,,
j-2023,10,21.11.2023,22.11.2023 09:32:30,115,135,Świętokrzyskie,132,Psychiatria,2023/023475,Rezydencki,74.88,3.51,27.09.2023 19:57:02,8,NIE,,
j-2023,10,21.11.2023,22.11.2023 09:32:30,115,135,Świętokrzyskie,133,Psychiatria,2023/022417,Rezydencki,74.40,3.76,05.10.2023 07:06:23,8,NIE,,
j-2023,10,21.11.2023,22.11.2023 09:32:30,115,135,Świętokrzyskie,134,Psychiatria,2023/027586,Rezydencki,73.41,3.47,02.10.2023 16:22:14,8,NIE,,
j-2023,10,21.11.2023,22.11.2023 09:32:30,115,135,Świętokrzyskie,135,Psychiatria dzieci i młodzieży,2023/026933,Rezydencki,86.23,4.41,02.10.2023 20:56:40,2,NIE,,
j-2023,10,21.11.2023,22.11.2023 09:32:30,115,135,Świętokrzyskie,136,Psychiatria dzieci i młodzieży,2023/020127,Rezydencki,82.61,3.58,03.09.2023 23:40:51,2,NIE,,
j-2023,10,21.11.2023,22.11.2023 09:32:30,115,135,Świętokrzyskie,137,Radiologia i diagnostyka obrazowa,2023/019853,Rezydencki,89.27,4.21,29.09.2023 17:00:09,1,NIE,,
j-2023,10,21.11.2023,22.11.2023 09:32:30,115,135,Świętokrzyskie,138,Radiologia i diagnostyka obrazowa,2023/026660,Pozarezydencki,82.79,4.03,28.09.2023 22:17:15,6,NIE,,
j-2023,10,21.11.2023,22.11.2023 09:32:30,115,135,Świętokrzyskie,139,Radiologia i diagnostyka obrazowa,2023/026159,Pozarezydencki,82.33,4.03,29.09.2023 06:25:03,6,NIE,,
j-2023,10,21.11.2023,22.11.2023 09:32:30,115,135,Świętokrzyskie,140,Radiologia i diagnostyka obrazowa,2023/027981,Pozarezydencki,81.40,3.63,01.10.2023 10:21:42,6,NIE,,
j-2023,10,21.11.2023,22.11.2023 09:32:30,115,135,Świętokrzyskie,141,Radiologia i diagnostyka obrazowa,2023/025832,Pozarezydencki,74.88,3.35,29.09.2023 16:19:04,6,NIE,,
j-2023,10,21.11.2023,22.11.2023 09:32:30,115,135,Świętokrzyskie,142,Radiologia i diagnostyka obrazowa,2023/030509,Pozarezydencki,73.83,3.16,02.10.2023 15:54:50,6,NIE,,
j-2023,10,21.11.2023,22.11.2023 09:32:30,115,135,Świętokrzyskie,143,Radiologia i diagnostyka obrazowa,2023/028817,Pozarezydencki,72.81,3.20,02.10.2023 22:45:16,6,NIE,,
j-2023,10,21.11.2023,22.11.2023 09:32:30,115,135,Świętokrzyskie,144,Rehabilitacja medyczna,2023/026382,Pozarezydencki,80.00,0.00,25.09.2023 22:46:04,2,NIE,,
j-2023,10,21.11.2023,22.11.2023 09:32:30,115,135,Świętokrzyskie,145,Rehabilitacja medyczna,2023/024345,Pozarezydencki,61.82,4.89,27.09.2023 11:31:24,2,NIE,,
j-2023,10,21.11.2023,22.11.2023 09:32:30,115,135,Świętokrzyskie,146,Reumatologia,2023/023396,Rezydencki,92.16,4.52,17.09.2023 17:44:55,1,NIE,,
j-2023,10,21.11.2023,22.11.2023 09:32:30,115,135,Świętokrzyskie,147,Urologia,2023/021224,Rezydencki,88.24,3.79,01.10.2023 00:21:49,2,NIE,,
j-2023,10,21.11.2023,22.11.2023 09:32:30,115,135,Świętokrzyskie,148,Urologia,2023/026129,Rezydencki,88.16,4.15,02.10.2023 12:34:39,2,NIE,,
j-2023,10,21.11.2023,22.11.2023 09:32:30,115,135,Świętokrzyskie,149,Urologia,2023/025528,Pozarezydencki,71.16,3.41,14.10.2023 01:48:34,1,NIE,,
j-2023,10,21.11.2023,22.11.2023 09:32:30,116,135,Świętokrzyskie,1,Okulistyka,2023/021380,Rezydencki,83.58,4.19,27.09.2023 17:26:01,1,TAK,Wojewódzki Szpital Zespolony w Kielcach,Klinika Okulistyki
j-2023,10,21.11.2023,22.11.2023 09:32:30,116,135,Warmińsko-mazurskie,1,Alergologia,2023/024955,Rezydencki,85.02,3.36,29.09.2023 14:16:48,1,NIE,,
j-2023,10,21.11.2023,22.11.2023 09:32:30,116,135,Warmińsko-mazurskie,2,Alergologia,2023/024026,Pozarezydencki,70.91,3.55,13.10.2023 19:43:13,1,NIE,,
j-2023,10,21.11.2023,22.11.2023 09:32:30,116,135,Warmińsko-mazurskie,3,Anestezjologia i intensywna terapia,2023/028016,Rezydencki,89.27,4.45,30.09.2023 00:22:03,12,NIE,,
j-2023,10,21.11.2023,22.11.2023 09:32:30,116,135,Warmińsko-mazurskie,4,Anestezjologia i intensywna terapia,2023/023768,Rezydencki,88.65,4.50,01.10.2023 21:16:28,12,NIE,,
j-2023,10,21.11.2023,22.11.2023 09:32:30,116,135,Warmińsko-mazurskie,5,Anestezjologia i intensywna terapia,2023/022158,Rezydencki,85.61,3.93,29.09.2023 14:27:47,12,NIE,,
j-2023,10,21.11.2023,22.11.2023 09:32:30,116,135,Warmińsko-mazurskie,6,Anestezjologia i intensywna terapia,2023/024949,Rezydencki,85.51,3.82,26.09.2023 10:45:45,12,NIE,,
j-2023,10,21.11.2023,22.11.2023 09:32:30,116,135,Warmińsko-mazurskie,7,Anestezjologia i intensywna terapia,2023/030027,Rezydencki,85.29,4.56,20.10.2023 14:59:49,12,NIE,,
j-2023,10,21.11.2023,22.11.2023 09:32:30,116,135,Warmińsko-mazurskie,8,Anestezjologia i intensywna terapia,2023/028980,Rezydencki,84.39,3.56,30.09.2023 00:06:19,12,NIE,,
j-2023,10,21.11.2023,22.11.2023 09:32:30,116,135,Warmińsko-mazurskie,9,Anestezjologia i intensywna terapia,2023/019806,Rezydencki,84.31,4.11,26.09.2023 18:04:20,12,NIE,,
j-2023,10,21.11.2023,22.11.2023 09:32:30,116,135,Warmińsko-mazurskie,10,Anestezjologia i intensywna terapia,2023/019764,Rezydencki,81.46,4.09,28.09.2023 18:26:50,12,NIE,,
j-2023,10,21.11.2023,22.11.2023 09:32:30,116,135,Warmińsko-mazurskie,11,Anestezjologia i intensywna terapia,2023/024541,Rezydencki,81.46,4.00,28.09.2023 15:32:28,12,NIE,,
j-2023,10,21.11.2023,22.11.2023 09:32:30,116,135,Warmińsko-mazurskie,12,Anestezjologia i intensywna terapia,2023/029891,Rezydencki,80.00,3.83,01.10.2023 22:10:18,12,NIE,,
j-2023,10,21.11.2023,22.11.2023 09:32:30,116,135,Warmińsko-mazurskie,13,Anestezjologia i intensywna terapia,2023/025747,Rezydencki,78.05,3.93,22.10.2023 15:57:34,12,NIE,,
j-2023,10,21.11.2023,22.11.2023 09:32:30,116,135,Warmińsko-mazurskie,14,Anestezjologia i intensywna terapia,2023/026006,Rezydencki,77.05,3.72,12.10.2023 13:11:38,12,NIE,,
j-2023,10,21.11.2023,22.11.2023 09:32:30,116,135,Warmińsko-mazurskie,15,Anestezjologia i intensywna terapia,2023/023100,Pozarezydencki,62.84,2.61,20.10.2023 09:29:06,1,NIE,,
j-2023,10,21.11.2023,22.11.2023 09:32:30,116,135,Warmińsko-mazurskie,16,Chirurgia dziecięca,2023/029826,Rezydencki,83.90,4.16,01.10.2023 12:20:18,1,NIE,,
j-2023,10,21.11.2023,22.11.2023 09:32:30,116,135,Warmińsko-mazurskie,17,Chirurgia klatki piersiowej,2023/027871,Rezydencki,57.28,3.23,23.10.2023 20:53:15,1,NIE,,
j-2023,10,21.11.2023,22.11.2023 09:32:30,116,135,Warmińsko-mazurskie,18,Chirurgia ogólna,2023/021242,Rezydencki,85.02,3.92,30.09.2023 23:38:59,6,NIE,,
j-2023,10,21.11.2023,22.11.2023 09:32:30,116,135,Warmińsko-mazurskie,19,Chirurgia ogólna,2023/025116,Rezydencki,82.84,3.79,30.09.2023 18:15:47,6,NIE,,
j-2023,10,21.11.2023,22.11.2023 09:32:30,116,135,Warmińsko-mazurskie,20,Chirurgia ogólna,2023/022803,Rezydencki,79.23,3.94,27.09.2023 18:15:38,6,NIE,,
j-2023,10,21.11.2023,22.11.2023 09:32:30,116,135,Warmińsko-mazurskie,21,Chirurgia ogólna,2023/028149,Rezydencki,79.23,3.51,28.09.2023 13:56:51,6,NIE,,
j-2023,10,21.11.2023,22.11.2023 09:32:30,116,135,Warmińsko-mazurskie,22,Chirurgia ogólna,2023/027251,Rezydencki,72.55,4.20,20.10.2023 15:13:54,6,NIE,,
j-2023,10,21.11.2023,22.11.2023 09:32:30,116,135,Warmińsko-mazurskie,23,Chirurgia ogólna,2023/029527,Rezydencki,65.22,3.22,30.09.2023 16:05:20,6,NIE,,
j-2023,10,21.11.2023,22.11.2023 09:32:30,116,135,Warmińsko-mazurskie,24,Chirurgia ogólna,2023/028078,Pozarezydencki,71.50,0.00,28.09.2023 12:58:47,1,NIE,,
j-2023,10,21.11.2023,22.11.2023 09:32:30,116,135,Warmińsko-mazurskie,25,Chirurgia onkologiczna,2023/020865,Pozarezydencki,76.14,3.54,12.10.2023 14:16:46,2,NIE,,
j-2023,10,21.11.2023,22.11.2023 09:32:30,116,135,Warmińsko-mazurskie,26,Chirurgia onkologiczna,2023/020837,Pozarezydencki,72.69,3.87,25.10.2023 17:20:35,2,NIE,,
j-2023,10,21.11.2023,22.11.2023 09:32:30,116,135,Warmińsko-mazurskie,27,Chirurgia stomatologiczna,2023/029668,Rezydencki,83.33,4.10,30.09.2023 21:08:44,1,NIE,,
j-2023,10,21.11.2023,22.11.2023 09:32:30,116,135,Warmińsko-mazurskie,28,Chirurgia szczękowo-twarzowa,2023/025161,Rezydencki,83.57,3.31,29.09.2023 10:33:50,4,NIE,,
j-2023,10,21.11.2023,22.11.2023 09:32:30,116,135,Warmińsko-mazurskie,29,Chirurgia szczękowo-twarzowa,2023/019253,Rezydencki,82.86,4.15,30.09.2023 11:40:30,4,NIE,,
j-2023,10,21.11.2023,22.11.2023 09:32:30,116,135,Warmińsko-mazurskie,30,Chirurgia szczękowo-twarzowa,2023/022245,Rezydencki,82.86,3.79,05.10.2023 14:13:00,4,NIE,,
j-2023,10,21.11.2023,22.11.2023 09:32:30,116,135,Warmińsko-mazurskie,31,Chirurgia szczękowo-twarzowa,2023/020608,Rezydencki,82.84,3.57,04.10.2023 19:13:42,4,NIE,,
j-2023,10,21.11.2023,22.11.2023 09:32:30,116,135,Warmińsko-mazurskie,32,Choroby płuc,2023/026672,Rezydencki,86.47,3.84,01.10.2023 14:23:21,3,NIE,,
j-2023,10,21.11.2023,22.11.2023 09:32:30,117,135,Warmińsko-mazurskie,33,Choroby płuc,2023/022485,Rezydencki,78.54,3.22,24.10.2023 23:56:57,3,NIE,,
j-2023,10,21.11.2023,22.11.2023 09:32:30,117,135,Warmińsko-mazurskie,34,Choroby płuc,2023/029856,Rezydencki,77.56,4.03,02.10.2023 23:31:51,3,NIE,,
j-2023,10,21.11.2023,22.11.2023 09:32:30,117,135,Warmińsko-mazurskie,35,Choroby płuc,2023/021831,Pozarezydencki,75.45,3.82,13.10.2023 11:55:26,1,NIE,,
j-2023,10,21.11.2023,22.11.2023 09:32:30,117,135,Warmińsko-mazurskie,36,Choroby wewnętrzne,2023/028235,Rezydencki,87.80,3.62,28.09.2023 15:41:53,5,NIE,,
j-2023,10,21.11.2023,22.11.2023 09:32:30,117,135,Warmińsko-mazurskie,37,Choroby wewnętrzne,2023/021679,Rezydencki,86.47,4.26,08.09.2023 17:12:24,5,NIE,,
j-2023,10,21.11.2023,22.11.2023 09:32:30,117,135,Warmińsko-mazurskie,38,Choroby wewnętrzne,2023/021201,Rezydencki,85.29,3.26,23.10.2023 04:57:36,5,NIE,,
j-2023,10,21.11.2023,22.11.2023 09:32:30,117,135,Warmińsko-mazurskie,39,Choroby wewnętrzne,2023/024968,Rezydencki,83.09,3.86,26.09.2023 15:48:17,5,NIE,,
j-2023,10,21.11.2023,22.11.2023 09:32:30,117,135,Warmińsko-mazurskie,40,Choroby wewnętrzne,2023/025578,Rezydencki,71.50,0.00,29.09.2023 14:13:56,5,NIE,,
j-2023,10,21.11.2023,22.11.2023 09:32:30,117,135,Warmińsko-mazurskie,41,Choroby wewnętrzne,2023/025211,Pozarezydencki,80.00,0.00,21.10.2023 07:21:53,1,NIE,,
j-2023,10,21.11.2023,22.11.2023 09:32:30,117,135,Warmińsko-mazurskie,42,Choroby zakaźne,2023/022358,Pozarezydencki,70.91,0.00,26.09.2023 09:32:46,1,NIE,,
j-2023,10,21.11.2023,22.11.2023 09:32:30,117,135,Warmińsko-mazurskie,43,Dermatologia i wenerologia,2023/019613,Rezydencki,92.68,4.26,29.09.2023 09:11:44,1,NIE,,
j-2023,10,21.11.2023,22.11.2023 09:32:30,117,135,Warmińsko-mazurskie,44,Diabetologia,2023/027274,Rezydencki,82.93,3.73,13.10.2023 11:09:37,2,NIE,,
j-2023,10,21.11.2023,22.11.2023 09:32:30,117,135,Warmińsko-mazurskie,45,Diabetologia,2023/025557,Rezydencki,77.07,3.20,23.10.2023 14:17:42,2,NIE,,
j-2023,10,21.11.2023,22.11.2023 09:32:30,117,135,Warmińsko-mazurskie,46,Diabetologia,2023/022536,Pozarezydencki,80.23,3.73,23.10.2023 12:10:54,4,NIE,,
j-2023,10,21.11.2023,22.11.2023 09:32:30,117,135,Warmińsko-mazurskie,47,Diabetologia,2023/020565,Pozarezydencki,79.48,4.66,27.09.2023 21:45:41,4,NIE,,
j-2023,10,21.11.2023,22.11.2023 09:32:30,117,135,Warmińsko-mazurskie,48,Diabetologia,2023/023050,Pozarezydencki,71.70,3.65,23.10.2023 14:24:41,4,NIE,,
j-2023,10,21.11.2023,22.11.2023 09:32:30,117,135,Warmińsko-mazurskie,49,Diabetologia,2023/025597,Pozarezydencki,71.14,3.81,24.09.2023 18:48:07,4,NIE,,
j-2023,10,21.11.2023,22.11.2023 09:32:30,117,135,Warmińsko-mazurskie,50,Endokrynologia,2023/019957,Pozarezydencki,85.23,3.22,27.10.2023 08:33:15,1,NIE,,
j-2023,10,21.11.2023,22.11.2023 09:32:30,117,135,Warmińsko-mazurskie,51,Endokrynologia i diabetologia dziecięca,2023/025760,Rezydencki,89.22,3.93,20.10.2023 13:19:05,1,NIE,,
j-2023,10,21.11.2023,22.11.2023 09:32:30,117,135,Warmińsko-mazurskie,52,Gastroenterologia,2023/027685,Rezydencki,86.27,3.91,02.10.2023 19:56:18,1,NIE,,
j-2023,10,21.11.2023,22.11.2023 09:32:30,117,135,Warmińsko-mazurskie,53,Kardiologia,2023/021821,Rezydencki,89.86,4.73,21.10.2023 13:41:06,9,NIE,,
j-2023,10,21.11.2023,22.11.2023 09:32:30,117,135,Warmińsko-mazurskie,54,Kardiologia,2023/024252,Rezydencki,86.96,3.93,02.10.2023 00:11:12,9,NIE,,
j-2023,10,21.11.2023,22.11.2023 09:32:30,117,135,Warmińsko-mazurskie,55,Kardiologia,2023/025026,Rezydencki,86.96,3.87,27.09.2023 18:05:40,9,NIE,,
j-2023,10,21.11.2023,22.11.2023 09:32:30,117,135,Warmińsko-mazurskie,56,Kardiologia,2023/027271,Rezydencki,84.80,4.94,29.09.2023 10:40:22,9,NIE,,
j-2023,10,21.11.2023,22.11.2023 09:32:30,117,135,Warmińsko-mazurskie,57,Kardiologia,2023/020573,Rezydencki,84.80,3.85,27.09.2023 19:10:14,9,NIE,,
j-2023,10,21.11.2023,22.11.2023 09:32:30,117,135,Warmińsko-mazurskie,58,Kardiologia,2023/027131,Rezydencki,83.57,3.71,17.10.2023 10:35:46,9,NIE,,
j-2023,10,21.11.2023,22.11.2023 09:32:30,117,135,Warmińsko-mazurskie,59,Kardiologia,2023/023246,Rezydencki,82.37,3.73,20.10.2023 19:35:08,9,NIE,,
j-2023,10,21.11.2023,22.11.2023 09:32:30,117,135,Warmińsko-mazurskie,60,Kardiologia,2023/019935,Rezydencki,79.02,3.15,02.10.2023 18:21:22,9,NIE,,
j-2023,10,21.11.2023,22.11.2023 09:32:30,117,135,Warmińsko-mazurskie,61,Kardiologia,2023/020532,Rezydencki,78.92,3.98,24.10.2023 16:00:42,9,NIE,,
j-2023,10,21.11.2023,22.11.2023 09:32:30,117,135,Warmińsko-mazurskie,62,Medycyna nuklearna,2023/022949,Rezydencki,88.89,4.20,19.09.2023 14:18:50,1,NIE,,
j-2023,10,21.11.2023,22.11.2023 09:32:30,117,135,Warmińsko-mazurskie,63,Medycyna paliatywna,2023/029236,Pozarezydencki,89.09,0.00,30.10.2023 20:44:57,4,NIE,,
j-2023,10,21.11.2023,22.11.2023 09:32:30,117,135,Warmińsko-mazurskie,64,Medycyna paliatywna,2023/021338,Pozarezydencki,80.00,3.79,27.09.2023 22:11:32,4,NIE,,
j-2023,10,21.11.2023,22.11.2023 09:32:30,117,135,Warmińsko-mazurskie,65,Medycyna paliatywna,2023/022799,Pozarezydencki,66.36,2.65,13.09.2023 22:43:59,4,NIE,,
j-2023,10,21.11.2023,22.11.2023 09:32:30,117,135,Warmińsko-mazurskie,66,Medycyna paliatywna,2023/022635,Pozarezydencki,61.56,3.40,23.10.2023 16:46:33,4,NIE,,
j-2023,10,21.11.2023,22.11.2023 09:32:30,117,135,Warmińsko-mazurskie,67,Medycyna pracy,2023/028878,Pozarezydencki,0.00,0.00,26.10.2023 22:59:28,1,NIE,,
j-2023,10,21.11.2023,22.11.2023 09:32:30,117,135,Warmińsko-mazurskie,68,Medycyna ratunkowa,2023/021818,Rezydencki,77.78,3.12,25.09.2023 21:46:43,1,NIE,,
j-2023,10,21.11.2023,22.11.2023 09:32:30,117,135,Warmińsko-mazurskie,69,Medycyna ratunkowa,2023/028023,Pozarezydencki,60.27,0.00,27.10.2023 12:41:32,1,NIE,,
j-2023,10,21.11.2023,22.11.2023 09:32:30,117,135,Warmińsko-mazurskie,70,Medycyna rodzinna,2023/019494,Rezydencki,90.58,4.44,07.09.2023 15:57:50,5,NIE,,
j-2023,10,21.11.2023,22.11.2023 09:32:30,118,135,Warmińsko-mazurskie,71,Medycyna rodzinna,2023/025429,Rezydencki,89.76,4.23,29.09.2023 10:54:22,5,NIE,,
j-2023,10,21.11.2023,22.11.2023 09:32:30,118,135,Warmińsko-mazurskie,72,Medycyna rodzinna,2023/025695,Rezydencki,89.27,4.47,02.10.2023 13:00:32,5,NIE,,
j-2023,10,21.11.2023,22.11.2023 09:32:30,118,135,Warmińsko-mazurskie,73,Medycyna rodzinna,2023/022193,Rezydencki,88.24,4.28,11.09.2023 19:32:59,5,NIE,,
j-2023,10,21.11.2023,22.11.2023 09:32:30,118,135,Warmińsko-mazurskie,74,Medycyna rodzinna,2023/024097,Rezydencki,87.92,4.43,27.09.2023 11:48:30,5,NIE,,
j-2023,10,21.11.2023,22.11.2023 09:32:30,118,135,Warmińsko-mazurskie,75,Medycyna rodzinna,2023/024455,Pozarezydencki,68.20,4.12,28.10.2023 19:01:45,1,NIE,,
j-2023,10,21.11.2023,22.11.2023 09:32:30,118,135,Warmińsko-mazurskie,76,Nefrologia,2023/027497,Rezydencki,85.85,3.60,23.10.2023 12:37:16,2,NIE,,
j-2023,10,21.11.2023,22.11.2023 09:32:30,118,135,Warmińsko-mazurskie,77,Nefrologia,2023/020825,Rezydencki,85.85,3.39,02.10.2023 22:52:29,2,NIE,,
j-2023,10,21.11.2023,22.11.2023 09:32:30,118,135,Warmińsko-mazurskie,78,Neurochirurgia,2023/028884,Rezydencki,83.17,3.98,18.10.2023 13:45:53,3,NIE,,
j-2023,10,21.11.2023,22.11.2023 09:32:30,118,135,Warmińsko-mazurskie,79,Neurochirurgia,2023/020647,Rezydencki,78.92,3.72,30.09.2023 21:51:58,3,NIE,,
j-2023,10,21.11.2023,22.11.2023 09:32:30,118,135,Warmińsko-mazurskie,80,Neurochirurgia,2023/023155,Rezydencki,78.05,3.26,29.09.2023 18:58:33,3,NIE,,
j-2023,10,21.11.2023,22.11.2023 09:32:30,118,135,Warmińsko-mazurskie,81,Neurologia,2023/021987,Rezydencki,92.03,4.59,29.09.2023 19:27:28,1,NIE,,
j-2023,10,21.11.2023,22.11.2023 09:32:30,118,135,Warmińsko-mazurskie,82,Okulistyka,2023/027223,Rezydencki,90.20,4.23,29.09.2023 20:56:07,4,NIE,,
j-2023,10,21.11.2023,22.11.2023 09:32:30,118,135,Warmińsko-mazurskie,83,Okulistyka,2023/023356,Rezydencki,88.89,4.06,25.09.2023 21:19:03,4,NIE,,
j-2023,10,21.11.2023,22.11.2023 09:32:30,118,135,Warmińsko-mazurskie,84,Okulistyka,2023/028556,Rezydencki,88.29,4.00,30.09.2023 23:35:19,4,NIE,,
j-2023,10,21.11.2023,22.11.2023 09:32:30,118,135,Warmińsko-mazurskie,85,Okulistyka,2023/019821,Rezydencki,87.44,3.94,28.09.2023 13:37:41,4,NIE,,
j-2023,10,21.11.2023,22.11.2023 09:32:30,118,135,Warmińsko-mazurskie,86,Onkologia i hematologia dziecięca,2023/026224,Rezydencki,82.93,3.38,28.09.2023 20:35:17,1,NIE,,
j-2023,10,21.11.2023,22.11.2023 09:32:30,118,135,Warmińsko-mazurskie,87,Onkologia kliniczna,2023/024891,Rezydencki,84.54,3.84,21.09.2023 23:36:41,1,NIE,,
j-2023,10,21.11.2023,22.11.2023 09:32:30,118,135,Warmińsko-mazurskie,88,Onkologia kliniczna,2023/020338,Pozarezydencki,62.50,0.00,15.09.2023 22:22:50,1,NIE,,
j-2023,10,21.11.2023,22.11.2023 09:32:30,118,135,Warmińsko-mazurskie,89,Ortodoncja,2023/024211,Rezydencki,86.96,4.14,19.09.2023 20:23:47,2,NIE,,
j-2023,10,21.11.2023,22.11.2023 09:32:30,118,135,Warmińsko-mazurskie,90,Ortodoncja,2023/019604,Rezydencki,85.24,4.45,20.10.2023 21:52:17,2,NIE,,
j-2023,10,21.11.2023,22.11.2023 09:32:30,118,135,Warmińsko-mazurskie,91,Ortopedia i traumatologia narządu ruchu,2023/030946,Rezydencki,90.20,4.48,02.10.2023 20:38:05,8,NIE,,
j-2023,10,21.11.2023,22.11.2023 09:32:30,118,135,Warmińsko-mazurskie,92,Ortopedia i traumatologia narządu ruchu,2023/026144,Rezydencki,86.47,3.82,27.09.2023 22:59:37,8,NIE,,
j-2023,10,21.11.2023,22.11.2023 09:32:30,118,135,Warmińsko-mazurskie,93,Ortopedia i traumatologia narządu ruchu,2023/022005,Rezydencki,83.90,3.49,27.09.2023 19:21:28,8,NIE,,
j-2023,10,21.11.2023,22.11.2023 09:32:30,118,135,Warmińsko-mazurskie,94,Ortopedia i traumatologia narządu ruchu,2023/020536,Rezydencki,81.64,0.00,04.09.2023 18:49:08,8,NIE,,
j-2023,10,21.11.2023,22.11.2023 09:32:30,118,135,Warmińsko-mazurskie,95,Ortopedia i traumatologia narządu ruchu,2023/019339,Rezydencki,69.12,3.34,01.09.2023 07:21:45,8,NIE,,
j-2023,10,21.11.2023,22.11.2023 09:32:30,118,135,Warmińsko-mazurskie,96,Ortopedia i traumatologia narządu ruchu,2023/022754,Rezydencki,67.32,3.30,21.10.2023 18:28:52,8,NIE,,
j-2023,10,21.11.2023,22.11.2023 09:32:30,118,135,Warmińsko-mazurskie,97,Ortopedia i traumatologia narządu ruchu,2023/019501,Rezydencki,67.32,3.25,30.09.2023 22:09:54,8,NIE,,
j-2023,10,21.11.2023,22.11.2023 09:32:30,118,135,Warmińsko-mazurskie,98,Ortopedia i traumatologia narządu ruchu,2023/030801,Rezydencki,66.83,3.29,28.10.2023 11:57:21,8,NIE,,
j-2023,10,21.11.2023,22.11.2023 09:32:30,118,135,Warmińsko-mazurskie,99,Otorynolaryngologia,2023/024243,Rezydencki,87.44,3.76,19.09.2023 21:57:20,4,NIE,,
j-2023,10,21.11.2023,22.11.2023 09:32:30,118,135,Warmińsko-mazurskie,100,Otorynolaryngologia,2023/027184,Rezydencki,86.76,4.39,16.10.2023 13:53:43,4,NIE,,
j-2023,10,21.11.2023,22.11.2023 09:32:30,118,135,Warmińsko-mazurskie,101,Otorynolaryngologia,2023/019749,Rezydencki,85.99,4.18,01.09.2023 15:34:01,4,NIE,,
j-2023,10,21.11.2023,22.11.2023 09:32:30,118,135,Warmińsko-mazurskie,102,Otorynolaryngologia,2023/025764,Rezydencki,85.85,4.51,02.10.2023 17:08:02,4,NIE,,
j-2023,10,21.11.2023,22.11.2023 09:32:30,118,135,Warmińsko-mazurskie,103,Otorynolaryngologia dziecięca,2023/021332,Pozarezydencki,59.43,3.29,07.09.2023 14:02:10,1,NIE,,
j-2023,10,21.11.2023,22.11.2023 09:32:30,118,135,Warmińsko-mazurskie,104,Patomorfologia,2023/023813,Rezydencki,72.55,2.91,18.09.2023 17:00:55,1,NIE,,
j-2023,10,21.11.2023,22.11.2023 09:32:30,118,135,Warmińsko-mazurskie,105,Pediatria,2023/027624,Rezydencki,88.73,3.65,02.10.2023 20:18:27,6,NIE,,
j-2023,10,21.11.2023,22.11.2023 09:32:30,118,135,Warmińsko-mazurskie,106,Pediatria,2023/023235,Rezydencki,87.32,3.48,28.09.2023 16:34:33,6,NIE,,
j-2023,10,21.11.2023,22.11.2023 09:32:30,118,135,Warmińsko-mazurskie,107,Pediatria,2023/020648,Rezydencki,86.76,3.73,20.09.2023 15:14:06,6,NIE,,
j-2023,10,21.11.2023,22.11.2023 09:32:30,118,135,Warmińsko-mazurskie,108,Pediatria,2023/023227,Rezydencki,85.02,3.88,15.09.2023 22:03:22,6,NIE,,
j-2023,10,21.11.2023,22.11.2023 09:32:30,119,135,Warmińsko-mazurskie,109,Pediatria,2023/029960,Rezydencki,82.35,3.92,20.10.2023 10:37:52,6,NIE,,
j-2023,10,21.11.2023,22.11.2023 09:32:30,119,135,Warmińsko-mazurskie,110,Pediatria,2023/027555,Rezydencki,77.56,3.97,23.10.2023 11:57:15,6,NIE,,
j-2023,10,21.11.2023,22.11.2023 09:32:30,119,135,Warmińsko-mazurskie,111,Pediatria,2023/022643,Pozarezydencki,80.00,4.26,29.09.2023 14:32:36,1,NIE,,
j-2023,10,21.11.2023,22.11.2023 09:32:30,119,135,Warmińsko-mazurskie,112,Położnictwo i ginekologia,2023/023313,Rezydencki,90.73,4.26,28.09.2023 16:12:43,7,NIE,,
j-2023,10,21.11.2023,22.11.2023 09:32:30,119,135,Warmińsko-mazurskie,113,Położnictwo i ginekologia,2023/027733,Rezydencki,89.27,3.98,20.10.2023 12:38:42,7,NIE,,
j-2023,10,21.11.2023,22.11.2023 09:32:30,119,135,Warmińsko-mazurskie,114,Położnictwo i ginekologia,2023/019745,Rezydencki,86.27,3.95,20.10.2023 11:49:56,7,NIE,,
j-2023,10,21.11.2023,22.11.2023 09:32:30,119,135,Warmińsko-mazurskie,115,Położnictwo i ginekologia,2023/019411,Rezydencki,85.51,3.93,29.09.2023 22:04:48,7,NIE,,
j-2023,10,21.11.2023,22.11.2023 09:32:30,119,135,Warmińsko-mazurskie,116,Położnictwo i ginekologia,2023/020496,Rezydencki,80.68,3.95,20.10.2023 16:19:53,7,NIE,,
j-2023,10,21.11.2023,22.11.2023 09:32:30,119,135,Warmińsko-mazurskie,117,Położnictwo i ginekologia,2023/030842,Rezydencki,75.00,3.37,02.10.2023 20:20:47,7,NIE,,
j-2023,10,21.11.2023,22.11.2023 09:32:30,119,135,Warmińsko-mazurskie,118,Położnictwo i ginekologia,2023/028729,Rezydencki,70.24,3.64,20.10.2023 16:12:16,7,NIE,,
j-2023,10,21.11.2023,22.11.2023 09:32:30,119,135,Warmińsko-mazurskie,119,Psychiatria,2023/026194,Rezydencki,86.34,3.52,28.09.2023 19:19:53,5,NIE,,
j-2023,10,21.11.2023,22.11.2023 09:32:30,119,135,Warmińsko-mazurskie,120,Psychiatria,2023/025100,Rezydencki,86.27,4.49,30.09.2023 22:56:13,5,NIE,,
j-2023,10,21.11.2023,22.11.2023 09:32:30,119,135,Warmińsko-mazurskie,121,Psychiatria,2023/026596,Rezydencki,83.33,3.37,01.10.2023 20:51:27,5,NIE,,
j-2023,10,21.11.2023,22.11.2023 09:32:30,119,135,Warmińsko-mazurskie,122,Psychiatria,2023/023911,Rezydencki,66.83,3.23,29.09.2023 09:21:31,5,NIE,,
j-2023,10,21.11.2023,22.11.2023 09:32:30,119,135,Warmińsko-mazurskie,123,Psychiatria,2023/022430,Rezydencki,64.15,3.67,29.09.2023 12:29:11,5,NIE,,
j-2023,10,21.11.2023,22.11.2023 09:32:30,119,135,Warmińsko-mazurskie,124,Psychiatria,2023/020679,Pozarezydencki,53.24,0.00,22.09.2023 14:57:58,1,NIE,,
j-2023,10,21.11.2023,22.11.2023 09:32:30,119,135,Warmińsko-mazurskie,125,Psychiatria dzieci i młodzieży,2023/021744,Rezydencki,87.80,3.97,19.10.2023 17:43:51,2,NIE,,
j-2023,10,21.11.2023,22.11.2023 09:32:30,119,135,Warmińsko-mazurskie,126,Psychiatria dzieci i młodzieży,2023/021526,Rezydencki,87.75,4.21,07.09.2023 21:36:39,2,NIE,,
j-2023,10,21.11.2023,22.11.2023 09:32:30,119,135,Warmińsko-mazurskie,127,Psychiatria dzieci i młodzieży,2023/022498,Pozarezydencki,82.79,3.82,29.09.2023 21:17:29,1,NIE,,
j-2023,10,21.11.2023,22.11.2023 09:32:30,119,135,Warmińsko-mazurskie,128,Radiologia i diagnostyka obrazowa,2023/027951,Rezydencki,88.29,3.70,28.09.2023 14:07:11,4,NIE,,
j-2023,10,21.11.2023,22.11.2023 09:32:30,119,135,Warmińsko-mazurskie,129,Radiologia i diagnostyka obrazowa,2023/023522,Rezydencki,87.44,3.97,23.10.2023 18:08:27,4,NIE,,
j-2023,10,21.11.2023,22.11.2023 09:32:30,119,135,Warmińsko-mazurskie,130,Radiologia i diagnostyka obrazowa,2023/029329,Rezydencki,87.25,3.79,29.09.2023 23:50:35,4,NIE,,
j-2023,10,21.11.2023,22.11.2023 09:32:30,119,135,Warmińsko-mazurskie,131,Radiologia i diagnostyka obrazowa,2023/023466,Rezydencki,87.25,3.63,01.10.2023 16:49:49,4,NIE,,
j-2023,10,21.11.2023,22.11.2023 09:32:30,119,135,Warmińsko-mazurskie,132,Rehabilitacja medyczna,2023/026010,Pozarezydencki,53.70,0.00,24.10.2023 08:50:03,1,NIE,,
j-2023,10,21.11.2023,22.11.2023 09:32:30,119,135,Warmińsko-mazurskie,133,Reumatologia,2023/025182,Rezydencki,89.13,4.21,23.09.2023 11:09:04,2,NIE,,
j-2023,10,21.11.2023,22.11.2023 09:32:30,119,135,Warmińsko-mazurskie,134,Reumatologia,2023/020094,Rezydencki,87.44,4.12,24.09.2023 20:51:22,2,NIE,,
j-2023,10,21.11.2023,22.11.2023 09:32:30,119,135,Warmińsko-mazurskie,135,Reumatologia,2023/023518,Pozarezydencki,75.45,3.95,25.10.2023 12:12:55,1,NIE,,
j-2023,10,21.11.2023,22.11.2023 09:32:30,119,135,Warmińsko-mazurskie,136,Stomatologia zachowawcza z endodoncją,2023/026346,Rezydencki,81.16,0.00,28.09.2023 22:35:31,1,NIE,,
j-2023,10,21.11.2023,22.11.2023 09:32:30,119,135,Warmińsko-mazurskie,137,Urologia,2023/026972,Rezydencki,85.85,3.76,01.10.2023 21:00:40,2,NIE,,
j-2023,10,21.11.2023,22.11.2023 09:32:30,119,135,Warmińsko-mazurskie,138,Urologia,2023/019420,Rezydencki,85.78,3.58,01.09.2023 16:25:16,2,NIE,,
j-2023,10,21.11.2023,22.11.2023 09:32:30,119,135,Warmińsko-mazurskie,139,Urologia,2023/030277,Pozarezydencki,73.58,4.23,17.10.2023 12:41:12,1,NIE,,
j-2023,10,21.11.2023,22.11.2023 09:32:30,119,135,Warmińsko-mazurskie,1,Dermatologia i wenerologia,2023/020651,Rezydencki,85.78,3.91,06.09.2023 22:49:56,1,TAK,Miejski Szpital Zespolony,"Klinika Dermatologii, Chorób Przenoszonych Drogą Płciową i Immunologii Klinicznej"
j-2023,10,21.11.2023,22.11.2023 09:32:30,120,135,Wielkopolskie,1,Alergologia,2023/019322,Rezydencki,88.41,4.81,25.10.2023 15:38:51,1,NIE,,
j-2023,10,21.11.2023,22.11.2023 09:32:30,120,135,Wielkopolskie,2,Alergologia,2023/030150,Pozarezydencki,75.45,4.09,17.10.2023 09:41:07,2,NIE,,
j-2023,10,21.11.2023,22.11.2023 09:32:30,120,135,Wielkopolskie,3,Alergologia,2023/023546,Pozarezydencki,72.41,4.13,12.10.2023 10:59:02,2,NIE,,
j-2023,10,21.11.2023,22.11.2023 09:32:30,120,135,Wielkopolskie,4,Anestezjologia i intensywna terapia,2023/029000,Rezydencki,91.67,3.64,29.09.2023 15:23:24,13,NIE,,
j-2023,10,21.11.2023,22.11.2023 09:32:30,120,135,Wielkopolskie,5,Anestezjologia i intensywna terapia,2023/021663,Rezydencki,89.37,4.45,27.09.2023 18:55:59,13,NIE,,
j-2023,10,21.11.2023,22.11.2023 09:32:30,120,135,Wielkopolskie,6,Anestezjologia i intensywna terapia,2023/019349,Rezydencki,88.16,4.00,20.09.2023 12:26:06,13,NIE,,
j-2023,10,21.11.2023,22.11.2023 09:32:30,120,135,Wielkopolskie,7,Anestezjologia i intensywna terapia,2023/021506,Rezydencki,87.01,3.78,21.09.2023 21:20:15,13,NIE,,
j-2023,10,21.11.2023,22.11.2023 09:32:30,120,135,Wielkopolskie,8,Anestezjologia i intensywna terapia,2023/019606,Rezydencki,86.96,3.95,27.09.2023 21:51:57,13,NIE,,
j-2023,10,21.11.2023,22.11.2023 09:32:30,120,135,Wielkopolskie,9,Anestezjologia i intensywna terapia,2023/019818,Rezydencki,86.76,4.44,01.09.2023 17:37:09,13,NIE,,
j-2023,10,21.11.2023,22.11.2023 09:32:30,120,135,Wielkopolskie,10,Anestezjologia i intensywna terapia,2023/021671,Rezydencki,86.47,4.26,28.09.2023 11:26:38,13,NIE,,
j-2023,10,21.11.2023,22.11.2023 09:32:30,120,135,Wielkopolskie,11,Anestezjologia i intensywna terapia,2023/026805,Rezydencki,85.85,4.18,28.09.2023 17:08:06,13,NIE,,
j-2023,10,21.11.2023,22.11.2023 09:32:30,120,135,Wielkopolskie,12,Anestezjologia i intensywna terapia,2023/029779,Rezydencki,85.85,3.67,02.10.2023 09:09:28,13,NIE,,
j-2023,10,21.11.2023,22.11.2023 09:32:30,120,135,Wielkopolskie,13,Anestezjologia i intensywna terapia,2023/022478,Rezydencki,85.51,3.22,09.10.2023 18:35:31,13,NIE,,
j-2023,10,21.11.2023,22.11.2023 09:32:30,120,135,Wielkopolskie,14,Anestezjologia i intensywna terapia,2023/021749,Rezydencki,84.54,4.30,25.10.2023 13:50:47,13,NIE,,
j-2023,10,21.11.2023,22.11.2023 09:32:30,120,135,Wielkopolskie,15,Anestezjologia i intensywna terapia,2023/022181,Rezydencki,84.54,3.63,02.10.2023 18:53:12,13,NIE,,
j-2023,10,21.11.2023,22.11.2023 09:32:30,120,135,Wielkopolskie,16,Anestezjologia i intensywna terapia,2023/027059,Rezydencki,84.39,4.27,11.10.2023 12:58:43,13,NIE,,
j-2023,10,21.11.2023,22.11.2023 09:32:30,120,135,Wielkopolskie,17,Anestezjologia i intensywna terapia,2023/028021,Pozarezydencki,79.72,3.62,28.09.2023 12:10:36,5,NIE,,
j-2023,10,21.11.2023,22.11.2023 09:32:30,120,135,Wielkopolskie,18,Anestezjologia i intensywna terapia,2023/019274,Pozarezydencki,77.31,4.00,13.10.2023 11:06:42,5,NIE,,
j-2023,10,21.11.2023,22.11.2023 09:32:30,120,135,Wielkopolskie,19,Anestezjologia i intensywna terapia,2023/020202,Pozarezydencki,77.10,3.95,02.10.2023 15:20:13,5,NIE,,
j-2023,10,21.11.2023,22.11.2023 09:32:30,120,135,Wielkopolskie,20,Anestezjologia i intensywna terapia,2023/030248,Pozarezydencki,66.36,0.00,11.10.2023 12:42:15,5,NIE,,
j-2023,10,21.11.2023,22.11.2023 09:32:30,120,135,Wielkopolskie,21,Anestezjologia i intensywna terapia,2023/020233,Pozarezydencki,56.48,3.05,05.10.2023 21:29:15,5,NIE,,
j-2023,10,21.11.2023,22.11.2023 09:32:30,120,135,Wielkopolskie,22,Chirurgia dziecięca,2023/028217,Rezydencki,81.90,3.79,11.10.2023 01:13:11,2,NIE,,
j-2023,10,21.11.2023,22.11.2023 09:32:30,120,135,Wielkopolskie,23,Chirurgia dziecięca,2023/020840,Rezydencki,79.71,3.39,20.09.2023 14:53:51,2,NIE,,
j-2023,10,21.11.2023,22.11.2023 09:32:30,120,135,Wielkopolskie,24,Chirurgia dziecięca,2023/025544,Pozarezydencki,83.41,4.18,24.09.2023 17:05:32,2,NIE,,
j-2023,10,21.11.2023,22.11.2023 09:32:30,120,135,Wielkopolskie,25,Chirurgia dziecięca,2023/026238,Pozarezydencki,78.80,3.70,26.09.2023 21:02:49,2,NIE,,
j-2023,10,21.11.2023,22.11.2023 09:32:30,120,135,Wielkopolskie,26,Chirurgia klatki piersiowej,2023/024951,Rezydencki,75.12,3.76,20.10.2023 16:31:53,1,NIE,,
j-2023,10,21.11.2023,22.11.2023 09:32:30,120,135,Wielkopolskie,27,Chirurgia naczyniowa,2023/024095,Rezydencki,88.41,4.45,02.10.2023 17:35:19,1,NIE,,
j-2023,10,21.11.2023,22.11.2023 09:32:30,120,135,Wielkopolskie,28,Chirurgia ogólna,2023/031094,Rezydencki,88.41,4.08,02.10.2023 22:40:30,15,NIE,,
j-2023,10,21.11.2023,22.11.2023 09:32:30,120,135,Wielkopolskie,29,Chirurgia ogólna,2023/019667,Rezydencki,86.96,4.22,01.09.2023 13:14:33,15,NIE,,
j-2023,10,21.11.2023,22.11.2023 09:32:30,120,135,Wielkopolskie,30,Chirurgia ogólna,2023/019966,Rezydencki,84.54,3.90,02.09.2023 10:23:16,15,NIE,,
j-2023,10,21.11.2023,22.11.2023 09:32:30,120,135,Wielkopolskie,31,Chirurgia ogólna,2023/029083,Rezydencki,84.06,4.00,02.10.2023 15:52:28,15,NIE,,
j-2023,10,21.11.2023,22.11.2023 09:32:30,120,135,Wielkopolskie,32,Chirurgia ogólna,2023/025385,Rezydencki,82.84,4.26,17.10.2023 12:48:35,15,NIE,,
j-2023,10,21.11.2023,22.11.2023 09:32:30,120,135,Wielkopolskie,33,Chirurgia ogólna,2023/019320,Rezydencki,82.13,3.96,01.09.2023 02:58:41,15,NIE,,
j-2023,10,21.11.2023,22.11.2023 09:32:30,120,135,Wielkopolskie,34,Chirurgia ogólna,2023/020173,Rezydencki,81.16,3.20,21.09.2023 17:02:29,15,NIE,,
j-2023,10,21.11.2023,22.11.2023 09:32:30,120,135,Wielkopolskie,35,Chirurgia ogólna,2023/020289,Rezydencki,79.23,4.00,29.09.2023 21:10:18,15,NIE,,
j-2023,10,21.11.2023,22.11.2023 09:32:30,120,135,Wielkopolskie,36,Chirurgia ogólna,2023/028040,Rezydencki,79.23,3.99,11.10.2023 16:27:14,15,NIE,,
j-2023,10,21.11.2023,22.11.2023 09:32:30,120,135,Wielkopolskie,37,Chirurgia ogólna,2023/019843,Rezydencki,76.81,3.62,26.09.2023 14:47:28,15,NIE,,
j-2023,10,21.11.2023,22.11.2023 09:32:30,121,135,Wielkopolskie,38,Chirurgia ogólna,2023/028644,Rezydencki,75.85,3.23,28.09.2023 22:30:44,15,NIE,,
j-2023,10,21.11.2023,22.11.2023 09:32:30,121,135,Wielkopolskie,39,Chirurgia ogólna,2023/022505,Rezydencki,75.49,3.90,12.09.2023 20:12:01,15,NIE,,
j-2023,10,21.11.2023,22.11.2023 09:32:30,121,135,Wielkopolskie,40,Chirurgia ogólna,2023/025089,Rezydencki,72.95,3.60,22.09.2023 17:21:23,15,NIE,,
j-2023,10,21.11.2023,22.11.2023 09:32:30,121,135,Wielkopolskie,41,Chirurgia ogólna,2023/023565,Rezydencki,70.05,3.58,30.09.2023 08:23:06,15,NIE,,
j-2023,10,21.11.2023,22.11.2023 09:32:30,121,135,Wielkopolskie,42,Chirurgia ogólna,2023/027099,Rezydencki,68.78,3.03,11.10.2023 09:54:42,15,NIE,,
j-2023,10,21.11.2023,22.11.2023 09:32:30,121,135,Wielkopolskie,43,Chirurgia onkologiczna,2023/026278,Rezydencki,86.34,4.16,19.10.2023 22:27:41,3,NIE,,
j-2023,10,21.11.2023,22.11.2023 09:32:30,121,135,Wielkopolskie,44,Chirurgia onkologiczna,2023/025967,Rezydencki,85.78,4.22,02.10.2023 00:38:44,3,NIE,,
j-2023,10,21.11.2023,22.11.2023 09:32:30,121,135,Wielkopolskie,45,Chirurgia onkologiczna,2023/023414,Rezydencki,84.54,3.55,30.09.2023 10:23:49,3,NIE,,
j-2023,10,21.11.2023,22.11.2023 09:32:30,121,135,Wielkopolskie,46,Chirurgia onkologiczna,2023/024315,Pozarezydencki,80.00,3.95,26.09.2023 09:12:31,2,NIE,,
j-2023,10,21.11.2023,22.11.2023 09:32:30,121,135,Wielkopolskie,47,Chirurgia onkologiczna,2023/021349,Pozarezydencki,71.36,3.69,10.10.2023 16:05:01,2,NIE,,
j-2023,10,21.11.2023,22.11.2023 09:32:30,121,135,Wielkopolskie,48,Chirurgia stomatologiczna,2023/029311,Rezydencki,85.02,4.14,21.10.2023 15:10:31,1,NIE,,
j-2023,10,21.11.2023,22.11.2023 09:32:30,121,135,Wielkopolskie,49,Chirurgia szczękowo-twarzowa,2023/024796,Rezydencki,86.34,3.61,30.09.2023 02:57:50,1,NIE,,
j-2023,10,21.11.2023,22.11.2023 09:32:30,121,135,Wielkopolskie,50,Choroby płuc,2023/019248,Rezydencki,90.10,4.39,28.09.2023 21:39:32,2,NIE,,
j-2023,10,21.11.2023,22.11.2023 09:32:30,121,135,Wielkopolskie,51,Choroby płuc,2023/025526,Rezydencki,89.37,4.32,24.09.2023 16:39:09,2,NIE,,
j-2023,10,21.11.2023,22.11.2023 09:32:30,121,135,Wielkopolskie,52,Choroby płuc,2023/019880,Pozarezydencki,89.32,4.23,01.09.2023 21:46:00,1,NIE,,
j-2023,10,21.11.2023,22.11.2023 09:32:30,121,135,Wielkopolskie,53,Choroby płuc dzieci,2023/024987,Rezydencki,88.78,4.17,01.10.2023 14:53:16,1,NIE,,
j-2023,10,21.11.2023,22.11.2023 09:32:30,121,135,Wielkopolskie,54,Choroby wewnętrzne,2023/019680,Rezydencki,88.89,4.57,04.10.2023 14:02:37,19,NIE,,
j-2023,10,21.11.2023,22.11.2023 09:32:30,121,135,Wielkopolskie,55,Choroby wewnętrzne,2023/026678,Rezydencki,88.89,4.22,29.09.2023 10:51:16,19,NIE,,
j-2023,10,21.11.2023,22.11.2023 09:32:30,121,135,Wielkopolskie,56,Choroby wewnętrzne,2023/029633,Rezydencki,88.89,4.02,30.09.2023 20:05:55,19,NIE,,
j-2023,10,21.11.2023,22.11.2023 09:32:30,121,135,Wielkopolskie,57,Choroby wewnętrzne,2023/027395,Rezydencki,88.78,4.43,28.09.2023 18:44:05,19,NIE,,
j-2023,10,21.11.2023,22.11.2023 09:32:30,121,135,Wielkopolskie,58,Choroby wewnętrzne,2023/020654,Rezydencki,88.73,4.80,22.09.2023 20:12:20,19,NIE,,
j-2023,10,21.11.2023,22.11.2023 09:32:30,121,135,Wielkopolskie,59,Choroby wewnętrzne,2023/022073,Rezydencki,88.41,3.98,24.09.2023 15:12:36,19,NIE,,
j-2023,10,21.11.2023,22.11.2023 09:32:30,121,135,Wielkopolskie,60,Choroby wewnętrzne,2023/021670,Rezydencki,87.44,4.30,29.09.2023 14:30:09,19,NIE,,
j-2023,10,21.11.2023,22.11.2023 09:32:30,121,135,Wielkopolskie,61,Choroby wewnętrzne,2023/025227,Rezydencki,87.44,4.15,25.09.2023 18:09:15,19,NIE,,
j-2023,10,21.11.2023,22.11.2023 09:32:30,121,135,Wielkopolskie,62,Choroby wewnętrzne,2023/030431,Rezydencki,87.44,3.53,11.10.2023 14:09:52,19,NIE,,
j-2023,10,21.11.2023,22.11.2023 09:32:30,121,135,Wielkopolskie,63,Choroby wewnętrzne,2023/022675,Rezydencki,86.96,4.80,23.09.2023 13:30:39,19,NIE,,
j-2023,10,21.11.2023,22.11.2023 09:32:30,121,135,Wielkopolskie,64,Choroby wewnętrzne,2023/025301,Rezydencki,86.96,4.57,23.09.2023 21:35:39,19,NIE,,
j-2023,10,21.11.2023,22.11.2023 09:32:30,121,135,Wielkopolskie,65,Choroby wewnętrzne,2023/022188,Rezydencki,86.96,4.10,27.09.2023 14:59:29,19,NIE,,
j-2023,10,21.11.2023,22.11.2023 09:32:30,121,135,Wielkopolskie,66,Choroby wewnętrzne,2023/020706,Rezydencki,86.47,3.62,02.10.2023 19:49:10,19,NIE,,
j-2023,10,21.11.2023,22.11.2023 09:32:30,121,135,Wielkopolskie,67,Choroby wewnętrzne,2023/029722,Rezydencki,86.27,4.20,30.09.2023 22:54:38,19,NIE,,
j-2023,10,21.11.2023,22.11.2023 09:32:30,121,135,Wielkopolskie,68,Choroby wewnętrzne,2023/025559,Rezydencki,85.99,4.14,01.10.2023 00:14:44,19,NIE,,
j-2023,10,21.11.2023,22.11.2023 09:32:30,121,135,Wielkopolskie,69,Choroby wewnętrzne,2023/028238,Rezydencki,85.99,4.13,02.10.2023 18:36:43,19,NIE,,
j-2023,10,21.11.2023,22.11.2023 09:32:30,121,135,Wielkopolskie,70,Choroby wewnętrzne,2023/030795,Rezydencki,84.88,4.43,02.10.2023 18:29:41,19,NIE,,
j-2023,10,21.11.2023,22.11.2023 09:32:30,121,135,Wielkopolskie,71,Choroby wewnętrzne,2023/029153,Rezydencki,84.80,4.16,29.09.2023 18:50:53,19,NIE,,
j-2023,10,21.11.2023,22.11.2023 09:32:30,121,135,Wielkopolskie,72,Choroby wewnętrzne,2023/029313,Rezydencki,84.54,3.85,30.09.2023 00:17:26,19,NIE,,
j-2023,10,21.11.2023,22.11.2023 09:32:30,121,135,Wielkopolskie,73,Choroby wewnętrzne,2023/025758,Pozarezydencki,82.03,4.13,24.09.2023 22:51:22,2,NIE,,
j-2023,10,21.11.2023,22.11.2023 09:32:30,121,135,Wielkopolskie,74,Choroby wewnętrzne,2023/029182,Pozarezydencki,78.50,3.81,29.09.2023 19:43:18,2,NIE,,
j-2023,10,21.11.2023,22.11.2023 09:32:30,122,135,Wielkopolskie,75,Dermatologia i wenerologia,2023/026563,Pozarezydencki,85.51,4.33,01.10.2023 21:12:42,1,NIE,,
j-2023,10,21.11.2023,22.11.2023 09:32:30,122,135,Wielkopolskie,76,Diabetologia,2023/028984,Rezydencki,89.37,4.03,02.10.2023 21:44:23,1,NIE,,
j-2023,10,21.11.2023,22.11.2023 09:32:30,122,135,Wielkopolskie,77,Endokrynologia,2023/030462,Rezydencki,93.24,4.57,02.10.2023 23:58:37,1,NIE,,
j-2023,10,21.11.2023,22.11.2023 09:32:30,122,135,Wielkopolskie,78,Endokrynologia ginekologiczna i rozrodczość,2023/025045,Pozarezydencki,84.55,4.26,20.10.2023 10:18:15,3,NIE,,
j-2023,10,21.11.2023,22.11.2023 09:32:30,122,135,Wielkopolskie,79,Endokrynologia ginekologiczna i rozrodczość,2023/026479,Pozarezydencki,84.55,4.09,23.10.2023 13:03:44,3,NIE,,
j-2023,10,21.11.2023,22.11.2023 09:32:30,122,135,Wielkopolskie,80,Endokrynologia ginekologiczna i rozrodczość,2023/028846,Pozarezydencki,84.32,3.76,17.10.2023 13:10:22,3,NIE,,
j-2023,10,21.11.2023,22.11.2023 09:32:30,122,135,Wielkopolskie,81,Endokrynologia i diabetologia dziecięca,2023/019712,Rezydencki,94.12,4.50,22.09.2023 20:48:32,2,NIE,,
j-2023,10,21.11.2023,22.11.2023 09:32:30,122,135,Wielkopolskie,82,Endokrynologia i diabetologia dziecięca,2023/026140,Rezydencki,91.06,4.33,02.10.2023 21:00:53,2,NIE,,
j-2023,10,21.11.2023,22.11.2023 09:32:30,122,135,Wielkopolskie,83,Gastroenterologia,2023/028109,Pozarezydencki,83.88,3.76,24.10.2023 20:02:40,2,NIE,,
j-2023,10,21.11.2023,22.11.2023 09:32:30,122,135,Wielkopolskie,84,Gastroenterologia,2023/020613,Pozarezydencki,83.87,4.08,04.09.2023 21:11:15,2,NIE,,
j-2023,10,21.11.2023,22.11.2023 09:32:30,122,135,Wielkopolskie,85,Gastroenterologia dziecięca,2023/024062,Pozarezydencki,75.45,0.00,08.10.2023 16:54:04,1,NIE,,
j-2023,10,21.11.2023,22.11.2023 09:32:30,122,135,Wielkopolskie,86,Geriatria,2023/023182,Pozarezydencki,70.91,0.00,15.09.2023 17:35:34,4,NIE,,
j-2023,10,21.11.2023,22.11.2023 09:32:30,122,135,Wielkopolskie,87,Geriatria,2023/029938,Pozarezydencki,70.91,0.00,01.10.2023 16:14:06,4,NIE,,
j-2023,10,21.11.2023,22.11.2023 09:32:30,122,135,Wielkopolskie,88,Geriatria,2023/023988,Pozarezydencki,66.67,4.19,17.10.2023 14:38:19,4,NIE,,
j-2023,10,21.11.2023,22.11.2023 09:32:30,122,135,Wielkopolskie,89,Geriatria,2023/021864,Pozarezydencki,0.00,0.00,30.09.2023 22:25:45,4,NIE,,
j-2023,10,21.11.2023,22.11.2023 09:32:30,122,135,Wielkopolskie,90,Ginekologia onkologiczna,2023/028964,Pozarezydencki,79.64,3.83,29.09.2023 14:01:36,2,NIE,,
j-2023,10,21.11.2023,22.11.2023 09:32:30,122,135,Wielkopolskie,91,Ginekologia onkologiczna,2023/023327,Pozarezydencki,70.91,4.08,23.10.2023 12:23:47,2,NIE,,
j-2023,10,21.11.2023,22.11.2023 09:32:30,122,135,Wielkopolskie,92,Hematologia,2023/030194,Rezydencki,88.41,4.13,24.10.2023 11:33:33,4,NIE,,
j-2023,10,21.11.2023,22.11.2023 09:32:30,122,135,Wielkopolskie,93,Hematologia,2023/020466,Rezydencki,87.20,3.82,05.09.2023 23:07:24,4,NIE,,
j-2023,10,21.11.2023,22.11.2023 09:32:30,122,135,Wielkopolskie,94,Hematologia,2023/019654,Rezydencki,85.02,3.59,26.09.2023 20:59:51,4,NIE,,
j-2023,10,21.11.2023,22.11.2023 09:32:30,122,135,Wielkopolskie,95,Hematologia,2023/030134,Rezydencki,84.88,3.18,02.10.2023 16:01:57,4,NIE,,
j-2023,10,21.11.2023,22.11.2023 09:32:30,122,135,Wielkopolskie,96,Immunologia kliniczna,2023/030972,Rezydencki,67.56,3.34,15.10.2023 09:34:04,1,NIE,,
j-2023,10,21.11.2023,22.11.2023 09:32:30,122,135,Wielkopolskie,97,Immunologia kliniczna,2023/021725,Pozarezydencki,86.73,4.38,25.10.2023 18:26:06,1,NIE,,
j-2023,10,21.11.2023,22.11.2023 09:32:30,122,135,Wielkopolskie,98,Kardiochirurgia,2023/029064,Rezydencki,88.73,4.26,29.09.2023 16:53:25,3,NIE,,
j-2023,10,21.11.2023,22.11.2023 09:32:30,122,135,Wielkopolskie,99,Kardiochirurgia,2023/023140,Rezydencki,83.57,3.36,21.09.2023 01:05:41,3,NIE,,
j-2023,10,21.11.2023,22.11.2023 09:32:30,122,135,Wielkopolskie,100,Kardiochirurgia,2023/024435,Rezydencki,83.41,3.70,28.09.2023 14:38:47,3,NIE,,
j-2023,10,21.11.2023,22.11.2023 09:32:30,122,135,Wielkopolskie,101,Kardiologia,2023/020075,Rezydencki,92.20,4.47,01.10.2023 22:01:34,12,NIE,,
j-2023,10,21.11.2023,22.11.2023 09:32:30,122,135,Wielkopolskie,102,Kardiologia,2023/021715,Rezydencki,90.98,4.83,30.09.2023 19:40:35,12,NIE,,
j-2023,10,21.11.2023,22.11.2023 09:32:30,122,135,Wielkopolskie,103,Kardiologia,2023/022457,Rezydencki,90.69,4.26,27.09.2023 10:26:39,12,NIE,,
j-2023,10,21.11.2023,22.11.2023 09:32:30,122,135,Wielkopolskie,104,Kardiologia,2023/021263,Rezydencki,90.58,4.92,07.09.2023 09:57:09,12,NIE,,
j-2023,10,21.11.2023,22.11.2023 09:32:30,122,135,Wielkopolskie,105,Kardiologia,2023/023405,Rezydencki,90.34,4.53,24.09.2023 16:43:00,12,NIE,,
j-2023,10,21.11.2023,22.11.2023 09:32:30,122,135,Wielkopolskie,106,Kardiologia,2023/022873,Rezydencki,90.20,4.02,14.09.2023 12:11:19,12,NIE,,
j-2023,10,21.11.2023,22.11.2023 09:32:30,122,135,Wielkopolskie,107,Kardiologia,2023/020583,Rezydencki,89.71,3.90,29.09.2023 19:29:58,12,NIE,,
j-2023,10,21.11.2023,22.11.2023 09:32:30,122,135,Wielkopolskie,108,Kardiologia,2023/025861,Rezydencki,89.37,4.52,13.10.2023 14:02:41,12,NIE,,
j-2023,10,21.11.2023,22.11.2023 09:32:30,122,135,Wielkopolskie,109,Kardiologia,2023/023196,Rezydencki,89.37,4.23,15.09.2023 18:45:46,12,NIE,,
j-2023,10,21.11.2023,22.11.2023 09:32:30,122,135,Wielkopolskie,110,Kardiologia,2023/030079,Rezydencki,88.97,4.03,02.10.2023 18:36:46,12,NIE,,
j-2023,10,21.11.2023,22.11.2023 09:32:30,122,135,Wielkopolskie,111,Kardiologia,2023/019312,Rezydencki,88.41,4.55,02.10.2023 00:33:04,12,NIE,,
j-2023,10,21.11.2023,22.11.2023 09:32:30,123,135,Wielkopolskie,112,Kardiologia,2023/030228,Rezydencki,88.24,4.28,02.10.2023 22:50:11,12,NIE,,
j-2023,10,21.11.2023,22.11.2023 09:32:30,123,135,Wielkopolskie,113,Kardiologia,2023/026172,Pozarezydencki,83.18,3.81,26.10.2023 14:39:42,6,NIE,,
j-2023,10,21.11.2023,22.11.2023 09:32:30,123,135,Wielkopolskie,114,Kardiologia,2023/028745,Pozarezydencki,83.09,0.00,13.10.2023 09:51:07,6,NIE,,
j-2023,10,21.11.2023,22.11.2023 09:32:30,123,135,Wielkopolskie,115,Kardiologia,2023/029326,Pozarezydencki,79.48,4.74,10.10.2023 18:58:06,6,NIE,,
j-2023,10,21.11.2023,22.11.2023 09:32:30,123,135,Wielkopolskie,116,Kardiologia,2023/029360,Pozarezydencki,77.21,3.36,26.10.2023 09:22:58,6,NIE,,
j-2023,10,21.11.2023,22.11.2023 09:32:30,123,135,Wielkopolskie,117,Kardiologia,2023/027436,Pozarezydencki,70.91,0.00,16.10.2023 16:50:55,6,NIE,,
j-2023,10,21.11.2023,22.11.2023 09:32:30,123,135,Wielkopolskie,118,Kardiologia,2023/031132,Pozarezydencki,55.05,0.00,19.10.2023 14:04:36,6,NIE,,
j-2023,10,21.11.2023,22.11.2023 09:32:30,123,135,Wielkopolskie,119,Kardiologia dziecięca,2023/019230,Rezydencki,90.49,4.58,01.10.2023 16:42:12,3,NIE,,
j-2023,10,21.11.2023,22.11.2023 09:32:30,123,135,Wielkopolskie,120,Kardiologia dziecięca,2023/026461,Rezydencki,88.41,4.61,27.09.2023 16:45:53,3,NIE,,
j-2023,10,21.11.2023,22.11.2023 09:32:30,123,135,Wielkopolskie,121,Kardiologia dziecięca,2023/025146,Rezydencki,85.12,3.95,29.09.2023 20:44:02,3,NIE,,
j-2023,10,21.11.2023,22.11.2023 09:32:30,123,135,Wielkopolskie,122,Medycyna morska i tropikalna,2023/019974,Rezydencki,83.33,3.34,27.09.2023 16:18:03,1,NIE,,
j-2023,10,21.11.2023,22.11.2023 09:32:30,123,135,Wielkopolskie,123,Medycyna morska i tropikalna,2023/019732,Pozarezydencki,75.94,3.76,12.10.2023 21:48:14,1,NIE,,
j-2023,10,21.11.2023,22.11.2023 09:32:30,123,135,Wielkopolskie,124,Medycyna nuklearna,2023/019841,Rezydencki,82.61,4.45,29.09.2023 13:38:22,1,NIE,,
j-2023,10,21.11.2023,22.11.2023 09:32:30,123,135,Wielkopolskie,125,Medycyna paliatywna,2023/023797,Pozarezydencki,80.00,0.00,05.10.2023 19:59:03,4,NIE,,
j-2023,10,21.11.2023,22.11.2023 09:32:30,123,135,Wielkopolskie,126,Medycyna paliatywna,2023/021063,Pozarezydencki,74.77,0.00,13.10.2023 12:16:06,4,NIE,,
j-2023,10,21.11.2023,22.11.2023 09:32:30,123,135,Wielkopolskie,127,Medycyna paliatywna,2023/029365,Pozarezydencki,66.36,3.31,19.10.2023 09:48:08,4,NIE,,
j-2023,10,21.11.2023,22.11.2023 09:32:30,123,135,Wielkopolskie,128,Medycyna paliatywna,2023/021736,Pozarezydencki,52.73,3.58,09.10.2023 21:03:59,4,NIE,,
j-2023,10,21.11.2023,22.11.2023 09:32:30,123,135,Wielkopolskie,129,Medycyna pracy,2023/023480,Pozarezydencki,66.82,3.34,24.10.2023 18:18:11,1,NIE,,
j-2023,10,21.11.2023,22.11.2023 09:32:30,123,135,Wielkopolskie,130,Medycyna ratunkowa,2023/026851,Rezydencki,88.89,4.43,28.09.2023 14:43:06,11,NIE,,
j-2023,10,21.11.2023,22.11.2023 09:32:30,123,135,Wielkopolskie,131,Medycyna ratunkowa,2023/029295,Rezydencki,86.23,4.06,01.10.2023 20:20:31,11,NIE,,
j-2023,10,21.11.2023,22.11.2023 09:32:30,123,135,Wielkopolskie,132,Medycyna ratunkowa,2023/028774,Rezydencki,85.51,4.40,29.09.2023 09:27:41,11,NIE,,
j-2023,10,21.11.2023,22.11.2023 09:32:30,123,135,Wielkopolskie,133,Medycyna ratunkowa,2023/030374,Rezydencki,85.02,3.85,02.10.2023 10:26:15,11,NIE,,
j-2023,10,21.11.2023,22.11.2023 09:32:30,123,135,Wielkopolskie,134,Medycyna ratunkowa,2023/026192,Rezydencki,84.39,4.02,18.10.2023 22:02:23,11,NIE,,
j-2023,10,21.11.2023,22.11.2023 09:32:30,123,135,Wielkopolskie,135,Medycyna ratunkowa,2023/028654,Rezydencki,83.33,3.47,30.09.2023 19:51:49,11,NIE,,
j-2023,10,21.11.2023,22.11.2023 09:32:30,123,135,Wielkopolskie,136,Medycyna ratunkowa,2023/021534,Rezydencki,82.93,4.47,30.09.2023 15:30:50,11,NIE,,
j-2023,10,21.11.2023,22.11.2023 09:32:30,123,135,Wielkopolskie,137,Medycyna ratunkowa,2023/027204,Rezydencki,81.16,3.23,27.09.2023 13:51:18,11,NIE,,
j-2023,10,21.11.2023,22.11.2023 09:32:30,123,135,Wielkopolskie,138,Medycyna ratunkowa,2023/029056,Rezydencki,81.16,2.95,29.09.2023 16:40:24,11,NIE,,
j-2023,10,21.11.2023,22.11.2023 09:32:30,123,135,Wielkopolskie,139,Medycyna ratunkowa,2023/030984,Rezydencki,72.55,0.00,06.11.2023 14:17:37,11,NIE,,
j-2023,10,21.11.2023,22.11.2023 09:32:30,123,135,Wielkopolskie,140,Medycyna ratunkowa,2023/020260,Rezydencki,69.08,3.50,11.10.2023 19:07:42,11,NIE,,
j-2023,10,21.11.2023,22.11.2023 09:32:30,123,135,Wielkopolskie,141,Medycyna ratunkowa,2023/023764,Pozarezydencki,79.07,0.00,19.09.2023 20:57:47,4,NIE,,
j-2023,10,21.11.2023,22.11.2023 09:32:30,123,135,Wielkopolskie,142,Medycyna ratunkowa,2023/027143,Pozarezydencki,70.91,4.11,23.10.2023 07:20:24,4,NIE,,
j-2023,10,21.11.2023,22.11.2023 09:32:30,123,135,Wielkopolskie,143,Medycyna ratunkowa,2023/030455,Pozarezydencki,66.36,0.00,15.10.2023 11:02:16,4,NIE,,
j-2023,10,21.11.2023,22.11.2023 09:32:30,123,135,Wielkopolskie,144,Medycyna ratunkowa,2023/025845,Pozarezydencki,60.55,0.00,18.10.2023 11:37:46,4,NIE,,
j-2023,10,21.11.2023,22.11.2023 09:32:30,123,135,Wielkopolskie,145,Medycyna rodzinna,2023/019204,Rezydencki,90.73,4.08,28.09.2023 12:08:09,28,NIE,,
j-2023,10,21.11.2023,22.11.2023 09:32:30,123,135,Wielkopolskie,146,Medycyna rodzinna,2023/027134,Rezydencki,90.44,4.08,17.10.2023 08:30:40,28,NIE,,
j-2023,10,21.11.2023,22.11.2023 09:32:30,123,135,Wielkopolskie,147,Medycyna rodzinna,2023/027368,Rezydencki,90.20,4.65,27.09.2023 17:20:39,28,NIE,,
j-2023,10,21.11.2023,22.11.2023 09:32:30,123,135,Wielkopolskie,148,Medycyna rodzinna,2023/023175,Rezydencki,90.20,4.27,30.09.2023 15:45:44,28,NIE,,
j-2023,10,21.11.2023,22.11.2023 09:32:30,124,135,Wielkopolskie,149,Medycyna rodzinna,2023/023407,Rezydencki,88.78,3.73,01.10.2023 20:45:28,28,NIE,,
j-2023,10,21.11.2023,22.11.2023 09:32:30,124,135,Wielkopolskie,150,Medycyna rodzinna,2023/022525,Rezydencki,88.73,3.68,19.10.2023 08:26:11,28,NIE,,
j-2023,10,21.11.2023,22.11.2023 09:32:30,124,135,Wielkopolskie,151,Medycyna rodzinna,2023/023903,Rezydencki,88.41,4.29,18.09.2023 21:19:45,28,NIE,,
j-2023,10,21.11.2023,22.11.2023 09:32:30,124,135,Wielkopolskie,152,Medycyna rodzinna,2023/023237,Rezydencki,88.24,3.91,18.09.2023 21:10:03,28,NIE,,
j-2023,10,21.11.2023,22.11.2023 09:32:30,124,135,Wielkopolskie,153,Medycyna rodzinna,2023/020796,Rezydencki,87.99,4.34,05.09.2023 15:42:53,28,NIE,,
j-2023,10,21.11.2023,22.11.2023 09:32:30,124,135,Wielkopolskie,154,Medycyna rodzinna,2023/022998,Rezydencki,87.44,3.95,14.09.2023 22:39:32,28,NIE,,
j-2023,10,21.11.2023,22.11.2023 09:32:30,124,135,Wielkopolskie,155,Medycyna rodzinna,2023/024397,Rezydencki,86.96,3.74,20.09.2023 21:23:16,28,NIE,,
j-2023,10,21.11.2023,22.11.2023 09:32:30,124,135,Wielkopolskie,156,Medycyna rodzinna,2023/019337,Rezydencki,85.78,4.16,24.10.2023 15:54:33,28,NIE,,
j-2023,10,21.11.2023,22.11.2023 09:32:30,124,135,Wielkopolskie,157,Medycyna rodzinna,2023/024893,Rezydencki,85.02,4.22,21.09.2023 22:53:03,28,NIE,,
j-2023,10,21.11.2023,22.11.2023 09:32:30,124,135,Wielkopolskie,158,Medycyna rodzinna,2023/029319,Rezydencki,85.02,4.17,29.09.2023 23:28:51,28,NIE,,
j-2023,10,21.11.2023,22.11.2023 09:32:30,124,135,Wielkopolskie,159,Medycyna rodzinna,2023/021928,Rezydencki,84.39,3.51,28.09.2023 12:51:21,28,NIE,,
j-2023,10,21.11.2023,22.11.2023 09:32:30,124,135,Wielkopolskie,160,Medycyna rodzinna,2023/027959,Rezydencki,84.06,3.82,02.10.2023 20:31:26,28,NIE,,
j-2023,10,21.11.2023,22.11.2023 09:32:30,124,135,Wielkopolskie,161,Medycyna rodzinna,2023/019422,Rezydencki,83.09,3.44,01.09.2023 10:38:56,28,NIE,,
j-2023,10,21.11.2023,22.11.2023 09:32:30,124,135,Wielkopolskie,162,Medycyna rodzinna,2023/025465,Rezydencki,82.93,0.00,29.09.2023 22:12:38,28,NIE,,
j-2023,10,21.11.2023,22.11.2023 09:32:30,124,135,Wielkopolskie,163,Medycyna rodzinna,2023/024260,Rezydencki,82.61,4.12,19.09.2023 22:47:17,28,NIE,,
j-2023,10,21.11.2023,22.11.2023 09:32:30,124,135,Wielkopolskie,164,Medycyna rodzinna,2023/025111,Rezydencki,82.61,0.00,26.09.2023 14:44:01,28,NIE,,
j-2023,10,21.11.2023,22.11.2023 09:32:30,124,135,Wielkopolskie,165,Medycyna rodzinna,2023/030894,Rezydencki,82.35,3.41,02.10.2023 19:54:41,28,NIE,,
j-2023,10,21.11.2023,22.11.2023 09:32:30,124,135,Wielkopolskie,166,Medycyna rodzinna,2023/027227,Rezydencki,79.71,3.54,30.09.2023 17:47:03,28,NIE,,
j-2023,10,21.11.2023,22.11.2023 09:32:30,124,135,Wielkopolskie,167,Medycyna rodzinna,2023/029410,Rezydencki,79.02,3.83,30.09.2023 11:37:08,28,NIE,,
j-2023,10,21.11.2023,22.11.2023 09:32:30,124,135,Wielkopolskie,168,Medycyna rodzinna,2023/027459,Rezydencki,77.54,3.83,27.09.2023 18:52:09,28,NIE,,
j-2023,10,21.11.2023,22.11.2023 09:32:30,124,135,Wielkopolskie,169,Medycyna rodzinna,2023/024472,Rezydencki,74.39,3.96,10.10.2023 10:56:18,28,NIE,,
j-2023,10,21.11.2023,22.11.2023 09:32:30,124,135,Wielkopolskie,170,Medycyna rodzinna,2023/028291,Rezydencki,73.43,0.00,28.09.2023 23:29:23,28,NIE,,
j-2023,10,21.11.2023,22.11.2023 09:32:30,124,135,Wielkopolskie,171,Medycyna rodzinna,2023/022003,Rezydencki,71.08,3.83,01.10.2023 20:55:49,28,NIE,,
j-2023,10,21.11.2023,22.11.2023 09:32:30,124,135,Wielkopolskie,172,Medycyna rodzinna,2023/025282,Rezydencki,70.73,0.00,29.09.2023 21:02:15,28,NIE,,
j-2023,10,21.11.2023,22.11.2023 09:32:30,124,135,Wielkopolskie,173,Medycyna rodzinna,2023/023470,Pozarezydencki,93.64,0.00,11.10.2023 20:05:12,5,NIE,,
j-2023,10,21.11.2023,22.11.2023 09:32:30,124,135,Wielkopolskie,174,Medycyna rodzinna,2023/023552,Pozarezydencki,75.91,0.00,25.09.2023 00:08:54,5,NIE,,
j-2023,10,21.11.2023,22.11.2023 09:32:30,124,135,Wielkopolskie,175,Medycyna rodzinna,2023/030225,Pozarezydencki,69.27,0.00,01.10.2023 22:36:01,5,NIE,,
j-2023,10,21.11.2023,22.11.2023 09:32:30,124,135,Wielkopolskie,176,Medycyna rodzinna,2023/026363,Pozarezydencki,69.09,0.00,01.10.2023 22:00:19,5,NIE,,
j-2023,10,21.11.2023,22.11.2023 09:32:30,124,135,Wielkopolskie,177,Medycyna rodzinna,2023/022119,Pozarezydencki,57.27,0.00,10.10.2023 10:14:03,5,NIE,,
j-2023,10,21.11.2023,22.11.2023 09:32:30,124,135,Wielkopolskie,178,Medycyna sportowa,2023/023120,Pozarezydencki,70.91,3.38,25.09.2023 17:46:58,1,NIE,,
j-2023,10,21.11.2023,22.11.2023 09:32:30,124,135,Wielkopolskie,179,Medycyna sądowa,2023/020081,Rezydencki,86.96,4.26,28.09.2023 11:24:07,2,NIE,,
j-2023,10,21.11.2023,22.11.2023 09:32:30,124,135,Wielkopolskie,180,Medycyna sądowa,2023/019761,Rezydencki,85.99,3.43,01.09.2023 15:43:30,2,NIE,,
j-2023,10,21.11.2023,22.11.2023 09:32:30,124,135,Wielkopolskie,181,Nefrologia,2023/020083,Rezydencki,86.83,4.03,28.09.2023 15:46:51,3,NIE,,
j-2023,10,21.11.2023,22.11.2023 09:32:30,124,135,Wielkopolskie,182,Nefrologia,2023/023499,Rezydencki,85.51,4.25,17.09.2023 20:04:56,3,NIE,,
j-2023,10,21.11.2023,22.11.2023 09:32:30,124,135,Wielkopolskie,183,Nefrologia,2023/023283,Rezydencki,79.23,3.42,20.09.2023 00:49:43,3,NIE,,
j-2023,10,21.11.2023,22.11.2023 09:32:30,124,135,Wielkopolskie,184,Nefrologia,2023/026520,Pozarezydencki,66.06,0.00,05.10.2023 09:32:48,1,NIE,,
j-2023,10,21.11.2023,22.11.2023 09:32:30,124,135,Wielkopolskie,185,Neonatologia,2023/020480,Rezydencki,83.09,4.38,16.10.2023 17:45:24,1,NIE,,
j-2023,10,21.11.2023,22.11.2023 09:32:30,125,135,Wielkopolskie,186,Neurochirurgia,2023/030397,Rezydencki,87.99,4.47,02.10.2023 21:05:48,1,NIE,,
j-2023,10,21.11.2023,22.11.2023 09:32:30,125,135,Wielkopolskie,187,Neurologia,2023/024131,Rezydencki,89.86,4.43,22.09.2023 20:36:12,13,NIE,,
j-2023,10,21.11.2023,22.11.2023 09:32:30,125,135,Wielkopolskie,188,Neurologia,2023/024088,Rezydencki,89.71,4.00,05.10.2023 11:17:31,13,NIE,,
j-2023,10,21.11.2023,22.11.2023 09:32:30,125,135,Wielkopolskie,189,Neurologia,2023/019473,Rezydencki,87.92,4.41,01.09.2023 10:15:08,13,NIE,,
j-2023,10,21.11.2023,22.11.2023 09:32:30,125,135,Wielkopolskie,190,Neurologia,2023/027409,Rezydencki,85.99,3.76,02.10.2023 18:33:29,13,NIE,,
j-2023,10,21.11.2023,22.11.2023 09:32:30,125,135,Wielkopolskie,191,Neurologia,2023/028553,Rezydencki,85.02,3.92,28.09.2023 21:15:04,13,NIE,,
j-2023,10,21.11.2023,22.11.2023 09:32:30,125,135,Wielkopolskie,192,Neurologia,2023/026215,Rezydencki,84.80,4.04,28.09.2023 15:54:07,13,NIE,,
j-2023,10,21.11.2023,22.11.2023 09:32:30,125,135,Wielkopolskie,193,Neurologia,2023/024658,Rezydencki,84.80,3.85,30.09.2023 14:57:11,13,NIE,,
j-2023,10,21.11.2023,22.11.2023 09:32:30,125,135,Wielkopolskie,194,Neurologia,2023/028778,Rezydencki,84.39,3.58,01.10.2023 10:34:47,13,NIE,,
j-2023,10,21.11.2023,22.11.2023 09:32:30,125,135,Wielkopolskie,195,Neurologia,2023/023863,Rezydencki,84.07,4.04,24.10.2023 10:41:30,13,NIE,,
j-2023,10,21.11.2023,22.11.2023 09:32:30,125,135,Wielkopolskie,196,Neurologia,2023/019854,Rezydencki,83.82,5.00,30.09.2023 22:49:15,13,NIE,,
j-2023,10,21.11.2023,22.11.2023 09:32:30,125,135,Wielkopolskie,197,Neurologia,2023/022717,Rezydencki,81.86,3.95,23.10.2023 10:17:38,13,NIE,,
j-2023,10,21.11.2023,22.11.2023 09:32:30,125,135,Wielkopolskie,198,Neurologia,2023/028766,Rezydencki,80.39,4.10,02.10.2023 20:10:01,13,NIE,,
j-2023,10,21.11.2023,22.11.2023 09:32:30,125,135,Wielkopolskie,199,Neurologia,2023/029298,Rezydencki,77.56,3.88,07.10.2023 21:20:42,13,NIE,,
j-2023,10,21.11.2023,22.11.2023 09:32:30,125,135,Wielkopolskie,200,Neurologia dziecięca,2023/020088,Rezydencki,89.37,4.48,06.09.2023 22:17:39,3,NIE,,
j-2023,10,21.11.2023,22.11.2023 09:32:30,125,135,Wielkopolskie,201,Neurologia dziecięca,2023/022970,Rezydencki,87.75,4.20,28.09.2023 13:22:04,3,NIE,,
j-2023,10,21.11.2023,22.11.2023 09:32:30,125,135,Wielkopolskie,202,Neurologia dziecięca,2023/021978,Rezydencki,83.41,3.88,28.09.2023 19:01:03,3,NIE,,
j-2023,10,21.11.2023,22.11.2023 09:32:30,125,135,Wielkopolskie,203,Okulistyka,2023/020627,Rezydencki,89.86,4.00,04.10.2023 10:53:41,4,NIE,,
j-2023,10,21.11.2023,22.11.2023 09:32:30,125,135,Wielkopolskie,204,Okulistyka,2023/026843,Rezydencki,89.37,4.47,02.10.2023 21:21:42,4,NIE,,
j-2023,10,21.11.2023,22.11.2023 09:32:30,125,135,Wielkopolskie,205,Okulistyka,2023/027611,Rezydencki,88.89,3.93,24.10.2023 19:26:18,4,NIE,,
j-2023,10,21.11.2023,22.11.2023 09:32:30,125,135,Wielkopolskie,206,Okulistyka,2023/028587,Rezydencki,88.41,3.92,11.10.2023 11:35:03,4,NIE,,
j-2023,10,21.11.2023,22.11.2023 09:32:30,125,135,Wielkopolskie,207,Okulistyka,2023/020890,Pozarezydencki,81.40,4.25,02.10.2023 23:17:01,3,NIE,,
j-2023,10,21.11.2023,22.11.2023 09:32:30,125,135,Wielkopolskie,208,Okulistyka,2023/028826,Pozarezydencki,80.65,3.82,29.09.2023 10:53:34,3,NIE,,
j-2023,10,21.11.2023,22.11.2023 09:32:30,125,135,Wielkopolskie,209,Okulistyka,2023/026963,Pozarezydencki,80.18,3.82,23.10.2023 14:48:32,3,NIE,,
j-2023,10,21.11.2023,22.11.2023 09:32:30,125,135,Wielkopolskie,210,Onkologia i hematologia dziecięca,2023/026789,Rezydencki,69.57,3.72,24.10.2023 16:26:14,1,NIE,,
j-2023,10,21.11.2023,22.11.2023 09:32:30,125,135,Wielkopolskie,211,Onkologia i hematologia dziecięca,2023/023087,Pozarezydencki,80.00,4.54,27.10.2023 10:01:06,2,NIE,,
j-2023,10,21.11.2023,22.11.2023 09:32:30,125,135,Wielkopolskie,212,Onkologia i hematologia dziecięca,2023/025350,Pozarezydencki,80.00,0.00,06.10.2023 11:30:01,2,NIE,,
j-2023,10,21.11.2023,22.11.2023 09:32:30,125,135,Wielkopolskie,213,Onkologia kliniczna,2023/019540,Rezydencki,86.96,4.27,05.09.2023 15:16:57,6,NIE,,
j-2023,10,21.11.2023,22.11.2023 09:32:30,125,135,Wielkopolskie,214,Onkologia kliniczna,2023/020219,Rezydencki,86.76,4.27,24.10.2023 18:30:54,6,NIE,,
j-2023,10,21.11.2023,22.11.2023 09:32:30,125,135,Wielkopolskie,215,Onkologia kliniczna,2023/029518,Rezydencki,86.27,4.26,02.10.2023 15:56:18,6,NIE,,
j-2023,10,21.11.2023,22.11.2023 09:32:30,125,135,Wielkopolskie,216,Onkologia kliniczna,2023/029924,Rezydencki,84.54,4.10,01.10.2023 15:22:07,6,NIE,,
j-2023,10,21.11.2023,22.11.2023 09:32:30,125,135,Wielkopolskie,217,Onkologia kliniczna,2023/020303,Rezydencki,80.19,3.83,03.09.2023 22:05:43,6,NIE,,
j-2023,10,21.11.2023,22.11.2023 09:32:30,125,135,Wielkopolskie,218,Onkologia kliniczna,2023/029981,Rezydencki,74.88,3.42,01.10.2023 18:00:35,6,NIE,,
j-2023,10,21.11.2023,22.11.2023 09:32:30,125,135,Wielkopolskie,219,Onkologia kliniczna,2023/022043,Pozarezydencki,0.68,2.92,09.10.2023 11:15:39,1,NIE,,
j-2023,10,21.11.2023,22.11.2023 09:32:30,125,135,Wielkopolskie,220,Ortodoncja,2023/024235,Rezydencki,88.16,4.48,29.09.2023 19:57:03,1,NIE,,
j-2023,10,21.11.2023,22.11.2023 09:32:30,125,135,Wielkopolskie,221,Ortopedia i traumatologia narządu ruchu,2023/027717,Rezydencki,88.97,3.92,11.10.2023 16:56:28,14,NIE,,
j-2023,10,21.11.2023,22.11.2023 09:32:30,125,135,Wielkopolskie,222,Ortopedia i traumatologia narządu ruchu,2023/020068,Rezydencki,88.78,3.51,24.10.2023 12:08:29,14,NIE,,
j-2023,10,21.11.2023,22.11.2023 09:32:30,126,135,Wielkopolskie,223,Ortopedia i traumatologia narządu ruchu,2023/021519,Rezydencki,87.44,4.73,07.09.2023 20:58:16,14,NIE,,
j-2023,10,21.11.2023,22.11.2023 09:32:30,126,135,Wielkopolskie,224,Ortopedia i traumatologia narządu ruchu,2023/021889,Rezydencki,86.96,4.25,10.09.2023 15:47:46,14,NIE,,
j-2023,10,21.11.2023,22.11.2023 09:32:30,126,135,Wielkopolskie,225,Ortopedia i traumatologia narządu ruchu,2023/029166,Rezydencki,86.76,4.05,02.10.2023 17:02:15,14,NIE,,
j-2023,10,21.11.2023,22.11.2023 09:32:30,126,135,Wielkopolskie,226,Ortopedia i traumatologia narządu ruchu,2023/019480,Rezydencki,86.76,3.96,06.09.2023 13:09:59,14,NIE,,
j-2023,10,21.11.2023,22.11.2023 09:32:30,126,135,Wielkopolskie,227,Ortopedia i traumatologia narządu ruchu,2023/022264,Rezydencki,86.52,4.46,25.10.2023 09:02:07,14,NIE,,
j-2023,10,21.11.2023,22.11.2023 09:32:30,126,135,Wielkopolskie,228,Ortopedia i traumatologia narządu ruchu,2023/025829,Rezydencki,86.34,3.57,01.10.2023 14:21:49,14,NIE,,
j-2023,10,21.11.2023,22.11.2023 09:32:30,126,135,Wielkopolskie,229,Ortopedia i traumatologia narządu ruchu,2023/019321,Rezydencki,85.99,4.07,12.09.2023 19:03:28,14,NIE,,
j-2023,10,21.11.2023,22.11.2023 09:32:30,126,135,Wielkopolskie,230,Ortopedia i traumatologia narządu ruchu,2023/028713,Rezydencki,85.85,4.21,28.09.2023 23:39:27,14,NIE,,
j-2023,10,21.11.2023,22.11.2023 09:32:30,126,135,Wielkopolskie,231,Ortopedia i traumatologia narządu ruchu,2023/019992,Rezydencki,85.78,4.11,30.09.2023 18:25:34,14,NIE,,
j-2023,10,21.11.2023,22.11.2023 09:32:30,126,135,Wielkopolskie,232,Ortopedia i traumatologia narządu ruchu,2023/027713,Rezydencki,85.78,3.68,02.10.2023 22:13:03,14,NIE,,
j-2023,10,21.11.2023,22.11.2023 09:32:30,126,135,Wielkopolskie,233,Ortopedia i traumatologia narządu ruchu,2023/029075,Rezydencki,85.27,3.92,02.10.2023 18:39:02,14,NIE,,
j-2023,10,21.11.2023,22.11.2023 09:32:30,126,135,Wielkopolskie,234,Ortopedia i traumatologia narządu ruchu,2023/025155,Rezydencki,84.88,3.33,29.09.2023 21:29:43,14,NIE,,
j-2023,10,21.11.2023,22.11.2023 09:32:30,126,135,Wielkopolskie,235,Ortopedia i traumatologia narządu ruchu,2023/020681,Pozarezydencki,77.57,3.17,01.10.2023 15:48:59,3,NIE,,
j-2023,10,21.11.2023,22.11.2023 09:32:30,126,135,Wielkopolskie,236,Ortopedia i traumatologia narządu ruchu,2023/022993,Pozarezydencki,73.95,3.07,27.09.2023 18:37:59,3,NIE,,
j-2023,10,21.11.2023,22.11.2023 09:32:30,126,135,Wielkopolskie,237,Ortopedia i traumatologia narządu ruchu,2023/029714,Pozarezydencki,61.29,3.01,15.10.2023 22:49:59,3,NIE,,
j-2023,10,21.11.2023,22.11.2023 09:32:30,126,135,Wielkopolskie,238,Otorynolaryngologia,2023/021522,Rezydencki,89.46,4.55,07.09.2023 21:06:01,6,NIE,,
j-2023,10,21.11.2023,22.11.2023 09:32:30,126,135,Wielkopolskie,239,Otorynolaryngologia,2023/028734,Rezydencki,89.22,4.32,02.10.2023 22:26:57,6,NIE,,
j-2023,10,21.11.2023,22.11.2023 09:32:30,126,135,Wielkopolskie,240,Otorynolaryngologia,2023/027650,Rezydencki,87.44,3.95,24.10.2023 19:24:30,6,NIE,,
j-2023,10,21.11.2023,22.11.2023 09:32:30,126,135,Wielkopolskie,241,Otorynolaryngologia,2023/024650,Rezydencki,86.96,4.32,28.09.2023 09:04:01,6,NIE,,
j-2023,10,21.11.2023,22.11.2023 09:32:30,126,135,Wielkopolskie,242,Otorynolaryngologia,2023/020759,Rezydencki,86.96,3.70,27.09.2023 21:39:22,6,NIE,,
j-2023,10,21.11.2023,22.11.2023 09:32:30,126,135,Wielkopolskie,243,Otorynolaryngologia,2023/027364,Rezydencki,86.83,3.67,15.10.2023 08:54:52,6,NIE,,
j-2023,10,21.11.2023,22.11.2023 09:32:30,126,135,Wielkopolskie,244,Otorynolaryngologia,2023/026575,Pozarezydencki,80.65,3.82,26.09.2023 17:45:03,1,NIE,,
j-2023,10,21.11.2023,22.11.2023 09:32:30,126,135,Wielkopolskie,245,Otorynolaryngologia dziecięca,2023/024115,Rezydencki,82.61,3.99,26.09.2023 16:57:54,1,NIE,,
j-2023,10,21.11.2023,22.11.2023 09:32:30,126,135,Wielkopolskie,246,Patomorfologia,2023/019556,Rezydencki,86.96,4.38,07.09.2023 13:47:51,3,NIE,,
j-2023,10,21.11.2023,22.11.2023 09:32:30,126,135,Wielkopolskie,247,Patomorfologia,2023/022248,Rezydencki,86.47,4.08,30.09.2023 22:20:11,3,NIE,,
j-2023,10,21.11.2023,22.11.2023 09:32:30,126,135,Wielkopolskie,248,Patomorfologia,2023/023887,Rezydencki,75.36,3.37,18.09.2023 20:27:41,3,NIE,,
j-2023,10,21.11.2023,22.11.2023 09:32:30,126,135,Wielkopolskie,249,Pediatria,2023/025203,Rezydencki,90.69,4.55,23.09.2023 13:21:28,18,NIE,,
j-2023,10,21.11.2023,22.11.2023 09:32:30,126,135,Wielkopolskie,250,Pediatria,2023/021976,Rezydencki,90.69,3.86,11.09.2023 19:40:08,18,NIE,,
j-2023,10,21.11.2023,22.11.2023 09:32:30,126,135,Wielkopolskie,251,Pediatria,2023/020562,Rezydencki,90.34,4.64,04.09.2023 18:10:42,18,NIE,,
j-2023,10,21.11.2023,22.11.2023 09:32:30,126,135,Wielkopolskie,252,Pediatria,2023/021815,Rezydencki,88.78,4.25,01.10.2023 08:52:18,18,NIE,,
j-2023,10,21.11.2023,22.11.2023 09:32:30,126,135,Wielkopolskie,253,Pediatria,2023/025318,Rezydencki,88.73,4.52,23.09.2023 22:30:45,18,NIE,,
j-2023,10,21.11.2023,22.11.2023 09:32:30,126,135,Wielkopolskie,254,Pediatria,2023/023191,Rezydencki,88.29,3.84,30.09.2023 10:42:00,18,NIE,,
j-2023,10,21.11.2023,22.11.2023 09:32:30,126,135,Wielkopolskie,255,Pediatria,2023/020043,Rezydencki,87.80,3.86,28.09.2023 20:06:47,18,NIE,,
j-2023,10,21.11.2023,22.11.2023 09:32:30,126,135,Wielkopolskie,256,Pediatria,2023/027253,Rezydencki,87.44,4.47,24.10.2023 17:31:18,18,NIE,,
j-2023,10,21.11.2023,22.11.2023 09:32:30,126,135,Wielkopolskie,257,Pediatria,2023/026135,Rezydencki,87.44,4.40,25.09.2023 18:38:25,18,NIE,,
j-2023,10,21.11.2023,22.11.2023 09:32:30,126,135,Wielkopolskie,258,Pediatria,2023/029807,Rezydencki,87.25,3.67,02.10.2023 17:42:02,18,NIE,,
j-2023,10,21.11.2023,22.11.2023 09:32:30,126,135,Wielkopolskie,259,Pediatria,2023/020902,Rezydencki,86.96,4.03,11.09.2023 22:26:39,18,NIE,,
j-2023,10,21.11.2023,22.11.2023 09:32:30,127,135,Wielkopolskie,260,Pediatria,2023/019878,Rezydencki,86.76,4.14,02.09.2023 10:52:01,18,NIE,,
j-2023,10,21.11.2023,22.11.2023 09:32:30,127,135,Wielkopolskie,261,Pediatria,2023/022258,Rezydencki,86.71,4.16,24.09.2023 19:55:03,18,NIE,,
j-2023,10,21.11.2023,22.11.2023 09:32:30,127,135,Wielkopolskie,262,Pediatria,2023/025057,Rezydencki,86.47,3.97,23.09.2023 17:37:15,18,NIE,,
j-2023,10,21.11.2023,22.11.2023 09:32:30,127,135,Wielkopolskie,263,Pediatria,2023/029699,Rezydencki,86.34,4.22,30.09.2023 21:45:13,18,NIE,,
j-2023,10,21.11.2023,22.11.2023 09:32:30,127,135,Wielkopolskie,264,Pediatria,2023/028028,Rezydencki,86.34,3.76,02.10.2023 17:24:06,18,NIE,,
j-2023,10,21.11.2023,22.11.2023 09:32:30,127,135,Wielkopolskie,265,Pediatria,2023/030893,Rezydencki,85.85,3.55,11.10.2023 08:57:37,18,NIE,,
j-2023,10,21.11.2023,22.11.2023 09:32:30,127,135,Wielkopolskie,266,Pediatria,2023/029655,Rezydencki,85.61,3.83,02.10.2023 13:29:47,18,NIE,,
j-2023,10,21.11.2023,22.11.2023 09:32:30,127,135,Wielkopolskie,267,Pediatria,2023/027579,Pozarezydencki,81.40,4.49,11.10.2023 08:04:00,9,NIE,,
j-2023,10,21.11.2023,22.11.2023 09:32:30,127,135,Wielkopolskie,268,Pediatria,2023/028226,Pozarezydencki,79.53,4.02,28.09.2023 15:24:50,9,NIE,,
j-2023,10,21.11.2023,22.11.2023 09:32:30,127,135,Wielkopolskie,269,Pediatria,2023/019866,Pozarezydencki,79.44,4.02,15.09.2023 19:27:52,9,NIE,,
j-2023,10,21.11.2023,22.11.2023 09:32:30,127,135,Wielkopolskie,270,Pediatria,2023/027885,Pozarezydencki,79.26,4.69,28.09.2023 09:39:52,9,NIE,,
j-2023,10,21.11.2023,22.11.2023 09:32:30,127,135,Wielkopolskie,271,Pediatria,2023/025405,Pozarezydencki,78.60,3.61,01.10.2023 19:02:45,9,NIE,,
j-2023,10,21.11.2023,22.11.2023 09:32:30,127,135,Wielkopolskie,272,Pediatria,2023/027002,Pozarezydencki,72.43,0.00,27.09.2023 06:46:35,9,NIE,,
j-2023,10,21.11.2023,22.11.2023 09:32:30,127,135,Wielkopolskie,273,Pediatria,2023/025379,Pozarezydencki,64.98,0.00,30.09.2023 16:22:26,9,NIE,,
j-2023,10,21.11.2023,22.11.2023 09:32:30,127,135,Wielkopolskie,274,Pediatria,2023/027098,Pozarezydencki,62.21,3.60,06.10.2023 12:38:55,9,NIE,,
j-2023,10,21.11.2023,22.11.2023 09:32:30,127,135,Wielkopolskie,275,Pediatria,2023/029705,Pozarezydencki,0.00,0.00,30.09.2023 22:08:49,9,NIE,,
j-2023,10,21.11.2023,22.11.2023 09:32:30,127,135,Wielkopolskie,276,Perinatologia,2023/027744,Pozarezydencki,89.09,3.72,27.09.2023 22:36:44,1,NIE,,
j-2023,10,21.11.2023,22.11.2023 09:32:30,127,135,Wielkopolskie,277,Periodontologia,2023/019294,Rezydencki,85.17,4.19,01.09.2023 01:14:36,3,NIE,,
j-2023,10,21.11.2023,22.11.2023 09:32:30,127,135,Wielkopolskie,278,Periodontologia,2023/020694,Rezydencki,84.06,4.00,26.09.2023 18:03:44,3,NIE,,
j-2023,10,21.11.2023,22.11.2023 09:32:30,127,135,Wielkopolskie,279,Periodontologia,2023/022239,Rezydencki,82.86,4.08,27.10.2023 09:13:40,3,NIE,,
j-2023,10,21.11.2023,22.11.2023 09:32:30,127,135,Wielkopolskie,280,Położnictwo i ginekologia,2023/020790,Rezydencki,91.06,4.38,05.09.2023 16:04:48,14,NIE,,
j-2023,10,21.11.2023,22.11.2023 09:32:30,127,135,Wielkopolskie,281,Położnictwo i ginekologia,2023/024407,Rezydencki,90.58,4.36,21.09.2023 20:21:10,14,NIE,,
j-2023,10,21.11.2023,22.11.2023 09:32:30,127,135,Wielkopolskie,282,Położnictwo i ginekologia,2023/025721,Rezydencki,88.73,3.85,01.10.2023 00:46:47,14,NIE,,
j-2023,10,21.11.2023,22.11.2023 09:32:30,127,135,Wielkopolskie,283,Położnictwo i ginekologia,2023/027907,Rezydencki,88.41,4.31,28.09.2023 10:34:12,14,NIE,,
j-2023,10,21.11.2023,22.11.2023 09:32:30,127,135,Wielkopolskie,284,Położnictwo i ginekologia,2023/028845,Rezydencki,87.75,4.33,29.09.2023 11:17:29,14,NIE,,
j-2023,10,21.11.2023,22.11.2023 09:32:30,127,135,Wielkopolskie,285,Położnictwo i ginekologia,2023/029574,Rezydencki,87.75,4.00,02.10.2023 20:46:49,14,NIE,,
j-2023,10,21.11.2023,22.11.2023 09:32:30,127,135,Wielkopolskie,286,Położnictwo i ginekologia,2023/029407,Rezydencki,87.44,3.89,30.09.2023 11:22:58,14,NIE,,
j-2023,10,21.11.2023,22.11.2023 09:32:30,127,135,Wielkopolskie,287,Położnictwo i ginekologia,2023/026312,Rezydencki,87.25,3.70,29.09.2023 15:43:42,14,NIE,,
j-2023,10,21.11.2023,22.11.2023 09:32:30,127,135,Wielkopolskie,288,Położnictwo i ginekologia,2023/030864,Rezydencki,86.96,4.08,02.10.2023 23:08:38,14,NIE,,
j-2023,10,21.11.2023,22.11.2023 09:32:30,127,135,Wielkopolskie,289,Położnictwo i ginekologia,2023/029176,Rezydencki,86.83,4.27,29.09.2023 19:26:05,14,NIE,,
j-2023,10,21.11.2023,22.11.2023 09:32:30,127,135,Wielkopolskie,290,Położnictwo i ginekologia,2023/026943,Rezydencki,86.83,3.53,02.10.2023 17:09:56,14,NIE,,
j-2023,10,21.11.2023,22.11.2023 09:32:30,127,135,Wielkopolskie,291,Położnictwo i ginekologia,2023/026814,Rezydencki,86.47,4.52,26.09.2023 19:00:18,14,NIE,,
j-2023,10,21.11.2023,22.11.2023 09:32:30,127,135,Wielkopolskie,292,Położnictwo i ginekologia,2023/019273,Rezydencki,86.47,4.52,29.09.2023 00:04:01,14,NIE,,
j-2023,10,21.11.2023,22.11.2023 09:32:30,127,135,Wielkopolskie,293,Położnictwo i ginekologia,2023/027692,Rezydencki,86.47,4.17,02.10.2023 12:51:19,14,NIE,,
j-2023,10,21.11.2023,22.11.2023 09:32:30,127,135,Wielkopolskie,294,Protetyka stomatologiczna,2023/023068,Rezydencki,84.54,4.52,02.10.2023 15:06:39,2,NIE,,
j-2023,10,21.11.2023,22.11.2023 09:32:30,127,135,Wielkopolskie,295,Protetyka stomatologiczna,2023/025412,Rezydencki,84.06,4.16,25.09.2023 18:25:21,2,NIE,,
j-2023,10,21.11.2023,22.11.2023 09:32:30,127,135,Wielkopolskie,296,Psychiatria,2023/019288,Rezydencki,90.82,4.32,25.09.2023 17:05:31,17,NIE,,
j-2023,10,21.11.2023,22.11.2023 09:32:30,128,135,Wielkopolskie,297,Psychiatria,2023/026528,Rezydencki,90.49,4.67,28.09.2023 19:06:42,17,NIE,,
j-2023,10,21.11.2023,22.11.2023 09:32:30,128,135,Wielkopolskie,298,Psychiatria,2023/019828,Rezydencki,90.34,4.57,28.09.2023 21:16:33,17,NIE,,
j-2023,10,21.11.2023,22.11.2023 09:32:30,128,135,Wielkopolskie,299,Psychiatria,2023/031121,Rezydencki,89.76,3.97,02.10.2023 23:19:21,17,NIE,,
j-2023,10,21.11.2023,22.11.2023 09:32:30,128,135,Wielkopolskie,300,Psychiatria,2023/019316,Rezydencki,88.54,4.39,28.09.2023 17:57:54,17,NIE,,
j-2023,10,21.11.2023,22.11.2023 09:32:30,128,135,Wielkopolskie,301,Psychiatria,2023/024504,Rezydencki,88.41,4.64,30.09.2023 20:23:10,17,NIE,,
j-2023,10,21.11.2023,22.11.2023 09:32:30,128,135,Wielkopolskie,302,Psychiatria,2023/019254,Rezydencki,88.24,4.15,28.09.2023 14:22:30,17,NIE,,
j-2023,10,21.11.2023,22.11.2023 09:32:30,128,135,Wielkopolskie,303,Psychiatria,2023/025046,Rezydencki,88.24,4.05,28.09.2023 18:37:20,17,NIE,,
j-2023,10,21.11.2023,22.11.2023 09:32:30,128,135,Wielkopolskie,304,Psychiatria,2023/022711,Rezydencki,87.75,3.78,16.09.2023 22:10:39,17,NIE,,
j-2023,10,21.11.2023,22.11.2023 09:32:30,128,135,Wielkopolskie,305,Psychiatria,2023/025087,Rezydencki,87.44,4.25,24.09.2023 15:38:15,17,NIE,,
j-2023,10,21.11.2023,22.11.2023 09:32:30,128,135,Wielkopolskie,306,Psychiatria,2023/019576,Rezydencki,87.32,4.17,02.10.2023 21:47:35,17,NIE,,
j-2023,10,21.11.2023,22.11.2023 09:32:30,128,135,Wielkopolskie,307,Psychiatria,2023/019932,Rezydencki,87.25,4.53,13.10.2023 09:21:00,17,NIE,,
j-2023,10,21.11.2023,22.11.2023 09:32:30,128,135,Wielkopolskie,308,Psychiatria,2023/026627,Rezydencki,86.96,4.52,26.09.2023 14:00:12,17,NIE,,
j-2023,10,21.11.2023,22.11.2023 09:32:30,128,135,Wielkopolskie,309,Psychiatria,2023/030291,Rezydencki,86.96,4.50,11.10.2023 16:25:06,17,NIE,,
j-2023,10,21.11.2023,22.11.2023 09:32:30,128,135,Wielkopolskie,310,Psychiatria,2023/019203,Rezydencki,86.96,4.46,01.09.2023 00:10:11,17,NIE,,
j-2023,10,21.11.2023,22.11.2023 09:32:30,128,135,Wielkopolskie,311,Psychiatria,2023/029790,Rezydencki,86.76,3.91,01.10.2023 00:48:34,17,NIE,,
j-2023,10,21.11.2023,22.11.2023 09:32:30,128,135,Wielkopolskie,312,Psychiatria,2023/026347,Rezydencki,86.76,3.89,02.10.2023 22:38:37,17,NIE,,
j-2023,10,21.11.2023,22.11.2023 09:32:30,128,135,Wielkopolskie,313,Psychiatria,2023/024423,Pozarezydencki,81.57,4.27,29.09.2023 18:04:26,7,NIE,,
j-2023,10,21.11.2023,22.11.2023 09:32:30,128,135,Wielkopolskie,314,Psychiatria,2023/025288,Pozarezydencki,80.93,3.79,02.10.2023 00:49:36,7,NIE,,
j-2023,10,21.11.2023,22.11.2023 09:32:30,128,135,Wielkopolskie,315,Psychiatria,2023/023854,Pozarezydencki,80.84,3.89,26.09.2023 18:18:22,7,NIE,,
j-2023,10,21.11.2023,22.11.2023 09:32:30,128,135,Wielkopolskie,316,Psychiatria,2023/025592,Pozarezydencki,80.84,3.51,24.09.2023 18:44:11,7,NIE,,
j-2023,10,21.11.2023,22.11.2023 09:32:30,128,135,Wielkopolskie,317,Psychiatria,2023/030983,Pozarezydencki,67.44,0.00,19.10.2023 21:30:15,7,NIE,,
j-2023,10,21.11.2023,22.11.2023 09:32:30,128,135,Wielkopolskie,318,Psychiatria,2023/023374,Pozarezydencki,63.76,3.95,09.10.2023 09:38:15,7,NIE,,
j-2023,10,21.11.2023,22.11.2023 09:32:30,128,135,Wielkopolskie,319,Psychiatria,2023/029253,Pozarezydencki,61.86,0.00,02.10.2023 16:49:54,7,NIE,,
j-2023,10,21.11.2023,22.11.2023 09:32:30,128,135,Wielkopolskie,320,Psychiatria dzieci i młodzieży,2023/022137,Rezydencki,88.89,4.57,02.10.2023 15:12:19,9,NIE,,
j-2023,10,21.11.2023,22.11.2023 09:32:30,128,135,Wielkopolskie,321,Psychiatria dzieci i młodzieży,2023/029935,Rezydencki,88.73,4.38,25.10.2023 13:21:21,9,NIE,,
j-2023,10,21.11.2023,22.11.2023 09:32:30,128,135,Wielkopolskie,322,Psychiatria dzieci i młodzieży,2023/028382,Rezydencki,87.32,4.01,16.10.2023 16:06:24,9,NIE,,
j-2023,10,21.11.2023,22.11.2023 09:32:30,128,135,Wielkopolskie,323,Psychiatria dzieci i młodzieży,2023/019201,Rezydencki,86.76,4.52,01.09.2023 22:52:58,9,NIE,,
j-2023,10,21.11.2023,22.11.2023 09:32:30,128,135,Wielkopolskie,324,Psychiatria dzieci i młodzieży,2023/023924,Rezydencki,86.67,3.79,09.10.2023 16:48:07,9,NIE,,
j-2023,10,21.11.2023,22.11.2023 09:32:30,128,135,Wielkopolskie,325,Psychiatria dzieci i młodzieży,2023/030638,Rezydencki,85.85,3.68,02.10.2023 16:33:04,9,NIE,,
j-2023,10,21.11.2023,22.11.2023 09:32:30,128,135,Wielkopolskie,326,Psychiatria dzieci i młodzieży,2023/030340,Rezydencki,85.51,4.09,02.10.2023 21:54:51,9,NIE,,
j-2023,10,21.11.2023,22.11.2023 09:32:30,128,135,Wielkopolskie,327,Psychiatria dzieci i młodzieży,2023/021788,Rezydencki,85.51,3.84,24.10.2023 13:47:49,9,NIE,,
j-2023,10,21.11.2023,22.11.2023 09:32:30,128,135,Wielkopolskie,328,Psychiatria dzieci i młodzieży,2023/025480,Rezydencki,85.51,3.56,24.09.2023 14:51:52,9,NIE,,
j-2023,10,21.11.2023,22.11.2023 09:32:30,128,135,Wielkopolskie,329,Radiologia i diagnostyka obrazowa,2023/019367,Rezydencki,92.65,4.77,02.10.2023 20:52:04,12,NIE,,
j-2023,10,21.11.2023,22.11.2023 09:32:30,128,135,Wielkopolskie,330,Radiologia i diagnostyka obrazowa,2023/025239,Rezydencki,90.73,4.68,29.09.2023 10:57:33,12,NIE,,
j-2023,10,21.11.2023,22.11.2023 09:32:30,128,135,Wielkopolskie,331,Radiologia i diagnostyka obrazowa,2023/027715,Rezydencki,90.20,4.42,29.09.2023 14:55:17,12,NIE,,
j-2023,10,21.11.2023,22.11.2023 09:32:30,128,135,Wielkopolskie,332,Radiologia i diagnostyka obrazowa,2023/027430,Rezydencki,89.22,4.45,30.09.2023 22:55:19,12,NIE,,
j-2023,10,21.11.2023,22.11.2023 09:32:30,128,135,Wielkopolskie,333,Radiologia i diagnostyka obrazowa,2023/021061,Rezydencki,89.22,4.33,13.09.2023 10:52:45,12,NIE,,
j-2023,10,21.11.2023,22.11.2023 09:32:30,129,135,Wielkopolskie,334,Radiologia i diagnostyka obrazowa,2023/022467,Rezydencki,89.22,3.59,02.10.2023 19:19:50,12,NIE,,
j-2023,10,21.11.2023,22.11.2023 09:32:30,129,135,Wielkopolskie,335,Radiologia i diagnostyka obrazowa,2023/026294,Rezydencki,88.78,4.30,01.10.2023 19:42:58,12,NIE,,
j-2023,10,21.11.2023,22.11.2023 09:32:30,129,135,Wielkopolskie,336,Radiologia i diagnostyka obrazowa,2023/021238,Rezydencki,87.99,4.35,02.10.2023 12:41:06,12,NIE,,
j-2023,10,21.11.2023,22.11.2023 09:32:30,129,135,Wielkopolskie,337,Radiologia i diagnostyka obrazowa,2023/029061,Rezydencki,87.92,4.55,02.10.2023 15:37:16,12,NIE,,
j-2023,10,21.11.2023,22.11.2023 09:32:30,129,135,Wielkopolskie,338,Radiologia i diagnostyka obrazowa,2023/024853,Rezydencki,87.44,4.05,23.09.2023 19:04:13,12,NIE,,
j-2023,10,21.11.2023,22.11.2023 09:32:30,129,135,Wielkopolskie,339,Radiologia i diagnostyka obrazowa,2023/026117,Rezydencki,87.44,3.69,17.10.2023 19:03:01,12,NIE,,
j-2023,10,21.11.2023,22.11.2023 09:32:30,129,135,Wielkopolskie,340,Radiologia i diagnostyka obrazowa,2023/028218,Rezydencki,87.32,4.30,11.10.2023 16:07:08,12,NIE,,
j-2023,10,21.11.2023,22.11.2023 09:32:30,129,135,Wielkopolskie,341,Rehabilitacja medyczna,2023/020072,Rezydencki,88.41,4.58,29.09.2023 18:53:33,2,NIE,,
j-2023,10,21.11.2023,22.11.2023 09:32:30,129,135,Wielkopolskie,342,Rehabilitacja medyczna,2023/029258,Rezydencki,81.46,3.80,29.09.2023 22:19:52,2,NIE,,
j-2023,10,21.11.2023,22.11.2023 09:32:30,129,135,Wielkopolskie,343,Rehabilitacja medyczna,2023/030580,Pozarezydencki,67.66,3.33,12.10.2023 14:42:57,2,NIE,,
j-2023,10,21.11.2023,22.11.2023 09:32:30,129,135,Wielkopolskie,344,Rehabilitacja medyczna,2023/027053,Pozarezydencki,60.00,3.20,13.10.2023 09:44:09,2,NIE,,
j-2023,10,21.11.2023,22.11.2023 09:32:30,129,135,Wielkopolskie,345,Reumatologia,2023/028219,Rezydencki,91.22,3.85,28.09.2023 15:33:46,6,NIE,,
j-2023,10,21.11.2023,22.11.2023 09:32:30,129,135,Wielkopolskie,346,Reumatologia,2023/031152,Rezydencki,90.20,4.48,02.10.2023 23:57:45,6,NIE,,
j-2023,10,21.11.2023,22.11.2023 09:32:30,129,135,Wielkopolskie,347,Reumatologia,2023/025067,Rezydencki,90.20,4.12,29.09.2023 19:51:52,6,NIE,,
j-2023,10,21.11.2023,22.11.2023 09:32:30,129,135,Wielkopolskie,348,Reumatologia,2023/021779,Rezydencki,89.71,4.65,10.09.2023 16:48:53,6,NIE,,
j-2023,10,21.11.2023,22.11.2023 09:32:30,129,135,Wielkopolskie,349,Reumatologia,2023/021980,Rezydencki,89.27,4.46,28.09.2023 14:11:02,6,NIE,,
j-2023,10,21.11.2023,22.11.2023 09:32:30,129,135,Wielkopolskie,350,Reumatologia,2023/022652,Rezydencki,88.89,4.60,30.09.2023 11:30:46,6,NIE,,
j-2023,10,21.11.2023,22.11.2023 09:32:30,129,135,Wielkopolskie,351,Reumatologia,2023/026648,Pozarezydencki,86.82,0.00,29.09.2023 13:06:29,4,NIE,,
j-2023,10,21.11.2023,22.11.2023 09:32:30,129,135,Wielkopolskie,352,Reumatologia,2023/025232,Pozarezydencki,82.71,4.19,29.09.2023 19:50:31,4,NIE,,
j-2023,10,21.11.2023,22.11.2023 09:32:30,129,135,Wielkopolskie,353,Reumatologia,2023/028863,Pozarezydencki,80.00,4.06,29.09.2023 20:59:43,4,NIE,,
j-2023,10,21.11.2023,22.11.2023 09:32:30,129,135,Wielkopolskie,354,Reumatologia,2023/027335,Pozarezydencki,78.60,3.76,02.10.2023 13:21:32,4,NIE,,
j-2023,10,21.11.2023,22.11.2023 09:32:30,129,135,Wielkopolskie,355,Stomatologia dziecięca,2023/027910,Rezydencki,84.13,4.45,28.09.2023 10:04:30,4,NIE,,
j-2023,10,21.11.2023,22.11.2023 09:32:30,129,135,Wielkopolskie,356,Stomatologia dziecięca,2023/021932,Rezydencki,79.90,4.14,11.10.2023 22:03:10,4,NIE,,
j-2023,10,21.11.2023,22.11.2023 09:32:30,129,135,Wielkopolskie,357,Stomatologia dziecięca,2023/026293,Rezydencki,79.52,4.12,23.10.2023 13:33:42,4,NIE,,
j-2023,10,21.11.2023,22.11.2023 09:32:30,129,135,Wielkopolskie,358,Stomatologia dziecięca,2023/023660,Rezydencki,79.33,3.90,05.10.2023 11:06:48,4,NIE,,
j-2023,10,21.11.2023,22.11.2023 09:32:30,129,135,Wielkopolskie,359,Stomatologia zachowawcza z endodoncją,2023/019737,Rezydencki,80.00,3.71,13.09.2023 20:29:57,1,NIE,,
j-2023,10,21.11.2023,22.11.2023 09:32:30,129,135,Wielkopolskie,360,Transfuzjologia kliniczna,2023/029129,Rezydencki,54.59,3.34,07.10.2023 09:07:11,1,NIE,,
j-2023,10,21.11.2023,22.11.2023 09:32:30,129,135,Wielkopolskie,361,Transplantologia kliniczna,2023/029340,Pozarezydencki,93.64,4.71,09.10.2023 20:22:28,5,NIE,,
j-2023,10,21.11.2023,22.11.2023 09:32:30,129,135,Wielkopolskie,362,Transplantologia kliniczna,2023/030328,Pozarezydencki,93.64,3.86,21.10.2023 15:27:35,5,NIE,,
j-2023,10,21.11.2023,22.11.2023 09:32:30,129,135,Wielkopolskie,363,Transplantologia kliniczna,2023/024271,Pozarezydencki,89.77,3.84,06.11.2023 10:38:30,5,NIE,,
j-2023,10,21.11.2023,22.11.2023 09:32:30,129,135,Wielkopolskie,364,Transplantologia kliniczna,2023/023262,Pozarezydencki,84.55,4.52,28.09.2023 06:49:08,5,NIE,,
j-2023,10,21.11.2023,22.11.2023 09:32:30,129,135,Wielkopolskie,365,Transplantologia kliniczna,2023/020586,Pozarezydencki,80.00,3.85,04.09.2023 19:32:27,5,NIE,,
j-2023,10,21.11.2023,22.11.2023 09:32:30,129,135,Wielkopolskie,366,Urologia,2023/026878,Rezydencki,89.37,4.27,26.09.2023 20:46:00,5,NIE,,
j-2023,10,21.11.2023,22.11.2023 09:32:30,129,135,Wielkopolskie,367,Urologia,2023/026940,Rezydencki,87.80,3.80,01.10.2023 00:26:10,5,NIE,,
j-2023,10,21.11.2023,22.11.2023 09:32:30,129,135,Wielkopolskie,368,Urologia,2023/020481,Rezydencki,87.50,4.37,24.10.2023 15:42:41,5,NIE,,
j-2023,10,21.11.2023,22.11.2023 09:32:30,129,135,Wielkopolskie,369,Urologia,2023/030112,Rezydencki,87.32,3.95,02.10.2023 19:19:53,5,NIE,,
j-2023,10,21.11.2023,22.11.2023 09:32:30,129,135,Wielkopolskie,370,Urologia,2023/020224,Rezydencki,87.25,4.03,23.09.2023 21:22:49,5,NIE,,
j-2023,10,21.11.2023,22.11.2023 09:32:30,130,135,Wielkopolskie,1,Geriatria,2023/022522,Rezydencki,92.27,4.43,24.09.2023 19:16:51,1,TAK,UNIWERSYTECKI SZPITAL KLINICZNY W POZNANIU,"Oddział Medycyny Paliatywnej, Poradnia Geriatryczna"
j-2023,10,21.11.2023,22.11.2023 09:32:30,130,135,Wielkopolskie,1,Endokrynologia,2023/020302,Rezydencki,88.29,4.02,04.10.2023 12:42:41,1,TAK,UNIWERSYTECKI SZPITAL KLINICZNY W POZNANIU,"Oddział Kliniczny Endokrynologii, Przemiany Materii i Chorób Wewnętrznych"
j-2023,10,21.11.2023,22.11.2023 09:32:30,130,135,Zachodniopomorskie,1,Anestezjologia i intensywna terapia,2023/023770,Rezydencki,89.22,4.47,26.09.2023 16:26:38,13,NIE,,
j-2023,10,21.11.2023,22.11.2023 09:32:30,130,135,Zachodniopomorskie,2,Anestezjologia i intensywna terapia,2023/020306,Rezydencki,88.24,4.32,23.10.2023 11:56:09,13,NIE,,
j-2023,10,21.11.2023,22.11.2023 09:32:30,130,135,Zachodniopomorskie,3,Anestezjologia i intensywna terapia,2023/029608,Rezydencki,87.80,3.72,20.10.2023 10:56:15,13,NIE,,
j-2023,10,21.11.2023,22.11.2023 09:32:30,130,135,Zachodniopomorskie,4,Anestezjologia i intensywna terapia,2023/019231,Rezydencki,87.01,4.45,19.10.2023 15:48:08,13,NIE,,
j-2023,10,21.11.2023,22.11.2023 09:32:30,130,135,Zachodniopomorskie,5,Anestezjologia i intensywna terapia,2023/026261,Rezydencki,86.34,4.08,20.10.2023 12:13:52,13,NIE,,
j-2023,10,21.11.2023,22.11.2023 09:32:30,130,135,Zachodniopomorskie,6,Anestezjologia i intensywna terapia,2023/029047,Rezydencki,85.99,4.39,20.10.2023 13:08:20,13,NIE,,
j-2023,10,21.11.2023,22.11.2023 09:32:30,130,135,Zachodniopomorskie,7,Anestezjologia i intensywna terapia,2023/021084,Rezydencki,85.99,3.82,19.10.2023 13:38:03,13,NIE,,
j-2023,10,21.11.2023,22.11.2023 09:32:30,130,135,Zachodniopomorskie,8,Anestezjologia i intensywna terapia,2023/020495,Rezydencki,85.05,3.85,19.10.2023 16:17:15,13,NIE,,
j-2023,10,21.11.2023,22.11.2023 09:32:30,130,135,Zachodniopomorskie,9,Anestezjologia i intensywna terapia,2023/027638,Rezydencki,84.80,4.00,19.10.2023 16:00:43,13,NIE,,
j-2023,10,21.11.2023,22.11.2023 09:32:30,130,135,Zachodniopomorskie,10,Anestezjologia i intensywna terapia,2023/027183,Rezydencki,83.57,4.00,20.10.2023 08:04:46,13,NIE,,
j-2023,10,21.11.2023,22.11.2023 09:32:30,130,135,Zachodniopomorskie,11,Anestezjologia i intensywna terapia,2023/024327,Rezydencki,82.84,3.71,19.10.2023 13:47:54,13,NIE,,
j-2023,10,21.11.2023,22.11.2023 09:32:30,130,135,Zachodniopomorskie,12,Anestezjologia i intensywna terapia,2023/029309,Rezydencki,81.64,3.97,23.10.2023 13:51:17,13,NIE,,
j-2023,10,21.11.2023,22.11.2023 09:32:30,130,135,Zachodniopomorskie,13,Anestezjologia i intensywna terapia,2023/019793,Rezydencki,81.16,3.32,19.10.2023 14:51:14,13,NIE,,
j-2023,10,21.11.2023,22.11.2023 09:32:30,130,135,Zachodniopomorskie,14,Chirurgia dziecięca,2023/028376,Rezydencki,75.36,3.75,26.10.2023 10:47:03,1,NIE,,
j-2023,10,21.11.2023,22.11.2023 09:32:30,130,135,Zachodniopomorskie,15,Chirurgia ogólna,2023/025450,Rezydencki,85.99,3.75,02.10.2023 20:55:50,6,NIE,,
j-2023,10,21.11.2023,22.11.2023 09:32:30,130,135,Zachodniopomorskie,16,Chirurgia ogólna,2023/021997,Rezydencki,82.44,4.24,20.10.2023 16:36:15,6,NIE,,
j-2023,10,21.11.2023,22.11.2023 09:32:30,130,135,Zachodniopomorskie,17,Chirurgia ogólna,2023/029057,Rezydencki,81.88,3.58,19.10.2023 17:07:17,6,NIE,,
j-2023,10,21.11.2023,22.11.2023 09:32:30,130,135,Zachodniopomorskie,18,Chirurgia ogólna,2023/019431,Rezydencki,81.64,3.91,20.10.2023 14:27:52,6,NIE,,
j-2023,10,21.11.2023,22.11.2023 09:32:30,130,135,Zachodniopomorskie,19,Chirurgia ogólna,2023/028888,Rezydencki,81.13,3.54,19.10.2023 18:42:27,6,NIE,,
j-2023,10,21.11.2023,22.11.2023 09:32:30,130,135,Zachodniopomorskie,20,Chirurgia ogólna,2023/030964,Rezydencki,78.54,3.44,20.10.2023 19:15:15,6,NIE,,
j-2023,10,21.11.2023,22.11.2023 09:32:30,130,135,Zachodniopomorskie,21,Chirurgia onkologiczna,2023/019619,Rezydencki,87.80,3.94,20.10.2023 11:57:02,2,NIE,,
j-2023,10,21.11.2023,22.11.2023 09:32:30,130,135,Zachodniopomorskie,22,Chirurgia onkologiczna,2023/023462,Rezydencki,84.80,4.05,23.10.2023 10:35:19,2,NIE,,
j-2023,10,21.11.2023,22.11.2023 09:32:30,130,135,Zachodniopomorskie,23,Chirurgia plastyczna,2023/023064,Rezydencki,91.18,3.92,25.09.2023 23:19:12,2,NIE,,
j-2023,10,21.11.2023,22.11.2023 09:32:30,130,135,Zachodniopomorskie,24,Chirurgia plastyczna,2023/029247,Rezydencki,89.51,4.24,02.10.2023 23:03:33,2,NIE,,
j-2023,10,21.11.2023,22.11.2023 09:32:30,130,135,Zachodniopomorskie,25,Chirurgia szczękowo-twarzowa,2023/026668,Rezydencki,84.76,4.36,20.10.2023 16:40:31,1,NIE,,
j-2023,10,21.11.2023,22.11.2023 09:32:30,130,135,Zachodniopomorskie,26,Choroby płuc,2023/024883,Rezydencki,85.37,3.62,25.10.2023 16:24:25,2,NIE,,
j-2023,10,21.11.2023,22.11.2023 09:32:30,130,135,Zachodniopomorskie,27,Choroby płuc,2023/023485,Rezydencki,80.49,3.55,18.10.2023 10:51:41,2,NIE,,
j-2023,10,21.11.2023,22.11.2023 09:32:30,130,135,Zachodniopomorskie,28,Choroby płuc dzieci,2023/026749,Rezydencki,73.91,3.73,20.10.2023 16:34:08,1,NIE,,
j-2023,10,21.11.2023,22.11.2023 09:32:30,131,135,Zachodniopomorskie,29,Choroby wewnętrzne,2023/022755,Rezydencki,91.55,4.74,19.10.2023 20:16:06,18,NIE,,
j-2023,10,21.11.2023,22.11.2023 09:32:30,131,135,Zachodniopomorskie,30,Choroby wewnętrzne,2023/025092,Rezydencki,91.06,4.68,19.10.2023 20:22:36,18,NIE,,
j-2023,10,21.11.2023,22.11.2023 09:32:30,131,135,Zachodniopomorskie,31,Choroby wewnętrzne,2023/028530,Rezydencki,90.49,4.71,20.10.2023 15:06:48,18,NIE,,
j-2023,10,21.11.2023,22.11.2023 09:32:30,131,135,Zachodniopomorskie,32,Choroby wewnętrzne,2023/024362,Rezydencki,89.22,4.08,19.10.2023 17:32:30,18,NIE,,
j-2023,10,21.11.2023,22.11.2023 09:32:30,131,135,Zachodniopomorskie,33,Choroby wewnętrzne,2023/023781,Rezydencki,88.29,4.55,20.10.2023 09:40:38,18,NIE,,
j-2023,10,21.11.2023,22.11.2023 09:32:30,131,135,Zachodniopomorskie,34,Choroby wewnętrzne,2023/030385,Rezydencki,87.80,3.81,02.10.2023 10:48:40,18,NIE,,
j-2023,10,21.11.2023,22.11.2023 09:32:30,131,135,Zachodniopomorskie,35,Choroby wewnętrzne,2023/024817,Rezydencki,87.32,4.16,19.10.2023 16:00:58,18,NIE,,
j-2023,10,21.11.2023,22.11.2023 09:32:30,131,135,Zachodniopomorskie,36,Choroby wewnętrzne,2023/026688,Rezydencki,87.07,4.48,28.09.2023 16:41:53,18,NIE,,
j-2023,10,21.11.2023,22.11.2023 09:32:30,131,135,Zachodniopomorskie,37,Choroby wewnętrzne,2023/026116,Rezydencki,86.96,4.35,19.10.2023 21:25:23,18,NIE,,
j-2023,10,21.11.2023,22.11.2023 09:32:30,131,135,Zachodniopomorskie,38,Choroby wewnętrzne,2023/023144,Rezydencki,85.78,3.98,21.10.2023 20:48:51,18,NIE,,
j-2023,10,21.11.2023,22.11.2023 09:32:30,131,135,Zachodniopomorskie,39,Choroby wewnętrzne,2023/027302,Rezydencki,85.27,3.85,19.10.2023 16:48:14,18,NIE,,
j-2023,10,21.11.2023,22.11.2023 09:32:30,131,135,Zachodniopomorskie,40,Choroby wewnętrzne,2023/019988,Rezydencki,85.02,4.08,20.10.2023 16:20:56,18,NIE,,
j-2023,10,21.11.2023,22.11.2023 09:32:30,131,135,Zachodniopomorskie,41,Choroby wewnętrzne,2023/028183,Rezydencki,81.46,4.08,20.10.2023 12:05:48,18,NIE,,
j-2023,10,21.11.2023,22.11.2023 09:32:30,131,135,Zachodniopomorskie,42,Choroby wewnętrzne,2023/027299,Rezydencki,80.92,3.71,19.10.2023 19:56:48,18,NIE,,
j-2023,10,21.11.2023,22.11.2023 09:32:30,131,135,Zachodniopomorskie,43,Choroby wewnętrzne,2023/019694,Rezydencki,80.49,3.59,20.10.2023 13:56:53,18,NIE,,
j-2023,10,21.11.2023,22.11.2023 09:32:30,131,135,Zachodniopomorskie,44,Choroby wewnętrzne,2023/028257,Rezydencki,79.51,4.10,28.09.2023 16:22:39,18,NIE,,
j-2023,10,21.11.2023,22.11.2023 09:32:30,131,135,Zachodniopomorskie,45,Choroby wewnętrzne,2023/028395,Rezydencki,77.45,3.62,20.10.2023 17:05:16,18,NIE,,
j-2023,10,21.11.2023,22.11.2023 09:32:30,131,135,Zachodniopomorskie,46,Choroby wewnętrzne,2023/019869,Rezydencki,76.33,3.90,05.09.2023 14:21:42,18,NIE,,
j-2023,10,21.11.2023,22.11.2023 09:32:30,131,135,Zachodniopomorskie,47,Choroby wewnętrzne,2023/020049,Pozarezydencki,63.21,0.00,04.09.2023 09:13:25,1,NIE,,
j-2023,10,21.11.2023,22.11.2023 09:32:30,131,135,Zachodniopomorskie,48,Choroby zakaźne,2023/019427,Rezydencki,80.00,0.00,17.10.2023 13:42:51,1,NIE,,
j-2023,10,21.11.2023,22.11.2023 09:32:30,131,135,Zachodniopomorskie,49,Choroby zakaźne,2023/021472,Pozarezydencki,74.31,4.34,23.10.2023 20:39:36,2,NIE,,
j-2023,10,21.11.2023,22.11.2023 09:32:30,131,135,Zachodniopomorskie,50,Choroby zakaźne,2023/020059,Pozarezydencki,63.07,3.71,20.10.2023 22:15:03,2,NIE,,
j-2023,10,21.11.2023,22.11.2023 09:32:30,131,135,Zachodniopomorskie,51,Dermatologia i wenerologia,2023/027221,Rezydencki,91.22,4.40,02.10.2023 20:59:43,3,NIE,,
j-2023,10,21.11.2023,22.11.2023 09:32:30,131,135,Zachodniopomorskie,52,Dermatologia i wenerologia,2023/019282,Rezydencki,91.22,4.16,28.09.2023 21:15:58,3,NIE,,
j-2023,10,21.11.2023,22.11.2023 09:32:30,131,135,Zachodniopomorskie,53,Dermatologia i wenerologia,2023/024146,Rezydencki,91.18,4.30,27.09.2023 23:03:08,3,NIE,,
j-2023,10,21.11.2023,22.11.2023 09:32:30,131,135,Zachodniopomorskie,54,Diabetologia,2023/025401,Rezydencki,87.80,3.79,19.10.2023 21:41:28,6,NIE,,
j-2023,10,21.11.2023,22.11.2023 09:32:30,131,135,Zachodniopomorskie,55,Diabetologia,2023/028054,Rezydencki,83.90,3.92,29.09.2023 18:02:48,6,NIE,,
j-2023,10,21.11.2023,22.11.2023 09:32:30,131,135,Zachodniopomorskie,56,Diabetologia,2023/025816,Rezydencki,82.93,4.16,20.10.2023 14:34:27,6,NIE,,
j-2023,10,21.11.2023,22.11.2023 09:32:30,131,135,Zachodniopomorskie,57,Diabetologia,2023/029372,Rezydencki,81.16,0.00,09.10.2023 10:14:11,6,NIE,,
j-2023,10,21.11.2023,22.11.2023 09:32:30,131,135,Zachodniopomorskie,58,Diabetologia,2023/027599,Rezydencki,77.07,3.88,02.10.2023 18:39:07,6,NIE,,
j-2023,10,21.11.2023,22.11.2023 09:32:30,131,135,Zachodniopomorskie,59,Diabetologia,2023/030068,Rezydencki,69.27,3.32,23.10.2023 10:01:53,6,NIE,,
j-2023,10,21.11.2023,22.11.2023 09:32:30,131,135,Zachodniopomorskie,60,Diabetologia,2023/026449,Pozarezydencki,80.00,4.65,23.10.2023 11:55:01,3,NIE,,
j-2023,10,21.11.2023,22.11.2023 09:32:30,131,135,Zachodniopomorskie,61,Diabetologia,2023/026531,Pozarezydencki,73.39,4.21,09.10.2023 15:39:44,3,NIE,,
j-2023,10,21.11.2023,22.11.2023 09:32:30,131,135,Zachodniopomorskie,62,Diabetologia,2023/023102,Pozarezydencki,71.96,3.80,23.10.2023 17:52:30,3,NIE,,
j-2023,10,21.11.2023,22.11.2023 09:32:30,131,135,Zachodniopomorskie,63,Endokrynologia,2023/030255,Rezydencki,92.68,4.52,01.10.2023 23:16:28,4,NIE,,
j-2023,10,21.11.2023,22.11.2023 09:32:30,131,135,Zachodniopomorskie,64,Endokrynologia,2023/029569,Rezydencki,91.22,4.73,02.10.2023 19:13:32,4,NIE,,
j-2023,10,21.11.2023,22.11.2023 09:32:30,131,135,Zachodniopomorskie,65,Endokrynologia,2023/025696,Rezydencki,91.22,4.57,02.10.2023 21:56:43,4,NIE,,
j-2023,10,21.11.2023,22.11.2023 09:32:30,131,135,Zachodniopomorskie,66,Endokrynologia,2023/028310,Rezydencki,91.22,4.39,29.09.2023 21:32:47,4,NIE,,
j-2023,10,21.11.2023,22.11.2023 09:32:30,132,135,Zachodniopomorskie,67,Gastroenterologia,2023/021777,Rezydencki,88.41,4.73,19.10.2023 20:35:37,1,NIE,,
j-2023,10,21.11.2023,22.11.2023 09:32:30,132,135,Zachodniopomorskie,68,Genetyka kliniczna,2023/024868,Rezydencki,85.12,4.42,02.10.2023 22:12:04,1,NIE,,
j-2023,10,21.11.2023,22.11.2023 09:32:30,132,135,Zachodniopomorskie,69,Hematologia,2023/020547,Rezydencki,85.75,3.98,20.10.2023 13:34:50,2,NIE,,
j-2023,10,21.11.2023,22.11.2023 09:32:30,132,135,Zachodniopomorskie,70,Hematologia,2023/026160,Rezydencki,80.49,3.72,29.09.2023 20:22:02,2,NIE,,
j-2023,10,21.11.2023,22.11.2023 09:32:30,132,135,Zachodniopomorskie,71,Kardiologia,2023/020375,Rezydencki,88.89,4.01,21.10.2023 12:10:39,7,NIE,,
j-2023,10,21.11.2023,22.11.2023 09:32:30,132,135,Zachodniopomorskie,72,Kardiologia,2023/025284,Rezydencki,87.25,3.93,29.09.2023 18:14:15,7,NIE,,
j-2023,10,21.11.2023,22.11.2023 09:32:30,132,135,Zachodniopomorskie,73,Kardiologia,2023/025746,Rezydencki,85.99,3.74,20.10.2023 10:45:19,7,NIE,,
j-2023,10,21.11.2023,22.11.2023 09:32:30,132,135,Zachodniopomorskie,74,Kardiologia,2023/019656,Rezydencki,85.85,4.56,16.10.2023 13:18:32,7,NIE,,
j-2023,10,21.11.2023,22.11.2023 09:32:30,132,135,Zachodniopomorskie,75,Kardiologia,2023/026507,Rezydencki,85.51,4.21,22.10.2023 22:15:31,7,NIE,,
j-2023,10,21.11.2023,22.11.2023 09:32:30,132,135,Zachodniopomorskie,76,Kardiologia,2023/025409,Rezydencki,83.90,3.76,16.10.2023 17:44:41,7,NIE,,
j-2023,10,21.11.2023,22.11.2023 09:32:30,132,135,Zachodniopomorskie,77,Kardiologia,2023/021807,Rezydencki,80.68,4.03,23.10.2023 10:35:05,7,NIE,,
j-2023,10,21.11.2023,22.11.2023 09:32:30,132,135,Zachodniopomorskie,78,Kardiologia,2023/028379,Pozarezydencki,74.19,3.19,02.10.2023 20:15:06,1,NIE,,
j-2023,10,21.11.2023,22.11.2023 09:32:30,132,135,Zachodniopomorskie,79,Medycyna nuklearna,2023/030276,Rezydencki,86.96,4.39,19.10.2023 18:17:24,4,NIE,,
j-2023,10,21.11.2023,22.11.2023 09:32:30,132,135,Zachodniopomorskie,80,Medycyna nuklearna,2023/020086,Rezydencki,84.06,3.58,23.10.2023 14:48:52,4,NIE,,
j-2023,10,21.11.2023,22.11.2023 09:32:30,132,135,Zachodniopomorskie,81,Medycyna nuklearna,2023/025818,Rezydencki,83.41,3.77,20.10.2023 14:38:49,4,NIE,,
j-2023,10,21.11.2023,22.11.2023 09:32:30,132,135,Zachodniopomorskie,82,Medycyna nuklearna,2023/027189,Rezydencki,78.05,4.24,21.10.2023 12:31:38,4,NIE,,
j-2023,10,21.11.2023,22.11.2023 09:32:30,132,135,Zachodniopomorskie,83,Medycyna ratunkowa,2023/028562,Pozarezydencki,83.09,3.50,26.10.2023 20:57:12,1,NIE,,
j-2023,10,21.11.2023,22.11.2023 09:32:30,132,135,Zachodniopomorskie,84,Medycyna rodzinna,2023/028269,Rezydencki,90.44,4.52,20.10.2023 16:38:41,12,NIE,,
j-2023,10,21.11.2023,22.11.2023 09:32:30,132,135,Zachodniopomorskie,85,Medycyna rodzinna,2023/021762,Rezydencki,86.96,4.40,20.10.2023 11:27:24,12,NIE,,
j-2023,10,21.11.2023,22.11.2023 09:32:30,132,135,Zachodniopomorskie,86,Medycyna rodzinna,2023/027467,Rezydencki,85.85,3.98,28.09.2023 17:07:07,12,NIE,,
j-2023,10,21.11.2023,22.11.2023 09:32:30,132,135,Zachodniopomorskie,87,Medycyna rodzinna,2023/029770,Rezydencki,84.80,3.73,25.10.2023 21:11:59,12,NIE,,
j-2023,10,21.11.2023,22.11.2023 09:32:30,132,135,Zachodniopomorskie,88,Medycyna rodzinna,2023/024571,Rezydencki,82.13,3.80,21.10.2023 20:37:22,12,NIE,,
j-2023,10,21.11.2023,22.11.2023 09:32:30,132,135,Zachodniopomorskie,89,Medycyna rodzinna,2023/021789,Rezydencki,81.64,3.90,21.10.2023 10:17:43,12,NIE,,
j-2023,10,21.11.2023,22.11.2023 09:32:30,132,135,Zachodniopomorskie,90,Medycyna rodzinna,2023/020499,Rezydencki,80.39,3.54,20.10.2023 14:28:14,12,NIE,,
j-2023,10,21.11.2023,22.11.2023 09:32:30,132,135,Zachodniopomorskie,91,Medycyna rodzinna,2023/023535,Rezydencki,79.90,4.91,02.10.2023 18:49:09,12,NIE,,
j-2023,10,21.11.2023,22.11.2023 09:32:30,132,135,Zachodniopomorskie,92,Medycyna rodzinna,2023/019462,Rezydencki,79.71,3.72,01.09.2023 10:06:50,12,NIE,,
j-2023,10,21.11.2023,22.11.2023 09:32:30,132,135,Zachodniopomorskie,93,Medycyna rodzinna,2023/020567,Rezydencki,78.54,3.63,20.10.2023 12:38:40,12,NIE,,
j-2023,10,21.11.2023,22.11.2023 09:32:30,132,135,Zachodniopomorskie,94,Medycyna rodzinna,2023/021397,Rezydencki,77.07,3.77,23.10.2023 15:09:08,12,NIE,,
j-2023,10,21.11.2023,22.11.2023 09:32:30,132,135,Zachodniopomorskie,95,Medycyna rodzinna,2023/020636,Rezydencki,76.59,0.00,04.09.2023 22:18:02,12,NIE,,
j-2023,10,21.11.2023,22.11.2023 09:32:30,132,135,Zachodniopomorskie,96,Medycyna rodzinna,2023/025679,Pozarezydencki,80.00,4.09,25.10.2023 08:30:56,2,NIE,,
j-2023,10,21.11.2023,22.11.2023 09:32:30,132,135,Zachodniopomorskie,97,Medycyna rodzinna,2023/026454,Pozarezydencki,56.74,3.23,24.10.2023 11:42:26,2,NIE,,
j-2023,10,21.11.2023,22.11.2023 09:32:30,132,135,Zachodniopomorskie,98,Nefrologia,2023/029158,Pozarezydencki,84.55,4.16,10.10.2023 11:28:16,3,NIE,,
j-2023,10,21.11.2023,22.11.2023 09:32:30,132,135,Zachodniopomorskie,99,Nefrologia,2023/029240,Pozarezydencki,75.91,0.00,14.10.2023 15:45:28,3,NIE,,
j-2023,10,21.11.2023,22.11.2023 09:32:30,132,135,Zachodniopomorskie,100,Nefrologia,2023/027658,Pozarezydencki,65.09,0.00,26.10.2023 19:24:01,3,NIE,,
j-2023,10,21.11.2023,22.11.2023 09:32:30,132,135,Zachodniopomorskie,101,Neurologia,2023/019267,Rezydencki,86.76,4.27,23.10.2023 11:30:45,5,NIE,,
j-2023,10,21.11.2023,22.11.2023 09:32:30,132,135,Zachodniopomorskie,102,Neurologia,2023/020124,Rezydencki,84.39,3.63,10.10.2023 08:26:34,5,NIE,,
j-2023,10,21.11.2023,22.11.2023 09:32:30,132,135,Zachodniopomorskie,103,Neurologia,2023/023042,Rezydencki,79.23,3.83,28.09.2023 10:04:47,5,NIE,,
j-2023,10,21.11.2023,22.11.2023 09:32:30,132,135,Zachodniopomorskie,104,Neurologia,2023/022504,Rezydencki,78.74,3.69,19.10.2023 14:20:00,5,NIE,,
j-2023,10,21.11.2023,22.11.2023 09:32:30,133,135,Zachodniopomorskie,105,Neurologia,2023/027269,Rezydencki,77.78,3.61,28.09.2023 20:42:07,5,NIE,,
j-2023,10,21.11.2023,22.11.2023 09:32:30,133,135,Zachodniopomorskie,106,Neurologia,2023/023147,Pozarezydencki,61.11,0.00,12.10.2023 19:17:37,1,NIE,,
j-2023,10,21.11.2023,22.11.2023 09:32:30,133,135,Zachodniopomorskie,107,Okulistyka,2023/026442,Rezydencki,88.41,0.00,02.10.2023 21:16:06,9,NIE,,
j-2023,10,21.11.2023,22.11.2023 09:32:30,133,135,Zachodniopomorskie,108,Okulistyka,2023/026865,Rezydencki,87.99,4.33,02.10.2023 18:18:04,9,NIE,,
j-2023,10,21.11.2023,22.11.2023 09:32:30,133,135,Zachodniopomorskie,109,Okulistyka,2023/020305,Rezydencki,87.75,4.35,19.10.2023 22:09:17,9,NIE,,
j-2023,10,21.11.2023,22.11.2023 09:32:30,133,135,Zachodniopomorskie,110,Okulistyka,2023/019902,Rezydencki,87.44,4.17,19.10.2023 16:11:14,9,NIE,,
j-2023,10,21.11.2023,22.11.2023 09:32:30,133,135,Zachodniopomorskie,111,Okulistyka,2023/024632,Rezydencki,87.25,4.48,09.10.2023 20:17:57,9,NIE,,
j-2023,10,21.11.2023,22.11.2023 09:32:30,133,135,Zachodniopomorskie,112,Okulistyka,2023/027716,Rezydencki,87.07,4.23,29.09.2023 14:57:11,9,NIE,,
j-2023,10,21.11.2023,22.11.2023 09:32:30,133,135,Zachodniopomorskie,113,Okulistyka,2023/019212,Rezydencki,87.07,3.96,28.09.2023 19:11:34,9,NIE,,
j-2023,10,21.11.2023,22.11.2023 09:32:30,133,135,Zachodniopomorskie,114,Okulistyka,2023/020935,Rezydencki,86.83,4.19,28.09.2023 21:23:48,9,NIE,,
j-2023,10,21.11.2023,22.11.2023 09:32:30,133,135,Zachodniopomorskie,115,Okulistyka,2023/023177,Rezydencki,86.83,3.98,28.09.2023 15:47:00,9,NIE,,
j-2023,10,21.11.2023,22.11.2023 09:32:30,133,135,Zachodniopomorskie,116,Ortodoncja,2023/024427,Rezydencki,86.23,4.22,20.10.2023 20:56:54,3,NIE,,
j-2023,10,21.11.2023,22.11.2023 09:32:30,133,135,Zachodniopomorskie,117,Ortodoncja,2023/025570,Rezydencki,85.99,3.97,28.09.2023 17:33:12,3,NIE,,
j-2023,10,21.11.2023,22.11.2023 09:32:30,133,135,Zachodniopomorskie,118,Ortodoncja,2023/022175,Rezydencki,85.24,3.82,11.09.2023 18:46:27,3,NIE,,
j-2023,10,21.11.2023,22.11.2023 09:32:30,133,135,Zachodniopomorskie,119,Ortopedia i traumatologia narządu ruchu,2023/019912,Rezydencki,90.20,4.31,29.09.2023 08:39:32,8,NIE,,
j-2023,10,21.11.2023,22.11.2023 09:32:30,133,135,Zachodniopomorskie,120,Ortopedia i traumatologia narządu ruchu,2023/020292,Rezydencki,88.41,4.26,19.10.2023 09:49:07,8,NIE,,
j-2023,10,21.11.2023,22.11.2023 09:32:30,133,135,Zachodniopomorskie,121,Ortopedia i traumatologia narządu ruchu,2023/026665,Rezydencki,85.51,4.00,19.10.2023 19:23:28,8,NIE,,
j-2023,10,21.11.2023,22.11.2023 09:32:30,133,135,Zachodniopomorskie,122,Ortopedia i traumatologia narządu ruchu,2023/026978,Rezydencki,84.80,3.80,28.09.2023 21:21:57,8,NIE,,
j-2023,10,21.11.2023,22.11.2023 09:32:30,133,135,Zachodniopomorskie,123,Ortopedia i traumatologia narządu ruchu,2023/023939,Rezydencki,84.31,3.75,20.10.2023 14:17:33,8,NIE,,
j-2023,10,21.11.2023,22.11.2023 09:32:30,133,135,Zachodniopomorskie,124,Ortopedia i traumatologia narządu ruchu,2023/023528,Rezydencki,83.57,0.00,18.10.2023 14:56:14,8,NIE,,
j-2023,10,21.11.2023,22.11.2023 09:32:30,133,135,Zachodniopomorskie,125,Ortopedia i traumatologia narządu ruchu,2023/022433,Rezydencki,78.19,3.45,27.09.2023 23:35:37,8,NIE,,
j-2023,10,21.11.2023,22.11.2023 09:32:30,133,135,Zachodniopomorskie,126,Ortopedia i traumatologia narządu ruchu,2023/030722,Rezydencki,70.24,3.81,24.10.2023 21:45:52,8,NIE,,
j-2023,10,21.11.2023,22.11.2023 09:32:30,133,135,Zachodniopomorskie,127,Patomorfologia,2023/020380,Rezydencki,82.13,4.06,20.10.2023 11:26:59,2,NIE,,
j-2023,10,21.11.2023,22.11.2023 09:32:30,133,135,Zachodniopomorskie,128,Patomorfologia,2023/022234,Rezydencki,77.94,4.31,27.10.2023 14:39:34,2,NIE,,
j-2023,10,21.11.2023,22.11.2023 09:32:30,133,135,Zachodniopomorskie,129,Pediatria,2023/022369,Rezydencki,85.75,4.44,20.10.2023 23:46:41,3,NIE,,
j-2023,10,21.11.2023,22.11.2023 09:32:30,133,135,Zachodniopomorskie,130,Pediatria,2023/026237,Rezydencki,85.51,3.73,28.09.2023 22:22:38,3,NIE,,
j-2023,10,21.11.2023,22.11.2023 09:32:30,133,135,Zachodniopomorskie,131,Pediatria,2023/028410,Rezydencki,80.98,3.42,26.10.2023 15:15:22,3,NIE,,
j-2023,10,21.11.2023,22.11.2023 09:32:30,133,135,Zachodniopomorskie,132,Perinatologia,2023/020235,Pozarezydencki,77.83,4.12,31.10.2023 01:08:28,1,NIE,,
j-2023,10,21.11.2023,22.11.2023 09:32:30,133,135,Zachodniopomorskie,133,Periodontologia,2023/023977,Rezydencki,83.81,3.91,19.10.2023 21:33:00,2,NIE,,
j-2023,10,21.11.2023,22.11.2023 09:32:30,133,135,Zachodniopomorskie,134,Periodontologia,2023/019944,Rezydencki,82.30,3.83,07.09.2023 23:33:52,2,NIE,,
j-2023,10,21.11.2023,22.11.2023 09:32:30,133,135,Zachodniopomorskie,135,Położnictwo i ginekologia,2023/020784,Rezydencki,88.89,4.47,23.10.2023 08:34:12,10,NIE,,
j-2023,10,21.11.2023,22.11.2023 09:32:30,133,135,Zachodniopomorskie,136,Położnictwo i ginekologia,2023/021097,Rezydencki,86.03,4.14,24.10.2023 10:14:10,10,NIE,,
j-2023,10,21.11.2023,22.11.2023 09:32:30,133,135,Zachodniopomorskie,137,Położnictwo i ginekologia,2023/019913,Rezydencki,86.03,3.72,02.10.2023 13:08:10,10,NIE,,
j-2023,10,21.11.2023,22.11.2023 09:32:30,133,135,Zachodniopomorskie,138,Położnictwo i ginekologia,2023/020439,Rezydencki,84.54,4.02,20.10.2023 15:26:14,10,NIE,,
j-2023,10,21.11.2023,22.11.2023 09:32:30,133,135,Zachodniopomorskie,139,Położnictwo i ginekologia,2023/019200,Rezydencki,79.51,3.81,20.10.2023 13:37:59,10,NIE,,
j-2023,10,21.11.2023,22.11.2023 09:32:30,133,135,Zachodniopomorskie,140,Położnictwo i ginekologia,2023/020936,Rezydencki,77.45,3.21,29.09.2023 23:48:42,10,NIE,,
j-2023,10,21.11.2023,22.11.2023 09:32:30,133,135,Zachodniopomorskie,141,Położnictwo i ginekologia,2023/029579,Rezydencki,76.90,3.37,30.09.2023 18:18:32,10,NIE,,
j-2023,10,21.11.2023,22.11.2023 09:32:30,133,135,Zachodniopomorskie,142,Położnictwo i ginekologia,2023/029048,Rezydencki,70.24,3.97,29.09.2023 16:27:33,10,NIE,,
j-2023,10,21.11.2023,22.11.2023 09:32:30,134,135,Zachodniopomorskie,143,Położnictwo i ginekologia,2023/030299,Rezydencki,68.29,3.45,20.10.2023 13:10:53,10,NIE,,
j-2023,10,21.11.2023,22.11.2023 09:32:30,134,135,Zachodniopomorskie,144,Położnictwo i ginekologia,2023/029783,Rezydencki,61.95,3.78,02.10.2023 23:49:19,10,NIE,,
j-2023,10,21.11.2023,22.11.2023 09:32:30,134,135,Zachodniopomorskie,145,Protetyka stomatologiczna,2023/020374,Rezydencki,85.02,3.24,20.10.2023 12:51:29,2,NIE,,
j-2023,10,21.11.2023,22.11.2023 09:32:30,134,135,Zachodniopomorskie,146,Protetyka stomatologiczna,2023/028051,Rezydencki,81.43,4.02,20.10.2023 21:53:42,2,NIE,,
j-2023,10,21.11.2023,22.11.2023 09:32:30,134,135,Zachodniopomorskie,147,Psychiatria,2023/022218,Rezydencki,89.76,4.08,20.10.2023 14:28:42,28,NIE,,
j-2023,10,21.11.2023,22.11.2023 09:32:30,134,135,Zachodniopomorskie,148,Psychiatria,2023/019436,Rezydencki,89.22,4.68,19.10.2023 20:25:43,28,NIE,,
j-2023,10,21.11.2023,22.11.2023 09:32:30,134,135,Zachodniopomorskie,149,Psychiatria,2023/019798,Rezydencki,89.22,4.37,19.10.2023 17:26:04,28,NIE,,
j-2023,10,21.11.2023,22.11.2023 09:32:30,134,135,Zachodniopomorskie,150,Psychiatria,2023/023456,Rezydencki,88.73,4.21,20.10.2023 15:30:28,28,NIE,,
j-2023,10,21.11.2023,22.11.2023 09:32:30,134,135,Zachodniopomorskie,151,Psychiatria,2023/029139,Rezydencki,88.29,4.24,19.10.2023 17:31:13,28,NIE,,
j-2023,10,21.11.2023,22.11.2023 09:32:30,134,135,Zachodniopomorskie,152,Psychiatria,2023/023349,Rezydencki,87.92,3.82,13.10.2023 13:14:06,28,NIE,,
j-2023,10,21.11.2023,22.11.2023 09:32:30,134,135,Zachodniopomorskie,153,Psychiatria,2023/027054,Rezydencki,87.32,4.19,28.09.2023 17:16:12,28,NIE,,
j-2023,10,21.11.2023,22.11.2023 09:32:30,134,135,Zachodniopomorskie,154,Psychiatria,2023/028543,Rezydencki,86.47,4.16,19.10.2023 18:31:31,28,NIE,,
j-2023,10,21.11.2023,22.11.2023 09:32:30,134,135,Zachodniopomorskie,155,Psychiatria,2023/026757,Rezydencki,86.47,3.52,02.10.2023 12:54:30,28,NIE,,
j-2023,10,21.11.2023,22.11.2023 09:32:30,134,135,Zachodniopomorskie,156,Psychiatria,2023/029072,Rezydencki,85.99,4.20,22.10.2023 16:08:03,28,NIE,,
j-2023,10,21.11.2023,22.11.2023 09:32:30,134,135,Zachodniopomorskie,157,Psychiatria,2023/026965,Rezydencki,85.75,3.54,26.10.2023 15:11:37,28,NIE,,
j-2023,10,21.11.2023,22.11.2023 09:32:30,134,135,Zachodniopomorskie,158,Psychiatria,2023/025444,Rezydencki,85.54,3.51,02.10.2023 18:16:50,28,NIE,,
j-2023,10,21.11.2023,22.11.2023 09:32:30,134,135,Zachodniopomorskie,159,Psychiatria,2023/021102,Rezydencki,85.51,4.20,20.10.2023 14:04:16,28,NIE,,
j-2023,10,21.11.2023,22.11.2023 09:32:30,134,135,Zachodniopomorskie,160,Psychiatria,2023/024926,Rezydencki,84.30,4.26,19.10.2023 18:41:46,28,NIE,,
j-2023,10,21.11.2023,22.11.2023 09:32:30,134,135,Zachodniopomorskie,161,Psychiatria,2023/020508,Rezydencki,84.06,4.01,20.10.2023 16:33:58,28,NIE,,
j-2023,10,21.11.2023,22.11.2023 09:32:30,134,135,Zachodniopomorskie,162,Psychiatria,2023/023143,Rezydencki,83.33,3.23,23.10.2023 10:16:57,28,NIE,,
j-2023,10,21.11.2023,22.11.2023 09:32:30,134,135,Zachodniopomorskie,163,Psychiatria,2023/022783,Rezydencki,81.64,3.97,29.09.2023 20:00:09,28,NIE,,
j-2023,10,21.11.2023,22.11.2023 09:32:30,134,135,Zachodniopomorskie,164,Psychiatria,2023/019565,Rezydencki,81.64,3.58,20.10.2023 12:09:12,28,NIE,,
j-2023,10,21.11.2023,22.11.2023 09:32:30,134,135,Zachodniopomorskie,165,Psychiatria,2023/028313,Rezydencki,81.46,4.07,29.09.2023 20:19:05,28,NIE,,
j-2023,10,21.11.2023,22.11.2023 09:32:30,134,135,Zachodniopomorskie,166,Psychiatria,2023/027352,Rezydencki,81.46,3.32,02.10.2023 16:56:23,28,NIE,,
j-2023,10,21.11.2023,22.11.2023 09:32:30,134,135,Zachodniopomorskie,167,Psychiatria,2023/028168,Rezydencki,81.37,4.38,28.09.2023 14:30:59,28,NIE,,
j-2023,10,21.11.2023,22.11.2023 09:32:30,134,135,Zachodniopomorskie,168,Psychiatria,2023/026247,Rezydencki,79.41,0.00,20.10.2023 08:18:50,28,NIE,,
j-2023,10,21.11.2023,22.11.2023 09:32:30,134,135,Zachodniopomorskie,169,Psychiatria,2023/026831,Rezydencki,78.74,3.61,20.10.2023 15:52:01,28,NIE,,
j-2023,10,21.11.2023,22.11.2023 09:32:30,134,135,Zachodniopomorskie,170,Psychiatria,2023/020934,Rezydencki,78.26,3.61,29.09.2023 23:48:42,28,NIE,,
j-2023,10,21.11.2023,22.11.2023 09:32:30,134,135,Zachodniopomorskie,171,Psychiatria,2023/030716,Rezydencki,76.70,0.00,02.10.2023 17:30:27,28,NIE,,
j-2023,10,21.11.2023,22.11.2023 09:32:30,134,135,Zachodniopomorskie,172,Psychiatria,2023/026091,Rezydencki,73.17,3.48,29.09.2023 13:43:11,28,NIE,,
j-2023,10,21.11.2023,22.11.2023 09:32:30,134,135,Zachodniopomorskie,173,Psychiatria,2023/024794,Rezydencki,63.90,3.43,01.10.2023 18:45:40,28,NIE,,
j-2023,10,21.11.2023,22.11.2023 09:32:30,134,135,Zachodniopomorskie,174,Psychiatria,2023/029959,Rezydencki,60.39,3.62,17.10.2023 15:30:10,28,NIE,,
j-2023,10,21.11.2023,22.11.2023 09:32:30,134,135,Zachodniopomorskie,175,Psychiatria dzieci i młodzieży,2023/026559,Rezydencki,86.27,4.53,26.10.2023 10:29:36,1,NIE,,
j-2023,10,21.11.2023,22.11.2023 09:32:30,134,135,Zachodniopomorskie,176,Radiologia i diagnostyka obrazowa,2023/029157,Rezydencki,90.24,4.23,19.10.2023 14:32:26,7,NIE,,
j-2023,10,21.11.2023,22.11.2023 09:32:30,134,135,Zachodniopomorskie,177,Radiologia i diagnostyka obrazowa,2023/020594,Rezydencki,89.95,4.18,19.10.2023 15:39:33,7,NIE,,
j-2023,10,21.11.2023,22.11.2023 09:32:30,134,135,Zachodniopomorskie,178,Radiologia i diagnostyka obrazowa,2023/019579,Rezydencki,89.76,4.14,02.10.2023 18:03:37,7,NIE,,
j-2023,10,21.11.2023,22.11.2023 09:32:30,134,135,Zachodniopomorskie,179,Radiologia i diagnostyka obrazowa,2023/019354,Rezydencki,88.41,4.33,30.09.2023 13:46:24,7,NIE,,
j-2023,10,21.11.2023,22.11.2023 09:32:30,134,135,Zachodniopomorskie,180,Radiologia i diagnostyka obrazowa,2023/020631,Rezydencki,87.92,4.60,05.09.2023 21:57:11,7,NIE,,
j-2023,10,21.11.2023,22.11.2023 09:32:30,135,135,Zachodniopomorskie,181,Radiologia i diagnostyka obrazowa,2023/026508,Rezydencki,87.92,4.45,20.10.2023 12:20:21,7,NIE,,
j-2023,10,21.11.2023,22.11.2023 09:32:30,135,135,Zachodniopomorskie,182,Radiologia i diagnostyka obrazowa,2023/029179,Rezydencki,87.80,4.38,20.10.2023 19:10:34,7,NIE,,
j-2023,10,21.11.2023,22.11.2023 09:32:30,135,135,Zachodniopomorskie,183,Rehabilitacja medyczna,2023/026132,Pozarezydencki,76.91,0.00,27.09.2023 19:54:40,3,NIE,,
j-2023,10,21.11.2023,22.11.2023 09:32:30,135,135,Zachodniopomorskie,184,Rehabilitacja medyczna,2023/026307,Pozarezydencki,73.27,0.00,25.09.2023 21:23:32,3,NIE,,
j-2023,10,21.11.2023,22.11.2023 09:32:30,135,135,Zachodniopomorskie,185,Rehabilitacja medyczna,2023/021013,Pozarezydencki,4.55,0.00,31.10.2023 14:48:04,3,NIE,,
j-2023,10,21.11.2023,22.11.2023 09:32:30,135,135,Zachodniopomorskie,186,Reumatologia,2023/019221,Rezydencki,89.76,4.09,01.10.2023 16:30:30,3,NIE,,
j-2023,10,21.11.2023,22.11.2023 09:32:30,135,135,Zachodniopomorskie,187,Reumatologia,2023/025408,Rezydencki,89.27,3.81,01.10.2023 15:42:30,3,NIE,,
j-2023,10,21.11.2023,22.11.2023 09:32:30,135,135,Zachodniopomorskie,188,Reumatologia,2023/025860,Rezydencki,88.78,3.73,30.09.2023 13:49:19,3,NIE,,
j-2023,10,21.11.2023,22.11.2023 09:32:30,135,135,Zachodniopomorskie,189,Stomatologia dziecięca,2023/027549,Rezydencki,84.21,3.98,27.09.2023 20:12:55,2,NIE,,
j-2023,10,21.11.2023,22.11.2023 09:32:30,135,135,Zachodniopomorskie,190,Stomatologia dziecięca,2023/024862,Rezydencki,80.48,4.14,20.10.2023 17:20:14,2,NIE,,
j-2023,10,21.11.2023,22.11.2023 09:32:30,135,135,Zachodniopomorskie,191,Stomatologia zachowawcza z endodoncją,2023/022634,Rezydencki,82.86,4.34,19.10.2023 17:18:50,1,NIE,,
j-2023,10,21.11.2023,22.11.2023 09:32:30,135,135,Zachodniopomorskie,192,Transplantologia kliniczna,2023/028678,Pozarezydencki,70.91,0.00,23.10.2023 17:01:31,1,NIE,,
j-2023,10,21.11.2023,22.11.2023 09:32:30,135,135,Zachodniopomorskie,1,Neurologia,2023/020294,Rezydencki,75.85,3.97,19.10.2023 13:28:52,1,TAK,Samodzielny Publiczny Szpital Kliniczny Nr 1 im. prof. Tadeusza Sokołowskiego Pomorskiego Uniwersytetu Medycznego w Szczecinie,Klinika Neurologii z Pododdziałem Udarowym
