rekrutacja,kolejność_plików,publication_date,print_datetime,page,page_total,wojewodztwo,lp,dziedzina_medycyny,numer_wniosku,tryb_szkolenia,punktacja_proc,srednia_arytmetyczna,data_zlozenia_wniosku,ilość_zakwalifikowanych_w_trybie,czy_miejsca_doktoranckie,doktoranckie_podmiot,doktoranckie_jednostka
j-2024,12,19.11.2024,19.11.2024 09:28:25,1,144,Dolnośląskie,1,Alergologia,2024/029051,Rezydencki,90.24,3.93,27.09.2024 09:55:44,1,NIE,,
j-2024,12,19.11.2024,19.11.2024 09:28:25,1,144,Dolnośląskie,2,Alergologia,2024/031764,Pozarezydencki,81.31,4.22,30.09.2024 12:02:41,2,NIE,,
j-2024,12,19.11.2024,19.11.2024 09:28:25,1,144,Dolnośląskie,3,Alergologia,2024/027798,Pozarezydencki,80.93,3.80,30.09.2024 13:48:34,2,NIE,,
j-2024,12,19.11.2024,19.11.2024 09:28:25,1,144,Dolnośląskie,4,Anestezjologia i intensywna terapia,2024/026799,Rezydencki,90.34,4.28,23.09.2024 11:23:00,17,NIE,,
j-2024,12,19.11.2024,19.11.2024 09:28:25,1,144,Dolnośląskie,5,Anestezjologia i intensywna terapia,2024/026028,Rezydencki,90.20,4.55,28.09.2024 12:05:52,17,NIE,,
j-2024,12,19.11.2024,19.11.2024 09:28:25,1,144,Dolnośląskie,6,Anestezjologia i intensywna terapia,2024/026691,Rezydencki,89.86,4.20,24.09.2024 07:14:56,17,NIE,,
j-2024,12,19.11.2024,19.11.2024 09:28:25,1,144,Dolnośląskie,7,Anestezjologia i intensywna terapia,2024/027341,Rezydencki,89.27,4.16,26.09.2024 19:39:01,17,NIE,,
j-2024,12,19.11.2024,19.11.2024 09:28:25,1,144,Dolnośląskie,8,Anestezjologia i intensywna terapia,2024/023898,Rezydencki,88.29,4.41,18.09.2024 22:35:21,17,NIE,,
j-2024,12,19.11.2024,19.11.2024 09:28:25,1,144,Dolnośląskie,9,Anestezjologia i intensywna terapia,2024/022673,Rezydencki,88.29,4.24,08.09.2024 11:55:56,17,NIE,,
j-2024,12,19.11.2024,19.11.2024 09:28:25,1,144,Dolnośląskie,10,Anestezjologia i intensywna terapia,2024/025929,Rezydencki,88.29,3.94,17.09.2024 20:16:14,17,NIE,,
j-2024,12,19.11.2024,19.11.2024 09:28:25,1,144,Dolnośląskie,11,Anestezjologia i intensywna terapia,2024/024923,Rezydencki,87.44,4.04,30.09.2024 19:18:16,17,NIE,,
j-2024,12,19.11.2024,19.11.2024 09:28:25,1,144,Dolnośląskie,12,Anestezjologia i intensywna terapia,2024/024584,Rezydencki,87.01,4.00,10.09.2024 18:08:51,17,NIE,,
j-2024,12,19.11.2024,19.11.2024 09:28:25,1,144,Dolnośląskie,13,Anestezjologia i intensywna terapia,2024/030460,Rezydencki,86.96,3.91,27.09.2024 01:47:36,17,NIE,,
j-2024,12,19.11.2024,19.11.2024 09:28:25,1,144,Dolnośląskie,14,Anestezjologia i intensywna terapia,2024/031950,Rezydencki,85.51,4.10,28.09.2024 12:43:56,17,NIE,,
j-2024,12,19.11.2024,19.11.2024 09:28:25,1,144,Dolnośląskie,15,Anestezjologia i intensywna terapia,2024/033005,Rezydencki,85.37,4.47,29.09.2024 22:31:21,17,NIE,,
j-2024,12,19.11.2024,19.11.2024 09:28:25,1,144,Dolnośląskie,16,Anestezjologia i intensywna terapia,2024/025845,Rezydencki,84.39,4.21,30.09.2024 23:29:09,17,NIE,,
j-2024,12,19.11.2024,19.11.2024 09:28:25,1,144,Dolnośląskie,17,Anestezjologia i intensywna terapia,2024/024374,Rezydencki,84.31,4.80,26.09.2024 15:21:33,17,NIE,,
j-2024,12,19.11.2024,19.11.2024 09:28:25,1,144,Dolnośląskie,18,Anestezjologia i intensywna terapia,2024/022943,Rezydencki,84.06,4.14,16.10.2024 12:37:34,17,NIE,,
j-2024,12,19.11.2024,19.11.2024 09:28:25,1,144,Dolnośląskie,19,Anestezjologia i intensywna terapia,2024/023368,Rezydencki,83.09,4.42,27.09.2024 10:20:25,17,NIE,,
j-2024,12,19.11.2024,19.11.2024 09:28:25,1,144,Dolnośląskie,20,Anestezjologia i intensywna terapia,2024/032508,Rezydencki,83.09,0.00,24.10.2024 10:53:54,17,NIE,,
j-2024,12,19.11.2024,19.11.2024 09:28:25,1,144,Dolnośląskie,21,Angiologia,2024/026450,Rezydencki,89.13,4.31,23.09.2024 15:09:36,2,NIE,,
j-2024,12,19.11.2024,19.11.2024 09:28:25,1,144,Dolnośląskie,22,Angiologia,2024/026486,Rezydencki,86.96,4.03,30.09.2024 17:10:37,2,NIE,,
j-2024,12,19.11.2024,19.11.2024 09:28:25,1,144,Dolnośląskie,23,Angiologia,2024/032458,Pozarezydencki,76.17,4.21,22.10.2024 19:58:37,1,NIE,,
j-2024,12,19.11.2024,19.11.2024 09:28:25,1,144,Dolnośląskie,24,Chirurgia dziecięca,2024/023855,Rezydencki,85.51,3.46,10.09.2024 11:09:14,1,NIE,,
j-2024,12,19.11.2024,19.11.2024 09:28:25,1,144,Dolnośląskie,25,Chirurgia klatki piersiowej,2024/026090,Rezydencki,88.41,4.15,26.09.2024 09:39:54,1,NIE,,
j-2024,12,19.11.2024,19.11.2024 09:28:25,1,144,Dolnośląskie,26,Chirurgia ogólna,2024/031617,Rezydencki,86.34,4.54,27.09.2024 17:30:39,15,NIE,,
j-2024,12,19.11.2024,19.11.2024 09:28:25,1,144,Dolnośląskie,27,Chirurgia ogólna,2024/030821,Rezydencki,85.51,3.88,26.09.2024 18:31:53,15,NIE,,
j-2024,12,19.11.2024,19.11.2024 09:28:25,1,144,Dolnośląskie,28,Chirurgia ogólna,2024/032053,Rezydencki,85.29,4.21,30.09.2024 20:57:10,15,NIE,,
j-2024,12,19.11.2024,19.11.2024 09:28:25,1,144,Dolnośląskie,29,Chirurgia ogólna,2024/033190,Rezydencki,83.57,4.77,30.09.2024 19:33:46,15,NIE,,
j-2024,12,19.11.2024,19.11.2024 09:28:25,1,144,Dolnośląskie,30,Chirurgia ogólna,2024/033137,Rezydencki,81.37,4.19,30.09.2024 14:00:38,15,NIE,,
j-2024,12,19.11.2024,19.11.2024 09:28:25,1,144,Dolnośląskie,31,Chirurgia ogólna,2024/033024,Rezydencki,81.37,3.33,29.09.2024 22:57:08,15,NIE,,
j-2024,12,19.11.2024,19.11.2024 09:28:25,1,144,Dolnośląskie,32,Chirurgia ogólna,2024/026150,Rezydencki,76.59,4.38,15.09.2024 20:46:00,15,NIE,,
j-2024,12,19.11.2024,19.11.2024 09:28:25,1,144,Dolnośląskie,33,Chirurgia ogólna,2024/028053,Rezydencki,76.59,3.31,22.09.2024 19:06:46,15,NIE,,
j-2024,12,19.11.2024,19.11.2024 09:28:25,1,144,Dolnośląskie,34,Chirurgia ogólna,2024/028429,Rezydencki,76.33,3.41,25.09.2024 20:52:51,15,NIE,,
j-2024,12,19.11.2024,19.11.2024 09:28:25,1,144,Dolnośląskie,35,Chirurgia ogólna,2024/030496,Rezydencki,75.98,4.01,26.09.2024 13:16:08,15,NIE,,
j-2024,12,19.11.2024,19.11.2024 09:28:25,1,144,Dolnośląskie,36,Chirurgia ogólna,2024/025875,Rezydencki,74.51,4.19,17.09.2024 17:31:38,15,NIE,,
j-2024,12,19.11.2024,19.11.2024 09:28:25,2,144,Dolnośląskie,37,Chirurgia ogólna,2024/023111,Rezydencki,73.53,3.66,22.09.2024 13:40:56,15,NIE,,
j-2024,12,19.11.2024,19.11.2024 09:28:25,2,144,Dolnośląskie,38,Chirurgia ogólna,2024/033105,Rezydencki,70.59,4.28,22.10.2024 20:33:36,15,NIE,,
j-2024,12,19.11.2024,19.11.2024 09:28:25,2,144,Dolnośląskie,39,Chirurgia ogólna,2024/034252,Rezydencki,63.77,3.39,24.10.2024 12:12:36,15,NIE,,
j-2024,12,19.11.2024,19.11.2024 09:28:25,2,144,Dolnośląskie,40,Chirurgia ogólna,2024/030677,Rezydencki,56.86,3.22,27.09.2024 17:45:47,15,NIE,,
j-2024,12,19.11.2024,19.11.2024 09:28:25,2,144,Dolnośląskie,41,Chirurgia onkologiczna,2024/024221,Rezydencki,84.80,3.87,30.09.2024 22:43:59,1,NIE,,
j-2024,12,19.11.2024,19.11.2024 09:28:25,2,144,Dolnośląskie,42,Chirurgia onkologiczna,2024/031875,Pozarezydencki,81.65,3.70,28.09.2024 07:51:18,2,NIE,,
j-2024,12,19.11.2024,19.11.2024 09:28:25,2,144,Dolnośląskie,43,Chirurgia onkologiczna,2024/025816,Pozarezydencki,79.32,4.22,14.10.2024 14:13:44,2,NIE,,
j-2024,12,19.11.2024,19.11.2024 09:28:25,2,144,Dolnośląskie,44,Chirurgia plastyczna,2024/026499,Rezydencki,94.61,4.53,24.10.2024 14:07:30,3,NIE,,
j-2024,12,19.11.2024,19.11.2024 09:28:25,2,144,Dolnośląskie,45,Chirurgia plastyczna,2024/022644,Rezydencki,91.91,4.28,19.10.2024 14:11:56,3,NIE,,
j-2024,12,19.11.2024,19.11.2024 09:28:25,2,144,Dolnośląskie,46,Chirurgia plastyczna,2024/022549,Rezydencki,91.79,4.52,14.09.2024 13:13:28,3,NIE,,
j-2024,12,19.11.2024,19.11.2024 09:28:25,2,144,Dolnośląskie,47,Chirurgia stomatologiczna,2024/022534,Rezydencki,85.51,4.20,01.09.2024 15:20:09,1,NIE,,
j-2024,12,19.11.2024,19.11.2024 09:28:25,2,144,Dolnośląskie,48,Chirurgia szczękowo-twarzowa,2024/028914,Rezydencki,89.90,4.19,24.10.2024 20:55:54,2,NIE,,
j-2024,12,19.11.2024,19.11.2024 09:28:25,2,144,Dolnośląskie,49,Chirurgia szczękowo-twarzowa,2024/022201,Rezydencki,85.85,0.00,15.10.2024 20:21:10,2,NIE,,
j-2024,12,19.11.2024,19.11.2024 09:28:25,2,144,Dolnośląskie,50,Choroby płuc,2024/031149,Rezydencki,91.06,4.47,30.09.2024 14:30:08,8,NIE,,
j-2024,12,19.11.2024,19.11.2024 09:28:25,2,144,Dolnośląskie,51,Choroby płuc,2024/027674,Rezydencki,90.93,4.61,20.09.2024 23:27:20,8,NIE,,
j-2024,12,19.11.2024,19.11.2024 09:28:25,2,144,Dolnośląskie,52,Choroby płuc,2024/028024,Rezydencki,89.13,4.66,16.10.2024 09:18:56,8,NIE,,
j-2024,12,19.11.2024,19.11.2024 09:28:25,2,144,Dolnośląskie,53,Choroby płuc,2024/028452,Rezydencki,87.75,4.26,30.09.2024 15:26:07,8,NIE,,
j-2024,12,19.11.2024,19.11.2024 09:28:25,2,144,Dolnośląskie,54,Choroby płuc,2024/028048,Rezydencki,87.32,4.29,27.09.2024 20:59:26,8,NIE,,
j-2024,12,19.11.2024,19.11.2024 09:28:25,2,144,Dolnośląskie,55,Choroby płuc,2024/022868,Rezydencki,87.20,4.10,25.09.2024 19:52:28,8,NIE,,
j-2024,12,19.11.2024,19.11.2024 09:28:25,2,144,Dolnośląskie,56,Choroby płuc,2024/032169,Rezydencki,85.29,3.88,28.09.2024 20:19:37,8,NIE,,
j-2024,12,19.11.2024,19.11.2024 09:28:25,2,144,Dolnośląskie,57,Choroby płuc,2024/026650,Rezydencki,83.33,3.44,30.09.2024 20:54:39,8,NIE,,
j-2024,12,19.11.2024,19.11.2024 09:28:25,2,144,Dolnośląskie,58,Choroby płuc,2024/029935,Pozarezydencki,82.24,4.56,25.09.2024 18:57:20,3,NIE,,
j-2024,12,19.11.2024,19.11.2024 09:28:25,2,144,Dolnośląskie,59,Choroby płuc,2024/028221,Pozarezydencki,71.66,3.74,23.09.2024 14:34:31,3,NIE,,
j-2024,12,19.11.2024,19.11.2024 09:28:25,2,144,Dolnośląskie,60,Choroby płuc,2024/027442,Pozarezydencki,70.97,3.36,11.10.2024 23:48:52,3,NIE,,
j-2024,12,19.11.2024,19.11.2024 09:28:25,2,144,Dolnośląskie,61,Choroby płuc dzieci,2024/029878,Rezydencki,82.44,3.77,25.09.2024 18:04:12,1,NIE,,
j-2024,12,19.11.2024,19.11.2024 09:28:25,2,144,Dolnośląskie,62,Choroby wewnętrzne,2024/022428,Rezydencki,88.78,4.69,16.10.2024 10:00:25,23,NIE,,
j-2024,12,19.11.2024,19.11.2024 09:28:25,2,144,Dolnośląskie,63,Choroby wewnętrzne,2024/024861,Rezydencki,88.16,4.30,27.09.2024 11:05:22,23,NIE,,
j-2024,12,19.11.2024,19.11.2024 09:28:25,2,144,Dolnośląskie,64,Choroby wewnętrzne,2024/026259,Rezydencki,87.56,3.86,26.09.2024 21:16:26,23,NIE,,
j-2024,12,19.11.2024,19.11.2024 09:28:25,2,144,Dolnośląskie,65,Choroby wewnętrzne,2024/026649,Rezydencki,87.44,4.30,24.09.2024 22:31:33,23,NIE,,
j-2024,12,19.11.2024,19.11.2024 09:28:25,2,144,Dolnośląskie,66,Choroby wewnętrzne,2024/022703,Rezydencki,85.51,3.74,30.09.2024 18:27:56,23,NIE,,
j-2024,12,19.11.2024,19.11.2024 09:28:25,2,144,Dolnośląskie,67,Choroby wewnętrzne,2024/031630,Rezydencki,84.88,4.04,27.09.2024 17:41:00,23,NIE,,
j-2024,12,19.11.2024,19.11.2024 09:28:25,2,144,Dolnośląskie,68,Choroby wewnętrzne,2024/032489,Rezydencki,84.78,4.31,29.09.2024 18:30:38,23,NIE,,
j-2024,12,19.11.2024,19.11.2024 09:28:25,2,144,Dolnośląskie,69,Choroby wewnętrzne,2024/029304,Rezydencki,84.54,4.27,26.09.2024 19:34:54,23,NIE,,
j-2024,12,19.11.2024,19.11.2024 09:28:25,2,144,Dolnośląskie,70,Choroby wewnętrzne,2024/033926,Rezydencki,84.07,4.30,30.09.2024 23:50:27,23,NIE,,
j-2024,12,19.11.2024,19.11.2024 09:28:25,2,144,Dolnośląskie,71,Choroby wewnętrzne,2024/032857,Rezydencki,82.61,3.95,29.09.2024 21:11:43,23,NIE,,
j-2024,12,19.11.2024,19.11.2024 09:28:25,2,144,Dolnośląskie,72,Choroby wewnętrzne,2024/022705,Rezydencki,80.68,4.14,09.10.2024 12:59:45,23,NIE,,
j-2024,12,19.11.2024,19.11.2024 09:28:25,2,144,Dolnośląskie,73,Choroby wewnętrzne,2024/030650,Rezydencki,80.19,4.22,30.09.2024 16:07:38,23,NIE,,
j-2024,12,19.11.2024,19.11.2024 09:28:25,2,144,Dolnośląskie,74,Choroby wewnętrzne,2024/029119,Rezydencki,80.19,3.73,29.09.2024 19:12:49,23,NIE,,
j-2024,12,19.11.2024,19.11.2024 09:28:25,3,144,Dolnośląskie,75,Choroby wewnętrzne,2024/023114,Rezydencki,80.00,3.96,03.09.2024 16:52:41,23,NIE,,
j-2024,12,19.11.2024,19.11.2024 09:28:25,3,144,Dolnośląskie,76,Choroby wewnętrzne,2024/022445,Rezydencki,79.90,4.15,01.09.2024 13:21:59,23,NIE,,
j-2024,12,19.11.2024,19.11.2024 09:28:25,3,144,Dolnośląskie,77,Choroby wewnętrzne,2024/033548,Rezydencki,79.23,3.57,30.09.2024 14:22:52,23,NIE,,
j-2024,12,19.11.2024,19.11.2024 09:28:25,3,144,Dolnośląskie,78,Choroby wewnętrzne,2024/024254,Rezydencki,75.49,4.35,30.09.2024 17:13:29,23,NIE,,
j-2024,12,19.11.2024,19.11.2024 09:28:25,3,144,Dolnośląskie,79,Choroby wewnętrzne,2024/025952,Rezydencki,72.68,3.66,29.09.2024 20:21:23,23,NIE,,
j-2024,12,19.11.2024,19.11.2024 09:28:25,3,144,Dolnośląskie,80,Choroby wewnętrzne,2024/025413,Rezydencki,71.71,4.91,21.09.2024 23:46:18,23,NIE,,
j-2024,12,19.11.2024,19.11.2024 09:28:25,3,144,Dolnośląskie,81,Choroby wewnętrzne,2024/034132,Rezydencki,70.24,3.58,30.09.2024 22:05:57,23,NIE,,
j-2024,12,19.11.2024,19.11.2024 09:28:25,3,144,Dolnośląskie,82,Choroby wewnętrzne,2024/033207,Rezydencki,68.63,3.34,30.09.2024 08:54:01,23,NIE,,
j-2024,12,19.11.2024,19.11.2024 09:28:25,3,144,Dolnośląskie,83,Choroby wewnętrzne,2024/032431,Rezydencki,67.16,3.55,18.10.2024 08:53:21,23,NIE,,
j-2024,12,19.11.2024,19.11.2024 09:28:25,3,144,Dolnośląskie,84,Choroby wewnętrzne,2024/033113,Rezydencki,60.68,3.67,20.10.2024 20:58:54,23,NIE,,
j-2024,12,19.11.2024,19.11.2024 09:28:25,3,144,Dolnośląskie,85,Choroby wewnętrzne,2024/029367,Pozarezydencki,68.06,0.00,28.09.2024 17:57:22,3,NIE,,
j-2024,12,19.11.2024,19.11.2024 09:28:25,3,144,Dolnośląskie,86,Choroby wewnętrzne,2024/029678,Pozarezydencki,66.36,3.48,25.09.2024 15:19:57,3,NIE,,
j-2024,12,19.11.2024,19.11.2024 09:28:25,3,144,Dolnośląskie,87,Choroby wewnętrzne,2024/026558,Pozarezydencki,64.68,3.98,27.10.2024 22:18:08,3,NIE,,
j-2024,12,19.11.2024,19.11.2024 09:28:25,3,144,Dolnośląskie,88,Choroby zakaźne,2024/026945,Rezydencki,86.23,4.11,26.09.2024 21:34:29,1,NIE,,
j-2024,12,19.11.2024,19.11.2024 09:28:25,3,144,Dolnośląskie,89,Dermatologia i wenerologia,2024/027687,Rezydencki,93.17,4.26,21.09.2024 10:00:31,4,NIE,,
j-2024,12,19.11.2024,19.11.2024 09:28:25,3,144,Dolnośląskie,90,Dermatologia i wenerologia,2024/030981,Rezydencki,93.00,4.39,30.09.2024 17:18:49,4,NIE,,
j-2024,12,19.11.2024,19.11.2024 09:28:25,3,144,Dolnośląskie,91,Dermatologia i wenerologia,2024/031170,Rezydencki,92.68,4.69,30.09.2024 23:57:08,4,NIE,,
j-2024,12,19.11.2024,19.11.2024 09:28:25,3,144,Dolnośląskie,92,Dermatologia i wenerologia,2024/022219,Rezydencki,92.65,4.31,03.09.2024 17:54:15,4,NIE,,
j-2024,12,19.11.2024,19.11.2024 09:28:25,3,144,Dolnośląskie,93,Dermatologia i wenerologia,2024/025644,Pozarezydencki,86.98,4.52,25.09.2024 16:17:51,1,NIE,,
j-2024,12,19.11.2024,19.11.2024 09:28:25,3,144,Dolnośląskie,94,Diabetologia,2024/024986,Rezydencki,90.73,4.44,29.09.2024 18:12:04,1,NIE,,
j-2024,12,19.11.2024,19.11.2024 09:28:25,3,144,Dolnośląskie,95,Diabetologia,2024/034127,Pozarezydencki,80.00,3.49,30.09.2024 22:09:41,1,NIE,,
j-2024,12,19.11.2024,19.11.2024 09:28:25,3,144,Dolnośląskie,96,Endokrynologia,2024/025642,Rezydencki,95.17,4.22,29.09.2024 13:27:54,1,NIE,,
j-2024,12,19.11.2024,19.11.2024 09:28:25,3,144,Dolnośląskie,97,Endokrynologia,2024/023421,Pozarezydencki,87.56,0.00,16.09.2024 19:03:47,1,NIE,,
j-2024,12,19.11.2024,19.11.2024 09:28:25,3,144,Dolnośląskie,98,Gastroenterologia,2024/029258,Rezydencki,91.30,4.30,26.09.2024 16:05:02,2,NIE,,
j-2024,12,19.11.2024,19.11.2024 09:28:25,3,144,Dolnośląskie,99,Gastroenterologia,2024/028765,Rezydencki,90.93,4.56,27.09.2024 19:14:47,2,NIE,,
j-2024,12,19.11.2024,19.11.2024 09:28:25,3,144,Dolnośląskie,100,Gastroenterologia dziecięca,2024/031245,Rezydencki,81.88,3.87,16.10.2024 17:36:11,1,NIE,,
j-2024,12,19.11.2024,19.11.2024 09:28:25,3,144,Dolnośląskie,101,Gastroenterologia dziecięca,2024/026947,Pozarezydencki,81.57,4.14,18.09.2024 11:19:47,4,NIE,,
j-2024,12,19.11.2024,19.11.2024 09:28:25,3,144,Dolnośląskie,102,Gastroenterologia dziecięca,2024/023931,Pozarezydencki,74.88,3.68,30.09.2024 00:01:27,4,NIE,,
j-2024,12,19.11.2024,19.11.2024 09:28:25,3,144,Dolnośląskie,103,Gastroenterologia dziecięca,2024/029346,Pozarezydencki,66.59,3.49,14.10.2024 23:27:50,4,NIE,,
j-2024,12,19.11.2024,19.11.2024 09:28:25,3,144,Dolnośląskie,104,Gastroenterologia dziecięca,2024/031216,Pozarezydencki,62.33,3.31,27.09.2024 00:17:54,4,NIE,,
j-2024,12,19.11.2024,19.11.2024 09:28:25,3,144,Dolnośląskie,105,Geriatria,2024/023566,Pozarezydencki,77.27,0.00,25.09.2024 21:53:07,1,NIE,,
j-2024,12,19.11.2024,19.11.2024 09:28:25,3,144,Dolnośląskie,106,Ginekologia onkologiczna,2024/025073,Pozarezydencki,85.00,4.04,10.10.2024 09:16:11,1,NIE,,
j-2024,12,19.11.2024,19.11.2024 09:28:25,3,144,Dolnośląskie,107,Hematologia,2024/024590,Rezydencki,86.27,4.60,16.10.2024 10:01:52,5,NIE,,
j-2024,12,19.11.2024,19.11.2024 09:28:25,3,144,Dolnośląskie,108,Hematologia,2024/027546,Rezydencki,85.61,4.19,29.09.2024 22:41:19,5,NIE,,
j-2024,12,19.11.2024,19.11.2024 09:28:25,3,144,Dolnośląskie,109,Hematologia,2024/033538,Rezydencki,85.29,4.22,30.09.2024 22:44:24,5,NIE,,
j-2024,12,19.11.2024,19.11.2024 09:28:25,3,144,Dolnośląskie,110,Hematologia,2024/026309,Rezydencki,84.31,4.26,23.09.2024 21:04:39,5,NIE,,
j-2024,12,19.11.2024,19.11.2024 09:28:25,3,144,Dolnośląskie,111,Hematologia,2024/030173,Rezydencki,77.29,3.50,25.09.2024 22:52:00,5,NIE,,
j-2024,12,19.11.2024,19.11.2024 09:28:25,3,144,Dolnośląskie,112,Kardiochirurgia,2024/034070,Rezydencki,72.55,4.29,30.09.2024 23:58:25,2,NIE,,
j-2024,12,19.11.2024,19.11.2024 09:28:25,4,144,Dolnośląskie,113,Kardiochirurgia,2024/030679,Rezydencki,59.90,2.97,16.10.2024 00:50:59,2,NIE,,
j-2024,12,19.11.2024,19.11.2024 09:28:25,4,144,Dolnośląskie,114,Kardiologia,2024/022188,Rezydencki,92.16,4.41,17.09.2024 17:03:11,13,NIE,,
j-2024,12,19.11.2024,19.11.2024 09:28:25,4,144,Dolnośląskie,115,Kardiologia,2024/032715,Rezydencki,91.42,4.39,30.09.2024 19:28:20,13,NIE,,
j-2024,12,19.11.2024,19.11.2024 09:28:25,4,144,Dolnośląskie,116,Kardiologia,2024/029246,Rezydencki,91.42,4.30,25.09.2024 19:49:02,13,NIE,,
j-2024,12,19.11.2024,19.11.2024 09:28:25,4,144,Dolnośląskie,117,Kardiologia,2024/033151,Rezydencki,91.18,4.16,30.09.2024 00:44:56,13,NIE,,
j-2024,12,19.11.2024,19.11.2024 09:28:25,4,144,Dolnośląskie,118,Kardiologia,2024/027764,Rezydencki,91.06,4.40,23.09.2024 17:43:39,13,NIE,,
j-2024,12,19.11.2024,19.11.2024 09:28:25,4,144,Dolnośląskie,119,Kardiologia,2024/025901,Rezydencki,90.82,3.67,16.10.2024 15:07:12,13,NIE,,
j-2024,12,19.11.2024,19.11.2024 09:28:25,4,144,Dolnośląskie,120,Kardiologia,2024/029226,Rezydencki,90.34,4.40,24.09.2024 20:08:05,13,NIE,,
j-2024,12,19.11.2024,19.11.2024 09:28:25,4,144,Dolnośląskie,121,Kardiologia,2024/031599,Rezydencki,90.20,4.29,30.09.2024 19:28:59,13,NIE,,
j-2024,12,19.11.2024,19.11.2024 09:28:25,4,144,Dolnośląskie,122,Kardiologia,2024/028101,Rezydencki,89.86,4.44,17.10.2024 19:02:05,13,NIE,,
j-2024,12,19.11.2024,19.11.2024 09:28:25,4,144,Dolnośląskie,123,Kardiologia,2024/027373,Rezydencki,89.51,4.44,26.09.2024 19:23:49,13,NIE,,
j-2024,12,19.11.2024,19.11.2024 09:28:25,4,144,Dolnośląskie,124,Kardiologia,2024/029654,Rezydencki,89.46,4.24,30.09.2024 18:35:53,13,NIE,,
j-2024,12,19.11.2024,19.11.2024 09:28:25,4,144,Dolnośląskie,125,Kardiologia,2024/025310,Rezydencki,88.97,4.41,17.09.2024 20:49:38,13,NIE,,
j-2024,12,19.11.2024,19.11.2024 09:28:25,4,144,Dolnośląskie,126,Kardiologia,2024/023005,Rezydencki,88.29,4.14,24.09.2024 22:09:26,13,NIE,,
j-2024,12,19.11.2024,19.11.2024 09:28:25,4,144,Dolnośląskie,127,Kardiologia,2024/025271,Pozarezydencki,84.33,4.05,27.09.2024 08:33:28,1,NIE,,
j-2024,12,19.11.2024,19.11.2024 09:28:25,4,144,Dolnośląskie,128,Medycyna nuklearna,2024/026709,Rezydencki,86.71,4.44,18.09.2024 12:14:28,1,NIE,,
j-2024,12,19.11.2024,19.11.2024 09:28:25,4,144,Dolnośląskie,129,Medycyna paliatywna,2024/032197,Pozarezydencki,73.18,0.00,24.10.2024 15:38:30,3,NIE,,
j-2024,12,19.11.2024,19.11.2024 09:28:25,4,144,Dolnośląskie,130,Medycyna paliatywna,2024/025400,Pozarezydencki,63.64,0.00,11.09.2024 22:46:55,3,NIE,,
j-2024,12,19.11.2024,19.11.2024 09:28:25,4,144,Dolnośląskie,131,Medycyna paliatywna,2024/030012,Pozarezydencki,63.64,0.00,18.10.2024 18:59:11,3,NIE,,
j-2024,12,19.11.2024,19.11.2024 09:28:25,4,144,Dolnośląskie,132,Medycyna ratunkowa,2024/030397,Rezydencki,77.56,3.57,28.09.2024 19:13:32,2,NIE,,
j-2024,12,19.11.2024,19.11.2024 09:28:25,4,144,Dolnośląskie,133,Medycyna ratunkowa,2024/023616,Rezydencki,69.27,0.00,05.09.2024 22:50:21,2,NIE,,
j-2024,12,19.11.2024,19.11.2024 09:28:25,4,144,Dolnośląskie,134,Medycyna ratunkowa,2024/030546,Pozarezydencki,83.64,4.34,26.09.2024 14:18:58,4,NIE,,
j-2024,12,19.11.2024,19.11.2024 09:28:25,4,144,Dolnośląskie,135,Medycyna ratunkowa,2024/028468,Pozarezydencki,83.02,4.36,26.09.2024 12:06:25,4,NIE,,
j-2024,12,19.11.2024,19.11.2024 09:28:25,4,144,Dolnośląskie,136,Medycyna ratunkowa,2024/023065,Pozarezydencki,70.91,0.00,02.10.2024 12:00:44,4,NIE,,
j-2024,12,19.11.2024,19.11.2024 09:28:25,4,144,Dolnośląskie,137,Medycyna ratunkowa,2024/028943,Pozarezydencki,63.64,0.00,24.09.2024 11:26:53,4,NIE,,
j-2024,12,19.11.2024,19.11.2024 09:28:25,4,144,Dolnośląskie,138,Medycyna rodzinna,2024/029069,Rezydencki,89.71,3.97,29.09.2024 20:58:39,46,NIE,,
j-2024,12,19.11.2024,19.11.2024 09:28:25,4,144,Dolnośląskie,139,Medycyna rodzinna,2024/025039,Rezydencki,89.61,4.44,16.10.2024 10:20:51,46,NIE,,
j-2024,12,19.11.2024,19.11.2024 09:28:25,4,144,Dolnośląskie,140,Medycyna rodzinna,2024/026022,Rezydencki,89.27,4.51,23.09.2024 22:14:26,46,NIE,,
j-2024,12,19.11.2024,19.11.2024 09:28:25,4,144,Dolnośląskie,141,Medycyna rodzinna,2024/030174,Rezydencki,89.22,4.77,30.09.2024 12:59:13,46,NIE,,
j-2024,12,19.11.2024,19.11.2024 09:28:25,4,144,Dolnośląskie,142,Medycyna rodzinna,2024/023354,Rezydencki,88.24,3.96,26.09.2024 20:03:58,46,NIE,,
j-2024,12,19.11.2024,19.11.2024 09:28:25,4,144,Dolnośląskie,143,Medycyna rodzinna,2024/029274,Rezydencki,87.44,4.26,24.09.2024 20:32:04,46,NIE,,
j-2024,12,19.11.2024,19.11.2024 09:28:25,4,144,Dolnośląskie,144,Medycyna rodzinna,2024/029197,Rezydencki,87.44,4.23,10.10.2024 14:37:18,46,NIE,,
j-2024,12,19.11.2024,19.11.2024 09:28:25,4,144,Dolnośląskie,145,Medycyna rodzinna,2024/031661,Rezydencki,87.32,4.39,27.09.2024 18:42:12,46,NIE,,
j-2024,12,19.11.2024,19.11.2024 09:28:25,4,144,Dolnośląskie,146,Medycyna rodzinna,2024/030657,Rezydencki,87.25,4.33,27.09.2024 07:53:49,46,NIE,,
j-2024,12,19.11.2024,19.11.2024 09:28:25,4,144,Dolnośląskie,147,Medycyna rodzinna,2024/029243,Rezydencki,86.96,4.06,28.09.2024 12:22:44,46,NIE,,
j-2024,12,19.11.2024,19.11.2024 09:28:25,4,144,Dolnośląskie,148,Medycyna rodzinna,2024/026508,Rezydencki,86.71,4.21,29.09.2024 07:24:10,46,NIE,,
j-2024,12,19.11.2024,19.11.2024 09:28:25,4,144,Dolnośląskie,149,Medycyna rodzinna,2024/031377,Rezydencki,86.47,4.13,28.09.2024 16:16:19,46,NIE,,
j-2024,12,19.11.2024,19.11.2024 09:28:25,4,144,Dolnośląskie,150,Medycyna rodzinna,2024/031502,Rezydencki,86.47,3.95,29.09.2024 21:21:25,46,NIE,,
j-2024,12,19.11.2024,19.11.2024 09:28:25,5,144,Dolnośląskie,151,Medycyna rodzinna,2024/029641,Rezydencki,85.78,4.34,30.09.2024 16:09:35,46,NIE,,
j-2024,12,19.11.2024,19.11.2024 09:28:25,5,144,Dolnośląskie,152,Medycyna rodzinna,2024/024935,Rezydencki,85.78,4.30,10.09.2024 12:48:01,46,NIE,,
j-2024,12,19.11.2024,19.11.2024 09:28:25,5,144,Dolnośląskie,153,Medycyna rodzinna,2024/030507,Rezydencki,84.80,4.35,26.09.2024 19:24:23,46,NIE,,
j-2024,12,19.11.2024,19.11.2024 09:28:25,5,144,Dolnośląskie,154,Medycyna rodzinna,2024/030707,Rezydencki,84.31,4.11,30.09.2024 22:46:55,46,NIE,,
j-2024,12,19.11.2024,19.11.2024 09:28:25,5,144,Dolnośląskie,155,Medycyna rodzinna,2024/022422,Rezydencki,83.58,4.46,01.09.2024 13:00:32,46,NIE,,
j-2024,12,19.11.2024,19.11.2024 09:28:25,5,144,Dolnośląskie,156,Medycyna rodzinna,2024/032834,Rezydencki,83.57,4.10,29.09.2024 20:57:54,46,NIE,,
j-2024,12,19.11.2024,19.11.2024 09:28:25,5,144,Dolnośląskie,157,Medycyna rodzinna,2024/028427,Rezydencki,83.57,4.09,10.10.2024 14:40:10,46,NIE,,
j-2024,12,19.11.2024,19.11.2024 09:28:25,5,144,Dolnośląskie,158,Medycyna rodzinna,2024/026264,Rezydencki,83.33,4.12,26.09.2024 20:37:53,46,NIE,,
j-2024,12,19.11.2024,19.11.2024 09:28:25,5,144,Dolnośląskie,159,Medycyna rodzinna,2024/026136,Rezydencki,83.33,3.93,07.10.2024 15:05:35,46,NIE,,
j-2024,12,19.11.2024,19.11.2024 09:28:25,5,144,Dolnośląskie,160,Medycyna rodzinna,2024/033583,Rezydencki,83.09,4.08,30.09.2024 15:00:08,46,NIE,,
j-2024,12,19.11.2024,19.11.2024 09:28:25,5,144,Dolnośląskie,161,Medycyna rodzinna,2024/030766,Rezydencki,83.09,3.94,30.09.2024 23:42:00,46,NIE,,
j-2024,12,19.11.2024,19.11.2024 09:28:25,5,144,Dolnośląskie,162,Medycyna rodzinna,2024/031186,Rezydencki,82.84,3.84,30.09.2024 23:28:19,46,NIE,,
j-2024,12,19.11.2024,19.11.2024 09:28:25,5,144,Dolnośląskie,163,Medycyna rodzinna,2024/026312,Rezydencki,82.61,0.00,18.09.2024 13:01:20,46,NIE,,
j-2024,12,19.11.2024,19.11.2024 09:28:25,5,144,Dolnośląskie,164,Medycyna rodzinna,2024/027258,Rezydencki,82.44,3.73,30.09.2024 22:09:45,46,NIE,,
j-2024,12,19.11.2024,19.11.2024 09:28:25,5,144,Dolnośląskie,165,Medycyna rodzinna,2024/028356,Rezydencki,82.44,3.38,27.09.2024 15:43:10,46,NIE,,
j-2024,12,19.11.2024,19.11.2024 09:28:25,5,144,Dolnośląskie,166,Medycyna rodzinna,2024/026267,Rezydencki,81.90,4.62,07.10.2024 11:23:10,46,NIE,,
j-2024,12,19.11.2024,19.11.2024 09:28:25,5,144,Dolnośląskie,167,Medycyna rodzinna,2024/022714,Rezydencki,81.46,4.26,01.09.2024 21:49:44,46,NIE,,
j-2024,12,19.11.2024,19.11.2024 09:28:25,5,144,Dolnośląskie,168,Medycyna rodzinna,2024/023718,Rezydencki,80.92,3.84,29.09.2024 21:46:52,46,NIE,,
j-2024,12,19.11.2024,19.11.2024 09:28:25,5,144,Dolnośląskie,169,Medycyna rodzinna,2024/022758,Rezydencki,80.88,4.12,27.09.2024 08:20:31,46,NIE,,
j-2024,12,19.11.2024,19.11.2024 09:28:25,5,144,Dolnośląskie,170,Medycyna rodzinna,2024/026489,Rezydencki,80.68,0.00,24.09.2024 08:49:34,46,NIE,,
j-2024,12,19.11.2024,19.11.2024 09:28:25,5,144,Dolnośląskie,171,Medycyna rodzinna,2024/027741,Rezydencki,80.39,3.68,26.09.2024 20:30:00,46,NIE,,
j-2024,12,19.11.2024,19.11.2024 09:28:25,5,144,Dolnośląskie,172,Medycyna rodzinna,2024/031350,Rezydencki,80.00,4.41,29.09.2024 11:45:25,46,NIE,,
j-2024,12,19.11.2024,19.11.2024 09:28:25,5,144,Dolnośląskie,173,Medycyna rodzinna,2024/029948,Rezydencki,79.23,3.85,28.09.2024 16:54:59,46,NIE,,
j-2024,12,19.11.2024,19.11.2024 09:28:25,5,144,Dolnośląskie,174,Medycyna rodzinna,2024/032130,Rezydencki,78.92,3.98,29.09.2024 20:05:30,46,NIE,,
j-2024,12,19.11.2024,19.11.2024 09:28:25,5,144,Dolnośląskie,175,Medycyna rodzinna,2024/034269,Rezydencki,78.74,3.59,30.09.2024 23:37:18,46,NIE,,
j-2024,12,19.11.2024,19.11.2024 09:28:25,5,144,Dolnośląskie,176,Medycyna rodzinna,2024/034054,Rezydencki,77.78,3.45,15.10.2024 13:23:26,46,NIE,,
j-2024,12,19.11.2024,19.11.2024 09:28:25,5,144,Dolnośląskie,177,Medycyna rodzinna,2024/022357,Rezydencki,77.14,0.00,01.09.2024 11:23:25,46,NIE,,
j-2024,12,19.11.2024,19.11.2024 09:28:25,5,144,Dolnośląskie,178,Medycyna rodzinna,2024/031067,Rezydencki,76.47,3.65,30.09.2024 16:28:10,46,NIE,,
j-2024,12,19.11.2024,19.11.2024 09:28:25,5,144,Dolnośląskie,179,Medycyna rodzinna,2024/030046,Rezydencki,74.51,3.76,30.09.2024 21:12:12,46,NIE,,
j-2024,12,19.11.2024,19.11.2024 09:28:25,5,144,Dolnośląskie,180,Medycyna rodzinna,2024/024361,Rezydencki,74.02,4.26,26.09.2024 16:51:41,46,NIE,,
j-2024,12,19.11.2024,19.11.2024 09:28:25,5,144,Dolnośląskie,181,Medycyna rodzinna,2024/031314,Rezydencki,73.91,4.33,27.09.2024 10:29:41,46,NIE,,
j-2024,12,19.11.2024,19.11.2024 09:28:25,5,144,Dolnośląskie,182,Medycyna rodzinna,2024/032124,Rezydencki,73.53,4.17,16.10.2024 15:02:11,46,NIE,,
j-2024,12,19.11.2024,19.11.2024 09:28:25,5,144,Dolnośląskie,183,Medycyna rodzinna,2024/033864,Rezydencki,62.25,3.73,17.10.2024 21:36:18,46,NIE,,
j-2024,12,19.11.2024,19.11.2024 09:28:25,5,144,Dolnośląskie,184,Medycyna rodzinna,2024/027831,Pozarezydencki,70.09,4.28,22.09.2024 17:38:52,8,NIE,,
j-2024,12,19.11.2024,19.11.2024 09:28:25,5,144,Dolnośląskie,185,Medycyna rodzinna,2024/025730,Pozarezydencki,67.66,3.50,08.10.2024 18:47:21,8,NIE,,
j-2024,12,19.11.2024,19.11.2024 09:28:25,5,144,Dolnośląskie,186,Medycyna rodzinna,2024/033628,Pozarezydencki,67.59,0.00,30.09.2024 15:54:30,8,NIE,,
j-2024,12,19.11.2024,19.11.2024 09:28:25,5,144,Dolnośląskie,187,Medycyna rodzinna,2024/027144,Pozarezydencki,63.64,0.00,21.10.2024 18:07:22,8,NIE,,
j-2024,12,19.11.2024,19.11.2024 09:28:25,5,144,Dolnośląskie,188,Medycyna rodzinna,2024/024727,Pozarezydencki,62.39,0.00,15.10.2024 11:07:42,8,NIE,,
j-2024,12,19.11.2024,19.11.2024 09:28:25,6,144,Dolnośląskie,189,Medycyna rodzinna,2024/025066,Pozarezydencki,62.26,3.38,11.10.2024 16:02:44,8,NIE,,
j-2024,12,19.11.2024,19.11.2024 09:28:25,6,144,Dolnośląskie,190,Medycyna rodzinna,2024/024538,Pozarezydencki,53.46,4.77,11.10.2024 08:31:06,8,NIE,,
j-2024,12,19.11.2024,19.11.2024 09:28:25,6,144,Dolnośląskie,191,Medycyna rodzinna,2024/027044,Pozarezydencki,0.00,0.00,14.10.2024 20:47:09,8,NIE,,
j-2024,12,19.11.2024,19.11.2024 09:28:25,6,144,Dolnośląskie,192,Medycyna sądowa,2024/022323,Rezydencki,54.46,3.91,01.09.2024 10:49:43,1,NIE,,
j-2024,12,19.11.2024,19.11.2024 09:28:25,6,144,Dolnośląskie,193,Nefrologia,2024/029968,Rezydencki,73.53,3.64,27.09.2024 10:27:21,3,NIE,,
j-2024,12,19.11.2024,19.11.2024 09:28:25,6,144,Dolnośląskie,194,Nefrologia,2024/022617,Rezydencki,70.73,3.40,18.09.2024 21:31:42,3,NIE,,
j-2024,12,19.11.2024,19.11.2024 09:28:25,6,144,Dolnośląskie,195,Nefrologia,2024/032462,Rezydencki,64.22,3.91,29.09.2024 14:55:03,3,NIE,,
j-2024,12,19.11.2024,19.11.2024 09:28:25,6,144,Dolnośląskie,196,Nefrologia,2024/023633,Pozarezydencki,70.91,0.00,24.10.2024 11:45:00,1,NIE,,
j-2024,12,19.11.2024,19.11.2024 09:28:25,6,144,Dolnośląskie,197,Nefrologia dziecięca,2024/028029,Rezydencki,85.54,4.08,30.09.2024 21:07:10,2,NIE,,
j-2024,12,19.11.2024,19.11.2024 09:28:25,6,144,Dolnośląskie,198,Nefrologia dziecięca,2024/032203,Rezydencki,82.35,3.56,29.09.2024 21:21:39,2,NIE,,
j-2024,12,19.11.2024,19.11.2024 09:28:25,6,144,Dolnośląskie,199,Nefrologia dziecięca,2024/025988,Pozarezydencki,80.00,4.44,16.10.2024 17:29:25,1,NIE,,
j-2024,12,19.11.2024,19.11.2024 09:28:25,6,144,Dolnośląskie,200,Neonatologia,2024/025344,Rezydencki,88.89,4.33,19.09.2024 21:01:56,8,NIE,,
j-2024,12,19.11.2024,19.11.2024 09:28:25,6,144,Dolnośląskie,201,Neonatologia,2024/025347,Rezydencki,88.41,4.49,11.09.2024 19:35:06,8,NIE,,
j-2024,12,19.11.2024,19.11.2024 09:28:25,6,144,Dolnośląskie,202,Neonatologia,2024/026405,Rezydencki,87.92,4.04,27.09.2024 14:08:13,8,NIE,,
j-2024,12,19.11.2024,19.11.2024 09:28:25,6,144,Dolnośląskie,203,Neonatologia,2024/022548,Rezydencki,84.06,4.14,30.09.2024 22:29:40,8,NIE,,
j-2024,12,19.11.2024,19.11.2024 09:28:25,6,144,Dolnośląskie,204,Neonatologia,2024/029699,Rezydencki,79.23,3.32,29.09.2024 13:43:56,8,NIE,,
j-2024,12,19.11.2024,19.11.2024 09:28:25,6,144,Dolnośląskie,205,Neonatologia,2024/032662,Rezydencki,76.47,3.87,29.09.2024 20:38:13,8,NIE,,
j-2024,12,19.11.2024,19.11.2024 09:28:25,6,144,Dolnośląskie,206,Neonatologia,2024/028897,Rezydencki,74.88,3.68,29.09.2024 11:39:50,8,NIE,,
j-2024,12,19.11.2024,19.11.2024 09:28:25,6,144,Dolnośląskie,207,Neonatologia,2024/022895,Rezydencki,57.84,4.79,10.09.2024 13:54:52,8,NIE,,
j-2024,12,19.11.2024,19.11.2024 09:28:25,6,144,Dolnośląskie,208,Neonatologia,2024/030515,Pozarezydencki,77.78,0.00,26.09.2024 13:35:44,1,NIE,,
j-2024,12,19.11.2024,19.11.2024 09:28:25,6,144,Dolnośląskie,209,Neurochirurgia,2024/028432,Rezydencki,86.47,3.47,28.09.2024 19:46:45,1,NIE,,
j-2024,12,19.11.2024,19.11.2024 09:28:25,6,144,Dolnośląskie,210,Neurologia,2024/024296,Rezydencki,92.89,4.79,07.09.2024 12:39:28,10,NIE,,
j-2024,12,19.11.2024,19.11.2024 09:28:25,6,144,Dolnośląskie,211,Neurologia,2024/022680,Rezydencki,90.82,4.63,29.09.2024 00:10:59,10,NIE,,
j-2024,12,19.11.2024,19.11.2024 09:28:25,6,144,Dolnośląskie,212,Neurologia,2024/029933,Rezydencki,90.34,4.46,25.09.2024 18:54:48,10,NIE,,
j-2024,12,19.11.2024,19.11.2024 09:28:25,6,144,Dolnośląskie,213,Neurologia,2024/022261,Rezydencki,90.00,4.83,26.09.2024 13:01:46,10,NIE,,
j-2024,12,19.11.2024,19.11.2024 09:28:25,6,144,Dolnośląskie,214,Neurologia,2024/029332,Rezydencki,89.95,4.49,24.09.2024 21:59:28,10,NIE,,
j-2024,12,19.11.2024,19.11.2024 09:28:25,6,144,Dolnośląskie,215,Neurologia,2024/024131,Rezydencki,89.22,4.41,24.09.2024 12:17:32,10,NIE,,
j-2024,12,19.11.2024,19.11.2024 09:28:25,6,144,Dolnośląskie,216,Neurologia,2024/022576,Rezydencki,88.78,4.56,25.09.2024 19:59:55,10,NIE,,
j-2024,12,19.11.2024,19.11.2024 09:28:25,6,144,Dolnośląskie,217,Neurologia,2024/023433,Rezydencki,88.24,4.49,03.09.2024 16:39:28,10,NIE,,
j-2024,12,19.11.2024,19.11.2024 09:28:25,6,144,Dolnośląskie,218,Neurologia,2024/027974,Rezydencki,87.92,4.54,26.09.2024 19:10:21,10,NIE,,
j-2024,12,19.11.2024,19.11.2024 09:28:25,6,144,Dolnośląskie,219,Neurologia,2024/024955,Rezydencki,87.92,4.33,15.09.2024 18:34:24,10,NIE,,
j-2024,12,19.11.2024,19.11.2024 09:28:25,6,144,Dolnośląskie,220,Neurologia,2024/022661,Pozarezydencki,56.07,0.00,01.09.2024 20:03:13,1,NIE,,
j-2024,12,19.11.2024,19.11.2024 09:28:25,6,144,Dolnośląskie,221,Neurologia dziecięca,2024/030950,Rezydencki,87.92,4.21,29.09.2024 19:07:18,2,NIE,,
j-2024,12,19.11.2024,19.11.2024 09:28:25,6,144,Dolnośląskie,222,Neurologia dziecięca,2024/032094,Rezydencki,86.47,3.51,30.09.2024 23:40:18,2,NIE,,
j-2024,12,19.11.2024,19.11.2024 09:28:25,6,144,Dolnośląskie,223,Neurologia dziecięca,2024/025078,Pozarezydencki,89.09,4.77,23.09.2024 21:05:42,4,NIE,,
j-2024,12,19.11.2024,19.11.2024 09:28:25,6,144,Dolnośląskie,224,Neurologia dziecięca,2024/022593,Pozarezydencki,85.00,4.65,01.09.2024 17:43:17,4,NIE,,
j-2024,12,19.11.2024,19.11.2024 09:28:25,6,144,Dolnośląskie,225,Neurologia dziecięca,2024/025667,Pozarezydencki,69.34,4.10,18.09.2024 23:08:59,4,NIE,,
j-2024,12,19.11.2024,19.11.2024 09:28:25,6,144,Dolnośląskie,226,Neurologia dziecięca,2024/028116,Pozarezydencki,64.45,4.00,09.10.2024 22:31:35,4,NIE,,
j-2024,12,19.11.2024,19.11.2024 09:28:25,7,144,Dolnośląskie,227,Okulistyka,2024/029877,Rezydencki,89.86,4.27,16.10.2024 09:19:32,14,NIE,,
j-2024,12,19.11.2024,19.11.2024 09:28:25,7,144,Dolnośląskie,228,Okulistyka,2024/027174,Rezydencki,89.76,4.17,27.09.2024 16:33:29,14,NIE,,
j-2024,12,19.11.2024,19.11.2024 09:28:25,7,144,Dolnośląskie,229,Okulistyka,2024/028505,Rezydencki,89.76,3.99,23.09.2024 16:17:13,14,NIE,,
j-2024,12,19.11.2024,19.11.2024 09:28:25,7,144,Dolnośląskie,230,Okulistyka,2024/031399,Rezydencki,89.02,3.99,30.09.2024 23:39:07,14,NIE,,
j-2024,12,19.11.2024,19.11.2024 09:28:25,7,144,Dolnośląskie,231,Okulistyka,2024/027672,Rezydencki,88.78,3.95,20.09.2024 23:35:10,14,NIE,,
j-2024,12,19.11.2024,19.11.2024 09:28:25,7,144,Dolnośląskie,232,Okulistyka,2024/025349,Rezydencki,88.65,4.04,26.09.2024 19:48:01,14,NIE,,
j-2024,12,19.11.2024,19.11.2024 09:28:25,7,144,Dolnośląskie,233,Okulistyka,2024/029586,Rezydencki,87.75,4.39,15.10.2024 13:12:12,14,NIE,,
j-2024,12,19.11.2024,19.11.2024 09:28:25,7,144,Dolnośląskie,234,Okulistyka,2024/030801,Rezydencki,87.68,4.03,26.09.2024 20:18:49,14,NIE,,
j-2024,12,19.11.2024,19.11.2024 09:28:25,7,144,Dolnośląskie,235,Okulistyka,2024/031735,Rezydencki,87.56,3.43,27.09.2024 20:57:04,14,NIE,,
j-2024,12,19.11.2024,19.11.2024 09:28:25,7,144,Dolnośląskie,236,Okulistyka,2024/027509,Rezydencki,87.32,4.17,30.09.2024 23:12:21,14,NIE,,
j-2024,12,19.11.2024,19.11.2024 09:28:25,7,144,Dolnośląskie,237,Okulistyka,2024/022725,Rezydencki,87.32,3.96,01.09.2024 22:12:16,14,NIE,,
j-2024,12,19.11.2024,19.11.2024 09:28:25,7,144,Dolnośląskie,238,Okulistyka,2024/030421,Rezydencki,87.25,4.33,29.09.2024 19:11:25,14,NIE,,
j-2024,12,19.11.2024,19.11.2024 09:28:25,7,144,Dolnośląskie,239,Okulistyka,2024/031432,Rezydencki,87.25,3.76,27.09.2024 14:35:48,14,NIE,,
j-2024,12,19.11.2024,19.11.2024 09:28:25,7,144,Dolnośląskie,240,Okulistyka,2024/027017,Rezydencki,86.96,4.27,18.09.2024 14:43:50,14,NIE,,
j-2024,12,19.11.2024,19.11.2024 09:28:25,7,144,Dolnośląskie,241,Onkologia i hematologia dziecięca,2024/031739,Rezydencki,87.32,4.54,18.10.2024 10:36:45,2,NIE,,
j-2024,12,19.11.2024,19.11.2024 09:28:25,7,144,Dolnośląskie,242,Onkologia i hematologia dziecięca,2024/029361,Rezydencki,84.54,3.64,10.10.2024 23:26:52,2,NIE,,
j-2024,12,19.11.2024,19.11.2024 09:28:25,7,144,Dolnośląskie,243,Onkologia i hematologia dziecięca,2024/026502,Pozarezydencki,74.32,0.00,16.09.2024 21:58:35,1,NIE,,
j-2024,12,19.11.2024,19.11.2024 09:28:25,7,144,Dolnośląskie,244,Onkologia kliniczna,2024/025168,Rezydencki,88.24,4.54,30.09.2024 22:24:06,8,NIE,,
j-2024,12,19.11.2024,19.11.2024 09:28:25,7,144,Dolnośląskie,245,Onkologia kliniczna,2024/024400,Rezydencki,87.44,4.14,11.09.2024 23:01:13,8,NIE,,
j-2024,12,19.11.2024,19.11.2024 09:28:25,7,144,Dolnośląskie,246,Onkologia kliniczna,2024/030489,Rezydencki,85.51,4.19,26.09.2024 16:08:28,8,NIE,,
j-2024,12,19.11.2024,19.11.2024 09:28:25,7,144,Dolnośląskie,247,Onkologia kliniczna,2024/023660,Rezydencki,85.51,3.68,02.10.2024 20:49:52,8,NIE,,
j-2024,12,19.11.2024,19.11.2024 09:28:25,7,144,Dolnośląskie,248,Onkologia kliniczna,2024/023204,Rezydencki,85.02,4.23,10.09.2024 21:12:35,8,NIE,,
j-2024,12,19.11.2024,19.11.2024 09:28:25,7,144,Dolnośląskie,249,Onkologia kliniczna,2024/026675,Rezydencki,84.80,4.75,29.09.2024 11:53:29,8,NIE,,
j-2024,12,19.11.2024,19.11.2024 09:28:25,7,144,Dolnośląskie,250,Onkologia kliniczna,2024/030699,Rezydencki,65.20,3.77,28.09.2024 13:07:28,8,NIE,,
j-2024,12,19.11.2024,19.11.2024 09:28:25,7,144,Dolnośląskie,251,Onkologia kliniczna,2024/022702,Rezydencki,60.78,0.00,04.09.2024 12:11:35,8,NIE,,
j-2024,12,19.11.2024,19.11.2024 09:28:25,7,144,Dolnośląskie,252,Onkologia kliniczna,2024/027338,Pozarezydencki,72.73,4.50,11.10.2024 13:19:46,2,NIE,,
j-2024,12,19.11.2024,19.11.2024 09:28:25,7,144,Dolnośląskie,253,Onkologia kliniczna,2024/025075,Pozarezydencki,66.36,3.55,12.09.2024 10:00:42,2,NIE,,
j-2024,12,19.11.2024,19.11.2024 09:28:25,7,144,Dolnośląskie,254,Ortodoncja,2024/028305,Rezydencki,88.46,4.55,25.09.2024 08:38:50,1,NIE,,
j-2024,12,19.11.2024,19.11.2024 09:28:25,7,144,Dolnośląskie,255,Ortopedia i traumatologia narządu ruchu,2024/028421,Rezydencki,88.89,3.93,30.09.2024 22:38:45,15,NIE,,
j-2024,12,19.11.2024,19.11.2024 09:28:25,7,144,Dolnośląskie,256,Ortopedia i traumatologia narządu ruchu,2024/031134,Rezydencki,87.92,4.01,29.09.2024 13:32:06,15,NIE,,
j-2024,12,19.11.2024,19.11.2024 09:28:25,7,144,Dolnośląskie,257,Ortopedia i traumatologia narządu ruchu,2024/024958,Rezydencki,85.85,3.65,24.09.2024 12:38:03,15,NIE,,
j-2024,12,19.11.2024,19.11.2024 09:28:25,7,144,Dolnośląskie,258,Ortopedia i traumatologia narządu ruchu,2024/022635,Rezydencki,84.06,3.65,01.09.2024 19:24:43,15,NIE,,
j-2024,12,19.11.2024,19.11.2024 09:28:25,7,144,Dolnośląskie,259,Ortopedia i traumatologia narządu ruchu,2024/022365,Rezydencki,83.09,3.84,26.09.2024 16:23:46,15,NIE,,
j-2024,12,19.11.2024,19.11.2024 09:28:25,7,144,Dolnośląskie,260,Ortopedia i traumatologia narządu ruchu,2024/030038,Rezydencki,83.09,3.58,26.09.2024 19:51:43,15,NIE,,
j-2024,12,19.11.2024,19.11.2024 09:28:25,7,144,Dolnośląskie,261,Ortopedia i traumatologia narządu ruchu,2024/029930,Rezydencki,82.61,4.17,04.10.2024 21:08:22,15,NIE,,
j-2024,12,19.11.2024,19.11.2024 09:28:25,7,144,Dolnośląskie,262,Ortopedia i traumatologia narządu ruchu,2024/028963,Rezydencki,80.98,3.20,30.09.2024 22:44:01,15,NIE,,
j-2024,12,19.11.2024,19.11.2024 09:28:25,7,144,Dolnośląskie,263,Ortopedia i traumatologia narządu ruchu,2024/023661,Rezydencki,77.45,3.71,04.09.2024 13:54:52,15,NIE,,
j-2024,12,19.11.2024,19.11.2024 09:28:25,7,144,Dolnośląskie,264,Ortopedia i traumatologia narządu ruchu,2024/032688,Rezydencki,76.96,3.68,29.09.2024 19:09:45,15,NIE,,
j-2024,12,19.11.2024,19.11.2024 09:28:25,8,144,Dolnośląskie,265,Ortopedia i traumatologia narządu ruchu,2024/025972,Rezydencki,76.47,3.41,29.09.2024 23:24:13,15,NIE,,
j-2024,12,19.11.2024,19.11.2024 09:28:25,8,144,Dolnośląskie,266,Ortopedia i traumatologia narządu ruchu,2024/025846,Rezydencki,74.02,3.74,26.09.2024 18:20:26,15,NIE,,
j-2024,12,19.11.2024,19.11.2024 09:28:25,8,144,Dolnośląskie,267,Ortopedia i traumatologia narządu ruchu,2024/031828,Rezydencki,69.02,3.87,27.09.2024 23:43:50,15,NIE,,
j-2024,12,19.11.2024,19.11.2024 09:28:25,8,144,Dolnośląskie,268,Ortopedia i traumatologia narządu ruchu,2024/034177,Rezydencki,62.80,3.44,16.10.2024 10:11:55,15,NIE,,
j-2024,12,19.11.2024,19.11.2024 09:28:25,8,144,Dolnośląskie,269,Ortopedia i traumatologia narządu ruchu,2024/033682,Rezydencki,61.76,3.35,30.09.2024 22:21:01,15,NIE,,
j-2024,12,19.11.2024,19.11.2024 09:28:25,8,144,Dolnośląskie,270,Otorynolaryngologia,2024/022740,Rezydencki,90.44,4.50,28.09.2024 10:51:09,4,NIE,,
j-2024,12,19.11.2024,19.11.2024 09:28:25,8,144,Dolnośląskie,271,Otorynolaryngologia,2024/026069,Rezydencki,90.34,4.19,15.09.2024 15:09:45,4,NIE,,
j-2024,12,19.11.2024,19.11.2024 09:28:25,8,144,Dolnośląskie,272,Otorynolaryngologia,2024/022213,Rezydencki,90.20,4.08,01.09.2024 00:24:25,4,NIE,,
j-2024,12,19.11.2024,19.11.2024 09:28:25,8,144,Dolnośląskie,273,Otorynolaryngologia,2024/027784,Rezydencki,89.22,4.63,21.09.2024 20:50:40,4,NIE,,
j-2024,12,19.11.2024,19.11.2024 09:28:25,8,144,Dolnośląskie,274,Patomorfologia,2024/022582,Rezydencki,88.65,4.31,29.09.2024 17:20:31,7,NIE,,
j-2024,12,19.11.2024,19.11.2024 09:28:25,8,144,Dolnośląskie,275,Patomorfologia,2024/029118,Rezydencki,86.47,4.01,30.09.2024 17:54:10,7,NIE,,
j-2024,12,19.11.2024,19.11.2024 09:28:25,8,144,Dolnośląskie,276,Patomorfologia,2024/032137,Rezydencki,85.29,4.25,28.09.2024 20:20:41,7,NIE,,
j-2024,12,19.11.2024,19.11.2024 09:28:25,8,144,Dolnośląskie,277,Patomorfologia,2024/032160,Rezydencki,83.41,3.74,30.09.2024 15:20:03,7,NIE,,
j-2024,12,19.11.2024,19.11.2024 09:28:25,8,144,Dolnośląskie,278,Patomorfologia,2024/025150,Rezydencki,82.44,3.68,07.10.2024 10:15:37,7,NIE,,
j-2024,12,19.11.2024,19.11.2024 09:28:25,8,144,Dolnośląskie,279,Patomorfologia,2024/030787,Rezydencki,75.49,3.30,26.09.2024 18:53:00,7,NIE,,
j-2024,12,19.11.2024,19.11.2024 09:28:25,8,144,Dolnośląskie,280,Patomorfologia,2024/022976,Rezydencki,75.36,4.05,26.09.2024 22:52:48,7,NIE,,
j-2024,12,19.11.2024,19.11.2024 09:28:25,8,144,Dolnośląskie,281,Patomorfologia,2024/024486,Pozarezydencki,91.36,4.55,22.10.2024 18:35:37,1,NIE,,
j-2024,12,19.11.2024,19.11.2024 09:28:25,8,144,Dolnośląskie,282,Pediatria,2024/024972,Rezydencki,91.71,4.63,10.09.2024 15:19:26,25,NIE,,
j-2024,12,19.11.2024,19.11.2024 09:28:25,8,144,Dolnośląskie,283,Pediatria,2024/029365,Rezydencki,90.82,4.34,30.09.2024 11:21:07,25,NIE,,
j-2024,12,19.11.2024,19.11.2024 09:28:25,8,144,Dolnośląskie,284,Pediatria,2024/023747,Rezydencki,90.24,3.53,09.10.2024 17:29:44,25,NIE,,
j-2024,12,19.11.2024,19.11.2024 09:28:25,8,144,Dolnośląskie,285,Pediatria,2024/025841,Rezydencki,89.95,4.53,13.09.2024 19:33:38,25,NIE,,
j-2024,12,19.11.2024,19.11.2024 09:28:25,8,144,Dolnośląskie,286,Pediatria,2024/023748,Rezydencki,89.76,4.09,25.09.2024 14:44:17,25,NIE,,
j-2024,12,19.11.2024,19.11.2024 09:28:25,8,144,Dolnośląskie,287,Pediatria,2024/022411,Rezydencki,89.61,3.96,25.09.2024 20:40:05,25,NIE,,
j-2024,12,19.11.2024,19.11.2024 09:28:25,8,144,Dolnośląskie,288,Pediatria,2024/022944,Rezydencki,89.37,4.38,09.09.2024 14:17:48,25,NIE,,
j-2024,12,19.11.2024,19.11.2024 09:28:25,8,144,Dolnośląskie,289,Pediatria,2024/025925,Rezydencki,89.22,4.56,30.09.2024 17:59:13,25,NIE,,
j-2024,12,19.11.2024,19.11.2024 09:28:25,8,144,Dolnośląskie,290,Pediatria,2024/030964,Rezydencki,87.44,4.29,29.09.2024 22:36:55,25,NIE,,
j-2024,12,19.11.2024,19.11.2024 09:28:25,8,144,Dolnośląskie,291,Pediatria,2024/028668,Rezydencki,87.44,4.12,30.09.2024 21:45:40,25,NIE,,
j-2024,12,19.11.2024,19.11.2024 09:28:25,8,144,Dolnośląskie,292,Pediatria,2024/031404,Rezydencki,87.44,3.93,27.09.2024 12:39:27,25,NIE,,
j-2024,12,19.11.2024,19.11.2024 09:28:25,8,144,Dolnośląskie,293,Pediatria,2024/030289,Rezydencki,87.25,3.90,18.10.2024 10:37:59,25,NIE,,
j-2024,12,19.11.2024,19.11.2024 09:28:25,8,144,Dolnośląskie,294,Pediatria,2024/031537,Rezydencki,86.71,4.04,16.10.2024 22:49:13,25,NIE,,
j-2024,12,19.11.2024,19.11.2024 09:28:25,8,144,Dolnośląskie,295,Pediatria,2024/032809,Rezydencki,85.78,4.39,30.09.2024 16:22:32,25,NIE,,
j-2024,12,19.11.2024,19.11.2024 09:28:25,8,144,Dolnośląskie,296,Pediatria,2024/027520,Rezydencki,85.78,4.31,18.10.2024 10:46:05,25,NIE,,
j-2024,12,19.11.2024,19.11.2024 09:28:25,8,144,Dolnośląskie,297,Pediatria,2024/033516,Rezydencki,85.29,4.42,30.09.2024 20:28:09,25,NIE,,
j-2024,12,19.11.2024,19.11.2024 09:28:25,8,144,Dolnośląskie,298,Pediatria,2024/026084,Rezydencki,85.29,4.20,30.09.2024 18:58:35,25,NIE,,
j-2024,12,19.11.2024,19.11.2024 09:28:25,8,144,Dolnośląskie,299,Pediatria,2024/027444,Rezydencki,84.54,3.76,19.09.2024 22:05:53,25,NIE,,
j-2024,12,19.11.2024,19.11.2024 09:28:25,8,144,Dolnośląskie,300,Pediatria,2024/025331,Rezydencki,84.31,3.76,27.09.2024 10:48:14,25,NIE,,
j-2024,12,19.11.2024,19.11.2024 09:28:25,8,144,Dolnośląskie,301,Pediatria,2024/022479,Rezydencki,84.06,3.53,24.09.2024 18:29:59,25,NIE,,
j-2024,12,19.11.2024,19.11.2024 09:28:25,8,144,Dolnośląskie,302,Pediatria,2024/031103,Rezydencki,83.90,4.17,21.10.2024 10:11:07,25,NIE,,
j-2024,12,19.11.2024,19.11.2024 09:28:25,9,144,Dolnośląskie,303,Pediatria,2024/030585,Rezydencki,83.82,4.48,24.10.2024 09:32:55,25,NIE,,
j-2024,12,19.11.2024,19.11.2024 09:28:25,9,144,Dolnośląskie,304,Pediatria,2024/023626,Rezydencki,83.82,4.04,29.09.2024 12:50:05,25,NIE,,
j-2024,12,19.11.2024,19.11.2024 09:28:25,9,144,Dolnośląskie,305,Pediatria,2024/028535,Rezydencki,83.57,4.03,25.09.2024 18:42:01,25,NIE,,
j-2024,12,19.11.2024,19.11.2024 09:28:25,9,144,Dolnośląskie,306,Pediatria,2024/033333,Rezydencki,83.33,4.01,30.09.2024 15:53:15,25,NIE,,
j-2024,12,19.11.2024,19.11.2024 09:28:25,9,144,Dolnośląskie,307,Pediatria,2024/024959,Pozarezydencki,76.74,4.67,28.09.2024 18:33:53,1,NIE,,
j-2024,12,19.11.2024,19.11.2024 09:28:25,9,144,Dolnośląskie,308,Pediatria metaboliczna,2024/025107,Pozarezydencki,68.81,4.07,29.09.2024 13:59:13,1,NIE,,
j-2024,12,19.11.2024,19.11.2024 09:28:25,9,144,Dolnośląskie,309,Perinatologia,2024/023390,Pozarezydencki,80.00,4.53,27.09.2024 09:48:37,1,NIE,,
j-2024,12,19.11.2024,19.11.2024 09:28:25,9,144,Dolnośląskie,310,Periodontologia,2024/023957,Rezydencki,84.95,4.48,05.09.2024 13:50:17,1,NIE,,
j-2024,12,19.11.2024,19.11.2024 09:28:25,9,144,Dolnośląskie,311,Położnictwo i ginekologia,2024/026745,Rezydencki,91.18,4.56,17.09.2024 18:29:20,19,NIE,,
j-2024,12,19.11.2024,19.11.2024 09:28:25,9,144,Dolnośląskie,312,Położnictwo i ginekologia,2024/024093,Rezydencki,88.73,4.60,05.09.2024 23:00:27,19,NIE,,
j-2024,12,19.11.2024,19.11.2024 09:28:25,9,144,Dolnośląskie,313,Położnictwo i ginekologia,2024/026008,Rezydencki,87.99,4.24,30.09.2024 22:48:28,19,NIE,,
j-2024,12,19.11.2024,19.11.2024 09:28:25,9,144,Dolnośląskie,314,Położnictwo i ginekologia,2024/027176,Rezydencki,86.96,4.35,10.10.2024 13:59:48,19,NIE,,
j-2024,12,19.11.2024,19.11.2024 09:28:25,9,144,Dolnośląskie,315,Położnictwo i ginekologia,2024/028730,Rezydencki,86.83,4.04,28.09.2024 23:23:04,19,NIE,,
j-2024,12,19.11.2024,19.11.2024 09:28:25,9,144,Dolnośląskie,316,Położnictwo i ginekologia,2024/026026,Rezydencki,86.47,3.84,23.09.2024 11:52:00,19,NIE,,
j-2024,12,19.11.2024,19.11.2024 09:28:25,9,144,Dolnośląskie,317,Położnictwo i ginekologia,2024/030393,Rezydencki,85.29,4.14,16.10.2024 18:11:57,19,NIE,,
j-2024,12,19.11.2024,19.11.2024 09:28:25,9,144,Dolnośląskie,318,Położnictwo i ginekologia,2024/028688,Rezydencki,85.02,4.31,27.09.2024 21:42:56,19,NIE,,
j-2024,12,19.11.2024,19.11.2024 09:28:25,9,144,Dolnośląskie,319,Położnictwo i ginekologia,2024/028766,Rezydencki,84.78,4.20,27.09.2024 19:25:54,19,NIE,,
j-2024,12,19.11.2024,19.11.2024 09:28:25,9,144,Dolnośląskie,320,Położnictwo i ginekologia,2024/034253,Rezydencki,83.90,0.00,30.09.2024 23:29:47,19,NIE,,
j-2024,12,19.11.2024,19.11.2024 09:28:25,9,144,Dolnośląskie,321,Położnictwo i ginekologia,2024/030876,Rezydencki,83.82,4.23,26.09.2024 19:19:05,19,NIE,,
j-2024,12,19.11.2024,19.11.2024 09:28:25,9,144,Dolnośląskie,322,Położnictwo i ginekologia,2024/030502,Rezydencki,83.09,3.60,30.09.2024 21:53:46,19,NIE,,
j-2024,12,19.11.2024,19.11.2024 09:28:25,9,144,Dolnośląskie,323,Położnictwo i ginekologia,2024/026416,Rezydencki,82.61,4.01,30.09.2024 23:23:41,19,NIE,,
j-2024,12,19.11.2024,19.11.2024 09:28:25,9,144,Dolnośląskie,324,Położnictwo i ginekologia,2024/025656,Rezydencki,82.61,3.93,26.09.2024 18:16:17,19,NIE,,
j-2024,12,19.11.2024,19.11.2024 09:28:25,9,144,Dolnośląskie,325,Położnictwo i ginekologia,2024/029445,Rezydencki,81.37,3.96,29.09.2024 22:23:37,19,NIE,,
j-2024,12,19.11.2024,19.11.2024 09:28:25,9,144,Dolnośląskie,326,Położnictwo i ginekologia,2024/033498,Rezydencki,79.66,3.98,30.09.2024 14:20:25,19,NIE,,
j-2024,12,19.11.2024,19.11.2024 09:28:25,9,144,Dolnośląskie,327,Położnictwo i ginekologia,2024/034050,Rezydencki,72.22,4.04,02.10.2024 15:13:13,19,NIE,,
j-2024,12,19.11.2024,19.11.2024 09:28:25,9,144,Dolnośląskie,328,Położnictwo i ginekologia,2024/022818,Rezydencki,66.91,3.47,25.09.2024 21:46:48,19,NIE,,
j-2024,12,19.11.2024,19.11.2024 09:28:25,9,144,Dolnośląskie,329,Położnictwo i ginekologia,2024/023752,Rezydencki,60.19,4.00,24.09.2024 22:10:07,19,NIE,,
j-2024,12,19.11.2024,19.11.2024 09:28:25,9,144,Dolnośląskie,330,Położnictwo i ginekologia,2024/033147,Pozarezydencki,83.18,3.98,30.09.2024 00:37:48,1,NIE,,
j-2024,12,19.11.2024,19.11.2024 09:28:25,9,144,Dolnośląskie,331,Protetyka stomatologiczna,2024/026251,Rezydencki,81.43,4.19,22.09.2024 18:50:36,3,NIE,,
j-2024,12,19.11.2024,19.11.2024 09:28:25,9,144,Dolnośląskie,332,Protetyka stomatologiczna,2024/025312,Rezydencki,80.10,4.07,25.09.2024 19:08:19,3,NIE,,
j-2024,12,19.11.2024,19.11.2024 09:28:25,9,144,Dolnośląskie,333,Protetyka stomatologiczna,2024/029287,Rezydencki,79.90,4.36,24.09.2024 20:40:36,3,NIE,,
j-2024,12,19.11.2024,19.11.2024 09:28:25,9,144,Dolnośląskie,334,Psychiatria,2024/031544,Rezydencki,91.67,4.69,27.09.2024 15:42:34,17,NIE,,
j-2024,12,19.11.2024,19.11.2024 09:28:25,9,144,Dolnośląskie,335,Psychiatria,2024/025891,Rezydencki,91.18,4.78,21.09.2024 10:16:09,17,NIE,,
j-2024,12,19.11.2024,19.11.2024 09:28:25,9,144,Dolnośląskie,336,Psychiatria,2024/029112,Rezydencki,90.73,4.11,28.09.2024 11:40:17,17,NIE,,
j-2024,12,19.11.2024,19.11.2024 09:28:25,9,144,Dolnośląskie,337,Psychiatria,2024/025005,Rezydencki,89.61,4.28,16.10.2024 21:00:04,17,NIE,,
j-2024,12,19.11.2024,19.11.2024 09:28:25,9,144,Dolnośląskie,338,Psychiatria,2024/025334,Rezydencki,89.61,4.08,15.09.2024 12:41:01,17,NIE,,
j-2024,12,19.11.2024,19.11.2024 09:28:25,9,144,Dolnośląskie,339,Psychiatria,2024/022509,Rezydencki,88.54,4.16,27.09.2024 10:53:23,17,NIE,,
j-2024,12,19.11.2024,19.11.2024 09:28:25,9,144,Dolnośląskie,340,Psychiatria,2024/022522,Rezydencki,88.29,4.36,01.09.2024 14:51:31,17,NIE,,
j-2024,12,19.11.2024,19.11.2024 09:28:25,10,144,Dolnośląskie,341,Psychiatria,2024/028387,Rezydencki,88.24,3.60,23.09.2024 12:55:42,17,NIE,,
j-2024,12,19.11.2024,19.11.2024 09:28:25,10,144,Dolnośląskie,342,Psychiatria,2024/031838,Rezydencki,88.16,3.91,11.10.2024 14:08:35,17,NIE,,
j-2024,12,19.11.2024,19.11.2024 09:28:25,10,144,Dolnośląskie,343,Psychiatria,2024/033486,Rezydencki,87.80,3.92,30.09.2024 17:28:09,17,NIE,,
j-2024,12,19.11.2024,19.11.2024 09:28:25,10,144,Dolnośląskie,344,Psychiatria,2024/024558,Rezydencki,87.32,4.03,30.09.2024 22:21:34,17,NIE,,
j-2024,12,19.11.2024,19.11.2024 09:28:25,10,144,Dolnośląskie,345,Psychiatria,2024/023542,Rezydencki,87.25,4.37,04.09.2024 20:15:17,17,NIE,,
j-2024,12,19.11.2024,19.11.2024 09:28:25,10,144,Dolnośląskie,346,Psychiatria,2024/032542,Rezydencki,87.07,4.47,30.09.2024 18:56:00,17,NIE,,
j-2024,12,19.11.2024,19.11.2024 09:28:25,10,144,Dolnośląskie,347,Psychiatria,2024/032150,Rezydencki,86.27,4.14,28.09.2024 19:32:17,17,NIE,,
j-2024,12,19.11.2024,19.11.2024 09:28:25,10,144,Dolnośląskie,348,Psychiatria,2024/032697,Rezydencki,85.99,3.82,30.09.2024 21:14:11,17,NIE,,
j-2024,12,19.11.2024,19.11.2024 09:28:25,10,144,Dolnośląskie,349,Psychiatria,2024/022847,Rezydencki,84.54,3.48,26.09.2024 12:35:46,17,NIE,,
j-2024,12,19.11.2024,19.11.2024 09:28:25,10,144,Dolnośląskie,350,Psychiatria,2024/032596,Rezydencki,83.90,4.12,29.09.2024 17:48:49,17,NIE,,
j-2024,12,19.11.2024,19.11.2024 09:28:25,10,144,Dolnośląskie,351,Psychiatria,2024/023187,Pozarezydencki,79.26,3.76,26.09.2024 12:18:44,3,NIE,,
j-2024,12,19.11.2024,19.11.2024 09:28:25,10,144,Dolnośląskie,352,Psychiatria,2024/027078,Pozarezydencki,73.49,4.20,22.09.2024 16:10:30,3,NIE,,
j-2024,12,19.11.2024,19.11.2024 09:28:25,10,144,Dolnośląskie,353,Psychiatria,2024/033739,Pozarezydencki,73.15,0.00,30.09.2024 17:59:10,3,NIE,,
j-2024,12,19.11.2024,19.11.2024 09:28:25,10,144,Dolnośląskie,354,Psychiatria dzieci i młodzieży,2024/022973,Rezydencki,90.82,4.64,24.09.2024 19:59:50,3,NIE,,
j-2024,12,19.11.2024,19.11.2024 09:28:25,10,144,Dolnośląskie,355,Psychiatria dzieci i młodzieży,2024/026032,Rezydencki,88.89,4.37,30.09.2024 11:48:06,3,NIE,,
j-2024,12,19.11.2024,19.11.2024 09:28:25,10,144,Dolnośląskie,356,Psychiatria dzieci i młodzieży,2024/029529,Rezydencki,87.25,4.19,25.09.2024 12:28:50,3,NIE,,
j-2024,12,19.11.2024,19.11.2024 09:28:25,10,144,Dolnośląskie,357,Radiologia i diagnostyka obrazowa,2024/026521,Rezydencki,92.20,4.63,16.09.2024 22:38:10,10,NIE,,
j-2024,12,19.11.2024,19.11.2024 09:28:25,10,144,Dolnośląskie,358,Radiologia i diagnostyka obrazowa,2024/032816,Rezydencki,90.20,3.96,29.09.2024 22:27:34,10,NIE,,
j-2024,12,19.11.2024,19.11.2024 09:28:25,10,144,Dolnośląskie,359,Radiologia i diagnostyka obrazowa,2024/027336,Rezydencki,89.86,4.23,23.09.2024 21:43:49,10,NIE,,
j-2024,12,19.11.2024,19.11.2024 09:28:25,10,144,Dolnośląskie,360,Radiologia i diagnostyka obrazowa,2024/023247,Rezydencki,89.86,4.16,28.09.2024 11:36:59,10,NIE,,
j-2024,12,19.11.2024,19.11.2024 09:28:25,10,144,Dolnośląskie,361,Radiologia i diagnostyka obrazowa,2024/024798,Rezydencki,89.02,4.29,11.10.2024 12:49:03,10,NIE,,
j-2024,12,19.11.2024,19.11.2024 09:28:25,10,144,Dolnośląskie,362,Radiologia i diagnostyka obrazowa,2024/026510,Rezydencki,88.78,4.12,16.09.2024 23:15:08,10,NIE,,
j-2024,12,19.11.2024,19.11.2024 09:28:25,10,144,Dolnośląskie,363,Radiologia i diagnostyka obrazowa,2024/022554,Rezydencki,88.73,4.27,30.09.2024 22:40:10,10,NIE,,
j-2024,12,19.11.2024,19.11.2024 09:28:25,10,144,Dolnośląskie,364,Radiologia i diagnostyka obrazowa,2024/028723,Rezydencki,88.41,3.91,30.09.2024 20:02:03,10,NIE,,
j-2024,12,19.11.2024,19.11.2024 09:28:25,10,144,Dolnośląskie,365,Radiologia i diagnostyka obrazowa,2024/027127,Rezydencki,88.29,4.24,28.09.2024 12:37:23,10,NIE,,
j-2024,12,19.11.2024,19.11.2024 09:28:25,10,144,Dolnośląskie,366,Radiologia i diagnostyka obrazowa,2024/030943,Rezydencki,87.80,4.53,29.09.2024 17:41:18,10,NIE,,
j-2024,12,19.11.2024,19.11.2024 09:28:25,10,144,Dolnośląskie,367,Radioterapia onkologiczna,2024/025365,Pozarezydencki,58.53,0.00,18.10.2024 13:23:54,1,NIE,,
j-2024,12,19.11.2024,19.11.2024 09:28:25,10,144,Dolnośląskie,368,Rehabilitacja medyczna,2024/027154,Rezydencki,89.27,4.44,24.09.2024 22:31:50,3,NIE,,
j-2024,12,19.11.2024,19.11.2024 09:28:25,10,144,Dolnośląskie,369,Rehabilitacja medyczna,2024/027689,Rezydencki,85.99,3.86,21.09.2024 10:11:59,3,NIE,,
j-2024,12,19.11.2024,19.11.2024 09:28:25,10,144,Dolnośląskie,370,Rehabilitacja medyczna,2024/027556,Rezydencki,78.54,3.52,30.09.2024 15:36:41,3,NIE,,
j-2024,12,19.11.2024,19.11.2024 09:28:25,10,144,Dolnośląskie,371,Reumatologia,2024/027762,Rezydencki,90.82,4.47,23.09.2024 21:13:42,4,NIE,,
j-2024,12,19.11.2024,19.11.2024 09:28:25,10,144,Dolnośląskie,372,Reumatologia,2024/033127,Rezydencki,90.82,3.61,30.09.2024 00:10:11,4,NIE,,
j-2024,12,19.11.2024,19.11.2024 09:28:25,10,144,Dolnośląskie,373,Reumatologia,2024/022753,Rezydencki,90.34,4.32,28.09.2024 11:01:38,4,NIE,,
j-2024,12,19.11.2024,19.11.2024 09:28:25,10,144,Dolnośląskie,374,Reumatologia,2024/024857,Rezydencki,89.37,4.38,30.09.2024 22:49:48,4,NIE,,
j-2024,12,19.11.2024,19.11.2024 09:28:25,10,144,Dolnośląskie,375,Stomatologia dziecięca,2024/030031,Rezydencki,84.86,4.16,25.09.2024 20:20:21,1,NIE,,
j-2024,12,19.11.2024,19.11.2024 09:28:25,10,144,Dolnośląskie,376,Stomatologia zachowawcza z endodoncją,2024/029891,Rezydencki,82.69,4.45,25.09.2024 20:20:22,1,NIE,,
j-2024,12,19.11.2024,19.11.2024 09:28:25,10,144,Dolnośląskie,377,Stomatologia zachowawcza z endodoncją,2024/026098,Pozarezydencki,75.45,0.00,14.10.2024 13:22:53,1,NIE,,
j-2024,12,19.11.2024,19.11.2024 09:28:25,10,144,Dolnośląskie,378,Transplantologia kliniczna,2024/026114,Pozarezydencki,68.18,3.03,08.10.2024 09:50:05,3,NIE,,
j-2024,12,19.11.2024,19.11.2024 09:28:25,11,144,Dolnośląskie,379,Transplantologia kliniczna,2024/024551,Pozarezydencki,66.82,3.61,22.10.2024 20:12:54,3,NIE,,
j-2024,12,19.11.2024,19.11.2024 09:28:25,11,144,Dolnośląskie,380,Transplantologia kliniczna,2024/031031,Pozarezydencki,64.95,4.07,28.10.2024 09:34:04,3,NIE,,
j-2024,12,19.11.2024,19.11.2024 09:28:25,11,144,Dolnośląskie,381,Urologia,2024/026186,Rezydencki,91.22,4.29,30.09.2024 21:34:48,2,NIE,,
j-2024,12,19.11.2024,19.11.2024 09:28:25,11,144,Dolnośląskie,382,Urologia,2024/026471,Rezydencki,90.73,4.34,29.09.2024 17:46:59,2,NIE,,
j-2024,12,19.11.2024,19.11.2024 09:28:25,11,144,Dolnośląskie,383,Urologia,2024/026747,Pozarezydencki,83.18,4.10,17.09.2024 18:30:21,1,NIE,,
j-2024,12,19.11.2024,19.11.2024 09:28:25,11,144,Dolnośląskie,384,Zdrowie publiczne,2024/030452,Pozarezydencki,78.50,4.59,27.09.2024 14:16:42,1,NIE,,
j-2024,12,19.11.2024,19.11.2024 09:28:25,11,144,Dolnośląskie,1,Dermatologia i wenerologia,2024/022257,Rezydencki,87.44,3.24,01.09.2024 08:24:14,1,TAK,Uniwersytecki Szpital Kliniczny im. Jana Mikulicza-Radeckiego we Wrocławiu,"Klinika Dermatologii, Wenerologii i Alergologii"
j-2024,12,19.11.2024,19.11.2024 09:28:25,11,144,Dolnośląskie,1,Hematologia,2024/022362,Rezydencki,85.02,4.31,27.09.2024 11:52:52,1,TAK,Uniwersytecki Szpital Kliniczny im. Jana Mikulicza-Radeckiego we Wrocławiu,"Klinika Hematologii, Nowotworów Krwi i Transplantacji Szpiku"
j-2024,12,19.11.2024,19.11.2024 09:28:25,11,144,Dolnośląskie,1,Psychiatria,2024/028138,Rezydencki,93.66,4.79,24.09.2024 20:04:33,1,TAK,Uniwersytecki Szpital Kliniczny im. Jana Mikulicza-Radeckiego we Wrocławiu,Klinika Psychiatrii Oddział Kliniczny Psychiatryczny i Psychogeriatryczny
j-2024,12,19.11.2024,19.11.2024 09:28:25,11,144,Kujawsko-pomorskie,1,Alergologia,2024/034257,Pozarezydencki,66.36,3.05,22.10.2024 08:33:31,2,NIE,,
j-2024,12,19.11.2024,19.11.2024 09:28:25,11,144,Kujawsko-pomorskie,2,Alergologia,2024/023075,Pozarezydencki,58.49,3.22,02.09.2024 17:01:58,2,NIE,,
j-2024,12,19.11.2024,19.11.2024 09:28:25,11,144,Kujawsko-pomorskie,3,Anestezjologia i intensywna terapia,2024/024435,Rezydencki,89.76,3.75,08.09.2024 15:06:24,13,NIE,,
j-2024,12,19.11.2024,19.11.2024 09:28:25,11,144,Kujawsko-pomorskie,4,Anestezjologia i intensywna terapia,2024/031866,Rezydencki,89.51,4.26,28.09.2024 01:48:36,13,NIE,,
j-2024,12,19.11.2024,19.11.2024 09:28:25,11,144,Kujawsko-pomorskie,5,Anestezjologia i intensywna terapia,2024/022307,Rezydencki,89.37,4.10,30.09.2024 22:58:15,13,NIE,,
j-2024,12,19.11.2024,19.11.2024 09:28:25,11,144,Kujawsko-pomorskie,6,Anestezjologia i intensywna terapia,2024/028042,Rezydencki,89.27,4.44,25.09.2024 16:28:27,13,NIE,,
j-2024,12,19.11.2024,19.11.2024 09:28:25,11,144,Kujawsko-pomorskie,7,Anestezjologia i intensywna terapia,2024/024403,Rezydencki,89.22,4.57,28.09.2024 23:02:09,13,NIE,,
j-2024,12,19.11.2024,19.11.2024 09:28:25,11,144,Kujawsko-pomorskie,8,Anestezjologia i intensywna terapia,2024/028512,Rezydencki,88.24,4.24,18.10.2024 17:27:46,13,NIE,,
j-2024,12,19.11.2024,19.11.2024 09:28:25,11,144,Kujawsko-pomorskie,9,Anestezjologia i intensywna terapia,2024/034262,Rezydencki,86.96,4.03,24.10.2024 14:16:33,13,NIE,,
j-2024,12,19.11.2024,19.11.2024 09:28:25,11,144,Kujawsko-pomorskie,10,Anestezjologia i intensywna terapia,2024/027803,Rezydencki,86.76,4.18,30.09.2024 22:31:48,13,NIE,,
j-2024,12,19.11.2024,19.11.2024 09:28:25,11,144,Kujawsko-pomorskie,11,Anestezjologia i intensywna terapia,2024/033200,Rezydencki,86.76,3.65,29.10.2024 09:07:59,13,NIE,,
j-2024,12,19.11.2024,19.11.2024 09:28:25,11,144,Kujawsko-pomorskie,12,Anestezjologia i intensywna terapia,2024/033324,Rezydencki,86.27,3.81,30.09.2024 10:59:24,13,NIE,,
j-2024,12,19.11.2024,19.11.2024 09:28:25,11,144,Kujawsko-pomorskie,13,Anestezjologia i intensywna terapia,2024/027397,Rezydencki,85.29,4.05,19.09.2024 19:57:40,13,NIE,,
j-2024,12,19.11.2024,19.11.2024 09:28:25,11,144,Kujawsko-pomorskie,14,Anestezjologia i intensywna terapia,2024/022541,Rezydencki,85.27,3.87,17.09.2024 18:26:25,13,NIE,,
j-2024,12,19.11.2024,19.11.2024 09:28:25,11,144,Kujawsko-pomorskie,15,Anestezjologia i intensywna terapia,2024/026596,Rezydencki,82.84,4.21,28.09.2024 20:11:22,13,NIE,,
j-2024,12,19.11.2024,19.11.2024 09:28:25,12,144,Kujawsko-pomorskie,16,Anestezjologia i intensywna terapia,2024/032041,Pozarezydencki,82.49,4.18,28.09.2024 16:04:49,3,NIE,,
j-2024,12,19.11.2024,19.11.2024 09:28:25,12,144,Kujawsko-pomorskie,17,Anestezjologia i intensywna terapia,2024/025003,Pozarezydencki,73.13,3.93,28.09.2024 22:07:25,3,NIE,,
j-2024,12,19.11.2024,19.11.2024 09:28:25,12,144,Kujawsko-pomorskie,18,Anestezjologia i intensywna terapia,2024/023450,Pozarezydencki,71.43,3.82,14.10.2024 14:45:48,3,NIE,,
j-2024,12,19.11.2024,19.11.2024 09:28:25,12,144,Kujawsko-pomorskie,19,Audiologia i foniatria,2024/026834,Pozarezydencki,56.13,3.48,28.10.2024 15:54:04,1,NIE,,
j-2024,12,19.11.2024,19.11.2024 09:28:25,12,144,Kujawsko-pomorskie,20,Balneologia i medycyna fizykalna,2024/029351,Pozarezydencki,67.27,4.03,30.09.2024 19:48:15,2,NIE,,
j-2024,12,19.11.2024,19.11.2024 09:28:25,12,144,Kujawsko-pomorskie,21,Balneologia i medycyna fizykalna,2024/031246,Pozarezydencki,57.27,0.00,11.10.2024 13:04:43,2,NIE,,
j-2024,12,19.11.2024,19.11.2024 09:28:25,12,144,Kujawsko-pomorskie,22,Chirurgia dziecięca,2024/022829,Rezydencki,86.71,4.02,15.09.2024 19:17:59,2,NIE,,
j-2024,12,19.11.2024,19.11.2024 09:28:25,12,144,Kujawsko-pomorskie,23,Chirurgia dziecięca,2024/033937,Rezydencki,61.76,3.19,13.10.2024 22:29:22,2,NIE,,
j-2024,12,19.11.2024,19.11.2024 09:28:25,12,144,Kujawsko-pomorskie,24,Chirurgia naczyniowa,2024/029286,Rezydencki,79.90,3.97,04.10.2024 18:16:12,1,NIE,,
j-2024,12,19.11.2024,19.11.2024 09:28:25,12,144,Kujawsko-pomorskie,25,Chirurgia ogólna,2024/027361,Rezydencki,88.73,4.47,15.10.2024 11:10:16,6,NIE,,
j-2024,12,19.11.2024,19.11.2024 09:28:25,12,144,Kujawsko-pomorskie,26,Chirurgia ogólna,2024/032797,Rezydencki,86.47,3.93,04.10.2024 18:24:02,6,NIE,,
j-2024,12,19.11.2024,19.11.2024 09:28:25,12,144,Kujawsko-pomorskie,27,Chirurgia ogólna,2024/023387,Rezydencki,85.85,4.18,23.09.2024 10:58:33,6,NIE,,
j-2024,12,19.11.2024,19.11.2024 09:28:25,12,144,Kujawsko-pomorskie,28,Chirurgia ogólna,2024/030560,Rezydencki,81.37,4.16,17.10.2024 08:28:15,6,NIE,,
j-2024,12,19.11.2024,19.11.2024 09:28:25,12,144,Kujawsko-pomorskie,29,Chirurgia ogólna,2024/022586,Rezydencki,79.90,3.62,23.09.2024 19:41:24,6,NIE,,
j-2024,12,19.11.2024,19.11.2024 09:28:25,12,144,Kujawsko-pomorskie,30,Chirurgia ogólna,2024/028617,Rezydencki,76.83,3.91,29.09.2024 22:15:10,6,NIE,,
j-2024,12,19.11.2024,19.11.2024 09:28:25,12,144,Kujawsko-pomorskie,31,Chirurgia onkologiczna,2024/025105,Pozarezydencki,68.29,3.38,17.10.2024 07:12:26,1,NIE,,
j-2024,12,19.11.2024,19.11.2024 09:28:25,12,144,Kujawsko-pomorskie,32,Chirurgia plastyczna,2024/022387,Rezydencki,94.69,3.98,19.09.2024 23:08:03,1,NIE,,
j-2024,12,19.11.2024,19.11.2024 09:28:25,12,144,Kujawsko-pomorskie,33,Chirurgia stomatologiczna,2024/025287,Rezydencki,85.10,4.36,29.09.2024 23:49:40,2,NIE,,
j-2024,12,19.11.2024,19.11.2024 09:28:25,12,144,Kujawsko-pomorskie,34,Chirurgia stomatologiczna,2024/028304,Rezydencki,84.62,3.85,23.09.2024 11:06:09,2,NIE,,
j-2024,12,19.11.2024,19.11.2024 09:28:25,12,144,Kujawsko-pomorskie,35,Choroby płuc,2024/024236,Rezydencki,87.32,4.25,17.10.2024 08:39:07,5,NIE,,
j-2024,12,19.11.2024,19.11.2024 09:28:25,12,144,Kujawsko-pomorskie,36,Choroby płuc,2024/030272,Rezydencki,85.78,4.40,26.09.2024 00:37:33,5,NIE,,
j-2024,12,19.11.2024,19.11.2024 09:28:25,12,144,Kujawsko-pomorskie,37,Choroby płuc,2024/024220,Rezydencki,85.27,4.07,23.09.2024 22:42:51,5,NIE,,
j-2024,12,19.11.2024,19.11.2024 09:28:25,12,144,Kujawsko-pomorskie,38,Choroby płuc,2024/024214,Rezydencki,83.09,3.44,26.09.2024 15:23:56,5,NIE,,
j-2024,12,19.11.2024,19.11.2024 09:28:25,12,144,Kujawsko-pomorskie,39,Choroby płuc,2024/030014,Rezydencki,81.16,4.44,30.09.2024 22:20:35,5,NIE,,
j-2024,12,19.11.2024,19.11.2024 09:28:25,12,144,Kujawsko-pomorskie,40,Choroby płuc,2024/023617,Pozarezydencki,80.00,4.47,16.10.2024 11:52:11,1,NIE,,
j-2024,12,19.11.2024,19.11.2024 09:28:25,12,144,Kujawsko-pomorskie,41,Choroby wewnętrzne,2024/028576,Rezydencki,87.25,4.39,29.09.2024 12:20:41,11,NIE,,
j-2024,12,19.11.2024,19.11.2024 09:28:25,12,144,Kujawsko-pomorskie,42,Choroby wewnętrzne,2024/023030,Rezydencki,86.83,3.77,09.10.2024 12:21:13,11,NIE,,
j-2024,12,19.11.2024,19.11.2024 09:28:25,12,144,Kujawsko-pomorskie,43,Choroby wewnętrzne,2024/027888,Rezydencki,85.85,4.40,22.09.2024 12:30:57,11,NIE,,
j-2024,12,19.11.2024,19.11.2024 09:28:25,12,144,Kujawsko-pomorskie,44,Choroby wewnętrzne,2024/030791,Rezydencki,83.33,3.53,30.09.2024 14:47:31,11,NIE,,
j-2024,12,19.11.2024,19.11.2024 09:28:25,12,144,Kujawsko-pomorskie,45,Choroby wewnętrzne,2024/027704,Rezydencki,81.64,4.08,23.09.2024 14:44:14,11,NIE,,
j-2024,12,19.11.2024,19.11.2024 09:28:25,12,144,Kujawsko-pomorskie,46,Choroby wewnętrzne,2024/023717,Rezydencki,81.46,3.70,26.09.2024 22:22:32,11,NIE,,
j-2024,12,19.11.2024,19.11.2024 09:28:25,12,144,Kujawsko-pomorskie,47,Choroby wewnętrzne,2024/030559,Rezydencki,81.16,3.68,26.09.2024 16:27:18,11,NIE,,
j-2024,12,19.11.2024,19.11.2024 09:28:25,12,144,Kujawsko-pomorskie,48,Choroby wewnętrzne,2024/025940,Rezydencki,80.98,4.41,25.09.2024 09:51:08,11,NIE,,
j-2024,12,19.11.2024,19.11.2024 09:28:25,12,144,Kujawsko-pomorskie,49,Choroby wewnętrzne,2024/029823,Rezydencki,78.26,3.01,29.09.2024 23:00:53,11,NIE,,
j-2024,12,19.11.2024,19.11.2024 09:28:25,12,144,Kujawsko-pomorskie,50,Choroby wewnętrzne,2024/026817,Rezydencki,66.34,3.30,19.10.2024 11:42:12,11,NIE,,
j-2024,12,19.11.2024,19.11.2024 09:28:25,12,144,Kujawsko-pomorskie,51,Choroby wewnętrzne,2024/033532,Rezydencki,60.78,3.08,09.10.2024 13:02:32,11,NIE,,
j-2024,12,19.11.2024,19.11.2024 09:28:25,12,144,Kujawsko-pomorskie,52,Choroby wewnętrzne,2024/029901,Pozarezydencki,75.47,3.94,14.10.2024 21:58:44,2,NIE,,
j-2024,12,19.11.2024,19.11.2024 09:28:25,12,144,Kujawsko-pomorskie,53,Choroby wewnętrzne,2024/027398,Pozarezydencki,67.91,0.00,15.10.2024 09:12:58,2,NIE,,
j-2024,12,19.11.2024,19.11.2024 09:28:25,13,144,Kujawsko-pomorskie,54,Diabetologia,2024/023470,Rezydencki,86.83,4.35,30.09.2024 17:08:22,2,NIE,,
j-2024,12,19.11.2024,19.11.2024 09:28:25,13,144,Kujawsko-pomorskie,55,Diabetologia,2024/028021,Rezydencki,81.16,3.89,30.09.2024 22:38:36,2,NIE,,
j-2024,12,19.11.2024,19.11.2024 09:28:25,13,144,Kujawsko-pomorskie,56,Endokrynologia,2024/025921,Rezydencki,91.79,4.14,28.09.2024 14:42:48,2,NIE,,
j-2024,12,19.11.2024,19.11.2024 09:28:25,13,144,Kujawsko-pomorskie,57,Endokrynologia,2024/024416,Rezydencki,91.18,4.59,25.09.2024 17:05:14,2,NIE,,
j-2024,12,19.11.2024,19.11.2024 09:28:25,13,144,Kujawsko-pomorskie,58,Endokrynologia i diabetologia dziecięca,2024/025754,Rezydencki,90.69,4.61,24.09.2024 14:08:45,1,NIE,,
j-2024,12,19.11.2024,19.11.2024 09:28:25,13,144,Kujawsko-pomorskie,59,Gastroenterologia,2024/022267,Rezydencki,90.69,4.44,01.09.2024 08:11:23,1,NIE,,
j-2024,12,19.11.2024,19.11.2024 09:28:25,13,144,Kujawsko-pomorskie,60,Gastroenterologia,2024/027360,Pozarezydencki,81.11,3.76,04.10.2024 19:53:16,2,NIE,,
j-2024,12,19.11.2024,19.11.2024 09:28:25,13,144,Kujawsko-pomorskie,61,Gastroenterologia,2024/022697,Pozarezydencki,80.00,3.84,01.09.2024 21:22:24,2,NIE,,
j-2024,12,19.11.2024,19.11.2024 09:28:25,13,144,Kujawsko-pomorskie,62,Gastroenterologia dziecięca,2024/030759,Rezydencki,83.09,3.40,28.09.2024 16:05:20,1,NIE,,
j-2024,12,19.11.2024,19.11.2024 09:28:25,13,144,Kujawsko-pomorskie,63,Gastroenterologia dziecięca,2024/031787,Pozarezydencki,70.91,3.70,16.10.2024 11:14:25,1,NIE,,
j-2024,12,19.11.2024,19.11.2024 09:28:25,13,144,Kujawsko-pomorskie,64,Geriatria,2024/024518,Rezydencki,79.90,3.88,29.09.2024 00:46:49,1,NIE,,
j-2024,12,19.11.2024,19.11.2024 09:28:25,13,144,Kujawsko-pomorskie,65,Geriatria,2024/033904,Pozarezydencki,75.45,3.70,30.09.2024 20:09:04,3,NIE,,
j-2024,12,19.11.2024,19.11.2024 09:28:25,13,144,Kujawsko-pomorskie,66,Geriatria,2024/033401,Pozarezydencki,70.91,3.34,30.09.2024 21:55:13,3,NIE,,
j-2024,12,19.11.2024,19.11.2024 09:28:25,13,144,Kujawsko-pomorskie,67,Geriatria,2024/026225,Pozarezydencki,70.91,3.12,15.10.2024 20:35:01,3,NIE,,
j-2024,12,19.11.2024,19.11.2024 09:28:25,13,144,Kujawsko-pomorskie,68,Ginekologia onkologiczna,2024/024828,Pozarezydencki,75.45,3.96,24.09.2024 12:40:56,1,NIE,,
j-2024,12,19.11.2024,19.11.2024 09:28:25,13,144,Kujawsko-pomorskie,69,Hematologia,2024/031865,Rezydencki,87.07,4.29,28.09.2024 01:48:17,2,NIE,,
j-2024,12,19.11.2024,19.11.2024 09:28:25,13,144,Kujawsko-pomorskie,70,Hematologia,2024/029146,Rezydencki,82.61,4.10,29.09.2024 22:40:13,2,NIE,,
j-2024,12,19.11.2024,19.11.2024 09:28:25,13,144,Kujawsko-pomorskie,71,Immunologia kliniczna,2024/024625,Pozarezydencki,80.00,3.98,08.10.2024 11:30:30,2,NIE,,
j-2024,12,19.11.2024,19.11.2024 09:28:25,13,144,Kujawsko-pomorskie,72,Immunologia kliniczna,2024/022432,Pozarezydencki,80.00,3.18,09.10.2024 14:13:50,2,NIE,,
j-2024,12,19.11.2024,19.11.2024 09:28:25,13,144,Kujawsko-pomorskie,73,Kardiochirurgia,2024/029141,Rezydencki,83.82,4.10,29.09.2024 17:42:01,1,NIE,,
j-2024,12,19.11.2024,19.11.2024 09:28:25,13,144,Kujawsko-pomorskie,74,Kardiologia,2024/028061,Rezydencki,90.44,4.51,27.09.2024 22:55:04,10,NIE,,
j-2024,12,19.11.2024,19.11.2024 09:28:25,13,144,Kujawsko-pomorskie,75,Kardiologia,2024/024623,Rezydencki,89.76,4.47,12.09.2024 21:07:02,10,NIE,,
j-2024,12,19.11.2024,19.11.2024 09:28:25,13,144,Kujawsko-pomorskie,76,Kardiologia,2024/029021,Rezydencki,89.51,4.43,08.10.2024 15:06:06,10,NIE,,
j-2024,12,19.11.2024,19.11.2024 09:28:25,13,144,Kujawsko-pomorskie,77,Kardiologia,2024/022301,Rezydencki,89.37,4.20,25.09.2024 18:23:57,10,NIE,,
j-2024,12,19.11.2024,19.11.2024 09:28:25,13,144,Kujawsko-pomorskie,78,Kardiologia,2024/026401,Rezydencki,89.37,4.11,29.09.2024 12:41:34,10,NIE,,
j-2024,12,19.11.2024,19.11.2024 09:28:25,13,144,Kujawsko-pomorskie,79,Kardiologia,2024/026005,Rezydencki,89.22,4.13,20.09.2024 23:34:27,10,NIE,,
j-2024,12,19.11.2024,19.11.2024 09:28:25,13,144,Kujawsko-pomorskie,80,Kardiologia,2024/029937,Rezydencki,88.41,4.91,25.09.2024 20:09:39,10,NIE,,
j-2024,12,19.11.2024,19.11.2024 09:28:25,13,144,Kujawsko-pomorskie,81,Kardiologia,2024/023081,Rezydencki,88.24,3.77,10.10.2024 19:14:10,10,NIE,,
j-2024,12,19.11.2024,19.11.2024 09:28:25,13,144,Kujawsko-pomorskie,82,Kardiologia,2024/022255,Rezydencki,87.80,4.09,11.10.2024 18:50:59,10,NIE,,
j-2024,12,19.11.2024,19.11.2024 09:28:25,13,144,Kujawsko-pomorskie,83,Kardiologia,2024/030815,Rezydencki,87.25,4.21,29.09.2024 18:37:51,10,NIE,,
j-2024,12,19.11.2024,19.11.2024 09:28:25,13,144,Kujawsko-pomorskie,84,Kardiologia,2024/023639,Pozarezydencki,62.62,3.24,08.10.2024 15:48:06,2,NIE,,
j-2024,12,19.11.2024,19.11.2024 09:28:25,13,144,Kujawsko-pomorskie,85,Kardiologia,2024/032173,Pozarezydencki,57.99,0.00,10.10.2024 10:09:38,2,NIE,,
j-2024,12,19.11.2024,19.11.2024 09:28:25,13,144,Kujawsko-pomorskie,86,Kardiologia dziecięca,2024/022977,Pozarezydencki,68.20,3.87,02.09.2024 14:37:24,1,NIE,,
j-2024,12,19.11.2024,19.11.2024 09:28:25,13,144,Kujawsko-pomorskie,87,Medycyna paliatywna,2024/025188,Pozarezydencki,75.45,3.64,28.10.2024 21:50:35,5,NIE,,
j-2024,12,19.11.2024,19.11.2024 09:28:25,13,144,Kujawsko-pomorskie,88,Medycyna paliatywna,2024/025293,Pozarezydencki,75.45,3.45,03.10.2024 22:36:23,5,NIE,,
j-2024,12,19.11.2024,19.11.2024 09:28:25,13,144,Kujawsko-pomorskie,89,Medycyna paliatywna,2024/032964,Pozarezydencki,70.91,4.26,18.10.2024 11:17:14,5,NIE,,
j-2024,12,19.11.2024,19.11.2024 09:28:25,13,144,Kujawsko-pomorskie,90,Medycyna paliatywna,2024/024248,Pozarezydencki,66.36,3.85,15.10.2024 14:52:02,5,NIE,,
j-2024,12,19.11.2024,19.11.2024 09:28:25,13,144,Kujawsko-pomorskie,91,Medycyna paliatywna,2024/025995,Pozarezydencki,61.82,0.00,14.09.2024 23:20:11,5,NIE,,
j-2024,12,19.11.2024,19.11.2024 09:28:25,14,144,Kujawsko-pomorskie,92,Medycyna pracy,2024/025955,Rezydencki,80.68,4.60,29.09.2024 20:22:48,1,NIE,,
j-2024,12,19.11.2024,19.11.2024 09:28:25,14,144,Kujawsko-pomorskie,93,Medycyna pracy,2024/028782,Pozarezydencki,70.91,4.56,11.10.2024 11:55:30,3,NIE,,
j-2024,12,19.11.2024,19.11.2024 09:28:25,14,144,Kujawsko-pomorskie,94,Medycyna pracy,2024/022252,Pozarezydencki,67.27,3.93,01.09.2024 06:34:39,3,NIE,,
j-2024,12,19.11.2024,19.11.2024 09:28:25,14,144,Kujawsko-pomorskie,95,Medycyna pracy,2024/023608,Pozarezydencki,61.82,0.00,15.10.2024 10:18:55,3,NIE,,
j-2024,12,19.11.2024,19.11.2024 09:28:25,14,144,Kujawsko-pomorskie,96,Medycyna ratunkowa,2024/024572,Pozarezydencki,64.91,0.00,17.10.2024 14:03:31,1,NIE,,
j-2024,12,19.11.2024,19.11.2024 09:28:25,14,144,Kujawsko-pomorskie,97,Medycyna rodzinna,2024/027548,Rezydencki,89.22,4.38,20.09.2024 12:21:20,18,NIE,,
j-2024,12,19.11.2024,19.11.2024 09:28:25,14,144,Kujawsko-pomorskie,98,Medycyna rodzinna,2024/025533,Rezydencki,88.16,4.15,29.09.2024 21:05:31,18,NIE,,
j-2024,12,19.11.2024,19.11.2024 09:28:25,14,144,Kujawsko-pomorskie,99,Medycyna rodzinna,2024/025994,Rezydencki,87.32,4.33,18.09.2024 16:23:58,18,NIE,,
j-2024,12,19.11.2024,19.11.2024 09:28:25,14,144,Kujawsko-pomorskie,100,Medycyna rodzinna,2024/032244,Rezydencki,86.27,3.79,30.09.2024 19:27:14,18,NIE,,
j-2024,12,19.11.2024,19.11.2024 09:28:25,14,144,Kujawsko-pomorskie,101,Medycyna rodzinna,2024/024806,Rezydencki,85.75,4.57,21.10.2024 14:58:50,18,NIE,,
j-2024,12,19.11.2024,19.11.2024 09:28:25,14,144,Kujawsko-pomorskie,102,Medycyna rodzinna,2024/027342,Rezydencki,85.27,3.96,15.10.2024 12:56:33,18,NIE,,
j-2024,12,19.11.2024,19.11.2024 09:28:25,14,144,Kujawsko-pomorskie,103,Medycyna rodzinna,2024/031895,Rezydencki,84.39,4.03,30.09.2024 08:45:25,18,NIE,,
j-2024,12,19.11.2024,19.11.2024 09:28:25,14,144,Kujawsko-pomorskie,104,Medycyna rodzinna,2024/029663,Rezydencki,83.58,4.35,29.09.2024 23:28:56,18,NIE,,
j-2024,12,19.11.2024,19.11.2024 09:28:25,14,144,Kujawsko-pomorskie,105,Medycyna rodzinna,2024/022919,Rezydencki,81.95,4.12,17.09.2024 11:21:43,18,NIE,,
j-2024,12,19.11.2024,19.11.2024 09:28:25,14,144,Kujawsko-pomorskie,106,Medycyna rodzinna,2024/030011,Rezydencki,81.90,3.46,25.09.2024 20:03:09,18,NIE,,
j-2024,12,19.11.2024,19.11.2024 09:28:25,14,144,Kujawsko-pomorskie,107,Medycyna rodzinna,2024/027863,Rezydencki,81.90,3.14,14.10.2024 10:24:10,18,NIE,,
j-2024,12,19.11.2024,19.11.2024 09:28:25,14,144,Kujawsko-pomorskie,108,Medycyna rodzinna,2024/033125,Rezydencki,81.86,4.71,30.09.2024 00:07:34,18,NIE,,
j-2024,12,19.11.2024,19.11.2024 09:28:25,14,144,Kujawsko-pomorskie,109,Medycyna rodzinna,2024/032735,Rezydencki,80.68,3.53,29.09.2024 19:58:10,18,NIE,,
j-2024,12,19.11.2024,19.11.2024 09:28:25,14,144,Kujawsko-pomorskie,110,Medycyna rodzinna,2024/026087,Rezydencki,78.74,3.85,09.10.2024 15:59:42,18,NIE,,
j-2024,12,19.11.2024,19.11.2024 09:28:25,14,144,Kujawsko-pomorskie,111,Medycyna rodzinna,2024/025074,Rezydencki,71.71,0.00,10.09.2024 21:25:53,18,NIE,,
j-2024,12,19.11.2024,19.11.2024 09:28:25,14,144,Kujawsko-pomorskie,112,Medycyna rodzinna,2024/025837,Rezydencki,61.35,4.17,19.09.2024 16:00:47,18,NIE,,
j-2024,12,19.11.2024,19.11.2024 09:28:25,14,144,Kujawsko-pomorskie,113,Medycyna rodzinna,2024/023522,Rezydencki,61.35,3.53,21.10.2024 11:21:26,18,NIE,,
j-2024,12,19.11.2024,19.11.2024 09:28:25,14,144,Kujawsko-pomorskie,114,Medycyna rodzinna,2024/028675,Rezydencki,57.49,4.04,27.09.2024 12:41:14,18,NIE,,
j-2024,12,19.11.2024,19.11.2024 09:28:25,14,144,Kujawsko-pomorskie,115,Medycyna rodzinna,2024/022456,Pozarezydencki,70.91,2.87,08.10.2024 13:30:08,3,NIE,,
j-2024,12,19.11.2024,19.11.2024 09:28:25,14,144,Kujawsko-pomorskie,116,Medycyna rodzinna,2024/032573,Pozarezydencki,66.20,0.00,29.09.2024 17:47:49,3,NIE,,
j-2024,12,19.11.2024,19.11.2024 09:28:25,14,144,Kujawsko-pomorskie,117,Medycyna rodzinna,2024/023453,Pozarezydencki,57.27,0.00,14.10.2024 16:50:28,3,NIE,,
j-2024,12,19.11.2024,19.11.2024 09:28:25,14,144,Kujawsko-pomorskie,118,Medycyna sportowa,2024/023422,Rezydencki,82.93,3.60,17.10.2024 17:54:07,1,NIE,,
j-2024,12,19.11.2024,19.11.2024 09:28:25,14,144,Kujawsko-pomorskie,119,Medycyna sportowa,2024/026170,Pozarezydencki,82.55,0.00,21.10.2024 13:31:49,3,NIE,,
j-2024,12,19.11.2024,19.11.2024 09:28:25,14,144,Kujawsko-pomorskie,120,Medycyna sportowa,2024/025070,Pozarezydencki,76.50,3.95,28.10.2024 15:21:00,3,NIE,,
j-2024,12,19.11.2024,19.11.2024 09:28:25,14,144,Kujawsko-pomorskie,121,Medycyna sportowa,2024/023138,Pozarezydencki,71.69,2.78,15.10.2024 09:10:51,3,NIE,,
j-2024,12,19.11.2024,19.11.2024 09:28:25,14,144,Kujawsko-pomorskie,122,Nefrologia,2024/031723,Rezydencki,86.76,4.32,27.09.2024 20:03:45,2,NIE,,
j-2024,12,19.11.2024,19.11.2024 09:28:25,14,144,Kujawsko-pomorskie,123,Nefrologia,2024/033657,Rezydencki,81.64,3.43,30.09.2024 20:01:29,2,NIE,,
j-2024,12,19.11.2024,19.11.2024 09:28:25,14,144,Kujawsko-pomorskie,124,Neonatologia,2024/024492,Rezydencki,83.09,4.28,24.09.2024 19:47:39,1,NIE,,
j-2024,12,19.11.2024,19.11.2024 09:28:25,14,144,Kujawsko-pomorskie,125,Neonatologia,2024/023150,Pozarezydencki,70.91,0.00,16.10.2024 10:57:20,1,NIE,,
j-2024,12,19.11.2024,19.11.2024 09:28:25,14,144,Kujawsko-pomorskie,126,Neurochirurgia,2024/023756,Rezydencki,87.75,4.17,20.09.2024 17:55:30,1,NIE,,
j-2024,12,19.11.2024,19.11.2024 09:28:25,14,144,Kujawsko-pomorskie,127,Neurochirurgia,2024/024448,Pozarezydencki,82.24,4.43,25.09.2024 20:23:48,4,NIE,,
j-2024,12,19.11.2024,19.11.2024 09:28:25,14,144,Kujawsko-pomorskie,128,Neurochirurgia,2024/033845,Pozarezydencki,80.45,3.41,30.09.2024 19:28:08,4,NIE,,
j-2024,12,19.11.2024,19.11.2024 09:28:25,14,144,Kujawsko-pomorskie,129,Neurochirurgia,2024/032448,Pozarezydencki,76.64,4.39,07.10.2024 22:09:40,4,NIE,,
j-2024,12,19.11.2024,19.11.2024 09:28:25,15,144,Kujawsko-pomorskie,130,Neurochirurgia,2024/022598,Pozarezydencki,56.74,3.38,25.09.2024 22:25:46,4,NIE,,
j-2024,12,19.11.2024,19.11.2024 09:28:25,15,144,Kujawsko-pomorskie,131,Neurologia,2024/028725,Rezydencki,89.76,4.46,29.09.2024 09:48:10,13,NIE,,
j-2024,12,19.11.2024,19.11.2024 09:28:25,15,144,Kujawsko-pomorskie,132,Neurologia,2024/029147,Rezydencki,89.22,4.34,26.09.2024 17:29:20,13,NIE,,
j-2024,12,19.11.2024,19.11.2024 09:28:25,15,144,Kujawsko-pomorskie,133,Neurologia,2024/026234,Rezydencki,87.92,4.40,16.09.2024 10:22:32,13,NIE,,
j-2024,12,19.11.2024,19.11.2024 09:28:25,15,144,Kujawsko-pomorskie,134,Neurologia,2024/030746,Rezydencki,87.25,4.36,26.09.2024 17:32:58,13,NIE,,
j-2024,12,19.11.2024,19.11.2024 09:28:25,15,144,Kujawsko-pomorskie,135,Neurologia,2024/023113,Rezydencki,86.34,4.31,25.09.2024 17:24:54,13,NIE,,
j-2024,12,19.11.2024,19.11.2024 09:28:25,15,144,Kujawsko-pomorskie,136,Neurologia,2024/028672,Rezydencki,85.78,4.04,30.09.2024 16:42:34,13,NIE,,
j-2024,12,19.11.2024,19.11.2024 09:28:25,15,144,Kujawsko-pomorskie,137,Neurologia,2024/026520,Rezydencki,85.51,3.87,17.10.2024 22:03:35,13,NIE,,
j-2024,12,19.11.2024,19.11.2024 09:28:25,15,144,Kujawsko-pomorskie,138,Neurologia,2024/025173,Rezydencki,85.29,0.00,30.09.2024 13:20:45,13,NIE,,
j-2024,12,19.11.2024,19.11.2024 09:28:25,15,144,Kujawsko-pomorskie,139,Neurologia,2024/024289,Rezydencki,83.33,4.11,30.09.2024 16:07:55,13,NIE,,
j-2024,12,19.11.2024,19.11.2024 09:28:25,15,144,Kujawsko-pomorskie,140,Neurologia,2024/028232,Rezydencki,82.84,3.59,10.10.2024 13:47:05,13,NIE,,
j-2024,12,19.11.2024,19.11.2024 09:28:25,15,144,Kujawsko-pomorskie,141,Neurologia,2024/031482,Rezydencki,81.86,3.78,27.09.2024 14:12:54,13,NIE,,
j-2024,12,19.11.2024,19.11.2024 09:28:25,15,144,Kujawsko-pomorskie,142,Neurologia,2024/028142,Rezydencki,77.21,4.20,22.09.2024 21:22:10,13,NIE,,
j-2024,12,19.11.2024,19.11.2024 09:28:25,15,144,Kujawsko-pomorskie,143,Neurologia,2024/031376,Rezydencki,74.51,4.24,28.09.2024 11:06:52,13,NIE,,
j-2024,12,19.11.2024,19.11.2024 09:28:25,15,144,Kujawsko-pomorskie,144,Neurologia,2024/033470,Pozarezydencki,0.00,0.00,29.10.2024 10:42:48,1,NIE,,
j-2024,12,19.11.2024,19.11.2024 09:28:25,15,144,Kujawsko-pomorskie,145,Okulistyka,2024/026149,Rezydencki,88.78,3.90,30.09.2024 21:36:16,12,NIE,,
j-2024,12,19.11.2024,19.11.2024 09:28:25,15,144,Kujawsko-pomorskie,146,Okulistyka,2024/030209,Rezydencki,88.41,4.26,25.09.2024 22:36:33,12,NIE,,
j-2024,12,19.11.2024,19.11.2024 09:28:25,15,144,Kujawsko-pomorskie,147,Okulistyka,2024/031300,Rezydencki,88.29,4.19,30.09.2024 18:34:42,12,NIE,,
j-2024,12,19.11.2024,19.11.2024 09:28:25,15,144,Kujawsko-pomorskie,148,Okulistyka,2024/028739,Rezydencki,88.24,3.58,29.09.2024 14:26:02,12,NIE,,
j-2024,12,19.11.2024,19.11.2024 09:28:25,15,144,Kujawsko-pomorskie,149,Okulistyka,2024/033090,Rezydencki,88.16,3.72,30.09.2024 20:20:22,12,NIE,,
j-2024,12,19.11.2024,19.11.2024 09:28:25,15,144,Kujawsko-pomorskie,150,Okulistyka,2024/031380,Rezydencki,87.75,3.61,30.09.2024 22:30:59,12,NIE,,
j-2024,12,19.11.2024,19.11.2024 09:28:25,15,144,Kujawsko-pomorskie,151,Okulistyka,2024/023627,Rezydencki,87.44,4.13,29.09.2024 23:19:20,12,NIE,,
j-2024,12,19.11.2024,19.11.2024 09:28:25,15,144,Kujawsko-pomorskie,152,Okulistyka,2024/031522,Rezydencki,87.44,4.07,30.09.2024 14:38:12,12,NIE,,
j-2024,12,19.11.2024,19.11.2024 09:28:25,15,144,Kujawsko-pomorskie,153,Okulistyka,2024/025833,Rezydencki,87.32,4.23,30.09.2024 22:20:05,12,NIE,,
j-2024,12,19.11.2024,19.11.2024 09:28:25,15,144,Kujawsko-pomorskie,154,Okulistyka,2024/031184,Rezydencki,87.20,3.82,26.09.2024 23:00:59,12,NIE,,
j-2024,12,19.11.2024,19.11.2024 09:28:25,15,144,Kujawsko-pomorskie,155,Okulistyka,2024/024185,Rezydencki,87.20,3.39,06.09.2024 14:07:04,12,NIE,,
j-2024,12,19.11.2024,19.11.2024 09:28:25,15,144,Kujawsko-pomorskie,156,Okulistyka,2024/024720,Rezydencki,86.83,4.12,11.09.2024 08:12:20,12,NIE,,
j-2024,12,19.11.2024,19.11.2024 09:28:25,15,144,Kujawsko-pomorskie,157,Okulistyka,2024/032831,Pozarezydencki,80.65,3.15,09.10.2024 13:24:31,1,NIE,,
j-2024,12,19.11.2024,19.11.2024 09:28:25,15,144,Kujawsko-pomorskie,158,Onkologia i hematologia dziecięca,2024/024870,Pozarezydencki,70.91,3.94,18.10.2024 14:53:09,1,NIE,,
j-2024,12,19.11.2024,19.11.2024 09:28:25,15,144,Kujawsko-pomorskie,159,Onkologia kliniczna,2024/030649,Rezydencki,88.41,4.38,26.09.2024 16:09:21,3,NIE,,
j-2024,12,19.11.2024,19.11.2024 09:28:25,15,144,Kujawsko-pomorskie,160,Onkologia kliniczna,2024/031659,Rezydencki,87.99,4.29,27.09.2024 18:32:08,3,NIE,,
j-2024,12,19.11.2024,19.11.2024 09:28:25,15,144,Kujawsko-pomorskie,161,Onkologia kliniczna,2024/031649,Rezydencki,85.29,4.09,30.09.2024 22:39:40,3,NIE,,
j-2024,12,19.11.2024,19.11.2024 09:28:25,15,144,Kujawsko-pomorskie,162,Ortopedia i traumatologia narządu ruchu,2024/025336,Rezydencki,89.27,3.88,11.09.2024 18:55:40,13,NIE,,
j-2024,12,19.11.2024,19.11.2024 09:28:25,15,144,Kujawsko-pomorskie,163,Ortopedia i traumatologia narządu ruchu,2024/024379,Rezydencki,86.96,4.14,30.09.2024 11:52:10,13,NIE,,
j-2024,12,19.11.2024,19.11.2024 09:28:25,15,144,Kujawsko-pomorskie,164,Ortopedia i traumatologia narządu ruchu,2024/028162,Rezydencki,85.78,3.86,24.09.2024 21:26:42,13,NIE,,
j-2024,12,19.11.2024,19.11.2024 09:28:25,15,144,Kujawsko-pomorskie,165,Ortopedia i traumatologia narządu ruchu,2024/022563,Rezydencki,84.88,3.32,09.10.2024 12:19:37,13,NIE,,
j-2024,12,19.11.2024,19.11.2024 09:28:25,15,144,Kujawsko-pomorskie,166,Ortopedia i traumatologia narządu ruchu,2024/029743,Rezydencki,84.80,3.64,11.10.2024 13:02:04,13,NIE,,
j-2024,12,19.11.2024,19.11.2024 09:28:25,15,144,Kujawsko-pomorskie,167,Ortopedia i traumatologia narządu ruchu,2024/032371,Rezydencki,84.31,4.14,30.09.2024 23:31:36,13,NIE,,
j-2024,12,19.11.2024,19.11.2024 09:28:25,16,144,Kujawsko-pomorskie,168,Ortopedia i traumatologia narządu ruchu,2024/029338,Rezydencki,84.31,4.09,27.09.2024 16:14:32,13,NIE,,
j-2024,12,19.11.2024,19.11.2024 09:28:25,16,144,Kujawsko-pomorskie,169,Ortopedia i traumatologia narządu ruchu,2024/022327,Rezydencki,83.33,3.86,30.09.2024 19:41:51,13,NIE,,
j-2024,12,19.11.2024,19.11.2024 09:28:25,16,144,Kujawsko-pomorskie,170,Ortopedia i traumatologia narządu ruchu,2024/031395,Rezydencki,82.84,3.74,30.09.2024 19:51:16,13,NIE,,
j-2024,12,19.11.2024,19.11.2024 09:28:25,16,144,Kujawsko-pomorskie,171,Ortopedia i traumatologia narządu ruchu,2024/027522,Rezydencki,81.86,4.26,10.10.2024 11:02:25,13,NIE,,
j-2024,12,19.11.2024,19.11.2024 09:28:25,16,144,Kujawsko-pomorskie,172,Ortopedia i traumatologia narządu ruchu,2024/032266,Rezydencki,79.41,4.12,28.09.2024 23:22:30,13,NIE,,
j-2024,12,19.11.2024,19.11.2024 09:28:25,16,144,Kujawsko-pomorskie,173,Ortopedia i traumatologia narządu ruchu,2024/030206,Rezydencki,79.41,3.66,27.09.2024 19:29:17,13,NIE,,
j-2024,12,19.11.2024,19.11.2024 09:28:25,16,144,Kujawsko-pomorskie,174,Ortopedia i traumatologia narządu ruchu,2024/029309,Rezydencki,54.59,3.70,03.10.2024 16:37:40,13,NIE,,
j-2024,12,19.11.2024,19.11.2024 09:28:25,16,144,Kujawsko-pomorskie,175,Otorynolaryngologia,2024/031664,Rezydencki,89.86,4.47,30.09.2024 11:02:52,4,NIE,,
j-2024,12,19.11.2024,19.11.2024 09:28:25,16,144,Kujawsko-pomorskie,176,Otorynolaryngologia,2024/027423,Rezydencki,89.71,4.57,29.09.2024 21:23:35,4,NIE,,
j-2024,12,19.11.2024,19.11.2024 09:28:25,16,144,Kujawsko-pomorskie,177,Otorynolaryngologia,2024/023393,Rezydencki,87.75,4.10,29.09.2024 20:39:12,4,NIE,,
j-2024,12,19.11.2024,19.11.2024 09:28:25,16,144,Kujawsko-pomorskie,178,Otorynolaryngologia,2024/029883,Rezydencki,86.47,4.00,28.09.2024 17:03:41,4,NIE,,
j-2024,12,19.11.2024,19.11.2024 09:28:25,16,144,Kujawsko-pomorskie,179,Otorynolaryngologia,2024/026629,Pozarezydencki,82.33,4.32,28.09.2024 19:27:51,1,NIE,,
j-2024,12,19.11.2024,19.11.2024 09:28:25,16,144,Kujawsko-pomorskie,180,Otorynolaryngologia dziecięca,2024/030151,Rezydencki,84.54,3.42,21.10.2024 20:22:45,2,NIE,,
j-2024,12,19.11.2024,19.11.2024 09:28:25,16,144,Kujawsko-pomorskie,181,Otorynolaryngologia dziecięca,2024/023733,Rezydencki,82.61,3.71,30.09.2024 21:25:01,2,NIE,,
j-2024,12,19.11.2024,19.11.2024 09:28:25,16,144,Kujawsko-pomorskie,182,Patomorfologia,2024/030217,Rezydencki,77.94,4.22,25.09.2024 22:43:15,1,NIE,,
j-2024,12,19.11.2024,19.11.2024 09:28:25,16,144,Kujawsko-pomorskie,183,Pediatria,2024/031625,Rezydencki,89.27,4.79,27.09.2024 17:38:50,14,NIE,,
j-2024,12,19.11.2024,19.11.2024 09:28:25,16,144,Kujawsko-pomorskie,184,Pediatria,2024/029220,Rezydencki,88.24,4.38,24.09.2024 20:00:24,14,NIE,,
j-2024,12,19.11.2024,19.11.2024 09:28:25,16,144,Kujawsko-pomorskie,185,Pediatria,2024/030960,Rezydencki,87.75,4.09,18.10.2024 10:53:15,14,NIE,,
j-2024,12,19.11.2024,19.11.2024 09:28:25,16,144,Kujawsko-pomorskie,186,Pediatria,2024/031827,Rezydencki,86.27,4.46,30.09.2024 19:22:54,14,NIE,,
j-2024,12,19.11.2024,19.11.2024 09:28:25,16,144,Kujawsko-pomorskie,187,Pediatria,2024/028060,Rezydencki,86.27,4.45,22.09.2024 19:42:07,14,NIE,,
j-2024,12,19.11.2024,19.11.2024 09:28:25,16,144,Kujawsko-pomorskie,188,Pediatria,2024/023472,Rezydencki,84.78,4.00,03.09.2024 18:39:20,14,NIE,,
j-2024,12,19.11.2024,19.11.2024 09:28:25,16,144,Kujawsko-pomorskie,189,Pediatria,2024/032916,Rezydencki,84.06,3.64,29.09.2024 21:45:26,14,NIE,,
j-2024,12,19.11.2024,19.11.2024 09:28:25,16,144,Kujawsko-pomorskie,190,Pediatria,2024/024499,Rezydencki,83.90,4.07,11.09.2024 18:38:58,14,NIE,,
j-2024,12,19.11.2024,19.11.2024 09:28:25,16,144,Kujawsko-pomorskie,191,Pediatria,2024/023992,Rezydencki,83.90,4.00,05.09.2024 15:41:26,14,NIE,,
j-2024,12,19.11.2024,19.11.2024 09:28:25,16,144,Kujawsko-pomorskie,192,Pediatria,2024/027774,Rezydencki,83.41,4.26,21.09.2024 19:55:51,14,NIE,,
j-2024,12,19.11.2024,19.11.2024 09:28:25,16,144,Kujawsko-pomorskie,193,Pediatria,2024/032562,Rezydencki,80.68,4.69,15.10.2024 19:17:16,14,NIE,,
j-2024,12,19.11.2024,19.11.2024 09:28:25,16,144,Kujawsko-pomorskie,194,Pediatria,2024/031595,Rezydencki,79.23,3.92,29.09.2024 21:46:46,14,NIE,,
j-2024,12,19.11.2024,19.11.2024 09:28:25,16,144,Kujawsko-pomorskie,195,Pediatria,2024/031283,Rezydencki,75.12,0.00,30.09.2024 20:47:40,14,NIE,,
j-2024,12,19.11.2024,19.11.2024 09:28:25,16,144,Kujawsko-pomorskie,196,Pediatria,2024/031698,Rezydencki,74.40,4.10,27.09.2024 19:22:31,14,NIE,,
j-2024,12,19.11.2024,19.11.2024 09:28:25,16,144,Kujawsko-pomorskie,197,Pediatria,2024/023060,Pozarezydencki,67.29,3.55,21.10.2024 20:28:10,1,NIE,,
j-2024,12,19.11.2024,19.11.2024 09:28:25,16,144,Kujawsko-pomorskie,198,Położnictwo i ginekologia,2024/031456,Rezydencki,87.80,4.16,29.09.2024 22:35:56,7,NIE,,
j-2024,12,19.11.2024,19.11.2024 09:28:25,16,144,Kujawsko-pomorskie,199,Położnictwo i ginekologia,2024/022437,Rezydencki,84.54,4.23,25.09.2024 16:02:36,7,NIE,,
j-2024,12,19.11.2024,19.11.2024 09:28:25,16,144,Kujawsko-pomorskie,200,Położnictwo i ginekologia,2024/024002,Rezydencki,84.31,3.70,13.09.2024 16:25:37,7,NIE,,
j-2024,12,19.11.2024,19.11.2024 09:28:25,16,144,Kujawsko-pomorskie,201,Położnictwo i ginekologia,2024/025113,Rezydencki,83.57,4.01,17.09.2024 21:10:16,7,NIE,,
j-2024,12,19.11.2024,19.11.2024 09:28:25,16,144,Kujawsko-pomorskie,202,Położnictwo i ginekologia,2024/030635,Rezydencki,81.37,3.92,09.10.2024 10:15:40,7,NIE,,
j-2024,12,19.11.2024,19.11.2024 09:28:25,16,144,Kujawsko-pomorskie,203,Położnictwo i ginekologia,2024/027971,Rezydencki,80.64,4.09,11.10.2024 13:34:36,7,NIE,,
j-2024,12,19.11.2024,19.11.2024 09:28:25,16,144,Kujawsko-pomorskie,204,Położnictwo i ginekologia,2024/029988,Rezydencki,80.39,3.78,29.09.2024 15:26:47,7,NIE,,
j-2024,12,19.11.2024,19.11.2024 09:28:25,16,144,Kujawsko-pomorskie,205,Protetyka stomatologiczna,2024/026303,Rezydencki,81.25,3.10,16.10.2024 10:55:05,2,NIE,,
j-2024,12,19.11.2024,19.11.2024 09:28:25,17,144,Kujawsko-pomorskie,206,Protetyka stomatologiczna,2024/026124,Rezydencki,76.44,3.37,04.10.2024 13:32:59,2,NIE,,
j-2024,12,19.11.2024,19.11.2024 09:28:25,17,144,Kujawsko-pomorskie,207,Psychiatria,2024/024485,Rezydencki,89.86,4.43,11.10.2024 14:41:44,25,NIE,,
j-2024,12,19.11.2024,19.11.2024 09:28:25,17,144,Kujawsko-pomorskie,208,Psychiatria,2024/023167,Rezydencki,88.89,4.26,12.09.2024 18:30:50,25,NIE,,
j-2024,12,19.11.2024,19.11.2024 09:28:25,17,144,Kujawsko-pomorskie,209,Psychiatria,2024/027275,Rezydencki,87.68,3.62,09.10.2024 08:14:20,25,NIE,,
j-2024,12,19.11.2024,19.11.2024 09:28:25,17,144,Kujawsko-pomorskie,210,Psychiatria,2024/024497,Rezydencki,87.56,3.90,14.10.2024 14:29:22,25,NIE,,
j-2024,12,19.11.2024,19.11.2024 09:28:25,17,144,Kujawsko-pomorskie,211,Psychiatria,2024/031608,Rezydencki,87.50,4.12,27.09.2024 17:22:11,25,NIE,,
j-2024,12,19.11.2024,19.11.2024 09:28:25,17,144,Kujawsko-pomorskie,212,Psychiatria,2024/027991,Rezydencki,87.44,3.88,28.09.2024 21:58:25,25,NIE,,
j-2024,12,19.11.2024,19.11.2024 09:28:25,17,144,Kujawsko-pomorskie,213,Psychiatria,2024/029772,Rezydencki,87.25,4.73,27.09.2024 18:42:29,25,NIE,,
j-2024,12,19.11.2024,19.11.2024 09:28:25,17,144,Kujawsko-pomorskie,214,Psychiatria,2024/022381,Rezydencki,86.96,3.86,03.09.2024 18:18:50,25,NIE,,
j-2024,12,19.11.2024,19.11.2024 09:28:25,17,144,Kujawsko-pomorskie,215,Psychiatria,2024/029827,Rezydencki,86.96,3.77,17.10.2024 15:48:04,25,NIE,,
j-2024,12,19.11.2024,19.11.2024 09:28:25,17,144,Kujawsko-pomorskie,216,Psychiatria,2024/022248,Rezydencki,86.27,4.32,20.09.2024 20:54:24,25,NIE,,
j-2024,12,19.11.2024,19.11.2024 09:28:25,17,144,Kujawsko-pomorskie,217,Psychiatria,2024/031109,Rezydencki,85.99,4.53,27.09.2024 21:40:37,25,NIE,,
j-2024,12,19.11.2024,19.11.2024 09:28:25,17,144,Kujawsko-pomorskie,218,Psychiatria,2024/033166,Rezydencki,85.85,3.94,30.09.2024 02:51:56,25,NIE,,
j-2024,12,19.11.2024,19.11.2024 09:28:25,17,144,Kujawsko-pomorskie,219,Psychiatria,2024/028968,Rezydencki,85.29,3.87,29.09.2024 22:05:47,25,NIE,,
j-2024,12,19.11.2024,19.11.2024 09:28:25,17,144,Kujawsko-pomorskie,220,Psychiatria,2024/032279,Rezydencki,85.02,3.50,28.10.2024 16:01:04,25,NIE,,
j-2024,12,19.11.2024,19.11.2024 09:28:25,17,144,Kujawsko-pomorskie,221,Psychiatria,2024/023976,Rezydencki,84.80,3.98,23.09.2024 20:19:54,25,NIE,,
j-2024,12,19.11.2024,19.11.2024 09:28:25,17,144,Kujawsko-pomorskie,222,Psychiatria,2024/030768,Rezydencki,84.54,4.05,30.09.2024 21:24:52,25,NIE,,
j-2024,12,19.11.2024,19.11.2024 09:28:25,17,144,Kujawsko-pomorskie,223,Psychiatria,2024/026717,Rezydencki,84.31,4.24,27.09.2024 12:46:42,25,NIE,,
j-2024,12,19.11.2024,19.11.2024 09:28:25,17,144,Kujawsko-pomorskie,224,Psychiatria,2024/031622,Rezydencki,84.06,3.76,27.09.2024 17:33:05,25,NIE,,
j-2024,12,19.11.2024,19.11.2024 09:28:25,17,144,Kujawsko-pomorskie,225,Psychiatria,2024/022675,Rezydencki,83.57,3.68,01.09.2024 20:26:36,25,NIE,,
j-2024,12,19.11.2024,19.11.2024 09:28:25,17,144,Kujawsko-pomorskie,226,Psychiatria,2024/024424,Rezydencki,83.33,5.00,29.09.2024 20:39:17,25,NIE,,
j-2024,12,19.11.2024,19.11.2024 09:28:25,17,144,Kujawsko-pomorskie,227,Psychiatria,2024/026082,Rezydencki,83.09,3.42,15.10.2024 14:29:28,25,NIE,,
j-2024,12,19.11.2024,19.11.2024 09:28:25,17,144,Kujawsko-pomorskie,228,Psychiatria,2024/030751,Rezydencki,82.61,3.41,29.09.2024 22:30:26,25,NIE,,
j-2024,12,19.11.2024,19.11.2024 09:28:25,17,144,Kujawsko-pomorskie,229,Psychiatria,2024/025001,Rezydencki,82.44,3.57,27.09.2024 14:09:38,25,NIE,,
j-2024,12,19.11.2024,19.11.2024 09:28:25,17,144,Kujawsko-pomorskie,230,Psychiatria,2024/026940,Rezydencki,81.64,3.70,25.09.2024 16:44:45,25,NIE,,
j-2024,12,19.11.2024,19.11.2024 09:28:25,17,144,Kujawsko-pomorskie,231,Psychiatria,2024/034283,Rezydencki,81.46,3.68,30.10.2024 12:29:32,25,NIE,,
j-2024,12,19.11.2024,19.11.2024 09:28:25,17,144,Kujawsko-pomorskie,232,Psychiatria dzieci i młodzieży,2024/028140,Rezydencki,91.18,4.20,22.09.2024 21:18:01,5,NIE,,
j-2024,12,19.11.2024,19.11.2024 09:28:25,17,144,Kujawsko-pomorskie,233,Psychiatria dzieci i młodzieży,2024/025571,Rezydencki,87.75,4.39,28.09.2024 17:53:23,5,NIE,,
j-2024,12,19.11.2024,19.11.2024 09:28:25,17,144,Kujawsko-pomorskie,234,Psychiatria dzieci i młodzieży,2024/028848,Rezydencki,86.47,3.94,29.09.2024 03:03:41,5,NIE,,
j-2024,12,19.11.2024,19.11.2024 09:28:25,17,144,Kujawsko-pomorskie,235,Psychiatria dzieci i młodzieży,2024/025572,Rezydencki,85.29,4.02,12.09.2024 17:01:05,5,NIE,,
j-2024,12,19.11.2024,19.11.2024 09:28:25,17,144,Kujawsko-pomorskie,236,Psychiatria dzieci i młodzieży,2024/030145,Rezydencki,81.95,3.93,26.09.2024 21:12:49,5,NIE,,
j-2024,12,19.11.2024,19.11.2024 09:28:25,17,144,Kujawsko-pomorskie,237,Psychiatria dzieci i młodzieży,2024/026528,Pozarezydencki,73.17,4.59,02.10.2024 21:52:44,2,NIE,,
j-2024,12,19.11.2024,19.11.2024 09:28:25,17,144,Kujawsko-pomorskie,238,Psychiatria dzieci i młodzieży,2024/027563,Pozarezydencki,72.20,3.52,26.09.2024 15:48:41,2,NIE,,
j-2024,12,19.11.2024,19.11.2024 09:28:25,17,144,Kujawsko-pomorskie,239,Radiologia i diagnostyka obrazowa,2024/023141,Rezydencki,89.86,4.53,12.09.2024 18:34:36,9,NIE,,
j-2024,12,19.11.2024,19.11.2024 09:28:25,17,144,Kujawsko-pomorskie,240,Radiologia i diagnostyka obrazowa,2024/027197,Rezydencki,89.71,3.83,24.10.2024 12:44:17,9,NIE,,
j-2024,12,19.11.2024,19.11.2024 09:28:25,17,144,Kujawsko-pomorskie,241,Radiologia i diagnostyka obrazowa,2024/023574,Rezydencki,88.78,4.47,30.09.2024 22:37:06,9,NIE,,
j-2024,12,19.11.2024,19.11.2024 09:28:25,17,144,Kujawsko-pomorskie,242,Radiologia i diagnostyka obrazowa,2024/022559,Rezydencki,86.83,4.08,26.09.2024 21:49:26,9,NIE,,
j-2024,12,19.11.2024,19.11.2024 09:28:25,17,144,Kujawsko-pomorskie,243,Radiologia i diagnostyka obrazowa,2024/028681,Rezydencki,86.76,4.06,29.09.2024 20:23:30,9,NIE,,
j-2024,12,19.11.2024,19.11.2024 09:28:25,18,144,Kujawsko-pomorskie,244,Radiologia i diagnostyka obrazowa,2024/026718,Rezydencki,86.47,4.42,28.09.2024 23:44:25,9,NIE,,
j-2024,12,19.11.2024,19.11.2024 09:28:25,18,144,Kujawsko-pomorskie,245,Radiologia i diagnostyka obrazowa,2024/028324,Rezydencki,86.47,3.80,23.09.2024 16:53:24,9,NIE,,
j-2024,12,19.11.2024,19.11.2024 09:28:25,18,144,Kujawsko-pomorskie,246,Radiologia i diagnostyka obrazowa,2024/023553,Rezydencki,86.34,3.83,27.09.2024 16:55:42,9,NIE,,
j-2024,12,19.11.2024,19.11.2024 09:28:25,18,144,Kujawsko-pomorskie,247,Radiologia i diagnostyka obrazowa,2024/026435,Rezydencki,86.27,3.89,16.09.2024 19:01:55,9,NIE,,
j-2024,12,19.11.2024,19.11.2024 09:28:25,18,144,Kujawsko-pomorskie,248,Radiologia i diagnostyka obrazowa,2024/033504,Pozarezydencki,77.57,3.70,30.09.2024 13:32:20,2,NIE,,
j-2024,12,19.11.2024,19.11.2024 09:28:25,18,144,Kujawsko-pomorskie,249,Radiologia i diagnostyka obrazowa,2024/027026,Pozarezydencki,75.58,3.72,11.10.2024 23:04:05,2,NIE,,
j-2024,12,19.11.2024,19.11.2024 09:28:25,18,144,Kujawsko-pomorskie,250,Rehabilitacja medyczna,2024/027852,Rezydencki,88.29,4.10,22.09.2024 10:24:32,2,NIE,,
j-2024,12,19.11.2024,19.11.2024 09:28:25,18,144,Kujawsko-pomorskie,251,Rehabilitacja medyczna,2024/027462,Rezydencki,87.32,4.50,21.09.2024 01:44:07,2,NIE,,
j-2024,12,19.11.2024,19.11.2024 09:28:25,18,144,Kujawsko-pomorskie,252,Rehabilitacja medyczna,2024/034189,Pozarezydencki,75.45,3.42,15.10.2024 13:32:22,2,NIE,,
j-2024,12,19.11.2024,19.11.2024 09:28:25,18,144,Kujawsko-pomorskie,253,Rehabilitacja medyczna,2024/033102,Pozarezydencki,58.18,0.00,31.10.2024 11:23:04,2,NIE,,
j-2024,12,19.11.2024,19.11.2024 09:28:25,18,144,Kujawsko-pomorskie,254,Reumatologia,2024/022690,Rezydencki,91.18,4.68,26.09.2024 20:22:26,2,NIE,,
j-2024,12,19.11.2024,19.11.2024 09:28:25,18,144,Kujawsko-pomorskie,255,Reumatologia,2024/027944,Rezydencki,89.86,4.19,28.09.2024 10:05:16,2,NIE,,
j-2024,12,19.11.2024,19.11.2024 09:28:25,18,144,Kujawsko-pomorskie,256,Reumatologia,2024/027003,Pozarezydencki,83.02,4.22,30.09.2024 16:48:55,2,NIE,,
j-2024,12,19.11.2024,19.11.2024 09:28:25,18,144,Kujawsko-pomorskie,257,Reumatologia,2024/029272,Pozarezydencki,77.10,4.21,24.09.2024 20:33:18,2,NIE,,
j-2024,12,19.11.2024,19.11.2024 09:28:25,18,144,Kujawsko-pomorskie,258,Stomatologia dziecięca,2024/027694,Rezydencki,80.48,3.52,23.09.2024 19:03:58,2,NIE,,
j-2024,12,19.11.2024,19.11.2024 09:28:25,18,144,Kujawsko-pomorskie,259,Stomatologia dziecięca,2024/033585,Rezydencki,76.92,4.12,30.09.2024 14:54:06,2,NIE,,
j-2024,12,19.11.2024,19.11.2024 09:28:25,18,144,Kujawsko-pomorskie,260,Stomatologia zachowawcza z endodoncją,2024/029295,Rezydencki,81.16,3.89,30.09.2024 12:49:14,3,NIE,,
j-2024,12,19.11.2024,19.11.2024 09:28:25,18,144,Kujawsko-pomorskie,261,Stomatologia zachowawcza z endodoncją,2024/031769,Rezydencki,78.95,3.82,09.10.2024 21:16:06,3,NIE,,
j-2024,12,19.11.2024,19.11.2024 09:28:25,18,144,Kujawsko-pomorskie,262,Stomatologia zachowawcza z endodoncją,2024/027617,Rezydencki,60.40,3.48,25.09.2024 20:47:40,3,NIE,,
j-2024,12,19.11.2024,19.11.2024 09:28:25,18,144,Kujawsko-pomorskie,263,Stomatologia zachowawcza z endodoncją,2024/025836,Pozarezydencki,80.00,0.00,23.10.2024 12:42:05,1,NIE,,
j-2024,12,19.11.2024,19.11.2024 09:28:25,18,144,Kujawsko-pomorskie,264,Transfuzjologia kliniczna,2024/024487,Pozarezydencki,73.18,3.14,22.09.2024 16:21:31,2,NIE,,
j-2024,12,19.11.2024,19.11.2024 09:28:25,18,144,Kujawsko-pomorskie,265,Transfuzjologia kliniczna,2024/025711,Pozarezydencki,70.91,3.84,15.10.2024 16:42:06,2,NIE,,
j-2024,12,19.11.2024,19.11.2024 09:28:25,18,144,Kujawsko-pomorskie,266,Transplantologia kliniczna,2024/033688,Pozarezydencki,84.55,0.00,31.10.2024 11:28:41,4,NIE,,
j-2024,12,19.11.2024,19.11.2024 09:28:25,18,144,Kujawsko-pomorskie,267,Transplantologia kliniczna,2024/028480,Pozarezydencki,82.27,0.00,13.10.2024 11:03:36,4,NIE,,
j-2024,12,19.11.2024,19.11.2024 09:28:25,18,144,Kujawsko-pomorskie,268,Transplantologia kliniczna,2024/022734,Pozarezydencki,81.59,0.00,16.10.2024 08:37:00,4,NIE,,
j-2024,12,19.11.2024,19.11.2024 09:28:25,18,144,Kujawsko-pomorskie,269,Transplantologia kliniczna,2024/034119,Pozarezydencki,70.91,0.00,09.10.2024 20:48:51,4,NIE,,
j-2024,12,19.11.2024,19.11.2024 09:28:25,18,144,Kujawsko-pomorskie,270,Urologia,2024/022686,Rezydencki,91.06,4.08,09.10.2024 20:34:36,6,NIE,,
j-2024,12,19.11.2024,19.11.2024 09:28:25,18,144,Kujawsko-pomorskie,271,Urologia,2024/033014,Rezydencki,90.34,3.84,07.10.2024 14:17:40,6,NIE,,
j-2024,12,19.11.2024,19.11.2024 09:28:25,18,144,Kujawsko-pomorskie,272,Urologia,2024/028573,Rezydencki,90.20,4.64,29.09.2024 20:01:24,6,NIE,,
j-2024,12,19.11.2024,19.11.2024 09:28:25,18,144,Kujawsko-pomorskie,273,Urologia,2024/024395,Rezydencki,88.41,3.42,30.09.2024 18:49:32,6,NIE,,
j-2024,12,19.11.2024,19.11.2024 09:28:25,18,144,Kujawsko-pomorskie,274,Urologia,2024/032112,Rezydencki,87.44,4.26,29.09.2024 12:52:34,6,NIE,,
j-2024,12,19.11.2024,19.11.2024 09:28:25,18,144,Kujawsko-pomorskie,275,Urologia,2024/030797,Rezydencki,86.27,3.82,30.09.2024 17:00:56,6,NIE,,
j-2024,12,19.11.2024,19.11.2024 09:28:25,18,144,Kujawsko-pomorskie,276,Urologia,2024/029594,Pozarezydencki,81.07,3.43,25.09.2024 13:28:44,5,NIE,,
j-2024,12,19.11.2024,19.11.2024 09:28:25,18,144,Kujawsko-pomorskie,277,Urologia,2024/033916,Pozarezydencki,79.49,3.80,30.09.2024 20:25:56,5,NIE,,
j-2024,12,19.11.2024,19.11.2024 09:28:25,18,144,Kujawsko-pomorskie,278,Urologia,2024/025390,Pozarezydencki,78.34,3.98,07.10.2024 14:31:29,5,NIE,,
j-2024,12,19.11.2024,19.11.2024 09:28:25,18,144,Kujawsko-pomorskie,279,Urologia,2024/026514,Pozarezydencki,70.56,3.69,30.09.2024 18:22:04,5,NIE,,
j-2024,12,19.11.2024,19.11.2024 09:28:25,18,144,Kujawsko-pomorskie,280,Urologia,2024/032824,Pozarezydencki,66.82,3.42,04.10.2024 20:53:50,5,NIE,,
j-2024,12,19.11.2024,19.11.2024 09:28:25,19,144,Lubelskie,1,Alergologia,2024/024528,Pozarezydencki,81.25,4.60,06.10.2024 11:11:33,1,NIE,,
j-2024,12,19.11.2024,19.11.2024 09:28:25,19,144,Lubelskie,2,Anestezjologia i intensywna terapia,2024/022658,Rezydencki,93.72,4.24,01.09.2024 19:50:01,16,NIE,,
j-2024,12,19.11.2024,19.11.2024 09:28:25,19,144,Lubelskie,3,Anestezjologia i intensywna terapia,2024/034238,Rezydencki,93.00,4.78,17.10.2024 13:13:03,16,NIE,,
j-2024,12,19.11.2024,19.11.2024 09:28:25,19,144,Lubelskie,4,Anestezjologia i intensywna terapia,2024/025534,Rezydencki,92.75,4.36,27.09.2024 13:01:11,16,NIE,,
j-2024,12,19.11.2024,19.11.2024 09:28:25,19,144,Lubelskie,5,Anestezjologia i intensywna terapia,2024/032156,Rezydencki,91.67,4.11,28.09.2024 20:11:41,16,NIE,,
j-2024,12,19.11.2024,19.11.2024 09:28:25,19,144,Lubelskie,6,Anestezjologia i intensywna terapia,2024/024021,Rezydencki,91.42,4.05,07.10.2024 14:51:30,16,NIE,,
j-2024,12,19.11.2024,19.11.2024 09:28:25,19,144,Lubelskie,7,Anestezjologia i intensywna terapia,2024/028126,Rezydencki,90.20,4.03,22.09.2024 21:50:27,16,NIE,,
j-2024,12,19.11.2024,19.11.2024 09:28:25,19,144,Lubelskie,8,Anestezjologia i intensywna terapia,2024/022907,Rezydencki,90.20,3.88,05.09.2024 19:27:02,16,NIE,,
j-2024,12,19.11.2024,19.11.2024 09:28:25,19,144,Lubelskie,9,Anestezjologia i intensywna terapia,2024/030226,Rezydencki,90.20,3.74,25.09.2024 22:56:05,16,NIE,,
j-2024,12,19.11.2024,19.11.2024 09:28:25,19,144,Lubelskie,10,Anestezjologia i intensywna terapia,2024/025140,Rezydencki,89.86,4.50,07.10.2024 20:00:02,16,NIE,,
j-2024,12,19.11.2024,19.11.2024 09:28:25,19,144,Lubelskie,11,Anestezjologia i intensywna terapia,2024/030084,Rezydencki,89.71,4.25,10.10.2024 21:19:41,16,NIE,,
j-2024,12,19.11.2024,19.11.2024 09:28:25,19,144,Lubelskie,12,Anestezjologia i intensywna terapia,2024/022185,Rezydencki,89.71,3.87,30.09.2024 21:59:09,16,NIE,,
j-2024,12,19.11.2024,19.11.2024 09:28:25,19,144,Lubelskie,13,Anestezjologia i intensywna terapia,2024/032275,Rezydencki,89.46,4.12,30.09.2024 20:26:26,16,NIE,,
j-2024,12,19.11.2024,19.11.2024 09:28:25,19,144,Lubelskie,14,Anestezjologia i intensywna terapia,2024/031894,Rezydencki,87.92,3.77,08.10.2024 17:55:49,16,NIE,,
j-2024,12,19.11.2024,19.11.2024 09:28:25,19,144,Lubelskie,15,Anestezjologia i intensywna terapia,2024/032330,Rezydencki,87.44,3.91,29.09.2024 10:06:08,16,NIE,,
j-2024,12,19.11.2024,19.11.2024 09:28:25,19,144,Lubelskie,16,Anestezjologia i intensywna terapia,2024/026196,Rezydencki,87.20,4.23,29.09.2024 21:44:45,16,NIE,,
j-2024,12,19.11.2024,19.11.2024 09:28:25,19,144,Lubelskie,17,Anestezjologia i intensywna terapia,2024/025098,Rezydencki,87.01,4.71,07.10.2024 15:08:07,16,NIE,,
j-2024,12,19.11.2024,19.11.2024 09:28:25,19,144,Lubelskie,18,Anestezjologia i intensywna terapia,2024/026152,Pozarezydencki,82.33,3.79,15.09.2024 20:50:17,1,NIE,,
j-2024,12,19.11.2024,19.11.2024 09:28:25,19,144,Lubelskie,19,Angiologia,2024/031512,Rezydencki,87.75,4.08,27.09.2024 14:43:03,1,NIE,,
j-2024,12,19.11.2024,19.11.2024 09:28:25,19,144,Lubelskie,20,Angiologia,2024/030883,Pozarezydencki,61.82,3.09,25.10.2024 13:09:30,1,NIE,,
j-2024,12,19.11.2024,19.11.2024 09:28:25,19,144,Lubelskie,21,Chirurgia klatki piersiowej,2024/023561,Rezydencki,83.57,3.66,10.10.2024 23:57:55,1,NIE,,
j-2024,12,19.11.2024,19.11.2024 09:28:25,19,144,Lubelskie,22,Chirurgia naczyniowa,2024/032443,Rezydencki,90.69,4.44,30.09.2024 17:35:27,2,NIE,,
j-2024,12,19.11.2024,19.11.2024 09:28:25,19,144,Lubelskie,23,Chirurgia naczyniowa,2024/022744,Rezydencki,87.20,4.03,06.09.2024 11:25:56,2,NIE,,
j-2024,12,19.11.2024,19.11.2024 09:28:25,19,144,Lubelskie,24,Chirurgia naczyniowa,2024/031015,Pozarezydencki,80.45,4.09,30.09.2024 10:11:00,1,NIE,,
j-2024,12,19.11.2024,19.11.2024 09:28:25,19,144,Lubelskie,25,Chirurgia ogólna,2024/022246,Rezydencki,88.48,3.82,30.09.2024 18:58:41,7,NIE,,
j-2024,12,19.11.2024,19.11.2024 09:28:25,19,144,Lubelskie,26,Chirurgia ogólna,2024/023535,Rezydencki,87.80,4.25,24.09.2024 22:47:07,7,NIE,,
j-2024,12,19.11.2024,19.11.2024 09:28:25,19,144,Lubelskie,27,Chirurgia ogólna,2024/030535,Rezydencki,78.02,3.83,26.09.2024 14:18:08,7,NIE,,
j-2024,12,19.11.2024,19.11.2024 09:28:25,19,144,Lubelskie,28,Chirurgia ogólna,2024/031057,Rezydencki,78.02,3.37,26.09.2024 21:21:08,7,NIE,,
j-2024,12,19.11.2024,19.11.2024 09:28:25,19,144,Lubelskie,29,Chirurgia ogólna,2024/028333,Rezydencki,73.77,3.63,29.09.2024 18:40:24,7,NIE,,
j-2024,12,19.11.2024,19.11.2024 09:28:25,19,144,Lubelskie,30,Chirurgia ogólna,2024/032690,Rezydencki,66.83,3.59,16.10.2024 18:14:24,7,NIE,,
j-2024,12,19.11.2024,19.11.2024 09:28:25,19,144,Lubelskie,31,Chirurgia ogólna,2024/026464,Rezydencki,66.83,3.11,14.10.2024 12:41:04,7,NIE,,
j-2024,12,19.11.2024,19.11.2024 09:28:25,19,144,Lubelskie,32,Chirurgia ogólna,2024/033635,Pozarezydencki,79.77,3.69,10.10.2024 15:47:02,1,NIE,,
j-2024,12,19.11.2024,19.11.2024 09:28:25,19,144,Lubelskie,33,Chirurgia onkologiczna,2024/027425,Pozarezydencki,82.50,3.89,08.10.2024 11:58:19,2,NIE,,
j-2024,12,19.11.2024,19.11.2024 09:28:25,19,144,Lubelskie,34,Chirurgia onkologiczna,2024/030881,Pozarezydencki,80.00,3.69,11.10.2024 12:46:56,2,NIE,,
j-2024,12,19.11.2024,19.11.2024 09:28:25,19,144,Lubelskie,35,Chirurgia plastyczna,2024/028831,Rezydencki,91.71,4.23,06.10.2024 19:41:20,1,NIE,,
j-2024,12,19.11.2024,19.11.2024 09:28:25,19,144,Lubelskie,36,Chirurgia stomatologiczna,2024/027177,Rezydencki,88.22,4.41,24.09.2024 20:38:00,3,NIE,,
j-2024,12,19.11.2024,19.11.2024 09:28:25,19,144,Lubelskie,37,Chirurgia stomatologiczna,2024/032175,Rezydencki,87.68,4.43,30.09.2024 23:46:41,3,NIE,,
j-2024,12,19.11.2024,19.11.2024 09:28:25,19,144,Lubelskie,38,Chirurgia stomatologiczna,2024/023093,Rezydencki,86.89,4.79,12.09.2024 20:35:49,3,NIE,,
j-2024,12,19.11.2024,19.11.2024 09:28:25,20,144,Lubelskie,39,Choroby płuc,2024/030855,Rezydencki,90.34,4.20,26.09.2024 19:04:10,1,NIE,,
j-2024,12,19.11.2024,19.11.2024 09:28:25,20,144,Lubelskie,40,Choroby płuc,2024/023243,Pozarezydencki,69.16,4.14,29.09.2024 20:35:28,1,NIE,,
j-2024,12,19.11.2024,19.11.2024 09:28:25,20,144,Lubelskie,41,Choroby wewnętrzne,2024/022286,Rezydencki,90.20,4.41,23.09.2024 18:25:31,14,NIE,,
j-2024,12,19.11.2024,19.11.2024 09:28:25,20,144,Lubelskie,42,Choroby wewnętrzne,2024/030055,Rezydencki,89.51,4.28,27.09.2024 18:46:03,14,NIE,,
j-2024,12,19.11.2024,19.11.2024 09:28:25,20,144,Lubelskie,43,Choroby wewnętrzne,2024/031012,Rezydencki,88.89,3.76,26.09.2024 20:47:56,14,NIE,,
j-2024,12,19.11.2024,19.11.2024 09:28:25,20,144,Lubelskie,44,Choroby wewnętrzne,2024/027061,Rezydencki,87.92,3.90,27.09.2024 11:16:18,14,NIE,,
j-2024,12,19.11.2024,19.11.2024 09:28:25,20,144,Lubelskie,45,Choroby wewnętrzne,2024/030192,Rezydencki,87.44,3.90,26.09.2024 16:58:43,14,NIE,,
j-2024,12,19.11.2024,19.11.2024 09:28:25,20,144,Lubelskie,46,Choroby wewnętrzne,2024/023516,Rezydencki,87.25,3.57,10.10.2024 19:45:33,14,NIE,,
j-2024,12,19.11.2024,19.11.2024 09:28:25,20,144,Lubelskie,47,Choroby wewnętrzne,2024/024533,Rezydencki,86.76,3.98,07.10.2024 16:29:19,14,NIE,,
j-2024,12,19.11.2024,19.11.2024 09:28:25,20,144,Lubelskie,48,Choroby wewnętrzne,2024/032327,Rezydencki,85.02,3.97,29.09.2024 10:02:14,14,NIE,,
j-2024,12,19.11.2024,19.11.2024 09:28:25,20,144,Lubelskie,49,Choroby wewnętrzne,2024/032093,Rezydencki,84.80,3.91,29.09.2024 18:38:21,14,NIE,,
j-2024,12,19.11.2024,19.11.2024 09:28:25,20,144,Lubelskie,50,Choroby wewnętrzne,2024/033446,Rezydencki,84.80,3.76,30.09.2024 23:17:26,14,NIE,,
j-2024,12,19.11.2024,19.11.2024 09:28:25,20,144,Lubelskie,51,Choroby wewnętrzne,2024/022911,Rezydencki,84.31,4.00,29.09.2024 21:53:30,14,NIE,,
j-2024,12,19.11.2024,19.11.2024 09:28:25,20,144,Lubelskie,52,Choroby wewnętrzne,2024/028945,Rezydencki,84.31,3.83,30.09.2024 21:53:25,14,NIE,,
j-2024,12,19.11.2024,19.11.2024 09:28:25,20,144,Lubelskie,53,Choroby wewnętrzne,2024/022465,Rezydencki,81.46,4.16,12.10.2024 14:30:31,14,NIE,,
j-2024,12,19.11.2024,19.11.2024 09:28:25,20,144,Lubelskie,54,Choroby wewnętrzne,2024/028706,Rezydencki,74.27,4.53,15.10.2024 13:41:53,14,NIE,,
j-2024,12,19.11.2024,19.11.2024 09:28:25,20,144,Lubelskie,55,Choroby wewnętrzne,2024/033390,Pozarezydencki,0.00,0.00,16.10.2024 00:01:40,1,NIE,,
j-2024,12,19.11.2024,19.11.2024 09:28:25,20,144,Lubelskie,56,Dermatologia i wenerologia,2024/026143,Rezydencki,92.68,4.53,15.09.2024 20:26:11,1,NIE,,
j-2024,12,19.11.2024,19.11.2024 09:28:25,20,144,Lubelskie,57,Dermatologia i wenerologia,2024/026133,Pozarezydencki,85.25,3.46,25.09.2024 16:28:09,1,NIE,,
j-2024,12,19.11.2024,19.11.2024 09:28:25,20,144,Lubelskie,58,Diabetologia,2024/030319,Rezydencki,91.79,4.20,16.10.2024 18:24:48,5,NIE,,
j-2024,12,19.11.2024,19.11.2024 09:28:25,20,144,Lubelskie,59,Diabetologia,2024/022272,Rezydencki,91.30,4.28,29.09.2024 19:33:56,5,NIE,,
j-2024,12,19.11.2024,19.11.2024 09:28:25,20,144,Lubelskie,60,Diabetologia,2024/031913,Rezydencki,90.00,4.23,30.09.2024 18:22:58,5,NIE,,
j-2024,12,19.11.2024,19.11.2024 09:28:25,20,144,Lubelskie,61,Diabetologia,2024/026570,Rezydencki,89.86,4.82,16.10.2024 08:50:54,5,NIE,,
j-2024,12,19.11.2024,19.11.2024 09:28:25,20,144,Lubelskie,62,Diabetologia,2024/030159,Rezydencki,89.86,3.74,30.09.2024 20:13:15,5,NIE,,
j-2024,12,19.11.2024,19.11.2024 09:28:25,20,144,Lubelskie,63,Diabetologia,2024/029846,Pozarezydencki,82.79,4.50,27.09.2024 17:37:36,3,NIE,,
j-2024,12,19.11.2024,19.11.2024 09:28:25,20,144,Lubelskie,64,Diabetologia,2024/030870,Pozarezydencki,81.11,3.06,26.09.2024 19:14:16,3,NIE,,
j-2024,12,19.11.2024,19.11.2024 09:28:25,20,144,Lubelskie,65,Diabetologia,2024/033182,Pozarezydencki,80.00,0.00,04.10.2024 17:39:29,3,NIE,,
j-2024,12,19.11.2024,19.11.2024 09:28:25,20,144,Lubelskie,66,Endokrynologia,2024/026144,Rezydencki,94.20,4.64,15.09.2024 20:26:17,4,NIE,,
j-2024,12,19.11.2024,19.11.2024 09:28:25,20,144,Lubelskie,67,Endokrynologia,2024/028413,Rezydencki,92.75,3.97,27.09.2024 21:31:57,4,NIE,,
j-2024,12,19.11.2024,19.11.2024 09:28:25,20,144,Lubelskie,68,Endokrynologia,2024/026085,Rezydencki,92.68,4.36,16.09.2024 20:37:53,4,NIE,,
j-2024,12,19.11.2024,19.11.2024 09:28:25,20,144,Lubelskie,69,Endokrynologia,2024/032208,Rezydencki,92.20,4.14,08.10.2024 16:07:26,4,NIE,,
j-2024,12,19.11.2024,19.11.2024 09:28:25,20,144,Lubelskie,70,Endokrynologia,2024/032036,Pozarezydencki,88.02,4.17,16.10.2024 20:03:28,2,NIE,,
j-2024,12,19.11.2024,19.11.2024 09:28:25,20,144,Lubelskie,71,Endokrynologia,2024/024097,Pozarezydencki,84.33,4.28,05.09.2024 23:38:57,2,NIE,,
j-2024,12,19.11.2024,19.11.2024 09:28:25,20,144,Lubelskie,72,Endokrynologia i diabetologia dziecięca,2024/030029,Rezydencki,90.34,3.89,27.09.2024 22:56:13,3,NIE,,
j-2024,12,19.11.2024,19.11.2024 09:28:25,20,144,Lubelskie,73,Endokrynologia i diabetologia dziecięca,2024/029496,Rezydencki,89.37,4.53,07.10.2024 14:51:22,3,NIE,,
j-2024,12,19.11.2024,19.11.2024 09:28:25,20,144,Lubelskie,74,Endokrynologia i diabetologia dziecięca,2024/026681,Rezydencki,88.48,3.68,30.09.2024 11:56:20,3,NIE,,
j-2024,12,19.11.2024,19.11.2024 09:28:25,20,144,Lubelskie,75,Endokrynologia i diabetologia dziecięca,2024/030799,Pozarezydencki,84.79,3.65,09.10.2024 20:19:41,1,NIE,,
j-2024,12,19.11.2024,19.11.2024 09:28:25,20,144,Lubelskie,76,Gastroenterologia,2024/022294,Rezydencki,93.17,4.44,10.09.2024 00:15:24,2,NIE,,
j-2024,12,19.11.2024,19.11.2024 09:28:25,21,144,Lubelskie,77,Gastroenterologia,2024/025539,Rezydencki,90.95,4.65,07.10.2024 22:05:17,2,NIE,,
j-2024,12,19.11.2024,19.11.2024 09:28:25,21,144,Lubelskie,78,Gastroenterologia,2024/029773,Pozarezydencki,79.44,4.29,09.10.2024 16:53:38,1,NIE,,
j-2024,12,19.11.2024,19.11.2024 09:28:25,21,144,Lubelskie,79,Genetyka kliniczna,2024/028899,Rezydencki,73.53,3.88,24.09.2024 10:14:30,2,NIE,,
j-2024,12,19.11.2024,19.11.2024 09:28:25,21,144,Lubelskie,80,Genetyka kliniczna,2024/022743,Rezydencki,70.24,0.00,14.10.2024 11:05:24,2,NIE,,
j-2024,12,19.11.2024,19.11.2024 09:28:25,21,144,Lubelskie,81,Genetyka kliniczna,2024/024978,Pozarezydencki,80.00,4.16,15.10.2024 14:01:52,1,NIE,,
j-2024,12,19.11.2024,19.11.2024 09:28:25,21,144,Lubelskie,82,Ginekologia onkologiczna,2024/022941,Pozarezydencki,82.55,4.30,16.10.2024 10:04:11,3,NIE,,
j-2024,12,19.11.2024,19.11.2024 09:28:25,21,144,Lubelskie,83,Ginekologia onkologiczna,2024/033968,Pozarezydencki,68.06,0.00,17.10.2024 20:31:51,3,NIE,,
j-2024,12,19.11.2024,19.11.2024 09:28:25,21,144,Lubelskie,84,Ginekologia onkologiczna,2024/032954,Pozarezydencki,63.64,0.00,18.10.2024 22:10:46,3,NIE,,
j-2024,12,19.11.2024,19.11.2024 09:28:25,21,144,Lubelskie,85,Hematologia,2024/026790,Rezydencki,91.79,4.31,30.09.2024 20:02:49,4,NIE,,
j-2024,12,19.11.2024,19.11.2024 09:28:25,21,144,Lubelskie,86,Hematologia,2024/032195,Rezydencki,85.99,4.08,04.10.2024 13:05:54,4,NIE,,
j-2024,12,19.11.2024,19.11.2024 09:28:25,21,144,Lubelskie,87,Hematologia,2024/033898,Rezydencki,81.86,3.69,30.09.2024 21:46:50,4,NIE,,
j-2024,12,19.11.2024,19.11.2024 09:28:25,21,144,Lubelskie,88,Hematologia,2024/034219,Rezydencki,63.73,4.88,06.10.2024 22:12:57,4,NIE,,
j-2024,12,19.11.2024,19.11.2024 09:28:25,21,144,Lubelskie,89,Hematologia,2024/029468,Pozarezydencki,52.73,0.00,04.10.2024 12:41:30,1,NIE,,
j-2024,12,19.11.2024,19.11.2024 09:28:25,21,144,Lubelskie,90,Immunologia kliniczna,2024/030295,Pozarezydencki,80.00,3.95,19.10.2024 07:34:59,3,NIE,,
j-2024,12,19.11.2024,19.11.2024 09:28:25,21,144,Lubelskie,91,Immunologia kliniczna,2024/032538,Pozarezydencki,77.98,4.27,08.10.2024 21:08:48,3,NIE,,
j-2024,12,19.11.2024,19.11.2024 09:28:25,21,144,Lubelskie,92,Immunologia kliniczna,2024/024881,Pozarezydencki,77.57,4.40,25.09.2024 19:18:17,3,NIE,,
j-2024,12,19.11.2024,19.11.2024 09:28:25,21,144,Lubelskie,93,Kardiologia,2024/022699,Rezydencki,91.79,4.16,10.09.2024 13:44:44,13,NIE,,
j-2024,12,19.11.2024,19.11.2024 09:28:25,21,144,Lubelskie,94,Kardiologia,2024/030605,Rezydencki,90.34,4.33,07.10.2024 11:19:40,13,NIE,,
j-2024,12,19.11.2024,19.11.2024 09:28:25,21,144,Lubelskie,95,Kardiologia,2024/022762,Rezydencki,90.24,4.47,11.09.2024 14:24:35,13,NIE,,
j-2024,12,19.11.2024,19.11.2024 09:28:25,21,144,Lubelskie,96,Kardiologia,2024/031846,Rezydencki,89.86,4.11,04.10.2024 14:03:45,13,NIE,,
j-2024,12,19.11.2024,19.11.2024 09:28:25,21,144,Lubelskie,97,Kardiologia,2024/025544,Rezydencki,89.86,3.95,27.09.2024 19:28:05,13,NIE,,
j-2024,12,19.11.2024,19.11.2024 09:28:25,21,144,Lubelskie,98,Kardiologia,2024/022812,Rezydencki,89.76,3.79,04.10.2024 14:33:15,13,NIE,,
j-2024,12,19.11.2024,19.11.2024 09:28:25,21,144,Lubelskie,99,Kardiologia,2024/028709,Rezydencki,89.27,3.98,23.09.2024 21:46:44,13,NIE,,
j-2024,12,19.11.2024,19.11.2024 09:28:25,21,144,Lubelskie,100,Kardiologia,2024/025182,Rezydencki,88.41,3.79,29.09.2024 21:26:52,13,NIE,,
j-2024,12,19.11.2024,19.11.2024 09:28:25,21,144,Lubelskie,101,Kardiologia,2024/029018,Rezydencki,87.32,3.65,24.09.2024 14:03:31,13,NIE,,
j-2024,12,19.11.2024,19.11.2024 09:28:25,21,144,Lubelskie,102,Kardiologia,2024/030723,Rezydencki,86.83,3.47,30.09.2024 14:06:12,13,NIE,,
j-2024,12,19.11.2024,19.11.2024 09:28:25,21,144,Lubelskie,103,Kardiologia,2024/028886,Rezydencki,86.76,4.40,29.09.2024 18:32:34,13,NIE,,
j-2024,12,19.11.2024,19.11.2024 09:28:25,21,144,Lubelskie,104,Kardiologia,2024/033013,Rezydencki,86.23,3.69,29.09.2024 22:56:14,13,NIE,,
j-2024,12,19.11.2024,19.11.2024 09:28:25,21,144,Lubelskie,105,Kardiologia,2024/026568,Rezydencki,86.10,3.79,25.09.2024 21:33:46,13,NIE,,
j-2024,12,19.11.2024,19.11.2024 09:28:25,21,144,Lubelskie,106,Medycyna paliatywna,2024/024655,Pozarezydencki,75.45,4.29,14.10.2024 13:56:20,3,NIE,,
j-2024,12,19.11.2024,19.11.2024 09:28:25,21,144,Lubelskie,107,Medycyna paliatywna,2024/029105,Pozarezydencki,72.02,4.05,10.10.2024 23:06:16,3,NIE,,
j-2024,12,19.11.2024,19.11.2024 09:28:25,21,144,Lubelskie,108,Medycyna paliatywna,2024/029321,Pozarezydencki,62.05,3.63,08.10.2024 21:39:34,3,NIE,,
j-2024,12,19.11.2024,19.11.2024 09:28:25,21,144,Lubelskie,109,Medycyna pracy,2024/033433,Rezydencki,82.35,3.45,04.10.2024 12:11:52,1,NIE,,
j-2024,12,19.11.2024,19.11.2024 09:28:25,21,144,Lubelskie,110,Medycyna ratunkowa,2024/022368,Rezydencki,86.27,3.79,25.09.2024 09:41:00,2,NIE,,
j-2024,12,19.11.2024,19.11.2024 09:28:25,21,144,Lubelskie,111,Medycyna ratunkowa,2024/023730,Rezydencki,86.10,4.23,27.09.2024 19:53:10,2,NIE,,
j-2024,12,19.11.2024,19.11.2024 09:28:25,21,144,Lubelskie,112,Medycyna ratunkowa,2024/025324,Pozarezydencki,66.36,0.00,25.10.2024 11:49:16,2,NIE,,
j-2024,12,19.11.2024,19.11.2024 09:28:25,21,144,Lubelskie,113,Medycyna ratunkowa,2024/023071,Pozarezydencki,53.24,0.00,15.10.2024 18:35:48,2,NIE,,
j-2024,12,19.11.2024,19.11.2024 09:28:25,21,144,Lubelskie,114,Medycyna rodzinna,2024/022309,Rezydencki,91.71,4.58,26.09.2024 09:12:58,29,NIE,,
j-2024,12,19.11.2024,19.11.2024 09:28:25,22,144,Lubelskie,115,Medycyna rodzinna,2024/032961,Rezydencki,90.73,4.30,30.09.2024 21:47:12,29,NIE,,
j-2024,12,19.11.2024,19.11.2024 09:28:25,22,144,Lubelskie,116,Medycyna rodzinna,2024/026699,Rezydencki,89.86,4.09,17.09.2024 17:17:24,29,NIE,,
j-2024,12,19.11.2024,19.11.2024 09:28:25,22,144,Lubelskie,117,Medycyna rodzinna,2024/027171,Rezydencki,89.37,4.66,23.09.2024 09:51:41,29,NIE,,
j-2024,12,19.11.2024,19.11.2024 09:28:25,22,144,Lubelskie,118,Medycyna rodzinna,2024/029850,Rezydencki,89.27,4.28,26.09.2024 13:00:49,29,NIE,,
j-2024,12,19.11.2024,19.11.2024 09:28:25,22,144,Lubelskie,119,Medycyna rodzinna,2024/023532,Rezydencki,89.27,4.00,30.09.2024 20:15:01,29,NIE,,
j-2024,12,19.11.2024,19.11.2024 09:28:25,22,144,Lubelskie,120,Medycyna rodzinna,2024/030969,Rezydencki,89.22,4.36,28.09.2024 18:46:09,29,NIE,,
j-2024,12,19.11.2024,19.11.2024 09:28:25,22,144,Lubelskie,121,Medycyna rodzinna,2024/027751,Rezydencki,88.05,4.23,09.10.2024 15:26:22,29,NIE,,
j-2024,12,19.11.2024,19.11.2024 09:28:25,22,144,Lubelskie,122,Medycyna rodzinna,2024/032263,Rezydencki,87.80,3.98,08.10.2024 22:18:11,29,NIE,,
j-2024,12,19.11.2024,19.11.2024 09:28:25,22,144,Lubelskie,123,Medycyna rodzinna,2024/027708,Rezydencki,87.80,3.72,21.09.2024 12:02:13,29,NIE,,
j-2024,12,19.11.2024,19.11.2024 09:28:25,22,144,Lubelskie,124,Medycyna rodzinna,2024/024562,Rezydencki,87.01,4.03,25.09.2024 13:50:32,29,NIE,,
j-2024,12,19.11.2024,19.11.2024 09:28:25,22,144,Lubelskie,125,Medycyna rodzinna,2024/032592,Rezydencki,86.76,3.88,07.10.2024 10:17:59,29,NIE,,
j-2024,12,19.11.2024,19.11.2024 09:28:25,22,144,Lubelskie,126,Medycyna rodzinna,2024/027410,Rezydencki,86.52,3.96,29.09.2024 20:49:23,29,NIE,,
j-2024,12,19.11.2024,19.11.2024 09:28:25,22,144,Lubelskie,127,Medycyna rodzinna,2024/033846,Rezydencki,83.57,0.00,10.10.2024 15:25:42,29,NIE,,
j-2024,12,19.11.2024,19.11.2024 09:28:25,22,144,Lubelskie,128,Medycyna rodzinna,2024/027724,Rezydencki,83.33,3.91,10.10.2024 13:10:10,29,NIE,,
j-2024,12,19.11.2024,19.11.2024 09:28:25,22,144,Lubelskie,129,Medycyna rodzinna,2024/023722,Rezydencki,82.93,3.59,27.09.2024 10:29:26,29,NIE,,
j-2024,12,19.11.2024,19.11.2024 09:28:25,22,144,Lubelskie,130,Medycyna rodzinna,2024/025641,Rezydencki,81.86,4.43,10.10.2024 09:05:17,29,NIE,,
j-2024,12,19.11.2024,19.11.2024 09:28:25,22,144,Lubelskie,131,Medycyna rodzinna,2024/033877,Rezydencki,80.92,3.32,13.10.2024 18:34:39,29,NIE,,
j-2024,12,19.11.2024,19.11.2024 09:28:25,22,144,Lubelskie,132,Medycyna rodzinna,2024/029805,Rezydencki,80.88,3.51,08.10.2024 19:33:30,29,NIE,,
j-2024,12,19.11.2024,19.11.2024 09:28:25,22,144,Lubelskie,133,Medycyna rodzinna,2024/026931,Rezydencki,79.51,3.63,26.09.2024 19:07:14,29,NIE,,
j-2024,12,19.11.2024,19.11.2024 09:28:25,22,144,Lubelskie,134,Medycyna rodzinna,2024/033015,Rezydencki,79.23,3.64,07.10.2024 12:56:54,29,NIE,,
j-2024,12,19.11.2024,19.11.2024 09:28:25,22,144,Lubelskie,135,Medycyna rodzinna,2024/032663,Rezydencki,78.43,4.08,08.10.2024 13:15:30,29,NIE,,
j-2024,12,19.11.2024,19.11.2024 09:28:25,22,144,Lubelskie,136,Medycyna rodzinna,2024/033466,Rezydencki,77.56,3.51,30.09.2024 13:01:47,29,NIE,,
j-2024,12,19.11.2024,19.11.2024 09:28:25,22,144,Lubelskie,137,Medycyna rodzinna,2024/031426,Rezydencki,77.07,3.77,28.09.2024 12:05:03,29,NIE,,
j-2024,12,19.11.2024,19.11.2024 09:28:25,22,144,Lubelskie,138,Medycyna rodzinna,2024/033439,Rezydencki,76.67,3.71,14.10.2024 09:46:56,29,NIE,,
j-2024,12,19.11.2024,19.11.2024 09:28:25,22,144,Lubelskie,139,Medycyna rodzinna,2024/030803,Rezydencki,68.60,0.00,07.10.2024 14:46:23,29,NIE,,
j-2024,12,19.11.2024,19.11.2024 09:28:25,22,144,Lubelskie,140,Medycyna rodzinna,2024/029875,Rezydencki,64.88,2.94,10.10.2024 14:02:57,29,NIE,,
j-2024,12,19.11.2024,19.11.2024 09:28:25,22,144,Lubelskie,141,Medycyna rodzinna,2024/028347,Rezydencki,64.71,3.08,08.10.2024 17:43:51,29,NIE,,
j-2024,12,19.11.2024,19.11.2024 09:28:25,22,144,Lubelskie,142,Medycyna rodzinna,2024/031504,Rezydencki,56.52,3.14,08.10.2024 08:10:24,29,NIE,,
j-2024,12,19.11.2024,19.11.2024 09:28:25,22,144,Lubelskie,143,Medycyna rodzinna,2024/029204,Pozarezydencki,87.56,4.41,29.09.2024 19:48:43,5,NIE,,
j-2024,12,19.11.2024,19.11.2024 09:28:25,22,144,Lubelskie,144,Medycyna rodzinna,2024/023823,Pozarezydencki,83.64,3.20,21.10.2024 10:46:59,5,NIE,,
j-2024,12,19.11.2024,19.11.2024 09:28:25,22,144,Lubelskie,145,Medycyna rodzinna,2024/031277,Pozarezydencki,78.34,3.82,27.09.2024 09:28:53,5,NIE,,
j-2024,12,19.11.2024,19.11.2024 09:28:25,22,144,Lubelskie,146,Medycyna rodzinna,2024/032841,Pozarezydencki,75.00,3.61,10.10.2024 14:14:31,5,NIE,,
j-2024,12,19.11.2024,19.11.2024 09:28:25,22,144,Lubelskie,147,Medycyna rodzinna,2024/031018,Pozarezydencki,70.75,0.00,09.10.2024 20:28:55,5,NIE,,
j-2024,12,19.11.2024,19.11.2024 09:28:25,22,144,Lubelskie,148,Medycyna sportowa,2024/022835,Pozarezydencki,78.55,3.13,08.10.2024 10:31:51,2,NIE,,
j-2024,12,19.11.2024,19.11.2024 09:28:25,22,144,Lubelskie,149,Medycyna sportowa,2024/026512,Pozarezydencki,75.45,3.18,15.10.2024 09:56:47,2,NIE,,
j-2024,12,19.11.2024,19.11.2024 09:28:25,22,144,Lubelskie,150,Nefrologia,2024/027339,Rezydencki,88.41,4.22,19.09.2024 16:23:42,1,NIE,,
j-2024,12,19.11.2024,19.11.2024 09:28:25,22,144,Lubelskie,151,Nefrologia,2024/023655,Pozarezydencki,75.23,4.48,16.10.2024 09:58:40,1,NIE,,
j-2024,12,19.11.2024,19.11.2024 09:28:25,22,144,Lubelskie,152,Nefrologia dziecięca,2024/032454,Pozarezydencki,80.00,0.00,12.10.2024 15:39:37,1,NIE,,
j-2024,12,19.11.2024,19.11.2024 09:28:25,23,144,Lubelskie,153,Neonatologia,2024/027957,Rezydencki,86.96,3.85,16.10.2024 09:45:28,2,NIE,,
j-2024,12,19.11.2024,19.11.2024 09:28:25,23,144,Lubelskie,154,Neonatologia,2024/028420,Rezydencki,71.01,0.00,17.10.2024 10:42:28,2,NIE,,
j-2024,12,19.11.2024,19.11.2024 09:28:25,23,144,Lubelskie,155,Neurologia,2024/032270,Rezydencki,89.86,4.53,29.09.2024 14:39:44,17,NIE,,
j-2024,12,19.11.2024,19.11.2024 09:28:25,23,144,Lubelskie,156,Neurologia,2024/031054,Rezydencki,89.86,4.20,26.09.2024 21:16:41,17,NIE,,
j-2024,12,19.11.2024,19.11.2024 09:28:25,23,144,Lubelskie,157,Neurologia,2024/029922,Rezydencki,89.13,4.06,25.09.2024 19:39:36,17,NIE,,
j-2024,12,19.11.2024,19.11.2024 09:28:25,23,144,Lubelskie,158,Neurologia,2024/033026,Rezydencki,88.78,3.82,29.09.2024 22:39:46,17,NIE,,
j-2024,12,19.11.2024,19.11.2024 09:28:25,23,144,Lubelskie,159,Neurologia,2024/023565,Rezydencki,88.73,3.97,29.09.2024 17:57:13,17,NIE,,
j-2024,12,19.11.2024,19.11.2024 09:28:25,23,144,Lubelskie,160,Neurologia,2024/026472,Rezydencki,88.65,4.53,15.10.2024 23:43:39,17,NIE,,
j-2024,12,19.11.2024,19.11.2024 09:28:25,23,144,Lubelskie,161,Neurologia,2024/032348,Rezydencki,88.24,4.12,29.09.2024 11:21:24,17,NIE,,
j-2024,12,19.11.2024,19.11.2024 09:28:25,23,144,Lubelskie,162,Neurologia,2024/028461,Rezydencki,87.80,4.06,25.09.2024 20:29:05,17,NIE,,
j-2024,12,19.11.2024,19.11.2024 09:28:25,23,144,Lubelskie,163,Neurologia,2024/026348,Rezydencki,87.44,3.60,15.10.2024 13:47:29,17,NIE,,
j-2024,12,19.11.2024,19.11.2024 09:28:25,23,144,Lubelskie,164,Neurologia,2024/027057,Rezydencki,82.84,3.47,30.09.2024 06:19:06,17,NIE,,
j-2024,12,19.11.2024,19.11.2024 09:28:25,23,144,Lubelskie,165,Neurologia,2024/026304,Rezydencki,82.84,3.31,16.09.2024 13:54:29,17,NIE,,
j-2024,12,19.11.2024,19.11.2024 09:28:25,23,144,Lubelskie,166,Neurologia,2024/031673,Rezydencki,82.13,3.84,27.09.2024 23:04:46,17,NIE,,
j-2024,12,19.11.2024,19.11.2024 09:28:25,23,144,Lubelskie,167,Neurologia,2024/033883,Rezydencki,81.43,4.20,17.10.2024 15:00:02,17,NIE,,
j-2024,12,19.11.2024,19.11.2024 09:28:25,23,144,Lubelskie,168,Neurologia,2024/024564,Rezydencki,79.51,3.43,25.09.2024 11:01:58,17,NIE,,
j-2024,12,19.11.2024,19.11.2024 09:28:25,23,144,Lubelskie,169,Neurologia,2024/028655,Rezydencki,78.74,3.62,30.09.2024 23:08:38,17,NIE,,
j-2024,12,19.11.2024,19.11.2024 09:28:25,23,144,Lubelskie,170,Neurologia,2024/029404,Rezydencki,75.12,3.34,30.09.2024 12:57:01,17,NIE,,
j-2024,12,19.11.2024,19.11.2024 09:28:25,23,144,Lubelskie,171,Neurologia,2024/032324,Rezydencki,69.57,3.11,15.10.2024 14:57:26,17,NIE,,
j-2024,12,19.11.2024,19.11.2024 09:28:25,23,144,Lubelskie,172,Okulistyka,2024/030804,Rezydencki,92.03,3.84,15.10.2024 14:48:58,4,NIE,,
j-2024,12,19.11.2024,19.11.2024 09:28:25,23,144,Lubelskie,173,Okulistyka,2024/032745,Rezydencki,89.86,3.86,20.10.2024 22:12:49,4,NIE,,
j-2024,12,19.11.2024,19.11.2024 09:28:25,23,144,Lubelskie,174,Okulistyka,2024/023507,Rezydencki,89.37,4.45,29.09.2024 22:41:44,4,NIE,,
j-2024,12,19.11.2024,19.11.2024 09:28:25,23,144,Lubelskie,175,Okulistyka,2024/033501,Rezydencki,88.24,3.54,05.10.2024 21:41:31,4,NIE,,
j-2024,12,19.11.2024,19.11.2024 09:28:25,23,144,Lubelskie,176,Onkologia i hematologia dziecięca,2024/026759,Rezydencki,61.84,0.00,10.10.2024 18:27:47,1,NIE,,
j-2024,12,19.11.2024,19.11.2024 09:28:25,23,144,Lubelskie,177,Onkologia kliniczna,2024/029007,Rezydencki,89.51,3.97,03.10.2024 12:20:51,6,NIE,,
j-2024,12,19.11.2024,19.11.2024 09:28:25,23,144,Lubelskie,178,Onkologia kliniczna,2024/032212,Rezydencki,89.37,4.02,28.09.2024 21:30:28,6,NIE,,
j-2024,12,19.11.2024,19.11.2024 09:28:25,23,144,Lubelskie,179,Onkologia kliniczna,2024/032527,Rezydencki,87.25,4.21,08.10.2024 12:15:15,6,NIE,,
j-2024,12,19.11.2024,19.11.2024 09:28:25,23,144,Lubelskie,180,Onkologia kliniczna,2024/027359,Rezydencki,86.27,3.74,04.10.2024 15:03:59,6,NIE,,
j-2024,12,19.11.2024,19.11.2024 09:28:25,23,144,Lubelskie,181,Onkologia kliniczna,2024/031182,Rezydencki,84.54,3.67,18.10.2024 16:50:38,6,NIE,,
j-2024,12,19.11.2024,19.11.2024 09:28:25,23,144,Lubelskie,182,Onkologia kliniczna,2024/030246,Rezydencki,83.41,3.53,29.09.2024 21:36:50,6,NIE,,
j-2024,12,19.11.2024,19.11.2024 09:28:25,23,144,Lubelskie,183,Onkologia kliniczna,2024/025338,Pozarezydencki,75.94,4.31,15.10.2024 20:31:06,1,NIE,,
j-2024,12,19.11.2024,19.11.2024 09:28:25,23,144,Lubelskie,184,Ortodoncja,2024/031180,Rezydencki,89.18,4.41,29.09.2024 23:57:35,5,NIE,,
j-2024,12,19.11.2024,19.11.2024 09:28:25,23,144,Lubelskie,185,Ortodoncja,2024/032456,Rezydencki,88.52,4.33,29.09.2024 14:42:17,5,NIE,,
j-2024,12,19.11.2024,19.11.2024 09:28:25,23,144,Lubelskie,186,Ortodoncja,2024/024251,Rezydencki,87.44,4.45,06.09.2024 20:53:17,5,NIE,,
j-2024,12,19.11.2024,19.11.2024 09:28:25,23,144,Lubelskie,187,Ortodoncja,2024/027470,Rezydencki,86.06,3.93,30.09.2024 10:39:39,5,NIE,,
j-2024,12,19.11.2024,19.11.2024 09:28:25,23,144,Lubelskie,188,Ortodoncja,2024/024006,Rezydencki,85.89,4.81,19.09.2024 19:03:28,5,NIE,,
j-2024,12,19.11.2024,19.11.2024 09:28:25,23,144,Lubelskie,189,Ortopedia i traumatologia narządu ruchu,2024/030042,Rezydencki,88.89,4.50,04.10.2024 13:42:15,20,NIE,,
j-2024,12,19.11.2024,19.11.2024 09:28:25,23,144,Lubelskie,190,Ortopedia i traumatologia narządu ruchu,2024/030497,Rezydencki,87.50,3.79,26.09.2024 13:15:35,20,NIE,,
j-2024,12,19.11.2024,19.11.2024 09:28:25,24,144,Lubelskie,191,Ortopedia i traumatologia narządu ruchu,2024/029643,Rezydencki,87.44,3.88,04.10.2024 10:14:30,20,NIE,,
j-2024,12,19.11.2024,19.11.2024 09:28:25,24,144,Lubelskie,192,Ortopedia i traumatologia narządu ruchu,2024/031724,Rezydencki,87.25,0.00,13.10.2024 11:14:45,20,NIE,,
j-2024,12,19.11.2024,19.11.2024 09:28:25,24,144,Lubelskie,193,Ortopedia i traumatologia narządu ruchu,2024/028006,Rezydencki,85.29,4.11,04.10.2024 10:34:57,20,NIE,,
j-2024,12,19.11.2024,19.11.2024 09:28:25,24,144,Lubelskie,194,Ortopedia i traumatologia narządu ruchu,2024/032820,Rezydencki,84.54,3.85,30.09.2024 17:37:18,20,NIE,,
j-2024,12,19.11.2024,19.11.2024 09:28:25,24,144,Lubelskie,195,Ortopedia i traumatologia narządu ruchu,2024/024077,Rezydencki,84.31,4.26,27.09.2024 17:17:28,20,NIE,,
j-2024,12,19.11.2024,19.11.2024 09:28:25,24,144,Lubelskie,196,Ortopedia i traumatologia narządu ruchu,2024/030979,Rezydencki,84.06,4.13,04.10.2024 10:36:54,20,NIE,,
j-2024,12,19.11.2024,19.11.2024 09:28:25,24,144,Lubelskie,197,Ortopedia i traumatologia narządu ruchu,2024/024750,Rezydencki,84.06,3.75,07.10.2024 18:32:33,20,NIE,,
j-2024,12,19.11.2024,19.11.2024 09:28:25,24,144,Lubelskie,198,Ortopedia i traumatologia narządu ruchu,2024/027950,Rezydencki,83.09,0.00,30.09.2024 22:01:22,20,NIE,,
j-2024,12,19.11.2024,19.11.2024 09:28:25,24,144,Lubelskie,199,Ortopedia i traumatologia narządu ruchu,2024/024602,Rezydencki,82.37,3.82,24.09.2024 08:39:15,20,NIE,,
j-2024,12,19.11.2024,19.11.2024 09:28:25,24,144,Lubelskie,200,Ortopedia i traumatologia narządu ruchu,2024/024275,Rezydencki,81.86,3.30,30.09.2024 07:23:26,20,NIE,,
j-2024,12,19.11.2024,19.11.2024 09:28:25,24,144,Lubelskie,201,Ortopedia i traumatologia narządu ruchu,2024/031668,Rezydencki,81.62,3.70,27.09.2024 22:24:46,20,NIE,,
j-2024,12,19.11.2024,19.11.2024 09:28:25,24,144,Lubelskie,202,Ortopedia i traumatologia narządu ruchu,2024/029095,Rezydencki,81.37,3.18,12.10.2024 10:53:17,20,NIE,,
j-2024,12,19.11.2024,19.11.2024 09:28:25,24,144,Lubelskie,203,Ortopedia i traumatologia narządu ruchu,2024/033408,Rezydencki,75.98,3.37,30.09.2024 12:12:51,20,NIE,,
j-2024,12,19.11.2024,19.11.2024 09:28:25,24,144,Lubelskie,204,Ortopedia i traumatologia narządu ruchu,2024/028615,Rezydencki,75.00,3.13,26.09.2024 12:52:48,20,NIE,,
j-2024,12,19.11.2024,19.11.2024 09:28:25,24,144,Lubelskie,205,Ortopedia i traumatologia narządu ruchu,2024/030047,Rezydencki,74.51,3.78,29.09.2024 15:17:26,20,NIE,,
j-2024,12,19.11.2024,19.11.2024 09:28:25,24,144,Lubelskie,206,Ortopedia i traumatologia narządu ruchu,2024/027353,Rezydencki,73.04,3.06,15.10.2024 15:42:37,20,NIE,,
j-2024,12,19.11.2024,19.11.2024 09:28:25,24,144,Lubelskie,207,Ortopedia i traumatologia narządu ruchu,2024/033061,Rezydencki,70.05,3.35,30.09.2024 14:22:23,20,NIE,,
j-2024,12,19.11.2024,19.11.2024 09:28:25,24,144,Lubelskie,208,Ortopedia i traumatologia narządu ruchu,2024/034077,Rezydencki,64.98,3.24,15.10.2024 23:25:14,20,NIE,,
j-2024,12,19.11.2024,19.11.2024 09:28:25,24,144,Lubelskie,209,Otorynolaryngologia,2024/024436,Pozarezydencki,81.63,0.00,13.10.2024 19:30:49,1,NIE,,
j-2024,12,19.11.2024,19.11.2024 09:28:25,24,144,Lubelskie,210,Otorynolaryngologia dziecięca,2024/031736,Rezydencki,86.47,3.94,07.10.2024 08:42:56,2,NIE,,
j-2024,12,19.11.2024,19.11.2024 09:28:25,24,144,Lubelskie,211,Otorynolaryngologia dziecięca,2024/028628,Rezydencki,86.23,4.29,29.09.2024 13:41:41,2,NIE,,
j-2024,12,19.11.2024,19.11.2024 09:28:25,24,144,Lubelskie,212,Patomorfologia,2024/028358,Rezydencki,80.68,3.28,06.10.2024 13:09:16,2,NIE,,
j-2024,12,19.11.2024,19.11.2024 09:28:25,24,144,Lubelskie,213,Patomorfologia,2024/026896,Rezydencki,80.39,3.49,04.10.2024 12:27:32,2,NIE,,
j-2024,12,19.11.2024,19.11.2024 09:28:25,24,144,Lubelskie,214,Pediatria,2024/027946,Rezydencki,93.87,4.28,08.10.2024 10:49:14,14,NIE,,
j-2024,12,19.11.2024,19.11.2024 09:28:25,24,144,Lubelskie,215,Pediatria,2024/028726,Rezydencki,91.67,4.17,28.09.2024 11:02:34,14,NIE,,
j-2024,12,19.11.2024,19.11.2024 09:28:25,24,144,Lubelskie,216,Pediatria,2024/029107,Rezydencki,90.73,4.30,25.09.2024 18:24:22,14,NIE,,
j-2024,12,19.11.2024,19.11.2024 09:28:25,24,144,Lubelskie,217,Pediatria,2024/032356,Rezydencki,89.95,4.22,07.10.2024 14:50:59,14,NIE,,
j-2024,12,19.11.2024,19.11.2024 09:28:25,24,144,Lubelskie,218,Pediatria,2024/027187,Rezydencki,89.95,4.20,30.09.2024 21:51:09,14,NIE,,
j-2024,12,19.11.2024,19.11.2024 09:28:25,24,144,Lubelskie,219,Pediatria,2024/022811,Rezydencki,89.37,4.25,30.09.2024 21:44:15,14,NIE,,
j-2024,12,19.11.2024,19.11.2024 09:28:25,24,144,Lubelskie,220,Pediatria,2024/033150,Rezydencki,89.27,3.93,30.09.2024 01:16:31,14,NIE,,
j-2024,12,19.11.2024,19.11.2024 09:28:25,24,144,Lubelskie,221,Pediatria,2024/027629,Rezydencki,88.97,4.03,10.10.2024 12:11:21,14,NIE,,
j-2024,12,19.11.2024,19.11.2024 09:28:25,24,144,Lubelskie,222,Pediatria,2024/029672,Rezydencki,88.73,3.60,07.10.2024 11:20:50,14,NIE,,
j-2024,12,19.11.2024,19.11.2024 09:28:25,24,144,Lubelskie,223,Pediatria,2024/032046,Rezydencki,88.05,4.30,30.09.2024 17:51:04,14,NIE,,
j-2024,12,19.11.2024,19.11.2024 09:28:25,24,144,Lubelskie,224,Pediatria,2024/022629,Rezydencki,87.80,3.76,08.10.2024 10:31:39,14,NIE,,
j-2024,12,19.11.2024,19.11.2024 09:28:25,24,144,Lubelskie,225,Pediatria,2024/025037,Rezydencki,87.25,4.46,04.10.2024 10:05:31,14,NIE,,
j-2024,12,19.11.2024,19.11.2024 09:28:25,24,144,Lubelskie,226,Pediatria,2024/033522,Rezydencki,82.61,3.98,07.10.2024 11:20:03,14,NIE,,
j-2024,12,19.11.2024,19.11.2024 09:28:25,24,144,Lubelskie,227,Pediatria,2024/031369,Rezydencki,76.72,3.82,27.09.2024 12:19:44,14,NIE,,
j-2024,12,19.11.2024,19.11.2024 09:28:25,24,144,Lubelskie,228,Pediatria,2024/022398,Pozarezydencki,84.55,0.00,15.10.2024 14:56:49,4,NIE,,
j-2024,12,19.11.2024,19.11.2024 09:28:25,25,144,Lubelskie,229,Pediatria,2024/026088,Pozarezydencki,74.42,3.81,16.10.2024 18:45:48,4,NIE,,
j-2024,12,19.11.2024,19.11.2024 09:28:25,25,144,Lubelskie,230,Pediatria,2024/029026,Pozarezydencki,72.02,4.50,09.10.2024 15:26:05,4,NIE,,
j-2024,12,19.11.2024,19.11.2024 09:28:25,25,144,Lubelskie,231,Pediatria,2024/027147,Pozarezydencki,59.26,0.00,12.10.2024 20:44:56,4,NIE,,
j-2024,12,19.11.2024,19.11.2024 09:28:25,25,144,Lubelskie,232,Periodontologia,2024/022877,Rezydencki,85.24,4.22,08.10.2024 16:21:47,2,NIE,,
j-2024,12,19.11.2024,19.11.2024 09:28:25,25,144,Lubelskie,233,Periodontologia,2024/028449,Rezydencki,84.47,4.53,08.10.2024 10:13:36,2,NIE,,
j-2024,12,19.11.2024,19.11.2024 09:28:25,25,144,Lubelskie,234,Położnictwo i ginekologia,2024/025968,Rezydencki,90.24,4.14,08.10.2024 10:57:45,7,NIE,,
j-2024,12,19.11.2024,19.11.2024 09:28:25,25,144,Lubelskie,235,Położnictwo i ginekologia,2024/023218,Rezydencki,89.27,4.39,27.09.2024 00:39:02,7,NIE,,
j-2024,12,19.11.2024,19.11.2024 09:28:25,25,144,Lubelskie,236,Położnictwo i ginekologia,2024/026221,Rezydencki,89.22,3.98,11.10.2024 16:41:01,7,NIE,,
j-2024,12,19.11.2024,19.11.2024 09:28:25,25,144,Lubelskie,237,Położnictwo i ginekologia,2024/032996,Rezydencki,88.24,3.45,29.09.2024 22:48:15,7,NIE,,
j-2024,12,19.11.2024,19.11.2024 09:28:25,25,144,Lubelskie,238,Położnictwo i ginekologia,2024/033900,Rezydencki,86.34,3.33,30.09.2024 21:37:13,7,NIE,,
j-2024,12,19.11.2024,19.11.2024 09:28:25,25,144,Lubelskie,239,Położnictwo i ginekologia,2024/023337,Rezydencki,84.80,3.57,19.09.2024 03:21:41,7,NIE,,
j-2024,12,19.11.2024,19.11.2024 09:28:25,25,144,Lubelskie,240,Położnictwo i ginekologia,2024/033574,Rezydencki,83.57,3.38,10.10.2024 16:07:55,7,NIE,,
j-2024,12,19.11.2024,19.11.2024 09:28:25,25,144,Lubelskie,241,Położnictwo i ginekologia,2024/025071,Pozarezydencki,79.53,3.76,08.10.2024 19:55:26,1,NIE,,
j-2024,12,19.11.2024,19.11.2024 09:28:25,25,144,Lubelskie,242,Psychiatria,2024/030963,Rezydencki,91.79,4.45,26.09.2024 20:23:51,15,NIE,,
j-2024,12,19.11.2024,19.11.2024 09:28:25,25,144,Lubelskie,243,Psychiatria,2024/030539,Rezydencki,90.69,4.55,11.10.2024 20:58:05,15,NIE,,
j-2024,12,19.11.2024,19.11.2024 09:28:25,25,144,Lubelskie,244,Psychiatria,2024/023731,Rezydencki,89.37,3.98,04.09.2024 15:51:35,15,NIE,,
j-2024,12,19.11.2024,19.11.2024 09:28:25,25,144,Lubelskie,245,Psychiatria,2024/029090,Rezydencki,88.89,3.77,25.09.2024 17:15:56,15,NIE,,
j-2024,12,19.11.2024,19.11.2024 09:28:25,25,144,Lubelskie,246,Psychiatria,2024/032572,Rezydencki,88.78,3.92,30.09.2024 23:08:03,15,NIE,,
j-2024,12,19.11.2024,19.11.2024 09:28:25,25,144,Lubelskie,247,Psychiatria,2024/027116,Rezydencki,87.25,3.70,11.10.2024 22:04:26,15,NIE,,
j-2024,12,19.11.2024,19.11.2024 09:28:25,25,144,Lubelskie,248,Psychiatria,2024/028175,Rezydencki,86.96,4.11,09.10.2024 13:00:17,15,NIE,,
j-2024,12,19.11.2024,19.11.2024 09:28:25,25,144,Lubelskie,249,Psychiatria,2024/023180,Rezydencki,86.59,3.98,11.09.2024 19:48:27,15,NIE,,
j-2024,12,19.11.2024,19.11.2024 09:28:25,25,144,Lubelskie,250,Psychiatria,2024/030628,Rezydencki,86.52,3.61,28.09.2024 12:07:08,15,NIE,,
j-2024,12,19.11.2024,19.11.2024 09:28:25,25,144,Lubelskie,251,Psychiatria,2024/031468,Rezydencki,85.99,3.39,30.09.2024 23:01:17,15,NIE,,
j-2024,12,19.11.2024,19.11.2024 09:28:25,25,144,Lubelskie,252,Psychiatria,2024/025862,Rezydencki,83.33,3.65,10.10.2024 22:21:51,15,NIE,,
j-2024,12,19.11.2024,19.11.2024 09:28:25,25,144,Lubelskie,253,Psychiatria,2024/033735,Rezydencki,83.09,4.00,14.10.2024 20:26:08,15,NIE,,
j-2024,12,19.11.2024,19.11.2024 09:28:25,25,144,Lubelskie,254,Psychiatria,2024/025969,Rezydencki,81.95,3.34,10.10.2024 10:13:12,15,NIE,,
j-2024,12,19.11.2024,19.11.2024 09:28:25,25,144,Lubelskie,255,Psychiatria,2024/032623,Rezydencki,81.86,3.98,30.09.2024 19:50:54,15,NIE,,
j-2024,12,19.11.2024,19.11.2024 09:28:25,25,144,Lubelskie,256,Psychiatria,2024/033044,Rezydencki,81.37,3.85,09.10.2024 22:41:12,15,NIE,,
j-2024,12,19.11.2024,19.11.2024 09:28:25,25,144,Lubelskie,257,Psychiatria,2024/027832,Pozarezydencki,71.56,4.44,23.10.2024 10:14:16,1,NIE,,
j-2024,12,19.11.2024,19.11.2024 09:28:25,25,144,Lubelskie,258,Psychiatria dzieci i młodzieży,2024/024038,Rezydencki,92.27,4.30,05.09.2024 19:04:03,2,NIE,,
j-2024,12,19.11.2024,19.11.2024 09:28:25,25,144,Lubelskie,259,Psychiatria dzieci i młodzieży,2024/026806,Rezydencki,84.54,4.05,27.09.2024 11:25:34,2,NIE,,
j-2024,12,19.11.2024,19.11.2024 09:28:25,25,144,Lubelskie,260,Psychiatria dzieci i młodzieży,2024/029004,Pozarezydencki,80.00,4.38,09.10.2024 15:09:32,2,NIE,,
j-2024,12,19.11.2024,19.11.2024 09:28:25,25,144,Lubelskie,261,Psychiatria dzieci i młodzieży,2024/023136,Pozarezydencki,75.45,3.81,15.10.2024 08:41:30,2,NIE,,
j-2024,12,19.11.2024,19.11.2024 09:28:25,25,144,Lubelskie,262,Radiologia i diagnostyka obrazowa,2024/029929,Rezydencki,91.91,4.50,30.09.2024 21:49:35,27,NIE,,
j-2024,12,19.11.2024,19.11.2024 09:28:25,25,144,Lubelskie,263,Radiologia i diagnostyka obrazowa,2024/030909,Rezydencki,89.71,4.06,30.09.2024 13:54:39,27,NIE,,
j-2024,12,19.11.2024,19.11.2024 09:28:25,25,144,Lubelskie,264,Radiologia i diagnostyka obrazowa,2024/027858,Rezydencki,88.73,4.19,26.09.2024 14:36:59,27,NIE,,
j-2024,12,19.11.2024,19.11.2024 09:28:25,25,144,Lubelskie,265,Radiologia i diagnostyka obrazowa,2024/027106,Rezydencki,88.65,4.29,30.09.2024 18:16:46,27,NIE,,
j-2024,12,19.11.2024,19.11.2024 09:28:25,25,144,Lubelskie,266,Radiologia i diagnostyka obrazowa,2024/032299,Rezydencki,88.41,4.31,30.09.2024 18:42:19,27,NIE,,
j-2024,12,19.11.2024,19.11.2024 09:28:25,26,144,Lubelskie,267,Radiologia i diagnostyka obrazowa,2024/022447,Rezydencki,88.16,3.66,08.10.2024 14:15:32,27,NIE,,
j-2024,12,19.11.2024,19.11.2024 09:28:25,26,144,Lubelskie,268,Radiologia i diagnostyka obrazowa,2024/028747,Rezydencki,87.25,3.88,30.09.2024 22:39:52,27,NIE,,
j-2024,12,19.11.2024,19.11.2024 09:28:25,26,144,Lubelskie,269,Radiologia i diagnostyka obrazowa,2024/029356,Rezydencki,86.96,4.06,26.09.2024 21:49:18,27,NIE,,
j-2024,12,19.11.2024,19.11.2024 09:28:25,26,144,Lubelskie,270,Radiologia i diagnostyka obrazowa,2024/031823,Rezydencki,86.96,3.92,29.09.2024 23:59:37,27,NIE,,
j-2024,12,19.11.2024,19.11.2024 09:28:25,26,144,Lubelskie,271,Radiologia i diagnostyka obrazowa,2024/033502,Rezydencki,86.96,3.82,30.09.2024 13:30:48,27,NIE,,
j-2024,12,19.11.2024,19.11.2024 09:28:25,26,144,Lubelskie,272,Radiologia i diagnostyka obrazowa,2024/030371,Rezydencki,86.83,3.88,19.10.2024 18:35:18,27,NIE,,
j-2024,12,19.11.2024,19.11.2024 09:28:25,26,144,Lubelskie,273,Radiologia i diagnostyka obrazowa,2024/031867,Rezydencki,86.76,4.16,29.09.2024 20:55:12,27,NIE,,
j-2024,12,19.11.2024,19.11.2024 09:28:25,26,144,Lubelskie,274,Radiologia i diagnostyka obrazowa,2024/031199,Rezydencki,85.85,3.94,30.09.2024 22:04:14,27,NIE,,
j-2024,12,19.11.2024,19.11.2024 09:28:25,26,144,Lubelskie,275,Radiologia i diagnostyka obrazowa,2024/029313,Rezydencki,85.78,3.72,29.09.2024 17:09:11,27,NIE,,
j-2024,12,19.11.2024,19.11.2024 09:28:25,26,144,Lubelskie,276,Radiologia i diagnostyka obrazowa,2024/026529,Rezydencki,85.75,3.51,30.09.2024 16:28:58,27,NIE,,
j-2024,12,19.11.2024,19.11.2024 09:28:25,26,144,Lubelskie,277,Radiologia i diagnostyka obrazowa,2024/025143,Rezydencki,85.61,3.95,30.09.2024 14:08:09,27,NIE,,
j-2024,12,19.11.2024,19.11.2024 09:28:25,26,144,Lubelskie,278,Radiologia i diagnostyka obrazowa,2024/028855,Rezydencki,85.29,3.89,26.09.2024 00:42:38,27,NIE,,
j-2024,12,19.11.2024,19.11.2024 09:28:25,26,144,Lubelskie,279,Radiologia i diagnostyka obrazowa,2024/032366,Rezydencki,85.29,3.23,29.09.2024 11:33:23,27,NIE,,
j-2024,12,19.11.2024,19.11.2024 09:28:25,26,144,Lubelskie,280,Radiologia i diagnostyka obrazowa,2024/032995,Rezydencki,85.27,3.64,29.09.2024 22:27:08,27,NIE,,
j-2024,12,19.11.2024,19.11.2024 09:28:25,26,144,Lubelskie,281,Radiologia i diagnostyka obrazowa,2024/029577,Rezydencki,85.02,4.32,29.09.2024 22:53:40,27,NIE,,
j-2024,12,19.11.2024,19.11.2024 09:28:25,26,144,Lubelskie,282,Radiologia i diagnostyka obrazowa,2024/031641,Rezydencki,84.80,4.39,11.10.2024 22:06:15,27,NIE,,
j-2024,12,19.11.2024,19.11.2024 09:28:25,26,144,Lubelskie,283,Radiologia i diagnostyka obrazowa,2024/032787,Rezydencki,84.54,4.03,30.09.2024 20:05:53,27,NIE,,
j-2024,12,19.11.2024,19.11.2024 09:28:25,26,144,Lubelskie,284,Radiologia i diagnostyka obrazowa,2024/028665,Rezydencki,84.54,3.56,25.09.2024 16:54:55,27,NIE,,
j-2024,12,19.11.2024,19.11.2024 09:28:25,26,144,Lubelskie,285,Radiologia i diagnostyka obrazowa,2024/027553,Rezydencki,84.39,4.11,30.09.2024 22:26:20,27,NIE,,
j-2024,12,19.11.2024,19.11.2024 09:28:25,26,144,Lubelskie,286,Radiologia i diagnostyka obrazowa,2024/033115,Rezydencki,84.31,3.68,11.10.2024 12:32:04,27,NIE,,
j-2024,12,19.11.2024,19.11.2024 09:28:25,26,144,Lubelskie,287,Radiologia i diagnostyka obrazowa,2024/029973,Rezydencki,84.31,3.39,26.09.2024 11:37:25,27,NIE,,
j-2024,12,19.11.2024,19.11.2024 09:28:25,26,144,Lubelskie,288,Radiologia i diagnostyka obrazowa,2024/033469,Rezydencki,84.06,3.72,17.10.2024 11:06:00,27,NIE,,
j-2024,12,19.11.2024,19.11.2024 09:28:25,26,144,Lubelskie,289,Radiologia i diagnostyka obrazowa,2024/029132,Pozarezydencki,80.88,3.33,07.10.2024 11:26:23,4,NIE,,
j-2024,12,19.11.2024,19.11.2024 09:28:25,26,144,Lubelskie,290,Radiologia i diagnostyka obrazowa,2024/030811,Pozarezydencki,80.18,3.12,30.09.2024 17:16:42,4,NIE,,
j-2024,12,19.11.2024,19.11.2024 09:28:25,26,144,Lubelskie,291,Radiologia i diagnostyka obrazowa,2024/029535,Pozarezydencki,78.14,3.65,10.10.2024 12:40:07,4,NIE,,
j-2024,12,19.11.2024,19.11.2024 09:28:25,26,144,Lubelskie,292,Radiologia i diagnostyka obrazowa,2024/022691,Pozarezydencki,77.88,3.96,29.09.2024 19:28:20,4,NIE,,
j-2024,12,19.11.2024,19.11.2024 09:28:25,26,144,Lubelskie,293,Radioterapia onkologiczna,2024/022921,Rezydencki,80.92,2.94,04.10.2024 16:46:43,1,NIE,,
j-2024,12,19.11.2024,19.11.2024 09:28:25,26,144,Lubelskie,294,Rehabilitacja medyczna,2024/028641,Rezydencki,80.98,3.90,24.09.2024 20:13:40,1,NIE,,
j-2024,12,19.11.2024,19.11.2024 09:28:25,26,144,Lubelskie,295,Rehabilitacja medyczna,2024/028895,Pozarezydencki,75.45,0.00,25.10.2024 09:03:08,2,NIE,,
j-2024,12,19.11.2024,19.11.2024 09:28:25,26,144,Lubelskie,296,Rehabilitacja medyczna,2024/026793,Pozarezydencki,0.45,3.59,14.10.2024 19:16:08,2,NIE,,
j-2024,12,19.11.2024,19.11.2024 09:28:25,26,144,Lubelskie,297,Reumatologia,2024/022363,Rezydencki,89.22,3.89,13.09.2024 15:12:41,3,NIE,,
j-2024,12,19.11.2024,19.11.2024 09:28:25,26,144,Lubelskie,298,Reumatologia,2024/023853,Rezydencki,89.13,4.27,06.10.2024 09:21:36,3,NIE,,
j-2024,12,19.11.2024,19.11.2024 09:28:25,26,144,Lubelskie,299,Reumatologia,2024/033071,Rezydencki,88.89,3.94,30.09.2024 18:56:46,3,NIE,,
j-2024,12,19.11.2024,19.11.2024 09:28:25,26,144,Lubelskie,300,Reumatologia,2024/025983,Pozarezydencki,77.10,4.03,28.09.2024 18:47:48,2,NIE,,
j-2024,12,19.11.2024,19.11.2024 09:28:25,26,144,Lubelskie,301,Reumatologia,2024/032075,Pozarezydencki,71.50,3.84,11.10.2024 14:08:15,2,NIE,,
j-2024,12,19.11.2024,19.11.2024 09:28:25,26,144,Lubelskie,302,Stomatologia dziecięca,2024/022676,Rezydencki,83.74,4.55,30.09.2024 18:46:39,1,NIE,,
j-2024,12,19.11.2024,19.11.2024 09:28:25,26,144,Lubelskie,303,Stomatologia zachowawcza z endodoncją,2024/026182,Rezydencki,78.10,3.56,08.10.2024 16:39:21,1,NIE,,
j-2024,12,19.11.2024,19.11.2024 09:28:25,26,144,Lubelskie,304,Transplantologia kliniczna,2024/033763,Pozarezydencki,82.73,3.73,25.10.2024 13:38:05,3,NIE,,
j-2024,12,19.11.2024,19.11.2024 09:28:25,27,144,Lubelskie,305,Transplantologia kliniczna,2024/025982,Pozarezydencki,71.36,0.00,15.10.2024 11:01:46,3,NIE,,
j-2024,12,19.11.2024,19.11.2024 09:28:25,27,144,Lubelskie,306,Transplantologia kliniczna,2024/030433,Pozarezydencki,70.91,0.00,16.10.2024 21:28:04,3,NIE,,
j-2024,12,19.11.2024,19.11.2024 09:28:25,27,144,Lubelskie,307,Urologia,2024/027644,Rezydencki,92.68,4.45,28.09.2024 12:03:44,5,NIE,,
j-2024,12,19.11.2024,19.11.2024 09:28:25,27,144,Lubelskie,308,Urologia,2024/022883,Rezydencki,88.97,3.67,30.09.2024 13:39:56,5,NIE,,
j-2024,12,19.11.2024,19.11.2024 09:28:25,27,144,Lubelskie,309,Urologia,2024/023423,Rezydencki,86.76,3.81,30.09.2024 22:43:33,5,NIE,,
j-2024,12,19.11.2024,19.11.2024 09:28:25,27,144,Lubelskie,310,Urologia,2024/025396,Rezydencki,85.54,3.88,30.09.2024 16:56:32,5,NIE,,
j-2024,12,19.11.2024,19.11.2024 09:28:25,27,144,Lubelskie,311,Urologia,2024/030756,Rezydencki,85.29,3.44,28.09.2024 10:17:27,5,NIE,,
j-2024,12,19.11.2024,19.11.2024 09:28:25,27,144,Lubelskie,1,Neurochirurgia,2024/023058,Rezydencki,86.47,3.38,02.09.2024 16:34:11,1,TAK,Samodzielny Publiczny Szpital Kliniczny nr 4 w Lublinie,Kliniczny Oddział Neurochirurgii i Neurochirurgii Dziecięcej
j-2024,12,19.11.2024,19.11.2024 09:28:25,27,144,Lubelskie,1,Okulistyka,2024/026204,Rezydencki,87.44,3.61,30.09.2024 19:37:05,1,TAK,UNIWERSYTECKI SZPITAL KLINICZNY NR 1 W LUBLINIE,Klinika Okulistyki Ogolnej
j-2024,12,19.11.2024,19.11.2024 09:28:25,27,144,Lubelskie,1,Radiologia i diagnostyka obrazowa,2024/023020,Rezydencki,91.30,4.45,30.09.2024 18:54:33,1,TAK,UNIWERSYTECKI SZPITAL KLINICZNY NR 4 W LUBLINIE,Zakład Radiologii Zabiegowej i Neuroradiologii
j-2024,12,19.11.2024,19.11.2024 09:28:25,27,144,Lubelskie,1,Neurologia,2024/024483,Rezydencki,77.32,3.78,17.10.2024 09:57:53,1,TAK,UNIWERSYTECKI SZPITAL KLINICZNY NR 4 W LUBLINIE,Kliniczny Oddział Neurologii
j-2024,12,19.11.2024,19.11.2024 09:28:25,27,144,Lubuskie,1,Anestezjologia i intensywna terapia,2024/030157,Rezydencki,87.01,4.15,30.09.2024 13:56:40,8,NIE,,
j-2024,12,19.11.2024,19.11.2024 09:28:25,27,144,Lubuskie,2,Anestezjologia i intensywna terapia,2024/024346,Rezydencki,83.57,3.62,07.09.2024 19:58:32,8,NIE,,
j-2024,12,19.11.2024,19.11.2024 09:28:25,27,144,Lubuskie,3,Anestezjologia i intensywna terapia,2024/023446,Rezydencki,83.33,4.24,24.09.2024 17:52:55,8,NIE,,
j-2024,12,19.11.2024,19.11.2024 09:28:25,27,144,Lubuskie,4,Anestezjologia i intensywna terapia,2024/030395,Rezydencki,79.17,4.43,28.09.2024 08:58:22,8,NIE,,
j-2024,12,19.11.2024,19.11.2024 09:28:25,27,144,Lubuskie,5,Anestezjologia i intensywna terapia,2024/032986,Rezydencki,78.43,3.14,29.09.2024 22:23:25,8,NIE,,
j-2024,12,19.11.2024,19.11.2024 09:28:25,27,144,Lubuskie,6,Anestezjologia i intensywna terapia,2024/031809,Rezydencki,75.00,3.59,27.09.2024 22:26:28,8,NIE,,
j-2024,12,19.11.2024,19.11.2024 09:28:25,27,144,Lubuskie,7,Anestezjologia i intensywna terapia,2024/029300,Rezydencki,71.57,3.26,29.09.2024 21:47:42,8,NIE,,
j-2024,12,19.11.2024,19.11.2024 09:28:25,27,144,Lubuskie,8,Anestezjologia i intensywna terapia,2024/027633,Rezydencki,65.69,4.03,15.10.2024 12:27:01,8,NIE,,
j-2024,12,19.11.2024,19.11.2024 09:28:25,27,144,Lubuskie,9,Chirurgia dziecięca,2024/026714,Rezydencki,82.61,4.11,25.09.2024 20:53:12,3,NIE,,
j-2024,12,19.11.2024,19.11.2024 09:28:25,27,144,Lubuskie,10,Chirurgia dziecięca,2024/030230,Rezydencki,79.47,4.08,25.09.2024 23:04:03,3,NIE,,
j-2024,12,19.11.2024,19.11.2024 09:28:25,28,144,Lubuskie,11,Chirurgia dziecięca,2024/022439,Rezydencki,75.98,3.97,17.09.2024 21:37:13,3,NIE,,
j-2024,12,19.11.2024,19.11.2024 09:28:25,28,144,Lubuskie,12,Chirurgia naczyniowa,2024/024552,Rezydencki,90.93,4.54,29.09.2024 22:15:26,2,NIE,,
j-2024,12,19.11.2024,19.11.2024 09:28:25,28,144,Lubuskie,13,Chirurgia naczyniowa,2024/031011,Rezydencki,70.53,3.23,29.09.2024 11:04:24,2,NIE,,
j-2024,12,19.11.2024,19.11.2024 09:28:25,28,144,Lubuskie,14,Chirurgia ogólna,2024/029890,Rezydencki,84.39,3.92,25.09.2024 18:17:09,3,NIE,,
j-2024,12,19.11.2024,19.11.2024 09:28:25,28,144,Lubuskie,15,Chirurgia ogólna,2024/024034,Rezydencki,81.64,4.12,05.09.2024 21:18:02,3,NIE,,
j-2024,12,19.11.2024,19.11.2024 09:28:25,28,144,Lubuskie,16,Chirurgia ogólna,2024/022457,Rezydencki,73.43,4.07,04.09.2024 14:33:49,3,NIE,,
j-2024,12,19.11.2024,19.11.2024 09:28:25,28,144,Lubuskie,17,Chirurgia onkologiczna,2024/024936,Pozarezydencki,84.55,3.83,16.10.2024 21:39:45,2,NIE,,
j-2024,12,19.11.2024,19.11.2024 09:28:25,28,144,Lubuskie,18,Chirurgia onkologiczna,2024/024636,Pozarezydencki,76.59,3.90,08.10.2024 12:01:31,2,NIE,,
j-2024,12,19.11.2024,19.11.2024 09:28:25,28,144,Lubuskie,19,Choroby płuc,2024/027915,Rezydencki,82.85,4.35,27.09.2024 17:11:17,2,NIE,,
j-2024,12,19.11.2024,19.11.2024 09:28:25,28,144,Lubuskie,20,Choroby płuc,2024/033152,Rezydencki,81.13,3.88,30.09.2024 17:42:21,2,NIE,,
j-2024,12,19.11.2024,19.11.2024 09:28:25,28,144,Lubuskie,21,Choroby wewnętrzne,2024/024474,Rezydencki,85.51,4.13,23.09.2024 22:30:51,2,NIE,,
j-2024,12,19.11.2024,19.11.2024 09:28:25,28,144,Lubuskie,22,Choroby wewnętrzne,2024/024056,Rezydencki,80.88,4.06,14.09.2024 11:54:18,2,NIE,,
j-2024,12,19.11.2024,19.11.2024 09:28:25,28,144,Lubuskie,23,Choroby wewnętrzne,2024/026415,Pozarezydencki,55.96,0.00,11.10.2024 20:49:04,1,NIE,,
j-2024,12,19.11.2024,19.11.2024 09:28:25,28,144,Lubuskie,24,Endokrynologia,2024/030191,Rezydencki,90.98,3.67,19.10.2024 15:10:04,1,NIE,,
j-2024,12,19.11.2024,19.11.2024 09:28:25,28,144,Lubuskie,25,Endokrynologia,2024/022951,Pozarezydencki,83.64,3.91,28.10.2024 09:05:06,1,NIE,,
j-2024,12,19.11.2024,19.11.2024 09:28:25,28,144,Lubuskie,26,Gastroenterologia,2024/033437,Pozarezydencki,71.36,4.27,30.09.2024 12:59:44,1,NIE,,
j-2024,12,19.11.2024,19.11.2024 09:28:25,28,144,Lubuskie,27,Geriatria,2024/029681,Pozarezydencki,52.73,0.00,08.10.2024 10:26:50,1,NIE,,
j-2024,12,19.11.2024,19.11.2024 09:28:25,28,144,Lubuskie,28,Ginekologia onkologiczna,2024/033036,Pozarezydencki,79.64,3.83,29.09.2024 22:52:41,3,NIE,,
j-2024,12,19.11.2024,19.11.2024 09:28:25,28,144,Lubuskie,29,Ginekologia onkologiczna,2024/032597,Pozarezydencki,75.45,3.42,29.09.2024 19:35:39,3,NIE,,
j-2024,12,19.11.2024,19.11.2024 09:28:25,28,144,Lubuskie,30,Ginekologia onkologiczna,2024/033309,Pozarezydencki,74.55,4.16,16.10.2024 14:14:20,3,NIE,,
j-2024,12,19.11.2024,19.11.2024 09:28:25,28,144,Lubuskie,31,Hematologia,2024/030829,Rezydencki,89.27,4.34,29.09.2024 21:42:04,1,NIE,,
j-2024,12,19.11.2024,19.11.2024 09:28:25,28,144,Lubuskie,32,Kardiologia,2024/025798,Rezydencki,89.95,4.28,30.09.2024 15:38:52,6,NIE,,
j-2024,12,19.11.2024,19.11.2024 09:28:25,28,144,Lubuskie,33,Kardiologia,2024/029733,Rezydencki,89.71,4.43,29.09.2024 00:03:39,6,NIE,,
j-2024,12,19.11.2024,19.11.2024 09:28:25,28,144,Lubuskie,34,Kardiologia,2024/024026,Rezydencki,87.75,3.98,27.09.2024 19:18:39,6,NIE,,
j-2024,12,19.11.2024,19.11.2024 09:28:25,28,144,Lubuskie,35,Kardiologia,2024/030625,Rezydencki,85.02,3.61,30.09.2024 19:03:03,6,NIE,,
j-2024,12,19.11.2024,19.11.2024 09:28:25,28,144,Lubuskie,36,Kardiologia,2024/023463,Rezydencki,83.82,4.07,30.09.2024 17:08:23,6,NIE,,
j-2024,12,19.11.2024,19.11.2024 09:28:25,28,144,Lubuskie,37,Kardiologia,2024/033107,Rezydencki,82.84,3.38,30.09.2024 21:00:29,6,NIE,,
j-2024,12,19.11.2024,19.11.2024 09:28:25,28,144,Lubuskie,38,Medycyna paliatywna,2024/023031,Pozarezydencki,90.91,0.00,04.10.2024 07:42:10,4,NIE,,
j-2024,12,19.11.2024,19.11.2024 09:28:25,28,144,Lubuskie,39,Medycyna paliatywna,2024/023956,Pozarezydencki,80.00,3.95,07.09.2024 00:07:08,4,NIE,,
j-2024,12,19.11.2024,19.11.2024 09:28:25,28,144,Lubuskie,40,Medycyna paliatywna,2024/034225,Pozarezydencki,75.45,3.74,18.10.2024 13:54:32,4,NIE,,
j-2024,12,19.11.2024,19.11.2024 09:28:25,28,144,Lubuskie,41,Medycyna paliatywna,2024/027122,Pozarezydencki,67.82,3.88,08.10.2024 12:54:31,4,NIE,,
j-2024,12,19.11.2024,19.11.2024 09:28:25,28,144,Lubuskie,42,Medycyna pracy,2024/026614,Pozarezydencki,75.23,4.33,09.10.2024 09:49:58,2,NIE,,
j-2024,12,19.11.2024,19.11.2024 09:28:25,28,144,Lubuskie,43,Medycyna pracy,2024/022660,Pozarezydencki,74.55,0.00,10.10.2024 10:27:02,2,NIE,,
j-2024,12,19.11.2024,19.11.2024 09:28:25,28,144,Lubuskie,44,Medycyna ratunkowa,2024/024831,Pozarezydencki,77.88,4.80,17.09.2024 20:27:29,1,NIE,,
j-2024,12,19.11.2024,19.11.2024 09:28:25,28,144,Lubuskie,45,Medycyna rodzinna,2024/029148,Rezydencki,77.45,3.94,25.09.2024 18:31:23,4,NIE,,
j-2024,12,19.11.2024,19.11.2024 09:28:25,28,144,Lubuskie,46,Medycyna rodzinna,2024/028581,Rezydencki,72.95,0.00,23.09.2024 17:49:20,4,NIE,,
j-2024,12,19.11.2024,19.11.2024 09:28:25,28,144,Lubuskie,47,Medycyna rodzinna,2024/024526,Rezydencki,69.61,4.12,16.09.2024 18:52:58,4,NIE,,
j-2024,12,19.11.2024,19.11.2024 09:28:25,28,144,Lubuskie,48,Medycyna rodzinna,2024/032856,Rezydencki,65.85,3.68,29.09.2024 21:11:18,4,NIE,,
j-2024,12,19.11.2024,19.11.2024 09:28:25,29,144,Lubuskie,49,Medycyna rodzinna,2024/027557,Pozarezydencki,55.96,0.00,20.09.2024 12:53:59,1,NIE,,
j-2024,12,19.11.2024,19.11.2024 09:28:25,29,144,Lubuskie,50,Nefrologia,2024/033939,Pozarezydencki,67.44,3.71,30.09.2024 20:22:47,1,NIE,,
j-2024,12,19.11.2024,19.11.2024 09:28:25,29,144,Lubuskie,51,Neurologia,2024/028156,Rezydencki,89.22,4.64,30.09.2024 16:41:16,6,NIE,,
j-2024,12,19.11.2024,19.11.2024 09:28:25,29,144,Lubuskie,52,Neurologia,2024/027119,Rezydencki,86.71,4.31,08.10.2024 17:43:43,6,NIE,,
j-2024,12,19.11.2024,19.11.2024 09:28:25,29,144,Lubuskie,53,Neurologia,2024/025389,Rezydencki,83.90,3.75,19.10.2024 18:41:02,6,NIE,,
j-2024,12,19.11.2024,19.11.2024 09:28:25,29,144,Lubuskie,54,Neurologia,2024/022682,Rezydencki,83.82,4.12,23.09.2024 21:17:19,6,NIE,,
j-2024,12,19.11.2024,19.11.2024 09:28:25,29,144,Lubuskie,55,Neurologia,2024/029975,Rezydencki,78.43,3.51,28.09.2024 18:22:01,6,NIE,,
j-2024,12,19.11.2024,19.11.2024 09:28:25,29,144,Lubuskie,56,Neurologia,2024/034043,Rezydencki,62.25,3.33,30.09.2024 22:05:11,6,NIE,,
j-2024,12,19.11.2024,19.11.2024 09:28:25,29,144,Lubuskie,57,Okulistyka,2024/033046,Rezydencki,89.22,4.12,29.09.2024 23:07:08,4,NIE,,
j-2024,12,19.11.2024,19.11.2024 09:28:25,29,144,Lubuskie,58,Okulistyka,2024/022594,Rezydencki,88.78,4.28,08.10.2024 15:44:03,4,NIE,,
j-2024,12,19.11.2024,19.11.2024 09:28:25,29,144,Lubuskie,59,Okulistyka,2024/032658,Rezydencki,87.32,4.21,30.09.2024 19:02:16,4,NIE,,
j-2024,12,19.11.2024,19.11.2024 09:28:25,29,144,Lubuskie,60,Okulistyka,2024/029280,Rezydencki,86.83,4.11,27.09.2024 18:48:53,4,NIE,,
j-2024,12,19.11.2024,19.11.2024 09:28:25,29,144,Lubuskie,61,Okulistyka,2024/029022,Pozarezydencki,82.24,4.64,30.09.2024 21:11:39,4,NIE,,
j-2024,12,19.11.2024,19.11.2024 09:28:25,29,144,Lubuskie,62,Okulistyka,2024/022232,Pozarezydencki,79.44,4.01,04.10.2024 09:36:35,4,NIE,,
j-2024,12,19.11.2024,19.11.2024 09:28:25,29,144,Lubuskie,63,Okulistyka,2024/032359,Pozarezydencki,77.67,3.32,07.10.2024 16:39:18,4,NIE,,
j-2024,12,19.11.2024,19.11.2024 09:28:25,29,144,Lubuskie,64,Okulistyka,2024/030929,Pozarezydencki,74.77,3.73,30.09.2024 20:32:30,4,NIE,,
j-2024,12,19.11.2024,19.11.2024 09:28:25,29,144,Lubuskie,65,Ortopedia i traumatologia narządu ruchu,2024/033464,Rezydencki,82.84,4.21,30.09.2024 12:58:01,2,NIE,,
j-2024,12,19.11.2024,19.11.2024 09:28:25,29,144,Lubuskie,66,Ortopedia i traumatologia narządu ruchu,2024/032154,Rezydencki,54.37,0.00,29.09.2024 22:47:59,2,NIE,,
j-2024,12,19.11.2024,19.11.2024 09:28:25,29,144,Lubuskie,67,Otorynolaryngologia,2024/032055,Rezydencki,84.31,4.18,10.10.2024 15:18:41,1,NIE,,
j-2024,12,19.11.2024,19.11.2024 09:28:25,29,144,Lubuskie,68,Patomorfologia,2024/026504,Rezydencki,82.61,3.53,16.09.2024 22:07:55,2,NIE,,
j-2024,12,19.11.2024,19.11.2024 09:28:25,29,144,Lubuskie,69,Patomorfologia,2024/023432,Rezydencki,74.15,3.78,09.09.2024 14:56:51,2,NIE,,
j-2024,12,19.11.2024,19.11.2024 09:28:25,29,144,Lubuskie,70,Pediatria,2024/022727,Rezydencki,90.20,4.58,03.09.2024 06:26:46,5,NIE,,
j-2024,12,19.11.2024,19.11.2024 09:28:25,29,144,Lubuskie,71,Pediatria,2024/025809,Rezydencki,87.92,4.50,13.09.2024 15:13:28,5,NIE,,
j-2024,12,19.11.2024,19.11.2024 09:28:25,29,144,Lubuskie,72,Pediatria,2024/028522,Rezydencki,85.99,4.15,23.09.2024 17:01:49,5,NIE,,
j-2024,12,19.11.2024,19.11.2024 09:28:25,29,144,Lubuskie,73,Pediatria,2024/024363,Rezydencki,76.47,4.24,09.10.2024 09:45:04,5,NIE,,
j-2024,12,19.11.2024,19.11.2024 09:28:25,29,144,Lubuskie,74,Pediatria,2024/030101,Rezydencki,74.88,4.05,25.09.2024 21:19:23,5,NIE,,
j-2024,12,19.11.2024,19.11.2024 09:28:25,29,144,Lubuskie,75,Położnictwo i ginekologia,2024/029707,Rezydencki,85.78,4.25,28.09.2024 15:14:34,2,NIE,,
j-2024,12,19.11.2024,19.11.2024 09:28:25,29,144,Lubuskie,76,Położnictwo i ginekologia,2024/031658,Rezydencki,81.37,3.74,29.09.2024 21:37:23,2,NIE,,
j-2024,12,19.11.2024,19.11.2024 09:28:25,29,144,Lubuskie,77,Psychiatria,2024/022342,Rezydencki,83.09,3.66,30.09.2024 16:19:57,4,NIE,,
j-2024,12,19.11.2024,19.11.2024 09:28:25,29,144,Lubuskie,78,Psychiatria,2024/030869,Rezydencki,75.85,3.90,17.10.2024 22:33:31,4,NIE,,
j-2024,12,19.11.2024,19.11.2024 09:28:25,29,144,Lubuskie,79,Psychiatria,2024/031922,Rezydencki,71.57,3.53,30.09.2024 06:08:07,4,NIE,,
j-2024,12,19.11.2024,19.11.2024 09:28:25,29,144,Lubuskie,80,Psychiatria,2024/033095,Rezydencki,54.66,3.09,08.10.2024 06:15:40,4,NIE,,
j-2024,12,19.11.2024,19.11.2024 09:28:25,29,144,Lubuskie,81,Psychiatria dzieci i młodzieży,2024/025950,Rezydencki,86.83,3.90,30.09.2024 19:09:54,6,NIE,,
j-2024,12,19.11.2024,19.11.2024 09:28:25,29,144,Lubuskie,82,Psychiatria dzieci i młodzieży,2024/024004,Rezydencki,85.78,4.57,04.10.2024 14:36:51,6,NIE,,
j-2024,12,19.11.2024,19.11.2024 09:28:25,29,144,Lubuskie,83,Psychiatria dzieci i młodzieży,2024/032446,Rezydencki,83.57,4.36,29.09.2024 14:17:23,6,NIE,,
j-2024,12,19.11.2024,19.11.2024 09:28:25,29,144,Lubuskie,84,Psychiatria dzieci i młodzieży,2024/033950,Rezydencki,80.68,3.92,12.10.2024 15:11:11,6,NIE,,
j-2024,12,19.11.2024,19.11.2024 09:28:25,29,144,Lubuskie,85,Psychiatria dzieci i młodzieży,2024/030210,Rezydencki,80.00,4.03,26.09.2024 15:40:47,6,NIE,,
j-2024,12,19.11.2024,19.11.2024 09:28:25,29,144,Lubuskie,86,Psychiatria dzieci i młodzieży,2024/023001,Rezydencki,79.23,3.40,26.09.2024 15:11:59,6,NIE,,
j-2024,12,19.11.2024,19.11.2024 09:28:25,30,144,Lubuskie,87,Psychiatria dzieci i młodzieży,2024/033964,Pozarezydencki,87.27,3.48,25.10.2024 12:08:57,2,NIE,,
j-2024,12,19.11.2024,19.11.2024 09:28:25,30,144,Lubuskie,88,Psychiatria dzieci i młodzieży,2024/027413,Pozarezydencki,70.91,4.07,19.09.2024 20:41:19,2,NIE,,
j-2024,12,19.11.2024,19.11.2024 09:28:25,30,144,Lubuskie,89,Radiologia i diagnostyka obrazowa,2024/029353,Rezydencki,91.22,4.24,29.09.2024 20:13:51,4,NIE,,
j-2024,12,19.11.2024,19.11.2024 09:28:25,30,144,Lubuskie,90,Radiologia i diagnostyka obrazowa,2024/027072,Rezydencki,89.46,4.47,07.10.2024 10:03:45,4,NIE,,
j-2024,12,19.11.2024,19.11.2024 09:28:25,30,144,Lubuskie,91,Radiologia i diagnostyka obrazowa,2024/029275,Rezydencki,85.99,3.63,11.10.2024 17:53:09,4,NIE,,
j-2024,12,19.11.2024,19.11.2024 09:28:25,30,144,Lubuskie,92,Radiologia i diagnostyka obrazowa,2024/027065,Rezydencki,85.99,3.17,18.09.2024 16:52:09,4,NIE,,
j-2024,12,19.11.2024,19.11.2024 09:28:25,30,144,Lubuskie,93,Radioterapia onkologiczna,2024/022646,Rezydencki,80.19,4.11,08.10.2024 14:21:19,2,NIE,,
j-2024,12,19.11.2024,19.11.2024 09:28:25,30,144,Lubuskie,94,Radioterapia onkologiczna,2024/028528,Rezydencki,74.15,4.12,08.10.2024 14:52:31,2,NIE,,
j-2024,12,19.11.2024,19.11.2024 09:28:25,30,144,Lubuskie,95,Rehabilitacja medyczna,2024/024402,Pozarezydencki,83.25,4.81,08.10.2024 10:31:52,1,NIE,,
j-2024,12,19.11.2024,19.11.2024 09:28:25,30,144,Lubuskie,96,Urologia,2024/023829,Rezydencki,88.29,4.07,27.09.2024 17:51:53,1,NIE,,
j-2024,12,19.11.2024,19.11.2024 09:28:25,30,144,Lubuskie,97,Urologia dziecięca,2024/029140,Pozarezydencki,80.00,3.84,09.10.2024 13:05:35,2,NIE,,
j-2024,12,19.11.2024,19.11.2024 09:28:25,30,144,Lubuskie,98,Urologia dziecięca,2024/026244,Pozarezydencki,75.45,3.22,10.10.2024 09:50:42,2,NIE,,
j-2024,12,19.11.2024,19.11.2024 09:28:25,30,144,Łódzkie,1,Alergologia,2024/022191,Rezydencki,91.79,4.08,01.09.2024 00:20:07,1,NIE,,
j-2024,12,19.11.2024,19.11.2024 09:28:25,30,144,Łódzkie,2,Alergologia,2024/026290,Pozarezydencki,82.34,4.42,30.09.2024 22:44:27,3,NIE,,
j-2024,12,19.11.2024,19.11.2024 09:28:25,30,144,Łódzkie,3,Alergologia,2024/031605,Pozarezydencki,80.37,4.07,27.09.2024 17:20:38,3,NIE,,
j-2024,12,19.11.2024,19.11.2024 09:28:25,30,144,Łódzkie,4,Alergologia,2024/033042,Pozarezydencki,72.27,3.70,07.10.2024 17:40:12,3,NIE,,
j-2024,12,19.11.2024,19.11.2024 09:28:25,30,144,Łódzkie,5,Anestezjologia i intensywna terapia,2024/031425,Rezydencki,92.16,4.15,30.09.2024 21:31:02,14,NIE,,
j-2024,12,19.11.2024,19.11.2024 09:28:25,30,144,Łódzkie,6,Anestezjologia i intensywna terapia,2024/026656,Rezydencki,91.95,4.27,24.09.2024 18:39:29,14,NIE,,
j-2024,12,19.11.2024,19.11.2024 09:28:25,30,144,Łódzkie,7,Anestezjologia i intensywna terapia,2024/031003,Rezydencki,91.46,4.34,10.10.2024 13:25:26,14,NIE,,
j-2024,12,19.11.2024,19.11.2024 09:28:25,30,144,Łódzkie,8,Anestezjologia i intensywna terapia,2024/023072,Rezydencki,90.73,3.97,22.09.2024 20:37:14,14,NIE,,
j-2024,12,19.11.2024,19.11.2024 09:28:25,30,144,Łódzkie,9,Anestezjologia i intensywna terapia,2024/027519,Rezydencki,90.24,4.59,24.09.2024 13:21:36,14,NIE,,
j-2024,12,19.11.2024,19.11.2024 09:28:25,30,144,Łódzkie,10,Anestezjologia i intensywna terapia,2024/027041,Rezydencki,89.86,4.42,19.09.2024 16:42:52,14,NIE,,
j-2024,12,19.11.2024,19.11.2024 09:28:25,30,144,Łódzkie,11,Anestezjologia i intensywna terapia,2024/030213,Rezydencki,89.76,4.04,25.09.2024 22:40:39,14,NIE,,
j-2024,12,19.11.2024,19.11.2024 09:28:25,30,144,Łódzkie,12,Anestezjologia i intensywna terapia,2024/025584,Rezydencki,89.71,4.15,12.09.2024 17:05:52,14,NIE,,
j-2024,12,19.11.2024,19.11.2024 09:28:25,30,144,Łódzkie,13,Anestezjologia i intensywna terapia,2024/028222,Rezydencki,89.22,4.13,26.09.2024 19:34:56,14,NIE,,
j-2024,12,19.11.2024,19.11.2024 09:28:25,30,144,Łódzkie,14,Anestezjologia i intensywna terapia,2024/023761,Rezydencki,88.97,4.29,18.09.2024 20:08:56,14,NIE,,
j-2024,12,19.11.2024,19.11.2024 09:28:25,30,144,Łódzkie,15,Anestezjologia i intensywna terapia,2024/024229,Rezydencki,88.78,4.26,23.09.2024 17:48:07,14,NIE,,
j-2024,12,19.11.2024,19.11.2024 09:28:25,30,144,Łódzkie,16,Anestezjologia i intensywna terapia,2024/027050,Rezydencki,88.65,4.16,25.09.2024 16:22:23,14,NIE,,
j-2024,12,19.11.2024,19.11.2024 09:28:25,30,144,Łódzkie,17,Anestezjologia i intensywna terapia,2024/030163,Rezydencki,88.41,4.11,25.09.2024 21:59:03,14,NIE,,
j-2024,12,19.11.2024,19.11.2024 09:28:25,30,144,Łódzkie,18,Anestezjologia i intensywna terapia,2024/030927,Rezydencki,88.41,3.51,27.09.2024 16:13:31,14,NIE,,
j-2024,12,19.11.2024,19.11.2024 09:28:25,30,144,Łódzkie,19,Audiologia i foniatria,2024/031131,Rezydencki,83.58,3.39,30.09.2024 17:43:58,1,NIE,,
j-2024,12,19.11.2024,19.11.2024 09:28:25,30,144,Łódzkie,20,Chirurgia dziecięca,2024/024987,Rezydencki,88.97,4.20,30.09.2024 11:11:17,1,NIE,,
j-2024,12,19.11.2024,19.11.2024 09:28:25,30,144,Łódzkie,21,Chirurgia naczyniowa,2024/029252,Rezydencki,83.58,3.73,28.09.2024 14:53:27,1,NIE,,
j-2024,12,19.11.2024,19.11.2024 09:28:25,30,144,Łódzkie,22,Chirurgia naczyniowa,2024/023764,Pozarezydencki,73.41,3.27,03.10.2024 12:51:20,1,NIE,,
j-2024,12,19.11.2024,19.11.2024 09:28:25,31,144,Łódzkie,23,Chirurgia ogólna,2024/031534,Rezydencki,90.24,4.47,27.09.2024 15:21:19,15,NIE,,
j-2024,12,19.11.2024,19.11.2024 09:28:25,31,144,Łódzkie,24,Chirurgia ogólna,2024/023415,Rezydencki,85.85,4.06,03.09.2024 15:47:05,15,NIE,,
j-2024,12,19.11.2024,19.11.2024 09:28:25,31,144,Łódzkie,25,Chirurgia ogólna,2024/029768,Rezydencki,85.78,3.92,26.09.2024 19:51:44,15,NIE,,
j-2024,12,19.11.2024,19.11.2024 09:28:25,31,144,Łódzkie,26,Chirurgia ogólna,2024/023846,Rezydencki,85.02,3.55,01.10.2024 15:06:28,15,NIE,,
j-2024,12,19.11.2024,19.11.2024 09:28:25,31,144,Łódzkie,27,Chirurgia ogólna,2024/023083,Rezydencki,84.88,4.26,04.09.2024 15:55:36,15,NIE,,
j-2024,12,19.11.2024,19.11.2024 09:28:25,31,144,Łódzkie,28,Chirurgia ogólna,2024/033667,Rezydencki,84.80,3.72,30.09.2024 16:36:53,15,NIE,,
j-2024,12,19.11.2024,19.11.2024 09:28:25,31,144,Łódzkie,29,Chirurgia ogólna,2024/028781,Rezydencki,84.31,3.92,29.09.2024 17:28:28,15,NIE,,
j-2024,12,19.11.2024,19.11.2024 09:28:25,31,144,Łódzkie,30,Chirurgia ogólna,2024/027763,Rezydencki,81.62,3.54,26.09.2024 20:13:38,15,NIE,,
j-2024,12,19.11.2024,19.11.2024 09:28:25,31,144,Łódzkie,31,Chirurgia ogólna,2024/029240,Rezydencki,80.88,3.70,30.09.2024 13:18:44,15,NIE,,
j-2024,12,19.11.2024,19.11.2024 09:28:25,31,144,Łódzkie,32,Chirurgia ogólna,2024/022993,Rezydencki,80.88,3.56,27.09.2024 03:07:52,15,NIE,,
j-2024,12,19.11.2024,19.11.2024 09:28:25,31,144,Łódzkie,33,Chirurgia ogólna,2024/033687,Rezydencki,80.49,3.26,03.10.2024 12:26:32,15,NIE,,
j-2024,12,19.11.2024,19.11.2024 09:28:25,31,144,Łódzkie,34,Chirurgia ogólna,2024/031413,Rezydencki,79.90,3.53,27.09.2024 12:57:01,15,NIE,,
j-2024,12,19.11.2024,19.11.2024 09:28:25,31,144,Łódzkie,35,Chirurgia ogólna,2024/031824,Rezydencki,79.66,4.95,11.10.2024 18:32:12,15,NIE,,
j-2024,12,19.11.2024,19.11.2024 09:28:25,31,144,Łódzkie,36,Chirurgia ogólna,2024/028481,Rezydencki,67.31,3.66,26.09.2024 13:50:10,15,NIE,,
j-2024,12,19.11.2024,19.11.2024 09:28:25,31,144,Łódzkie,37,Chirurgia ogólna,2024/028192,Rezydencki,60.63,3.82,14.10.2024 17:13:33,15,NIE,,
j-2024,12,19.11.2024,19.11.2024 09:28:25,31,144,Łódzkie,38,Chirurgia onkologiczna,2024/025628,Rezydencki,82.93,3.92,01.10.2024 19:52:17,3,NIE,,
j-2024,12,19.11.2024,19.11.2024 09:28:25,31,144,Łódzkie,39,Chirurgia onkologiczna,2024/024352,Rezydencki,80.39,3.50,27.09.2024 13:36:39,3,NIE,,
j-2024,12,19.11.2024,19.11.2024 09:28:25,31,144,Łódzkie,40,Chirurgia onkologiczna,2024/033719,Rezydencki,63.77,2.98,10.10.2024 14:45:37,3,NIE,,
j-2024,12,19.11.2024,19.11.2024 09:28:25,31,144,Łódzkie,41,Chirurgia onkologiczna,2024/033696,Pozarezydencki,72.05,3.52,06.10.2024 13:08:07,8,NIE,,
j-2024,12,19.11.2024,19.11.2024 09:28:25,31,144,Łódzkie,42,Chirurgia onkologiczna,2024/028690,Pozarezydencki,66.59,3.70,10.10.2024 23:57:09,8,NIE,,
j-2024,12,19.11.2024,19.11.2024 09:28:25,31,144,Łódzkie,43,Chirurgia onkologiczna,2024/024742,Pozarezydencki,66.36,3.43,04.10.2024 17:18:42,8,NIE,,
j-2024,12,19.11.2024,19.11.2024 09:28:25,31,144,Łódzkie,44,Chirurgia onkologiczna,2024/033965,Pozarezydencki,66.36,3.20,07.10.2024 21:24:35,8,NIE,,
j-2024,12,19.11.2024,19.11.2024 09:28:25,31,144,Łódzkie,45,Chirurgia onkologiczna,2024/031539,Pozarezydencki,64.09,0.00,22.10.2024 17:15:04,8,NIE,,
j-2024,12,19.11.2024,19.11.2024 09:28:25,31,144,Łódzkie,46,Chirurgia onkologiczna,2024/032134,Pozarezydencki,63.30,3.13,03.10.2024 20:08:23,8,NIE,,
j-2024,12,19.11.2024,19.11.2024 09:28:25,31,144,Łódzkie,47,Chirurgia onkologiczna,2024/031068,Pozarezydencki,58.26,2.80,14.10.2024 17:52:22,8,NIE,,
j-2024,12,19.11.2024,19.11.2024 09:28:25,31,144,Łódzkie,48,Chirurgia onkologiczna,2024/023847,Pozarezydencki,57.27,3.39,21.10.2024 18:00:09,8,NIE,,
j-2024,12,19.11.2024,19.11.2024 09:28:25,31,144,Łódzkie,49,Chirurgia stomatologiczna,2024/026443,Rezydencki,86.54,3.93,23.09.2024 16:38:32,1,NIE,,
j-2024,12,19.11.2024,19.11.2024 09:28:25,31,144,Łódzkie,50,Chirurgia stomatologiczna,2024/023831,Pozarezydencki,89.09,4.60,04.10.2024 08:31:42,1,NIE,,
j-2024,12,19.11.2024,19.11.2024 09:28:25,31,144,Łódzkie,51,Chirurgia szczękowo-twarzowa,2024/024343,Rezydencki,88.89,4.05,03.10.2024 11:43:06,3,NIE,,
j-2024,12,19.11.2024,19.11.2024 09:28:25,31,144,Łódzkie,52,Chirurgia szczękowo-twarzowa,2024/026428,Rezydencki,85.10,4.57,16.09.2024 19:06:42,3,NIE,,
j-2024,12,19.11.2024,19.11.2024 09:28:25,31,144,Łódzkie,53,Chirurgia szczękowo-twarzowa,2024/026774,Rezydencki,83.57,4.53,25.09.2024 13:26:46,3,NIE,,
j-2024,12,19.11.2024,19.11.2024 09:28:25,31,144,Łódzkie,54,Choroby płuc,2024/022325,Rezydencki,93.14,4.61,01.09.2024 11:01:31,8,NIE,,
j-2024,12,19.11.2024,19.11.2024 09:28:25,31,144,Łódzkie,55,Choroby płuc,2024/022444,Rezydencki,87.25,4.25,30.09.2024 20:59:01,8,NIE,,
j-2024,12,19.11.2024,19.11.2024 09:28:25,31,144,Łódzkie,56,Choroby płuc,2024/026413,Rezydencki,86.96,3.67,30.09.2024 23:00:39,8,NIE,,
j-2024,12,19.11.2024,19.11.2024 09:28:25,31,144,Łódzkie,57,Choroby płuc,2024/024689,Rezydencki,86.76,3.83,30.09.2024 20:04:15,8,NIE,,
j-2024,12,19.11.2024,19.11.2024 09:28:25,31,144,Łódzkie,58,Choroby płuc,2024/030120,Rezydencki,85.78,3.57,29.09.2024 19:56:46,8,NIE,,
j-2024,12,19.11.2024,19.11.2024 09:28:25,31,144,Łódzkie,59,Choroby płuc,2024/022351,Rezydencki,85.61,3.74,29.09.2024 20:36:35,8,NIE,,
j-2024,12,19.11.2024,19.11.2024 09:28:25,31,144,Łódzkie,60,Choroby płuc,2024/026385,Rezydencki,84.80,4.19,17.09.2024 16:20:52,8,NIE,,
j-2024,12,19.11.2024,19.11.2024 09:28:25,32,144,Łódzkie,61,Choroby płuc,2024/032475,Rezydencki,84.06,3.86,29.09.2024 14:57:10,8,NIE,,
j-2024,12,19.11.2024,19.11.2024 09:28:25,32,144,Łódzkie,62,Choroby płuc,2024/026089,Pozarezydencki,80.00,0.00,13.10.2024 18:11:08,5,NIE,,
j-2024,12,19.11.2024,19.11.2024 09:28:25,32,144,Łódzkie,63,Choroby płuc,2024/025010,Pozarezydencki,75.23,3.54,30.09.2024 15:58:27,5,NIE,,
j-2024,12,19.11.2024,19.11.2024 09:28:25,32,144,Łódzkie,64,Choroby płuc,2024/032564,Pozarezydencki,70.91,4.18,04.10.2024 10:55:56,5,NIE,,
j-2024,12,19.11.2024,19.11.2024 09:28:25,32,144,Łódzkie,65,Choroby płuc,2024/022438,Pozarezydencki,70.91,3.30,10.10.2024 18:20:33,5,NIE,,
j-2024,12,19.11.2024,19.11.2024 09:28:25,32,144,Łódzkie,66,Choroby płuc,2024/030965,Pozarezydencki,59.35,3.50,06.10.2024 22:53:12,5,NIE,,
j-2024,12,19.11.2024,19.11.2024 09:28:25,32,144,Łódzkie,67,Choroby płuc dzieci,2024/033131,Rezydencki,85.51,4.02,30.09.2024 00:15:46,2,NIE,,
j-2024,12,19.11.2024,19.11.2024 09:28:25,32,144,Łódzkie,68,Choroby płuc dzieci,2024/031151,Rezydencki,80.39,3.18,30.10.2024 10:40:12,2,NIE,,
j-2024,12,19.11.2024,19.11.2024 09:28:25,32,144,Łódzkie,69,Choroby wewnętrzne,2024/027268,Rezydencki,90.73,4.33,29.09.2024 16:21:32,17,NIE,,
j-2024,12,19.11.2024,19.11.2024 09:28:25,32,144,Łódzkie,70,Choroby wewnętrzne,2024/025623,Rezydencki,89.86,4.27,04.10.2024 13:56:49,17,NIE,,
j-2024,12,19.11.2024,19.11.2024 09:28:25,32,144,Łódzkie,71,Choroby wewnętrzne,2024/024081,Rezydencki,89.46,3.88,30.09.2024 22:55:25,17,NIE,,
j-2024,12,19.11.2024,19.11.2024 09:28:25,32,144,Łódzkie,72,Choroby wewnętrzne,2024/023193,Rezydencki,88.78,4.33,05.10.2024 12:27:04,17,NIE,,
j-2024,12,19.11.2024,19.11.2024 09:28:25,32,144,Łódzkie,73,Choroby wewnętrzne,2024/030777,Rezydencki,87.92,4.47,26.09.2024 17:56:08,17,NIE,,
j-2024,12,19.11.2024,19.11.2024 09:28:25,32,144,Łódzkie,74,Choroby wewnętrzne,2024/033812,Rezydencki,85.99,4.20,30.09.2024 20:38:01,17,NIE,,
j-2024,12,19.11.2024,19.11.2024 09:28:25,32,144,Łódzkie,75,Choroby wewnętrzne,2024/028087,Rezydencki,84.88,3.27,24.09.2024 21:06:51,17,NIE,,
j-2024,12,19.11.2024,19.11.2024 09:28:25,32,144,Łódzkie,76,Choroby wewnętrzne,2024/026453,Rezydencki,84.54,4.38,25.09.2024 21:40:05,17,NIE,,
j-2024,12,19.11.2024,19.11.2024 09:28:25,32,144,Łódzkie,77,Choroby wewnętrzne,2024/022227,Rezydencki,83.09,4.34,27.09.2024 15:47:56,17,NIE,,
j-2024,12,19.11.2024,19.11.2024 09:28:25,32,144,Łódzkie,78,Choroby wewnętrzne,2024/027365,Rezydencki,82.44,4.31,27.09.2024 23:45:14,17,NIE,,
j-2024,12,19.11.2024,19.11.2024 09:28:25,32,144,Łódzkie,79,Choroby wewnętrzne,2024/026161,Rezydencki,82.35,3.92,27.09.2024 22:16:43,17,NIE,,
j-2024,12,19.11.2024,19.11.2024 09:28:25,32,144,Łódzkie,80,Choroby wewnętrzne,2024/029123,Rezydencki,81.64,3.87,24.09.2024 16:25:06,17,NIE,,
j-2024,12,19.11.2024,19.11.2024 09:28:25,32,144,Łódzkie,81,Choroby wewnętrzne,2024/025587,Rezydencki,78.43,4.34,14.10.2024 10:41:00,17,NIE,,
j-2024,12,19.11.2024,19.11.2024 09:28:25,32,144,Łódzkie,82,Choroby wewnętrzne,2024/033720,Rezydencki,76.96,2.91,30.09.2024 18:00:19,17,NIE,,
j-2024,12,19.11.2024,19.11.2024 09:28:25,32,144,Łódzkie,83,Choroby wewnętrzne,2024/030706,Rezydencki,71.01,3.23,27.09.2024 18:29:51,17,NIE,,
j-2024,12,19.11.2024,19.11.2024 09:28:25,32,144,Łódzkie,84,Choroby wewnętrzne,2024/032714,Rezydencki,68.78,3.14,30.09.2024 20:00:41,17,NIE,,
j-2024,12,19.11.2024,19.11.2024 09:28:25,32,144,Łódzkie,85,Choroby wewnętrzne,2024/033349,Rezydencki,68.12,3.18,30.09.2024 11:52:25,17,NIE,,
j-2024,12,19.11.2024,19.11.2024 09:28:25,32,144,Łódzkie,86,Choroby zakaźne,2024/026724,Rezydencki,87.80,4.00,17.09.2024 17:14:47,2,NIE,,
j-2024,12,19.11.2024,19.11.2024 09:28:25,32,144,Łódzkie,87,Choroby zakaźne,2024/024412,Rezydencki,85.99,3.57,30.09.2024 23:58:35,2,NIE,,
j-2024,12,19.11.2024,19.11.2024 09:28:25,32,144,Łódzkie,88,Dermatologia i wenerologia,2024/029804,Rezydencki,94.63,4.72,30.09.2024 11:25:04,3,NIE,,
j-2024,12,19.11.2024,19.11.2024 09:28:25,32,144,Łódzkie,89,Dermatologia i wenerologia,2024/029143,Rezydencki,94.15,4.34,11.10.2024 18:08:35,3,NIE,,
j-2024,12,19.11.2024,19.11.2024 09:28:25,32,144,Łódzkie,90,Dermatologia i wenerologia,2024/028178,Rezydencki,93.24,4.77,02.10.2024 14:00:21,3,NIE,,
j-2024,12,19.11.2024,19.11.2024 09:28:25,32,144,Łódzkie,91,Dermatologia i wenerologia,2024/023041,Pozarezydencki,86.92,4.25,02.09.2024 17:13:31,1,NIE,,
j-2024,12,19.11.2024,19.11.2024 09:28:25,32,144,Łódzkie,92,Diabetologia,2024/022238,Rezydencki,90.34,4.45,20.10.2024 19:25:07,3,NIE,,
j-2024,12,19.11.2024,19.11.2024 09:28:25,32,144,Łódzkie,93,Diabetologia,2024/029324,Rezydencki,87.50,3.81,26.09.2024 20:19:49,3,NIE,,
j-2024,12,19.11.2024,19.11.2024 09:28:25,32,144,Łódzkie,94,Diabetologia,2024/034249,Rezydencki,87.32,4.04,30.09.2024 23:21:33,3,NIE,,
j-2024,12,19.11.2024,19.11.2024 09:28:25,32,144,Łódzkie,95,Diabetologia,2024/032557,Pozarezydencki,82.72,4.56,10.10.2024 23:09:15,1,NIE,,
j-2024,12,19.11.2024,19.11.2024 09:28:25,32,144,Łódzkie,96,Endokrynologia,2024/022787,Rezydencki,94.63,4.56,02.09.2024 02:43:52,2,NIE,,
j-2024,12,19.11.2024,19.11.2024 09:28:25,32,144,Łódzkie,97,Endokrynologia,2024/029662,Rezydencki,92.51,4.02,03.10.2024 14:08:55,2,NIE,,
j-2024,12,19.11.2024,19.11.2024 09:28:25,32,144,Łódzkie,98,Endokrynologia,2024/022393,Pozarezydencki,85.35,4.21,16.09.2024 14:03:30,2,NIE,,
j-2024,12,19.11.2024,19.11.2024 09:28:25,33,144,Łódzkie,99,Endokrynologia,2024/033850,Pozarezydencki,84.33,0.00,30.09.2024 19:30:59,2,NIE,,
j-2024,12,19.11.2024,19.11.2024 09:28:25,33,144,Łódzkie,100,Endokrynologia ginekologiczna i rozrodczość,2024/025317,Pozarezydencki,92.95,0.00,02.10.2024 16:47:41,4,NIE,,
j-2024,12,19.11.2024,19.11.2024 09:28:25,33,144,Łódzkie,101,Endokrynologia ginekologiczna i rozrodczość,2024/024522,Pozarezydencki,89.09,4.63,08.09.2024 21:37:14,4,NIE,,
j-2024,12,19.11.2024,19.11.2024 09:28:25,33,144,Łódzkie,102,Endokrynologia ginekologiczna i rozrodczość,2024/024937,Pozarezydencki,86.82,3.76,08.10.2024 12:59:27,4,NIE,,
j-2024,12,19.11.2024,19.11.2024 09:28:25,33,144,Łódzkie,103,Endokrynologia ginekologiczna i rozrodczość,2024/034202,Pozarezydencki,84.65,3.56,30.09.2024 22:50:21,4,NIE,,
j-2024,12,19.11.2024,19.11.2024 09:28:25,33,144,Łódzkie,104,Endokrynologia i diabetologia dziecięca,2024/033977,Rezydencki,86.83,3.72,30.09.2024 20:47:40,1,NIE,,
j-2024,12,19.11.2024,19.11.2024 09:28:25,33,144,Łódzkie,105,Endokrynologia i diabetologia dziecięca,2024/024160,Pozarezydencki,89.09,4.64,05.10.2024 16:31:22,2,NIE,,
j-2024,12,19.11.2024,19.11.2024 09:28:25,33,144,Łódzkie,106,Endokrynologia i diabetologia dziecięca,2024/030133,Pozarezydencki,65.65,0.00,29.09.2024 21:27:50,2,NIE,,
j-2024,12,19.11.2024,19.11.2024 09:28:25,33,144,Łódzkie,107,Gastroenterologia,2024/025648,Rezydencki,94.63,4.30,12.09.2024 21:36:10,1,NIE,,
j-2024,12,19.11.2024,19.11.2024 09:28:25,33,144,Łódzkie,108,Gastroenterologia dziecięca,2024/028832,Pozarezydencki,66.59,4.16,11.10.2024 20:59:24,1,NIE,,
j-2024,12,19.11.2024,19.11.2024 09:28:25,33,144,Łódzkie,109,Genetyka kliniczna,2024/028111,Pozarezydencki,87.95,2.93,10.10.2024 17:07:35,1,NIE,,
j-2024,12,19.11.2024,19.11.2024 09:28:25,33,144,Łódzkie,110,Geriatria,2024/022655,Rezydencki,87.92,3.78,12.09.2024 15:13:21,1,NIE,,
j-2024,12,19.11.2024,19.11.2024 09:28:25,33,144,Łódzkie,111,Ginekologia onkologiczna,2024/030306,Pozarezydencki,70.91,3.38,15.10.2024 18:34:50,4,NIE,,
j-2024,12,19.11.2024,19.11.2024 09:28:25,33,144,Łódzkie,112,Ginekologia onkologiczna,2024/030254,Pozarezydencki,67.69,4.24,16.10.2024 21:31:54,4,NIE,,
j-2024,12,19.11.2024,19.11.2024 09:28:25,33,144,Łódzkie,113,Ginekologia onkologiczna,2024/028205,Pozarezydencki,66.67,4.24,22.09.2024 22:48:00,4,NIE,,
j-2024,12,19.11.2024,19.11.2024 09:28:25,33,144,Łódzkie,114,Ginekologia onkologiczna,2024/029397,Pozarezydencki,66.36,3.12,14.10.2024 22:55:24,4,NIE,,
j-2024,12,19.11.2024,19.11.2024 09:28:25,33,144,Łódzkie,115,Hematologia,2024/030069,Rezydencki,92.20,4.48,02.10.2024 13:58:36,6,NIE,,
j-2024,12,19.11.2024,19.11.2024 09:28:25,33,144,Łódzkie,116,Hematologia,2024/025348,Rezydencki,89.13,4.22,25.09.2024 14:02:51,6,NIE,,
j-2024,12,19.11.2024,19.11.2024 09:28:25,33,144,Łódzkie,117,Hematologia,2024/030293,Rezydencki,87.14,4.51,26.09.2024 04:04:49,6,NIE,,
j-2024,12,19.11.2024,19.11.2024 09:28:25,33,144,Łódzkie,118,Hematologia,2024/029840,Rezydencki,85.99,3.94,25.09.2024 17:55:01,6,NIE,,
j-2024,12,19.11.2024,19.11.2024 09:28:25,33,144,Łódzkie,119,Hematologia,2024/027969,Rezydencki,82.68,3.89,07.10.2024 13:23:09,6,NIE,,
j-2024,12,19.11.2024,19.11.2024 09:28:25,33,144,Łódzkie,120,Hematologia,2024/033924,Rezydencki,81.37,3.92,30.09.2024 22:21:39,6,NIE,,
j-2024,12,19.11.2024,19.11.2024 09:28:25,33,144,Łódzkie,121,Hematologia,2024/023745,Pozarezydencki,62.61,4.11,09.10.2024 14:53:35,1,NIE,,
j-2024,12,19.11.2024,19.11.2024 09:28:25,33,144,Łódzkie,122,Immunologia kliniczna,2024/028658,Pozarezydencki,70.91,4.21,23.09.2024 19:27:40,1,NIE,,
j-2024,12,19.11.2024,19.11.2024 09:28:25,33,144,Łódzkie,123,Kardiochirurgia,2024/026242,Rezydencki,87.68,4.06,30.09.2024 02:43:03,1,NIE,,
j-2024,12,19.11.2024,19.11.2024 09:28:25,33,144,Łódzkie,124,Kardiologia,2024/028724,Rezydencki,92.75,4.20,27.09.2024 13:53:29,19,NIE,,
j-2024,12,19.11.2024,19.11.2024 09:28:25,33,144,Łódzkie,125,Kardiologia,2024/029552,Rezydencki,91.55,4.48,30.09.2024 00:11:48,19,NIE,,
j-2024,12,19.11.2024,19.11.2024 09:28:25,33,144,Łódzkie,126,Kardiologia,2024/030662,Rezydencki,89.95,4.48,26.09.2024 16:48:16,19,NIE,,
j-2024,12,19.11.2024,19.11.2024 09:28:25,33,144,Łódzkie,127,Kardiologia,2024/029825,Rezydencki,89.37,3.80,27.09.2024 16:33:01,19,NIE,,
j-2024,12,19.11.2024,19.11.2024 09:28:25,33,144,Łódzkie,128,Kardiologia,2024/029381,Rezydencki,89.22,4.48,24.09.2024 23:36:29,19,NIE,,
j-2024,12,19.11.2024,19.11.2024 09:28:25,33,144,Łódzkie,129,Kardiologia,2024/026384,Rezydencki,88.73,4.11,22.09.2024 12:57:21,19,NIE,,
j-2024,12,19.11.2024,19.11.2024 09:28:25,33,144,Łódzkie,130,Kardiologia,2024/030693,Rezydencki,88.41,3.96,28.09.2024 23:34:15,19,NIE,,
j-2024,12,19.11.2024,19.11.2024 09:28:25,33,144,Łódzkie,131,Kardiologia,2024/023143,Rezydencki,88.24,3.99,27.09.2024 14:03:10,19,NIE,,
j-2024,12,19.11.2024,19.11.2024 09:28:25,33,144,Łódzkie,132,Kardiologia,2024/028233,Rezydencki,87.32,4.08,25.09.2024 22:53:44,19,NIE,,
j-2024,12,19.11.2024,19.11.2024 09:28:25,33,144,Łódzkie,133,Kardiologia,2024/024397,Rezydencki,86.83,4.41,30.09.2024 20:19:38,19,NIE,,
j-2024,12,19.11.2024,19.11.2024 09:28:25,33,144,Łódzkie,134,Kardiologia,2024/024306,Rezydencki,86.47,4.08,26.09.2024 10:40:55,19,NIE,,
j-2024,12,19.11.2024,19.11.2024 09:28:25,33,144,Łódzkie,135,Kardiologia,2024/032341,Rezydencki,86.34,3.74,30.09.2024 21:13:59,19,NIE,,
j-2024,12,19.11.2024,19.11.2024 09:28:25,33,144,Łódzkie,136,Kardiologia,2024/029208,Rezydencki,86.27,3.90,14.10.2024 08:13:28,19,NIE,,
j-2024,12,19.11.2024,19.11.2024 09:28:25,34,144,Łódzkie,137,Kardiologia,2024/030730,Rezydencki,86.27,3.87,28.09.2024 17:46:15,19,NIE,,
j-2024,12,19.11.2024,19.11.2024 09:28:25,34,144,Łódzkie,138,Kardiologia,2024/028742,Rezydencki,86.10,3.84,30.09.2024 17:25:39,19,NIE,,
j-2024,12,19.11.2024,19.11.2024 09:28:25,34,144,Łódzkie,139,Kardiologia,2024/027968,Rezydencki,85.99,4.24,04.10.2024 16:20:07,19,NIE,,
j-2024,12,19.11.2024,19.11.2024 09:28:25,34,144,Łódzkie,140,Kardiologia,2024/033132,Rezydencki,85.99,3.96,30.09.2024 00:16:08,19,NIE,,
j-2024,12,19.11.2024,19.11.2024 09:28:25,34,144,Łódzkie,141,Kardiologia,2024/033063,Rezydencki,85.02,4.30,29.09.2024 23:04:59,19,NIE,,
j-2024,12,19.11.2024,19.11.2024 09:28:25,34,144,Łódzkie,142,Kardiologia,2024/033116,Rezydencki,84.80,3.32,06.10.2024 00:25:18,19,NIE,,
j-2024,12,19.11.2024,19.11.2024 09:28:25,34,144,Łódzkie,143,Kardiologia,2024/031145,Pozarezydencki,77.67,3.72,29.09.2024 20:36:55,6,NIE,,
j-2024,12,19.11.2024,19.11.2024 09:28:25,34,144,Łódzkie,144,Kardiologia,2024/031320,Pozarezydencki,77.65,3.72,30.09.2024 13:18:31,6,NIE,,
j-2024,12,19.11.2024,19.11.2024 09:28:25,34,144,Łódzkie,145,Kardiologia,2024/031422,Pozarezydencki,77.42,0.00,27.09.2024 12:54:53,6,NIE,,
j-2024,12,19.11.2024,19.11.2024 09:28:25,34,144,Łódzkie,146,Kardiologia,2024/024573,Pozarezydencki,75.70,4.03,08.10.2024 21:42:00,6,NIE,,
j-2024,12,19.11.2024,19.11.2024 09:28:25,34,144,Łódzkie,147,Kardiologia,2024/033617,Pozarezydencki,72.20,4.16,03.10.2024 10:32:58,6,NIE,,
j-2024,12,19.11.2024,19.11.2024 09:28:25,34,144,Łódzkie,148,Kardiologia,2024/032343,Pozarezydencki,71.36,4.03,29.09.2024 10:50:06,6,NIE,,
j-2024,12,19.11.2024,19.11.2024 09:28:25,34,144,Łódzkie,149,Kardiologia dziecięca,2024/032028,Rezydencki,89.86,4.59,29.09.2024 20:09:37,2,NIE,,
j-2024,12,19.11.2024,19.11.2024 09:28:25,34,144,Łódzkie,150,Kardiologia dziecięca,2024/025909,Rezydencki,88.89,3.97,30.09.2024 12:25:18,2,NIE,,
j-2024,12,19.11.2024,19.11.2024 09:28:25,34,144,Łódzkie,151,Kardiologia dziecięca,2024/032736,Pozarezydencki,74.53,3.38,08.10.2024 18:41:55,1,NIE,,
j-2024,12,19.11.2024,19.11.2024 09:28:25,34,144,Łódzkie,152,Medycyna paliatywna,2024/031905,Rezydencki,72.68,3.05,28.09.2024 10:51:16,2,NIE,,
j-2024,12,19.11.2024,19.11.2024 09:28:25,34,144,Łódzkie,153,Medycyna paliatywna,2024/031197,Rezydencki,54.15,3.21,26.09.2024 23:30:45,2,NIE,,
j-2024,12,19.11.2024,19.11.2024 09:28:25,34,144,Łódzkie,154,Medycyna paliatywna,2024/033665,Pozarezydencki,70.91,3.78,02.10.2024 13:27:24,3,NIE,,
j-2024,12,19.11.2024,19.11.2024 09:28:25,34,144,Łódzkie,155,Medycyna paliatywna,2024/028849,Pozarezydencki,66.82,3.30,10.10.2024 07:40:58,3,NIE,,
j-2024,12,19.11.2024,19.11.2024 09:28:25,34,144,Łódzkie,156,Medycyna paliatywna,2024/025842,Pozarezydencki,57.27,4.05,06.10.2024 21:02:25,3,NIE,,
j-2024,12,19.11.2024,19.11.2024 09:28:25,34,144,Łódzkie,157,Medycyna pracy,2024/027934,Rezydencki,81.37,4.38,22.10.2024 14:41:17,2,NIE,,
j-2024,12,19.11.2024,19.11.2024 09:28:25,34,144,Łódzkie,158,Medycyna pracy,2024/029358,Rezydencki,80.49,0.00,09.10.2024 10:19:14,2,NIE,,
j-2024,12,19.11.2024,19.11.2024 09:28:25,34,144,Łódzkie,159,Medycyna pracy,2024/033219,Pozarezydencki,70.91,3.68,30.09.2024 09:14:56,7,NIE,,
j-2024,12,19.11.2024,19.11.2024 09:28:25,34,144,Łódzkie,160,Medycyna pracy,2024/022937,Pozarezydencki,69.86,0.00,02.10.2024 19:17:22,7,NIE,,
j-2024,12,19.11.2024,19.11.2024 09:28:25,34,144,Łódzkie,161,Medycyna pracy,2024/033613,Pozarezydencki,68.69,4.14,30.09.2024 15:30:28,7,NIE,,
j-2024,12,19.11.2024,19.11.2024 09:28:25,34,144,Łódzkie,162,Medycyna pracy,2024/034086,Pozarezydencki,61.93,0.00,12.10.2024 22:13:47,7,NIE,,
j-2024,12,19.11.2024,19.11.2024 09:28:25,34,144,Łódzkie,163,Medycyna pracy,2024/024138,Pozarezydencki,59.26,3.26,03.10.2024 22:41:34,7,NIE,,
j-2024,12,19.11.2024,19.11.2024 09:28:25,34,144,Łódzkie,164,Medycyna pracy,2024/033438,Pozarezydencki,59.09,0.00,10.10.2024 13:06:32,7,NIE,,
j-2024,12,19.11.2024,19.11.2024 09:28:25,34,144,Łódzkie,165,Medycyna pracy,2024/027632,Pozarezydencki,53.46,3.23,11.10.2024 14:33:27,7,NIE,,
j-2024,12,19.11.2024,19.11.2024 09:28:25,34,144,Łódzkie,166,Medycyna ratunkowa,2024/026615,Rezydencki,81.37,3.91,05.10.2024 13:20:09,2,NIE,,
j-2024,12,19.11.2024,19.11.2024 09:28:25,34,144,Łódzkie,167,Medycyna ratunkowa,2024/027059,Rezydencki,70.59,0.00,07.10.2024 21:50:06,2,NIE,,
j-2024,12,19.11.2024,19.11.2024 09:28:25,34,144,Łódzkie,168,Medycyna ratunkowa,2024/034040,Pozarezydencki,69.27,0.00,30.09.2024 21:19:47,1,NIE,,
j-2024,12,19.11.2024,19.11.2024 09:28:25,34,144,Łódzkie,169,Medycyna rodzinna,2024/031457,Rezydencki,89.61,4.20,30.09.2024 21:44:59,17,NIE,,
j-2024,12,19.11.2024,19.11.2024 09:28:25,34,144,Łódzkie,170,Medycyna rodzinna,2024/031719,Rezydencki,88.89,3.96,27.09.2024 20:15:36,17,NIE,,
j-2024,12,19.11.2024,19.11.2024 09:28:25,34,144,Łódzkie,171,Medycyna rodzinna,2024/029184,Rezydencki,88.29,4.26,29.09.2024 21:23:21,17,NIE,,
j-2024,12,19.11.2024,19.11.2024 09:28:25,34,144,Łódzkie,172,Medycyna rodzinna,2024/028545,Rezydencki,88.24,4.31,27.09.2024 16:56:26,17,NIE,,
j-2024,12,19.11.2024,19.11.2024 09:28:25,34,144,Łódzkie,173,Medycyna rodzinna,2024/026382,Rezydencki,88.24,3.98,26.09.2024 11:36:25,17,NIE,,
j-2024,12,19.11.2024,19.11.2024 09:28:25,34,144,Łódzkie,174,Medycyna rodzinna,2024/030435,Rezydencki,87.75,4.16,27.09.2024 14:04:59,17,NIE,,
j-2024,12,19.11.2024,19.11.2024 09:28:25,35,144,Łódzkie,175,Medycyna rodzinna,2024/029279,Rezydencki,86.96,4.01,24.09.2024 20:34:51,17,NIE,,
j-2024,12,19.11.2024,19.11.2024 09:28:25,35,144,Łódzkie,176,Medycyna rodzinna,2024/026943,Rezydencki,86.96,3.98,29.09.2024 14:28:14,17,NIE,,
j-2024,12,19.11.2024,19.11.2024 09:28:25,35,144,Łódzkie,177,Medycyna rodzinna,2024/024338,Rezydencki,86.76,4.31,07.09.2024 17:29:05,17,NIE,,
j-2024,12,19.11.2024,19.11.2024 09:28:25,35,144,Łódzkie,178,Medycyna rodzinna,2024/031987,Rezydencki,86.47,4.26,06.10.2024 10:54:49,17,NIE,,
j-2024,12,19.11.2024,19.11.2024 09:28:25,35,144,Łódzkie,179,Medycyna rodzinna,2024/024295,Rezydencki,85.99,3.74,13.09.2024 13:17:18,17,NIE,,
j-2024,12,19.11.2024,19.11.2024 09:28:25,35,144,Łódzkie,180,Medycyna rodzinna,2024/030838,Rezydencki,85.78,4.23,28.09.2024 15:56:36,17,NIE,,
j-2024,12,19.11.2024,19.11.2024 09:28:25,35,144,Łódzkie,181,Medycyna rodzinna,2024/031115,Rezydencki,85.54,4.11,08.10.2024 09:58:44,17,NIE,,
j-2024,12,19.11.2024,19.11.2024 09:28:25,35,144,Łódzkie,182,Medycyna rodzinna,2024/024349,Rezydencki,85.37,4.09,23.09.2024 21:19:06,17,NIE,,
j-2024,12,19.11.2024,19.11.2024 09:28:25,35,144,Łódzkie,183,Medycyna rodzinna,2024/028626,Rezydencki,85.02,3.90,26.09.2024 19:29:58,17,NIE,,
j-2024,12,19.11.2024,19.11.2024 09:28:25,35,144,Łódzkie,184,Medycyna rodzinna,2024/030357,Rezydencki,84.88,3.95,27.09.2024 14:41:52,17,NIE,,
j-2024,12,19.11.2024,19.11.2024 09:28:25,35,144,Łódzkie,185,Medycyna rodzinna,2024/031514,Rezydencki,83.57,4.11,29.09.2024 08:17:40,17,NIE,,
j-2024,12,19.11.2024,19.11.2024 09:28:25,35,144,Łódzkie,186,Medycyna rodzinna,2024/023207,Pozarezydencki,80.00,4.06,02.09.2024 22:01:58,2,NIE,,
j-2024,12,19.11.2024,19.11.2024 09:28:25,35,144,Łódzkie,187,Medycyna rodzinna,2024/031996,Pozarezydencki,74.53,4.19,09.10.2024 14:28:47,2,NIE,,
j-2024,12,19.11.2024,19.11.2024 09:28:25,35,144,Łódzkie,188,Medycyna sądowa,2024/024371,Rezydencki,85.29,4.20,27.09.2024 17:21:08,3,NIE,,
j-2024,12,19.11.2024,19.11.2024 09:28:25,35,144,Łódzkie,189,Medycyna sądowa,2024/025340,Rezydencki,83.57,3.53,29.09.2024 23:22:16,3,NIE,,
j-2024,12,19.11.2024,19.11.2024 09:28:25,35,144,Łódzkie,190,Medycyna sądowa,2024/031505,Rezydencki,68.84,3.47,28.09.2024 15:20:33,3,NIE,,
j-2024,12,19.11.2024,19.11.2024 09:28:25,35,144,Łódzkie,191,Medycyna sądowa,2024/022353,Pozarezydencki,63.43,3.42,04.10.2024 21:07:36,1,NIE,,
j-2024,12,19.11.2024,19.11.2024 09:28:25,35,144,Łódzkie,192,Mikrobiologia lekarska,2024/033676,Rezydencki,74.15,3.80,30.09.2024 21:06:51,1,NIE,,
j-2024,12,19.11.2024,19.11.2024 09:28:25,35,144,Łódzkie,193,Nefrologia,2024/027928,Rezydencki,87.68,4.00,10.10.2024 15:04:02,6,NIE,,
j-2024,12,19.11.2024,19.11.2024 09:28:25,35,144,Łódzkie,194,Nefrologia,2024/024673,Rezydencki,85.85,3.79,26.09.2024 22:13:10,6,NIE,,
j-2024,12,19.11.2024,19.11.2024 09:28:25,35,144,Łódzkie,195,Nefrologia,2024/029780,Rezydencki,83.57,4.06,30.09.2024 12:29:26,6,NIE,,
j-2024,12,19.11.2024,19.11.2024 09:28:25,35,144,Łódzkie,196,Nefrologia,2024/028466,Rezydencki,83.09,3.60,23.09.2024 15:07:30,6,NIE,,
j-2024,12,19.11.2024,19.11.2024 09:28:25,35,144,Łódzkie,197,Nefrologia,2024/033356,Rezydencki,79.41,3.60,30.09.2024 21:37:16,6,NIE,,
j-2024,12,19.11.2024,19.11.2024 09:28:25,35,144,Łódzkie,198,Nefrologia,2024/028630,Rezydencki,78.43,3.85,29.09.2024 18:34:18,6,NIE,,
j-2024,12,19.11.2024,19.11.2024 09:28:25,35,144,Łódzkie,199,Nefrologia,2024/029199,Pozarezydencki,71.14,4.24,26.09.2024 18:02:47,2,NIE,,
j-2024,12,19.11.2024,19.11.2024 09:28:25,35,144,Łódzkie,200,Nefrologia,2024/027723,Pozarezydencki,71.03,4.04,10.10.2024 15:34:37,2,NIE,,
j-2024,12,19.11.2024,19.11.2024 09:28:25,35,144,Łódzkie,201,Neonatologia,2024/026953,Rezydencki,88.73,4.05,26.09.2024 17:07:23,4,NIE,,
j-2024,12,19.11.2024,19.11.2024 09:28:25,35,144,Łódzkie,202,Neonatologia,2024/028835,Rezydencki,83.82,4.02,27.09.2024 16:03:46,4,NIE,,
j-2024,12,19.11.2024,19.11.2024 09:28:25,35,144,Łódzkie,203,Neonatologia,2024/022597,Rezydencki,80.68,3.57,01.09.2024 18:00:02,4,NIE,,
j-2024,12,19.11.2024,19.11.2024 09:28:25,35,144,Łódzkie,204,Neonatologia,2024/031273,Rezydencki,75.98,3.13,30.09.2024 18:14:14,4,NIE,,
j-2024,12,19.11.2024,19.11.2024 09:28:25,35,144,Łódzkie,205,Neurochirurgia,2024/022244,Rezydencki,88.89,3.91,27.09.2024 15:33:52,1,NIE,,
j-2024,12,19.11.2024,19.11.2024 09:28:25,35,144,Łódzkie,206,Neurologia,2024/022706,Rezydencki,90.34,4.25,03.09.2024 09:33:07,10,NIE,,
j-2024,12,19.11.2024,19.11.2024 09:28:25,35,144,Łódzkie,207,Neurologia,2024/023755,Rezydencki,89.86,4.50,23.09.2024 13:19:06,10,NIE,,
j-2024,12,19.11.2024,19.11.2024 09:28:25,35,144,Łódzkie,208,Neurologia,2024/024439,Rezydencki,89.76,4.44,10.09.2024 20:51:11,10,NIE,,
j-2024,12,19.11.2024,19.11.2024 09:28:25,35,144,Łódzkie,209,Neurologia,2024/024337,Rezydencki,89.37,4.13,19.09.2024 15:30:14,10,NIE,,
j-2024,12,19.11.2024,19.11.2024 09:28:25,35,144,Łódzkie,210,Neurologia,2024/024329,Rezydencki,88.89,4.20,09.09.2024 13:48:33,10,NIE,,
j-2024,12,19.11.2024,19.11.2024 09:28:25,35,144,Łódzkie,211,Neurologia,2024/030617,Rezydencki,88.78,3.93,30.09.2024 17:19:22,10,NIE,,
j-2024,12,19.11.2024,19.11.2024 09:28:25,35,144,Łódzkie,212,Neurologia,2024/026619,Rezydencki,87.44,4.22,30.09.2024 14:44:39,10,NIE,,
j-2024,12,19.11.2024,19.11.2024 09:28:25,36,144,Łódzkie,213,Neurologia,2024/023188,Rezydencki,86.83,3.95,29.09.2024 15:15:13,10,NIE,,
j-2024,12,19.11.2024,19.11.2024 09:28:25,36,144,Łódzkie,214,Neurologia,2024/032620,Rezydencki,85.85,4.31,30.09.2024 20:35:12,10,NIE,,
j-2024,12,19.11.2024,19.11.2024 09:28:25,36,144,Łódzkie,215,Neurologia,2024/024472,Rezydencki,84.80,3.72,03.10.2024 15:37:05,10,NIE,,
j-2024,12,19.11.2024,19.11.2024 09:28:25,36,144,Łódzkie,216,Neurologia dziecięca,2024/027405,Rezydencki,89.71,4.05,24.09.2024 21:57:49,3,NIE,,
j-2024,12,19.11.2024,19.11.2024 09:28:25,36,144,Łódzkie,217,Neurologia dziecięca,2024/031761,Rezydencki,83.82,3.91,29.09.2024 20:57:59,3,NIE,,
j-2024,12,19.11.2024,19.11.2024 09:28:25,36,144,Łódzkie,218,Neurologia dziecięca,2024/024360,Rezydencki,83.41,3.74,28.09.2024 22:43:02,3,NIE,,
j-2024,12,19.11.2024,19.11.2024 09:28:25,36,144,Łódzkie,219,Okulistyka,2024/029951,Rezydencki,89.86,3.99,25.09.2024 19:09:10,3,NIE,,
j-2024,12,19.11.2024,19.11.2024 09:28:25,36,144,Łódzkie,220,Okulistyka,2024/030940,Rezydencki,89.27,4.12,05.10.2024 13:09:12,3,NIE,,
j-2024,12,19.11.2024,19.11.2024 09:28:25,36,144,Łódzkie,221,Okulistyka,2024/028605,Rezydencki,88.78,4.28,07.10.2024 21:33:25,3,NIE,,
j-2024,12,19.11.2024,19.11.2024 09:28:25,36,144,Łódzkie,222,Okulistyka,2024/023475,Pozarezydencki,80.65,3.36,23.09.2024 18:24:24,5,NIE,,
j-2024,12,19.11.2024,19.11.2024 09:28:25,36,144,Łódzkie,223,Okulistyka,2024/031061,Pozarezydencki,80.47,3.65,26.09.2024 21:22:06,5,NIE,,
j-2024,12,19.11.2024,19.11.2024 09:28:25,36,144,Łódzkie,224,Okulistyka,2024/023914,Pozarezydencki,78.50,4.56,27.09.2024 15:04:05,5,NIE,,
j-2024,12,19.11.2024,19.11.2024 09:28:25,36,144,Łódzkie,225,Okulistyka,2024/028640,Pozarezydencki,78.34,3.02,30.09.2024 18:37:43,5,NIE,,
j-2024,12,19.11.2024,19.11.2024 09:28:25,36,144,Łódzkie,226,Okulistyka,2024/029863,Pozarezydencki,76.74,4.11,30.09.2024 13:04:52,5,NIE,,
j-2024,12,19.11.2024,19.11.2024 09:28:25,36,144,Łódzkie,227,Onkologia kliniczna,2024/022501,Rezydencki,89.37,4.45,06.09.2024 16:21:24,7,NIE,,
j-2024,12,19.11.2024,19.11.2024 09:28:25,36,144,Łódzkie,228,Onkologia kliniczna,2024/030854,Rezydencki,89.27,4.56,28.09.2024 19:31:31,7,NIE,,
j-2024,12,19.11.2024,19.11.2024 09:28:25,36,144,Łódzkie,229,Onkologia kliniczna,2024/022503,Rezydencki,88.89,3.82,30.09.2024 18:43:15,7,NIE,,
j-2024,12,19.11.2024,19.11.2024 09:28:25,36,144,Łódzkie,230,Onkologia kliniczna,2024/026094,Rezydencki,85.37,4.25,15.09.2024 17:16:49,7,NIE,,
j-2024,12,19.11.2024,19.11.2024 09:28:25,36,144,Łódzkie,231,Onkologia kliniczna,2024/023367,Rezydencki,85.29,3.79,29.09.2024 21:43:25,7,NIE,,
j-2024,12,19.11.2024,19.11.2024 09:28:25,36,144,Łódzkie,232,Onkologia kliniczna,2024/033878,Rezydencki,71.50,3.95,30.09.2024 20:42:43,7,NIE,,
j-2024,12,19.11.2024,19.11.2024 09:28:25,36,144,Łódzkie,233,Onkologia kliniczna,2024/022903,Rezydencki,66.67,3.22,29.09.2024 10:58:05,7,NIE,,
j-2024,12,19.11.2024,19.11.2024 09:28:25,36,144,Łódzkie,234,Onkologia kliniczna,2024/031225,Pozarezydencki,69.32,3.49,10.10.2024 22:32:17,1,NIE,,
j-2024,12,19.11.2024,19.11.2024 09:28:25,36,144,Łódzkie,235,Ortodoncja,2024/025475,Rezydencki,87.02,3.93,16.09.2024 20:37:18,2,NIE,,
j-2024,12,19.11.2024,19.11.2024 09:28:25,36,144,Łódzkie,236,Ortodoncja,2024/027227,Rezydencki,86.54,4.02,19.09.2024 11:36:47,2,NIE,,
j-2024,12,19.11.2024,19.11.2024 09:28:25,36,144,Łódzkie,237,Ortodoncja,2024/027709,Pozarezydencki,93.64,4.52,29.09.2024 17:00:00,1,NIE,,
j-2024,12,19.11.2024,19.11.2024 09:28:25,36,144,Łódzkie,238,Ortopedia i traumatologia narządu ruchu,2024/026325,Rezydencki,90.20,4.54,25.09.2024 21:54:05,19,NIE,,
j-2024,12,19.11.2024,19.11.2024 09:28:25,36,144,Łódzkie,239,Ortopedia i traumatologia narządu ruchu,2024/031521,Rezydencki,88.78,4.61,27.09.2024 15:01:09,19,NIE,,
j-2024,12,19.11.2024,19.11.2024 09:28:25,36,144,Łódzkie,240,Ortopedia i traumatologia narządu ruchu,2024/032601,Rezydencki,87.75,4.40,29.09.2024 17:46:30,19,NIE,,
j-2024,12,19.11.2024,19.11.2024 09:28:25,36,144,Łódzkie,241,Ortopedia i traumatologia narządu ruchu,2024/031187,Rezydencki,87.44,3.16,29.09.2024 22:47:55,19,NIE,,
j-2024,12,19.11.2024,19.11.2024 09:28:25,36,144,Łódzkie,242,Ortopedia i traumatologia narządu ruchu,2024/022776,Rezydencki,86.27,4.22,26.09.2024 16:39:53,19,NIE,,
j-2024,12,19.11.2024,19.11.2024 09:28:25,36,144,Łódzkie,243,Ortopedia i traumatologia narządu ruchu,2024/030125,Rezydencki,85.99,3.93,27.09.2024 17:44:10,19,NIE,,
j-2024,12,19.11.2024,19.11.2024 09:28:25,36,144,Łódzkie,244,Ortopedia i traumatologia narządu ruchu,2024/023530,Rezydencki,85.78,4.28,04.09.2024 19:25:01,19,NIE,,
j-2024,12,19.11.2024,19.11.2024 09:28:25,36,144,Łódzkie,245,Ortopedia i traumatologia narządu ruchu,2024/022329,Rezydencki,85.29,3.71,26.09.2024 17:14:03,19,NIE,,
j-2024,12,19.11.2024,19.11.2024 09:28:25,36,144,Łódzkie,246,Ortopedia i traumatologia narządu ruchu,2024/030760,Rezydencki,82.13,3.67,14.10.2024 10:03:02,19,NIE,,
j-2024,12,19.11.2024,19.11.2024 09:28:25,36,144,Łódzkie,247,Ortopedia i traumatologia narządu ruchu,2024/026079,Rezydencki,81.46,3.87,15.09.2024 16:48:33,19,NIE,,
j-2024,12,19.11.2024,19.11.2024 09:28:25,36,144,Łódzkie,248,Ortopedia i traumatologia narządu ruchu,2024/031077,Rezydencki,80.39,3.18,30.09.2024 20:33:34,19,NIE,,
j-2024,12,19.11.2024,19.11.2024 09:28:25,36,144,Łódzkie,249,Ortopedia i traumatologia narządu ruchu,2024/026178,Rezydencki,80.00,0.00,11.10.2024 12:07:38,19,NIE,,
j-2024,12,19.11.2024,19.11.2024 09:28:25,36,144,Łódzkie,250,Ortopedia i traumatologia narządu ruchu,2024/023912,Rezydencki,79.41,3.77,18.10.2024 15:22:59,19,NIE,,
j-2024,12,19.11.2024,19.11.2024 09:28:25,37,144,Łódzkie,251,Ortopedia i traumatologia narządu ruchu,2024/033691,Rezydencki,78.74,2.84,30.09.2024 16:57:12,19,NIE,,
j-2024,12,19.11.2024,19.11.2024 09:28:25,37,144,Łódzkie,252,Ortopedia i traumatologia narządu ruchu,2024/032953,Rezydencki,73.77,3.09,30.09.2024 15:09:13,19,NIE,,
j-2024,12,19.11.2024,19.11.2024 09:28:25,37,144,Łódzkie,253,Ortopedia i traumatologia narządu ruchu,2024/033915,Rezydencki,72.55,0.00,30.09.2024 20:14:32,19,NIE,,
j-2024,12,19.11.2024,19.11.2024 09:28:25,37,144,Łódzkie,254,Ortopedia i traumatologia narządu ruchu,2024/032962,Rezydencki,67.65,4.04,07.10.2024 12:45:51,19,NIE,,
j-2024,12,19.11.2024,19.11.2024 09:28:25,37,144,Łódzkie,255,Ortopedia i traumatologia narządu ruchu,2024/032994,Rezydencki,66.18,3.53,30.09.2024 15:14:51,19,NIE,,
j-2024,12,19.11.2024,19.11.2024 09:28:25,37,144,Łódzkie,256,Ortopedia i traumatologia narządu ruchu,2024/029776,Rezydencki,55.88,3.70,26.09.2024 15:13:38,19,NIE,,
j-2024,12,19.11.2024,19.11.2024 09:28:25,37,144,Łódzkie,257,Otorynolaryngologia,2024/032683,Rezydencki,90.34,3.90,29.09.2024 19:00:37,4,NIE,,
j-2024,12,19.11.2024,19.11.2024 09:28:25,37,144,Łódzkie,258,Otorynolaryngologia,2024/033009,Rezydencki,89.13,4.24,30.09.2024 22:41:08,4,NIE,,
j-2024,12,19.11.2024,19.11.2024 09:28:25,37,144,Łódzkie,259,Otorynolaryngologia,2024/033030,Rezydencki,86.71,4.28,29.09.2024 22:40:50,4,NIE,,
j-2024,12,19.11.2024,19.11.2024 09:28:25,37,144,Łódzkie,260,Otorynolaryngologia,2024/027815,Rezydencki,85.37,3.67,07.10.2024 17:17:49,4,NIE,,
j-2024,12,19.11.2024,19.11.2024 09:28:25,37,144,Łódzkie,261,Otorynolaryngologia,2024/031160,Pozarezydencki,79.21,4.11,05.10.2024 12:39:17,2,NIE,,
j-2024,12,19.11.2024,19.11.2024 09:28:25,37,144,Łódzkie,262,Otorynolaryngologia,2024/029542,Pozarezydencki,78.97,3.75,30.09.2024 19:13:11,2,NIE,,
j-2024,12,19.11.2024,19.11.2024 09:28:25,37,144,Łódzkie,263,Otorynolaryngologia dziecięca,2024/030485,Rezydencki,86.47,4.15,28.09.2024 15:19:51,2,NIE,,
j-2024,12,19.11.2024,19.11.2024 09:28:25,37,144,Łódzkie,264,Otorynolaryngologia dziecięca,2024/022607,Rezydencki,82.84,4.03,27.09.2024 15:17:33,2,NIE,,
j-2024,12,19.11.2024,19.11.2024 09:28:25,37,144,Łódzkie,265,Patomorfologia,2024/028872,Rezydencki,87.44,3.64,28.09.2024 19:34:16,1,NIE,,
j-2024,12,19.11.2024,19.11.2024 09:28:25,37,144,Łódzkie,266,Pediatria,2024/030770,Rezydencki,91.18,4.50,28.09.2024 20:45:38,24,NIE,,
j-2024,12,19.11.2024,19.11.2024 09:28:25,37,144,Łódzkie,267,Pediatria,2024/026729,Rezydencki,90.20,4.33,17.09.2024 17:26:59,24,NIE,,
j-2024,12,19.11.2024,19.11.2024 09:28:25,37,144,Łódzkie,268,Pediatria,2024/033936,Rezydencki,89.86,4.59,30.09.2024 21:25:00,24,NIE,,
j-2024,12,19.11.2024,19.11.2024 09:28:25,37,144,Łódzkie,269,Pediatria,2024/025483,Rezydencki,89.76,4.28,20.09.2024 20:59:23,24,NIE,,
j-2024,12,19.11.2024,19.11.2024 09:28:25,37,144,Łódzkie,270,Pediatria,2024/029174,Rezydencki,89.37,4.27,24.09.2024 17:54:52,24,NIE,,
j-2024,12,19.11.2024,19.11.2024 09:28:25,37,144,Łódzkie,271,Pediatria,2024/029786,Rezydencki,89.37,4.20,30.09.2024 21:10:20,24,NIE,,
j-2024,12,19.11.2024,19.11.2024 09:28:25,37,144,Łódzkie,272,Pediatria,2024/025573,Rezydencki,89.22,4.50,24.09.2024 13:59:04,24,NIE,,
j-2024,12,19.11.2024,19.11.2024 09:28:25,37,144,Łódzkie,273,Pediatria,2024/023099,Rezydencki,88.89,3.68,23.09.2024 00:27:10,24,NIE,,
j-2024,12,19.11.2024,19.11.2024 09:28:25,37,144,Łódzkie,274,Pediatria,2024/028526,Rezydencki,88.24,3.80,26.09.2024 00:00:53,24,NIE,,
j-2024,12,19.11.2024,19.11.2024 09:28:25,37,144,Łódzkie,275,Pediatria,2024/032942,Rezydencki,88.24,3.56,29.09.2024 22:07:46,24,NIE,,
j-2024,12,19.11.2024,19.11.2024 09:28:25,37,144,Łódzkie,276,Pediatria,2024/024212,Rezydencki,87.56,4.27,24.09.2024 21:44:28,24,NIE,,
j-2024,12,19.11.2024,19.11.2024 09:28:25,37,144,Łódzkie,277,Pediatria,2024/029866,Rezydencki,86.47,3.42,25.09.2024 18:24:01,24,NIE,,
j-2024,12,19.11.2024,19.11.2024 09:28:25,37,144,Łódzkie,278,Pediatria,2024/022237,Rezydencki,86.03,3.91,29.09.2024 18:43:47,24,NIE,,
j-2024,12,19.11.2024,19.11.2024 09:28:25,37,144,Łódzkie,279,Pediatria,2024/031410,Rezydencki,84.80,4.21,29.09.2024 16:14:25,24,NIE,,
j-2024,12,19.11.2024,19.11.2024 09:28:25,37,144,Łódzkie,280,Pediatria,2024/028490,Rezydencki,84.80,3.77,25.09.2024 19:02:20,24,NIE,,
j-2024,12,19.11.2024,19.11.2024 09:28:25,37,144,Łódzkie,281,Pediatria,2024/028313,Rezydencki,84.54,3.49,27.09.2024 08:59:41,24,NIE,,
j-2024,12,19.11.2024,19.11.2024 09:28:25,37,144,Łódzkie,282,Pediatria,2024/030616,Rezydencki,84.31,3.50,27.09.2024 10:11:11,24,NIE,,
j-2024,12,19.11.2024,19.11.2024 09:28:25,37,144,Łódzkie,283,Pediatria,2024/028625,Rezydencki,81.46,4.06,28.09.2024 10:23:49,24,NIE,,
j-2024,12,19.11.2024,19.11.2024 09:28:25,37,144,Łódzkie,284,Pediatria,2024/029319,Rezydencki,81.37,4.16,29.09.2024 00:16:27,24,NIE,,
j-2024,12,19.11.2024,19.11.2024 09:28:25,37,144,Łódzkie,285,Pediatria,2024/033335,Rezydencki,78.43,3.74,30.09.2024 17:44:50,24,NIE,,
j-2024,12,19.11.2024,19.11.2024 09:28:25,37,144,Łódzkie,286,Pediatria,2024/033653,Rezydencki,75.98,3.43,30.09.2024 17:54:00,24,NIE,,
j-2024,12,19.11.2024,19.11.2024 09:28:25,37,144,Łódzkie,287,Pediatria,2024/031041,Rezydencki,72.20,3.59,29.09.2024 19:45:02,24,NIE,,
j-2024,12,19.11.2024,19.11.2024 09:28:25,37,144,Łódzkie,288,Pediatria,2024/030394,Rezydencki,69.57,3.22,26.09.2024 11:11:39,24,NIE,,
j-2024,12,19.11.2024,19.11.2024 09:28:25,38,144,Łódzkie,289,Pediatria,2024/024089,Rezydencki,57.00,3.57,05.09.2024 23:16:34,24,NIE,,
j-2024,12,19.11.2024,19.11.2024 09:28:25,38,144,Łódzkie,290,Pediatria,2024/029758,Pozarezydencki,81.40,3.68,25.09.2024 17:12:17,1,NIE,,
j-2024,12,19.11.2024,19.11.2024 09:28:25,38,144,Łódzkie,291,Położnictwo i ginekologia,2024/022843,Rezydencki,91.55,4.39,24.09.2024 19:53:00,25,NIE,,
j-2024,12,19.11.2024,19.11.2024 09:28:25,38,144,Łódzkie,292,Położnictwo i ginekologia,2024/029742,Rezydencki,89.37,3.77,28.09.2024 22:03:43,25,NIE,,
j-2024,12,19.11.2024,19.11.2024 09:28:25,38,144,Łódzkie,293,Położnictwo i ginekologia,2024/029153,Rezydencki,88.89,4.44,09.10.2024 18:23:00,25,NIE,,
j-2024,12,19.11.2024,19.11.2024 09:28:25,38,144,Łódzkie,294,Położnictwo i ginekologia,2024/027807,Rezydencki,88.78,4.06,24.09.2024 22:23:03,25,NIE,,
j-2024,12,19.11.2024,19.11.2024 09:28:25,38,144,Łódzkie,295,Położnictwo i ginekologia,2024/029327,Rezydencki,88.65,4.42,26.09.2024 20:13:54,25,NIE,,
j-2024,12,19.11.2024,19.11.2024 09:28:25,38,144,Łódzkie,296,Położnictwo i ginekologia,2024/030094,Rezydencki,87.92,3.49,29.09.2024 22:31:15,25,NIE,,
j-2024,12,19.11.2024,19.11.2024 09:28:25,38,144,Łódzkie,297,Położnictwo i ginekologia,2024/028695,Rezydencki,87.80,4.28,30.09.2024 20:01:22,25,NIE,,
j-2024,12,19.11.2024,19.11.2024 09:28:25,38,144,Łódzkie,298,Położnictwo i ginekologia,2024/031551,Rezydencki,87.75,4.03,27.09.2024 15:49:55,25,NIE,,
j-2024,12,19.11.2024,19.11.2024 09:28:25,38,144,Łódzkie,299,Położnictwo i ginekologia,2024/028710,Rezydencki,87.25,4.25,27.09.2024 12:13:33,25,NIE,,
j-2024,12,19.11.2024,19.11.2024 09:28:25,38,144,Łódzkie,300,Położnictwo i ginekologia,2024/030378,Rezydencki,87.01,3.68,21.10.2024 09:52:23,25,NIE,,
j-2024,12,19.11.2024,19.11.2024 09:28:25,38,144,Łódzkie,301,Położnictwo i ginekologia,2024/022656,Rezydencki,86.83,3.96,27.09.2024 16:06:18,25,NIE,,
j-2024,12,19.11.2024,19.11.2024 09:28:25,38,144,Łódzkie,302,Położnictwo i ginekologia,2024/023790,Rezydencki,86.47,4.00,08.10.2024 11:47:46,25,NIE,,
j-2024,12,19.11.2024,19.11.2024 09:28:25,38,144,Łódzkie,303,Położnictwo i ginekologia,2024/029360,Rezydencki,86.27,4.06,24.09.2024 22:42:10,25,NIE,,
j-2024,12,19.11.2024,19.11.2024 09:28:25,38,144,Łódzkie,304,Położnictwo i ginekologia,2024/030754,Rezydencki,86.10,3.90,29.09.2024 22:14:05,25,NIE,,
j-2024,12,19.11.2024,19.11.2024 09:28:25,38,144,Łódzkie,305,Położnictwo i ginekologia,2024/029761,Rezydencki,85.99,4.32,10.10.2024 09:12:04,25,NIE,,
j-2024,12,19.11.2024,19.11.2024 09:28:25,38,144,Łódzkie,306,Położnictwo i ginekologia,2024/027386,Rezydencki,85.99,3.88,19.09.2024 19:08:18,25,NIE,,
j-2024,12,19.11.2024,19.11.2024 09:28:25,38,144,Łódzkie,307,Położnictwo i ginekologia,2024/022620,Rezydencki,85.78,4.13,30.09.2024 13:40:31,25,NIE,,
j-2024,12,19.11.2024,19.11.2024 09:28:25,38,144,Łódzkie,308,Położnictwo i ginekologia,2024/023910,Rezydencki,85.75,3.66,10.09.2024 15:14:55,25,NIE,,
j-2024,12,19.11.2024,19.11.2024 09:28:25,38,144,Łódzkie,309,Położnictwo i ginekologia,2024/032449,Rezydencki,85.51,3.95,29.09.2024 15:18:47,25,NIE,,
j-2024,12,19.11.2024,19.11.2024 09:28:25,38,144,Łódzkie,310,Położnictwo i ginekologia,2024/022915,Rezydencki,85.51,3.69,27.09.2024 10:37:16,25,NIE,,
j-2024,12,19.11.2024,19.11.2024 09:28:25,38,144,Łódzkie,311,Położnictwo i ginekologia,2024/029281,Rezydencki,84.80,3.77,30.09.2024 18:45:05,25,NIE,,
j-2024,12,19.11.2024,19.11.2024 09:28:25,38,144,Łódzkie,312,Położnictwo i ginekologia,2024/026270,Rezydencki,84.56,3.93,27.09.2024 13:35:27,25,NIE,,
j-2024,12,19.11.2024,19.11.2024 09:28:25,38,144,Łódzkie,313,Położnictwo i ginekologia,2024/027917,Rezydencki,83.82,3.10,28.09.2024 19:46:58,25,NIE,,
j-2024,12,19.11.2024,19.11.2024 09:28:25,38,144,Łódzkie,314,Położnictwo i ginekologia,2024/033067,Rezydencki,83.09,3.54,30.09.2024 18:51:30,25,NIE,,
j-2024,12,19.11.2024,19.11.2024 09:28:25,38,144,Łódzkie,315,Położnictwo i ginekologia,2024/028792,Rezydencki,82.11,3.94,29.09.2024 00:34:08,25,NIE,,
j-2024,12,19.11.2024,19.11.2024 09:28:25,38,144,Łódzkie,316,Położnictwo i ginekologia,2024/024873,Pozarezydencki,84.10,4.23,29.09.2024 21:27:12,2,NIE,,
j-2024,12,19.11.2024,19.11.2024 09:28:25,38,144,Łódzkie,317,Położnictwo i ginekologia,2024/033983,Pozarezydencki,61.21,3.56,22.10.2024 23:15:04,2,NIE,,
j-2024,12,19.11.2024,19.11.2024 09:28:25,38,144,Łódzkie,318,Protetyka stomatologiczna,2024/034113,Rezydencki,85.58,4.05,08.10.2024 21:12:09,5,NIE,,
j-2024,12,19.11.2024,19.11.2024 09:28:25,38,144,Łódzkie,319,Protetyka stomatologiczna,2024/028867,Rezydencki,84.13,4.55,27.09.2024 19:43:22,5,NIE,,
j-2024,12,19.11.2024,19.11.2024 09:28:25,38,144,Łódzkie,320,Protetyka stomatologiczna,2024/026880,Rezydencki,84.13,4.10,23.09.2024 21:41:31,5,NIE,,
j-2024,12,19.11.2024,19.11.2024 09:28:25,38,144,Łódzkie,321,Protetyka stomatologiczna,2024/031755,Rezydencki,84.05,4.09,16.10.2024 21:23:13,5,NIE,,
j-2024,12,19.11.2024,19.11.2024 09:28:25,38,144,Łódzkie,322,Protetyka stomatologiczna,2024/025193,Rezydencki,83.81,3.84,14.10.2024 20:14:32,5,NIE,,
j-2024,12,19.11.2024,19.11.2024 09:28:25,38,144,Łódzkie,323,Protetyka stomatologiczna,2024/023205,Pozarezydencki,89.09,3.83,07.10.2024 20:34:25,2,NIE,,
j-2024,12,19.11.2024,19.11.2024 09:28:25,38,144,Łódzkie,324,Protetyka stomatologiczna,2024/033630,Pozarezydencki,80.00,4.15,16.10.2024 09:25:41,2,NIE,,
j-2024,12,19.11.2024,19.11.2024 09:28:25,38,144,Łódzkie,325,Psychiatria,2024/027648,Rezydencki,91.79,4.58,20.09.2024 21:24:17,10,NIE,,
j-2024,12,19.11.2024,19.11.2024 09:28:25,38,144,Łódzkie,326,Psychiatria,2024/028740,Rezydencki,90.24,4.56,23.09.2024 21:05:09,10,NIE,,
j-2024,12,19.11.2024,19.11.2024 09:28:25,39,144,Łódzkie,327,Psychiatria,2024/022488,Rezydencki,89.71,4.04,14.09.2024 07:55:03,10,NIE,,
j-2024,12,19.11.2024,19.11.2024 09:28:25,39,144,Łódzkie,328,Psychiatria,2024/022212,Rezydencki,89.37,4.16,01.09.2024 00:24:15,10,NIE,,
j-2024,12,19.11.2024,19.11.2024 09:28:25,39,144,Łódzkie,329,Psychiatria,2024/023297,Rezydencki,87.44,4.31,03.09.2024 13:43:52,10,NIE,,
j-2024,12,19.11.2024,19.11.2024 09:28:25,39,144,Łódzkie,330,Psychiatria,2024/031927,Rezydencki,87.25,4.47,29.09.2024 16:34:37,10,NIE,,
j-2024,12,19.11.2024,19.11.2024 09:28:25,39,144,Łódzkie,331,Psychiatria,2024/022218,Rezydencki,86.96,3.70,01.09.2024 00:56:19,10,NIE,,
j-2024,12,19.11.2024,19.11.2024 09:28:25,39,144,Łódzkie,332,Psychiatria,2024/023812,Rezydencki,86.34,3.89,30.09.2024 21:42:31,10,NIE,,
j-2024,12,19.11.2024,19.11.2024 09:28:25,39,144,Łódzkie,333,Psychiatria,2024/029041,Rezydencki,86.27,4.10,28.09.2024 20:46:41,10,NIE,,
j-2024,12,19.11.2024,19.11.2024 09:28:25,39,144,Łódzkie,334,Psychiatria,2024/027777,Rezydencki,85.78,3.60,07.10.2024 16:26:52,10,NIE,,
j-2024,12,19.11.2024,19.11.2024 09:28:25,39,144,Łódzkie,335,Psychiatria,2024/026293,Pozarezydencki,62.39,3.26,16.10.2024 20:30:31,1,NIE,,
j-2024,12,19.11.2024,19.11.2024 09:28:25,39,144,Łódzkie,336,Psychiatria dzieci i młodzieży,2024/022553,Rezydencki,88.89,3.78,25.09.2024 17:42:52,3,NIE,,
j-2024,12,19.11.2024,19.11.2024 09:28:25,39,144,Łódzkie,337,Psychiatria dzieci i młodzieży,2024/025908,Rezydencki,88.78,3.54,22.09.2024 16:36:56,3,NIE,,
j-2024,12,19.11.2024,19.11.2024 09:28:25,39,144,Łódzkie,338,Psychiatria dzieci i młodzieży,2024/022220,Rezydencki,87.44,3.57,01.09.2024 00:50:51,3,NIE,,
j-2024,12,19.11.2024,19.11.2024 09:28:25,39,144,Łódzkie,339,Psychiatria dzieci i młodzieży,2024/024059,Pozarezydencki,84.55,4.61,19.09.2024 16:06:35,2,NIE,,
j-2024,12,19.11.2024,19.11.2024 09:28:25,39,144,Łódzkie,340,Psychiatria dzieci i młodzieży,2024/024039,Pozarezydencki,80.45,3.93,07.10.2024 00:06:57,2,NIE,,
j-2024,12,19.11.2024,19.11.2024 09:28:25,39,144,Łódzkie,341,Radiologia i diagnostyka obrazowa,2024/026654,Rezydencki,92.68,4.30,30.09.2024 13:58:28,8,NIE,,
j-2024,12,19.11.2024,19.11.2024 09:28:25,39,144,Łódzkie,342,Radiologia i diagnostyka obrazowa,2024/026760,Rezydencki,91.79,4.20,29.09.2024 14:33:55,8,NIE,,
j-2024,12,19.11.2024,19.11.2024 09:28:25,39,144,Łódzkie,343,Radiologia i diagnostyka obrazowa,2024/022287,Rezydencki,91.06,4.02,01.09.2024 10:50:37,8,NIE,,
j-2024,12,19.11.2024,19.11.2024 09:28:25,39,144,Łódzkie,344,Radiologia i diagnostyka obrazowa,2024/029195,Rezydencki,90.98,4.45,10.10.2024 13:19:51,8,NIE,,
j-2024,12,19.11.2024,19.11.2024 09:28:25,39,144,Łódzkie,345,Radiologia i diagnostyka obrazowa,2024/022312,Rezydencki,89.51,4.56,26.09.2024 20:56:27,8,NIE,,
j-2024,12,19.11.2024,19.11.2024 09:28:25,39,144,Łódzkie,346,Radiologia i diagnostyka obrazowa,2024/023525,Rezydencki,89.37,4.41,16.09.2024 18:42:28,8,NIE,,
j-2024,12,19.11.2024,19.11.2024 09:28:25,39,144,Łódzkie,347,Radiologia i diagnostyka obrazowa,2024/022471,Rezydencki,88.48,4.35,28.09.2024 12:26:57,8,NIE,,
j-2024,12,19.11.2024,19.11.2024 09:28:25,39,144,Łódzkie,348,Radiologia i diagnostyka obrazowa,2024/027356,Rezydencki,88.41,3.69,30.09.2024 12:44:15,8,NIE,,
j-2024,12,19.11.2024,19.11.2024 09:28:25,39,144,Łódzkie,349,Radiologia i diagnostyka obrazowa,2024/030543,Pozarezydencki,82.95,3.24,28.09.2024 17:41:41,2,NIE,,
j-2024,12,19.11.2024,19.11.2024 09:28:25,39,144,Łódzkie,350,Radiologia i diagnostyka obrazowa,2024/026246,Pozarezydencki,75.70,3.63,30.09.2024 20:42:37,2,NIE,,
j-2024,12,19.11.2024,19.11.2024 09:28:25,39,144,Łódzkie,351,Radioterapia onkologiczna,2024/029203,Rezydencki,86.96,4.05,30.09.2024 20:16:16,5,NIE,,
j-2024,12,19.11.2024,19.11.2024 09:28:25,39,144,Łódzkie,352,Radioterapia onkologiczna,2024/033076,Rezydencki,85.51,4.41,30.09.2024 23:38:33,5,NIE,,
j-2024,12,19.11.2024,19.11.2024 09:28:25,39,144,Łódzkie,353,Radioterapia onkologiczna,2024/030716,Rezydencki,84.54,3.40,26.09.2024 17:32:30,5,NIE,,
j-2024,12,19.11.2024,19.11.2024 09:28:25,39,144,Łódzkie,354,Radioterapia onkologiczna,2024/031154,Rezydencki,77.45,3.50,30.09.2024 23:40:57,5,NIE,,
j-2024,12,19.11.2024,19.11.2024 09:28:25,39,144,Łódzkie,355,Radioterapia onkologiczna,2024/022544,Rezydencki,77.29,3.74,02.09.2024 15:59:01,5,NIE,,
j-2024,12,19.11.2024,19.11.2024 09:28:25,39,144,Łódzkie,356,Rehabilitacja medyczna,2024/031710,Rezydencki,84.31,4.26,27.09.2024 19:42:01,1,NIE,,
j-2024,12,19.11.2024,19.11.2024 09:28:25,39,144,Łódzkie,357,Reumatologia,2024/026268,Rezydencki,91.30,4.46,25.09.2024 22:57:14,2,NIE,,
j-2024,12,19.11.2024,19.11.2024 09:28:25,39,144,Łódzkie,358,Reumatologia,2024/028228,Rezydencki,90.82,4.12,22.09.2024 23:56:44,2,NIE,,
j-2024,12,19.11.2024,19.11.2024 09:28:25,39,144,Łódzkie,359,Reumatologia,2024/027192,Pozarezydencki,78.04,4.44,26.09.2024 22:07:21,3,NIE,,
j-2024,12,19.11.2024,19.11.2024 09:28:25,39,144,Łódzkie,360,Reumatologia,2024/027392,Pozarezydencki,75.45,0.00,21.10.2024 20:34:41,3,NIE,,
j-2024,12,19.11.2024,19.11.2024 09:28:25,39,144,Łódzkie,361,Reumatologia,2024/026897,Pozarezydencki,73.62,4.17,23.09.2024 02:09:46,3,NIE,,
j-2024,12,19.11.2024,19.11.2024 09:28:25,39,144,Łódzkie,362,Stomatologia dziecięca,2024/025054,Rezydencki,86.19,3.94,03.10.2024 17:53:05,2,NIE,,
j-2024,12,19.11.2024,19.11.2024 09:28:25,39,144,Łódzkie,363,Stomatologia dziecięca,2024/025781,Rezydencki,83.17,4.45,24.09.2024 11:49:20,2,NIE,,
j-2024,12,19.11.2024,19.11.2024 09:28:25,39,144,Łódzkie,364,Stomatologia zachowawcza z endodoncją,2024/029995,Rezydencki,81.43,3.93,03.10.2024 20:13:19,2,NIE,,
j-2024,12,19.11.2024,19.11.2024 09:28:25,40,144,Łódzkie,365,Stomatologia zachowawcza z endodoncją,2024/034286,Rezydencki,81.07,3.91,30.09.2024 23:53:16,2,NIE,,
j-2024,12,19.11.2024,19.11.2024 09:28:25,40,144,Łódzkie,366,Transfuzjologia kliniczna,2024/026059,Pozarezydencki,71.56,4.20,09.10.2024 11:02:51,1,NIE,,
j-2024,12,19.11.2024,19.11.2024 09:28:25,40,144,Łódzkie,367,Transplantologia kliniczna,2024/028219,Pozarezydencki,89.09,4.77,10.10.2024 13:45:42,2,NIE,,
j-2024,12,19.11.2024,19.11.2024 09:28:25,40,144,Łódzkie,368,Transplantologia kliniczna,2024/032647,Pozarezydencki,80.91,0.00,09.10.2024 09:59:23,2,NIE,,
j-2024,12,19.11.2024,19.11.2024 09:28:25,40,144,Łódzkie,369,Urologia,2024/025636,Rezydencki,90.73,3.80,23.09.2024 17:27:54,10,NIE,,
j-2024,12,19.11.2024,19.11.2024 09:28:25,40,144,Łódzkie,370,Urologia,2024/022211,Rezydencki,89.37,3.75,01.09.2024 00:24:07,10,NIE,,
j-2024,12,19.11.2024,19.11.2024 09:28:25,40,144,Łódzkie,371,Urologia,2024/031676,Rezydencki,89.13,4.05,27.09.2024 19:16:33,10,NIE,,
j-2024,12,19.11.2024,19.11.2024 09:28:25,40,144,Łódzkie,372,Urologia,2024/022251,Rezydencki,88.89,4.33,30.09.2024 08:50:53,10,NIE,,
j-2024,12,19.11.2024,19.11.2024 09:28:25,40,144,Łódzkie,373,Urologia,2024/028896,Rezydencki,88.24,3.76,30.09.2024 09:31:37,10,NIE,,
j-2024,12,19.11.2024,19.11.2024 09:28:25,40,144,Łódzkie,374,Urologia,2024/032924,Rezydencki,87.92,4.17,10.10.2024 18:33:36,10,NIE,,
j-2024,12,19.11.2024,19.11.2024 09:28:25,40,144,Łódzkie,375,Urologia,2024/022343,Rezydencki,87.92,4.00,25.09.2024 16:33:41,10,NIE,,
j-2024,12,19.11.2024,19.11.2024 09:28:25,40,144,Łódzkie,376,Urologia,2024/029820,Rezydencki,87.75,3.31,27.09.2024 08:38:43,10,NIE,,
j-2024,12,19.11.2024,19.11.2024 09:28:25,40,144,Łódzkie,377,Urologia,2024/022605,Rezydencki,87.25,3.92,02.10.2024 14:19:45,10,NIE,,
j-2024,12,19.11.2024,19.11.2024 09:28:25,40,144,Łódzkie,378,Urologia,2024/032190,Rezydencki,87.25,3.48,29.09.2024 23:34:43,10,NIE,,
j-2024,12,19.11.2024,19.11.2024 09:28:25,40,144,Łódzkie,379,Urologia,2024/031428,Pozarezydencki,81.31,3.87,30.09.2024 22:37:16,3,NIE,,
j-2024,12,19.11.2024,19.11.2024 09:28:25,40,144,Łódzkie,380,Urologia,2024/028632,Pozarezydencki,75.81,3.59,30.09.2024 23:33:05,3,NIE,,
j-2024,12,19.11.2024,19.11.2024 09:28:25,40,144,Łódzkie,381,Urologia,2024/033280,Pozarezydencki,57.14,3.09,30.09.2024 10:20:10,3,NIE,,
j-2024,12,19.11.2024,19.11.2024 09:28:25,40,144,Łódzkie,382,Zdrowie publiczne,2024/023701,Pozarezydencki,2.27,0.00,07.10.2024 11:51:02,1,NIE,,
j-2024,12,19.11.2024,19.11.2024 09:28:25,40,144,Łódzkie,1,Położnictwo i ginekologia,2024/031448,Rezydencki,81.22,3.62,30.09.2024 18:39:21,1,TAK,Samodzielny Publiczny Zakład Opieki Zdrowotnej Centralny Szpital Kliniczny Uniwersytetu Medycznego w Łodzi,Klinika Położniczo-Ginekologiczna
j-2024,12,19.11.2024,19.11.2024 09:28:25,40,144,Łódzkie,1,Radiologia i diagnostyka obrazowa,2024/022526,Rezydencki,80.64,3.71,02.09.2024 11:10:00,1,TAK,Samodzielny Publiczny Zakład Opieki Zdrowotnej Uniwersytecki Szpital Kliniczny Nr 1 im. Norberta Barlickiego Uniwersytetu Medycznego w Łodzi,Zakład Radiologii
j-2024,12,19.11.2024,19.11.2024 09:28:25,40,144,Łódzkie,1,Neurologia,2024/022863,Rezydencki,87.44,4.26,01.10.2024 14:04:55,2,TAK,Samodzielny Publiczny Zakład Opieki Zdrowotnej Uniwersytecki Szpital Kliniczny Nr 1 im. Norberta Barlickiego Uniwersytetu Medycznego w Łodzi,Oddział Kliniczny Neurologii z Pododdziałem Leczenia Udarów Mózgu
j-2024,12,19.11.2024,19.11.2024 09:28:25,40,144,Łódzkie,2,Neurologia,2024/027304,Rezydencki,80.88,3.77,24.09.2024 10:45:05,2,TAK,Samodzielny Publiczny Zakład Opieki Zdrowotnej Uniwersytecki Szpital Kliniczny Nr 1 im. Norberta Barlickiego Uniwersytetu Medycznego w Łodzi,Oddział Kliniczny Neurologii z Pododdziałem Leczenia Udarów Mózgu
j-2024,12,19.11.2024,19.11.2024 09:28:25,40,144,Łódzkie,1,Dermatologia i wenerologia,2024/023328,Rezydencki,90.73,4.47,29.09.2024 20:50:57,1,TAK,Samodzielny Publiczny Zakład Opieki Zdrowotnej Uniwersytecki Szpital Kliniczny im. Wojskowej Akademii Medycznej Uniwersytetu Medycznego w,Łodzi - Centralny Szpital Weteranów Klinika Dermatologii i Wenerologii
j-2024,12,19.11.2024,19.11.2024 09:28:25,41,144,Małopolskie,1,Alergologia,2024/030075,Rezydencki,90.82,4.48,30.09.2024 18:33:35,9,NIE,,
j-2024,12,19.11.2024,19.11.2024 09:28:25,41,144,Małopolskie,2,Alergologia,2024/024069,Rezydencki,90.10,3.86,30.09.2024 23:32:21,9,NIE,,
j-2024,12,19.11.2024,19.11.2024 09:28:25,41,144,Małopolskie,3,Alergologia,2024/032746,Rezydencki,89.86,4.37,29.09.2024 20:39:55,9,NIE,,
j-2024,12,19.11.2024,19.11.2024 09:28:25,41,144,Małopolskie,4,Alergologia,2024/031671,Rezydencki,89.71,4.40,30.09.2024 17:18:43,9,NIE,,
j-2024,12,19.11.2024,19.11.2024 09:28:25,41,144,Małopolskie,5,Alergologia,2024/033260,Rezydencki,89.61,3.80,30.09.2024 14:08:43,9,NIE,,
j-2024,12,19.11.2024,19.11.2024 09:28:25,41,144,Małopolskie,6,Alergologia,2024/031248,Rezydencki,88.41,4.41,29.09.2024 13:15:21,9,NIE,,
j-2024,12,19.11.2024,19.11.2024 09:28:25,41,144,Małopolskie,7,Alergologia,2024/022555,Rezydencki,88.24,4.03,07.10.2024 20:38:34,9,NIE,,
j-2024,12,19.11.2024,19.11.2024 09:28:25,41,144,Małopolskie,8,Alergologia,2024/031811,Rezydencki,87.92,3.45,30.09.2024 23:57:13,9,NIE,,
j-2024,12,19.11.2024,19.11.2024 09:28:25,41,144,Małopolskie,9,Alergologia,2024/033083,Rezydencki,87.80,4.10,30.09.2024 19:56:07,9,NIE,,
j-2024,12,19.11.2024,19.11.2024 09:28:25,41,144,Małopolskie,10,Alergologia,2024/030203,Pozarezydencki,76.17,3.75,30.10.2024 12:51:26,4,NIE,,
j-2024,12,19.11.2024,19.11.2024 09:28:25,41,144,Małopolskie,11,Alergologia,2024/032126,Pozarezydencki,75.70,3.73,13.10.2024 20:02:02,4,NIE,,
j-2024,12,19.11.2024,19.11.2024 09:28:25,41,144,Małopolskie,12,Alergologia,2024/027178,Pozarezydencki,70.91,4.18,21.09.2024 09:33:26,4,NIE,,
j-2024,12,19.11.2024,19.11.2024 09:28:25,41,144,Małopolskie,13,Alergologia,2024/024333,Pozarezydencki,70.91,0.00,08.10.2024 20:25:29,4,NIE,,
j-2024,12,19.11.2024,19.11.2024 09:28:25,41,144,Małopolskie,14,Anestezjologia i intensywna terapia,2024/022345,Rezydencki,91.22,4.64,01.09.2024 11:10:46,15,NIE,,
j-2024,12,19.11.2024,19.11.2024 09:28:25,41,144,Małopolskie,15,Anestezjologia i intensywna terapia,2024/024287,Rezydencki,89.76,4.53,24.10.2024 13:27:10,15,NIE,,
j-2024,12,19.11.2024,19.11.2024 09:28:25,41,144,Małopolskie,16,Anestezjologia i intensywna terapia,2024/022679,Rezydencki,89.37,4.31,30.09.2024 20:39:23,15,NIE,,
j-2024,12,19.11.2024,19.11.2024 09:28:25,41,144,Małopolskie,17,Anestezjologia i intensywna terapia,2024/023777,Rezydencki,89.22,4.60,08.10.2024 10:27:39,15,NIE,,
j-2024,12,19.11.2024,19.11.2024 09:28:25,41,144,Małopolskie,18,Anestezjologia i intensywna terapia,2024/026879,Rezydencki,89.22,4.50,18.09.2024 08:14:45,15,NIE,,
j-2024,12,19.11.2024,19.11.2024 09:28:25,41,144,Małopolskie,19,Anestezjologia i intensywna terapia,2024/023811,Rezydencki,88.89,3.76,26.09.2024 22:04:54,15,NIE,,
j-2024,12,19.11.2024,19.11.2024 09:28:25,41,144,Małopolskie,20,Anestezjologia i intensywna terapia,2024/028330,Rezydencki,88.41,3.83,29.09.2024 22:32:24,15,NIE,,
j-2024,12,19.11.2024,19.11.2024 09:28:25,41,144,Małopolskie,21,Anestezjologia i intensywna terapia,2024/032224,Rezydencki,87.75,4.30,28.09.2024 22:03:33,15,NIE,,
j-2024,12,19.11.2024,19.11.2024 09:28:25,41,144,Małopolskie,22,Anestezjologia i intensywna terapia,2024/027865,Rezydencki,87.44,3.89,24.09.2024 14:24:31,15,NIE,,
j-2024,12,19.11.2024,19.11.2024 09:28:25,41,144,Małopolskie,23,Anestezjologia i intensywna terapia,2024/033855,Rezydencki,86.47,4.19,30.09.2024 23:43:42,15,NIE,,
j-2024,12,19.11.2024,19.11.2024 09:28:25,41,144,Małopolskie,24,Anestezjologia i intensywna terapia,2024/028503,Rezydencki,86.27,4.00,08.10.2024 16:50:08,15,NIE,,
j-2024,12,19.11.2024,19.11.2024 09:28:25,41,144,Małopolskie,25,Anestezjologia i intensywna terapia,2024/022954,Rezydencki,85.85,4.08,10.09.2024 14:01:22,15,NIE,,
j-2024,12,19.11.2024,19.11.2024 09:28:25,41,144,Małopolskie,26,Anestezjologia i intensywna terapia,2024/030660,Rezydencki,85.78,3.96,28.09.2024 12:44:00,15,NIE,,
j-2024,12,19.11.2024,19.11.2024 09:28:25,41,144,Małopolskie,27,Anestezjologia i intensywna terapia,2024/028177,Rezydencki,85.51,4.25,23.09.2024 16:06:18,15,NIE,,
j-2024,12,19.11.2024,19.11.2024 09:28:25,41,144,Małopolskie,28,Anestezjologia i intensywna terapia,2024/032405,Rezydencki,85.51,3.48,29.09.2024 12:58:34,15,NIE,,
j-2024,12,19.11.2024,19.11.2024 09:28:25,41,144,Małopolskie,29,Anestezjologia i intensywna terapia,2024/024027,Pozarezydencki,82.33,4.22,10.10.2024 17:29:19,3,NIE,,
j-2024,12,19.11.2024,19.11.2024 09:28:25,41,144,Małopolskie,30,Anestezjologia i intensywna terapia,2024/024943,Pozarezydencki,79.26,3.72,10.10.2024 21:25:29,3,NIE,,
j-2024,12,19.11.2024,19.11.2024 09:28:25,41,144,Małopolskie,31,Anestezjologia i intensywna terapia,2024/029595,Pozarezydencki,71.50,4.75,21.10.2024 10:07:10,3,NIE,,
j-2024,12,19.11.2024,19.11.2024 09:28:25,41,144,Małopolskie,32,Angiologia,2024/030989,Rezydencki,78.74,3.88,30.09.2024 07:43:07,2,NIE,,
j-2024,12,19.11.2024,19.11.2024 09:28:25,41,144,Małopolskie,33,Angiologia,2024/032753,Rezydencki,77.88,0.00,17.10.2024 11:27:22,2,NIE,,
j-2024,12,19.11.2024,19.11.2024 09:28:25,41,144,Małopolskie,34,Chirurgia ogólna,2024/030846,Rezydencki,90.98,4.08,29.09.2024 19:24:00,36,NIE,,
j-2024,12,19.11.2024,19.11.2024 09:28:25,41,144,Małopolskie,35,Chirurgia ogólna,2024/027431,Rezydencki,89.86,4.65,27.09.2024 09:15:40,36,NIE,,
j-2024,12,19.11.2024,19.11.2024 09:28:25,41,144,Małopolskie,36,Chirurgia ogólna,2024/027414,Rezydencki,89.22,4.42,26.09.2024 14:48:14,36,NIE,,
j-2024,12,19.11.2024,19.11.2024 09:28:25,41,144,Małopolskie,37,Chirurgia ogólna,2024/034145,Rezydencki,88.41,4.19,17.10.2024 16:12:26,36,NIE,,
j-2024,12,19.11.2024,19.11.2024 09:28:25,41,144,Małopolskie,38,Chirurgia ogólna,2024/027805,Rezydencki,88.41,4.06,30.09.2024 16:10:58,36,NIE,,
j-2024,12,19.11.2024,19.11.2024 09:28:25,42,144,Małopolskie,39,Chirurgia ogólna,2024/028180,Rezydencki,87.75,4.33,25.09.2024 21:42:11,36,NIE,,
j-2024,12,19.11.2024,19.11.2024 09:28:25,42,144,Małopolskie,40,Chirurgia ogólna,2024/030806,Rezydencki,86.96,4.30,28.09.2024 22:52:07,36,NIE,,
j-2024,12,19.11.2024,19.11.2024 09:28:25,42,144,Małopolskie,41,Chirurgia ogólna,2024/023441,Rezydencki,86.34,3.89,03.09.2024 17:11:46,36,NIE,,
j-2024,12,19.11.2024,19.11.2024 09:28:25,42,144,Małopolskie,42,Chirurgia ogólna,2024/030661,Rezydencki,85.85,3.92,21.10.2024 14:21:11,36,NIE,,
j-2024,12,19.11.2024,19.11.2024 09:28:25,42,144,Małopolskie,43,Chirurgia ogólna,2024/022561,Rezydencki,85.27,3.68,08.10.2024 16:11:15,36,NIE,,
j-2024,12,19.11.2024,19.11.2024 09:28:25,42,144,Małopolskie,44,Chirurgia ogólna,2024/026095,Rezydencki,84.88,3.93,25.09.2024 17:58:23,36,NIE,,
j-2024,12,19.11.2024,19.11.2024 09:28:25,42,144,Małopolskie,45,Chirurgia ogólna,2024/030573,Rezydencki,84.54,3.59,26.09.2024 14:50:37,36,NIE,,
j-2024,12,19.11.2024,19.11.2024 09:28:25,42,144,Małopolskie,46,Chirurgia ogólna,2024/025055,Rezydencki,83.41,3.76,29.09.2024 19:31:43,36,NIE,,
j-2024,12,19.11.2024,19.11.2024 09:28:25,42,144,Małopolskie,47,Chirurgia ogólna,2024/031708,Rezydencki,82.84,3.50,28.09.2024 23:29:26,36,NIE,,
j-2024,12,19.11.2024,19.11.2024 09:28:25,42,144,Małopolskie,48,Chirurgia ogólna,2024/023629,Rezydencki,82.61,3.97,27.09.2024 08:25:37,36,NIE,,
j-2024,12,19.11.2024,19.11.2024 09:28:25,42,144,Małopolskie,49,Chirurgia ogólna,2024/027198,Rezydencki,81.95,3.51,21.10.2024 13:47:37,36,NIE,,
j-2024,12,19.11.2024,19.11.2024 09:28:25,42,144,Małopolskie,50,Chirurgia ogólna,2024/030790,Rezydencki,81.86,3.47,26.09.2024 18:37:53,36,NIE,,
j-2024,12,19.11.2024,19.11.2024 09:28:25,42,144,Małopolskie,51,Chirurgia ogólna,2024/030683,Rezydencki,81.64,3.46,15.10.2024 18:08:11,36,NIE,,
j-2024,12,19.11.2024,19.11.2024 09:28:25,42,144,Małopolskie,52,Chirurgia ogólna,2024/032040,Rezydencki,81.16,4.23,30.09.2024 19:59:34,36,NIE,,
j-2024,12,19.11.2024,19.11.2024 09:28:25,42,144,Małopolskie,53,Chirurgia ogólna,2024/026118,Rezydencki,79.71,3.77,17.09.2024 15:04:29,36,NIE,,
j-2024,12,19.11.2024,19.11.2024 09:28:25,42,144,Małopolskie,54,Chirurgia ogólna,2024/025541,Rezydencki,79.66,4.46,28.09.2024 16:57:55,36,NIE,,
j-2024,12,19.11.2024,19.11.2024 09:28:25,42,144,Małopolskie,55,Chirurgia ogólna,2024/025596,Rezydencki,78.92,3.52,29.09.2024 19:12:54,36,NIE,,
j-2024,12,19.11.2024,19.11.2024 09:28:25,42,144,Małopolskie,56,Chirurgia ogólna,2024/023449,Rezydencki,78.43,4.15,13.09.2024 15:10:50,36,NIE,,
j-2024,12,19.11.2024,19.11.2024 09:28:25,42,144,Małopolskie,57,Chirurgia ogólna,2024/026801,Rezydencki,78.26,4.32,17.10.2024 21:45:22,36,NIE,,
j-2024,12,19.11.2024,19.11.2024 09:28:25,42,144,Małopolskie,58,Chirurgia ogólna,2024/023477,Rezydencki,78.26,3.70,04.09.2024 17:08:21,36,NIE,,
j-2024,12,19.11.2024,19.11.2024 09:28:25,42,144,Małopolskie,59,Chirurgia ogólna,2024/033001,Rezydencki,77.29,3.26,30.09.2024 13:45:37,36,NIE,,
j-2024,12,19.11.2024,19.11.2024 09:28:25,42,144,Małopolskie,60,Chirurgia ogólna,2024/023458,Rezydencki,76.96,4.04,08.10.2024 21:53:47,36,NIE,,
j-2024,12,19.11.2024,19.11.2024 09:28:25,42,144,Małopolskie,61,Chirurgia ogólna,2024/034005,Rezydencki,73.53,3.67,30.09.2024 21:04:12,36,NIE,,
j-2024,12,19.11.2024,19.11.2024 09:28:25,42,144,Małopolskie,62,Chirurgia ogólna,2024/030849,Rezydencki,72.06,3.59,26.09.2024 20:16:39,36,NIE,,
j-2024,12,19.11.2024,19.11.2024 09:28:25,42,144,Małopolskie,63,Chirurgia ogólna,2024/031744,Rezydencki,71.22,3.25,27.09.2024 20:33:15,36,NIE,,
j-2024,12,19.11.2024,19.11.2024 09:28:25,42,144,Małopolskie,64,Chirurgia ogólna,2024/029582,Rezydencki,70.24,3.28,27.09.2024 00:56:14,36,NIE,,
j-2024,12,19.11.2024,19.11.2024 09:28:25,42,144,Małopolskie,65,Chirurgia ogólna,2024/025104,Rezydencki,68.14,3.57,27.09.2024 15:26:22,36,NIE,,
j-2024,12,19.11.2024,19.11.2024 09:28:25,42,144,Małopolskie,66,Chirurgia ogólna,2024/031884,Rezydencki,67.63,3.49,28.09.2024 09:39:26,36,NIE,,
j-2024,12,19.11.2024,19.11.2024 09:28:25,42,144,Małopolskie,67,Chirurgia ogólna,2024/032877,Rezydencki,66.67,3.98,29.09.2024 21:21:05,36,NIE,,
j-2024,12,19.11.2024,19.11.2024 09:28:25,42,144,Małopolskie,68,Chirurgia ogólna,2024/032023,Rezydencki,63.29,3.39,30.09.2024 16:26:53,36,NIE,,
j-2024,12,19.11.2024,19.11.2024 09:28:25,42,144,Małopolskie,69,Chirurgia ogólna,2024/025332,Rezydencki,58.33,3.01,29.09.2024 18:48:25,36,NIE,,
j-2024,12,19.11.2024,19.11.2024 09:28:25,42,144,Małopolskie,70,Chirurgia ogólna,2024/025866,Pozarezydencki,66.51,0.00,03.10.2024 18:21:05,1,NIE,,
j-2024,12,19.11.2024,19.11.2024 09:28:25,42,144,Małopolskie,71,Chirurgia onkologiczna,2024/033625,Rezydencki,60.54,0.00,26.10.2024 12:45:39,1,NIE,,
j-2024,12,19.11.2024,19.11.2024 09:28:25,42,144,Małopolskie,72,Chirurgia onkologiczna,2024/023894,Pozarezydencki,84.55,4.02,11.10.2024 08:38:30,1,NIE,,
j-2024,12,19.11.2024,19.11.2024 09:28:25,42,144,Małopolskie,73,Chirurgia stomatologiczna,2024/023495,Rezydencki,86.54,3.55,24.09.2024 17:00:26,2,NIE,,
j-2024,12,19.11.2024,19.11.2024 09:28:25,42,144,Małopolskie,74,Chirurgia stomatologiczna,2024/029060,Rezydencki,84.76,4.48,24.09.2024 14:56:14,2,NIE,,
j-2024,12,19.11.2024,19.11.2024 09:28:25,42,144,Małopolskie,75,Chirurgia stomatologiczna,2024/026750,Pozarezydencki,81.65,4.34,17.09.2024 18:39:34,1,NIE,,
j-2024,12,19.11.2024,19.11.2024 09:28:25,42,144,Małopolskie,76,Chirurgia szczękowo-twarzowa,2024/030408,Rezydencki,86.27,3.85,29.09.2024 20:46:25,6,NIE,,
j-2024,12,19.11.2024,19.11.2024 09:28:25,43,144,Małopolskie,77,Chirurgia szczękowo-twarzowa,2024/027752,Rezydencki,85.37,4.14,28.09.2024 09:05:24,6,NIE,,
j-2024,12,19.11.2024,19.11.2024 09:28:25,43,144,Małopolskie,78,Chirurgia szczękowo-twarzowa,2024/024216,Rezydencki,84.71,4.70,27.09.2024 13:29:26,6,NIE,,
j-2024,12,19.11.2024,19.11.2024 09:28:25,43,144,Małopolskie,79,Chirurgia szczękowo-twarzowa,2024/023410,Rezydencki,84.69,3.16,03.09.2024 16:07:19,6,NIE,,
j-2024,12,19.11.2024,19.11.2024 09:28:25,43,144,Małopolskie,80,Chirurgia szczękowo-twarzowa,2024/031558,Rezydencki,83.89,4.16,21.10.2024 20:08:22,6,NIE,,
j-2024,12,19.11.2024,19.11.2024 09:28:25,43,144,Małopolskie,81,Chirurgia szczękowo-twarzowa,2024/029702,Rezydencki,83.57,3.43,23.10.2024 00:22:30,6,NIE,,
j-2024,12,19.11.2024,19.11.2024 09:28:25,43,144,Małopolskie,82,Chirurgia szczękowo-twarzowa,2024/025183,Pozarezydencki,78.44,3.46,21.10.2024 10:22:32,1,NIE,,
j-2024,12,19.11.2024,19.11.2024 09:28:25,43,144,Małopolskie,83,Choroby płuc,2024/030892,Rezydencki,91.30,3.77,30.09.2024 16:54:41,13,NIE,,
j-2024,12,19.11.2024,19.11.2024 09:28:25,43,144,Małopolskie,84,Choroby płuc,2024/033049,Rezydencki,89.37,3.95,29.09.2024 23:49:28,13,NIE,,
j-2024,12,19.11.2024,19.11.2024 09:28:25,43,144,Małopolskie,85,Choroby płuc,2024/028583,Rezydencki,89.27,4.35,30.09.2024 14:41:30,13,NIE,,
j-2024,12,19.11.2024,19.11.2024 09:28:25,43,144,Małopolskie,86,Choroby płuc,2024/030530,Rezydencki,89.13,3.97,18.10.2024 23:28:34,13,NIE,,
j-2024,12,19.11.2024,19.11.2024 09:28:25,43,144,Małopolskie,87,Choroby płuc,2024/023355,Rezydencki,88.89,4.15,25.09.2024 20:23:14,13,NIE,,
j-2024,12,19.11.2024,19.11.2024 09:28:25,43,144,Małopolskie,88,Choroby płuc,2024/028108,Rezydencki,88.73,4.02,30.09.2024 23:07:08,13,NIE,,
j-2024,12,19.11.2024,19.11.2024 09:28:25,43,144,Małopolskie,89,Choroby płuc,2024/031709,Rezydencki,88.24,4.23,15.10.2024 18:42:34,13,NIE,,
j-2024,12,19.11.2024,19.11.2024 09:28:25,43,144,Małopolskie,90,Choroby płuc,2024/028506,Rezydencki,87.80,4.15,08.10.2024 16:32:48,13,NIE,,
j-2024,12,19.11.2024,19.11.2024 09:28:25,43,144,Małopolskie,91,Choroby płuc,2024/023800,Rezydencki,87.20,3.70,04.09.2024 19:54:06,13,NIE,,
j-2024,12,19.11.2024,19.11.2024 09:28:25,43,144,Małopolskie,92,Choroby płuc,2024/022618,Rezydencki,86.47,4.12,15.10.2024 13:21:46,13,NIE,,
j-2024,12,19.11.2024,19.11.2024 09:28:25,43,144,Małopolskie,93,Choroby płuc,2024/024209,Rezydencki,85.85,3.83,30.09.2024 16:08:38,13,NIE,,
j-2024,12,19.11.2024,19.11.2024 09:28:25,43,144,Małopolskie,94,Choroby płuc,2024/029566,Rezydencki,85.02,3.62,23.10.2024 13:17:25,13,NIE,,
j-2024,12,19.11.2024,19.11.2024 09:28:25,43,144,Małopolskie,95,Choroby płuc,2024/023228,Rezydencki,84.54,4.57,25.10.2024 21:14:02,13,NIE,,
j-2024,12,19.11.2024,19.11.2024 09:28:25,43,144,Małopolskie,96,Choroby płuc,2024/025472,Pozarezydencki,73.61,3.94,28.10.2024 13:09:50,6,NIE,,
j-2024,12,19.11.2024,19.11.2024 09:28:25,43,144,Małopolskie,97,Choroby płuc,2024/026543,Pozarezydencki,70.91,3.21,18.10.2024 14:47:50,6,NIE,,
j-2024,12,19.11.2024,19.11.2024 09:28:25,43,144,Małopolskie,98,Choroby płuc,2024/027118,Pozarezydencki,69.27,4.37,18.09.2024 19:39:12,6,NIE,,
j-2024,12,19.11.2024,19.11.2024 09:28:25,43,144,Małopolskie,99,Choroby płuc,2024/031928,Pozarezydencki,64.22,3.38,18.10.2024 13:05:14,6,NIE,,
j-2024,12,19.11.2024,19.11.2024 09:28:25,43,144,Małopolskie,100,Choroby płuc,2024/024805,Pozarezydencki,53.21,0.00,18.10.2024 16:19:03,6,NIE,,
j-2024,12,19.11.2024,19.11.2024 09:28:25,43,144,Małopolskie,101,Choroby płuc,2024/029434,Pozarezydencki,52.56,3.09,18.10.2024 21:51:54,6,NIE,,
j-2024,12,19.11.2024,19.11.2024 09:28:25,43,144,Małopolskie,102,Choroby płuc dzieci,2024/027881,Rezydencki,76.47,4.86,18.10.2024 08:23:28,2,NIE,,
j-2024,12,19.11.2024,19.11.2024 09:28:25,43,144,Małopolskie,103,Choroby płuc dzieci,2024/033243,Rezydencki,73.17,0.00,14.10.2024 20:06:41,2,NIE,,
j-2024,12,19.11.2024,19.11.2024 09:28:25,43,144,Małopolskie,104,Choroby płuc dzieci,2024/030281,Pozarezydencki,84.55,4.65,28.09.2024 22:18:10,5,NIE,,
j-2024,12,19.11.2024,19.11.2024 09:28:25,43,144,Małopolskie,105,Choroby płuc dzieci,2024/029277,Pozarezydencki,75.45,3.96,29.10.2024 13:45:26,5,NIE,,
j-2024,12,19.11.2024,19.11.2024 09:28:25,43,144,Małopolskie,106,Choroby płuc dzieci,2024/026837,Pozarezydencki,71.14,3.79,15.10.2024 21:06:51,5,NIE,,
j-2024,12,19.11.2024,19.11.2024 09:28:25,43,144,Małopolskie,107,Choroby płuc dzieci,2024/033064,Pozarezydencki,70.91,3.31,21.10.2024 12:32:04,5,NIE,,
j-2024,12,19.11.2024,19.11.2024 09:28:25,43,144,Małopolskie,108,Choroby płuc dzieci,2024/022793,Pozarezydencki,69.16,4.15,25.10.2024 10:52:25,5,NIE,,
j-2024,12,19.11.2024,19.11.2024 09:28:25,43,144,Małopolskie,109,Choroby wewnętrzne,2024/023451,Rezydencki,90.73,4.40,16.10.2024 09:55:58,39,NIE,,
j-2024,12,19.11.2024,19.11.2024 09:28:25,43,144,Małopolskie,110,Choroby wewnętrzne,2024/025852,Rezydencki,90.20,4.29,16.10.2024 12:15:33,39,NIE,,
j-2024,12,19.11.2024,19.11.2024 09:28:25,43,144,Małopolskie,111,Choroby wewnętrzne,2024/026015,Rezydencki,90.10,4.41,09.10.2024 19:09:23,39,NIE,,
j-2024,12,19.11.2024,19.11.2024 09:28:25,43,144,Małopolskie,112,Choroby wewnętrzne,2024/030970,Rezydencki,89.86,4.53,29.09.2024 22:47:05,39,NIE,,
j-2024,12,19.11.2024,19.11.2024 09:28:25,43,144,Małopolskie,113,Choroby wewnętrzne,2024/031066,Rezydencki,89.86,3.76,30.09.2024 19:31:22,39,NIE,,
j-2024,12,19.11.2024,19.11.2024 09:28:25,43,144,Małopolskie,114,Choroby wewnętrzne,2024/030016,Rezydencki,89.76,4.36,30.09.2024 22:05:30,39,NIE,,
j-2024,12,19.11.2024,19.11.2024 09:28:25,44,144,Małopolskie,115,Choroby wewnętrzne,2024/028342,Rezydencki,88.89,4.29,10.10.2024 13:30:27,39,NIE,,
j-2024,12,19.11.2024,19.11.2024 09:28:25,44,144,Małopolskie,116,Choroby wewnętrzne,2024/029383,Rezydencki,88.89,4.22,27.09.2024 19:25:19,39,NIE,,
j-2024,12,19.11.2024,19.11.2024 09:28:25,44,144,Małopolskie,117,Choroby wewnętrzne,2024/023727,Rezydencki,88.78,4.35,27.09.2024 17:36:05,39,NIE,,
j-2024,12,19.11.2024,19.11.2024 09:28:25,44,144,Małopolskie,118,Choroby wewnętrzne,2024/023905,Rezydencki,88.78,4.32,09.09.2024 22:11:02,39,NIE,,
j-2024,12,19.11.2024,19.11.2024 09:28:25,44,144,Małopolskie,119,Choroby wewnętrzne,2024/024830,Rezydencki,88.48,4.23,24.09.2024 16:20:06,39,NIE,,
j-2024,12,19.11.2024,19.11.2024 09:28:25,44,144,Małopolskie,120,Choroby wewnętrzne,2024/029835,Rezydencki,88.24,4.43,28.09.2024 16:48:30,39,NIE,,
j-2024,12,19.11.2024,19.11.2024 09:28:25,44,144,Małopolskie,121,Choroby wewnętrzne,2024/033073,Rezydencki,87.25,4.19,30.09.2024 23:02:44,39,NIE,,
j-2024,12,19.11.2024,19.11.2024 09:28:25,44,144,Małopolskie,122,Choroby wewnętrzne,2024/026962,Rezydencki,86.47,4.52,27.09.2024 21:45:02,39,NIE,,
j-2024,12,19.11.2024,19.11.2024 09:28:25,44,144,Małopolskie,123,Choroby wewnętrzne,2024/028547,Rezydencki,86.27,4.63,26.09.2024 17:58:01,39,NIE,,
j-2024,12,19.11.2024,19.11.2024 09:28:25,44,144,Małopolskie,124,Choroby wewnętrzne,2024/027791,Rezydencki,86.23,4.10,26.09.2024 17:49:28,39,NIE,,
j-2024,12,19.11.2024,19.11.2024 09:28:25,44,144,Małopolskie,125,Choroby wewnętrzne,2024/030702,Rezydencki,85.78,4.22,26.09.2024 16:53:43,39,NIE,,
j-2024,12,19.11.2024,19.11.2024 09:28:25,44,144,Małopolskie,126,Choroby wewnętrzne,2024/030076,Rezydencki,85.61,4.05,30.09.2024 18:02:07,39,NIE,,
j-2024,12,19.11.2024,19.11.2024 09:28:25,44,144,Małopolskie,127,Choroby wewnętrzne,2024/025563,Rezydencki,85.51,4.19,12.09.2024 15:48:27,39,NIE,,
j-2024,12,19.11.2024,19.11.2024 09:28:25,44,144,Małopolskie,128,Choroby wewnętrzne,2024/024408,Rezydencki,85.51,4.13,16.10.2024 11:35:01,39,NIE,,
j-2024,12,19.11.2024,19.11.2024 09:28:25,44,144,Małopolskie,129,Choroby wewnętrzne,2024/022313,Rezydencki,85.51,3.97,22.09.2024 01:24:49,39,NIE,,
j-2024,12,19.11.2024,19.11.2024 09:28:25,44,144,Małopolskie,130,Choroby wewnętrzne,2024/030988,Rezydencki,85.02,4.08,26.09.2024 20:30:59,39,NIE,,
j-2024,12,19.11.2024,19.11.2024 09:28:25,44,144,Małopolskie,131,Choroby wewnętrzne,2024/030041,Rezydencki,85.02,3.87,16.10.2024 16:23:46,39,NIE,,
j-2024,12,19.11.2024,19.11.2024 09:28:25,44,144,Małopolskie,132,Choroby wewnętrzne,2024/032146,Rezydencki,83.82,4.28,29.09.2024 23:13:04,39,NIE,,
j-2024,12,19.11.2024,19.11.2024 09:28:25,44,144,Małopolskie,133,Choroby wewnętrzne,2024/027525,Rezydencki,83.82,4.18,29.09.2024 22:21:59,39,NIE,,
j-2024,12,19.11.2024,19.11.2024 09:28:25,44,144,Małopolskie,134,Choroby wewnętrzne,2024/029655,Rezydencki,83.82,3.77,20.10.2024 09:43:00,39,NIE,,
j-2024,12,19.11.2024,19.11.2024 09:28:25,44,144,Małopolskie,135,Choroby wewnętrzne,2024/030576,Rezydencki,83.82,3.72,21.10.2024 23:47:24,39,NIE,,
j-2024,12,19.11.2024,19.11.2024 09:28:25,44,144,Małopolskie,136,Choroby wewnętrzne,2024/026527,Rezydencki,83.57,3.96,30.09.2024 14:57:09,39,NIE,,
j-2024,12,19.11.2024,19.11.2024 09:28:25,44,144,Małopolskie,137,Choroby wewnętrzne,2024/027866,Rezydencki,82.84,4.53,29.09.2024 17:57:37,39,NIE,,
j-2024,12,19.11.2024,19.11.2024 09:28:25,44,144,Małopolskie,138,Choroby wewnętrzne,2024/032490,Rezydencki,82.61,3.10,30.09.2024 20:14:06,39,NIE,,
j-2024,12,19.11.2024,19.11.2024 09:28:25,44,144,Małopolskie,139,Choroby wewnętrzne,2024/028588,Rezydencki,81.46,3.94,18.10.2024 09:52:22,39,NIE,,
j-2024,12,19.11.2024,19.11.2024 09:28:25,44,144,Małopolskie,140,Choroby wewnętrzne,2024/033811,Rezydencki,79.90,4.44,30.09.2024 19:43:28,39,NIE,,
j-2024,12,19.11.2024,19.11.2024 09:28:25,44,144,Małopolskie,141,Choroby wewnętrzne,2024/023737,Rezydencki,79.51,3.24,29.09.2024 21:54:37,39,NIE,,
j-2024,12,19.11.2024,19.11.2024 09:28:25,44,144,Małopolskie,142,Choroby wewnętrzne,2024/032691,Rezydencki,76.96,3.63,18.10.2024 11:01:21,39,NIE,,
j-2024,12,19.11.2024,19.11.2024 09:28:25,44,144,Małopolskie,143,Choroby wewnętrzne,2024/029161,Rezydencki,70.10,3.34,16.10.2024 12:11:29,39,NIE,,
j-2024,12,19.11.2024,19.11.2024 09:28:25,44,144,Małopolskie,144,Choroby wewnętrzne,2024/027554,Rezydencki,68.63,3.01,29.09.2024 14:03:02,39,NIE,,
j-2024,12,19.11.2024,19.11.2024 09:28:25,44,144,Małopolskie,145,Choroby wewnętrzne,2024/027552,Rezydencki,67.31,4.41,23.10.2024 08:30:02,39,NIE,,
j-2024,12,19.11.2024,19.11.2024 09:28:25,44,144,Małopolskie,146,Choroby wewnętrzne,2024/023869,Rezydencki,65.85,3.51,30.09.2024 20:04:37,39,NIE,,
j-2024,12,19.11.2024,19.11.2024 09:28:25,44,144,Małopolskie,147,Choroby wewnętrzne,2024/032030,Rezydencki,58.45,2.93,28.09.2024 15:31:04,39,NIE,,
j-2024,12,19.11.2024,19.11.2024 09:28:25,44,144,Małopolskie,148,Choroby wewnętrzne,2024/029113,Pozarezydencki,79.13,4.70,26.10.2024 09:35:18,1,NIE,,
j-2024,12,19.11.2024,19.11.2024 09:28:25,44,144,Małopolskie,149,Choroby zakaźne,2024/024153,Rezydencki,87.44,3.91,14.09.2024 13:04:15,5,NIE,,
j-2024,12,19.11.2024,19.11.2024 09:28:25,44,144,Małopolskie,150,Choroby zakaźne,2024/031074,Rezydencki,85.78,4.32,28.09.2024 19:11:22,5,NIE,,
j-2024,12,19.11.2024,19.11.2024 09:28:25,44,144,Małopolskie,151,Choroby zakaźne,2024/032220,Rezydencki,84.15,4.00,28.09.2024 21:49:06,5,NIE,,
j-2024,12,19.11.2024,19.11.2024 09:28:25,44,144,Małopolskie,152,Choroby zakaźne,2024/031402,Rezydencki,82.93,4.26,17.10.2024 12:14:18,5,NIE,,
j-2024,12,19.11.2024,19.11.2024 09:28:25,45,144,Małopolskie,153,Choroby zakaźne,2024/022198,Rezydencki,79.47,3.22,09.10.2024 08:17:02,5,NIE,,
j-2024,12,19.11.2024,19.11.2024 09:28:25,45,144,Małopolskie,154,Choroby zakaźne,2024/024378,Pozarezydencki,77.52,4.64,21.10.2024 12:47:25,1,NIE,,
j-2024,12,19.11.2024,19.11.2024 09:28:25,45,144,Małopolskie,155,Endokrynologia,2024/027743,Rezydencki,95.10,4.88,21.09.2024 17:29:43,7,NIE,,
j-2024,12,19.11.2024,19.11.2024 09:28:25,45,144,Małopolskie,156,Endokrynologia,2024/022585,Rezydencki,93.66,4.80,24.09.2024 20:00:18,7,NIE,,
j-2024,12,19.11.2024,19.11.2024 09:28:25,45,144,Małopolskie,157,Endokrynologia,2024/029389,Rezydencki,93.66,4.55,29.09.2024 22:08:15,7,NIE,,
j-2024,12,19.11.2024,19.11.2024 09:28:25,45,144,Małopolskie,158,Endokrynologia,2024/025214,Rezydencki,93.17,4.61,30.09.2024 20:06:36,7,NIE,,
j-2024,12,19.11.2024,19.11.2024 09:28:25,45,144,Małopolskie,159,Endokrynologia,2024/024199,Rezydencki,92.75,4.73,28.09.2024 16:21:44,7,NIE,,
j-2024,12,19.11.2024,19.11.2024 09:28:25,45,144,Małopolskie,160,Endokrynologia,2024/022983,Rezydencki,92.75,4.37,10.09.2024 16:57:08,7,NIE,,
j-2024,12,19.11.2024,19.11.2024 09:28:25,45,144,Małopolskie,161,Endokrynologia,2024/030689,Rezydencki,92.65,4.21,26.09.2024 16:37:52,7,NIE,,
j-2024,12,19.11.2024,19.11.2024 09:28:25,45,144,Małopolskie,162,Endokrynologia,2024/031256,Pozarezydencki,89.09,4.41,15.10.2024 17:27:31,1,NIE,,
j-2024,12,19.11.2024,19.11.2024 09:28:25,45,144,Małopolskie,163,Endokrynologia i diabetologia dziecięca,2024/032684,Rezydencki,92.20,4.11,30.09.2024 18:54:52,4,NIE,,
j-2024,12,19.11.2024,19.11.2024 09:28:25,45,144,Małopolskie,164,Endokrynologia i diabetologia dziecięca,2024/028898,Rezydencki,90.73,4.19,30.09.2024 00:00:47,4,NIE,,
j-2024,12,19.11.2024,19.11.2024 09:28:25,45,144,Małopolskie,165,Endokrynologia i diabetologia dziecięca,2024/029249,Rezydencki,90.69,4.62,24.09.2024 19:59:34,4,NIE,,
j-2024,12,19.11.2024,19.11.2024 09:28:25,45,144,Małopolskie,166,Endokrynologia i diabetologia dziecięca,2024/029905,Rezydencki,90.34,4.11,29.09.2024 21:54:20,4,NIE,,
j-2024,12,19.11.2024,19.11.2024 09:28:25,45,144,Małopolskie,167,Gastroenterologia,2024/027076,Rezydencki,91.30,4.07,21.09.2024 15:51:21,3,NIE,,
j-2024,12,19.11.2024,19.11.2024 09:28:25,45,144,Małopolskie,168,Gastroenterologia,2024/028662,Rezydencki,90.82,4.16,25.09.2024 21:22:59,3,NIE,,
j-2024,12,19.11.2024,19.11.2024 09:28:25,45,144,Małopolskie,169,Gastroenterologia,2024/024850,Rezydencki,90.82,3.92,29.09.2024 20:51:53,3,NIE,,
j-2024,12,19.11.2024,19.11.2024 09:28:25,45,144,Małopolskie,170,Gastroenterologia dziecięca,2024/022945,Rezydencki,88.24,4.00,25.09.2024 16:52:14,2,NIE,,
j-2024,12,19.11.2024,19.11.2024 09:28:25,45,144,Małopolskie,171,Gastroenterologia dziecięca,2024/023644,Rezydencki,86.27,4.48,30.09.2024 23:46:09,2,NIE,,
j-2024,12,19.11.2024,19.11.2024 09:28:25,45,144,Małopolskie,172,Gastroenterologia dziecięca,2024/026814,Pozarezydencki,71.56,4.20,17.10.2024 14:51:45,2,NIE,,
j-2024,12,19.11.2024,19.11.2024 09:28:25,45,144,Małopolskie,173,Gastroenterologia dziecięca,2024/027369,Pozarezydencki,71.10,3.67,15.10.2024 17:29:53,2,NIE,,
j-2024,12,19.11.2024,19.11.2024 09:28:25,45,144,Małopolskie,174,Geriatria,2024/032317,Pozarezydencki,68.64,4.09,17.10.2024 23:57:01,2,NIE,,
j-2024,12,19.11.2024,19.11.2024 09:28:25,45,144,Małopolskie,175,Geriatria,2024/023283,Pozarezydencki,53.67,3.42,18.10.2024 14:55:01,2,NIE,,
j-2024,12,19.11.2024,19.11.2024 09:28:25,45,144,Małopolskie,176,Ginekologia onkologiczna,2024/033921,Pozarezydencki,89.32,0.00,23.10.2024 10:22:23,4,NIE,,
j-2024,12,19.11.2024,19.11.2024 09:28:25,45,144,Małopolskie,177,Ginekologia onkologiczna,2024/024618,Pozarezydencki,82.73,3.48,21.10.2024 10:23:46,4,NIE,,
j-2024,12,19.11.2024,19.11.2024 09:28:25,45,144,Małopolskie,178,Ginekologia onkologiczna,2024/026825,Pozarezydencki,80.00,4.30,18.10.2024 16:42:16,4,NIE,,
j-2024,12,19.11.2024,19.11.2024 09:28:25,45,144,Małopolskie,179,Ginekologia onkologiczna,2024/023596,Pozarezydencki,70.91,3.88,18.10.2024 10:09:22,4,NIE,,
j-2024,12,19.11.2024,19.11.2024 09:28:25,45,144,Małopolskie,180,Hematologia,2024/025547,Rezydencki,89.76,4.59,12.09.2024 23:24:39,4,NIE,,
j-2024,12,19.11.2024,19.11.2024 09:28:25,45,144,Małopolskie,181,Hematologia,2024/025939,Rezydencki,87.20,4.08,23.09.2024 18:00:25,4,NIE,,
j-2024,12,19.11.2024,19.11.2024 09:28:25,45,144,Małopolskie,182,Hematologia,2024/029560,Rezydencki,79.13,0.00,27.09.2024 23:10:57,4,NIE,,
j-2024,12,19.11.2024,19.11.2024 09:28:25,45,144,Małopolskie,183,Hematologia,2024/031487,Rezydencki,77.94,3.45,27.09.2024 14:20:11,4,NIE,,
j-2024,12,19.11.2024,19.11.2024 09:28:25,45,144,Małopolskie,184,Kardiochirurgia,2024/022568,Rezydencki,84.88,3.84,18.10.2024 13:43:02,1,NIE,,
j-2024,12,19.11.2024,19.11.2024 09:28:25,45,144,Małopolskie,185,Kardiologia,2024/030368,Rezydencki,91.79,4.48,26.09.2024 21:16:17,21,NIE,,
j-2024,12,19.11.2024,19.11.2024 09:28:25,45,144,Małopolskie,186,Kardiologia,2024/027294,Rezydencki,91.55,4.17,19.09.2024 13:43:32,21,NIE,,
j-2024,12,19.11.2024,19.11.2024 09:28:25,45,144,Małopolskie,187,Kardiologia,2024/032309,Rezydencki,91.55,4.06,29.09.2024 22:29:16,21,NIE,,
j-2024,12,19.11.2024,19.11.2024 09:28:25,45,144,Małopolskie,188,Kardiologia,2024/025170,Rezydencki,91.18,4.05,11.09.2024 14:38:07,21,NIE,,
j-2024,12,19.11.2024,19.11.2024 09:28:25,45,144,Małopolskie,189,Kardiologia,2024/022729,Rezydencki,90.82,4.32,29.09.2024 18:46:09,21,NIE,,
j-2024,12,19.11.2024,19.11.2024 09:28:25,45,144,Małopolskie,190,Kardiologia,2024/028762,Rezydencki,90.69,4.62,15.10.2024 08:17:37,21,NIE,,
j-2024,12,19.11.2024,19.11.2024 09:28:25,46,144,Małopolskie,191,Kardiologia,2024/024800,Rezydencki,90.34,3.56,09.09.2024 19:28:43,21,NIE,,
j-2024,12,19.11.2024,19.11.2024 09:28:25,46,144,Małopolskie,192,Kardiologia,2024/030848,Rezydencki,90.24,4.30,30.09.2024 21:04:07,21,NIE,,
j-2024,12,19.11.2024,19.11.2024 09:28:25,46,144,Małopolskie,193,Kardiologia,2024/026876,Rezydencki,89.71,4.55,30.09.2024 08:49:12,21,NIE,,
j-2024,12,19.11.2024,19.11.2024 09:28:25,46,144,Małopolskie,194,Kardiologia,2024/031484,Rezydencki,89.61,4.42,11.10.2024 16:33:24,21,NIE,,
j-2024,12,19.11.2024,19.11.2024 09:28:25,46,144,Małopolskie,195,Kardiologia,2024/031703,Rezydencki,89.37,4.13,16.10.2024 09:50:03,21,NIE,,
j-2024,12,19.11.2024,19.11.2024 09:28:25,46,144,Małopolskie,196,Kardiologia,2024/023534,Rezydencki,89.22,4.26,30.09.2024 14:55:36,21,NIE,,
j-2024,12,19.11.2024,19.11.2024 09:28:25,46,144,Małopolskie,197,Kardiologia,2024/029134,Rezydencki,89.13,4.20,14.10.2024 14:42:35,21,NIE,,
j-2024,12,19.11.2024,19.11.2024 09:28:25,46,144,Małopolskie,198,Kardiologia,2024/029956,Rezydencki,88.41,4.18,30.09.2024 13:36:43,21,NIE,,
j-2024,12,19.11.2024,19.11.2024 09:28:25,46,144,Małopolskie,199,Kardiologia,2024/032249,Rezydencki,87.80,4.14,29.09.2024 21:55:09,21,NIE,,
j-2024,12,19.11.2024,19.11.2024 09:28:25,46,144,Małopolskie,200,Kardiologia,2024/024665,Rezydencki,87.75,4.13,11.10.2024 15:03:02,21,NIE,,
j-2024,12,19.11.2024,19.11.2024 09:28:25,46,144,Małopolskie,201,Kardiologia,2024/032345,Rezydencki,87.44,4.63,20.10.2024 21:12:37,21,NIE,,
j-2024,12,19.11.2024,19.11.2024 09:28:25,46,144,Małopolskie,202,Kardiologia,2024/030072,Rezydencki,87.44,3.87,27.09.2024 16:17:54,21,NIE,,
j-2024,12,19.11.2024,19.11.2024 09:28:25,46,144,Małopolskie,203,Kardiologia,2024/025117,Rezydencki,87.44,3.72,30.09.2024 23:58:17,21,NIE,,
j-2024,12,19.11.2024,19.11.2024 09:28:25,46,144,Małopolskie,204,Kardiologia,2024/024428,Rezydencki,87.25,4.68,28.09.2024 13:48:27,21,NIE,,
j-2024,12,19.11.2024,19.11.2024 09:28:25,46,144,Małopolskie,205,Kardiologia,2024/028550,Rezydencki,87.25,4.63,23.09.2024 16:57:39,21,NIE,,
j-2024,12,19.11.2024,19.11.2024 09:28:25,46,144,Małopolskie,206,Kardiologia,2024/028067,Pozarezydencki,83.18,3.85,22.10.2024 10:44:53,6,NIE,,
j-2024,12,19.11.2024,19.11.2024 09:28:25,46,144,Małopolskie,207,Kardiologia,2024/033270,Pozarezydencki,81.11,3.71,14.10.2024 12:28:49,6,NIE,,
j-2024,12,19.11.2024,19.11.2024 09:28:25,46,144,Małopolskie,208,Kardiologia,2024/032026,Pozarezydencki,74.30,3.53,16.10.2024 20:13:12,6,NIE,,
j-2024,12,19.11.2024,19.11.2024 09:28:25,46,144,Małopolskie,209,Kardiologia,2024/034233,Pozarezydencki,66.59,4.02,25.10.2024 12:11:33,6,NIE,,
j-2024,12,19.11.2024,19.11.2024 09:28:25,46,144,Małopolskie,210,Kardiologia,2024/024177,Pozarezydencki,65.42,3.27,28.10.2024 09:33:58,6,NIE,,
j-2024,12,19.11.2024,19.11.2024 09:28:25,46,144,Małopolskie,211,Kardiologia,2024/024383,Pozarezydencki,62.62,4.15,08.09.2024 11:26:36,6,NIE,,
j-2024,12,19.11.2024,19.11.2024 09:28:25,46,144,Małopolskie,212,Kardiologia dziecięca,2024/030568,Rezydencki,89.86,4.13,29.09.2024 20:18:37,2,NIE,,
j-2024,12,19.11.2024,19.11.2024 09:28:25,46,144,Małopolskie,213,Kardiologia dziecięca,2024/031677,Rezydencki,83.57,3.84,29.09.2024 15:56:54,2,NIE,,
j-2024,12,19.11.2024,19.11.2024 09:28:25,46,144,Małopolskie,214,Medycyna nuklearna,2024/032937,Rezydencki,63.73,3.80,22.10.2024 02:18:26,2,NIE,,
j-2024,12,19.11.2024,19.11.2024 09:28:25,46,144,Małopolskie,215,Medycyna nuklearna,2024/027465,Rezydencki,58.82,0.00,28.10.2024 16:19:32,2,NIE,,
j-2024,12,19.11.2024,19.11.2024 09:28:25,46,144,Małopolskie,216,Medycyna nuklearna,2024/026586,Pozarezydencki,93.64,3.99,24.10.2024 09:03:48,3,NIE,,
j-2024,12,19.11.2024,19.11.2024 09:28:25,46,144,Małopolskie,217,Medycyna nuklearna,2024/031891,Pozarezydencki,87.64,4.69,25.10.2024 12:45:13,3,NIE,,
j-2024,12,19.11.2024,19.11.2024 09:28:25,46,144,Małopolskie,218,Medycyna nuklearna,2024/031738,Pozarezydencki,82.11,4.71,24.10.2024 09:20:50,3,NIE,,
j-2024,12,19.11.2024,19.11.2024 09:28:25,46,144,Małopolskie,219,Medycyna paliatywna,2024/026736,Rezydencki,81.46,3.57,18.09.2024 15:26:31,1,NIE,,
j-2024,12,19.11.2024,19.11.2024 09:28:25,46,144,Małopolskie,220,Medycyna paliatywna,2024/029596,Pozarezydencki,93.64,4.31,18.10.2024 15:01:45,7,NIE,,
j-2024,12,19.11.2024,19.11.2024 09:28:25,46,144,Małopolskie,221,Medycyna paliatywna,2024/029689,Pozarezydencki,93.64,4.02,20.10.2024 08:52:51,7,NIE,,
j-2024,12,19.11.2024,19.11.2024 09:28:25,46,144,Małopolskie,222,Medycyna paliatywna,2024/027746,Pozarezydencki,74.82,3.87,15.10.2024 21:18:14,7,NIE,,
j-2024,12,19.11.2024,19.11.2024 09:28:25,46,144,Małopolskie,223,Medycyna paliatywna,2024/026141,Pozarezydencki,69.77,0.00,28.10.2024 16:14:22,7,NIE,,
j-2024,12,19.11.2024,19.11.2024 09:28:25,46,144,Małopolskie,224,Medycyna paliatywna,2024/027569,Pozarezydencki,64.06,3.52,20.09.2024 13:58:39,7,NIE,,
j-2024,12,19.11.2024,19.11.2024 09:28:25,46,144,Małopolskie,225,Medycyna paliatywna,2024/030058,Pozarezydencki,63.55,4.17,17.10.2024 19:22:47,7,NIE,,
j-2024,12,19.11.2024,19.11.2024 09:28:25,46,144,Małopolskie,226,Medycyna paliatywna,2024/022880,Pozarezydencki,61.82,0.00,02.09.2024 11:26:48,7,NIE,,
j-2024,12,19.11.2024,19.11.2024 09:28:25,46,144,Małopolskie,227,Medycyna ratunkowa,2024/025428,Rezydencki,86.34,3.77,25.09.2024 21:40:05,1,NIE,,
j-2024,12,19.11.2024,19.11.2024 09:28:25,46,144,Małopolskie,228,Medycyna ratunkowa,2024/024827,Pozarezydencki,73.61,0.00,09.09.2024 21:04:16,3,NIE,,
j-2024,12,19.11.2024,19.11.2024 09:28:25,47,144,Małopolskie,229,Medycyna ratunkowa,2024/028954,Pozarezydencki,63.64,0.00,28.10.2024 16:05:18,3,NIE,,
j-2024,12,19.11.2024,19.11.2024 09:28:25,47,144,Małopolskie,230,Medycyna ratunkowa,2024/033185,Pozarezydencki,52.73,3.00,23.10.2024 10:38:07,3,NIE,,
j-2024,12,19.11.2024,19.11.2024 09:28:25,47,144,Małopolskie,231,Medycyna rodzinna,2024/030688,Rezydencki,91.79,4.15,26.09.2024 16:37:37,50,NIE,,
j-2024,12,19.11.2024,19.11.2024 09:28:25,47,144,Małopolskie,232,Medycyna rodzinna,2024/032741,Rezydencki,90.44,4.14,30.09.2024 21:42:17,50,NIE,,
j-2024,12,19.11.2024,19.11.2024 09:28:25,47,144,Małopolskie,233,Medycyna rodzinna,2024/031648,Rezydencki,89.86,4.18,27.09.2024 18:06:38,50,NIE,,
j-2024,12,19.11.2024,19.11.2024 09:28:25,47,144,Małopolskie,234,Medycyna rodzinna,2024/023712,Rezydencki,89.76,4.41,18.09.2024 17:15:11,50,NIE,,
j-2024,12,19.11.2024,19.11.2024 09:28:25,47,144,Małopolskie,235,Medycyna rodzinna,2024/022303,Rezydencki,89.61,3.80,01.09.2024 10:00:38,50,NIE,,
j-2024,12,19.11.2024,19.11.2024 09:28:25,47,144,Małopolskie,236,Medycyna rodzinna,2024/030983,Rezydencki,88.97,4.00,13.10.2024 17:27:58,50,NIE,,
j-2024,12,19.11.2024,19.11.2024 09:28:25,47,144,Małopolskie,237,Medycyna rodzinna,2024/030643,Rezydencki,88.89,4.00,28.09.2024 14:40:44,50,NIE,,
j-2024,12,19.11.2024,19.11.2024 09:28:25,47,144,Małopolskie,238,Medycyna rodzinna,2024/026101,Rezydencki,88.78,4.68,15.09.2024 18:02:06,50,NIE,,
j-2024,12,19.11.2024,19.11.2024 09:28:25,47,144,Małopolskie,239,Medycyna rodzinna,2024/031999,Rezydencki,88.78,4.35,30.09.2024 14:35:07,50,NIE,,
j-2024,12,19.11.2024,19.11.2024 09:28:25,47,144,Małopolskie,240,Medycyna rodzinna,2024/022520,Rezydencki,88.24,4.25,01.09.2024 14:44:51,50,NIE,,
j-2024,12,19.11.2024,19.11.2024 09:28:25,47,144,Małopolskie,241,Medycyna rodzinna,2024/032401,Rezydencki,87.80,4.28,30.09.2024 15:41:38,50,NIE,,
j-2024,12,19.11.2024,19.11.2024 09:28:25,47,144,Małopolskie,242,Medycyna rodzinna,2024/027728,Rezydencki,87.44,4.58,26.09.2024 16:14:43,50,NIE,,
j-2024,12,19.11.2024,19.11.2024 09:28:25,47,144,Małopolskie,243,Medycyna rodzinna,2024/029198,Rezydencki,86.83,4.15,25.09.2024 14:21:32,50,NIE,,
j-2024,12,19.11.2024,19.11.2024 09:28:25,47,144,Małopolskie,244,Medycyna rodzinna,2024/029735,Rezydencki,86.47,3.47,29.09.2024 14:53:30,50,NIE,,
j-2024,12,19.11.2024,19.11.2024 09:28:25,47,144,Małopolskie,245,Medycyna rodzinna,2024/027902,Rezydencki,86.34,4.35,09.10.2024 23:19:00,50,NIE,,
j-2024,12,19.11.2024,19.11.2024 09:28:25,47,144,Małopolskie,246,Medycyna rodzinna,2024/028559,Rezydencki,86.27,4.09,27.09.2024 15:44:48,50,NIE,,
j-2024,12,19.11.2024,19.11.2024 09:28:25,47,144,Małopolskie,247,Medycyna rodzinna,2024/027781,Rezydencki,85.51,3.76,27.10.2024 14:53:26,50,NIE,,
j-2024,12,19.11.2024,19.11.2024 09:28:25,47,144,Małopolskie,248,Medycyna rodzinna,2024/025613,Rezydencki,85.29,3.85,10.10.2024 14:49:20,50,NIE,,
j-2024,12,19.11.2024,19.11.2024 09:28:25,47,144,Małopolskie,249,Medycyna rodzinna,2024/026812,Rezydencki,84.54,3.76,27.09.2024 20:43:07,50,NIE,,
j-2024,12,19.11.2024,19.11.2024 09:28:25,47,144,Małopolskie,250,Medycyna rodzinna,2024/029382,Rezydencki,84.06,3.56,27.09.2024 17:55:18,50,NIE,,
j-2024,12,19.11.2024,19.11.2024 09:28:25,47,144,Małopolskie,251,Medycyna rodzinna,2024/024150,Rezydencki,82.84,3.54,24.09.2024 14:54:59,50,NIE,,
j-2024,12,19.11.2024,19.11.2024 09:28:25,47,144,Małopolskie,252,Medycyna rodzinna,2024/028484,Rezydencki,82.61,3.73,08.10.2024 21:52:40,50,NIE,,
j-2024,12,19.11.2024,19.11.2024 09:28:25,47,144,Małopolskie,253,Medycyna rodzinna,2024/025797,Rezydencki,82.61,3.68,24.10.2024 16:29:51,50,NIE,,
j-2024,12,19.11.2024,19.11.2024 09:28:25,47,144,Małopolskie,254,Medycyna rodzinna,2024/029741,Rezydencki,82.61,3.52,29.09.2024 11:22:54,50,NIE,,
j-2024,12,19.11.2024,19.11.2024 09:28:25,47,144,Małopolskie,255,Medycyna rodzinna,2024/033572,Rezydencki,82.44,3.73,17.10.2024 10:07:54,50,NIE,,
j-2024,12,19.11.2024,19.11.2024 09:28:25,47,144,Małopolskie,256,Medycyna rodzinna,2024/031675,Rezydencki,82.35,3.48,27.09.2024 19:00:29,50,NIE,,
j-2024,12,19.11.2024,19.11.2024 09:28:25,47,144,Małopolskie,257,Medycyna rodzinna,2024/031098,Rezydencki,82.13,4.02,30.09.2024 22:09:26,50,NIE,,
j-2024,12,19.11.2024,19.11.2024 09:28:25,47,144,Małopolskie,258,Medycyna rodzinna,2024/034011,Rezydencki,81.95,3.79,10.10.2024 10:31:13,50,NIE,,
j-2024,12,19.11.2024,19.11.2024 09:28:25,47,144,Małopolskie,259,Medycyna rodzinna,2024/024356,Rezydencki,81.90,2.82,09.10.2024 19:24:51,50,NIE,,
j-2024,12,19.11.2024,19.11.2024 09:28:25,47,144,Małopolskie,260,Medycyna rodzinna,2024/029693,Rezydencki,81.16,4.18,15.10.2024 19:58:18,50,NIE,,
j-2024,12,19.11.2024,19.11.2024 09:28:25,47,144,Małopolskie,261,Medycyna rodzinna,2024/026573,Rezydencki,79.71,0.00,30.09.2024 14:16:45,50,NIE,,
j-2024,12,19.11.2024,19.11.2024 09:28:25,47,144,Małopolskie,262,Medycyna rodzinna,2024/031807,Rezydencki,79.23,3.49,27.09.2024 22:07:37,50,NIE,,
j-2024,12,19.11.2024,19.11.2024 09:28:25,47,144,Małopolskie,263,Medycyna rodzinna,2024/030070,Rezydencki,77.78,3.40,26.09.2024 14:09:29,50,NIE,,
j-2024,12,19.11.2024,19.11.2024 09:28:25,47,144,Małopolskie,264,Medycyna rodzinna,2024/026517,Rezydencki,77.78,3.04,30.09.2024 20:38:07,50,NIE,,
j-2024,12,19.11.2024,19.11.2024 09:28:25,47,144,Małopolskie,265,Medycyna rodzinna,2024/029687,Rezydencki,77.56,3.81,09.10.2024 15:48:17,50,NIE,,
j-2024,12,19.11.2024,19.11.2024 09:28:25,47,144,Małopolskie,266,Medycyna rodzinna,2024/029299,Rezydencki,76.81,3.35,30.09.2024 20:10:03,50,NIE,,
j-2024,12,19.11.2024,19.11.2024 09:28:25,48,144,Małopolskie,267,Medycyna rodzinna,2024/033493,Rezydencki,76.57,3.50,20.10.2024 00:48:07,50,NIE,,
j-2024,12,19.11.2024,19.11.2024 09:28:25,48,144,Małopolskie,268,Medycyna rodzinna,2024/026762,Rezydencki,76.47,3.76,28.09.2024 15:03:02,50,NIE,,
j-2024,12,19.11.2024,19.11.2024 09:28:25,48,144,Małopolskie,269,Medycyna rodzinna,2024/033717,Rezydencki,76.33,3.21,11.10.2024 16:37:42,50,NIE,,
j-2024,12,19.11.2024,19.11.2024 09:28:25,48,144,Małopolskie,270,Medycyna rodzinna,2024/023740,Rezydencki,74.02,3.20,17.10.2024 16:13:31,50,NIE,,
j-2024,12,19.11.2024,19.11.2024 09:28:25,48,144,Małopolskie,271,Medycyna rodzinna,2024/034232,Rezydencki,72.68,0.00,30.09.2024 23:25:43,50,NIE,,
j-2024,12,19.11.2024,19.11.2024 09:28:25,48,144,Małopolskie,272,Medycyna rodzinna,2024/028346,Rezydencki,72.06,3.18,28.09.2024 22:55:42,50,NIE,,
j-2024,12,19.11.2024,19.11.2024 09:28:25,48,144,Małopolskie,273,Medycyna rodzinna,2024/027352,Rezydencki,71.57,3.73,27.09.2024 20:40:24,50,NIE,,
j-2024,12,19.11.2024,19.11.2024 09:28:25,48,144,Małopolskie,274,Medycyna rodzinna,2024/022630,Rezydencki,70.59,3.95,16.10.2024 20:05:03,50,NIE,,
j-2024,12,19.11.2024,19.11.2024 09:28:25,48,144,Małopolskie,275,Medycyna rodzinna,2024/033697,Rezydencki,70.59,3.54,16.10.2024 23:31:54,50,NIE,,
j-2024,12,19.11.2024,19.11.2024 09:28:25,48,144,Małopolskie,276,Medycyna rodzinna,2024/031705,Rezydencki,70.10,3.39,27.09.2024 20:06:34,50,NIE,,
j-2024,12,19.11.2024,19.11.2024 09:28:25,48,144,Małopolskie,277,Medycyna rodzinna,2024/034289,Rezydencki,69.12,3.65,20.10.2024 22:04:22,50,NIE,,
j-2024,12,19.11.2024,19.11.2024 09:28:25,48,144,Małopolskie,278,Medycyna rodzinna,2024/032929,Rezydencki,67.65,0.00,25.10.2024 10:51:59,50,NIE,,
j-2024,12,19.11.2024,19.11.2024 09:28:25,48,144,Małopolskie,279,Medycyna rodzinna,2024/029170,Rezydencki,65.05,3.61,08.10.2024 19:02:55,50,NIE,,
j-2024,12,19.11.2024,19.11.2024 09:28:25,48,144,Małopolskie,280,Medycyna rodzinna,2024/029448,Rezydencki,63.77,0.00,08.10.2024 15:22:28,50,NIE,,
j-2024,12,19.11.2024,19.11.2024 09:28:25,48,144,Małopolskie,281,Medycyna rodzinna,2024/034141,Pozarezydencki,89.09,0.00,28.10.2024 16:41:56,7,NIE,,
j-2024,12,19.11.2024,19.11.2024 09:28:25,48,144,Małopolskie,282,Medycyna rodzinna,2024/030532,Pozarezydencki,82.27,0.00,22.10.2024 16:15:19,7,NIE,,
j-2024,12,19.11.2024,19.11.2024 09:28:25,48,144,Małopolskie,283,Medycyna rodzinna,2024/023874,Pozarezydencki,80.00,0.00,13.09.2024 14:14:35,7,NIE,,
j-2024,12,19.11.2024,19.11.2024 09:28:25,48,144,Małopolskie,284,Medycyna rodzinna,2024/033703,Pozarezydencki,78.50,3.90,11.10.2024 22:14:08,7,NIE,,
j-2024,12,19.11.2024,19.11.2024 09:28:25,48,144,Małopolskie,285,Medycyna rodzinna,2024/031289,Pozarezydencki,75.93,0.00,15.10.2024 12:31:39,7,NIE,,
j-2024,12,19.11.2024,19.11.2024 09:28:25,48,144,Małopolskie,286,Medycyna rodzinna,2024/024647,Pozarezydencki,74.19,0.00,10.10.2024 10:15:55,7,NIE,,
j-2024,12,19.11.2024,19.11.2024 09:28:25,48,144,Małopolskie,287,Medycyna rodzinna,2024/027096,Pozarezydencki,61.82,0.00,23.10.2024 10:14:53,7,NIE,,
j-2024,12,19.11.2024,19.11.2024 09:28:25,48,144,Małopolskie,288,Nefrologia,2024/030922,Rezydencki,90.73,4.33,30.09.2024 20:06:20,4,NIE,,
j-2024,12,19.11.2024,19.11.2024 09:28:25,48,144,Małopolskie,289,Nefrologia,2024/025604,Rezydencki,90.69,4.16,12.09.2024 21:17:56,4,NIE,,
j-2024,12,19.11.2024,19.11.2024 09:28:25,48,144,Małopolskie,290,Nefrologia,2024/031802,Rezydencki,87.92,4.21,27.09.2024 21:51:27,4,NIE,,
j-2024,12,19.11.2024,19.11.2024 09:28:25,48,144,Małopolskie,291,Nefrologia,2024/030044,Rezydencki,87.80,4.35,29.09.2024 19:29:59,4,NIE,,
j-2024,12,19.11.2024,19.11.2024 09:28:25,48,144,Małopolskie,292,Nefrologia dziecięca,2024/027510,Pozarezydencki,80.00,3.80,22.10.2024 08:17:40,1,NIE,,
j-2024,12,19.11.2024,19.11.2024 09:28:25,48,144,Małopolskie,293,Neonatologia,2024/024766,Rezydencki,84.80,3.80,19.09.2024 00:17:07,4,NIE,,
j-2024,12,19.11.2024,19.11.2024 09:28:25,48,144,Małopolskie,294,Neonatologia,2024/030455,Rezydencki,82.13,4.08,09.10.2024 18:40:31,4,NIE,,
j-2024,12,19.11.2024,19.11.2024 09:28:25,48,144,Małopolskie,295,Neonatologia,2024/031178,Rezydencki,69.12,0.00,09.10.2024 11:46:55,4,NIE,,
j-2024,12,19.11.2024,19.11.2024 09:28:25,48,144,Małopolskie,296,Neonatologia,2024/022633,Rezydencki,59.31,3.93,27.10.2024 10:24:49,4,NIE,,
j-2024,12,19.11.2024,19.11.2024 09:28:25,48,144,Małopolskie,297,Neonatologia,2024/023662,Pozarezydencki,79.36,3.02,18.10.2024 12:29:47,2,NIE,,
j-2024,12,19.11.2024,19.11.2024 09:28:25,48,144,Małopolskie,298,Neonatologia,2024/026599,Pozarezydencki,70.91,3.11,13.10.2024 22:43:44,2,NIE,,
j-2024,12,19.11.2024,19.11.2024 09:28:25,48,144,Małopolskie,299,Neurochirurgia,2024/030422,Rezydencki,89.95,4.43,30.09.2024 23:13:26,1,NIE,,
j-2024,12,19.11.2024,19.11.2024 09:28:25,48,144,Małopolskie,300,Neurologia,2024/028015,Rezydencki,93.66,4.84,30.09.2024 19:06:23,33,NIE,,
j-2024,12,19.11.2024,19.11.2024 09:28:25,48,144,Małopolskie,301,Neurologia,2024/023170,Rezydencki,93.00,4.58,25.09.2024 20:30:07,33,NIE,,
j-2024,12,19.11.2024,19.11.2024 09:28:25,48,144,Małopolskie,302,Neurologia,2024/023233,Rezydencki,92.75,4.40,10.09.2024 23:41:06,33,NIE,,
j-2024,12,19.11.2024,19.11.2024 09:28:25,48,144,Małopolskie,303,Neurologia,2024/026391,Rezydencki,91.95,4.33,25.09.2024 10:19:19,33,NIE,,
j-2024,12,19.11.2024,19.11.2024 09:28:25,48,144,Małopolskie,304,Neurologia,2024/030670,Rezydencki,90.82,4.30,26.09.2024 16:37:22,33,NIE,,
j-2024,12,19.11.2024,19.11.2024 09:28:25,49,144,Małopolskie,305,Neurologia,2024/024358,Rezydencki,90.24,4.45,14.10.2024 21:17:26,33,NIE,,
j-2024,12,19.11.2024,19.11.2024 09:28:25,49,144,Małopolskie,306,Neurologia,2024/030065,Rezydencki,90.24,3.70,26.09.2024 21:15:21,33,NIE,,
j-2024,12,19.11.2024,19.11.2024 09:28:25,49,144,Małopolskie,307,Neurologia,2024/032567,Rezydencki,90.20,4.41,30.09.2024 18:48:36,33,NIE,,
j-2024,12,19.11.2024,19.11.2024 09:28:25,49,144,Małopolskie,308,Neurologia,2024/022280,Rezydencki,89.76,4.27,01.09.2024 08:42:17,33,NIE,,
j-2024,12,19.11.2024,19.11.2024 09:28:25,49,144,Małopolskie,309,Neurologia,2024/022747,Rezydencki,89.37,4.36,10.09.2024 22:42:02,33,NIE,,
j-2024,12,19.11.2024,19.11.2024 09:28:25,49,144,Małopolskie,310,Neurologia,2024/028619,Rezydencki,89.37,4.20,24.09.2024 21:59:18,33,NIE,,
j-2024,12,19.11.2024,19.11.2024 09:28:25,49,144,Małopolskie,311,Neurologia,2024/027986,Rezydencki,89.22,3.85,28.09.2024 17:04:57,33,NIE,,
j-2024,12,19.11.2024,19.11.2024 09:28:25,49,144,Małopolskie,312,Neurologia,2024/032218,Rezydencki,88.78,4.19,30.09.2024 23:55:03,33,NIE,,
j-2024,12,19.11.2024,19.11.2024 09:28:25,49,144,Małopolskie,313,Neurologia,2024/025356,Rezydencki,88.73,3.81,14.10.2024 08:35:57,33,NIE,,
j-2024,12,19.11.2024,19.11.2024 09:28:25,49,144,Małopolskie,314,Neurologia,2024/025870,Rezydencki,88.73,3.55,30.09.2024 18:17:40,33,NIE,,
j-2024,12,19.11.2024,19.11.2024 09:28:25,49,144,Małopolskie,315,Neurologia,2024/024984,Rezydencki,88.29,4.69,26.09.2024 19:49:59,33,NIE,,
j-2024,12,19.11.2024,19.11.2024 09:28:25,49,144,Małopolskie,316,Neurologia,2024/023455,Rezydencki,87.75,4.20,11.10.2024 09:26:54,33,NIE,,
j-2024,12,19.11.2024,19.11.2024 09:28:25,49,144,Małopolskie,317,Neurologia,2024/033072,Rezydencki,87.68,4.40,30.09.2024 19:05:34,33,NIE,,
j-2024,12,19.11.2024,19.11.2024 09:28:25,49,144,Małopolskie,318,Neurologia,2024/030104,Rezydencki,87.50,4.42,26.09.2024 20:28:13,33,NIE,,
j-2024,12,19.11.2024,19.11.2024 09:28:25,49,144,Małopolskie,319,Neurologia,2024/024122,Rezydencki,87.44,4.38,06.09.2024 09:29:11,33,NIE,,
j-2024,12,19.11.2024,19.11.2024 09:28:25,49,144,Małopolskie,320,Neurologia,2024/028336,Rezydencki,87.44,4.10,23.09.2024 11:51:56,33,NIE,,
j-2024,12,19.11.2024,19.11.2024 09:28:25,49,144,Małopolskie,321,Neurologia,2024/028321,Rezydencki,87.32,4.41,14.10.2024 12:43:48,33,NIE,,
j-2024,12,19.11.2024,19.11.2024 09:28:25,49,144,Małopolskie,322,Neurologia,2024/032968,Rezydencki,87.25,4.33,30.09.2024 23:18:32,33,NIE,,
j-2024,12,19.11.2024,19.11.2024 09:28:25,49,144,Małopolskie,323,Neurologia,2024/027982,Rezydencki,86.96,3.94,29.09.2024 23:48:41,33,NIE,,
j-2024,12,19.11.2024,19.11.2024 09:28:25,49,144,Małopolskie,324,Neurologia,2024/030423,Rezydencki,86.76,3.79,26.09.2024 11:57:42,33,NIE,,
j-2024,12,19.11.2024,19.11.2024 09:28:25,49,144,Małopolskie,325,Neurologia,2024/023429,Rezydencki,85.99,3.95,14.10.2024 16:10:39,33,NIE,,
j-2024,12,19.11.2024,19.11.2024 09:28:25,49,144,Małopolskie,326,Neurologia,2024/025142,Rezydencki,85.78,4.18,28.09.2024 17:34:25,33,NIE,,
j-2024,12,19.11.2024,19.11.2024 09:28:25,49,144,Małopolskie,327,Neurologia,2024/027408,Rezydencki,85.51,3.94,29.09.2024 20:28:23,33,NIE,,
j-2024,12,19.11.2024,19.11.2024 09:28:25,49,144,Małopolskie,328,Neurologia,2024/031208,Rezydencki,84.31,3.79,26.09.2024 23:29:45,33,NIE,,
j-2024,12,19.11.2024,19.11.2024 09:28:25,49,144,Małopolskie,329,Neurologia,2024/033571,Rezydencki,80.64,4.04,30.09.2024 14:59:22,33,NIE,,
j-2024,12,19.11.2024,19.11.2024 09:28:25,49,144,Małopolskie,330,Neurologia,2024/026331,Rezydencki,75.00,3.17,15.10.2024 17:11:11,33,NIE,,
j-2024,12,19.11.2024,19.11.2024 09:28:25,49,144,Małopolskie,331,Neurologia,2024/030324,Rezydencki,69.61,3.96,26.09.2024 10:09:38,33,NIE,,
j-2024,12,19.11.2024,19.11.2024 09:28:25,49,144,Małopolskie,332,Neurologia,2024/030733,Rezydencki,66.18,3.26,27.09.2024 20:05:29,33,NIE,,
j-2024,12,19.11.2024,19.11.2024 09:28:25,49,144,Małopolskie,333,Neurologia dziecięca,2024/027634,Rezydencki,89.22,4.12,30.09.2024 08:47:57,4,NIE,,
j-2024,12,19.11.2024,19.11.2024 09:28:25,49,144,Małopolskie,334,Neurologia dziecięca,2024/032420,Rezydencki,86.76,4.31,29.09.2024 21:31:22,4,NIE,,
j-2024,12,19.11.2024,19.11.2024 09:28:25,49,144,Małopolskie,335,Neurologia dziecięca,2024/030128,Rezydencki,85.37,4.21,25.09.2024 21:32:40,4,NIE,,
j-2024,12,19.11.2024,19.11.2024 09:28:25,49,144,Małopolskie,336,Neurologia dziecięca,2024/033413,Rezydencki,81.37,3.84,30.09.2024 23:57:51,4,NIE,,
j-2024,12,19.11.2024,19.11.2024 09:28:25,49,144,Małopolskie,337,Neurologia dziecięca,2024/031000,Pozarezydencki,80.00,3.86,15.10.2024 21:19:13,1,NIE,,
j-2024,12,19.11.2024,19.11.2024 09:28:25,49,144,Małopolskie,338,Neuropatologia,2024/028960,Pozarezydencki,80.00,3.59,24.10.2024 12:46:57,2,NIE,,
j-2024,12,19.11.2024,19.11.2024 09:28:25,49,144,Małopolskie,339,Neuropatologia,2024/032380,Pozarezydencki,71.82,4.52,13.10.2024 22:21:28,2,NIE,,
j-2024,12,19.11.2024,19.11.2024 09:28:25,49,144,Małopolskie,340,Okulistyka,2024/023053,Rezydencki,89.86,3.80,25.09.2024 19:54:55,4,NIE,,
j-2024,12,19.11.2024,19.11.2024 09:28:25,49,144,Małopolskie,341,Okulistyka,2024/031343,Rezydencki,89.76,4.42,27.09.2024 14:25:31,4,NIE,,
j-2024,12,19.11.2024,19.11.2024 09:28:25,49,144,Małopolskie,342,Okulistyka,2024/029990,Rezydencki,88.78,4.38,25.09.2024 19:49:28,4,NIE,,
j-2024,12,19.11.2024,19.11.2024 09:28:25,50,144,Małopolskie,343,Okulistyka,2024/032532,Rezydencki,88.73,4.63,30.09.2024 22:49:50,4,NIE,,
j-2024,12,19.11.2024,19.11.2024 09:28:25,50,144,Małopolskie,344,Okulistyka,2024/026282,Pozarezydencki,81.57,3.51,28.09.2024 23:30:41,1,NIE,,
j-2024,12,19.11.2024,19.11.2024 09:28:25,50,144,Małopolskie,345,Onkologia i hematologia dziecięca,2024/028328,Rezydencki,84.07,4.19,28.09.2024 17:14:05,2,NIE,,
j-2024,12,19.11.2024,19.11.2024 09:28:25,50,144,Małopolskie,346,Onkologia i hematologia dziecięca,2024/022956,Rezydencki,81.64,3.25,11.10.2024 12:32:06,2,NIE,,
j-2024,12,19.11.2024,19.11.2024 09:28:25,50,144,Małopolskie,347,Onkologia i hematologia dziecięca,2024/033055,Pozarezydencki,80.00,4.13,08.10.2024 13:57:11,2,NIE,,
j-2024,12,19.11.2024,19.11.2024 09:28:25,50,144,Małopolskie,348,Onkologia i hematologia dziecięca,2024/029099,Pozarezydencki,69.44,0.00,25.09.2024 22:26:38,2,NIE,,
j-2024,12,19.11.2024,19.11.2024 09:28:25,50,144,Małopolskie,349,Onkologia kliniczna,2024/026744,Rezydencki,90.44,4.65,29.09.2024 23:24:54,6,NIE,,
j-2024,12,19.11.2024,19.11.2024 09:28:25,50,144,Małopolskie,350,Onkologia kliniczna,2024/026411,Rezydencki,89.71,4.07,26.09.2024 12:16:27,6,NIE,,
j-2024,12,19.11.2024,19.11.2024 09:28:25,50,144,Małopolskie,351,Onkologia kliniczna,2024/024090,Rezydencki,88.73,4.38,25.09.2024 19:58:16,6,NIE,,
j-2024,12,19.11.2024,19.11.2024 09:28:25,50,144,Małopolskie,352,Onkologia kliniczna,2024/027637,Rezydencki,87.25,4.34,29.09.2024 15:32:01,6,NIE,,
j-2024,12,19.11.2024,19.11.2024 09:28:25,50,144,Małopolskie,353,Onkologia kliniczna,2024/022887,Rezydencki,86.03,4.35,12.09.2024 21:17:09,6,NIE,,
j-2024,12,19.11.2024,19.11.2024 09:28:25,50,144,Małopolskie,354,Onkologia kliniczna,2024/030249,Rezydencki,85.02,4.02,25.09.2024 23:58:32,6,NIE,,
j-2024,12,19.11.2024,19.11.2024 09:28:25,50,144,Małopolskie,355,Onkologia kliniczna,2024/033974,Pozarezydencki,80.00,0.00,30.09.2024 20:45:43,1,NIE,,
j-2024,12,19.11.2024,19.11.2024 09:28:25,50,144,Małopolskie,356,Ortodoncja,2024/028214,Rezydencki,89.90,4.72,23.09.2024 19:30:44,6,NIE,,
j-2024,12,19.11.2024,19.11.2024 09:28:25,50,144,Małopolskie,357,Ortodoncja,2024/025893,Rezydencki,88.94,4.45,14.10.2024 12:15:01,6,NIE,,
j-2024,12,19.11.2024,19.11.2024 09:28:25,50,144,Małopolskie,358,Ortodoncja,2024/026873,Rezydencki,88.46,4.06,18.09.2024 07:18:15,6,NIE,,
j-2024,12,19.11.2024,19.11.2024 09:28:25,50,144,Małopolskie,359,Ortodoncja,2024/025407,Rezydencki,87.50,4.50,18.09.2024 00:37:33,6,NIE,,
j-2024,12,19.11.2024,19.11.2024 09:28:25,50,144,Małopolskie,360,Ortodoncja,2024/025663,Rezydencki,87.26,4.36,07.10.2024 18:51:30,6,NIE,,
j-2024,12,19.11.2024,19.11.2024 09:28:25,50,144,Małopolskie,361,Ortodoncja,2024/025286,Rezydencki,87.02,4.45,11.09.2024 16:39:23,6,NIE,,
j-2024,12,19.11.2024,19.11.2024 09:28:25,50,144,Małopolskie,362,Ortopedia i traumatologia narządu ruchu,2024/031936,Rezydencki,90.34,4.08,28.09.2024 12:17:11,23,NIE,,
j-2024,12,19.11.2024,19.11.2024 09:28:25,50,144,Małopolskie,363,Ortopedia i traumatologia narządu ruchu,2024/033332,Rezydencki,90.20,3.82,30.09.2024 21:07:49,23,NIE,,
j-2024,12,19.11.2024,19.11.2024 09:28:25,50,144,Małopolskie,364,Ortopedia i traumatologia narządu ruchu,2024/022330,Rezydencki,89.86,3.72,05.09.2024 18:27:39,23,NIE,,
j-2024,12,19.11.2024,19.11.2024 09:28:25,50,144,Małopolskie,365,Ortopedia i traumatologia narządu ruchu,2024/026438,Rezydencki,88.89,3.94,18.10.2024 14:06:55,23,NIE,,
j-2024,12,19.11.2024,19.11.2024 09:28:25,50,144,Małopolskie,366,Ortopedia i traumatologia narządu ruchu,2024/028163,Rezydencki,88.73,4.47,25.09.2024 19:59:38,23,NIE,,
j-2024,12,19.11.2024,19.11.2024 09:28:25,50,144,Małopolskie,367,Ortopedia i traumatologia narządu ruchu,2024/023281,Rezydencki,88.41,4.19,24.09.2024 21:45:03,23,NIE,,
j-2024,12,19.11.2024,19.11.2024 09:28:25,50,144,Małopolskie,368,Ortopedia i traumatologia narządu ruchu,2024/022742,Rezydencki,88.41,4.03,10.09.2024 21:43:45,23,NIE,,
j-2024,12,19.11.2024,19.11.2024 09:28:25,50,144,Małopolskie,369,Ortopedia i traumatologia narządu ruchu,2024/024561,Rezydencki,88.05,3.59,25.09.2024 16:51:04,23,NIE,,
j-2024,12,19.11.2024,19.11.2024 09:28:25,50,144,Małopolskie,370,Ortopedia i traumatologia narządu ruchu,2024/025617,Rezydencki,87.25,3.79,30.09.2024 10:10:59,23,NIE,,
j-2024,12,19.11.2024,19.11.2024 09:28:25,50,144,Małopolskie,371,Ortopedia i traumatologia narządu ruchu,2024/028354,Rezydencki,87.01,3.84,10.10.2024 18:38:01,23,NIE,,
j-2024,12,19.11.2024,19.11.2024 09:28:25,50,144,Małopolskie,372,Ortopedia i traumatologia narządu ruchu,2024/028010,Rezydencki,86.76,3.83,22.09.2024 17:47:15,23,NIE,,
j-2024,12,19.11.2024,19.11.2024 09:28:25,50,144,Małopolskie,373,Ortopedia i traumatologia narządu ruchu,2024/022720,Rezydencki,86.47,3.94,30.09.2024 21:48:28,23,NIE,,
j-2024,12,19.11.2024,19.11.2024 09:28:25,50,144,Małopolskie,374,Ortopedia i traumatologia narządu ruchu,2024/030412,Rezydencki,86.27,3.76,05.10.2024 13:16:45,23,NIE,,
j-2024,12,19.11.2024,19.11.2024 09:28:25,50,144,Małopolskie,375,Ortopedia i traumatologia narządu ruchu,2024/027961,Rezydencki,86.23,3.57,30.09.2024 23:08:26,23,NIE,,
j-2024,12,19.11.2024,19.11.2024 09:28:25,50,144,Małopolskie,376,Ortopedia i traumatologia narządu ruchu,2024/027870,Rezydencki,85.99,3.89,26.09.2024 13:22:57,23,NIE,,
j-2024,12,19.11.2024,19.11.2024 09:28:25,50,144,Małopolskie,377,Ortopedia i traumatologia narządu ruchu,2024/026042,Rezydencki,85.37,4.30,24.09.2024 09:22:49,23,NIE,,
j-2024,12,19.11.2024,19.11.2024 09:28:25,50,144,Małopolskie,378,Ortopedia i traumatologia narządu ruchu,2024/032409,Rezydencki,84.56,3.79,09.10.2024 12:11:49,23,NIE,,
j-2024,12,19.11.2024,19.11.2024 09:28:25,50,144,Małopolskie,379,Ortopedia i traumatologia narządu ruchu,2024/027740,Rezydencki,84.54,3.69,30.09.2024 22:05:11,23,NIE,,
j-2024,12,19.11.2024,19.11.2024 09:28:25,50,144,Małopolskie,380,Ortopedia i traumatologia narządu ruchu,2024/032445,Rezydencki,84.39,3.72,14.10.2024 17:37:35,23,NIE,,
j-2024,12,19.11.2024,19.11.2024 09:28:25,51,144,Małopolskie,381,Ortopedia i traumatologia narządu ruchu,2024/030738,Rezydencki,83.82,3.46,30.09.2024 17:06:14,23,NIE,,
j-2024,12,19.11.2024,19.11.2024 09:28:25,51,144,Małopolskie,382,Ortopedia i traumatologia narządu ruchu,2024/032131,Rezydencki,83.57,3.78,28.09.2024 19:14:50,23,NIE,,
j-2024,12,19.11.2024,19.11.2024 09:28:25,51,144,Małopolskie,383,Ortopedia i traumatologia narządu ruchu,2024/029927,Rezydencki,82.93,3.73,06.10.2024 16:45:18,23,NIE,,
j-2024,12,19.11.2024,19.11.2024 09:28:25,51,144,Małopolskie,384,Ortopedia i traumatologia narządu ruchu,2024/024993,Rezydencki,82.85,4.14,30.09.2024 09:30:13,23,NIE,,
j-2024,12,19.11.2024,19.11.2024 09:28:25,51,144,Małopolskie,385,Ortopedia i traumatologia narządu ruchu,2024/024648,Pozarezydencki,82.94,3.98,23.10.2024 14:45:11,2,NIE,,
j-2024,12,19.11.2024,19.11.2024 09:28:25,51,144,Małopolskie,386,Ortopedia i traumatologia narządu ruchu,2024/032607,Pozarezydencki,79.03,3.68,11.10.2024 15:06:14,2,NIE,,
j-2024,12,19.11.2024,19.11.2024 09:28:25,51,144,Małopolskie,387,Otorynolaryngologia,2024/023157,Rezydencki,92.20,3.94,08.10.2024 19:37:58,3,NIE,,
j-2024,12,19.11.2024,19.11.2024 09:28:25,51,144,Małopolskie,388,Otorynolaryngologia,2024/028685,Rezydencki,91.30,4.12,29.09.2024 23:40:18,3,NIE,,
j-2024,12,19.11.2024,19.11.2024 09:28:25,51,144,Małopolskie,389,Otorynolaryngologia,2024/022592,Rezydencki,90.49,4.44,02.09.2024 17:46:19,3,NIE,,
j-2024,12,19.11.2024,19.11.2024 09:28:25,51,144,Małopolskie,390,Patomorfologia,2024/024738,Rezydencki,88.65,4.10,30.09.2024 18:32:37,5,NIE,,
j-2024,12,19.11.2024,19.11.2024 09:28:25,51,144,Małopolskie,391,Patomorfologia,2024/027088,Rezydencki,85.05,4.13,09.10.2024 09:17:29,5,NIE,,
j-2024,12,19.11.2024,19.11.2024 09:28:25,51,144,Małopolskie,392,Patomorfologia,2024/029784,Rezydencki,84.06,3.09,09.10.2024 16:07:02,5,NIE,,
j-2024,12,19.11.2024,19.11.2024 09:28:25,51,144,Małopolskie,393,Patomorfologia,2024/023116,Rezydencki,80.19,3.67,09.10.2024 19:03:05,5,NIE,,
j-2024,12,19.11.2024,19.11.2024 09:28:25,51,144,Małopolskie,394,Patomorfologia,2024/024447,Rezydencki,78.43,3.50,22.09.2024 14:08:21,5,NIE,,
j-2024,12,19.11.2024,19.11.2024 09:28:25,51,144,Małopolskie,395,Patomorfologia,2024/029212,Pozarezydencki,71.43,3.54,11.10.2024 13:18:52,1,NIE,,
j-2024,12,19.11.2024,19.11.2024 09:28:25,51,144,Małopolskie,396,Pediatria,2024/025602,Rezydencki,90.34,4.22,23.09.2024 14:59:11,48,NIE,,
j-2024,12,19.11.2024,19.11.2024 09:28:25,51,144,Małopolskie,397,Pediatria,2024/028498,Rezydencki,89.71,4.20,14.10.2024 08:28:10,48,NIE,,
j-2024,12,19.11.2024,19.11.2024 09:28:25,51,144,Małopolskie,398,Pediatria,2024/032593,Rezydencki,89.13,4.08,10.10.2024 18:33:42,48,NIE,,
j-2024,12,19.11.2024,19.11.2024 09:28:25,51,144,Małopolskie,399,Pediatria,2024/028772,Rezydencki,88.89,4.41,10.10.2024 23:11:35,48,NIE,,
j-2024,12,19.11.2024,19.11.2024 09:28:25,51,144,Małopolskie,400,Pediatria,2024/029124,Rezydencki,88.73,4.46,27.09.2024 19:31:54,48,NIE,,
j-2024,12,19.11.2024,19.11.2024 09:28:25,51,144,Małopolskie,401,Pediatria,2024/028149,Rezydencki,88.73,4.25,27.09.2024 16:35:49,48,NIE,,
j-2024,12,19.11.2024,19.11.2024 09:28:25,51,144,Małopolskie,402,Pediatria,2024/031631,Rezydencki,88.54,4.16,13.10.2024 12:52:48,48,NIE,,
j-2024,12,19.11.2024,19.11.2024 09:28:25,51,144,Małopolskie,403,Pediatria,2024/025962,Rezydencki,88.41,4.26,30.09.2024 18:40:45,48,NIE,,
j-2024,12,19.11.2024,19.11.2024 09:28:25,51,144,Małopolskie,404,Pediatria,2024/026374,Rezydencki,88.24,4.28,24.09.2024 10:34:25,48,NIE,,
j-2024,12,19.11.2024,19.11.2024 09:28:25,51,144,Małopolskie,405,Pediatria,2024/023293,Rezydencki,88.16,4.02,09.10.2024 15:37:04,48,NIE,,
j-2024,12,19.11.2024,19.11.2024 09:28:25,51,144,Małopolskie,406,Pediatria,2024/023106,Rezydencki,87.44,4.43,21.10.2024 09:19:55,48,NIE,,
j-2024,12,19.11.2024,19.11.2024 09:28:25,51,144,Małopolskie,407,Pediatria,2024/027221,Rezydencki,87.44,4.23,09.10.2024 17:00:22,48,NIE,,
j-2024,12,19.11.2024,19.11.2024 09:28:25,51,144,Małopolskie,408,Pediatria,2024/022412,Rezydencki,87.44,3.93,30.09.2024 11:22:28,48,NIE,,
j-2024,12,19.11.2024,19.11.2024 09:28:25,51,144,Małopolskie,409,Pediatria,2024/022961,Rezydencki,87.25,4.22,09.10.2024 14:32:50,48,NIE,,
j-2024,12,19.11.2024,19.11.2024 09:28:25,51,144,Małopolskie,410,Pediatria,2024/023852,Rezydencki,87.20,3.76,29.09.2024 18:16:05,48,NIE,,
j-2024,12,19.11.2024,19.11.2024 09:28:25,51,144,Małopolskie,411,Pediatria,2024/026831,Rezydencki,86.83,4.48,09.10.2024 13:16:18,48,NIE,,
j-2024,12,19.11.2024,19.11.2024 09:28:25,51,144,Małopolskie,412,Pediatria,2024/031616,Rezydencki,86.52,4.14,28.09.2024 00:15:22,48,NIE,,
j-2024,12,19.11.2024,19.11.2024 09:28:25,51,144,Małopolskie,413,Pediatria,2024/028034,Rezydencki,86.47,4.08,09.10.2024 21:15:34,48,NIE,,
j-2024,12,19.11.2024,19.11.2024 09:28:25,51,144,Małopolskie,414,Pediatria,2024/029813,Rezydencki,86.27,4.24,14.10.2024 10:07:19,48,NIE,,
j-2024,12,19.11.2024,19.11.2024 09:28:25,51,144,Małopolskie,415,Pediatria,2024/032205,Rezydencki,85.99,4.67,10.10.2024 16:03:35,48,NIE,,
j-2024,12,19.11.2024,19.11.2024 09:28:25,51,144,Małopolskie,416,Pediatria,2024/022314,Rezydencki,85.99,4.39,29.09.2024 18:23:56,48,NIE,,
j-2024,12,19.11.2024,19.11.2024 09:28:25,51,144,Małopolskie,417,Pediatria,2024/028418,Rezydencki,85.99,4.37,09.10.2024 13:57:35,48,NIE,,
j-2024,12,19.11.2024,19.11.2024 09:28:25,51,144,Małopolskie,418,Pediatria,2024/022200,Rezydencki,85.85,4.30,14.10.2024 08:28:29,48,NIE,,
j-2024,12,19.11.2024,19.11.2024 09:28:25,52,144,Małopolskie,419,Pediatria,2024/028407,Rezydencki,85.29,3.65,26.09.2024 20:09:46,48,NIE,,
j-2024,12,19.11.2024,19.11.2024 09:28:25,52,144,Małopolskie,420,Pediatria,2024/032037,Rezydencki,84.54,4.14,28.09.2024 15:58:42,48,NIE,,
j-2024,12,19.11.2024,19.11.2024 09:28:25,52,144,Małopolskie,421,Pediatria,2024/030823,Rezydencki,84.06,3.78,26.09.2024 19:11:49,48,NIE,,
j-2024,12,19.11.2024,19.11.2024 09:28:25,52,144,Małopolskie,422,Pediatria,2024/026538,Rezydencki,83.90,4.14,17.09.2024 00:22:01,48,NIE,,
j-2024,12,19.11.2024,19.11.2024 09:28:25,52,144,Małopolskie,423,Pediatria,2024/029177,Rezydencki,83.57,4.21,30.09.2024 21:13:37,48,NIE,,
j-2024,12,19.11.2024,19.11.2024 09:28:25,52,144,Małopolskie,424,Pediatria,2024/032947,Rezydencki,83.57,3.59,30.09.2024 22:18:39,48,NIE,,
j-2024,12,19.11.2024,19.11.2024 09:28:25,52,144,Małopolskie,425,Pediatria,2024/029534,Rezydencki,83.57,3.38,30.09.2024 16:59:59,48,NIE,,
j-2024,12,19.11.2024,19.11.2024 09:28:25,52,144,Małopolskie,426,Pediatria,2024/030052,Rezydencki,82.84,3.37,10.10.2024 11:35:20,48,NIE,,
j-2024,12,19.11.2024,19.11.2024 09:28:25,52,144,Małopolskie,427,Pediatria,2024/026227,Rezydencki,82.68,4.29,25.10.2024 13:44:42,48,NIE,,
j-2024,12,19.11.2024,19.11.2024 09:28:25,52,144,Małopolskie,428,Pediatria,2024/033881,Rezydencki,82.61,4.18,30.09.2024 23:02:43,48,NIE,,
j-2024,12,19.11.2024,19.11.2024 09:28:25,52,144,Małopolskie,429,Pediatria,2024/029320,Rezydencki,82.44,3.92,08.10.2024 22:40:40,48,NIE,,
j-2024,12,19.11.2024,19.11.2024 09:28:25,52,144,Małopolskie,430,Pediatria,2024/029473,Rezydencki,82.13,4.00,10.10.2024 14:59:40,48,NIE,,
j-2024,12,19.11.2024,19.11.2024 09:28:25,52,144,Małopolskie,431,Pediatria,2024/032211,Rezydencki,81.86,3.74,11.10.2024 17:01:27,48,NIE,,
j-2024,12,19.11.2024,19.11.2024 09:28:25,52,144,Małopolskie,432,Pediatria,2024/032721,Rezydencki,81.86,3.50,13.10.2024 21:41:38,48,NIE,,
j-2024,12,19.11.2024,19.11.2024 09:28:25,52,144,Małopolskie,433,Pediatria,2024/031474,Rezydencki,81.16,4.28,10.10.2024 15:50:12,48,NIE,,
j-2024,12,19.11.2024,19.11.2024 09:28:25,52,144,Małopolskie,434,Pediatria,2024/030134,Rezydencki,80.68,4.07,09.10.2024 14:40:48,48,NIE,,
j-2024,12,19.11.2024,19.11.2024 09:28:25,52,144,Małopolskie,435,Pediatria,2024/023026,Rezydencki,79.71,3.47,02.09.2024 16:03:09,48,NIE,,
j-2024,12,19.11.2024,19.11.2024 09:28:25,52,144,Małopolskie,436,Pediatria,2024/032282,Rezydencki,79.51,3.63,18.10.2024 12:37:02,48,NIE,,
j-2024,12,19.11.2024,19.11.2024 09:28:25,52,144,Małopolskie,437,Pediatria,2024/032511,Rezydencki,79.41,3.39,18.10.2024 13:09:31,48,NIE,,
j-2024,12,19.11.2024,19.11.2024 09:28:25,52,144,Małopolskie,438,Pediatria,2024/031626,Rezydencki,78.19,3.59,29.09.2024 19:04:13,48,NIE,,
j-2024,12,19.11.2024,19.11.2024 09:28:25,52,144,Małopolskie,439,Pediatria,2024/030385,Rezydencki,77.78,3.94,09.10.2024 23:22:11,48,NIE,,
j-2024,12,19.11.2024,19.11.2024 09:28:25,52,144,Małopolskie,440,Pediatria,2024/027094,Rezydencki,75.36,3.45,08.10.2024 14:44:51,48,NIE,,
j-2024,12,19.11.2024,19.11.2024 09:28:25,52,144,Małopolskie,441,Pediatria,2024/024001,Rezydencki,73.66,3.48,23.09.2024 13:04:20,48,NIE,,
j-2024,12,19.11.2024,19.11.2024 09:28:25,52,144,Małopolskie,442,Pediatria,2024/034022,Rezydencki,73.04,4.09,16.10.2024 12:09:19,48,NIE,,
j-2024,12,19.11.2024,19.11.2024 09:28:25,52,144,Małopolskie,443,Pediatria,2024/033108,Rezydencki,70.59,3.15,15.10.2024 00:14:49,48,NIE,,
j-2024,12,19.11.2024,19.11.2024 09:28:25,52,144,Małopolskie,444,Pediatria,2024/032071,Pozarezydencki,81.57,3.64,12.10.2024 12:15:33,3,NIE,,
j-2024,12,19.11.2024,19.11.2024 09:28:25,52,144,Małopolskie,445,Pediatria,2024/029798,Pozarezydencki,75.68,3.26,15.10.2024 16:24:08,3,NIE,,
j-2024,12,19.11.2024,19.11.2024 09:28:25,52,144,Małopolskie,446,Pediatria,2024/023615,Pozarezydencki,55.30,2.91,17.10.2024 09:54:05,3,NIE,,
j-2024,12,19.11.2024,19.11.2024 09:28:25,52,144,Małopolskie,447,Perinatologia,2024/025512,Pozarezydencki,91.82,4.88,14.10.2024 21:00:13,1,NIE,,
j-2024,12,19.11.2024,19.11.2024 09:28:25,52,144,Małopolskie,448,Periodontologia,2024/027141,Rezydencki,85.58,4.16,23.09.2024 18:24:36,2,NIE,,
j-2024,12,19.11.2024,19.11.2024 09:28:25,52,144,Małopolskie,449,Periodontologia,2024/028082,Rezydencki,84.30,4.21,22.09.2024 21:00:53,2,NIE,,
j-2024,12,19.11.2024,19.11.2024 09:28:25,52,144,Małopolskie,450,Położnictwo i ginekologia,2024/030158,Rezydencki,90.98,4.34,25.09.2024 21:58:03,30,NIE,,
j-2024,12,19.11.2024,19.11.2024 09:28:25,52,144,Małopolskie,451,Położnictwo i ginekologia,2024/032035,Rezydencki,89.86,4.19,28.09.2024 17:02:36,30,NIE,,
j-2024,12,19.11.2024,19.11.2024 09:28:25,52,144,Małopolskie,452,Położnictwo i ginekologia,2024/022688,Rezydencki,89.37,4.16,01.09.2024 20:53:21,30,NIE,,
j-2024,12,19.11.2024,19.11.2024 09:28:25,52,144,Małopolskie,453,Położnictwo i ginekologia,2024/031458,Rezydencki,88.48,4.08,27.09.2024 14:08:08,30,NIE,,
j-2024,12,19.11.2024,19.11.2024 09:28:25,52,144,Małopolskie,454,Położnictwo i ginekologia,2024/025266,Rezydencki,88.29,3.93,30.09.2024 16:23:50,30,NIE,,
j-2024,12,19.11.2024,19.11.2024 09:28:25,52,144,Małopolskie,455,Położnictwo i ginekologia,2024/028281,Rezydencki,86.47,3.98,25.09.2024 19:24:55,30,NIE,,
j-2024,12,19.11.2024,19.11.2024 09:28:25,52,144,Małopolskie,456,Położnictwo i ginekologia,2024/022310,Rezydencki,86.27,4.23,26.09.2024 20:25:22,30,NIE,,
j-2024,12,19.11.2024,19.11.2024 09:28:25,53,144,Małopolskie,457,Położnictwo i ginekologia,2024/034079,Rezydencki,85.99,3.66,30.09.2024 21:55:35,30,NIE,,
j-2024,12,19.11.2024,19.11.2024 09:28:25,53,144,Małopolskie,458,Położnictwo i ginekologia,2024/032281,Rezydencki,85.51,3.88,29.09.2024 00:52:50,30,NIE,,
j-2024,12,19.11.2024,19.11.2024 09:28:25,53,144,Małopolskie,459,Położnictwo i ginekologia,2024/026748,Rezydencki,84.80,3.56,14.10.2024 18:26:10,30,NIE,,
j-2024,12,19.11.2024,19.11.2024 09:28:25,53,144,Małopolskie,460,Położnictwo i ginekologia,2024/030446,Rezydencki,84.39,4.02,16.10.2024 21:59:39,30,NIE,,
j-2024,12,19.11.2024,19.11.2024 09:28:25,53,144,Małopolskie,461,Położnictwo i ginekologia,2024/031983,Rezydencki,84.07,3.70,29.09.2024 13:29:19,30,NIE,,
j-2024,12,19.11.2024,19.11.2024 09:28:25,53,144,Małopolskie,462,Położnictwo i ginekologia,2024/026776,Rezydencki,84.07,3.55,30.09.2024 20:16:02,30,NIE,,
j-2024,12,19.11.2024,19.11.2024 09:28:25,53,144,Małopolskie,463,Położnictwo i ginekologia,2024/033101,Rezydencki,83.57,3.80,16.10.2024 14:51:47,30,NIE,,
j-2024,12,19.11.2024,19.11.2024 09:28:25,53,144,Małopolskie,464,Położnictwo i ginekologia,2024/029781,Rezydencki,83.41,3.53,30.09.2024 17:18:53,30,NIE,,
j-2024,12,19.11.2024,19.11.2024 09:28:25,53,144,Małopolskie,465,Położnictwo i ginekologia,2024/032626,Rezydencki,83.33,4.02,20.10.2024 16:14:53,30,NIE,,
j-2024,12,19.11.2024,19.11.2024 09:28:25,53,144,Małopolskie,466,Położnictwo i ginekologia,2024/033797,Rezydencki,83.33,3.35,12.10.2024 10:14:47,30,NIE,,
j-2024,12,19.11.2024,19.11.2024 09:28:25,53,144,Małopolskie,467,Położnictwo i ginekologia,2024/032768,Rezydencki,83.33,3.25,29.09.2024 20:10:26,30,NIE,,
j-2024,12,19.11.2024,19.11.2024 09:28:25,53,144,Małopolskie,468,Położnictwo i ginekologia,2024/027403,Rezydencki,83.09,3.84,24.10.2024 17:31:23,30,NIE,,
j-2024,12,19.11.2024,19.11.2024 09:28:25,53,144,Małopolskie,469,Położnictwo i ginekologia,2024/032817,Rezydencki,82.93,3.36,29.09.2024 20:48:14,30,NIE,,
j-2024,12,19.11.2024,19.11.2024 09:28:25,53,144,Małopolskie,470,Położnictwo i ginekologia,2024/032424,Rezydencki,82.84,3.70,29.09.2024 15:04:27,30,NIE,,
j-2024,12,19.11.2024,19.11.2024 09:28:25,53,144,Małopolskie,471,Położnictwo i ginekologia,2024/032726,Rezydencki,82.35,3.80,29.09.2024 19:34:56,30,NIE,,
j-2024,12,19.11.2024,19.11.2024 09:28:25,53,144,Małopolskie,472,Położnictwo i ginekologia,2024/031603,Rezydencki,82.13,3.94,29.09.2024 22:16:40,30,NIE,,
j-2024,12,19.11.2024,19.11.2024 09:28:25,53,144,Małopolskie,473,Położnictwo i ginekologia,2024/025588,Rezydencki,82.13,3.78,09.10.2024 15:34:48,30,NIE,,
j-2024,12,19.11.2024,19.11.2024 09:28:25,53,144,Małopolskie,474,Położnictwo i ginekologia,2024/022573,Rezydencki,81.37,4.05,29.09.2024 21:22:17,30,NIE,,
j-2024,12,19.11.2024,19.11.2024 09:28:25,53,144,Małopolskie,475,Położnictwo i ginekologia,2024/026645,Rezydencki,80.98,3.93,17.09.2024 13:45:51,30,NIE,,
j-2024,12,19.11.2024,19.11.2024 09:28:25,53,144,Małopolskie,476,Położnictwo i ginekologia,2024/032423,Rezydencki,80.98,3.53,07.10.2024 13:23:12,30,NIE,,
j-2024,12,19.11.2024,19.11.2024 09:28:25,53,144,Małopolskie,477,Położnictwo i ginekologia,2024/031025,Rezydencki,80.88,3.47,30.09.2024 19:38:05,30,NIE,,
j-2024,12,19.11.2024,19.11.2024 09:28:25,53,144,Małopolskie,478,Położnictwo i ginekologia,2024/023121,Rezydencki,79.71,3.54,02.09.2024 18:30:33,30,NIE,,
j-2024,12,19.11.2024,19.11.2024 09:28:25,53,144,Małopolskie,479,Położnictwo i ginekologia,2024/025082,Rezydencki,79.41,4.08,10.10.2024 21:18:23,30,NIE,,
j-2024,12,19.11.2024,19.11.2024 09:28:25,53,144,Małopolskie,480,Położnictwo i ginekologia,2024/032043,Pozarezydencki,67.76,3.33,11.10.2024 08:12:01,2,NIE,,
j-2024,12,19.11.2024,19.11.2024 09:28:25,53,144,Małopolskie,481,Położnictwo i ginekologia,2024/032843,Pozarezydencki,67.28,3.85,29.09.2024 21:15:44,2,NIE,,
j-2024,12,19.11.2024,19.11.2024 09:28:25,53,144,Małopolskie,482,Protetyka stomatologiczna,2024/023464,Rezydencki,90.38,4.69,15.09.2024 12:08:54,5,NIE,,
j-2024,12,19.11.2024,19.11.2024 09:28:25,53,144,Małopolskie,483,Protetyka stomatologiczna,2024/024475,Rezydencki,86.23,3.95,16.10.2024 11:15:06,5,NIE,,
j-2024,12,19.11.2024,19.11.2024 09:28:25,53,144,Małopolskie,484,Protetyka stomatologiczna,2024/023479,Rezydencki,83.01,3.84,10.09.2024 16:30:11,5,NIE,,
j-2024,12,19.11.2024,19.11.2024 09:28:25,53,144,Małopolskie,485,Protetyka stomatologiczna,2024/032654,Rezydencki,82.61,3.79,15.10.2024 22:56:13,5,NIE,,
j-2024,12,19.11.2024,19.11.2024 09:28:25,53,144,Małopolskie,486,Protetyka stomatologiczna,2024/023230,Rezydencki,81.64,3.68,10.10.2024 21:51:25,5,NIE,,
j-2024,12,19.11.2024,19.11.2024 09:28:25,53,144,Małopolskie,487,Psychiatria,2024/031022,Rezydencki,90.10,3.85,28.09.2024 15:17:52,18,NIE,,
j-2024,12,19.11.2024,19.11.2024 09:28:25,53,144,Małopolskie,488,Psychiatria,2024/031665,Rezydencki,88.89,4.30,18.10.2024 11:00:45,18,NIE,,
j-2024,12,19.11.2024,19.11.2024 09:28:25,53,144,Małopolskie,489,Psychiatria,2024/027603,Rezydencki,88.73,3.57,18.10.2024 20:51:07,18,NIE,,
j-2024,12,19.11.2024,19.11.2024 09:28:25,53,144,Małopolskie,490,Psychiatria,2024/030726,Rezydencki,88.29,4.03,26.09.2024 17:19:26,18,NIE,,
j-2024,12,19.11.2024,19.11.2024 09:28:25,53,144,Małopolskie,491,Psychiatria,2024/032209,Rezydencki,88.05,4.15,28.09.2024 21:27:10,18,NIE,,
j-2024,12,19.11.2024,19.11.2024 09:28:25,53,144,Małopolskie,492,Psychiatria,2024/024770,Rezydencki,87.99,4.75,30.09.2024 21:53:27,18,NIE,,
j-2024,12,19.11.2024,19.11.2024 09:28:25,53,144,Małopolskie,493,Psychiatria,2024/030126,Rezydencki,87.50,4.38,26.09.2024 11:46:18,18,NIE,,
j-2024,12,19.11.2024,19.11.2024 09:28:25,53,144,Małopolskie,494,Psychiatria,2024/028851,Rezydencki,87.25,3.89,14.10.2024 11:34:34,18,NIE,,
j-2024,12,19.11.2024,19.11.2024 09:28:25,54,144,Małopolskie,495,Psychiatria,2024/029301,Rezydencki,86.71,4.26,28.09.2024 14:40:16,18,NIE,,
j-2024,12,19.11.2024,19.11.2024 09:28:25,54,144,Małopolskie,496,Psychiatria,2024/030100,Rezydencki,86.47,3.94,29.09.2024 19:21:42,18,NIE,,
j-2024,12,19.11.2024,19.11.2024 09:28:25,54,144,Małopolskie,497,Psychiatria,2024/029980,Rezydencki,85.99,4.03,30.09.2024 22:38:19,18,NIE,,
j-2024,12,19.11.2024,19.11.2024 09:28:25,54,144,Małopolskie,498,Psychiatria,2024/029789,Rezydencki,85.78,4.31,26.09.2024 15:04:43,18,NIE,,
j-2024,12,19.11.2024,19.11.2024 09:28:25,54,144,Małopolskie,499,Psychiatria,2024/031179,Rezydencki,85.12,3.77,26.09.2024 22:54:11,18,NIE,,
j-2024,12,19.11.2024,19.11.2024 09:28:25,54,144,Małopolskie,500,Psychiatria,2024/031108,Rezydencki,84.06,3.83,26.09.2024 22:26:51,18,NIE,,
j-2024,12,19.11.2024,19.11.2024 09:28:25,54,144,Małopolskie,501,Psychiatria,2024/033629,Rezydencki,83.82,3.85,30.09.2024 17:46:16,18,NIE,,
j-2024,12,19.11.2024,19.11.2024 09:28:25,54,144,Małopolskie,502,Psychiatria,2024/033985,Rezydencki,83.41,0.00,30.09.2024 23:46:50,18,NIE,,
j-2024,12,19.11.2024,19.11.2024 09:28:25,54,144,Małopolskie,503,Psychiatria,2024/033345,Rezydencki,83.33,4.06,30.09.2024 22:58:39,18,NIE,,
j-2024,12,19.11.2024,19.11.2024 09:28:25,54,144,Małopolskie,504,Psychiatria,2024/031694,Rezydencki,82.61,3.95,12.10.2024 13:48:03,18,NIE,,
j-2024,12,19.11.2024,19.11.2024 09:28:25,54,144,Małopolskie,505,Psychiatria,2024/023379,Pozarezydencki,77.88,3.56,28.10.2024 14:35:49,1,NIE,,
j-2024,12,19.11.2024,19.11.2024 09:28:25,54,144,Małopolskie,506,Psychiatria dzieci i młodzieży,2024/028759,Rezydencki,91.18,3.94,30.09.2024 19:06:53,14,NIE,,
j-2024,12,19.11.2024,19.11.2024 09:28:25,54,144,Małopolskie,507,Psychiatria dzieci i młodzieży,2024/027379,Rezydencki,90.93,4.46,27.09.2024 19:04:56,14,NIE,,
j-2024,12,19.11.2024,19.11.2024 09:28:25,54,144,Małopolskie,508,Psychiatria dzieci i młodzieży,2024/027981,Rezydencki,88.73,4.32,14.10.2024 15:46:46,14,NIE,,
j-2024,12,19.11.2024,19.11.2024 09:28:25,54,144,Małopolskie,509,Psychiatria dzieci i młodzieży,2024/022918,Rezydencki,87.68,4.19,07.09.2024 15:55:14,14,NIE,,
j-2024,12,19.11.2024,19.11.2024 09:28:25,54,144,Małopolskie,510,Psychiatria dzieci i młodzieży,2024/022378,Rezydencki,87.50,4.23,17.10.2024 13:01:24,14,NIE,,
j-2024,12,19.11.2024,19.11.2024 09:28:25,54,144,Małopolskie,511,Psychiatria dzieci i młodzieży,2024/028454,Rezydencki,86.76,4.21,27.09.2024 19:16:04,14,NIE,,
j-2024,12,19.11.2024,19.11.2024 09:28:25,54,144,Małopolskie,512,Psychiatria dzieci i młodzieży,2024/023311,Rezydencki,86.34,3.89,30.09.2024 17:41:47,14,NIE,,
j-2024,12,19.11.2024,19.11.2024 09:28:25,54,144,Małopolskie,513,Psychiatria dzieci i młodzieży,2024/032272,Rezydencki,85.85,4.17,30.09.2024 23:48:08,14,NIE,,
j-2024,12,19.11.2024,19.11.2024 09:28:25,54,144,Małopolskie,514,Psychiatria dzieci i młodzieży,2024/033784,Rezydencki,85.78,4.13,14.10.2024 15:22:11,14,NIE,,
j-2024,12,19.11.2024,19.11.2024 09:28:25,54,144,Małopolskie,515,Psychiatria dzieci i młodzieży,2024/031680,Rezydencki,85.51,4.57,27.09.2024 19:31:54,14,NIE,,
j-2024,12,19.11.2024,19.11.2024 09:28:25,54,144,Małopolskie,516,Psychiatria dzieci i młodzieży,2024/028519,Rezydencki,85.51,3.61,27.09.2024 20:37:18,14,NIE,,
j-2024,12,19.11.2024,19.11.2024 09:28:25,54,144,Małopolskie,517,Psychiatria dzieci i młodzieży,2024/024484,Rezydencki,85.05,3.56,26.09.2024 20:46:40,14,NIE,,
j-2024,12,19.11.2024,19.11.2024 09:28:25,54,144,Małopolskie,518,Psychiatria dzieci i młodzieży,2024/033871,Rezydencki,84.78,4.07,30.09.2024 22:27:18,14,NIE,,
j-2024,12,19.11.2024,19.11.2024 09:28:25,54,144,Małopolskie,519,Psychiatria dzieci i młodzieży,2024/027659,Rezydencki,84.56,4.10,29.09.2024 21:31:57,14,NIE,,
j-2024,12,19.11.2024,19.11.2024 09:28:25,54,144,Małopolskie,520,Psychiatria dzieci i młodzieży,2024/030171,Pozarezydencki,80.00,3.78,18.10.2024 11:40:13,2,NIE,,
j-2024,12,19.11.2024,19.11.2024 09:28:25,54,144,Małopolskie,521,Psychiatria dzieci i młodzieży,2024/022547,Pozarezydencki,74.55,3.98,16.10.2024 10:25:26,2,NIE,,
j-2024,12,19.11.2024,19.11.2024 09:28:25,54,144,Małopolskie,522,Radiologia i diagnostyka obrazowa,2024/029960,Rezydencki,92.20,4.80,25.09.2024 19:16:45,17,NIE,,
j-2024,12,19.11.2024,19.11.2024 09:28:25,54,144,Małopolskie,523,Radiologia i diagnostyka obrazowa,2024/030384,Rezydencki,91.79,4.47,26.09.2024 11:27:56,17,NIE,,
j-2024,12,19.11.2024,19.11.2024 09:28:25,54,144,Małopolskie,524,Radiologia i diagnostyka obrazowa,2024/024407,Rezydencki,91.79,4.30,08.09.2024 12:57:47,17,NIE,,
j-2024,12,19.11.2024,19.11.2024 09:28:25,54,144,Małopolskie,525,Radiologia i diagnostyka obrazowa,2024/030837,Rezydencki,91.79,4.05,11.10.2024 13:08:46,17,NIE,,
j-2024,12,19.11.2024,19.11.2024 09:28:25,54,144,Małopolskie,526,Radiologia i diagnostyka obrazowa,2024/025660,Rezydencki,91.67,4.19,16.10.2024 14:26:56,17,NIE,,
j-2024,12,19.11.2024,19.11.2024 09:28:25,54,144,Małopolskie,527,Radiologia i diagnostyka obrazowa,2024/024266,Rezydencki,91.30,4.68,07.09.2024 23:20:38,17,NIE,,
j-2024,12,19.11.2024,19.11.2024 09:28:25,54,144,Małopolskie,528,Radiologia i diagnostyka obrazowa,2024/033810,Rezydencki,91.06,4.52,17.10.2024 11:26:30,17,NIE,,
j-2024,12,19.11.2024,19.11.2024 09:28:25,54,144,Małopolskie,529,Radiologia i diagnostyka obrazowa,2024/028769,Rezydencki,90.82,4.41,09.10.2024 18:48:59,17,NIE,,
j-2024,12,19.11.2024,19.11.2024 09:28:25,54,144,Małopolskie,530,Radiologia i diagnostyka obrazowa,2024/034030,Rezydencki,90.58,4.35,30.09.2024 21:25:22,17,NIE,,
j-2024,12,19.11.2024,19.11.2024 09:28:25,54,144,Małopolskie,531,Radiologia i diagnostyka obrazowa,2024/027749,Rezydencki,90.24,4.27,30.09.2024 22:04:54,17,NIE,,
j-2024,12,19.11.2024,19.11.2024 09:28:25,54,144,Małopolskie,532,Radiologia i diagnostyka obrazowa,2024/027521,Rezydencki,89.86,4.42,21.10.2024 17:09:30,17,NIE,,
j-2024,12,19.11.2024,19.11.2024 09:28:25,55,144,Małopolskie,533,Radiologia i diagnostyka obrazowa,2024/022599,Rezydencki,89.86,4.16,26.09.2024 12:30:45,17,NIE,,
j-2024,12,19.11.2024,19.11.2024 09:28:25,55,144,Małopolskie,534,Radiologia i diagnostyka obrazowa,2024/030229,Rezydencki,89.61,4.35,08.10.2024 15:47:56,17,NIE,,
j-2024,12,19.11.2024,19.11.2024 09:28:25,55,144,Małopolskie,535,Radiologia i diagnostyka obrazowa,2024/023070,Rezydencki,89.37,3.69,30.09.2024 06:47:44,17,NIE,,
j-2024,12,19.11.2024,19.11.2024 09:28:25,55,144,Małopolskie,536,Radiologia i diagnostyka obrazowa,2024/032563,Rezydencki,89.22,4.27,30.09.2024 20:45:32,17,NIE,,
j-2024,12,19.11.2024,19.11.2024 09:28:25,55,144,Małopolskie,537,Radiologia i diagnostyka obrazowa,2024/030140,Rezydencki,88.78,3.79,11.10.2024 16:42:09,17,NIE,,
j-2024,12,19.11.2024,19.11.2024 09:28:25,55,144,Małopolskie,538,Radiologia i diagnostyka obrazowa,2024/032099,Rezydencki,87.68,4.40,30.09.2024 13:27:23,17,NIE,,
j-2024,12,19.11.2024,19.11.2024 09:28:25,55,144,Małopolskie,539,Radiologia i diagnostyka obrazowa,2024/022361,Pozarezydencki,81.40,3.84,17.10.2024 09:28:26,3,NIE,,
j-2024,12,19.11.2024,19.11.2024 09:28:25,55,144,Małopolskie,540,Radiologia i diagnostyka obrazowa,2024/026061,Pozarezydencki,80.70,3.49,17.10.2024 21:02:32,3,NIE,,
j-2024,12,19.11.2024,19.11.2024 09:28:25,55,144,Małopolskie,541,Radiologia i diagnostyka obrazowa,2024/031663,Pozarezydencki,78.50,3.76,16.10.2024 14:49:42,3,NIE,,
j-2024,12,19.11.2024,19.11.2024 09:28:25,55,144,Małopolskie,542,Radioterapia onkologiczna,2024/033310,Rezydencki,86.71,4.27,14.10.2024 15:26:18,4,NIE,,
j-2024,12,19.11.2024,19.11.2024 09:28:25,55,144,Małopolskie,543,Radioterapia onkologiczna,2024/028611,Rezydencki,85.99,3.94,18.10.2024 14:21:03,4,NIE,,
j-2024,12,19.11.2024,19.11.2024 09:28:25,55,144,Małopolskie,544,Radioterapia onkologiczna,2024/032969,Rezydencki,84.06,3.04,29.09.2024 22:16:46,4,NIE,,
j-2024,12,19.11.2024,19.11.2024 09:28:25,55,144,Małopolskie,545,Radioterapia onkologiczna,2024/025186,Rezydencki,83.33,4.36,28.10.2024 12:07:13,4,NIE,,
j-2024,12,19.11.2024,19.11.2024 09:28:25,55,144,Małopolskie,546,Radioterapia onkologiczna,2024/024859,Pozarezydencki,74.07,0.00,14.10.2024 23:00:51,1,NIE,,
j-2024,12,19.11.2024,19.11.2024 09:28:25,55,144,Małopolskie,547,Rehabilitacja medyczna,2024/030924,Rezydencki,82.61,3.79,27.09.2024 10:13:25,2,NIE,,
j-2024,12,19.11.2024,19.11.2024 09:28:25,55,144,Małopolskie,548,Rehabilitacja medyczna,2024/022830,Rezydencki,74.40,3.81,28.10.2024 11:15:51,2,NIE,,
j-2024,12,19.11.2024,19.11.2024 09:28:25,55,144,Małopolskie,549,Rehabilitacja medyczna,2024/032505,Pozarezydencki,80.00,3.59,24.10.2024 08:58:46,4,NIE,,
j-2024,12,19.11.2024,19.11.2024 09:28:25,55,144,Małopolskie,550,Rehabilitacja medyczna,2024/028620,Pozarezydencki,80.00,3.57,23.10.2024 19:42:58,4,NIE,,
j-2024,12,19.11.2024,19.11.2024 09:28:25,55,144,Małopolskie,551,Rehabilitacja medyczna,2024/026159,Pozarezydencki,70.91,3.26,28.10.2024 12:44:19,4,NIE,,
j-2024,12,19.11.2024,19.11.2024 09:28:25,55,144,Małopolskie,552,Rehabilitacja medyczna,2024/027985,Pozarezydencki,55.61,3.24,14.10.2024 22:08:43,4,NIE,,
j-2024,12,19.11.2024,19.11.2024 09:28:25,55,144,Małopolskie,553,Reumatologia,2024/027156,Rezydencki,91.95,4.50,19.10.2024 17:36:56,4,NIE,,
j-2024,12,19.11.2024,19.11.2024 09:28:25,55,144,Małopolskie,554,Reumatologia,2024/025949,Rezydencki,91.79,4.55,28.09.2024 16:27:02,4,NIE,,
j-2024,12,19.11.2024,19.11.2024 09:28:25,55,144,Małopolskie,555,Reumatologia,2024/032387,Rezydencki,91.06,4.78,29.09.2024 12:39:31,4,NIE,,
j-2024,12,19.11.2024,19.11.2024 09:28:25,55,144,Małopolskie,556,Reumatologia,2024/027799,Rezydencki,90.82,4.75,26.09.2024 21:42:51,4,NIE,,
j-2024,12,19.11.2024,19.11.2024 09:28:25,55,144,Małopolskie,557,Reumatologia,2024/025526,Pozarezydencki,81.31,4.32,29.09.2024 20:09:23,2,NIE,,
j-2024,12,19.11.2024,19.11.2024 09:28:25,55,144,Małopolskie,558,Reumatologia,2024/026369,Pozarezydencki,75.45,4.45,18.10.2024 11:34:22,2,NIE,,
j-2024,12,19.11.2024,19.11.2024 09:28:25,55,144,Małopolskie,559,Stomatologia dziecięca,2024/027276,Rezydencki,80.77,3.72,24.09.2024 19:08:28,2,NIE,,
j-2024,12,19.11.2024,19.11.2024 09:28:25,55,144,Małopolskie,560,Stomatologia dziecięca,2024/023546,Rezydencki,79.33,4.84,09.10.2024 15:52:39,2,NIE,,
j-2024,12,19.11.2024,19.11.2024 09:28:25,55,144,Małopolskie,561,Stomatologia zachowawcza z endodoncją,2024/032760,Rezydencki,84.21,3.98,29.10.2024 13:05:49,1,NIE,,
j-2024,12,19.11.2024,19.11.2024 09:28:25,55,144,Małopolskie,562,Transfuzjologia kliniczna,2024/026134,Rezydencki,80.00,3.91,20.10.2024 11:40:29,1,NIE,,
j-2024,12,19.11.2024,19.11.2024 09:28:25,55,144,Małopolskie,563,Transplantologia kliniczna,2024/023933,Pozarezydencki,87.64,4.70,23.10.2024 08:42:50,2,NIE,,
j-2024,12,19.11.2024,19.11.2024 09:28:25,55,144,Małopolskie,564,Transplantologia kliniczna,2024/025014,Pozarezydencki,78.21,4.20,17.10.2024 23:15:10,2,NIE,,
j-2024,12,19.11.2024,19.11.2024 09:28:25,55,144,Małopolskie,565,Urologia,2024/022302,Rezydencki,91.06,4.52,03.09.2024 13:02:44,6,NIE,,
j-2024,12,19.11.2024,19.11.2024 09:28:25,55,144,Małopolskie,566,Urologia,2024/031556,Rezydencki,90.24,3.74,27.09.2024 22:43:13,6,NIE,,
j-2024,12,19.11.2024,19.11.2024 09:28:25,55,144,Małopolskie,567,Urologia,2024/031977,Rezydencki,90.20,4.37,30.09.2024 18:53:30,6,NIE,,
j-2024,12,19.11.2024,19.11.2024 09:28:25,55,144,Małopolskie,568,Urologia,2024/030244,Rezydencki,89.76,4.47,25.09.2024 23:19:55,6,NIE,,
j-2024,12,19.11.2024,19.11.2024 09:28:25,55,144,Małopolskie,569,Urologia,2024/028828,Rezydencki,89.37,4.39,16.10.2024 14:36:30,6,NIE,,
j-2024,12,19.11.2024,19.11.2024 09:28:25,55,144,Małopolskie,570,Urologia,2024/028096,Rezydencki,89.37,4.16,22.09.2024 20:44:26,6,NIE,,
j-2024,12,19.11.2024,19.11.2024 09:28:25,56,144,Małopolskie,571,Urologia,2024/033485,Pozarezydencki,81.31,3.84,30.09.2024 13:25:24,1,NIE,,
j-2024,12,19.11.2024,19.11.2024 09:28:25,56,144,Małopolskie,1,Alergologia,2024/031280,Rezydencki,83.33,4.58,28.10.2024 10:04:12,1,TAK,Samodzielny Publiczny Zakład Opieki Zdrowotnej Szpital Uniwersytecki w Krakowie,"Centrum Alergologii, Oddział Kliniczny Dermatologii i Alergologii"
j-2024,12,19.11.2024,19.11.2024 09:28:25,56,144,Mazowieckie,1,Anestezjologia i intensywna terapia,2024/022347,Rezydencki,91.79,4.56,28.09.2024 12:00:47,8,NIE,,
j-2024,12,19.11.2024,19.11.2024 09:28:25,56,144,Mazowieckie,2,Anestezjologia i intensywna terapia,2024/022300,Rezydencki,91.30,4.07,16.09.2024 20:17:50,8,NIE,,
j-2024,12,19.11.2024,19.11.2024 09:28:25,56,144,Mazowieckie,3,Anestezjologia i intensywna terapia,2024/027107,Rezydencki,91.06,4.40,26.09.2024 21:46:53,8,NIE,,
j-2024,12,19.11.2024,19.11.2024 09:28:25,56,144,Mazowieckie,4,Anestezjologia i intensywna terapia,2024/022726,Rezydencki,90.82,4.55,30.09.2024 22:07:53,8,NIE,,
j-2024,12,19.11.2024,19.11.2024 09:28:25,56,144,Mazowieckie,5,Anestezjologia i intensywna terapia,2024/033609,Rezydencki,90.49,4.30,30.09.2024 18:24:41,8,NIE,,
j-2024,12,19.11.2024,19.11.2024 09:28:25,56,144,Mazowieckie,6,Anestezjologia i intensywna terapia,2024/025197,Rezydencki,90.24,4.56,25.09.2024 18:50:42,8,NIE,,
j-2024,12,19.11.2024,19.11.2024 09:28:25,56,144,Mazowieckie,7,Anestezjologia i intensywna terapia,2024/032643,Rezydencki,89.27,4.09,30.09.2024 14:14:43,8,NIE,,
j-2024,12,19.11.2024,19.11.2024 09:28:25,56,144,Mazowieckie,8,Anestezjologia i intensywna terapia,2024/032346,Rezydencki,88.89,4.45,30.09.2024 23:07:15,8,NIE,,
j-2024,12,19.11.2024,19.11.2024 09:28:25,56,144,Mazowieckie,9,Audiologia i foniatria,2024/031063,Pozarezydencki,75.68,3.61,07.10.2024 21:01:05,2,NIE,,
j-2024,12,19.11.2024,19.11.2024 09:28:25,56,144,Mazowieckie,10,Audiologia i foniatria,2024/023842,Pozarezydencki,68.22,3.71,18.10.2024 15:06:08,2,NIE,,
j-2024,12,19.11.2024,19.11.2024 09:28:25,56,144,Mazowieckie,11,Balneologia i medycyna fizykalna,2024/033782,Pozarezydencki,74.53,4.66,06.10.2024 19:01:15,1,NIE,,
j-2024,12,19.11.2024,19.11.2024 09:28:25,56,144,Mazowieckie,12,Chirurgia dziecięca,2024/033976,Rezydencki,83.90,3.71,30.09.2024 21:07:21,5,NIE,,
j-2024,12,19.11.2024,19.11.2024 09:28:25,56,144,Mazowieckie,13,Chirurgia dziecięca,2024/028320,Rezydencki,83.41,3.88,29.09.2024 19:54:51,5,NIE,,
j-2024,12,19.11.2024,19.11.2024 09:28:25,56,144,Mazowieckie,14,Chirurgia dziecięca,2024/030406,Rezydencki,82.61,4.17,26.09.2024 11:34:38,5,NIE,,
j-2024,12,19.11.2024,19.11.2024 09:28:25,56,144,Mazowieckie,15,Chirurgia dziecięca,2024/032377,Rezydencki,80.98,3.99,30.09.2024 19:46:56,5,NIE,,
j-2024,12,19.11.2024,19.11.2024 09:28:25,56,144,Mazowieckie,16,Chirurgia dziecięca,2024/030727,Rezydencki,80.88,3.92,30.09.2024 20:15:19,5,NIE,,
j-2024,12,19.11.2024,19.11.2024 09:28:25,56,144,Mazowieckie,17,Chirurgia naczyniowa,2024/024318,Pozarezydencki,63.59,3.22,08.09.2024 21:49:58,1,NIE,,
j-2024,12,19.11.2024,19.11.2024 09:28:25,56,144,Mazowieckie,18,Chirurgia ogólna,2024/028496,Rezydencki,89.76,4.66,23.09.2024 15:48:29,31,NIE,,
j-2024,12,19.11.2024,19.11.2024 09:28:25,56,144,Mazowieckie,19,Chirurgia ogólna,2024/027191,Rezydencki,89.37,4.06,11.10.2024 20:13:19,31,NIE,,
j-2024,12,19.11.2024,19.11.2024 09:28:25,56,144,Mazowieckie,20,Chirurgia ogólna,2024/028700,Rezydencki,88.89,4.09,30.09.2024 18:13:18,31,NIE,,
j-2024,12,19.11.2024,19.11.2024 09:28:25,56,144,Mazowieckie,21,Chirurgia ogólna,2024/029692,Rezydencki,88.16,3.77,27.09.2024 21:37:32,31,NIE,,
j-2024,12,19.11.2024,19.11.2024 09:28:25,56,144,Mazowieckie,22,Chirurgia ogólna,2024/030259,Rezydencki,88.05,3.92,25.09.2024 23:52:21,31,NIE,,
j-2024,12,19.11.2024,19.11.2024 09:28:25,56,144,Mazowieckie,23,Chirurgia ogólna,2024/029444,Rezydencki,87.25,4.11,27.09.2024 18:17:14,31,NIE,,
j-2024,12,19.11.2024,19.11.2024 09:28:25,56,144,Mazowieckie,24,Chirurgia ogólna,2024/028036,Rezydencki,87.01,3.82,29.09.2024 10:30:50,31,NIE,,
j-2024,12,19.11.2024,19.11.2024 09:28:25,56,144,Mazowieckie,25,Chirurgia ogólna,2024/025320,Rezydencki,86.34,4.08,11.09.2024 18:19:40,31,NIE,,
j-2024,12,19.11.2024,19.11.2024 09:28:25,56,144,Mazowieckie,26,Chirurgia ogólna,2024/032703,Rezydencki,85.37,3.44,29.09.2024 19:13:15,31,NIE,,
j-2024,12,19.11.2024,19.11.2024 09:28:25,56,144,Mazowieckie,27,Chirurgia ogólna,2024/034190,Rezydencki,85.05,4.25,30.09.2024 22:43:12,31,NIE,,
j-2024,12,19.11.2024,19.11.2024 09:28:25,57,144,Mazowieckie,28,Chirurgia ogólna,2024/032310,Rezydencki,84.78,3.26,29.09.2024 09:21:07,31,NIE,,
j-2024,12,19.11.2024,19.11.2024 09:28:25,57,144,Mazowieckie,29,Chirurgia ogólna,2024/027349,Rezydencki,83.90,4.42,28.09.2024 16:38:39,31,NIE,,
j-2024,12,19.11.2024,19.11.2024 09:28:25,57,144,Mazowieckie,30,Chirurgia ogólna,2024/033170,Rezydencki,82.93,3.59,10.10.2024 13:16:40,31,NIE,,
j-2024,12,19.11.2024,19.11.2024 09:28:25,57,144,Mazowieckie,31,Chirurgia ogólna,2024/028916,Rezydencki,82.37,4.09,28.09.2024 07:24:07,31,NIE,,
j-2024,12,19.11.2024,19.11.2024 09:28:25,57,144,Mazowieckie,32,Chirurgia ogólna,2024/027091,Rezydencki,81.46,4.27,27.09.2024 16:36:54,31,NIE,,
j-2024,12,19.11.2024,19.11.2024 09:28:25,57,144,Mazowieckie,33,Chirurgia ogólna,2024/032176,Rezydencki,81.13,4.23,28.09.2024 20:46:18,31,NIE,,
j-2024,12,19.11.2024,19.11.2024 09:28:25,57,144,Mazowieckie,34,Chirurgia ogólna,2024/031579,Rezydencki,80.39,3.78,27.09.2024 16:38:09,31,NIE,,
j-2024,12,19.11.2024,19.11.2024 09:28:25,57,144,Mazowieckie,35,Chirurgia ogólna,2024/030170,Rezydencki,77.94,3.96,26.09.2024 22:40:07,31,NIE,,
j-2024,12,19.11.2024,19.11.2024 09:28:25,57,144,Mazowieckie,36,Chirurgia ogólna,2024/032945,Rezydencki,76.81,3.53,29.09.2024 22:04:06,31,NIE,,
j-2024,12,19.11.2024,19.11.2024 09:28:25,57,144,Mazowieckie,37,Chirurgia ogólna,2024/032105,Rezydencki,76.10,3.72,29.09.2024 21:47:24,31,NIE,,
j-2024,12,19.11.2024,19.11.2024 09:28:25,57,144,Mazowieckie,38,Chirurgia ogólna,2024/028991,Rezydencki,72.68,2.99,10.10.2024 07:13:55,31,NIE,,
j-2024,12,19.11.2024,19.11.2024 09:28:25,57,144,Mazowieckie,39,Chirurgia ogólna,2024/029882,Rezydencki,71.57,3.50,25.09.2024 21:18:40,31,NIE,,
j-2024,12,19.11.2024,19.11.2024 09:28:25,57,144,Mazowieckie,40,Chirurgia ogólna,2024/025429,Rezydencki,70.59,3.13,26.09.2024 13:10:12,31,NIE,,
j-2024,12,19.11.2024,19.11.2024 09:28:25,57,144,Mazowieckie,41,Chirurgia ogólna,2024/023909,Rezydencki,70.53,3.57,27.09.2024 12:02:25,31,NIE,,
j-2024,12,19.11.2024,19.11.2024 09:28:25,57,144,Mazowieckie,42,Chirurgia ogólna,2024/027440,Rezydencki,70.05,3.88,28.09.2024 11:49:22,31,NIE,,
j-2024,12,19.11.2024,19.11.2024 09:28:25,57,144,Mazowieckie,43,Chirurgia ogólna,2024/033319,Rezydencki,68.60,3.46,30.09.2024 12:11:48,31,NIE,,
j-2024,12,19.11.2024,19.11.2024 09:28:25,57,144,Mazowieckie,44,Chirurgia ogólna,2024/029463,Rezydencki,67.63,3.89,30.09.2024 17:11:15,31,NIE,,
j-2024,12,19.11.2024,19.11.2024 09:28:25,57,144,Mazowieckie,45,Chirurgia ogólna,2024/026819,Rezydencki,66.67,3.49,28.09.2024 17:45:21,31,NIE,,
j-2024,12,19.11.2024,19.11.2024 09:28:25,57,144,Mazowieckie,46,Chirurgia ogólna,2024/025125,Rezydencki,61.84,3.27,22.10.2024 22:05:39,31,NIE,,
j-2024,12,19.11.2024,19.11.2024 09:28:25,57,144,Mazowieckie,47,Chirurgia ogólna,2024/023744,Rezydencki,60.49,0.00,09.10.2024 13:11:41,31,NIE,,
j-2024,12,19.11.2024,19.11.2024 09:28:25,57,144,Mazowieckie,48,Chirurgia ogólna,2024/027680,Rezydencki,59.18,3.61,29.09.2024 22:45:37,31,NIE,,
j-2024,12,19.11.2024,19.11.2024 09:28:25,57,144,Mazowieckie,49,Chirurgia onkologiczna,2024/030274,Rezydencki,88.89,4.24,30.09.2024 19:56:37,8,NIE,,
j-2024,12,19.11.2024,19.11.2024 09:28:25,57,144,Mazowieckie,50,Chirurgia onkologiczna,2024/029826,Rezydencki,88.05,3.97,25.09.2024 17:32:13,8,NIE,,
j-2024,12,19.11.2024,19.11.2024 09:28:25,57,144,Mazowieckie,51,Chirurgia onkologiczna,2024/030817,Rezydencki,87.44,3.94,29.09.2024 22:36:33,8,NIE,,
j-2024,12,19.11.2024,19.11.2024 09:28:25,57,144,Mazowieckie,52,Chirurgia onkologiczna,2024/025233,Rezydencki,86.59,4.45,30.09.2024 19:24:41,8,NIE,,
j-2024,12,19.11.2024,19.11.2024 09:28:25,57,144,Mazowieckie,53,Chirurgia onkologiczna,2024/031554,Rezydencki,86.47,3.95,27.09.2024 15:52:46,8,NIE,,
j-2024,12,19.11.2024,19.11.2024 09:28:25,57,144,Mazowieckie,54,Chirurgia onkologiczna,2024/024086,Rezydencki,85.37,3.69,09.09.2024 14:15:35,8,NIE,,
j-2024,12,19.11.2024,19.11.2024 09:28:25,57,144,Mazowieckie,55,Chirurgia onkologiczna,2024/031091,Rezydencki,84.80,3.69,26.09.2024 21:46:00,8,NIE,,
j-2024,12,19.11.2024,19.11.2024 09:28:25,57,144,Mazowieckie,56,Chirurgia onkologiczna,2024/034143,Rezydencki,84.06,3.95,30.09.2024 23:52:47,8,NIE,,
j-2024,12,19.11.2024,19.11.2024 09:28:25,57,144,Mazowieckie,57,Chirurgia onkologiczna,2024/027802,Pozarezydencki,80.45,4.17,14.10.2024 18:42:31,5,NIE,,
j-2024,12,19.11.2024,19.11.2024 09:28:25,57,144,Mazowieckie,58,Chirurgia onkologiczna,2024/025318,Pozarezydencki,77.73,0.00,07.10.2024 15:13:30,5,NIE,,
j-2024,12,19.11.2024,19.11.2024 09:28:25,57,144,Mazowieckie,59,Chirurgia onkologiczna,2024/033980,Pozarezydencki,70.91,0.00,14.10.2024 18:25:10,5,NIE,,
j-2024,12,19.11.2024,19.11.2024 09:28:25,57,144,Mazowieckie,60,Chirurgia onkologiczna,2024/034246,Pozarezydencki,66.36,3.58,09.10.2024 14:18:27,5,NIE,,
j-2024,12,19.11.2024,19.11.2024 09:28:25,57,144,Mazowieckie,61,Chirurgia onkologiczna,2024/034221,Pozarezydencki,61.57,3.49,31.10.2024 09:58:13,5,NIE,,
j-2024,12,19.11.2024,19.11.2024 09:28:25,57,144,Mazowieckie,62,Chirurgia stomatologiczna,2024/024310,Rezydencki,86.54,4.52,17.09.2024 22:10:37,1,NIE,,
j-2024,12,19.11.2024,19.11.2024 09:28:25,57,144,Mazowieckie,63,Choroby płuc,2024/025907,Rezydencki,90.34,3.96,30.09.2024 22:42:30,5,NIE,,
j-2024,12,19.11.2024,19.11.2024 09:28:25,57,144,Mazowieckie,64,Choroby płuc,2024/032110,Rezydencki,90.20,4.58,30.09.2024 09:58:01,5,NIE,,
j-2024,12,19.11.2024,19.11.2024 09:28:25,57,144,Mazowieckie,65,Choroby płuc,2024/028081,Rezydencki,89.37,4.13,30.09.2024 18:18:31,5,NIE,,
j-2024,12,19.11.2024,19.11.2024 09:28:25,58,144,Mazowieckie,66,Choroby płuc,2024/028635,Rezydencki,88.89,3.95,23.09.2024 19:01:42,5,NIE,,
j-2024,12,19.11.2024,19.11.2024 09:28:25,58,144,Mazowieckie,67,Choroby płuc,2024/030150,Rezydencki,88.73,4.28,30.09.2024 17:19:46,5,NIE,,
j-2024,12,19.11.2024,19.11.2024 09:28:25,58,144,Mazowieckie,68,Choroby płuc,2024/032222,Pozarezydencki,70.91,4.37,28.09.2024 21:52:16,4,NIE,,
j-2024,12,19.11.2024,19.11.2024 09:28:25,58,144,Mazowieckie,69,Choroby płuc,2024/032158,Pozarezydencki,68.81,3.88,16.10.2024 12:01:30,4,NIE,,
j-2024,12,19.11.2024,19.11.2024 09:28:25,58,144,Mazowieckie,70,Choroby płuc,2024/027825,Pozarezydencki,66.36,4.00,03.10.2024 15:26:35,4,NIE,,
j-2024,12,19.11.2024,19.11.2024 09:28:25,58,144,Mazowieckie,71,Choroby płuc,2024/023671,Pozarezydencki,61.82,0.00,13.10.2024 15:23:38,4,NIE,,
j-2024,12,19.11.2024,19.11.2024 09:28:25,58,144,Mazowieckie,72,Choroby płuc dzieci,2024/031979,Rezydencki,91.30,4.34,30.09.2024 18:50:57,2,NIE,,
j-2024,12,19.11.2024,19.11.2024 09:28:25,58,144,Mazowieckie,73,Choroby płuc dzieci,2024/022987,Rezydencki,89.22,4.45,29.09.2024 21:40:46,2,NIE,,
j-2024,12,19.11.2024,19.11.2024 09:28:25,58,144,Mazowieckie,74,Choroby wewnętrzne,2024/031260,Rezydencki,89.76,4.55,29.09.2024 22:45:14,44,NIE,,
j-2024,12,19.11.2024,19.11.2024 09:28:25,58,144,Mazowieckie,75,Choroby wewnętrzne,2024/031683,Rezydencki,89.37,4.52,27.09.2024 19:25:36,44,NIE,,
j-2024,12,19.11.2024,19.11.2024 09:28:25,58,144,Mazowieckie,76,Choroby wewnętrzne,2024/027775,Rezydencki,89.37,4.06,29.09.2024 16:32:40,44,NIE,,
j-2024,12,19.11.2024,19.11.2024 09:28:25,58,144,Mazowieckie,77,Choroby wewnętrzne,2024/023476,Rezydencki,89.13,4.47,06.09.2024 20:12:39,44,NIE,,
j-2024,12,19.11.2024,19.11.2024 09:28:25,58,144,Mazowieckie,78,Choroby wewnętrzne,2024/031656,Rezydencki,89.13,4.13,30.09.2024 15:10:00,44,NIE,,
j-2024,12,19.11.2024,19.11.2024 09:28:25,58,144,Mazowieckie,79,Choroby wewnętrzne,2024/030566,Rezydencki,88.97,3.94,26.09.2024 14:40:28,44,NIE,,
j-2024,12,19.11.2024,19.11.2024 09:28:25,58,144,Mazowieckie,80,Choroby wewnętrzne,2024/032649,Rezydencki,88.89,4.07,29.09.2024 20:37:46,44,NIE,,
j-2024,12,19.11.2024,19.11.2024 09:28:25,58,144,Mazowieckie,81,Choroby wewnętrzne,2024/023112,Rezydencki,88.78,4.54,04.09.2024 17:16:34,44,NIE,,
j-2024,12,19.11.2024,19.11.2024 09:28:25,58,144,Mazowieckie,82,Choroby wewnętrzne,2024/031612,Rezydencki,88.16,4.28,29.09.2024 11:56:12,44,NIE,,
j-2024,12,19.11.2024,19.11.2024 09:28:25,58,144,Mazowieckie,83,Choroby wewnętrzne,2024/024076,Rezydencki,87.92,3.94,23.09.2024 21:57:17,44,NIE,,
j-2024,12,19.11.2024,19.11.2024 09:28:25,58,144,Mazowieckie,84,Choroby wewnętrzne,2024/029748,Rezydencki,87.80,4.19,26.09.2024 08:59:58,44,NIE,,
j-2024,12,19.11.2024,19.11.2024 09:28:25,58,144,Mazowieckie,85,Choroby wewnętrzne,2024/029227,Rezydencki,87.44,4.52,26.09.2024 23:03:57,44,NIE,,
j-2024,12,19.11.2024,19.11.2024 09:28:25,58,144,Mazowieckie,86,Choroby wewnętrzne,2024/027297,Rezydencki,87.32,4.25,27.09.2024 14:11:23,44,NIE,,
j-2024,12,19.11.2024,19.11.2024 09:28:25,58,144,Mazowieckie,87,Choroby wewnętrzne,2024/025745,Rezydencki,87.20,3.96,29.09.2024 16:22:28,44,NIE,,
j-2024,12,19.11.2024,19.11.2024 09:28:25,58,144,Mazowieckie,88,Choroby wewnętrzne,2024/029231,Rezydencki,87.01,3.88,30.09.2024 22:37:23,44,NIE,,
j-2024,12,19.11.2024,19.11.2024 09:28:25,58,144,Mazowieckie,89,Choroby wewnętrzne,2024/032198,Rezydencki,86.96,4.43,28.09.2024 21:21:19,44,NIE,,
j-2024,12,19.11.2024,19.11.2024 09:28:25,58,144,Mazowieckie,90,Choroby wewnętrzne,2024/029906,Rezydencki,86.96,4.25,28.09.2024 19:10:25,44,NIE,,
j-2024,12,19.11.2024,19.11.2024 09:28:25,58,144,Mazowieckie,91,Choroby wewnętrzne,2024/026701,Rezydencki,86.83,4.58,19.09.2024 13:39:42,44,NIE,,
j-2024,12,19.11.2024,19.11.2024 09:28:25,58,144,Mazowieckie,92,Choroby wewnętrzne,2024/027441,Rezydencki,86.83,4.24,30.09.2024 17:47:46,44,NIE,,
j-2024,12,19.11.2024,19.11.2024 09:28:25,58,144,Mazowieckie,93,Choroby wewnętrzne,2024/029799,Rezydencki,86.47,4.24,09.10.2024 11:48:03,44,NIE,,
j-2024,12,19.11.2024,19.11.2024 09:28:25,58,144,Mazowieckie,94,Choroby wewnętrzne,2024/023560,Rezydencki,85.99,4.19,29.09.2024 10:56:42,44,NIE,,
j-2024,12,19.11.2024,19.11.2024 09:28:25,58,144,Mazowieckie,95,Choroby wewnętrzne,2024/030840,Rezydencki,85.78,4.24,29.09.2024 16:52:18,44,NIE,,
j-2024,12,19.11.2024,19.11.2024 09:28:25,58,144,Mazowieckie,96,Choroby wewnętrzne,2024/023130,Rezydencki,85.27,4.20,30.09.2024 15:44:54,44,NIE,,
j-2024,12,19.11.2024,19.11.2024 09:28:25,58,144,Mazowieckie,97,Choroby wewnętrzne,2024/032461,Rezydencki,84.54,4.14,30.09.2024 16:15:26,44,NIE,,
j-2024,12,19.11.2024,19.11.2024 09:28:25,58,144,Mazowieckie,98,Choroby wewnętrzne,2024/029117,Rezydencki,84.06,4.16,29.09.2024 14:58:14,44,NIE,,
j-2024,12,19.11.2024,19.11.2024 09:28:25,58,144,Mazowieckie,99,Choroby wewnętrzne,2024/031132,Rezydencki,82.37,3.88,26.09.2024 22:15:38,44,NIE,,
j-2024,12,19.11.2024,19.11.2024 09:28:25,58,144,Mazowieckie,100,Choroby wewnętrzne,2024/030366,Rezydencki,82.35,3.89,29.09.2024 18:35:10,44,NIE,,
j-2024,12,19.11.2024,19.11.2024 09:28:25,58,144,Mazowieckie,101,Choroby wewnętrzne,2024/024230,Rezydencki,82.35,3.86,30.09.2024 13:37:26,44,NIE,,
j-2024,12,19.11.2024,19.11.2024 09:28:25,58,144,Mazowieckie,102,Choroby wewnętrzne,2024/032624,Rezydencki,81.46,3.79,29.09.2024 18:12:42,44,NIE,,
j-2024,12,19.11.2024,19.11.2024 09:28:25,58,144,Mazowieckie,103,Choroby wewnętrzne,2024/029377,Rezydencki,79.51,4.08,24.09.2024 23:16:46,44,NIE,,
j-2024,12,19.11.2024,19.11.2024 09:28:25,59,144,Mazowieckie,104,Choroby wewnętrzne,2024/030188,Rezydencki,77.94,3.69,30.09.2024 22:52:22,44,NIE,,
j-2024,12,19.11.2024,19.11.2024 09:28:25,59,144,Mazowieckie,105,Choroby wewnętrzne,2024/032775,Rezydencki,76.47,4.34,29.09.2024 20:21:15,44,NIE,,
j-2024,12,19.11.2024,19.11.2024 09:28:25,59,144,Mazowieckie,106,Choroby wewnętrzne,2024/030520,Rezydencki,76.33,0.00,10.10.2024 13:58:53,44,NIE,,
j-2024,12,19.11.2024,19.11.2024 09:28:25,59,144,Mazowieckie,107,Choroby wewnętrzne,2024/031524,Rezydencki,74.40,4.26,30.09.2024 21:01:16,44,NIE,,
j-2024,12,19.11.2024,19.11.2024 09:28:25,59,144,Mazowieckie,108,Choroby wewnętrzne,2024/029032,Rezydencki,73.53,3.79,28.09.2024 23:03:08,44,NIE,,
j-2024,12,19.11.2024,19.11.2024 09:28:25,59,144,Mazowieckie,109,Choroby wewnętrzne,2024/022446,Rezydencki,73.04,3.83,26.09.2024 19:24:58,44,NIE,,
j-2024,12,19.11.2024,19.11.2024 09:28:25,59,144,Mazowieckie,110,Choroby wewnętrzne,2024/031226,Rezydencki,71.98,4.29,30.09.2024 22:01:22,44,NIE,,
j-2024,12,19.11.2024,19.11.2024 09:28:25,59,144,Mazowieckie,111,Choroby wewnętrzne,2024/025198,Rezydencki,71.01,4.09,27.09.2024 17:05:36,44,NIE,,
j-2024,12,19.11.2024,19.11.2024 09:28:25,59,144,Mazowieckie,112,Choroby wewnętrzne,2024/030021,Rezydencki,69.61,3.88,29.09.2024 19:16:34,44,NIE,,
j-2024,12,19.11.2024,19.11.2024 09:28:25,59,144,Mazowieckie,113,Choroby wewnętrzne,2024/029159,Rezydencki,69.08,3.27,29.09.2024 18:54:42,44,NIE,,
j-2024,12,19.11.2024,19.11.2024 09:28:25,59,144,Mazowieckie,114,Choroby wewnętrzne,2024/027252,Rezydencki,68.63,3.79,26.09.2024 11:13:30,44,NIE,,
j-2024,12,19.11.2024,19.11.2024 09:28:25,59,144,Mazowieckie,115,Choroby wewnętrzne,2024/025913,Rezydencki,66.67,4.31,26.09.2024 15:41:43,44,NIE,,
j-2024,12,19.11.2024,19.11.2024 09:28:25,59,144,Mazowieckie,116,Choroby wewnętrzne,2024/033371,Rezydencki,64.95,3.37,04.10.2024 11:53:49,44,NIE,,
j-2024,12,19.11.2024,19.11.2024 09:28:25,59,144,Mazowieckie,117,Choroby wewnętrzne,2024/031609,Rezydencki,56.37,3.54,30.09.2024 18:06:03,44,NIE,,
j-2024,12,19.11.2024,19.11.2024 09:28:25,59,144,Mazowieckie,118,Choroby wewnętrzne,2024/031291,Pozarezydencki,80.56,4.42,28.09.2024 15:40:34,6,NIE,,
j-2024,12,19.11.2024,19.11.2024 09:28:25,59,144,Mazowieckie,119,Choroby wewnętrzne,2024/024268,Pozarezydencki,65.60,3.94,22.10.2024 17:54:38,6,NIE,,
j-2024,12,19.11.2024,19.11.2024 09:28:25,59,144,Mazowieckie,120,Choroby wewnętrzne,2024/029724,Pozarezydencki,63.76,0.00,04.10.2024 13:59:30,6,NIE,,
j-2024,12,19.11.2024,19.11.2024 09:28:25,59,144,Mazowieckie,121,Choroby wewnętrzne,2024/024933,Pozarezydencki,58.18,0.00,10.09.2024 12:27:27,6,NIE,,
j-2024,12,19.11.2024,19.11.2024 09:28:25,59,144,Mazowieckie,122,Choroby wewnętrzne,2024/026102,Pozarezydencki,55.30,3.18,19.09.2024 16:07:34,6,NIE,,
j-2024,12,19.11.2024,19.11.2024 09:28:25,59,144,Mazowieckie,123,Choroby wewnętrzne,2024/032925,Pozarezydencki,52.78,0.00,08.10.2024 23:23:24,6,NIE,,
j-2024,12,19.11.2024,19.11.2024 09:28:25,59,144,Mazowieckie,124,Choroby zakaźne,2024/029625,Rezydencki,89.61,4.03,25.09.2024 22:20:12,6,NIE,,
j-2024,12,19.11.2024,19.11.2024 09:28:25,59,144,Mazowieckie,125,Choroby zakaźne,2024/024355,Rezydencki,89.02,3.95,25.09.2024 20:36:31,6,NIE,,
j-2024,12,19.11.2024,19.11.2024 09:28:25,59,144,Mazowieckie,126,Choroby zakaźne,2024/026091,Rezydencki,88.65,4.05,28.09.2024 14:12:55,6,NIE,,
j-2024,12,19.11.2024,19.11.2024 09:28:25,59,144,Mazowieckie,127,Choroby zakaźne,2024/022856,Rezydencki,87.56,4.42,29.09.2024 20:32:19,6,NIE,,
j-2024,12,19.11.2024,19.11.2024 09:28:25,59,144,Mazowieckie,128,Choroby zakaźne,2024/029084,Rezydencki,75.85,3.61,30.09.2024 15:30:53,6,NIE,,
j-2024,12,19.11.2024,19.11.2024 09:28:25,59,144,Mazowieckie,129,Choroby zakaźne,2024/027885,Rezydencki,72.46,3.22,29.09.2024 20:42:44,6,NIE,,
j-2024,12,19.11.2024,19.11.2024 09:28:25,59,144,Mazowieckie,130,Diabetologia,2024/022452,Rezydencki,90.49,4.39,25.09.2024 17:25:31,3,NIE,,
j-2024,12,19.11.2024,19.11.2024 09:28:25,59,144,Mazowieckie,131,Diabetologia,2024/031925,Rezydencki,89.76,4.60,29.09.2024 09:14:13,3,NIE,,
j-2024,12,19.11.2024,19.11.2024 09:28:25,59,144,Mazowieckie,132,Diabetologia,2024/024793,Rezydencki,88.16,4.35,26.09.2024 16:50:15,3,NIE,,
j-2024,12,19.11.2024,19.11.2024 09:28:25,59,144,Mazowieckie,133,Diabetologia,2024/033751,Pozarezydencki,87.05,0.00,02.10.2024 13:14:48,3,NIE,,
j-2024,12,19.11.2024,19.11.2024 09:28:25,59,144,Mazowieckie,134,Diabetologia,2024/032970,Pozarezydencki,83.87,4.43,30.09.2024 16:54:20,3,NIE,,
j-2024,12,19.11.2024,19.11.2024 09:28:25,59,144,Mazowieckie,135,Diabetologia,2024/032219,Pozarezydencki,81.40,4.18,29.09.2024 14:20:27,3,NIE,,
j-2024,12,19.11.2024,19.11.2024 09:28:25,59,144,Mazowieckie,136,Endokrynologia,2024/023494,Rezydencki,95.17,4.55,28.09.2024 13:31:57,6,NIE,,
j-2024,12,19.11.2024,19.11.2024 09:28:25,59,144,Mazowieckie,137,Endokrynologia,2024/031548,Rezydencki,94.63,4.67,27.09.2024 15:48:02,6,NIE,,
j-2024,12,19.11.2024,19.11.2024 09:28:25,59,144,Mazowieckie,138,Endokrynologia,2024/032685,Rezydencki,93.24,4.85,29.09.2024 18:58:51,6,NIE,,
j-2024,12,19.11.2024,19.11.2024 09:28:25,59,144,Mazowieckie,139,Endokrynologia,2024/029267,Rezydencki,93.24,4.68,26.09.2024 19:44:50,6,NIE,,
j-2024,12,19.11.2024,19.11.2024 09:28:25,59,144,Mazowieckie,140,Endokrynologia,2024/031991,Rezydencki,93.00,4.44,30.09.2024 15:24:05,6,NIE,,
j-2024,12,19.11.2024,19.11.2024 09:28:25,59,144,Mazowieckie,141,Endokrynologia,2024/031218,Rezydencki,92.75,4.56,30.09.2024 01:20:05,6,NIE,,
j-2024,12,19.11.2024,19.11.2024 09:28:25,60,144,Mazowieckie,142,Endokrynologia,2024/031394,Pozarezydencki,91.36,3.40,21.10.2024 13:11:08,4,NIE,,
j-2024,12,19.11.2024,19.11.2024 09:28:25,60,144,Mazowieckie,143,Endokrynologia,2024/028151,Pozarezydencki,90.23,3.90,15.10.2024 19:52:24,4,NIE,,
j-2024,12,19.11.2024,19.11.2024 09:28:25,60,144,Mazowieckie,144,Endokrynologia,2024/033699,Pozarezydencki,88.18,4.21,30.09.2024 17:00:59,4,NIE,,
j-2024,12,19.11.2024,19.11.2024 09:28:25,60,144,Mazowieckie,145,Endokrynologia,2024/025476,Pozarezydencki,87.79,4.25,29.09.2024 13:52:25,4,NIE,,
j-2024,12,19.11.2024,19.11.2024 09:28:25,60,144,Mazowieckie,146,Endokrynologia i diabetologia dziecięca,2024/027354,Rezydencki,92.75,4.39,26.09.2024 21:31:44,2,NIE,,
j-2024,12,19.11.2024,19.11.2024 09:28:25,60,144,Mazowieckie,147,Endokrynologia i diabetologia dziecięca,2024/027628,Rezydencki,92.16,4.56,29.09.2024 20:22:01,2,NIE,,
j-2024,12,19.11.2024,19.11.2024 09:28:25,60,144,Mazowieckie,148,Endokrynologia i diabetologia dziecięca,2024/027170,Pozarezydencki,82.27,4.21,18.09.2024 22:01:38,3,NIE,,
j-2024,12,19.11.2024,19.11.2024 09:28:25,60,144,Mazowieckie,149,Endokrynologia i diabetologia dziecięca,2024/025788,Pozarezydencki,75.68,0.00,13.09.2024 13:56:27,3,NIE,,
j-2024,12,19.11.2024,19.11.2024 09:28:25,60,144,Mazowieckie,150,Endokrynologia i diabetologia dziecięca,2024/032236,Pozarezydencki,75.35,3.34,07.10.2024 20:21:19,3,NIE,,
j-2024,12,19.11.2024,19.11.2024 09:28:25,60,144,Mazowieckie,151,Gastroenterologia,2024/023577,Rezydencki,93.72,4.50,27.09.2024 13:05:57,2,NIE,,
j-2024,12,19.11.2024,19.11.2024 09:28:25,60,144,Mazowieckie,152,Gastroenterologia,2024/027602,Rezydencki,92.03,4.66,30.09.2024 23:10:45,2,NIE,,
j-2024,12,19.11.2024,19.11.2024 09:28:25,60,144,Mazowieckie,153,Gastroenterologia,2024/034291,Pozarezydencki,85.05,4.33,30.09.2024 23:55:31,6,NIE,,
j-2024,12,19.11.2024,19.11.2024 09:28:25,60,144,Mazowieckie,154,Gastroenterologia,2024/031621,Pozarezydencki,84.79,4.72,27.09.2024 17:52:04,6,NIE,,
j-2024,12,19.11.2024,19.11.2024 09:28:25,60,144,Mazowieckie,155,Gastroenterologia,2024/027173,Pozarezydencki,84.56,3.95,18.09.2024 22:05:21,6,NIE,,
j-2024,12,19.11.2024,19.11.2024 09:28:25,60,144,Mazowieckie,156,Gastroenterologia,2024/025936,Pozarezydencki,81.54,3.81,11.10.2024 21:44:37,6,NIE,,
j-2024,12,19.11.2024,19.11.2024 09:28:25,60,144,Mazowieckie,157,Gastroenterologia,2024/031737,Pozarezydencki,79.44,3.58,27.09.2024 20:22:57,6,NIE,,
j-2024,12,19.11.2024,19.11.2024 09:28:25,60,144,Mazowieckie,158,Gastroenterologia,2024/032798,Pozarezydencki,76.64,3.72,30.09.2024 21:52:31,6,NIE,,
j-2024,12,19.11.2024,19.11.2024 09:28:25,60,144,Mazowieckie,159,Gastroenterologia dziecięca,2024/028717,Pozarezydencki,69.44,0.00,16.10.2024 12:15:35,1,NIE,,
j-2024,12,19.11.2024,19.11.2024 09:28:25,60,144,Mazowieckie,160,Genetyka kliniczna,2024/026370,Pozarezydencki,89.09,4.52,10.10.2024 13:57:38,1,NIE,,
j-2024,12,19.11.2024,19.11.2024 09:28:25,60,144,Mazowieckie,161,Geriatria,2024/029391,Rezydencki,88.89,4.42,28.09.2024 19:07:23,2,NIE,,
j-2024,12,19.11.2024,19.11.2024 09:28:25,60,144,Mazowieckie,162,Geriatria,2024/027923,Rezydencki,85.02,3.87,22.09.2024 14:22:35,2,NIE,,
j-2024,12,19.11.2024,19.11.2024 09:28:25,60,144,Mazowieckie,163,Geriatria,2024/031206,Pozarezydencki,76.26,3.93,23.10.2024 16:21:25,3,NIE,,
j-2024,12,19.11.2024,19.11.2024 09:28:25,60,144,Mazowieckie,164,Geriatria,2024/032806,Pozarezydencki,61.82,3.80,01.10.2024 23:30:42,3,NIE,,
j-2024,12,19.11.2024,19.11.2024 09:28:25,60,144,Mazowieckie,165,Geriatria,2024/023555,Pozarezydencki,57.27,0.00,12.09.2024 07:30:20,3,NIE,,
j-2024,12,19.11.2024,19.11.2024 09:28:25,60,144,Mazowieckie,166,Hematologia,2024/022736,Rezydencki,88.73,4.56,10.09.2024 19:15:19,7,NIE,,
j-2024,12,19.11.2024,19.11.2024 09:28:25,60,144,Mazowieckie,167,Hematologia,2024/023154,Rezydencki,88.29,4.28,02.09.2024 19:35:34,7,NIE,,
j-2024,12,19.11.2024,19.11.2024 09:28:25,60,144,Mazowieckie,168,Hematologia,2024/029415,Rezydencki,87.32,4.17,28.09.2024 21:07:19,7,NIE,,
j-2024,12,19.11.2024,19.11.2024 09:28:25,60,144,Mazowieckie,169,Hematologia,2024/028749,Rezydencki,86.52,4.23,30.09.2024 13:59:21,7,NIE,,
j-2024,12,19.11.2024,19.11.2024 09:28:25,60,144,Mazowieckie,170,Hematologia,2024/030235,Rezydencki,85.51,4.39,30.09.2024 14:16:09,7,NIE,,
j-2024,12,19.11.2024,19.11.2024 09:28:25,60,144,Mazowieckie,171,Hematologia,2024/025823,Rezydencki,83.57,3.68,23.09.2024 19:08:54,7,NIE,,
j-2024,12,19.11.2024,19.11.2024 09:28:25,60,144,Mazowieckie,172,Hematologia,2024/029841,Rezydencki,76.47,3.88,30.09.2024 14:37:52,7,NIE,,
j-2024,12,19.11.2024,19.11.2024 09:28:25,60,144,Mazowieckie,173,Immunologia kliniczna,2024/027670,Pozarezydencki,73.86,3.79,15.10.2024 21:34:33,1,NIE,,
j-2024,12,19.11.2024,19.11.2024 09:28:25,60,144,Mazowieckie,174,Intensywna terapia,2024/023917,Pozarezydencki,85.09,3.70,20.10.2024 21:00:53,6,NIE,,
j-2024,12,19.11.2024,19.11.2024 09:28:25,60,144,Mazowieckie,175,Intensywna terapia,2024/022989,Pozarezydencki,79.32,4.33,08.10.2024 14:53:31,6,NIE,,
j-2024,12,19.11.2024,19.11.2024 09:28:25,60,144,Mazowieckie,176,Intensywna terapia,2024/027249,Pozarezydencki,78.47,4.47,14.10.2024 21:27:35,6,NIE,,
j-2024,12,19.11.2024,19.11.2024 09:28:25,60,144,Mazowieckie,177,Intensywna terapia,2024/033467,Pozarezydencki,77.50,3.92,17.10.2024 08:36:25,6,NIE,,
j-2024,12,19.11.2024,19.11.2024 09:28:25,60,144,Mazowieckie,178,Intensywna terapia,2024/023442,Pozarezydencki,75.45,4.22,16.10.2024 11:33:06,6,NIE,,
j-2024,12,19.11.2024,19.11.2024 09:28:25,60,144,Mazowieckie,179,Intensywna terapia,2024/024364,Pozarezydencki,68.64,0.00,17.10.2024 12:42:00,6,NIE,,
j-2024,12,19.11.2024,19.11.2024 09:28:25,61,144,Mazowieckie,180,Kardiochirurgia,2024/024032,Rezydencki,89.71,3.49,30.09.2024 22:11:40,2,NIE,,
j-2024,12,19.11.2024,19.11.2024 09:28:25,61,144,Mazowieckie,181,Kardiochirurgia,2024/029492,Rezydencki,89.02,4.21,30.09.2024 15:48:42,2,NIE,,
j-2024,12,19.11.2024,19.11.2024 09:28:25,61,144,Mazowieckie,182,Kardiochirurgia,2024/033709,Pozarezydencki,80.68,3.70,08.10.2024 00:06:59,1,NIE,,
j-2024,12,19.11.2024,19.11.2024 09:28:25,61,144,Mazowieckie,183,Kardiologia,2024/024904,Rezydencki,92.40,4.61,30.09.2024 00:04:38,34,NIE,,
j-2024,12,19.11.2024,19.11.2024 09:28:25,61,144,Mazowieckie,184,Kardiologia,2024/031316,Rezydencki,92.20,4.25,30.09.2024 14:37:54,34,NIE,,
j-2024,12,19.11.2024,19.11.2024 09:28:25,61,144,Mazowieckie,185,Kardiologia,2024/028921,Rezydencki,92.20,4.22,26.09.2024 13:54:46,34,NIE,,
j-2024,12,19.11.2024,19.11.2024 09:28:25,61,144,Mazowieckie,186,Kardiologia,2024/028012,Rezydencki,91.71,4.22,22.09.2024 17:58:54,34,NIE,,
j-2024,12,19.11.2024,19.11.2024 09:28:25,61,144,Mazowieckie,187,Kardiologia,2024/023456,Rezydencki,91.30,4.26,30.09.2024 14:08:10,34,NIE,,
j-2024,12,19.11.2024,19.11.2024 09:28:25,61,144,Mazowieckie,188,Kardiologia,2024/026452,Rezydencki,91.18,4.52,18.09.2024 15:05:16,34,NIE,,
j-2024,12,19.11.2024,19.11.2024 09:28:25,61,144,Mazowieckie,189,Kardiologia,2024/033728,Rezydencki,91.18,4.42,30.09.2024 18:20:32,34,NIE,,
j-2024,12,19.11.2024,19.11.2024 09:28:25,61,144,Mazowieckie,190,Kardiologia,2024/031060,Rezydencki,90.93,4.71,30.09.2024 21:22:12,34,NIE,,
j-2024,12,19.11.2024,19.11.2024 09:28:25,61,144,Mazowieckie,191,Kardiologia,2024/028479,Rezydencki,90.82,4.63,26.09.2024 14:18:35,34,NIE,,
j-2024,12,19.11.2024,19.11.2024 09:28:25,61,144,Mazowieckie,192,Kardiologia,2024/028525,Rezydencki,90.82,4.22,27.09.2024 22:44:45,34,NIE,,
j-2024,12,19.11.2024,19.11.2024 09:28:25,61,144,Mazowieckie,193,Kardiologia,2024/027613,Rezydencki,90.69,4.29,20.09.2024 17:33:15,34,NIE,,
j-2024,12,19.11.2024,19.11.2024 09:28:25,61,144,Mazowieckie,194,Kardiologia,2024/028472,Rezydencki,90.58,4.36,23.09.2024 21:49:15,34,NIE,,
j-2024,12,19.11.2024,19.11.2024 09:28:25,61,144,Mazowieckie,195,Kardiologia,2024/027387,Rezydencki,90.44,4.02,28.09.2024 10:36:23,34,NIE,,
j-2024,12,19.11.2024,19.11.2024 09:28:25,61,144,Mazowieckie,196,Kardiologia,2024/030392,Rezydencki,90.34,4.11,26.09.2024 11:21:13,34,NIE,,
j-2024,12,19.11.2024,19.11.2024 09:28:25,61,144,Mazowieckie,197,Kardiologia,2024/024684,Rezydencki,90.24,4.56,28.09.2024 14:23:39,34,NIE,,
j-2024,12,19.11.2024,19.11.2024 09:28:25,61,144,Mazowieckie,198,Kardiologia,2024/030023,Rezydencki,90.24,4.28,30.09.2024 11:17:30,34,NIE,,
j-2024,12,19.11.2024,19.11.2024 09:28:25,61,144,Mazowieckie,199,Kardiologia,2024/022959,Rezydencki,89.86,4.49,23.09.2024 17:00:23,34,NIE,,
j-2024,12,19.11.2024,19.11.2024 09:28:25,61,144,Mazowieckie,200,Kardiologia,2024/027085,Rezydencki,89.86,4.31,18.09.2024 17:54:04,34,NIE,,
j-2024,12,19.11.2024,19.11.2024 09:28:25,61,144,Mazowieckie,201,Kardiologia,2024/022881,Rezydencki,89.86,4.21,25.09.2024 15:51:34,34,NIE,,
j-2024,12,19.11.2024,19.11.2024 09:28:25,61,144,Mazowieckie,202,Kardiologia,2024/023097,Rezydencki,89.71,4.32,02.09.2024 17:58:51,34,NIE,,
j-2024,12,19.11.2024,19.11.2024 09:28:25,61,144,Mazowieckie,203,Kardiologia,2024/024809,Rezydencki,89.71,4.06,09.09.2024 20:03:50,34,NIE,,
j-2024,12,19.11.2024,19.11.2024 09:28:25,61,144,Mazowieckie,204,Kardiologia,2024/032632,Rezydencki,89.37,4.11,29.09.2024 18:22:34,34,NIE,,
j-2024,12,19.11.2024,19.11.2024 09:28:25,61,144,Mazowieckie,205,Kardiologia,2024/031207,Rezydencki,89.22,4.11,28.09.2024 11:51:30,34,NIE,,
j-2024,12,19.11.2024,19.11.2024 09:28:25,61,144,Mazowieckie,206,Kardiologia,2024/029490,Rezydencki,89.02,3.84,25.09.2024 20:50:35,34,NIE,,
j-2024,12,19.11.2024,19.11.2024 09:28:25,61,144,Mazowieckie,207,Kardiologia,2024/025679,Rezydencki,88.97,4.39,30.09.2024 12:40:46,34,NIE,,
j-2024,12,19.11.2024,19.11.2024 09:28:25,61,144,Mazowieckie,208,Kardiologia,2024/025172,Rezydencki,88.89,4.61,20.09.2024 14:37:36,34,NIE,,
j-2024,12,19.11.2024,19.11.2024 09:28:25,61,144,Mazowieckie,209,Kardiologia,2024/028051,Rezydencki,88.78,3.79,30.09.2024 13:04:26,34,NIE,,
j-2024,12,19.11.2024,19.11.2024 09:28:25,61,144,Mazowieckie,210,Kardiologia,2024/027158,Rezydencki,88.65,4.33,24.09.2024 22:28:02,34,NIE,,
j-2024,12,19.11.2024,19.11.2024 09:28:25,61,144,Mazowieckie,211,Kardiologia,2024/030843,Rezydencki,88.48,4.48,26.09.2024 18:54:01,34,NIE,,
j-2024,12,19.11.2024,19.11.2024 09:28:25,61,144,Mazowieckie,212,Kardiologia,2024/031088,Rezydencki,88.48,4.31,30.09.2024 13:19:40,34,NIE,,
j-2024,12,19.11.2024,19.11.2024 09:28:25,61,144,Mazowieckie,213,Kardiologia,2024/022242,Rezydencki,88.16,4.21,01.09.2024 02:33:50,34,NIE,,
j-2024,12,19.11.2024,19.11.2024 09:28:25,61,144,Mazowieckie,214,Kardiologia,2024/025904,Rezydencki,88.16,4.21,30.09.2024 12:52:06,34,NIE,,
j-2024,12,19.11.2024,19.11.2024 09:28:25,61,144,Mazowieckie,215,Kardiologia,2024/026805,Rezydencki,87.44,3.84,17.09.2024 20:46:49,34,NIE,,
j-2024,12,19.11.2024,19.11.2024 09:28:25,61,144,Mazowieckie,216,Kardiologia,2024/032404,Rezydencki,87.25,4.02,29.09.2024 21:11:15,34,NIE,,
j-2024,12,19.11.2024,19.11.2024 09:28:25,61,144,Mazowieckie,217,Kardiologia,2024/030127,Pozarezydencki,84.32,4.38,07.10.2024 20:42:32,17,NIE,,
j-2024,12,19.11.2024,19.11.2024 09:28:25,62,144,Mazowieckie,218,Kardiologia,2024/029200,Pozarezydencki,83.41,3.58,26.09.2024 11:49:57,17,NIE,,
j-2024,12,19.11.2024,19.11.2024 09:28:25,62,144,Mazowieckie,219,Kardiologia,2024/026564,Pozarezydencki,82.49,3.31,14.10.2024 10:40:58,17,NIE,,
j-2024,12,19.11.2024,19.11.2024 09:28:25,62,144,Mazowieckie,220,Kardiologia,2024/029970,Pozarezydencki,81.57,3.69,25.09.2024 19:28:30,17,NIE,,
j-2024,12,19.11.2024,19.11.2024 09:28:25,62,144,Mazowieckie,221,Kardiologia,2024/031822,Pozarezydencki,79.77,3.76,30.09.2024 21:23:04,17,NIE,,
j-2024,12,19.11.2024,19.11.2024 09:28:25,62,144,Mazowieckie,222,Kardiologia,2024/029376,Pozarezydencki,78.90,4.65,08.10.2024 15:23:33,17,NIE,,
j-2024,12,19.11.2024,19.11.2024 09:28:25,62,144,Mazowieckie,223,Kardiologia,2024/030129,Pozarezydencki,77.42,3.36,25.09.2024 21:33:02,17,NIE,,
j-2024,12,19.11.2024,19.11.2024 09:28:25,62,144,Mazowieckie,224,Kardiologia,2024/032869,Pozarezydencki,76.04,3.45,30.09.2024 23:58:46,17,NIE,,
j-2024,12,19.11.2024,19.11.2024 09:28:25,62,144,Mazowieckie,225,Kardiologia,2024/028911,Pozarezydencki,75.94,3.76,24.09.2024 10:43:03,17,NIE,,
j-2024,12,19.11.2024,19.11.2024 09:28:25,62,144,Mazowieckie,226,Kardiologia,2024/034115,Pozarezydencki,75.12,3.51,30.09.2024 22:03:25,17,NIE,,
j-2024,12,19.11.2024,19.11.2024 09:28:25,62,144,Mazowieckie,227,Kardiologia,2024/024377,Pozarezydencki,72.43,3.92,22.09.2024 08:48:09,17,NIE,,
j-2024,12,19.11.2024,19.11.2024 09:28:25,62,144,Mazowieckie,228,Kardiologia,2024/033093,Pozarezydencki,68.20,4.06,29.09.2024 23:33:50,17,NIE,,
j-2024,12,19.11.2024,19.11.2024 09:28:25,62,144,Mazowieckie,229,Kardiologia,2024/031707,Pozarezydencki,67.29,3.29,28.09.2024 10:26:02,17,NIE,,
j-2024,12,19.11.2024,19.11.2024 09:28:25,62,144,Mazowieckie,230,Kardiologia,2024/028074,Pozarezydencki,66.51,3.92,24.10.2024 14:03:38,17,NIE,,
j-2024,12,19.11.2024,19.11.2024 09:28:25,62,144,Mazowieckie,231,Kardiologia,2024/026683,Pozarezydencki,64.52,3.60,14.10.2024 16:16:13,17,NIE,,
j-2024,12,19.11.2024,19.11.2024 09:28:25,62,144,Mazowieckie,232,Kardiologia,2024/032559,Pozarezydencki,63.72,3.81,10.10.2024 20:56:59,17,NIE,,
j-2024,12,19.11.2024,19.11.2024 09:28:25,62,144,Mazowieckie,233,Kardiologia,2024/033592,Pozarezydencki,62.27,0.00,04.10.2024 14:46:00,17,NIE,,
j-2024,12,19.11.2024,19.11.2024 09:28:25,62,144,Mazowieckie,234,Kardiologia dziecięca,2024/025840,Rezydencki,91.46,4.06,30.09.2024 20:59:04,5,NIE,,
j-2024,12,19.11.2024,19.11.2024 09:28:25,62,144,Mazowieckie,235,Kardiologia dziecięca,2024/031140,Rezydencki,89.13,4.45,26.09.2024 22:22:48,5,NIE,,
j-2024,12,19.11.2024,19.11.2024 09:28:25,62,144,Mazowieckie,236,Kardiologia dziecięca,2024/031152,Rezydencki,88.41,4.11,27.09.2024 16:22:37,5,NIE,,
j-2024,12,19.11.2024,19.11.2024 09:28:25,62,144,Mazowieckie,237,Kardiologia dziecięca,2024/033052,Rezydencki,85.78,4.05,30.09.2024 22:11:12,5,NIE,,
j-2024,12,19.11.2024,19.11.2024 09:28:25,62,144,Mazowieckie,238,Kardiologia dziecięca,2024/033297,Rezydencki,84.80,3.92,30.09.2024 11:36:02,5,NIE,,
j-2024,12,19.11.2024,19.11.2024 09:28:25,62,144,Mazowieckie,239,Medycyna nuklearna,2024/030561,Rezydencki,88.41,4.48,30.09.2024 18:54:48,4,NIE,,
j-2024,12,19.11.2024,19.11.2024 09:28:25,62,144,Mazowieckie,240,Medycyna nuklearna,2024/025395,Rezydencki,88.41,4.00,30.09.2024 18:58:01,4,NIE,,
j-2024,12,19.11.2024,19.11.2024 09:28:25,62,144,Mazowieckie,241,Medycyna nuklearna,2024/026456,Rezydencki,78.74,3.63,26.09.2024 08:15:39,4,NIE,,
j-2024,12,19.11.2024,19.11.2024 09:28:25,62,144,Mazowieckie,242,Medycyna nuklearna,2024/034144,Rezydencki,63.77,3.13,22.10.2024 17:20:35,4,NIE,,
j-2024,12,19.11.2024,19.11.2024 09:28:25,62,144,Mazowieckie,243,Medycyna paliatywna,2024/023589,Pozarezydencki,80.23,4.12,16.09.2024 14:18:22,8,NIE,,
j-2024,12,19.11.2024,19.11.2024 09:28:25,62,144,Mazowieckie,244,Medycyna paliatywna,2024/033331,Pozarezydencki,80.00,4.02,12.10.2024 22:28:55,8,NIE,,
j-2024,12,19.11.2024,19.11.2024 09:28:25,62,144,Mazowieckie,245,Medycyna paliatywna,2024/023513,Pozarezydencki,70.91,4.56,16.09.2024 12:15:22,8,NIE,,
j-2024,12,19.11.2024,19.11.2024 09:28:25,62,144,Mazowieckie,246,Medycyna paliatywna,2024/024493,Pozarezydencki,70.91,3.45,10.10.2024 20:26:38,8,NIE,,
j-2024,12,19.11.2024,19.11.2024 09:28:25,62,144,Mazowieckie,247,Medycyna paliatywna,2024/033094,Pozarezydencki,65.42,3.50,07.10.2024 22:47:19,8,NIE,,
j-2024,12,19.11.2024,19.11.2024 09:28:25,62,144,Mazowieckie,248,Medycyna paliatywna,2024/024823,Pozarezydencki,64.91,3.64,16.10.2024 20:48:04,8,NIE,,
j-2024,12,19.11.2024,19.11.2024 09:28:25,62,144,Mazowieckie,249,Medycyna paliatywna,2024/033163,Pozarezydencki,61.82,3.06,08.10.2024 15:11:17,8,NIE,,
j-2024,12,19.11.2024,19.11.2024 09:28:25,62,144,Mazowieckie,250,Medycyna paliatywna,2024/028711,Pozarezydencki,55.66,2.94,05.10.2024 16:53:28,8,NIE,,
j-2024,12,19.11.2024,19.11.2024 09:28:25,62,144,Mazowieckie,251,Medycyna pracy,2024/024239,Rezydencki,85.02,3.83,30.09.2024 17:41:54,1,NIE,,
j-2024,12,19.11.2024,19.11.2024 09:28:25,62,144,Mazowieckie,252,Medycyna pracy,2024/022992,Pozarezydencki,75.45,3.71,23.09.2024 11:35:34,3,NIE,,
j-2024,12,19.11.2024,19.11.2024 09:28:25,62,144,Mazowieckie,253,Medycyna pracy,2024/028302,Pozarezydencki,70.91,4.37,23.09.2024 10:58:32,3,NIE,,
j-2024,12,19.11.2024,19.11.2024 09:28:25,62,144,Mazowieckie,254,Medycyna pracy,2024/028054,Pozarezydencki,70.91,0.00,29.09.2024 21:57:46,3,NIE,,
j-2024,12,19.11.2024,19.11.2024 09:28:25,62,144,Mazowieckie,255,Medycyna ratunkowa,2024/027182,Rezydencki,90.73,4.82,18.09.2024 22:49:46,6,NIE,,
j-2024,12,19.11.2024,19.11.2024 09:28:25,63,144,Mazowieckie,256,Medycyna ratunkowa,2024/022399,Rezydencki,88.89,4.47,02.09.2024 13:45:48,6,NIE,,
j-2024,12,19.11.2024,19.11.2024 09:28:25,63,144,Mazowieckie,257,Medycyna ratunkowa,2024/032661,Rezydencki,88.78,4.17,29.09.2024 18:43:41,6,NIE,,
j-2024,12,19.11.2024,19.11.2024 09:28:25,63,144,Mazowieckie,258,Medycyna ratunkowa,2024/028243,Rezydencki,84.80,3.83,23.09.2024 08:37:50,6,NIE,,
j-2024,12,19.11.2024,19.11.2024 09:28:25,63,144,Mazowieckie,259,Medycyna ratunkowa,2024/029730,Rezydencki,74.63,3.47,25.09.2024 22:00:35,6,NIE,,
j-2024,12,19.11.2024,19.11.2024 09:28:25,63,144,Mazowieckie,260,Medycyna ratunkowa,2024/031878,Rezydencki,70.05,3.36,28.09.2024 08:36:13,6,NIE,,
j-2024,12,19.11.2024,19.11.2024 09:28:25,63,144,Mazowieckie,261,Medycyna ratunkowa,2024/022270,Pozarezydencki,84.11,4.06,30.09.2024 19:59:56,6,NIE,,
j-2024,12,19.11.2024,19.11.2024 09:28:25,63,144,Mazowieckie,262,Medycyna ratunkowa,2024/024631,Pozarezydencki,75.58,0.00,09.09.2024 11:43:42,6,NIE,,
j-2024,12,19.11.2024,19.11.2024 09:28:25,63,144,Mazowieckie,263,Medycyna ratunkowa,2024/023652,Pozarezydencki,70.51,3.64,18.10.2024 10:00:51,6,NIE,,
j-2024,12,19.11.2024,19.11.2024 09:28:25,63,144,Mazowieckie,264,Medycyna ratunkowa,2024/027054,Pozarezydencki,61.82,3.69,18.09.2024 16:30:54,6,NIE,,
j-2024,12,19.11.2024,19.11.2024 09:28:25,63,144,Mazowieckie,265,Medycyna ratunkowa,2024/026433,Pozarezydencki,57.27,3.25,30.09.2024 16:11:43,6,NIE,,
j-2024,12,19.11.2024,19.11.2024 09:28:25,63,144,Mazowieckie,266,Medycyna ratunkowa,2024/033462,Pozarezydencki,0.00,0.00,30.09.2024 12:56:05,6,NIE,,
j-2024,12,19.11.2024,19.11.2024 09:28:25,63,144,Mazowieckie,267,Medycyna rodzinna,2024/028070,Rezydencki,91.22,4.34,28.09.2024 20:11:56,52,NIE,,
j-2024,12,19.11.2024,19.11.2024 09:28:25,63,144,Mazowieckie,268,Medycyna rodzinna,2024/031839,Rezydencki,90.44,3.80,29.09.2024 19:58:47,52,NIE,,
j-2024,12,19.11.2024,19.11.2024 09:28:25,63,144,Mazowieckie,269,Medycyna rodzinna,2024/032187,Rezydencki,89.86,4.33,03.10.2024 15:57:40,52,NIE,,
j-2024,12,19.11.2024,19.11.2024 09:28:25,63,144,Mazowieckie,270,Medycyna rodzinna,2024/032544,Rezydencki,88.78,4.35,29.09.2024 19:41:36,52,NIE,,
j-2024,12,19.11.2024,19.11.2024 09:28:25,63,144,Mazowieckie,271,Medycyna rodzinna,2024/027340,Rezydencki,88.73,4.30,19.09.2024 16:27:00,52,NIE,,
j-2024,12,19.11.2024,19.11.2024 09:28:25,63,144,Mazowieckie,272,Medycyna rodzinna,2024/026074,Rezydencki,88.16,4.17,15.09.2024 15:32:51,52,NIE,,
j-2024,12,19.11.2024,19.11.2024 09:28:25,63,144,Mazowieckie,273,Medycyna rodzinna,2024/032426,Rezydencki,87.99,3.75,29.09.2024 13:57:08,52,NIE,,
j-2024,12,19.11.2024,19.11.2024 09:28:25,63,144,Mazowieckie,274,Medycyna rodzinna,2024/024256,Rezydencki,87.80,4.15,29.09.2024 22:56:40,52,NIE,,
j-2024,12,19.11.2024,19.11.2024 09:28:25,63,144,Mazowieckie,275,Medycyna rodzinna,2024/031602,Rezydencki,87.44,3.94,29.09.2024 20:54:34,52,NIE,,
j-2024,12,19.11.2024,19.11.2024 09:28:25,63,144,Mazowieckie,276,Medycyna rodzinna,2024/030558,Rezydencki,87.32,4.47,28.09.2024 15:03:14,52,NIE,,
j-2024,12,19.11.2024,19.11.2024 09:28:25,63,144,Mazowieckie,277,Medycyna rodzinna,2024/028621,Rezydencki,87.32,4.13,27.09.2024 15:04:46,52,NIE,,
j-2024,12,19.11.2024,19.11.2024 09:28:25,63,144,Mazowieckie,278,Medycyna rodzinna,2024/026802,Rezydencki,87.25,4.31,30.09.2024 16:22:09,52,NIE,,
j-2024,12,19.11.2024,19.11.2024 09:28:25,63,144,Mazowieckie,279,Medycyna rodzinna,2024/028311,Rezydencki,87.01,3.38,30.09.2024 21:01:25,52,NIE,,
j-2024,12,19.11.2024,19.11.2024 09:28:25,63,144,Mazowieckie,280,Medycyna rodzinna,2024/033240,Rezydencki,86.96,3.61,30.09.2024 10:04:03,52,NIE,,
j-2024,12,19.11.2024,19.11.2024 09:28:25,63,144,Mazowieckie,281,Medycyna rodzinna,2024/033434,Rezydencki,86.76,4.44,30.09.2024 12:34:02,52,NIE,,
j-2024,12,19.11.2024,19.11.2024 09:28:25,63,144,Mazowieckie,282,Medycyna rodzinna,2024/029926,Rezydencki,86.76,4.21,29.09.2024 21:05:48,52,NIE,,
j-2024,12,19.11.2024,19.11.2024 09:28:25,63,144,Mazowieckie,283,Medycyna rodzinna,2024/030879,Rezydencki,86.47,3.91,30.09.2024 21:29:40,52,NIE,,
j-2024,12,19.11.2024,19.11.2024 09:28:25,63,144,Mazowieckie,284,Medycyna rodzinna,2024/028086,Rezydencki,86.34,4.13,22.09.2024 20:22:58,52,NIE,,
j-2024,12,19.11.2024,19.11.2024 09:28:25,63,144,Mazowieckie,285,Medycyna rodzinna,2024/032253,Rezydencki,85.51,4.22,28.09.2024 23:13:22,52,NIE,,
j-2024,12,19.11.2024,19.11.2024 09:28:25,63,144,Mazowieckie,286,Medycyna rodzinna,2024/027132,Rezydencki,85.51,4.05,29.09.2024 17:10:10,52,NIE,,
j-2024,12,19.11.2024,19.11.2024 09:28:25,63,144,Mazowieckie,287,Medycyna rodzinna,2024/031817,Rezydencki,84.88,4.03,27.09.2024 22:31:25,52,NIE,,
j-2024,12,19.11.2024,19.11.2024 09:28:25,63,144,Mazowieckie,288,Medycyna rodzinna,2024/031573,Rezydencki,84.80,4.19,27.09.2024 16:29:27,52,NIE,,
j-2024,12,19.11.2024,19.11.2024 09:28:25,63,144,Mazowieckie,289,Medycyna rodzinna,2024/025546,Rezydencki,84.78,4.16,04.10.2024 15:40:12,52,NIE,,
j-2024,12,19.11.2024,19.11.2024 09:28:25,63,144,Mazowieckie,290,Medycyna rodzinna,2024/032499,Rezydencki,84.56,3.44,05.10.2024 11:49:41,52,NIE,,
j-2024,12,19.11.2024,19.11.2024 09:28:25,63,144,Mazowieckie,291,Medycyna rodzinna,2024/031488,Rezydencki,84.54,4.06,30.09.2024 17:53:00,52,NIE,,
j-2024,12,19.11.2024,19.11.2024 09:28:25,63,144,Mazowieckie,292,Medycyna rodzinna,2024/022536,Rezydencki,84.54,3.79,10.09.2024 19:42:16,52,NIE,,
j-2024,12,19.11.2024,19.11.2024 09:28:25,63,144,Mazowieckie,293,Medycyna rodzinna,2024/028974,Rezydencki,84.31,4.40,29.09.2024 20:37:57,52,NIE,,
j-2024,12,19.11.2024,19.11.2024 09:28:25,64,144,Mazowieckie,294,Medycyna rodzinna,2024/027759,Rezydencki,84.31,3.91,26.09.2024 22:04:32,52,NIE,,
j-2024,12,19.11.2024,19.11.2024 09:28:25,64,144,Mazowieckie,295,Medycyna rodzinna,2024/033080,Rezydencki,84.15,3.75,30.09.2024 09:00:17,52,NIE,,
j-2024,12,19.11.2024,19.11.2024 09:28:25,64,144,Mazowieckie,296,Medycyna rodzinna,2024/030993,Rezydencki,84.06,3.92,30.09.2024 12:22:40,52,NIE,,
j-2024,12,19.11.2024,19.11.2024 09:28:25,64,144,Mazowieckie,297,Medycyna rodzinna,2024/027155,Rezydencki,83.82,4.02,28.09.2024 00:01:53,52,NIE,,
j-2024,12,19.11.2024,19.11.2024 09:28:25,64,144,Mazowieckie,298,Medycyna rodzinna,2024/025872,Rezydencki,83.57,4.06,30.09.2024 10:54:34,52,NIE,,
j-2024,12,19.11.2024,19.11.2024 09:28:25,64,144,Mazowieckie,299,Medycyna rodzinna,2024/032582,Rezydencki,83.33,4.29,30.09.2024 19:57:04,52,NIE,,
j-2024,12,19.11.2024,19.11.2024 09:28:25,64,144,Mazowieckie,300,Medycyna rodzinna,2024/023529,Rezydencki,83.33,4.15,03.09.2024 21:51:03,52,NIE,,
j-2024,12,19.11.2024,19.11.2024 09:28:25,64,144,Mazowieckie,301,Medycyna rodzinna,2024/026838,Rezydencki,83.17,4.00,26.09.2024 12:45:10,52,NIE,,
j-2024,12,19.11.2024,19.11.2024 09:28:25,64,144,Mazowieckie,302,Medycyna rodzinna,2024/030734,Rezydencki,83.09,3.65,27.09.2024 12:04:33,52,NIE,,
j-2024,12,19.11.2024,19.11.2024 09:28:25,64,144,Mazowieckie,303,Medycyna rodzinna,2024/026665,Rezydencki,82.60,4.36,03.10.2024 13:57:11,52,NIE,,
j-2024,12,19.11.2024,19.11.2024 09:28:25,64,144,Mazowieckie,304,Medycyna rodzinna,2024/034004,Rezydencki,82.35,4.02,30.09.2024 21:03:55,52,NIE,,
j-2024,12,19.11.2024,19.11.2024 09:28:25,64,144,Mazowieckie,305,Medycyna rodzinna,2024/025152,Rezydencki,82.13,3.38,29.09.2024 12:57:47,52,NIE,,
j-2024,12,19.11.2024,19.11.2024 09:28:25,64,144,Mazowieckie,306,Medycyna rodzinna,2024/023155,Rezydencki,82.11,4.13,30.09.2024 16:42:35,52,NIE,,
j-2024,12,19.11.2024,19.11.2024 09:28:25,64,144,Mazowieckie,307,Medycyna rodzinna,2024/031173,Rezydencki,81.86,4.16,30.09.2024 22:44:13,52,NIE,,
j-2024,12,19.11.2024,19.11.2024 09:28:25,64,144,Mazowieckie,308,Medycyna rodzinna,2024/031381,Rezydencki,81.46,4.06,27.09.2024 12:02:09,52,NIE,,
j-2024,12,19.11.2024,19.11.2024 09:28:25,64,144,Mazowieckie,309,Medycyna rodzinna,2024/032568,Rezydencki,81.40,4.01,29.09.2024 17:41:13,52,NIE,,
j-2024,12,19.11.2024,19.11.2024 09:28:25,64,144,Mazowieckie,310,Medycyna rodzinna,2024/029527,Rezydencki,80.95,3.67,26.09.2024 14:33:38,52,NIE,,
j-2024,12,19.11.2024,19.11.2024 09:28:25,64,144,Mazowieckie,311,Medycyna rodzinna,2024/033372,Rezydencki,80.88,3.41,30.09.2024 11:45:06,52,NIE,,
j-2024,12,19.11.2024,19.11.2024 09:28:25,64,144,Mazowieckie,312,Medycyna rodzinna,2024/026432,Rezydencki,80.73,4.15,16.09.2024 19:08:42,52,NIE,,
j-2024,12,19.11.2024,19.11.2024 09:28:25,64,144,Mazowieckie,313,Medycyna rodzinna,2024/027702,Rezydencki,80.68,3.02,27.09.2024 11:58:35,52,NIE,,
j-2024,12,19.11.2024,19.11.2024 09:28:25,64,144,Mazowieckie,314,Medycyna rodzinna,2024/033925,Rezydencki,80.24,3.65,18.10.2024 17:42:44,52,NIE,,
j-2024,12,19.11.2024,19.11.2024 09:28:25,64,144,Mazowieckie,315,Medycyna rodzinna,2024/023160,Rezydencki,79.51,0.00,03.10.2024 21:28:02,52,NIE,,
j-2024,12,19.11.2024,19.11.2024 09:28:25,64,144,Mazowieckie,316,Medycyna rodzinna,2024/032141,Rezydencki,79.23,3.76,28.09.2024 19:16:01,52,NIE,,
j-2024,12,19.11.2024,19.11.2024 09:28:25,64,144,Mazowieckie,317,Medycyna rodzinna,2024/033337,Rezydencki,79.02,3.89,30.09.2024 11:13:49,52,NIE,,
j-2024,12,19.11.2024,19.11.2024 09:28:25,64,144,Mazowieckie,318,Medycyna rodzinna,2024/032457,Rezydencki,78.74,3.66,29.09.2024 14:49:07,52,NIE,,
j-2024,12,19.11.2024,19.11.2024 09:28:25,64,144,Mazowieckie,319,Medycyna rodzinna,2024/023803,Pozarezydencki,80.00,4.10,30.10.2024 20:28:43,19,NIE,,
j-2024,12,19.11.2024,19.11.2024 09:28:25,64,144,Mazowieckie,320,Medycyna rodzinna,2024/029042,Pozarezydencki,74.19,3.83,24.09.2024 14:28:21,19,NIE,,
j-2024,12,19.11.2024,19.11.2024 09:28:25,64,144,Mazowieckie,321,Medycyna rodzinna,2024/028238,Pozarezydencki,73.83,3.24,30.09.2024 16:44:07,19,NIE,,
j-2024,12,19.11.2024,19.11.2024 09:28:25,64,144,Mazowieckie,322,Medycyna rodzinna,2024/034272,Pozarezydencki,71.43,0.00,30.09.2024 23:39:55,19,NIE,,
j-2024,12,19.11.2024,19.11.2024 09:28:25,64,144,Mazowieckie,323,Medycyna rodzinna,2024/029711,Pozarezydencki,69.10,4.25,24.10.2024 11:43:28,19,NIE,,
j-2024,12,19.11.2024,19.11.2024 09:28:25,64,144,Mazowieckie,324,Medycyna rodzinna,2024/028692,Pozarezydencki,68.37,0.00,23.09.2024 20:50:42,19,NIE,,
j-2024,12,19.11.2024,19.11.2024 09:28:25,64,144,Mazowieckie,325,Medycyna rodzinna,2024/024181,Pozarezydencki,67.45,3.36,17.10.2024 10:27:56,19,NIE,,
j-2024,12,19.11.2024,19.11.2024 09:28:25,64,144,Mazowieckie,326,Medycyna rodzinna,2024/025974,Pozarezydencki,66.98,3.33,15.10.2024 15:15:26,19,NIE,,
j-2024,12,19.11.2024,19.11.2024 09:28:25,64,144,Mazowieckie,327,Medycyna rodzinna,2024/029717,Pozarezydencki,64.39,3.78,10.10.2024 15:30:07,19,NIE,,
j-2024,12,19.11.2024,19.11.2024 09:28:25,64,144,Mazowieckie,328,Medycyna rodzinna,2024/032993,Pozarezydencki,62.39,0.00,18.10.2024 17:09:02,19,NIE,,
j-2024,12,19.11.2024,19.11.2024 09:28:25,64,144,Mazowieckie,329,Medycyna rodzinna,2024/026567,Pozarezydencki,62.04,3.36,24.10.2024 09:39:56,19,NIE,,
j-2024,12,19.11.2024,19.11.2024 09:28:25,64,144,Mazowieckie,330,Medycyna rodzinna,2024/029502,Pozarezydencki,61.82,3.50,08.10.2024 12:25:03,19,NIE,,
j-2024,12,19.11.2024,19.11.2024 09:28:25,64,144,Mazowieckie,331,Medycyna rodzinna,2024/034105,Pozarezydencki,61.82,0.00,30.09.2024 22:26:05,19,NIE,,
j-2024,12,19.11.2024,19.11.2024 09:28:25,65,144,Mazowieckie,332,Medycyna rodzinna,2024/026540,Pozarezydencki,60.55,3.73,30.09.2024 22:29:34,19,NIE,,
j-2024,12,19.11.2024,19.11.2024 09:28:25,65,144,Mazowieckie,333,Medycyna rodzinna,2024/028600,Pozarezydencki,58.60,4.08,23.09.2024 18:10:33,19,NIE,,
j-2024,12,19.11.2024,19.11.2024 09:28:25,65,144,Mazowieckie,334,Medycyna rodzinna,2024/024163,Pozarezydencki,56.88,3.52,10.10.2024 18:32:53,19,NIE,,
j-2024,12,19.11.2024,19.11.2024 09:28:25,65,144,Mazowieckie,335,Medycyna rodzinna,2024/032610,Pozarezydencki,56.68,3.24,29.09.2024 17:57:14,19,NIE,,
j-2024,12,19.11.2024,19.11.2024 09:28:25,65,144,Mazowieckie,336,Medycyna rodzinna,2024/028520,Pozarezydencki,51.83,3.00,26.09.2024 13:27:37,19,NIE,,
j-2024,12,19.11.2024,19.11.2024 09:28:25,65,144,Mazowieckie,337,Medycyna rodzinna,2024/031360,Pozarezydencki,0.00,0.00,27.09.2024 11:31:58,19,NIE,,
j-2024,12,19.11.2024,19.11.2024 09:28:25,65,144,Mazowieckie,338,Medycyna sportowa,2024/030994,Rezydencki,80.92,0.00,08.10.2024 15:20:26,1,NIE,,
j-2024,12,19.11.2024,19.11.2024 09:28:25,65,144,Mazowieckie,339,Medycyna sportowa,2024/025701,Pozarezydencki,80.00,4.33,20.09.2024 12:49:57,1,NIE,,
j-2024,12,19.11.2024,19.11.2024 09:28:25,65,144,Mazowieckie,340,Nefrologia,2024/024795,Rezydencki,93.48,4.40,26.09.2024 17:58:15,5,NIE,,
j-2024,12,19.11.2024,19.11.2024 09:28:25,65,144,Mazowieckie,341,Nefrologia,2024/026766,Rezydencki,90.82,4.68,30.09.2024 21:23:30,5,NIE,,
j-2024,12,19.11.2024,19.11.2024 09:28:25,65,144,Mazowieckie,342,Nefrologia,2024/032909,Rezydencki,90.58,4.50,29.09.2024 23:51:48,5,NIE,,
j-2024,12,19.11.2024,19.11.2024 09:28:25,65,144,Mazowieckie,343,Nefrologia,2024/031359,Rezydencki,88.24,4.31,27.09.2024 11:30:34,5,NIE,,
j-2024,12,19.11.2024,19.11.2024 09:28:25,65,144,Mazowieckie,344,Nefrologia,2024/031546,Rezydencki,87.92,4.56,27.09.2024 16:11:30,5,NIE,,
j-2024,12,19.11.2024,19.11.2024 09:28:25,65,144,Mazowieckie,345,Nefrologia,2024/028777,Pozarezydencki,73.58,3.49,07.10.2024 13:12:30,3,NIE,,
j-2024,12,19.11.2024,19.11.2024 09:28:25,65,144,Mazowieckie,346,Nefrologia,2024/032761,Pozarezydencki,71.36,4.10,25.10.2024 12:52:57,3,NIE,,
j-2024,12,19.11.2024,19.11.2024 09:28:25,65,144,Mazowieckie,347,Nefrologia,2024/031254,Pozarezydencki,68.64,3.21,15.10.2024 14:25:39,3,NIE,,
j-2024,12,19.11.2024,19.11.2024 09:28:25,65,144,Mazowieckie,348,Nefrologia dziecięca,2024/026362,Rezydencki,86.27,4.05,30.09.2024 21:16:02,2,NIE,,
j-2024,12,19.11.2024,19.11.2024 09:28:25,65,144,Mazowieckie,349,Nefrologia dziecięca,2024/032250,Rezydencki,77.94,4.21,08.10.2024 18:22:52,2,NIE,,
j-2024,12,19.11.2024,19.11.2024 09:28:25,65,144,Mazowieckie,350,Neonatologia,2024/029291,Rezydencki,91.30,4.47,24.09.2024 20:45:41,13,NIE,,
j-2024,12,19.11.2024,19.11.2024 09:28:25,65,144,Mazowieckie,351,Neonatologia,2024/024425,Rezydencki,88.41,4.33,12.09.2024 23:27:19,13,NIE,,
j-2024,12,19.11.2024,19.11.2024 09:28:25,65,144,Mazowieckie,352,Neonatologia,2024/027703,Rezydencki,86.23,4.01,29.09.2024 18:16:43,13,NIE,,
j-2024,12,19.11.2024,19.11.2024 09:28:25,65,144,Mazowieckie,353,Neonatologia,2024/031730,Rezydencki,86.23,3.92,08.10.2024 17:10:22,13,NIE,,
j-2024,12,19.11.2024,19.11.2024 09:28:25,65,144,Mazowieckie,354,Neonatologia,2024/029234,Rezydencki,85.99,3.64,30.09.2024 21:40:16,13,NIE,,
j-2024,12,19.11.2024,19.11.2024 09:28:25,65,144,Mazowieckie,355,Neonatologia,2024/033047,Rezydencki,84.06,3.94,29.09.2024 23:30:23,13,NIE,,
j-2024,12,19.11.2024,19.11.2024 09:28:25,65,144,Mazowieckie,356,Neonatologia,2024/022441,Rezydencki,83.82,3.88,30.09.2024 18:10:18,13,NIE,,
j-2024,12,19.11.2024,19.11.2024 09:28:25,65,144,Mazowieckie,357,Neonatologia,2024/030198,Rezydencki,79.71,3.80,29.09.2024 20:16:26,13,NIE,,
j-2024,12,19.11.2024,19.11.2024 09:28:25,65,144,Mazowieckie,358,Neonatologia,2024/022425,Rezydencki,79.41,3.98,27.09.2024 15:25:25,13,NIE,,
j-2024,12,19.11.2024,19.11.2024 09:28:25,65,144,Mazowieckie,359,Neonatologia,2024/031383,Rezydencki,79.23,3.65,29.09.2024 21:30:10,13,NIE,,
j-2024,12,19.11.2024,19.11.2024 09:28:25,65,144,Mazowieckie,360,Neonatologia,2024/025045,Rezydencki,72.55,4.26,30.09.2024 21:37:42,13,NIE,,
j-2024,12,19.11.2024,19.11.2024 09:28:25,65,144,Mazowieckie,361,Neonatologia,2024/031024,Rezydencki,68.14,3.84,28.09.2024 23:48:21,13,NIE,,
j-2024,12,19.11.2024,19.11.2024 09:28:25,65,144,Mazowieckie,362,Neonatologia,2024/023773,Rezydencki,62.25,4.05,25.09.2024 16:36:09,13,NIE,,
j-2024,12,19.11.2024,19.11.2024 09:28:25,65,144,Mazowieckie,363,Neonatologia,2024/033536,Pozarezydencki,72.09,4.34,15.10.2024 12:52:00,2,NIE,,
j-2024,12,19.11.2024,19.11.2024 09:28:25,65,144,Mazowieckie,364,Neonatologia,2024/024704,Pozarezydencki,62.16,3.49,12.10.2024 13:59:56,2,NIE,,
j-2024,12,19.11.2024,19.11.2024 09:28:25,65,144,Mazowieckie,365,Neurochirurgia,2024/027138,Rezydencki,92.16,4.39,18.09.2024 20:25:06,3,NIE,,
j-2024,12,19.11.2024,19.11.2024 09:28:25,65,144,Mazowieckie,366,Neurochirurgia,2024/024687,Rezydencki,90.98,4.48,25.09.2024 16:36:45,3,NIE,,
j-2024,12,19.11.2024,19.11.2024 09:28:25,65,144,Mazowieckie,367,Neurochirurgia,2024/022608,Rezydencki,90.82,3.97,28.09.2024 22:50:15,3,NIE,,
j-2024,12,19.11.2024,19.11.2024 09:28:25,65,144,Mazowieckie,368,Neurochirurgia,2024/026591,Pozarezydencki,81.31,4.04,29.09.2024 17:48:30,1,NIE,,
j-2024,12,19.11.2024,19.11.2024 09:28:25,65,144,Mazowieckie,369,Neurologia,2024/028544,Rezydencki,92.75,4.77,23.09.2024 16:50:00,22,NIE,,
j-2024,12,19.11.2024,19.11.2024 09:28:25,66,144,Mazowieckie,370,Neurologia,2024/028152,Rezydencki,92.75,4.52,30.09.2024 14:42:49,22,NIE,,
j-2024,12,19.11.2024,19.11.2024 09:28:25,66,144,Mazowieckie,371,Neurologia,2024/028265,Rezydencki,90.69,4.56,27.09.2024 22:24:43,22,NIE,,
j-2024,12,19.11.2024,19.11.2024 09:28:25,66,144,Mazowieckie,372,Neurologia,2024/029172,Rezydencki,90.69,4.56,29.09.2024 22:54:21,22,NIE,,
j-2024,12,19.11.2024,19.11.2024 09:28:25,66,144,Mazowieckie,373,Neurologia,2024/024324,Rezydencki,90.20,4.17,26.09.2024 19:54:56,22,NIE,,
j-2024,12,19.11.2024,19.11.2024 09:28:25,66,144,Mazowieckie,374,Neurologia,2024/022958,Rezydencki,89.86,3.95,22.09.2024 22:47:15,22,NIE,,
j-2024,12,19.11.2024,19.11.2024 09:28:25,66,144,Mazowieckie,375,Neurologia,2024/031135,Rezydencki,89.76,4.70,26.09.2024 22:26:06,22,NIE,,
j-2024,12,19.11.2024,19.11.2024 09:28:25,66,144,Mazowieckie,376,Neurologia,2024/028018,Rezydencki,88.73,4.15,22.09.2024 17:49:06,22,NIE,,
j-2024,12,19.11.2024,19.11.2024 09:28:25,66,144,Mazowieckie,377,Neurologia,2024/029142,Rezydencki,88.29,4.60,30.09.2024 19:50:18,22,NIE,,
j-2024,12,19.11.2024,19.11.2024 09:28:25,66,144,Mazowieckie,378,Neurologia,2024/026397,Rezydencki,88.24,4.34,30.09.2024 13:13:33,22,NIE,,
j-2024,12,19.11.2024,19.11.2024 09:28:25,66,144,Mazowieckie,379,Neurologia,2024/033457,Rezydencki,88.24,3.54,30.09.2024 18:45:24,22,NIE,,
j-2024,12,19.11.2024,19.11.2024 09:28:25,66,144,Mazowieckie,380,Neurologia,2024/032379,Rezydencki,87.75,4.16,29.09.2024 12:00:27,22,NIE,,
j-2024,12,19.11.2024,19.11.2024 09:28:25,66,144,Mazowieckie,381,Neurologia,2024/023146,Rezydencki,87.75,4.13,02.09.2024 19:11:05,22,NIE,,
j-2024,12,19.11.2024,19.11.2024 09:28:25,66,144,Mazowieckie,382,Neurologia,2024/025229,Rezydencki,87.44,3.91,30.09.2024 18:14:06,22,NIE,,
j-2024,12,19.11.2024,19.11.2024 09:28:25,66,144,Mazowieckie,383,Neurologia,2024/029205,Rezydencki,87.01,4.25,29.09.2024 21:15:18,22,NIE,,
j-2024,12,19.11.2024,19.11.2024 09:28:25,66,144,Mazowieckie,384,Neurologia,2024/027930,Rezydencki,86.47,4.20,26.09.2024 17:13:34,22,NIE,,
j-2024,12,19.11.2024,19.11.2024 09:28:25,66,144,Mazowieckie,385,Neurologia,2024/028419,Rezydencki,86.03,4.14,25.09.2024 17:47:55,22,NIE,,
j-2024,12,19.11.2024,19.11.2024 09:28:25,66,144,Mazowieckie,386,Neurologia,2024/027607,Rezydencki,85.02,4.08,20.09.2024 16:45:00,22,NIE,,
j-2024,12,19.11.2024,19.11.2024 09:28:25,66,144,Mazowieckie,387,Neurologia,2024/024540,Rezydencki,85.02,3.93,30.09.2024 21:57:34,22,NIE,,
j-2024,12,19.11.2024,19.11.2024 09:28:25,66,144,Mazowieckie,388,Neurologia,2024/033860,Rezydencki,84.07,3.83,30.09.2024 19:41:12,22,NIE,,
j-2024,12,19.11.2024,19.11.2024 09:28:25,66,144,Mazowieckie,389,Neurologia,2024/032059,Rezydencki,82.84,4.00,30.09.2024 20:12:32,22,NIE,,
j-2024,12,19.11.2024,19.11.2024 09:28:25,66,144,Mazowieckie,390,Neurologia,2024/033447,Rezydencki,82.13,4.15,30.09.2024 22:12:49,22,NIE,,
j-2024,12,19.11.2024,19.11.2024 09:28:25,66,144,Mazowieckie,391,Neurologia,2024/032402,Pozarezydencki,79.72,0.00,06.10.2024 13:17:29,2,NIE,,
j-2024,12,19.11.2024,19.11.2024 09:28:25,66,144,Mazowieckie,392,Neurologia,2024/033678,Pozarezydencki,76.05,3.15,30.09.2024 16:46:02,2,NIE,,
j-2024,12,19.11.2024,19.11.2024 09:28:25,66,144,Mazowieckie,393,Neurologia dziecięca,2024/029682,Rezydencki,93.66,4.47,26.09.2024 11:26:35,6,NIE,,
j-2024,12,19.11.2024,19.11.2024 09:28:25,66,144,Mazowieckie,394,Neurologia dziecięca,2024/031974,Rezydencki,89.37,4.00,30.09.2024 20:13:47,6,NIE,,
j-2024,12,19.11.2024,19.11.2024 09:28:25,66,144,Mazowieckie,395,Neurologia dziecięca,2024/032233,Rezydencki,89.22,4.38,29.09.2024 22:04:46,6,NIE,,
j-2024,12,19.11.2024,19.11.2024 09:28:25,66,144,Mazowieckie,396,Neurologia dziecięca,2024/032512,Rezydencki,87.75,3.76,30.09.2024 20:22:03,6,NIE,,
j-2024,12,19.11.2024,19.11.2024 09:28:25,66,144,Mazowieckie,397,Neurologia dziecięca,2024/027422,Rezydencki,86.96,3.74,26.09.2024 11:11:55,6,NIE,,
j-2024,12,19.11.2024,19.11.2024 09:28:25,66,144,Mazowieckie,398,Neurologia dziecięca,2024/033704,Rezydencki,85.61,3.76,30.09.2024 17:09:26,6,NIE,,
j-2024,12,19.11.2024,19.11.2024 09:28:25,66,144,Mazowieckie,399,Neurologia dziecięca,2024/031642,Pozarezydencki,79.44,3.68,21.10.2024 22:08:11,4,NIE,,
j-2024,12,19.11.2024,19.11.2024 09:28:25,66,144,Mazowieckie,400,Neurologia dziecięca,2024/023426,Pozarezydencki,71.14,4.10,01.10.2024 21:45:22,4,NIE,,
j-2024,12,19.11.2024,19.11.2024 09:28:25,66,144,Mazowieckie,401,Neurologia dziecięca,2024/034090,Pozarezydencki,69.81,3.88,30.09.2024 21:42:21,4,NIE,,
j-2024,12,19.11.2024,19.11.2024 09:28:25,66,144,Mazowieckie,402,Neurologia dziecięca,2024/031762,Pozarezydencki,60.42,2.91,15.10.2024 13:49:35,4,NIE,,
j-2024,12,19.11.2024,19.11.2024 09:28:25,66,144,Mazowieckie,403,Neuropatologia,2024/027669,Pozarezydencki,4.32,4.32,30.09.2024 20:05:45,1,NIE,,
j-2024,12,19.11.2024,19.11.2024 09:28:25,66,144,Mazowieckie,404,Okulistyka,2024/028686,Rezydencki,94.20,4.60,26.09.2024 18:46:18,14,NIE,,
j-2024,12,19.11.2024,19.11.2024 09:28:25,66,144,Mazowieckie,405,Okulistyka,2024/029387,Rezydencki,92.75,4.38,28.09.2024 21:22:08,14,NIE,,
j-2024,12,19.11.2024,19.11.2024 09:28:25,66,144,Mazowieckie,406,Okulistyka,2024/026963,Rezydencki,92.68,4.34,20.09.2024 09:24:29,14,NIE,,
j-2024,12,19.11.2024,19.11.2024 09:28:25,66,144,Mazowieckie,407,Okulistyka,2024/030387,Rezydencki,92.27,4.31,30.09.2024 22:01:14,14,NIE,,
j-2024,12,19.11.2024,19.11.2024 09:28:25,67,144,Mazowieckie,408,Okulistyka,2024/027664,Rezydencki,92.20,4.65,30.09.2024 13:58:24,14,NIE,,
j-2024,12,19.11.2024,19.11.2024 09:28:25,67,144,Mazowieckie,409,Okulistyka,2024/033723,Rezydencki,92.20,4.53,01.10.2024 19:58:09,14,NIE,,
j-2024,12,19.11.2024,19.11.2024 09:28:25,67,144,Mazowieckie,410,Okulistyka,2024/031299,Rezydencki,92.20,4.11,30.09.2024 20:09:29,14,NIE,,
j-2024,12,19.11.2024,19.11.2024 09:28:25,67,144,Mazowieckie,411,Okulistyka,2024/022262,Rezydencki,91.71,4.55,28.09.2024 17:33:33,14,NIE,,
j-2024,12,19.11.2024,19.11.2024 09:28:25,67,144,Mazowieckie,412,Okulistyka,2024/027092,Rezydencki,91.67,4.44,18.09.2024 20:36:17,14,NIE,,
j-2024,12,19.11.2024,19.11.2024 09:28:25,67,144,Mazowieckie,413,Okulistyka,2024/026935,Rezydencki,91.22,4.45,28.09.2024 15:33:52,14,NIE,,
j-2024,12,19.11.2024,19.11.2024 09:28:25,67,144,Mazowieckie,414,Okulistyka,2024/029831,Rezydencki,90.82,4.23,27.09.2024 18:10:35,14,NIE,,
j-2024,12,19.11.2024,19.11.2024 09:28:25,67,144,Mazowieckie,415,Okulistyka,2024/032304,Rezydencki,90.34,4.12,30.09.2024 01:50:34,14,NIE,,
j-2024,12,19.11.2024,19.11.2024 09:28:25,67,144,Mazowieckie,416,Okulistyka,2024/030872,Rezydencki,89.86,4.29,27.09.2024 19:20:41,14,NIE,,
j-2024,12,19.11.2024,19.11.2024 09:28:25,67,144,Mazowieckie,417,Okulistyka,2024/031337,Rezydencki,89.86,4.17,30.09.2024 21:29:02,14,NIE,,
j-2024,12,19.11.2024,19.11.2024 09:28:25,67,144,Mazowieckie,418,Okulistyka,2024/029774,Pozarezydencki,83.18,4.19,27.09.2024 21:09:26,3,NIE,,
j-2024,12,19.11.2024,19.11.2024 09:28:25,67,144,Mazowieckie,419,Okulistyka,2024/032215,Pozarezydencki,82.72,4.02,28.09.2024 21:57:27,3,NIE,,
j-2024,12,19.11.2024,19.11.2024 09:28:25,67,144,Mazowieckie,420,Okulistyka,2024/033893,Pozarezydencki,81.54,3.97,18.10.2024 20:22:58,3,NIE,,
j-2024,12,19.11.2024,19.11.2024 09:28:25,67,144,Mazowieckie,421,Onkologia i hematologia dziecięca,2024/026777,Rezydencki,84.06,4.08,26.09.2024 16:01:30,1,NIE,,
j-2024,12,19.11.2024,19.11.2024 09:28:25,67,144,Mazowieckie,422,Onkologia i hematologia dziecięca,2024/025945,Pozarezydencki,87.95,4.44,07.10.2024 13:12:56,2,NIE,,
j-2024,12,19.11.2024,19.11.2024 09:28:25,67,144,Mazowieckie,423,Onkologia i hematologia dziecięca,2024/032829,Pozarezydencki,70.91,0.00,05.10.2024 22:50:03,2,NIE,,
j-2024,12,19.11.2024,19.11.2024 09:28:25,67,144,Mazowieckie,424,Onkologia kliniczna,2024/030430,Rezydencki,92.27,4.52,30.09.2024 12:47:28,21,NIE,,
j-2024,12,19.11.2024,19.11.2024 09:28:25,67,144,Mazowieckie,425,Onkologia kliniczna,2024/029489,Rezydencki,88.10,4.29,30.09.2024 22:03:22,21,NIE,,
j-2024,12,19.11.2024,19.11.2024 09:28:25,67,144,Mazowieckie,426,Onkologia kliniczna,2024/031143,Rezydencki,87.92,4.37,30.09.2024 13:43:40,21,NIE,,
j-2024,12,19.11.2024,19.11.2024 09:28:25,67,144,Mazowieckie,427,Onkologia kliniczna,2024/032887,Rezydencki,86.76,4.56,29.09.2024 21:51:32,21,NIE,,
j-2024,12,19.11.2024,19.11.2024 09:28:25,67,144,Mazowieckie,428,Onkologia kliniczna,2024/030258,Rezydencki,86.71,4.13,30.09.2024 02:01:41,21,NIE,,
j-2024,12,19.11.2024,19.11.2024 09:28:25,67,144,Mazowieckie,429,Onkologia kliniczna,2024/030609,Rezydencki,86.71,4.06,26.09.2024 15:27:51,21,NIE,,
j-2024,12,19.11.2024,19.11.2024 09:28:25,67,144,Mazowieckie,430,Onkologia kliniczna,2024/022997,Rezydencki,86.27,3.74,11.10.2024 22:47:24,21,NIE,,
j-2024,12,19.11.2024,19.11.2024 09:28:25,67,144,Mazowieckie,431,Onkologia kliniczna,2024/024139,Rezydencki,85.85,4.31,24.09.2024 17:53:59,21,NIE,,
j-2024,12,19.11.2024,19.11.2024 09:28:25,67,144,Mazowieckie,432,Onkologia kliniczna,2024/022215,Rezydencki,85.85,3.77,01.09.2024 00:26:21,21,NIE,,
j-2024,12,19.11.2024,19.11.2024 09:28:25,67,144,Mazowieckie,433,Onkologia kliniczna,2024/024063,Rezydencki,85.51,4.69,06.09.2024 18:28:16,21,NIE,,
j-2024,12,19.11.2024,19.11.2024 09:28:25,67,144,Mazowieckie,434,Onkologia kliniczna,2024/032391,Rezydencki,85.29,3.88,29.09.2024 12:34:34,21,NIE,,
j-2024,12,19.11.2024,19.11.2024 09:28:25,67,144,Mazowieckie,435,Onkologia kliniczna,2024/032919,Rezydencki,84.06,4.27,30.09.2024 19:51:58,21,NIE,,
j-2024,12,19.11.2024,19.11.2024 09:28:25,67,144,Mazowieckie,436,Onkologia kliniczna,2024/029949,Rezydencki,82.44,3.32,11.10.2024 12:44:36,21,NIE,,
j-2024,12,19.11.2024,19.11.2024 09:28:25,67,144,Mazowieckie,437,Onkologia kliniczna,2024/033079,Rezydencki,80.88,0.00,29.09.2024 23:16:39,21,NIE,,
j-2024,12,19.11.2024,19.11.2024 09:28:25,67,144,Mazowieckie,438,Onkologia kliniczna,2024/024840,Rezydencki,74.63,3.16,29.09.2024 17:45:53,21,NIE,,
j-2024,12,19.11.2024,19.11.2024 09:28:25,67,144,Mazowieckie,439,Onkologia kliniczna,2024/023868,Rezydencki,73.91,0.00,04.10.2024 18:47:14,21,NIE,,
j-2024,12,19.11.2024,19.11.2024 09:28:25,67,144,Mazowieckie,440,Onkologia kliniczna,2024/026298,Rezydencki,73.81,4.46,16.09.2024 13:05:22,21,NIE,,
j-2024,12,19.11.2024,19.11.2024 09:28:25,67,144,Mazowieckie,441,Onkologia kliniczna,2024/032189,Rezydencki,72.06,4.14,30.09.2024 20:57:56,21,NIE,,
j-2024,12,19.11.2024,19.11.2024 09:28:25,67,144,Mazowieckie,442,Onkologia kliniczna,2024/031879,Rezydencki,69.12,3.52,28.09.2024 12:45:29,21,NIE,,
j-2024,12,19.11.2024,19.11.2024 09:28:25,67,144,Mazowieckie,443,Onkologia kliniczna,2024/030725,Rezydencki,64.73,0.00,30.09.2024 23:12:26,21,NIE,,
j-2024,12,19.11.2024,19.11.2024 09:28:25,67,144,Mazowieckie,444,Onkologia kliniczna,2024/033302,Rezydencki,61.52,3.37,30.09.2024 14:23:26,21,NIE,,
j-2024,12,19.11.2024,19.11.2024 09:28:25,67,144,Mazowieckie,445,Onkologia kliniczna,2024/031985,Pozarezydencki,84.09,3.28,21.10.2024 17:05:58,3,NIE,,
j-2024,12,19.11.2024,19.11.2024 09:28:25,68,144,Mazowieckie,446,Onkologia kliniczna,2024/025864,Pozarezydencki,71.10,4.16,30.09.2024 15:26:58,3,NIE,,
j-2024,12,19.11.2024,19.11.2024 09:28:25,68,144,Mazowieckie,447,Onkologia kliniczna,2024/032470,Pozarezydencki,70.45,3.63,29.09.2024 15:09:37,3,NIE,,
j-2024,12,19.11.2024,19.11.2024 09:28:25,68,144,Mazowieckie,448,Ortodoncja,2024/024331,Rezydencki,89.42,4.35,07.09.2024 20:00:39,10,NIE,,
j-2024,12,19.11.2024,19.11.2024 09:28:25,68,144,Mazowieckie,449,Ortodoncja,2024/027463,Rezydencki,88.46,4.40,19.09.2024 23:31:28,10,NIE,,
j-2024,12,19.11.2024,19.11.2024 09:28:25,68,144,Mazowieckie,450,Ortodoncja,2024/022668,Rezydencki,88.46,3.86,11.09.2024 21:36:40,10,NIE,,
j-2024,12,19.11.2024,19.11.2024 09:28:25,68,144,Mazowieckie,451,Ortodoncja,2024/026869,Rezydencki,87.98,4.63,03.10.2024 17:38:15,10,NIE,,
j-2024,12,19.11.2024,19.11.2024 09:28:25,68,144,Mazowieckie,452,Ortodoncja,2024/023378,Rezydencki,87.86,4.60,08.10.2024 10:31:46,10,NIE,,
j-2024,12,19.11.2024,19.11.2024 09:28:25,68,144,Mazowieckie,453,Ortodoncja,2024/023512,Rezydencki,87.74,4.23,06.10.2024 21:25:26,10,NIE,,
j-2024,12,19.11.2024,19.11.2024 09:28:25,68,144,Mazowieckie,454,Ortodoncja,2024/028008,Rezydencki,87.02,4.17,23.09.2024 22:21:40,10,NIE,,
j-2024,12,19.11.2024,19.11.2024 09:28:25,68,144,Mazowieckie,455,Ortodoncja,2024/024982,Rezydencki,87.02,4.02,19.09.2024 15:22:40,10,NIE,,
j-2024,12,19.11.2024,19.11.2024 09:28:25,68,144,Mazowieckie,456,Ortodoncja,2024/023241,Rezydencki,87.02,3.95,02.09.2024 23:28:39,10,NIE,,
j-2024,12,19.11.2024,19.11.2024 09:28:25,68,144,Mazowieckie,457,Ortodoncja,2024/030873,Rezydencki,86.71,4.41,30.09.2024 13:08:39,10,NIE,,
j-2024,12,19.11.2024,19.11.2024 09:28:25,68,144,Mazowieckie,458,Ortopedia i traumatologia narządu ruchu,2024/031742,Rezydencki,91.42,3.94,27.09.2024 21:25:34,45,NIE,,
j-2024,12,19.11.2024,19.11.2024 09:28:25,68,144,Mazowieckie,459,Ortopedia i traumatologia narządu ruchu,2024/024339,Rezydencki,90.69,4.10,27.09.2024 20:32:14,45,NIE,,
j-2024,12,19.11.2024,19.11.2024 09:28:25,68,144,Mazowieckie,460,Ortopedia i traumatologia narządu ruchu,2024/023108,Rezydencki,90.58,4.47,30.09.2024 10:55:01,45,NIE,,
j-2024,12,19.11.2024,19.11.2024 09:28:25,68,144,Mazowieckie,461,Ortopedia i traumatologia narządu ruchu,2024/031711,Rezydencki,89.61,4.30,30.09.2024 22:21:55,45,NIE,,
j-2024,12,19.11.2024,19.11.2024 09:28:25,68,144,Mazowieckie,462,Ortopedia i traumatologia narządu ruchu,2024/025932,Rezydencki,89.37,4.20,30.09.2024 09:16:13,45,NIE,,
j-2024,12,19.11.2024,19.11.2024 09:28:25,68,144,Mazowieckie,463,Ortopedia i traumatologia narządu ruchu,2024/025021,Rezydencki,88.89,3.94,14.09.2024 15:43:54,45,NIE,,
j-2024,12,19.11.2024,19.11.2024 09:28:25,68,144,Mazowieckie,464,Ortopedia i traumatologia narządu ruchu,2024/027157,Rezydencki,88.65,4.50,30.09.2024 19:42:42,45,NIE,,
j-2024,12,19.11.2024,19.11.2024 09:28:25,68,144,Mazowieckie,465,Ortopedia i traumatologia narządu ruchu,2024/025189,Rezydencki,88.48,3.86,12.10.2024 11:40:47,45,NIE,,
j-2024,12,19.11.2024,19.11.2024 09:28:25,68,144,Mazowieckie,466,Ortopedia i traumatologia narządu ruchu,2024/032116,Rezydencki,88.41,4.08,30.09.2024 09:58:00,45,NIE,,
j-2024,12,19.11.2024,19.11.2024 09:28:25,68,144,Mazowieckie,467,Ortopedia i traumatologia narządu ruchu,2024/033146,Rezydencki,87.92,4.38,30.09.2024 00:34:56,45,NIE,,
j-2024,12,19.11.2024,19.11.2024 09:28:25,68,144,Mazowieckie,468,Ortopedia i traumatologia narządu ruchu,2024/029526,Rezydencki,87.92,4.29,30.09.2024 18:38:50,45,NIE,,
j-2024,12,19.11.2024,19.11.2024 09:28:25,68,144,Mazowieckie,469,Ortopedia i traumatologia narządu ruchu,2024/028135,Rezydencki,87.92,4.00,29.09.2024 00:10:16,45,NIE,,
j-2024,12,19.11.2024,19.11.2024 09:28:25,68,144,Mazowieckie,470,Ortopedia i traumatologia narządu ruchu,2024/025315,Rezydencki,87.20,4.28,30.09.2024 10:46:42,45,NIE,,
j-2024,12,19.11.2024,19.11.2024 09:28:25,68,144,Mazowieckie,471,Ortopedia i traumatologia narządu ruchu,2024/026097,Rezydencki,86.96,3.76,26.09.2024 16:14:55,45,NIE,,
j-2024,12,19.11.2024,19.11.2024 09:28:25,68,144,Mazowieckie,472,Ortopedia i traumatologia narządu ruchu,2024/032708,Rezydencki,86.71,3.81,30.09.2024 18:20:52,45,NIE,,
j-2024,12,19.11.2024,19.11.2024 09:28:25,68,144,Mazowieckie,473,Ortopedia i traumatologia narządu ruchu,2024/024134,Rezydencki,86.27,4.11,06.09.2024 10:46:07,45,NIE,,
j-2024,12,19.11.2024,19.11.2024 09:28:25,68,144,Mazowieckie,474,Ortopedia i traumatologia narządu ruchu,2024/024135,Rezydencki,86.27,4.02,24.09.2024 15:17:16,45,NIE,,
j-2024,12,19.11.2024,19.11.2024 09:28:25,68,144,Mazowieckie,475,Ortopedia i traumatologia narządu ruchu,2024/031580,Rezydencki,85.99,3.77,27.09.2024 17:46:47,45,NIE,,
j-2024,12,19.11.2024,19.11.2024 09:28:25,68,144,Mazowieckie,476,Ortopedia i traumatologia narządu ruchu,2024/022538,Rezydencki,85.99,3.72,29.09.2024 21:41:07,45,NIE,,
j-2024,12,19.11.2024,19.11.2024 09:28:25,68,144,Mazowieckie,477,Ortopedia i traumatologia narządu ruchu,2024/027337,Rezydencki,85.78,4.02,27.09.2024 18:20:27,45,NIE,,
j-2024,12,19.11.2024,19.11.2024 09:28:25,68,144,Mazowieckie,478,Ortopedia i traumatologia narządu ruchu,2024/023597,Rezydencki,85.78,3.81,29.09.2024 15:44:36,45,NIE,,
j-2024,12,19.11.2024,19.11.2024 09:28:25,68,144,Mazowieckie,479,Ortopedia i traumatologia narządu ruchu,2024/022404,Rezydencki,85.27,3.98,05.09.2024 10:51:28,45,NIE,,
j-2024,12,19.11.2024,19.11.2024 09:28:25,68,144,Mazowieckie,480,Ortopedia i traumatologia narządu ruchu,2024/031340,Rezydencki,85.12,3.69,27.09.2024 11:47:37,45,NIE,,
j-2024,12,19.11.2024,19.11.2024 09:28:25,68,144,Mazowieckie,481,Ortopedia i traumatologia narządu ruchu,2024/031486,Rezydencki,84.54,3.06,30.09.2024 17:55:34,45,NIE,,
j-2024,12,19.11.2024,19.11.2024 09:28:25,68,144,Mazowieckie,482,Ortopedia i traumatologia narządu ruchu,2024/031800,Rezydencki,84.15,3.67,29.09.2024 20:06:40,45,NIE,,
j-2024,12,19.11.2024,19.11.2024 09:28:25,68,144,Mazowieckie,483,Ortopedia i traumatologia narządu ruchu,2024/024252,Rezydencki,84.06,3.55,25.09.2024 22:58:28,45,NIE,,
j-2024,12,19.11.2024,19.11.2024 09:28:25,69,144,Mazowieckie,484,Ortopedia i traumatologia narządu ruchu,2024/033494,Rezydencki,83.82,3.15,30.09.2024 19:28:30,45,NIE,,
j-2024,12,19.11.2024,19.11.2024 09:28:25,69,144,Mazowieckie,485,Ortopedia i traumatologia narządu ruchu,2024/032546,Rezydencki,83.09,3.94,29.09.2024 16:44:35,45,NIE,,
j-2024,12,19.11.2024,19.11.2024 09:28:25,69,144,Mazowieckie,486,Ortopedia i traumatologia narządu ruchu,2024/022613,Rezydencki,83.09,3.77,06.09.2024 13:43:15,45,NIE,,
j-2024,12,19.11.2024,19.11.2024 09:28:25,69,144,Mazowieckie,487,Ortopedia i traumatologia narządu ruchu,2024/028594,Rezydencki,82.93,3.64,27.09.2024 03:46:37,45,NIE,,
j-2024,12,19.11.2024,19.11.2024 09:28:25,69,144,Mazowieckie,488,Ortopedia i traumatologia narządu ruchu,2024/032728,Rezydencki,82.13,3.68,30.09.2024 19:40:59,45,NIE,,
j-2024,12,19.11.2024,19.11.2024 09:28:25,69,144,Mazowieckie,489,Ortopedia i traumatologia narządu ruchu,2024/031741,Rezydencki,82.13,0.00,30.09.2024 23:56:53,45,NIE,,
j-2024,12,19.11.2024,19.11.2024 09:28:25,69,144,Mazowieckie,490,Ortopedia i traumatologia narządu ruchu,2024/033758,Rezydencki,81.64,3.78,30.09.2024 18:13:15,45,NIE,,
j-2024,12,19.11.2024,19.11.2024 09:28:25,69,144,Mazowieckie,491,Ortopedia i traumatologia narządu ruchu,2024/031634,Rezydencki,81.46,3.23,30.09.2024 21:41:43,45,NIE,,
j-2024,12,19.11.2024,19.11.2024 09:28:25,69,144,Mazowieckie,492,Ortopedia i traumatologia narządu ruchu,2024/034107,Rezydencki,80.92,3.45,30.09.2024 21:50:07,45,NIE,,
j-2024,12,19.11.2024,19.11.2024 09:28:25,69,144,Mazowieckie,493,Ortopedia i traumatologia narządu ruchu,2024/026658,Rezydencki,80.39,3.52,28.09.2024 19:09:23,45,NIE,,
j-2024,12,19.11.2024,19.11.2024 09:28:25,69,144,Mazowieckie,494,Ortopedia i traumatologia narządu ruchu,2024/028627,Rezydencki,80.19,3.63,05.10.2024 12:41:17,45,NIE,,
j-2024,12,19.11.2024,19.11.2024 09:28:25,69,144,Mazowieckie,495,Ortopedia i traumatologia narządu ruchu,2024/028501,Rezydencki,77.29,3.94,25.09.2024 18:10:48,45,NIE,,
j-2024,12,19.11.2024,19.11.2024 09:28:25,69,144,Mazowieckie,496,Ortopedia i traumatologia narządu ruchu,2024/029584,Rezydencki,77.21,3.37,30.09.2024 23:04:45,45,NIE,,
j-2024,12,19.11.2024,19.11.2024 09:28:25,69,144,Mazowieckie,497,Ortopedia i traumatologia narządu ruchu,2024/027089,Rezydencki,77.07,3.94,27.09.2024 14:18:12,45,NIE,,
j-2024,12,19.11.2024,19.11.2024 09:28:25,69,144,Mazowieckie,498,Ortopedia i traumatologia narządu ruchu,2024/024105,Rezydencki,76.33,3.00,23.09.2024 15:11:21,45,NIE,,
j-2024,12,19.11.2024,19.11.2024 09:28:25,69,144,Mazowieckie,499,Ortopedia i traumatologia narządu ruchu,2024/024147,Rezydencki,75.71,3.39,10.10.2024 22:33:04,45,NIE,,
j-2024,12,19.11.2024,19.11.2024 09:28:25,69,144,Mazowieckie,500,Ortopedia i traumatologia narządu ruchu,2024/033208,Rezydencki,70.24,0.00,30.09.2024 16:38:13,45,NIE,,
j-2024,12,19.11.2024,19.11.2024 09:28:25,69,144,Mazowieckie,501,Ortopedia i traumatologia narządu ruchu,2024/032519,Rezydencki,68.38,3.82,30.09.2024 22:21:43,45,NIE,,
j-2024,12,19.11.2024,19.11.2024 09:28:25,69,144,Mazowieckie,502,Ortopedia i traumatologia narządu ruchu,2024/031653,Rezydencki,61.35,3.92,27.09.2024 18:22:53,45,NIE,,
j-2024,12,19.11.2024,19.11.2024 09:28:25,69,144,Mazowieckie,503,Ortopedia i traumatologia narządu ruchu,2024/023650,Pozarezydencki,80.18,3.41,04.09.2024 12:05:37,1,NIE,,
j-2024,12,19.11.2024,19.11.2024 09:28:25,69,144,Mazowieckie,504,Otorynolaryngologia,2024/030629,Rezydencki,91.79,4.19,29.09.2024 15:41:27,5,NIE,,
j-2024,12,19.11.2024,19.11.2024 09:28:25,69,144,Mazowieckie,505,Otorynolaryngologia,2024/027716,Rezydencki,91.67,4.56,28.09.2024 16:00:12,5,NIE,,
j-2024,12,19.11.2024,19.11.2024 09:28:25,69,144,Mazowieckie,506,Otorynolaryngologia,2024/031777,Rezydencki,91.22,4.42,29.09.2024 01:07:38,5,NIE,,
j-2024,12,19.11.2024,19.11.2024 09:28:25,69,144,Mazowieckie,507,Otorynolaryngologia,2024/031274,Rezydencki,90.10,4.31,27.09.2024 09:04:34,5,NIE,,
j-2024,12,19.11.2024,19.11.2024 09:28:25,69,144,Mazowieckie,508,Otorynolaryngologia,2024/033889,Rezydencki,90.10,4.16,30.09.2024 21:29:43,5,NIE,,
j-2024,12,19.11.2024,19.11.2024 09:28:25,69,144,Mazowieckie,509,Otorynolaryngologia,2024/032900,Pozarezydencki,79.95,3.93,14.10.2024 16:04:47,1,NIE,,
j-2024,12,19.11.2024,19.11.2024 09:28:25,69,144,Mazowieckie,510,Otorynolaryngologia dziecięca,2024/030309,Rezydencki,89.37,4.15,30.09.2024 19:05:28,2,NIE,,
j-2024,12,19.11.2024,19.11.2024 09:28:25,69,144,Mazowieckie,511,Otorynolaryngologia dziecięca,2024/032061,Rezydencki,88.16,4.04,30.09.2024 21:36:12,2,NIE,,
j-2024,12,19.11.2024,19.11.2024 09:28:25,69,144,Mazowieckie,512,Patomorfologia,2024/032101,Rezydencki,90.58,3.86,28.09.2024 18:12:54,10,NIE,,
j-2024,12,19.11.2024,19.11.2024 09:28:25,69,144,Mazowieckie,513,Patomorfologia,2024/026179,Rezydencki,88.78,4.32,24.09.2024 21:10:20,10,NIE,,
j-2024,12,19.11.2024,19.11.2024 09:28:25,69,144,Mazowieckie,514,Patomorfologia,2024/026376,Rezydencki,87.92,4.35,29.09.2024 21:21:14,10,NIE,,
j-2024,12,19.11.2024,19.11.2024 09:28:25,69,144,Mazowieckie,515,Patomorfologia,2024/029325,Rezydencki,87.44,4.36,28.09.2024 17:26:35,10,NIE,,
j-2024,12,19.11.2024,19.11.2024 09:28:25,69,144,Mazowieckie,516,Patomorfologia,2024/028124,Rezydencki,82.84,3.94,29.09.2024 18:43:06,10,NIE,,
j-2024,12,19.11.2024,19.11.2024 09:28:25,69,144,Mazowieckie,517,Patomorfologia,2024/031960,Rezydencki,80.68,4.59,28.09.2024 20:16:49,10,NIE,,
j-2024,12,19.11.2024,19.11.2024 09:28:25,69,144,Mazowieckie,518,Patomorfologia,2024/031089,Rezydencki,79.41,3.53,28.09.2024 13:06:44,10,NIE,,
j-2024,12,19.11.2024,19.11.2024 09:28:25,69,144,Mazowieckie,519,Patomorfologia,2024/029152,Rezydencki,77.29,4.44,24.09.2024 18:03:53,10,NIE,,
j-2024,12,19.11.2024,19.11.2024 09:28:25,69,144,Mazowieckie,520,Patomorfologia,2024/031363,Rezydencki,73.43,4.55,27.09.2024 11:33:42,10,NIE,,
j-2024,12,19.11.2024,19.11.2024 09:28:25,69,144,Mazowieckie,521,Patomorfologia,2024/022187,Rezydencki,71.71,3.36,30.09.2024 15:00:01,10,NIE,,
j-2024,12,19.11.2024,19.11.2024 09:28:25,70,144,Mazowieckie,522,Pediatria,2024/030510,Rezydencki,92.27,4.39,26.09.2024 14:18:49,45,NIE,,
j-2024,12,19.11.2024,19.11.2024 09:28:25,70,144,Mazowieckie,523,Pediatria,2024/023396,Rezydencki,91.67,4.71,30.09.2024 18:07:32,45,NIE,,
j-2024,12,19.11.2024,19.11.2024 09:28:25,70,144,Mazowieckie,524,Pediatria,2024/032349,Rezydencki,90.82,4.47,30.09.2024 15:27:10,45,NIE,,
j-2024,12,19.11.2024,19.11.2024 09:28:25,70,144,Mazowieckie,525,Pediatria,2024/028957,Rezydencki,90.82,4.30,27.09.2024 11:13:41,45,NIE,,
j-2024,12,19.11.2024,19.11.2024 09:28:25,70,144,Mazowieckie,526,Pediatria,2024/028110,Rezydencki,90.73,4.55,26.09.2024 15:27:35,45,NIE,,
j-2024,12,19.11.2024,19.11.2024 09:28:25,70,144,Mazowieckie,527,Pediatria,2024/025902,Rezydencki,90.34,4.33,25.09.2024 21:00:07,45,NIE,,
j-2024,12,19.11.2024,19.11.2024 09:28:25,70,144,Mazowieckie,528,Pediatria,2024/022448,Rezydencki,90.24,4.55,30.09.2024 16:46:01,45,NIE,,
j-2024,12,19.11.2024,19.11.2024 09:28:25,70,144,Mazowieckie,529,Pediatria,2024/022464,Rezydencki,90.10,4.03,30.09.2024 18:45:18,45,NIE,,
j-2024,12,19.11.2024,19.11.2024 09:28:25,70,144,Mazowieckie,530,Pediatria,2024/027996,Rezydencki,89.86,4.09,30.09.2024 15:40:39,45,NIE,,
j-2024,12,19.11.2024,19.11.2024 09:28:25,70,144,Mazowieckie,531,Pediatria,2024/027021,Rezydencki,89.71,4.35,30.09.2024 11:25:22,45,NIE,,
j-2024,12,19.11.2024,19.11.2024 09:28:25,70,144,Mazowieckie,532,Pediatria,2024/031144,Rezydencki,89.37,4.12,27.09.2024 20:06:46,45,NIE,,
j-2024,12,19.11.2024,19.11.2024 09:28:25,70,144,Mazowieckie,533,Pediatria,2024/031804,Rezydencki,89.37,3.82,28.09.2024 12:10:15,45,NIE,,
j-2024,12,19.11.2024,19.11.2024 09:28:25,70,144,Mazowieckie,534,Pediatria,2024/022440,Rezydencki,88.89,4.09,26.09.2024 22:42:04,45,NIE,,
j-2024,12,19.11.2024,19.11.2024 09:28:25,70,144,Mazowieckie,535,Pediatria,2024/026306,Rezydencki,88.78,3.99,30.09.2024 19:26:07,45,NIE,,
j-2024,12,19.11.2024,19.11.2024 09:28:25,70,144,Mazowieckie,536,Pediatria,2024/033806,Rezydencki,88.41,4.34,30.09.2024 23:58:21,45,NIE,,
j-2024,12,19.11.2024,19.11.2024 09:28:25,70,144,Mazowieckie,537,Pediatria,2024/031959,Rezydencki,88.41,4.30,29.09.2024 23:20:32,45,NIE,,
j-2024,12,19.11.2024,19.11.2024 09:28:25,70,144,Mazowieckie,538,Pediatria,2024/028099,Rezydencki,88.41,4.16,29.09.2024 15:39:31,45,NIE,,
j-2024,12,19.11.2024,19.11.2024 09:28:25,70,144,Mazowieckie,539,Pediatria,2024/033947,Rezydencki,88.24,3.96,30.09.2024 20:43:49,45,NIE,,
j-2024,12,19.11.2024,19.11.2024 09:28:25,70,144,Mazowieckie,540,Pediatria,2024/031527,Rezydencki,88.05,4.19,27.09.2024 15:13:10,45,NIE,,
j-2024,12,19.11.2024,19.11.2024 09:28:25,70,144,Mazowieckie,541,Pediatria,2024/033339,Rezydencki,87.99,4.02,06.10.2024 20:57:24,45,NIE,,
j-2024,12,19.11.2024,19.11.2024 09:28:25,70,144,Mazowieckie,542,Pediatria,2024/027776,Rezydencki,87.92,4.27,29.09.2024 16:27:30,45,NIE,,
j-2024,12,19.11.2024,19.11.2024 09:28:25,70,144,Mazowieckie,543,Pediatria,2024/033221,Rezydencki,87.92,4.16,30.09.2024 09:29:02,45,NIE,,
j-2024,12,19.11.2024,19.11.2024 09:28:25,70,144,Mazowieckie,544,Pediatria,2024/030697,Rezydencki,87.80,4.35,27.09.2024 16:26:33,45,NIE,,
j-2024,12,19.11.2024,19.11.2024 09:28:25,70,144,Mazowieckie,545,Pediatria,2024/028148,Rezydencki,87.68,4.14,26.09.2024 20:54:50,45,NIE,,
j-2024,12,19.11.2024,19.11.2024 09:28:25,70,144,Mazowieckie,546,Pediatria,2024/031445,Rezydencki,87.50,4.16,28.09.2024 10:25:02,45,NIE,,
j-2024,12,19.11.2024,19.11.2024 09:28:25,70,144,Mazowieckie,547,Pediatria,2024/029191,Rezydencki,87.44,4.36,30.09.2024 09:52:14,45,NIE,,
j-2024,12,19.11.2024,19.11.2024 09:28:25,70,144,Mazowieckie,548,Pediatria,2024/022953,Rezydencki,87.44,3.88,06.09.2024 14:28:57,45,NIE,,
j-2024,12,19.11.2024,19.11.2024 09:28:25,70,144,Mazowieckie,549,Pediatria,2024/032321,Rezydencki,87.44,3.68,29.09.2024 20:10:20,45,NIE,,
j-2024,12,19.11.2024,19.11.2024 09:28:25,70,144,Mazowieckie,550,Pediatria,2024/028372,Rezydencki,87.38,4.17,30.09.2024 16:19:18,45,NIE,,
j-2024,12,19.11.2024,19.11.2024 09:28:25,70,144,Mazowieckie,551,Pediatria,2024/033449,Rezydencki,87.20,4.21,30.09.2024 22:43:20,45,NIE,,
j-2024,12,19.11.2024,19.11.2024 09:28:25,70,144,Mazowieckie,552,Pediatria,2024/032432,Rezydencki,87.20,4.03,29.09.2024 14:04:49,45,NIE,,
j-2024,12,19.11.2024,19.11.2024 09:28:25,70,144,Mazowieckie,553,Pediatria,2024/028699,Rezydencki,87.01,4.29,23.09.2024 21:08:46,45,NIE,,
j-2024,12,19.11.2024,19.11.2024 09:28:25,70,144,Mazowieckie,554,Pediatria,2024/031079,Rezydencki,86.96,4.02,30.09.2024 21:58:00,45,NIE,,
j-2024,12,19.11.2024,19.11.2024 09:28:25,70,144,Mazowieckie,555,Pediatria,2024/031722,Rezydencki,86.96,3.54,27.09.2024 20:00:35,45,NIE,,
j-2024,12,19.11.2024,19.11.2024 09:28:25,70,144,Mazowieckie,556,Pediatria,2024/031721,Rezydencki,86.76,4.18,30.09.2024 18:44:15,45,NIE,,
j-2024,12,19.11.2024,19.11.2024 09:28:25,70,144,Mazowieckie,557,Pediatria,2024/031045,Rezydencki,86.71,4.37,29.09.2024 20:01:44,45,NIE,,
j-2024,12,19.11.2024,19.11.2024 09:28:25,70,144,Mazowieckie,558,Pediatria,2024/030477,Rezydencki,86.71,4.25,30.09.2024 18:53:53,45,NIE,,
j-2024,12,19.11.2024,19.11.2024 09:28:25,70,144,Mazowieckie,559,Pediatria,2024/029469,Rezydencki,86.47,4.03,26.09.2024 22:59:01,45,NIE,,
j-2024,12,19.11.2024,19.11.2024 09:28:25,71,144,Mazowieckie,560,Pediatria,2024/033492,Rezydencki,86.47,3.80,30.09.2024 13:40:18,45,NIE,,
j-2024,12,19.11.2024,19.11.2024 09:28:25,71,144,Mazowieckie,561,Pediatria,2024/027854,Rezydencki,86.27,3.76,28.09.2024 12:30:43,45,NIE,,
j-2024,12,19.11.2024,19.11.2024 09:28:25,71,144,Mazowieckie,562,Pediatria,2024/032283,Rezydencki,85.99,3.85,30.09.2024 21:58:00,45,NIE,,
j-2024,12,19.11.2024,19.11.2024 09:28:25,71,144,Mazowieckie,563,Pediatria,2024/029452,Rezydencki,85.99,3.84,30.09.2024 16:45:41,45,NIE,,
j-2024,12,19.11.2024,19.11.2024 09:28:25,71,144,Mazowieckie,564,Pediatria,2024/022429,Rezydencki,85.85,4.06,30.09.2024 22:24:46,45,NIE,,
j-2024,12,19.11.2024,19.11.2024 09:28:25,71,144,Mazowieckie,565,Pediatria,2024/029828,Rezydencki,85.85,3.94,26.09.2024 19:59:35,45,NIE,,
j-2024,12,19.11.2024,19.11.2024 09:28:25,71,144,Mazowieckie,566,Pediatria,2024/025654,Rezydencki,85.51,3.69,04.10.2024 10:04:28,45,NIE,,
j-2024,12,19.11.2024,19.11.2024 09:28:25,71,144,Mazowieckie,567,Pediatria,2024/031805,Pozarezydencki,85.00,4.07,08.10.2024 19:47:30,7,NIE,,
j-2024,12,19.11.2024,19.11.2024 09:28:25,71,144,Mazowieckie,568,Pediatria,2024/032737,Pozarezydencki,84.77,4.61,29.09.2024 19:46:23,7,NIE,,
j-2024,12,19.11.2024,19.11.2024 09:28:25,71,144,Mazowieckie,569,Pediatria,2024/025861,Pozarezydencki,84.55,0.00,07.10.2024 11:48:39,7,NIE,,
j-2024,12,19.11.2024,19.11.2024 09:28:25,71,144,Mazowieckie,570,Pediatria,2024/023550,Pozarezydencki,82.27,0.00,05.09.2024 19:39:52,7,NIE,,
j-2024,12,19.11.2024,19.11.2024 09:28:25,71,144,Mazowieckie,571,Pediatria,2024/032615,Pozarezydencki,75.24,4.22,03.10.2024 21:23:37,7,NIE,,
j-2024,12,19.11.2024,19.11.2024 09:28:25,71,144,Mazowieckie,572,Pediatria,2024/031731,Pozarezydencki,68.35,4.03,17.10.2024 09:18:40,7,NIE,,
j-2024,12,19.11.2024,19.11.2024 09:28:25,71,144,Mazowieckie,573,Pediatria,2024/034240,Pozarezydencki,68.06,3.90,16.10.2024 21:20:47,7,NIE,,
j-2024,12,19.11.2024,19.11.2024 09:28:25,71,144,Mazowieckie,574,Położnictwo i ginekologia,2024/031222,Rezydencki,92.16,4.20,26.09.2024 23:55:11,19,NIE,,
j-2024,12,19.11.2024,19.11.2024 09:28:25,71,144,Mazowieckie,575,Położnictwo i ginekologia,2024/022663,Rezydencki,91.30,3.82,30.09.2024 17:01:33,19,NIE,,
j-2024,12,19.11.2024,19.11.2024 09:28:25,71,144,Mazowieckie,576,Położnictwo i ginekologia,2024/024749,Rezydencki,91.22,4.31,09.09.2024 16:38:26,19,NIE,,
j-2024,12,19.11.2024,19.11.2024 09:28:25,71,144,Mazowieckie,577,Położnictwo i ginekologia,2024/025958,Rezydencki,90.93,4.92,30.09.2024 17:04:42,19,NIE,,
j-2024,12,19.11.2024,19.11.2024 09:28:25,71,144,Mazowieckie,578,Położnictwo i ginekologia,2024/024280,Rezydencki,90.58,4.42,29.09.2024 20:40:16,19,NIE,,
j-2024,12,19.11.2024,19.11.2024 09:28:25,71,144,Mazowieckie,579,Położnictwo i ginekologia,2024/031981,Rezydencki,89.86,3.93,29.09.2024 13:29:05,19,NIE,,
j-2024,12,19.11.2024,19.11.2024 09:28:25,71,144,Mazowieckie,580,Położnictwo i ginekologia,2024/027345,Rezydencki,89.76,4.34,12.10.2024 10:32:07,19,NIE,,
j-2024,12,19.11.2024,19.11.2024 09:28:25,71,144,Mazowieckie,581,Położnictwo i ginekologia,2024/029232,Rezydencki,89.71,4.31,29.09.2024 20:45:37,19,NIE,,
j-2024,12,19.11.2024,19.11.2024 09:28:25,71,144,Mazowieckie,582,Położnictwo i ginekologia,2024/027800,Rezydencki,89.71,3.78,28.09.2024 22:40:53,19,NIE,,
j-2024,12,19.11.2024,19.11.2024 09:28:25,71,144,Mazowieckie,583,Położnictwo i ginekologia,2024/023248,Rezydencki,89.37,4.11,03.09.2024 06:45:29,19,NIE,,
j-2024,12,19.11.2024,19.11.2024 09:28:25,71,144,Mazowieckie,584,Położnictwo i ginekologia,2024/032245,Rezydencki,89.37,3.97,29.09.2024 22:18:07,19,NIE,,
j-2024,12,19.11.2024,19.11.2024 09:28:25,71,144,Mazowieckie,585,Położnictwo i ginekologia,2024/028801,Rezydencki,88.89,4.09,30.09.2024 22:24:45,19,NIE,,
j-2024,12,19.11.2024,19.11.2024 09:28:25,71,144,Mazowieckie,586,Położnictwo i ginekologia,2024/034205,Rezydencki,88.29,3.56,30.09.2024 22:51:53,19,NIE,,
j-2024,12,19.11.2024,19.11.2024 09:28:25,71,144,Mazowieckie,587,Położnictwo i ginekologia,2024/024345,Rezydencki,88.24,4.28,14.10.2024 16:38:20,19,NIE,,
j-2024,12,19.11.2024,19.11.2024 09:28:25,71,144,Mazowieckie,588,Położnictwo i ginekologia,2024/031564,Rezydencki,88.24,4.04,27.09.2024 16:13:06,19,NIE,,
j-2024,12,19.11.2024,19.11.2024 09:28:25,71,144,Mazowieckie,589,Położnictwo i ginekologia,2024/032178,Rezydencki,88.24,3.99,29.09.2024 23:56:05,19,NIE,,
j-2024,12,19.11.2024,19.11.2024 09:28:25,71,144,Mazowieckie,590,Położnictwo i ginekologia,2024/027727,Rezydencki,88.24,3.84,22.09.2024 09:03:32,19,NIE,,
j-2024,12,19.11.2024,19.11.2024 09:28:25,71,144,Mazowieckie,591,Położnictwo i ginekologia,2024/023801,Rezydencki,87.92,4.25,04.09.2024 19:48:59,19,NIE,,
j-2024,12,19.11.2024,19.11.2024 09:28:25,71,144,Mazowieckie,592,Położnictwo i ginekologia,2024/026062,Rezydencki,87.92,3.99,27.09.2024 20:11:02,19,NIE,,
j-2024,12,19.11.2024,19.11.2024 09:28:25,71,144,Mazowieckie,593,Położnictwo i ginekologia,2024/023685,Pozarezydencki,83.18,3.72,30.09.2024 15:59:07,9,NIE,,
j-2024,12,19.11.2024,19.11.2024 09:28:25,71,144,Mazowieckie,594,Położnictwo i ginekologia,2024/029656,Pozarezydencki,82.72,4.14,26.09.2024 16:17:30,9,NIE,,
j-2024,12,19.11.2024,19.11.2024 09:28:25,71,144,Mazowieckie,595,Położnictwo i ginekologia,2024/031896,Pozarezydencki,82.03,3.65,16.10.2024 15:06:09,9,NIE,,
j-2024,12,19.11.2024,19.11.2024 09:28:25,71,144,Mazowieckie,596,Położnictwo i ginekologia,2024/032252,Pozarezydencki,81.57,3.98,30.09.2024 20:21:06,9,NIE,,
j-2024,12,19.11.2024,19.11.2024 09:28:25,71,144,Mazowieckie,597,Położnictwo i ginekologia,2024/027939,Pozarezydencki,79.91,4.08,25.09.2024 17:02:33,9,NIE,,
j-2024,12,19.11.2024,19.11.2024 09:28:25,72,144,Mazowieckie,598,Położnictwo i ginekologia,2024/032983,Pozarezydencki,79.26,3.49,20.10.2024 18:50:06,9,NIE,,
j-2024,12,19.11.2024,19.11.2024 09:28:25,72,144,Mazowieckie,599,Położnictwo i ginekologia,2024/031190,Pozarezydencki,78.27,4.10,17.10.2024 21:51:20,9,NIE,,
j-2024,12,19.11.2024,19.11.2024 09:28:25,72,144,Mazowieckie,600,Położnictwo i ginekologia,2024/030064,Pozarezydencki,76.04,4.03,30.09.2024 21:58:43,9,NIE,,
j-2024,12,19.11.2024,19.11.2024 09:28:25,72,144,Mazowieckie,601,Położnictwo i ginekologia,2024/031196,Pozarezydencki,73.95,4.50,30.09.2024 20:12:32,9,NIE,,
j-2024,12,19.11.2024,19.11.2024 09:28:25,72,144,Mazowieckie,602,Protetyka stomatologiczna,2024/022861,Rezydencki,86.47,4.36,03.09.2024 14:31:55,4,NIE,,
j-2024,12,19.11.2024,19.11.2024 09:28:25,72,144,Mazowieckie,603,Protetyka stomatologiczna,2024/026299,Rezydencki,84.06,3.98,24.09.2024 11:25:19,4,NIE,,
j-2024,12,19.11.2024,19.11.2024 09:28:25,72,144,Mazowieckie,604,Protetyka stomatologiczna,2024/024866,Rezydencki,83.09,4.38,13.09.2024 17:50:30,4,NIE,,
j-2024,12,19.11.2024,19.11.2024 09:28:25,72,144,Mazowieckie,605,Protetyka stomatologiczna,2024/025595,Rezydencki,82.86,3.89,17.09.2024 20:55:53,4,NIE,,
j-2024,12,19.11.2024,19.11.2024 09:28:25,72,144,Mazowieckie,606,Psychiatria,2024/029074,Rezydencki,91.30,4.22,24.09.2024 15:21:36,76,NIE,,
j-2024,12,19.11.2024,19.11.2024 09:28:25,72,144,Mazowieckie,607,Psychiatria,2024/028136,Rezydencki,91.22,4.39,29.09.2024 22:23:17,76,NIE,,
j-2024,12,19.11.2024,19.11.2024 09:28:25,72,144,Mazowieckie,608,Psychiatria,2024/025954,Rezydencki,91.06,4.56,29.09.2024 09:57:04,76,NIE,,
j-2024,12,19.11.2024,19.11.2024 09:28:25,72,144,Mazowieckie,609,Psychiatria,2024/026737,Rezydencki,90.93,4.48,26.09.2024 16:45:19,76,NIE,,
j-2024,12,19.11.2024,19.11.2024 09:28:25,72,144,Mazowieckie,610,Psychiatria,2024/030868,Rezydencki,90.58,4.31,26.09.2024 20:16:04,76,NIE,,
j-2024,12,19.11.2024,19.11.2024 09:28:25,72,144,Mazowieckie,611,Psychiatria,2024/028901,Rezydencki,90.34,4.43,29.09.2024 21:56:22,76,NIE,,
j-2024,12,19.11.2024,19.11.2024 09:28:25,72,144,Mazowieckie,612,Psychiatria,2024/023899,Rezydencki,90.34,4.09,29.09.2024 21:45:32,76,NIE,,
j-2024,12,19.11.2024,19.11.2024 09:28:25,72,144,Mazowieckie,613,Psychiatria,2024/027419,Rezydencki,90.34,3.66,29.09.2024 14:47:31,76,NIE,,
j-2024,12,19.11.2024,19.11.2024 09:28:25,72,144,Mazowieckie,614,Psychiatria,2024/027965,Rezydencki,90.20,3.88,26.09.2024 19:49:45,76,NIE,,
j-2024,12,19.11.2024,19.11.2024 09:28:25,72,144,Mazowieckie,615,Psychiatria,2024/033017,Rezydencki,89.86,4.45,29.09.2024 22:36:06,76,NIE,,
j-2024,12,19.11.2024,19.11.2024 09:28:25,72,144,Mazowieckie,616,Psychiatria,2024/031436,Rezydencki,89.76,4.32,29.09.2024 23:30:50,76,NIE,,
j-2024,12,19.11.2024,19.11.2024 09:28:25,72,144,Mazowieckie,617,Psychiatria,2024/028430,Rezydencki,89.71,4.09,23.09.2024 15:29:54,76,NIE,,
j-2024,12,19.11.2024,19.11.2024 09:28:25,72,144,Mazowieckie,618,Psychiatria,2024/032398,Rezydencki,89.46,4.42,30.09.2024 19:43:50,76,NIE,,
j-2024,12,19.11.2024,19.11.2024 09:28:25,72,144,Mazowieckie,619,Psychiatria,2024/032100,Rezydencki,89.37,4.28,30.09.2024 21:47:35,76,NIE,,
j-2024,12,19.11.2024,19.11.2024 09:28:25,72,144,Mazowieckie,620,Psychiatria,2024/030545,Rezydencki,89.37,4.13,30.09.2024 16:55:42,76,NIE,,
j-2024,12,19.11.2024,19.11.2024 09:28:25,72,144,Mazowieckie,621,Psychiatria,2024/027028,Rezydencki,89.22,4.43,30.09.2024 13:34:06,76,NIE,,
j-2024,12,19.11.2024,19.11.2024 09:28:25,72,144,Mazowieckie,622,Psychiatria,2024/023840,Rezydencki,89.13,4.39,29.09.2024 11:18:51,76,NIE,,
j-2024,12,19.11.2024,19.11.2024 09:28:25,72,144,Mazowieckie,623,Psychiatria,2024/033191,Rezydencki,89.13,4.19,30.09.2024 17:00:55,76,NIE,,
j-2024,12,19.11.2024,19.11.2024 09:28:25,72,144,Mazowieckie,624,Psychiatria,2024/031447,Rezydencki,88.73,4.43,29.09.2024 22:10:36,76,NIE,,
j-2024,12,19.11.2024,19.11.2024 09:28:25,72,144,Mazowieckie,625,Psychiatria,2024/027913,Rezydencki,88.48,4.07,22.09.2024 14:01:19,76,NIE,,
j-2024,12,19.11.2024,19.11.2024 09:28:25,72,144,Mazowieckie,626,Psychiatria,2024/030996,Rezydencki,88.41,4.18,29.09.2024 18:21:54,76,NIE,,
j-2024,12,19.11.2024,19.11.2024 09:28:25,72,144,Mazowieckie,627,Psychiatria,2024/030524,Rezydencki,88.41,4.16,28.09.2024 16:06:54,76,NIE,,
j-2024,12,19.11.2024,19.11.2024 09:28:25,72,144,Mazowieckie,628,Psychiatria,2024/032943,Rezydencki,88.29,4.04,30.09.2024 00:27:13,76,NIE,,
j-2024,12,19.11.2024,19.11.2024 09:28:25,72,144,Mazowieckie,629,Psychiatria,2024/027606,Rezydencki,88.29,4.00,26.09.2024 21:14:39,76,NIE,,
j-2024,12,19.11.2024,19.11.2024 09:28:25,72,144,Mazowieckie,630,Psychiatria,2024/023538,Rezydencki,88.24,3.88,29.09.2024 14:06:44,76,NIE,,
j-2024,12,19.11.2024,19.11.2024 09:28:25,72,144,Mazowieckie,631,Psychiatria,2024/033882,Rezydencki,87.92,4.32,30.09.2024 22:01:30,76,NIE,,
j-2024,12,19.11.2024,19.11.2024 09:28:25,72,144,Mazowieckie,632,Psychiatria,2024/028580,Rezydencki,87.92,4.13,27.09.2024 17:26:17,76,NIE,,
j-2024,12,19.11.2024,19.11.2024 09:28:25,72,144,Mazowieckie,633,Psychiatria,2024/032472,Rezydencki,87.92,4.09,30.09.2024 19:31:29,76,NIE,,
j-2024,12,19.11.2024,19.11.2024 09:28:25,72,144,Mazowieckie,634,Psychiatria,2024/029721,Rezydencki,87.32,4.05,27.09.2024 19:38:36,76,NIE,,
j-2024,12,19.11.2024,19.11.2024 09:28:25,72,144,Mazowieckie,635,Psychiatria,2024/027989,Rezydencki,87.32,3.78,10.10.2024 12:12:12,76,NIE,,
j-2024,12,19.11.2024,19.11.2024 09:28:25,73,144,Mazowieckie,636,Psychiatria,2024/028104,Rezydencki,87.20,3.81,30.09.2024 21:08:19,76,NIE,,
j-2024,12,19.11.2024,19.11.2024 09:28:25,73,144,Mazowieckie,637,Psychiatria,2024/029262,Rezydencki,87.01,4.40,29.09.2024 22:49:25,76,NIE,,
j-2024,12,19.11.2024,19.11.2024 09:28:25,73,144,Mazowieckie,638,Psychiatria,2024/022916,Rezydencki,86.71,3.75,30.09.2024 23:58:07,76,NIE,,
j-2024,12,19.11.2024,19.11.2024 09:28:25,73,144,Mazowieckie,639,Psychiatria,2024/022360,Rezydencki,86.59,3.54,11.09.2024 16:12:51,76,NIE,,
j-2024,12,19.11.2024,19.11.2024 09:28:25,73,144,Mazowieckie,640,Psychiatria,2024/025209,Rezydencki,86.47,4.08,30.09.2024 19:24:04,76,NIE,,
j-2024,12,19.11.2024,19.11.2024 09:28:25,73,144,Mazowieckie,641,Psychiatria,2024/023161,Rezydencki,86.27,4.01,30.09.2024 14:20:38,76,NIE,,
j-2024,12,19.11.2024,19.11.2024 09:28:25,73,144,Mazowieckie,642,Psychiatria,2024/031859,Rezydencki,86.23,4.12,29.09.2024 20:57:12,76,NIE,,
j-2024,12,19.11.2024,19.11.2024 09:28:25,73,144,Mazowieckie,643,Psychiatria,2024/031444,Rezydencki,85.99,4.38,30.09.2024 21:29:20,76,NIE,,
j-2024,12,19.11.2024,19.11.2024 09:28:25,73,144,Mazowieckie,644,Psychiatria,2024/028039,Rezydencki,85.99,4.34,30.09.2024 11:09:13,76,NIE,,
j-2024,12,19.11.2024,19.11.2024 09:28:25,73,144,Mazowieckie,645,Psychiatria,2024/028651,Rezydencki,85.99,4.08,30.09.2024 17:57:58,76,NIE,,
j-2024,12,19.11.2024,19.11.2024 09:28:25,73,144,Mazowieckie,646,Psychiatria,2024/028584,Rezydencki,85.99,3.84,23.09.2024 18:49:16,76,NIE,,
j-2024,12,19.11.2024,19.11.2024 09:28:25,73,144,Mazowieckie,647,Psychiatria,2024/033367,Rezydencki,85.85,4.21,30.09.2024 11:38:28,76,NIE,,
j-2024,12,19.11.2024,19.11.2024 09:28:25,73,144,Mazowieckie,648,Psychiatria,2024/025036,Rezydencki,85.85,3.61,28.09.2024 18:19:16,76,NIE,,
j-2024,12,19.11.2024,19.11.2024 09:28:25,73,144,Mazowieckie,649,Psychiatria,2024/024293,Rezydencki,85.78,4.09,30.09.2024 19:13:10,76,NIE,,
j-2024,12,19.11.2024,19.11.2024 09:28:25,73,144,Mazowieckie,650,Psychiatria,2024/031358,Rezydencki,85.78,3.66,10.10.2024 20:12:37,76,NIE,,
j-2024,12,19.11.2024,19.11.2024 09:28:25,73,144,Mazowieckie,651,Psychiatria,2024/025612,Rezydencki,85.54,3.95,30.09.2024 17:31:35,76,NIE,,
j-2024,12,19.11.2024,19.11.2024 09:28:25,73,144,Mazowieckie,652,Psychiatria,2024/028507,Rezydencki,85.51,4.11,23.09.2024 16:33:22,76,NIE,,
j-2024,12,19.11.2024,19.11.2024 09:28:25,73,144,Mazowieckie,653,Psychiatria,2024/024341,Rezydencki,85.37,4.04,30.09.2024 18:33:56,76,NIE,,
j-2024,12,19.11.2024,19.11.2024 09:28:25,73,144,Mazowieckie,654,Psychiatria,2024/033126,Rezydencki,85.29,3.46,30.09.2024 23:28:25,76,NIE,,
j-2024,12,19.11.2024,19.11.2024 09:28:25,73,144,Mazowieckie,655,Psychiatria,2024/029915,Rezydencki,85.02,3.87,26.09.2024 22:12:08,76,NIE,,
j-2024,12,19.11.2024,19.11.2024 09:28:25,73,144,Mazowieckie,656,Psychiatria,2024/028981,Rezydencki,85.02,3.46,16.10.2024 19:49:34,76,NIE,,
j-2024,12,19.11.2024,19.11.2024 09:28:25,73,144,Mazowieckie,657,Psychiatria,2024/031672,Rezydencki,84.80,4.53,28.09.2024 18:07:37,76,NIE,,
j-2024,12,19.11.2024,19.11.2024 09:28:25,73,144,Mazowieckie,658,Psychiatria,2024/029633,Rezydencki,84.31,3.91,30.09.2024 16:04:23,76,NIE,,
j-2024,12,19.11.2024,19.11.2024 09:28:25,73,144,Mazowieckie,659,Psychiatria,2024/024055,Rezydencki,84.31,0.00,10.10.2024 18:32:49,76,NIE,,
j-2024,12,19.11.2024,19.11.2024 09:28:25,73,144,Mazowieckie,660,Psychiatria,2024/032914,Rezydencki,83.90,3.67,29.09.2024 21:45:00,76,NIE,,
j-2024,12,19.11.2024,19.11.2024 09:28:25,73,144,Mazowieckie,661,Psychiatria,2024/034211,Rezydencki,83.90,3.39,30.09.2024 23:18:35,76,NIE,,
j-2024,12,19.11.2024,19.11.2024 09:28:25,73,144,Mazowieckie,662,Psychiatria,2024/024646,Rezydencki,83.82,3.42,30.09.2024 17:30:32,76,NIE,,
j-2024,12,19.11.2024,19.11.2024 09:28:25,73,144,Mazowieckie,663,Psychiatria,2024/028607,Rezydencki,83.82,3.41,04.10.2024 14:09:13,76,NIE,,
j-2024,12,19.11.2024,19.11.2024 09:28:25,73,144,Mazowieckie,664,Psychiatria,2024/029133,Rezydencki,83.57,3.57,30.09.2024 22:37:53,76,NIE,,
j-2024,12,19.11.2024,19.11.2024 09:28:25,73,144,Mazowieckie,665,Psychiatria,2024/026163,Rezydencki,83.41,3.71,02.10.2024 11:24:28,76,NIE,,
j-2024,12,19.11.2024,19.11.2024 09:28:25,73,144,Mazowieckie,666,Psychiatria,2024/030825,Rezydencki,83.33,4.16,18.10.2024 15:01:09,76,NIE,,
j-2024,12,19.11.2024,19.11.2024 09:28:25,73,144,Mazowieckie,667,Psychiatria,2024/031476,Rezydencki,83.33,4.08,29.09.2024 23:37:46,76,NIE,,
j-2024,12,19.11.2024,19.11.2024 09:28:25,73,144,Mazowieckie,668,Psychiatria,2024/033986,Rezydencki,83.09,4.34,30.09.2024 21:37:36,76,NIE,,
j-2024,12,19.11.2024,19.11.2024 09:28:25,73,144,Mazowieckie,669,Psychiatria,2024/030839,Rezydencki,83.09,3.88,27.09.2024 14:26:06,76,NIE,,
j-2024,12,19.11.2024,19.11.2024 09:28:25,73,144,Mazowieckie,670,Psychiatria,2024/027040,Rezydencki,83.09,3.75,11.10.2024 09:29:31,76,NIE,,
j-2024,12,19.11.2024,19.11.2024 09:28:25,73,144,Mazowieckie,671,Psychiatria,2024/031972,Rezydencki,83.09,3.70,29.09.2024 10:08:12,76,NIE,,
j-2024,12,19.11.2024,19.11.2024 09:28:25,73,144,Mazowieckie,672,Psychiatria,2024/028355,Rezydencki,83.09,3.58,30.09.2024 17:16:37,76,NIE,,
j-2024,12,19.11.2024,19.11.2024 09:28:25,73,144,Mazowieckie,673,Psychiatria,2024/033656,Rezydencki,82.85,3.97,10.10.2024 20:08:22,76,NIE,,
j-2024,12,19.11.2024,19.11.2024 09:28:25,74,144,Mazowieckie,674,Psychiatria,2024/033518,Rezydencki,82.61,3.52,30.09.2024 13:54:23,76,NIE,,
j-2024,12,19.11.2024,19.11.2024 09:28:25,74,144,Mazowieckie,675,Psychiatria,2024/032453,Rezydencki,82.61,3.51,30.09.2024 19:22:48,76,NIE,,
j-2024,12,19.11.2024,19.11.2024 09:28:25,74,144,Mazowieckie,676,Psychiatria,2024/029248,Rezydencki,82.44,3.82,26.09.2024 10:32:25,76,NIE,,
j-2024,12,19.11.2024,19.11.2024 09:28:25,74,144,Mazowieckie,677,Psychiatria,2024/032696,Rezydencki,82.35,3.99,14.10.2024 10:34:55,76,NIE,,
j-2024,12,19.11.2024,19.11.2024 09:28:25,74,144,Mazowieckie,678,Psychiatria,2024/032580,Rezydencki,82.35,3.92,30.09.2024 18:55:19,76,NIE,,
j-2024,12,19.11.2024,19.11.2024 09:28:25,74,144,Mazowieckie,679,Psychiatria,2024/030722,Rezydencki,82.13,4.10,28.09.2024 21:29:28,76,NIE,,
j-2024,12,19.11.2024,19.11.2024 09:28:25,74,144,Mazowieckie,680,Psychiatria,2024/030788,Rezydencki,82.13,3.80,27.09.2024 20:34:33,76,NIE,,
j-2024,12,19.11.2024,19.11.2024 09:28:25,74,144,Mazowieckie,681,Psychiatria,2024/027261,Rezydencki,82.11,3.75,27.09.2024 09:05:24,76,NIE,,
j-2024,12,19.11.2024,19.11.2024 09:28:25,74,144,Mazowieckie,682,Psychiatria,2024/032107,Pozarezydencki,79.53,3.88,29.09.2024 12:00:35,11,NIE,,
j-2024,12,19.11.2024,19.11.2024 09:28:25,74,144,Mazowieckie,683,Psychiatria,2024/029763,Pozarezydencki,76.17,3.74,26.09.2024 18:44:35,11,NIE,,
j-2024,12,19.11.2024,19.11.2024 09:28:25,74,144,Mazowieckie,684,Psychiatria,2024/025622,Pozarezydencki,75.35,3.39,25.09.2024 16:08:04,11,NIE,,
j-2024,12,19.11.2024,19.11.2024 09:28:25,74,144,Mazowieckie,685,Psychiatria,2024/034200,Pozarezydencki,74.42,3.47,30.09.2024 23:43:28,11,NIE,,
j-2024,12,19.11.2024,19.11.2024 09:28:25,74,144,Mazowieckie,686,Psychiatria,2024/029322,Pozarezydencki,71.63,3.89,29.09.2024 09:58:51,11,NIE,,
j-2024,12,19.11.2024,19.11.2024 09:28:25,74,144,Mazowieckie,687,Psychiatria,2024/030311,Pozarezydencki,70.97,3.31,26.09.2024 08:30:32,11,NIE,,
j-2024,12,19.11.2024,19.11.2024 09:28:25,74,144,Mazowieckie,688,Psychiatria,2024/033773,Pozarezydencki,64.02,4.15,30.09.2024 19:04:45,11,NIE,,
j-2024,12,19.11.2024,19.11.2024 09:28:25,74,144,Mazowieckie,689,Psychiatria,2024/024443,Pozarezydencki,61.40,4.38,14.10.2024 19:37:25,11,NIE,,
j-2024,12,19.11.2024,19.11.2024 09:28:25,74,144,Mazowieckie,690,Psychiatria,2024/033293,Pozarezydencki,60.28,3.50,30.09.2024 19:43:28,11,NIE,,
j-2024,12,19.11.2024,19.11.2024 09:28:25,74,144,Mazowieckie,691,Psychiatria,2024/025181,Pozarezydencki,58.96,3.30,02.10.2024 09:38:48,11,NIE,,
j-2024,12,19.11.2024,19.11.2024 09:28:25,74,144,Mazowieckie,692,Psychiatria,2024/022247,Pozarezydencki,55.73,2.86,14.10.2024 19:38:36,11,NIE,,
j-2024,12,19.11.2024,19.11.2024 09:28:25,74,144,Mazowieckie,693,Psychiatria dzieci i młodzieży,2024/033069,Rezydencki,90.73,4.19,30.09.2024 15:06:20,25,NIE,,
j-2024,12,19.11.2024,19.11.2024 09:28:25,74,144,Mazowieckie,694,Psychiatria dzieci i młodzieży,2024/032675,Rezydencki,90.58,4.48,29.09.2024 18:56:14,25,NIE,,
j-2024,12,19.11.2024,19.11.2024 09:28:25,74,144,Mazowieckie,695,Psychiatria dzieci i młodzieży,2024/022274,Rezydencki,89.86,4.25,23.09.2024 20:26:56,25,NIE,,
j-2024,12,19.11.2024,19.11.2024 09:28:25,74,144,Mazowieckie,696,Psychiatria dzieci i młodzieży,2024/024620,Rezydencki,89.37,3.92,30.09.2024 19:42:29,25,NIE,,
j-2024,12,19.11.2024,19.11.2024 09:28:25,74,144,Mazowieckie,697,Psychiatria dzieci i młodzieży,2024/028482,Rezydencki,87.92,4.18,28.09.2024 10:13:56,25,NIE,,
j-2024,12,19.11.2024,19.11.2024 09:28:25,74,144,Mazowieckie,698,Psychiatria dzieci i młodzieży,2024/025017,Rezydencki,87.92,3.91,30.09.2024 17:02:13,25,NIE,,
j-2024,12,19.11.2024,19.11.2024 09:28:25,74,144,Mazowieckie,699,Psychiatria dzieci i młodzieży,2024/030009,Rezydencki,87.92,3.89,30.09.2024 19:22:34,25,NIE,,
j-2024,12,19.11.2024,19.11.2024 09:28:25,74,144,Mazowieckie,700,Psychiatria dzieci i młodzieży,2024/028807,Rezydencki,86.96,4.07,28.09.2024 14:18:45,25,NIE,,
j-2024,12,19.11.2024,19.11.2024 09:28:25,74,144,Mazowieckie,701,Psychiatria dzieci i młodzieży,2024/025892,Rezydencki,86.96,3.89,26.09.2024 21:05:26,25,NIE,,
j-2024,12,19.11.2024,19.11.2024 09:28:25,74,144,Mazowieckie,702,Psychiatria dzieci i młodzieży,2024/030224,Rezydencki,86.47,4.03,29.09.2024 18:39:24,25,NIE,,
j-2024,12,19.11.2024,19.11.2024 09:28:25,74,144,Mazowieckie,703,Psychiatria dzieci i młodzieży,2024/024595,Rezydencki,86.47,4.00,17.09.2024 11:22:28,25,NIE,,
j-2024,12,19.11.2024,19.11.2024 09:28:25,74,144,Mazowieckie,704,Psychiatria dzieci i młodzieży,2024/023788,Rezydencki,86.27,4.18,30.09.2024 19:01:41,25,NIE,,
j-2024,12,19.11.2024,19.11.2024 09:28:25,74,144,Mazowieckie,705,Psychiatria dzieci i młodzieży,2024/032193,Rezydencki,85.78,3.84,30.09.2024 20:33:39,25,NIE,,
j-2024,12,19.11.2024,19.11.2024 09:28:25,74,144,Mazowieckie,706,Psychiatria dzieci i młodzieży,2024/030675,Rezydencki,85.61,3.85,30.09.2024 15:40:22,25,NIE,,
j-2024,12,19.11.2024,19.11.2024 09:28:25,74,144,Mazowieckie,707,Psychiatria dzieci i młodzieży,2024/027194,Rezydencki,85.51,4.30,29.09.2024 21:26:12,25,NIE,,
j-2024,12,19.11.2024,19.11.2024 09:28:25,74,144,Mazowieckie,708,Psychiatria dzieci i młodzieży,2024/030750,Rezydencki,84.54,3.91,30.09.2024 22:21:22,25,NIE,,
j-2024,12,19.11.2024,19.11.2024 09:28:25,74,144,Mazowieckie,709,Psychiatria dzieci i młodzieży,2024/032516,Rezydencki,84.31,3.70,29.09.2024 16:00:01,25,NIE,,
j-2024,12,19.11.2024,19.11.2024 09:28:25,74,144,Mazowieckie,710,Psychiatria dzieci i młodzieży,2024/022884,Rezydencki,84.06,3.81,21.10.2024 07:43:42,25,NIE,,
j-2024,12,19.11.2024,19.11.2024 09:28:25,74,144,Mazowieckie,711,Psychiatria dzieci i młodzieży,2024/032891,Rezydencki,83.82,3.39,29.09.2024 21:29:16,25,NIE,,
j-2024,12,19.11.2024,19.11.2024 09:28:25,75,144,Mazowieckie,712,Psychiatria dzieci i młodzieży,2024/032878,Rezydencki,83.57,4.03,30.09.2024 20:58:26,25,NIE,,
j-2024,12,19.11.2024,19.11.2024 09:28:25,75,144,Mazowieckie,713,Psychiatria dzieci i młodzieży,2024/028787,Rezydencki,83.57,3.50,25.09.2024 13:21:23,25,NIE,,
j-2024,12,19.11.2024,19.11.2024 09:28:25,75,144,Mazowieckie,714,Psychiatria dzieci i młodzieży,2024/032884,Rezydencki,83.41,4.16,30.09.2024 17:39:31,25,NIE,,
j-2024,12,19.11.2024,19.11.2024 09:28:25,75,144,Mazowieckie,715,Psychiatria dzieci i młodzieży,2024/027714,Rezydencki,83.41,3.60,16.10.2024 17:10:02,25,NIE,,
j-2024,12,19.11.2024,19.11.2024 09:28:25,75,144,Mazowieckie,716,Psychiatria dzieci i młodzieży,2024/028579,Rezydencki,83.33,4.40,28.09.2024 07:25:07,25,NIE,,
j-2024,12,19.11.2024,19.11.2024 09:28:25,75,144,Mazowieckie,717,Psychiatria dzieci i młodzieży,2024/027655,Rezydencki,83.17,3.44,27.09.2024 10:46:38,25,NIE,,
j-2024,12,19.11.2024,19.11.2024 09:28:25,75,144,Mazowieckie,718,Psychiatria dzieci i młodzieży,2024/030328,Pozarezydencki,83.55,3.62,07.10.2024 18:39:33,2,NIE,,
j-2024,12,19.11.2024,19.11.2024 09:28:25,75,144,Mazowieckie,719,Psychiatria dzieci i młodzieży,2024/033444,Pozarezydencki,81.78,3.84,11.10.2024 11:24:19,2,NIE,,
j-2024,12,19.11.2024,19.11.2024 09:28:25,75,144,Mazowieckie,720,Radiologia i diagnostyka obrazowa,2024/025002,Rezydencki,92.75,4.61,30.09.2024 12:30:01,28,NIE,,
j-2024,12,19.11.2024,19.11.2024 09:28:25,75,144,Mazowieckie,721,Radiologia i diagnostyka obrazowa,2024/032050,Rezydencki,92.51,4.21,28.09.2024 16:18:20,28,NIE,,
j-2024,12,19.11.2024,19.11.2024 09:28:25,75,144,Mazowieckie,722,Radiologia i diagnostyka obrazowa,2024/029357,Rezydencki,92.40,4.11,26.09.2024 22:44:24,28,NIE,,
j-2024,12,19.11.2024,19.11.2024 09:28:25,75,144,Mazowieckie,723,Radiologia i diagnostyka obrazowa,2024/027899,Rezydencki,92.20,4.31,30.09.2024 20:00:40,28,NIE,,
j-2024,12,19.11.2024,19.11.2024 09:28:25,75,144,Mazowieckie,724,Radiologia i diagnostyka obrazowa,2024/024187,Rezydencki,91.46,4.25,27.09.2024 12:09:56,28,NIE,,
j-2024,12,19.11.2024,19.11.2024 09:28:25,75,144,Mazowieckie,725,Radiologia i diagnostyka obrazowa,2024/029097,Rezydencki,91.30,4.76,27.09.2024 18:48:14,28,NIE,,
j-2024,12,19.11.2024,19.11.2024 09:28:25,75,144,Mazowieckie,726,Radiologia i diagnostyka obrazowa,2024/032948,Rezydencki,91.18,4.44,30.09.2024 12:14:56,28,NIE,,
j-2024,12,19.11.2024,19.11.2024 09:28:25,75,144,Mazowieckie,727,Radiologia i diagnostyka obrazowa,2024/033575,Rezydencki,91.06,4.68,30.09.2024 17:30:07,28,NIE,,
j-2024,12,19.11.2024,19.11.2024 09:28:25,75,144,Mazowieckie,728,Radiologia i diagnostyka obrazowa,2024/029222,Rezydencki,90.82,4.13,25.09.2024 17:19:16,28,NIE,,
j-2024,12,19.11.2024,19.11.2024 09:28:25,75,144,Mazowieckie,729,Radiologia i diagnostyka obrazowa,2024/030941,Rezydencki,90.69,4.27,26.09.2024 20:00:32,28,NIE,,
j-2024,12,19.11.2024,19.11.2024 09:28:25,75,144,Mazowieckie,730,Radiologia i diagnostyka obrazowa,2024/029163,Rezydencki,90.34,4.30,30.09.2024 23:33:36,28,NIE,,
j-2024,12,19.11.2024,19.11.2024 09:28:25,75,144,Mazowieckie,731,Radiologia i diagnostyka obrazowa,2024/029085,Rezydencki,90.34,3.91,24.09.2024 15:26:53,28,NIE,,
j-2024,12,19.11.2024,19.11.2024 09:28:25,75,144,Mazowieckie,732,Radiologia i diagnostyka obrazowa,2024/032242,Rezydencki,90.20,4.15,30.09.2024 18:05:20,28,NIE,,
j-2024,12,19.11.2024,19.11.2024 09:28:25,75,144,Mazowieckie,733,Radiologia i diagnostyka obrazowa,2024/029971,Rezydencki,89.46,3.74,30.09.2024 21:44:47,28,NIE,,
j-2024,12,19.11.2024,19.11.2024 09:28:25,75,144,Mazowieckie,734,Radiologia i diagnostyka obrazowa,2024/023310,Rezydencki,89.37,3.69,27.09.2024 12:27:54,28,NIE,,
j-2024,12,19.11.2024,19.11.2024 09:28:25,75,144,Mazowieckie,735,Radiologia i diagnostyka obrazowa,2024/032314,Rezydencki,89.27,4.42,29.09.2024 19:50:17,28,NIE,,
j-2024,12,19.11.2024,19.11.2024 09:28:25,75,144,Mazowieckie,736,Radiologia i diagnostyka obrazowa,2024/029725,Rezydencki,89.27,3.38,22.10.2024 20:26:48,28,NIE,,
j-2024,12,19.11.2024,19.11.2024 09:28:25,75,144,Mazowieckie,737,Radiologia i diagnostyka obrazowa,2024/027394,Rezydencki,88.89,4.13,28.09.2024 13:59:20,28,NIE,,
j-2024,12,19.11.2024,19.11.2024 09:28:25,75,144,Mazowieckie,738,Radiologia i diagnostyka obrazowa,2024/028167,Rezydencki,88.65,4.01,30.09.2024 19:01:13,28,NIE,,
j-2024,12,19.11.2024,19.11.2024 09:28:25,75,144,Mazowieckie,739,Radiologia i diagnostyka obrazowa,2024/032183,Rezydencki,88.41,4.50,28.09.2024 20:51:20,28,NIE,,
j-2024,12,19.11.2024,19.11.2024 09:28:25,75,144,Mazowieckie,740,Radiologia i diagnostyka obrazowa,2024/027829,Rezydencki,88.41,4.21,27.09.2024 20:52:02,28,NIE,,
j-2024,12,19.11.2024,19.11.2024 09:28:25,75,144,Mazowieckie,741,Radiologia i diagnostyka obrazowa,2024/031688,Rezydencki,88.41,3.67,28.09.2024 20:27:09,28,NIE,,
j-2024,12,19.11.2024,19.11.2024 09:28:25,75,144,Mazowieckie,742,Radiologia i diagnostyka obrazowa,2024/028499,Rezydencki,88.24,4.02,28.09.2024 16:10:02,28,NIE,,
j-2024,12,19.11.2024,19.11.2024 09:28:25,75,144,Mazowieckie,743,Radiologia i diagnostyka obrazowa,2024/033123,Rezydencki,87.99,4.29,30.09.2024 00:05:41,28,NIE,,
j-2024,12,19.11.2024,19.11.2024 09:28:25,75,144,Mazowieckie,744,Radiologia i diagnostyka obrazowa,2024/033430,Rezydencki,87.92,4.24,30.09.2024 18:01:05,28,NIE,,
j-2024,12,19.11.2024,19.11.2024 09:28:25,75,144,Mazowieckie,745,Radiologia i diagnostyka obrazowa,2024/032044,Rezydencki,87.92,4.24,30.09.2024 21:20:46,28,NIE,,
j-2024,12,19.11.2024,19.11.2024 09:28:25,75,144,Mazowieckie,746,Radiologia i diagnostyka obrazowa,2024/033637,Rezydencki,87.92,4.23,30.09.2024 18:44:09,28,NIE,,
j-2024,12,19.11.2024,19.11.2024 09:28:25,75,144,Mazowieckie,747,Radiologia i diagnostyka obrazowa,2024/032477,Rezydencki,87.92,4.19,29.09.2024 14:58:10,28,NIE,,
j-2024,12,19.11.2024,19.11.2024 09:28:25,75,144,Mazowieckie,748,Radiologia i diagnostyka obrazowa,2024/027938,Pozarezydencki,84.65,4.18,04.10.2024 09:33:29,2,NIE,,
j-2024,12,19.11.2024,19.11.2024 09:28:25,75,144,Mazowieckie,749,Radiologia i diagnostyka obrazowa,2024/026180,Pozarezydencki,84.11,3.89,26.09.2024 20:49:28,2,NIE,,
j-2024,12,19.11.2024,19.11.2024 09:28:25,76,144,Mazowieckie,750,Radioterapia onkologiczna,2024/031924,Rezydencki,89.95,4.74,28.09.2024 11:44:03,5,NIE,,
j-2024,12,19.11.2024,19.11.2024 09:28:25,76,144,Mazowieckie,751,Radioterapia onkologiczna,2024/023749,Rezydencki,88.05,4.58,25.09.2024 13:54:19,5,NIE,,
j-2024,12,19.11.2024,19.11.2024 09:28:25,76,144,Mazowieckie,752,Radioterapia onkologiczna,2024/028487,Rezydencki,84.78,3.94,27.09.2024 20:12:11,5,NIE,,
j-2024,12,19.11.2024,19.11.2024 09:28:25,76,144,Mazowieckie,753,Radioterapia onkologiczna,2024/030185,Rezydencki,76.47,3.43,28.09.2024 11:03:23,5,NIE,,
j-2024,12,19.11.2024,19.11.2024 09:28:25,76,144,Mazowieckie,754,Radioterapia onkologiczna,2024/028483,Rezydencki,68.63,3.71,27.09.2024 18:08:05,5,NIE,,
j-2024,12,19.11.2024,19.11.2024 09:28:25,76,144,Mazowieckie,755,Rehabilitacja medyczna,2024/031944,Rezydencki,84.06,4.39,28.09.2024 12:33:15,1,NIE,,
j-2024,12,19.11.2024,19.11.2024 09:28:25,76,144,Mazowieckie,756,Rehabilitacja medyczna,2024/028389,Pozarezydencki,70.91,3.48,24.09.2024 15:01:15,2,NIE,,
j-2024,12,19.11.2024,19.11.2024 09:28:25,76,144,Mazowieckie,757,Rehabilitacja medyczna,2024/026663,Pozarezydencki,58.33,2.97,23.10.2024 07:00:28,2,NIE,,
j-2024,12,19.11.2024,19.11.2024 09:28:25,76,144,Mazowieckie,758,Reumatologia,2024/031794,Rezydencki,91.67,4.23,30.09.2024 22:42:23,1,NIE,,
j-2024,12,19.11.2024,19.11.2024 09:28:25,76,144,Mazowieckie,759,Stomatologia dziecięca,2024/032119,Rezydencki,84.86,4.40,05.10.2024 17:57:55,6,NIE,,
j-2024,12,19.11.2024,19.11.2024 09:28:25,76,144,Mazowieckie,760,Stomatologia dziecięca,2024/029306,Rezydencki,81.73,4.20,25.09.2024 19:55:01,6,NIE,,
j-2024,12,19.11.2024,19.11.2024 09:28:25,76,144,Mazowieckie,761,Stomatologia dziecięca,2024/025372,Rezydencki,81.73,4.07,13.09.2024 20:37:20,6,NIE,,
j-2024,12,19.11.2024,19.11.2024 09:28:25,76,144,Mazowieckie,762,Stomatologia dziecięca,2024/022640,Rezydencki,81.64,3.64,02.09.2024 10:41:26,6,NIE,,
j-2024,12,19.11.2024,19.11.2024 09:28:25,76,144,Mazowieckie,763,Stomatologia dziecięca,2024/026579,Rezydencki,80.77,4.48,27.09.2024 15:44:09,6,NIE,,
j-2024,12,19.11.2024,19.11.2024 09:28:25,76,144,Mazowieckie,764,Stomatologia dziecięca,2024/028902,Rezydencki,80.77,4.48,25.10.2024 11:24:41,6,NIE,,
j-2024,12,19.11.2024,19.11.2024 09:28:25,76,144,Mazowieckie,765,Stomatologia dziecięca,2024/026466,Pozarezydencki,75.00,3.87,16.09.2024 20:30:06,1,NIE,,
j-2024,12,19.11.2024,19.11.2024 09:28:25,76,144,Mazowieckie,766,Stomatologia zachowawcza z endodoncją,2024/026081,Rezydencki,82.86,4.21,19.09.2024 21:36:34,6,NIE,,
j-2024,12,19.11.2024,19.11.2024 09:28:25,76,144,Mazowieckie,767,Stomatologia zachowawcza z endodoncją,2024/029617,Rezydencki,81.34,0.00,20.10.2024 22:21:59,6,NIE,,
j-2024,12,19.11.2024,19.11.2024 09:28:25,76,144,Mazowieckie,768,Stomatologia zachowawcza z endodoncją,2024/030137,Rezydencki,80.29,3.98,03.10.2024 23:08:41,6,NIE,,
j-2024,12,19.11.2024,19.11.2024 09:28:25,76,144,Mazowieckie,769,Stomatologia zachowawcza z endodoncją,2024/033907,Rezydencki,80.19,3.63,30.09.2024 20:10:08,6,NIE,,
j-2024,12,19.11.2024,19.11.2024 09:28:25,76,144,Mazowieckie,770,Stomatologia zachowawcza z endodoncją,2024/027488,Rezydencki,80.05,4.07,24.09.2024 22:22:34,6,NIE,,
j-2024,12,19.11.2024,19.11.2024 09:28:25,76,144,Mazowieckie,771,Stomatologia zachowawcza z endodoncją,2024/023688,Rezydencki,79.23,3.95,23.09.2024 21:43:42,6,NIE,,
j-2024,12,19.11.2024,19.11.2024 09:28:25,76,144,Mazowieckie,772,Transplantologia kliniczna,2024/033114,Pozarezydencki,75.45,3.39,11.10.2024 21:37:38,2,NIE,,
j-2024,12,19.11.2024,19.11.2024 09:28:25,76,144,Mazowieckie,773,Transplantologia kliniczna,2024/024700,Pozarezydencki,57.27,0.00,13.10.2024 14:38:05,2,NIE,,
j-2024,12,19.11.2024,19.11.2024 09:28:25,76,144,Mazowieckie,774,Urologia,2024/027767,Rezydencki,91.79,4.68,27.09.2024 20:09:24,8,NIE,,
j-2024,12,19.11.2024,19.11.2024 09:28:25,76,144,Mazowieckie,775,Urologia,2024/031301,Rezydencki,91.06,4.35,30.09.2024 18:23:07,8,NIE,,
j-2024,12,19.11.2024,19.11.2024 09:28:25,76,144,Mazowieckie,776,Urologia,2024/027921,Rezydencki,90.82,4.37,30.09.2024 14:19:51,8,NIE,,
j-2024,12,19.11.2024,19.11.2024 09:28:25,76,144,Mazowieckie,777,Urologia,2024/031126,Rezydencki,90.34,4.40,27.09.2024 20:08:07,8,NIE,,
j-2024,12,19.11.2024,19.11.2024 09:28:25,76,144,Mazowieckie,778,Urologia,2024/032899,Rezydencki,90.24,4.50,29.09.2024 21:35:38,8,NIE,,
j-2024,12,19.11.2024,19.11.2024 09:28:25,76,144,Mazowieckie,779,Urologia,2024/028154,Rezydencki,90.20,4.39,22.09.2024 21:42:13,8,NIE,,
j-2024,12,19.11.2024,19.11.2024 09:28:25,76,144,Mazowieckie,780,Urologia,2024/033715,Rezydencki,90.00,4.27,30.09.2024 17:45:54,8,NIE,,
j-2024,12,19.11.2024,19.11.2024 09:28:25,76,144,Mazowieckie,781,Urologia,2024/033694,Rezydencki,89.61,4.69,02.10.2024 12:22:43,8,NIE,,
j-2024,12,19.11.2024,19.11.2024 09:28:25,76,144,Mazowieckie,782,Urologia,2024/029696,Pozarezydencki,80.93,4.48,30.09.2024 22:49:21,2,NIE,,
j-2024,12,19.11.2024,19.11.2024 09:28:25,76,144,Mazowieckie,783,Urologia,2024/024376,Pozarezydencki,80.47,4.01,08.09.2024 09:33:14,2,NIE,,
j-2024,12,19.11.2024,19.11.2024 09:28:25,76,144,Mazowieckie,784,Urologia dziecięca,2024/031009,Pozarezydencki,80.68,0.00,21.10.2024 18:56:50,1,NIE,,
j-2024,12,19.11.2024,19.11.2024 09:28:25,76,144,Mazowieckie,785,Zdrowie publiczne,2024/022627,Rezydencki,84.06,3.88,01.09.2024 19:17:55,3,NIE,,
j-2024,12,19.11.2024,19.11.2024 09:28:25,76,144,Mazowieckie,786,Zdrowie publiczne,2024/022336,Rezydencki,82.13,3.88,01.09.2024 11:04:48,3,NIE,,
j-2024,12,19.11.2024,19.11.2024 09:28:25,76,144,Mazowieckie,787,Zdrowie publiczne,2024/031774,Rezydencki,78.74,0.00,27.09.2024 22:14:30,3,NIE,,
j-2024,12,19.11.2024,19.11.2024 09:28:25,77,144,Mazowieckie,1,Okulistyka,2024/022455,Rezydencki,88.48,4.39,19.09.2024 19:23:10,2,TAK,Samodzielny Publiczny Kliniczny Szpital Okulistyczny w Warszawie,"Oddział okulistyczny, Katedra i Klinika Okulistyki Wydział Lekarski Warszawski Uniwersytet Medyczny"
j-2024,12,19.11.2024,19.11.2024 09:28:25,77,144,Mazowieckie,2,Okulistyka,2024/022724,Rezydencki,84.78,4.06,14.09.2024 19:43:06,2,TAK,Samodzielny Publiczny Kliniczny Szpital Okulistyczny w Warszawie,"Oddział okulistyczny, Katedra i Klinika Okulistyki Wydział Lekarski Warszawski Uniwersytet Medyczny"
j-2024,12,19.11.2024,19.11.2024 09:28:25,77,144,Mazowieckie,1,Neurologia,2024/022468,Rezydencki,90.73,4.84,26.09.2024 16:45:19,1,TAK,Szpital Bielański im. ks. Jerzego Popiełuszki Samodzielny Publiczny Zakład Opieki Zdrowotnej,Oddział Neurologiczny
j-2024,12,19.11.2024,19.11.2024 09:28:25,77,144,Mazowieckie,1,Endokrynologia,2024/022184,Rezydencki,85.02,4.02,21.09.2024 09:53:15,2,TAK,Szpital Kliniczny im. ks. Anny Mazowieckiej,Klinika Endokrynologii Ginekologicznej
j-2024,12,19.11.2024,19.11.2024 09:28:25,77,144,Mazowieckie,1,Pediatria,2024/025981,Rezydencki,80.43,4.19,30.09.2024 14:31:55,1,TAK,UNIWERSYTECKIE CENTRUM KLINICZNE WARSZAWSKIEGO UNIWERSYTETU MEDYCZNEGO,"Oddział Kliniczny Gastroenterologii, Żywienia Dzieci i Pediatrii"
j-2024,12,19.11.2024,19.11.2024 09:28:25,77,144,Mazowieckie,1,Położnictwo i ginekologia,2024/029515,Rezydencki,89.02,4.30,26.09.2024 23:11:03,1,TAK,UNIWERSYTECKIE CENTRUM ZDROWIA KOBIETY I NOWORODKA WARSZAWSKIEGO UNIWERSYTETU MEDYCZNEGO SPÓŁKA Z OGRANICZONĄ,ODPOWIEDZIALNOŚCIĄ I Klinika Położnictwa i Ginekologii WUM Oddział Kliniczny Patologii Ciąży i Położniczy z Traktem Porodowym
j-2024,12,19.11.2024,19.11.2024 09:28:25,77,144,Mazowieckie,1,Endokrynologia,2024/027236,Rezydencki,78.54,4.20,26.09.2024 22:02:10,2,TAK,Uniwersyteckie Centrum Kliniczne Warszawskiego Uniwersytetu Medycznego,Klinika Chorób Wewnętrznych i Endokrynologii
j-2024,12,19.11.2024,19.11.2024 09:28:25,77,144,Mazowieckie,1,Kardiologia,2024/024844,Rezydencki,93.24,4.71,09.09.2024 21:44:03,6,TAK,Uniwersyteckie Centrum Kliniczne Warszawskiego Uniwersytetu Medycznego,Klinika Kardiologii
j-2024,12,19.11.2024,19.11.2024 09:28:25,77,144,Mazowieckie,2,Kardiologia,2024/030297,Rezydencki,92.03,4.73,29.09.2024 23:16:49,6,TAK,Uniwersyteckie Centrum Kliniczne Warszawskiego Uniwersytetu Medycznego,Klinika Kardiologii
j-2024,12,19.11.2024,19.11.2024 09:28:25,77,144,Mazowieckie,3,Kardiologia,2024/023827,Rezydencki,90.20,4.34,12.09.2024 19:26:49,6,TAK,Uniwersyteckie Centrum Kliniczne Warszawskiego Uniwersytetu Medycznego,Klinika Kardiologii
j-2024,12,19.11.2024,19.11.2024 09:28:25,77,144,Mazowieckie,4,Kardiologia,2024/030619,Rezydencki,90.00,4.76,30.09.2024 20:35:29,6,TAK,Uniwersyteckie Centrum Kliniczne Warszawskiego Uniwersytetu Medycznego,Klinika Kardiologii
j-2024,12,19.11.2024,19.11.2024 09:28:25,77,144,Mazowieckie,5,Kardiologia,2024/030218,Rezydencki,88.89,4.31,25.09.2024 22:49:08,6,TAK,Uniwersyteckie Centrum Kliniczne Warszawskiego Uniwersytetu Medycznego,Klinika Kardiologii
j-2024,12,19.11.2024,19.11.2024 09:28:25,77,144,Mazowieckie,6,Kardiologia,2024/023320,Rezydencki,84.07,4.03,26.09.2024 13:52:36,6,TAK,Uniwersyteckie Centrum Kliniczne Warszawskiego Uniwersytetu Medycznego,Klinika Kardiologii
j-2024,12,19.11.2024,19.11.2024 09:28:25,77,144,Opolskie,1,Alergologia,2024/026827,Rezydencki,89.37,4.70,02.10.2024 12:24:29,2,NIE,,
j-2024,12,19.11.2024,19.11.2024 09:28:25,77,144,Opolskie,2,Alergologia,2024/031019,Rezydencki,88.89,4.38,10.10.2024 14:04:26,2,NIE,,
j-2024,12,19.11.2024,19.11.2024 09:28:25,77,144,Opolskie,3,Alergologia,2024/028591,Pozarezydencki,84.79,4.14,15.10.2024 14:27:54,4,NIE,,
j-2024,12,19.11.2024,19.11.2024 09:28:25,78,144,Opolskie,4,Alergologia,2024/025884,Pozarezydencki,75.94,3.42,14.09.2024 11:14:36,4,NIE,,
j-2024,12,19.11.2024,19.11.2024 09:28:25,78,144,Opolskie,5,Alergologia,2024/032049,Pozarezydencki,74.30,3.34,11.10.2024 12:14:48,4,NIE,,
j-2024,12,19.11.2024,19.11.2024 09:28:25,78,144,Opolskie,6,Alergologia,2024/032259,Pozarezydencki,69.95,0.00,16.10.2024 21:34:47,4,NIE,,
j-2024,12,19.11.2024,19.11.2024 09:28:25,78,144,Opolskie,7,Anestezjologia i intensywna terapia,2024/026474,Rezydencki,89.13,4.61,26.09.2024 22:14:05,3,NIE,,
j-2024,12,19.11.2024,19.11.2024 09:28:25,78,144,Opolskie,8,Anestezjologia i intensywna terapia,2024/027010,Rezydencki,87.01,4.06,29.09.2024 20:09:34,3,NIE,,
j-2024,12,19.11.2024,19.11.2024 09:28:25,78,144,Opolskie,9,Anestezjologia i intensywna terapia,2024/027868,Rezydencki,74.02,3.36,26.09.2024 10:46:49,3,NIE,,
j-2024,12,19.11.2024,19.11.2024 09:28:25,78,144,Opolskie,10,Audiologia i foniatria,2024/028864,Rezydencki,86.71,3.83,30.09.2024 22:11:12,2,NIE,,
j-2024,12,19.11.2024,19.11.2024 09:28:25,78,144,Opolskie,11,Audiologia i foniatria,2024/034121,Rezydencki,82.13,4.52,15.10.2024 09:44:09,2,NIE,,
j-2024,12,19.11.2024,19.11.2024 09:28:25,78,144,Opolskie,12,Chirurgia dziecięca,2024/032069,Rezydencki,78.05,4.26,28.09.2024 16:48:51,1,NIE,,
j-2024,12,19.11.2024,19.11.2024 09:28:25,78,144,Opolskie,13,Chirurgia ogólna,2024/030598,Rezydencki,88.73,4.51,30.09.2024 22:20:56,3,NIE,,
j-2024,12,19.11.2024,19.11.2024 09:28:25,78,144,Opolskie,14,Chirurgia ogólna,2024/025606,Rezydencki,77.07,0.00,12.09.2024 18:37:19,3,NIE,,
j-2024,12,19.11.2024,19.11.2024 09:28:25,78,144,Opolskie,15,Chirurgia ogólna,2024/025141,Rezydencki,69.76,0.00,10.10.2024 00:44:15,3,NIE,,
j-2024,12,19.11.2024,19.11.2024 09:28:25,78,144,Opolskie,16,Chirurgia ogólna,2024/022402,Pozarezydencki,89.09,0.00,05.10.2024 10:46:56,1,NIE,,
j-2024,12,19.11.2024,19.11.2024 09:28:25,78,144,Opolskie,17,Choroby płuc,2024/029757,Rezydencki,85.27,3.97,16.10.2024 10:40:05,4,NIE,,
j-2024,12,19.11.2024,19.11.2024 09:28:25,78,144,Opolskie,18,Choroby płuc,2024/028447,Rezydencki,82.93,3.86,08.10.2024 16:04:38,4,NIE,,
j-2024,12,19.11.2024,19.11.2024 09:28:25,78,144,Opolskie,19,Choroby płuc,2024/025603,Rezydencki,81.64,0.00,17.09.2024 22:25:47,4,NIE,,
j-2024,12,19.11.2024,19.11.2024 09:28:25,78,144,Opolskie,20,Choroby płuc,2024/023399,Rezydencki,70.73,4.10,18.10.2024 15:29:09,4,NIE,,
j-2024,12,19.11.2024,19.11.2024 09:28:25,78,144,Opolskie,21,Choroby wewnętrzne,2024/029185,Rezydencki,87.99,4.53,30.09.2024 14:52:34,6,NIE,,
j-2024,12,19.11.2024,19.11.2024 09:28:25,78,144,Opolskie,22,Choroby wewnętrzne,2024/030228,Rezydencki,87.75,4.30,29.09.2024 19:32:46,6,NIE,,
j-2024,12,19.11.2024,19.11.2024 09:28:25,78,144,Opolskie,23,Choroby wewnętrzne,2024/027060,Rezydencki,84.80,0.00,19.09.2024 14:22:27,6,NIE,,
j-2024,12,19.11.2024,19.11.2024 09:28:25,78,144,Opolskie,24,Choroby wewnętrzne,2024/028701,Rezydencki,83.82,4.28,30.09.2024 23:21:32,6,NIE,,
j-2024,12,19.11.2024,19.11.2024 09:28:25,78,144,Opolskie,25,Choroby wewnętrzne,2024/030351,Rezydencki,71.98,3.85,21.10.2024 12:51:24,6,NIE,,
j-2024,12,19.11.2024,19.11.2024 09:28:25,78,144,Opolskie,26,Choroby wewnętrzne,2024/025881,Rezydencki,66.67,4.54,07.10.2024 13:54:51,6,NIE,,
j-2024,12,19.11.2024,19.11.2024 09:28:25,78,144,Opolskie,27,Diabetologia,2024/031829,Rezydencki,88.24,4.28,10.10.2024 22:38:29,1,NIE,,
j-2024,12,19.11.2024,19.11.2024 09:28:25,78,144,Opolskie,28,Endokrynologia,2024/022672,Rezydencki,91.67,4.59,28.09.2024 20:07:32,4,NIE,,
j-2024,12,19.11.2024,19.11.2024 09:28:25,78,144,Opolskie,29,Endokrynologia,2024/032070,Rezydencki,91.22,4.50,30.09.2024 23:01:15,4,NIE,,
j-2024,12,19.11.2024,19.11.2024 09:28:25,78,144,Opolskie,30,Endokrynologia,2024/027937,Rezydencki,91.22,4.25,22.09.2024 14:47:10,4,NIE,,
j-2024,12,19.11.2024,19.11.2024 09:28:25,78,144,Opolskie,31,Endokrynologia,2024/032090,Rezydencki,91.18,4.66,30.09.2024 18:45:18,4,NIE,,
j-2024,12,19.11.2024,19.11.2024 09:28:25,78,144,Opolskie,32,Endokrynologia,2024/029138,Pozarezydencki,84.55,4.29,29.09.2024 12:30:21,3,NIE,,
j-2024,12,19.11.2024,19.11.2024 09:28:25,78,144,Opolskie,33,Endokrynologia,2024/032575,Pozarezydencki,84.33,4.31,29.09.2024 18:01:59,3,NIE,,
j-2024,12,19.11.2024,19.11.2024 09:28:25,78,144,Opolskie,34,Endokrynologia,2024/029806,Pozarezydencki,82.72,3.68,18.10.2024 13:46:04,3,NIE,,
j-2024,12,19.11.2024,19.11.2024 09:28:25,78,144,Opolskie,35,Endokrynologia i diabetologia dziecięca,2024/032917,Rezydencki,89.86,4.71,30.09.2024 20:54:03,2,NIE,,
j-2024,12,19.11.2024,19.11.2024 09:28:25,78,144,Opolskie,36,Endokrynologia i diabetologia dziecięca,2024/032383,Rezydencki,89.37,4.46,29.09.2024 12:43:39,2,NIE,,
j-2024,12,19.11.2024,19.11.2024 09:28:25,78,144,Opolskie,37,Gastroenterologia dziecięca,2024/025777,Rezydencki,89.27,4.40,27.09.2024 18:42:59,1,NIE,,
j-2024,12,19.11.2024,19.11.2024 09:28:25,78,144,Opolskie,38,Gastroenterologia dziecięca,2024/034125,Pozarezydencki,75.45,4.42,30.09.2024 22:00:05,1,NIE,,
j-2024,12,19.11.2024,19.11.2024 09:28:25,78,144,Opolskie,39,Ginekologia onkologiczna,2024/034296,Pozarezydencki,66.36,0.00,06.10.2024 21:22:51,1,NIE,,
j-2024,12,19.11.2024,19.11.2024 09:28:25,78,144,Opolskie,40,Hematologia,2024/028527,Rezydencki,91.18,4.64,29.09.2024 19:04:10,2,NIE,,
j-2024,12,19.11.2024,19.11.2024 09:28:25,78,144,Opolskie,41,Hematologia,2024/033416,Rezydencki,79.71,4.30,30.09.2024 13:19:20,2,NIE,,
j-2024,12,19.11.2024,19.11.2024 09:28:25,79,144,Opolskie,42,Hematologia,2024/023506,Pozarezydencki,70.91,0.00,05.10.2024 22:01:41,1,NIE,,
j-2024,12,19.11.2024,19.11.2024 09:28:25,79,144,Opolskie,43,Kardiologia,2024/031092,Rezydencki,85.37,4.40,29.09.2024 23:46:22,6,NIE,,
j-2024,12,19.11.2024,19.11.2024 09:28:25,79,144,Opolskie,44,Kardiologia,2024/028613,Rezydencki,85.37,4.18,29.09.2024 18:01:23,6,NIE,,
j-2024,12,19.11.2024,19.11.2024 09:28:25,79,144,Opolskie,45,Kardiologia,2024/028804,Rezydencki,83.17,3.84,11.10.2024 14:26:40,6,NIE,,
j-2024,12,19.11.2024,19.11.2024 09:28:25,79,144,Opolskie,46,Kardiologia,2024/031006,Rezydencki,81.46,3.70,30.09.2024 13:23:50,6,NIE,,
j-2024,12,19.11.2024,19.11.2024 09:28:25,79,144,Opolskie,47,Kardiologia,2024/033396,Rezydencki,75.61,4.28,30.09.2024 17:36:53,6,NIE,,
j-2024,12,19.11.2024,19.11.2024 09:28:25,79,144,Opolskie,48,Kardiologia,2024/025770,Rezydencki,71.08,0.00,18.10.2024 13:38:49,6,NIE,,
j-2024,12,19.11.2024,19.11.2024 09:28:25,79,144,Opolskie,49,Medycyna nuklearna,2024/029350,Rezydencki,87.25,4.34,29.09.2024 17:02:20,1,NIE,,
j-2024,12,19.11.2024,19.11.2024 09:28:25,79,144,Opolskie,50,Medycyna nuklearna,2024/031510,Pozarezydencki,73.61,4.13,23.10.2024 22:40:23,1,NIE,,
j-2024,12,19.11.2024,19.11.2024 09:28:25,79,144,Opolskie,51,Medycyna rodzinna,2024/024047,Rezydencki,88.24,4.19,05.09.2024 20:12:52,11,NIE,,
j-2024,12,19.11.2024,19.11.2024 09:28:25,79,144,Opolskie,52,Medycyna rodzinna,2024/029000,Rezydencki,87.99,4.63,04.10.2024 11:36:29,11,NIE,,
j-2024,12,19.11.2024,19.11.2024 09:28:25,79,144,Opolskie,53,Medycyna rodzinna,2024/032225,Rezydencki,87.75,4.15,09.10.2024 19:08:51,11,NIE,,
j-2024,12,19.11.2024,19.11.2024 09:28:25,79,144,Opolskie,54,Medycyna rodzinna,2024/027388,Rezydencki,86.34,3.94,19.09.2024 19:19:37,11,NIE,,
j-2024,12,19.11.2024,19.11.2024 09:28:25,79,144,Opolskie,55,Medycyna rodzinna,2024/026743,Rezydencki,85.78,3.67,03.10.2024 18:39:48,11,NIE,,
j-2024,12,19.11.2024,19.11.2024 09:28:25,79,144,Opolskie,56,Medycyna rodzinna,2024/027262,Rezydencki,84.80,4.17,04.10.2024 13:37:31,11,NIE,,
j-2024,12,19.11.2024,19.11.2024 09:28:25,79,144,Opolskie,57,Medycyna rodzinna,2024/023428,Rezydencki,83.57,4.18,27.09.2024 19:22:23,11,NIE,,
j-2024,12,19.11.2024,19.11.2024 09:28:25,79,144,Opolskie,58,Medycyna rodzinna,2024/025049,Rezydencki,81.86,4.43,24.09.2024 11:10:41,11,NIE,,
j-2024,12,19.11.2024,19.11.2024 09:28:25,79,144,Opolskie,59,Medycyna rodzinna,2024/027289,Rezydencki,79.66,4.43,15.10.2024 14:46:14,11,NIE,,
j-2024,12,19.11.2024,19.11.2024 09:28:25,79,144,Opolskie,60,Medycyna rodzinna,2024/025195,Rezydencki,79.02,3.78,11.09.2024 14:06:11,11,NIE,,
j-2024,12,19.11.2024,19.11.2024 09:28:25,79,144,Opolskie,61,Medycyna rodzinna,2024/028986,Rezydencki,71.57,4.16,26.09.2024 15:47:07,11,NIE,,
j-2024,12,19.11.2024,19.11.2024 09:28:25,79,144,Opolskie,62,Medycyna rodzinna,2024/023131,Pozarezydencki,70.91,3.39,03.09.2024 20:58:46,1,NIE,,
j-2024,12,19.11.2024,19.11.2024 09:28:25,79,144,Opolskie,63,Neurologia,2024/027892,Rezydencki,88.41,4.44,22.09.2024 12:37:42,9,NIE,,
j-2024,12,19.11.2024,19.11.2024 09:28:25,79,144,Opolskie,64,Neurologia,2024/029762,Rezydencki,87.75,4.26,16.10.2024 13:10:31,9,NIE,,
j-2024,12,19.11.2024,19.11.2024 09:28:25,79,144,Opolskie,65,Neurologia,2024/029924,Rezydencki,86.76,4.37,27.09.2024 06:54:31,9,NIE,,
j-2024,12,19.11.2024,19.11.2024 09:28:25,79,144,Opolskie,66,Neurologia,2024/030215,Rezydencki,85.29,3.92,26.09.2024 17:53:59,9,NIE,,
j-2024,12,19.11.2024,19.11.2024 09:28:25,79,144,Opolskie,67,Neurologia,2024/030961,Rezydencki,85.27,4.53,30.09.2024 17:31:47,9,NIE,,
j-2024,12,19.11.2024,19.11.2024 09:28:25,79,144,Opolskie,68,Neurologia,2024/028643,Rezydencki,82.84,4.06,26.09.2024 17:23:27,9,NIE,,
j-2024,12,19.11.2024,19.11.2024 09:28:25,79,144,Opolskie,69,Neurologia,2024/022223,Rezydencki,82.35,3.61,30.09.2024 23:24:19,9,NIE,,
j-2024,12,19.11.2024,19.11.2024 09:28:25,79,144,Opolskie,70,Neurologia,2024/030005,Rezydencki,77.78,3.07,29.09.2024 18:30:52,9,NIE,,
j-2024,12,19.11.2024,19.11.2024 09:28:25,79,144,Opolskie,71,Neurologia,2024/032629,Rezydencki,76.33,4.49,07.10.2024 12:16:46,9,NIE,,
j-2024,12,19.11.2024,19.11.2024 09:28:25,79,144,Opolskie,72,Neurologia dziecięca,2024/030816,Rezydencki,81.64,4.31,27.09.2024 20:59:15,2,NIE,,
j-2024,12,19.11.2024,19.11.2024 09:28:25,79,144,Opolskie,73,Neurologia dziecięca,2024/028026,Rezydencki,73.53,4.33,11.10.2024 10:22:59,2,NIE,,
j-2024,12,19.11.2024,19.11.2024 09:28:25,79,144,Opolskie,74,Okulistyka,2024/032276,Rezydencki,86.83,4.10,30.09.2024 19:02:45,4,NIE,,
j-2024,12,19.11.2024,19.11.2024 09:28:25,79,144,Opolskie,75,Okulistyka,2024/025676,Rezydencki,86.83,3.97,30.09.2024 21:12:19,4,NIE,,
j-2024,12,19.11.2024,19.11.2024 09:28:25,79,144,Opolskie,76,Okulistyka,2024/028160,Rezydencki,86.71,4.12,29.09.2024 12:59:47,4,NIE,,
j-2024,12,19.11.2024,19.11.2024 09:28:25,79,144,Opolskie,77,Okulistyka,2024/027874,Rezydencki,86.52,4.17,24.09.2024 23:30:02,4,NIE,,
j-2024,12,19.11.2024,19.11.2024 09:28:25,79,144,Opolskie,78,Onkologia kliniczna,2024/031940,Rezydencki,86.52,4.34,30.09.2024 15:11:22,1,NIE,,
j-2024,12,19.11.2024,19.11.2024 09:28:25,79,144,Opolskie,79,Ortopedia i traumatologia narządu ruchu,2024/032774,Rezydencki,90.44,4.32,30.09.2024 21:48:57,8,NIE,,
j-2024,12,19.11.2024,19.11.2024 09:28:25,80,144,Opolskie,80,Ortopedia i traumatologia narządu ruchu,2024/028825,Rezydencki,88.73,4.59,23.09.2024 23:06:39,8,NIE,,
j-2024,12,19.11.2024,19.11.2024 09:28:25,80,144,Opolskie,81,Ortopedia i traumatologia narządu ruchu,2024/024285,Rezydencki,84.06,0.00,08.10.2024 13:46:03,8,NIE,,
j-2024,12,19.11.2024,19.11.2024 09:28:25,80,144,Opolskie,82,Ortopedia i traumatologia narządu ruchu,2024/030772,Rezydencki,81.37,3.70,30.09.2024 19:37:54,8,NIE,,
j-2024,12,19.11.2024,19.11.2024 09:28:25,80,144,Opolskie,83,Ortopedia i traumatologia narządu ruchu,2024/032846,Rezydencki,80.68,3.74,29.09.2024 21:20:10,8,NIE,,
j-2024,12,19.11.2024,19.11.2024 09:28:25,80,144,Opolskie,84,Ortopedia i traumatologia narządu ruchu,2024/033128,Rezydencki,72.55,4.34,30.09.2024 00:12:16,8,NIE,,
j-2024,12,19.11.2024,19.11.2024 09:28:25,80,144,Opolskie,85,Ortopedia i traumatologia narządu ruchu,2024/022667,Rezydencki,69.36,4.17,02.10.2024 16:08:58,8,NIE,,
j-2024,12,19.11.2024,19.11.2024 09:28:25,80,144,Opolskie,86,Ortopedia i traumatologia narządu ruchu,2024/032163,Rezydencki,61.76,3.93,30.09.2024 14:39:11,8,NIE,,
j-2024,12,19.11.2024,19.11.2024 09:28:25,80,144,Opolskie,87,Otorynolaryngologia,2024/022882,Rezydencki,91.79,4.27,28.09.2024 17:41:51,1,NIE,,
j-2024,12,19.11.2024,19.11.2024 09:28:25,80,144,Opolskie,88,Pediatria,2024/026054,Rezydencki,87.44,4.26,30.09.2024 18:21:44,8,NIE,,
j-2024,12,19.11.2024,19.11.2024 09:28:25,80,144,Opolskie,89,Pediatria,2024/031632,Rezydencki,86.96,3.88,28.09.2024 10:32:07,8,NIE,,
j-2024,12,19.11.2024,19.11.2024 09:28:25,80,144,Opolskie,90,Pediatria,2024/032407,Rezydencki,85.29,4.33,29.09.2024 22:21:01,8,NIE,,
j-2024,12,19.11.2024,19.11.2024 09:28:25,80,144,Opolskie,91,Pediatria,2024/028616,Rezydencki,83.82,4.06,27.09.2024 15:22:29,8,NIE,,
j-2024,12,19.11.2024,19.11.2024 09:28:25,80,144,Opolskie,92,Pediatria,2024/031957,Rezydencki,81.37,4.37,29.09.2024 22:32:22,8,NIE,,
j-2024,12,19.11.2024,19.11.2024 09:28:25,80,144,Opolskie,93,Pediatria,2024/028359,Rezydencki,81.37,4.06,30.09.2024 22:38:36,8,NIE,,
j-2024,12,19.11.2024,19.11.2024 09:28:25,80,144,Opolskie,94,Pediatria,2024/029125,Rezydencki,78.74,4.28,29.09.2024 22:09:35,8,NIE,,
j-2024,12,19.11.2024,19.11.2024 09:28:25,80,144,Opolskie,95,Pediatria,2024/034009,Rezydencki,61.35,0.00,17.10.2024 18:22:23,8,NIE,,
j-2024,12,19.11.2024,19.11.2024 09:28:25,80,144,Opolskie,96,Położnictwo i ginekologia,2024/022681,Rezydencki,88.73,4.31,01.09.2024 20:31:35,4,NIE,,
j-2024,12,19.11.2024,19.11.2024 09:28:25,80,144,Opolskie,97,Położnictwo i ginekologia,2024/031701,Rezydencki,77.56,3.95,30.09.2024 21:26:23,4,NIE,,
j-2024,12,19.11.2024,19.11.2024 09:28:25,80,144,Opolskie,98,Położnictwo i ginekologia,2024/027120,Rezydencki,73.53,3.74,02.10.2024 20:39:38,4,NIE,,
j-2024,12,19.11.2024,19.11.2024 09:28:25,80,144,Opolskie,99,Położnictwo i ginekologia,2024/034134,Rezydencki,70.10,3.45,29.10.2024 11:32:31,4,NIE,,
j-2024,12,19.11.2024,19.11.2024 09:28:25,80,144,Opolskie,100,Psychiatria,2024/025789,Rezydencki,88.41,4.04,29.09.2024 22:22:37,8,NIE,,
j-2024,12,19.11.2024,19.11.2024 09:28:25,80,144,Opolskie,101,Psychiatria,2024/022831,Rezydencki,86.83,3.81,27.09.2024 04:02:41,8,NIE,,
j-2024,12,19.11.2024,19.11.2024 09:28:25,80,144,Opolskie,102,Psychiatria,2024/031992,Rezydencki,85.02,4.29,30.09.2024 20:09:00,8,NIE,,
j-2024,12,19.11.2024,19.11.2024 09:28:25,80,144,Opolskie,103,Psychiatria,2024/032999,Rezydencki,84.78,4.19,30.09.2024 13:17:51,8,NIE,,
j-2024,12,19.11.2024,19.11.2024 09:28:25,80,144,Opolskie,104,Psychiatria,2024/026843,Rezydencki,80.98,3.76,29.09.2024 14:43:10,8,NIE,,
j-2024,12,19.11.2024,19.11.2024 09:28:25,80,144,Opolskie,105,Psychiatria,2024/030037,Rezydencki,79.90,3.77,27.09.2024 16:02:48,8,NIE,,
j-2024,12,19.11.2024,19.11.2024 09:28:25,80,144,Opolskie,106,Psychiatria,2024/028292,Rezydencki,79.05,3.32,07.10.2024 17:16:48,8,NIE,,
j-2024,12,19.11.2024,19.11.2024 09:28:25,80,144,Opolskie,107,Psychiatria,2024/031354,Rezydencki,78.54,3.70,27.09.2024 11:22:28,8,NIE,,
j-2024,12,19.11.2024,19.11.2024 09:28:25,80,144,Opolskie,108,Radiologia i diagnostyka obrazowa,2024/023753,Rezydencki,89.71,4.45,20.09.2024 14:47:51,10,NIE,,
j-2024,12,19.11.2024,19.11.2024 09:28:25,80,144,Opolskie,109,Radiologia i diagnostyka obrazowa,2024/022459,Rezydencki,88.89,4.43,27.09.2024 12:28:20,10,NIE,,
j-2024,12,19.11.2024,19.11.2024 09:28:25,80,144,Opolskie,110,Radiologia i diagnostyka obrazowa,2024/027438,Rezydencki,88.41,4.31,26.09.2024 12:57:28,10,NIE,,
j-2024,12,19.11.2024,19.11.2024 09:28:25,80,144,Opolskie,111,Radiologia i diagnostyka obrazowa,2024/023148,Rezydencki,87.68,4.43,02.09.2024 19:18:56,10,NIE,,
j-2024,12,19.11.2024,19.11.2024 09:28:25,80,144,Opolskie,112,Radiologia i diagnostyka obrazowa,2024/033192,Rezydencki,87.44,4.03,30.09.2024 08:28:49,10,NIE,,
j-2024,12,19.11.2024,19.11.2024 09:28:25,80,144,Opolskie,113,Radiologia i diagnostyka obrazowa,2024/030769,Rezydencki,86.96,4.59,30.09.2024 17:28:51,10,NIE,,
j-2024,12,19.11.2024,19.11.2024 09:28:25,80,144,Opolskie,114,Radiologia i diagnostyka obrazowa,2024/032810,Rezydencki,86.47,4.37,30.09.2024 21:26:22,10,NIE,,
j-2024,12,19.11.2024,19.11.2024 09:28:25,80,144,Opolskie,115,Radiologia i diagnostyka obrazowa,2024/032895,Rezydencki,85.02,3.68,29.09.2024 21:59:32,10,NIE,,
j-2024,12,19.11.2024,19.11.2024 09:28:25,80,144,Opolskie,116,Radiologia i diagnostyka obrazowa,2024/030399,Rezydencki,85.02,3.52,29.09.2024 22:47:19,10,NIE,,
j-2024,12,19.11.2024,19.11.2024 09:28:25,80,144,Opolskie,117,Radiologia i diagnostyka obrazowa,2024/034032,Rezydencki,84.78,3.89,28.10.2024 10:24:01,10,NIE,,
j-2024,12,19.11.2024,19.11.2024 09:28:25,81,144,Opolskie,118,Radioterapia onkologiczna,2024/032859,Rezydencki,79.51,4.15,29.09.2024 21:12:32,1,NIE,,
j-2024,12,19.11.2024,19.11.2024 09:28:25,81,144,Opolskie,119,Rehabilitacja medyczna,2024/028215,Pozarezydencki,67.82,0.00,22.09.2024 23:15:09,1,NIE,,
j-2024,12,19.11.2024,19.11.2024 09:28:25,81,144,Opolskie,120,Urologia,2024/029288,Rezydencki,86.83,4.38,27.09.2024 09:01:25,1,NIE,,
j-2024,12,19.11.2024,19.11.2024 09:28:25,81,144,Opolskie,1,Kardiologia,2024/026964,Rezydencki,85.05,4.45,30.09.2024 16:09:27,1,TAK,Uniwersytecki Szpital Kliniczny w Opolu,Oddział Kardiologii z Pododdziałem Interwencji Sercowo-Naczyniowych
j-2024,12,19.11.2024,19.11.2024 09:28:25,81,144,Podkarpackie,1,Alergologia,2024/032784,Pozarezydencki,83.18,4.57,15.10.2024 21:43:54,3,NIE,,
j-2024,12,19.11.2024,19.11.2024 09:28:25,81,144,Podkarpackie,2,Alergologia,2024/026855,Pozarezydencki,80.00,4.55,20.10.2024 17:31:35,3,NIE,,
j-2024,12,19.11.2024,19.11.2024 09:28:25,81,144,Podkarpackie,3,Alergologia,2024/023893,Pozarezydencki,70.91,0.00,09.10.2024 09:33:34,3,NIE,,
j-2024,12,19.11.2024,19.11.2024 09:28:25,81,144,Podkarpackie,4,Anestezjologia i intensywna terapia,2024/028541,Rezydencki,92.44,4.27,27.09.2024 13:17:20,14,NIE,,
j-2024,12,19.11.2024,19.11.2024 09:28:25,81,144,Podkarpackie,5,Anestezjologia i intensywna terapia,2024/033129,Rezydencki,88.41,3.84,30.09.2024 22:32:07,14,NIE,,
j-2024,12,19.11.2024,19.11.2024 09:28:25,81,144,Podkarpackie,6,Anestezjologia i intensywna terapia,2024/030711,Rezydencki,87.44,3.93,29.09.2024 12:06:41,14,NIE,,
j-2024,12,19.11.2024,19.11.2024 09:28:25,81,144,Podkarpackie,7,Anestezjologia i intensywna terapia,2024/030631,Rezydencki,87.25,3.86,27.09.2024 10:20:44,14,NIE,,
j-2024,12,19.11.2024,19.11.2024 09:28:25,81,144,Podkarpackie,8,Anestezjologia i intensywna terapia,2024/032139,Rezydencki,84.39,3.67,30.09.2024 21:35:12,14,NIE,,
j-2024,12,19.11.2024,19.11.2024 09:28:25,81,144,Podkarpackie,9,Anestezjologia i intensywna terapia,2024/032201,Rezydencki,83.33,4.05,22.10.2024 10:15:29,14,NIE,,
j-2024,12,19.11.2024,19.11.2024 09:28:25,81,144,Podkarpackie,10,Anestezjologia i intensywna terapia,2024/028278,Rezydencki,82.13,3.45,30.09.2024 19:42:31,14,NIE,,
j-2024,12,19.11.2024,19.11.2024 09:28:25,81,144,Podkarpackie,11,Anestezjologia i intensywna terapia,2024/032678,Rezydencki,80.39,3.85,29.09.2024 18:56:32,14,NIE,,
j-2024,12,19.11.2024,19.11.2024 09:28:25,81,144,Podkarpackie,12,Anestezjologia i intensywna terapia,2024/033734,Rezydencki,80.19,3.40,17.10.2024 13:24:50,14,NIE,,
j-2024,12,19.11.2024,19.11.2024 09:28:25,81,144,Podkarpackie,13,Anestezjologia i intensywna terapia,2024/030059,Rezydencki,80.00,3.88,28.09.2024 20:18:49,14,NIE,,
j-2024,12,19.11.2024,19.11.2024 09:28:25,81,144,Podkarpackie,14,Anestezjologia i intensywna terapia,2024/026788,Rezydencki,78.74,0.00,04.10.2024 10:26:21,14,NIE,,
j-2024,12,19.11.2024,19.11.2024 09:28:25,81,144,Podkarpackie,15,Anestezjologia i intensywna terapia,2024/032319,Rezydencki,77.94,3.74,02.10.2024 13:55:30,14,NIE,,
j-2024,12,19.11.2024,19.11.2024 09:28:25,81,144,Podkarpackie,16,Anestezjologia i intensywna terapia,2024/028164,Rezydencki,75.85,4.68,11.10.2024 00:34:18,14,NIE,,
j-2024,12,19.11.2024,19.11.2024 09:28:25,81,144,Podkarpackie,17,Anestezjologia i intensywna terapia,2024/033329,Rezydencki,71.50,3.63,28.10.2024 23:04:37,14,NIE,,
j-2024,12,19.11.2024,19.11.2024 09:28:25,81,144,Podkarpackie,18,Chirurgia dziecięca,2024/023045,Rezydencki,79.23,3.92,04.10.2024 09:45:18,1,NIE,,
j-2024,12,19.11.2024,19.11.2024 09:28:25,81,144,Podkarpackie,19,Chirurgia klatki piersiowej,2024/027320,Rezydencki,81.86,3.84,29.09.2024 09:43:54,2,NIE,,
j-2024,12,19.11.2024,19.11.2024 09:28:25,81,144,Podkarpackie,20,Chirurgia klatki piersiowej,2024/030234,Rezydencki,62.25,3.27,30.09.2024 21:56:03,2,NIE,,
j-2024,12,19.11.2024,19.11.2024 09:28:25,81,144,Podkarpackie,21,Chirurgia klatki piersiowej,2024/025678,Pozarezydencki,69.12,0.00,28.10.2024 11:06:47,1,NIE,,
j-2024,12,19.11.2024,19.11.2024 09:28:25,81,144,Podkarpackie,22,Chirurgia naczyniowa,2024/031946,Rezydencki,89.76,4.69,28.09.2024 12:34:16,2,NIE,,
j-2024,12,19.11.2024,19.11.2024 09:28:25,81,144,Podkarpackie,23,Chirurgia naczyniowa,2024/031082,Rezydencki,87.75,3.85,30.09.2024 00:34:32,2,NIE,,
j-2024,12,19.11.2024,19.11.2024 09:28:25,81,144,Podkarpackie,24,Chirurgia naczyniowa,2024/026924,Pozarezydencki,80.68,4.23,02.10.2024 13:26:59,2,NIE,,
j-2024,12,19.11.2024,19.11.2024 09:28:25,81,144,Podkarpackie,25,Chirurgia naczyniowa,2024/022350,Pozarezydencki,70.91,0.00,11.10.2024 05:47:02,2,NIE,,
j-2024,12,19.11.2024,19.11.2024 09:28:25,82,144,Podkarpackie,26,Chirurgia ogólna,2024/027626,Rezydencki,84.54,3.26,26.09.2024 22:39:53,2,NIE,,
j-2024,12,19.11.2024,19.11.2024 09:28:25,82,144,Podkarpackie,27,Chirurgia ogólna,2024/030153,Rezydencki,83.33,3.43,08.10.2024 22:21:47,2,NIE,,
j-2024,12,19.11.2024,19.11.2024 09:28:25,82,144,Podkarpackie,28,Chirurgia ogólna,2024/023817,Pozarezydencki,80.00,0.00,29.10.2024 23:09:23,1,NIE,,
j-2024,12,19.11.2024,19.11.2024 09:28:25,82,144,Podkarpackie,29,Chirurgia onkologiczna,2024/022540,Rezydencki,84.31,3.58,29.09.2024 21:45:29,1,NIE,,
j-2024,12,19.11.2024,19.11.2024 09:28:25,82,144,Podkarpackie,30,Chirurgia onkologiczna,2024/025851,Pozarezydencki,70.91,3.39,17.10.2024 20:50:01,1,NIE,,
j-2024,12,19.11.2024,19.11.2024 09:28:25,82,144,Podkarpackie,31,Chirurgia szczękowo-twarzowa,2024/029411,Rezydencki,83.17,3.75,25.09.2024 12:04:13,2,NIE,,
j-2024,12,19.11.2024,19.11.2024 09:28:25,82,144,Podkarpackie,32,Chirurgia szczękowo-twarzowa,2024/033929,Rezydencki,82.61,4.08,16.10.2024 13:21:56,2,NIE,,
j-2024,12,19.11.2024,19.11.2024 09:28:25,82,144,Podkarpackie,33,Choroby płuc,2024/031695,Rezydencki,89.71,4.00,27.09.2024 19:20:40,2,NIE,,
j-2024,12,19.11.2024,19.11.2024 09:28:25,82,144,Podkarpackie,34,Choroby płuc,2024/029923,Rezydencki,88.89,3.94,26.09.2024 19:29:54,2,NIE,,
j-2024,12,19.11.2024,19.11.2024 09:28:25,82,144,Podkarpackie,35,Choroby płuc,2024/030714,Pozarezydencki,78.04,4.33,27.09.2024 18:31:45,1,NIE,,
j-2024,12,19.11.2024,19.11.2024 09:28:25,82,144,Podkarpackie,36,Choroby płuc dzieci,2024/028166,Rezydencki,89.86,4.52,10.10.2024 19:24:58,1,NIE,,
j-2024,12,19.11.2024,19.11.2024 09:28:25,82,144,Podkarpackie,37,Choroby wewnętrzne,2024/022258,Rezydencki,90.24,4.38,20.09.2024 19:46:08,14,NIE,,
j-2024,12,19.11.2024,19.11.2024 09:28:25,82,144,Podkarpackie,38,Choroby wewnętrzne,2024/027117,Rezydencki,89.27,4.48,27.09.2024 10:29:47,14,NIE,,
j-2024,12,19.11.2024,19.11.2024 09:28:25,82,144,Podkarpackie,39,Choroby wewnętrzne,2024/023392,Rezydencki,87.32,4.38,03.09.2024 14:53:10,14,NIE,,
j-2024,12,19.11.2024,19.11.2024 09:28:25,82,144,Podkarpackie,40,Choroby wewnętrzne,2024/029599,Rezydencki,85.02,3.97,28.09.2024 16:16:23,14,NIE,,
j-2024,12,19.11.2024,19.11.2024 09:28:25,82,144,Podkarpackie,41,Choroby wewnętrzne,2024/027129,Rezydencki,84.88,3.38,12.10.2024 10:35:44,14,NIE,,
j-2024,12,19.11.2024,19.11.2024 09:28:25,82,144,Podkarpackie,42,Choroby wewnętrzne,2024/028417,Rezydencki,84.80,4.18,30.09.2024 10:50:31,14,NIE,,
j-2024,12,19.11.2024,19.11.2024 09:28:25,82,144,Podkarpackie,43,Choroby wewnętrzne,2024/031856,Rezydencki,82.13,4.02,29.09.2024 11:22:33,14,NIE,,
j-2024,12,19.11.2024,19.11.2024 09:28:25,82,144,Podkarpackie,44,Choroby wewnętrzne,2024/031362,Rezydencki,81.95,3.34,27.09.2024 11:38:05,14,NIE,,
j-2024,12,19.11.2024,19.11.2024 09:28:25,82,144,Podkarpackie,45,Choroby wewnętrzne,2024/030939,Rezydencki,80.19,3.61,30.09.2024 19:16:28,14,NIE,,
j-2024,12,19.11.2024,19.11.2024 09:28:25,82,144,Podkarpackie,46,Choroby wewnętrzne,2024/033234,Rezydencki,79.90,3.84,30.09.2024 23:38:58,14,NIE,,
j-2024,12,19.11.2024,19.11.2024 09:28:25,82,144,Podkarpackie,47,Choroby wewnętrzne,2024/028459,Rezydencki,79.41,3.69,30.09.2024 19:42:29,14,NIE,,
j-2024,12,19.11.2024,19.11.2024 09:28:25,82,144,Podkarpackie,48,Choroby wewnętrzne,2024/022928,Rezydencki,78.92,3.57,25.09.2024 22:58:54,14,NIE,,
j-2024,12,19.11.2024,19.11.2024 09:28:25,82,144,Podkarpackie,49,Choroby wewnętrzne,2024/022508,Rezydencki,77.94,3.48,09.09.2024 21:07:46,14,NIE,,
j-2024,12,19.11.2024,19.11.2024 09:28:25,82,144,Podkarpackie,50,Choroby wewnętrzne,2024/023571,Rezydencki,75.36,3.42,04.10.2024 13:16:11,14,NIE,,
j-2024,12,19.11.2024,19.11.2024 09:28:25,82,144,Podkarpackie,51,Choroby zakaźne,2024/022735,Rezydencki,76.47,3.94,05.09.2024 18:25:04,1,NIE,,
j-2024,12,19.11.2024,19.11.2024 09:28:25,82,144,Podkarpackie,52,Dermatologia i wenerologia,2024/023317,Rezydencki,91.91,3.91,27.09.2024 08:48:03,2,NIE,,
j-2024,12,19.11.2024,19.11.2024 09:28:25,82,144,Podkarpackie,53,Dermatologia i wenerologia,2024/031779,Rezydencki,91.79,4.55,29.09.2024 21:54:20,2,NIE,,
j-2024,12,19.11.2024,19.11.2024 09:28:25,82,144,Podkarpackie,54,Diabetologia,2024/029619,Rezydencki,86.23,4.14,27.09.2024 14:28:18,1,NIE,,
j-2024,12,19.11.2024,19.11.2024 09:28:25,82,144,Podkarpackie,55,Diabetologia,2024/029819,Pozarezydencki,78.50,0.00,26.09.2024 18:07:16,2,NIE,,
j-2024,12,19.11.2024,19.11.2024 09:28:25,82,144,Podkarpackie,56,Diabetologia,2024/030533,Pozarezydencki,78.04,3.61,07.10.2024 10:42:56,2,NIE,,
j-2024,12,19.11.2024,19.11.2024 09:28:25,82,144,Podkarpackie,57,Endokrynologia,2024/027348,Rezydencki,95.12,4.47,23.09.2024 21:36:32,7,NIE,,
j-2024,12,19.11.2024,19.11.2024 09:28:25,82,144,Podkarpackie,58,Endokrynologia,2024/022639,Rezydencki,93.14,4.52,02.09.2024 12:40:43,7,NIE,,
j-2024,12,19.11.2024,19.11.2024 09:28:25,82,144,Podkarpackie,59,Endokrynologia,2024/023985,Rezydencki,92.20,4.39,26.09.2024 16:47:26,7,NIE,,
j-2024,12,19.11.2024,19.11.2024 09:28:25,82,144,Podkarpackie,60,Endokrynologia,2024/031081,Rezydencki,91.79,4.09,30.09.2024 00:38:49,7,NIE,,
j-2024,12,19.11.2024,19.11.2024 09:28:25,82,144,Podkarpackie,61,Endokrynologia,2024/030205,Rezydencki,91.79,3.82,30.09.2024 10:55:13,7,NIE,,
j-2024,12,19.11.2024,19.11.2024 09:28:25,82,144,Podkarpackie,62,Endokrynologia,2024/032047,Rezydencki,91.71,4.47,29.09.2024 10:44:51,7,NIE,,
j-2024,12,19.11.2024,19.11.2024 09:28:25,82,144,Podkarpackie,63,Endokrynologia,2024/023866,Rezydencki,91.67,4.48,22.09.2024 13:53:04,7,NIE,,
j-2024,12,19.11.2024,19.11.2024 09:28:25,83,144,Podkarpackie,64,Endokrynologia,2024/022210,Pozarezydencki,84.65,4.05,15.10.2024 19:00:07,1,NIE,,
j-2024,12,19.11.2024,19.11.2024 09:28:25,83,144,Podkarpackie,65,Gastroenterologia,2024/028405,Rezydencki,90.20,4.23,23.09.2024 13:22:15,1,NIE,,
j-2024,12,19.11.2024,19.11.2024 09:28:25,83,144,Podkarpackie,66,Gastroenterologia,2024/030180,Pozarezydencki,80.00,4.31,29.10.2024 10:06:58,1,NIE,,
j-2024,12,19.11.2024,19.11.2024 09:28:25,83,144,Podkarpackie,67,Gastroenterologia dziecięca,2024/025160,Pozarezydencki,72.14,0.00,02.10.2024 19:46:29,1,NIE,,
j-2024,12,19.11.2024,19.11.2024 09:28:25,83,144,Podkarpackie,68,Geriatria,2024/027073,Rezydencki,80.19,3.74,18.09.2024 17:06:08,1,NIE,,
j-2024,12,19.11.2024,19.11.2024 09:28:25,83,144,Podkarpackie,69,Geriatria,2024/023305,Pozarezydencki,70.91,0.00,02.10.2024 13:06:05,1,NIE,,
j-2024,12,19.11.2024,19.11.2024 09:28:25,83,144,Podkarpackie,70,Ginekologia onkologiczna,2024/022794,Pozarezydencki,90.55,2.63,03.10.2024 09:57:53,2,NIE,,
j-2024,12,19.11.2024,19.11.2024 09:28:25,83,144,Podkarpackie,71,Ginekologia onkologiczna,2024/032230,Pozarezydencki,80.00,4.09,12.10.2024 00:39:20,2,NIE,,
j-2024,12,19.11.2024,19.11.2024 09:28:25,83,144,Podkarpackie,72,Hematologia,2024/031028,Rezydencki,91.30,4.53,29.09.2024 23:12:36,1,NIE,,
j-2024,12,19.11.2024,19.11.2024 09:28:25,83,144,Podkarpackie,73,Hematologia,2024/032670,Pozarezydencki,61.82,0.00,29.09.2024 18:55:06,1,NIE,,
j-2024,12,19.11.2024,19.11.2024 09:28:25,83,144,Podkarpackie,74,Kardiochirurgia,2024/032657,Rezydencki,82.61,0.00,28.10.2024 06:34:04,2,NIE,,
j-2024,12,19.11.2024,19.11.2024 09:28:25,83,144,Podkarpackie,75,Kardiochirurgia,2024/031427,Rezydencki,59.31,3.61,27.09.2024 13:04:25,2,NIE,,
j-2024,12,19.11.2024,19.11.2024 09:28:25,83,144,Podkarpackie,76,Kardiologia,2024/031044,Rezydencki,90.73,4.22,27.09.2024 20:22:52,8,NIE,,
j-2024,12,19.11.2024,19.11.2024 09:28:25,83,144,Podkarpackie,77,Kardiologia,2024/029898,Rezydencki,90.34,4.28,25.09.2024 18:47:24,8,NIE,,
j-2024,12,19.11.2024,19.11.2024 09:28:25,83,144,Podkarpackie,78,Kardiologia,2024/022476,Rezydencki,90.24,4.00,27.09.2024 19:20:39,8,NIE,,
j-2024,12,19.11.2024,19.11.2024 09:28:25,83,144,Podkarpackie,79,Kardiologia,2024/030260,Rezydencki,87.44,4.20,25.09.2024 23:56:47,8,NIE,,
j-2024,12,19.11.2024,19.11.2024 09:28:25,83,144,Podkarpackie,80,Kardiologia,2024/030391,Rezydencki,87.25,3.75,30.09.2024 18:22:07,8,NIE,,
j-2024,12,19.11.2024,19.11.2024 09:28:25,83,144,Podkarpackie,81,Kardiologia,2024/029640,Rezydencki,86.83,4.23,30.09.2024 16:57:29,8,NIE,,
j-2024,12,19.11.2024,19.11.2024 09:28:25,83,144,Podkarpackie,82,Kardiologia,2024/028542,Rezydencki,86.23,3.77,27.09.2024 13:01:00,8,NIE,,
j-2024,12,19.11.2024,19.11.2024 09:28:25,83,144,Podkarpackie,83,Kardiologia,2024/032825,Rezydencki,84.78,3.46,11.10.2024 20:39:15,8,NIE,,
j-2024,12,19.11.2024,19.11.2024 09:28:25,83,144,Podkarpackie,84,Kardiologia,2024/033023,Pozarezydencki,72.69,4.15,29.09.2024 23:15:49,2,NIE,,
j-2024,12,19.11.2024,19.11.2024 09:28:25,83,144,Podkarpackie,85,Kardiologia,2024/031322,Pozarezydencki,72.43,4.31,04.10.2024 10:49:36,2,NIE,,
j-2024,12,19.11.2024,19.11.2024 09:28:25,83,144,Podkarpackie,86,Medycyna paliatywna,2024/024992,Pozarezydencki,70.91,3.76,04.10.2024 16:14:31,1,NIE,,
j-2024,12,19.11.2024,19.11.2024 09:28:25,83,144,Podkarpackie,87,Medycyna pracy,2024/024839,Rezydencki,82.61,3.54,28.09.2024 20:10:43,1,NIE,,
j-2024,12,19.11.2024,19.11.2024 09:28:25,83,144,Podkarpackie,88,Medycyna pracy,2024/026735,Pozarezydencki,80.00,4.10,17.09.2024 17:48:37,2,NIE,,
j-2024,12,19.11.2024,19.11.2024 09:28:25,83,144,Podkarpackie,89,Medycyna pracy,2024/032235,Pozarezydencki,76.42,4.52,06.10.2024 22:35:01,2,NIE,,
j-2024,12,19.11.2024,19.11.2024 09:28:25,83,144,Podkarpackie,90,Medycyna rodzinna,2024/031258,Rezydencki,89.76,4.55,28.09.2024 13:43:20,17,NIE,,
j-2024,12,19.11.2024,19.11.2024 09:28:25,83,144,Podkarpackie,91,Medycyna rodzinna,2024/028032,Rezydencki,88.29,4.15,26.09.2024 19:17:24,17,NIE,,
j-2024,12,19.11.2024,19.11.2024 09:28:25,83,144,Podkarpackie,92,Medycyna rodzinna,2024/027872,Rezydencki,87.44,3.88,24.09.2024 21:30:34,17,NIE,,
j-2024,12,19.11.2024,19.11.2024 09:28:25,83,144,Podkarpackie,93,Medycyna rodzinna,2024/030700,Rezydencki,86.34,4.05,29.09.2024 20:06:12,17,NIE,,
j-2024,12,19.11.2024,19.11.2024 09:28:25,83,144,Podkarpackie,94,Medycyna rodzinna,2024/033054,Rezydencki,86.27,4.11,29.09.2024 23:01:51,17,NIE,,
j-2024,12,19.11.2024,19.11.2024 09:28:25,83,144,Podkarpackie,95,Medycyna rodzinna,2024/028217,Rezydencki,85.99,4.12,30.09.2024 12:57:39,17,NIE,,
j-2024,12,19.11.2024,19.11.2024 09:28:25,83,144,Podkarpackie,96,Medycyna rodzinna,2024/030651,Rezydencki,84.39,4.03,27.09.2024 13:58:34,17,NIE,,
j-2024,12,19.11.2024,19.11.2024 09:28:25,83,144,Podkarpackie,97,Medycyna rodzinna,2024/031391,Rezydencki,83.82,3.79,29.09.2024 13:50:51,17,NIE,,
j-2024,12,19.11.2024,19.11.2024 09:28:25,83,144,Podkarpackie,98,Medycyna rodzinna,2024/023518,Rezydencki,83.58,4.10,17.10.2024 12:33:04,17,NIE,,
j-2024,12,19.11.2024,19.11.2024 09:28:25,83,144,Podkarpackie,99,Medycyna rodzinna,2024/025821,Rezydencki,82.61,3.87,30.09.2024 19:40:29,17,NIE,,
j-2024,12,19.11.2024,19.11.2024 09:28:25,83,144,Podkarpackie,100,Medycyna rodzinna,2024/030432,Rezydencki,82.61,3.55,30.09.2024 17:34:06,17,NIE,,
j-2024,12,19.11.2024,19.11.2024 09:28:25,83,144,Podkarpackie,101,Medycyna rodzinna,2024/030627,Rezydencki,79.02,3.66,30.09.2024 23:27:33,17,NIE,,
j-2024,12,19.11.2024,19.11.2024 09:28:25,84,144,Podkarpackie,102,Medycyna rodzinna,2024/031560,Rezydencki,78.05,3.66,30.09.2024 20:13:21,17,NIE,,
j-2024,12,19.11.2024,19.11.2024 09:28:25,84,144,Podkarpackie,103,Medycyna rodzinna,2024/032989,Rezydencki,76.33,3.63,30.09.2024 23:59:49,17,NIE,,
j-2024,12,19.11.2024,19.11.2024 09:28:25,84,144,Podkarpackie,104,Medycyna rodzinna,2024/024382,Rezydencki,74.40,4.15,10.10.2024 08:28:30,17,NIE,,
j-2024,12,19.11.2024,19.11.2024 09:28:25,84,144,Podkarpackie,105,Medycyna rodzinna,2024/033196,Rezydencki,67.80,3.47,30.09.2024 08:33:59,17,NIE,,
j-2024,12,19.11.2024,19.11.2024 09:28:25,84,144,Podkarpackie,106,Medycyna rodzinna,2024/029348,Rezydencki,63.94,3.26,23.10.2024 20:07:47,17,NIE,,
j-2024,12,19.11.2024,19.11.2024 09:28:25,84,144,Podkarpackie,107,Medycyna rodzinna,2024/030736,Pozarezydencki,62.74,3.60,20.10.2024 21:12:00,2,NIE,,
j-2024,12,19.11.2024,19.11.2024 09:28:25,84,144,Podkarpackie,108,Medycyna rodzinna,2024/031942,Pozarezydencki,57.34,3.00,28.09.2024 12:24:24,2,NIE,,
j-2024,12,19.11.2024,19.11.2024 09:28:25,84,144,Podkarpackie,109,Nefrologia,2024/032147,Pozarezydencki,84.55,3.93,03.10.2024 21:25:40,2,NIE,,
j-2024,12,19.11.2024,19.11.2024 09:28:25,84,144,Podkarpackie,110,Nefrologia,2024/024342,Pozarezydencki,76.74,4.47,22.10.2024 15:24:17,2,NIE,,
j-2024,12,19.11.2024,19.11.2024 09:28:25,84,144,Podkarpackie,111,Neonatologia,2024/032414,Rezydencki,83.57,3.87,29.09.2024 13:12:17,1,NIE,,
j-2024,12,19.11.2024,19.11.2024 09:28:25,84,144,Podkarpackie,112,Neurologia,2024/027676,Rezydencki,91.71,4.41,20.09.2024 23:58:29,14,NIE,,
j-2024,12,19.11.2024,19.11.2024 09:28:25,84,144,Podkarpackie,113,Neurologia,2024/033761,Rezydencki,88.73,4.23,30.09.2024 18:16:14,14,NIE,,
j-2024,12,19.11.2024,19.11.2024 09:28:25,84,144,Podkarpackie,114,Neurologia,2024/029934,Rezydencki,87.44,4.46,29.09.2024 20:50:59,14,NIE,,
j-2024,12,19.11.2024,19.11.2024 09:28:25,84,144,Podkarpackie,115,Neurologia,2024/023467,Rezydencki,86.34,4.15,23.10.2024 10:35:40,14,NIE,,
j-2024,12,19.11.2024,19.11.2024 09:28:25,84,144,Podkarpackie,116,Neurologia,2024/029285,Rezydencki,84.88,4.53,26.09.2024 22:51:57,14,NIE,,
j-2024,12,19.11.2024,19.11.2024 09:28:25,84,144,Podkarpackie,117,Neurologia,2024/030000,Rezydencki,83.90,3.73,29.09.2024 22:10:52,14,NIE,,
j-2024,12,19.11.2024,19.11.2024 09:28:25,84,144,Podkarpackie,118,Neurologia,2024/029260,Rezydencki,82.93,4.08,27.09.2024 15:43:25,14,NIE,,
j-2024,12,19.11.2024,19.11.2024 09:28:25,84,144,Podkarpackie,119,Neurologia,2024/032009,Rezydencki,82.61,4.13,29.09.2024 23:36:29,14,NIE,,
j-2024,12,19.11.2024,19.11.2024 09:28:25,84,144,Podkarpackie,120,Neurologia,2024/032292,Rezydencki,82.35,3.61,29.09.2024 22:55:31,14,NIE,,
j-2024,12,19.11.2024,19.11.2024 09:28:25,84,144,Podkarpackie,121,Neurologia,2024/031464,Rezydencki,78.74,4.38,24.10.2024 20:49:13,14,NIE,,
j-2024,12,19.11.2024,19.11.2024 09:28:25,84,144,Podkarpackie,122,Neurologia,2024/032048,Rezydencki,78.74,3.96,05.10.2024 11:51:39,14,NIE,,
j-2024,12,19.11.2024,19.11.2024 09:28:25,84,144,Podkarpackie,123,Neurologia,2024/030611,Rezydencki,77.14,3.24,28.09.2024 08:45:27,14,NIE,,
j-2024,12,19.11.2024,19.11.2024 09:28:25,84,144,Podkarpackie,124,Neurologia,2024/031813,Rezydencki,76.47,3.47,27.09.2024 22:16:32,14,NIE,,
j-2024,12,19.11.2024,19.11.2024 09:28:25,84,144,Podkarpackie,125,Neurologia,2024/032194,Rezydencki,65.70,3.35,28.09.2024 21:51:16,14,NIE,,
j-2024,12,19.11.2024,19.11.2024 09:28:25,84,144,Podkarpackie,126,Neurologia dziecięca,2024/030503,Rezydencki,90.10,3.97,28.09.2024 11:36:33,4,NIE,,
j-2024,12,19.11.2024,19.11.2024 09:28:25,84,144,Podkarpackie,127,Neurologia dziecięca,2024/029398,Rezydencki,84.78,3.49,02.10.2024 23:05:01,4,NIE,,
j-2024,12,19.11.2024,19.11.2024 09:28:25,84,144,Podkarpackie,128,Neurologia dziecięca,2024/022666,Rezydencki,83.82,4.86,27.09.2024 16:59:41,4,NIE,,
j-2024,12,19.11.2024,19.11.2024 09:28:25,84,144,Podkarpackie,129,Neurologia dziecięca,2024/031483,Rezydencki,83.33,3.98,27.09.2024 14:34:27,4,NIE,,
j-2024,12,19.11.2024,19.11.2024 09:28:25,84,144,Podkarpackie,130,Okulistyka,2024/026390,Rezydencki,91.67,4.53,25.09.2024 22:48:38,2,NIE,,
j-2024,12,19.11.2024,19.11.2024 09:28:25,84,144,Podkarpackie,131,Okulistyka,2024/028556,Rezydencki,89.27,4.08,30.09.2024 18:04:09,2,NIE,,
j-2024,12,19.11.2024,19.11.2024 09:28:25,84,144,Podkarpackie,132,Onkologia i hematologia dziecięca,2024/031168,Rezydencki,86.47,3.79,29.09.2024 20:41:16,1,NIE,,
j-2024,12,19.11.2024,19.11.2024 09:28:25,84,144,Podkarpackie,133,Ortodoncja,2024/025615,Rezydencki,87.50,4.67,15.09.2024 10:44:45,4,NIE,,
j-2024,12,19.11.2024,19.11.2024 09:28:25,84,144,Podkarpackie,134,Ortodoncja,2024/026851,Rezydencki,85.58,4.29,17.09.2024 23:22:50,4,NIE,,
j-2024,12,19.11.2024,19.11.2024 09:28:25,84,144,Podkarpackie,135,Ortodoncja,2024/025185,Rezydencki,85.58,3.66,22.09.2024 10:45:16,4,NIE,,
j-2024,12,19.11.2024,19.11.2024 09:28:25,84,144,Podkarpackie,136,Ortodoncja,2024/027623,Rezydencki,85.51,4.15,27.09.2024 00:31:01,4,NIE,,
j-2024,12,19.11.2024,19.11.2024 09:28:25,84,144,Podkarpackie,137,Ortopedia i traumatologia narządu ruchu,2024/022606,Rezydencki,89.71,4.35,03.10.2024 16:59:09,16,NIE,,
j-2024,12,19.11.2024,19.11.2024 09:28:25,84,144,Podkarpackie,138,Ortopedia i traumatologia narządu ruchu,2024/031050,Rezydencki,88.24,4.27,29.09.2024 12:36:58,16,NIE,,
j-2024,12,19.11.2024,19.11.2024 09:28:25,84,144,Podkarpackie,139,Ortopedia i traumatologia narządu ruchu,2024/028402,Rezydencki,88.24,4.03,10.10.2024 22:17:41,16,NIE,,
j-2024,12,19.11.2024,19.11.2024 09:28:25,85,144,Podkarpackie,140,Ortopedia i traumatologia narządu ruchu,2024/032636,Rezydencki,87.32,3.44,29.09.2024 18:23:59,16,NIE,,
j-2024,12,19.11.2024,19.11.2024 09:28:25,85,144,Podkarpackie,141,Ortopedia i traumatologia narządu ruchu,2024/033759,Rezydencki,86.47,3.69,30.09.2024 18:13:22,16,NIE,,
j-2024,12,19.11.2024,19.11.2024 09:28:25,85,144,Podkarpackie,142,Ortopedia i traumatologia narządu ruchu,2024/029416,Rezydencki,85.78,4.46,30.09.2024 14:52:03,16,NIE,,
j-2024,12,19.11.2024,19.11.2024 09:28:25,85,144,Podkarpackie,143,Ortopedia i traumatologia narządu ruchu,2024/031615,Rezydencki,84.80,0.00,27.09.2024 17:29:56,16,NIE,,
j-2024,12,19.11.2024,19.11.2024 09:28:25,85,144,Podkarpackie,144,Ortopedia i traumatologia narządu ruchu,2024/027948,Rezydencki,84.06,3.56,30.09.2024 22:07:20,16,NIE,,
j-2024,12,19.11.2024,19.11.2024 09:28:25,85,144,Podkarpackie,145,Ortopedia i traumatologia narządu ruchu,2024/033164,Rezydencki,81.37,3.54,30.09.2024 23:34:59,16,NIE,,
j-2024,12,19.11.2024,19.11.2024 09:28:25,85,144,Podkarpackie,146,Ortopedia i traumatologia narządu ruchu,2024/033287,Rezydencki,81.37,3.29,30.09.2024 19:16:57,16,NIE,,
j-2024,12,19.11.2024,19.11.2024 09:28:25,85,144,Podkarpackie,147,Ortopedia i traumatologia narządu ruchu,2024/032142,Rezydencki,80.88,3.89,09.10.2024 13:15:35,16,NIE,,
j-2024,12,19.11.2024,19.11.2024 09:28:25,85,144,Podkarpackie,148,Ortopedia i traumatologia narządu ruchu,2024/032727,Rezydencki,78.78,4.04,30.09.2024 21:31:19,16,NIE,,
j-2024,12,19.11.2024,19.11.2024 09:28:25,85,144,Podkarpackie,149,Ortopedia i traumatologia narządu ruchu,2024/022271,Rezydencki,72.46,4.99,03.10.2024 06:07:56,16,NIE,,
j-2024,12,19.11.2024,19.11.2024 09:28:25,85,144,Podkarpackie,150,Ortopedia i traumatologia narządu ruchu,2024/028326,Rezydencki,72.20,3.43,07.10.2024 18:00:41,16,NIE,,
j-2024,12,19.11.2024,19.11.2024 09:28:25,85,144,Podkarpackie,151,Ortopedia i traumatologia narządu ruchu,2024/033040,Rezydencki,70.53,3.75,30.09.2024 23:51:28,16,NIE,,
j-2024,12,19.11.2024,19.11.2024 09:28:25,85,144,Podkarpackie,152,Ortopedia i traumatologia narządu ruchu,2024/033933,Rezydencki,64.88,3.37,15.10.2024 20:24:56,16,NIE,,
j-2024,12,19.11.2024,19.11.2024 09:28:25,85,144,Podkarpackie,153,Otorynolaryngologia,2024/031371,Rezydencki,87.92,4.18,28.09.2024 15:37:37,4,NIE,,
j-2024,12,19.11.2024,19.11.2024 09:28:25,85,144,Podkarpackie,154,Otorynolaryngologia,2024/032232,Rezydencki,86.96,3.74,28.09.2024 22:07:52,4,NIE,,
j-2024,12,19.11.2024,19.11.2024 09:28:25,85,144,Podkarpackie,155,Otorynolaryngologia,2024/027824,Rezydencki,86.47,4.14,27.09.2024 21:41:18,4,NIE,,
j-2024,12,19.11.2024,19.11.2024 09:28:25,85,144,Podkarpackie,156,Otorynolaryngologia,2024/033445,Rezydencki,85.29,3.95,14.10.2024 23:14:27,4,NIE,,
j-2024,12,19.11.2024,19.11.2024 09:28:25,85,144,Podkarpackie,157,Pediatria,2024/024845,Rezydencki,90.82,3.87,26.09.2024 21:29:28,17,NIE,,
j-2024,12,19.11.2024,19.11.2024 09:28:25,85,144,Podkarpackie,158,Pediatria,2024/027126,Rezydencki,90.73,4.12,26.09.2024 17:54:21,17,NIE,,
j-2024,12,19.11.2024,19.11.2024 09:28:25,85,144,Podkarpackie,159,Pediatria,2024/026711,Rezydencki,89.27,4.09,24.09.2024 18:08:00,17,NIE,,
j-2024,12,19.11.2024,19.11.2024 09:28:25,85,144,Podkarpackie,160,Pediatria,2024/032897,Rezydencki,88.73,4.26,30.09.2024 23:28:06,17,NIE,,
j-2024,12,19.11.2024,19.11.2024 09:28:25,85,144,Podkarpackie,161,Pediatria,2024/022197,Rezydencki,87.80,3.79,10.09.2024 17:23:15,17,NIE,,
j-2024,12,19.11.2024,19.11.2024 09:28:25,85,144,Podkarpackie,162,Pediatria,2024/029620,Rezydencki,87.50,4.19,27.09.2024 20:03:29,17,NIE,,
j-2024,12,19.11.2024,19.11.2024 09:28:25,85,144,Podkarpackie,163,Pediatria,2024/027911,Rezydencki,86.76,3.86,09.10.2024 20:15:07,17,NIE,,
j-2024,12,19.11.2024,19.11.2024 09:28:25,85,144,Podkarpackie,164,Pediatria,2024/032720,Rezydencki,86.34,3.97,30.09.2024 13:29:33,17,NIE,,
j-2024,12,19.11.2024,19.11.2024 09:28:25,85,144,Podkarpackie,165,Pediatria,2024/032595,Rezydencki,86.34,3.78,30.09.2024 15:19:43,17,NIE,,
j-2024,12,19.11.2024,19.11.2024 09:28:25,85,144,Podkarpackie,166,Pediatria,2024/028350,Rezydencki,83.82,3.93,29.09.2024 13:49:43,17,NIE,,
j-2024,12,19.11.2024,19.11.2024 09:28:25,85,144,Podkarpackie,167,Pediatria,2024/029511,Rezydencki,83.33,3.73,29.09.2024 14:03:04,17,NIE,,
j-2024,12,19.11.2024,19.11.2024 09:28:25,85,144,Podkarpackie,168,Pediatria,2024/030962,Rezydencki,82.13,4.38,30.09.2024 20:39:53,17,NIE,,
j-2024,12,19.11.2024,19.11.2024 09:28:25,85,144,Podkarpackie,169,Pediatria,2024/029817,Rezydencki,81.37,3.89,30.09.2024 14:44:33,17,NIE,,
j-2024,12,19.11.2024,19.11.2024 09:28:25,85,144,Podkarpackie,170,Pediatria,2024/028011,Rezydencki,80.49,0.00,16.10.2024 14:37:34,17,NIE,,
j-2024,12,19.11.2024,19.11.2024 09:28:25,85,144,Podkarpackie,171,Pediatria,2024/032769,Rezydencki,77.94,0.00,15.10.2024 10:38:41,17,NIE,,
j-2024,12,19.11.2024,19.11.2024 09:28:25,85,144,Podkarpackie,172,Pediatria,2024/029236,Rezydencki,76.33,3.22,02.10.2024 21:59:19,17,NIE,,
j-2024,12,19.11.2024,19.11.2024 09:28:25,85,144,Podkarpackie,173,Pediatria,2024/027064,Rezydencki,61.76,0.00,28.09.2024 21:18:51,17,NIE,,
j-2024,12,19.11.2024,19.11.2024 09:28:25,85,144,Podkarpackie,174,Położnictwo i ginekologia,2024/024075,Rezydencki,88.78,3.43,18.09.2024 22:02:18,12,NIE,,
j-2024,12,19.11.2024,19.11.2024 09:28:25,85,144,Podkarpackie,175,Położnictwo i ginekologia,2024/027402,Rezydencki,87.99,4.12,30.09.2024 21:14:31,12,NIE,,
j-2024,12,19.11.2024,19.11.2024 09:28:25,85,144,Podkarpackie,176,Położnictwo i ginekologia,2024/024068,Rezydencki,87.80,3.68,15.10.2024 13:24:38,12,NIE,,
j-2024,12,19.11.2024,19.11.2024 09:28:25,85,144,Podkarpackie,177,Położnictwo i ginekologia,2024/031387,Rezydencki,87.44,3.71,29.09.2024 14:00:28,12,NIE,,
j-2024,12,19.11.2024,19.11.2024 09:28:25,86,144,Podkarpackie,178,Położnictwo i ginekologia,2024/028016,Rezydencki,86.83,3.93,26.09.2024 21:21:45,12,NIE,,
j-2024,12,19.11.2024,19.11.2024 09:28:25,86,144,Podkarpackie,179,Położnictwo i ginekologia,2024/028823,Rezydencki,84.54,3.98,23.09.2024 22:59:28,12,NIE,,
j-2024,12,19.11.2024,19.11.2024 09:28:25,86,144,Podkarpackie,180,Położnictwo i ginekologia,2024/030830,Rezydencki,83.33,3.78,26.09.2024 18:56:45,12,NIE,,
j-2024,12,19.11.2024,19.11.2024 09:28:25,86,144,Podkarpackie,181,Położnictwo i ginekologia,2024/029334,Rezydencki,78.43,3.22,30.09.2024 21:45:08,12,NIE,,
j-2024,12,19.11.2024,19.11.2024 09:28:25,86,144,Podkarpackie,182,Położnictwo i ginekologia,2024/032551,Rezydencki,76.96,3.54,30.09.2024 20:21:30,12,NIE,,
j-2024,12,19.11.2024,19.11.2024 09:28:25,86,144,Podkarpackie,183,Położnictwo i ginekologia,2024/026140,Rezydencki,74.40,3.19,19.09.2024 19:39:30,12,NIE,,
j-2024,12,19.11.2024,19.11.2024 09:28:25,86,144,Podkarpackie,184,Położnictwo i ginekologia,2024/030116,Rezydencki,73.17,4.90,10.10.2024 15:29:41,12,NIE,,
j-2024,12,19.11.2024,19.11.2024 09:28:25,86,144,Podkarpackie,185,Położnictwo i ginekologia,2024/028319,Rezydencki,71.08,3.61,08.10.2024 09:01:54,12,NIE,,
j-2024,12,19.11.2024,19.11.2024 09:28:25,86,144,Podkarpackie,186,Psychiatria,2024/028244,Rezydencki,90.82,4.19,28.09.2024 12:24:52,19,NIE,,
j-2024,12,19.11.2024,19.11.2024 09:28:25,86,144,Podkarpackie,187,Psychiatria,2024/028134,Rezydencki,87.32,4.20,30.09.2024 23:57:29,19,NIE,,
j-2024,12,19.11.2024,19.11.2024 09:28:25,86,144,Podkarpackie,188,Psychiatria,2024/031586,Rezydencki,86.27,3.77,27.09.2024 16:48:53,19,NIE,,
j-2024,12,19.11.2024,19.11.2024 09:28:25,86,144,Podkarpackie,189,Psychiatria,2024/031919,Rezydencki,85.85,3.97,30.09.2024 18:31:03,19,NIE,,
j-2024,12,19.11.2024,19.11.2024 09:28:25,86,144,Podkarpackie,190,Psychiatria,2024/026380,Rezydencki,84.54,4.15,26.09.2024 22:12:20,19,NIE,,
j-2024,12,19.11.2024,19.11.2024 09:28:25,86,144,Podkarpackie,191,Psychiatria,2024/032952,Rezydencki,82.61,3.76,30.09.2024 22:27:20,19,NIE,,
j-2024,12,19.11.2024,19.11.2024 09:28:25,86,144,Podkarpackie,192,Psychiatria,2024/027269,Rezydencki,80.98,3.92,15.10.2024 18:18:17,19,NIE,,
j-2024,12,19.11.2024,19.11.2024 09:28:25,86,144,Podkarpackie,193,Psychiatria,2024/030758,Rezydencki,80.88,3.31,08.10.2024 15:02:02,19,NIE,,
j-2024,12,19.11.2024,19.11.2024 09:28:25,86,144,Podkarpackie,194,Psychiatria,2024/030086,Rezydencki,80.24,3.56,07.10.2024 11:34:03,19,NIE,,
j-2024,12,19.11.2024,19.11.2024 09:28:25,86,144,Podkarpackie,195,Psychiatria,2024/033842,Rezydencki,79.51,3.53,30.09.2024 23:58:54,19,NIE,,
j-2024,12,19.11.2024,19.11.2024 09:28:25,86,144,Podkarpackie,196,Psychiatria,2024/022950,Rezydencki,79.23,3.74,06.09.2024 21:46:33,19,NIE,,
j-2024,12,19.11.2024,19.11.2024 09:28:25,86,144,Podkarpackie,197,Psychiatria,2024/024218,Rezydencki,78.54,3.80,25.09.2024 21:09:21,19,NIE,,
j-2024,12,19.11.2024,19.11.2024 09:28:25,86,144,Podkarpackie,198,Psychiatria,2024/023762,Rezydencki,74.88,3.66,07.10.2024 00:54:28,19,NIE,,
j-2024,12,19.11.2024,19.11.2024 09:28:25,86,144,Podkarpackie,199,Psychiatria,2024/031729,Rezydencki,74.51,3.81,27.09.2024 20:08:09,19,NIE,,
j-2024,12,19.11.2024,19.11.2024 09:28:25,86,144,Podkarpackie,200,Psychiatria,2024/032103,Rezydencki,74.40,3.34,14.10.2024 15:38:59,19,NIE,,
j-2024,12,19.11.2024,19.11.2024 09:28:25,86,144,Podkarpackie,201,Psychiatria,2024/030575,Rezydencki,69.61,3.86,26.09.2024 14:52:50,19,NIE,,
j-2024,12,19.11.2024,19.11.2024 09:28:25,86,144,Podkarpackie,202,Psychiatria,2024/032416,Rezydencki,69.12,3.84,30.09.2024 19:06:28,19,NIE,,
j-2024,12,19.11.2024,19.11.2024 09:28:25,86,144,Podkarpackie,203,Psychiatria,2024/032789,Rezydencki,65.69,3.25,30.09.2024 16:40:38,19,NIE,,
j-2024,12,19.11.2024,19.11.2024 09:28:25,86,144,Podkarpackie,204,Psychiatria,2024/031048,Rezydencki,64.71,4.00,26.09.2024 21:34:01,19,NIE,,
j-2024,12,19.11.2024,19.11.2024 09:28:25,86,144,Podkarpackie,205,Psychiatria,2024/032812,Pozarezydencki,62.84,3.81,16.10.2024 10:30:49,2,NIE,,
j-2024,12,19.11.2024,19.11.2024 09:28:25,86,144,Podkarpackie,206,Psychiatria,2024/022319,Pozarezydencki,60.45,3.53,21.10.2024 23:43:07,2,NIE,,
j-2024,12,19.11.2024,19.11.2024 09:28:25,86,144,Podkarpackie,207,Radiologia i diagnostyka obrazowa,2024/027233,Rezydencki,92.68,4.55,26.09.2024 18:51:22,15,NIE,,
j-2024,12,19.11.2024,19.11.2024 09:28:25,86,144,Podkarpackie,208,Radiologia i diagnostyka obrazowa,2024/031837,Rezydencki,91.22,4.39,30.09.2024 19:16:02,15,NIE,,
j-2024,12,19.11.2024,19.11.2024 09:28:25,86,144,Podkarpackie,209,Radiologia i diagnostyka obrazowa,2024/024344,Rezydencki,90.73,4.12,12.09.2024 18:26:20,15,NIE,,
j-2024,12,19.11.2024,19.11.2024 09:28:25,86,144,Podkarpackie,210,Radiologia i diagnostyka obrazowa,2024/029089,Rezydencki,88.89,4.08,30.09.2024 15:21:58,15,NIE,,
j-2024,12,19.11.2024,19.11.2024 09:28:25,86,144,Podkarpackie,211,Radiologia i diagnostyka obrazowa,2024/031453,Rezydencki,88.78,3.99,27.09.2024 14:21:41,15,NIE,,
j-2024,12,19.11.2024,19.11.2024 09:28:25,86,144,Podkarpackie,212,Radiologia i diagnostyka obrazowa,2024/032609,Rezydencki,88.73,3.62,29.09.2024 18:24:09,15,NIE,,
j-2024,12,19.11.2024,19.11.2024 09:28:25,86,144,Podkarpackie,213,Radiologia i diagnostyka obrazowa,2024/029977,Rezydencki,88.41,3.69,27.09.2024 15:36:20,15,NIE,,
j-2024,12,19.11.2024,19.11.2024 09:28:25,86,144,Podkarpackie,214,Radiologia i diagnostyka obrazowa,2024/029349,Rezydencki,87.92,4.36,25.09.2024 22:58:58,15,NIE,,
j-2024,12,19.11.2024,19.11.2024 09:28:25,86,144,Podkarpackie,215,Radiologia i diagnostyka obrazowa,2024/028918,Rezydencki,87.80,3.43,27.09.2024 17:46:52,15,NIE,,
j-2024,12,19.11.2024,19.11.2024 09:28:25,87,144,Podkarpackie,216,Radiologia i diagnostyka obrazowa,2024/031473,Rezydencki,86.96,4.08,30.09.2024 13:18:31,15,NIE,,
j-2024,12,19.11.2024,19.11.2024 09:28:25,87,144,Podkarpackie,217,Radiologia i diagnostyka obrazowa,2024/028415,Rezydencki,85.61,3.61,27.09.2024 16:19:50,15,NIE,,
j-2024,12,19.11.2024,19.11.2024 09:28:25,87,144,Podkarpackie,218,Radiologia i diagnostyka obrazowa,2024/032686,Rezydencki,85.51,4.23,11.10.2024 22:43:11,15,NIE,,
j-2024,12,19.11.2024,19.11.2024 09:28:25,87,144,Podkarpackie,219,Radiologia i diagnostyka obrazowa,2024/029697,Rezydencki,85.51,3.95,25.09.2024 16:48:37,15,NIE,,
j-2024,12,19.11.2024,19.11.2024 09:28:25,87,144,Podkarpackie,220,Radiologia i diagnostyka obrazowa,2024/026007,Rezydencki,85.29,3.90,13.10.2024 22:17:25,15,NIE,,
j-2024,12,19.11.2024,19.11.2024 09:28:25,87,144,Podkarpackie,221,Radiologia i diagnostyka obrazowa,2024/031215,Rezydencki,85.29,3.89,26.09.2024 23:43:30,15,NIE,,
j-2024,12,19.11.2024,19.11.2024 09:28:25,87,144,Podkarpackie,222,Radioterapia onkologiczna,2024/030301,Rezydencki,83.33,3.50,26.09.2024 07:05:28,1,NIE,,
j-2024,12,19.11.2024,19.11.2024 09:28:25,87,144,Podkarpackie,223,Reumatologia,2024/032373,Rezydencki,91.30,4.31,30.09.2024 18:48:10,4,NIE,,
j-2024,12,19.11.2024,19.11.2024 09:28:25,87,144,Podkarpackie,224,Reumatologia,2024/027806,Rezydencki,89.76,4.36,30.09.2024 15:29:48,4,NIE,,
j-2024,12,19.11.2024,19.11.2024 09:28:25,87,144,Podkarpackie,225,Reumatologia,2024/024274,Rezydencki,89.76,4.25,29.09.2024 22:21:04,4,NIE,,
j-2024,12,19.11.2024,19.11.2024 09:28:25,87,144,Podkarpackie,226,Reumatologia,2024/033922,Rezydencki,88.41,4.18,30.09.2024 20:16:13,4,NIE,,
j-2024,12,19.11.2024,19.11.2024 09:28:25,87,144,Podkarpackie,227,Reumatologia,2024/024517,Pozarezydencki,83.26,4.00,09.10.2024 14:18:43,1,NIE,,
j-2024,12,19.11.2024,19.11.2024 09:28:25,87,144,Podkarpackie,228,Stomatologia dziecięca,2024/025766,Rezydencki,77.40,0.00,08.10.2024 16:26:54,1,NIE,,
j-2024,12,19.11.2024,19.11.2024 09:28:25,87,144,Podkarpackie,229,Urologia,2024/030630,Rezydencki,91.79,4.08,27.09.2024 10:20:44,4,NIE,,
j-2024,12,19.11.2024,19.11.2024 09:28:25,87,144,Podkarpackie,230,Urologia,2024/022562,Rezydencki,91.42,4.25,19.09.2024 16:40:51,4,NIE,,
j-2024,12,19.11.2024,19.11.2024 09:28:25,87,144,Podkarpackie,231,Urologia,2024/031620,Rezydencki,88.89,3.66,27.09.2024 23:03:12,4,NIE,,
j-2024,12,19.11.2024,19.11.2024 09:28:25,87,144,Podkarpackie,232,Urologia,2024/027013,Rezydencki,88.78,3.82,29.09.2024 21:47:43,4,NIE,,
j-2024,12,19.11.2024,19.11.2024 09:28:25,87,144,Podkarpackie,1,Dermatologia i wenerologia,2024/025986,Rezydencki,87.38,4.19,14.09.2024 22:01:36,2,TAK,UNIWERSYTECKI SZPITAL KLINICZNY IM.FRYDERYKA CHOPINA W RZESZOWIE,Klinika Dermatologii
j-2024,12,19.11.2024,19.11.2024 09:28:25,87,144,Podkarpackie,2,Dermatologia i wenerologia,2024/022527,Rezydencki,85.12,3.75,28.09.2024 10:39:27,2,TAK,UNIWERSYTECKI SZPITAL KLINICZNY IM.FRYDERYKA CHOPINA W RZESZOWIE,Klinika Dermatologii
j-2024,12,19.11.2024,19.11.2024 09:28:25,87,144,Podlaskie,1,Anestezjologia i intensywna terapia,2024/029485,Rezydencki,90.82,4.44,25.09.2024 11:00:41,12,NIE,,
j-2024,12,19.11.2024,19.11.2024 09:28:25,87,144,Podlaskie,2,Anestezjologia i intensywna terapia,2024/022947,Rezydencki,89.86,4.11,02.09.2024 13:41:15,12,NIE,,
j-2024,12,19.11.2024,19.11.2024 09:28:25,87,144,Podlaskie,3,Anestezjologia i intensywna terapia,2024/033432,Rezydencki,89.76,4.47,30.09.2024 22:56:32,12,NIE,,
j-2024,12,19.11.2024,19.11.2024 09:28:25,87,144,Podlaskie,4,Anestezjologia i intensywna terapia,2024/024157,Rezydencki,89.27,4.71,26.09.2024 11:02:29,12,NIE,,
j-2024,12,19.11.2024,19.11.2024 09:28:25,87,144,Podlaskie,5,Anestezjologia i intensywna terapia,2024/032535,Rezydencki,89.02,4.06,30.09.2024 17:12:52,12,NIE,,
j-2024,12,19.11.2024,19.11.2024 09:28:25,87,144,Podlaskie,6,Anestezjologia i intensywna terapia,2024/032136,Rezydencki,88.89,4.08,29.09.2024 21:45:04,12,NIE,,
j-2024,12,19.11.2024,19.11.2024 09:28:25,87,144,Podlaskie,7,Anestezjologia i intensywna terapia,2024/030465,Rezydencki,87.25,4.24,26.09.2024 19:45:17,12,NIE,,
j-2024,12,19.11.2024,19.11.2024 09:28:25,87,144,Podlaskie,8,Anestezjologia i intensywna terapia,2024/022190,Rezydencki,86.96,3.33,01.09.2024 19:19:31,12,NIE,,
j-2024,12,19.11.2024,19.11.2024 09:28:25,87,144,Podlaskie,9,Anestezjologia i intensywna terapia,2024/026494,Rezydencki,85.51,3.94,29.09.2024 21:11:01,12,NIE,,
j-2024,12,19.11.2024,19.11.2024 09:28:25,87,144,Podlaskie,10,Anestezjologia i intensywna terapia,2024/022623,Rezydencki,85.37,3.88,26.09.2024 19:27:45,12,NIE,,
j-2024,12,19.11.2024,19.11.2024 09:28:25,88,144,Podlaskie,11,Anestezjologia i intensywna terapia,2024/032202,Rezydencki,85.12,4.16,28.09.2024 21:32:34,12,NIE,,
j-2024,12,19.11.2024,19.11.2024 09:28:25,88,144,Podlaskie,12,Anestezjologia i intensywna terapia,2024/022204,Rezydencki,84.63,3.55,01.09.2024 00:24:12,12,NIE,,
j-2024,12,19.11.2024,19.11.2024 09:28:25,88,144,Podlaskie,13,Chirurgia dziecięca,2024/029759,Rezydencki,81.86,3.40,30.09.2024 14:39:55,1,NIE,,
j-2024,12,19.11.2024,19.11.2024 09:28:25,88,144,Podlaskie,14,Chirurgia ogólna,2024/029363,Rezydencki,88.16,4.22,30.09.2024 01:21:53,4,NIE,,
j-2024,12,19.11.2024,19.11.2024 09:28:25,88,144,Podlaskie,15,Chirurgia ogólna,2024/033693,Rezydencki,87.44,4.64,30.09.2024 16:57:28,4,NIE,,
j-2024,12,19.11.2024,19.11.2024 09:28:25,88,144,Podlaskie,16,Chirurgia ogólna,2024/031898,Rezydencki,86.96,3.87,30.09.2024 23:59:18,4,NIE,,
j-2024,12,19.11.2024,19.11.2024 09:28:25,88,144,Podlaskie,17,Chirurgia ogólna,2024/027742,Rezydencki,85.02,3.82,22.09.2024 19:22:01,4,NIE,,
j-2024,12,19.11.2024,19.11.2024 09:28:25,88,144,Podlaskie,18,Chirurgia szczękowo-twarzowa,2024/029296,Rezydencki,83.65,4.02,24.09.2024 20:51:45,1,NIE,,
j-2024,12,19.11.2024,19.11.2024 09:28:25,88,144,Podlaskie,19,Choroby płuc,2024/030859,Rezydencki,89.86,4.60,27.09.2024 22:15:28,8,NIE,,
j-2024,12,19.11.2024,19.11.2024 09:28:25,88,144,Podlaskie,20,Choroby płuc,2024/031569,Rezydencki,88.73,4.19,27.09.2024 16:26:18,8,NIE,,
j-2024,12,19.11.2024,19.11.2024 09:28:25,88,144,Podlaskie,21,Choroby płuc,2024/030919,Rezydencki,86.34,3.97,26.09.2024 19:41:06,8,NIE,,
j-2024,12,19.11.2024,19.11.2024 09:28:25,88,144,Podlaskie,22,Choroby płuc,2024/025376,Rezydencki,85.99,4.09,11.09.2024 21:24:38,8,NIE,,
j-2024,12,19.11.2024,19.11.2024 09:28:25,88,144,Podlaskie,23,Choroby płuc,2024/028610,Rezydencki,78.74,3.73,29.09.2024 23:40:44,8,NIE,,
j-2024,12,19.11.2024,19.11.2024 09:28:25,88,144,Podlaskie,24,Choroby płuc,2024/027450,Rezydencki,78.26,3.63,29.09.2024 11:03:40,8,NIE,,
j-2024,12,19.11.2024,19.11.2024 09:28:25,88,144,Podlaskie,25,Choroby płuc,2024/028554,Rezydencki,76.59,3.36,30.09.2024 21:51:44,8,NIE,,
j-2024,12,19.11.2024,19.11.2024 09:28:25,88,144,Podlaskie,26,Choroby płuc,2024/024931,Rezydencki,71.98,3.98,10.09.2024 12:20:22,8,NIE,,
j-2024,12,19.11.2024,19.11.2024 09:28:25,88,144,Podlaskie,27,Choroby płuc,2024/023364,Pozarezydencki,55.66,3.09,09.09.2024 10:44:55,1,NIE,,
j-2024,12,19.11.2024,19.11.2024 09:28:25,88,144,Podlaskie,28,Choroby płuc dzieci,2024/029917,Rezydencki,87.32,4.34,25.09.2024 21:19:42,1,NIE,,
j-2024,12,19.11.2024,19.11.2024 09:28:25,88,144,Podlaskie,29,Choroby wewnętrzne,2024/024259,Rezydencki,88.41,3.84,27.09.2024 21:54:47,12,NIE,,
j-2024,12,19.11.2024,19.11.2024 09:28:25,88,144,Podlaskie,30,Choroby wewnętrzne,2024/022348,Rezydencki,87.25,3.68,26.09.2024 16:24:41,12,NIE,,
j-2024,12,19.11.2024,19.11.2024 09:28:25,88,144,Podlaskie,31,Choroby wewnętrzne,2024/031535,Rezydencki,86.47,4.06,29.09.2024 15:17:03,12,NIE,,
j-2024,12,19.11.2024,19.11.2024 09:28:25,88,144,Podlaskie,32,Choroby wewnętrzne,2024/027093,Rezydencki,85.99,3.86,22.09.2024 14:32:10,12,NIE,,
j-2024,12,19.11.2024,19.11.2024 09:28:25,88,144,Podlaskie,33,Choroby wewnętrzne,2024/029888,Rezydencki,85.51,4.01,26.09.2024 23:22:30,12,NIE,,
j-2024,12,19.11.2024,19.11.2024 09:28:25,88,144,Podlaskie,34,Choroby wewnętrzne,2024/023417,Rezydencki,82.93,3.77,30.09.2024 13:32:34,12,NIE,,
j-2024,12,19.11.2024,19.11.2024 09:28:25,88,144,Podlaskie,35,Choroby wewnętrzne,2024/031655,Rezydencki,82.35,4.21,27.09.2024 18:25:17,12,NIE,,
j-2024,12,19.11.2024,19.11.2024 09:28:25,88,144,Podlaskie,36,Choroby wewnętrzne,2024/033549,Rezydencki,81.86,3.80,30.09.2024 14:23:26,12,NIE,,
j-2024,12,19.11.2024,19.11.2024 09:28:25,88,144,Podlaskie,37,Choroby wewnętrzne,2024/023784,Rezydencki,81.86,3.56,30.09.2024 21:29:07,12,NIE,,
j-2024,12,19.11.2024,19.11.2024 09:28:25,88,144,Podlaskie,38,Choroby wewnętrzne,2024/024732,Rezydencki,77.56,4.15,27.09.2024 13:08:42,12,NIE,,
j-2024,12,19.11.2024,19.11.2024 09:28:25,88,144,Podlaskie,39,Choroby wewnętrzne,2024/027671,Rezydencki,75.12,3.50,14.10.2024 19:24:45,12,NIE,,
j-2024,12,19.11.2024,19.11.2024 09:28:25,88,144,Podlaskie,40,Choroby wewnętrzne,2024/033479,Rezydencki,67.65,3.16,30.09.2024 13:09:30,12,NIE,,
j-2024,12,19.11.2024,19.11.2024 09:28:25,88,144,Podlaskie,41,Choroby wewnętrzne,2024/028115,Pozarezydencki,80.73,4.59,13.10.2024 09:28:18,1,NIE,,
j-2024,12,19.11.2024,19.11.2024 09:28:25,88,144,Podlaskie,42,Choroby zakaźne,2024/030937,Rezydencki,83.57,3.76,26.09.2024 19:58:33,2,NIE,,
j-2024,12,19.11.2024,19.11.2024 09:28:25,88,144,Podlaskie,43,Choroby zakaźne,2024/031733,Rezydencki,80.88,0.00,14.10.2024 19:02:07,2,NIE,,
j-2024,12,19.11.2024,19.11.2024 09:28:25,88,144,Podlaskie,44,Dermatologia i wenerologia,2024/026396,Rezydencki,93.17,4.52,16.09.2024 17:00:24,2,NIE,,
j-2024,12,19.11.2024,19.11.2024 09:28:25,88,144,Podlaskie,45,Dermatologia i wenerologia,2024/029998,Rezydencki,92.20,4.55,30.09.2024 06:36:31,2,NIE,,
j-2024,12,19.11.2024,19.11.2024 09:28:25,88,144,Podlaskie,46,Diabetologia,2024/030819,Rezydencki,92.68,4.65,26.09.2024 18:42:25,3,NIE,,
j-2024,12,19.11.2024,19.11.2024 09:28:25,88,144,Podlaskie,47,Diabetologia,2024/030347,Rezydencki,88.41,4.26,26.09.2024 20:08:50,3,NIE,,
j-2024,12,19.11.2024,19.11.2024 09:28:25,88,144,Podlaskie,48,Diabetologia,2024/025835,Rezydencki,88.16,4.02,27.09.2024 15:35:19,3,NIE,,
j-2024,12,19.11.2024,19.11.2024 09:28:25,89,144,Podlaskie,49,Diabetologia,2024/030587,Pozarezydencki,76.87,4.31,18.10.2024 09:19:21,1,NIE,,
j-2024,12,19.11.2024,19.11.2024 09:28:25,89,144,Podlaskie,50,Endokrynologia,2024/026669,Pozarezydencki,82.95,4.22,17.09.2024 15:36:58,2,NIE,,
j-2024,12,19.11.2024,19.11.2024 09:28:25,89,144,Podlaskie,51,Endokrynologia,2024/031834,Pozarezydencki,82.95,4.03,27.09.2024 23:10:16,2,NIE,,
j-2024,12,19.11.2024,19.11.2024 09:28:25,89,144,Podlaskie,52,Endokrynologia ginekologiczna i rozrodczość,2024/023371,Pozarezydencki,87.27,4.76,10.10.2024 12:57:50,2,NIE,,
j-2024,12,19.11.2024,19.11.2024 09:28:25,89,144,Podlaskie,53,Endokrynologia ginekologiczna i rozrodczość,2024/023851,Pozarezydencki,84.55,4.17,09.10.2024 14:47:45,2,NIE,,
j-2024,12,19.11.2024,19.11.2024 09:28:25,89,144,Podlaskie,54,Endokrynologia i diabetologia dziecięca,2024/030130,Rezydencki,86.23,4.05,30.09.2024 17:23:26,2,NIE,,
j-2024,12,19.11.2024,19.11.2024 09:28:25,89,144,Podlaskie,55,Endokrynologia i diabetologia dziecięca,2024/029811,Rezydencki,84.06,3.57,25.09.2024 17:29:04,2,NIE,,
j-2024,12,19.11.2024,19.11.2024 09:28:25,89,144,Podlaskie,56,Gastroenterologia,2024/028155,Rezydencki,89.95,4.40,23.09.2024 12:44:06,2,NIE,,
j-2024,12,19.11.2024,19.11.2024 09:28:25,89,144,Podlaskie,57,Gastroenterologia,2024/030800,Rezydencki,89.86,4.79,28.09.2024 18:37:41,2,NIE,,
j-2024,12,19.11.2024,19.11.2024 09:28:25,89,144,Podlaskie,58,Gastroenterologia,2024/026444,Pozarezydencki,75.45,3.98,16.10.2024 15:12:31,1,NIE,,
j-2024,12,19.11.2024,19.11.2024 09:28:25,89,144,Podlaskie,59,Gastroenterologia dziecięca,2024/026789,Rezydencki,85.51,3.70,10.10.2024 16:08:58,3,NIE,,
j-2024,12,19.11.2024,19.11.2024 09:28:25,89,144,Podlaskie,60,Gastroenterologia dziecięca,2024/029796,Rezydencki,85.37,4.27,25.09.2024 17:14:32,3,NIE,,
j-2024,12,19.11.2024,19.11.2024 09:28:25,89,144,Podlaskie,61,Gastroenterologia dziecięca,2024/031646,Rezydencki,79.41,3.46,27.09.2024 18:02:45,3,NIE,,
j-2024,12,19.11.2024,19.11.2024 09:28:25,89,144,Podlaskie,62,Geriatria,2024/026166,Rezydencki,86.67,3.55,09.10.2024 20:49:05,1,NIE,,
j-2024,12,19.11.2024,19.11.2024 09:28:25,89,144,Podlaskie,63,Ginekologia onkologiczna,2024/024321,Pozarezydencki,73.15,3.70,13.10.2024 11:25:53,3,NIE,,
j-2024,12,19.11.2024,19.11.2024 09:28:25,89,144,Podlaskie,64,Ginekologia onkologiczna,2024/024406,Pozarezydencki,70.91,3.78,11.10.2024 16:06:53,3,NIE,,
j-2024,12,19.11.2024,19.11.2024 09:28:25,89,144,Podlaskie,65,Ginekologia onkologiczna,2024/033411,Pozarezydencki,57.27,0.00,25.10.2024 11:36:56,3,NIE,,
j-2024,12,19.11.2024,19.11.2024 09:28:25,89,144,Podlaskie,66,Kardiologia,2024/024019,Rezydencki,91.22,4.56,05.09.2024 17:09:18,8,NIE,,
j-2024,12,19.11.2024,19.11.2024 09:28:25,89,144,Podlaskie,67,Kardiologia,2024/027538,Rezydencki,89.22,3.94,24.09.2024 15:46:56,8,NIE,,
j-2024,12,19.11.2024,19.11.2024 09:28:25,89,144,Podlaskie,68,Kardiologia,2024/031172,Rezydencki,88.97,3.68,26.09.2024 22:47:35,8,NIE,,
j-2024,12,19.11.2024,19.11.2024 09:28:25,89,144,Podlaskie,69,Kardiologia,2024/030957,Rezydencki,88.24,3.95,26.09.2024 20:24:11,8,NIE,,
j-2024,12,19.11.2024,19.11.2024 09:28:25,89,144,Podlaskie,70,Kardiologia,2024/022952,Rezydencki,87.92,3.98,11.09.2024 18:03:00,8,NIE,,
j-2024,12,19.11.2024,19.11.2024 09:28:25,89,144,Podlaskie,71,Kardiologia,2024/023202,Rezydencki,87.75,3.86,11.09.2024 19:14:34,8,NIE,,
j-2024,12,19.11.2024,19.11.2024 09:28:25,89,144,Podlaskie,72,Kardiologia,2024/026478,Rezydencki,87.25,4.54,08.10.2024 20:37:56,8,NIE,,
j-2024,12,19.11.2024,19.11.2024 09:28:25,89,144,Podlaskie,73,Kardiologia,2024/022632,Rezydencki,87.25,3.98,29.09.2024 23:15:33,8,NIE,,
j-2024,12,19.11.2024,19.11.2024 09:28:25,89,144,Podlaskie,74,Kardiologia dziecięca,2024/029900,Rezydencki,89.27,4.24,25.09.2024 18:26:06,1,NIE,,
j-2024,12,19.11.2024,19.11.2024 09:28:25,89,144,Podlaskie,75,Kardiologia dziecięca,2024/026049,Pozarezydencki,80.00,0.00,11.10.2024 18:08:15,2,NIE,,
j-2024,12,19.11.2024,19.11.2024 09:28:25,89,144,Podlaskie,76,Kardiologia dziecięca,2024/032417,Pozarezydencki,71.36,0.00,18.10.2024 09:58:09,2,NIE,,
j-2024,12,19.11.2024,19.11.2024 09:28:25,89,144,Podlaskie,77,Medycyna rodzinna,2024/033545,Rezydencki,88.78,4.14,30.09.2024 14:20:17,23,NIE,,
j-2024,12,19.11.2024,19.11.2024 09:28:25,89,144,Podlaskie,78,Medycyna rodzinna,2024/032648,Rezydencki,88.41,4.58,30.09.2024 20:23:11,23,NIE,,
j-2024,12,19.11.2024,19.11.2024 09:28:25,89,144,Podlaskie,79,Medycyna rodzinna,2024/026746,Rezydencki,88.41,4.21,22.09.2024 12:39:47,23,NIE,,
j-2024,12,19.11.2024,19.11.2024 09:28:25,89,144,Podlaskie,80,Medycyna rodzinna,2024/022239,Rezydencki,86.96,4.34,01.09.2024 01:11:35,23,NIE,,
j-2024,12,19.11.2024,19.11.2024 09:28:25,89,144,Podlaskie,81,Medycyna rodzinna,2024/028707,Rezydencki,86.96,4.08,30.09.2024 22:16:02,23,NIE,,
j-2024,12,19.11.2024,19.11.2024 09:28:25,89,144,Podlaskie,82,Medycyna rodzinna,2024/026696,Rezydencki,86.47,3.98,17.09.2024 16:28:29,23,NIE,,
j-2024,12,19.11.2024,19.11.2024 09:28:25,89,144,Podlaskie,83,Medycyna rodzinna,2024/029401,Rezydencki,86.47,3.88,30.09.2024 17:54:23,23,NIE,,
j-2024,12,19.11.2024,19.11.2024 09:28:25,89,144,Podlaskie,84,Medycyna rodzinna,2024/027319,Rezydencki,86.27,4.16,28.09.2024 10:17:26,23,NIE,,
j-2024,12,19.11.2024,19.11.2024 09:28:25,89,144,Podlaskie,85,Medycyna rodzinna,2024/026884,Rezydencki,85.51,3.95,18.09.2024 08:49:15,23,NIE,,
j-2024,12,19.11.2024,19.11.2024 09:28:25,89,144,Podlaskie,86,Medycyna rodzinna,2024/032556,Rezydencki,85.51,3.84,29.09.2024 16:56:35,23,NIE,,
j-2024,12,19.11.2024,19.11.2024 09:28:25,90,144,Podlaskie,87,Medycyna rodzinna,2024/027990,Rezydencki,83.90,3.67,22.09.2024 16:59:25,23,NIE,,
j-2024,12,19.11.2024,19.11.2024 09:28:25,90,144,Podlaskie,88,Medycyna rodzinna,2024/027732,Rezydencki,83.41,4.10,28.09.2024 19:19:15,23,NIE,,
j-2024,12,19.11.2024,19.11.2024 09:28:25,90,144,Podlaskie,89,Medycyna rodzinna,2024/025386,Rezydencki,83.17,3.71,11.09.2024 22:06:05,23,NIE,,
j-2024,12,19.11.2024,19.11.2024 09:28:25,90,144,Podlaskie,90,Medycyna rodzinna,2024/032003,Rezydencki,83.09,3.33,28.09.2024 14:46:02,23,NIE,,
j-2024,12,19.11.2024,19.11.2024 09:28:25,90,144,Podlaskie,91,Medycyna rodzinna,2024/031285,Rezydencki,80.39,4.19,10.10.2024 09:12:26,23,NIE,,
j-2024,12,19.11.2024,19.11.2024 09:28:25,90,144,Podlaskie,92,Medycyna rodzinna,2024/033573,Rezydencki,79.90,3.74,30.09.2024 14:45:09,23,NIE,,
j-2024,12,19.11.2024,19.11.2024 09:28:25,90,144,Podlaskie,93,Medycyna rodzinna,2024/027427,Rezydencki,79.23,3.91,30.09.2024 20:01:14,23,NIE,,
j-2024,12,19.11.2024,19.11.2024 09:28:25,90,144,Podlaskie,94,Medycyna rodzinna,2024/033451,Rezydencki,77.78,4.06,11.10.2024 14:59:07,23,NIE,,
j-2024,12,19.11.2024,19.11.2024 09:28:25,90,144,Podlaskie,95,Medycyna rodzinna,2024/023620,Rezydencki,76.33,3.50,08.10.2024 13:38:30,23,NIE,,
j-2024,12,19.11.2024,19.11.2024 09:28:25,90,144,Podlaskie,96,Medycyna rodzinna,2024/029756,Rezydencki,76.33,3.20,26.09.2024 10:48:27,23,NIE,,
j-2024,12,19.11.2024,19.11.2024 09:28:25,90,144,Podlaskie,97,Medycyna rodzinna,2024/030136,Rezydencki,73.66,4.11,25.09.2024 22:14:41,23,NIE,,
j-2024,12,19.11.2024,19.11.2024 09:28:25,90,144,Podlaskie,98,Medycyna rodzinna,2024/030709,Rezydencki,70.53,3.54,30.09.2024 16:21:51,23,NIE,,
j-2024,12,19.11.2024,19.11.2024 09:28:25,90,144,Podlaskie,99,Medycyna rodzinna,2024/030333,Rezydencki,68.12,3.18,27.09.2024 09:31:27,23,NIE,,
j-2024,12,19.11.2024,19.11.2024 09:28:25,90,144,Podlaskie,100,Nefrologia,2024/023289,Rezydencki,88.41,4.34,11.09.2024 22:49:54,1,NIE,,
j-2024,12,19.11.2024,19.11.2024 09:28:25,90,144,Podlaskie,101,Nefrologia,2024/033342,Pozarezydencki,71.56,4.34,14.10.2024 21:16:58,1,NIE,,
j-2024,12,19.11.2024,19.11.2024 09:28:25,90,144,Podlaskie,102,Neurologia,2024/032617,Rezydencki,90.73,4.68,29.09.2024 18:47:22,9,NIE,,
j-2024,12,19.11.2024,19.11.2024 09:28:25,90,144,Podlaskie,103,Neurologia,2024/024399,Rezydencki,89.27,4.37,08.09.2024 12:54:51,9,NIE,,
j-2024,12,19.11.2024,19.11.2024 09:28:25,90,144,Podlaskie,104,Neurologia,2024/025383,Rezydencki,89.27,4.21,11.09.2024 21:53:53,9,NIE,,
j-2024,12,19.11.2024,19.11.2024 09:28:25,90,144,Podlaskie,105,Neurologia,2024/024072,Rezydencki,88.41,4.23,25.09.2024 19:55:51,9,NIE,,
j-2024,12,19.11.2024,19.11.2024 09:28:25,90,144,Podlaskie,106,Neurologia,2024/022316,Rezydencki,88.29,4.20,01.09.2024 12:20:09,9,NIE,,
j-2024,12,19.11.2024,19.11.2024 09:28:25,90,144,Podlaskie,107,Neurologia,2024/029484,Rezydencki,87.80,4.23,25.09.2024 11:00:39,9,NIE,,
j-2024,12,19.11.2024,19.11.2024 09:28:25,90,144,Podlaskie,108,Neurologia,2024/025931,Rezydencki,86.76,4.53,28.09.2024 10:57:24,9,NIE,,
j-2024,12,19.11.2024,19.11.2024 09:28:25,90,144,Podlaskie,109,Neurologia,2024/029847,Rezydencki,84.88,3.77,25.09.2024 18:11:12,9,NIE,,
j-2024,12,19.11.2024,19.11.2024 09:28:25,90,144,Podlaskie,110,Neurologia,2024/032667,Rezydencki,61.46,2.87,29.09.2024 18:52:12,9,NIE,,
j-2024,12,19.11.2024,19.11.2024 09:28:25,90,144,Podlaskie,111,Neurologia dziecięca,2024/028023,Rezydencki,82.84,3.96,30.09.2024 13:32:57,2,NIE,,
j-2024,12,19.11.2024,19.11.2024 09:28:25,90,144,Podlaskie,112,Neurologia dziecięca,2024/026593,Rezydencki,78.74,3.70,30.09.2024 18:54:03,2,NIE,,
j-2024,12,19.11.2024,19.11.2024 09:28:25,90,144,Podlaskie,113,Okulistyka,2024/031555,Rezydencki,93.17,4.53,28.09.2024 11:46:51,5,NIE,,
j-2024,12,19.11.2024,19.11.2024 09:28:25,90,144,Podlaskie,114,Okulistyka,2024/025581,Rezydencki,91.18,4.53,19.09.2024 12:55:59,5,NIE,,
j-2024,12,19.11.2024,19.11.2024 09:28:25,90,144,Podlaskie,115,Okulistyka,2024/024765,Rezydencki,90.20,4.65,27.09.2024 09:18:15,5,NIE,,
j-2024,12,19.11.2024,19.11.2024 09:28:25,90,144,Podlaskie,116,Okulistyka,2024/032331,Rezydencki,89.76,4.06,29.09.2024 23:01:41,5,NIE,,
j-2024,12,19.11.2024,19.11.2024 09:28:25,90,144,Podlaskie,117,Okulistyka,2024/029221,Rezydencki,89.37,4.32,27.09.2024 21:22:53,5,NIE,,
j-2024,12,19.11.2024,19.11.2024 09:28:25,90,144,Podlaskie,118,Okulistyka,2024/022472,Pozarezydencki,81.86,4.51,02.09.2024 16:11:26,2,NIE,,
j-2024,12,19.11.2024,19.11.2024 09:28:25,90,144,Podlaskie,119,Okulistyka,2024/022798,Pozarezydencki,77.57,4.16,17.10.2024 18:00:14,2,NIE,,
j-2024,12,19.11.2024,19.11.2024 09:28:25,90,144,Podlaskie,120,Onkologia i hematologia dziecięca,2024/034029,Pozarezydencki,73.41,4.15,15.10.2024 17:47:42,1,NIE,,
j-2024,12,19.11.2024,19.11.2024 09:28:25,90,144,Podlaskie,121,Ortopedia i traumatologia narządu ruchu,2024/026421,Rezydencki,88.78,4.15,16.09.2024 18:05:34,8,NIE,,
j-2024,12,19.11.2024,19.11.2024 09:28:25,90,144,Podlaskie,122,Ortopedia i traumatologia narządu ruchu,2024/029838,Rezydencki,88.29,4.20,25.09.2024 18:26:16,8,NIE,,
j-2024,12,19.11.2024,19.11.2024 09:28:25,90,144,Podlaskie,123,Ortopedia i traumatologia narządu ruchu,2024/030771,Rezydencki,84.06,3.87,30.09.2024 21:12:04,8,NIE,,
j-2024,12,19.11.2024,19.11.2024 09:28:25,90,144,Podlaskie,124,Ortopedia i traumatologia narządu ruchu,2024/026659,Rezydencki,82.35,4.04,14.10.2024 14:47:26,8,NIE,,
j-2024,12,19.11.2024,19.11.2024 09:28:25,91,144,Podlaskie,125,Ortopedia i traumatologia narządu ruchu,2024/031770,Rezydencki,82.13,3.73,30.09.2024 20:06:39,8,NIE,,
j-2024,12,19.11.2024,19.11.2024 09:28:25,91,144,Podlaskie,126,Ortopedia i traumatologia narządu ruchu,2024/028007,Rezydencki,80.88,3.78,30.09.2024 22:30:13,8,NIE,,
j-2024,12,19.11.2024,19.11.2024 09:28:25,91,144,Podlaskie,127,Ortopedia i traumatologia narządu ruchu,2024/025605,Rezydencki,70.73,3.54,29.09.2024 16:00:59,8,NIE,,
j-2024,12,19.11.2024,19.11.2024 09:28:25,91,144,Podlaskie,128,Ortopedia i traumatologia narządu ruchu,2024/031588,Rezydencki,57.49,3.27,27.09.2024 16:57:10,8,NIE,,
j-2024,12,19.11.2024,19.11.2024 09:28:25,91,144,Podlaskie,129,Otorynolaryngologia,2024/033075,Rezydencki,86.23,4.16,30.09.2024 17:08:25,1,NIE,,
j-2024,12,19.11.2024,19.11.2024 09:28:25,91,144,Podlaskie,130,Pediatria,2024/024037,Rezydencki,89.37,4.58,30.09.2024 16:18:00,5,NIE,,
j-2024,12,19.11.2024,19.11.2024 09:28:25,91,144,Podlaskie,131,Pediatria,2024/029908,Rezydencki,88.89,4.13,27.09.2024 17:05:39,5,NIE,,
j-2024,12,19.11.2024,19.11.2024 09:28:25,91,144,Podlaskie,132,Pediatria,2024/027770,Rezydencki,88.24,4.27,27.09.2024 14:35:38,5,NIE,,
j-2024,12,19.11.2024,19.11.2024 09:28:25,91,144,Podlaskie,133,Pediatria,2024/022731,Rezydencki,87.25,4.76,30.09.2024 20:58:57,5,NIE,,
j-2024,12,19.11.2024,19.11.2024 09:28:25,91,144,Podlaskie,134,Pediatria,2024/026105,Rezydencki,86.96,3.88,15.09.2024 18:15:21,5,NIE,,
j-2024,12,19.11.2024,19.11.2024 09:28:25,91,144,Podlaskie,135,Periodontologia,2024/026524,Pozarezydencki,82.11,4.11,16.09.2024 23:42:27,1,NIE,,
j-2024,12,19.11.2024,19.11.2024 09:28:25,91,144,Podlaskie,136,Położnictwo i ginekologia,2024/030889,Rezydencki,88.78,4.52,28.09.2024 22:15:52,3,NIE,,
j-2024,12,19.11.2024,19.11.2024 09:28:25,91,144,Podlaskie,137,Położnictwo i ginekologia,2024/031778,Rezydencki,86.59,3.94,29.09.2024 17:07:05,3,NIE,,
j-2024,12,19.11.2024,19.11.2024 09:28:25,91,144,Podlaskie,138,Położnictwo i ginekologia,2024/033608,Rezydencki,83.33,3.76,30.09.2024 15:19:37,3,NIE,,
j-2024,12,19.11.2024,19.11.2024 09:28:25,91,144,Podlaskie,139,Protetyka stomatologiczna,2024/027251,Rezydencki,82.21,4.55,27.09.2024 09:58:49,3,NIE,,
j-2024,12,19.11.2024,19.11.2024 09:28:25,91,144,Podlaskie,140,Protetyka stomatologiczna,2024/025047,Rezydencki,80.19,3.52,17.09.2024 17:03:25,3,NIE,,
j-2024,12,19.11.2024,19.11.2024 09:28:25,91,144,Podlaskie,141,Protetyka stomatologiczna,2024/024979,Rezydencki,78.57,3.58,10.09.2024 21:34:07,3,NIE,,
j-2024,12,19.11.2024,19.11.2024 09:28:25,91,144,Podlaskie,142,Psychiatria,2024/031233,Rezydencki,86.96,4.02,27.09.2024 00:38:50,10,NIE,,
j-2024,12,19.11.2024,19.11.2024 09:28:25,91,144,Podlaskie,143,Psychiatria,2024/022805,Rezydencki,86.83,3.71,03.09.2024 12:26:46,10,NIE,,
j-2024,12,19.11.2024,19.11.2024 09:28:25,91,144,Podlaskie,144,Psychiatria,2024/030930,Rezydencki,85.02,3.79,26.09.2024 19:53:59,10,NIE,,
j-2024,12,19.11.2024,19.11.2024 09:28:25,91,144,Podlaskie,145,Psychiatria,2024/029500,Rezydencki,85.02,3.64,26.09.2024 10:04:36,10,NIE,,
j-2024,12,19.11.2024,19.11.2024 09:28:25,91,144,Podlaskie,146,Psychiatria,2024/031788,Rezydencki,81.95,3.57,30.09.2024 20:04:37,10,NIE,,
j-2024,12,19.11.2024,19.11.2024 09:28:25,91,144,Podlaskie,147,Psychiatria,2024/030685,Rezydencki,81.64,3.95,26.09.2024 16:35:25,10,NIE,,
j-2024,12,19.11.2024,19.11.2024 09:28:25,91,144,Podlaskie,148,Psychiatria,2024/032476,Rezydencki,80.19,3.76,30.09.2024 20:10:14,10,NIE,,
j-2024,12,19.11.2024,19.11.2024 09:28:25,91,144,Podlaskie,149,Psychiatria,2024/029188,Rezydencki,79.90,3.68,29.09.2024 23:59:25,10,NIE,,
j-2024,12,19.11.2024,19.11.2024 09:28:25,91,144,Podlaskie,150,Psychiatria,2024/032729,Rezydencki,77.94,3.59,30.09.2024 16:40:43,10,NIE,,
j-2024,12,19.11.2024,19.11.2024 09:28:25,91,144,Podlaskie,151,Psychiatria,2024/027998,Rezydencki,75.49,3.94,29.09.2024 21:25:55,10,NIE,,
j-2024,12,19.11.2024,19.11.2024 09:28:25,91,144,Podlaskie,152,Psychiatria dzieci i młodzieży,2024/023683,Rezydencki,90.69,4.38,04.09.2024 13:24:01,3,NIE,,
j-2024,12,19.11.2024,19.11.2024 09:28:25,91,144,Podlaskie,153,Psychiatria dzieci i młodzieży,2024/025379,Rezydencki,88.29,4.47,11.09.2024 21:42:09,3,NIE,,
j-2024,12,19.11.2024,19.11.2024 09:28:25,91,144,Podlaskie,154,Psychiatria dzieci i młodzieży,2024/032381,Rezydencki,84.31,3.49,29.09.2024 23:56:17,3,NIE,,
j-2024,12,19.11.2024,19.11.2024 09:28:25,91,144,Podlaskie,155,Psychiatria dzieci i młodzieży,2024/031681,Pozarezydencki,74.32,3.23,27.09.2024 19:04:59,1,NIE,,
j-2024,12,19.11.2024,19.11.2024 09:28:25,91,144,Podlaskie,156,Radiologia i diagnostyka obrazowa,2024/023547,Rezydencki,91.18,4.31,03.09.2024 21:59:09,3,NIE,,
j-2024,12,19.11.2024,19.11.2024 09:28:25,91,144,Podlaskie,157,Radiologia i diagnostyka obrazowa,2024/033294,Rezydencki,88.41,4.00,11.10.2024 10:22:32,3,NIE,,
j-2024,12,19.11.2024,19.11.2024 09:28:25,91,144,Podlaskie,158,Radiologia i diagnostyka obrazowa,2024/029764,Rezydencki,86.71,3.88,25.09.2024 16:47:01,3,NIE,,
j-2024,12,19.11.2024,19.11.2024 09:28:25,91,144,Podlaskie,159,Radioterapia onkologiczna,2024/032481,Rezydencki,84.80,3.75,29.09.2024 17:31:59,2,NIE,,
j-2024,12,19.11.2024,19.11.2024 09:28:25,91,144,Podlaskie,160,Radioterapia onkologiczna,2024/027963,Rezydencki,73.91,3.12,30.09.2024 20:34:55,2,NIE,,
j-2024,12,19.11.2024,19.11.2024 09:28:25,91,144,Podlaskie,161,Rehabilitacja medyczna,2024/022851,Pozarezydencki,70.91,0.00,23.10.2024 14:38:04,1,NIE,,
j-2024,12,19.11.2024,19.11.2024 09:28:25,91,144,Podlaskie,162,Reumatologia,2024/030339,Rezydencki,89.86,4.26,30.09.2024 10:11:15,1,NIE,,
j-2024,12,19.11.2024,19.11.2024 09:28:25,92,144,Podlaskie,163,Reumatologia,2024/032251,Pozarezydencki,82.24,3.78,23.10.2024 22:39:21,2,NIE,,
j-2024,12,19.11.2024,19.11.2024 09:28:25,92,144,Podlaskie,164,Reumatologia,2024/027596,Pozarezydencki,80.23,4.02,10.10.2024 15:04:48,2,NIE,,
j-2024,12,19.11.2024,19.11.2024 09:28:25,92,144,Podlaskie,165,Stomatologia dziecięca,2024/024706,Rezydencki,85.44,4.25,13.09.2024 16:00:15,2,NIE,,
j-2024,12,19.11.2024,19.11.2024 09:28:25,92,144,Podlaskie,166,Stomatologia dziecięca,2024/026260,Rezydencki,79.33,4.34,08.10.2024 22:14:50,2,NIE,,
j-2024,12,19.11.2024,19.11.2024 09:28:25,92,144,Podlaskie,167,Stomatologia zachowawcza z endodoncją,2024/028796,Rezydencki,85.02,3.92,25.09.2024 18:03:33,14,NIE,,
j-2024,12,19.11.2024,19.11.2024 09:28:25,92,144,Podlaskie,168,Stomatologia zachowawcza z endodoncją,2024/028474,Rezydencki,82.78,4.19,23.09.2024 15:19:16,14,NIE,,
j-2024,12,19.11.2024,19.11.2024 09:28:25,92,144,Podlaskie,169,Stomatologia zachowawcza z endodoncją,2024/028574,Rezydencki,80.58,4.01,24.09.2024 21:14:10,14,NIE,,
j-2024,12,19.11.2024,19.11.2024 09:28:25,92,144,Podlaskie,170,Stomatologia zachowawcza z endodoncją,2024/024206,Rezydencki,79.13,3.94,06.09.2024 15:50:28,14,NIE,,
j-2024,12,19.11.2024,19.11.2024 09:28:25,92,144,Podlaskie,171,Stomatologia zachowawcza z endodoncją,2024/030334,Rezydencki,78.47,3.48,26.09.2024 09:33:43,14,NIE,,
j-2024,12,19.11.2024,19.11.2024 09:28:25,92,144,Podlaskie,172,Stomatologia zachowawcza z endodoncją,2024/026854,Rezydencki,77.51,4.04,13.10.2024 21:11:30,14,NIE,,
j-2024,12,19.11.2024,19.11.2024 09:28:25,92,144,Podlaskie,173,Stomatologia zachowawcza z endodoncją,2024/028473,Rezydencki,77.03,3.80,23.09.2024 15:19:05,14,NIE,,
j-2024,12,19.11.2024,19.11.2024 09:28:25,92,144,Podlaskie,174,Stomatologia zachowawcza z endodoncją,2024/026493,Rezydencki,76.33,3.46,16.09.2024 21:39:46,14,NIE,,
j-2024,12,19.11.2024,19.11.2024 09:28:25,92,144,Podlaskie,175,Stomatologia zachowawcza z endodoncją,2024/027011,Rezydencki,75.96,4.06,15.10.2024 16:31:41,14,NIE,,
j-2024,12,19.11.2024,19.11.2024 09:28:25,92,144,Podlaskie,176,Stomatologia zachowawcza z endodoncją,2024/032500,Rezydencki,74.64,4.07,29.09.2024 16:02:43,14,NIE,,
j-2024,12,19.11.2024,19.11.2024 09:28:25,92,144,Podlaskie,177,Stomatologia zachowawcza z endodoncją,2024/023257,Rezydencki,74.16,3.54,24.09.2024 11:10:45,14,NIE,,
j-2024,12,19.11.2024,19.11.2024 09:28:25,92,144,Podlaskie,178,Stomatologia zachowawcza z endodoncją,2024/022514,Rezydencki,73.79,3.20,08.10.2024 13:08:37,14,NIE,,
j-2024,12,19.11.2024,19.11.2024 09:28:25,92,144,Podlaskie,179,Stomatologia zachowawcza z endodoncją,2024/025888,Rezydencki,66.83,3.46,10.10.2024 17:29:06,14,NIE,,
j-2024,12,19.11.2024,19.11.2024 09:28:25,92,144,Podlaskie,180,Stomatologia zachowawcza z endodoncją,2024/033078,Rezydencki,60.10,3.79,31.10.2024 13:09:24,14,NIE,,
j-2024,12,19.11.2024,19.11.2024 09:28:25,92,144,Podlaskie,181,Urologia,2024/031748,Rezydencki,88.41,0.00,15.10.2024 17:29:21,3,NIE,,
j-2024,12,19.11.2024,19.11.2024 09:28:25,92,144,Podlaskie,182,Urologia,2024/032135,Rezydencki,86.47,4.15,29.09.2024 21:37:02,3,NIE,,
j-2024,12,19.11.2024,19.11.2024 09:28:25,92,144,Podlaskie,183,Urologia,2024/030624,Rezydencki,85.51,4.04,28.10.2024 16:04:12,3,NIE,,
j-2024,12,19.11.2024,19.11.2024 09:28:25,92,144,Podlaskie,1,Okulistyka,2024/022614,Rezydencki,84.15,3.93,17.09.2024 10:05:10,1,TAK,Uniwersytecki Dziecięcy Szpital Kliniczny im. L. Zamenhofa w Białymstoku,Klinika Okulistyki Dziecięcej z Ośrodkiem Leczenia Zeza
j-2024,12,19.11.2024,19.11.2024 09:28:25,92,144,Podlaskie,1,Gastroenterologia,2024/029374,Rezydencki,75.25,3.80,26.09.2024 21:44:50,1,TAK,Uniwersytecki Szpital Kliniczny w Białymstoku,Klinika Gastroenterologii i Chorób Wewnętrznych
j-2024,12,19.11.2024,19.11.2024 09:28:25,92,144,Podlaskie,1,Choroby zakaźne,2024/024308,Rezydencki,89.37,4.39,19.09.2024 18:02:21,1,TAK,Uniwersytecki Szpital Kliniczny w Białymstoku,Klinika Chorób Zakaźnych i Neuroinfekcji
j-2024,12,19.11.2024,19.11.2024 09:28:25,92,144,Podlaskie,1,Neurochirurgia,2024/022249,Rezydencki,87.25,4.16,01.09.2024 03:54:53,1,TAK,Uniwersytecki Szpital Kliniczny w Białymstoku,Klinika Neurochirurgii
j-2024,12,19.11.2024,19.11.2024 09:28:25,93,144,Podlaskie,1,Otorynolaryngologia,2024/031815,Rezydencki,78.50,3.64,27.09.2024 22:26:05,1,TAK,SMKSystem Monitorowania Kształcenia,Pracowników Medycznych Status dokumentu Opublikowanie wyników Uniwersytecki Szpital Kliniczny w Białymstoku Klinika Otolaryngologii
j-2024,12,19.11.2024,19.11.2024 09:28:25,93,144,Pomorskie,1,Alergologia,2024/032467,Rezydencki,89.27,4.61,05.10.2024 10:00:33,2,NIE,,
j-2024,12,19.11.2024,19.11.2024 09:28:25,93,144,Pomorskie,2,Alergologia,2024/023728,Rezydencki,87.92,4.03,13.09.2024 14:40:03,2,NIE,,
j-2024,12,19.11.2024,19.11.2024 09:28:25,93,144,Pomorskie,3,Alergologia,2024/031237,Pozarezydencki,76.50,4.21,30.09.2024 23:41:50,4,NIE,,
j-2024,12,19.11.2024,19.11.2024 09:28:25,93,144,Pomorskie,4,Alergologia,2024/031116,Pozarezydencki,76.16,4.17,27.09.2024 14:44:50,4,NIE,,
j-2024,12,19.11.2024,19.11.2024 09:28:25,93,144,Pomorskie,5,Alergologia,2024/029034,Pozarezydencki,75.45,4.20,23.10.2024 21:13:44,4,NIE,,
j-2024,12,19.11.2024,19.11.2024 09:28:25,93,144,Pomorskie,6,Alergologia,2024/033537,Pozarezydencki,74.65,3.27,20.10.2024 23:39:43,4,NIE,,
j-2024,12,19.11.2024,19.11.2024 09:28:25,93,144,Pomorskie,7,Anestezjologia i intensywna terapia,2024/023189,Rezydencki,91.91,4.74,30.09.2024 13:42:11,13,NIE,,
j-2024,12,19.11.2024,19.11.2024 09:28:25,93,144,Pomorskie,8,Anestezjologia i intensywna terapia,2024/030003,Rezydencki,89.37,4.03,25.09.2024 19:56:51,13,NIE,,
j-2024,12,19.11.2024,19.11.2024 09:28:25,93,144,Pomorskie,9,Anestezjologia i intensywna terapia,2024/024149,Rezydencki,88.89,3.93,22.09.2024 09:30:45,13,NIE,,
j-2024,12,19.11.2024,19.11.2024 09:28:25,93,144,Pomorskie,10,Anestezjologia i intensywna terapia,2024/027377,Rezydencki,88.78,4.24,09.10.2024 16:27:24,13,NIE,,
j-2024,12,19.11.2024,19.11.2024 09:28:25,93,144,Pomorskie,11,Anestezjologia i intensywna terapia,2024/030275,Rezydencki,88.73,3.61,28.09.2024 19:41:28,13,NIE,,
j-2024,12,19.11.2024,19.11.2024 09:28:25,93,144,Pomorskie,12,Anestezjologia i intensywna terapia,2024/032844,Rezydencki,87.92,3.84,12.10.2024 20:10:38,13,NIE,,
j-2024,12,19.11.2024,19.11.2024 09:28:25,93,144,Pomorskie,13,Anestezjologia i intensywna terapia,2024/022717,Rezydencki,87.44,3.85,29.09.2024 12:38:49,13,NIE,,
j-2024,12,19.11.2024,19.11.2024 09:28:25,93,144,Pomorskie,14,Anestezjologia i intensywna terapia,2024/030352,Rezydencki,86.76,3.94,26.09.2024 13:39:55,13,NIE,,
j-2024,12,19.11.2024,19.11.2024 09:28:25,93,144,Pomorskie,15,Anestezjologia i intensywna terapia,2024/026574,Rezydencki,85.99,4.22,30.09.2024 19:25:05,13,NIE,,
j-2024,12,19.11.2024,19.11.2024 09:28:25,93,144,Pomorskie,16,Anestezjologia i intensywna terapia,2024/032782,Rezydencki,85.99,3.54,30.09.2024 23:58:29,13,NIE,,
j-2024,12,19.11.2024,19.11.2024 09:28:25,93,144,Pomorskie,17,Anestezjologia i intensywna terapia,2024/023953,Rezydencki,85.85,4.03,11.10.2024 14:48:08,13,NIE,,
j-2024,12,19.11.2024,19.11.2024 09:28:25,93,144,Pomorskie,18,Anestezjologia i intensywna terapia,2024/034235,Rezydencki,85.78,4.47,30.09.2024 23:12:00,13,NIE,,
j-2024,12,19.11.2024,19.11.2024 09:28:25,93,144,Pomorskie,19,Anestezjologia i intensywna terapia,2024/029482,Rezydencki,85.78,3.92,10.10.2024 14:34:45,13,NIE,,
j-2024,12,19.11.2024,19.11.2024 09:28:25,93,144,Pomorskie,20,Angiologia,2024/032723,Rezydencki,85.51,4.95,30.09.2024 11:10:51,1,NIE,,
j-2024,12,19.11.2024,19.11.2024 09:28:25,93,144,Pomorskie,21,Chirurgia dziecięca,2024/031298,Rezydencki,85.29,4.06,28.09.2024 14:30:01,4,NIE,,
j-2024,12,19.11.2024,19.11.2024 09:28:25,93,144,Pomorskie,22,Chirurgia dziecięca,2024/022839,Rezydencki,85.27,4.17,15.10.2024 17:18:56,4,NIE,,
j-2024,12,19.11.2024,19.11.2024 09:28:25,93,144,Pomorskie,23,Chirurgia dziecięca,2024/031434,Rezydencki,82.93,3.26,17.10.2024 18:24:37,4,NIE,,
j-2024,12,19.11.2024,19.11.2024 09:28:25,93,144,Pomorskie,24,Chirurgia dziecięca,2024/032473,Rezydencki,79.95,3.27,10.10.2024 17:28:33,4,NIE,,
j-2024,12,19.11.2024,19.11.2024 09:28:25,93,144,Pomorskie,25,Chirurgia naczyniowa,2024/023697,Rezydencki,80.88,4.16,30.09.2024 09:54:52,1,NIE,,
j-2024,12,19.11.2024,19.11.2024 09:28:25,93,144,Pomorskie,26,Chirurgia ogólna,2024/034023,Rezydencki,89.86,4.17,30.09.2024 21:37:37,14,NIE,,
j-2024,12,19.11.2024,19.11.2024 09:28:25,93,144,Pomorskie,27,Chirurgia ogólna,2024/028037,Rezydencki,89.76,4.04,22.09.2024 18:42:29,14,NIE,,
j-2024,12,19.11.2024,19.11.2024 09:28:25,93,144,Pomorskie,28,Chirurgia ogólna,2024/022719,Rezydencki,86.34,4.19,18.09.2024 16:11:46,14,NIE,,
j-2024,12,19.11.2024,19.11.2024 09:28:25,93,144,Pomorskie,29,Chirurgia ogólna,2024/033815,Rezydencki,86.34,4.11,30.09.2024 21:23:21,14,NIE,,
j-2024,12,19.11.2024,19.11.2024 09:28:25,93,144,Pomorskie,30,Chirurgia ogólna,2024/032732,Rezydencki,85.99,4.29,29.09.2024 19:42:34,14,NIE,,
j-2024,12,19.11.2024,19.11.2024 09:28:25,93,144,Pomorskie,31,Chirurgia ogólna,2024/028412,Rezydencki,85.99,3.77,27.09.2024 10:14:54,14,NIE,,
j-2024,12,19.11.2024,19.11.2024 09:28:25,93,144,Pomorskie,32,Chirurgia ogólna,2024/032570,Rezydencki,84.54,4.03,30.09.2024 00:06:30,14,NIE,,
j-2024,12,19.11.2024,19.11.2024 09:28:25,93,144,Pomorskie,33,Chirurgia ogólna,2024/024775,Rezydencki,84.39,3.50,26.09.2024 18:57:32,14,NIE,,
j-2024,12,19.11.2024,19.11.2024 09:28:25,93,144,Pomorskie,34,Chirurgia ogólna,2024/032085,Rezydencki,83.82,3.95,29.09.2024 12:05:21,14,NIE,,
j-2024,12,19.11.2024,19.11.2024 09:28:25,93,144,Pomorskie,35,Chirurgia ogólna,2024/031888,Rezydencki,83.82,3.64,28.09.2024 10:03:37,14,NIE,,
j-2024,12,19.11.2024,19.11.2024 09:28:25,94,144,Pomorskie,36,Chirurgia ogólna,2024/034231,Rezydencki,82.35,3.92,30.09.2024 23:19:37,14,NIE,,
j-2024,12,19.11.2024,19.11.2024 09:28:25,94,144,Pomorskie,37,Chirurgia ogólna,2024/022819,Rezydencki,81.37,4.13,08.09.2024 18:53:34,14,NIE,,
j-2024,12,19.11.2024,19.11.2024 09:28:25,94,144,Pomorskie,38,Chirurgia ogólna,2024/028408,Rezydencki,79.41,3.70,28.09.2024 09:19:42,14,NIE,,
j-2024,12,19.11.2024,19.11.2024 09:28:25,94,144,Pomorskie,39,Chirurgia ogólna,2024/023073,Rezydencki,79.41,3.70,29.09.2024 21:00:02,14,NIE,,
j-2024,12,19.11.2024,19.11.2024 09:28:25,94,144,Pomorskie,40,Chirurgia onkologiczna,2024/029179,Rezydencki,84.63,3.86,29.09.2024 21:49:12,2,NIE,,
j-2024,12,19.11.2024,19.11.2024 09:28:25,94,144,Pomorskie,41,Chirurgia onkologiczna,2024/022694,Rezydencki,83.17,3.82,30.09.2024 22:59:59,2,NIE,,
j-2024,12,19.11.2024,19.11.2024 09:28:25,94,144,Pomorskie,42,Chirurgia plastyczna,2024/023836,Rezydencki,92.68,4.00,05.09.2024 09:43:31,1,NIE,,
j-2024,12,19.11.2024,19.11.2024 09:28:25,94,144,Pomorskie,43,Chirurgia stomatologiczna,2024/027916,Rezydencki,87.98,4.52,24.09.2024 18:42:59,2,NIE,,
j-2024,12,19.11.2024,19.11.2024 09:28:25,94,144,Pomorskie,44,Chirurgia stomatologiczna,2024/025180,Rezydencki,84.13,3.58,11.09.2024 12:16:55,2,NIE,,
j-2024,12,19.11.2024,19.11.2024 09:28:25,94,144,Pomorskie,45,Chirurgia szczękowo-twarzowa,2024/022222,Rezydencki,87.50,3.79,11.10.2024 16:39:46,1,NIE,,
j-2024,12,19.11.2024,19.11.2024 09:28:25,94,144,Pomorskie,46,Choroby płuc,2024/027424,Rezydencki,91.18,4.02,07.10.2024 11:28:23,6,NIE,,
j-2024,12,19.11.2024,19.11.2024 09:28:25,94,144,Pomorskie,47,Choroby płuc,2024/029190,Rezydencki,90.24,4.33,26.09.2024 22:40:45,6,NIE,,
j-2024,12,19.11.2024,19.11.2024 09:28:25,94,144,Pomorskie,48,Choroby płuc,2024/027090,Rezydencki,89.13,4.36,11.10.2024 18:56:21,6,NIE,,
j-2024,12,19.11.2024,19.11.2024 09:28:25,94,144,Pomorskie,49,Choroby płuc,2024/024762,Rezydencki,88.05,4.14,28.09.2024 19:19:16,6,NIE,,
j-2024,12,19.11.2024,19.11.2024 09:28:25,94,144,Pomorskie,50,Choroby płuc,2024/031146,Rezydencki,85.99,4.32,28.09.2024 19:01:14,6,NIE,,
j-2024,12,19.11.2024,19.11.2024 09:28:25,94,144,Pomorskie,51,Choroby płuc,2024/031034,Rezydencki,84.15,3.95,26.09.2024 21:01:02,6,NIE,,
j-2024,12,19.11.2024,19.11.2024 09:28:25,94,144,Pomorskie,52,Choroby płuc dzieci,2024/034260,Pozarezydencki,66.36,0.00,18.10.2024 13:45:29,1,NIE,,
j-2024,12,19.11.2024,19.11.2024 09:28:25,94,144,Pomorskie,53,Choroby wewnętrzne,2024/027190,Rezydencki,90.69,4.31,30.09.2024 19:17:12,31,NIE,,
j-2024,12,19.11.2024,19.11.2024 09:28:25,94,144,Pomorskie,54,Choroby wewnętrzne,2024/023358,Rezydencki,88.89,3.56,04.10.2024 10:09:36,31,NIE,,
j-2024,12,19.11.2024,19.11.2024 09:28:25,94,144,Pomorskie,55,Choroby wewnętrzne,2024/030495,Rezydencki,88.29,3.96,26.09.2024 13:14:04,31,NIE,,
j-2024,12,19.11.2024,19.11.2024 09:28:25,94,144,Pomorskie,56,Choroby wewnętrzne,2024/030182,Rezydencki,88.24,4.13,28.09.2024 13:11:46,31,NIE,,
j-2024,12,19.11.2024,19.11.2024 09:28:25,94,144,Pomorskie,57,Choroby wewnętrzne,2024/030748,Rezydencki,87.92,4.30,26.09.2024 17:34:08,31,NIE,,
j-2024,12,19.11.2024,19.11.2024 09:28:25,94,144,Pomorskie,58,Choroby wewnętrzne,2024/026606,Rezydencki,87.80,3.99,28.09.2024 17:30:00,31,NIE,,
j-2024,12,19.11.2024,19.11.2024 09:28:25,94,144,Pomorskie,59,Choroby wewnętrzne,2024/023462,Rezydencki,87.75,4.53,27.09.2024 19:09:38,31,NIE,,
j-2024,12,19.11.2024,19.11.2024 09:28:25,94,144,Pomorskie,60,Choroby wewnętrzne,2024/027574,Rezydencki,87.44,4.65,20.09.2024 14:25:51,31,NIE,,
j-2024,12,19.11.2024,19.11.2024 09:28:25,94,144,Pomorskie,61,Choroby wewnętrzne,2024/025616,Rezydencki,87.32,4.06,29.09.2024 22:54:22,31,NIE,,
j-2024,12,19.11.2024,19.11.2024 09:28:25,94,144,Pomorskie,62,Choroby wewnętrzne,2024/029607,Rezydencki,87.25,4.28,25.09.2024 13:57:40,31,NIE,,
j-2024,12,19.11.2024,19.11.2024 09:28:25,94,144,Pomorskie,63,Choroby wewnętrzne,2024/029953,Rezydencki,87.25,4.25,30.09.2024 22:50:50,31,NIE,,
j-2024,12,19.11.2024,19.11.2024 09:28:25,94,144,Pomorskie,64,Choroby wewnętrzne,2024/026749,Rezydencki,86.83,4.30,30.09.2024 12:22:15,31,NIE,,
j-2024,12,19.11.2024,19.11.2024 09:28:25,94,144,Pomorskie,65,Choroby wewnętrzne,2024/030088,Rezydencki,86.47,3.82,25.09.2024 21:24:52,31,NIE,,
j-2024,12,19.11.2024,19.11.2024 09:28:25,94,144,Pomorskie,66,Choroby wewnętrzne,2024/032793,Rezydencki,86.47,3.67,29.09.2024 20:33:00,31,NIE,,
j-2024,12,19.11.2024,19.11.2024 09:28:25,94,144,Pomorskie,67,Choroby wewnętrzne,2024/027034,Rezydencki,86.27,4.29,25.09.2024 18:02:28,31,NIE,,
j-2024,12,19.11.2024,19.11.2024 09:28:25,94,144,Pomorskie,68,Choroby wewnętrzne,2024/029218,Rezydencki,84.54,4.36,30.09.2024 21:36:19,31,NIE,,
j-2024,12,19.11.2024,19.11.2024 09:28:25,94,144,Pomorskie,69,Choroby wewnętrzne,2024/032493,Rezydencki,84.54,3.74,29.09.2024 15:24:46,31,NIE,,
j-2024,12,19.11.2024,19.11.2024 09:28:25,94,144,Pomorskie,70,Choroby wewnętrzne,2024/024640,Rezydencki,84.06,4.30,09.09.2024 12:04:41,31,NIE,,
j-2024,12,19.11.2024,19.11.2024 09:28:25,94,144,Pomorskie,71,Choroby wewnętrzne,2024/031772,Rezydencki,84.06,3.87,27.09.2024 21:10:52,31,NIE,,
j-2024,12,19.11.2024,19.11.2024 09:28:25,94,144,Pomorskie,72,Choroby wewnętrzne,2024/023540,Rezydencki,83.57,3.68,03.09.2024 22:53:40,31,NIE,,
j-2024,12,19.11.2024,19.11.2024 09:28:25,94,144,Pomorskie,73,Choroby wewnętrzne,2024/023221,Rezydencki,83.09,3.49,27.09.2024 21:20:29,31,NIE,,
j-2024,12,19.11.2024,19.11.2024 09:28:25,94,144,Pomorskie,74,Choroby wewnętrzne,2024/031366,Rezydencki,82.61,3.73,30.09.2024 09:40:38,31,NIE,,
j-2024,12,19.11.2024,19.11.2024 09:28:25,95,144,Pomorskie,75,Choroby wewnętrzne,2024/026566,Rezydencki,81.16,3.56,25.09.2024 18:02:28,31,NIE,,
j-2024,12,19.11.2024,19.11.2024 09:28:25,95,144,Pomorskie,76,Choroby wewnętrzne,2024/024797,Rezydencki,79.90,4.03,28.09.2024 08:50:46,31,NIE,,
j-2024,12,19.11.2024,19.11.2024 09:28:25,95,144,Pomorskie,77,Choroby wewnętrzne,2024/029206,Rezydencki,79.71,0.00,30.09.2024 21:00:41,31,NIE,,
j-2024,12,19.11.2024,19.11.2024 09:28:25,95,144,Pomorskie,78,Choroby wewnętrzne,2024/029283,Rezydencki,77.94,3.53,26.09.2024 16:13:31,31,NIE,,
j-2024,12,19.11.2024,19.11.2024 09:28:25,95,144,Pomorskie,79,Choroby wewnętrzne,2024/024662,Rezydencki,75.49,3.65,30.09.2024 19:25:18,31,NIE,,
j-2024,12,19.11.2024,19.11.2024 09:28:25,95,144,Pomorskie,80,Choroby wewnętrzne,2024/023774,Rezydencki,68.60,3.59,02.10.2024 19:00:58,31,NIE,,
j-2024,12,19.11.2024,19.11.2024 09:28:25,95,144,Pomorskie,81,Choroby wewnętrzne,2024/033239,Rezydencki,65.37,3.24,15.10.2024 16:48:36,31,NIE,,
j-2024,12,19.11.2024,19.11.2024 09:28:25,95,144,Pomorskie,82,Choroby wewnętrzne,2024/033692,Rezydencki,55.56,3.07,30.09.2024 20:33:09,31,NIE,,
j-2024,12,19.11.2024,19.11.2024 09:28:25,95,144,Pomorskie,83,Choroby wewnętrzne,2024/024938,Rezydencki,0.00,3.80,24.10.2024 12:59:51,31,NIE,,
j-2024,12,19.11.2024,19.11.2024 09:28:25,95,144,Pomorskie,84,Choroby zakaźne,2024/026661,Rezydencki,86.83,4.56,25.09.2024 14:21:23,1,NIE,,
j-2024,12,19.11.2024,19.11.2024 09:28:25,95,144,Pomorskie,85,Diabetologia,2024/026200,Pozarezydencki,80.23,4.61,23.10.2024 17:21:47,2,NIE,,
j-2024,12,19.11.2024,19.11.2024 09:28:25,95,144,Pomorskie,86,Diabetologia,2024/030184,Pozarezydencki,80.00,3.48,29.09.2024 21:06:14,2,NIE,,
j-2024,12,19.11.2024,19.11.2024 09:28:25,95,144,Pomorskie,87,Endokrynologia i diabetologia dziecięca,2024/023391,Pozarezydencki,89.09,4.61,08.10.2024 12:21:08,1,NIE,,
j-2024,12,19.11.2024,19.11.2024 09:28:25,95,144,Pomorskie,88,Geriatria,2024/027700,Rezydencki,83.57,3.41,30.09.2024 19:53:44,2,NIE,,
j-2024,12,19.11.2024,19.11.2024 09:28:25,95,144,Pomorskie,89,Geriatria,2024/023499,Rezydencki,78.26,3.89,09.10.2024 19:53:49,2,NIE,,
j-2024,12,19.11.2024,19.11.2024 09:28:25,95,144,Pomorskie,90,Geriatria,2024/025345,Pozarezydencki,73.97,4.06,07.10.2024 21:22:11,1,NIE,,
j-2024,12,19.11.2024,19.11.2024 09:28:25,95,144,Pomorskie,91,Ginekologia onkologiczna,2024/027097,Pozarezydencki,75.00,3.92,08.10.2024 17:23:29,1,NIE,,
j-2024,12,19.11.2024,19.11.2024 09:28:25,95,144,Pomorskie,92,Hematologia,2024/031678,Pozarezydencki,85.25,4.28,30.09.2024 09:37:11,2,NIE,,
j-2024,12,19.11.2024,19.11.2024 09:28:25,95,144,Pomorskie,93,Hematologia,2024/029122,Pozarezydencki,81.86,4.32,16.10.2024 15:47:53,2,NIE,,
j-2024,12,19.11.2024,19.11.2024 09:28:25,95,144,Pomorskie,94,Hipertensjologia,2024/024567,Pozarezydencki,83.41,4.99,11.10.2024 18:52:30,2,NIE,,
j-2024,12,19.11.2024,19.11.2024 09:28:25,95,144,Pomorskie,95,Hipertensjologia,2024/024694,Pozarezydencki,78.74,3.90,03.10.2024 17:59:54,2,NIE,,
j-2024,12,19.11.2024,19.11.2024 09:28:25,95,144,Pomorskie,96,Immunologia kliniczna,2024/032051,Pozarezydencki,83.18,4.34,25.10.2024 09:30:07,1,NIE,,
j-2024,12,19.11.2024,19.11.2024 09:28:25,95,144,Pomorskie,97,Kardiochirurgia,2024/029797,Rezydencki,88.16,4.20,23.10.2024 16:10:28,3,NIE,,
j-2024,12,19.11.2024,19.11.2024 09:28:25,95,144,Pomorskie,98,Kardiochirurgia,2024/026287,Rezydencki,84.80,4.02,11.10.2024 11:47:18,3,NIE,,
j-2024,12,19.11.2024,19.11.2024 09:28:25,95,144,Pomorskie,99,Kardiochirurgia,2024/030492,Rezydencki,84.31,4.94,29.09.2024 23:44:07,3,NIE,,
j-2024,12,19.11.2024,19.11.2024 09:28:25,95,144,Pomorskie,100,Kardiologia,2024/030106,Rezydencki,90.82,4.08,25.09.2024 21:21:35,19,NIE,,
j-2024,12,19.11.2024,19.11.2024 09:28:25,95,144,Pomorskie,101,Kardiologia,2024/032088,Rezydencki,90.82,3.97,28.09.2024 17:36:22,19,NIE,,
j-2024,12,19.11.2024,19.11.2024 09:28:25,95,144,Pomorskie,102,Kardiologia,2024/029073,Rezydencki,89.13,4.11,25.09.2024 21:52:07,19,NIE,,
j-2024,12,19.11.2024,19.11.2024 09:28:25,95,144,Pomorskie,103,Kardiologia,2024/031194,Rezydencki,88.89,3.75,30.09.2024 16:24:15,19,NIE,,
j-2024,12,19.11.2024,19.11.2024 09:28:25,95,144,Pomorskie,104,Kardiologia,2024/029783,Rezydencki,88.78,4.20,25.09.2024 17:20:08,19,NIE,,
j-2024,12,19.11.2024,19.11.2024 09:28:25,95,144,Pomorskie,105,Kardiologia,2024/028659,Rezydencki,88.29,4.19,30.09.2024 18:08:12,19,NIE,,
j-2024,12,19.11.2024,19.11.2024 09:28:25,95,144,Pomorskie,106,Kardiologia,2024/025337,Rezydencki,88.16,4.49,30.09.2024 22:50:23,19,NIE,,
j-2024,12,19.11.2024,19.11.2024 09:28:25,95,144,Pomorskie,107,Kardiologia,2024/032757,Rezydencki,86.76,4.13,29.09.2024 20:02:34,19,NIE,,
j-2024,12,19.11.2024,19.11.2024 09:28:25,95,144,Pomorskie,108,Kardiologia,2024/032367,Rezydencki,85.99,3.79,30.09.2024 16:43:53,19,NIE,,
j-2024,12,19.11.2024,19.11.2024 09:28:25,95,144,Pomorskie,109,Kardiologia,2024/029895,Rezydencki,85.99,3.47,25.09.2024 18:22:35,19,NIE,,
j-2024,12,19.11.2024,19.11.2024 09:28:25,95,144,Pomorskie,110,Kardiologia,2024/028602,Rezydencki,85.51,4.27,11.10.2024 12:49:13,19,NIE,,
j-2024,12,19.11.2024,19.11.2024 09:28:25,95,144,Pomorskie,111,Kardiologia,2024/028139,Rezydencki,85.51,4.25,25.10.2024 13:12:40,19,NIE,,
j-2024,12,19.11.2024,19.11.2024 09:28:25,95,144,Pomorskie,112,Kardiologia,2024/031481,Rezydencki,85.51,4.22,02.10.2024 09:55:46,19,NIE,,
j-2024,12,19.11.2024,19.11.2024 09:28:25,96,144,Pomorskie,113,Kardiologia,2024/028841,Rezydencki,85.51,3.43,25.09.2024 17:06:01,19,NIE,,
j-2024,12,19.11.2024,19.11.2024 09:28:25,96,144,Pomorskie,114,Kardiologia,2024/029961,Rezydencki,85.29,3.64,26.09.2024 10:23:28,19,NIE,,
j-2024,12,19.11.2024,19.11.2024 09:28:25,96,144,Pomorskie,115,Kardiologia,2024/033161,Rezydencki,85.02,4.00,30.09.2024 01:32:39,19,NIE,,
j-2024,12,19.11.2024,19.11.2024 09:28:25,96,144,Pomorskie,116,Kardiologia,2024/022243,Rezydencki,84.78,4.00,22.10.2024 13:21:09,19,NIE,,
j-2024,12,19.11.2024,19.11.2024 09:28:25,96,144,Pomorskie,117,Kardiologia,2024/029752,Rezydencki,84.06,4.16,29.09.2024 20:33:08,19,NIE,,
j-2024,12,19.11.2024,19.11.2024 09:28:25,96,144,Pomorskie,118,Kardiologia,2024/030925,Rezydencki,83.33,3.49,30.09.2024 18:53:46,19,NIE,,
j-2024,12,19.11.2024,19.11.2024 09:28:25,96,144,Pomorskie,119,Medycyna morska i tropikalna,2024/032907,Pozarezydencki,78.80,3.18,22.10.2024 11:35:06,1,NIE,,
j-2024,12,19.11.2024,19.11.2024 09:28:25,96,144,Pomorskie,120,Medycyna nuklearna,2024/026959,Rezydencki,82.13,3.04,30.09.2024 11:14:09,1,NIE,,
j-2024,12,19.11.2024,19.11.2024 09:28:25,96,144,Pomorskie,121,Medycyna paliatywna,2024/023813,Pozarezydencki,87.95,0.00,06.10.2024 20:59:49,5,NIE,,
j-2024,12,19.11.2024,19.11.2024 09:28:25,96,144,Pomorskie,122,Medycyna paliatywna,2024/024863,Pozarezydencki,86.82,3.00,11.10.2024 12:50:25,5,NIE,,
j-2024,12,19.11.2024,19.11.2024 09:28:25,96,144,Pomorskie,123,Medycyna paliatywna,2024/033499,Pozarezydencki,75.45,3.54,23.10.2024 08:35:32,5,NIE,,
j-2024,12,19.11.2024,19.11.2024 09:28:25,96,144,Pomorskie,124,Medycyna paliatywna,2024/026366,Pozarezydencki,70.91,0.00,26.10.2024 20:12:10,5,NIE,,
j-2024,12,19.11.2024,19.11.2024 09:28:25,96,144,Pomorskie,125,Medycyna paliatywna,2024/030640,Pozarezydencki,61.82,0.00,25.10.2024 19:08:18,5,NIE,,
j-2024,12,19.11.2024,19.11.2024 09:28:25,96,144,Pomorskie,126,Medycyna pracy,2024/022711,Pozarezydencki,86.00,3.87,04.09.2024 23:50:02,3,NIE,,
j-2024,12,19.11.2024,19.11.2024 09:28:25,96,144,Pomorskie,127,Medycyna pracy,2024/027411,Pozarezydencki,76.73,0.00,09.10.2024 13:25:11,3,NIE,,
j-2024,12,19.11.2024,19.11.2024 09:28:25,96,144,Pomorskie,128,Medycyna pracy,2024/022376,Pozarezydencki,67.82,2.35,05.09.2024 08:54:58,3,NIE,,
j-2024,12,19.11.2024,19.11.2024 09:28:25,96,144,Pomorskie,129,Medycyna ratunkowa,2024/025171,Rezydencki,84.06,3.53,13.09.2024 18:34:25,3,NIE,,
j-2024,12,19.11.2024,19.11.2024 09:28:25,96,144,Pomorskie,130,Medycyna ratunkowa,2024/028044,Rezydencki,82.84,4.24,22.09.2024 23:18:14,3,NIE,,
j-2024,12,19.11.2024,19.11.2024 09:28:25,96,144,Pomorskie,131,Medycyna ratunkowa,2024/023172,Rezydencki,68.63,0.00,29.09.2024 23:57:14,3,NIE,,
j-2024,12,19.11.2024,19.11.2024 09:28:25,96,144,Pomorskie,132,Medycyna rodzinna,2024/032754,Rezydencki,90.82,4.44,29.09.2024 21:01:09,32,NIE,,
j-2024,12,19.11.2024,19.11.2024 09:28:25,96,144,Pomorskie,133,Medycyna rodzinna,2024/028198,Rezydencki,90.34,4.69,22.09.2024 22:42:00,32,NIE,,
j-2024,12,19.11.2024,19.11.2024 09:28:25,96,144,Pomorskie,134,Medycyna rodzinna,2024/032368,Rezydencki,88.73,4.18,07.10.2024 06:12:00,32,NIE,,
j-2024,12,19.11.2024,19.11.2024 09:28:25,96,144,Pomorskie,135,Medycyna rodzinna,2024/033363,Rezydencki,87.92,4.03,30.09.2024 11:34:41,32,NIE,,
j-2024,12,19.11.2024,19.11.2024 09:28:25,96,144,Pomorskie,136,Medycyna rodzinna,2024/026569,Rezydencki,87.01,4.53,30.09.2024 19:55:13,32,NIE,,
j-2024,12,19.11.2024,19.11.2024 09:28:25,96,144,Pomorskie,137,Medycyna rodzinna,2024/028645,Rezydencki,86.76,4.45,23.09.2024 19:19:29,32,NIE,,
j-2024,12,19.11.2024,19.11.2024 09:28:25,96,144,Pomorskie,138,Medycyna rodzinna,2024/029012,Rezydencki,86.27,4.09,28.09.2024 18:52:54,32,NIE,,
j-2024,12,19.11.2024,19.11.2024 09:28:25,96,144,Pomorskie,139,Medycyna rodzinna,2024/026138,Rezydencki,85.78,4.07,15.09.2024 20:31:12,32,NIE,,
j-2024,12,19.11.2024,19.11.2024 09:28:25,96,144,Pomorskie,140,Medycyna rodzinna,2024/031685,Rezydencki,85.51,4.28,27.09.2024 19:06:26,32,NIE,,
j-2024,12,19.11.2024,19.11.2024 09:28:25,96,144,Pomorskie,141,Medycyna rodzinna,2024/029932,Rezydencki,85.02,3.40,30.09.2024 00:24:16,32,NIE,,
j-2024,12,19.11.2024,19.11.2024 09:28:25,96,144,Pomorskie,142,Medycyna rodzinna,2024/028072,Rezydencki,82.44,4.20,20.10.2024 20:21:03,32,NIE,,
j-2024,12,19.11.2024,19.11.2024 09:28:25,96,144,Pomorskie,143,Medycyna rodzinna,2024/030642,Rezydencki,82.38,3.63,18.10.2024 15:02:59,32,NIE,,
j-2024,12,19.11.2024,19.11.2024 09:28:25,96,144,Pomorskie,144,Medycyna rodzinna,2024/032213,Rezydencki,82.13,4.51,23.10.2024 10:04:15,32,NIE,,
j-2024,12,19.11.2024,19.11.2024 09:28:25,96,144,Pomorskie,145,Medycyna rodzinna,2024/029075,Rezydencki,82.13,3.65,08.10.2024 14:59:10,32,NIE,,
j-2024,12,19.11.2024,19.11.2024 09:28:25,96,144,Pomorskie,146,Medycyna rodzinna,2024/031887,Rezydencki,81.64,3.79,28.09.2024 09:42:04,32,NIE,,
j-2024,12,19.11.2024,19.11.2024 09:28:25,96,144,Pomorskie,147,Medycyna rodzinna,2024/031637,Rezydencki,81.37,4.47,16.10.2024 21:38:48,32,NIE,,
j-2024,12,19.11.2024,19.11.2024 09:28:25,96,144,Pomorskie,148,Medycyna rodzinna,2024/029965,Rezydencki,80.88,3.76,28.09.2024 14:39:38,32,NIE,,
j-2024,12,19.11.2024,19.11.2024 09:28:25,96,144,Pomorskie,149,Medycyna rodzinna,2024/028959,Rezydencki,79.71,3.43,25.10.2024 10:03:09,32,NIE,,
j-2024,12,19.11.2024,19.11.2024 09:28:25,96,144,Pomorskie,150,Medycyna rodzinna,2024/022406,Rezydencki,79.23,3.80,02.10.2024 22:56:47,32,NIE,,
j-2024,12,19.11.2024,19.11.2024 09:28:25,97,144,Pomorskie,151,Medycyna rodzinna,2024/031023,Rezydencki,78.26,3.79,28.09.2024 21:27:00,32,NIE,,
j-2024,12,19.11.2024,19.11.2024 09:28:25,97,144,Pomorskie,152,Medycyna rodzinna,2024/028805,Rezydencki,77.45,4.10,20.10.2024 19:36:15,32,NIE,,
j-2024,12,19.11.2024,19.11.2024 09:28:25,97,144,Pomorskie,153,Medycyna rodzinna,2024/030767,Rezydencki,77.29,0.00,14.10.2024 14:22:55,32,NIE,,
j-2024,12,19.11.2024,19.11.2024 09:28:25,97,144,Pomorskie,154,Medycyna rodzinna,2024/029919,Rezydencki,76.96,4.29,10.10.2024 10:58:35,32,NIE,,
j-2024,12,19.11.2024,19.11.2024 09:28:25,97,144,Pomorskie,155,Medycyna rodzinna,2024/029379,Rezydencki,76.33,4.24,24.09.2024 23:20:11,32,NIE,,
j-2024,12,19.11.2024,19.11.2024 09:28:25,97,144,Pomorskie,156,Medycyna rodzinna,2024/025192,Rezydencki,74.29,0.00,02.10.2024 19:23:28,32,NIE,,
j-2024,12,19.11.2024,19.11.2024 09:28:25,97,144,Pomorskie,157,Medycyna rodzinna,2024/025087,Rezydencki,74.02,4.39,11.09.2024 23:48:33,32,NIE,,
j-2024,12,19.11.2024,19.11.2024 09:28:25,97,144,Pomorskie,158,Medycyna rodzinna,2024/031782,Rezydencki,73.17,3.85,19.10.2024 12:25:18,32,NIE,,
j-2024,12,19.11.2024,19.11.2024 09:28:25,97,144,Pomorskie,159,Medycyna rodzinna,2024/031342,Rezydencki,73.17,3.52,29.09.2024 10:01:30,32,NIE,,
j-2024,12,19.11.2024,19.11.2024 09:28:25,97,144,Pomorskie,160,Medycyna rodzinna,2024/031531,Rezydencki,71.50,3.62,18.10.2024 09:56:13,32,NIE,,
j-2024,12,19.11.2024,19.11.2024 09:28:25,97,144,Pomorskie,161,Medycyna rodzinna,2024/028230,Rezydencki,69.90,4.09,12.10.2024 11:24:26,32,NIE,,
j-2024,12,19.11.2024,19.11.2024 09:28:25,97,144,Pomorskie,162,Medycyna rodzinna,2024/022292,Rezydencki,68.78,3.58,08.10.2024 15:36:34,32,NIE,,
j-2024,12,19.11.2024,19.11.2024 09:28:25,97,144,Pomorskie,163,Medycyna rodzinna,2024/031589,Rezydencki,66.18,3.61,15.10.2024 15:52:47,32,NIE,,
j-2024,12,19.11.2024,19.11.2024 09:28:25,97,144,Pomorskie,164,Medycyna rodzinna,2024/034100,Pozarezydencki,59.63,3.72,28.10.2024 10:20:43,1,NIE,,
j-2024,12,19.11.2024,19.11.2024 09:28:25,97,144,Pomorskie,165,Medycyna sportowa,2024/023642,Pozarezydencki,80.00,3.43,17.09.2024 09:14:03,1,NIE,,
j-2024,12,19.11.2024,19.11.2024 09:28:25,97,144,Pomorskie,166,Nefrologia,2024/033140,Rezydencki,86.03,3.74,30.09.2024 00:38:12,2,NIE,,
j-2024,12,19.11.2024,19.11.2024 09:28:25,97,144,Pomorskie,167,Nefrologia,2024/029801,Rezydencki,85.51,4.20,30.09.2024 19:59:04,2,NIE,,
j-2024,12,19.11.2024,19.11.2024 09:28:25,97,144,Pomorskie,168,Nefrologia,2024/024442,Pozarezydencki,84.55,3.68,10.10.2024 17:51:45,3,NIE,,
j-2024,12,19.11.2024,19.11.2024 09:28:25,97,144,Pomorskie,169,Nefrologia,2024/033605,Pozarezydencki,70.91,3.83,23.10.2024 20:27:12,3,NIE,,
j-2024,12,19.11.2024,19.11.2024 09:28:25,97,144,Pomorskie,170,Nefrologia,2024/022833,Pozarezydencki,60.75,0.00,02.10.2024 19:24:43,3,NIE,,
j-2024,12,19.11.2024,19.11.2024 09:28:25,97,144,Pomorskie,171,Nefrologia dziecięca,2024/025486,Pozarezydencki,75.45,3.67,15.09.2024 21:42:44,1,NIE,,
j-2024,12,19.11.2024,19.11.2024 09:28:25,97,144,Pomorskie,172,Neonatologia,2024/024675,Rezydencki,88.41,3.99,28.09.2024 13:05:41,3,NIE,,
j-2024,12,19.11.2024,19.11.2024 09:28:25,97,144,Pomorskie,173,Neonatologia,2024/032247,Rezydencki,81.40,3.76,30.09.2024 21:17:27,3,NIE,,
j-2024,12,19.11.2024,19.11.2024 09:28:25,97,144,Pomorskie,174,Neonatologia,2024/023416,Rezydencki,80.24,3.83,02.10.2024 10:17:58,3,NIE,,
j-2024,12,19.11.2024,19.11.2024 09:28:25,97,144,Pomorskie,175,Neurochirurgia,2024/022810,Rezydencki,90.20,4.39,30.09.2024 20:45:40,1,NIE,,
j-2024,12,19.11.2024,19.11.2024 09:28:25,97,144,Pomorskie,176,Neurologia,2024/023493,Rezydencki,91.06,4.32,25.09.2024 15:08:52,19,NIE,,
j-2024,12,19.11.2024,19.11.2024 09:28:25,97,144,Pomorskie,177,Neurologia,2024/030048,Rezydencki,89.86,4.38,25.09.2024 20:43:32,19,NIE,,
j-2024,12,19.11.2024,19.11.2024 09:28:25,97,144,Pomorskie,178,Neurologia,2024/024380,Rezydencki,88.89,4.38,27.09.2024 17:14:44,19,NIE,,
j-2024,12,19.11.2024,19.11.2024 09:28:25,97,144,Pomorskie,179,Neurologia,2024/033120,Rezydencki,88.41,4.38,30.09.2024 00:49:46,19,NIE,,
j-2024,12,19.11.2024,19.11.2024 09:28:25,97,144,Pomorskie,180,Neurologia,2024/027734,Rezydencki,88.24,3.76,30.09.2024 13:56:16,19,NIE,,
j-2024,12,19.11.2024,19.11.2024 09:28:25,97,144,Pomorskie,181,Neurologia,2024/030062,Rezydencki,87.75,4.18,30.09.2024 22:09:06,19,NIE,,
j-2024,12,19.11.2024,19.11.2024 09:28:25,97,144,Pomorskie,182,Neurologia,2024/030724,Rezydencki,87.25,4.29,26.09.2024 19:34:23,19,NIE,,
j-2024,12,19.11.2024,19.11.2024 09:28:25,97,144,Pomorskie,183,Neurologia,2024/030200,Rezydencki,86.96,4.31,25.09.2024 22:27:25,19,NIE,,
j-2024,12,19.11.2024,19.11.2024 09:28:25,97,144,Pomorskie,184,Neurologia,2024/025611,Rezydencki,86.96,4.25,18.09.2024 14:20:42,19,NIE,,
j-2024,12,19.11.2024,19.11.2024 09:28:25,97,144,Pomorskie,185,Neurologia,2024/024429,Rezydencki,86.96,4.11,03.10.2024 13:32:36,19,NIE,,
j-2024,12,19.11.2024,19.11.2024 09:28:25,97,144,Pomorskie,186,Neurologia,2024/028130,Rezydencki,86.76,4.58,25.09.2024 19:59:29,19,NIE,,
j-2024,12,19.11.2024,19.11.2024 09:28:25,97,144,Pomorskie,187,Neurologia,2024/023665,Rezydencki,86.76,3.92,26.09.2024 11:12:08,19,NIE,,
j-2024,12,19.11.2024,19.11.2024 09:28:25,97,144,Pomorskie,188,Neurologia,2024/030461,Rezydencki,85.29,3.87,26.09.2024 13:27:15,19,NIE,,
j-2024,12,19.11.2024,19.11.2024 09:28:25,98,144,Pomorskie,189,Neurologia,2024/023178,Rezydencki,84.31,3.54,26.09.2024 18:42:47,19,NIE,,
j-2024,12,19.11.2024,19.11.2024 09:28:25,98,144,Pomorskie,190,Neurologia,2024/026222,Rezydencki,84.07,3.64,26.09.2024 10:22:23,19,NIE,,
j-2024,12,19.11.2024,19.11.2024 09:28:25,98,144,Pomorskie,191,Neurologia,2024/022674,Rezydencki,83.82,3.55,30.09.2024 18:05:29,19,NIE,,
j-2024,12,19.11.2024,19.11.2024 09:28:25,98,144,Pomorskie,192,Neurologia,2024/028856,Rezydencki,82.35,3.55,16.10.2024 00:18:08,19,NIE,,
j-2024,12,19.11.2024,19.11.2024 09:28:25,98,144,Pomorskie,193,Neurologia,2024/030154,Rezydencki,81.95,3.81,25.09.2024 22:28:26,19,NIE,,
j-2024,12,19.11.2024,19.11.2024 09:28:25,98,144,Pomorskie,194,Neurologia,2024/033153,Rezydencki,79.90,3.77,30.09.2024 22:30:42,19,NIE,,
j-2024,12,19.11.2024,19.11.2024 09:28:25,98,144,Pomorskie,195,Neurologia dziecięca,2024/022322,Rezydencki,87.01,3.98,12.09.2024 12:10:04,1,NIE,,
j-2024,12,19.11.2024,19.11.2024 09:28:25,98,144,Pomorskie,196,Neuropatologia,2024/024132,Pozarezydencki,81.14,0.00,11.10.2024 16:12:14,1,NIE,,
j-2024,12,19.11.2024,19.11.2024 09:28:25,98,144,Pomorskie,197,Okulistyka,2024/032799,Rezydencki,89.37,3.91,30.09.2024 23:20:15,1,NIE,,
j-2024,12,19.11.2024,19.11.2024 09:28:25,98,144,Pomorskie,198,Okulistyka,2024/029985,Pozarezydencki,83.64,4.31,26.09.2024 17:05:30,1,NIE,,
j-2024,12,19.11.2024,19.11.2024 09:28:25,98,144,Pomorskie,199,Onkologia kliniczna,2024/030018,Rezydencki,80.68,3.61,27.09.2024 20:42:59,3,NIE,,
j-2024,12,19.11.2024,19.11.2024 09:28:25,98,144,Pomorskie,200,Onkologia kliniczna,2024/023993,Rezydencki,73.66,3.58,30.09.2024 21:22:41,3,NIE,,
j-2024,12,19.11.2024,19.11.2024 09:28:25,98,144,Pomorskie,201,Onkologia kliniczna,2024/030469,Rezydencki,66.67,4.88,30.09.2024 19:52:07,3,NIE,,
j-2024,12,19.11.2024,19.11.2024 09:28:25,98,144,Pomorskie,202,Ortodoncja,2024/023032,Rezydencki,87.92,4.61,24.09.2024 14:59:51,1,NIE,,
j-2024,12,19.11.2024,19.11.2024 09:28:25,98,144,Pomorskie,203,Ortopedia i traumatologia narządu ruchu,2024/029187,Rezydencki,87.92,4.41,24.09.2024 18:15:08,12,NIE,,
j-2024,12,19.11.2024,19.11.2024 09:28:25,98,144,Pomorskie,204,Ortopedia i traumatologia narządu ruchu,2024/022207,Rezydencki,87.92,3.64,20.09.2024 11:43:27,12,NIE,,
j-2024,12,19.11.2024,19.11.2024 09:28:25,98,144,Pomorskie,205,Ortopedia i traumatologia narządu ruchu,2024/023300,Rezydencki,87.68,4.06,20.09.2024 12:12:10,12,NIE,,
j-2024,12,19.11.2024,19.11.2024 09:28:25,98,144,Pomorskie,206,Ortopedia i traumatologia narządu ruchu,2024/024427,Rezydencki,87.25,4.33,03.10.2024 13:34:19,12,NIE,,
j-2024,12,19.11.2024,19.11.2024 09:28:25,98,144,Pomorskie,207,Ortopedia i traumatologia narządu ruchu,2024/033440,Rezydencki,86.96,3.97,30.09.2024 22:09:47,12,NIE,,
j-2024,12,19.11.2024,19.11.2024 09:28:25,98,144,Pomorskie,208,Ortopedia i traumatologia narządu ruchu,2024/033159,Rezydencki,86.47,3.47,30.09.2024 01:38:23,12,NIE,,
j-2024,12,19.11.2024,19.11.2024 09:28:25,98,144,Pomorskie,209,Ortopedia i traumatologia narządu ruchu,2024/030464,Rezydencki,86.34,3.71,30.09.2024 17:38:55,12,NIE,,
j-2024,12,19.11.2024,19.11.2024 09:28:25,98,144,Pomorskie,210,Ortopedia i traumatologia narządu ruchu,2024/033321,Rezydencki,85.51,3.65,22.10.2024 09:41:09,12,NIE,,
j-2024,12,19.11.2024,19.11.2024 09:28:25,98,144,Pomorskie,211,Ortopedia i traumatologia narządu ruchu,2024/026553,Rezydencki,85.51,3.62,21.10.2024 11:13:11,12,NIE,,
j-2024,12,19.11.2024,19.11.2024 09:28:25,98,144,Pomorskie,212,Ortopedia i traumatologia narządu ruchu,2024/033144,Rezydencki,83.57,3.71,30.09.2024 23:33:25,12,NIE,,
j-2024,12,19.11.2024,19.11.2024 09:28:25,98,144,Pomorskie,213,Ortopedia i traumatologia narządu ruchu,2024/033400,Rezydencki,83.33,3.64,30.09.2024 19:06:30,12,NIE,,
j-2024,12,19.11.2024,19.11.2024 09:28:25,98,144,Pomorskie,214,Ortopedia i traumatologia narządu ruchu,2024/032395,Rezydencki,82.84,3.63,21.10.2024 13:35:29,12,NIE,,
j-2024,12,19.11.2024,19.11.2024 09:28:25,98,144,Pomorskie,215,Otorynolaryngologia,2024/032104,Rezydencki,86.23,4.23,30.09.2024 23:57:58,1,NIE,,
j-2024,12,19.11.2024,19.11.2024 09:28:25,98,144,Pomorskie,216,Otorynolaryngologia dziecięca,2024/031826,Rezydencki,89.37,3.72,09.10.2024 14:41:20,2,NIE,,
j-2024,12,19.11.2024,19.11.2024 09:28:25,98,144,Pomorskie,217,Otorynolaryngologia dziecięca,2024/033237,Rezydencki,87.80,4.12,17.10.2024 10:52:16,2,NIE,,
j-2024,12,19.11.2024,19.11.2024 09:28:25,98,144,Pomorskie,218,Patomorfologia,2024/023129,Rezydencki,88.29,3.97,26.09.2024 19:21:56,3,NIE,,
j-2024,12,19.11.2024,19.11.2024 09:28:25,98,144,Pomorskie,219,Patomorfologia,2024/029999,Rezydencki,85.29,4.07,26.09.2024 22:02:19,3,NIE,,
j-2024,12,19.11.2024,19.11.2024 09:28:25,98,144,Pomorskie,220,Patomorfologia,2024/026780,Rezydencki,81.95,0.00,03.10.2024 13:11:16,3,NIE,,
j-2024,12,19.11.2024,19.11.2024 09:28:25,98,144,Pomorskie,221,Pediatria,2024/028231,Rezydencki,92.16,4.55,29.09.2024 21:12:25,30,NIE,,
j-2024,12,19.11.2024,19.11.2024 09:28:25,98,144,Pomorskie,222,Pediatria,2024/026725,Rezydencki,91.79,4.35,28.09.2024 08:34:17,30,NIE,,
j-2024,12,19.11.2024,19.11.2024 09:28:25,98,144,Pomorskie,223,Pediatria,2024/023342,Rezydencki,90.69,4.63,02.10.2024 19:11:36,30,NIE,,
j-2024,12,19.11.2024,19.11.2024 09:28:25,98,144,Pomorskie,224,Pediatria,2024/031097,Rezydencki,89.86,4.06,26.09.2024 22:04:17,30,NIE,,
j-2024,12,19.11.2024,19.11.2024 09:28:25,98,144,Pomorskie,225,Pediatria,2024/025092,Rezydencki,89.71,4.33,19.09.2024 18:08:57,30,NIE,,
j-2024,12,19.11.2024,19.11.2024 09:28:25,98,144,Pomorskie,226,Pediatria,2024/022828,Rezydencki,88.78,4.62,02.09.2024 14:02:54,30,NIE,,
j-2024,12,19.11.2024,19.11.2024 09:28:25,99,144,Pomorskie,227,Pediatria,2024/029072,Rezydencki,88.78,3.93,24.09.2024 15:23:46,30,NIE,,
j-2024,12,19.11.2024,19.11.2024 09:28:25,99,144,Pomorskie,228,Pediatria,2024/026518,Rezydencki,87.92,4.42,26.09.2024 17:56:24,30,NIE,,
j-2024,12,19.11.2024,19.11.2024 09:28:25,99,144,Pomorskie,229,Pediatria,2024/028005,Rezydencki,86.96,4.03,30.09.2024 20:48:25,30,NIE,,
j-2024,12,19.11.2024,19.11.2024 09:28:25,99,144,Pomorskie,230,Pediatria,2024/027018,Rezydencki,86.96,3.96,05.10.2024 11:04:51,30,NIE,,
j-2024,12,19.11.2024,19.11.2024 09:28:25,99,144,Pomorskie,231,Pediatria,2024/025799,Rezydencki,86.76,4.06,19.09.2024 20:27:57,30,NIE,,
j-2024,12,19.11.2024,19.11.2024 09:28:25,99,144,Pomorskie,232,Pediatria,2024/033317,Rezydencki,86.47,4.22,10.10.2024 16:42:41,30,NIE,,
j-2024,12,19.11.2024,19.11.2024 09:28:25,99,144,Pomorskie,233,Pediatria,2024/023482,Rezydencki,86.27,3.95,03.09.2024 20:00:04,30,NIE,,
j-2024,12,19.11.2024,19.11.2024 09:28:25,99,144,Pomorskie,234,Pediatria,2024/030007,Rezydencki,86.27,3.88,28.09.2024 15:32:18,30,NIE,,
j-2024,12,19.11.2024,19.11.2024 09:28:25,99,144,Pomorskie,235,Pediatria,2024/031682,Rezydencki,85.51,4.09,27.09.2024 19:52:51,30,NIE,,
j-2024,12,19.11.2024,19.11.2024 09:28:25,99,144,Pomorskie,236,Pediatria,2024/025100,Rezydencki,85.02,3.90,25.09.2024 16:11:24,30,NIE,,
j-2024,12,19.11.2024,19.11.2024 09:28:25,99,144,Pomorskie,237,Pediatria,2024/030997,Rezydencki,85.02,3.82,26.09.2024 20:35:40,30,NIE,,
j-2024,12,19.11.2024,19.11.2024 09:28:25,99,144,Pomorskie,238,Pediatria,2024/023611,Rezydencki,84.54,4.18,15.10.2024 15:17:40,30,NIE,,
j-2024,12,19.11.2024,19.11.2024 09:28:25,99,144,Pomorskie,239,Pediatria,2024/028693,Rezydencki,84.39,3.89,30.09.2024 18:31:05,30,NIE,,
j-2024,12,19.11.2024,19.11.2024 09:28:25,99,144,Pomorskie,240,Pediatria,2024/026449,Rezydencki,84.39,3.88,29.09.2024 16:16:58,30,NIE,,
j-2024,12,19.11.2024,19.11.2024 09:28:25,99,144,Pomorskie,241,Pediatria,2024/029575,Rezydencki,83.82,4.30,29.09.2024 14:52:05,30,NIE,,
j-2024,12,19.11.2024,19.11.2024 09:28:25,99,144,Pomorskie,242,Pediatria,2024/033058,Rezydencki,83.33,3.76,16.10.2024 21:43:33,30,NIE,,
j-2024,12,19.11.2024,19.11.2024 09:28:25,99,144,Pomorskie,243,Pediatria,2024/034215,Rezydencki,82.61,3.98,23.10.2024 10:05:04,30,NIE,,
j-2024,12,19.11.2024,19.11.2024 09:28:25,99,144,Pomorskie,244,Pediatria,2024/028502,Rezydencki,81.64,3.60,16.10.2024 19:41:39,30,NIE,,
j-2024,12,19.11.2024,19.11.2024 09:28:25,99,144,Pomorskie,245,Pediatria,2024/028919,Rezydencki,81.37,3.92,25.09.2024 19:56:04,30,NIE,,
j-2024,12,19.11.2024,19.11.2024 09:28:25,99,144,Pomorskie,246,Pediatria,2024/031153,Rezydencki,79.51,4.34,26.09.2024 22:30:00,30,NIE,,
j-2024,12,19.11.2024,19.11.2024 09:28:25,99,144,Pomorskie,247,Pediatria,2024/031267,Rezydencki,78.92,3.83,27.09.2024 08:56:42,30,NIE,,
j-2024,12,19.11.2024,19.11.2024 09:28:25,99,144,Pomorskie,248,Pediatria,2024/030864,Rezydencki,78.92,3.53,26.09.2024 19:10:13,30,NIE,,
j-2024,12,19.11.2024,19.11.2024 09:28:25,99,144,Pomorskie,249,Pediatria,2024/030177,Rezydencki,78.74,4.06,29.09.2024 20:36:47,30,NIE,,
j-2024,12,19.11.2024,19.11.2024 09:28:25,99,144,Pomorskie,250,Pediatria,2024/032589,Rezydencki,77.45,3.26,29.09.2024 18:39:52,30,NIE,,
j-2024,12,19.11.2024,19.11.2024 09:28:25,99,144,Pomorskie,251,Pediatria,2024/028990,Pozarezydencki,84.55,3.43,18.10.2024 08:54:31,1,NIE,,
j-2024,12,19.11.2024,19.11.2024 09:28:25,99,144,Pomorskie,252,Periodontologia,2024/026050,Rezydencki,84.76,4.62,23.09.2024 20:36:55,3,NIE,,
j-2024,12,19.11.2024,19.11.2024 09:28:25,99,144,Pomorskie,253,Periodontologia,2024/033011,Rezydencki,84.47,4.24,30.09.2024 17:08:36,3,NIE,,
j-2024,12,19.11.2024,19.11.2024 09:28:25,99,144,Pomorskie,254,Periodontologia,2024/023610,Rezydencki,84.13,4.20,08.10.2024 21:28:32,3,NIE,,
j-2024,12,19.11.2024,19.11.2024 09:28:25,99,144,Pomorskie,255,Położnictwo i ginekologia,2024/029065,Rezydencki,87.92,4.25,27.09.2024 17:05:49,6,NIE,,
j-2024,12,19.11.2024,19.11.2024 09:28:25,99,144,Pomorskie,256,Położnictwo i ginekologia,2024/030078,Rezydencki,86.96,3.67,26.09.2024 23:29:56,6,NIE,,
j-2024,12,19.11.2024,19.11.2024 09:28:25,99,144,Pomorskie,257,Położnictwo i ginekologia,2024/032060,Rezydencki,85.29,4.20,30.09.2024 21:51:38,6,NIE,,
j-2024,12,19.11.2024,19.11.2024 09:28:25,99,144,Pomorskie,258,Położnictwo i ginekologia,2024/031868,Rezydencki,85.29,3.78,30.09.2024 10:22:54,6,NIE,,
j-2024,12,19.11.2024,19.11.2024 09:28:25,99,144,Pomorskie,259,Położnictwo i ginekologia,2024/028585,Rezydencki,85.02,3.81,29.09.2024 06:05:12,6,NIE,,
j-2024,12,19.11.2024,19.11.2024 09:28:25,99,144,Pomorskie,260,Położnictwo i ginekologia,2024/029830,Rezydencki,81.37,3.50,28.09.2024 10:02:52,6,NIE,,
j-2024,12,19.11.2024,19.11.2024 09:28:25,99,144,Pomorskie,261,Protetyka stomatologiczna,2024/024504,Pozarezydencki,79.91,4.28,08.10.2024 11:48:24,1,NIE,,
j-2024,12,19.11.2024,19.11.2024 09:28:25,99,144,Pomorskie,262,Psychiatria,2024/028746,Rezydencki,90.82,4.05,29.09.2024 19:07:28,15,NIE,,
j-2024,12,19.11.2024,19.11.2024 09:28:25,99,144,Pomorskie,263,Psychiatria,2024/026951,Rezydencki,90.58,4.25,24.09.2024 21:51:28,15,NIE,,
j-2024,12,19.11.2024,19.11.2024 09:28:25,99,144,Pomorskie,264,Psychiatria,2024/028050,Rezydencki,90.24,4.17,28.09.2024 01:32:22,15,NIE,,
j-2024,12,19.11.2024,19.11.2024 09:28:25,100,144,Pomorskie,265,Psychiatria,2024/023101,Rezydencki,89.76,4.14,28.09.2024 21:12:50,15,NIE,,
j-2024,12,19.11.2024,19.11.2024 09:28:25,100,144,Pomorskie,266,Psychiatria,2024/029746,Rezydencki,89.37,3.72,28.09.2024 17:40:17,15,NIE,,
j-2024,12,19.11.2024,19.11.2024 09:28:25,100,144,Pomorskie,267,Psychiatria,2024/023460,Rezydencki,88.65,4.25,30.09.2024 14:24:18,15,NIE,,
j-2024,12,19.11.2024,19.11.2024 09:28:25,100,144,Pomorskie,268,Psychiatria,2024/023132,Rezydencki,88.41,4.33,02.09.2024 18:46:50,15,NIE,,
j-2024,12,19.11.2024,19.11.2024 09:28:25,100,144,Pomorskie,269,Psychiatria,2024/028004,Rezydencki,88.41,3.81,30.09.2024 17:02:08,15,NIE,,
j-2024,12,19.11.2024,19.11.2024 09:28:25,100,144,Pomorskie,270,Psychiatria,2024/025494,Rezydencki,88.24,4.08,12.09.2024 12:12:42,15,NIE,,
j-2024,12,19.11.2024,19.11.2024 09:28:25,100,144,Pomorskie,271,Psychiatria,2024/031379,Rezydencki,87.92,4.01,27.09.2024 11:58:56,15,NIE,,
j-2024,12,19.11.2024,19.11.2024 09:28:25,100,144,Pomorskie,272,Psychiatria,2024/030025,Rezydencki,87.25,4.19,29.09.2024 18:36:24,15,NIE,,
j-2024,12,19.11.2024,19.11.2024 09:28:25,100,144,Pomorskie,273,Psychiatria,2024/028150,Rezydencki,86.96,3.78,16.10.2024 11:44:19,15,NIE,,
j-2024,12,19.11.2024,19.11.2024 09:28:25,100,144,Pomorskie,274,Psychiatria,2024/027860,Rezydencki,86.83,3.85,09.10.2024 17:34:29,15,NIE,,
j-2024,12,19.11.2024,19.11.2024 09:28:25,100,144,Pomorskie,275,Psychiatria,2024/032013,Rezydencki,86.47,4.35,29.09.2024 20:41:59,15,NIE,,
j-2024,12,19.11.2024,19.11.2024 09:28:25,100,144,Pomorskie,276,Psychiatria,2024/030115,Rezydencki,85.27,3.64,28.09.2024 08:39:01,15,NIE,,
j-2024,12,19.11.2024,19.11.2024 09:28:25,100,144,Pomorskie,277,Psychiatria dzieci i młodzieży,2024/022284,Rezydencki,90.34,4.14,01.10.2024 13:34:52,3,NIE,,
j-2024,12,19.11.2024,19.11.2024 09:28:25,100,144,Pomorskie,278,Psychiatria dzieci i młodzieży,2024/031466,Rezydencki,88.89,4.11,29.09.2024 23:21:29,3,NIE,,
j-2024,12,19.11.2024,19.11.2024 09:28:25,100,144,Pomorskie,279,Psychiatria dzieci i młodzieży,2024/033775,Rezydencki,88.41,4.20,30.09.2024 18:32:18,3,NIE,,
j-2024,12,19.11.2024,19.11.2024 09:28:25,100,144,Pomorskie,280,Psychiatria dzieci i młodzieży,2024/025330,Pozarezydencki,84.55,3.56,18.10.2024 15:21:56,2,NIE,,
j-2024,12,19.11.2024,19.11.2024 09:28:25,100,144,Pomorskie,281,Psychiatria dzieci i młodzieży,2024/023837,Pozarezydencki,81.31,3.79,30.09.2024 12:47:15,2,NIE,,
j-2024,12,19.11.2024,19.11.2024 09:28:25,100,144,Pomorskie,282,Radiologia i diagnostyka obrazowa,2024/024995,Rezydencki,92.20,4.56,28.09.2024 13:04:11,32,NIE,,
j-2024,12,19.11.2024,19.11.2024 09:28:25,100,144,Pomorskie,283,Radiologia i diagnostyka obrazowa,2024/022382,Rezydencki,90.20,4.52,01.09.2024 11:57:14,32,NIE,,
j-2024,12,19.11.2024,19.11.2024 09:28:25,100,144,Pomorskie,284,Radiologia i diagnostyka obrazowa,2024/026710,Rezydencki,90.00,4.23,25.09.2024 22:41:38,32,NIE,,
j-2024,12,19.11.2024,19.11.2024 09:28:25,100,144,Pomorskie,285,Radiologia i diagnostyka obrazowa,2024/022226,Rezydencki,89.71,3.79,27.09.2024 13:08:41,32,NIE,,
j-2024,12,19.11.2024,19.11.2024 09:28:25,100,144,Pomorskie,286,Radiologia i diagnostyka obrazowa,2024/029339,Rezydencki,89.61,4.30,26.09.2024 16:24:38,32,NIE,,
j-2024,12,19.11.2024,19.11.2024 09:28:25,100,144,Pomorskie,287,Radiologia i diagnostyka obrazowa,2024/029006,Rezydencki,89.27,4.57,10.10.2024 13:25:31,32,NIE,,
j-2024,12,19.11.2024,19.11.2024 09:28:25,100,144,Pomorskie,288,Radiologia i diagnostyka obrazowa,2024/022643,Rezydencki,89.27,4.53,24.09.2024 20:15:56,32,NIE,,
j-2024,12,19.11.2024,19.11.2024 09:28:25,100,144,Pomorskie,289,Radiologia i diagnostyka obrazowa,2024/033421,Rezydencki,89.22,4.42,17.10.2024 00:29:55,32,NIE,,
j-2024,12,19.11.2024,19.11.2024 09:28:25,100,144,Pomorskie,290,Radiologia i diagnostyka obrazowa,2024/027104,Rezydencki,88.89,4.60,30.09.2024 19:28:13,32,NIE,,
j-2024,12,19.11.2024,19.11.2024 09:28:25,100,144,Pomorskie,291,Radiologia i diagnostyka obrazowa,2024/022424,Rezydencki,88.78,0.00,01.09.2024 12:57:49,32,NIE,,
j-2024,12,19.11.2024,19.11.2024 09:28:25,100,144,Pomorskie,292,Radiologia i diagnostyka obrazowa,2024/031691,Rezydencki,88.41,4.33,29.09.2024 18:13:47,32,NIE,,
j-2024,12,19.11.2024,19.11.2024 09:28:25,100,144,Pomorskie,293,Radiologia i diagnostyka obrazowa,2024/028826,Rezydencki,88.41,3.74,30.09.2024 21:06:16,32,NIE,,
j-2024,12,19.11.2024,19.11.2024 09:28:25,100,144,Pomorskie,294,Radiologia i diagnostyka obrazowa,2024/027228,Rezydencki,88.41,3.60,19.09.2024 17:07:45,32,NIE,,
j-2024,12,19.11.2024,19.11.2024 09:28:25,100,144,Pomorskie,295,Radiologia i diagnostyka obrazowa,2024/022205,Rezydencki,88.24,4.33,01.09.2024 00:19:30,32,NIE,,
j-2024,12,19.11.2024,19.11.2024 09:28:25,100,144,Pomorskie,296,Radiologia i diagnostyka obrazowa,2024/032014,Rezydencki,87.92,4.22,21.10.2024 11:40:37,32,NIE,,
j-2024,12,19.11.2024,19.11.2024 09:28:25,100,144,Pomorskie,297,Radiologia i diagnostyka obrazowa,2024/023080,Rezydencki,87.44,4.10,30.09.2024 18:40:04,32,NIE,,
j-2024,12,19.11.2024,19.11.2024 09:28:25,100,144,Pomorskie,298,Radiologia i diagnostyka obrazowa,2024/031684,Rezydencki,87.32,4.23,27.09.2024 19:06:22,32,NIE,,
j-2024,12,19.11.2024,19.11.2024 09:28:25,100,144,Pomorskie,299,Radiologia i diagnostyka obrazowa,2024/029501,Rezydencki,87.32,4.09,15.10.2024 08:39:33,32,NIE,,
j-2024,12,19.11.2024,19.11.2024 09:28:25,100,144,Pomorskie,300,Radiologia i diagnostyka obrazowa,2024/030607,Rezydencki,87.32,3.78,26.09.2024 22:46:52,32,NIE,,
j-2024,12,19.11.2024,19.11.2024 09:28:25,100,144,Pomorskie,301,Radiologia i diagnostyka obrazowa,2024/026285,Rezydencki,87.25,4.27,30.09.2024 20:55:22,32,NIE,,
j-2024,12,19.11.2024,19.11.2024 09:28:25,100,144,Pomorskie,302,Radiologia i diagnostyka obrazowa,2024/024478,Rezydencki,87.25,3.97,27.09.2024 11:21:39,32,NIE,,
j-2024,12,19.11.2024,19.11.2024 09:28:25,101,144,Pomorskie,303,Radiologia i diagnostyka obrazowa,2024/025966,Rezydencki,87.20,4.05,30.09.2024 18:07:57,32,NIE,,
j-2024,12,19.11.2024,19.11.2024 09:28:25,101,144,Pomorskie,304,Radiologia i diagnostyka obrazowa,2024/028601,Rezydencki,87.20,4.02,23.09.2024 18:22:55,32,NIE,,
j-2024,12,19.11.2024,19.11.2024 09:28:25,101,144,Pomorskie,305,Radiologia i diagnostyka obrazowa,2024/031566,Rezydencki,87.20,3.76,14.10.2024 15:11:23,32,NIE,,
j-2024,12,19.11.2024,19.11.2024 09:28:25,101,144,Pomorskie,306,Radiologia i diagnostyka obrazowa,2024/023625,Rezydencki,86.96,4.45,04.09.2024 10:59:17,32,NIE,,
j-2024,12,19.11.2024,19.11.2024 09:28:25,101,144,Pomorskie,307,Radiologia i diagnostyka obrazowa,2024/022925,Rezydencki,86.90,4.47,23.10.2024 10:16:35,32,NIE,,
j-2024,12,19.11.2024,19.11.2024 09:28:25,101,144,Pomorskie,308,Radiologia i diagnostyka obrazowa,2024/029472,Rezydencki,86.76,4.11,30.09.2024 19:11:59,32,NIE,,
j-2024,12,19.11.2024,19.11.2024 09:28:25,101,144,Pomorskie,309,Radiologia i diagnostyka obrazowa,2024/027454,Rezydencki,86.67,3.92,19.09.2024 22:51:41,32,NIE,,
j-2024,12,19.11.2024,19.11.2024 09:28:25,101,144,Pomorskie,310,Radiologia i diagnostyka obrazowa,2024/022641,Rezydencki,86.47,3.98,01.09.2024 19:28:44,32,NIE,,
j-2024,12,19.11.2024,19.11.2024 09:28:25,101,144,Pomorskie,311,Radiologia i diagnostyka obrazowa,2024/022379,Rezydencki,86.47,3.63,30.09.2024 14:37:28,32,NIE,,
j-2024,12,19.11.2024,19.11.2024 09:28:25,101,144,Pomorskie,312,Radiologia i diagnostyka obrazowa,2024/029399,Rezydencki,86.47,3.60,18.10.2024 22:07:43,32,NIE,,
j-2024,12,19.11.2024,19.11.2024 09:28:25,101,144,Pomorskie,313,Radiologia i diagnostyka obrazowa,2024/023042,Rezydencki,86.27,4.39,30.09.2024 21:10:51,32,NIE,,
j-2024,12,19.11.2024,19.11.2024 09:28:25,101,144,Pomorskie,314,Radioterapia onkologiczna,2024/031745,Rezydencki,74.02,3.36,29.09.2024 14:43:29,2,NIE,,
j-2024,12,19.11.2024,19.11.2024 09:28:25,101,144,Pomorskie,315,Radioterapia onkologiczna,2024/030509,Rezydencki,64.25,3.26,02.10.2024 08:30:23,2,NIE,,
j-2024,12,19.11.2024,19.11.2024 09:28:25,101,144,Pomorskie,316,Rehabilitacja medyczna,2024/033311,Rezydencki,74.88,4.40,14.10.2024 23:37:02,1,NIE,,
j-2024,12,19.11.2024,19.11.2024 09:28:25,101,144,Pomorskie,317,Reumatologia,2024/031219,Rezydencki,91.55,4.35,29.09.2024 14:48:05,5,NIE,,
j-2024,12,19.11.2024,19.11.2024 09:28:25,101,144,Pomorskie,318,Reumatologia,2024/028058,Rezydencki,89.86,4.33,29.09.2024 14:06:49,5,NIE,,
j-2024,12,19.11.2024,19.11.2024 09:28:25,101,144,Pomorskie,319,Reumatologia,2024/030270,Rezydencki,89.86,4.18,26.09.2024 21:33:18,5,NIE,,
j-2024,12,19.11.2024,19.11.2024 09:28:25,101,144,Pomorskie,320,Reumatologia,2024/029460,Rezydencki,89.71,4.09,30.09.2024 21:42:41,5,NIE,,
j-2024,12,19.11.2024,19.11.2024 09:28:25,101,144,Pomorskie,321,Reumatologia,2024/032357,Rezydencki,89.46,3.94,29.09.2024 12:09:29,5,NIE,,
j-2024,12,19.11.2024,19.11.2024 09:28:25,101,144,Pomorskie,322,Reumatologia,2024/026146,Pozarezydencki,83.64,4.27,30.09.2024 12:31:30,1,NIE,,
j-2024,12,19.11.2024,19.11.2024 09:28:25,101,144,Pomorskie,323,Stomatologia dziecięca,2024/033374,Rezydencki,84.69,4.85,30.09.2024 11:46:49,3,NIE,,
j-2024,12,19.11.2024,19.11.2024 09:28:25,101,144,Pomorskie,324,Stomatologia dziecięca,2024/033018,Rezydencki,83.17,4.00,22.10.2024 14:16:36,3,NIE,,
j-2024,12,19.11.2024,19.11.2024 09:28:25,101,144,Pomorskie,325,Stomatologia dziecięca,2024/027193,Rezydencki,83.17,3.94,18.09.2024 23:55:12,3,NIE,,
j-2024,12,19.11.2024,19.11.2024 09:28:25,101,144,Pomorskie,326,Stomatologia zachowawcza z endodoncją,2024/030938,Rezydencki,79.81,4.28,30.09.2024 10:29:27,3,NIE,,
j-2024,12,19.11.2024,19.11.2024 09:28:25,101,144,Pomorskie,327,Stomatologia zachowawcza z endodoncją,2024/031876,Rezydencki,79.05,4.25,11.10.2024 16:39:50,3,NIE,,
j-2024,12,19.11.2024,19.11.2024 09:28:25,101,144,Pomorskie,328,Stomatologia zachowawcza z endodoncją,2024/027334,Rezydencki,72.95,3.13,08.10.2024 16:53:29,3,NIE,,
j-2024,12,19.11.2024,19.11.2024 09:28:25,101,144,Pomorskie,329,Urologia,2024/024401,Rezydencki,89.13,3.65,30.09.2024 10:43:13,8,NIE,,
j-2024,12,19.11.2024,19.11.2024 09:28:25,101,144,Pomorskie,330,Urologia,2024/025081,Rezydencki,87.80,4.67,20.09.2024 15:54:39,8,NIE,,
j-2024,12,19.11.2024,19.11.2024 09:28:25,101,144,Pomorskie,331,Urologia,2024/032140,Rezydencki,87.20,4.44,23.10.2024 09:21:53,8,NIE,,
j-2024,12,19.11.2024,19.11.2024 09:28:25,101,144,Pomorskie,332,Urologia,2024/022277,Rezydencki,86.76,4.03,30.09.2024 19:13:42,8,NIE,,
j-2024,12,19.11.2024,19.11.2024 09:28:25,101,144,Pomorskie,333,Urologia,2024/033529,Rezydencki,86.47,3.69,30.09.2024 14:07:41,8,NIE,,
j-2024,12,19.11.2024,19.11.2024 09:28:25,101,144,Pomorskie,334,Urologia,2024/030036,Rezydencki,85.99,4.03,29.09.2024 22:32:05,8,NIE,,
j-2024,12,19.11.2024,19.11.2024 09:28:25,101,144,Pomorskie,335,Urologia,2024/022358,Rezydencki,85.78,3.71,28.09.2024 12:21:39,8,NIE,,
j-2024,12,19.11.2024,19.11.2024 09:28:25,101,144,Pomorskie,336,Urologia,2024/028510,Rezydencki,85.29,3.56,30.09.2024 20:22:14,8,NIE,,
j-2024,12,19.11.2024,19.11.2024 09:28:25,101,144,Pomorskie,337,Urologia,2024/028102,Pozarezydencki,80.65,3.43,27.09.2024 20:09:31,2,NIE,,
j-2024,12,19.11.2024,19.11.2024 09:28:25,101,144,Pomorskie,338,Urologia,2024/031147,Pozarezydencki,75.23,3.69,29.09.2024 21:35:17,2,NIE,,
j-2024,12,19.11.2024,19.11.2024 09:28:25,102,144,Pomorskie,1,Kardiologia dziecięca,2024/029533,Rezydencki,82.38,3.71,21.10.2024 11:54:29,1,TAK,Uniwersyteckie Centrum Kliniczne,Klinika Kardiologii Dziecięcej i Wad Wrodzonych Serca
j-2024,12,19.11.2024,19.11.2024 09:28:25,102,144,Śląskie,1,Alergologia,2024/030851,Rezydencki,90.34,4.34,27.09.2024 16:24:01,1,NIE,,
j-2024,12,19.11.2024,19.11.2024 09:28:25,102,144,Śląskie,2,Alergologia,2024/031047,Pozarezydencki,74.77,3.89,26.09.2024 21:12:44,1,NIE,,
j-2024,12,19.11.2024,19.11.2024 09:28:25,102,144,Śląskie,3,Anestezjologia i intensywna terapia,2024/022339,Rezydencki,91.22,4.61,14.09.2024 13:28:43,52,NIE,,
j-2024,12,19.11.2024,19.11.2024 09:28:25,102,144,Śląskie,4,Anestezjologia i intensywna terapia,2024/023943,Rezydencki,90.24,4.17,05.09.2024 13:23:47,52,NIE,,
j-2024,12,19.11.2024,19.11.2024 09:28:25,102,144,Śląskie,5,Anestezjologia i intensywna terapia,2024/028761,Rezydencki,90.20,4.54,28.09.2024 18:39:33,52,NIE,,
j-2024,12,19.11.2024,19.11.2024 09:28:25,102,144,Śląskie,6,Anestezjologia i intensywna terapia,2024/025771,Rezydencki,89.86,4.47,30.09.2024 10:21:58,52,NIE,,
j-2024,12,19.11.2024,19.11.2024 09:28:25,102,144,Śląskie,7,Anestezjologia i intensywna terapia,2024/022558,Rezydencki,89.71,4.11,30.09.2024 18:39:14,52,NIE,,
j-2024,12,19.11.2024,19.11.2024 09:28:25,102,144,Śląskie,8,Anestezjologia i intensywna terapia,2024/026111,Rezydencki,89.61,4.57,16.10.2024 14:04:56,52,NIE,,
j-2024,12,19.11.2024,19.11.2024 09:28:25,102,144,Śląskie,9,Anestezjologia i intensywna terapia,2024/029103,Rezydencki,89.37,4.29,25.09.2024 19:06:02,52,NIE,,
j-2024,12,19.11.2024,19.11.2024 09:28:25,102,144,Śląskie,10,Anestezjologia i intensywna terapia,2024/027973,Rezydencki,89.37,4.27,25.09.2024 17:00:45,52,NIE,,
j-2024,12,19.11.2024,19.11.2024 09:28:25,102,144,Śląskie,11,Anestezjologia i intensywna terapia,2024/025669,Rezydencki,89.22,4.48,13.09.2024 21:24:47,52,NIE,,
j-2024,12,19.11.2024,19.11.2024 09:28:25,102,144,Śląskie,12,Anestezjologia i intensywna terapia,2024/031475,Rezydencki,89.13,4.52,30.09.2024 20:46:05,52,NIE,,
j-2024,12,19.11.2024,19.11.2024 09:28:25,102,144,Śląskie,13,Anestezjologia i intensywna terapia,2024/026235,Rezydencki,89.02,4.67,17.10.2024 20:51:47,52,NIE,,
j-2024,12,19.11.2024,19.11.2024 09:28:25,102,144,Śląskie,14,Anestezjologia i intensywna terapia,2024/026228,Rezydencki,88.97,3.92,27.09.2024 20:41:48,52,NIE,,
j-2024,12,19.11.2024,19.11.2024 09:28:25,102,144,Śląskie,15,Anestezjologia i intensywna terapia,2024/030241,Rezydencki,88.89,4.03,30.09.2024 10:08:31,52,NIE,,
j-2024,12,19.11.2024,19.11.2024 09:28:25,102,144,Śląskie,16,Anestezjologia i intensywna terapia,2024/029156,Rezydencki,88.73,4.24,25.09.2024 17:23:19,52,NIE,,
j-2024,12,19.11.2024,19.11.2024 09:28:25,102,144,Śląskie,17,Anestezjologia i intensywna terapia,2024/030827,Rezydencki,88.54,4.70,30.09.2024 19:19:51,52,NIE,,
j-2024,12,19.11.2024,19.11.2024 09:28:25,102,144,Śląskie,18,Anestezjologia i intensywna terapia,2024/024816,Rezydencki,88.05,4.13,29.09.2024 21:55:18,52,NIE,,
j-2024,12,19.11.2024,19.11.2024 09:28:25,102,144,Śląskie,19,Anestezjologia i intensywna terapia,2024/029737,Rezydencki,87.99,4.23,26.09.2024 10:36:58,52,NIE,,
j-2024,12,19.11.2024,19.11.2024 09:28:25,102,144,Śląskie,20,Anestezjologia i intensywna terapia,2024/031202,Rezydencki,87.25,4.02,27.09.2024 17:03:39,52,NIE,,
j-2024,12,19.11.2024,19.11.2024 09:28:25,102,144,Śląskie,21,Anestezjologia i intensywna terapia,2024/026116,Rezydencki,86.96,4.45,16.10.2024 14:04:56,52,NIE,,
j-2024,12,19.11.2024,19.11.2024 09:28:25,102,144,Śląskie,22,Anestezjologia i intensywna terapia,2024/029853,Rezydencki,86.96,4.03,26.09.2024 23:34:00,52,NIE,,
j-2024,12,19.11.2024,19.11.2024 09:28:25,102,144,Śląskie,23,Anestezjologia i intensywna terapia,2024/023951,Rezydencki,86.71,3.82,11.09.2024 20:20:00,52,NIE,,
j-2024,12,19.11.2024,19.11.2024 09:28:25,102,144,Śląskie,24,Anestezjologia i intensywna terapia,2024/028093,Rezydencki,86.47,4.19,27.09.2024 22:48:12,52,NIE,,
j-2024,12,19.11.2024,19.11.2024 09:28:25,102,144,Śląskie,25,Anestezjologia i intensywna terapia,2024/029298,Rezydencki,86.47,3.90,25.09.2024 00:34:40,52,NIE,,
j-2024,12,19.11.2024,19.11.2024 09:28:25,102,144,Śląskie,26,Anestezjologia i intensywna terapia,2024/030794,Rezydencki,86.47,3.38,28.09.2024 10:39:50,52,NIE,,
j-2024,12,19.11.2024,19.11.2024 09:28:25,102,144,Śląskie,27,Anestezjologia i intensywna terapia,2024/030451,Rezydencki,86.27,3.81,30.09.2024 16:49:52,52,NIE,,
j-2024,12,19.11.2024,19.11.2024 09:28:25,102,144,Śląskie,28,Anestezjologia i intensywna terapia,2024/023435,Rezydencki,85.99,4.53,23.09.2024 16:08:24,52,NIE,,
j-2024,12,19.11.2024,19.11.2024 09:28:25,102,144,Śląskie,29,Anestezjologia i intensywna terapia,2024/032269,Rezydencki,85.99,4.06,29.09.2024 22:00:47,52,NIE,,
j-2024,12,19.11.2024,19.11.2024 09:28:25,102,144,Śląskie,30,Anestezjologia i intensywna terapia,2024/028843,Rezydencki,85.78,4.08,16.10.2024 18:32:55,52,NIE,,
j-2024,12,19.11.2024,19.11.2024 09:28:25,102,144,Śląskie,31,Anestezjologia i intensywna terapia,2024/029086,Rezydencki,85.51,4.14,29.09.2024 15:37:59,52,NIE,,
j-2024,12,19.11.2024,19.11.2024 09:28:25,102,144,Śląskie,32,Anestezjologia i intensywna terapia,2024/026294,Rezydencki,85.51,3.67,26.09.2024 13:05:06,52,NIE,,
j-2024,12,19.11.2024,19.11.2024 09:28:25,103,144,Śląskie,33,Anestezjologia i intensywna terapia,2024/032588,Rezydencki,85.29,4.25,29.09.2024 17:43:00,52,NIE,,
j-2024,12,19.11.2024,19.11.2024 09:28:25,103,144,Śląskie,34,Anestezjologia i intensywna terapia,2024/030763,Rezydencki,85.29,3.79,30.09.2024 12:13:56,52,NIE,,
j-2024,12,19.11.2024,19.11.2024 09:28:25,103,144,Śląskie,35,Anestezjologia i intensywna terapia,2024/026682,Rezydencki,85.29,3.63,21.09.2024 12:04:16,52,NIE,,
j-2024,12,19.11.2024,19.11.2024 09:28:25,103,144,Śląskie,36,Anestezjologia i intensywna terapia,2024/028821,Rezydencki,85.27,4.08,18.10.2024 12:41:04,52,NIE,,
j-2024,12,19.11.2024,19.11.2024 09:28:25,103,144,Śląskie,37,Anestezjologia i intensywna terapia,2024/032674,Rezydencki,84.80,4.06,29.09.2024 20:39:08,52,NIE,,
j-2024,12,19.11.2024,19.11.2024 09:28:25,103,144,Śląskie,38,Anestezjologia i intensywna terapia,2024/031746,Rezydencki,84.80,3.70,30.09.2024 23:32:15,52,NIE,,
j-2024,12,19.11.2024,19.11.2024 09:28:25,103,144,Śląskie,39,Anestezjologia i intensywna terapia,2024/028933,Rezydencki,84.39,4.03,30.09.2024 15:16:05,52,NIE,,
j-2024,12,19.11.2024,19.11.2024 09:28:25,103,144,Śląskie,40,Anestezjologia i intensywna terapia,2024/029628,Rezydencki,84.39,3.72,30.09.2024 00:04:54,52,NIE,,
j-2024,12,19.11.2024,19.11.2024 09:28:25,103,144,Śląskie,41,Anestezjologia i intensywna terapia,2024/029630,Rezydencki,84.31,4.02,29.09.2024 12:52:06,52,NIE,,
j-2024,12,19.11.2024,19.11.2024 09:28:25,103,144,Śląskie,42,Anestezjologia i intensywna terapia,2024/032164,Rezydencki,84.06,3.78,25.10.2024 11:55:33,52,NIE,,
j-2024,12,19.11.2024,19.11.2024 09:28:25,103,144,Śląskie,43,Anestezjologia i intensywna terapia,2024/033741,Rezydencki,84.06,0.00,16.10.2024 14:04:11,52,NIE,,
j-2024,12,19.11.2024,19.11.2024 09:28:25,103,144,Śląskie,44,Anestezjologia i intensywna terapia,2024/029876,Rezydencki,83.90,0.00,25.09.2024 18:04:04,52,NIE,,
j-2024,12,19.11.2024,19.11.2024 09:28:25,103,144,Śląskie,45,Anestezjologia i intensywna terapia,2024/033679,Rezydencki,83.82,3.69,30.09.2024 16:46:35,52,NIE,,
j-2024,12,19.11.2024,19.11.2024 09:28:25,103,144,Śląskie,46,Anestezjologia i intensywna terapia,2024/033988,Rezydencki,83.66,3.87,20.10.2024 19:52:01,52,NIE,,
j-2024,12,19.11.2024,19.11.2024 09:28:25,103,144,Śląskie,47,Anestezjologia i intensywna terapia,2024/034099,Rezydencki,83.66,3.21,19.10.2024 20:28:33,52,NIE,,
j-2024,12,19.11.2024,19.11.2024 09:28:25,103,144,Śląskie,48,Anestezjologia i intensywna terapia,2024/024024,Rezydencki,83.33,3.92,26.09.2024 12:22:48,52,NIE,,
j-2024,12,19.11.2024,19.11.2024 09:28:25,103,144,Śląskie,49,Anestezjologia i intensywna terapia,2024/031785,Rezydencki,83.33,3.21,29.09.2024 18:09:52,52,NIE,,
j-2024,12,19.11.2024,19.11.2024 09:28:25,103,144,Śląskie,50,Anestezjologia i intensywna terapia,2024/033809,Rezydencki,83.09,4.16,30.09.2024 18:59:02,52,NIE,,
j-2024,12,19.11.2024,19.11.2024 09:28:25,103,144,Śląskie,51,Anestezjologia i intensywna terapia,2024/031405,Rezydencki,82.93,3.74,27.09.2024 12:39:42,52,NIE,,
j-2024,12,19.11.2024,19.11.2024 09:28:25,103,144,Śląskie,52,Anestezjologia i intensywna terapia,2024/031725,Rezydencki,81.95,3.33,29.09.2024 10:04:33,52,NIE,,
j-2024,12,19.11.2024,19.11.2024 09:28:25,103,144,Śląskie,53,Anestezjologia i intensywna terapia,2024/030112,Rezydencki,81.86,3.20,02.10.2024 15:22:49,52,NIE,,
j-2024,12,19.11.2024,19.11.2024 09:28:25,103,144,Śląskie,54,Anestezjologia i intensywna terapia,2024/025624,Rezydencki,80.88,3.33,22.10.2024 13:11:38,52,NIE,,
j-2024,12,19.11.2024,19.11.2024 09:28:25,103,144,Śląskie,55,Anestezjologia i intensywna terapia,2024/031943,Pozarezydencki,76.74,3.85,28.09.2024 12:32:45,1,NIE,,
j-2024,12,19.11.2024,19.11.2024 09:28:25,103,144,Śląskie,56,Angiologia,2024/027435,Pozarezydencki,78.01,4.15,15.10.2024 21:13:39,3,NIE,,
j-2024,12,19.11.2024,19.11.2024 09:28:25,103,144,Śląskie,57,Angiologia,2024/025990,Pozarezydencki,76.59,0.00,23.10.2024 16:48:12,3,NIE,,
j-2024,12,19.11.2024,19.11.2024 09:28:25,103,144,Śląskie,58,Angiologia,2024/031528,Pozarezydencki,2.27,0.00,29.10.2024 13:12:24,3,NIE,,
j-2024,12,19.11.2024,19.11.2024 09:28:25,103,144,Śląskie,59,Audiologia i foniatria,2024/031287,Rezydencki,87.44,3.73,27.09.2024 09:39:41,1,NIE,,
j-2024,12,19.11.2024,19.11.2024 09:28:25,103,144,Śląskie,60,Chirurgia dziecięca,2024/024330,Rezydencki,90.73,4.48,30.09.2024 22:35:45,3,NIE,,
j-2024,12,19.11.2024,19.11.2024 09:28:25,103,144,Śląskie,61,Chirurgia dziecięca,2024/024934,Rezydencki,85.02,4.13,28.09.2024 16:01:04,3,NIE,,
j-2024,12,19.11.2024,19.11.2024 09:28:25,103,144,Śląskie,62,Chirurgia dziecięca,2024/032979,Rezydencki,83.17,4.59,29.09.2024 22:21:03,3,NIE,,
j-2024,12,19.11.2024,19.11.2024 09:28:25,103,144,Śląskie,63,Chirurgia dziecięca,2024/030986,Pozarezydencki,73.02,0.00,28.10.2024 11:02:56,2,NIE,,
j-2024,12,19.11.2024,19.11.2024 09:28:25,103,144,Śląskie,64,Chirurgia dziecięca,2024/022891,Pozarezydencki,70.51,3.46,25.09.2024 16:45:28,2,NIE,,
j-2024,12,19.11.2024,19.11.2024 09:28:25,103,144,Śląskie,65,Chirurgia klatki piersiowej,2024/033732,Rezydencki,79.27,4.12,30.09.2024 18:09:29,1,NIE,,
j-2024,12,19.11.2024,19.11.2024 09:28:25,103,144,Śląskie,66,Chirurgia naczyniowa,2024/023220,Rezydencki,90.24,4.57,10.09.2024 21:54:32,3,NIE,,
j-2024,12,19.11.2024,19.11.2024 09:28:25,103,144,Śląskie,67,Chirurgia naczyniowa,2024/030905,Rezydencki,89.22,4.29,29.09.2024 21:38:11,3,NIE,,
j-2024,12,19.11.2024,19.11.2024 09:28:25,103,144,Śląskie,68,Chirurgia naczyniowa,2024/024368,Rezydencki,85.29,3.84,16.10.2024 15:52:19,3,NIE,,
j-2024,12,19.11.2024,19.11.2024 09:28:25,103,144,Śląskie,69,Chirurgia naczyniowa,2024/028934,Pozarezydencki,80.93,4.03,15.10.2024 18:05:36,1,NIE,,
j-2024,12,19.11.2024,19.11.2024 09:28:25,103,144,Śląskie,70,Chirurgia ogólna,2024/032833,Rezydencki,91.67,3.84,29.09.2024 20:57:39,12,NIE,,
j-2024,12,19.11.2024,19.11.2024 09:28:25,104,144,Śląskie,71,Chirurgia ogólna,2024/029171,Rezydencki,89.95,4.06,24.09.2024 17:49:15,12,NIE,,
j-2024,12,19.11.2024,19.11.2024 09:28:25,104,144,Śląskie,72,Chirurgia ogólna,2024/025342,Rezydencki,87.75,4.29,17.09.2024 20:21:09,12,NIE,,
j-2024,12,19.11.2024,19.11.2024 09:28:25,104,144,Śląskie,73,Chirurgia ogólna,2024/026702,Rezydencki,86.83,3.92,18.09.2024 21:39:27,12,NIE,,
j-2024,12,19.11.2024,19.11.2024 09:28:25,104,144,Śląskie,74,Chirurgia ogólna,2024/028132,Rezydencki,85.29,4.34,26.09.2024 20:49:26,12,NIE,,
j-2024,12,19.11.2024,19.11.2024 09:28:25,104,144,Śląskie,75,Chirurgia ogólna,2024/030776,Rezydencki,82.93,3.94,28.09.2024 08:32:39,12,NIE,,
j-2024,12,19.11.2024,19.11.2024 09:28:25,104,144,Śląskie,76,Chirurgia ogólna,2024/023000,Rezydencki,81.86,3.75,30.09.2024 14:36:24,12,NIE,,
j-2024,12,19.11.2024,19.11.2024 09:28:25,104,144,Śląskie,77,Chirurgia ogólna,2024/024159,Rezydencki,81.46,3.82,14.09.2024 15:00:51,12,NIE,,
j-2024,12,19.11.2024,19.11.2024 09:28:25,104,144,Śląskie,78,Chirurgia ogólna,2024/029716,Rezydencki,81.16,0.00,30.09.2024 20:26:56,12,NIE,,
j-2024,12,19.11.2024,19.11.2024 09:28:25,104,144,Śląskie,79,Chirurgia ogólna,2024/031628,Rezydencki,79.51,4.29,15.10.2024 08:46:44,12,NIE,,
j-2024,12,19.11.2024,19.11.2024 09:28:25,104,144,Śląskie,80,Chirurgia ogólna,2024/029002,Rezydencki,78.74,4.00,24.09.2024 13:23:50,12,NIE,,
j-2024,12,19.11.2024,19.11.2024 09:28:25,104,144,Śląskie,81,Chirurgia ogólna,2024/027658,Rezydencki,74.15,3.42,27.09.2024 15:18:29,12,NIE,,
j-2024,12,19.11.2024,19.11.2024 09:28:25,104,144,Śląskie,82,Chirurgia onkologiczna,2024/033096,Rezydencki,88.41,3.95,30.09.2024 23:37:33,2,NIE,,
j-2024,12,19.11.2024,19.11.2024 09:28:25,104,144,Śląskie,83,Chirurgia onkologiczna,2024/029660,Rezydencki,83.33,4.25,30.09.2024 19:34:33,2,NIE,,
j-2024,12,19.11.2024,19.11.2024 09:28:25,104,144,Śląskie,84,Chirurgia stomatologiczna,2024/030654,Rezydencki,87.68,4.65,26.09.2024 16:10:00,3,NIE,,
j-2024,12,19.11.2024,19.11.2024 09:28:25,104,144,Śląskie,85,Chirurgia stomatologiczna,2024/025384,Rezydencki,87.26,4.43,13.09.2024 22:15:53,3,NIE,,
j-2024,12,19.11.2024,19.11.2024 09:28:25,104,144,Śląskie,86,Chirurgia stomatologiczna,2024/025911,Rezydencki,86.06,3.98,07.10.2024 20:19:54,3,NIE,,
j-2024,12,19.11.2024,19.11.2024 09:28:25,104,144,Śląskie,87,Chirurgia stomatologiczna,2024/029920,Pozarezydencki,79.82,4.45,04.10.2024 11:04:33,1,NIE,,
j-2024,12,19.11.2024,19.11.2024 09:28:25,104,144,Śląskie,88,Chirurgia szczękowo-twarzowa,2024/025855,Rezydencki,87.50,4.15,13.09.2024 22:15:50,1,NIE,,
j-2024,12,19.11.2024,19.11.2024 09:28:25,104,144,Śląskie,89,Chirurgia szczękowo-twarzowa,2024/031578,Pozarezydencki,77.98,3.69,27.09.2024 16:41:18,1,NIE,,
j-2024,12,19.11.2024,19.11.2024 09:28:25,104,144,Śląskie,90,Choroby płuc,2024/029518,Rezydencki,89.37,4.39,25.09.2024 11:46:22,11,NIE,,
j-2024,12,19.11.2024,19.11.2024 09:28:25,104,144,Śląskie,91,Choroby płuc,2024/029719,Rezydencki,86.76,4.39,30.09.2024 18:18:58,11,NIE,,
j-2024,12,19.11.2024,19.11.2024 09:28:25,104,144,Śląskie,92,Choroby płuc,2024/022250,Rezydencki,86.76,4.21,08.10.2024 10:08:08,11,NIE,,
j-2024,12,19.11.2024,19.11.2024 09:28:25,104,144,Śląskie,93,Choroby płuc,2024/031093,Rezydencki,86.34,4.08,29.09.2024 18:59:29,11,NIE,,
j-2024,12,19.11.2024,19.11.2024 09:28:25,104,144,Śląskie,94,Choroby płuc,2024/022489,Rezydencki,85.78,4.11,30.09.2024 21:38:31,11,NIE,,
j-2024,12,19.11.2024,19.11.2024 09:28:25,104,144,Śląskie,95,Choroby płuc,2024/024787,Rezydencki,85.29,3.68,29.09.2024 21:54:50,11,NIE,,
j-2024,12,19.11.2024,19.11.2024 09:28:25,104,144,Śląskie,96,Choroby płuc,2024/028868,Rezydencki,85.12,4.34,28.09.2024 19:56:30,11,NIE,,
j-2024,12,19.11.2024,19.11.2024 09:28:25,104,144,Śląskie,97,Choroby płuc,2024/029706,Rezydencki,84.54,4.43,30.09.2024 22:49:58,11,NIE,,
j-2024,12,19.11.2024,19.11.2024 09:28:25,104,144,Śląskie,98,Choroby płuc,2024/032243,Rezydencki,82.44,4.00,28.09.2024 22:24:37,11,NIE,,
j-2024,12,19.11.2024,19.11.2024 09:28:25,104,144,Śląskie,99,Choroby płuc,2024/024490,Rezydencki,81.86,3.70,26.09.2024 21:11:24,11,NIE,,
j-2024,12,19.11.2024,19.11.2024 09:28:25,104,144,Śląskie,100,Choroby płuc,2024/023338,Rezydencki,80.49,3.95,30.09.2024 17:50:43,11,NIE,,
j-2024,12,19.11.2024,19.11.2024 09:28:25,104,144,Śląskie,101,Choroby płuc,2024/030067,Pozarezydencki,70.91,3.77,17.10.2024 15:13:26,2,NIE,,
j-2024,12,19.11.2024,19.11.2024 09:28:25,104,144,Śląskie,102,Choroby płuc,2024/032336,Pozarezydencki,59.91,3.12,21.10.2024 13:42:53,2,NIE,,
j-2024,12,19.11.2024,19.11.2024 09:28:25,104,144,Śląskie,103,Choroby wewnętrzne,2024/030193,Rezydencki,89.86,4.42,30.09.2024 21:36:07,37,NIE,,
j-2024,12,19.11.2024,19.11.2024 09:28:25,104,144,Śląskie,104,Choroby wewnętrzne,2024/023092,Rezydencki,89.37,4.54,17.09.2024 15:45:01,37,NIE,,
j-2024,12,19.11.2024,19.11.2024 09:28:25,104,144,Śląskie,105,Choroby wewnętrzne,2024/026716,Rezydencki,88.78,4.34,18.09.2024 18:58:24,37,NIE,,
j-2024,12,19.11.2024,19.11.2024 09:28:25,104,144,Śląskie,106,Choroby wewnętrzne,2024/023791,Rezydencki,88.41,4.50,30.09.2024 17:52:26,37,NIE,,
j-2024,12,19.11.2024,19.11.2024 09:28:25,104,144,Śląskie,107,Choroby wewnętrzne,2024/031639,Rezydencki,88.29,4.34,17.10.2024 11:43:30,37,NIE,,
j-2024,12,19.11.2024,19.11.2024 09:28:25,104,144,Śląskie,108,Choroby wewnętrzne,2024/029091,Rezydencki,88.29,4.03,24.09.2024 15:30:38,37,NIE,,
j-2024,12,19.11.2024,19.11.2024 09:28:25,105,144,Śląskie,109,Choroby wewnętrzne,2024/030690,Rezydencki,87.92,4.54,26.09.2024 16:38:31,37,NIE,,
j-2024,12,19.11.2024,19.11.2024 09:28:25,105,144,Śląskie,110,Choroby wewnętrzne,2024/028414,Rezydencki,87.80,4.29,23.09.2024 13:36:35,37,NIE,,
j-2024,12,19.11.2024,19.11.2024 09:28:25,105,144,Śląskie,111,Choroby wewnętrzne,2024/025941,Rezydencki,86.96,4.36,29.09.2024 22:35:47,37,NIE,,
j-2024,12,19.11.2024,19.11.2024 09:28:25,105,144,Śląskie,112,Choroby wewnętrzne,2024/028816,Rezydencki,86.96,4.13,30.09.2024 08:06:40,37,NIE,,
j-2024,12,19.11.2024,19.11.2024 09:28:25,105,144,Śląskie,113,Choroby wewnętrzne,2024/028533,Rezydencki,86.47,4.03,24.09.2024 16:01:20,37,NIE,,
j-2024,12,19.11.2024,19.11.2024 09:28:25,105,144,Śląskie,114,Choroby wewnętrzne,2024/032089,Rezydencki,86.34,3.95,28.09.2024 17:47:33,37,NIE,,
j-2024,12,19.11.2024,19.11.2024 09:28:25,105,144,Śląskie,115,Choroby wewnętrzne,2024/030692,Rezydencki,86.27,4.21,26.09.2024 16:38:46,37,NIE,,
j-2024,12,19.11.2024,19.11.2024 09:28:25,105,144,Śląskie,116,Choroby wewnętrzne,2024/028441,Rezydencki,85.54,4.07,15.10.2024 14:15:01,37,NIE,,
j-2024,12,19.11.2024,19.11.2024 09:28:25,105,144,Śląskie,117,Choroby wewnętrzne,2024/031032,Rezydencki,85.37,4.15,29.09.2024 19:39:32,37,NIE,,
j-2024,12,19.11.2024,19.11.2024 09:28:25,105,144,Śląskie,118,Choroby wewnętrzne,2024/023382,Rezydencki,85.29,4.66,03.09.2024 15:47:59,37,NIE,,
j-2024,12,19.11.2024,19.11.2024 09:28:25,105,144,Śląskie,119,Choroby wewnętrzne,2024/031557,Rezydencki,85.27,0.00,15.10.2024 13:30:45,37,NIE,,
j-2024,12,19.11.2024,19.11.2024 09:28:25,105,144,Śląskie,120,Choroby wewnętrzne,2024/026680,Rezydencki,84.80,3.40,17.09.2024 15:01:24,37,NIE,,
j-2024,12,19.11.2024,19.11.2024 09:28:25,105,144,Śląskie,121,Choroby wewnętrzne,2024/030063,Rezydencki,84.54,3.89,25.09.2024 21:04:14,37,NIE,,
j-2024,12,19.11.2024,19.11.2024 09:28:25,105,144,Śląskie,122,Choroby wewnętrzne,2024/022832,Rezydencki,84.54,3.79,30.09.2024 14:59:48,37,NIE,,
j-2024,12,19.11.2024,19.11.2024 09:28:25,105,144,Śląskie,123,Choroby wewnętrzne,2024/025366,Rezydencki,82.61,3.82,25.10.2024 10:18:56,37,NIE,,
j-2024,12,19.11.2024,19.11.2024 09:28:25,105,144,Śląskie,124,Choroby wewnętrzne,2024/030713,Rezydencki,82.44,4.36,28.09.2024 16:26:20,37,NIE,,
j-2024,12,19.11.2024,19.11.2024 09:28:25,105,144,Śląskie,125,Choroby wewnętrzne,2024/027471,Rezydencki,82.44,3.78,20.09.2024 07:04:07,37,NIE,,
j-2024,12,19.11.2024,19.11.2024 09:28:25,105,144,Śląskie,126,Choroby wewnętrzne,2024/023802,Rezydencki,81.95,3.51,16.10.2024 21:33:39,37,NIE,,
j-2024,12,19.11.2024,19.11.2024 09:28:25,105,144,Śląskie,127,Choroby wewnętrzne,2024/032587,Rezydencki,81.86,3.46,29.09.2024 17:42:55,37,NIE,,
j-2024,12,19.11.2024,19.11.2024 09:28:25,105,144,Śląskie,128,Choroby wewnętrzne,2024/031051,Rezydencki,79.90,3.89,30.09.2024 13:15:27,37,NIE,,
j-2024,12,19.11.2024,19.11.2024 09:28:25,105,144,Śląskie,129,Choroby wewnętrzne,2024/033062,Rezydencki,79.23,3.78,29.09.2024 23:04:56,37,NIE,,
j-2024,12,19.11.2024,19.11.2024 09:28:25,105,144,Śląskie,130,Choroby wewnętrzne,2024/031740,Rezydencki,77.78,3.67,30.09.2024 11:43:08,37,NIE,,
j-2024,12,19.11.2024,19.11.2024 09:28:25,105,144,Śląskie,131,Choroby wewnętrzne,2024/032397,Rezydencki,74.63,3.54,30.09.2024 19:54:01,37,NIE,,
j-2024,12,19.11.2024,19.11.2024 09:28:25,105,144,Śląskie,132,Choroby wewnętrzne,2024/032794,Rezydencki,74.51,4.05,30.09.2024 20:55:56,37,NIE,,
j-2024,12,19.11.2024,19.11.2024 09:28:25,105,144,Śląskie,133,Choroby wewnętrzne,2024/030322,Rezydencki,72.95,3.90,30.09.2024 13:44:36,37,NIE,,
j-2024,12,19.11.2024,19.11.2024 09:28:25,105,144,Śląskie,134,Choroby wewnętrzne,2024/023163,Rezydencki,72.79,4.47,30.09.2024 15:01:57,37,NIE,,
j-2024,12,19.11.2024,19.11.2024 09:28:25,105,144,Śląskie,135,Choroby wewnętrzne,2024/024965,Rezydencki,71.98,3.83,26.09.2024 21:21:42,37,NIE,,
j-2024,12,19.11.2024,19.11.2024 09:28:25,105,144,Śląskie,136,Choroby wewnętrzne,2024/030442,Rezydencki,70.59,3.91,26.09.2024 12:19:51,37,NIE,,
j-2024,12,19.11.2024,19.11.2024 09:28:25,105,144,Śląskie,137,Choroby wewnętrzne,2024/022942,Rezydencki,69.57,4.18,30.09.2024 22:51:55,37,NIE,,
j-2024,12,19.11.2024,19.11.2024 09:28:25,105,144,Śląskie,138,Choroby wewnętrzne,2024/034025,Rezydencki,67.65,0.00,30.09.2024 22:43:46,37,NIE,,
j-2024,12,19.11.2024,19.11.2024 09:28:25,105,144,Śląskie,139,Choroby wewnętrzne,2024/034242,Rezydencki,60.78,4.35,30.09.2024 23:16:54,37,NIE,,
j-2024,12,19.11.2024,19.11.2024 09:28:25,105,144,Śląskie,140,Choroby wewnętrzne,2024/023680,Pozarezydencki,65.09,0.00,25.10.2024 11:02:09,1,NIE,,
j-2024,12,19.11.2024,19.11.2024 09:28:25,105,144,Śląskie,141,Choroby zakaźne,2024/024143,Rezydencki,85.51,3.72,15.10.2024 18:51:52,1,NIE,,
j-2024,12,19.11.2024,19.11.2024 09:28:25,105,144,Śląskie,142,Dermatologia i wenerologia,2024/028291,Rezydencki,93.72,4.33,16.10.2024 11:56:26,7,NIE,,
j-2024,12,19.11.2024,19.11.2024 09:28:25,105,144,Śląskie,143,Dermatologia i wenerologia,2024/022908,Rezydencki,93.14,4.69,16.09.2024 22:53:37,7,NIE,,
j-2024,12,19.11.2024,19.11.2024 09:28:25,105,144,Śląskie,144,Dermatologia i wenerologia,2024/022296,Rezydencki,92.65,4.47,01.09.2024 09:35:43,7,NIE,,
j-2024,12,19.11.2024,19.11.2024 09:28:25,105,144,Śląskie,145,Dermatologia i wenerologia,2024/029129,Rezydencki,92.44,4.75,29.09.2024 21:39:19,7,NIE,,
j-2024,12,19.11.2024,19.11.2024 09:28:25,105,144,Śląskie,146,Dermatologia i wenerologia,2024/032932,Rezydencki,92.27,3.96,30.09.2024 20:01:25,7,NIE,,
j-2024,12,19.11.2024,19.11.2024 09:28:25,106,144,Śląskie,147,Dermatologia i wenerologia,2024/027947,Rezydencki,92.20,4.02,30.09.2024 10:32:42,7,NIE,,
j-2024,12,19.11.2024,19.11.2024 09:28:25,106,144,Śląskie,148,Dermatologia i wenerologia,2024/025629,Rezydencki,92.16,4.39,30.09.2024 01:10:29,7,NIE,,
j-2024,12,19.11.2024,19.11.2024 09:28:25,106,144,Śląskie,149,Dermatologia i wenerologia,2024/031835,Pozarezydencki,85.25,4.16,27.09.2024 23:02:02,2,NIE,,
j-2024,12,19.11.2024,19.11.2024 09:28:25,106,144,Śląskie,150,Dermatologia i wenerologia,2024/027879,Pozarezydencki,85.25,4.07,27.09.2024 13:19:34,2,NIE,,
j-2024,12,19.11.2024,19.11.2024 09:28:25,106,144,Śląskie,151,Diabetologia,2024/024588,Rezydencki,91.30,4.26,20.09.2024 09:01:32,4,NIE,,
j-2024,12,19.11.2024,19.11.2024 09:28:25,106,144,Śląskie,152,Diabetologia,2024/027778,Rezydencki,89.86,4.39,21.09.2024 20:29:28,4,NIE,,
j-2024,12,19.11.2024,19.11.2024 09:28:25,106,144,Śląskie,153,Diabetologia,2024/031810,Rezydencki,88.41,4.04,27.09.2024 22:25:49,4,NIE,,
j-2024,12,19.11.2024,19.11.2024 09:28:25,106,144,Śląskie,154,Diabetologia,2024/022229,Rezydencki,87.75,4.09,30.09.2024 22:17:33,4,NIE,,
j-2024,12,19.11.2024,19.11.2024 09:28:25,106,144,Śląskie,155,Diabetologia,2024/033424,Pozarezydencki,84.55,0.00,28.10.2024 08:41:00,6,NIE,,
j-2024,12,19.11.2024,19.11.2024 09:28:25,106,144,Śląskie,156,Diabetologia,2024/023826,Pozarezydencki,82.27,4.16,22.10.2024 17:25:08,6,NIE,,
j-2024,12,19.11.2024,19.11.2024 09:28:25,106,144,Śląskie,157,Diabetologia,2024/032842,Pozarezydencki,81.57,0.00,22.10.2024 08:56:13,6,NIE,,
j-2024,12,19.11.2024,19.11.2024 09:28:25,106,144,Śląskie,158,Diabetologia,2024/032315,Pozarezydencki,80.14,3.67,14.10.2024 14:34:09,6,NIE,,
j-2024,12,19.11.2024,19.11.2024 09:28:25,106,144,Śląskie,159,Diabetologia,2024/034039,Pozarezydencki,79.53,3.52,16.10.2024 17:41:30,6,NIE,,
j-2024,12,19.11.2024,19.11.2024 09:28:25,106,144,Śląskie,160,Diabetologia,2024/033668,Pozarezydencki,78.80,0.00,17.10.2024 18:23:44,6,NIE,,
j-2024,12,19.11.2024,19.11.2024 09:28:25,106,144,Śląskie,161,Endokrynologia,2024/031833,Rezydencki,93.17,4.50,29.09.2024 21:20:43,10,NIE,,
j-2024,12,19.11.2024,19.11.2024 09:28:25,106,144,Śląskie,162,Endokrynologia,2024/026634,Rezydencki,92.75,4.44,17.09.2024 14:22:43,10,NIE,,
j-2024,12,19.11.2024,19.11.2024 09:28:25,106,144,Śląskie,163,Endokrynologia,2024/027782,Rezydencki,92.68,4.57,21.09.2024 20:45:44,10,NIE,,
j-2024,12,19.11.2024,19.11.2024 09:28:25,106,144,Śląskie,164,Endokrynologia,2024/022505,Rezydencki,92.16,4.28,01.09.2024 22:43:11,10,NIE,,
j-2024,12,19.11.2024,19.11.2024 09:28:25,106,144,Śląskie,165,Endokrynologia,2024/029194,Rezydencki,91.95,4.44,25.09.2024 15:35:52,10,NIE,,
j-2024,12,19.11.2024,19.11.2024 09:28:25,106,144,Śląskie,166,Endokrynologia,2024/024396,Rezydencki,91.91,4.57,21.09.2024 09:15:45,10,NIE,,
j-2024,12,19.11.2024,19.11.2024 09:28:25,106,144,Śląskie,167,Endokrynologia,2024/028416,Rezydencki,91.79,3.97,27.09.2024 16:52:24,10,NIE,,
j-2024,12,19.11.2024,19.11.2024 09:28:25,106,144,Śląskie,168,Endokrynologia,2024/022695,Rezydencki,91.71,4.51,26.09.2024 14:34:19,10,NIE,,
j-2024,12,19.11.2024,19.11.2024 09:28:25,106,144,Śląskie,169,Endokrynologia,2024/027109,Rezydencki,91.71,4.34,18.09.2024 19:03:34,10,NIE,,
j-2024,12,19.11.2024,19.11.2024 09:28:25,106,144,Śląskie,170,Endokrynologia,2024/026289,Rezydencki,91.67,4.86,27.09.2024 15:35:22,10,NIE,,
j-2024,12,19.11.2024,19.11.2024 09:28:25,106,144,Śląskie,171,Endokrynologia,2024/027845,Pozarezydencki,86.41,4.05,30.09.2024 16:22:59,6,NIE,,
j-2024,12,19.11.2024,19.11.2024 09:28:25,106,144,Śląskie,172,Endokrynologia,2024/030119,Pozarezydencki,86.05,4.11,25.09.2024 21:29:36,6,NIE,,
j-2024,12,19.11.2024,19.11.2024 09:28:25,106,144,Śląskie,173,Endokrynologia,2024/032365,Pozarezydencki,84.55,4.66,16.10.2024 12:43:36,6,NIE,,
j-2024,12,19.11.2024,19.11.2024 09:28:25,106,144,Śląskie,174,Endokrynologia,2024/025948,Pozarezydencki,83.87,4.02,17.10.2024 18:34:42,6,NIE,,
j-2024,12,19.11.2024,19.11.2024 09:28:25,106,144,Śląskie,175,Endokrynologia,2024/030865,Pozarezydencki,83.49,4.61,26.09.2024 19:12:05,6,NIE,,
j-2024,12,19.11.2024,19.11.2024 09:28:25,106,144,Śląskie,176,Endokrynologia,2024/027457,Pozarezydencki,83.41,4.34,30.09.2024 23:23:41,6,NIE,,
j-2024,12,19.11.2024,19.11.2024 09:28:25,106,144,Śląskie,177,Endokrynologia i diabetologia dziecięca,2024/030614,Rezydencki,92.65,4.36,17.10.2024 11:54:05,3,NIE,,
j-2024,12,19.11.2024,19.11.2024 09:28:25,106,144,Śląskie,178,Endokrynologia i diabetologia dziecięca,2024/025849,Rezydencki,90.98,4.48,30.09.2024 18:17:34,3,NIE,,
j-2024,12,19.11.2024,19.11.2024 09:28:25,106,144,Śląskie,179,Endokrynologia i diabetologia dziecięca,2024/023732,Rezydencki,90.93,4.62,05.09.2024 15:15:00,3,NIE,,
j-2024,12,19.11.2024,19.11.2024 09:28:25,106,144,Śląskie,180,Endokrynologia i diabetologia dziecięca,2024/033515,Pozarezydencki,72.66,3.50,15.10.2024 19:10:02,2,NIE,,
j-2024,12,19.11.2024,19.11.2024 09:28:25,106,144,Śląskie,181,Endokrynologia i diabetologia dziecięca,2024/030179,Pozarezydencki,72.48,4.20,25.09.2024 22:26:41,2,NIE,,
j-2024,12,19.11.2024,19.11.2024 09:28:25,106,144,Śląskie,182,Farmakologia kliniczna,2024/029209,Rezydencki,57.11,3.09,30.09.2024 17:41:28,1,NIE,,
j-2024,12,19.11.2024,19.11.2024 09:28:25,106,144,Śląskie,183,Farmakologia kliniczna,2024/026473,Pozarezydencki,0.00,0.00,23.10.2024 20:33:40,1,NIE,,
j-2024,12,19.11.2024,19.11.2024 09:28:25,106,144,Śląskie,184,Gastroenterologia,2024/031921,Rezydencki,92.75,4.29,28.09.2024 16:24:50,2,NIE,,
j-2024,12,19.11.2024,19.11.2024 09:28:25,107,144,Śląskie,185,Gastroenterologia,2024/027517,Rezydencki,90.82,4.29,30.09.2024 09:10:25,2,NIE,,
j-2024,12,19.11.2024,19.11.2024 09:28:25,107,144,Śląskie,186,Gastroenterologia,2024/032586,Pozarezydencki,83.18,4.35,23.10.2024 12:19:15,4,NIE,,
j-2024,12,19.11.2024,19.11.2024 09:28:25,107,144,Śląskie,187,Gastroenterologia,2024/031094,Pozarezydencki,82.01,3.87,30.09.2024 21:42:15,4,NIE,,
j-2024,12,19.11.2024,19.11.2024 09:28:25,107,144,Śląskie,188,Gastroenterologia,2024/029913,Pozarezydencki,79.44,3.59,15.10.2024 15:53:43,4,NIE,,
j-2024,12,19.11.2024,19.11.2024 09:28:25,107,144,Śląskie,189,Gastroenterologia,2024/023002,Pozarezydencki,78.97,4.76,15.10.2024 14:26:24,4,NIE,,
j-2024,12,19.11.2024,19.11.2024 09:28:25,107,144,Śląskie,190,Gastroenterologia dziecięca,2024/032716,Pozarezydencki,70.91,3.29,20.10.2024 06:32:00,3,NIE,,
j-2024,12,19.11.2024,19.11.2024 09:28:25,107,144,Śląskie,191,Gastroenterologia dziecięca,2024/033512,Pozarezydencki,63.76,3.78,15.10.2024 11:12:17,3,NIE,,
j-2024,12,19.11.2024,19.11.2024 09:28:25,107,144,Śląskie,192,Gastroenterologia dziecięca,2024/031576,Pozarezydencki,61.32,3.85,10.10.2024 10:31:06,3,NIE,,
j-2024,12,19.11.2024,19.11.2024 09:28:25,107,144,Śląskie,193,Genetyka kliniczna,2024/028019,Rezydencki,88.65,4.33,22.09.2024 19:49:09,1,NIE,,
j-2024,12,19.11.2024,19.11.2024 09:28:25,107,144,Śląskie,194,Genetyka kliniczna,2024/024404,Pozarezydencki,87.64,4.52,18.10.2024 11:50:13,1,NIE,,
j-2024,12,19.11.2024,19.11.2024 09:28:25,107,144,Śląskie,195,Geriatria,2024/028634,Rezydencki,88.78,4.55,25.09.2024 08:39:44,2,NIE,,
j-2024,12,19.11.2024,19.11.2024 09:28:25,107,144,Śląskie,196,Geriatria,2024/029957,Rezydencki,78.74,3.71,25.09.2024 19:13:18,2,NIE,,
j-2024,12,19.11.2024,19.11.2024 09:28:25,107,144,Śląskie,197,Ginekologia onkologiczna,2024/030057,Pozarezydencki,77.73,0.00,23.10.2024 07:29:47,7,NIE,,
j-2024,12,19.11.2024,19.11.2024 09:28:25,107,144,Śląskie,198,Ginekologia onkologiczna,2024/027186,Pozarezydencki,75.23,4.41,18.09.2024 23:18:22,7,NIE,,
j-2024,12,19.11.2024,19.11.2024 09:28:25,107,144,Śląskie,199,Ginekologia onkologiczna,2024/029677,Pozarezydencki,73.18,0.00,23.10.2024 12:45:40,7,NIE,,
j-2024,12,19.11.2024,19.11.2024 09:28:25,107,144,Śląskie,200,Ginekologia onkologiczna,2024/032625,Pozarezydencki,71.70,0.00,23.10.2024 14:15:08,7,NIE,,
j-2024,12,19.11.2024,19.11.2024 09:28:25,107,144,Śląskie,201,Ginekologia onkologiczna,2024/031803,Pozarezydencki,71.14,3.52,22.10.2024 18:28:15,7,NIE,,
j-2024,12,19.11.2024,19.11.2024 09:28:25,107,144,Śląskie,202,Ginekologia onkologiczna,2024/031767,Pozarezydencki,70.91,3.12,25.10.2024 08:54:54,7,NIE,,
j-2024,12,19.11.2024,19.11.2024 09:28:25,107,144,Śląskie,203,Ginekologia onkologiczna,2024/027785,Pozarezydencki,62.84,0.00,17.10.2024 10:23:18,7,NIE,,
j-2024,12,19.11.2024,19.11.2024 09:28:25,107,144,Śląskie,204,Hematologia,2024/022722,Rezydencki,93.24,4.67,06.09.2024 22:18:18,9,NIE,,
j-2024,12,19.11.2024,19.11.2024 09:28:25,107,144,Śląskie,205,Hematologia,2024/030102,Rezydencki,88.41,4.11,29.09.2024 18:32:30,9,NIE,,
j-2024,12,19.11.2024,19.11.2024 09:28:25,107,144,Śląskie,206,Hematologia,2024/028478,Rezydencki,87.44,4.50,23.09.2024 15:21:58,9,NIE,,
j-2024,12,19.11.2024,19.11.2024 09:28:25,107,144,Śląskie,207,Hematologia,2024/023643,Rezydencki,87.07,4.40,27.09.2024 12:33:31,9,NIE,,
j-2024,12,19.11.2024,19.11.2024 09:28:25,107,144,Śląskie,208,Hematologia,2024/030850,Rezydencki,84.80,4.25,27.09.2024 16:26:15,9,NIE,,
j-2024,12,19.11.2024,19.11.2024 09:28:25,107,144,Śląskie,209,Hematologia,2024/032254,Rezydencki,84.07,3.90,29.09.2024 12:55:59,9,NIE,,
j-2024,12,19.11.2024,19.11.2024 09:28:25,107,144,Śląskie,210,Hematologia,2024/028285,Rezydencki,83.41,4.36,27.09.2024 16:12:41,9,NIE,,
j-2024,12,19.11.2024,19.11.2024 09:28:25,107,144,Śląskie,211,Hematologia,2024/031749,Rezydencki,79.41,3.10,18.10.2024 22:19:28,9,NIE,,
j-2024,12,19.11.2024,19.11.2024 09:28:25,107,144,Śląskie,212,Hematologia,2024/032555,Rezydencki,77.94,3.70,30.09.2024 23:10:51,9,NIE,,
j-2024,12,19.11.2024,19.11.2024 09:28:25,107,144,Śląskie,213,Hematologia,2024/026347,Pozarezydencki,76.61,0.00,28.10.2024 12:06:44,2,NIE,,
j-2024,12,19.11.2024,19.11.2024 09:28:25,107,144,Śląskie,214,Hematologia,2024/025933,Pozarezydencki,71.14,4.21,22.10.2024 20:37:15,2,NIE,,
j-2024,12,19.11.2024,19.11.2024 09:28:25,107,144,Śląskie,215,Intensywna terapia,2024/030296,Pozarezydencki,61.82,2.89,30.10.2024 12:44:13,1,NIE,,
j-2024,12,19.11.2024,19.11.2024 09:28:25,107,144,Śląskie,216,Kardiochirurgia,2024/025043,Rezydencki,66.10,3.75,30.09.2024 23:25:46,1,NIE,,
j-2024,12,19.11.2024,19.11.2024 09:28:25,107,144,Śląskie,217,Kardiochirurgia,2024/028733,Pozarezydencki,81.54,4.27,18.10.2024 16:50:53,1,NIE,,
j-2024,12,19.11.2024,19.11.2024 09:28:25,107,144,Śląskie,218,Kardiologia,2024/027657,Rezydencki,92.75,4.42,30.09.2024 17:53:00,10,NIE,,
j-2024,12,19.11.2024,19.11.2024 09:28:25,107,144,Śląskie,219,Kardiologia,2024/024108,Rezydencki,92.27,4.43,12.09.2024 14:11:26,10,NIE,,
j-2024,12,19.11.2024,19.11.2024 09:28:25,107,144,Śląskie,220,Kardiologia,2024/026203,Rezydencki,91.18,4.25,30.09.2024 23:58:58,10,NIE,,
j-2024,12,19.11.2024,19.11.2024 09:28:25,107,144,Śląskie,221,Kardiologia,2024/027960,Rezydencki,91.06,4.20,30.09.2024 19:27:08,10,NIE,,
j-2024,12,19.11.2024,19.11.2024 09:28:25,107,144,Śląskie,222,Kardiologia,2024/032880,Rezydencki,90.93,4.57,30.09.2024 23:29:51,10,NIE,,
j-2024,12,19.11.2024,19.11.2024 09:28:25,108,144,Śląskie,223,Kardiologia,2024/023149,Rezydencki,90.10,4.47,29.10.2024 14:59:39,10,NIE,,
j-2024,12,19.11.2024,19.11.2024 09:28:25,108,144,Śląskie,224,Kardiologia,2024/025430,Rezydencki,90.10,4.06,28.09.2024 18:54:33,10,NIE,,
j-2024,12,19.11.2024,19.11.2024 09:28:25,108,144,Śląskie,225,Kardiologia,2024/025277,Rezydencki,89.76,4.17,22.09.2024 09:35:50,10,NIE,,
j-2024,12,19.11.2024,19.11.2024 09:28:25,108,144,Śląskie,226,Kardiologia,2024/028274,Rezydencki,88.89,4.44,29.09.2024 21:06:00,10,NIE,,
j-2024,12,19.11.2024,19.11.2024 09:28:25,108,144,Śląskie,227,Kardiologia,2024/031881,Rezydencki,88.89,4.34,28.09.2024 09:08:59,10,NIE,,
j-2024,12,19.11.2024,19.11.2024 09:28:25,108,144,Śląskie,228,Kardiologia,2024/029962,Pozarezydencki,82.95,4.37,15.10.2024 11:49:22,16,NIE,,
j-2024,12,19.11.2024,19.11.2024 09:28:25,108,144,Śląskie,229,Kardiologia,2024/028294,Pozarezydencki,80.00,4.18,28.09.2024 12:58:15,16,NIE,,
j-2024,12,19.11.2024,19.11.2024 09:28:25,108,144,Śląskie,230,Kardiologia,2024/027433,Pozarezydencki,80.00,3.24,21.10.2024 18:51:18,16,NIE,,
j-2024,12,19.11.2024,19.11.2024 09:28:25,108,144,Śląskie,231,Kardiologia,2024/033271,Pozarezydencki,79.91,3.21,17.10.2024 21:25:30,16,NIE,,
j-2024,12,19.11.2024,19.11.2024 09:28:25,108,144,Śląskie,232,Kardiologia,2024/032152,Pozarezydencki,78.27,3.89,28.10.2024 16:08:19,16,NIE,,
j-2024,12,19.11.2024,19.11.2024 09:28:25,108,144,Śląskie,233,Kardiologia,2024/029868,Pozarezydencki,78.11,4.08,30.09.2024 18:01:57,16,NIE,,
j-2024,12,19.11.2024,19.11.2024 09:28:25,108,144,Śląskie,234,Kardiologia,2024/030953,Pozarezydencki,76.64,4.42,29.09.2024 20:51:43,16,NIE,,
j-2024,12,19.11.2024,19.11.2024 09:28:25,108,144,Śląskie,235,Kardiologia,2024/024079,Pozarezydencki,76.50,3.70,17.10.2024 17:01:51,16,NIE,,
j-2024,12,19.11.2024,19.11.2024 09:28:25,108,144,Śląskie,236,Kardiologia,2024/025274,Pozarezydencki,75.45,3.45,15.10.2024 16:05:41,16,NIE,,
j-2024,12,19.11.2024,19.11.2024 09:28:25,108,144,Śląskie,237,Kardiologia,2024/028216,Pozarezydencki,74.09,3.58,27.09.2024 17:34:05,16,NIE,,
j-2024,12,19.11.2024,19.11.2024 09:28:25,108,144,Śląskie,238,Kardiologia,2024/029406,Pozarezydencki,73.18,4.00,22.10.2024 22:49:23,16,NIE,,
j-2024,12,19.11.2024,19.11.2024 09:28:25,108,144,Śląskie,239,Kardiologia,2024/028727,Pozarezydencki,72.94,0.00,17.10.2024 17:04:14,16,NIE,,
j-2024,12,19.11.2024,19.11.2024 09:28:25,108,144,Śląskie,240,Kardiologia,2024/031368,Pozarezydencki,66.82,4.09,29.09.2024 21:01:44,16,NIE,,
j-2024,12,19.11.2024,19.11.2024 09:28:25,108,144,Śląskie,241,Kardiologia,2024/026176,Pozarezydencki,66.36,0.00,18.10.2024 05:12:33,16,NIE,,
j-2024,12,19.11.2024,19.11.2024 09:28:25,108,144,Śląskie,242,Kardiologia,2024/031255,Pozarezydencki,59.53,3.37,15.10.2024 10:53:43,16,NIE,,
j-2024,12,19.11.2024,19.11.2024 09:28:25,108,144,Śląskie,243,Kardiologia,2024/033112,Pozarezydencki,0.00,0.00,29.10.2024 23:29:24,16,NIE,,
j-2024,12,19.11.2024,19.11.2024 09:28:25,108,144,Śląskie,244,Kardiologia dziecięca,2024/029695,Rezydencki,91.18,4.77,25.09.2024 16:34:50,1,NIE,,
j-2024,12,19.11.2024,19.11.2024 09:28:25,108,144,Śląskie,245,Kardiologia dziecięca,2024/026949,Pozarezydencki,80.23,3.97,16.10.2024 20:10:20,1,NIE,,
j-2024,12,19.11.2024,19.11.2024 09:28:25,108,144,Śląskie,246,Medycyna nuklearna,2024/033823,Rezydencki,82.85,0.00,23.10.2024 08:28:35,1,NIE,,
j-2024,12,19.11.2024,19.11.2024 09:28:25,108,144,Śląskie,247,Medycyna nuklearna,2024/022385,Pozarezydencki,77.06,4.53,21.10.2024 10:40:48,4,NIE,,
j-2024,12,19.11.2024,19.11.2024 09:28:25,108,144,Śląskie,248,Medycyna nuklearna,2024/028318,Pozarezydencki,71.36,4.37,24.10.2024 21:15:39,4,NIE,,
j-2024,12,19.11.2024,19.11.2024 09:28:25,108,144,Śląskie,249,Medycyna nuklearna,2024/024768,Pozarezydencki,61.68,3.22,09.09.2024 17:37:29,4,NIE,,
j-2024,12,19.11.2024,19.11.2024 09:28:25,108,144,Śląskie,250,Medycyna nuklearna,2024/030425,Pozarezydencki,58.73,0.00,23.10.2024 11:57:03,4,NIE,,
j-2024,12,19.11.2024,19.11.2024 09:28:25,108,144,Śląskie,251,Medycyna paliatywna,2024/025773,Pozarezydencki,88.27,0.00,21.10.2024 09:47:22,5,NIE,,
j-2024,12,19.11.2024,19.11.2024 09:28:25,108,144,Śląskie,252,Medycyna paliatywna,2024/023935,Pozarezydencki,80.00,0.00,17.09.2024 17:16:09,5,NIE,,
j-2024,12,19.11.2024,19.11.2024 09:28:25,108,144,Śląskie,253,Medycyna paliatywna,2024/026756,Pozarezydencki,75.45,0.00,31.10.2024 11:40:34,5,NIE,,
j-2024,12,19.11.2024,19.11.2024 09:28:25,108,144,Śląskie,254,Medycyna paliatywna,2024/031431,Pozarezydencki,66.36,0.00,20.10.2024 18:32:33,5,NIE,,
j-2024,12,19.11.2024,19.11.2024 09:28:25,108,144,Śląskie,255,Medycyna paliatywna,2024/033979,Pozarezydencki,0.00,0.00,24.10.2024 11:29:14,5,NIE,,
j-2024,12,19.11.2024,19.11.2024 09:28:25,108,144,Śląskie,256,Medycyna ratunkowa,2024/023335,Rezydencki,90.24,4.00,15.10.2024 21:03:14,3,NIE,,
j-2024,12,19.11.2024,19.11.2024 09:28:25,108,144,Śląskie,257,Medycyna ratunkowa,2024/031568,Rezydencki,85.02,4.62,27.09.2024 16:19:43,3,NIE,,
j-2024,12,19.11.2024,19.11.2024 09:28:25,108,144,Śląskie,258,Medycyna ratunkowa,2024/030261,Rezydencki,85.02,4.42,26.09.2024 00:09:54,3,NIE,,
j-2024,12,19.11.2024,19.11.2024 09:28:25,108,144,Śląskie,259,Medycyna ratunkowa,2024/025589,Pozarezydencki,66.51,3.83,25.10.2024 10:44:06,2,NIE,,
j-2024,12,19.11.2024,19.11.2024 09:28:25,108,144,Śląskie,260,Medycyna ratunkowa,2024/027678,Pozarezydencki,66.36,3.87,21.10.2024 13:11:10,2,NIE,,
j-2024,12,19.11.2024,19.11.2024 09:28:25,109,144,Śląskie,261,Medycyna rodzinna,2024/024897,Rezydencki,89.61,4.59,14.09.2024 10:48:27,48,NIE,,
j-2024,12,19.11.2024,19.11.2024 09:28:25,109,144,Śląskie,262,Medycyna rodzinna,2024/033020,Rezydencki,88.89,4.52,30.09.2024 21:34:03,48,NIE,,
j-2024,12,19.11.2024,19.11.2024 09:28:25,109,144,Śląskie,263,Medycyna rodzinna,2024/026031,Rezydencki,88.29,3.91,25.09.2024 10:31:35,48,NIE,,
j-2024,12,19.11.2024,19.11.2024 09:28:25,109,144,Śląskie,264,Medycyna rodzinna,2024/025593,Rezydencki,88.29,3.67,17.10.2024 11:50:52,48,NIE,,
j-2024,12,19.11.2024,19.11.2024 09:28:25,109,144,Śląskie,265,Medycyna rodzinna,2024/030091,Rezydencki,88.16,3.92,27.09.2024 11:32:02,48,NIE,,
j-2024,12,19.11.2024,19.11.2024 09:28:25,109,144,Śląskie,266,Medycyna rodzinna,2024/032944,Rezydencki,87.99,4.18,30.09.2024 18:01:53,48,NIE,,
j-2024,12,19.11.2024,19.11.2024 09:28:25,109,144,Śląskie,267,Medycyna rodzinna,2024/025364,Rezydencki,87.80,4.40,23.09.2024 17:34:34,48,NIE,,
j-2024,12,19.11.2024,19.11.2024 09:28:25,109,144,Śląskie,268,Medycyna rodzinna,2024/033291,Rezydencki,86.52,4.26,30.09.2024 10:25:30,48,NIE,,
j-2024,12,19.11.2024,19.11.2024 09:28:25,109,144,Śląskie,269,Medycyna rodzinna,2024/033963,Rezydencki,86.27,4.03,30.09.2024 21:10:11,48,NIE,,
j-2024,12,19.11.2024,19.11.2024 09:28:25,109,144,Śląskie,270,Medycyna rodzinna,2024/029189,Rezydencki,85.99,4.05,20.10.2024 21:56:42,48,NIE,,
j-2024,12,19.11.2024,19.11.2024 09:28:25,109,144,Śląskie,271,Medycyna rodzinna,2024/028106,Rezydencki,85.99,3.33,27.09.2024 12:33:44,48,NIE,,
j-2024,12,19.11.2024,19.11.2024 09:28:25,109,144,Śląskie,272,Medycyna rodzinna,2024/032503,Rezydencki,85.61,3.92,16.10.2024 19:32:14,48,NIE,,
j-2024,12,19.11.2024,19.11.2024 09:28:25,109,144,Śląskie,273,Medycyna rodzinna,2024/030588,Rezydencki,85.29,4.38,27.09.2024 11:03:57,48,NIE,,
j-2024,12,19.11.2024,19.11.2024 09:28:25,109,144,Śląskie,274,Medycyna rodzinna,2024/029889,Rezydencki,85.02,4.08,25.09.2024 18:15:29,48,NIE,,
j-2024,12,19.11.2024,19.11.2024 09:28:25,109,144,Śląskie,275,Medycyna rodzinna,2024/022384,Rezydencki,84.54,4.58,01.09.2024 21:24:13,48,NIE,,
j-2024,12,19.11.2024,19.11.2024 09:28:25,109,144,Śląskie,276,Medycyna rodzinna,2024/033654,Rezydencki,84.39,4.19,30.09.2024 18:24:52,48,NIE,,
j-2024,12,19.11.2024,19.11.2024 09:28:25,109,144,Śląskie,277,Medycyna rodzinna,2024/023385,Rezydencki,84.39,4.07,16.09.2024 16:19:32,48,NIE,,
j-2024,12,19.11.2024,19.11.2024 09:28:25,109,144,Śląskie,278,Medycyna rodzinna,2024/024994,Rezydencki,84.15,4.33,10.09.2024 16:03:38,48,NIE,,
j-2024,12,19.11.2024,19.11.2024 09:28:25,109,144,Śląskie,279,Medycyna rodzinna,2024/032630,Rezydencki,83.81,4.51,30.10.2024 09:35:19,48,NIE,,
j-2024,12,19.11.2024,19.11.2024 09:28:25,109,144,Śląskie,280,Medycyna rodzinna,2024/030712,Rezydencki,83.57,4.12,30.09.2024 23:06:41,48,NIE,,
j-2024,12,19.11.2024,19.11.2024 09:28:25,109,144,Śląskie,281,Medycyna rodzinna,2024/032864,Rezydencki,83.33,4.35,19.10.2024 21:34:39,48,NIE,,
j-2024,12,19.11.2024,19.11.2024 09:28:25,109,144,Śląskie,282,Medycyna rodzinna,2024/032430,Rezydencki,83.17,4.25,30.09.2024 22:33:12,48,NIE,,
j-2024,12,19.11.2024,19.11.2024 09:28:25,109,144,Śląskie,283,Medycyna rodzinna,2024/032821,Rezydencki,83.09,4.17,30.09.2024 23:57:06,48,NIE,,
j-2024,12,19.11.2024,19.11.2024 09:28:25,109,144,Śląskie,284,Medycyna rodzinna,2024/030845,Rezydencki,82.93,4.32,24.10.2024 10:28:46,48,NIE,,
j-2024,12,19.11.2024,19.11.2024 09:28:25,109,144,Śląskie,285,Medycyna rodzinna,2024/028808,Rezydencki,82.93,3.77,17.10.2024 22:31:45,48,NIE,,
j-2024,12,19.11.2024,19.11.2024 09:28:25,109,144,Śląskie,286,Medycyna rodzinna,2024/022892,Rezydencki,82.44,4.32,16.10.2024 16:46:12,48,NIE,,
j-2024,12,19.11.2024,19.11.2024 09:28:25,109,144,Śląskie,287,Medycyna rodzinna,2024/031192,Rezydencki,82.44,3.83,30.09.2024 17:30:27,48,NIE,,
j-2024,12,19.11.2024,19.11.2024 09:28:25,109,144,Śląskie,288,Medycyna rodzinna,2024/030092,Rezydencki,82.44,3.58,30.10.2024 09:46:35,48,NIE,,
j-2024,12,19.11.2024,19.11.2024 09:28:25,109,144,Śląskie,289,Medycyna rodzinna,2024/025169,Rezydencki,82.13,3.71,16.10.2024 10:12:10,48,NIE,,
j-2024,12,19.11.2024,19.11.2024 09:28:25,109,144,Śląskie,290,Medycyna rodzinna,2024/024671,Rezydencki,81.95,4.21,25.09.2024 19:21:34,48,NIE,,
j-2024,12,19.11.2024,19.11.2024 09:28:25,109,144,Śląskie,291,Medycyna rodzinna,2024/030008,Rezydencki,80.68,3.92,25.09.2024 19:59:53,48,NIE,,
j-2024,12,19.11.2024,19.11.2024 09:28:25,109,144,Śląskie,292,Medycyna rodzinna,2024/031841,Rezydencki,80.39,3.81,27.09.2024 23:24:08,48,NIE,,
j-2024,12,19.11.2024,19.11.2024 09:28:25,109,144,Śląskie,293,Medycyna rodzinna,2024/029931,Rezydencki,80.00,3.97,29.09.2024 12:24:45,48,NIE,,
j-2024,12,19.11.2024,19.11.2024 09:28:25,109,144,Śląskie,294,Medycyna rodzinna,2024/028983,Rezydencki,79.17,4.32,30.09.2024 19:51:02,48,NIE,,
j-2024,12,19.11.2024,19.11.2024 09:28:25,109,144,Śląskie,295,Medycyna rodzinna,2024/027793,Rezydencki,79.02,4.02,21.09.2024 21:31:53,48,NIE,,
j-2024,12,19.11.2024,19.11.2024 09:28:25,109,144,Śląskie,296,Medycyna rodzinna,2024/028590,Rezydencki,78.92,4.33,30.09.2024 16:28:25,48,NIE,,
j-2024,12,19.11.2024,19.11.2024 09:28:25,109,144,Śląskie,297,Medycyna rodzinna,2024/031026,Rezydencki,78.74,3.57,30.09.2024 19:12:57,48,NIE,,
j-2024,12,19.11.2024,19.11.2024 09:28:25,109,144,Śląskie,298,Medycyna rodzinna,2024/030190,Rezydencki,78.54,3.54,25.09.2024 22:19:55,48,NIE,,
j-2024,12,19.11.2024,19.11.2024 09:28:25,110,144,Śląskie,299,Medycyna rodzinna,2024/033928,Rezydencki,78.10,0.00,28.10.2024 20:33:38,48,NIE,,
j-2024,12,19.11.2024,19.11.2024 09:28:25,110,144,Śląskie,300,Medycyna rodzinna,2024/029449,Rezydencki,77.78,3.50,25.09.2024 10:31:34,48,NIE,,
j-2024,12,19.11.2024,19.11.2024 09:28:25,110,144,Śląskie,301,Medycyna rodzinna,2024/032673,Rezydencki,77.56,3.42,30.09.2024 19:54:06,48,NIE,,
j-2024,12,19.11.2024,19.11.2024 09:28:25,110,144,Śląskie,302,Medycyna rodzinna,2024/030040,Rezydencki,76.96,3.17,15.10.2024 12:03:20,48,NIE,,
j-2024,12,19.11.2024,19.11.2024 09:28:25,110,144,Śląskie,303,Medycyna rodzinna,2024/032439,Rezydencki,76.81,0.00,15.10.2024 14:43:23,48,NIE,,
j-2024,12,19.11.2024,19.11.2024 09:28:25,110,144,Śląskie,304,Medycyna rodzinna,2024/029775,Rezydencki,75.98,3.79,26.09.2024 14:09:23,48,NIE,,
j-2024,12,19.11.2024,19.11.2024 09:28:25,110,144,Śląskie,305,Medycyna rodzinna,2024/023164,Rezydencki,75.12,4.05,24.10.2024 10:15:20,48,NIE,,
j-2024,12,19.11.2024,19.11.2024 09:28:25,110,144,Śląskie,306,Medycyna rodzinna,2024/028322,Rezydencki,72.55,3.37,29.09.2024 10:26:59,48,NIE,,
j-2024,12,19.11.2024,19.11.2024 09:28:25,110,144,Śląskie,307,Medycyna rodzinna,2024/025325,Rezydencki,72.06,3.80,30.09.2024 02:16:56,48,NIE,,
j-2024,12,19.11.2024,19.11.2024 09:28:25,110,144,Śląskie,308,Medycyna rodzinna,2024/033872,Rezydencki,69.76,4.27,30.09.2024 21:35:00,48,NIE,,
j-2024,12,19.11.2024,19.11.2024 09:28:25,110,144,Śląskie,309,Medycyna rodzinna,2024/024271,Pozarezydencki,80.00,4.00,21.10.2024 13:13:34,7,NIE,,
j-2024,12,19.11.2024,19.11.2024 09:28:25,110,144,Śląskie,310,Medycyna rodzinna,2024/025135,Pozarezydencki,79.55,3.35,28.10.2024 12:58:40,7,NIE,,
j-2024,12,19.11.2024,19.11.2024 09:28:25,110,144,Śląskie,311,Medycyna rodzinna,2024/031370,Pozarezydencki,78.34,0.00,15.10.2024 17:41:40,7,NIE,,
j-2024,12,19.11.2024,19.11.2024 09:28:25,110,144,Śląskie,312,Medycyna rodzinna,2024/024316,Pozarezydencki,71.36,0.00,07.09.2024 15:00:45,7,NIE,,
j-2024,12,19.11.2024,19.11.2024 09:28:25,110,144,Śląskie,313,Medycyna rodzinna,2024/033875,Pozarezydencki,61.82,0.00,24.10.2024 08:12:35,7,NIE,,
j-2024,12,19.11.2024,19.11.2024 09:28:25,110,144,Śląskie,314,Medycyna rodzinna,2024/032553,Pozarezydencki,59.63,3.04,21.10.2024 20:33:07,7,NIE,,
j-2024,12,19.11.2024,19.11.2024 09:28:25,110,144,Śląskie,315,Medycyna rodzinna,2024/033673,Pozarezydencki,0.00,0.00,30.09.2024 19:20:47,7,NIE,,
j-2024,12,19.11.2024,19.11.2024 09:28:25,110,144,Śląskie,316,Medycyna sądowa,2024/022417,Rezydencki,89.86,4.31,09.09.2024 15:22:30,2,NIE,,
j-2024,12,19.11.2024,19.11.2024 09:28:25,110,144,Śląskie,317,Medycyna sądowa,2024/029186,Rezydencki,87.68,4.40,24.09.2024 18:12:53,2,NIE,,
j-2024,12,19.11.2024,19.11.2024 09:28:25,110,144,Śląskie,318,Nefrologia,2024/028263,Rezydencki,90.73,4.79,29.09.2024 21:56:06,9,NIE,,
j-2024,12,19.11.2024,19.11.2024 09:28:25,110,144,Śląskie,319,Nefrologia,2024/027918,Rezydencki,89.71,4.54,29.09.2024 22:47:33,9,NIE,,
j-2024,12,19.11.2024,19.11.2024 09:28:25,110,144,Śląskie,320,Nefrologia,2024/028946,Rezydencki,88.29,4.28,25.09.2024 18:42:49,9,NIE,,
j-2024,12,19.11.2024,19.11.2024 09:28:25,110,144,Śląskie,321,Nefrologia,2024/032326,Rezydencki,86.52,4.43,29.09.2024 11:16:30,9,NIE,,
j-2024,12,19.11.2024,19.11.2024 09:28:25,110,144,Śląskie,322,Nefrologia,2024/028563,Rezydencki,86.47,4.03,28.09.2024 21:39:49,9,NIE,,
j-2024,12,19.11.2024,19.11.2024 09:28:25,110,144,Śląskie,323,Nefrologia,2024/030143,Rezydencki,86.27,4.53,26.09.2024 20:56:18,9,NIE,,
j-2024,12,19.11.2024,19.11.2024 09:28:25,110,144,Śląskie,324,Nefrologia,2024/031743,Rezydencki,84.06,4.08,30.09.2024 08:56:15,9,NIE,,
j-2024,12,19.11.2024,19.11.2024 09:28:25,110,144,Śląskie,325,Nefrologia,2024/033236,Rezydencki,77.94,0.00,22.10.2024 08:23:31,9,NIE,,
j-2024,12,19.11.2024,19.11.2024 09:28:25,110,144,Śląskie,326,Nefrologia,2024/033802,Rezydencki,38.24,3.55,26.10.2024 04:15:32,9,NIE,,
j-2024,12,19.11.2024,19.11.2024 09:28:25,110,144,Śląskie,327,Nefrologia,2024/033634,Pozarezydencki,75.45,3.52,25.10.2024 09:29:04,2,NIE,,
j-2024,12,19.11.2024,19.11.2024 09:28:25,110,144,Śląskie,328,Nefrologia,2024/025030,Pozarezydencki,75.45,3.47,24.09.2024 19:11:28,2,NIE,,
j-2024,12,19.11.2024,19.11.2024 09:28:25,110,144,Śląskie,329,Nefrologia dziecięca,2024/025591,Rezydencki,87.44,3.98,25.09.2024 21:37:40,1,NIE,,
j-2024,12,19.11.2024,19.11.2024 09:28:25,110,144,Śląskie,330,Neonatologia,2024/027873,Rezydencki,90.69,4.17,27.09.2024 10:44:33,8,NIE,,
j-2024,12,19.11.2024,19.11.2024 09:28:25,110,144,Śląskie,331,Neonatologia,2024/028691,Rezydencki,89.51,4.37,24.09.2024 22:52:43,8,NIE,,
j-2024,12,19.11.2024,19.11.2024 09:28:25,110,144,Śląskie,332,Neonatologia,2024/032144,Rezydencki,83.57,3.98,28.09.2024 19:22:25,8,NIE,,
j-2024,12,19.11.2024,19.11.2024 09:28:25,110,144,Śląskie,333,Neonatologia,2024/029135,Rezydencki,82.61,3.91,24.09.2024 16:42:45,8,NIE,,
j-2024,12,19.11.2024,19.11.2024 09:28:25,110,144,Śląskie,334,Neonatologia,2024/024030,Rezydencki,81.16,4.09,30.09.2024 18:42:23,8,NIE,,
j-2024,12,19.11.2024,19.11.2024 09:28:25,110,144,Śląskie,335,Neonatologia,2024/033714,Rezydencki,79.41,3.84,30.09.2024 20:42:12,8,NIE,,
j-2024,12,19.11.2024,19.11.2024 09:28:25,110,144,Śląskie,336,Neonatologia,2024/023430,Rezydencki,79.23,3.71,25.09.2024 16:03:30,8,NIE,,
j-2024,12,19.11.2024,19.11.2024 09:28:25,111,144,Śląskie,337,Neonatologia,2024/022531,Rezydencki,79.02,3.53,17.10.2024 13:52:35,8,NIE,,
j-2024,12,19.11.2024,19.11.2024 09:28:25,111,144,Śląskie,338,Neurochirurgia,2024/025111,Rezydencki,89.02,4.28,27.09.2024 16:05:51,1,NIE,,
j-2024,12,19.11.2024,19.11.2024 09:28:25,111,144,Śląskie,339,Neurologia,2024/024893,Rezydencki,92.65,4.47,30.09.2024 15:52:40,30,NIE,,
j-2024,12,19.11.2024,19.11.2024 09:28:25,111,144,Śląskie,340,Neurologia,2024/029941,Rezydencki,90.34,4.35,30.09.2024 17:56:51,30,NIE,,
j-2024,12,19.11.2024,19.11.2024 09:28:25,111,144,Śląskie,341,Neurologia,2024/026647,Rezydencki,89.95,4.54,28.09.2024 13:05:32,30,NIE,,
j-2024,12,19.11.2024,19.11.2024 09:28:25,111,144,Śląskie,342,Neurologia,2024/022276,Rezydencki,89.46,4.53,30.09.2024 20:53:50,30,NIE,,
j-2024,12,19.11.2024,19.11.2024 09:28:25,111,144,Śląskie,343,Neurologia,2024/026495,Rezydencki,88.78,4.45,29.09.2024 20:07:56,30,NIE,,
j-2024,12,19.11.2024,19.11.2024 09:28:25,111,144,Śląskie,344,Neurologia,2024/023549,Rezydencki,87.92,4.51,03.09.2024 22:02:25,30,NIE,,
j-2024,12,19.11.2024,19.11.2024 09:28:25,111,144,Śląskie,345,Neurologia,2024/028900,Rezydencki,87.92,4.19,26.09.2024 08:57:43,30,NIE,,
j-2024,12,19.11.2024,19.11.2024 09:28:25,111,144,Śląskie,346,Neurologia,2024/025946,Rezydencki,87.68,4.27,29.09.2024 09:10:19,30,NIE,,
j-2024,12,19.11.2024,19.11.2024 09:28:25,111,144,Śląskie,347,Neurologia,2024/028271,Rezydencki,87.44,4.03,26.09.2024 08:33:55,30,NIE,,
j-2024,12,19.11.2024,19.11.2024 09:28:25,111,144,Śląskie,348,Neurologia,2024/024314,Rezydencki,86.96,4.05,22.09.2024 14:11:45,30,NIE,,
j-2024,12,19.11.2024,19.11.2024 09:28:25,111,144,Śląskie,349,Neurologia,2024/030802,Rezydencki,86.96,3.97,26.09.2024 18:23:17,30,NIE,,
j-2024,12,19.11.2024,19.11.2024 09:28:25,111,144,Śląskie,350,Neurologia,2024/022369,Rezydencki,86.76,4.52,05.09.2024 15:40:59,30,NIE,,
j-2024,12,19.11.2024,19.11.2024 09:28:25,111,144,Śląskie,351,Neurologia,2024/027699,Rezydencki,86.71,4.11,26.09.2024 19:13:21,30,NIE,,
j-2024,12,19.11.2024,19.11.2024 09:28:25,111,144,Śląskie,352,Neurologia,2024/028716,Rezydencki,85.85,4.12,26.09.2024 12:49:17,30,NIE,,
j-2024,12,19.11.2024,19.11.2024 09:28:25,111,144,Śląskie,353,Neurologia,2024/030701,Rezydencki,85.78,4.52,28.09.2024 19:45:21,30,NIE,,
j-2024,12,19.11.2024,19.11.2024 09:28:25,111,144,Śląskie,354,Neurologia,2024/024482,Rezydencki,85.05,3.87,17.10.2024 16:05:37,30,NIE,,
j-2024,12,19.11.2024,19.11.2024 09:28:25,111,144,Śląskie,355,Neurologia,2024/028906,Rezydencki,84.78,3.67,15.10.2024 15:15:23,30,NIE,,
j-2024,12,19.11.2024,19.11.2024 09:28:25,111,144,Śląskie,356,Neurologia,2024/024328,Rezydencki,84.56,4.48,26.09.2024 18:13:19,30,NIE,,
j-2024,12,19.11.2024,19.11.2024 09:28:25,111,144,Śląskie,357,Neurologia,2024/032963,Rezydencki,84.54,4.08,30.09.2024 21:28:24,30,NIE,,
j-2024,12,19.11.2024,19.11.2024 09:28:25,111,144,Śląskie,358,Neurologia,2024/027447,Rezydencki,84.39,4.16,19.09.2024 22:13:58,30,NIE,,
j-2024,12,19.11.2024,19.11.2024 09:28:25,111,144,Śląskie,359,Neurologia,2024/027364,Rezydencki,84.31,4.18,07.10.2024 21:56:26,30,NIE,,
j-2024,12,19.11.2024,19.11.2024 09:28:25,111,144,Śląskie,360,Neurologia,2024/029433,Rezydencki,84.06,3.76,28.09.2024 20:54:50,30,NIE,,
j-2024,12,19.11.2024,19.11.2024 09:28:25,111,144,Śląskie,361,Neurologia,2024/022652,Rezydencki,83.57,4.28,28.09.2024 12:08:50,30,NIE,,
j-2024,12,19.11.2024,19.11.2024 09:28:25,111,144,Śląskie,362,Neurologia,2024/029824,Rezydencki,83.41,3.92,29.09.2024 20:23:24,30,NIE,,
j-2024,12,19.11.2024,19.11.2024 09:28:25,111,144,Śląskie,363,Neurologia,2024/030093,Rezydencki,83.41,3.63,28.09.2024 22:50:39,30,NIE,,
j-2024,12,19.11.2024,19.11.2024 09:28:25,111,144,Śląskie,364,Neurologia,2024/030407,Rezydencki,83.09,3.54,30.09.2024 15:03:27,30,NIE,,
j-2024,12,19.11.2024,19.11.2024 09:28:25,111,144,Śląskie,365,Neurologia,2024/025787,Rezydencki,82.84,4.27,26.09.2024 17:53:16,30,NIE,,
j-2024,12,19.11.2024,19.11.2024 09:28:25,111,144,Śląskie,366,Neurologia,2024/033796,Rezydencki,80.88,4.34,30.09.2024 18:46:46,30,NIE,,
j-2024,12,19.11.2024,19.11.2024 09:28:25,111,144,Śląskie,367,Neurologia,2024/028714,Rezydencki,80.39,3.92,27.09.2024 22:54:05,30,NIE,,
j-2024,12,19.11.2024,19.11.2024 09:28:25,111,144,Śląskie,368,Neurologia,2024/030968,Rezydencki,80.15,3.84,29.09.2024 20:14:57,30,NIE,,
j-2024,12,19.11.2024,19.11.2024 09:28:25,111,144,Śląskie,369,Neurologia dziecięca,2024/026037,Rezydencki,91.42,4.78,15.09.2024 13:35:50,3,NIE,,
j-2024,12,19.11.2024,19.11.2024 09:28:25,111,144,Śląskie,370,Neurologia dziecięca,2024/034095,Rezydencki,91.22,4.72,30.09.2024 21:44:54,3,NIE,,
j-2024,12,19.11.2024,19.11.2024 09:28:25,111,144,Śląskie,371,Neurologia dziecięca,2024/031352,Rezydencki,89.76,4.39,30.09.2024 19:36:49,3,NIE,,
j-2024,12,19.11.2024,19.11.2024 09:28:25,111,144,Śląskie,372,Neurologia dziecięca,2024/023239,Pozarezydencki,80.00,3.93,15.09.2024 22:17:52,1,NIE,,
j-2024,12,19.11.2024,19.11.2024 09:28:25,111,144,Śląskie,373,Okulistyka,2024/022450,Rezydencki,90.73,4.33,15.09.2024 20:29:24,21,NIE,,
j-2024,12,19.11.2024,19.11.2024 09:28:25,111,144,Śląskie,374,Okulistyka,2024/028670,Rezydencki,90.49,4.21,29.09.2024 21:56:19,21,NIE,,
j-2024,12,19.11.2024,19.11.2024 09:28:25,112,144,Śląskie,375,Okulistyka,2024/028970,Rezydencki,90.34,4.41,29.09.2024 21:53:06,21,NIE,,
j-2024,12,19.11.2024,19.11.2024 09:28:25,112,144,Śląskie,376,Okulistyka,2024/030472,Rezydencki,89.46,4.45,30.09.2024 10:45:54,21,NIE,,
j-2024,12,19.11.2024,19.11.2024 09:28:25,112,144,Śląskie,377,Okulistyka,2024/028218,Rezydencki,89.27,4.17,28.09.2024 20:31:39,21,NIE,,
j-2024,12,19.11.2024,19.11.2024 09:28:25,112,144,Śląskie,378,Okulistyka,2024/031095,Rezydencki,89.13,3.73,30.09.2024 19:07:23,21,NIE,,
j-2024,12,19.11.2024,19.11.2024 09:28:25,112,144,Śląskie,379,Okulistyka,2024/030875,Rezydencki,89.02,4.40,27.09.2024 16:05:49,21,NIE,,
j-2024,12,19.11.2024,19.11.2024 09:28:25,112,144,Śląskie,380,Okulistyka,2024/026018,Rezydencki,88.89,4.41,25.09.2024 18:55:19,21,NIE,,
j-2024,12,19.11.2024,19.11.2024 09:28:25,112,144,Śląskie,381,Okulistyka,2024/030195,Rezydencki,88.73,4.62,25.09.2024 22:21:16,21,NIE,,
j-2024,12,19.11.2024,19.11.2024 09:28:25,112,144,Śląskie,382,Okulistyka,2024/029519,Rezydencki,88.41,4.38,30.09.2024 22:57:03,21,NIE,,
j-2024,12,19.11.2024,19.11.2024 09:28:25,112,144,Śląskie,383,Okulistyka,2024/030010,Rezydencki,88.41,4.11,26.09.2024 18:48:02,21,NIE,,
j-2024,12,19.11.2024,19.11.2024 09:28:25,112,144,Śląskie,384,Okulistyka,2024/033841,Rezydencki,88.24,3.76,16.10.2024 14:46:54,21,NIE,,
j-2024,12,19.11.2024,19.11.2024 09:28:25,112,144,Śląskie,385,Okulistyka,2024/025335,Rezydencki,87.92,4.25,27.09.2024 15:30:56,21,NIE,,
j-2024,12,19.11.2024,19.11.2024 09:28:25,112,144,Śląskie,386,Okulistyka,2024/030061,Rezydencki,87.75,4.28,17.10.2024 09:29:24,21,NIE,,
j-2024,12,19.11.2024,19.11.2024 09:28:25,112,144,Śląskie,387,Okulistyka,2024/027912,Rezydencki,87.50,4.55,26.09.2024 11:11:45,21,NIE,,
j-2024,12,19.11.2024,19.11.2024 09:28:25,112,144,Śląskie,388,Okulistyka,2024/029217,Rezydencki,87.44,4.00,28.09.2024 12:15:23,21,NIE,,
j-2024,12,19.11.2024,19.11.2024 09:28:25,112,144,Śląskie,389,Okulistyka,2024/032510,Rezydencki,87.44,3.27,30.09.2024 23:16:37,21,NIE,,
j-2024,12,19.11.2024,19.11.2024 09:28:25,112,144,Śląskie,390,Okulistyka,2024/030967,Rezydencki,87.25,4.12,30.09.2024 23:11:43,21,NIE,,
j-2024,12,19.11.2024,19.11.2024 09:28:25,112,144,Śląskie,391,Okulistyka,2024/030917,Rezydencki,87.20,3.53,28.09.2024 20:21:25,21,NIE,,
j-2024,12,19.11.2024,19.11.2024 09:28:25,112,144,Śląskie,392,Okulistyka,2024/023515,Rezydencki,87.07,3.76,07.09.2024 11:42:11,21,NIE,,
j-2024,12,19.11.2024,19.11.2024 09:28:25,112,144,Śląskie,393,Okulistyka,2024/028069,Rezydencki,87.07,3.41,10.10.2024 09:41:12,21,NIE,,
j-2024,12,19.11.2024,19.11.2024 09:28:25,112,144,Śląskie,394,Okulistyka,2024/033672,Pozarezydencki,81.11,3.88,30.09.2024 16:40:46,4,NIE,,
j-2024,12,19.11.2024,19.11.2024 09:28:25,112,144,Śląskie,395,Okulistyka,2024/032264,Pozarezydencki,80.61,3.37,24.10.2024 13:16:48,4,NIE,,
j-2024,12,19.11.2024,19.11.2024 09:28:25,112,144,Śląskie,396,Okulistyka,2024/032786,Pozarezydencki,79.53,3.55,15.10.2024 16:52:30,4,NIE,,
j-2024,12,19.11.2024,19.11.2024 09:28:25,112,144,Śląskie,397,Okulistyka,2024/030227,Pozarezydencki,77.65,3.32,30.09.2024 23:44:46,4,NIE,,
j-2024,12,19.11.2024,19.11.2024 09:28:25,112,144,Śląskie,398,Onkologia i hematologia dziecięca,2024/029193,Rezydencki,74.51,4.00,27.09.2024 19:37:03,2,NIE,,
j-2024,12,19.11.2024,19.11.2024 09:28:25,112,144,Śląskie,399,Onkologia i hematologia dziecięca,2024/033143,Rezydencki,68.14,3.70,30.09.2024 00:29:50,2,NIE,,
j-2024,12,19.11.2024,19.11.2024 09:28:25,112,144,Śląskie,400,Onkologia kliniczna,2024/029881,Rezydencki,87.75,4.49,27.09.2024 10:49:34,4,NIE,,
j-2024,12,19.11.2024,19.11.2024 09:28:25,112,144,Śląskie,401,Onkologia kliniczna,2024/032478,Rezydencki,77.54,3.54,30.09.2024 19:53:07,4,NIE,,
j-2024,12,19.11.2024,19.11.2024 09:28:25,112,144,Śląskie,402,Onkologia kliniczna,2024/030350,Rezydencki,74.02,3.77,26.09.2024 10:13:44,4,NIE,,
j-2024,12,19.11.2024,19.11.2024 09:28:25,112,144,Śląskie,403,Onkologia kliniczna,2024/031728,Rezydencki,72.06,3.13,14.10.2024 10:13:22,4,NIE,,
j-2024,12,19.11.2024,19.11.2024 09:28:25,112,144,Śląskie,404,Onkologia kliniczna,2024/032521,Pozarezydencki,84.55,4.00,17.10.2024 14:44:42,3,NIE,,
j-2024,12,19.11.2024,19.11.2024 09:28:25,112,144,Śląskie,405,Onkologia kliniczna,2024/031007,Pozarezydencki,82.03,3.38,26.09.2024 21:24:55,3,NIE,,
j-2024,12,19.11.2024,19.11.2024 09:28:25,112,144,Śląskie,406,Onkologia kliniczna,2024/028818,Pozarezydencki,0.45,0.00,18.10.2024 08:50:03,3,NIE,,
j-2024,12,19.11.2024,19.11.2024 09:28:25,112,144,Śląskie,407,Ortodoncja,2024/027071,Rezydencki,86.54,4.34,18.09.2024 17:02:08,4,NIE,,
j-2024,12,19.11.2024,19.11.2024 09:28:25,112,144,Śląskie,408,Ortodoncja,2024/029239,Rezydencki,86.06,4.32,25.09.2024 21:11:23,4,NIE,,
j-2024,12,19.11.2024,19.11.2024 09:28:25,112,144,Śląskie,409,Ortodoncja,2024/027649,Rezydencki,86.06,3.77,30.09.2024 20:00:00,4,NIE,,
j-2024,12,19.11.2024,19.11.2024 09:28:25,112,144,Śląskie,410,Ortodoncja,2024/026423,Rezydencki,85.82,4.41,10.10.2024 10:35:51,4,NIE,,
j-2024,12,19.11.2024,19.11.2024 09:28:25,112,144,Śląskie,411,Ortodoncja,2024/025621,Pozarezydencki,82.73,4.27,30.09.2024 20:53:46,1,NIE,,
j-2024,12,19.11.2024,19.11.2024 09:28:25,112,144,Śląskie,412,Ortopedia i traumatologia narządu ruchu,2024/030202,Rezydencki,88.41,4.26,25.09.2024 22:27:35,9,NIE,,
j-2024,12,19.11.2024,19.11.2024 09:28:25,113,144,Śląskie,413,Ortopedia i traumatologia narządu ruchu,2024/026775,Rezydencki,88.41,3.98,23.09.2024 16:01:15,9,NIE,,
j-2024,12,19.11.2024,19.11.2024 09:28:25,113,144,Śląskie,414,Ortopedia i traumatologia narządu ruchu,2024/027905,Rezydencki,87.75,4.57,28.09.2024 19:24:49,9,NIE,,
j-2024,12,19.11.2024,19.11.2024 09:28:25,113,144,Śląskie,415,Ortopedia i traumatologia narządu ruchu,2024/031577,Rezydencki,87.75,3.65,30.09.2024 16:43:48,9,NIE,,
j-2024,12,19.11.2024,19.11.2024 09:28:25,113,144,Śląskie,416,Ortopedia i traumatologia narządu ruchu,2024/032731,Rezydencki,87.44,4.53,29.09.2024 19:41:07,9,NIE,,
j-2024,12,19.11.2024,19.11.2024 09:28:25,113,144,Śląskie,417,Ortopedia i traumatologia narządu ruchu,2024/032174,Rezydencki,86.27,4.13,29.09.2024 18:23:04,9,NIE,,
j-2024,12,19.11.2024,19.11.2024 09:28:25,113,144,Śląskie,418,Ortopedia i traumatologia narządu ruchu,2024/033065,Rezydencki,85.99,4.46,30.09.2024 17:04:52,9,NIE,,
j-2024,12,19.11.2024,19.11.2024 09:28:25,113,144,Śląskie,419,Ortopedia i traumatologia narządu ruchu,2024/026506,Rezydencki,85.75,3.65,26.09.2024 20:17:45,9,NIE,,
j-2024,12,19.11.2024,19.11.2024 09:28:25,113,144,Śląskie,420,Ortopedia i traumatologia narządu ruchu,2024/027977,Rezydencki,85.54,3.83,29.09.2024 23:54:01,9,NIE,,
j-2024,12,19.11.2024,19.11.2024 09:28:25,113,144,Śląskie,421,Ortopedia i traumatologia narządu ruchu,2024/026402,Pozarezydencki,81.34,3.82,16.10.2024 11:59:32,9,NIE,,
j-2024,12,19.11.2024,19.11.2024 09:28:25,113,144,Śląskie,422,Ortopedia i traumatologia narządu ruchu,2024/025077,Pozarezydencki,80.00,0.00,31.10.2024 12:25:40,9,NIE,,
j-2024,12,19.11.2024,19.11.2024 09:28:25,113,144,Śląskie,423,Ortopedia i traumatologia narządu ruchu,2024/028622,Pozarezydencki,79.72,3.89,30.09.2024 22:55:08,9,NIE,,
j-2024,12,19.11.2024,19.11.2024 09:28:25,113,144,Śląskie,424,Ortopedia i traumatologia narządu ruchu,2024/024748,Pozarezydencki,78.97,0.00,28.10.2024 11:30:06,9,NIE,,
j-2024,12,19.11.2024,19.11.2024 09:28:25,113,144,Śląskie,425,Ortopedia i traumatologia narządu ruchu,2024/031633,Pozarezydencki,74.77,3.29,15.10.2024 19:11:11,9,NIE,,
j-2024,12,19.11.2024,19.11.2024 09:28:25,113,144,Śląskie,426,Ortopedia i traumatologia narządu ruchu,2024/032354,Pozarezydencki,71.96,3.13,30.09.2024 23:30:38,9,NIE,,
j-2024,12,19.11.2024,19.11.2024 09:28:25,113,144,Śląskie,427,Ortopedia i traumatologia narządu ruchu,2024/028223,Pozarezydencki,71.50,3.75,30.09.2024 02:35:59,9,NIE,,
j-2024,12,19.11.2024,19.11.2024 09:28:25,113,144,Śląskie,428,Ortopedia i traumatologia narządu ruchu,2024/022337,Pozarezydencki,60.47,4.19,20.10.2024 22:30:48,9,NIE,,
j-2024,12,19.11.2024,19.11.2024 09:28:25,113,144,Śląskie,429,Ortopedia i traumatologia narządu ruchu,2024/033070,Pozarezydencki,0.00,3.59,23.10.2024 12:43:05,9,NIE,,
j-2024,12,19.11.2024,19.11.2024 09:28:25,113,144,Śląskie,430,Otorynolaryngologia,2024/025947,Rezydencki,96.10,4.85,14.09.2024 18:17:09,6,NIE,,
j-2024,12,19.11.2024,19.11.2024 09:28:25,113,144,Śląskie,431,Otorynolaryngologia,2024/024369,Rezydencki,90.44,4.11,28.09.2024 11:03:07,6,NIE,,
j-2024,12,19.11.2024,19.11.2024 09:28:25,113,144,Śląskie,432,Otorynolaryngologia,2024/027643,Rezydencki,89.71,4.20,20.09.2024 20:17:48,6,NIE,,
j-2024,12,19.11.2024,19.11.2024 09:28:25,113,144,Śląskie,433,Otorynolaryngologia,2024/030277,Rezydencki,89.61,4.11,30.09.2024 23:19:56,6,NIE,,
j-2024,12,19.11.2024,19.11.2024 09:28:25,113,144,Śląskie,434,Otorynolaryngologia,2024/027797,Rezydencki,89.37,4.24,21.09.2024 21:49:23,6,NIE,,
j-2024,12,19.11.2024,19.11.2024 09:28:25,113,144,Śląskie,435,Otorynolaryngologia,2024/027686,Rezydencki,88.97,4.48,21.09.2024 09:59:42,6,NIE,,
j-2024,12,19.11.2024,19.11.2024 09:28:25,113,144,Śląskie,436,Otorynolaryngologia,2024/025020,Pozarezydencki,84.77,3.96,17.10.2024 15:06:00,1,NIE,,
j-2024,12,19.11.2024,19.11.2024 09:28:25,113,144,Śląskie,437,Otorynolaryngologia dziecięca,2024/031526,Rezydencki,88.89,4.29,29.09.2024 23:12:11,2,NIE,,
j-2024,12,19.11.2024,19.11.2024 09:28:25,113,144,Śląskie,438,Otorynolaryngologia dziecięca,2024/029593,Rezydencki,88.29,4.50,30.09.2024 13:13:05,2,NIE,,
j-2024,12,19.11.2024,19.11.2024 09:28:25,113,144,Śląskie,439,Otorynolaryngologia dziecięca,2024/032248,Pozarezydencki,73.39,4.00,21.10.2024 12:49:41,1,NIE,,
j-2024,12,19.11.2024,19.11.2024 09:28:25,113,144,Śląskie,440,Patomorfologia,2024/032002,Rezydencki,87.25,4.50,30.09.2024 23:24:03,4,NIE,,
j-2024,12,19.11.2024,19.11.2024 09:28:25,113,144,Śląskie,441,Patomorfologia,2024/022535,Rezydencki,81.64,4.16,18.09.2024 18:17:48,4,NIE,,
j-2024,12,19.11.2024,19.11.2024 09:28:25,113,144,Śląskie,442,Patomorfologia,2024/030283,Rezydencki,81.46,4.23,26.09.2024 10:43:53,4,NIE,,
j-2024,12,19.11.2024,19.11.2024 09:28:25,113,144,Śląskie,443,Patomorfologia,2024/032125,Rezydencki,80.64,4.23,28.09.2024 18:45:43,4,NIE,,
j-2024,12,19.11.2024,19.11.2024 09:28:25,113,144,Śląskie,444,Pediatria,2024/022224,Rezydencki,89.71,4.40,19.09.2024 19:22:02,44,NIE,,
j-2024,12,19.11.2024,19.11.2024 09:28:25,113,144,Śląskie,445,Pediatria,2024/029467,Rezydencki,89.46,4.66,29.09.2024 22:50:22,44,NIE,,
j-2024,12,19.11.2024,19.11.2024 09:28:25,113,144,Śląskie,446,Pediatria,2024/028035,Rezydencki,89.37,4.42,23.09.2024 18:09:23,44,NIE,,
j-2024,12,19.11.2024,19.11.2024 09:28:25,113,144,Śląskie,447,Pediatria,2024/031020,Rezydencki,89.37,4.03,26.09.2024 20:51:59,44,NIE,,
j-2024,12,19.11.2024,19.11.2024 09:28:25,113,144,Śląskie,448,Pediatria,2024/024916,Rezydencki,89.37,3.89,12.09.2024 09:51:11,44,NIE,,
j-2024,12,19.11.2024,19.11.2024 09:28:25,113,144,Śląskie,449,Pediatria,2024/032353,Rezydencki,89.22,4.69,29.09.2024 11:09:34,44,NIE,,
j-2024,12,19.11.2024,19.11.2024 09:28:25,113,144,Śląskie,450,Pediatria,2024/031567,Rezydencki,88.89,4.36,27.09.2024 16:18:48,44,NIE,,
j-2024,12,19.11.2024,19.11.2024 09:28:25,114,144,Śląskie,451,Pediatria,2024/028508,Rezydencki,88.89,4.21,27.09.2024 17:42:10,44,NIE,,
j-2024,12,19.11.2024,19.11.2024 09:28:25,114,144,Śląskie,452,Pediatria,2024/025905,Rezydencki,88.89,4.13,21.09.2024 11:05:48,44,NIE,,
j-2024,12,19.11.2024,19.11.2024 09:28:25,114,144,Śląskie,453,Pediatria,2024/024688,Rezydencki,88.65,4.59,25.09.2024 21:50:20,44,NIE,,
j-2024,12,19.11.2024,19.11.2024 09:28:25,114,144,Śląskie,454,Pediatria,2024/033708,Rezydencki,88.65,3.86,29.10.2024 14:07:50,44,NIE,,
j-2024,12,19.11.2024,19.11.2024 09:28:25,114,144,Śląskie,455,Pediatria,2024/033387,Rezydencki,88.41,4.21,30.09.2024 12:00:02,44,NIE,,
j-2024,12,19.11.2024,19.11.2024 09:28:25,114,144,Śląskie,456,Pediatria,2024/025059,Rezydencki,88.41,3.71,20.09.2024 18:15:15,44,NIE,,
j-2024,12,19.11.2024,19.11.2024 09:28:25,114,144,Śląskie,457,Pediatria,2024/031064,Rezydencki,88.29,4.15,29.09.2024 23:41:43,44,NIE,,
j-2024,12,19.11.2024,19.11.2024 09:28:25,114,144,Śląskie,458,Pediatria,2024/029909,Rezydencki,88.24,4.71,26.09.2024 18:19:07,44,NIE,,
j-2024,12,19.11.2024,19.11.2024 09:28:25,114,144,Śląskie,459,Pediatria,2024/030263,Rezydencki,87.80,4.00,29.09.2024 18:38:36,44,NIE,,
j-2024,12,19.11.2024,19.11.2024 09:28:25,114,144,Śląskie,460,Pediatria,2024/031911,Rezydencki,87.75,4.37,28.09.2024 11:05:44,44,NIE,,
j-2024,12,19.11.2024,19.11.2024 09:28:25,114,144,Śląskie,461,Pediatria,2024/025951,Rezydencki,87.56,4.33,30.09.2024 23:05:19,44,NIE,,
j-2024,12,19.11.2024,19.11.2024 09:28:25,114,144,Śląskie,462,Pediatria,2024/022825,Rezydencki,87.44,3.95,10.09.2024 15:10:11,44,NIE,,
j-2024,12,19.11.2024,19.11.2024 09:28:25,114,144,Śląskie,463,Pediatria,2024/030483,Rezydencki,87.25,4.35,27.09.2024 21:28:37,44,NIE,,
j-2024,12,19.11.2024,19.11.2024 09:28:25,114,144,Śląskie,464,Pediatria,2024/028647,Rezydencki,86.96,4.29,24.09.2024 21:52:34,44,NIE,,
j-2024,12,19.11.2024,19.11.2024 09:28:25,114,144,Śląskie,465,Pediatria,2024/029874,Rezydencki,86.96,4.22,27.09.2024 14:30:28,44,NIE,,
j-2024,12,19.11.2024,19.11.2024 09:28:25,114,144,Śląskie,466,Pediatria,2024/024215,Rezydencki,86.76,4.54,06.09.2024 16:52:23,44,NIE,,
j-2024,12,19.11.2024,19.11.2024 09:28:25,114,144,Śląskie,467,Pediatria,2024/030742,Rezydencki,86.76,4.23,30.09.2024 19:12:03,44,NIE,,
j-2024,12,19.11.2024,19.11.2024 09:28:25,114,144,Śląskie,468,Pediatria,2024/023932,Rezydencki,86.76,4.12,05.09.2024 13:49:13,44,NIE,,
j-2024,12,19.11.2024,19.11.2024 09:28:25,114,144,Śląskie,469,Pediatria,2024/027037,Rezydencki,86.76,4.11,18.09.2024 18:12:11,44,NIE,,
j-2024,12,19.11.2024,19.11.2024 09:28:25,114,144,Śląskie,470,Pediatria,2024/030121,Rezydencki,85.99,3.80,30.09.2024 18:49:45,44,NIE,,
j-2024,12,19.11.2024,19.11.2024 09:28:25,114,144,Śląskie,471,Pediatria,2024/028088,Rezydencki,85.85,3.85,22.09.2024 20:13:59,44,NIE,,
j-2024,12,19.11.2024,19.11.2024 09:28:25,114,144,Śląskie,472,Pediatria,2024/031967,Rezydencki,85.54,4.38,28.09.2024 13:44:02,44,NIE,,
j-2024,12,19.11.2024,19.11.2024 09:28:25,114,144,Śląskie,473,Pediatria,2024/027167,Rezydencki,85.51,4.37,27.09.2024 12:58:54,44,NIE,,
j-2024,12,19.11.2024,19.11.2024 09:28:25,114,144,Śląskie,474,Pediatria,2024/030812,Rezydencki,85.51,4.11,26.09.2024 21:44:21,44,NIE,,
j-2024,12,19.11.2024,19.11.2024 09:28:25,114,144,Śląskie,475,Pediatria,2024/031005,Rezydencki,85.51,3.74,27.09.2024 18:26:33,44,NIE,,
j-2024,12,19.11.2024,19.11.2024 09:28:25,114,144,Śląskie,476,Pediatria,2024/031378,Rezydencki,85.37,4.00,28.09.2024 13:37:13,44,NIE,,
j-2024,12,19.11.2024,19.11.2024 09:28:25,114,144,Śląskie,477,Pediatria,2024/033521,Rezydencki,84.88,3.88,30.09.2024 15:37:40,44,NIE,,
j-2024,12,19.11.2024,19.11.2024 09:28:25,114,144,Śląskie,478,Pediatria,2024/031562,Rezydencki,84.80,4.33,28.09.2024 09:35:22,44,NIE,,
j-2024,12,19.11.2024,19.11.2024 09:28:25,114,144,Śląskie,479,Pediatria,2024/031364,Rezydencki,84.80,4.19,27.09.2024 12:22:14,44,NIE,,
j-2024,12,19.11.2024,19.11.2024 09:28:25,114,144,Śląskie,480,Pediatria,2024/030197,Rezydencki,84.80,4.03,29.09.2024 23:02:07,44,NIE,,
j-2024,12,19.11.2024,19.11.2024 09:28:25,114,144,Śląskie,481,Pediatria,2024/028603,Rezydencki,84.54,4.19,24.09.2024 21:08:14,44,NIE,,
j-2024,12,19.11.2024,19.11.2024 09:28:25,114,144,Śląskie,482,Pediatria,2024/032157,Rezydencki,83.09,4.27,28.09.2024 19:56:07,44,NIE,,
j-2024,12,19.11.2024,19.11.2024 09:28:25,114,144,Śląskie,483,Pediatria,2024/026360,Rezydencki,82.84,4.03,15.10.2024 16:30:42,44,NIE,,
j-2024,12,19.11.2024,19.11.2024 09:28:25,114,144,Śląskie,484,Pediatria,2024/032295,Rezydencki,82.35,3.89,16.10.2024 14:01:35,44,NIE,,
j-2024,12,19.11.2024,19.11.2024 09:28:25,114,144,Śląskie,485,Pediatria,2024/032958,Rezydencki,81.16,3.92,30.09.2024 20:08:28,44,NIE,,
j-2024,12,19.11.2024,19.11.2024 09:28:25,114,144,Śląskie,486,Pediatria,2024/022677,Rezydencki,80.68,4.28,24.10.2024 20:19:19,44,NIE,,
j-2024,12,19.11.2024,19.11.2024 09:28:25,114,144,Śląskie,487,Pediatria,2024/031726,Rezydencki,80.39,3.88,30.09.2024 16:44:37,44,NIE,,
j-2024,12,19.11.2024,19.11.2024 09:28:25,114,144,Śląskie,488,Pediatria,2024/033195,Pozarezydencki,70.91,3.37,15.10.2024 12:13:00,4,NIE,,
j-2024,12,19.11.2024,19.11.2024 09:28:25,115,144,Śląskie,489,Pediatria,2024/027381,Pozarezydencki,68.69,0.00,15.10.2024 11:32:43,4,NIE,,
j-2024,12,19.11.2024,19.11.2024 09:28:25,115,144,Śląskie,490,Pediatria,2024/024154,Pozarezydencki,63.08,3.71,23.10.2024 13:57:24,4,NIE,,
j-2024,12,19.11.2024,19.11.2024 09:28:25,115,144,Śląskie,491,Pediatria,2024/032011,Pozarezydencki,56.48,3.04,28.09.2024 15:30:25,4,NIE,,
j-2024,12,19.11.2024,19.11.2024 09:28:25,115,144,Śląskie,492,Perinatologia,2024/023296,Pozarezydencki,80.68,3.53,29.10.2024 16:03:33,1,NIE,,
j-2024,12,19.11.2024,19.11.2024 09:28:25,115,144,Śląskie,493,Periodontologia,2024/022331,Rezydencki,85.58,3.95,14.09.2024 10:39:06,2,NIE,,
j-2024,12,19.11.2024,19.11.2024 09:28:25,115,144,Śląskie,494,Periodontologia,2024/031325,Rezydencki,84.06,4.00,14.10.2024 16:11:13,2,NIE,,
j-2024,12,19.11.2024,19.11.2024 09:28:25,115,144,Śląskie,495,Położnictwo i ginekologia,2024/030427,Rezydencki,90.82,4.32,29.09.2024 13:55:36,23,NIE,,
j-2024,12,19.11.2024,19.11.2024 09:28:25,115,144,Śląskie,496,Położnictwo i ginekologia,2024/030256,Rezydencki,89.71,4.43,26.09.2024 00:49:57,23,NIE,,
j-2024,12,19.11.2024,19.11.2024 09:28:25,115,144,Śląskie,497,Położnictwo i ginekologia,2024/028592,Rezydencki,89.27,4.31,29.09.2024 22:46:35,23,NIE,,
j-2024,12,19.11.2024,19.11.2024 09:28:25,115,144,Śląskie,498,Położnictwo i ginekologia,2024/027045,Rezydencki,88.89,4.22,22.09.2024 17:21:59,23,NIE,,
j-2024,12,19.11.2024,19.11.2024 09:28:25,115,144,Śląskie,499,Położnictwo i ginekologia,2024/027688,Rezydencki,88.65,4.27,29.09.2024 21:01:41,23,NIE,,
j-2024,12,19.11.2024,19.11.2024 09:28:25,115,144,Śląskie,500,Położnictwo i ginekologia,2024/023548,Rezydencki,87.68,4.48,03.09.2024 22:02:20,23,NIE,,
j-2024,12,19.11.2024,19.11.2024 09:28:25,115,144,Śląskie,501,Położnictwo i ginekologia,2024/031033,Rezydencki,87.44,4.02,26.09.2024 21:14:25,23,NIE,,
j-2024,12,19.11.2024,19.11.2024 09:28:25,115,144,Śląskie,502,Położnictwo i ginekologia,2024/022231,Rezydencki,87.25,4.35,24.09.2024 19:30:19,23,NIE,,
j-2024,12,19.11.2024,19.11.2024 09:28:25,115,144,Śląskie,503,Położnictwo i ginekologia,2024/030852,Rezydencki,86.76,4.02,27.09.2024 20:55:02,23,NIE,,
j-2024,12,19.11.2024,19.11.2024 09:28:25,115,144,Śląskie,504,Położnictwo i ginekologia,2024/030096,Rezydencki,86.47,3.95,29.09.2024 16:39:33,23,NIE,,
j-2024,12,19.11.2024,19.11.2024 09:28:25,115,144,Śląskie,505,Położnictwo i ginekologia,2024/025757,Rezydencki,86.27,4.18,17.10.2024 14:50:17,23,NIE,,
j-2024,12,19.11.2024,19.11.2024 09:28:25,115,144,Śląskie,506,Położnictwo i ginekologia,2024/033595,Rezydencki,86.03,4.45,30.09.2024 18:03:16,23,NIE,,
j-2024,12,19.11.2024,19.11.2024 09:28:25,115,144,Śląskie,507,Położnictwo i ginekologia,2024/028280,Rezydencki,85.99,3.65,26.09.2024 10:15:58,23,NIE,,
j-2024,12,19.11.2024,19.11.2024 09:28:25,115,144,Śląskie,508,Położnictwo i ginekologia,2024/031221,Rezydencki,85.02,3.86,30.09.2024 13:18:04,23,NIE,,
j-2024,12,19.11.2024,19.11.2024 09:28:25,115,144,Śląskie,509,Położnictwo i ginekologia,2024/023686,Rezydencki,83.82,4.06,07.09.2024 23:15:01,23,NIE,,
j-2024,12,19.11.2024,19.11.2024 09:28:25,115,144,Śląskie,510,Położnictwo i ginekologia,2024/022525,Rezydencki,83.33,4.35,02.09.2024 13:21:04,23,NIE,,
j-2024,12,19.11.2024,19.11.2024 09:28:25,115,144,Śląskie,511,Położnictwo i ginekologia,2024/030990,Rezydencki,82.93,3.86,30.09.2024 23:05:09,23,NIE,,
j-2024,12,19.11.2024,19.11.2024 09:28:25,115,144,Śląskie,512,Położnictwo i ginekologia,2024/027717,Rezydencki,82.61,3.77,22.10.2024 23:17:24,23,NIE,,
j-2024,12,19.11.2024,19.11.2024 09:28:25,115,144,Śląskie,513,Położnictwo i ginekologia,2024/024953,Rezydencki,82.61,3.74,27.09.2024 21:04:04,23,NIE,,
j-2024,12,19.11.2024,19.11.2024 09:28:25,115,144,Śląskie,514,Położnictwo i ginekologia,2024/029269,Rezydencki,81.95,4.03,26.09.2024 21:40:52,23,NIE,,
j-2024,12,19.11.2024,19.11.2024 09:28:25,115,144,Śląskie,515,Położnictwo i ginekologia,2024/028325,Rezydencki,81.64,3.86,30.09.2024 00:27:54,23,NIE,,
j-2024,12,19.11.2024,19.11.2024 09:28:25,115,144,Śląskie,516,Położnictwo i ginekologia,2024/023447,Rezydencki,81.46,3.54,17.10.2024 14:19:20,23,NIE,,
j-2024,12,19.11.2024,19.11.2024 09:28:25,115,144,Śląskie,517,Położnictwo i ginekologia,2024/023961,Rezydencki,81.16,3.30,27.09.2024 16:07:15,23,NIE,,
j-2024,12,19.11.2024,19.11.2024 09:28:25,115,144,Śląskie,518,Położnictwo i ginekologia,2024/032935,Pozarezydencki,73.83,0.00,17.10.2024 07:56:51,1,NIE,,
j-2024,12,19.11.2024,19.11.2024 09:28:25,115,144,Śląskie,519,Protetyka stomatologiczna,2024/022850,Rezydencki,85.58,4.07,10.09.2024 22:14:23,1,NIE,,
j-2024,12,19.11.2024,19.11.2024 09:28:25,115,144,Śląskie,520,Psychiatria,2024/022821,Rezydencki,89.86,4.23,24.09.2024 17:29:05,38,NIE,,
j-2024,12,19.11.2024,19.11.2024 09:28:25,115,144,Śląskie,521,Psychiatria,2024/028656,Rezydencki,88.89,4.31,27.09.2024 19:54:31,38,NIE,,
j-2024,12,19.11.2024,19.11.2024 09:28:25,115,144,Śląskie,522,Psychiatria,2024/032584,Rezydencki,88.16,4.47,29.09.2024 17:30:37,38,NIE,,
j-2024,12,19.11.2024,19.11.2024 09:28:25,115,144,Śląskie,523,Psychiatria,2024/030176,Rezydencki,87.80,3.76,30.09.2024 16:22:54,38,NIE,,
j-2024,12,19.11.2024,19.11.2024 09:28:25,115,144,Śląskie,524,Psychiatria,2024/033307,Rezydencki,86.83,4.14,15.10.2024 12:44:51,38,NIE,,
j-2024,12,19.11.2024,19.11.2024 09:28:25,115,144,Śląskie,525,Psychiatria,2024/027936,Rezydencki,86.76,4.27,27.09.2024 19:26:58,38,NIE,,
j-2024,12,19.11.2024,19.11.2024 09:28:25,115,144,Śląskie,526,Psychiatria,2024/022841,Rezydencki,86.76,4.25,05.09.2024 15:45:07,38,NIE,,
j-2024,12,19.11.2024,19.11.2024 09:28:25,116,144,Śląskie,527,Psychiatria,2024/033252,Rezydencki,86.34,4.48,30.09.2024 21:56:35,38,NIE,,
j-2024,12,19.11.2024,19.11.2024 09:28:25,116,144,Śląskie,528,Psychiatria,2024/030449,Rezydencki,86.27,4.47,30.09.2024 10:07:31,38,NIE,,
j-2024,12,19.11.2024,19.11.2024 09:28:25,116,144,Śląskie,529,Psychiatria,2024/030932,Rezydencki,85.99,4.32,27.09.2024 22:19:40,38,NIE,,
j-2024,12,19.11.2024,19.11.2024 09:28:25,116,144,Śląskie,530,Psychiatria,2024/025153,Rezydencki,85.99,4.03,26.09.2024 08:58:13,38,NIE,,
j-2024,12,19.11.2024,19.11.2024 09:28:25,116,144,Śląskie,531,Psychiatria,2024/024963,Rezydencki,85.99,3.97,29.09.2024 16:14:25,38,NIE,,
j-2024,12,19.11.2024,19.11.2024 09:28:25,116,144,Śląskie,532,Psychiatria,2024/027448,Rezydencki,85.85,3.96,19.09.2024 22:14:00,38,NIE,,
j-2024,12,19.11.2024,19.11.2024 09:28:25,116,144,Śląskie,533,Psychiatria,2024/031689,Rezydencki,85.37,3.94,28.09.2024 20:46:05,38,NIE,,
j-2024,12,19.11.2024,19.11.2024 09:28:25,116,144,Śląskie,534,Psychiatria,2024/030731,Rezydencki,85.29,3.92,26.09.2024 17:20:58,38,NIE,,
j-2024,12,19.11.2024,19.11.2024 09:28:25,116,144,Śląskie,535,Psychiatria,2024/032791,Rezydencki,84.06,3.33,29.09.2024 20:29:26,38,NIE,,
j-2024,12,19.11.2024,19.11.2024 09:28:25,116,144,Śląskie,536,Psychiatria,2024/032860,Rezydencki,83.57,3.81,30.09.2024 15:39:26,38,NIE,,
j-2024,12,19.11.2024,19.11.2024 09:28:25,116,144,Śląskie,537,Psychiatria,2024/032318,Rezydencki,83.41,4.16,15.10.2024 17:43:02,38,NIE,,
j-2024,12,19.11.2024,19.11.2024 09:28:25,116,144,Śląskie,538,Psychiatria,2024/028375,Rezydencki,83.33,3.92,30.09.2024 13:12:09,38,NIE,,
j-2024,12,19.11.2024,19.11.2024 09:28:25,116,144,Śląskie,539,Psychiatria,2024/032955,Rezydencki,83.33,3.82,30.09.2024 17:49:24,38,NIE,,
j-2024,12,19.11.2024,19.11.2024 09:28:25,116,144,Śląskie,540,Psychiatria,2024/027551,Rezydencki,83.09,3.79,25.09.2024 21:56:43,38,NIE,,
j-2024,12,19.11.2024,19.11.2024 09:28:25,116,144,Śląskie,541,Psychiatria,2024/025942,Rezydencki,82.84,3.79,29.09.2024 20:12:29,38,NIE,,
j-2024,12,19.11.2024,19.11.2024 09:28:25,116,144,Śląskie,542,Psychiatria,2024/029290,Rezydencki,82.62,3.78,27.09.2024 09:32:40,38,NIE,,
j-2024,12,19.11.2024,19.11.2024 09:28:25,116,144,Śląskie,543,Psychiatria,2024/026631,Rezydencki,82.44,0.00,24.10.2024 13:42:14,38,NIE,,
j-2024,12,19.11.2024,19.11.2024 09:28:25,116,144,Śląskie,544,Psychiatria,2024/023876,Rezydencki,81.86,4.36,17.10.2024 20:10:58,38,NIE,,
j-2024,12,19.11.2024,19.11.2024 09:28:25,116,144,Śląskie,545,Psychiatria,2024/033666,Rezydencki,81.64,3.91,20.10.2024 21:42:22,38,NIE,,
j-2024,12,19.11.2024,19.11.2024 09:28:25,116,144,Śląskie,546,Psychiatria,2024/024025,Rezydencki,81.22,3.84,22.10.2024 15:43:03,38,NIE,,
j-2024,12,19.11.2024,19.11.2024 09:28:25,116,144,Śląskie,547,Psychiatria,2024/030117,Rezydencki,81.16,4.10,30.09.2024 21:39:40,38,NIE,,
j-2024,12,19.11.2024,19.11.2024 09:28:25,116,144,Śląskie,548,Psychiatria,2024/030681,Rezydencki,81.16,3.29,26.09.2024 16:32:19,38,NIE,,
j-2024,12,19.11.2024,19.11.2024 09:28:25,116,144,Śląskie,549,Psychiatria,2024/032764,Rezydencki,79.90,3.99,29.09.2024 20:07:47,38,NIE,,
j-2024,12,19.11.2024,19.11.2024 09:28:25,116,144,Śląskie,550,Psychiatria,2024/026155,Rezydencki,79.23,3.69,14.10.2024 11:17:02,38,NIE,,
j-2024,12,19.11.2024,19.11.2024 09:28:25,116,144,Śląskie,551,Psychiatria,2024/033077,Rezydencki,77.56,3.66,29.09.2024 23:15:28,38,NIE,,
j-2024,12,19.11.2024,19.11.2024 09:28:25,116,144,Śląskie,552,Psychiatria,2024/029979,Rezydencki,76.81,4.00,25.09.2024 19:38:37,38,NIE,,
j-2024,12,19.11.2024,19.11.2024 09:28:25,116,144,Śląskie,553,Psychiatria,2024/022802,Rezydencki,75.98,3.77,30.09.2024 17:55:08,38,NIE,,
j-2024,12,19.11.2024,19.11.2024 09:28:25,116,144,Śląskie,554,Psychiatria,2024/022285,Rezydencki,74.51,3.82,16.10.2024 20:54:23,38,NIE,,
j-2024,12,19.11.2024,19.11.2024 09:28:25,116,144,Śląskie,555,Psychiatria,2024/022929,Rezydencki,74.51,3.42,30.09.2024 08:34:29,38,NIE,,
j-2024,12,19.11.2024,19.11.2024 09:28:25,116,144,Śląskie,556,Psychiatria,2024/033082,Rezydencki,73.43,3.26,13.10.2024 11:26:40,38,NIE,,
j-2024,12,19.11.2024,19.11.2024 09:28:25,116,144,Śląskie,557,Psychiatria,2024/033473,Rezydencki,73.04,3.13,30.09.2024 13:12:41,38,NIE,,
j-2024,12,19.11.2024,19.11.2024 09:28:25,116,144,Śląskie,558,Psychiatria dzieci i młodzieży,2024/027095,Rezydencki,89.51,4.38,18.09.2024 18:31:33,21,NIE,,
j-2024,12,19.11.2024,19.11.2024 09:28:25,116,144,Śląskie,559,Psychiatria dzieci i młodzieży,2024/030542,Rezydencki,88.65,4.32,30.09.2024 19:44:40,21,NIE,,
j-2024,12,19.11.2024,19.11.2024 09:28:25,116,144,Śląskie,560,Psychiatria dzieci i młodzieży,2024/032294,Rezydencki,87.56,4.31,29.09.2024 23:59:41,21,NIE,,
j-2024,12,19.11.2024,19.11.2024 09:28:25,116,144,Śląskie,561,Psychiatria dzieci i młodzieży,2024/027570,Rezydencki,87.44,4.14,20.09.2024 14:00:52,21,NIE,,
j-2024,12,19.11.2024,19.11.2024 09:28:25,116,144,Śląskie,562,Psychiatria dzieci i młodzieży,2024/032375,Rezydencki,87.44,3.94,30.09.2024 17:35:26,21,NIE,,
j-2024,12,19.11.2024,19.11.2024 09:28:25,116,144,Śląskie,563,Psychiatria dzieci i młodzieży,2024/025590,Rezydencki,86.96,3.86,12.09.2024 17:30:14,21,NIE,,
j-2024,12,19.11.2024,19.11.2024 09:28:25,116,144,Śląskie,564,Psychiatria dzieci i młodzieży,2024/023078,Rezydencki,86.10,3.95,06.09.2024 15:24:55,21,NIE,,
j-2024,12,19.11.2024,19.11.2024 09:28:25,117,144,Śląskie,565,Psychiatria dzieci i młodzieży,2024/027925,Rezydencki,85.75,4.37,25.09.2024 22:55:17,21,NIE,,
j-2024,12,19.11.2024,19.11.2024 09:28:25,117,144,Śląskie,566,Psychiatria dzieci i młodzieży,2024/025871,Rezydencki,85.02,3.65,30.09.2024 20:36:55,21,NIE,,
j-2024,12,19.11.2024,19.11.2024 09:28:25,117,144,Śląskie,567,Psychiatria dzieci i młodzieży,2024/026198,Rezydencki,84.88,3.79,28.09.2024 18:24:06,21,NIE,,
j-2024,12,19.11.2024,19.11.2024 09:28:25,117,144,Śląskie,568,Psychiatria dzieci i młodzieży,2024/034103,Rezydencki,84.54,3.66,30.09.2024 23:02:10,21,NIE,,
j-2024,12,19.11.2024,19.11.2024 09:28:25,117,144,Śląskie,569,Psychiatria dzieci i młodzieży,2024/033544,Rezydencki,81.86,3.83,30.09.2024 22:22:01,21,NIE,,
j-2024,12,19.11.2024,19.11.2024 09:28:25,117,144,Śląskie,570,Psychiatria dzieci i młodzieży,2024/023751,Rezydencki,80.71,3.50,05.09.2024 07:54:54,21,NIE,,
j-2024,12,19.11.2024,19.11.2024 09:28:25,117,144,Śląskie,571,Psychiatria dzieci i młodzieży,2024/031650,Rezydencki,78.29,4.08,30.09.2024 16:59:55,21,NIE,,
j-2024,12,19.11.2024,19.11.2024 09:28:25,117,144,Śląskie,572,Psychiatria dzieci i młodzieży,2024/026595,Rezydencki,77.54,4.02,26.09.2024 16:56:08,21,NIE,,
j-2024,12,19.11.2024,19.11.2024 09:28:25,117,144,Śląskie,573,Psychiatria dzieci i młodzieży,2024/033908,Rezydencki,77.45,3.09,30.09.2024 23:58:29,21,NIE,,
j-2024,12,19.11.2024,19.11.2024 09:28:25,117,144,Śląskie,574,Psychiatria dzieci i młodzieży,2024/031004,Rezydencki,75.85,4.01,15.10.2024 11:20:44,21,NIE,,
j-2024,12,19.11.2024,19.11.2024 09:28:25,117,144,Śląskie,575,Psychiatria dzieci i młodzieży,2024/030942,Rezydencki,75.85,3.80,27.09.2024 20:23:21,21,NIE,,
j-2024,12,19.11.2024,19.11.2024 09:28:25,117,144,Śląskie,576,Psychiatria dzieci i młodzieży,2024/030574,Rezydencki,75.49,3.49,30.09.2024 23:58:45,21,NIE,,
j-2024,12,19.11.2024,19.11.2024 09:28:25,117,144,Śląskie,577,Psychiatria dzieci i młodzieży,2024/030858,Rezydencki,74.15,3.62,30.09.2024 21:56:10,21,NIE,,
j-2024,12,19.11.2024,19.11.2024 09:28:25,117,144,Śląskie,578,Psychiatria dzieci i młodzieży,2024/030207,Rezydencki,69.36,4.06,25.09.2024 23:00:29,21,NIE,,
j-2024,12,19.11.2024,19.11.2024 09:28:25,117,144,Śląskie,579,Psychiatria dzieci i młodzieży,2024/025853,Pozarezydencki,90.55,0.00,18.10.2024 00:30:54,2,NIE,,
j-2024,12,19.11.2024,19.11.2024 09:28:25,117,144,Śląskie,580,Psychiatria dzieci i młodzieży,2024/024666,Pozarezydencki,88.36,3.83,17.10.2024 12:29:31,2,NIE,,
j-2024,12,19.11.2024,19.11.2024 09:28:25,117,144,Śląskie,581,Radiologia i diagnostyka obrazowa,2024/022502,Rezydencki,91.71,4.26,23.09.2024 16:06:30,44,NIE,,
j-2024,12,19.11.2024,19.11.2024 09:28:25,117,144,Śląskie,582,Radiologia i diagnostyka obrazowa,2024/030781,Rezydencki,90.93,4.65,30.09.2024 19:23:12,44,NIE,,
j-2024,12,19.11.2024,19.11.2024 09:28:25,117,144,Śląskie,583,Radiologia i diagnostyka obrazowa,2024/028381,Rezydencki,90.20,4.73,25.09.2024 21:33:29,44,NIE,,
j-2024,12,19.11.2024,19.11.2024 09:28:25,117,144,Śląskie,584,Radiologia i diagnostyka obrazowa,2024/028438,Rezydencki,90.20,4.00,26.09.2024 11:17:11,44,NIE,,
j-2024,12,19.11.2024,19.11.2024 09:28:25,117,144,Śląskie,585,Radiologia i diagnostyka obrazowa,2024/032780,Rezydencki,90.10,3.43,30.09.2024 20:02:02,44,NIE,,
j-2024,12,19.11.2024,19.11.2024 09:28:25,117,144,Śląskie,586,Radiologia i diagnostyka obrazowa,2024/030187,Rezydencki,89.86,4.23,25.09.2024 22:17:58,44,NIE,,
j-2024,12,19.11.2024,19.11.2024 09:28:25,117,144,Śląskie,587,Radiologia i diagnostyka obrazowa,2024/027927,Rezydencki,89.86,4.16,30.09.2024 19:28:50,44,NIE,,
j-2024,12,19.11.2024,19.11.2024 09:28:25,117,144,Śląskie,588,Radiologia i diagnostyka obrazowa,2024/025026,Rezydencki,89.37,4.40,29.09.2024 15:58:45,44,NIE,,
j-2024,12,19.11.2024,19.11.2024 09:28:25,117,144,Śląskie,589,Radiologia i diagnostyka obrazowa,2024/030928,Rezydencki,89.22,4.39,29.09.2024 22:37:41,44,NIE,,
j-2024,12,19.11.2024,19.11.2024 09:28:25,117,144,Śląskie,590,Radiologia i diagnostyka obrazowa,2024/030975,Rezydencki,89.13,4.14,30.09.2024 22:15:48,44,NIE,,
j-2024,12,19.11.2024,19.11.2024 09:28:25,117,144,Śląskie,591,Radiologia i diagnostyka obrazowa,2024/022483,Rezydencki,88.65,4.30,18.09.2024 23:27:22,44,NIE,,
j-2024,12,19.11.2024,19.11.2024 09:28:25,117,144,Śląskie,592,Radiologia i diagnostyka obrazowa,2024/027920,Rezydencki,88.41,4.41,27.09.2024 20:58:15,44,NIE,,
j-2024,12,19.11.2024,19.11.2024 09:28:25,117,144,Śląskie,593,Radiologia i diagnostyka obrazowa,2024/034223,Rezydencki,88.41,3.70,30.09.2024 23:04:24,44,NIE,,
j-2024,12,19.11.2024,19.11.2024 09:28:25,117,144,Śląskie,594,Radiologia i diagnostyka obrazowa,2024/022590,Rezydencki,88.29,4.68,30.09.2024 18:11:03,44,NIE,,
j-2024,12,19.11.2024,19.11.2024 09:28:25,117,144,Śląskie,595,Radiologia i diagnostyka obrazowa,2024/028226,Rezydencki,88.24,3.90,28.09.2024 20:51:39,44,NIE,,
j-2024,12,19.11.2024,19.11.2024 09:28:25,117,144,Śląskie,596,Radiologia i diagnostyka obrazowa,2024/024417,Rezydencki,87.92,4.44,26.09.2024 22:47:27,44,NIE,,
j-2024,12,19.11.2024,19.11.2024 09:28:25,117,144,Śląskie,597,Radiologia i diagnostyka obrazowa,2024/029223,Rezydencki,87.92,4.21,30.09.2024 19:58:46,44,NIE,,
j-2024,12,19.11.2024,19.11.2024 09:28:25,117,144,Śląskie,598,Radiologia i diagnostyka obrazowa,2024/022273,Rezydencki,87.75,4.42,28.09.2024 21:44:34,44,NIE,,
j-2024,12,19.11.2024,19.11.2024 09:28:25,117,144,Śląskie,599,Radiologia i diagnostyka obrazowa,2024/031266,Rezydencki,87.68,4.14,13.10.2024 10:48:23,44,NIE,,
j-2024,12,19.11.2024,19.11.2024 09:28:25,117,144,Śląskie,600,Radiologia i diagnostyka obrazowa,2024/034184,Rezydencki,87.68,4.11,30.09.2024 22:37:26,44,NIE,,
j-2024,12,19.11.2024,19.11.2024 09:28:25,117,144,Śląskie,601,Radiologia i diagnostyka obrazowa,2024/028013,Rezydencki,87.44,4.18,02.10.2024 14:15:30,44,NIE,,
j-2024,12,19.11.2024,19.11.2024 09:28:25,117,144,Śląskie,602,Radiologia i diagnostyka obrazowa,2024/024507,Rezydencki,87.44,4.14,22.10.2024 13:06:31,44,NIE,,
j-2024,12,19.11.2024,19.11.2024 09:28:25,118,144,Śląskie,603,Radiologia i diagnostyka obrazowa,2024/033776,Rezydencki,87.32,4.22,30.09.2024 19:06:35,44,NIE,,
j-2024,12,19.11.2024,19.11.2024 09:28:25,118,144,Śląskie,604,Radiologia i diagnostyka obrazowa,2024/029700,Rezydencki,87.25,4.66,25.09.2024 15:58:26,44,NIE,,
j-2024,12,19.11.2024,19.11.2024 09:28:25,118,144,Śląskie,605,Radiologia i diagnostyka obrazowa,2024/029001,Rezydencki,87.25,4.27,24.09.2024 13:21:37,44,NIE,,
j-2024,12,19.11.2024,19.11.2024 09:28:25,118,144,Śląskie,606,Radiologia i diagnostyka obrazowa,2024/026856,Rezydencki,87.20,3.14,29.09.2024 10:40:42,44,NIE,,
j-2024,12,19.11.2024,19.11.2024 09:28:25,118,144,Śląskie,607,Radiologia i diagnostyka obrazowa,2024/030995,Rezydencki,87.07,3.25,29.09.2024 10:45:34,44,NIE,,
j-2024,12,19.11.2024,19.11.2024 09:28:25,118,144,Śląskie,608,Radiologia i diagnostyka obrazowa,2024/032229,Rezydencki,86.96,3.97,11.10.2024 22:36:42,44,NIE,,
j-2024,12,19.11.2024,19.11.2024 09:28:25,118,144,Śląskie,609,Radiologia i diagnostyka obrazowa,2024/023787,Rezydencki,86.83,4.14,20.09.2024 21:51:49,44,NIE,,
j-2024,12,19.11.2024,19.11.2024 09:28:25,118,144,Śląskie,610,Radiologia i diagnostyka obrazowa,2024/027794,Rezydencki,86.76,4.31,25.09.2024 21:12:24,44,NIE,,
j-2024,12,19.11.2024,19.11.2024 09:28:25,118,144,Śląskie,611,Radiologia i diagnostyka obrazowa,2024/033956,Rezydencki,86.76,3.65,17.10.2024 17:38:26,44,NIE,,
j-2024,12,19.11.2024,19.11.2024 09:28:25,118,144,Śląskie,612,Radiologia i diagnostyka obrazowa,2024/032204,Rezydencki,86.76,3.50,12.10.2024 13:12:28,44,NIE,,
j-2024,12,19.11.2024,19.11.2024 09:28:25,118,144,Śląskie,613,Radiologia i diagnostyka obrazowa,2024/025134,Rezydencki,86.59,4.23,30.09.2024 18:05:59,44,NIE,,
j-2024,12,19.11.2024,19.11.2024 09:28:25,118,144,Śląskie,614,Radiologia i diagnostyka obrazowa,2024/024071,Rezydencki,86.47,4.11,29.09.2024 23:32:23,44,NIE,,
j-2024,12,19.11.2024,19.11.2024 09:28:25,118,144,Śląskie,615,Radiologia i diagnostyka obrazowa,2024/022733,Rezydencki,86.47,4.03,17.10.2024 20:01:13,44,NIE,,
j-2024,12,19.11.2024,19.11.2024 09:28:25,118,144,Śląskie,616,Radiologia i diagnostyka obrazowa,2024/026123,Rezydencki,86.27,4.48,21.09.2024 09:40:35,44,NIE,,
j-2024,12,19.11.2024,19.11.2024 09:28:25,118,144,Śląskie,617,Radiologia i diagnostyka obrazowa,2024/028308,Rezydencki,86.27,0.00,05.10.2024 14:41:47,44,NIE,,
j-2024,12,19.11.2024,19.11.2024 09:28:25,118,144,Śląskie,618,Radiologia i diagnostyka obrazowa,2024/032744,Rezydencki,85.99,4.19,30.09.2024 01:40:54,44,NIE,,
j-2024,12,19.11.2024,19.11.2024 09:28:25,118,144,Śląskie,619,Radiologia i diagnostyka obrazowa,2024/022256,Rezydencki,85.99,4.15,15.10.2024 15:03:52,44,NIE,,
j-2024,12,19.11.2024,19.11.2024 09:28:25,118,144,Śląskie,620,Radiologia i diagnostyka obrazowa,2024/030752,Rezydencki,85.99,3.94,26.09.2024 17:47:16,44,NIE,,
j-2024,12,19.11.2024,19.11.2024 09:28:25,118,144,Śląskie,621,Radiologia i diagnostyka obrazowa,2024/032487,Rezydencki,85.78,4.06,29.09.2024 23:17:19,44,NIE,,
j-2024,12,19.11.2024,19.11.2024 09:28:25,118,144,Śląskie,622,Radiologia i diagnostyka obrazowa,2024/030980,Rezydencki,85.78,3.95,30.09.2024 20:46:52,44,NIE,,
j-2024,12,19.11.2024,19.11.2024 09:28:25,118,144,Śląskie,623,Radiologia i diagnostyka obrazowa,2024/028406,Rezydencki,85.75,4.23,29.09.2024 22:39:56,44,NIE,,
j-2024,12,19.11.2024,19.11.2024 09:28:25,118,144,Śląskie,624,Radiologia i diagnostyka obrazowa,2024/024151,Rezydencki,85.75,3.89,12.09.2024 21:14:01,44,NIE,,
j-2024,12,19.11.2024,19.11.2024 09:28:25,118,144,Śląskie,625,Radiologia i diagnostyka obrazowa,2024/028168,Pozarezydencki,80.65,3.75,22.10.2024 14:24:45,11,NIE,,
j-2024,12,19.11.2024,19.11.2024 09:28:25,118,144,Śląskie,626,Radiologia i diagnostyka obrazowa,2024/030512,Pozarezydencki,80.18,4.21,30.09.2024 21:24:15,11,NIE,,
j-2024,12,19.11.2024,19.11.2024 09:28:25,118,144,Śląskie,627,Radiologia i diagnostyka obrazowa,2024/026058,Pozarezydencki,79.44,4.28,19.09.2024 14:58:17,11,NIE,,
j-2024,12,19.11.2024,19.11.2024 09:28:25,118,144,Śląskie,628,Radiologia i diagnostyka obrazowa,2024/028465,Pozarezydencki,79.07,2.97,23.09.2024 15:19:44,11,NIE,,
j-2024,12,19.11.2024,19.11.2024 09:28:25,118,144,Śląskie,629,Radiologia i diagnostyka obrazowa,2024/027516,Pozarezydencki,78.74,4.37,15.10.2024 21:13:12,11,NIE,,
j-2024,12,19.11.2024,19.11.2024 09:28:25,118,144,Śląskie,630,Radiologia i diagnostyka obrazowa,2024/029950,Pozarezydencki,78.14,3.21,27.09.2024 13:43:35,11,NIE,,
j-2024,12,19.11.2024,19.11.2024 09:28:25,118,144,Śląskie,631,Radiologia i diagnostyka obrazowa,2024/031307,Pozarezydencki,76.64,4.41,30.09.2024 23:02:18,11,NIE,,
j-2024,12,19.11.2024,19.11.2024 09:28:25,118,144,Śląskie,632,Radiologia i diagnostyka obrazowa,2024/032730,Pozarezydencki,76.50,3.36,29.09.2024 19:44:27,11,NIE,,
j-2024,12,19.11.2024,19.11.2024 09:28:25,118,144,Śląskie,633,Radiologia i diagnostyka obrazowa,2024/022583,Pozarezydencki,74.30,3.84,15.10.2024 11:06:59,11,NIE,,
j-2024,12,19.11.2024,19.11.2024 09:28:25,118,144,Śląskie,634,Radiologia i diagnostyka obrazowa,2024/034243,Pozarezydencki,73.95,0.00,30.09.2024 23:25:04,11,NIE,,
j-2024,12,19.11.2024,19.11.2024 09:28:25,118,144,Śląskie,635,Radiologia i diagnostyka obrazowa,2024/029155,Pozarezydencki,73.73,0.00,22.10.2024 14:32:45,11,NIE,,
j-2024,12,19.11.2024,19.11.2024 09:28:25,118,144,Śląskie,636,Radioterapia onkologiczna,2024/025031,Rezydencki,90.00,4.20,29.09.2024 20:57:59,5,NIE,,
j-2024,12,19.11.2024,19.11.2024 09:28:25,118,144,Śląskie,637,Radioterapia onkologiczna,2024/027501,Rezydencki,89.46,4.44,28.09.2024 19:55:59,5,NIE,,
j-2024,12,19.11.2024,19.11.2024 09:28:25,118,144,Śląskie,638,Radioterapia onkologiczna,2024/025032,Rezydencki,85.85,3.89,26.09.2024 17:16:37,5,NIE,,
j-2024,12,19.11.2024,19.11.2024 09:28:25,118,144,Śląskie,639,Radioterapia onkologiczna,2024/030841,Rezydencki,83.82,4.16,26.09.2024 19:19:02,5,NIE,,
j-2024,12,19.11.2024,19.11.2024 09:28:25,118,144,Śląskie,640,Radioterapia onkologiczna,2024/023100,Rezydencki,65.12,3.55,17.10.2024 16:08:53,5,NIE,,
j-2024,12,19.11.2024,19.11.2024 09:28:25,119,144,Śląskie,641,Rehabilitacja medyczna,2024/031159,Rezydencki,79.41,0.00,14.10.2024 13:47:54,3,NIE,,
j-2024,12,19.11.2024,19.11.2024 09:28:25,119,144,Śląskie,642,Rehabilitacja medyczna,2024/032032,Rezydencki,76.81,3.65,29.09.2024 21:34:10,3,NIE,,
j-2024,12,19.11.2024,19.11.2024 09:28:25,119,144,Śląskie,643,Rehabilitacja medyczna,2024/031263,Rezydencki,62.80,0.00,25.10.2024 10:36:12,3,NIE,,
j-2024,12,19.11.2024,19.11.2024 09:28:25,119,144,Śląskie,644,Rehabilitacja medyczna,2024/031955,Pozarezydencki,75.45,0.00,18.10.2024 17:43:30,3,NIE,,
j-2024,12,19.11.2024,19.11.2024 09:28:25,119,144,Śląskie,645,Rehabilitacja medyczna,2024/024301,Pozarezydencki,61.82,3.33,22.10.2024 13:22:39,3,NIE,,
j-2024,12,19.11.2024,19.11.2024 09:28:25,119,144,Śląskie,646,Rehabilitacja medyczna,2024/030795,Pozarezydencki,53.21,3.51,26.09.2024 18:15:34,3,NIE,,
j-2024,12,19.11.2024,19.11.2024 09:28:25,119,144,Śląskie,647,Reumatologia,2024/023501,Rezydencki,91.46,4.38,03.09.2024 19:57:12,2,NIE,,
j-2024,12,19.11.2024,19.11.2024 09:28:25,119,144,Śląskie,648,Reumatologia,2024/031629,Rezydencki,91.42,4.11,29.09.2024 19:29:32,2,NIE,,
j-2024,12,19.11.2024,19.11.2024 09:28:25,119,144,Śląskie,649,Reumatologia,2024/030896,Pozarezydencki,83.64,4.28,30.09.2024 16:47:38,7,NIE,,
j-2024,12,19.11.2024,19.11.2024 09:28:25,119,144,Śląskie,650,Reumatologia,2024/025086,Pozarezydencki,80.00,0.00,17.10.2024 20:51:36,7,NIE,,
j-2024,12,19.11.2024,19.11.2024 09:28:25,119,144,Śląskie,651,Reumatologia,2024/031596,Pozarezydencki,77.57,3.50,28.09.2024 15:30:42,7,NIE,,
j-2024,12,19.11.2024,19.11.2024 09:28:25,119,144,Śląskie,652,Reumatologia,2024/032328,Pozarezydencki,76.17,3.66,15.10.2024 21:37:51,7,NIE,,
j-2024,12,19.11.2024,19.11.2024 09:28:25,119,144,Śląskie,653,Reumatologia,2024/030529,Pozarezydencki,75.70,4.52,26.09.2024 13:53:33,7,NIE,,
j-2024,12,19.11.2024,19.11.2024 09:28:25,119,144,Śląskie,654,Reumatologia,2024/030719,Pozarezydencki,73.36,3.21,15.10.2024 17:17:18,7,NIE,,
j-2024,12,19.11.2024,19.11.2024 09:28:25,119,144,Śląskie,655,Reumatologia,2024/029770,Pozarezydencki,71.76,3.89,25.09.2024 16:52:16,7,NIE,,
j-2024,12,19.11.2024,19.11.2024 09:28:25,119,144,Śląskie,656,Seksuologia,2024/033422,Pozarezydencki,84.55,4.67,17.10.2024 21:32:58,1,NIE,,
j-2024,12,19.11.2024,19.11.2024 09:28:25,119,144,Śląskie,657,Stomatologia dziecięca,2024/032406,Rezydencki,81.25,0.00,29.09.2024 13:26:36,3,NIE,,
j-2024,12,19.11.2024,19.11.2024 09:28:25,119,144,Śląskie,658,Stomatologia dziecięca,2024/031281,Rezydencki,77.29,3.49,29.09.2024 21:31:22,3,NIE,,
j-2024,12,19.11.2024,19.11.2024 09:28:25,119,144,Śląskie,659,Stomatologia dziecięca,2024/026313,Rezydencki,76.56,3.86,18.09.2024 12:20:46,3,NIE,,
j-2024,12,19.11.2024,19.11.2024 09:28:25,119,144,Śląskie,660,Stomatologia zachowawcza z endodoncją,2024/032153,Rezydencki,82.30,0.00,30.09.2024 09:51:13,5,NIE,,
j-2024,12,19.11.2024,19.11.2024 09:28:25,119,144,Śląskie,661,Stomatologia zachowawcza z endodoncją,2024/034180,Rezydencki,80.10,4.10,30.09.2024 22:36:29,5,NIE,,
j-2024,12,19.11.2024,19.11.2024 09:28:25,119,144,Śląskie,662,Stomatologia zachowawcza z endodoncją,2024/031046,Rezydencki,79.05,4.20,27.09.2024 08:53:08,5,NIE,,
j-2024,12,19.11.2024,19.11.2024 09:28:25,119,144,Śląskie,663,Stomatologia zachowawcza z endodoncją,2024/030178,Rezydencki,77.99,3.97,16.10.2024 20:20:38,5,NIE,,
j-2024,12,19.11.2024,19.11.2024 09:28:25,119,144,Śląskie,664,Stomatologia zachowawcza z endodoncją,2024/034178,Rezydencki,76.08,4.04,30.09.2024 22:34:34,5,NIE,,
j-2024,12,19.11.2024,19.11.2024 09:28:25,119,144,Śląskie,665,Toksykologia kliniczna,2024/029064,Rezydencki,76.33,3.85,26.09.2024 13:02:33,1,NIE,,
j-2024,12,19.11.2024,19.11.2024 09:28:25,119,144,Śląskie,666,Transplantologia kliniczna,2024/033952,Pozarezydencki,91.36,0.00,23.10.2024 19:54:48,11,NIE,,
j-2024,12,19.11.2024,19.11.2024 09:28:25,119,144,Śląskie,667,Transplantologia kliniczna,2024/025567,Pozarezydencki,86.82,0.00,25.09.2024 09:44:56,11,NIE,,
j-2024,12,19.11.2024,19.11.2024 09:28:25,119,144,Śląskie,668,Transplantologia kliniczna,2024/025558,Pozarezydencki,80.00,0.00,16.10.2024 16:13:41,11,NIE,,
j-2024,12,19.11.2024,19.11.2024 09:28:25,119,144,Śląskie,669,Transplantologia kliniczna,2024/024529,Pozarezydencki,77.83,3.93,23.10.2024 13:38:41,11,NIE,,
j-2024,12,19.11.2024,19.11.2024 09:28:25,119,144,Śląskie,670,Transplantologia kliniczna,2024/034209,Pozarezydencki,77.73,0.00,31.10.2024 08:31:39,11,NIE,,
j-2024,12,19.11.2024,19.11.2024 09:28:25,119,144,Śląskie,671,Transplantologia kliniczna,2024/024495,Pozarezydencki,76.82,4.19,21.09.2024 12:28:06,11,NIE,,
j-2024,12,19.11.2024,19.11.2024 09:28:25,119,144,Śląskie,672,Transplantologia kliniczna,2024/026017,Pozarezydencki,75.45,3.53,17.10.2024 10:01:03,11,NIE,,
j-2024,12,19.11.2024,19.11.2024 09:28:25,119,144,Śląskie,673,Transplantologia kliniczna,2024/027697,Pozarezydencki,70.91,0.00,24.10.2024 16:28:41,11,NIE,,
j-2024,12,19.11.2024,19.11.2024 09:28:25,119,144,Śląskie,674,Transplantologia kliniczna,2024/023838,Pozarezydencki,68.64,3.87,17.10.2024 10:04:26,11,NIE,,
j-2024,12,19.11.2024,19.11.2024 09:28:25,119,144,Śląskie,675,Transplantologia kliniczna,2024/023783,Pozarezydencki,65.89,0.00,18.10.2024 10:24:45,11,NIE,,
j-2024,12,19.11.2024,19.11.2024 09:28:25,119,144,Śląskie,676,Transplantologia kliniczna,2024/029270,Pozarezydencki,57.34,0.00,17.10.2024 19:50:06,11,NIE,,
j-2024,12,19.11.2024,19.11.2024 09:28:25,119,144,Śląskie,677,Urologia,2024/029068,Rezydencki,91.67,4.32,28.09.2024 10:56:44,11,NIE,,
j-2024,12,19.11.2024,19.11.2024 09:28:25,119,144,Śląskie,678,Urologia,2024/032518,Rezydencki,91.30,4.35,19.10.2024 20:16:00,11,NIE,,
j-2024,12,19.11.2024,19.11.2024 09:28:25,120,144,Śląskie,679,Urologia,2024/023739,Rezydencki,90.44,4.48,05.09.2024 14:29:37,11,NIE,,
j-2024,12,19.11.2024,19.11.2024 09:28:25,120,144,Śląskie,680,Urologia,2024/024074,Rezydencki,89.86,3.83,30.09.2024 17:06:19,11,NIE,,
j-2024,12,19.11.2024,19.11.2024 09:28:25,120,144,Śląskie,681,Urologia,2024/029244,Rezydencki,89.71,4.57,29.09.2024 22:30:26,11,NIE,,
j-2024,12,19.11.2024,19.11.2024 09:28:25,120,144,Śląskie,682,Urologia,2024/024434,Rezydencki,89.37,4.00,16.10.2024 11:21:27,11,NIE,,
j-2024,12,19.11.2024,19.11.2024 09:28:25,120,144,Śląskie,683,Urologia,2024/028437,Rezydencki,89.13,3.54,29.09.2024 22:22:37,11,NIE,,
j-2024,12,19.11.2024,19.11.2024 09:28:25,120,144,Śląskie,684,Urologia,2024/027309,Rezydencki,88.24,4.96,29.09.2024 21:44:44,11,NIE,,
j-2024,12,19.11.2024,19.11.2024 09:28:25,120,144,Śląskie,685,Urologia,2024/030741,Rezydencki,87.75,4.27,27.09.2024 15:06:24,11,NIE,,
j-2024,12,19.11.2024,19.11.2024 09:28:25,120,144,Śląskie,686,Urologia,2024/024837,Rezydencki,87.44,3.76,29.09.2024 20:47:05,11,NIE,,
j-2024,12,19.11.2024,19.11.2024 09:28:25,120,144,Śląskie,687,Urologia,2024/029180,Rezydencki,87.44,3.45,25.09.2024 21:52:36,11,NIE,,
j-2024,12,19.11.2024,19.11.2024 09:28:25,120,144,Śląskie,688,Urologia,2024/031166,Pozarezydencki,78.60,4.80,24.10.2024 13:44:19,2,NIE,,
j-2024,12,19.11.2024,19.11.2024 09:28:25,120,144,Śląskie,689,Urologia,2024/023564,Pozarezydencki,78.14,4.06,19.09.2024 07:51:46,2,NIE,,
j-2024,12,19.11.2024,19.11.2024 09:28:25,120,144,Śląskie,690,Urologia dziecięca,2024/024372,Pozarezydencki,82.27,4.39,28.10.2024 09:19:42,1,NIE,,
j-2024,12,19.11.2024,19.11.2024 09:28:25,120,144,Śląskie,1,Endokrynologia i diabetologia dziecięca,2024/028165,Rezydencki,73.04,3.83,29.09.2024 13:06:59,1,TAK,Górnośląskie Centrum Zdrowia Dziecka im. św. Jana Pawła II Samodzielny Publiczny Szpital Kliniczny Nr 6 Śląskiego Uniwersytetu Medycznego w,Katowicach Oddział Pediatrii i Endokrynologii Dziecięcej z Pododdziałem Zaburzeń Rozwoju Płci.
j-2024,12,19.11.2024,19.11.2024 09:28:25,120,144,Śląskie,1,Ortopedia i traumatologia narządu ruchu,2024/022782,Rezydencki,76.10,3.42,18.10.2024 01:25:08,1,TAK,Górnośląskie Centrum Zdrowia Dziecka im. św. Jana Pawła II Samodzielny Publiczny Szpital Kliniczny Nr 6 Śląskiego Uniwersytetu Medycznego w,Katowicach Oddział Chirurgii Urazowo-Ortopedycznej
j-2024,12,19.11.2024,19.11.2024 09:28:25,120,144,Śląskie,1,Alergologia,2024/025432,Rezydencki,82.35,4.21,27.09.2024 15:56:14,1,TAK,SZPITAL SPECJALISTYCZNY W ZABRZU SPÓŁKA Z OGRANICZONĄ ODPOWIEDZIALNOŚCIĄ,"Kliniczny Oddział Chorób Wewnętrznych, Dermatologii i Alergologii"
j-2024,12,19.11.2024,19.11.2024 09:28:25,120,144,Śląskie,1,Kardiologia,2024/026237,Rezydencki,86.27,3.51,22.09.2024 23:20:31,1,TAK,Śląskie Centrum Chorób Serca w Zabrzu,I Oddział Kardiologii i Angiologii
j-2024,12,19.11.2024,19.11.2024 09:28:25,120,144,Świętokrzyskie,1,Alergologia,2024/029680,Rezydencki,89.22,4.23,30.09.2024 12:07:59,3,NIE,,
j-2024,12,19.11.2024,19.11.2024 09:28:25,120,144,Świętokrzyskie,2,Alergologia,2024/028917,Rezydencki,87.92,3.57,03.10.2024 13:23:13,3,NIE,,
j-2024,12,19.11.2024,19.11.2024 09:28:25,120,144,Świętokrzyskie,3,Alergologia,2024/026482,Rezydencki,86.27,3.85,30.09.2024 22:26:43,3,NIE,,
j-2024,12,19.11.2024,19.11.2024 09:28:25,120,144,Świętokrzyskie,4,Anestezjologia i intensywna terapia,2024/029848,Rezydencki,91.18,4.30,25.09.2024 17:43:15,7,NIE,,
j-2024,12,19.11.2024,19.11.2024 09:28:25,121,144,Świętokrzyskie,5,Anestezjologia i intensywna terapia,2024/023991,Rezydencki,87.44,3.91,28.09.2024 21:03:46,7,NIE,,
j-2024,12,19.11.2024,19.11.2024 09:28:25,121,144,Świętokrzyskie,6,Anestezjologia i intensywna terapia,2024/025112,Rezydencki,84.54,3.91,27.09.2024 20:20:52,7,NIE,,
j-2024,12,19.11.2024,19.11.2024 09:28:25,121,144,Świętokrzyskie,7,Anestezjologia i intensywna terapia,2024/023944,Rezydencki,82.13,3.78,04.10.2024 20:21:55,7,NIE,,
j-2024,12,19.11.2024,19.11.2024 09:28:25,121,144,Świętokrzyskie,8,Anestezjologia i intensywna terapia,2024/031124,Rezydencki,81.37,3.58,26.09.2024 22:06:15,7,NIE,,
j-2024,12,19.11.2024,19.11.2024 09:28:25,121,144,Świętokrzyskie,9,Anestezjologia i intensywna terapia,2024/032072,Rezydencki,79.90,4.07,29.09.2024 20:39:10,7,NIE,,
j-2024,12,19.11.2024,19.11.2024 09:28:25,121,144,Świętokrzyskie,10,Anestezjologia i intensywna terapia,2024/030077,Rezydencki,72.95,4.03,25.09.2024 21:00:17,7,NIE,,
j-2024,12,19.11.2024,19.11.2024 09:28:25,121,144,Świętokrzyskie,11,Anestezjologia i intensywna terapia,2024/024822,Pozarezydencki,85.25,4.59,30.09.2024 22:05:01,2,NIE,,
j-2024,12,19.11.2024,19.11.2024 09:28:25,121,144,Świętokrzyskie,12,Anestezjologia i intensywna terapia,2024/032437,Pozarezydencki,72.48,3.97,04.10.2024 17:59:16,2,NIE,,
j-2024,12,19.11.2024,19.11.2024 09:28:25,121,144,Świętokrzyskie,13,Chirurgia naczyniowa,2024/023581,Rezydencki,89.37,3.70,26.09.2024 11:50:15,3,NIE,,
j-2024,12,19.11.2024,19.11.2024 09:28:25,121,144,Świętokrzyskie,14,Chirurgia naczyniowa,2024/031690,Rezydencki,80.64,3.78,29.09.2024 21:42:19,3,NIE,,
j-2024,12,19.11.2024,19.11.2024 09:28:25,121,144,Świętokrzyskie,15,Chirurgia naczyniowa,2024/031164,Rezydencki,79.90,3.27,26.09.2024 23:22:43,3,NIE,,
j-2024,12,19.11.2024,19.11.2024 09:28:25,121,144,Świętokrzyskie,16,Chirurgia naczyniowa,2024/033816,Pozarezydencki,75.81,3.79,30.09.2024 19:02:13,2,NIE,,
j-2024,12,19.11.2024,19.11.2024 09:28:25,121,144,Świętokrzyskie,17,Chirurgia naczyniowa,2024/029017,Pozarezydencki,70.91,3.71,09.10.2024 21:37:22,2,NIE,,
j-2024,12,19.11.2024,19.11.2024 09:28:25,121,144,Świętokrzyskie,18,Chirurgia ogólna,2024/031669,Rezydencki,84.31,4.36,29.09.2024 21:19:17,6,NIE,,
j-2024,12,19.11.2024,19.11.2024 09:28:25,121,144,Świętokrzyskie,19,Chirurgia ogólna,2024/023007,Rezydencki,84.31,4.01,02.09.2024 15:20:17,6,NIE,,
j-2024,12,19.11.2024,19.11.2024 09:28:25,121,144,Świętokrzyskie,20,Chirurgia ogólna,2024/032522,Rezydencki,81.46,3.99,30.09.2024 00:06:33,6,NIE,,
j-2024,12,19.11.2024,19.11.2024 09:28:25,121,144,Świętokrzyskie,21,Chirurgia ogólna,2024/031893,Rezydencki,79.95,3.57,28.09.2024 10:13:16,6,NIE,,
j-2024,12,19.11.2024,19.11.2024 09:28:25,121,144,Świętokrzyskie,22,Chirurgia ogólna,2024/024286,Rezydencki,75.98,3.82,03.10.2024 14:12:30,6,NIE,,
j-2024,12,19.11.2024,19.11.2024 09:28:25,121,144,Świętokrzyskie,23,Chirurgia ogólna,2024/032672,Rezydencki,73.91,4.01,30.09.2024 17:30:43,6,NIE,,
j-2024,12,19.11.2024,19.11.2024 09:28:25,121,144,Świętokrzyskie,24,Chirurgia ogólna,2024/022341,Pozarezydencki,82.95,3.69,01.09.2024 11:09:44,1,NIE,,
j-2024,12,19.11.2024,19.11.2024 09:28:25,121,144,Świętokrzyskie,25,Chirurgia onkologiczna,2024/029803,Rezydencki,89.27,4.39,26.09.2024 18:39:38,1,NIE,,
j-2024,12,19.11.2024,19.11.2024 09:28:25,121,144,Świętokrzyskie,26,Chirurgia onkologiczna,2024/028865,Pozarezydencki,72.05,0.00,07.10.2024 19:43:14,1,NIE,,
j-2024,12,19.11.2024,19.11.2024 09:28:25,121,144,Świętokrzyskie,27,Chirurgia stomatologiczna,2024/024729,Rezydencki,85.92,4.40,09.09.2024 15:29:07,3,NIE,,
j-2024,12,19.11.2024,19.11.2024 09:28:25,121,144,Świętokrzyskie,28,Chirurgia stomatologiczna,2024/027779,Rezydencki,84.21,4.20,08.10.2024 09:52:32,3,NIE,,
j-2024,12,19.11.2024,19.11.2024 09:28:25,121,144,Świętokrzyskie,29,Chirurgia stomatologiczna,2024/029255,Rezydencki,84.13,4.17,24.09.2024 20:06:14,3,NIE,,
j-2024,12,19.11.2024,19.11.2024 09:28:25,121,144,Świętokrzyskie,30,Choroby płuc,2024/025289,Rezydencki,88.73,4.27,27.09.2024 09:14:12,5,NIE,,
j-2024,12,19.11.2024,19.11.2024 09:28:25,121,144,Świętokrzyskie,31,Choroby płuc,2024/023807,Rezydencki,87.68,4.13,04.09.2024 20:30:27,5,NIE,,
j-2024,12,19.11.2024,19.11.2024 09:28:25,121,144,Świętokrzyskie,32,Choroby płuc,2024/030255,Rezydencki,84.88,3.88,04.10.2024 14:21:02,5,NIE,,
j-2024,12,19.11.2024,19.11.2024 09:28:25,121,144,Świętokrzyskie,33,Choroby płuc,2024/029428,Rezydencki,81.62,4.44,30.09.2024 19:20:09,5,NIE,,
j-2024,12,19.11.2024,19.11.2024 09:28:25,121,144,Świętokrzyskie,34,Choroby płuc,2024/031040,Rezydencki,80.88,3.45,30.09.2024 22:53:48,5,NIE,,
j-2024,12,19.11.2024,19.11.2024 09:28:25,121,144,Świętokrzyskie,35,Choroby płuc,2024/022960,Pozarezydencki,70.91,0.00,07.10.2024 19:33:03,2,NIE,,
j-2024,12,19.11.2024,19.11.2024 09:28:25,121,144,Świętokrzyskie,36,Choroby płuc,2024/024249,Pozarezydencki,58.26,0.00,06.09.2024 20:07:30,2,NIE,,
j-2024,12,19.11.2024,19.11.2024 09:28:25,121,144,Świętokrzyskie,37,Choroby wewnętrzne,2024/030946,Rezydencki,89.27,4.54,26.09.2024 20:30:36,5,NIE,,
j-2024,12,19.11.2024,19.11.2024 09:28:25,121,144,Świętokrzyskie,38,Choroby wewnętrzne,2024/029836,Rezydencki,88.24,4.16,29.09.2024 19:55:26,5,NIE,,
j-2024,12,19.11.2024,19.11.2024 09:28:25,121,144,Świętokrzyskie,39,Choroby wewnętrzne,2024/031036,Rezydencki,87.25,4.29,27.09.2024 15:27:25,5,NIE,,
j-2024,12,19.11.2024,19.11.2024 09:28:25,121,144,Świętokrzyskie,40,Choroby wewnętrzne,2024/029372,Rezydencki,81.64,3.86,30.09.2024 18:22:25,5,NIE,,
j-2024,12,19.11.2024,19.11.2024 09:28:25,121,144,Świętokrzyskie,41,Choroby wewnętrzne,2024/031104,Rezydencki,79.71,3.80,26.09.2024 21:55:03,5,NIE,,
j-2024,12,19.11.2024,19.11.2024 09:28:25,121,144,Świętokrzyskie,42,Choroby wewnętrzne,2024/032734,Pozarezydencki,65.89,4.22,05.10.2024 22:19:27,1,NIE,,
j-2024,12,19.11.2024,19.11.2024 09:28:25,121,144,Świętokrzyskie,43,Choroby zakaźne,2024/025377,Rezydencki,95.59,4.46,08.10.2024 00:01:18,1,NIE,,
j-2024,12,19.11.2024,19.11.2024 09:28:25,122,144,Świętokrzyskie,44,Diabetologia,2024/024247,Rezydencki,88.89,4.22,15.10.2024 12:39:55,2,NIE,,
j-2024,12,19.11.2024,19.11.2024 09:28:25,122,144,Świętokrzyskie,45,Diabetologia,2024/024580,Rezydencki,84.39,3.74,30.09.2024 19:39:52,2,NIE,,
j-2024,12,19.11.2024,19.11.2024 09:28:25,122,144,Świętokrzyskie,46,Endokrynologia,2024/029063,Rezydencki,92.20,4.36,29.09.2024 20:12:21,3,NIE,,
j-2024,12,19.11.2024,19.11.2024 09:28:25,122,144,Świętokrzyskie,47,Endokrynologia,2024/029738,Rezydencki,91.79,4.63,30.09.2024 14:57:07,3,NIE,,
j-2024,12,19.11.2024,19.11.2024 09:28:25,122,144,Świętokrzyskie,48,Endokrynologia,2024/022233,Rezydencki,91.79,4.36,01.09.2024 00:54:21,3,NIE,,
j-2024,12,19.11.2024,19.11.2024 09:28:25,122,144,Świętokrzyskie,49,Endokrynologia i diabetologia dziecięca,2024/028066,Pozarezydencki,80.00,4.36,09.10.2024 15:46:36,1,NIE,,
j-2024,12,19.11.2024,19.11.2024 09:28:25,122,144,Świętokrzyskie,50,Gastroenterologia dziecięca,2024/029139,Rezydencki,89.71,4.44,24.09.2024 16:54:19,1,NIE,,
j-2024,12,19.11.2024,19.11.2024 09:28:25,122,144,Świętokrzyskie,51,Geriatria,2024/023153,Rezydencki,79.51,4.21,15.09.2024 15:29:06,1,NIE,,
j-2024,12,19.11.2024,19.11.2024 09:28:25,122,144,Świętokrzyskie,52,Geriatria,2024/022304,Pozarezydencki,66.36,2.81,07.10.2024 13:39:29,1,NIE,,
j-2024,12,19.11.2024,19.11.2024 09:28:25,122,144,Świętokrzyskie,53,Kardiologia,2024/023478,Rezydencki,88.89,3.93,25.09.2024 16:53:40,8,NIE,,
j-2024,12,19.11.2024,19.11.2024 09:28:25,122,144,Świętokrzyskie,54,Kardiologia,2024/032329,Rezydencki,87.92,4.45,29.09.2024 10:34:56,8,NIE,,
j-2024,12,19.11.2024,19.11.2024 09:28:25,122,144,Świętokrzyskie,55,Kardiologia,2024/032004,Rezydencki,87.44,4.14,30.09.2024 15:21:58,8,NIE,,
j-2024,12,19.11.2024,19.11.2024 09:28:25,122,144,Świętokrzyskie,56,Kardiologia,2024/032547,Rezydencki,86.76,4.11,30.09.2024 00:09:48,8,NIE,,
j-2024,12,19.11.2024,19.11.2024 09:28:25,122,144,Świętokrzyskie,57,Kardiologia,2024/031212,Rezydencki,85.78,0.00,27.09.2024 19:14:59,8,NIE,,
j-2024,12,19.11.2024,19.11.2024 09:28:25,122,144,Świętokrzyskie,58,Kardiologia,2024/028689,Rezydencki,83.82,3.38,29.09.2024 16:19:00,8,NIE,,
j-2024,12,19.11.2024,19.11.2024 09:28:25,122,144,Świętokrzyskie,59,Kardiologia,2024/032790,Rezydencki,81.95,3.85,14.10.2024 07:54:00,8,NIE,,
j-2024,12,19.11.2024,19.11.2024 09:28:25,122,144,Świętokrzyskie,60,Kardiologia,2024/023798,Rezydencki,81.88,4.09,28.09.2024 18:15:06,8,NIE,,
j-2024,12,19.11.2024,19.11.2024 09:28:25,122,144,Świętokrzyskie,61,Kardiologia,2024/034015,Pozarezydencki,70.91,2.88,18.10.2024 09:16:02,2,NIE,,
j-2024,12,19.11.2024,19.11.2024 09:28:25,122,144,Świętokrzyskie,62,Kardiologia,2024/032837,Pozarezydencki,57.48,3.91,09.10.2024 18:59:38,2,NIE,,
j-2024,12,19.11.2024,19.11.2024 09:28:25,122,144,Świętokrzyskie,63,Medycyna paliatywna,2024/027738,Rezydencki,81.46,4.22,28.09.2024 23:22:50,1,NIE,,
j-2024,12,19.11.2024,19.11.2024 09:28:25,122,144,Świętokrzyskie,64,Medycyna paliatywna,2024/027660,Pozarezydencki,70.91,3.04,09.10.2024 20:15:22,2,NIE,,
j-2024,12,19.11.2024,19.11.2024 09:28:25,122,144,Świętokrzyskie,65,Medycyna paliatywna,2024/030778,Pozarezydencki,70.91,0.00,14.10.2024 20:52:57,2,NIE,,
j-2024,12,19.11.2024,19.11.2024 09:28:25,122,144,Świętokrzyskie,66,Medycyna pracy,2024/031831,Pozarezydencki,80.00,3.76,14.10.2024 21:24:34,3,NIE,,
j-2024,12,19.11.2024,19.11.2024 09:28:25,122,144,Świętokrzyskie,67,Medycyna pracy,2024/033888,Pozarezydencki,74.00,4.02,11.10.2024 11:53:53,3,NIE,,
j-2024,12,19.11.2024,19.11.2024 09:28:25,122,144,Świętokrzyskie,68,Medycyna pracy,2024/033375,Pozarezydencki,69.34,0.00,22.10.2024 19:06:44,3,NIE,,
j-2024,12,19.11.2024,19.11.2024 09:28:25,122,144,Świętokrzyskie,69,Medycyna rodzinna,2024/031714,Rezydencki,90.69,4.37,27.09.2024 19:53:57,16,NIE,,
j-2024,12,19.11.2024,19.11.2024 09:28:25,122,144,Świętokrzyskie,70,Medycyna rodzinna,2024/030974,Rezydencki,88.41,4.16,28.09.2024 16:01:20,16,NIE,,
j-2024,12,19.11.2024,19.11.2024 09:28:25,122,144,Świętokrzyskie,71,Medycyna rodzinna,2024/025553,Rezydencki,87.92,4.31,28.09.2024 09:01:27,16,NIE,,
j-2024,12,19.11.2024,19.11.2024 09:28:25,122,144,Świętokrzyskie,72,Medycyna rodzinna,2024/027223,Rezydencki,85.99,4.32,19.09.2024 22:20:51,16,NIE,,
j-2024,12,19.11.2024,19.11.2024 09:28:25,122,144,Świętokrzyskie,73,Medycyna rodzinna,2024/022288,Rezydencki,85.37,0.00,01.09.2024 09:28:23,16,NIE,,
j-2024,12,19.11.2024,19.11.2024 09:28:25,122,144,Świętokrzyskie,74,Medycyna rodzinna,2024/027959,Rezydencki,84.31,3.60,28.09.2024 16:27:46,16,NIE,,
j-2024,12,19.11.2024,19.11.2024 09:28:25,122,144,Świętokrzyskie,75,Medycyna rodzinna,2024/031935,Rezydencki,81.64,4.04,23.10.2024 13:22:41,16,NIE,,
j-2024,12,19.11.2024,19.11.2024 09:28:25,122,144,Świętokrzyskie,76,Medycyna rodzinna,2024/027491,Rezydencki,80.68,4.24,25.09.2024 12:17:49,16,NIE,,
j-2024,12,19.11.2024,19.11.2024 09:28:25,122,144,Świętokrzyskie,77,Medycyna rodzinna,2024/025405,Rezydencki,80.68,0.00,11.10.2024 13:59:22,16,NIE,,
j-2024,12,19.11.2024,19.11.2024 09:28:25,122,144,Świętokrzyskie,78,Medycyna rodzinna,2024/023896,Rezydencki,80.49,3.62,22.10.2024 14:35:04,16,NIE,,
j-2024,12,19.11.2024,19.11.2024 09:28:25,122,144,Świętokrzyskie,79,Medycyna rodzinna,2024/032288,Rezydencki,79.90,4.22,30.09.2024 20:31:44,16,NIE,,
j-2024,12,19.11.2024,19.11.2024 09:28:25,122,144,Świętokrzyskie,80,Medycyna rodzinna,2024/028784,Rezydencki,77.56,4.08,26.09.2024 21:52:14,16,NIE,,
j-2024,12,19.11.2024,19.11.2024 09:28:25,122,144,Świętokrzyskie,81,Medycyna rodzinna,2024/025110,Rezydencki,73.91,3.80,27.09.2024 14:03:54,16,NIE,,
j-2024,12,19.11.2024,19.11.2024 09:28:25,123,144,Świętokrzyskie,82,Medycyna rodzinna,2024/031062,Rezydencki,70.10,3.72,28.09.2024 16:01:05,16,NIE,,
j-2024,12,19.11.2024,19.11.2024 09:28:25,123,144,Świętokrzyskie,83,Medycyna rodzinna,2024/031704,Rezydencki,63.66,3.80,30.09.2024 21:56:54,16,NIE,,
j-2024,12,19.11.2024,19.11.2024 09:28:25,123,144,Świętokrzyskie,84,Medycyna rodzinna,2024/027677,Rezydencki,57.84,3.55,26.09.2024 15:49:37,16,NIE,,
j-2024,12,19.11.2024,19.11.2024 09:28:25,123,144,Świętokrzyskie,85,Medycyna rodzinna,2024/029440,Pozarezydencki,66.20,0.00,03.10.2024 15:34:12,4,NIE,,
j-2024,12,19.11.2024,19.11.2024 09:28:25,123,144,Świętokrzyskie,86,Medycyna rodzinna,2024/031989,Pozarezydencki,60.09,3.50,28.09.2024 14:18:48,4,NIE,,
j-2024,12,19.11.2024,19.11.2024 09:28:25,123,144,Świętokrzyskie,87,Medycyna rodzinna,2024/033193,Pozarezydencki,58.18,0.00,11.10.2024 11:05:58,4,NIE,,
j-2024,12,19.11.2024,19.11.2024 09:28:25,123,144,Świętokrzyskie,88,Medycyna rodzinna,2024/028794,Pozarezydencki,51.38,0.00,09.10.2024 10:11:08,4,NIE,,
j-2024,12,19.11.2024,19.11.2024 09:28:25,123,144,Świętokrzyskie,89,Nefrologia,2024/029211,Rezydencki,90.73,4.60,29.09.2024 21:54:23,3,NIE,,
j-2024,12,19.11.2024,19.11.2024 09:28:25,123,144,Świętokrzyskie,90,Nefrologia,2024/032005,Rezydencki,81.46,4.04,30.09.2024 21:37:21,3,NIE,,
j-2024,12,19.11.2024,19.11.2024 09:28:25,123,144,Świętokrzyskie,91,Nefrologia,2024/030271,Rezydencki,71.08,3.72,30.09.2024 17:54:51,3,NIE,,
j-2024,12,19.11.2024,19.11.2024 09:28:25,123,144,Świętokrzyskie,92,Neonatologia,2024/024603,Rezydencki,77.07,4.20,09.09.2024 11:01:20,1,NIE,,
j-2024,12,19.11.2024,19.11.2024 09:28:25,123,144,Świętokrzyskie,93,Neurologia,2024/030491,Rezydencki,91.67,4.66,10.10.2024 13:52:26,7,NIE,,
j-2024,12,19.11.2024,19.11.2024 09:28:25,123,144,Świętokrzyskie,94,Neurologia,2024/022209,Rezydencki,89.22,4.39,25.09.2024 22:28:00,7,NIE,,
j-2024,12,19.11.2024,19.11.2024 09:28:25,123,144,Świętokrzyskie,95,Neurologia,2024/026409,Rezydencki,85.78,4.24,30.09.2024 16:45:03,7,NIE,,
j-2024,12,19.11.2024,19.11.2024 09:28:25,123,144,Świętokrzyskie,96,Neurologia,2024/023135,Rezydencki,84.88,4.30,02.09.2024 18:47:01,7,NIE,,
j-2024,12,19.11.2024,19.11.2024 09:28:25,123,144,Świętokrzyskie,97,Neurologia,2024/025577,Rezydencki,84.54,4.29,29.09.2024 22:08:03,7,NIE,,
j-2024,12,19.11.2024,19.11.2024 09:28:25,123,144,Świętokrzyskie,98,Neurologia,2024/033264,Rezydencki,78.43,4.10,30.09.2024 15:55:18,7,NIE,,
j-2024,12,19.11.2024,19.11.2024 09:28:25,123,144,Świętokrzyskie,99,Neurologia,2024/023758,Rezydencki,73.17,4.10,09.10.2024 14:11:14,7,NIE,,
j-2024,12,19.11.2024,19.11.2024 09:28:25,123,144,Świętokrzyskie,100,Onkologia kliniczna,2024/032307,Rezydencki,81.37,4.02,29.09.2024 21:56:37,1,NIE,,
j-2024,12,19.11.2024,19.11.2024 09:28:25,123,144,Świętokrzyskie,101,Ortopedia i traumatologia narządu ruchu,2024/024036,Rezydencki,82.61,4.02,29.09.2024 20:52:06,7,NIE,,
j-2024,12,19.11.2024,19.11.2024 09:28:25,123,144,Świętokrzyskie,102,Ortopedia i traumatologia narządu ruchu,2024/022311,Rezydencki,82.61,3.40,21.09.2024 21:43:37,7,NIE,,
j-2024,12,19.11.2024,19.11.2024 09:28:25,123,144,Świętokrzyskie,103,Ortopedia i traumatologia narządu ruchu,2024/028332,Rezydencki,72.30,3.29,30.09.2024 16:56:09,7,NIE,,
j-2024,12,19.11.2024,19.11.2024 09:28:25,123,144,Świętokrzyskie,104,Ortopedia i traumatologia narządu ruchu,2024/026765,Rezydencki,67.32,3.34,28.09.2024 21:12:09,7,NIE,,
j-2024,12,19.11.2024,19.11.2024 09:28:25,123,144,Świętokrzyskie,105,Ortopedia i traumatologia narządu ruchu,2024/028938,Rezydencki,67.16,3.80,30.09.2024 21:36:12,7,NIE,,
j-2024,12,19.11.2024,19.11.2024 09:28:25,123,144,Świętokrzyskie,106,Ortopedia i traumatologia narządu ruchu,2024/029590,Rezydencki,64.71,3.73,29.09.2024 23:35:15,7,NIE,,
j-2024,12,19.11.2024,19.11.2024 09:28:25,123,144,Świętokrzyskie,107,Ortopedia i traumatologia narządu ruchu,2024/024269,Rezydencki,56.73,0.00,11.10.2024 13:51:19,7,NIE,,
j-2024,12,19.11.2024,19.11.2024 09:28:25,123,144,Świętokrzyskie,108,Otorynolaryngologia,2024/031791,Rezydencki,90.34,4.51,28.09.2024 13:25:45,2,NIE,,
j-2024,12,19.11.2024,19.11.2024 09:28:25,123,144,Świętokrzyskie,109,Otorynolaryngologia,2024/030142,Rezydencki,89.22,3.69,27.09.2024 09:30:26,2,NIE,,
j-2024,12,19.11.2024,19.11.2024 09:28:25,123,144,Świętokrzyskie,110,Otorynolaryngologia,2024/033998,Pozarezydencki,78.97,3.51,30.09.2024 21:11:05,1,NIE,,
j-2024,12,19.11.2024,19.11.2024 09:28:25,123,144,Świętokrzyskie,111,Patomorfologia,2024/026626,Rezydencki,85.02,3.91,30.09.2024 18:26:50,1,NIE,,
j-2024,12,19.11.2024,19.11.2024 09:28:25,123,144,Świętokrzyskie,112,Pediatria,2024/025311,Rezydencki,90.24,4.30,11.09.2024 18:36:44,5,NIE,,
j-2024,12,19.11.2024,19.11.2024 09:28:25,123,144,Świętokrzyskie,113,Pediatria,2024/029893,Rezydencki,89.37,4.25,25.09.2024 18:19:56,5,NIE,,
j-2024,12,19.11.2024,19.11.2024 09:28:25,123,144,Świętokrzyskie,114,Pediatria,2024/024415,Rezydencki,85.02,4.01,30.09.2024 21:06:13,5,NIE,,
j-2024,12,19.11.2024,19.11.2024 09:28:25,123,144,Świętokrzyskie,115,Pediatria,2024/031982,Rezydencki,85.02,3.97,30.09.2024 23:54:53,5,NIE,,
j-2024,12,19.11.2024,19.11.2024 09:28:25,123,144,Świętokrzyskie,116,Pediatria,2024/024246,Rezydencki,84.54,3.70,15.10.2024 10:01:04,5,NIE,,
j-2024,12,19.11.2024,19.11.2024 09:28:25,123,144,Świętokrzyskie,117,Położnictwo i ginekologia,2024/028283,Rezydencki,88.41,4.30,29.09.2024 19:42:04,10,NIE,,
j-2024,12,19.11.2024,19.11.2024 09:28:25,123,144,Świętokrzyskie,118,Położnictwo i ginekologia,2024/031667,Rezydencki,86.52,3.35,03.10.2024 09:33:21,10,NIE,,
j-2024,12,19.11.2024,19.11.2024 09:28:25,123,144,Świętokrzyskie,119,Położnictwo i ginekologia,2024/032682,Rezydencki,84.78,4.00,30.09.2024 16:12:37,10,NIE,,
j-2024,12,19.11.2024,19.11.2024 09:28:25,124,144,Świętokrzyskie,120,Położnictwo i ginekologia,2024/030563,Rezydencki,84.63,3.84,27.09.2024 19:58:41,10,NIE,,
j-2024,12,19.11.2024,19.11.2024 09:28:25,124,144,Świętokrzyskie,121,Położnictwo i ginekologia,2024/030982,Rezydencki,81.16,3.66,02.10.2024 11:12:43,10,NIE,,
j-2024,12,19.11.2024,19.11.2024 09:28:25,124,144,Świętokrzyskie,122,Położnictwo i ginekologia,2024/022730,Rezydencki,80.88,3.90,02.09.2024 20:49:32,10,NIE,,
j-2024,12,19.11.2024,19.11.2024 09:28:25,124,144,Świętokrzyskie,123,Położnictwo i ginekologia,2024/031990,Rezydencki,79.17,4.44,30.09.2024 19:12:57,10,NIE,,
j-2024,12,19.11.2024,19.11.2024 09:28:25,124,144,Świętokrzyskie,124,Położnictwo i ginekologia,2024/026113,Rezydencki,76.96,3.13,13.10.2024 13:39:48,10,NIE,,
j-2024,12,19.11.2024,19.11.2024 09:28:25,124,144,Świętokrzyskie,125,Położnictwo i ginekologia,2024/029646,Rezydencki,69.61,3.76,10.10.2024 08:29:31,10,NIE,,
j-2024,12,19.11.2024,19.11.2024 09:28:25,124,144,Świętokrzyskie,126,Położnictwo i ginekologia,2024/028785,Rezydencki,68.14,3.59,07.10.2024 13:54:21,10,NIE,,
j-2024,12,19.11.2024,19.11.2024 09:28:25,124,144,Świętokrzyskie,127,Psychiatria,2024/033290,Rezydencki,88.73,4.34,30.09.2024 14:01:35,15,NIE,,
j-2024,12,19.11.2024,19.11.2024 09:28:25,124,144,Świętokrzyskie,128,Psychiatria,2024/025333,Rezydencki,88.29,4.48,18.09.2024 11:21:44,15,NIE,,
j-2024,12,19.11.2024,19.11.2024 09:28:25,124,144,Świętokrzyskie,129,Psychiatria,2024/025510,Rezydencki,86.27,3.97,12.09.2024 12:27:22,15,NIE,,
j-2024,12,19.11.2024,19.11.2024 09:28:25,124,144,Świętokrzyskie,130,Psychiatria,2024/022234,Rezydencki,85.85,4.10,30.09.2024 14:39:36,15,NIE,,
j-2024,12,19.11.2024,19.11.2024 09:28:25,124,144,Świętokrzyskie,131,Psychiatria,2024/031250,Rezydencki,85.37,3.91,11.10.2024 16:43:55,15,NIE,,
j-2024,12,19.11.2024,19.11.2024 09:28:25,124,144,Świętokrzyskie,132,Psychiatria,2024/025301,Rezydencki,85.02,4.26,18.09.2024 20:01:21,15,NIE,,
j-2024,12,19.11.2024,19.11.2024 09:28:25,124,144,Świętokrzyskie,133,Psychiatria,2024/027295,Rezydencki,84.06,3.81,19.09.2024 13:45:03,15,NIE,,
j-2024,12,19.11.2024,19.11.2024 09:28:25,124,144,Świętokrzyskie,134,Psychiatria,2024/022449,Rezydencki,83.90,3.65,25.09.2024 19:50:34,15,NIE,,
j-2024,12,19.11.2024,19.11.2024 09:28:25,124,144,Świętokrzyskie,135,Psychiatria,2024/029684,Rezydencki,81.86,3.82,18.10.2024 14:25:49,15,NIE,,
j-2024,12,19.11.2024,19.11.2024 09:28:25,124,144,Świętokrzyskie,136,Psychiatria,2024/027846,Rezydencki,80.98,3.85,22.09.2024 10:00:54,15,NIE,,
j-2024,12,19.11.2024,19.11.2024 09:28:25,124,144,Świętokrzyskie,137,Psychiatria,2024/030487,Rezydencki,80.88,4.03,26.09.2024 17:43:52,15,NIE,,
j-2024,12,19.11.2024,19.11.2024 09:28:25,124,144,Świętokrzyskie,138,Psychiatria,2024/030239,Rezydencki,79.90,0.00,30.09.2024 18:32:22,15,NIE,,
j-2024,12,19.11.2024,19.11.2024 09:28:25,124,144,Świętokrzyskie,139,Psychiatria,2024/031241,Rezydencki,79.41,3.43,30.09.2024 20:32:00,15,NIE,,
j-2024,12,19.11.2024,19.11.2024 09:28:25,124,144,Świętokrzyskie,140,Psychiatria,2024/032064,Rezydencki,78.92,3.51,02.10.2024 23:46:43,15,NIE,,
j-2024,12,19.11.2024,19.11.2024 09:28:25,124,144,Świętokrzyskie,141,Psychiatria,2024/025863,Rezydencki,78.74,3.87,13.09.2024 23:25:31,15,NIE,,
j-2024,12,19.11.2024,19.11.2024 09:28:25,124,144,Świętokrzyskie,142,Radiologia i diagnostyka obrazowa,2024/030658,Rezydencki,90.34,4.36,26.09.2024 16:12:48,5,NIE,,
j-2024,12,19.11.2024,19.11.2024 09:28:25,124,144,Świętokrzyskie,143,Radiologia i diagnostyka obrazowa,2024/029115,Rezydencki,89.22,4.07,07.10.2024 13:44:16,5,NIE,,
j-2024,12,19.11.2024,19.11.2024 09:28:25,124,144,Świętokrzyskie,144,Radiologia i diagnostyka obrazowa,2024/022591,Rezydencki,88.78,4.31,07.10.2024 11:27:32,5,NIE,,
j-2024,12,19.11.2024,19.11.2024 09:28:25,124,144,Świętokrzyskie,145,Radiologia i diagnostyka obrazowa,2024/030001,Rezydencki,87.92,4.00,28.09.2024 19:39:32,5,NIE,,
j-2024,12,19.11.2024,19.11.2024 09:28:25,124,144,Świętokrzyskie,146,Radiologia i diagnostyka obrazowa,2024/031053,Rezydencki,87.92,3.86,29.09.2024 22:02:42,5,NIE,,
j-2024,12,19.11.2024,19.11.2024 09:28:25,124,144,Świętokrzyskie,147,Radiologia i diagnostyka obrazowa,2024/030470,Pozarezydencki,82.72,4.30,10.10.2024 23:49:47,7,NIE,,
j-2024,12,19.11.2024,19.11.2024 09:28:25,124,144,Świętokrzyskie,148,Radiologia i diagnostyka obrazowa,2024/022571,Pozarezydencki,82.03,4.18,03.10.2024 14:27:49,7,NIE,,
j-2024,12,19.11.2024,19.11.2024 09:28:25,124,144,Świętokrzyskie,149,Radiologia i diagnostyka obrazowa,2024/026830,Pozarezydencki,79.44,3.50,26.09.2024 14:31:27,7,NIE,,
j-2024,12,19.11.2024,19.11.2024 09:28:25,124,144,Świętokrzyskie,150,Radiologia i diagnostyka obrazowa,2024/029487,Pozarezydencki,79.21,4.76,30.09.2024 15:55:34,7,NIE,,
j-2024,12,19.11.2024,19.11.2024 09:28:25,124,144,Świętokrzyskie,151,Radiologia i diagnostyka obrazowa,2024/031403,Pozarezydencki,77.57,3.83,27.09.2024 13:13:48,7,NIE,,
j-2024,12,19.11.2024,19.11.2024 09:28:25,124,144,Świętokrzyskie,152,Radiologia i diagnostyka obrazowa,2024/031389,Pozarezydencki,76.74,3.54,30.09.2024 23:02:15,7,NIE,,
j-2024,12,19.11.2024,19.11.2024 09:28:25,124,144,Świętokrzyskie,153,Radiologia i diagnostyka obrazowa,2024/031845,Pozarezydencki,75.35,4.19,03.10.2024 20:02:01,7,NIE,,
j-2024,12,19.11.2024,19.11.2024 09:28:25,124,144,Świętokrzyskie,154,Radioterapia onkologiczna,2024/026462,Rezydencki,87.99,4.41,29.09.2024 12:22:17,2,NIE,,
j-2024,12,19.11.2024,19.11.2024 09:28:25,124,144,Świętokrzyskie,155,Radioterapia onkologiczna,2024/030375,Rezydencki,82.93,3.51,14.10.2024 13:02:14,2,NIE,,
j-2024,12,19.11.2024,19.11.2024 09:28:25,124,144,Świętokrzyskie,156,Rehabilitacja medyczna,2024/030429,Rezydencki,81.46,3.87,30.09.2024 14:56:01,1,NIE,,
j-2024,12,19.11.2024,19.11.2024 09:28:25,124,144,Świętokrzyskie,157,Reumatologia,2024/028676,Rezydencki,91.30,4.31,30.09.2024 12:04:36,3,NIE,,
j-2024,12,19.11.2024,19.11.2024 09:28:25,125,144,Świętokrzyskie,158,Reumatologia,2024/028440,Rezydencki,89.71,4.51,25.09.2024 11:01:50,3,NIE,,
j-2024,12,19.11.2024,19.11.2024 09:28:25,125,144,Świętokrzyskie,159,Reumatologia,2024/028631,Rezydencki,88.78,4.32,29.09.2024 14:42:29,3,NIE,,
j-2024,12,19.11.2024,19.11.2024 09:28:25,125,144,Świętokrzyskie,160,Urologia,2024/033198,Rezydencki,85.02,3.01,17.10.2024 16:10:55,2,NIE,,
j-2024,12,19.11.2024,19.11.2024 09:28:25,125,144,Świętokrzyskie,161,Urologia,2024/023736,Rezydencki,84.54,3.56,29.09.2024 18:41:36,2,NIE,,
j-2024,12,19.11.2024,19.11.2024 09:28:25,125,144,Warmińsko-mazurskie,1,Alergologia,2024/023277,Pozarezydencki,80.23,3.48,28.10.2024 11:21:14,1,NIE,,
j-2024,12,19.11.2024,19.11.2024 09:28:25,125,144,Warmińsko-mazurskie,2,Anestezjologia i intensywna terapia,2024/031930,Rezydencki,88.41,3.89,28.09.2024 11:42:43,14,NIE,,
j-2024,12,19.11.2024,19.11.2024 09:28:25,125,144,Warmińsko-mazurskie,3,Anestezjologia i intensywna terapia,2024/023523,Rezydencki,87.92,4.23,04.09.2024 19:29:39,14,NIE,,
j-2024,12,19.11.2024,19.11.2024 09:28:25,125,144,Warmińsko-mazurskie,4,Anestezjologia i intensywna terapia,2024/026708,Rezydencki,87.44,3.53,30.09.2024 15:48:07,14,NIE,,
j-2024,12,19.11.2024,19.11.2024 09:28:25,125,144,Warmińsko-mazurskie,5,Anestezjologia i intensywna terapia,2024/027869,Rezydencki,86.83,5.00,22.09.2024 11:21:05,14,NIE,,
j-2024,12,19.11.2024,19.11.2024 09:28:25,125,144,Warmińsko-mazurskie,6,Anestezjologia i intensywna terapia,2024/023006,Rezydencki,86.47,4.16,03.09.2024 17:25:03,14,NIE,,
j-2024,12,19.11.2024,19.11.2024 09:28:25,125,144,Warmińsko-mazurskie,7,Anestezjologia i intensywna terapia,2024/023057,Rezydencki,86.34,3.89,24.09.2024 20:43:56,14,NIE,,
j-2024,12,19.11.2024,19.11.2024 09:28:25,125,144,Warmińsko-mazurskie,8,Anestezjologia i intensywna terapia,2024/032491,Rezydencki,85.51,3.91,30.09.2024 16:45:15,14,NIE,,
j-2024,12,19.11.2024,19.11.2024 09:28:25,125,144,Warmińsko-mazurskie,9,Anestezjologia i intensywna terapia,2024/031929,Rezydencki,85.02,4.10,28.09.2024 11:42:43,14,NIE,,
j-2024,12,19.11.2024,19.11.2024 09:28:25,125,144,Warmińsko-mazurskie,10,Anestezjologia i intensywna terapia,2024/025164,Rezydencki,84.06,4.31,26.09.2024 17:54:05,14,NIE,,
j-2024,12,19.11.2024,19.11.2024 09:28:25,125,144,Warmińsko-mazurskie,11,Anestezjologia i intensywna terapia,2024/031148,Rezydencki,84.06,3.79,30.09.2024 16:55:26,14,NIE,,
j-2024,12,19.11.2024,19.11.2024 09:28:25,125,144,Warmińsko-mazurskie,12,Anestezjologia i intensywna terapia,2024/032038,Rezydencki,83.90,4.30,28.09.2024 16:11:41,14,NIE,,
j-2024,12,19.11.2024,19.11.2024 09:28:25,125,144,Warmińsko-mazurskie,13,Anestezjologia i intensywna terapia,2024/026697,Rezydencki,83.90,4.02,19.09.2024 20:24:52,14,NIE,,
j-2024,12,19.11.2024,19.11.2024 09:28:25,125,144,Warmińsko-mazurskie,14,Anestezjologia i intensywna terapia,2024/030288,Rezydencki,83.82,4.25,30.09.2024 13:55:14,14,NIE,,
j-2024,12,19.11.2024,19.11.2024 09:28:25,125,144,Warmińsko-mazurskie,15,Anestezjologia i intensywna terapia,2024/026829,Rezydencki,83.57,4.06,29.09.2024 22:38:44,14,NIE,,
j-2024,12,19.11.2024,19.11.2024 09:28:25,125,144,Warmińsko-mazurskie,16,Chirurgia dziecięca,2024/025339,Rezydencki,87.68,4.07,26.09.2024 12:41:15,1,NIE,,
j-2024,12,19.11.2024,19.11.2024 09:28:25,125,144,Warmińsko-mazurskie,17,Chirurgia naczyniowa,2024/029380,Rezydencki,82.61,3.34,30.09.2024 10:15:16,2,NIE,,
j-2024,12,19.11.2024,19.11.2024 09:28:25,125,144,Warmińsko-mazurskie,18,Chirurgia naczyniowa,2024/032392,Rezydencki,77.29,3.64,30.09.2024 16:44:49,2,NIE,,
j-2024,12,19.11.2024,19.11.2024 09:28:25,125,144,Warmińsko-mazurskie,19,Chirurgia ogólna,2024/034118,Rezydencki,88.89,3.90,30.09.2024 21:55:54,4,NIE,,
j-2024,12,19.11.2024,19.11.2024 09:28:25,125,144,Warmińsko-mazurskie,20,Chirurgia ogólna,2024/023804,Rezydencki,83.33,3.97,04.09.2024 20:06:34,4,NIE,,
j-2024,12,19.11.2024,19.11.2024 09:28:25,125,144,Warmińsko-mazurskie,21,Chirurgia ogólna,2024/032412,Rezydencki,83.09,4.57,30.09.2024 14:31:12,4,NIE,,
j-2024,12,19.11.2024,19.11.2024 09:28:25,125,144,Warmińsko-mazurskie,22,Chirurgia ogólna,2024/032509,Rezydencki,61.76,3.12,30.09.2024 20:03:59,4,NIE,,
j-2024,12,19.11.2024,19.11.2024 09:28:25,125,144,Warmińsko-mazurskie,23,Chirurgia stomatologiczna,2024/025865,Rezydencki,86.06,4.22,23.09.2024 22:49:07,3,NIE,,
j-2024,12,19.11.2024,19.11.2024 09:28:25,125,144,Warmińsko-mazurskie,24,Chirurgia stomatologiczna,2024/024240,Rezydencki,84.71,4.57,15.09.2024 22:55:00,3,NIE,,
j-2024,12,19.11.2024,19.11.2024 09:28:25,125,144,Warmińsko-mazurskie,25,Chirurgia stomatologiczna,2024/025668,Rezydencki,84.62,4.13,12.09.2024 23:18:27,3,NIE,,
j-2024,12,19.11.2024,19.11.2024 09:28:25,125,144,Warmińsko-mazurskie,26,Choroby płuc,2024/028967,Rezydencki,86.23,4.35,27.09.2024 12:12:45,2,NIE,,
j-2024,12,19.11.2024,19.11.2024 09:28:25,125,144,Warmińsko-mazurskie,27,Choroby płuc,2024/032129,Rezydencki,85.99,4.16,28.09.2024 18:50:46,2,NIE,,
j-2024,12,19.11.2024,19.11.2024 09:28:25,125,144,Warmińsko-mazurskie,28,Choroby płuc dzieci,2024/027882,Rezydencki,84.54,4.33,26.09.2024 10:22:19,1,NIE,,
j-2024,12,19.11.2024,19.11.2024 09:28:25,125,144,Warmińsko-mazurskie,29,Choroby płuc dzieci,2024/024468,Pozarezydencki,69.44,3.98,03.10.2024 20:55:23,1,NIE,,
j-2024,12,19.11.2024,19.11.2024 09:28:25,125,144,Warmińsko-mazurskie,30,Choroby wewnętrzne,2024/033417,Rezydencki,88.29,0.00,29.10.2024 13:42:57,5,NIE,,
j-2024,12,19.11.2024,19.11.2024 09:28:25,126,144,Warmińsko-mazurskie,31,Choroby wewnętrzne,2024/024238,Rezydencki,87.80,3.93,11.09.2024 18:33:41,5,NIE,,
j-2024,12,19.11.2024,19.11.2024 09:28:25,126,144,Warmińsko-mazurskie,32,Choroby wewnętrzne,2024/025158,Rezydencki,87.68,4.26,26.09.2024 12:03:32,5,NIE,,
j-2024,12,19.11.2024,19.11.2024 09:28:25,126,144,Warmińsko-mazurskie,33,Choroby wewnętrzne,2024/022788,Rezydencki,86.96,3.91,04.09.2024 19:53:10,5,NIE,,
j-2024,12,19.11.2024,19.11.2024 09:28:25,126,144,Warmińsko-mazurskie,34,Choroby wewnętrzne,2024/029688,Rezydencki,83.57,3.74,30.09.2024 12:32:25,5,NIE,,
j-2024,12,19.11.2024,19.11.2024 09:28:25,126,144,Warmińsko-mazurskie,35,Choroby zakaźne,2024/029317,Rezydencki,81.16,3.55,24.09.2024 21:41:18,3,NIE,,
j-2024,12,19.11.2024,19.11.2024 09:28:25,126,144,Warmińsko-mazurskie,36,Choroby zakaźne,2024/031619,Rezydencki,77.78,4.00,22.10.2024 11:19:16,3,NIE,,
j-2024,12,19.11.2024,19.11.2024 09:28:25,126,144,Warmińsko-mazurskie,37,Choroby zakaźne,2024/029330,Rezydencki,70.53,4.00,24.09.2024 21:56:38,3,NIE,,
j-2024,12,19.11.2024,19.11.2024 09:28:25,126,144,Warmińsko-mazurskie,38,Dermatologia i wenerologia,2024/027720,Rezydencki,92.20,4.31,21.09.2024 13:33:15,4,NIE,,
j-2024,12,19.11.2024,19.11.2024 09:28:25,126,144,Warmińsko-mazurskie,39,Dermatologia i wenerologia,2024/028760,Rezydencki,92.16,3.80,25.09.2024 19:49:19,4,NIE,,
j-2024,12,19.11.2024,19.11.2024 09:28:25,126,144,Warmińsko-mazurskie,40,Dermatologia i wenerologia,2024/029282,Rezydencki,91.95,4.58,30.09.2024 14:28:10,4,NIE,,
j-2024,12,19.11.2024,19.11.2024 09:28:25,126,144,Warmińsko-mazurskie,41,Dermatologia i wenerologia,2024/026622,Rezydencki,91.30,4.60,17.09.2024 13:17:05,4,NIE,,
j-2024,12,19.11.2024,19.11.2024 09:28:25,126,144,Warmińsko-mazurskie,42,Diabetologia,2024/029740,Rezydencki,87.32,4.21,28.09.2024 21:30:35,2,NIE,,
j-2024,12,19.11.2024,19.11.2024 09:28:25,126,144,Warmińsko-mazurskie,43,Diabetologia,2024/030109,Rezydencki,81.40,3.91,26.09.2024 16:58:33,2,NIE,,
j-2024,12,19.11.2024,19.11.2024 09:28:25,126,144,Warmińsko-mazurskie,44,Endokrynologia i diabetologia dziecięca,2024/029788,Rezydencki,88.89,4.43,30.09.2024 11:31:56,1,NIE,,
j-2024,12,19.11.2024,19.11.2024 09:28:25,126,144,Warmińsko-mazurskie,45,Gastroenterologia dziecięca,2024/032374,Rezydencki,82.35,4.04,30.09.2024 00:31:45,1,NIE,,
j-2024,12,19.11.2024,19.11.2024 09:28:25,126,144,Warmińsko-mazurskie,46,Gastroenterologia dziecięca,2024/026808,Pozarezydencki,66.06,3.48,23.10.2024 16:37:25,1,NIE,,
j-2024,12,19.11.2024,19.11.2024 09:28:25,126,144,Warmińsko-mazurskie,47,Hipertensjologia,2024/024405,Pozarezydencki,80.77,0.00,30.09.2024 18:43:13,1,NIE,,
j-2024,12,19.11.2024,19.11.2024 09:28:25,126,144,Warmińsko-mazurskie,48,Intensywna terapia,2024/026653,Pozarezydencki,76.42,3.68,17.09.2024 14:08:53,1,NIE,,
j-2024,12,19.11.2024,19.11.2024 09:28:25,126,144,Warmińsko-mazurskie,49,Kardiochirurgia,2024/029754,Rezydencki,69.57,0.00,25.09.2024 16:40:42,1,NIE,,
j-2024,12,19.11.2024,19.11.2024 09:28:25,126,144,Warmińsko-mazurskie,50,Kardiologia,2024/027612,Rezydencki,88.54,4.61,26.09.2024 18:45:32,6,NIE,,
j-2024,12,19.11.2024,19.11.2024 09:28:25,126,144,Warmińsko-mazurskie,51,Kardiologia,2024/028972,Rezydencki,82.35,3.76,27.09.2024 22:04:52,6,NIE,,
j-2024,12,19.11.2024,19.11.2024 09:28:25,126,144,Warmińsko-mazurskie,52,Kardiologia,2024/023068,Rezydencki,80.73,3.23,27.09.2024 16:02:04,6,NIE,,
j-2024,12,19.11.2024,19.11.2024 09:28:25,126,144,Warmińsko-mazurskie,53,Kardiologia,2024/032016,Rezydencki,77.29,3.79,16.10.2024 21:32:58,6,NIE,,
j-2024,12,19.11.2024,19.11.2024 09:28:25,126,144,Warmińsko-mazurskie,54,Kardiologia,2024/028107,Rezydencki,70.59,3.32,30.09.2024 22:51:28,6,NIE,,
j-2024,12,19.11.2024,19.11.2024 09:28:25,126,144,Warmińsko-mazurskie,55,Kardiologia,2024/026420,Rezydencki,65.70,3.94,30.09.2024 14:22:37,6,NIE,,
j-2024,12,19.11.2024,19.11.2024 09:28:25,126,144,Warmińsko-mazurskie,56,Kardiologia,2024/025354,Pozarezydencki,70.91,3.51,11.09.2024 20:28:46,1,NIE,,
j-2024,12,19.11.2024,19.11.2024 09:28:25,126,144,Warmińsko-mazurskie,57,Medycyna nuklearna,2024/024583,Rezydencki,78.74,3.60,25.09.2024 16:32:40,1,NIE,,
j-2024,12,19.11.2024,19.11.2024 09:28:25,126,144,Warmińsko-mazurskie,58,Medycyna paliatywna,2024/030603,Pozarezydencki,75.45,0.00,30.09.2024 11:59:32,1,NIE,,
j-2024,12,19.11.2024,19.11.2024 09:28:25,126,144,Warmińsko-mazurskie,59,Medycyna ratunkowa,2024/023500,Rezydencki,87.80,3.99,30.09.2024 21:18:34,1,NIE,,
j-2024,12,19.11.2024,19.11.2024 09:28:25,126,144,Warmińsko-mazurskie,60,Medycyna rodzinna,2024/030454,Rezydencki,89.27,4.47,26.09.2024 12:33:25,8,NIE,,
j-2024,12,19.11.2024,19.11.2024 09:28:25,126,144,Warmińsko-mazurskie,61,Medycyna rodzinna,2024/022570,Rezydencki,85.85,3.60,23.10.2024 09:31:20,8,NIE,,
j-2024,12,19.11.2024,19.11.2024 09:28:25,126,144,Warmińsko-mazurskie,62,Medycyna rodzinna,2024/024605,Rezydencki,84.31,4.03,30.09.2024 19:45:19,8,NIE,,
j-2024,12,19.11.2024,19.11.2024 09:28:25,126,144,Warmińsko-mazurskie,63,Medycyna rodzinna,2024/029375,Rezydencki,83.41,5.00,24.09.2024 23:14:41,8,NIE,,
j-2024,12,19.11.2024,19.11.2024 09:28:25,126,144,Warmińsko-mazurskie,64,Medycyna rodzinna,2024/031270,Rezydencki,83.09,4.04,30.09.2024 18:52:35,8,NIE,,
j-2024,12,19.11.2024,19.11.2024 09:28:25,126,144,Warmińsko-mazurskie,65,Medycyna rodzinna,2024/031286,Rezydencki,82.84,4.09,27.09.2024 09:39:08,8,NIE,,
j-2024,12,19.11.2024,19.11.2024 09:28:25,126,144,Warmińsko-mazurskie,66,Medycyna rodzinna,2024/031315,Rezydencki,82.13,3.26,20.10.2024 20:38:52,8,NIE,,
j-2024,12,19.11.2024,19.11.2024 09:28:25,126,144,Warmińsko-mazurskie,67,Medycyna rodzinna,2024/027069,Rezydencki,70.05,3.32,21.10.2024 13:54:52,8,NIE,,
j-2024,12,19.11.2024,19.11.2024 09:28:25,126,144,Warmińsko-mazurskie,68,Nefrologia dziecięca,2024/028022,Rezydencki,84.39,3.96,22.09.2024 18:07:10,2,NIE,,
j-2024,12,19.11.2024,19.11.2024 09:28:25,127,144,Warmińsko-mazurskie,69,Nefrologia dziecięca,2024/031397,Rezydencki,84.31,3.51,15.10.2024 12:58:15,2,NIE,,
j-2024,12,19.11.2024,19.11.2024 09:28:25,127,144,Warmińsko-mazurskie,70,Neonatologia,2024/025658,Rezydencki,86.47,4.39,12.09.2024 22:11:03,2,NIE,,
j-2024,12,19.11.2024,19.11.2024 09:28:25,127,144,Warmińsko-mazurskie,71,Neonatologia,2024/030918,Rezydencki,78.92,4.67,26.09.2024 19:40:48,2,NIE,,
j-2024,12,19.11.2024,19.11.2024 09:28:25,127,144,Warmińsko-mazurskie,72,Neonatologia,2024/027149,Pozarezydencki,70.91,3.51,14.10.2024 20:08:11,2,NIE,,
j-2024,12,19.11.2024,19.11.2024 09:28:25,127,144,Warmińsko-mazurskie,73,Neonatologia,2024/033295,Pozarezydencki,65.42,0.00,18.10.2024 13:45:25,2,NIE,,
j-2024,12,19.11.2024,19.11.2024 09:28:25,127,144,Warmińsko-mazurskie,74,Neurochirurgia,2024/024970,Rezydencki,87.01,3.79,29.09.2024 09:48:24,2,NIE,,
j-2024,12,19.11.2024,19.11.2024 09:28:25,127,144,Warmińsko-mazurskie,75,Neurochirurgia,2024/028599,Rezydencki,85.99,3.65,26.09.2024 20:35:17,2,NIE,,
j-2024,12,19.11.2024,19.11.2024 09:28:25,127,144,Warmińsko-mazurskie,76,Neurologia,2024/026824,Rezydencki,91.22,3.95,12.10.2024 11:14:27,5,NIE,,
j-2024,12,19.11.2024,19.11.2024 09:28:25,127,144,Warmińsko-mazurskie,77,Neurologia,2024/030765,Rezydencki,90.34,4.56,29.09.2024 11:17:49,5,NIE,,
j-2024,12,19.11.2024,19.11.2024 09:28:25,127,144,Warmińsko-mazurskie,78,Neurologia,2024/024780,Rezydencki,90.00,4.52,09.09.2024 18:19:04,5,NIE,,
j-2024,12,19.11.2024,19.11.2024 09:28:25,127,144,Warmińsko-mazurskie,79,Neurologia,2024/032528,Rezydencki,80.39,3.71,23.10.2024 12:52:06,5,NIE,,
j-2024,12,19.11.2024,19.11.2024 09:28:25,127,144,Warmińsko-mazurskie,80,Neurologia,2024/028560,Rezydencki,78.74,4.38,24.10.2024 11:08:56,5,NIE,,
j-2024,12,19.11.2024,19.11.2024 09:28:25,127,144,Warmińsko-mazurskie,81,Neurologia dziecięca,2024/032200,Rezydencki,65.69,3.37,29.09.2024 23:40:47,1,NIE,,
j-2024,12,19.11.2024,19.11.2024 09:28:25,127,144,Warmińsko-mazurskie,82,Neurologia dziecięca,2024/024467,Pozarezydencki,73.36,0.00,11.10.2024 18:22:27,1,NIE,,
j-2024,12,19.11.2024,19.11.2024 09:28:25,127,144,Warmińsko-mazurskie,83,Okulistyka,2024/024523,Rezydencki,90.58,4.09,09.09.2024 23:25:36,5,NIE,,
j-2024,12,19.11.2024,19.11.2024 09:28:25,127,144,Warmińsko-mazurskie,84,Okulistyka,2024/025674,Rezydencki,89.37,3.64,24.09.2024 15:11:30,5,NIE,,
j-2024,12,19.11.2024,19.11.2024 09:28:25,127,144,Warmińsko-mazurskie,85,Okulistyka,2024/029176,Rezydencki,88.73,4.28,30.09.2024 23:16:29,5,NIE,,
j-2024,12,19.11.2024,19.11.2024 09:28:25,127,144,Warmińsko-mazurskie,86,Okulistyka,2024/029020,Rezydencki,88.24,4.20,07.10.2024 10:36:48,5,NIE,,
j-2024,12,19.11.2024,19.11.2024 09:28:25,127,144,Warmińsko-mazurskie,87,Okulistyka,2024/031948,Rezydencki,86.76,4.75,21.10.2024 20:22:28,5,NIE,,
j-2024,12,19.11.2024,19.11.2024 09:28:25,127,144,Warmińsko-mazurskie,88,Okulistyka,2024/030379,Pozarezydencki,82.71,4.05,26.09.2024 11:00:31,2,NIE,,
j-2024,12,19.11.2024,19.11.2024 09:28:25,127,144,Warmińsko-mazurskie,89,Okulistyka,2024/032308,Pozarezydencki,82.49,3.65,30.10.2024 10:39:52,2,NIE,,
j-2024,12,19.11.2024,19.11.2024 09:28:25,127,144,Warmińsko-mazurskie,90,Onkologia kliniczna,2024/027121,Rezydencki,87.25,4.42,18.09.2024 19:49:34,1,NIE,,
j-2024,12,19.11.2024,19.11.2024 09:28:25,127,144,Warmińsko-mazurskie,91,Ortopedia i traumatologia narządu ruchu,2024/029925,Rezydencki,88.89,3.92,15.10.2024 20:08:45,10,NIE,,
j-2024,12,19.11.2024,19.11.2024 09:28:25,127,144,Warmińsko-mazurskie,92,Ortopedia i traumatologia narządu ruchu,2024/034216,Rezydencki,85.02,3.92,30.09.2024 23:03:04,10,NIE,,
j-2024,12,19.11.2024,19.11.2024 09:28:25,127,144,Warmińsko-mazurskie,93,Ortopedia i traumatologia narządu ruchu,2024/026346,Rezydencki,82.13,3.55,28.09.2024 14:52:35,10,NIE,,
j-2024,12,19.11.2024,19.11.2024 09:28:25,127,144,Warmińsko-mazurskie,94,Ortopedia i traumatologia narządu ruchu,2024/031969,Rezydencki,82.13,3.38,28.09.2024 13:30:40,10,NIE,,
j-2024,12,19.11.2024,19.11.2024 09:28:25,127,144,Warmińsko-mazurskie,95,Ortopedia i traumatologia narządu ruchu,2024/029880,Rezydencki,79.71,3.71,25.09.2024 18:14:03,10,NIE,,
j-2024,12,19.11.2024,19.11.2024 09:28:25,127,144,Warmińsko-mazurskie,96,Ortopedia i traumatologia narządu ruchu,2024/030648,Rezydencki,78.43,3.61,26.09.2024 16:06:34,10,NIE,,
j-2024,12,19.11.2024,19.11.2024 09:28:25,127,144,Warmińsko-mazurskie,97,Ortopedia i traumatologia narządu ruchu,2024/029169,Rezydencki,77.45,3.56,28.09.2024 12:41:12,10,NIE,,
j-2024,12,19.11.2024,19.11.2024 09:28:25,127,144,Warmińsko-mazurskie,98,Ortopedia i traumatologia narządu ruchu,2024/024754,Rezydencki,76.96,4.16,24.09.2024 22:46:58,10,NIE,,
j-2024,12,19.11.2024,19.11.2024 09:28:25,127,144,Warmińsko-mazurskie,99,Ortopedia i traumatologia narządu ruchu,2024/032057,Rezydencki,73.04,3.05,30.09.2024 22:13:13,10,NIE,,
j-2024,12,19.11.2024,19.11.2024 09:28:25,127,144,Warmińsko-mazurskie,100,Ortopedia i traumatologia narządu ruchu,2024/022400,Rezydencki,62.44,3.50,12.09.2024 20:39:39,10,NIE,,
j-2024,12,19.11.2024,19.11.2024 09:28:25,127,144,Warmińsko-mazurskie,101,Ortopedia i traumatologia narządu ruchu,2024/030796,Pozarezydencki,66.36,0.00,18.10.2024 14:16:03,1,NIE,,
j-2024,12,19.11.2024,19.11.2024 09:28:25,127,144,Warmińsko-mazurskie,102,Otorynolaryngologia,2024/031575,Rezydencki,88.29,4.29,29.09.2024 19:44:51,3,NIE,,
j-2024,12,19.11.2024,19.11.2024 09:28:25,127,144,Warmińsko-mazurskie,103,Otorynolaryngologia,2024/025033,Rezydencki,87.44,3.76,11.09.2024 12:18:48,3,NIE,,
j-2024,12,19.11.2024,19.11.2024 09:28:25,127,144,Warmińsko-mazurskie,104,Otorynolaryngologia,2024/029164,Rezydencki,85.51,0.00,15.10.2024 16:41:03,3,NIE,,
j-2024,12,19.11.2024,19.11.2024 09:28:25,127,144,Warmińsko-mazurskie,105,Otorynolaryngologia,2024/027666,Pozarezydencki,77.27,3.89,20.09.2024 22:05:24,1,NIE,,
j-2024,12,19.11.2024,19.11.2024 09:28:25,127,144,Warmińsko-mazurskie,106,Patomorfologia,2024/030955,Rezydencki,73.53,3.58,18.10.2024 16:22:21,1,NIE,,
j-2024,12,19.11.2024,19.11.2024 09:28:25,128,144,Warmińsko-mazurskie,107,Pediatria,2024/024491,Rezydencki,82.13,3.77,08.09.2024 19:12:53,5,NIE,,
j-2024,12,19.11.2024,19.11.2024 09:28:25,128,144,Warmińsko-mazurskie,108,Pediatria,2024/026121,Rezydencki,79.41,3.69,30.09.2024 17:29:00,5,NIE,,
j-2024,12,19.11.2024,19.11.2024 09:28:25,128,144,Warmińsko-mazurskie,109,Pediatria,2024/032065,Rezydencki,78.74,4.02,28.09.2024 16:42:16,5,NIE,,
j-2024,12,19.11.2024,19.11.2024 09:28:25,128,144,Warmińsko-mazurskie,110,Pediatria,2024/031790,Rezydencki,74.51,3.60,27.09.2024 22:05:52,5,NIE,,
j-2024,12,19.11.2024,19.11.2024 09:28:25,128,144,Warmińsko-mazurskie,111,Pediatria,2024/025278,Rezydencki,72.46,3.60,21.10.2024 10:23:58,5,NIE,,
j-2024,12,19.11.2024,19.11.2024 09:28:25,128,144,Warmińsko-mazurskie,112,Periodontologia,2024/026048,Rezydencki,84.06,4.31,29.09.2024 07:21:37,1,NIE,,
j-2024,12,19.11.2024,19.11.2024 09:28:25,128,144,Warmińsko-mazurskie,113,Położnictwo i ginekologia,2024/030361,Rezydencki,86.76,3.91,26.09.2024 10:37:42,8,NIE,,
j-2024,12,19.11.2024,19.11.2024 09:28:25,128,144,Warmińsko-mazurskie,114,Położnictwo i ginekologia,2024/023018,Rezydencki,85.99,3.80,10.10.2024 18:07:14,8,NIE,,
j-2024,12,19.11.2024,19.11.2024 09:28:25,128,144,Warmińsko-mazurskie,115,Położnictwo i ginekologia,2024/025095,Rezydencki,84.30,3.91,29.09.2024 20:37:54,8,NIE,,
j-2024,12,19.11.2024,19.11.2024 09:28:25,128,144,Warmińsko-mazurskie,116,Położnictwo i ginekologia,2024/027935,Rezydencki,81.16,3.89,25.09.2024 16:47:51,8,NIE,,
j-2024,12,19.11.2024,19.11.2024 09:28:25,128,144,Warmińsko-mazurskie,117,Położnictwo i ginekologia,2024/023911,Rezydencki,80.68,3.78,05.09.2024 12:22:51,8,NIE,,
j-2024,12,19.11.2024,19.11.2024 09:28:25,128,144,Warmińsko-mazurskie,118,Położnictwo i ginekologia,2024/023676,Rezydencki,79.90,3.69,09.09.2024 09:46:08,8,NIE,,
j-2024,12,19.11.2024,19.11.2024 09:28:25,128,144,Warmińsko-mazurskie,119,Położnictwo i ginekologia,2024/032666,Rezydencki,76.33,4.50,29.09.2024 18:51:17,8,NIE,,
j-2024,12,19.11.2024,19.11.2024 09:28:25,128,144,Warmińsko-mazurskie,120,Położnictwo i ginekologia,2024/033394,Rezydencki,60.39,3.94,30.09.2024 12:01:33,8,NIE,,
j-2024,12,19.11.2024,19.11.2024 09:28:25,128,144,Warmińsko-mazurskie,121,Psychiatria,2024/027346,Rezydencki,87.80,3.97,19.09.2024 16:46:22,16,NIE,,
j-2024,12,19.11.2024,19.11.2024 09:28:25,128,144,Warmińsko-mazurskie,122,Psychiatria,2024/025297,Rezydencki,86.96,4.31,29.09.2024 19:52:40,16,NIE,,
j-2024,12,19.11.2024,19.11.2024 09:28:25,128,144,Warmińsko-mazurskie,123,Psychiatria,2024/025568,Rezydencki,86.96,4.08,12.09.2024 16:26:55,16,NIE,,
j-2024,12,19.11.2024,19.11.2024 09:28:25,128,144,Warmińsko-mazurskie,124,Psychiatria,2024/023487,Rezydencki,86.76,3.89,26.09.2024 12:05:35,16,NIE,,
j-2024,12,19.11.2024,19.11.2024 09:28:25,128,144,Warmińsko-mazurskie,125,Psychiatria,2024/024867,Rezydencki,84.56,3.89,27.09.2024 15:03:11,16,NIE,,
j-2024,12,19.11.2024,19.11.2024 09:28:25,128,144,Warmińsko-mazurskie,126,Psychiatria,2024/029667,Rezydencki,84.31,4.39,28.09.2024 15:57:30,16,NIE,,
j-2024,12,19.11.2024,19.11.2024 09:28:25,128,144,Warmińsko-mazurskie,127,Psychiatria,2024/022784,Rezydencki,84.06,4.16,30.09.2024 19:24:58,16,NIE,,
j-2024,12,19.11.2024,19.11.2024 09:28:25,128,144,Warmińsko-mazurskie,128,Psychiatria,2024/028309,Rezydencki,83.57,3.69,27.09.2024 20:23:00,16,NIE,,
j-2024,12,19.11.2024,19.11.2024 09:28:25,128,144,Warmińsko-mazurskie,129,Psychiatria,2024/032285,Rezydencki,83.09,3.49,30.09.2024 23:46:40,16,NIE,,
j-2024,12,19.11.2024,19.11.2024 09:28:25,128,144,Warmińsko-mazurskie,130,Psychiatria,2024/030785,Rezydencki,81.86,4.06,30.09.2024 21:35:47,16,NIE,,
j-2024,12,19.11.2024,19.11.2024 09:28:25,128,144,Warmińsko-mazurskie,131,Psychiatria,2024/032001,Rezydencki,81.86,3.36,30.09.2024 13:48:35,16,NIE,,
j-2024,12,19.11.2024,19.11.2024 09:28:25,128,144,Warmińsko-mazurskie,132,Psychiatria,2024/023292,Rezydencki,81.64,3.50,29.09.2024 10:41:20,16,NIE,,
j-2024,12,19.11.2024,19.11.2024 09:28:25,128,144,Warmińsko-mazurskie,133,Psychiatria,2024/030952,Rezydencki,81.37,3.63,30.09.2024 13:09:04,16,NIE,,
j-2024,12,19.11.2024,19.11.2024 09:28:25,128,144,Warmińsko-mazurskie,134,Psychiatria,2024/025917,Rezydencki,80.68,3.49,30.09.2024 09:24:52,16,NIE,,
j-2024,12,19.11.2024,19.11.2024 09:28:25,128,144,Warmińsko-mazurskie,135,Psychiatria,2024/031926,Rezydencki,79.90,4.34,29.09.2024 09:12:52,16,NIE,,
j-2024,12,19.11.2024,19.11.2024 09:28:25,128,144,Warmińsko-mazurskie,136,Psychiatria,2024/022324,Rezydencki,79.51,3.95,01.09.2024 11:05:40,16,NIE,,
j-2024,12,19.11.2024,19.11.2024 09:28:25,128,144,Warmińsko-mazurskie,137,Psychiatria,2024/031043,Pozarezydencki,71.50,3.06,26.09.2024 21:06:39,2,NIE,,
j-2024,12,19.11.2024,19.11.2024 09:28:25,128,144,Warmińsko-mazurskie,138,Psychiatria,2024/033765,Pozarezydencki,59.91,3.36,30.09.2024 19:19:19,2,NIE,,
j-2024,12,19.11.2024,19.11.2024 09:28:25,128,144,Warmińsko-mazurskie,139,Radiologia i diagnostyka obrazowa,2024/023990,Rezydencki,89.71,4.63,30.09.2024 12:33:28,9,NIE,,
j-2024,12,19.11.2024,19.11.2024 09:28:25,128,144,Warmińsko-mazurskie,140,Radiologia i diagnostyka obrazowa,2024/033496,Rezydencki,88.29,4.00,30.09.2024 21:36:18,9,NIE,,
j-2024,12,19.11.2024,19.11.2024 09:28:25,128,144,Warmińsko-mazurskie,141,Radiologia i diagnostyka obrazowa,2024/030223,Rezydencki,87.80,4.07,30.09.2024 17:13:59,9,NIE,,
j-2024,12,19.11.2024,19.11.2024 09:28:25,128,144,Warmińsko-mazurskie,142,Radiologia i diagnostyka obrazowa,2024/033230,Rezydencki,87.50,3.31,30.09.2024 19:30:19,9,NIE,,
j-2024,12,19.11.2024,19.11.2024 09:28:25,128,144,Warmińsko-mazurskie,143,Radiologia i diagnostyka obrazowa,2024/028829,Rezydencki,86.23,4.31,25.09.2024 23:31:37,9,NIE,,
j-2024,12,19.11.2024,19.11.2024 09:28:25,128,144,Warmińsko-mazurskie,144,Radiologia i diagnostyka obrazowa,2024/033991,Rezydencki,85.78,3.87,30.09.2024 20:57:41,9,NIE,,
j-2024,12,19.11.2024,19.11.2024 09:28:25,129,144,Warmińsko-mazurskie,145,Radiologia i diagnostyka obrazowa,2024/025027,Rezydencki,85.78,3.68,10.09.2024 18:16:23,9,NIE,,
j-2024,12,19.11.2024,19.11.2024 09:28:25,129,144,Warmińsko-mazurskie,146,Radiologia i diagnostyka obrazowa,2024/027232,Rezydencki,85.29,4.33,26.09.2024 16:15:17,9,NIE,,
j-2024,12,19.11.2024,19.11.2024 09:28:25,129,144,Warmińsko-mazurskie,147,Radiologia i diagnostyka obrazowa,2024/024255,Rezydencki,85.27,3.86,06.09.2024 22:48:27,9,NIE,,
j-2024,12,19.11.2024,19.11.2024 09:28:25,129,144,Warmińsko-mazurskie,148,Rehabilitacja medyczna,2024/033795,Rezydencki,73.04,4.67,30.09.2024 18:46:34,1,NIE,,
j-2024,12,19.11.2024,19.11.2024 09:28:25,129,144,Warmińsko-mazurskie,149,Rehabilitacja medyczna,2024/028159,Pozarezydencki,75.45,3.33,31.10.2024 12:05:17,3,NIE,,
j-2024,12,19.11.2024,19.11.2024 09:28:25,129,144,Warmińsko-mazurskie,150,Rehabilitacja medyczna,2024/026036,Pozarezydencki,75.45,0.00,15.09.2024 12:54:04,3,NIE,,
j-2024,12,19.11.2024,19.11.2024 09:28:25,129,144,Warmińsko-mazurskie,151,Rehabilitacja medyczna,2024/028798,Pozarezydencki,70.91,2.81,31.10.2024 11:14:04,3,NIE,,
j-2024,12,19.11.2024,19.11.2024 09:28:25,129,144,Warmińsko-mazurskie,152,Reumatologia,2024/026822,Rezydencki,89.37,4.28,23.09.2024 22:41:38,4,NIE,,
j-2024,12,19.11.2024,19.11.2024 09:28:25,129,144,Warmińsko-mazurskie,153,Reumatologia,2024/030866,Rezydencki,89.37,4.13,30.09.2024 20:04:42,4,NIE,,
j-2024,12,19.11.2024,19.11.2024 09:28:25,129,144,Warmińsko-mazurskie,154,Reumatologia,2024/029983,Rezydencki,88.89,4.34,18.10.2024 18:37:17,4,NIE,,
j-2024,12,19.11.2024,19.11.2024 09:28:25,129,144,Warmińsko-mazurskie,155,Reumatologia,2024/023983,Rezydencki,88.73,4.12,30.09.2024 12:20:39,4,NIE,,
j-2024,12,19.11.2024,19.11.2024 09:28:25,129,144,Warmińsko-mazurskie,156,Urologia,2024/027467,Rezydencki,86.96,3.91,29.09.2024 11:11:18,2,NIE,,
j-2024,12,19.11.2024,19.11.2024 09:28:25,129,144,Warmińsko-mazurskie,157,Urologia,2024/030900,Rezydencki,86.23,4.06,27.09.2024 09:13:31,2,NIE,,
j-2024,12,19.11.2024,19.11.2024 09:28:25,129,144,Wielkopolskie,1,Anestezjologia i intensywna terapia,2024/029862,Rezydencki,92.16,4.69,25.09.2024 17:56:15,10,NIE,,
j-2024,12,19.11.2024,19.11.2024 09:28:25,129,144,Wielkopolskie,2,Anestezjologia i intensywna terapia,2024/030664,Rezydencki,88.41,3.64,26.09.2024 16:19:13,10,NIE,,
j-2024,12,19.11.2024,19.11.2024 09:28:25,129,144,Wielkopolskie,3,Anestezjologia i intensywna terapia,2024/028802,Rezydencki,88.29,4.45,27.09.2024 20:28:58,10,NIE,,
j-2024,12,19.11.2024,19.11.2024 09:28:25,129,144,Wielkopolskie,4,Anestezjologia i intensywna terapia,2024/027584,Rezydencki,88.29,3.86,20.09.2024 15:11:27,10,NIE,,
j-2024,12,19.11.2024,19.11.2024 09:28:25,129,144,Wielkopolskie,5,Anestezjologia i intensywna terapia,2024/029987,Rezydencki,88.24,4.50,29.09.2024 22:49:17,10,NIE,,
j-2024,12,19.11.2024,19.11.2024 09:28:25,129,144,Wielkopolskie,6,Anestezjologia i intensywna terapia,2024/022295,Rezydencki,86.96,3.66,16.09.2024 20:01:44,10,NIE,,
j-2024,12,19.11.2024,19.11.2024 09:28:25,129,144,Wielkopolskie,7,Anestezjologia i intensywna terapia,2024/022206,Rezydencki,86.47,4.00,01.09.2024 00:46:47,10,NIE,,
j-2024,12,19.11.2024,19.11.2024 09:28:25,129,144,Wielkopolskie,8,Anestezjologia i intensywna terapia,2024/025778,Rezydencki,86.23,3.93,30.09.2024 14:39:52,10,NIE,,
j-2024,12,19.11.2024,19.11.2024 09:28:25,129,144,Wielkopolskie,9,Anestezjologia i intensywna terapia,2024/024320,Rezydencki,85.51,4.40,11.09.2024 18:43:19,10,NIE,,
j-2024,12,19.11.2024,19.11.2024 09:28:25,129,144,Wielkopolskie,10,Anestezjologia i intensywna terapia,2024/032185,Rezydencki,85.51,3.95,29.09.2024 17:05:21,10,NIE,,
j-2024,12,19.11.2024,19.11.2024 09:28:25,129,144,Wielkopolskie,11,Angiologia,2024/023192,Pozarezydencki,66.36,0.00,02.09.2024 21:12:10,1,NIE,,
j-2024,12,19.11.2024,19.11.2024 09:28:25,129,144,Wielkopolskie,12,Audiologia i foniatria,2024/032293,Rezydencki,68.78,3.03,29.09.2024 00:41:06,1,NIE,,
j-2024,12,19.11.2024,19.11.2024 09:28:25,129,144,Wielkopolskie,13,Audiologia i foniatria,2024/032111,Pozarezydencki,91.36,4.16,23.10.2024 17:55:13,2,NIE,,
j-2024,12,19.11.2024,19.11.2024 09:28:25,129,144,Wielkopolskie,14,Audiologia i foniatria,2024/023370,Pozarezydencki,84.55,4.58,28.09.2024 23:02:07,2,NIE,,
j-2024,12,19.11.2024,19.11.2024 09:28:25,129,144,Wielkopolskie,15,Chirurgia dziecięca,2024/022396,Rezydencki,90.34,4.32,01.09.2024 12:09:17,3,NIE,,
j-2024,12,19.11.2024,19.11.2024 09:28:25,129,144,Wielkopolskie,16,Chirurgia dziecięca,2024/023810,Rezydencki,87.75,3.75,04.09.2024 20:51:20,3,NIE,,
j-2024,12,19.11.2024,19.11.2024 09:28:25,129,144,Wielkopolskie,17,Chirurgia dziecięca,2024/024196,Rezydencki,85.02,4.19,10.09.2024 20:59:10,3,NIE,,
j-2024,12,19.11.2024,19.11.2024 09:28:25,129,144,Wielkopolskie,18,Chirurgia dziecięca,2024/027906,Pozarezydencki,83.64,4.18,22.09.2024 13:27:13,2,NIE,,
j-2024,12,19.11.2024,19.11.2024 09:28:25,129,144,Wielkopolskie,19,Chirurgia dziecięca,2024/033276,Pozarezydencki,78.55,2.67,30.09.2024 21:33:01,2,NIE,,
j-2024,12,19.11.2024,19.11.2024 09:28:25,129,144,Wielkopolskie,20,Chirurgia klatki piersiowej,2024/024450,Rezydencki,85.78,4.44,05.10.2024 02:47:51,1,NIE,,
j-2024,12,19.11.2024,19.11.2024 09:28:25,129,144,Wielkopolskie,21,Chirurgia ogólna,2024/032704,Rezydencki,88.41,4.03,13.10.2024 17:52:21,15,NIE,,
j-2024,12,19.11.2024,19.11.2024 09:28:25,130,144,Wielkopolskie,22,Chirurgia ogólna,2024/026448,Rezydencki,86.96,3.95,28.09.2024 14:13:46,15,NIE,,
j-2024,12,19.11.2024,19.11.2024 09:28:25,130,144,Wielkopolskie,23,Chirurgia ogólna,2024/033269,Rezydencki,85.51,4.25,30.09.2024 10:13:35,15,NIE,,
j-2024,12,19.11.2024,19.11.2024 09:28:25,130,144,Wielkopolskie,24,Chirurgia ogólna,2024/028386,Rezydencki,84.39,3.90,23.09.2024 12:50:30,15,NIE,,
j-2024,12,19.11.2024,19.11.2024 09:28:25,130,144,Wielkopolskie,25,Chirurgia ogólna,2024/031498,Rezydencki,84.07,3.61,30.09.2024 16:46:48,15,NIE,,
j-2024,12,19.11.2024,19.11.2024 09:28:25,130,144,Wielkopolskie,26,Chirurgia ogólna,2024/029215,Rezydencki,82.85,4.14,26.09.2024 19:00:11,15,NIE,,
j-2024,12,19.11.2024,19.11.2024 09:28:25,130,144,Wielkopolskie,27,Chirurgia ogólna,2024/024082,Rezydencki,82.84,3.98,30.09.2024 22:00:44,15,NIE,,
j-2024,12,19.11.2024,19.11.2024 09:28:25,130,144,Wielkopolskie,28,Chirurgia ogólna,2024/030720,Rezydencki,81.64,3.80,28.09.2024 17:03:28,15,NIE,,
j-2024,12,19.11.2024,19.11.2024 09:28:25,130,144,Wielkopolskie,29,Chirurgia ogólna,2024/025856,Rezydencki,80.88,3.84,27.09.2024 15:34:06,15,NIE,,
j-2024,12,19.11.2024,19.11.2024 09:28:25,130,144,Wielkopolskie,30,Chirurgia ogólna,2024/033868,Rezydencki,78.74,3.50,30.09.2024 19:48:04,15,NIE,,
j-2024,12,19.11.2024,19.11.2024 09:28:25,130,144,Wielkopolskie,31,Chirurgia ogólna,2024/023585,Rezydencki,78.43,3.65,04.09.2024 00:16:28,15,NIE,,
j-2024,12,19.11.2024,19.11.2024 09:28:25,130,144,Wielkopolskie,32,Chirurgia ogólna,2024/033142,Rezydencki,71.71,0.00,30.09.2024 20:21:43,15,NIE,,
j-2024,12,19.11.2024,19.11.2024 09:28:25,130,144,Wielkopolskie,33,Chirurgia ogólna,2024/028056,Rezydencki,71.08,3.18,30.09.2024 22:29:28,15,NIE,,
j-2024,12,19.11.2024,19.11.2024 09:28:25,130,144,Wielkopolskie,34,Chirurgia ogólna,2024/033051,Rezydencki,70.59,3.19,30.09.2024 01:18:55,15,NIE,,
j-2024,12,19.11.2024,19.11.2024 09:28:25,130,144,Wielkopolskie,35,Chirurgia ogólna,2024/030056,Rezydencki,69.76,3.38,11.10.2024 17:54:33,15,NIE,,
j-2024,12,19.11.2024,19.11.2024 09:28:25,130,144,Wielkopolskie,36,Chirurgia onkologiczna,2024/032296,Rezydencki,88.05,3.91,29.09.2024 00:58:59,2,NIE,,
j-2024,12,19.11.2024,19.11.2024 09:28:25,130,144,Wielkopolskie,37,Chirurgia onkologiczna,2024/032756,Rezydencki,86.47,3.43,29.09.2024 21:17:35,2,NIE,,
j-2024,12,19.11.2024,19.11.2024 09:28:25,130,144,Wielkopolskie,38,Chirurgia onkologiczna,2024/028137,Pozarezydencki,68.20,4.16,22.09.2024 21:13:52,1,NIE,,
j-2024,12,19.11.2024,19.11.2024 09:28:25,130,144,Wielkopolskie,39,Chirurgia szczękowo-twarzowa,2024/022298,Rezydencki,87.02,3.83,07.09.2024 11:32:33,3,NIE,,
j-2024,12,19.11.2024,19.11.2024 09:28:25,130,144,Wielkopolskie,40,Chirurgia szczękowo-twarzowa,2024/024585,Rezydencki,86.06,0.00,04.10.2024 13:51:11,3,NIE,,
j-2024,12,19.11.2024,19.11.2024 09:28:25,130,144,Wielkopolskie,41,Chirurgia szczękowo-twarzowa,2024/027370,Rezydencki,85.10,4.12,19.09.2024 19:24:13,3,NIE,,
j-2024,12,19.11.2024,19.11.2024 09:28:25,130,144,Wielkopolskie,42,Choroby płuc,2024/024988,Rezydencki,90.00,4.23,28.09.2024 11:56:11,4,NIE,,
j-2024,12,19.11.2024,19.11.2024 09:28:25,130,144,Wielkopolskie,43,Choroby płuc,2024/025826,Rezydencki,88.29,4.61,29.09.2024 16:50:05,4,NIE,,
j-2024,12,19.11.2024,19.11.2024 09:28:25,130,144,Wielkopolskie,44,Choroby płuc,2024/027528,Rezydencki,86.47,3.69,20.09.2024 11:19:19,4,NIE,,
j-2024,12,19.11.2024,19.11.2024 09:28:25,130,144,Wielkopolskie,45,Choroby płuc,2024/028637,Rezydencki,86.23,3.77,29.09.2024 22:26:29,4,NIE,,
j-2024,12,19.11.2024,19.11.2024 09:28:25,130,144,Wielkopolskie,46,Choroby płuc,2024/025666,Pozarezydencki,84.55,4.58,06.10.2024 19:56:11,4,NIE,,
j-2024,12,19.11.2024,19.11.2024 09:28:25,130,144,Wielkopolskie,47,Choroby płuc,2024/025091,Pozarezydencki,82.24,4.65,06.10.2024 21:55:10,4,NIE,,
j-2024,12,19.11.2024,19.11.2024 09:28:25,130,144,Wielkopolskie,48,Choroby płuc,2024/025491,Pozarezydencki,80.00,4.13,27.09.2024 22:45:29,4,NIE,,
j-2024,12,19.11.2024,19.11.2024 09:28:25,130,144,Wielkopolskie,49,Choroby płuc,2024/022781,Pozarezydencki,72.02,4.69,30.09.2024 22:53:13,4,NIE,,
j-2024,12,19.11.2024,19.11.2024 09:28:25,130,144,Wielkopolskie,50,Choroby płuc dzieci,2024/023668,Pozarezydencki,85.88,4.71,11.10.2024 13:21:06,1,NIE,,
j-2024,12,19.11.2024,19.11.2024 09:28:25,130,144,Wielkopolskie,51,Choroby wewnętrzne,2024/027719,Rezydencki,89.76,4.20,28.09.2024 19:00:15,23,NIE,,
j-2024,12,19.11.2024,19.11.2024 09:28:25,130,144,Wielkopolskie,52,Choroby wewnętrzne,2024/030886,Rezydencki,89.61,4.20,30.09.2024 17:11:35,23,NIE,,
j-2024,12,19.11.2024,19.11.2024 09:28:25,130,144,Wielkopolskie,53,Choroby wewnętrzne,2024/022687,Rezydencki,89.22,4.61,04.09.2024 17:32:19,23,NIE,,
j-2024,12,19.11.2024,19.11.2024 09:28:25,130,144,Wielkopolskie,54,Choroby wewnętrzne,2024/031747,Rezydencki,88.24,4.63,27.09.2024 20:30:54,23,NIE,,
j-2024,12,19.11.2024,19.11.2024 09:28:25,130,144,Wielkopolskie,55,Choroby wewnętrzne,2024/028552,Rezydencki,88.24,4.33,23.09.2024 16:59:30,23,NIE,,
j-2024,12,19.11.2024,19.11.2024 09:28:25,130,144,Wielkopolskie,56,Choroby wewnętrzne,2024/022546,Rezydencki,87.75,3.90,23.09.2024 17:59:14,23,NIE,,
j-2024,12,19.11.2024,19.11.2024 09:28:25,130,144,Wielkopolskie,57,Choroby wewnętrzne,2024/033994,Rezydencki,87.44,3.53,30.09.2024 20:55:25,23,NIE,,
j-2024,12,19.11.2024,19.11.2024 09:28:25,130,144,Wielkopolskie,58,Choroby wewnętrzne,2024/023684,Rezydencki,86.96,3.88,25.09.2024 18:12:34,23,NIE,,
j-2024,12,19.11.2024,19.11.2024 09:28:25,130,144,Wielkopolskie,59,Choroby wewnętrzne,2024/024107,Rezydencki,86.47,3.74,10.09.2024 14:37:42,23,NIE,,
j-2024,12,19.11.2024,19.11.2024 09:28:25,131,144,Wielkopolskie,60,Choroby wewnętrzne,2024/028664,Rezydencki,85.99,4.15,26.09.2024 23:56:00,23,NIE,,
j-2024,12,19.11.2024,19.11.2024 09:28:25,131,144,Wielkopolskie,61,Choroby wewnętrzne,2024/032650,Rezydencki,85.99,4.02,29.09.2024 18:51:40,23,NIE,,
j-2024,12,19.11.2024,19.11.2024 09:28:25,131,144,Wielkopolskie,62,Choroby wewnętrzne,2024/030710,Rezydencki,85.85,4.18,30.09.2024 18:30:24,23,NIE,,
j-2024,12,19.11.2024,19.11.2024 09:28:25,131,144,Wielkopolskie,63,Choroby wewnętrzne,2024/032434,Rezydencki,85.75,4.16,30.09.2024 19:02:16,23,NIE,,
j-2024,12,19.11.2024,19.11.2024 09:28:25,131,144,Wielkopolskie,64,Choroby wewnętrzne,2024/027293,Rezydencki,85.27,3.61,25.09.2024 19:14:24,23,NIE,,
j-2024,12,19.11.2024,19.11.2024 09:28:25,131,144,Wielkopolskie,65,Choroby wewnętrzne,2024/031472,Rezydencki,83.82,4.17,27.09.2024 14:18:02,23,NIE,,
j-2024,12,19.11.2024,19.11.2024 09:28:25,131,144,Wielkopolskie,66,Choroby wewnętrzne,2024/032813,Rezydencki,83.82,3.63,30.09.2024 20:25:24,23,NIE,,
j-2024,12,19.11.2024,19.11.2024 09:28:25,131,144,Wielkopolskie,67,Choroby wewnętrzne,2024/027306,Rezydencki,81.16,3.83,26.09.2024 16:07:52,23,NIE,,
j-2024,12,19.11.2024,19.11.2024 09:28:25,131,144,Wielkopolskie,68,Choroby wewnętrzne,2024/028191,Rezydencki,79.02,4.17,22.09.2024 22:37:54,23,NIE,,
j-2024,12,19.11.2024,19.11.2024 09:28:25,131,144,Wielkopolskie,69,Choroby wewnętrzne,2024/028582,Rezydencki,76.33,4.00,28.09.2024 22:23:24,23,NIE,,
j-2024,12,19.11.2024,19.11.2024 09:28:25,131,144,Wielkopolskie,70,Choroby wewnętrzne,2024/030051,Rezydencki,73.91,3.94,25.09.2024 20:37:30,23,NIE,,
j-2024,12,19.11.2024,19.11.2024 09:28:25,131,144,Wielkopolskie,71,Choroby wewnętrzne,2024/023489,Rezydencki,71.50,3.14,03.09.2024 19:21:50,23,NIE,,
j-2024,12,19.11.2024,19.11.2024 09:28:25,131,144,Wielkopolskie,72,Choroby wewnętrzne,2024/032143,Rezydencki,71.50,3.07,28.09.2024 19:17:50,23,NIE,,
j-2024,12,19.11.2024,19.11.2024 09:28:25,131,144,Wielkopolskie,73,Choroby wewnętrzne,2024/027591,Rezydencki,60.87,3.44,25.09.2024 21:09:37,23,NIE,,
j-2024,12,19.11.2024,19.11.2024 09:28:25,131,144,Wielkopolskie,74,Choroby zakaźne,2024/023520,Rezydencki,82.61,3.84,29.09.2024 19:46:51,1,NIE,,
j-2024,12,19.11.2024,19.11.2024 09:28:25,131,144,Wielkopolskie,75,Choroby zakaźne,2024/033233,Pozarezydencki,75.45,0.00,22.10.2024 14:23:21,2,NIE,,
j-2024,12,19.11.2024,19.11.2024 09:28:25,131,144,Wielkopolskie,76,Choroby zakaźne,2024/031840,Pozarezydencki,70.91,4.00,07.10.2024 20:05:32,2,NIE,,
j-2024,12,19.11.2024,19.11.2024 09:28:25,131,144,Wielkopolskie,77,Diabetologia,2024/032851,Pozarezydencki,75.45,0.00,29.09.2024 21:07:16,2,NIE,,
j-2024,12,19.11.2024,19.11.2024 09:28:25,131,144,Wielkopolskie,78,Diabetologia,2024/030810,Pozarezydencki,70.91,0.00,26.09.2024 18:40:59,2,NIE,,
j-2024,12,19.11.2024,19.11.2024 09:28:25,131,144,Wielkopolskie,79,Endokrynologia i diabetologia dziecięca,2024/027953,Pozarezydencki,75.45,4.14,04.10.2024 13:17:26,2,NIE,,
j-2024,12,19.11.2024,19.11.2024 09:28:25,131,144,Wielkopolskie,80,Endokrynologia i diabetologia dziecięca,2024/028395,Pozarezydencki,71.96,3.59,10.10.2024 16:51:09,2,NIE,,
j-2024,12,19.11.2024,19.11.2024 09:28:25,131,144,Wielkopolskie,81,Gastroenterologia,2024/027954,Rezydencki,90.82,4.34,18.10.2024 10:09:13,1,NIE,,
j-2024,12,19.11.2024,19.11.2024 09:28:25,131,144,Wielkopolskie,82,Gastroenterologia,2024/022254,Pozarezydencki,89.09,4.32,21.09.2024 05:10:34,1,NIE,,
j-2024,12,19.11.2024,19.11.2024 09:28:25,131,144,Wielkopolskie,83,Gastroenterologia dziecięca,2024/032543,Pozarezydencki,77.05,4.56,30.09.2024 16:13:31,1,NIE,,
j-2024,12,19.11.2024,19.11.2024 09:28:25,131,144,Wielkopolskie,84,Geriatria,2024/025578,Pozarezydencki,69.27,3.90,22.10.2024 14:12:22,1,NIE,,
j-2024,12,19.11.2024,19.11.2024 09:28:25,131,144,Wielkopolskie,85,Hematologia,2024/023374,Rezydencki,86.83,3.81,29.09.2024 12:09:13,1,NIE,,
j-2024,12,19.11.2024,19.11.2024 09:28:25,131,144,Wielkopolskie,86,Kardiochirurgia,2024/029936,Rezydencki,71.57,3.60,11.10.2024 19:21:15,2,NIE,,
j-2024,12,19.11.2024,19.11.2024 09:28:25,131,144,Wielkopolskie,87,Kardiochirurgia,2024/033675,Rezydencki,69.57,3.74,30.09.2024 23:50:32,2,NIE,,
j-2024,12,19.11.2024,19.11.2024 09:28:25,131,144,Wielkopolskie,88,Kardiologia,2024/023252,Rezydencki,92.27,4.58,10.09.2024 16:00:55,16,NIE,,
j-2024,12,19.11.2024,19.11.2024 09:28:25,131,144,Wielkopolskie,89,Kardiologia,2024/031850,Rezydencki,91.30,4.52,27.09.2024 23:34:00,16,NIE,,
j-2024,12,19.11.2024,19.11.2024 09:28:25,131,144,Wielkopolskie,90,Kardiologia,2024/022518,Rezydencki,90.93,3.90,01.09.2024 14:43:00,16,NIE,,
j-2024,12,19.11.2024,19.11.2024 09:28:25,131,144,Wielkopolskie,91,Kardiologia,2024/027640,Rezydencki,90.73,4.11,20.09.2024 20:03:37,16,NIE,,
j-2024,12,19.11.2024,19.11.2024 09:28:25,131,144,Wielkopolskie,92,Kardiologia,2024/022370,Rezydencki,90.20,4.05,01.09.2024 11:38:03,16,NIE,,
j-2024,12,19.11.2024,19.11.2024 09:28:25,131,144,Wielkopolskie,93,Kardiologia,2024/023588,Rezydencki,90.10,4.21,14.09.2024 00:34:13,16,NIE,,
j-2024,12,19.11.2024,19.11.2024 09:28:25,131,144,Wielkopolskie,94,Kardiologia,2024/022189,Rezydencki,89.71,4.26,01.09.2024 00:09:12,16,NIE,,
j-2024,12,19.11.2024,19.11.2024 09:28:25,131,144,Wielkopolskie,95,Kardiologia,2024/029127,Rezydencki,88.89,4.16,25.09.2024 16:28:39,16,NIE,,
j-2024,12,19.11.2024,19.11.2024 09:28:25,131,144,Wielkopolskie,96,Kardiologia,2024/022567,Rezydencki,88.29,4.36,01.09.2024 16:51:36,16,NIE,,
j-2024,12,19.11.2024,19.11.2024 09:28:25,131,144,Wielkopolskie,97,Kardiologia,2024/029870,Rezydencki,87.01,3.97,30.09.2024 14:54:14,16,NIE,,
j-2024,12,19.11.2024,19.11.2024 09:28:25,132,144,Wielkopolskie,98,Kardiologia,2024/029130,Rezydencki,86.96,4.28,29.09.2024 19:10:31,16,NIE,,
j-2024,12,19.11.2024,19.11.2024 09:28:25,132,144,Wielkopolskie,99,Kardiologia,2024/029637,Rezydencki,86.96,3.94,26.09.2024 13:32:01,16,NIE,,
j-2024,12,19.11.2024,19.11.2024 09:28:25,132,144,Wielkopolskie,100,Kardiologia,2024/027894,Rezydencki,86.83,3.89,29.09.2024 00:07:33,16,NIE,,
j-2024,12,19.11.2024,19.11.2024 09:28:25,132,144,Wielkopolskie,101,Kardiologia,2024/023174,Rezydencki,86.47,3.80,02.09.2024 20:38:20,16,NIE,,
j-2024,12,19.11.2024,19.11.2024 09:28:25,132,144,Wielkopolskie,102,Kardiologia,2024/031584,Rezydencki,86.34,3.84,30.09.2024 17:06:47,16,NIE,,
j-2024,12,19.11.2024,19.11.2024 09:28:25,132,144,Wielkopolskie,103,Kardiologia,2024/022748,Rezydencki,85.99,4.02,28.09.2024 19:41:09,16,NIE,,
j-2024,12,19.11.2024,19.11.2024 09:28:25,132,144,Wielkopolskie,104,Kardiologia,2024/030221,Pozarezydencki,80.00,3.83,25.09.2024 22:51:42,2,NIE,,
j-2024,12,19.11.2024,19.11.2024 09:28:25,132,144,Wielkopolskie,105,Kardiologia,2024/025867,Pozarezydencki,78.30,0.00,20.10.2024 23:29:11,2,NIE,,
j-2024,12,19.11.2024,19.11.2024 09:28:25,132,144,Wielkopolskie,106,Medycyna morska i tropikalna,2024/030286,Rezydencki,83.09,3.77,26.09.2024 02:31:07,2,NIE,,
j-2024,12,19.11.2024,19.11.2024 09:28:25,132,144,Wielkopolskie,107,Medycyna morska i tropikalna,2024/033535,Rezydencki,82.60,3.92,30.09.2024 14:29:44,2,NIE,,
j-2024,12,19.11.2024,19.11.2024 09:28:25,132,144,Wielkopolskie,108,Medycyna nuklearna,2024/028059,Pozarezydencki,70.37,0.00,24.09.2024 16:23:12,1,NIE,,
j-2024,12,19.11.2024,19.11.2024 09:28:25,132,144,Wielkopolskie,109,Medycyna paliatywna,2024/032912,Rezydencki,87.44,3.73,30.09.2024 17:56:17,1,NIE,,
j-2024,12,19.11.2024,19.11.2024 09:28:25,132,144,Wielkopolskie,110,Medycyna paliatywna,2024/032830,Pozarezydencki,61.82,0.00,14.10.2024 11:36:28,3,NIE,,
j-2024,12,19.11.2024,19.11.2024 09:28:25,132,144,Wielkopolskie,111,Medycyna paliatywna,2024/034042,Pozarezydencki,53.67,3.33,14.10.2024 19:42:20,3,NIE,,
j-2024,12,19.11.2024,19.11.2024 09:28:25,132,144,Wielkopolskie,112,Medycyna paliatywna,2024/026291,Pozarezydencki,52.73,0.00,04.10.2024 10:56:31,3,NIE,,
j-2024,12,19.11.2024,19.11.2024 09:28:25,132,144,Wielkopolskie,113,Medycyna pracy,2024/022415,Pozarezydencki,80.84,4.36,24.09.2024 17:01:15,1,NIE,,
j-2024,12,19.11.2024,19.11.2024 09:28:25,132,144,Wielkopolskie,114,Medycyna ratunkowa,2024/024250,Rezydencki,90.20,4.22,28.09.2024 19:14:34,10,NIE,,
j-2024,12,19.11.2024,19.11.2024 09:28:25,132,144,Wielkopolskie,115,Medycyna ratunkowa,2024/022906,Rezydencki,89.86,4.52,02.09.2024 12:27:50,10,NIE,,
j-2024,12,19.11.2024,19.11.2024 09:28:25,132,144,Wielkopolskie,116,Medycyna ratunkowa,2024/024683,Rezydencki,87.32,4.29,29.09.2024 21:05:15,10,NIE,,
j-2024,12,19.11.2024,19.11.2024 09:28:25,132,144,Wielkopolskie,117,Medycyna ratunkowa,2024/027821,Rezydencki,86.27,4.29,29.09.2024 19:40:58,10,NIE,,
j-2024,12,19.11.2024,19.11.2024 09:28:25,132,144,Wielkopolskie,118,Medycyna ratunkowa,2024/023796,Rezydencki,85.51,4.32,09.10.2024 18:46:40,10,NIE,,
j-2024,12,19.11.2024,19.11.2024 09:28:25,132,144,Wielkopolskie,119,Medycyna ratunkowa,2024/027608,Rezydencki,83.57,3.98,11.10.2024 12:41:33,10,NIE,,
j-2024,12,19.11.2024,19.11.2024 09:28:25,132,144,Wielkopolskie,120,Medycyna ratunkowa,2024/033379,Rezydencki,81.16,3.47,30.09.2024 11:50:18,10,NIE,,
j-2024,12,19.11.2024,19.11.2024 09:28:25,132,144,Wielkopolskie,121,Medycyna ratunkowa,2024/033909,Rezydencki,80.19,3.36,30.09.2024 21:59:36,10,NIE,,
j-2024,12,19.11.2024,19.11.2024 09:28:25,132,144,Wielkopolskie,122,Medycyna ratunkowa,2024/026853,Rezydencki,75.98,3.20,07.10.2024 11:31:50,10,NIE,,
j-2024,12,19.11.2024,19.11.2024 09:28:25,132,144,Wielkopolskie,123,Medycyna ratunkowa,2024/030268,Rezydencki,69.61,3.65,27.09.2024 23:06:14,10,NIE,,
j-2024,12,19.11.2024,19.11.2024 09:28:25,132,144,Wielkopolskie,124,Medycyna rodzinna,2024/032712,Rezydencki,89.51,4.48,30.09.2024 22:44:59,35,NIE,,
j-2024,12,19.11.2024,19.11.2024 09:28:25,132,144,Wielkopolskie,125,Medycyna rodzinna,2024/025085,Rezydencki,89.22,4.39,26.09.2024 09:05:05,35,NIE,,
j-2024,12,19.11.2024,19.11.2024 09:28:25,132,144,Wielkopolskie,126,Medycyna rodzinna,2024/025689,Rezydencki,88.16,4.11,17.09.2024 11:20:34,35,NIE,,
j-2024,12,19.11.2024,19.11.2024 09:28:25,132,144,Wielkopolskie,127,Medycyna rodzinna,2024/022657,Rezydencki,87.92,4.45,09.09.2024 21:13:56,35,NIE,,
j-2024,12,19.11.2024,19.11.2024 09:28:25,132,144,Wielkopolskie,128,Medycyna rodzinna,2024/028557,Rezydencki,87.80,3.61,28.09.2024 18:13:03,35,NIE,,
j-2024,12,19.11.2024,19.11.2024 09:28:25,132,144,Wielkopolskie,129,Medycyna rodzinna,2024/025326,Rezydencki,87.75,3.80,29.09.2024 12:42:39,35,NIE,,
j-2024,12,19.11.2024,19.11.2024 09:28:25,132,144,Wielkopolskie,130,Medycyna rodzinna,2024/026110,Rezydencki,87.44,4.73,26.09.2024 08:28:20,35,NIE,,
j-2024,12,19.11.2024,19.11.2024 09:28:25,132,144,Wielkopolskie,131,Medycyna rodzinna,2024/033206,Rezydencki,86.96,3.61,30.09.2024 08:51:03,35,NIE,,
j-2024,12,19.11.2024,19.11.2024 09:28:25,132,144,Wielkopolskie,132,Medycyna rodzinna,2024/029043,Rezydencki,86.83,4.30,27.09.2024 17:36:12,35,NIE,,
j-2024,12,19.11.2024,19.11.2024 09:28:25,132,144,Wielkopolskie,133,Medycyna rodzinna,2024/023779,Rezydencki,86.23,4.33,29.09.2024 09:00:24,35,NIE,,
j-2024,12,19.11.2024,19.11.2024 09:28:25,132,144,Wielkopolskie,134,Medycyna rodzinna,2024/027747,Rezydencki,86.10,3.18,27.09.2024 18:53:43,35,NIE,,
j-2024,12,19.11.2024,19.11.2024 09:28:25,132,144,Wielkopolskie,135,Medycyna rodzinna,2024/027673,Rezydencki,85.85,4.00,30.09.2024 20:45:00,35,NIE,,
j-2024,12,19.11.2024,19.11.2024 09:28:25,133,144,Wielkopolskie,136,Medycyna rodzinna,2024/026407,Rezydencki,85.75,3.53,28.09.2024 18:10:43,35,NIE,,
j-2024,12,19.11.2024,19.11.2024 09:28:25,133,144,Wielkopolskie,137,Medycyna rodzinna,2024/031536,Rezydencki,85.02,3.16,27.09.2024 15:48:55,35,NIE,,
j-2024,12,19.11.2024,19.11.2024 09:28:25,133,144,Wielkopolskie,138,Medycyna rodzinna,2024/026224,Rezydencki,83.57,3.94,24.09.2024 22:42:14,35,NIE,,
j-2024,12,19.11.2024,19.11.2024 09:28:25,133,144,Wielkopolskie,139,Medycyna rodzinna,2024/032501,Rezydencki,83.33,3.36,29.09.2024 15:39:08,35,NIE,,
j-2024,12,19.11.2024,19.11.2024 09:28:25,133,144,Wielkopolskie,140,Medycyna rodzinna,2024/027955,Rezydencki,82.84,3.89,26.09.2024 21:12:48,35,NIE,,
j-2024,12,19.11.2024,19.11.2024 09:28:25,133,144,Wielkopolskie,141,Medycyna rodzinna,2024/028001,Rezydencki,82.61,3.76,30.09.2024 14:54:54,35,NIE,,
j-2024,12,19.11.2024,19.11.2024 09:28:25,133,144,Wielkopolskie,142,Medycyna rodzinna,2024/025763,Rezydencki,82.61,3.39,25.09.2024 14:54:58,35,NIE,,
j-2024,12,19.11.2024,19.11.2024 09:28:25,133,144,Wielkopolskie,143,Medycyna rodzinna,2024/022804,Rezydencki,82.35,3.87,02.10.2024 16:42:25,35,NIE,,
j-2024,12,19.11.2024,19.11.2024 09:28:25,133,144,Wielkopolskie,144,Medycyna rodzinna,2024/022888,Rezydencki,82.35,3.62,27.09.2024 15:50:29,35,NIE,,
j-2024,12,19.11.2024,19.11.2024 09:28:25,133,144,Wielkopolskie,145,Medycyna rodzinna,2024/029030,Rezydencki,81.64,4.31,27.09.2024 17:58:40,35,NIE,,
j-2024,12,19.11.2024,19.11.2024 09:28:25,133,144,Wielkopolskie,146,Medycyna rodzinna,2024/031121,Rezydencki,80.98,3.62,30.09.2024 17:04:58,35,NIE,,
j-2024,12,19.11.2024,19.11.2024 09:28:25,133,144,Wielkopolskie,147,Medycyna rodzinna,2024/031204,Rezydencki,80.49,3.62,26.09.2024 23:27:12,35,NIE,,
j-2024,12,19.11.2024,19.11.2024 09:28:25,133,144,Wielkopolskie,148,Medycyna rodzinna,2024/032876,Rezydencki,75.61,3.46,30.09.2024 09:16:49,35,NIE,,
j-2024,12,19.11.2024,19.11.2024 09:28:25,133,144,Wielkopolskie,149,Medycyna rodzinna,2024/029066,Rezydencki,74.63,3.73,27.09.2024 12:35:48,35,NIE,,
j-2024,12,19.11.2024,19.11.2024 09:28:25,133,144,Wielkopolskie,150,Medycyna rodzinna,2024/033701,Rezydencki,73.53,3.61,30.09.2024 17:05:52,35,NIE,,
j-2024,12,19.11.2024,19.11.2024 09:28:25,133,144,Wielkopolskie,151,Medycyna rodzinna,2024/023440,Rezydencki,73.53,3.47,30.09.2024 22:16:24,35,NIE,,
j-2024,12,19.11.2024,19.11.2024 09:28:25,133,144,Wielkopolskie,152,Medycyna rodzinna,2024/031351,Rezydencki,73.43,2.90,12.10.2024 20:24:35,35,NIE,,
j-2024,12,19.11.2024,19.11.2024 09:28:25,133,144,Wielkopolskie,153,Medycyna rodzinna,2024/031102,Rezydencki,71.98,4.03,26.09.2024 21:53:21,35,NIE,,
j-2024,12,19.11.2024,19.11.2024 09:28:25,133,144,Wielkopolskie,154,Medycyna rodzinna,2024/030761,Rezydencki,70.59,3.36,26.09.2024 17:44:14,35,NIE,,
j-2024,12,19.11.2024,19.11.2024 09:28:25,133,144,Wielkopolskie,155,Medycyna rodzinna,2024/023746,Rezydencki,68.38,4.10,30.09.2024 23:50:16,35,NIE,,
j-2024,12,19.11.2024,19.11.2024 09:28:25,133,144,Wielkopolskie,156,Medycyna rodzinna,2024/033750,Rezydencki,64.71,0.00,11.10.2024 19:21:30,35,NIE,,
j-2024,12,19.11.2024,19.11.2024 09:28:25,133,144,Wielkopolskie,157,Medycyna rodzinna,2024/031335,Rezydencki,64.25,3.94,11.10.2024 11:10:52,35,NIE,,
j-2024,12,19.11.2024,19.11.2024 09:28:25,133,144,Wielkopolskie,158,Medycyna rodzinna,2024/031100,Rezydencki,63.77,3.29,27.09.2024 21:27:45,35,NIE,,
j-2024,12,19.11.2024,19.11.2024 09:28:25,133,144,Wielkopolskie,159,Medycyna rodzinna,2024/022671,Pozarezydencki,93.64,3.73,03.10.2024 11:23:51,5,NIE,,
j-2024,12,19.11.2024,19.11.2024 09:28:25,133,144,Wielkopolskie,160,Medycyna rodzinna,2024/030468,Pozarezydencki,81.27,0.00,24.10.2024 09:57:26,5,NIE,,
j-2024,12,19.11.2024,19.11.2024 09:28:25,133,144,Wielkopolskie,161,Medycyna rodzinna,2024/033766,Pozarezydencki,69.27,0.00,16.10.2024 21:21:11,5,NIE,,
j-2024,12,19.11.2024,19.11.2024 09:28:25,133,144,Wielkopolskie,162,Medycyna rodzinna,2024/029292,Pozarezydencki,61.82,0.00,14.10.2024 14:02:47,5,NIE,,
j-2024,12,19.11.2024,19.11.2024 09:28:25,133,144,Wielkopolskie,163,Medycyna rodzinna,2024/033722,Pozarezydencki,54.72,0.00,29.10.2024 08:10:38,5,NIE,,
j-2024,12,19.11.2024,19.11.2024 09:28:25,133,144,Wielkopolskie,164,Nefrologia,2024/033431,Rezydencki,89.22,3.92,30.09.2024 12:32:19,4,NIE,,
j-2024,12,19.11.2024,19.11.2024 09:28:25,133,144,Wielkopolskie,165,Nefrologia,2024/029709,Rezydencki,85.99,3.88,25.09.2024 16:03:04,4,NIE,,
j-2024,12,19.11.2024,19.11.2024 09:28:25,133,144,Wielkopolskie,166,Nefrologia,2024/025980,Rezydencki,81.64,3.78,23.09.2024 09:19:32,4,NIE,,
j-2024,12,19.11.2024,19.11.2024 09:28:25,133,144,Wielkopolskie,167,Nefrologia,2024/025064,Rezydencki,73.17,3.81,30.09.2024 20:10:10,4,NIE,,
j-2024,12,19.11.2024,19.11.2024 09:28:25,133,144,Wielkopolskie,168,Nefrologia,2024/022844,Pozarezydencki,76.91,3.46,26.09.2024 15:29:37,3,NIE,,
j-2024,12,19.11.2024,19.11.2024 09:28:25,133,144,Wielkopolskie,169,Nefrologia,2024/033382,Pozarezydencki,75.45,0.00,30.09.2024 11:52:19,3,NIE,,
j-2024,12,19.11.2024,19.11.2024 09:28:25,133,144,Wielkopolskie,170,Nefrologia,2024/031130,Pozarezydencki,65.33,3.64,27.09.2024 20:56:41,3,NIE,,
j-2024,12,19.11.2024,19.11.2024 09:28:25,133,144,Wielkopolskie,171,Neurologia,2024/032438,Rezydencki,90.20,4.42,30.09.2024 20:45:52,15,NIE,,
j-2024,12,19.11.2024,19.11.2024 09:28:25,133,144,Wielkopolskie,172,Neurologia,2024/026045,Rezydencki,89.27,4.45,21.09.2024 12:57:26,15,NIE,,
j-2024,12,19.11.2024,19.11.2024 09:28:25,133,144,Wielkopolskie,173,Neurologia,2024/023986,Rezydencki,89.27,4.11,25.09.2024 17:20:11,15,NIE,,
j-2024,12,19.11.2024,19.11.2024 09:28:25,134,144,Wielkopolskie,174,Neurologia,2024/033746,Rezydencki,88.73,4.25,30.09.2024 18:02:01,15,NIE,,
j-2024,12,19.11.2024,19.11.2024 09:28:25,134,144,Wielkopolskie,175,Neurologia,2024/032020,Rezydencki,88.41,4.23,29.09.2024 10:23:33,15,NIE,,
j-2024,12,19.11.2024,19.11.2024 09:28:25,134,144,Wielkopolskie,176,Neurologia,2024/023766,Rezydencki,88.24,4.33,13.09.2024 16:53:15,15,NIE,,
j-2024,12,19.11.2024,19.11.2024 09:28:25,134,144,Wielkopolskie,177,Neurologia,2024/022235,Rezydencki,87.07,4.14,26.09.2024 17:13:25,15,NIE,,
j-2024,12,19.11.2024,19.11.2024 09:28:25,134,144,Wielkopolskie,178,Neurologia,2024/033187,Rezydencki,86.83,4.57,30.09.2024 20:20:53,15,NIE,,
j-2024,12,19.11.2024,19.11.2024 09:28:25,134,144,Wielkopolskie,179,Neurologia,2024/027009,Rezydencki,86.34,3.76,30.09.2024 20:42:24,15,NIE,,
j-2024,12,19.11.2024,19.11.2024 09:28:25,134,144,Wielkopolskie,180,Neurologia,2024/029438,Rezydencki,84.80,4.00,28.09.2024 10:12:38,15,NIE,,
j-2024,12,19.11.2024,19.11.2024 09:28:25,134,144,Wielkopolskie,181,Neurologia,2024/023313,Rezydencki,84.54,3.90,24.09.2024 11:45:15,15,NIE,,
j-2024,12,19.11.2024,19.11.2024 09:28:25,134,144,Wielkopolskie,182,Neurologia,2024/030792,Rezydencki,84.39,3.67,30.09.2024 19:42:58,15,NIE,,
j-2024,12,19.11.2024,19.11.2024 09:28:25,134,144,Wielkopolskie,183,Neurologia,2024/031224,Rezydencki,84.31,3.78,03.10.2024 00:25:47,15,NIE,,
j-2024,12,19.11.2024,19.11.2024 09:28:25,134,144,Wielkopolskie,184,Neurologia,2024/033100,Rezydencki,83.09,3.67,29.09.2024 23:43:06,15,NIE,,
j-2024,12,19.11.2024,19.11.2024 09:28:25,134,144,Wielkopolskie,185,Neurologia,2024/022320,Rezydencki,82.61,3.93,10.10.2024 15:24:41,15,NIE,,
j-2024,12,19.11.2024,19.11.2024 09:28:25,134,144,Wielkopolskie,186,Neurologia dziecięca,2024/030282,Rezydencki,87.99,3.80,26.09.2024 01:58:44,2,NIE,,
j-2024,12,19.11.2024,19.11.2024 09:28:25,134,144,Wielkopolskie,187,Neurologia dziecięca,2024/028788,Rezydencki,87.75,4.21,29.09.2024 00:03:35,2,NIE,,
j-2024,12,19.11.2024,19.11.2024 09:28:25,134,144,Wielkopolskie,188,Neurologia dziecięca,2024/027325,Pozarezydencki,75.45,4.37,25.09.2024 15:41:31,2,NIE,,
j-2024,12,19.11.2024,19.11.2024 09:28:25,134,144,Wielkopolskie,189,Neurologia dziecięca,2024/023213,Pozarezydencki,60.91,3.68,02.09.2024 22:17:19,2,NIE,,
j-2024,12,19.11.2024,19.11.2024 09:28:25,134,144,Wielkopolskie,190,Okulistyka,2024/032652,Rezydencki,90.10,4.36,30.09.2024 08:10:15,5,NIE,,
j-2024,12,19.11.2024,19.11.2024 09:28:25,134,144,Wielkopolskie,191,Okulistyka,2024/022208,Rezydencki,90.10,4.05,25.09.2024 17:23:41,5,NIE,,
j-2024,12,19.11.2024,19.11.2024 09:28:25,134,144,Wielkopolskie,192,Okulistyka,2024/023997,Rezydencki,89.76,4.16,25.09.2024 17:10:17,5,NIE,,
j-2024,12,19.11.2024,19.11.2024 09:28:25,134,144,Wielkopolskie,193,Okulistyka,2024/027769,Rezydencki,89.22,4.32,21.09.2024 19:11:20,5,NIE,,
j-2024,12,19.11.2024,19.11.2024 09:28:25,134,144,Wielkopolskie,194,Okulistyka,2024/032260,Rezydencki,88.89,3.73,30.09.2024 20:05:42,5,NIE,,
j-2024,12,19.11.2024,19.11.2024 09:28:25,134,144,Wielkopolskie,195,Okulistyka,2024/031122,Pozarezydencki,82.49,3.44,21.10.2024 12:54:25,2,NIE,,
j-2024,12,19.11.2024,19.11.2024 09:28:25,134,144,Wielkopolskie,196,Okulistyka,2024/031980,Pozarezydencki,80.65,3.82,08.10.2024 15:17:16,2,NIE,,
j-2024,12,19.11.2024,19.11.2024 09:28:25,134,144,Wielkopolskie,197,Onkologia i hematologia dziecięca,2024/031547,Rezydencki,70.05,3.30,29.09.2024 17:11:57,1,NIE,,
j-2024,12,19.11.2024,19.11.2024 09:28:25,134,144,Wielkopolskie,198,Onkologia i hematologia dziecięca,2024/031309,Pozarezydencki,75.45,0.00,27.09.2024 10:18:22,1,NIE,,
j-2024,12,19.11.2024,19.11.2024 09:28:25,134,144,Wielkopolskie,199,Onkologia kliniczna,2024/023486,Rezydencki,89.76,4.28,15.09.2024 20:58:54,5,NIE,,
j-2024,12,19.11.2024,19.11.2024 09:28:25,134,144,Wielkopolskie,200,Onkologia kliniczna,2024/029854,Rezydencki,86.52,3.58,25.09.2024 18:18:37,5,NIE,,
j-2024,12,19.11.2024,19.11.2024 09:28:25,134,144,Wielkopolskie,201,Onkologia kliniczna,2024/024315,Rezydencki,85.85,4.31,20.09.2024 18:57:59,5,NIE,,
j-2024,12,19.11.2024,19.11.2024 09:28:25,134,144,Wielkopolskie,202,Onkologia kliniczna,2024/023619,Rezydencki,83.58,3.84,15.09.2024 18:08:38,5,NIE,,
j-2024,12,19.11.2024,19.11.2024 09:28:25,134,144,Wielkopolskie,203,Onkologia kliniczna,2024/027773,Rezydencki,81.86,0.00,21.09.2024 19:50:10,5,NIE,,
j-2024,12,19.11.2024,19.11.2024 09:28:25,134,144,Wielkopolskie,204,Ortodoncja,2024/022768,Rezydencki,87.50,4.13,22.09.2024 20:38:28,4,NIE,,
j-2024,12,19.11.2024,19.11.2024 09:28:25,134,144,Wielkopolskie,205,Ortodoncja,2024/028744,Rezydencki,87.20,3.77,24.09.2024 11:00:25,4,NIE,,
j-2024,12,19.11.2024,19.11.2024 09:28:25,134,144,Wielkopolskie,206,Ortodoncja,2024/027070,Rezydencki,86.54,4.36,10.10.2024 18:56:18,4,NIE,,
j-2024,12,19.11.2024,19.11.2024 09:28:25,134,144,Wielkopolskie,207,Ortodoncja,2024/030783,Rezydencki,86.30,3.40,30.09.2024 10:40:15,4,NIE,,
j-2024,12,19.11.2024,19.11.2024 09:28:25,134,144,Wielkopolskie,208,Ortopedia i traumatologia narządu ruchu,2024/022454,Rezydencki,89.61,4.25,01.09.2024 13:33:58,15,NIE,,
j-2024,12,19.11.2024,19.11.2024 09:28:25,134,144,Wielkopolskie,209,Ortopedia i traumatologia narządu ruchu,2024/024661,Rezydencki,88.65,3.84,30.09.2024 08:55:50,15,NIE,,
j-2024,12,19.11.2024,19.11.2024 09:28:25,134,144,Wielkopolskie,210,Ortopedia i traumatologia narządu ruchu,2024/026490,Rezydencki,88.48,4.58,03.10.2024 13:53:11,15,NIE,,
j-2024,12,19.11.2024,19.11.2024 09:28:25,134,144,Wielkopolskie,211,Ortopedia i traumatologia narządu ruchu,2024/027820,Rezydencki,88.48,4.02,21.09.2024 23:04:33,15,NIE,,
j-2024,12,19.11.2024,19.11.2024 09:28:25,135,144,Wielkopolskie,212,Ortopedia i traumatologia narządu ruchu,2024/030933,Rezydencki,87.75,4.33,30.09.2024 19:02:35,15,NIE,,
j-2024,12,19.11.2024,19.11.2024 09:28:25,135,144,Wielkopolskie,213,Ortopedia i traumatologia narządu ruchu,2024/022380,Rezydencki,86.83,4.19,01.09.2024 11:52:02,15,NIE,,
j-2024,12,19.11.2024,19.11.2024 09:28:25,135,144,Wielkopolskie,214,Ortopedia i traumatologia narządu ruchu,2024/022737,Rezydencki,85.99,3.69,07.10.2024 13:06:34,15,NIE,,
j-2024,12,19.11.2024,19.11.2024 09:28:25,135,144,Wielkopolskie,215,Ortopedia i traumatologia narządu ruchu,2024/029653,Rezydencki,84.54,3.82,30.09.2024 11:21:35,15,NIE,,
j-2024,12,19.11.2024,19.11.2024 09:28:25,135,144,Wielkopolskie,216,Ortopedia i traumatologia narządu ruchu,2024/029402,Rezydencki,84.39,4.00,25.09.2024 15:09:18,15,NIE,,
j-2024,12,19.11.2024,19.11.2024 09:28:25,135,144,Wielkopolskie,217,Ortopedia i traumatologia narządu ruchu,2024/032268,Rezydencki,83.57,3.58,08.10.2024 12:33:12,15,NIE,,
j-2024,12,19.11.2024,19.11.2024 09:28:25,135,144,Wielkopolskie,218,Ortopedia i traumatologia narządu ruchu,2024/022352,Rezydencki,83.57,3.34,01.09.2024 12:09:05,15,NIE,,
j-2024,12,19.11.2024,19.11.2024 09:28:25,135,144,Wielkopolskie,219,Ortopedia i traumatologia narządu ruchu,2024/030805,Rezydencki,82.35,4.24,29.09.2024 23:32:36,15,NIE,,
j-2024,12,19.11.2024,19.11.2024 09:28:25,135,144,Wielkopolskie,220,Ortopedia i traumatologia narządu ruchu,2024/025455,Rezydencki,81.37,3.17,27.09.2024 11:04:44,15,NIE,,
j-2024,12,19.11.2024,19.11.2024 09:28:25,135,144,Wielkopolskie,221,Ortopedia i traumatologia narządu ruchu,2024/033951,Rezydencki,80.88,3.50,30.09.2024 23:30:16,15,NIE,,
j-2024,12,19.11.2024,19.11.2024 09:28:25,135,144,Wielkopolskie,222,Ortopedia i traumatologia narządu ruchu,2024/022517,Rezydencki,79.23,3.78,16.10.2024 15:13:04,15,NIE,,
j-2024,12,19.11.2024,19.11.2024 09:28:25,135,144,Wielkopolskie,223,Ortopedia i traumatologia narządu ruchu,2024/022601,Pozarezydencki,70.91,4.40,01.09.2024 17:56:51,3,NIE,,
j-2024,12,19.11.2024,19.11.2024 09:28:25,135,144,Wielkopolskie,224,Ortopedia i traumatologia narządu ruchu,2024/030214,Pozarezydencki,69.16,3.56,27.09.2024 00:10:48,3,NIE,,
j-2024,12,19.11.2024,19.11.2024 09:28:25,135,144,Wielkopolskie,225,Ortopedia i traumatologia narządu ruchu,2024/027420,Pozarezydencki,56.74,3.03,26.09.2024 20:54:20,3,NIE,,
j-2024,12,19.11.2024,19.11.2024 09:28:25,135,144,Wielkopolskie,226,Otorynolaryngologia,2024/027166,Rezydencki,90.44,4.43,30.09.2024 11:05:28,12,NIE,,
j-2024,12,19.11.2024,19.11.2024 09:28:25,135,144,Wielkopolskie,227,Otorynolaryngologia,2024/023651,Rezydencki,89.51,4.31,16.09.2024 14:26:47,12,NIE,,
j-2024,12,19.11.2024,19.11.2024 09:28:25,135,144,Wielkopolskie,228,Otorynolaryngologia,2024/025618,Rezydencki,89.37,4.07,25.09.2024 17:24:21,12,NIE,,
j-2024,12,19.11.2024,19.11.2024 09:28:25,135,144,Wielkopolskie,229,Otorynolaryngologia,2024/022216,Rezydencki,88.89,4.34,30.09.2024 14:04:27,12,NIE,,
j-2024,12,19.11.2024,19.11.2024 09:28:25,135,144,Wielkopolskie,230,Otorynolaryngologia,2024/028331,Rezydencki,88.78,3.96,26.09.2024 21:27:46,12,NIE,,
j-2024,12,19.11.2024,19.11.2024 09:28:25,135,144,Wielkopolskie,231,Otorynolaryngologia,2024/024915,Rezydencki,88.65,4.42,11.09.2024 20:12:52,12,NIE,,
j-2024,12,19.11.2024,19.11.2024 09:28:25,135,144,Wielkopolskie,232,Otorynolaryngologia,2024/029323,Rezydencki,88.48,4.26,27.09.2024 15:22:47,12,NIE,,
j-2024,12,19.11.2024,19.11.2024 09:28:25,135,144,Wielkopolskie,233,Otorynolaryngologia,2024/031660,Rezydencki,88.48,4.00,27.09.2024 18:40:50,12,NIE,,
j-2024,12,19.11.2024,19.11.2024 09:28:25,135,144,Wielkopolskie,234,Otorynolaryngologia,2024/031155,Rezydencki,88.29,3.85,29.09.2024 23:26:34,12,NIE,,
j-2024,12,19.11.2024,19.11.2024 09:28:25,135,144,Wielkopolskie,235,Otorynolaryngologia,2024/031874,Rezydencki,86.96,3.75,29.09.2024 14:48:22,12,NIE,,
j-2024,12,19.11.2024,19.11.2024 09:28:25,135,144,Wielkopolskie,236,Otorynolaryngologia,2024/030581,Rezydencki,86.76,4.27,26.09.2024 15:00:21,12,NIE,,
j-2024,12,19.11.2024,19.11.2024 09:28:25,135,144,Wielkopolskie,237,Otorynolaryngologia,2024/032594,Rezydencki,86.76,3.88,30.09.2024 19:18:22,12,NIE,,
j-2024,12,19.11.2024,19.11.2024 09:28:25,135,144,Wielkopolskie,238,Otorynolaryngologia dziecięca,2024/027910,Rezydencki,88.97,3.73,22.09.2024 13:51:27,2,NIE,,
j-2024,12,19.11.2024,19.11.2024 09:28:25,135,144,Wielkopolskie,239,Otorynolaryngologia dziecięca,2024/031112,Rezydencki,86.47,4.05,30.09.2024 10:42:54,2,NIE,,
j-2024,12,19.11.2024,19.11.2024 09:28:25,135,144,Wielkopolskie,240,Otorynolaryngologia dziecięca,2024/023376,Pozarezydencki,81.19,4.24,11.10.2024 08:26:24,2,NIE,,
j-2024,12,19.11.2024,19.11.2024 09:28:25,135,144,Wielkopolskie,241,Otorynolaryngologia dziecięca,2024/023647,Pozarezydencki,58.26,3.30,26.09.2024 10:53:37,2,NIE,,
j-2024,12,19.11.2024,19.11.2024 09:28:25,135,144,Wielkopolskie,242,Patomorfologia,2024/022431,Rezydencki,85.37,3.77,14.10.2024 19:50:32,3,NIE,,
j-2024,12,19.11.2024,19.11.2024 09:28:25,135,144,Wielkopolskie,243,Patomorfologia,2024/023222,Rezydencki,84.88,0.00,08.09.2024 21:20:23,3,NIE,,
j-2024,12,19.11.2024,19.11.2024 09:28:25,135,144,Wielkopolskie,244,Patomorfologia,2024/026055,Rezydencki,72.95,3.88,15.09.2024 14:11:57,3,NIE,,
j-2024,12,19.11.2024,19.11.2024 09:28:25,135,144,Wielkopolskie,245,Pediatria,2024/022418,Rezydencki,91.71,4.22,23.09.2024 11:30:19,24,NIE,,
j-2024,12,19.11.2024,19.11.2024 09:28:25,135,144,Wielkopolskie,246,Pediatria,2024/023306,Rezydencki,90.73,4.46,03.09.2024 10:45:35,24,NIE,,
j-2024,12,19.11.2024,19.11.2024 09:28:25,135,144,Wielkopolskie,247,Pediatria,2024/025368,Rezydencki,90.69,4.89,27.09.2024 08:50:13,24,NIE,,
j-2024,12,19.11.2024,19.11.2024 09:28:25,135,144,Wielkopolskie,248,Pediatria,2024/024170,Rezydencki,89.86,4.62,17.09.2024 20:46:35,24,NIE,,
j-2024,12,19.11.2024,19.11.2024 09:28:25,135,144,Wielkopolskie,249,Pediatria,2024/022414,Rezydencki,88.48,4.19,26.09.2024 11:22:46,24,NIE,,
j-2024,12,19.11.2024,19.11.2024 09:28:25,136,144,Wielkopolskie,250,Pediatria,2024/022797,Rezydencki,88.41,3.81,02.09.2024 12:59:23,24,NIE,,
j-2024,12,19.11.2024,19.11.2024 09:28:25,136,144,Wielkopolskie,251,Pediatria,2024/023767,Rezydencki,88.24,4.42,13.09.2024 17:01:15,24,NIE,,
j-2024,12,19.11.2024,19.11.2024 09:28:25,136,144,Wielkopolskie,252,Pediatria,2024/024534,Rezydencki,87.92,4.16,08.09.2024 22:16:33,24,NIE,,
j-2024,12,19.11.2024,19.11.2024 09:28:25,136,144,Wielkopolskie,253,Pediatria,2024/022490,Rezydencki,87.92,3.98,02.09.2024 22:12:43,24,NIE,,
j-2024,12,19.11.2024,19.11.2024 09:28:25,136,144,Wielkopolskie,254,Pediatria,2024/025402,Rezydencki,87.75,3.55,11.09.2024 22:57:06,24,NIE,,
j-2024,12,19.11.2024,19.11.2024 09:28:25,136,144,Wielkopolskie,255,Pediatria,2024/025343,Rezydencki,87.44,3.81,11.09.2024 19:21:49,24,NIE,,
j-2024,12,19.11.2024,19.11.2024 09:28:25,136,144,Wielkopolskie,256,Pediatria,2024/026763,Rezydencki,87.32,4.13,30.09.2024 10:14:23,24,NIE,,
j-2024,12,19.11.2024,19.11.2024 09:28:25,136,144,Wielkopolskie,257,Pediatria,2024/025211,Rezydencki,86.83,4.41,24.09.2024 15:22:17,24,NIE,,
j-2024,12,19.11.2024,19.11.2024 09:28:25,136,144,Wielkopolskie,258,Pediatria,2024/032883,Rezydencki,86.83,4.26,30.09.2024 22:03:23,24,NIE,,
j-2024,12,19.11.2024,19.11.2024 09:28:25,136,144,Wielkopolskie,259,Pediatria,2024/028857,Rezydencki,86.27,4.17,24.09.2024 07:19:42,24,NIE,,
j-2024,12,19.11.2024,19.11.2024 09:28:25,136,144,Wielkopolskie,260,Pediatria,2024/022283,Rezydencki,86.03,4.11,25.09.2024 16:53:43,24,NIE,,
j-2024,12,19.11.2024,19.11.2024 09:28:25,136,144,Wielkopolskie,261,Pediatria,2024/023400,Rezydencki,85.78,4.14,03.09.2024 15:45:28,24,NIE,,
j-2024,12,19.11.2024,19.11.2024 09:28:25,136,144,Wielkopolskie,262,Pediatria,2024/024129,Rezydencki,85.61,4.21,06.09.2024 10:26:32,24,NIE,,
j-2024,12,19.11.2024,19.11.2024 09:28:25,136,144,Wielkopolskie,263,Pediatria,2024/032399,Rezydencki,85.29,3.52,30.09.2024 09:01:22,24,NIE,,
j-2024,12,19.11.2024,19.11.2024 09:28:25,136,144,Wielkopolskie,264,Pediatria,2024/032182,Rezydencki,85.02,4.01,30.09.2024 17:53:59,24,NIE,,
j-2024,12,19.11.2024,19.11.2024 09:28:25,136,144,Wielkopolskie,265,Pediatria,2024/022649,Rezydencki,84.80,4.50,09.09.2024 18:34:16,24,NIE,,
j-2024,12,19.11.2024,19.11.2024 09:28:25,136,144,Wielkopolskie,266,Pediatria,2024/031223,Rezydencki,84.80,4.20,30.09.2024 16:56:31,24,NIE,,
j-2024,12,19.11.2024,19.11.2024 09:28:25,136,144,Wielkopolskie,267,Pediatria,2024/032616,Rezydencki,84.80,3.84,29.09.2024 18:05:24,24,NIE,,
j-2024,12,19.11.2024,19.11.2024 09:28:25,136,144,Wielkopolskie,268,Pediatria,2024/032325,Rezydencki,84.31,3.56,30.09.2024 21:17:12,24,NIE,,
j-2024,12,19.11.2024,19.11.2024 09:28:25,136,144,Wielkopolskie,269,Pediatria,2024/033461,Pozarezydencki,76.28,3.87,30.09.2024 21:17:41,1,NIE,,
j-2024,12,19.11.2024,19.11.2024 09:28:25,136,144,Wielkopolskie,270,Perinatologia,2024/031312,Pozarezydencki,84.55,4.32,30.09.2024 15:57:12,3,NIE,,
j-2024,12,19.11.2024,19.11.2024 09:28:25,136,144,Wielkopolskie,271,Perinatologia,2024/024898,Pozarezydencki,84.55,0.00,07.10.2024 10:34:04,3,NIE,,
j-2024,12,19.11.2024,19.11.2024 09:28:25,136,144,Wielkopolskie,272,Perinatologia,2024/024035,Pozarezydencki,82.73,4.23,07.10.2024 10:10:05,3,NIE,,
j-2024,12,19.11.2024,19.11.2024 09:28:25,136,144,Wielkopolskie,273,Położnictwo i ginekologia,2024/032938,Rezydencki,89.71,4.18,30.09.2024 23:58:04,18,NIE,,
j-2024,12,19.11.2024,19.11.2024 09:28:25,136,144,Wielkopolskie,274,Położnictwo i ginekologia,2024/031477,Rezydencki,88.73,4.10,27.09.2024 14:07:53,18,NIE,,
j-2024,12,19.11.2024,19.11.2024 09:28:25,136,144,Wielkopolskie,275,Położnictwo i ginekologia,2024/031559,Rezydencki,87.32,3.91,27.09.2024 16:01:55,18,NIE,,
j-2024,12,19.11.2024,19.11.2024 09:28:25,136,144,Wielkopolskie,276,Położnictwo i ginekologia,2024/023775,Rezydencki,86.71,3.81,17.09.2024 20:59:09,18,NIE,,
j-2024,12,19.11.2024,19.11.2024 09:28:25,136,144,Wielkopolskie,277,Położnictwo i ginekologia,2024/024070,Rezydencki,85.12,4.04,20.09.2024 15:11:04,18,NIE,,
j-2024,12,19.11.2024,19.11.2024 09:28:25,136,144,Wielkopolskie,278,Położnictwo i ginekologia,2024/032687,Rezydencki,85.02,4.04,17.10.2024 20:11:28,18,NIE,,
j-2024,12,19.11.2024,19.11.2024 09:28:25,136,144,Wielkopolskie,279,Położnictwo i ginekologia,2024/033160,Rezydencki,84.56,4.22,30.09.2024 01:31:11,18,NIE,,
j-2024,12,19.11.2024,19.11.2024 09:28:25,136,144,Wielkopolskie,280,Położnictwo i ginekologia,2024/031752,Rezydencki,84.56,3.52,27.09.2024 20:35:47,18,NIE,,
j-2024,12,19.11.2024,19.11.2024 09:28:25,136,144,Wielkopolskie,281,Położnictwo i ginekologia,2024/027922,Rezydencki,84.54,4.07,25.09.2024 18:15:22,18,NIE,,
j-2024,12,19.11.2024,19.11.2024 09:28:25,136,144,Wielkopolskie,282,Położnictwo i ginekologia,2024/022920,Rezydencki,83.57,3.78,02.09.2024 14:28:03,18,NIE,,
j-2024,12,19.11.2024,19.11.2024 09:28:25,136,144,Wielkopolskie,283,Położnictwo i ginekologia,2024/032926,Rezydencki,83.33,3.93,30.09.2024 21:26:03,18,NIE,,
j-2024,12,19.11.2024,19.11.2024 09:28:25,136,144,Wielkopolskie,284,Położnictwo i ginekologia,2024/023724,Rezydencki,83.09,3.32,04.09.2024 15:34:25,18,NIE,,
j-2024,12,19.11.2024,19.11.2024 09:28:25,136,144,Wielkopolskie,285,Położnictwo i ginekologia,2024/022221,Rezydencki,81.37,4.08,05.09.2024 19:28:56,18,NIE,,
j-2024,12,19.11.2024,19.11.2024 09:28:25,136,144,Wielkopolskie,286,Położnictwo i ginekologia,2024/034197,Rezydencki,81.16,3.38,30.09.2024 22:47:58,18,NIE,,
j-2024,12,19.11.2024,19.11.2024 09:28:25,136,144,Wielkopolskie,287,Położnictwo i ginekologia,2024/031565,Rezydencki,80.68,3.25,27.09.2024 16:16:52,18,NIE,,
j-2024,12,19.11.2024,19.11.2024 09:28:25,137,144,Wielkopolskie,288,Położnictwo i ginekologia,2024/028345,Rezydencki,80.39,3.79,30.09.2024 18:26:36,18,NIE,,
j-2024,12,19.11.2024,19.11.2024 09:28:25,137,144,Wielkopolskie,289,Położnictwo i ginekologia,2024/034162,Rezydencki,76.81,3.28,08.10.2024 15:28:16,18,NIE,,
j-2024,12,19.11.2024,19.11.2024 09:28:25,137,144,Wielkopolskie,290,Położnictwo i ginekologia,2024/033452,Rezydencki,72.55,4.26,30.09.2024 23:21:01,18,NIE,,
j-2024,12,19.11.2024,19.11.2024 09:28:25,137,144,Wielkopolskie,291,Psychiatria,2024/031156,Rezydencki,92.20,4.67,26.09.2024 22:30:56,20,NIE,,
j-2024,12,19.11.2024,19.11.2024 09:28:25,137,144,Wielkopolskie,292,Psychiatria,2024/027594,Rezydencki,90.82,4.19,30.09.2024 21:38:42,20,NIE,,
j-2024,12,19.11.2024,19.11.2024 09:28:25,137,144,Wielkopolskie,293,Psychiatria,2024/026096,Rezydencki,89.37,3.96,22.09.2024 21:22:47,20,NIE,,
j-2024,12,19.11.2024,19.11.2024 09:28:25,137,144,Wielkopolskie,294,Psychiatria,2024/030013,Rezydencki,88.41,4.29,25.09.2024 20:04:54,20,NIE,,
j-2024,12,19.11.2024,19.11.2024 09:28:25,137,144,Wielkopolskie,295,Psychiatria,2024/022498,Rezydencki,88.41,4.25,30.09.2024 13:59:04,20,NIE,,
j-2024,12,19.11.2024,19.11.2024 09:28:25,137,144,Wielkopolskie,296,Psychiatria,2024/022193,Rezydencki,87.92,4.47,03.10.2024 14:59:19,20,NIE,,
j-2024,12,19.11.2024,19.11.2024 09:28:25,137,144,Wielkopolskie,297,Psychiatria,2024/031920,Rezydencki,87.75,4.28,28.09.2024 11:48:54,20,NIE,,
j-2024,12,19.11.2024,19.11.2024 09:28:25,137,144,Wielkopolskie,298,Psychiatria,2024/026469,Rezydencki,87.25,4.22,27.09.2024 15:37:09,20,NIE,,
j-2024,12,19.11.2024,19.11.2024 09:28:25,137,144,Wielkopolskie,299,Psychiatria,2024/023583,Rezydencki,86.96,3.84,08.10.2024 14:29:29,20,NIE,,
j-2024,12,19.11.2024,19.11.2024 09:28:25,137,144,Wielkopolskie,300,Psychiatria,2024/023147,Rezydencki,86.76,4.23,29.09.2024 17:20:36,20,NIE,,
j-2024,12,19.11.2024,19.11.2024 09:28:25,137,144,Wielkopolskie,301,Psychiatria,2024/026034,Rezydencki,86.34,3.61,14.10.2024 21:54:13,20,NIE,,
j-2024,12,19.11.2024,19.11.2024 09:28:25,137,144,Wielkopolskie,302,Psychiatria,2024/032606,Rezydencki,86.27,3.78,29.09.2024 19:23:19,20,NIE,,
j-2024,12,19.11.2024,19.11.2024 09:28:25,137,144,Wielkopolskie,303,Psychiatria,2024/033838,Rezydencki,85.99,4.26,30.09.2024 19:22:20,20,NIE,,
j-2024,12,19.11.2024,19.11.2024 09:28:25,137,144,Wielkopolskie,304,Psychiatria,2024/022230,Rezydencki,85.99,3.47,03.09.2024 09:54:06,20,NIE,,
j-2024,12,19.11.2024,19.11.2024 09:28:25,137,144,Wielkopolskie,305,Psychiatria,2024/030081,Rezydencki,85.51,3.95,29.09.2024 19:32:21,20,NIE,,
j-2024,12,19.11.2024,19.11.2024 09:28:25,137,144,Wielkopolskie,306,Psychiatria,2024/032933,Rezydencki,85.29,3.95,30.09.2024 20:03:41,20,NIE,,
j-2024,12,19.11.2024,19.11.2024 09:28:25,137,144,Wielkopolskie,307,Psychiatria,2024/028790,Rezydencki,85.02,3.49,26.09.2024 00:57:47,20,NIE,,
j-2024,12,19.11.2024,19.11.2024 09:28:25,137,144,Wielkopolskie,308,Psychiatria,2024/028797,Rezydencki,84.80,3.96,26.09.2024 16:06:30,20,NIE,,
j-2024,12,19.11.2024,19.11.2024 09:28:25,137,144,Wielkopolskie,309,Psychiatria,2024/028199,Rezydencki,84.80,3.63,30.09.2024 10:29:05,20,NIE,,
j-2024,12,19.11.2024,19.11.2024 09:28:25,137,144,Wielkopolskie,310,Psychiatria,2024/030278,Rezydencki,84.56,4.28,26.09.2024 12:51:43,20,NIE,,
j-2024,12,19.11.2024,19.11.2024 09:28:25,137,144,Wielkopolskie,311,Psychiatria,2024/033347,Pozarezydencki,69.30,0.00,30.09.2024 11:26:50,1,NIE,,
j-2024,12,19.11.2024,19.11.2024 09:28:25,137,144,Wielkopolskie,312,Psychiatria dzieci i młodzieży,2024/031198,Rezydencki,90.24,4.21,08.10.2024 22:27:39,4,NIE,,
j-2024,12,19.11.2024,19.11.2024 09:28:25,137,144,Wielkopolskie,313,Psychiatria dzieci i młodzieży,2024/024375,Rezydencki,89.22,4.22,30.09.2024 14:02:15,4,NIE,,
j-2024,12,19.11.2024,19.11.2024 09:28:25,137,144,Wielkopolskie,314,Psychiatria dzieci i młodzieży,2024/031753,Rezydencki,88.89,4.42,27.09.2024 20:41:42,4,NIE,,
j-2024,12,19.11.2024,19.11.2024 09:28:25,137,144,Wielkopolskie,315,Psychiatria dzieci i młodzieży,2024/027816,Rezydencki,87.32,4.24,29.09.2024 13:07:29,4,NIE,,
j-2024,12,19.11.2024,19.11.2024 09:28:25,137,144,Wielkopolskie,316,Psychiatria dzieci i młodzieży,2024/024739,Pozarezydencki,84.55,4.19,03.10.2024 21:06:51,2,NIE,,
j-2024,12,19.11.2024,19.11.2024 09:28:25,137,144,Wielkopolskie,317,Psychiatria dzieci i młodzieży,2024/031529,Pozarezydencki,83.18,3.93,27.09.2024 15:14:05,2,NIE,,
j-2024,12,19.11.2024,19.11.2024 09:28:25,137,144,Wielkopolskie,318,Radiologia i diagnostyka obrazowa,2024/022750,Rezydencki,92.65,4.57,01.09.2024 23:21:32,11,NIE,,
j-2024,12,19.11.2024,19.11.2024 09:28:25,137,144,Wielkopolskie,319,Radiologia i diagnostyka obrazowa,2024/022971,Rezydencki,90.24,4.57,13.09.2024 11:09:07,11,NIE,,
j-2024,12,19.11.2024,19.11.2024 09:28:25,137,144,Wielkopolskie,320,Radiologia i diagnostyka obrazowa,2024/031953,Rezydencki,89.27,4.27,30.09.2024 23:04:43,11,NIE,,
j-2024,12,19.11.2024,19.11.2024 09:28:25,137,144,Wielkopolskie,321,Radiologia i diagnostyka obrazowa,2024/033762,Rezydencki,89.13,3.95,30.09.2024 22:43:54,11,NIE,,
j-2024,12,19.11.2024,19.11.2024 09:28:25,137,144,Wielkopolskie,322,Radiologia i diagnostyka obrazowa,2024/027363,Rezydencki,88.73,4.41,04.10.2024 14:20:24,11,NIE,,
j-2024,12,19.11.2024,19.11.2024 09:28:25,137,144,Wielkopolskie,323,Radiologia i diagnostyka obrazowa,2024/027436,Rezydencki,88.73,4.31,30.09.2024 23:53:57,11,NIE,,
j-2024,12,19.11.2024,19.11.2024 09:28:25,137,144,Wielkopolskie,324,Radiologia i diagnostyka obrazowa,2024/022785,Rezydencki,88.73,4.26,22.09.2024 21:12:47,11,NIE,,
j-2024,12,19.11.2024,19.11.2024 09:28:25,137,144,Wielkopolskie,325,Radiologia i diagnostyka obrazowa,2024/032008,Rezydencki,88.41,4.04,08.10.2024 12:24:03,11,NIE,,
j-2024,12,19.11.2024,19.11.2024 09:28:25,138,144,Wielkopolskie,326,Radiologia i diagnostyka obrazowa,2024/032890,Rezydencki,88.41,3.69,14.10.2024 14:51:59,11,NIE,,
j-2024,12,19.11.2024,19.11.2024 09:28:25,138,144,Wielkopolskie,327,Radiologia i diagnostyka obrazowa,2024/029703,Rezydencki,88.29,4.10,27.09.2024 21:01:52,11,NIE,,
j-2024,12,19.11.2024,19.11.2024 09:28:25,138,144,Wielkopolskie,328,Radiologia i diagnostyka obrazowa,2024/032120,Rezydencki,88.16,4.22,30.09.2024 18:01:55,11,NIE,,
j-2024,12,19.11.2024,19.11.2024 09:28:25,138,144,Wielkopolskie,329,Radiologia i diagnostyka obrazowa,2024/032479,Pozarezydencki,82.49,3.83,30.09.2024 20:45:15,14,NIE,,
j-2024,12,19.11.2024,19.11.2024 09:28:25,138,144,Wielkopolskie,330,Radiologia i diagnostyka obrazowa,2024/030775,Pozarezydencki,81.78,4.07,29.09.2024 15:33:00,14,NIE,,
j-2024,12,19.11.2024,19.11.2024 09:28:25,138,144,Wielkopolskie,331,Radiologia i diagnostyka obrazowa,2024/026284,Pozarezydencki,79.26,4.71,28.09.2024 15:22:35,14,NIE,,
j-2024,12,19.11.2024,19.11.2024 09:28:25,138,144,Wielkopolskie,332,Radiologia i diagnostyka obrazowa,2024/034280,Pozarezydencki,78.60,3.84,04.10.2024 14:06:36,14,NIE,,
j-2024,12,19.11.2024,19.11.2024 09:28:25,138,144,Wielkopolskie,333,Radiologia i diagnostyka obrazowa,2024/030262,Pozarezydencki,78.34,3.25,26.09.2024 20:22:58,14,NIE,,
j-2024,12,19.11.2024,19.11.2024 09:28:25,138,144,Wielkopolskie,334,Radiologia i diagnostyka obrazowa,2024/029486,Pozarezydencki,77.42,3.62,25.09.2024 11:12:25,14,NIE,,
j-2024,12,19.11.2024,19.11.2024 09:28:25,138,144,Wielkopolskie,335,Radiologia i diagnostyka obrazowa,2024/023144,Pozarezydencki,75.58,4.04,04.09.2024 08:07:53,14,NIE,,
j-2024,12,19.11.2024,19.11.2024 09:28:25,138,144,Wielkopolskie,336,Radiologia i diagnostyka obrazowa,2024/033707,Pozarezydencki,74.07,4.16,10.10.2024 22:26:00,14,NIE,,
j-2024,12,19.11.2024,19.11.2024 09:28:25,138,144,Wielkopolskie,337,Radiologia i diagnostyka obrazowa,2024/031902,Pozarezydencki,73.96,3.45,05.10.2024 15:53:39,14,NIE,,
j-2024,12,19.11.2024,19.11.2024 09:28:25,138,144,Wielkopolskie,338,Radiologia i diagnostyka obrazowa,2024/033174,Pozarezydencki,71.96,3.85,30.09.2024 16:39:49,14,NIE,,
j-2024,12,19.11.2024,19.11.2024 09:28:25,138,144,Wielkopolskie,339,Radiologia i diagnostyka obrazowa,2024/033768,Pozarezydencki,67.28,0.00,23.10.2024 13:11:50,14,NIE,,
j-2024,12,19.11.2024,19.11.2024 09:28:25,138,144,Wielkopolskie,340,Radiologia i diagnostyka obrazowa,2024/025327,Pozarezydencki,65.89,3.10,16.10.2024 14:55:33,14,NIE,,
j-2024,12,19.11.2024,19.11.2024 09:28:25,138,144,Wielkopolskie,341,Radiologia i diagnostyka obrazowa,2024/024449,Pozarezydencki,64.95,0.00,08.09.2024 16:07:06,14,NIE,,
j-2024,12,19.11.2024,19.11.2024 09:28:25,138,144,Wielkopolskie,342,Radiologia i diagnostyka obrazowa,2024/030280,Pozarezydencki,0.00,3.88,19.10.2024 11:07:32,14,NIE,,
j-2024,12,19.11.2024,19.11.2024 09:28:25,138,144,Wielkopolskie,343,Radioterapia onkologiczna,2024/030612,Rezydencki,83.09,3.69,27.09.2024 08:21:30,3,NIE,,
j-2024,12,19.11.2024,19.11.2024 09:28:25,138,144,Wielkopolskie,344,Radioterapia onkologiczna,2024/025306,Rezydencki,82.44,4.06,23.09.2024 16:37:24,3,NIE,,
j-2024,12,19.11.2024,19.11.2024 09:28:25,138,144,Wielkopolskie,345,Radioterapia onkologiczna,2024/026809,Rezydencki,62.93,0.00,03.10.2024 17:24:20,3,NIE,,
j-2024,12,19.11.2024,19.11.2024 09:28:25,138,144,Wielkopolskie,346,Rehabilitacja medyczna,2024/022577,Rezydencki,60.39,0.00,17.09.2024 16:08:04,1,NIE,,
j-2024,12,19.11.2024,19.11.2024 09:28:25,138,144,Wielkopolskie,347,Transplantologia kliniczna,2024/024211,Pozarezydencki,75.91,3.82,14.10.2024 14:42:27,1,NIE,,
j-2024,12,19.11.2024,19.11.2024 09:28:25,138,144,Wielkopolskie,348,Urologia,2024/025346,Rezydencki,87.44,3.80,11.09.2024 19:41:24,3,NIE,,
j-2024,12,19.11.2024,19.11.2024 09:28:25,138,144,Wielkopolskie,349,Urologia,2024/023024,Rezydencki,86.34,3.71,02.09.2024 15:43:56,3,NIE,,
j-2024,12,19.11.2024,19.11.2024 09:28:25,138,144,Wielkopolskie,350,Urologia,2024/022260,Rezydencki,85.78,4.36,15.10.2024 08:50:35,3,NIE,,
j-2024,12,19.11.2024,19.11.2024 09:28:25,138,144,Wielkopolskie,1,Endokrynologia,2024/022442,Rezydencki,90.10,4.24,01.09.2024 13:28:03,1,TAK,UNIWERSYTECKI SZPITAL KLINICZNY W POZNANIU,"Oddział Kliniczny Endokrynologii, Przemiany Materii i Chorób Wewnętrznych"
j-2024,12,19.11.2024,19.11.2024 09:28:25,138,144,Zachodniopomorskie,1,Alergologia,2024/033737,Rezydencki,77.94,3.26,30.09.2024 17:50:05,1,NIE,,
j-2024,12,19.11.2024,19.11.2024 09:28:25,138,144,Zachodniopomorskie,2,Anestezjologia i intensywna terapia,2024/022332,Rezydencki,89.22,4.52,18.09.2024 20:49:46,11,NIE,,
j-2024,12,19.11.2024,19.11.2024 09:28:25,138,144,Zachodniopomorskie,3,Anestezjologia i intensywna terapia,2024/033041,Rezydencki,89.02,4.14,30.09.2024 22:28:52,11,NIE,,
j-2024,12,19.11.2024,19.11.2024 09:28:25,139,144,Zachodniopomorskie,4,Anestezjologia i intensywna terapia,2024/022775,Rezydencki,87.80,4.40,05.09.2024 09:02:01,11,NIE,,
j-2024,12,19.11.2024,19.11.2024 09:28:25,139,144,Zachodniopomorskie,5,Anestezjologia i intensywna terapia,2024/028748,Rezydencki,86.47,4.23,26.09.2024 21:56:40,11,NIE,,
j-2024,12,19.11.2024,19.11.2024 09:28:25,139,144,Zachodniopomorskie,6,Anestezjologia i intensywna terapia,2024/022684,Rezydencki,85.29,4.15,30.09.2024 18:53:32,11,NIE,,
j-2024,12,19.11.2024,19.11.2024 09:28:25,139,144,Zachodniopomorskie,7,Anestezjologia i intensywna terapia,2024/022665,Rezydencki,84.80,4.26,27.09.2024 15:32:11,11,NIE,,
j-2024,12,19.11.2024,19.11.2024 09:28:25,139,144,Zachodniopomorskie,8,Anestezjologia i intensywna terapia,2024/032297,Rezydencki,84.80,4.20,29.09.2024 01:07:46,11,NIE,,
j-2024,12,19.11.2024,19.11.2024 09:28:25,139,144,Zachodniopomorskie,9,Anestezjologia i intensywna terapia,2024/032803,Rezydencki,84.31,3.94,30.09.2024 09:28:04,11,NIE,,
j-2024,12,19.11.2024,19.11.2024 09:28:25,139,144,Zachodniopomorskie,10,Anestezjologia i intensywna terapia,2024/030098,Rezydencki,84.06,4.19,28.09.2024 10:10:35,11,NIE,,
j-2024,12,19.11.2024,19.11.2024 09:28:25,139,144,Zachodniopomorskie,11,Anestezjologia i intensywna terapia,2024/026280,Rezydencki,79.23,3.60,29.09.2024 13:40:53,11,NIE,,
j-2024,12,19.11.2024,19.11.2024 09:28:25,139,144,Zachodniopomorskie,12,Anestezjologia i intensywna terapia,2024/031706,Rezydencki,72.20,3.41,27.09.2024 19:31:23,11,NIE,,
j-2024,12,19.11.2024,19.11.2024 09:28:25,139,144,Zachodniopomorskie,13,Chirurgia dziecięca,2024/022241,Rezydencki,86.83,4.30,16.10.2024 18:35:47,2,NIE,,
j-2024,12,19.11.2024,19.11.2024 09:28:25,139,144,Zachodniopomorskie,14,Chirurgia dziecięca,2024/029886,Rezydencki,86.47,3.68,26.10.2024 05:21:41,2,NIE,,
j-2024,12,19.11.2024,19.11.2024 09:28:25,139,144,Zachodniopomorskie,15,Chirurgia ogólna,2024/032066,Rezydencki,85.29,4.18,28.09.2024 16:44:52,8,NIE,,
j-2024,12,19.11.2024,19.11.2024 09:28:25,139,144,Zachodniopomorskie,16,Chirurgia ogólna,2024/025035,Rezydencki,85.29,4.08,30.09.2024 22:23:39,8,NIE,,
j-2024,12,19.11.2024,19.11.2024 09:28:25,139,144,Zachodniopomorskie,17,Chirurgia ogólna,2024/023165,Rezydencki,84.80,4.17,16.10.2024 10:20:45,8,NIE,,
j-2024,12,19.11.2024,19.11.2024 09:28:25,139,144,Zachodniopomorskie,18,Chirurgia ogólna,2024/031754,Rezydencki,79.41,3.53,27.09.2024 21:24:23,8,NIE,,
j-2024,12,19.11.2024,19.11.2024 09:28:25,139,144,Zachodniopomorskie,19,Chirurgia ogólna,2024/032668,Rezydencki,75.98,3.83,29.09.2024 19:11:27,8,NIE,,
j-2024,12,19.11.2024,19.11.2024 09:28:25,139,144,Zachodniopomorskie,20,Chirurgia ogólna,2024/033971,Rezydencki,69.12,3.62,30.09.2024 20:42:42,8,NIE,,
j-2024,12,19.11.2024,19.11.2024 09:28:25,139,144,Zachodniopomorskie,21,Chirurgia ogólna,2024/033780,Rezydencki,69.12,3.17,30.09.2024 19:16:24,8,NIE,,
j-2024,12,19.11.2024,19.11.2024 09:28:25,139,144,Zachodniopomorskie,22,Chirurgia ogólna,2024/022996,Rezydencki,63.77,3.20,09.10.2024 13:46:33,8,NIE,,
j-2024,12,19.11.2024,19.11.2024 09:28:25,139,144,Zachodniopomorskie,23,Chirurgia onkologiczna,2024/033517,Rezydencki,72.55,3.77,30.09.2024 20:07:48,1,NIE,,
j-2024,12,19.11.2024,19.11.2024 09:28:25,139,144,Zachodniopomorskie,24,Chirurgia plastyczna,2024/033066,Rezydencki,92.20,4.56,15.10.2024 16:48:22,4,NIE,,
j-2024,12,19.11.2024,19.11.2024 09:28:25,139,144,Zachodniopomorskie,25,Chirurgia plastyczna,2024/024335,Rezydencki,91.30,4.46,22.09.2024 15:40:02,4,NIE,,
j-2024,12,19.11.2024,19.11.2024 09:28:25,139,144,Zachodniopomorskie,26,Chirurgia plastyczna,2024/022475,Rezydencki,91.30,3.82,30.09.2024 18:46:30,4,NIE,,
j-2024,12,19.11.2024,19.11.2024 09:28:25,139,144,Zachodniopomorskie,27,Chirurgia plastyczna,2024/027350,Rezydencki,91.18,4.32,30.09.2024 22:24:59,4,NIE,,
j-2024,12,19.11.2024,19.11.2024 09:28:25,139,144,Zachodniopomorskie,28,Chirurgia stomatologiczna,2024/024277,Rezydencki,84.69,4.57,07.09.2024 09:46:59,1,NIE,,
j-2024,12,19.11.2024,19.11.2024 09:28:25,139,144,Zachodniopomorskie,29,Choroby płuc,2024/027148,Rezydencki,85.51,3.81,17.10.2024 11:51:09,3,NIE,,
j-2024,12,19.11.2024,19.11.2024 09:28:25,139,144,Zachodniopomorskie,30,Choroby płuc,2024/031855,Rezydencki,84.80,4.15,28.09.2024 00:05:58,3,NIE,,
j-2024,12,19.11.2024,19.11.2024 09:28:25,139,144,Zachodniopomorskie,31,Choroby płuc,2024/034080,Rezydencki,59.80,3.77,30.09.2024 21:38:44,3,NIE,,
j-2024,12,19.11.2024,19.11.2024 09:28:25,139,144,Zachodniopomorskie,32,Choroby płuc dzieci,2024/033576,Rezydencki,61.06,3.50,24.10.2024 13:24:58,1,NIE,,
j-2024,12,19.11.2024,19.11.2024 09:28:25,139,144,Zachodniopomorskie,33,Choroby wewnętrzne,2024/023016,Rezydencki,90.44,4.69,11.09.2024 21:30:40,11,NIE,,
j-2024,12,19.11.2024,19.11.2024 09:28:25,139,144,Zachodniopomorskie,34,Choroby wewnętrzne,2024/031832,Rezydencki,87.80,4.33,27.09.2024 22:59:28,11,NIE,,
j-2024,12,19.11.2024,19.11.2024 09:28:25,139,144,Zachodniopomorskie,35,Choroby wewnętrzne,2024/028565,Rezydencki,87.75,4.81,30.09.2024 09:31:48,11,NIE,,
j-2024,12,19.11.2024,19.11.2024 09:28:25,139,144,Zachodniopomorskie,36,Choroby wewnętrzne,2024/026373,Rezydencki,85.85,4.50,26.09.2024 13:30:41,11,NIE,,
j-2024,12,19.11.2024,19.11.2024 09:28:25,139,144,Zachodniopomorskie,37,Choroby wewnętrzne,2024/028091,Rezydencki,84.54,3.81,22.09.2024 20:22:36,11,NIE,,
j-2024,12,19.11.2024,19.11.2024 09:28:25,139,144,Zachodniopomorskie,38,Choroby wewnętrzne,2024/031496,Rezydencki,83.90,4.16,29.09.2024 15:10:13,11,NIE,,
j-2024,12,19.11.2024,19.11.2024 09:28:25,139,144,Zachodniopomorskie,39,Choroby wewnętrzne,2024/027545,Rezydencki,82.35,0.00,17.10.2024 13:09:16,11,NIE,,
j-2024,12,19.11.2024,19.11.2024 09:28:25,139,144,Zachodniopomorskie,40,Choroby wewnętrzne,2024/032848,Rezydencki,82.11,3.93,30.10.2024 10:25:15,11,NIE,,
j-2024,12,19.11.2024,19.11.2024 09:28:25,139,144,Zachodniopomorskie,41,Choroby wewnętrzne,2024/022371,Rezydencki,81.95,4.40,05.09.2024 11:38:41,11,NIE,,
j-2024,12,19.11.2024,19.11.2024 09:28:25,140,144,Zachodniopomorskie,42,Choroby wewnętrzne,2024/033642,Rezydencki,76.33,4.21,30.09.2024 21:16:58,11,NIE,,
j-2024,12,19.11.2024,19.11.2024 09:28:25,140,144,Zachodniopomorskie,43,Choroby wewnętrzne,2024/028915,Rezydencki,70.34,3.23,27.09.2024 14:42:27,11,NIE,,
j-2024,12,19.11.2024,19.11.2024 09:28:25,140,144,Zachodniopomorskie,44,Choroby wewnętrzne,2024/032484,Pozarezydencki,82.95,3.68,29.09.2024 15:05:10,1,NIE,,
j-2024,12,19.11.2024,19.11.2024 09:28:25,140,144,Zachodniopomorskie,45,Choroby zakaźne,2024/031295,Rezydencki,90.24,4.58,30.09.2024 15:54:13,3,NIE,,
j-2024,12,19.11.2024,19.11.2024 09:28:25,140,144,Zachodniopomorskie,46,Choroby zakaźne,2024/032240,Rezydencki,89.22,4.42,29.09.2024 19:38:55,3,NIE,,
j-2024,12,19.11.2024,19.11.2024 09:28:25,140,144,Zachodniopomorskie,47,Choroby zakaźne,2024/023055,Rezydencki,88.29,4.40,18.10.2024 11:19:15,3,NIE,,
j-2024,12,19.11.2024,19.11.2024 09:28:25,140,144,Zachodniopomorskie,48,Choroby zakaźne,2024/025096,Pozarezydencki,83.73,3.33,30.10.2024 11:18:02,2,NIE,,
j-2024,12,19.11.2024,19.11.2024 09:28:25,140,144,Zachodniopomorskie,49,Choroby zakaźne,2024/027142,Pozarezydencki,66.36,0.00,19.10.2024 12:38:37,2,NIE,,
j-2024,12,19.11.2024,19.11.2024 09:28:25,140,144,Zachodniopomorskie,50,Dermatologia i wenerologia,2024/031961,Pozarezydencki,85.02,4.07,30.09.2024 21:23:11,1,NIE,,
j-2024,12,19.11.2024,19.11.2024 09:28:25,140,144,Zachodniopomorskie,51,Diabetologia,2024/027401,Rezydencki,90.24,4.50,30.09.2024 18:44:44,6,NIE,,
j-2024,12,19.11.2024,19.11.2024 09:28:25,140,144,Zachodniopomorskie,52,Diabetologia,2024/023929,Rezydencki,84.80,4.15,26.09.2024 11:12:27,6,NIE,,
j-2024,12,19.11.2024,19.11.2024 09:28:25,140,144,Zachodniopomorskie,53,Diabetologia,2024/032707,Rezydencki,84.54,3.63,29.09.2024 19:19:31,6,NIE,,
j-2024,12,19.11.2024,19.11.2024 09:28:25,140,144,Zachodniopomorskie,54,Diabetologia,2024/022662,Rezydencki,81.64,3.50,30.09.2024 23:34:27,6,NIE,,
j-2024,12,19.11.2024,19.11.2024 09:28:25,140,144,Zachodniopomorskie,55,Diabetologia,2024/029167,Rezydencki,79.71,3.71,15.10.2024 10:14:54,6,NIE,,
j-2024,12,19.11.2024,19.11.2024 09:28:25,140,144,Zachodniopomorskie,56,Diabetologia,2024/033334,Rezydencki,79.71,0.00,24.10.2024 11:26:19,6,NIE,,
j-2024,12,19.11.2024,19.11.2024 09:28:25,140,144,Zachodniopomorskie,57,Diabetologia,2024/022912,Pozarezydencki,79.53,3.33,25.09.2024 15:25:34,5,NIE,,
j-2024,12,19.11.2024,19.11.2024 09:28:25,140,144,Zachodniopomorskie,58,Diabetologia,2024/032742,Pozarezydencki,76.17,3.77,29.09.2024 19:52:20,5,NIE,,
j-2024,12,19.11.2024,19.11.2024 09:28:25,140,144,Zachodniopomorskie,59,Diabetologia,2024/031099,Pozarezydencki,73.27,4.07,26.09.2024 21:49:45,5,NIE,,
j-2024,12,19.11.2024,19.11.2024 09:28:25,140,144,Zachodniopomorskie,60,Diabetologia,2024/029639,Pozarezydencki,71.96,4.02,29.09.2024 21:00:32,5,NIE,,
j-2024,12,19.11.2024,19.11.2024 09:28:25,140,144,Zachodniopomorskie,61,Diabetologia,2024/027371,Pozarezydencki,70.91,4.18,20.10.2024 12:55:14,5,NIE,,
j-2024,12,19.11.2024,19.11.2024 09:28:25,140,144,Zachodniopomorskie,62,Endokrynologia,2024/024501,Rezydencki,92.20,4.11,18.09.2024 14:33:49,4,NIE,,
j-2024,12,19.11.2024,19.11.2024 09:28:25,140,144,Zachodniopomorskie,63,Endokrynologia,2024/025975,Rezydencki,91.46,4.01,14.09.2024 21:43:06,4,NIE,,
j-2024,12,19.11.2024,19.11.2024 09:28:25,140,144,Zachodniopomorskie,64,Endokrynologia,2024/032039,Rezydencki,91.30,4.84,28.09.2024 16:00:40,4,NIE,,
j-2024,12,19.11.2024,19.11.2024 09:28:25,140,144,Zachodniopomorskie,65,Endokrynologia,2024/022194,Rezydencki,91.22,4.68,10.09.2024 20:31:04,4,NIE,,
j-2024,12,19.11.2024,19.11.2024 09:28:25,140,144,Zachodniopomorskie,66,Endokrynologia,2024/029765,Pozarezydencki,85.51,3.59,21.10.2024 18:41:50,3,NIE,,
j-2024,12,19.11.2024,19.11.2024 09:28:25,140,144,Zachodniopomorskie,67,Endokrynologia,2024/033060,Pozarezydencki,85.48,4.47,29.09.2024 23:04:22,3,NIE,,
j-2024,12,19.11.2024,19.11.2024 09:28:25,140,144,Zachodniopomorskie,68,Endokrynologia,2024/029808,Pozarezydencki,84.79,3.87,26.09.2024 22:42:52,3,NIE,,
j-2024,12,19.11.2024,19.11.2024 09:28:25,140,144,Zachodniopomorskie,69,Endokrynologia i diabetologia dziecięca,2024/032145,Rezydencki,89.71,4.44,29.09.2024 19:20:50,1,NIE,,
j-2024,12,19.11.2024,19.11.2024 09:28:25,140,144,Zachodniopomorskie,70,Gastroenterologia,2024/028118,Rezydencki,90.44,4.53,27.09.2024 23:23:56,4,NIE,,
j-2024,12,19.11.2024,19.11.2024 09:28:25,140,144,Zachodniopomorskie,71,Gastroenterologia,2024/028842,Rezydencki,90.20,3.68,25.09.2024 00:02:31,4,NIE,,
j-2024,12,19.11.2024,19.11.2024 09:28:25,140,144,Zachodniopomorskie,72,Gastroenterologia,2024/023527,Rezydencki,89.02,4.35,13.10.2024 21:05:12,4,NIE,,
j-2024,12,19.11.2024,19.11.2024 09:28:25,140,144,Zachodniopomorskie,73,Gastroenterologia,2024/028669,Rezydencki,88.78,4.17,29.09.2024 23:15:36,4,NIE,,
j-2024,12,19.11.2024,19.11.2024 09:28:25,140,144,Zachodniopomorskie,74,Gastroenterologia,2024/030199,Pozarezydencki,76.64,3.37,07.10.2024 17:44:19,1,NIE,,
j-2024,12,19.11.2024,19.11.2024 09:28:25,140,144,Zachodniopomorskie,75,Gastroenterologia dziecięca,2024/025645,Rezydencki,89.22,4.48,30.09.2024 20:39:59,1,NIE,,
j-2024,12,19.11.2024,19.11.2024 09:28:25,140,144,Zachodniopomorskie,76,Gastroenterologia dziecięca,2024/023427,Pozarezydencki,75.91,3.30,17.10.2024 11:26:35,2,NIE,,
j-2024,12,19.11.2024,19.11.2024 09:28:25,140,144,Zachodniopomorskie,77,Gastroenterologia dziecięca,2024/027327,Pozarezydencki,56.88,3.24,31.10.2024 10:42:53,2,NIE,,
j-2024,12,19.11.2024,19.11.2024 09:28:25,140,144,Zachodniopomorskie,78,Genetyka kliniczna,2024/032179,Rezydencki,80.00,3.93,30.09.2024 20:09:56,1,NIE,,
j-2024,12,19.11.2024,19.11.2024 09:28:25,140,144,Zachodniopomorskie,79,Geriatria,2024/028881,Rezydencki,81.64,3.97,30.09.2024 19:52:03,1,NIE,,
j-2024,12,19.11.2024,19.11.2024 09:28:25,141,144,Zachodniopomorskie,80,Geriatria,2024/027400,Pozarezydencki,63.64,3.74,30.09.2024 21:29:24,1,NIE,,
j-2024,12,19.11.2024,19.11.2024 09:28:25,141,144,Zachodniopomorskie,81,Kardiologia,2024/024313,Rezydencki,87.32,3.78,20.09.2024 14:39:15,4,NIE,,
j-2024,12,19.11.2024,19.11.2024 09:28:25,141,144,Zachodniopomorskie,82,Kardiologia,2024/024553,Rezydencki,86.83,4.02,27.09.2024 23:42:00,4,NIE,,
j-2024,12,19.11.2024,19.11.2024 09:28:25,141,144,Zachodniopomorskie,83,Kardiologia,2024/027007,Rezydencki,85.85,4.34,25.09.2024 18:58:29,4,NIE,,
j-2024,12,19.11.2024,19.11.2024 09:28:25,141,144,Zachodniopomorskie,84,Kardiologia,2024/029435,Rezydencki,85.02,4.27,21.10.2024 22:24:22,4,NIE,,
j-2024,12,19.11.2024,19.11.2024 09:28:25,141,144,Zachodniopomorskie,85,Kardiologia dziecięca,2024/025046,Rezydencki,82.93,4.06,18.10.2024 19:10:15,1,NIE,,
j-2024,12,19.11.2024,19.11.2024 09:28:25,141,144,Zachodniopomorskie,86,Kardiologia dziecięca,2024/023309,Pozarezydencki,72.22,4.59,25.10.2024 19:42:35,1,NIE,,
j-2024,12,19.11.2024,19.11.2024 09:28:25,141,144,Zachodniopomorskie,87,Medycyna paliatywna,2024/027789,Pozarezydencki,75.45,4.17,30.09.2024 14:39:27,2,NIE,,
j-2024,12,19.11.2024,19.11.2024 09:28:25,141,144,Zachodniopomorskie,88,Medycyna paliatywna,2024/025137,Pozarezydencki,63.64,0.00,11.09.2024 08:25:28,2,NIE,,
j-2024,12,19.11.2024,19.11.2024 09:28:25,141,144,Zachodniopomorskie,89,Medycyna pracy,2024/026030,Pozarezydencki,66.82,3.46,29.10.2024 21:28:11,1,NIE,,
j-2024,12,19.11.2024,19.11.2024 09:28:25,141,144,Zachodniopomorskie,90,Medycyna ratunkowa,2024/031877,Pozarezydencki,79.44,4.49,30.09.2024 15:32:48,3,NIE,,
j-2024,12,19.11.2024,19.11.2024 09:28:25,141,144,Zachodniopomorskie,91,Medycyna ratunkowa,2024/033074,Pozarezydencki,61.01,3.30,23.10.2024 22:47:15,3,NIE,,
j-2024,12,19.11.2024,19.11.2024 09:28:25,141,144,Zachodniopomorskie,92,Medycyna ratunkowa,2024/023295,Pozarezydencki,2.27,2.91,18.10.2024 10:24:21,3,NIE,,
j-2024,12,19.11.2024,19.11.2024 09:28:25,141,144,Zachodniopomorskie,93,Medycyna rodzinna,2024/024042,Rezydencki,91.22,4.76,28.09.2024 15:29:53,23,NIE,,
j-2024,12,19.11.2024,19.11.2024 09:28:25,141,144,Zachodniopomorskie,94,Medycyna rodzinna,2024/031450,Rezydencki,88.89,4.65,29.09.2024 20:00:11,23,NIE,,
j-2024,12,19.11.2024,19.11.2024 09:28:25,141,144,Zachodniopomorskie,95,Medycyna rodzinna,2024/028751,Rezydencki,88.41,4.00,25.09.2024 14:35:49,23,NIE,,
j-2024,12,19.11.2024,19.11.2024 09:28:25,141,144,Zachodniopomorskie,96,Medycyna rodzinna,2024/030606,Rezydencki,88.29,4.55,30.09.2024 11:23:48,23,NIE,,
j-2024,12,19.11.2024,19.11.2024 09:28:25,141,144,Zachodniopomorskie,97,Medycyna rodzinna,2024/025627,Rezydencki,88.05,4.37,20.09.2024 13:46:41,23,NIE,,
j-2024,12,19.11.2024,19.11.2024 09:28:25,141,144,Zachodniopomorskie,98,Medycyna rodzinna,2024/022259,Rezydencki,87.56,4.17,18.10.2024 10:50:08,23,NIE,,
j-2024,12,19.11.2024,19.11.2024 09:28:25,141,144,Zachodniopomorskie,99,Medycyna rodzinna,2024/026769,Rezydencki,87.50,4.71,29.09.2024 15:38:41,23,NIE,,
j-2024,12,19.11.2024,19.11.2024 09:28:25,141,144,Zachodniopomorskie,100,Medycyna rodzinna,2024/024989,Rezydencki,86.96,4.53,10.09.2024 15:30:22,23,NIE,,
j-2024,12,19.11.2024,19.11.2024 09:28:25,141,144,Zachodniopomorskie,101,Medycyna rodzinna,2024/034279,Rezydencki,85.29,3.78,17.10.2024 12:53:53,23,NIE,,
j-2024,12,19.11.2024,19.11.2024 09:28:25,141,144,Zachodniopomorskie,102,Medycyna rodzinna,2024/030834,Rezydencki,85.02,4.53,30.09.2024 18:55:32,23,NIE,,
j-2024,12,19.11.2024,19.11.2024 09:28:25,141,144,Zachodniopomorskie,103,Medycyna rodzinna,2024/031952,Rezydencki,84.54,4.26,30.09.2024 14:35:10,23,NIE,,
j-2024,12,19.11.2024,19.11.2024 09:28:25,141,144,Zachodniopomorskie,104,Medycyna rodzinna,2024/030991,Rezydencki,84.31,4.22,30.09.2024 20:48:35,23,NIE,,
j-2024,12,19.11.2024,19.11.2024 09:28:25,141,144,Zachodniopomorskie,105,Medycyna rodzinna,2024/022846,Rezydencki,84.06,4.01,02.09.2024 10:36:41,23,NIE,,
j-2024,12,19.11.2024,19.11.2024 09:28:25,141,144,Zachodniopomorskie,106,Medycyna rodzinna,2024/030083,Rezydencki,82.84,4.61,27.09.2024 22:19:21,23,NIE,,
j-2024,12,19.11.2024,19.11.2024 09:28:25,141,144,Zachodniopomorskie,107,Medycyna rodzinna,2024/032024,Rezydencki,82.61,4.37,28.09.2024 20:02:14,23,NIE,,
j-2024,12,19.11.2024,19.11.2024 09:28:25,141,144,Zachodniopomorskie,108,Medycyna rodzinna,2024/031806,Rezydencki,82.61,4.31,29.09.2024 20:00:12,23,NIE,,
j-2024,12,19.11.2024,19.11.2024 09:28:25,141,144,Zachodniopomorskie,109,Medycyna rodzinna,2024/023981,Rezydencki,82.44,4.06,25.09.2024 17:04:49,23,NIE,,
j-2024,12,19.11.2024,19.11.2024 09:28:25,141,144,Zachodniopomorskie,110,Medycyna rodzinna,2024/032106,Rezydencki,80.39,3.54,30.09.2024 22:47:57,23,NIE,,
j-2024,12,19.11.2024,19.11.2024 09:28:25,141,144,Zachodniopomorskie,111,Medycyna rodzinna,2024/029727,Rezydencki,80.00,0.00,18.10.2024 12:45:29,23,NIE,,
j-2024,12,19.11.2024,19.11.2024 09:28:25,141,144,Zachodniopomorskie,112,Medycyna rodzinna,2024/029224,Rezydencki,79.90,3.94,28.09.2024 20:06:02,23,NIE,,
j-2024,12,19.11.2024,19.11.2024 09:28:25,141,144,Zachodniopomorskie,113,Medycyna rodzinna,2024/029791,Rezydencki,78.92,3.33,29.09.2024 21:55:51,23,NIE,,
j-2024,12,19.11.2024,19.11.2024 09:28:25,141,144,Zachodniopomorskie,114,Medycyna rodzinna,2024/027661,Rezydencki,74.88,3.87,22.10.2024 21:53:09,23,NIE,,
j-2024,12,19.11.2024,19.11.2024 09:28:25,141,144,Zachodniopomorskie,115,Medycyna rodzinna,2024/030764,Rezydencki,66.18,0.00,26.09.2024 18:03:45,23,NIE,,
j-2024,12,19.11.2024,19.11.2024 09:28:25,141,144,Zachodniopomorskie,116,Medycyna sądowa,2024/027978,Rezydencki,84.80,4.05,26.09.2024 21:31:43,1,NIE,,
j-2024,12,19.11.2024,19.11.2024 09:28:25,141,144,Zachodniopomorskie,117,Neonatologia,2024/027499,Rezydencki,83.82,3.96,20.09.2024 09:23:45,2,NIE,,
j-2024,12,19.11.2024,19.11.2024 09:28:25,142,144,Zachodniopomorskie,118,Neonatologia,2024/032339,Rezydencki,79.52,4.21,28.10.2024 10:24:37,2,NIE,,
j-2024,12,19.11.2024,19.11.2024 09:28:25,142,144,Zachodniopomorskie,119,Neurochirurgia,2024/032287,Rezydencki,85.51,3.85,21.10.2024 09:29:25,1,NIE,,
j-2024,12,19.11.2024,19.11.2024 09:28:25,142,144,Zachodniopomorskie,120,Neurologia,2024/030893,Rezydencki,90.10,4.00,26.09.2024 19:29:56,6,NIE,,
j-2024,12,19.11.2024,19.11.2024 09:28:25,142,144,Zachodniopomorskie,121,Neurologia,2024/028425,Rezydencki,88.89,4.56,23.09.2024 14:19:12,6,NIE,,
j-2024,12,19.11.2024,19.11.2024 09:28:25,142,144,Zachodniopomorskie,122,Neurologia,2024/028426,Rezydencki,88.89,4.40,23.09.2024 14:19:12,6,NIE,,
j-2024,12,19.11.2024,19.11.2024 09:28:25,142,144,Zachodniopomorskie,123,Neurologia,2024/022578,Rezydencki,88.24,4.16,20.09.2024 19:18:36,6,NIE,,
j-2024,12,19.11.2024,19.11.2024 09:28:25,142,144,Zachodniopomorskie,124,Neurologia,2024/023117,Rezydencki,75.60,3.71,22.10.2024 16:56:06,6,NIE,,
j-2024,12,19.11.2024,19.11.2024 09:28:25,142,144,Zachodniopomorskie,125,Neurologia,2024/030577,Rezydencki,75.36,4.42,17.10.2024 23:40:06,6,NIE,,
j-2024,12,19.11.2024,19.11.2024 09:28:25,142,144,Zachodniopomorskie,126,Neurologia dziecięca,2024/032855,Rezydencki,85.05,3.93,29.09.2024 22:23:47,1,NIE,,
j-2024,12,19.11.2024,19.11.2024 09:28:25,142,144,Zachodniopomorskie,127,Okulistyka,2024/022282,Rezydencki,90.69,4.23,20.09.2024 14:57:44,19,NIE,,
j-2024,12,19.11.2024,19.11.2024 09:28:25,142,144,Zachodniopomorskie,128,Okulistyka,2024/027650,Rezydencki,90.24,4.15,29.09.2024 19:35:58,19,NIE,,
j-2024,12,19.11.2024,19.11.2024 09:28:25,142,144,Zachodniopomorskie,129,Okulistyka,2024/029237,Rezydencki,89.27,4.40,27.09.2024 21:57:08,19,NIE,,
j-2024,12,19.11.2024,19.11.2024 09:28:25,142,144,Zachodniopomorskie,130,Okulistyka,2024/023169,Rezydencki,89.22,4.76,30.09.2024 19:56:58,19,NIE,,
j-2024,12,19.11.2024,19.11.2024 09:28:25,142,144,Zachodniopomorskie,131,Okulistyka,2024/025854,Rezydencki,89.22,4.30,15.09.2024 19:04:23,19,NIE,,
j-2024,12,19.11.2024,19.11.2024 09:28:25,142,144,Zachodniopomorskie,132,Okulistyka,2024/024423,Rezydencki,89.13,4.65,21.09.2024 10:58:13,19,NIE,,
j-2024,12,19.11.2024,19.11.2024 09:28:25,142,144,Zachodniopomorskie,133,Okulistyka,2024/024476,Rezydencki,88.73,4.23,18.10.2024 10:43:53,19,NIE,,
j-2024,12,19.11.2024,19.11.2024 09:28:25,142,144,Zachodniopomorskie,134,Okulistyka,2024/029336,Rezydencki,87.75,4.18,26.09.2024 17:33:07,19,NIE,,
j-2024,12,19.11.2024,19.11.2024 09:28:25,142,144,Zachodniopomorskie,135,Okulistyka,2024/025288,Rezydencki,87.50,3.96,29.09.2024 22:41:15,19,NIE,,
j-2024,12,19.11.2024,19.11.2024 09:28:25,142,144,Zachodniopomorskie,136,Okulistyka,2024/031786,Rezydencki,87.25,4.61,30.09.2024 00:37:55,19,NIE,,
j-2024,12,19.11.2024,19.11.2024 09:28:25,142,144,Zachodniopomorskie,137,Okulistyka,2024/028443,Rezydencki,86.76,3.79,08.10.2024 22:45:58,19,NIE,,
j-2024,12,19.11.2024,19.11.2024 09:28:25,142,144,Zachodniopomorskie,138,Okulistyka,2024/022315,Rezydencki,86.76,3.20,01.09.2024 15:39:37,19,NIE,,
j-2024,12,19.11.2024,19.11.2024 09:28:25,142,144,Zachodniopomorskie,139,Okulistyka,2024/030973,Rezydencki,86.71,3.79,30.09.2024 22:39:25,19,NIE,,
j-2024,12,19.11.2024,19.11.2024 09:28:25,142,144,Zachodniopomorskie,140,Okulistyka,2024/031141,Rezydencki,86.47,4.23,27.09.2024 17:36:45,19,NIE,,
j-2024,12,19.11.2024,19.11.2024 09:28:25,142,144,Zachodniopomorskie,141,Okulistyka,2024/031798,Rezydencki,86.47,3.89,27.09.2024 21:43:38,19,NIE,,
j-2024,12,19.11.2024,19.11.2024 09:28:25,142,144,Zachodniopomorskie,142,Okulistyka,2024/029228,Rezydencki,86.27,4.37,29.09.2024 21:49:57,19,NIE,,
j-2024,12,19.11.2024,19.11.2024 09:28:25,142,144,Zachodniopomorskie,143,Okulistyka,2024/029897,Rezydencki,86.27,3.79,26.09.2024 15:16:40,19,NIE,,
j-2024,12,19.11.2024,19.11.2024 09:28:25,142,144,Zachodniopomorskie,144,Okulistyka,2024/023533,Rezydencki,86.23,4.47,04.09.2024 20:52:15,19,NIE,,
j-2024,12,19.11.2024,19.11.2024 09:28:25,142,144,Zachodniopomorskie,145,Okulistyka,2024/024459,Rezydencki,85.99,4.35,25.09.2024 20:09:13,19,NIE,,
j-2024,12,19.11.2024,19.11.2024 09:28:25,142,144,Zachodniopomorskie,146,Okulistyka,2024/033752,Pozarezydencki,77.42,4.30,30.09.2024 20:11:15,2,NIE,,
j-2024,12,19.11.2024,19.11.2024 09:28:25,142,144,Zachodniopomorskie,147,Okulistyka,2024/030782,Pozarezydencki,76.64,4.40,22.10.2024 13:09:44,2,NIE,,
j-2024,12,19.11.2024,19.11.2024 09:28:25,142,144,Zachodniopomorskie,148,Onkologia kliniczna,2024/029659,Rezydencki,85.51,4.57,25.09.2024 14:41:00,3,NIE,,
j-2024,12,19.11.2024,19.11.2024 09:28:25,142,144,Zachodniopomorskie,149,Onkologia kliniczna,2024/027181,Rezydencki,81.64,3.72,18.09.2024 22:48:07,3,NIE,,
j-2024,12,19.11.2024,19.11.2024 09:28:25,142,144,Zachodniopomorskie,150,Onkologia kliniczna,2024/031792,Rezydencki,59.31,3.74,27.09.2024 21:44:31,3,NIE,,
j-2024,12,19.11.2024,19.11.2024 09:28:25,142,144,Zachodniopomorskie,151,Ortodoncja,2024/025411,Rezydencki,86.54,4.22,24.09.2024 19:47:39,2,NIE,,
j-2024,12,19.11.2024,19.11.2024 09:28:25,142,144,Zachodniopomorskie,152,Ortodoncja,2024/023103,Rezydencki,85.51,3.71,02.09.2024 17:53:25,2,NIE,,
j-2024,12,19.11.2024,19.11.2024 09:28:25,142,144,Zachodniopomorskie,153,Ortopedia i traumatologia narządu ruchu,2024/027780,Rezydencki,87.25,4.29,21.09.2024 20:42:48,13,NIE,,
j-2024,12,19.11.2024,19.11.2024 09:28:25,142,144,Zachodniopomorskie,154,Ortopedia i traumatologia narządu ruchu,2024/025155,Rezydencki,85.51,4.66,25.09.2024 17:09:24,13,NIE,,
j-2024,12,19.11.2024,19.11.2024 09:28:25,142,144,Zachodniopomorskie,155,Ortopedia i traumatologia narządu ruchu,2024/027053,Rezydencki,84.63,4.27,19.09.2024 11:53:55,13,NIE,,
j-2024,12,19.11.2024,19.11.2024 09:28:25,143,144,Zachodniopomorskie,156,Ortopedia i traumatologia narządu ruchu,2024/028883,Rezydencki,83.33,3.63,23.10.2024 13:06:51,13,NIE,,
j-2024,12,19.11.2024,19.11.2024 09:28:25,143,144,Zachodniopomorskie,157,Ortopedia i traumatologia narządu ruchu,2024/030522,Rezydencki,82.35,3.59,27.09.2024 14:04:35,13,NIE,,
j-2024,12,19.11.2024,19.11.2024 09:28:25,143,144,Zachodniopomorskie,158,Ortopedia i traumatologia narządu ruchu,2024/030242,Rezydencki,82.13,4.24,29.10.2024 09:14:34,13,NIE,,
j-2024,12,19.11.2024,19.11.2024 09:28:25,143,144,Zachodniopomorskie,159,Ortopedia i traumatologia narządu ruchu,2024/032298,Rezydencki,81.88,3.54,29.09.2024 16:27:15,13,NIE,,
j-2024,12,19.11.2024,19.11.2024 09:28:25,143,144,Zachodniopomorskie,160,Ortopedia i traumatologia narządu ruchu,2024/025664,Rezydencki,81.64,3.45,25.09.2024 22:30:06,13,NIE,,
j-2024,12,19.11.2024,19.11.2024 09:28:25,143,144,Zachodniopomorskie,161,Ortopedia i traumatologia narządu ruchu,2024/026422,Rezydencki,80.88,3.78,27.09.2024 14:47:30,13,NIE,,
j-2024,12,19.11.2024,19.11.2024 09:28:25,143,144,Zachodniopomorskie,162,Ortopedia i traumatologia narządu ruchu,2024/031858,Rezydencki,78.74,3.87,28.09.2024 00:29:42,13,NIE,,
j-2024,12,19.11.2024,19.11.2024 09:28:25,143,144,Zachodniopomorskie,163,Ortopedia i traumatologia narządu ruchu,2024/031460,Rezydencki,77.70,4.19,30.09.2024 15:34:38,13,NIE,,
j-2024,12,19.11.2024,19.11.2024 09:28:25,143,144,Zachodniopomorskie,164,Ortopedia i traumatologia narządu ruchu,2024/027052,Rezydencki,76.33,3.28,29.09.2024 17:51:20,13,NIE,,
j-2024,12,19.11.2024,19.11.2024 09:28:25,143,144,Zachodniopomorskie,165,Ortopedia i traumatologia narządu ruchu,2024/033378,Rezydencki,72.55,3.05,30.09.2024 17:46:53,13,NIE,,
j-2024,12,19.11.2024,19.11.2024 09:28:25,143,144,Zachodniopomorskie,166,Otorynolaryngologia dziecięca,2024/027771,Rezydencki,79.76,4.39,21.10.2024 22:06:21,1,NIE,,
j-2024,12,19.11.2024,19.11.2024 09:28:25,143,144,Zachodniopomorskie,167,Pediatria,2024/027609,Rezydencki,89.71,4.39,26.09.2024 11:50:17,13,NIE,,
j-2024,12,19.11.2024,19.11.2024 09:28:25,143,144,Zachodniopomorskie,168,Pediatria,2024/028876,Rezydencki,88.97,4.42,27.09.2024 13:23:08,13,NIE,,
j-2024,12,19.11.2024,19.11.2024 09:28:25,143,144,Zachodniopomorskie,169,Pediatria,2024/028467,Rezydencki,88.29,4.00,23.09.2024 18:57:23,13,NIE,,
j-2024,12,19.11.2024,19.11.2024 09:28:25,143,144,Zachodniopomorskie,170,Pediatria,2024/030853,Rezydencki,87.32,4.11,18.10.2024 09:08:53,13,NIE,,
j-2024,12,19.11.2024,19.11.2024 09:28:25,143,144,Zachodniopomorskie,171,Pediatria,2024/023098,Rezydencki,86.96,4.26,17.10.2024 17:52:28,13,NIE,,
j-2024,12,19.11.2024,19.11.2024 09:28:25,143,144,Zachodniopomorskie,172,Pediatria,2024/032759,Rezydencki,85.85,4.10,20.10.2024 16:38:39,13,NIE,,
j-2024,12,19.11.2024,19.11.2024 09:28:25,143,144,Zachodniopomorskie,173,Pediatria,2024/023576,Rezydencki,85.29,3.97,21.10.2024 13:40:40,13,NIE,,
j-2024,12,19.11.2024,19.11.2024 09:28:25,143,144,Zachodniopomorskie,174,Pediatria,2024/031232,Rezydencki,82.84,4.42,27.09.2024 00:50:52,13,NIE,,
j-2024,12,19.11.2024,19.11.2024 09:28:25,143,144,Zachodniopomorskie,175,Pediatria,2024/028596,Rezydencki,82.35,3.74,26.09.2024 14:04:41,13,NIE,,
j-2024,12,19.11.2024,19.11.2024 09:28:25,143,144,Zachodniopomorskie,176,Pediatria,2024/031409,Rezydencki,82.13,3.95,29.09.2024 18:41:18,13,NIE,,
j-2024,12,19.11.2024,19.11.2024 09:28:25,143,144,Zachodniopomorskie,177,Pediatria,2024/025894,Rezydencki,82.11,4.05,27.09.2024 11:16:54,13,NIE,,
j-2024,12,19.11.2024,19.11.2024 09:28:25,143,144,Zachodniopomorskie,178,Pediatria,2024/029769,Rezydencki,78.74,4.13,25.09.2024 16:50:53,13,NIE,,
j-2024,12,19.11.2024,19.11.2024 09:28:25,143,144,Zachodniopomorskie,179,Pediatria,2024/034275,Rezydencki,63.77,3.07,22.10.2024 23:34:58,13,NIE,,
j-2024,12,19.11.2024,19.11.2024 09:28:25,143,144,Zachodniopomorskie,180,Perinatologia,2024/029302,Pozarezydencki,90.68,4.27,19.10.2024 19:29:37,1,NIE,,
j-2024,12,19.11.2024,19.11.2024 09:28:25,143,144,Zachodniopomorskie,181,Położnictwo i ginekologia,2024/031825,Rezydencki,88.89,3.91,30.09.2024 12:59:23,12,NIE,,
j-2024,12,19.11.2024,19.11.2024 09:28:25,143,144,Zachodniopomorskie,182,Położnictwo i ginekologia,2024/029739,Rezydencki,88.65,4.16,19.10.2024 15:33:08,12,NIE,,
j-2024,12,19.11.2024,19.11.2024 09:28:25,143,144,Zachodniopomorskie,183,Położnictwo i ginekologia,2024/032770,Rezydencki,86.83,4.08,29.09.2024 23:50:50,12,NIE,,
j-2024,12,19.11.2024,19.11.2024 09:28:25,143,144,Zachodniopomorskie,184,Położnictwo i ginekologia,2024/029352,Rezydencki,86.47,3.59,28.09.2024 23:05:09,12,NIE,,
j-2024,12,19.11.2024,19.11.2024 09:28:25,143,144,Zachodniopomorskie,185,Położnictwo i ginekologia,2024/025899,Rezydencki,86.03,4.16,15.09.2024 13:58:24,12,NIE,,
j-2024,12,19.11.2024,19.11.2024 09:28:25,143,144,Zachodniopomorskie,186,Położnictwo i ginekologia,2024/033235,Rezydencki,85.51,3.82,30.09.2024 20:47:37,12,NIE,,
j-2024,12,19.11.2024,19.11.2024 09:28:25,143,144,Zachodniopomorskie,187,Położnictwo i ginekologia,2024/025637,Rezydencki,84.80,3.97,26.09.2024 17:07:21,12,NIE,,
j-2024,12,19.11.2024,19.11.2024 09:28:25,143,144,Zachodniopomorskie,188,Położnictwo i ginekologia,2024/027461,Rezydencki,84.78,4.02,25.09.2024 18:41:57,12,NIE,,
j-2024,12,19.11.2024,19.11.2024 09:28:25,143,144,Zachodniopomorskie,189,Położnictwo i ginekologia,2024/025362,Rezydencki,83.58,3.80,18.10.2024 08:43:53,12,NIE,,
j-2024,12,19.11.2024,19.11.2024 09:28:25,143,144,Zachodniopomorskie,190,Położnictwo i ginekologia,2024/027808,Rezydencki,83.57,3.97,27.09.2024 15:23:12,12,NIE,,
j-2024,12,19.11.2024,19.11.2024 09:28:25,143,144,Zachodniopomorskie,191,Położnictwo i ginekologia,2024/033348,Rezydencki,80.68,3.69,30.09.2024 11:27:31,12,NIE,,
j-2024,12,19.11.2024,19.11.2024 09:28:25,143,144,Zachodniopomorskie,192,Położnictwo i ginekologia,2024/029767,Rezydencki,69.27,0.00,25.09.2024 16:49:58,12,NIE,,
j-2024,12,19.11.2024,19.11.2024 09:28:25,143,144,Zachodniopomorskie,193,Protetyka stomatologiczna,2024/031871,Rezydencki,81.64,3.48,28.09.2024 07:05:33,3,NIE,,
j-2024,12,19.11.2024,19.11.2024 09:28:25,144,144,Zachodniopomorskie,194,Protetyka stomatologiczna,2024/028705,Rezydencki,81.43,3.74,23.09.2024 20:31:48,3,NIE,,
j-2024,12,19.11.2024,19.11.2024 09:28:25,144,144,Zachodniopomorskie,195,Protetyka stomatologiczna,2024/030863,Rezydencki,77.78,4.08,26.09.2024 19:28:01,3,NIE,,
j-2024,12,19.11.2024,19.11.2024 09:28:25,144,144,Zachodniopomorskie,196,Psychiatria,2024/025742,Rezydencki,83.82,3.87,26.09.2024 13:10:55,5,NIE,,
j-2024,12,19.11.2024,19.11.2024 09:28:25,144,144,Zachodniopomorskie,197,Psychiatria,2024/032418,Rezydencki,79.02,0.00,30.09.2024 14:09:09,5,NIE,,
j-2024,12,19.11.2024,19.11.2024 09:28:25,144,144,Zachodniopomorskie,198,Psychiatria,2024/024511,Rezydencki,78.43,3.57,17.10.2024 23:16:04,5,NIE,,
j-2024,12,19.11.2024,19.11.2024 09:28:25,144,144,Zachodniopomorskie,199,Psychiatria,2024/030931,Rezydencki,74.26,4.16,30.09.2024 21:29:18,5,NIE,,
j-2024,12,19.11.2024,19.11.2024 09:28:25,144,144,Zachodniopomorskie,200,Psychiatria,2024/032751,Rezydencki,72.06,3.24,29.09.2024 20:17:47,5,NIE,,
j-2024,12,19.11.2024,19.11.2024 09:28:25,144,144,Zachodniopomorskie,201,Psychiatria dzieci i młodzieży,2024/022192,Rezydencki,88.73,4.58,01.09.2024 00:14:35,3,NIE,,
j-2024,12,19.11.2024,19.11.2024 09:28:25,144,144,Zachodniopomorskie,202,Psychiatria dzieci i młodzieży,2024/025843,Rezydencki,88.41,3.84,27.09.2024 11:51:45,3,NIE,,
j-2024,12,19.11.2024,19.11.2024 09:28:25,144,144,Zachodniopomorskie,203,Psychiatria dzieci i młodzieży,2024/030290,Rezydencki,86.34,3.88,26.09.2024 03:24:20,3,NIE,,
j-2024,12,19.11.2024,19.11.2024 09:28:25,144,144,Zachodniopomorskie,204,Radiologia i diagnostyka obrazowa,2024/025025,Rezydencki,88.73,4.73,10.09.2024 18:44:05,14,NIE,,
j-2024,12,19.11.2024,19.11.2024 09:28:25,144,144,Zachodniopomorskie,205,Radiologia i diagnostyka obrazowa,2024/028038,Rezydencki,87.92,3.55,29.09.2024 22:40:03,14,NIE,,
j-2024,12,19.11.2024,19.11.2024 09:28:25,144,144,Zachodniopomorskie,206,Radiologia i diagnostyka obrazowa,2024/026035,Rezydencki,87.80,4.55,22.09.2024 16:06:08,14,NIE,,
j-2024,12,19.11.2024,19.11.2024 09:28:25,144,144,Zachodniopomorskie,207,Radiologia i diagnostyka obrazowa,2024/031157,Rezydencki,87.75,4.24,30.09.2024 23:21:14,14,NIE,,
j-2024,12,19.11.2024,19.11.2024 09:28:25,144,144,Zachodniopomorskie,208,Radiologia i diagnostyka obrazowa,2024/033214,Rezydencki,86.83,3.10,30.09.2024 14:13:11,14,NIE,,
j-2024,12,19.11.2024,19.11.2024 09:28:25,144,144,Zachodniopomorskie,209,Radiologia i diagnostyka obrazowa,2024/031242,Rezydencki,86.10,3.89,18.10.2024 15:01:26,14,NIE,,
j-2024,12,19.11.2024,19.11.2024 09:28:25,144,144,Zachodniopomorskie,210,Radiologia i diagnostyka obrazowa,2024/022741,Rezydencki,85.99,4.17,26.09.2024 09:52:09,14,NIE,,
j-2024,12,19.11.2024,19.11.2024 09:28:25,144,144,Zachodniopomorskie,211,Radiologia i diagnostyka obrazowa,2024/032067,Rezydencki,85.85,4.13,11.10.2024 10:49:37,14,NIE,,
j-2024,12,19.11.2024,19.11.2024 09:28:25,144,144,Zachodniopomorskie,212,Radiologia i diagnostyka obrazowa,2024/027566,Rezydencki,85.75,4.44,18.10.2024 17:04:50,14,NIE,,
j-2024,12,19.11.2024,19.11.2024 09:28:25,144,144,Zachodniopomorskie,213,Radiologia i diagnostyka obrazowa,2024/025136,Rezydencki,85.27,4.02,30.09.2024 15:37:26,14,NIE,,
j-2024,12,19.11.2024,19.11.2024 09:28:25,144,144,Zachodniopomorskie,214,Radiologia i diagnostyka obrazowa,2024/027098,Rezydencki,85.02,4.32,12.10.2024 16:41:27,14,NIE,,
j-2024,12,19.11.2024,19.11.2024 09:28:25,144,144,Zachodniopomorskie,215,Radiologia i diagnostyka obrazowa,2024/027804,Rezydencki,85.02,4.24,28.09.2024 14:08:06,14,NIE,,
j-2024,12,19.11.2024,19.11.2024 09:28:25,144,144,Zachodniopomorskie,216,Radiologia i diagnostyka obrazowa,2024/028234,Rezydencki,85.02,3.83,30.09.2024 23:34:11,14,NIE,,
j-2024,12,19.11.2024,19.11.2024 09:28:25,144,144,Zachodniopomorskie,217,Radiologia i diagnostyka obrazowa,2024/025424,Rezydencki,84.88,3.84,30.09.2024 19:23:35,14,NIE,,
j-2024,12,19.11.2024,19.11.2024 09:28:25,144,144,Zachodniopomorskie,218,Reumatologia,2024/027164,Rezydencki,88.65,4.19,17.10.2024 11:11:03,1,NIE,,
j-2024,12,19.11.2024,19.11.2024 09:28:25,144,144,Zachodniopomorskie,219,Stomatologia dziecięca,2024/025468,Rezydencki,80.00,4.26,18.10.2024 20:00:15,4,NIE,,
j-2024,12,19.11.2024,19.11.2024 09:28:25,144,144,Zachodniopomorskie,220,Stomatologia dziecięca,2024/027430,Rezydencki,78.47,4.30,22.10.2024 13:25:51,4,NIE,,
j-2024,12,19.11.2024,19.11.2024 09:28:25,144,144,Zachodniopomorskie,221,Stomatologia dziecięca,2024/030253,Rezydencki,74.64,3.50,19.10.2024 21:07:44,4,NIE,,
j-2024,12,19.11.2024,19.11.2024 09:28:25,144,144,Zachodniopomorskie,222,Stomatologia dziecięca,2024/023858,Rezydencki,72.38,4.07,08.10.2024 12:36:16,4,NIE,,
j-2024,12,19.11.2024,19.11.2024 09:28:25,144,144,Zachodniopomorskie,223,Stomatologia zachowawcza z endodoncją,2024/032885,Rezydencki,83.33,4.12,18.10.2024 17:44:42,2,NIE,,
j-2024,12,19.11.2024,19.11.2024 09:28:25,144,144,Zachodniopomorskie,224,Stomatologia zachowawcza z endodoncją,2024/033110,Rezydencki,80.68,3.47,30.09.2024 13:34:47,2,NIE,,
j-2024,12,19.11.2024,19.11.2024 09:28:25,144,144,Zachodniopomorskie,225,Transplantologia kliniczna,2024/027560,Pozarezydencki,70.91,0.00,18.10.2024 10:40:32,1,NIE,,
j-2024,12,19.11.2024,19.11.2024 09:28:25,144,144,Zachodniopomorskie,1,Medycyna nuklearna,2024/030204,Rezydencki,84.56,4.51,25.09.2024 22:29:05,1,TAK,Uniwersytecki Szpital Kliniczny nr 1 im. prof. Tadeusza Sokołowskiego PUM w Szczecinie,Zakład Medycyny Nuklearnej
