rekrutacja,kolejność_plików,publication_date,print_datetime,page,page_total,wojewodztwo,lp,dziedzina_medycyny,numer_wniosku,tryb_szkolenia,punktacja_proc,srednia_arytmetyczna,data_zlozenia_wniosku,ilość_zakwalifikowanych_w_trybie,czy_miejsca_doktoranckie,doktoranckie_podmiot,doktoranckie_jednostka
j-2025,14,18.11.2025,18.11.2025 12:37:07,1,159,Dolnośląskie,1,Alergologia,2025/042531,Rezydencki,91.87,4.47,30.09.2025 17:50:39,2,NIE,,
j-2025,14,18.11.2025,18.11.2025 12:37:07,1,159,Dolnośląskie,2,Alergologia,2025/034136,Rezydencki,90.34,4.13,22.09.2025 13:05:39,2,NIE,,
j-2025,14,18.11.2025,18.11.2025 12:37:07,1,159,Dolnośląskie,3,Anestezjologia i intensywna terapia,2025/032863,Rezydencki,93.72,4.76,30.09.2025 13:25:10,20,NIE,,
j-2025,14,18.11.2025,18.11.2025 12:37:07,1,159,Dolnośląskie,4,Anestezjologia i intensywna terapia,2025/028885,Rezydencki,92.27,4.83,09.09.2025 15:15:37,20,NIE,,
j-2025,14,18.11.2025,18.11.2025 12:37:07,1,159,Dolnośląskie,5,Anestezjologia i intensywna terapia,2025/037083,Rezydencki,90.82,4.24,09.10.2025 12:57:55,20,NIE,,
j-2025,14,18.11.2025,18.11.2025 12:37:07,1,159,Dolnośląskie,6,Anestezjologia i intensywna terapia,2025/037945,Rezydencki,90.43,4.64,30.09.2025 08:53:54,20,NIE,,
j-2025,14,18.11.2025,18.11.2025 12:37:07,1,159,Dolnośląskie,7,Anestezjologia i intensywna terapia,2025/029183,Rezydencki,90.00,4.60,08.09.2025 16:00:27,20,NIE,,
j-2025,14,18.11.2025,18.11.2025 12:37:07,1,159,Dolnośląskie,8,Anestezjologia i intensywna terapia,2025/037550,Rezydencki,89.95,4.21,30.09.2025 07:37:03,20,NIE,,
j-2025,14,18.11.2025,18.11.2025 12:37:07,1,159,Dolnośląskie,9,Anestezjologia i intensywna terapia,2025/040971,Rezydencki,89.13,4.26,18.10.2025 21:23:11,20,NIE,,
j-2025,14,18.11.2025,18.11.2025 12:37:07,1,159,Dolnośląskie,10,Anestezjologia i intensywna terapia,2025/033284,Rezydencki,88.52,4.54,15.10.2025 11:32:59,20,NIE,,
j-2025,14,18.11.2025,18.11.2025 12:37:07,1,159,Dolnośląskie,11,Anestezjologia i intensywna terapia,2025/036945,Rezydencki,88.28,4.39,10.10.2025 15:46:03,20,NIE,,
j-2025,14,18.11.2025,18.11.2025 12:37:07,1,159,Dolnośląskie,12,Anestezjologia i intensywna terapia,2025/037892,Rezydencki,87.80,4.49,09.10.2025 10:09:29,20,NIE,,
j-2025,14,18.11.2025,18.11.2025 12:37:07,1,159,Dolnośląskie,13,Anestezjologia i intensywna terapia,2025/041590,Rezydencki,87.80,4.41,30.09.2025 11:54:33,20,NIE,,
j-2025,14,18.11.2025,18.11.2025 12:37:07,1,159,Dolnośląskie,14,Anestezjologia i intensywna terapia,2025/032759,Rezydencki,87.44,3.72,14.10.2025 10:25:47,20,NIE,,
j-2025,14,18.11.2025,18.11.2025 12:37:07,1,159,Dolnośląskie,15,Anestezjologia i intensywna terapia,2025/037044,Rezydencki,87.08,4.19,30.09.2025 13:22:00,20,NIE,,
j-2025,14,18.11.2025,18.11.2025 12:37:07,1,159,Dolnośląskie,16,Anestezjologia i intensywna terapia,2025/036854,Rezydencki,86.84,4.15,30.09.2025 10:21:39,20,NIE,,
j-2025,14,18.11.2025,18.11.2025 12:37:07,1,159,Dolnośląskie,17,Anestezjologia i intensywna terapia,2025/041945,Rezydencki,86.60,4.71,30.09.2025 10:39:42,20,NIE,,
j-2025,14,18.11.2025,18.11.2025 12:37:07,1,159,Dolnośląskie,18,Anestezjologia i intensywna terapia,2025/034027,Rezydencki,86.47,4.12,08.10.2025 15:43:25,20,NIE,,
j-2025,14,18.11.2025,18.11.2025 12:37:07,1,159,Dolnośląskie,19,Anestezjologia i intensywna terapia,2025/037901,Rezydencki,86.36,4.06,10.10.2025 08:57:37,20,NIE,,
j-2025,14,18.11.2025,18.11.2025 12:37:07,1,159,Dolnośląskie,20,Anestezjologia i intensywna terapia,2025/039481,Rezydencki,86.12,4.09,30.09.2025 21:44:10,20,NIE,,
j-2025,14,18.11.2025,18.11.2025 12:37:07,1,159,Dolnośląskie,21,Anestezjologia i intensywna terapia,2025/028572,Rezydencki,85.65,4.05,30.09.2025 10:09:58,20,NIE,,
j-2025,14,18.11.2025,18.11.2025 12:37:07,1,159,Dolnośląskie,22,Anestezjologia i intensywna terapia,2025/039499,Rezydencki,85.51,3.88,14.10.2025 20:38:17,20,NIE,,
j-2025,14,18.11.2025,18.11.2025 12:37:07,1,159,Dolnośląskie,23,Anestezjologia i intensywna terapia,2025/043333,Pozarezydencki,67.59,3.77,30.09.2025 23:08:31,3,NIE,,
j-2025,14,18.11.2025,18.11.2025 12:37:07,1,159,Dolnośląskie,24,Anestezjologia i intensywna terapia,2025/034716,Pozarezydencki,67.27,3.99,22.10.2025 10:05:55,3,NIE,,
j-2025,14,18.11.2025,18.11.2025 12:37:07,1,159,Dolnośląskie,25,Anestezjologia i intensywna terapia,2025/033913,Pozarezydencki,58.64,3.33,16.10.2025 20:46:31,3,NIE,,
j-2025,14,18.11.2025,18.11.2025 12:37:07,1,159,Dolnośląskie,26,Audiologia i foniatria,2025/033675,Pozarezydencki,78.54,3.51,18.10.2025 16:16:48,2,NIE,,
j-2025,14,18.11.2025,18.11.2025 12:37:07,1,159,Dolnośląskie,27,Audiologia i foniatria,2025/034727,Pozarezydencki,70.91,3.91,20.10.2025 09:39:55,2,NIE,,
j-2025,14,18.11.2025,18.11.2025 12:37:07,1,159,Dolnośląskie,28,Balneologia i medycyna fizykalna,2025/032148,Pozarezydencki,89.09,0.00,11.09.2025 12:29:07,2,NIE,,
j-2025,14,18.11.2025,18.11.2025 12:37:07,1,159,Dolnośląskie,29,Balneologia i medycyna fizykalna,2025/042215,Pozarezydencki,70.91,0.00,20.10.2025 16:52:00,2,NIE,,
j-2025,14,18.11.2025,18.11.2025 12:37:07,1,159,Dolnośląskie,30,Chirurgia dziecięca,2025/032703,Rezydencki,90.82,4.82,14.09.2025 11:09:00,5,NIE,,
j-2025,14,18.11.2025,18.11.2025 12:37:07,1,159,Dolnośląskie,31,Chirurgia dziecięca,2025/038295,Rezydencki,88.52,4.41,30.09.2025 19:41:15,5,NIE,,
j-2025,14,18.11.2025,18.11.2025 12:37:07,1,159,Dolnośląskie,32,Chirurgia dziecięca,2025/033631,Rezydencki,85.51,4.11,25.09.2025 11:03:04,5,NIE,,
j-2025,14,18.11.2025,18.11.2025 12:37:07,1,159,Dolnośląskie,33,Chirurgia dziecięca,2025/036621,Rezydencki,85.17,3.78,07.10.2025 12:23:44,5,NIE,,
j-2025,14,18.11.2025,18.11.2025 12:37:07,1,159,Dolnośląskie,34,Chirurgia dziecięca,2025/036882,Rezydencki,84.29,3.89,24.09.2025 18:14:15,5,NIE,,
j-2025,14,18.11.2025,18.11.2025 12:37:07,2,159,Dolnośląskie,35,Chirurgia klatki piersiowej,2025/038335,Rezydencki,82.30,3.99,30.09.2025 13:03:51,1,NIE,,
j-2025,14,18.11.2025,18.11.2025 12:37:07,2,159,Dolnośląskie,36,Chirurgia naczyniowa,2025/041127,Rezydencki,87.08,4.14,13.10.2025 18:58:22,1,NIE,,
j-2025,14,18.11.2025,18.11.2025 12:37:07,2,159,Dolnośląskie,37,Chirurgia ogólna,2025/041528,Rezydencki,90.24,4.31,29.09.2025 22:47:08,22,NIE,,
j-2025,14,18.11.2025,18.11.2025 12:37:07,2,159,Dolnośląskie,38,Chirurgia ogólna,2025/031967,Rezydencki,88.89,4.31,19.09.2025 20:32:57,22,NIE,,
j-2025,14,18.11.2025,18.11.2025 12:37:07,2,159,Dolnośląskie,39,Chirurgia ogólna,2025/030538,Rezydencki,88.65,4.63,22.09.2025 11:06:27,22,NIE,,
j-2025,14,18.11.2025,18.11.2025 12:37:07,2,159,Dolnośląskie,40,Chirurgia ogólna,2025/028652,Rezydencki,86.67,4.76,02.09.2025 11:43:46,22,NIE,,
j-2025,14,18.11.2025,18.11.2025 12:37:07,2,159,Dolnośląskie,41,Chirurgia ogólna,2025/032301,Rezydencki,86.60,4.28,01.10.2025 18:25:57,22,NIE,,
j-2025,14,18.11.2025,18.11.2025 12:37:07,2,159,Dolnośląskie,42,Chirurgia ogólna,2025/033559,Rezydencki,86.47,3.77,16.09.2025 18:47:25,22,NIE,,
j-2025,14,18.11.2025,18.11.2025 12:37:07,2,159,Dolnośląskie,43,Chirurgia ogólna,2025/040456,Rezydencki,84.69,4.33,13.10.2025 11:50:47,22,NIE,,
j-2025,14,18.11.2025,18.11.2025 12:37:07,2,159,Dolnośląskie,44,Chirurgia ogólna,2025/039237,Rezydencki,84.56,4.43,28.09.2025 12:09:03,22,NIE,,
j-2025,14,18.11.2025,18.11.2025 12:37:07,2,159,Dolnośląskie,45,Chirurgia ogólna,2025/036794,Rezydencki,83.73,4.01,14.10.2025 12:19:21,22,NIE,,
j-2025,14,18.11.2025,18.11.2025 12:37:07,2,159,Dolnośląskie,46,Chirurgia ogólna,2025/040205,Rezydencki,83.57,4.06,29.09.2025 20:54:32,22,NIE,,
j-2025,14,18.11.2025,18.11.2025 12:37:07,2,159,Dolnośląskie,47,Chirurgia ogólna,2025/036729,Rezydencki,82.38,4.16,09.10.2025 12:01:58,22,NIE,,
j-2025,14,18.11.2025,18.11.2025 12:37:07,2,159,Dolnośląskie,48,Chirurgia ogólna,2025/039726,Rezydencki,81.90,4.31,28.09.2025 21:13:23,22,NIE,,
j-2025,14,18.11.2025,18.11.2025 12:37:07,2,159,Dolnośląskie,49,Chirurgia ogólna,2025/041470,Rezydencki,79.05,3.41,29.09.2025 23:14:02,22,NIE,,
j-2025,14,18.11.2025,18.11.2025 12:37:07,2,159,Dolnośląskie,50,Chirurgia ogólna,2025/029762,Rezydencki,78.23,4.19,08.10.2025 14:48:47,22,NIE,,
j-2025,14,18.11.2025,18.11.2025 12:37:07,2,159,Dolnośląskie,51,Chirurgia ogólna,2025/038046,Rezydencki,78.10,4.01,25.09.2025 22:08:46,22,NIE,,
j-2025,14,18.11.2025,18.11.2025 12:37:07,2,159,Dolnośląskie,52,Chirurgia ogólna,2025/031441,Rezydencki,78.02,3.96,26.09.2025 20:22:06,22,NIE,,
j-2025,14,18.11.2025,18.11.2025 12:37:07,2,159,Dolnośląskie,53,Chirurgia ogólna,2025/035397,Rezydencki,77.14,3.95,26.09.2025 00:35:49,22,NIE,,
j-2025,14,18.11.2025,18.11.2025 12:37:07,2,159,Dolnośląskie,54,Chirurgia ogólna,2025/042967,Rezydencki,75.12,3.31,30.09.2025 21:02:50,22,NIE,,
j-2025,14,18.11.2025,18.11.2025 12:37:07,2,159,Dolnośląskie,55,Chirurgia ogólna,2025/036648,Rezydencki,75.12,3.13,30.09.2025 11:37:02,22,NIE,,
j-2025,14,18.11.2025,18.11.2025 12:37:07,2,159,Dolnośląskie,56,Chirurgia ogólna,2025/028959,Rezydencki,68.42,4.20,30.09.2025 17:13:42,22,NIE,,
j-2025,14,18.11.2025,18.11.2025 12:37:07,2,159,Dolnośląskie,57,Chirurgia ogólna,2025/028661,Rezydencki,64.88,3.40,02.09.2025 12:47:27,22,NIE,,
j-2025,14,18.11.2025,18.11.2025 12:37:07,2,159,Dolnośląskie,58,Chirurgia ogólna,2025/031364,Rezydencki,61.76,0.00,13.10.2025 08:32:50,22,NIE,,
j-2025,14,18.11.2025,18.11.2025 12:37:07,2,159,Dolnośląskie,59,Chirurgia ogólna,2025/032056,Pozarezydencki,77.42,4.80,15.10.2025 11:05:53,2,NIE,,
j-2025,14,18.11.2025,18.11.2025 12:37:07,2,159,Dolnośląskie,60,Chirurgia ogólna,2025/032721,Pozarezydencki,75.45,3.75,14.09.2025 12:22:06,2,NIE,,
j-2025,14,18.11.2025,18.11.2025 12:37:07,2,159,Dolnośląskie,61,Chirurgia onkologiczna,2025/041087,Rezydencki,86.90,4.54,29.09.2025 22:58:12,2,NIE,,
j-2025,14,18.11.2025,18.11.2025 12:37:07,2,159,Dolnośląskie,62,Chirurgia onkologiczna,2025/040470,Rezydencki,76.56,3.25,30.09.2025 12:30:21,2,NIE,,
j-2025,14,18.11.2025,18.11.2025 12:37:07,2,159,Dolnośląskie,63,Chirurgia onkologiczna,2025/040132,Pozarezydencki,71.89,4.04,18.10.2025 19:13:26,2,NIE,,
j-2025,14,18.11.2025,18.11.2025 12:37:07,2,159,Dolnośląskie,64,Chirurgia onkologiczna,2025/029118,Pozarezydencki,70.45,4.82,15.10.2025 08:36:49,2,NIE,,
j-2025,14,18.11.2025,18.11.2025 12:37:07,2,159,Dolnośląskie,65,Chirurgia plastyczna,2025/035980,Rezydencki,94.12,4.74,10.10.2025 11:24:44,1,NIE,,
j-2025,14,18.11.2025,18.11.2025 12:37:07,2,159,Dolnośląskie,66,Chirurgia plastyczna,2025/042542,Pozarezydencki,87.21,4.42,30.09.2025 22:06:51,3,NIE,,
j-2025,14,18.11.2025,18.11.2025 12:37:07,2,159,Dolnośląskie,67,Chirurgia plastyczna,2025/032316,Pozarezydencki,85.51,4.33,11.09.2025 22:37:39,3,NIE,,
j-2025,14,18.11.2025,18.11.2025 12:37:07,2,159,Dolnośląskie,68,Chirurgia plastyczna,2025/037854,Pozarezydencki,83.64,4.25,30.09.2025 09:42:16,3,NIE,,
j-2025,14,18.11.2025,18.11.2025 12:37:07,2,159,Dolnośląskie,69,Chirurgia stomatologiczna,2025/043183,Rezydencki,87.98,4.50,30.09.2025 22:16:17,1,NIE,,
j-2025,14,18.11.2025,18.11.2025 12:37:07,2,159,Dolnośląskie,70,Choroby płuc,2025/029708,Rezydencki,73.21,3.76,30.09.2025 19:18:37,1,NIE,,
j-2025,14,18.11.2025,18.11.2025 12:37:07,3,159,Dolnośląskie,71,Choroby płuc,2025/041450,Pozarezydencki,72.27,4.19,30.09.2025 15:51:55,1,NIE,,
j-2025,14,18.11.2025,18.11.2025 12:37:07,3,159,Dolnośląskie,72,Choroby płuc dzieci,2025/029050,Rezydencki,91.39,4.75,30.09.2025 10:57:31,2,NIE,,
j-2025,14,18.11.2025,18.11.2025 12:37:07,3,159,Dolnośląskie,73,Choroby płuc dzieci,2025/035418,Rezydencki,87.44,4.46,23.09.2025 14:46:41,2,NIE,,
j-2025,14,18.11.2025,18.11.2025 12:37:07,3,159,Dolnośląskie,74,Choroby płuc dzieci,2025/033973,Pozarezydencki,77.57,4.39,16.10.2025 13:03:05,1,NIE,,
j-2025,14,18.11.2025,18.11.2025 12:37:07,3,159,Dolnośląskie,75,Choroby wewnętrzne,2025/039703,Rezydencki,90.67,3.68,30.09.2025 20:01:54,45,NIE,,
j-2025,14,18.11.2025,18.11.2025 12:37:07,3,159,Dolnośląskie,76,Choroby wewnętrzne,2025/036887,Rezydencki,90.43,4.46,30.09.2025 10:48:58,45,NIE,,
j-2025,14,18.11.2025,18.11.2025 12:37:07,3,159,Dolnośląskie,77,Choroby wewnętrzne,2025/035216,Rezydencki,89.37,4.61,30.09.2025 20:06:44,45,NIE,,
j-2025,14,18.11.2025,18.11.2025 12:37:07,3,159,Dolnośląskie,78,Choroby wewnętrzne,2025/036227,Rezydencki,87.92,4.62,23.09.2025 20:47:05,45,NIE,,
j-2025,14,18.11.2025,18.11.2025 12:37:07,3,159,Dolnośląskie,79,Choroby wewnętrzne,2025/035412,Rezydencki,87.92,4.24,08.10.2025 14:22:54,45,NIE,,
j-2025,14,18.11.2025,18.11.2025 12:37:07,3,159,Dolnośląskie,80,Choroby wewnętrzne,2025/034031,Rezydencki,87.44,4.29,08.10.2025 15:46:11,45,NIE,,
j-2025,14,18.11.2025,18.11.2025 12:37:07,3,159,Dolnośląskie,81,Choroby wewnętrzne,2025/038963,Rezydencki,87.44,4.03,27.09.2025 16:40:32,45,NIE,,
j-2025,14,18.11.2025,18.11.2025 12:37:07,3,159,Dolnośląskie,82,Choroby wewnętrzne,2025/038117,Rezydencki,87.32,4.27,30.09.2025 08:36:22,45,NIE,,
j-2025,14,18.11.2025,18.11.2025 12:37:07,3,159,Dolnośląskie,83,Choroby wewnętrzne,2025/031904,Rezydencki,86.96,4.41,09.10.2025 08:45:48,45,NIE,,
j-2025,14,18.11.2025,18.11.2025 12:37:07,3,159,Dolnośląskie,84,Choroby wewnętrzne,2025/033183,Rezydencki,86.96,4.14,15.09.2025 18:35:37,45,NIE,,
j-2025,14,18.11.2025,18.11.2025 12:37:07,3,159,Dolnośląskie,85,Choroby wewnętrzne,2025/037151,Rezydencki,86.84,3.96,30.09.2025 23:04:39,45,NIE,,
j-2025,14,18.11.2025,18.11.2025 12:37:07,3,159,Dolnośląskie,86,Choroby wewnętrzne,2025/036991,Rezydencki,86.43,3.73,24.09.2025 19:39:07,45,NIE,,
j-2025,14,18.11.2025,18.11.2025 12:37:07,3,159,Dolnośląskie,87,Choroby wewnętrzne,2025/035499,Rezydencki,85.95,4.71,22.09.2025 19:26:38,45,NIE,,
j-2025,14,18.11.2025,18.11.2025 12:37:07,3,159,Dolnośląskie,88,Choroby wewnętrzne,2025/030872,Rezydencki,85.75,4.20,24.09.2025 19:15:27,45,NIE,,
j-2025,14,18.11.2025,18.11.2025 12:37:07,3,159,Dolnośląskie,89,Choroby wewnętrzne,2025/032354,Rezydencki,85.24,4.35,29.09.2025 23:26:25,45,NIE,,
j-2025,14,18.11.2025,18.11.2025 12:37:07,3,159,Dolnośląskie,90,Choroby wewnętrzne,2025/038834,Rezydencki,85.17,4.06,15.10.2025 13:14:08,45,NIE,,
j-2025,14,18.11.2025,18.11.2025 12:37:07,3,159,Dolnośląskie,91,Choroby wewnętrzne,2025/031325,Rezydencki,84.29,4.63,30.09.2025 20:05:39,45,NIE,,
j-2025,14,18.11.2025,18.11.2025 12:37:07,3,159,Dolnośląskie,92,Choroby wewnętrzne,2025/038876,Rezydencki,83.73,4.32,07.10.2025 11:49:41,45,NIE,,
j-2025,14,18.11.2025,18.11.2025 12:37:07,3,159,Dolnośląskie,93,Choroby wewnętrzne,2025/033859,Rezydencki,83.33,4.59,30.09.2025 18:11:22,45,NIE,,
j-2025,14,18.11.2025,18.11.2025 12:37:07,3,159,Dolnośląskie,94,Choroby wewnętrzne,2025/029634,Rezydencki,83.33,4.27,14.09.2025 18:24:46,45,NIE,,
j-2025,14,18.11.2025,18.11.2025 12:37:07,3,159,Dolnośląskie,95,Choroby wewnętrzne,2025/041420,Rezydencki,83.25,4.01,30.09.2025 17:40:38,45,NIE,,
j-2025,14,18.11.2025,18.11.2025 12:37:07,3,159,Dolnośląskie,96,Choroby wewnętrzne,2025/037641,Rezydencki,83.10,4.21,28.09.2025 13:54:44,45,NIE,,
j-2025,14,18.11.2025,18.11.2025 12:37:07,3,159,Dolnośląskie,97,Choroby wewnętrzne,2025/041146,Rezydencki,82.86,4.28,29.09.2025 22:11:46,45,NIE,,
j-2025,14,18.11.2025,18.11.2025 12:37:07,3,159,Dolnośląskie,98,Choroby wewnętrzne,2025/040522,Rezydencki,82.38,4.32,30.09.2025 09:50:48,45,NIE,,
j-2025,14,18.11.2025,18.11.2025 12:37:07,3,159,Dolnośląskie,99,Choroby wewnętrzne,2025/033149,Rezydencki,81.58,4.11,30.09.2025 06:33:42,45,NIE,,
j-2025,14,18.11.2025,18.11.2025 12:37:07,3,159,Dolnośląskie,100,Choroby wewnętrzne,2025/036140,Rezydencki,81.34,3.70,17.10.2025 16:15:59,45,NIE,,
j-2025,14,18.11.2025,18.11.2025 12:37:07,3,159,Dolnośląskie,101,Choroby wewnętrzne,2025/028479,Rezydencki,80.86,4.15,14.10.2025 11:00:33,45,NIE,,
j-2025,14,18.11.2025,18.11.2025 12:37:07,3,159,Dolnośląskie,102,Choroby wewnętrzne,2025/042018,Rezydencki,80.48,3.65,30.09.2025 16:53:16,45,NIE,,
j-2025,14,18.11.2025,18.11.2025 12:37:07,3,159,Dolnośląskie,103,Choroby wewnętrzne,2025/028809,Rezydencki,79.90,4.51,20.10.2025 17:59:00,45,NIE,,
j-2025,14,18.11.2025,18.11.2025 12:37:07,3,159,Dolnośląskie,104,Choroby wewnętrzne,2025/035670,Rezydencki,79.23,4.05,14.10.2025 13:35:08,45,NIE,,
j-2025,14,18.11.2025,18.11.2025 12:37:07,3,159,Dolnośląskie,105,Choroby wewnętrzne,2025/029834,Rezydencki,79.05,4.03,03.09.2025 22:29:32,45,NIE,,
j-2025,14,18.11.2025,18.11.2025 12:37:07,3,159,Dolnośląskie,106,Choroby wewnętrzne,2025/036925,Rezydencki,78.26,4.17,29.09.2025 15:10:07,45,NIE,,
j-2025,14,18.11.2025,18.11.2025 12:37:07,4,159,Dolnośląskie,107,Choroby wewnętrzne,2025/035121,Rezydencki,76.81,4.24,30.09.2025 10:53:11,45,NIE,,
j-2025,14,18.11.2025,18.11.2025 12:37:07,4,159,Dolnośląskie,108,Choroby wewnętrzne,2025/040187,Rezydencki,76.67,4.80,18.10.2025 11:18:55,45,NIE,,
j-2025,14,18.11.2025,18.11.2025 12:37:07,4,159,Dolnośląskie,109,Choroby wewnętrzne,2025/040647,Rezydencki,76.56,0.00,13.10.2025 16:21:03,45,NIE,,
j-2025,14,18.11.2025,18.11.2025 12:37:07,4,159,Dolnośląskie,110,Choroby wewnętrzne,2025/043090,Rezydencki,76.47,3.87,30.09.2025 21:47:23,45,NIE,,
j-2025,14,18.11.2025,18.11.2025 12:37:07,4,159,Dolnośląskie,111,Choroby wewnętrzne,2025/029325,Rezydencki,75.74,3.67,23.09.2025 09:39:33,45,NIE,,
j-2025,14,18.11.2025,18.11.2025 12:37:07,4,159,Dolnośląskie,112,Choroby wewnętrzne,2025/039345,Rezydencki,75.12,3.36,30.09.2025 21:58:07,45,NIE,,
j-2025,14,18.11.2025,18.11.2025 12:37:07,4,159,Dolnośląskie,113,Choroby wewnętrzne,2025/039339,Rezydencki,74.29,4.77,19.10.2025 18:57:36,45,NIE,,
j-2025,14,18.11.2025,18.11.2025 12:37:07,4,159,Dolnośląskie,114,Choroby wewnętrzne,2025/040017,Rezydencki,73.81,3.87,21.10.2025 09:13:13,45,NIE,,
j-2025,14,18.11.2025,18.11.2025 12:37:07,4,159,Dolnośląskie,115,Choroby wewnętrzne,2025/038021,Rezydencki,73.04,3.75,30.09.2025 18:25:01,45,NIE,,
j-2025,14,18.11.2025,18.11.2025 12:37:07,4,159,Dolnośląskie,116,Choroby wewnętrzne,2025/030608,Rezydencki,71.98,4.25,05.09.2025 12:51:52,45,NIE,,
j-2025,14,18.11.2025,18.11.2025 12:37:07,4,159,Dolnośląskie,117,Choroby wewnętrzne,2025/032780,Rezydencki,70.95,4.18,23.09.2025 21:21:59,45,NIE,,
j-2025,14,18.11.2025,18.11.2025 12:37:07,4,159,Dolnośląskie,118,Choroby wewnętrzne,2025/039451,Rezydencki,65.55,4.62,20.10.2025 07:38:31,45,NIE,,
j-2025,14,18.11.2025,18.11.2025 12:37:07,4,159,Dolnośląskie,119,Choroby wewnętrzne,2025/038877,Rezydencki,65.07,3.50,09.10.2025 13:36:34,45,NIE,,
j-2025,14,18.11.2025,18.11.2025 12:37:07,4,159,Dolnośląskie,120,Choroby wewnętrzne,2025/037916,Pozarezydencki,77.88,0.00,15.10.2025 13:55:26,4,NIE,,
j-2025,14,18.11.2025,18.11.2025 12:37:07,4,159,Dolnośląskie,121,Choroby wewnętrzne,2025/029095,Pozarezydencki,75.23,4.36,09.10.2025 19:43:03,4,NIE,,
j-2025,14,18.11.2025,18.11.2025 12:37:07,4,159,Dolnośląskie,122,Choroby wewnętrzne,2025/040514,Pozarezydencki,62.56,3.50,17.10.2025 13:30:45,4,NIE,,
j-2025,14,18.11.2025,18.11.2025 12:37:07,4,159,Dolnośląskie,123,Choroby wewnętrzne,2025/032855,Pozarezydencki,0.00,0.00,16.10.2025 22:28:57,4,NIE,,
j-2025,14,18.11.2025,18.11.2025 12:37:07,4,159,Dolnośląskie,124,Choroby zakaźne,2025/036807,Rezydencki,89.95,4.53,30.09.2025 08:54:48,3,NIE,,
j-2025,14,18.11.2025,18.11.2025 12:37:07,4,159,Dolnośląskie,125,Choroby zakaźne,2025/035032,Rezydencki,88.65,4.34,29.09.2025 10:40:57,3,NIE,,
j-2025,14,18.11.2025,18.11.2025 12:37:07,4,159,Dolnośląskie,126,Choroby zakaźne,2025/037273,Rezydencki,85.17,4.43,30.09.2025 20:41:24,3,NIE,,
j-2025,14,18.11.2025,18.11.2025 12:37:07,4,159,Dolnośląskie,127,Dermatologia i wenerologia,2025/031567,Rezydencki,93.24,4.82,29.09.2025 17:57:01,3,NIE,,
j-2025,14,18.11.2025,18.11.2025 12:37:07,4,159,Dolnośląskie,128,Dermatologia i wenerologia,2025/029955,Rezydencki,93.00,4.85,17.09.2025 14:30:15,3,NIE,,
j-2025,14,18.11.2025,18.11.2025 12:37:07,4,159,Dolnośląskie,129,Dermatologia i wenerologia,2025/039136,Rezydencki,92.82,4.28,30.09.2025 16:00:41,3,NIE,,
j-2025,14,18.11.2025,18.11.2025 12:37:07,4,159,Dolnośląskie,130,Dermatologia i wenerologia,2025/028827,Pozarezydencki,87.85,4.50,18.09.2025 22:41:00,2,NIE,,
j-2025,14,18.11.2025,18.11.2025 12:37:07,4,159,Dolnośląskie,131,Dermatologia i wenerologia,2025/037146,Pozarezydencki,86.53,4.25,30.09.2025 00:10:20,2,NIE,,
j-2025,14,18.11.2025,18.11.2025 12:37:07,4,159,Dolnośląskie,132,Diabetologia,2025/038927,Rezydencki,89.23,4.01,30.09.2025 20:25:38,2,NIE,,
j-2025,14,18.11.2025,18.11.2025 12:37:07,4,159,Dolnośląskie,133,Diabetologia,2025/031099,Rezydencki,87.44,4.16,30.09.2025 17:13:57,2,NIE,,
j-2025,14,18.11.2025,18.11.2025 12:37:07,4,159,Dolnośląskie,134,Diabetologia,2025/031810,Pozarezydencki,82.95,3.14,22.10.2025 13:20:10,2,NIE,,
j-2025,14,18.11.2025,18.11.2025 12:37:07,4,159,Dolnośląskie,135,Diabetologia,2025/028850,Pozarezydencki,80.00,4.20,14.10.2025 13:09:58,2,NIE,,
j-2025,14,18.11.2025,18.11.2025 12:37:07,4,159,Dolnośląskie,136,Endokrynologia,2025/038360,Rezydencki,95.22,4.33,09.10.2025 10:26:04,1,NIE,,
j-2025,14,18.11.2025,18.11.2025 12:37:07,4,159,Dolnośląskie,137,Endokrynologia,2025/036077,Pozarezydencki,88.71,4.79,09.10.2025 09:42:35,3,NIE,,
j-2025,14,18.11.2025,18.11.2025 12:37:07,4,159,Dolnośląskie,138,Endokrynologia,2025/037233,Pozarezydencki,87.38,0.00,29.09.2025 21:16:04,3,NIE,,
j-2025,14,18.11.2025,18.11.2025 12:37:07,4,159,Dolnośląskie,139,Endokrynologia,2025/039041,Pozarezydencki,86.41,4.61,30.09.2025 23:35:53,3,NIE,,
j-2025,14,18.11.2025,18.11.2025 12:37:07,4,159,Dolnośląskie,140,Endokrynologia ginekologiczna i rozrodczość,2025/040269,Pozarezydencki,80.00,4.83,03.10.2025 17:49:05,1,NIE,,
j-2025,14,18.11.2025,18.11.2025 12:37:07,4,159,Dolnośląskie,141,Endokrynologia i diabetologia dziecięca,2025/038540,Rezydencki,91.39,4.64,13.10.2025 16:41:16,1,NIE,,
j-2025,14,18.11.2025,18.11.2025 12:37:07,4,159,Dolnośląskie,142,Endokrynologia i diabetologia dziecięca,2025/032183,Pozarezydencki,85.81,4.54,22.09.2025 11:25:30,1,NIE,,
j-2025,14,18.11.2025,18.11.2025 12:37:07,5,159,Dolnośląskie,143,Epidemiologia,2025/038108,Rezydencki,76.67,4.28,16.10.2025 16:47:16,1,NIE,,
j-2025,14,18.11.2025,18.11.2025 12:37:07,5,159,Dolnośląskie,144,Gastroenterologia,2025/041088,Rezydencki,92.58,4.63,30.09.2025 18:51:22,3,NIE,,
j-2025,14,18.11.2025,18.11.2025 12:37:07,5,159,Dolnośląskie,145,Gastroenterologia,2025/036642,Rezydencki,92.11,4.36,13.10.2025 17:09:16,3,NIE,,
j-2025,14,18.11.2025,18.11.2025 12:37:07,5,159,Dolnośląskie,146,Gastroenterologia,2025/036257,Rezydencki,91.39,4.03,30.09.2025 21:37:25,3,NIE,,
j-2025,14,18.11.2025,18.11.2025 12:37:07,5,159,Dolnośląskie,147,Gastroenterologia,2025/038484,Pozarezydencki,85.39,4.10,03.10.2025 12:57:48,1,NIE,,
j-2025,14,18.11.2025,18.11.2025 12:37:07,5,159,Dolnośląskie,148,Genetyka kliniczna,2025/036185,Rezydencki,87.80,4.14,30.09.2025 13:53:25,2,NIE,,
j-2025,14,18.11.2025,18.11.2025 12:37:07,5,159,Dolnośląskie,149,Genetyka kliniczna,2025/039921,Rezydencki,85.51,3.75,28.09.2025 22:22:51,2,NIE,,
j-2025,14,18.11.2025,18.11.2025 12:37:07,5,159,Dolnośląskie,150,Geriatria,2025/037954,Rezydencki,88.89,4.80,27.09.2025 20:17:02,2,NIE,,
j-2025,14,18.11.2025,18.11.2025 12:37:07,5,159,Dolnośląskie,151,Geriatria,2025/034414,Rezydencki,81.40,4.43,23.09.2025 21:44:24,2,NIE,,
j-2025,14,18.11.2025,18.11.2025 12:37:07,5,159,Dolnośląskie,152,Ginekologia onkologiczna,2025/037037,Pozarezydencki,82.05,4.61,24.09.2025 20:25:06,2,NIE,,
j-2025,14,18.11.2025,18.11.2025 12:37:07,5,159,Dolnośląskie,153,Ginekologia onkologiczna,2025/031233,Pozarezydencki,75.12,4.50,06.10.2025 15:30:57,2,NIE,,
j-2025,14,18.11.2025,18.11.2025 12:37:07,5,159,Dolnośląskie,154,Hematologia,2025/029530,Rezydencki,89.61,4.43,02.09.2025 15:23:04,6,NIE,,
j-2025,14,18.11.2025,18.11.2025 12:37:07,5,159,Dolnośląskie,155,Hematologia,2025/038521,Rezydencki,89.47,3.93,30.09.2025 13:22:47,6,NIE,,
j-2025,14,18.11.2025,18.11.2025 12:37:07,5,159,Dolnośląskie,156,Hematologia,2025/029088,Rezydencki,88.24,4.49,29.09.2025 22:22:24,6,NIE,,
j-2025,14,18.11.2025,18.11.2025 12:37:07,5,159,Dolnośląskie,157,Hematologia,2025/029907,Rezydencki,86.47,4.30,13.09.2025 13:00:18,6,NIE,,
j-2025,14,18.11.2025,18.11.2025 12:37:07,5,159,Dolnośląskie,158,Hematologia,2025/039025,Rezydencki,85.65,3.56,30.09.2025 19:41:22,6,NIE,,
j-2025,14,18.11.2025,18.11.2025 12:37:07,5,159,Dolnośląskie,159,Hematologia,2025/032623,Rezydencki,84.21,4.37,14.10.2025 13:20:59,6,NIE,,
j-2025,14,18.11.2025,18.11.2025 12:37:07,5,159,Dolnośląskie,160,Kardiochirurgia,2025/041756,Rezydencki,83.57,3.14,30.09.2025 23:15:06,1,NIE,,
j-2025,14,18.11.2025,18.11.2025 12:37:07,5,159,Dolnośląskie,161,Kardiologia,2025/035334,Rezydencki,91.39,4.40,07.10.2025 22:53:42,12,NIE,,
j-2025,14,18.11.2025,18.11.2025 12:37:07,5,159,Dolnośląskie,162,Kardiologia,2025/038825,Rezydencki,91.06,4.69,29.09.2025 22:07:47,12,NIE,,
j-2025,14,18.11.2025,18.11.2025 12:37:07,5,159,Dolnośląskie,163,Kardiologia,2025/041384,Rezydencki,90.67,4.40,30.09.2025 18:09:50,12,NIE,,
j-2025,14,18.11.2025,18.11.2025 12:37:07,5,159,Dolnośląskie,164,Kardiologia,2025/039082,Rezydencki,90.43,4.28,30.09.2025 19:06:38,12,NIE,,
j-2025,14,18.11.2025,18.11.2025 12:37:07,5,159,Dolnośląskie,165,Kardiologia,2025/037922,Rezydencki,90.34,4.82,28.09.2025 11:21:50,12,NIE,,
j-2025,14,18.11.2025,18.11.2025 12:37:07,5,159,Dolnośląskie,166,Kardiologia,2025/028577,Rezydencki,90.34,4.20,02.09.2025 14:38:31,12,NIE,,
j-2025,14,18.11.2025,18.11.2025 12:37:07,5,159,Dolnośląskie,167,Kardiologia,2025/028906,Rezydencki,90.10,4.17,01.09.2025 17:24:44,12,NIE,,
j-2025,14,18.11.2025,18.11.2025 12:37:07,5,159,Dolnośląskie,168,Kardiologia,2025/031068,Rezydencki,89.95,4.36,30.09.2025 00:25:24,12,NIE,,
j-2025,14,18.11.2025,18.11.2025 12:37:07,5,159,Dolnośląskie,169,Kardiologia,2025/037637,Rezydencki,89.95,3.80,14.10.2025 14:03:18,12,NIE,,
j-2025,14,18.11.2025,18.11.2025 12:37:07,5,159,Dolnośląskie,170,Kardiologia,2025/033861,Rezydencki,89.86,4.40,25.09.2025 21:44:23,12,NIE,,
j-2025,14,18.11.2025,18.11.2025 12:37:07,5,159,Dolnośląskie,171,Kardiologia,2025/039803,Rezydencki,89.00,4.35,30.09.2025 11:45:27,12,NIE,,
j-2025,14,18.11.2025,18.11.2025 12:37:07,5,159,Dolnośląskie,172,Kardiologia,2025/040974,Rezydencki,89.00,4.07,30.09.2025 16:17:03,12,NIE,,
j-2025,14,18.11.2025,18.11.2025 12:37:07,5,159,Dolnośląskie,173,Kardiologia,2025/041133,Pozarezydencki,84.25,4.35,30.09.2025 15:11:52,9,NIE,,
j-2025,14,18.11.2025,18.11.2025 12:37:07,5,159,Dolnośląskie,174,Kardiologia,2025/030892,Pozarezydencki,84.02,4.36,30.09.2025 13:43:56,9,NIE,,
j-2025,14,18.11.2025,18.11.2025 12:37:07,5,159,Dolnośląskie,175,Kardiologia,2025/037013,Pozarezydencki,82.03,4.36,24.09.2025 19:53:19,9,NIE,,
j-2025,14,18.11.2025,18.11.2025 12:37:07,5,159,Dolnośląskie,176,Kardiologia,2025/030815,Pozarezydencki,78.60,4.97,27.09.2025 10:44:24,9,NIE,,
j-2025,14,18.11.2025,18.11.2025 12:37:07,5,159,Dolnośląskie,177,Kardiologia,2025/036378,Pozarezydencki,78.60,3.77,11.10.2025 13:47:17,9,NIE,,
j-2025,14,18.11.2025,18.11.2025 12:37:07,5,159,Dolnośląskie,178,Kardiologia,2025/039722,Pozarezydencki,73.06,3.69,16.10.2025 08:27:09,9,NIE,,
j-2025,14,18.11.2025,18.11.2025 12:37:07,6,159,Dolnośląskie,179,Kardiologia,2025/030886,Pozarezydencki,71.99,4.65,30.09.2025 00:47:18,9,NIE,,
j-2025,14,18.11.2025,18.11.2025 12:37:07,6,159,Dolnośląskie,180,Kardiologia,2025/031953,Pozarezydencki,70.91,3.05,24.10.2025 14:16:58,9,NIE,,
j-2025,14,18.11.2025,18.11.2025 12:37:07,6,159,Dolnośląskie,181,Kardiologia,2025/039383,Pozarezydencki,68.64,4.08,14.10.2025 13:37:18,9,NIE,,
j-2025,14,18.11.2025,18.11.2025 12:37:07,6,159,Dolnośląskie,182,Medycyna nuklearna,2025/028641,Rezydencki,92.89,4.79,23.09.2025 14:37:14,2,NIE,,
j-2025,14,18.11.2025,18.11.2025 12:37:07,6,159,Dolnośląskie,183,Medycyna nuklearna,2025/038990,Rezydencki,88.52,4.01,30.09.2025 20:51:37,2,NIE,,
j-2025,14,18.11.2025,18.11.2025 12:37:07,6,159,Dolnośląskie,184,Medycyna paliatywna,2025/038012,Pozarezydencki,84.55,4.30,29.09.2025 21:39:05,4,NIE,,
j-2025,14,18.11.2025,18.11.2025 12:37:07,6,159,Dolnośląskie,185,Medycyna paliatywna,2025/031201,Pozarezydencki,75.45,4.47,07.10.2025 18:28:13,4,NIE,,
j-2025,14,18.11.2025,18.11.2025 12:37:07,6,159,Dolnośląskie,186,Medycyna paliatywna,2025/030258,Pozarezydencki,71.76,0.00,11.09.2025 10:06:07,4,NIE,,
j-2025,14,18.11.2025,18.11.2025 12:37:07,6,159,Dolnośląskie,187,Medycyna paliatywna,2025/029918,Pozarezydencki,70.91,3.89,03.09.2025 13:37:16,4,NIE,,
j-2025,14,18.11.2025,18.11.2025 12:37:07,6,159,Dolnośląskie,188,Medycyna pracy,2025/031178,Rezydencki,91.18,4.65,30.09.2025 12:02:04,1,NIE,,
j-2025,14,18.11.2025,18.11.2025 12:37:07,6,159,Dolnośląskie,189,Medycyna ratunkowa,2025/041484,Rezydencki,86.19,4.31,29.09.2025 22:35:10,3,NIE,,
j-2025,14,18.11.2025,18.11.2025 12:37:07,6,159,Dolnośląskie,190,Medycyna ratunkowa,2025/043342,Rezydencki,68.14,4.28,30.09.2025 23:54:35,3,NIE,,
j-2025,14,18.11.2025,18.11.2025 12:37:07,6,159,Dolnośląskie,191,Medycyna ratunkowa,2025/041076,Rezydencki,67.94,4.66,30.09.2025 07:10:07,3,NIE,,
j-2025,14,18.11.2025,18.11.2025 12:37:07,6,159,Dolnośląskie,192,Medycyna ratunkowa,2025/035584,Pozarezydencki,85.02,4.22,09.10.2025 10:53:58,3,NIE,,
j-2025,14,18.11.2025,18.11.2025 12:37:07,6,159,Dolnośląskie,193,Medycyna ratunkowa,2025/035175,Pozarezydencki,77.21,0.00,22.10.2025 10:49:35,3,NIE,,
j-2025,14,18.11.2025,18.11.2025 12:37:07,6,159,Dolnośląskie,194,Medycyna ratunkowa,2025/038946,Pozarezydencki,65.91,0.00,21.10.2025 11:46:52,3,NIE,,
j-2025,14,18.11.2025,18.11.2025 12:37:07,6,159,Dolnośląskie,195,Medycyna rodzinna,2025/035360,Rezydencki,90.82,4.78,22.09.2025 15:19:34,49,NIE,,
j-2025,14,18.11.2025,18.11.2025 12:37:07,6,159,Dolnośląskie,196,Medycyna rodzinna,2025/031498,Rezydencki,89.37,4.70,09.10.2025 08:54:02,49,NIE,,
j-2025,14,18.11.2025,18.11.2025 12:37:07,6,159,Dolnośląskie,197,Medycyna rodzinna,2025/029075,Rezydencki,89.22,4.64,10.10.2025 11:26:41,49,NIE,,
j-2025,14,18.11.2025,18.11.2025 12:37:07,6,159,Dolnośląskie,198,Medycyna rodzinna,2025/028516,Rezydencki,88.52,4.54,30.09.2025 08:27:15,49,NIE,,
j-2025,14,18.11.2025,18.11.2025 12:37:07,6,159,Dolnośląskie,199,Medycyna rodzinna,2025/039382,Rezydencki,88.28,4.21,30.09.2025 17:56:43,49,NIE,,
j-2025,14,18.11.2025,18.11.2025 12:37:07,6,159,Dolnośląskie,200,Medycyna rodzinna,2025/038499,Rezydencki,87.86,4.09,30.09.2025 20:09:26,49,NIE,,
j-2025,14,18.11.2025,18.11.2025 12:37:07,6,159,Dolnośląskie,201,Medycyna rodzinna,2025/038598,Rezydencki,87.56,3.88,30.09.2025 12:38:24,49,NIE,,
j-2025,14,18.11.2025,18.11.2025 12:37:07,6,159,Dolnośląskie,202,Medycyna rodzinna,2025/035459,Rezydencki,87.32,4.54,22.09.2025 18:13:59,49,NIE,,
j-2025,14,18.11.2025,18.11.2025 12:37:07,6,159,Dolnośląskie,203,Medycyna rodzinna,2025/033540,Rezydencki,87.14,4.32,22.09.2025 22:37:42,49,NIE,,
j-2025,14,18.11.2025,18.11.2025 12:37:07,6,159,Dolnośląskie,204,Medycyna rodzinna,2025/039860,Rezydencki,86.96,4.34,10.10.2025 13:52:07,49,NIE,,
j-2025,14,18.11.2025,18.11.2025 12:37:07,6,159,Dolnośląskie,205,Medycyna rodzinna,2025/029106,Rezydencki,86.60,4.39,30.09.2025 10:33:44,49,NIE,,
j-2025,14,18.11.2025,18.11.2025 12:37:07,6,159,Dolnośląskie,206,Medycyna rodzinna,2025/030043,Rezydencki,86.27,4.60,29.09.2025 22:23:28,49,NIE,,
j-2025,14,18.11.2025,18.11.2025 12:37:07,6,159,Dolnośląskie,207,Medycyna rodzinna,2025/032729,Rezydencki,86.27,4.38,15.09.2025 19:45:09,49,NIE,,
j-2025,14,18.11.2025,18.11.2025 12:37:07,6,159,Dolnośląskie,208,Medycyna rodzinna,2025/040340,Rezydencki,86.23,4.49,30.09.2025 00:12:55,49,NIE,,
j-2025,14,18.11.2025,18.11.2025 12:37:07,6,159,Dolnośląskie,209,Medycyna rodzinna,2025/028456,Rezydencki,86.12,4.46,30.09.2025 08:16:34,49,NIE,,
j-2025,14,18.11.2025,18.11.2025 12:37:07,6,159,Dolnośląskie,210,Medycyna rodzinna,2025/039213,Rezydencki,85.17,4.35,30.09.2025 16:21:21,49,NIE,,
j-2025,14,18.11.2025,18.11.2025 12:37:07,6,159,Dolnośląskie,211,Medycyna rodzinna,2025/038512,Rezydencki,84.76,4.08,26.09.2025 18:00:51,49,NIE,,
j-2025,14,18.11.2025,18.11.2025 12:37:07,6,159,Dolnośląskie,212,Medycyna rodzinna,2025/029602,Rezydencki,84.21,4.22,09.10.2025 16:27:09,49,NIE,,
j-2025,14,18.11.2025,18.11.2025 12:37:07,6,159,Dolnośląskie,213,Medycyna rodzinna,2025/042761,Rezydencki,83.73,3.77,14.10.2025 18:43:20,49,NIE,,
j-2025,14,18.11.2025,18.11.2025 12:37:07,6,159,Dolnośląskie,214,Medycyna rodzinna,2025/040403,Rezydencki,83.57,4.77,09.10.2025 13:25:47,49,NIE,,
j-2025,14,18.11.2025,18.11.2025 12:37:07,7,159,Dolnośląskie,215,Medycyna rodzinna,2025/028587,Rezydencki,82.44,3.73,23.09.2025 10:46:54,49,NIE,,
j-2025,14,18.11.2025,18.11.2025 12:37:07,7,159,Dolnośląskie,216,Medycyna rodzinna,2025/037197,Rezydencki,81.90,4.01,17.10.2025 14:18:53,49,NIE,,
j-2025,14,18.11.2025,18.11.2025 12:37:07,7,159,Dolnośląskie,217,Medycyna rodzinna,2025/039656,Rezydencki,81.34,3.58,30.09.2025 17:27:59,49,NIE,,
j-2025,14,18.11.2025,18.11.2025 12:37:07,7,159,Dolnośląskie,218,Medycyna rodzinna,2025/040668,Rezydencki,81.34,3.30,06.10.2025 20:33:14,49,NIE,,
j-2025,14,18.11.2025,18.11.2025 12:37:07,7,159,Dolnośląskie,219,Medycyna rodzinna,2025/036890,Rezydencki,80.98,3.78,24.09.2025 18:21:47,49,NIE,,
j-2025,14,18.11.2025,18.11.2025 12:37:07,7,159,Dolnośląskie,220,Medycyna rodzinna,2025/030118,Rezydencki,80.95,4.25,25.09.2025 13:40:09,49,NIE,,
j-2025,14,18.11.2025,18.11.2025 12:37:07,7,159,Dolnośląskie,221,Medycyna rodzinna,2025/036608,Rezydencki,80.48,4.12,24.09.2025 13:05:25,49,NIE,,
j-2025,14,18.11.2025,18.11.2025 12:37:07,7,159,Dolnośląskie,222,Medycyna rodzinna,2025/034207,Rezydencki,79.52,4.08,26.09.2025 13:02:25,49,NIE,,
j-2025,14,18.11.2025,18.11.2025 12:37:07,7,159,Dolnośląskie,223,Medycyna rodzinna,2025/032261,Rezydencki,79.23,4.31,28.09.2025 11:47:25,49,NIE,,
j-2025,14,18.11.2025,18.11.2025 12:37:07,7,159,Dolnośląskie,224,Medycyna rodzinna,2025/041358,Rezydencki,79.23,3.57,29.09.2025 21:45:52,49,NIE,,
j-2025,14,18.11.2025,18.11.2025 12:37:07,7,159,Dolnośląskie,225,Medycyna rodzinna,2025/039089,Rezydencki,78.47,4.18,30.09.2025 21:27:11,49,NIE,,
j-2025,14,18.11.2025,18.11.2025 12:37:07,7,159,Dolnośląskie,226,Medycyna rodzinna,2025/042229,Rezydencki,77.51,3.74,30.09.2025 13:51:29,49,NIE,,
j-2025,14,18.11.2025,18.11.2025 12:37:07,7,159,Dolnośląskie,227,Medycyna rodzinna,2025/034411,Rezydencki,77.14,4.23,26.09.2025 14:55:10,49,NIE,,
j-2025,14,18.11.2025,18.11.2025 12:37:07,7,159,Dolnośląskie,228,Medycyna rodzinna,2025/038702,Rezydencki,77.14,3.79,30.09.2025 21:02:22,49,NIE,,
j-2025,14,18.11.2025,18.11.2025 12:37:07,7,159,Dolnośląskie,229,Medycyna rodzinna,2025/037367,Rezydencki,75.60,4.02,22.10.2025 11:03:17,49,NIE,,
j-2025,14,18.11.2025,18.11.2025 12:37:07,7,159,Dolnośląskie,230,Medycyna rodzinna,2025/041537,Rezydencki,75.60,3.95,16.10.2025 22:27:09,49,NIE,,
j-2025,14,18.11.2025,18.11.2025 12:37:07,7,159,Dolnośląskie,231,Medycyna rodzinna,2025/038637,Rezydencki,74.51,4.19,09.10.2025 22:42:46,49,NIE,,
j-2025,14,18.11.2025,18.11.2025 12:37:07,7,159,Dolnośląskie,232,Medycyna rodzinna,2025/033241,Rezydencki,74.02,3.74,23.09.2025 20:48:18,49,NIE,,
j-2025,14,18.11.2025,18.11.2025 12:37:07,7,159,Dolnośląskie,233,Medycyna rodzinna,2025/040564,Rezydencki,73.44,3.29,30.09.2025 01:17:24,49,NIE,,
j-2025,14,18.11.2025,18.11.2025 12:37:07,7,159,Dolnośląskie,234,Medycyna rodzinna,2025/042448,Rezydencki,70.48,3.67,20.10.2025 09:48:43,49,NIE,,
j-2025,14,18.11.2025,18.11.2025 12:37:07,7,159,Dolnośląskie,235,Medycyna rodzinna,2025/039865,Rezydencki,70.33,3.73,14.10.2025 11:15:29,49,NIE,,
j-2025,14,18.11.2025,18.11.2025 12:37:07,7,159,Dolnośląskie,236,Medycyna rodzinna,2025/037253,Rezydencki,68.60,0.00,25.09.2025 00:06:13,49,NIE,,
j-2025,14,18.11.2025,18.11.2025 12:37:07,7,159,Dolnośląskie,237,Medycyna rodzinna,2025/037909,Rezydencki,67.62,0.00,15.10.2025 20:47:46,49,NIE,,
j-2025,14,18.11.2025,18.11.2025 12:37:07,7,159,Dolnośląskie,238,Medycyna rodzinna,2025/039730,Rezydencki,66.67,4.64,28.09.2025 20:21:11,49,NIE,,
j-2025,14,18.11.2025,18.11.2025 12:37:07,7,159,Dolnośląskie,239,Medycyna rodzinna,2025/039542,Rezydencki,63.33,4.10,21.10.2025 13:19:32,49,NIE,,
j-2025,14,18.11.2025,18.11.2025 12:37:07,7,159,Dolnośląskie,240,Medycyna rodzinna,2025/036307,Rezydencki,61.96,3.60,09.10.2025 22:00:35,49,NIE,,
j-2025,14,18.11.2025,18.11.2025 12:37:07,7,159,Dolnośląskie,241,Medycyna rodzinna,2025/040774,Rezydencki,61.72,3.70,22.10.2025 10:24:28,49,NIE,,
j-2025,14,18.11.2025,18.11.2025 12:37:07,7,159,Dolnośląskie,242,Medycyna rodzinna,2025/042135,Rezydencki,58.94,3.81,22.10.2025 14:46:01,49,NIE,,
j-2025,14,18.11.2025,18.11.2025 12:37:07,7,159,Dolnośląskie,243,Medycyna rodzinna,2025/041340,Rezydencki,57.49,3.67,30.09.2025 18:12:05,49,NIE,,
j-2025,14,18.11.2025,18.11.2025 12:37:07,7,159,Dolnośląskie,244,Medycyna rodzinna,2025/033668,Pozarezydencki,65.91,4.40,11.10.2025 13:27:42,3,NIE,,
j-2025,14,18.11.2025,18.11.2025 12:37:07,7,159,Dolnośląskie,245,Medycyna rodzinna,2025/043005,Pozarezydencki,59.09,0.00,08.10.2025 21:12:12,3,NIE,,
j-2025,14,18.11.2025,18.11.2025 12:37:07,7,159,Dolnośląskie,246,Medycyna rodzinna,2025/032420,Pozarezydencki,58.18,0.00,22.10.2025 17:33:58,3,NIE,,
j-2025,14,18.11.2025,18.11.2025 12:37:07,7,159,Dolnośląskie,247,Medycyna sądowa,2025/038902,Rezydencki,66.51,3.56,14.10.2025 14:32:16,1,NIE,,
j-2025,14,18.11.2025,18.11.2025 12:37:07,7,159,Dolnośląskie,248,Nefrologia,2025/029059,Rezydencki,92.75,4.75,01.09.2025 20:38:35,3,NIE,,
j-2025,14,18.11.2025,18.11.2025 12:37:07,7,159,Dolnośląskie,249,Nefrologia,2025/031215,Rezydencki,88.52,4.57,30.09.2025 06:36:33,3,NIE,,
j-2025,14,18.11.2025,18.11.2025 12:37:07,7,159,Dolnośląskie,250,Nefrologia,2025/030794,Rezydencki,87.92,4.44,25.09.2025 21:18:36,3,NIE,,
j-2025,14,18.11.2025,18.11.2025 12:37:07,8,159,Dolnośląskie,251,Neonatologia,2025/035038,Rezydencki,86.96,4.55,08.10.2025 14:08:03,5,NIE,,
j-2025,14,18.11.2025,18.11.2025 12:37:07,8,159,Dolnośląskie,252,Neonatologia,2025/029036,Rezydencki,85.99,4.32,01.09.2025 20:03:12,5,NIE,,
j-2025,14,18.11.2025,18.11.2025 12:37:07,8,159,Dolnośląskie,253,Neonatologia,2025/038544,Rezydencki,79.90,4.09,09.10.2025 14:23:35,5,NIE,,
j-2025,14,18.11.2025,18.11.2025 12:37:07,8,159,Dolnośląskie,254,Neonatologia,2025/028408,Rezydencki,78.26,4.31,01.09.2025 00:48:12,5,NIE,,
j-2025,14,18.11.2025,18.11.2025 12:37:07,8,159,Dolnośląskie,255,Neonatologia,2025/033743,Rezydencki,67.46,3.94,16.10.2025 15:58:00,5,NIE,,
j-2025,14,18.11.2025,18.11.2025 12:37:07,8,159,Dolnośląskie,256,Neonatologia,2025/030291,Pozarezydencki,73.82,3.89,22.10.2025 13:16:22,1,NIE,,
j-2025,14,18.11.2025,18.11.2025 12:37:07,8,159,Dolnośląskie,257,Neurochirurgia,2025/040828,Rezydencki,93.30,0.00,15.10.2025 13:10:06,2,NIE,,
j-2025,14,18.11.2025,18.11.2025 12:37:07,8,159,Dolnośląskie,258,Neurochirurgia,2025/036803,Rezydencki,91.30,4.30,24.09.2025 17:14:55,2,NIE,,
j-2025,14,18.11.2025,18.11.2025 12:37:07,8,159,Dolnośląskie,259,Neurologia,2025/030452,Rezydencki,91.39,4.25,30.09.2025 20:09:38,15,NIE,,
j-2025,14,18.11.2025,18.11.2025 12:37:07,8,159,Dolnośląskie,260,Neurologia,2025/036762,Rezydencki,90.34,4.57,25.09.2025 14:28:44,15,NIE,,
j-2025,14,18.11.2025,18.11.2025 12:37:07,8,159,Dolnośląskie,261,Neurologia,2025/031646,Rezydencki,88.89,4.31,22.09.2025 17:55:18,15,NIE,,
j-2025,14,18.11.2025,18.11.2025 12:37:07,8,159,Dolnośląskie,262,Neurologia,2025/032893,Rezydencki,87.92,4.39,29.09.2025 21:37:06,15,NIE,,
j-2025,14,18.11.2025,18.11.2025 12:37:07,8,159,Dolnośląskie,263,Neurologia,2025/032730,Rezydencki,86.34,4.38,14.09.2025 12:57:22,15,NIE,,
j-2025,14,18.11.2025,18.11.2025 12:37:07,8,159,Dolnośląskie,264,Neurologia,2025/040980,Rezydencki,85.95,4.46,30.09.2025 18:59:53,15,NIE,,
j-2025,14,18.11.2025,18.11.2025 12:37:07,8,159,Dolnośląskie,265,Neurologia,2025/032631,Rezydencki,85.17,3.62,30.09.2025 00:07:09,15,NIE,,
j-2025,14,18.11.2025,18.11.2025 12:37:07,8,159,Dolnośląskie,266,Neurologia,2025/037130,Rezydencki,84.29,3.41,30.09.2025 14:10:50,15,NIE,,
j-2025,14,18.11.2025,18.11.2025 12:37:07,8,159,Dolnośląskie,267,Neurologia,2025/040552,Rezydencki,81.82,3.78,30.09.2025 16:47:40,15,NIE,,
j-2025,14,18.11.2025,18.11.2025 12:37:07,8,159,Dolnośląskie,268,Neurologia,2025/043258,Rezydencki,76.81,4.23,30.09.2025 22:42:40,15,NIE,,
j-2025,14,18.11.2025,18.11.2025 12:37:07,8,159,Dolnośląskie,269,Neurologia,2025/028936,Rezydencki,73.68,4.00,15.10.2025 10:05:02,15,NIE,,
j-2025,14,18.11.2025,18.11.2025 12:37:07,8,159,Dolnośląskie,270,Neurologia,2025/041472,Rezydencki,72.25,3.70,30.09.2025 22:48:41,15,NIE,,
j-2025,14,18.11.2025,18.11.2025 12:37:07,8,159,Dolnośląskie,271,Neurologia,2025/039042,Rezydencki,63.16,4.59,10.10.2025 09:13:07,15,NIE,,
j-2025,14,18.11.2025,18.11.2025 12:37:07,8,159,Dolnośląskie,272,Neurologia,2025/040367,Rezydencki,56.94,4.71,30.09.2025 14:39:11,15,NIE,,
j-2025,14,18.11.2025,18.11.2025 12:37:07,8,159,Dolnośląskie,273,Neurologia,2025/028893,Rezydencki,0.00,4.12,17.10.2025 17:29:50,15,NIE,,
j-2025,14,18.11.2025,18.11.2025 12:37:07,8,159,Dolnośląskie,274,Neurologia,2025/038925,Pozarezydencki,75.34,4.16,30.09.2025 06:59:00,1,NIE,,
j-2025,14,18.11.2025,18.11.2025 12:37:07,8,159,Dolnośląskie,275,Neurologia dziecięca,2025/036513,Rezydencki,89.95,4.60,23.10.2025 13:22:06,4,NIE,,
j-2025,14,18.11.2025,18.11.2025 12:37:07,8,159,Dolnośląskie,276,Neurologia dziecięca,2025/031937,Rezydencki,88.10,4.64,21.09.2025 10:27:51,4,NIE,,
j-2025,14,18.11.2025,18.11.2025 12:37:07,8,159,Dolnośląskie,277,Neurologia dziecięca,2025/036778,Rezydencki,87.08,4.40,30.09.2025 08:06:07,4,NIE,,
j-2025,14,18.11.2025,18.11.2025 12:37:07,8,159,Dolnośląskie,278,Neurologia dziecięca,2025/030212,Rezydencki,87.08,3.84,30.09.2025 20:08:57,4,NIE,,
j-2025,14,18.11.2025,18.11.2025 12:37:07,8,159,Dolnośląskie,279,Okulistyka,2025/029068,Rezydencki,91.15,4.54,30.09.2025 11:05:55,7,NIE,,
j-2025,14,18.11.2025,18.11.2025 12:37:07,8,159,Dolnośląskie,280,Okulistyka,2025/029240,Rezydencki,91.15,3.98,30.09.2025 15:21:18,7,NIE,,
j-2025,14,18.11.2025,18.11.2025 12:37:07,8,159,Dolnośląskie,281,Okulistyka,2025/034694,Rezydencki,90.82,4.71,29.09.2025 21:23:43,7,NIE,,
j-2025,14,18.11.2025,18.11.2025 12:37:07,8,159,Dolnośląskie,282,Okulistyka,2025/041281,Rezydencki,90.43,4.63,30.09.2025 21:49:19,7,NIE,,
j-2025,14,18.11.2025,18.11.2025 12:37:07,8,159,Dolnośląskie,283,Okulistyka,2025/036832,Rezydencki,89.52,4.51,16.10.2025 01:42:37,7,NIE,,
j-2025,14,18.11.2025,18.11.2025 12:37:07,8,159,Dolnośląskie,284,Okulistyka,2025/038636,Rezydencki,89.47,4.71,15.10.2025 21:37:10,7,NIE,,
j-2025,14,18.11.2025,18.11.2025 12:37:07,8,159,Dolnośląskie,285,Okulistyka,2025/043360,Rezydencki,89.23,4.72,30.09.2025 23:29:21,7,NIE,,
j-2025,14,18.11.2025,18.11.2025 12:37:07,8,159,Dolnośląskie,286,Onkologia kliniczna,2025/028878,Rezydencki,88.16,4.22,30.09.2025 21:08:32,9,NIE,,
j-2025,14,18.11.2025,18.11.2025 12:37:07,9,159,Dolnośląskie,287,Onkologia kliniczna,2025/037533,Rezydencki,85.17,4.03,30.09.2025 19:38:46,9,NIE,,
j-2025,14,18.11.2025,18.11.2025 12:37:07,9,159,Dolnośląskie,288,Onkologia kliniczna,2025/029058,Rezydencki,84.31,4.58,30.09.2025 00:25:02,9,NIE,,
j-2025,14,18.11.2025,18.11.2025 12:37:07,9,159,Dolnośląskie,289,Onkologia kliniczna,2025/029960,Rezydencki,84.21,4.20,30.09.2025 20:22:24,9,NIE,,
j-2025,14,18.11.2025,18.11.2025 12:37:07,9,159,Dolnośląskie,290,Onkologia kliniczna,2025/037850,Rezydencki,81.34,4.01,30.09.2025 10:34:40,9,NIE,,
j-2025,14,18.11.2025,18.11.2025 12:37:07,9,159,Dolnośląskie,291,Onkologia kliniczna,2025/028660,Rezydencki,79.95,3.82,28.09.2025 12:43:01,9,NIE,,
j-2025,14,18.11.2025,18.11.2025 12:37:07,9,159,Dolnośląskie,292,Onkologia kliniczna,2025/041642,Rezydencki,76.19,4.05,30.09.2025 17:13:05,9,NIE,,
j-2025,14,18.11.2025,18.11.2025 12:37:07,9,159,Dolnośląskie,293,Onkologia kliniczna,2025/028942,Rezydencki,74.51,3.50,15.09.2025 16:10:52,9,NIE,,
j-2025,14,18.11.2025,18.11.2025 12:37:07,9,159,Dolnośląskie,294,Onkologia kliniczna,2025/037336,Rezydencki,72.25,4.14,30.09.2025 11:22:25,9,NIE,,
j-2025,14,18.11.2025,18.11.2025 12:37:07,9,159,Dolnośląskie,295,Ortodoncja,2025/038385,Rezydencki,91.15,4.77,30.09.2025 21:45:10,7,NIE,,
j-2025,14,18.11.2025,18.11.2025 12:37:07,9,159,Dolnośląskie,296,Ortodoncja,2025/036858,Rezydencki,89.00,4.74,24.09.2025 17:54:33,7,NIE,,
j-2025,14,18.11.2025,18.11.2025 12:37:07,9,159,Dolnośląskie,297,Ortodoncja,2025/034592,Rezydencki,89.00,4.45,08.10.2025 13:54:38,7,NIE,,
j-2025,14,18.11.2025,18.11.2025 12:37:07,9,159,Dolnośląskie,298,Ortodoncja,2025/034819,Rezydencki,88.41,4.70,16.10.2025 10:16:30,7,NIE,,
j-2025,14,18.11.2025,18.11.2025 12:37:07,9,159,Dolnośląskie,299,Ortodoncja,2025/033166,Rezydencki,88.22,4.75,26.09.2025 19:34:13,7,NIE,,
j-2025,14,18.11.2025,18.11.2025 12:37:07,9,159,Dolnośląskie,300,Ortodoncja,2025/038883,Rezydencki,88.10,4.23,30.09.2025 15:59:40,7,NIE,,
j-2025,14,18.11.2025,18.11.2025 12:37:07,9,159,Dolnośląskie,301,Ortodoncja,2025/030102,Rezydencki,87.98,4.57,29.09.2025 23:36:43,7,NIE,,
j-2025,14,18.11.2025,18.11.2025 12:37:07,9,159,Dolnośląskie,302,Ortodoncja,2025/028530,Pozarezydencki,89.09,0.00,01.09.2025 09:24:22,2,NIE,,
j-2025,14,18.11.2025,18.11.2025 12:37:07,9,159,Dolnośląskie,303,Ortodoncja,2025/033277,Pozarezydencki,83.18,4.35,24.09.2025 22:18:32,2,NIE,,
j-2025,14,18.11.2025,18.11.2025 12:37:07,9,159,Dolnośląskie,304,Ortopedia i traumatologia narządu ruchu,2025/041381,Rezydencki,89.47,4.28,30.09.2025 02:11:13,3,NIE,,
j-2025,14,18.11.2025,18.11.2025 12:37:07,9,159,Dolnośląskie,305,Ortopedia i traumatologia narządu ruchu,2025/036370,Rezydencki,87.99,4.69,28.09.2025 21:07:13,3,NIE,,
j-2025,14,18.11.2025,18.11.2025 12:37:07,9,159,Dolnośląskie,306,Ortopedia i traumatologia narządu ruchu,2025/030125,Rezydencki,87.44,4.04,04.09.2025 00:10:57,3,NIE,,
j-2025,14,18.11.2025,18.11.2025 12:37:07,9,159,Dolnośląskie,307,Ortopedia i traumatologia narządu ruchu,2025/041728,Pozarezydencki,78.77,4.14,30.09.2025 21:48:32,11,NIE,,
j-2025,14,18.11.2025,18.11.2025 12:37:07,9,159,Dolnośląskie,308,Ortopedia i traumatologia narządu ruchu,2025/033902,Pozarezydencki,78.34,3.74,29.09.2025 20:41:33,11,NIE,,
j-2025,14,18.11.2025,18.11.2025 12:37:07,9,159,Dolnośląskie,309,Ortopedia i traumatologia narządu ruchu,2025/039904,Pozarezydencki,76.94,3.86,12.10.2025 22:43:49,11,NIE,,
j-2025,14,18.11.2025,18.11.2025 12:37:07,9,159,Dolnośląskie,310,Ortopedia i traumatologia narządu ruchu,2025/036460,Pozarezydencki,70.05,3.98,29.09.2025 12:13:00,11,NIE,,
j-2025,14,18.11.2025,18.11.2025 12:37:07,9,159,Dolnośląskie,311,Ortopedia i traumatologia narządu ruchu,2025/033326,Pozarezydencki,70.00,3.58,30.09.2025 22:31:13,11,NIE,,
j-2025,14,18.11.2025,18.11.2025 12:37:07,9,159,Dolnośląskie,312,Ortopedia i traumatologia narządu ruchu,2025/037783,Pozarezydencki,67.99,3.86,07.10.2025 19:54:33,11,NIE,,
j-2025,14,18.11.2025,18.11.2025 12:37:07,9,159,Dolnośląskie,313,Ortopedia i traumatologia narządu ruchu,2025/036892,Pozarezydencki,67.58,4.44,30.09.2025 11:41:37,11,NIE,,
j-2025,14,18.11.2025,18.11.2025 12:37:07,9,159,Dolnośląskie,314,Ortopedia i traumatologia narządu ruchu,2025/041813,Pozarezydencki,66.21,3.09,17.10.2025 09:27:58,11,NIE,,
j-2025,14,18.11.2025,18.11.2025 12:37:07,9,159,Dolnośląskie,315,Ortopedia i traumatologia narządu ruchu,2025/038949,Pozarezydencki,64.09,3.90,27.09.2025 15:28:13,11,NIE,,
j-2025,14,18.11.2025,18.11.2025 12:37:07,9,159,Dolnośląskie,316,Ortopedia i traumatologia narządu ruchu,2025/039951,Pozarezydencki,63.59,3.54,30.09.2025 22:14:44,11,NIE,,
j-2025,14,18.11.2025,18.11.2025 12:37:07,9,159,Dolnośląskie,317,Ortopedia i traumatologia narządu ruchu,2025/039336,Pozarezydencki,62.67,4.00,28.09.2025 23:05:49,11,NIE,,
j-2025,14,18.11.2025,18.11.2025 12:37:07,9,159,Dolnośląskie,318,Otorynolaryngologia,2025/038060,Rezydencki,89.23,3.69,30.09.2025 18:58:34,1,NIE,,
j-2025,14,18.11.2025,18.11.2025 12:37:07,9,159,Dolnośląskie,319,Otorynolaryngologia dziecięca,2025/041372,Rezydencki,87.08,4.40,15.10.2025 10:39:57,1,NIE,,
j-2025,14,18.11.2025,18.11.2025 12:37:07,9,159,Dolnośląskie,320,Patomorfologia,2025/032894,Rezydencki,83.57,4.31,14.09.2025 21:17:23,4,NIE,,
j-2025,14,18.11.2025,18.11.2025 12:37:07,9,159,Dolnośląskie,321,Patomorfologia,2025/034661,Rezydencki,80.19,3.70,27.09.2025 14:46:50,4,NIE,,
j-2025,14,18.11.2025,18.11.2025 12:37:07,9,159,Dolnośląskie,322,Patomorfologia,2025/032417,Rezydencki,72.62,3.80,26.09.2025 15:36:46,4,NIE,,
j-2025,14,18.11.2025,18.11.2025 12:37:07,10,159,Dolnośląskie,323,Patomorfologia,2025/039049,Rezydencki,70.81,3.90,30.09.2025 19:14:13,4,NIE,,
j-2025,14,18.11.2025,18.11.2025 12:37:07,10,159,Dolnośląskie,324,Pediatria,2025/042511,Rezydencki,90.91,4.59,30.09.2025 17:50:34,29,NIE,,
j-2025,14,18.11.2025,18.11.2025 12:37:07,10,159,Dolnośląskie,325,Pediatria,2025/041056,Rezydencki,90.43,4.66,30.09.2025 16:08:52,29,NIE,,
j-2025,14,18.11.2025,18.11.2025 12:37:07,10,159,Dolnośląskie,326,Pediatria,2025/036221,Rezydencki,89.47,4.67,30.09.2025 23:13:14,29,NIE,,
j-2025,14,18.11.2025,18.11.2025 12:37:07,10,159,Dolnośląskie,327,Pediatria,2025/041492,Rezydencki,89.23,4.09,30.09.2025 13:53:39,29,NIE,,
j-2025,14,18.11.2025,18.11.2025 12:37:07,10,159,Dolnośląskie,328,Pediatria,2025/032445,Rezydencki,89.00,4.28,10.10.2025 11:24:59,29,NIE,,
j-2025,14,18.11.2025,18.11.2025 12:37:07,10,159,Dolnośląskie,329,Pediatria,2025/038979,Rezydencki,89.00,3.35,03.10.2025 17:17:08,29,NIE,,
j-2025,14,18.11.2025,18.11.2025 12:37:07,10,159,Dolnośląskie,330,Pediatria,2025/040099,Rezydencki,88.41,4.35,29.09.2025 21:53:29,29,NIE,,
j-2025,14,18.11.2025,18.11.2025 12:37:07,10,159,Dolnośląskie,331,Pediatria,2025/038064,Rezydencki,88.04,4.67,30.09.2025 21:27:43,29,NIE,,
j-2025,14,18.11.2025,18.11.2025 12:37:07,10,159,Dolnośląskie,332,Pediatria,2025/033591,Rezydencki,87.68,4.63,07.10.2025 14:21:07,29,NIE,,
j-2025,14,18.11.2025,18.11.2025 12:37:07,10,159,Dolnośląskie,333,Pediatria,2025/040821,Rezydencki,87.08,4.07,30.09.2025 11:17:16,29,NIE,,
j-2025,14,18.11.2025,18.11.2025 12:37:07,10,159,Dolnośląskie,334,Pediatria,2025/041617,Rezydencki,86.84,4.08,06.10.2025 22:36:55,29,NIE,,
j-2025,14,18.11.2025,18.11.2025 12:37:07,10,159,Dolnośląskie,335,Pediatria,2025/028826,Rezydencki,86.76,4.13,22.09.2025 12:04:38,29,NIE,,
j-2025,14,18.11.2025,18.11.2025 12:37:07,10,159,Dolnośląskie,336,Pediatria,2025/031572,Rezydencki,86.47,4.47,17.09.2025 16:30:41,29,NIE,,
j-2025,14,18.11.2025,18.11.2025 12:37:07,10,159,Dolnośląskie,337,Pediatria,2025/029656,Rezydencki,86.36,4.20,30.09.2025 18:45:52,29,NIE,,
j-2025,14,18.11.2025,18.11.2025 12:37:07,10,159,Dolnośląskie,338,Pediatria,2025/037645,Rezydencki,86.36,4.06,30.09.2025 22:11:29,29,NIE,,
j-2025,14,18.11.2025,18.11.2025 12:37:07,10,159,Dolnośląskie,339,Pediatria,2025/039806,Rezydencki,86.23,4.11,29.09.2025 21:11:25,29,NIE,,
j-2025,14,18.11.2025,18.11.2025 12:37:07,10,159,Dolnośląskie,340,Pediatria,2025/041239,Rezydencki,86.12,4.12,30.09.2025 20:34:27,29,NIE,,
j-2025,14,18.11.2025,18.11.2025 12:37:07,10,159,Dolnośląskie,341,Pediatria,2025/035683,Rezydencki,85.99,4.34,30.09.2025 15:56:43,29,NIE,,
j-2025,14,18.11.2025,18.11.2025 12:37:07,10,159,Dolnośląskie,342,Pediatria,2025/038609,Rezydencki,85.75,4.44,06.10.2025 13:13:55,29,NIE,,
j-2025,14,18.11.2025,18.11.2025 12:37:07,10,159,Dolnośląskie,343,Pediatria,2025/041061,Rezydencki,85.65,4.57,30.09.2025 16:09:27,29,NIE,,
j-2025,14,18.11.2025,18.11.2025 12:37:07,10,159,Dolnośląskie,344,Pediatria,2025/029345,Rezydencki,84.76,4.44,15.10.2025 10:49:32,29,NIE,,
j-2025,14,18.11.2025,18.11.2025 12:37:07,10,159,Dolnośląskie,345,Pediatria,2025/035517,Rezydencki,84.29,4.38,30.09.2025 19:41:12,29,NIE,,
j-2025,14,18.11.2025,18.11.2025 12:37:07,10,159,Dolnośląskie,346,Pediatria,2025/036724,Rezydencki,84.21,4.16,06.10.2025 16:31:41,29,NIE,,
j-2025,14,18.11.2025,18.11.2025 12:37:07,10,159,Dolnośląskie,347,Pediatria,2025/031452,Rezydencki,83.25,3.92,30.09.2025 09:34:46,29,NIE,,
j-2025,14,18.11.2025,18.11.2025 12:37:07,10,159,Dolnośląskie,348,Pediatria,2025/034730,Rezydencki,81.90,4.04,23.09.2025 09:43:17,29,NIE,,
j-2025,14,18.11.2025,18.11.2025 12:37:07,10,159,Dolnośląskie,349,Pediatria,2025/040287,Rezydencki,79.90,4.39,06.10.2025 13:11:43,29,NIE,,
j-2025,14,18.11.2025,18.11.2025 12:37:07,10,159,Dolnośląskie,350,Pediatria,2025/033820,Rezydencki,76.19,3.87,22.09.2025 14:20:34,29,NIE,,
j-2025,14,18.11.2025,18.11.2025 12:37:07,10,159,Dolnośląskie,351,Pediatria,2025/036579,Rezydencki,75.60,4.16,30.09.2025 08:53:18,29,NIE,,
j-2025,14,18.11.2025,18.11.2025 12:37:07,10,159,Dolnośląskie,352,Pediatria,2025/042818,Rezydencki,73.10,4.11,07.10.2025 16:46:02,29,NIE,,
j-2025,14,18.11.2025,18.11.2025 12:37:07,10,159,Dolnośląskie,353,Pediatria,2025/035936,Pozarezydencki,76.94,3.68,08.10.2025 12:33:33,2,NIE,,
j-2025,14,18.11.2025,18.11.2025 12:37:07,10,159,Dolnośląskie,354,Pediatria,2025/040047,Pozarezydencki,63.47,0.00,08.10.2025 15:10:35,2,NIE,,
j-2025,14,18.11.2025,18.11.2025 12:37:07,10,159,Dolnośląskie,355,Pediatria metaboliczna,2025/028486,Pozarezydencki,82.95,4.09,08.09.2025 09:37:15,1,NIE,,
j-2025,14,18.11.2025,18.11.2025 12:37:07,10,159,Dolnośląskie,356,Periodontologia,2025/032375,Rezydencki,88.10,4.28,30.09.2025 23:14:17,3,NIE,,
j-2025,14,18.11.2025,18.11.2025 12:37:07,10,159,Dolnośląskie,357,Periodontologia,2025/030729,Rezydencki,85.71,4.40,05.09.2025 21:01:27,3,NIE,,
j-2025,14,18.11.2025,18.11.2025 12:37:07,10,159,Dolnośląskie,358,Periodontologia,2025/034264,Rezydencki,84.62,4.75,30.09.2025 11:44:12,3,NIE,,
j-2025,14,18.11.2025,18.11.2025 12:37:07,11,159,Dolnośląskie,359,Periodontologia,2025/042969,Pozarezydencki,75.68,3.31,16.10.2025 21:32:45,1,NIE,,
j-2025,14,18.11.2025,18.11.2025 12:37:07,11,159,Dolnośląskie,360,Położnictwo i ginekologia,2025/036702,Rezydencki,89.37,4.65,29.09.2025 21:12:07,11,NIE,,
j-2025,14,18.11.2025,18.11.2025 12:37:07,11,159,Dolnośląskie,361,Położnictwo i ginekologia,2025/031200,Rezydencki,87.14,4.22,29.09.2025 23:51:36,11,NIE,,
j-2025,14,18.11.2025,18.11.2025 12:37:07,11,159,Dolnośląskie,362,Położnictwo i ginekologia,2025/030837,Rezydencki,86.96,3.94,14.09.2025 23:12:31,11,NIE,,
j-2025,14,18.11.2025,18.11.2025 12:37:07,11,159,Dolnośląskie,363,Położnictwo i ginekologia,2025/037168,Rezydencki,86.19,4.39,29.09.2025 18:22:32,11,NIE,,
j-2025,14,18.11.2025,18.11.2025 12:37:07,11,159,Dolnośląskie,364,Położnictwo i ginekologia,2025/038861,Rezydencki,86.12,4.03,30.09.2025 17:28:14,11,NIE,,
j-2025,14,18.11.2025,18.11.2025 12:37:07,11,159,Dolnośląskie,365,Położnictwo i ginekologia,2025/028968,Rezydencki,85.27,3.94,30.09.2025 16:34:15,11,NIE,,
j-2025,14,18.11.2025,18.11.2025 12:37:07,11,159,Dolnośląskie,366,Położnictwo i ginekologia,2025/040092,Rezydencki,85.17,4.16,30.09.2025 21:26:49,11,NIE,,
j-2025,14,18.11.2025,18.11.2025 12:37:07,11,159,Dolnośląskie,367,Położnictwo i ginekologia,2025/034616,Rezydencki,85.00,4.42,23.09.2025 17:46:27,11,NIE,,
j-2025,14,18.11.2025,18.11.2025 12:37:07,11,159,Dolnośląskie,368,Położnictwo i ginekologia,2025/039043,Rezydencki,84.29,4.25,30.09.2025 18:31:52,11,NIE,,
j-2025,14,18.11.2025,18.11.2025 12:37:07,11,159,Dolnośląskie,369,Położnictwo i ginekologia,2025/042838,Rezydencki,83.90,3.61,30.09.2025 20:17:13,11,NIE,,
j-2025,14,18.11.2025,18.11.2025 12:37:07,11,159,Dolnośląskie,370,Położnictwo i ginekologia,2025/039342,Rezydencki,83.82,4.14,28.09.2025 13:53:52,11,NIE,,
j-2025,14,18.11.2025,18.11.2025 12:37:07,11,159,Dolnośląskie,371,Położnictwo i ginekologia,2025/030800,Pozarezydencki,78.60,4.86,20.10.2025 22:26:58,3,NIE,,
j-2025,14,18.11.2025,18.11.2025 12:37:07,11,159,Dolnośląskie,372,Położnictwo i ginekologia,2025/039375,Pozarezydencki,70.78,3.52,30.09.2025 15:34:15,3,NIE,,
j-2025,14,18.11.2025,18.11.2025 12:37:07,11,159,Dolnośląskie,373,Położnictwo i ginekologia,2025/039815,Pozarezydencki,63.93,3.82,30.09.2025 21:24:18,3,NIE,,
j-2025,14,18.11.2025,18.11.2025 12:37:07,11,159,Dolnośląskie,374,Protetyka stomatologiczna,2025/034057,Rezydencki,85.75,4.29,13.10.2025 22:09:36,1,NIE,,
j-2025,14,18.11.2025,18.11.2025 12:37:07,11,159,Dolnośląskie,375,Protetyka stomatologiczna,2025/031845,Pozarezydencki,78.18,3.73,12.09.2025 13:48:39,2,NIE,,
j-2025,14,18.11.2025,18.11.2025 12:37:07,11,159,Dolnośląskie,376,Protetyka stomatologiczna,2025/030954,Pozarezydencki,75.46,3.85,13.09.2025 12:45:53,2,NIE,,
j-2025,14,18.11.2025,18.11.2025 12:37:07,11,159,Dolnośląskie,377,Psychiatria,2025/028686,Rezydencki,91.87,4.74,30.09.2025 07:17:10,18,NIE,,
j-2025,14,18.11.2025,18.11.2025 12:37:07,11,159,Dolnośląskie,378,Psychiatria,2025/040616,Rezydencki,91.79,4.81,30.09.2025 17:23:05,18,NIE,,
j-2025,14,18.11.2025,18.11.2025 12:37:07,11,159,Dolnośląskie,379,Psychiatria,2025/030668,Rezydencki,90.82,4.34,30.09.2025 21:12:26,18,NIE,,
j-2025,14,18.11.2025,18.11.2025 12:37:07,11,159,Dolnośląskie,380,Psychiatria,2025/041734,Rezydencki,89.29,4.73,30.09.2025 16:58:44,18,NIE,,
j-2025,14,18.11.2025,18.11.2025 12:37:07,11,159,Dolnośląskie,381,Psychiatria,2025/041020,Rezydencki,89.00,4.71,30.09.2025 21:45:31,18,NIE,,
j-2025,14,18.11.2025,18.11.2025 12:37:07,11,159,Dolnośląskie,382,Psychiatria,2025/035022,Rezydencki,87.80,4.74,27.10.2025 08:09:40,18,NIE,,
j-2025,14,18.11.2025,18.11.2025 12:37:07,11,159,Dolnośląskie,383,Psychiatria,2025/038770,Rezydencki,87.08,4.38,30.09.2025 14:28:39,18,NIE,,
j-2025,14,18.11.2025,18.11.2025 12:37:07,11,159,Dolnośląskie,384,Psychiatria,2025/029614,Rezydencki,86.60,3.94,30.09.2025 00:53:38,18,NIE,,
j-2025,14,18.11.2025,18.11.2025 12:37:07,11,159,Dolnośląskie,385,Psychiatria,2025/028646,Rezydencki,86.60,3.94,09.10.2025 11:46:56,18,NIE,,
j-2025,14,18.11.2025,18.11.2025 12:37:07,11,159,Dolnośląskie,386,Psychiatria,2025/043315,Rezydencki,85.99,3.82,30.09.2025 23:21:04,18,NIE,,
j-2025,14,18.11.2025,18.11.2025 12:37:07,11,159,Dolnośląskie,387,Psychiatria,2025/036914,Rezydencki,85.95,4.45,13.10.2025 17:23:36,18,NIE,,
j-2025,14,18.11.2025,18.11.2025 12:37:07,11,159,Dolnośląskie,388,Psychiatria,2025/042191,Rezydencki,85.54,4.14,21.10.2025 00:06:46,18,NIE,,
j-2025,14,18.11.2025,18.11.2025 12:37:07,11,159,Dolnośląskie,389,Psychiatria,2025/037607,Rezydencki,85.41,3.72,30.09.2025 19:31:34,18,NIE,,
j-2025,14,18.11.2025,18.11.2025 12:37:07,11,159,Dolnośląskie,390,Psychiatria,2025/041090,Rezydencki,84.45,3.84,30.09.2025 17:47:33,18,NIE,,
j-2025,14,18.11.2025,18.11.2025 12:37:07,11,159,Dolnośląskie,391,Psychiatria,2025/038042,Rezydencki,83.09,4.21,18.10.2025 09:33:34,18,NIE,,
j-2025,14,18.11.2025,18.11.2025 12:37:07,11,159,Dolnośląskie,392,Psychiatria,2025/042394,Rezydencki,81.10,4.04,30.09.2025 23:27:28,18,NIE,,
j-2025,14,18.11.2025,18.11.2025 12:37:07,11,159,Dolnośląskie,393,Psychiatria,2025/042725,Rezydencki,80.38,3.96,30.09.2025 19:07:48,18,NIE,,
j-2025,14,18.11.2025,18.11.2025 12:37:07,11,159,Dolnośląskie,394,Psychiatria,2025/038941,Rezydencki,79.67,3.79,30.09.2025 20:33:45,18,NIE,,
j-2025,14,18.11.2025,18.11.2025 12:37:07,12,159,Dolnośląskie,395,Psychiatria,2025/032684,Pozarezydencki,82.72,4.31,23.09.2025 21:19:22,7,NIE,,
j-2025,14,18.11.2025,18.11.2025 12:37:07,12,159,Dolnośląskie,396,Psychiatria,2025/035860,Pozarezydencki,79.09,3.86,24.09.2025 11:21:45,7,NIE,,
j-2025,14,18.11.2025,18.11.2025 12:37:07,12,159,Dolnośląskie,397,Psychiatria,2025/033893,Pozarezydencki,78.80,4.39,25.09.2025 22:01:38,7,NIE,,
j-2025,14,18.11.2025,18.11.2025 12:37:07,12,159,Dolnośląskie,398,Psychiatria,2025/029242,Pozarezydencki,78.11,3.62,22.10.2025 09:40:27,7,NIE,,
j-2025,14,18.11.2025,18.11.2025 12:37:07,12,159,Dolnośląskie,399,Psychiatria,2025/042216,Pozarezydencki,73.97,4.01,14.10.2025 12:11:09,7,NIE,,
j-2025,14,18.11.2025,18.11.2025 12:37:07,12,159,Dolnośląskie,400,Psychiatria,2025/037384,Pozarezydencki,69.41,3.71,30.09.2025 00:36:21,7,NIE,,
j-2025,14,18.11.2025,18.11.2025 12:37:07,12,159,Dolnośląskie,401,Psychiatria,2025/038228,Pozarezydencki,3.86,3.51,08.10.2025 13:35:45,7,NIE,,
j-2025,14,18.11.2025,18.11.2025 12:37:07,12,159,Dolnośląskie,402,Psychiatria dzieci i młodzieży,2025/039395,Rezydencki,85.65,3.38,30.09.2025 15:54:30,5,NIE,,
j-2025,14,18.11.2025,18.11.2025 12:37:07,12,159,Dolnośląskie,403,Psychiatria dzieci i młodzieży,2025/041361,Rezydencki,85.24,3.93,30.09.2025 15:50:09,5,NIE,,
j-2025,14,18.11.2025,18.11.2025 12:37:07,12,159,Dolnośląskie,404,Psychiatria dzieci i młodzieży,2025/037165,Rezydencki,84.93,4.23,30.09.2025 09:16:39,5,NIE,,
j-2025,14,18.11.2025,18.11.2025 12:37:07,12,159,Dolnośląskie,405,Psychiatria dzieci i młodzieży,2025/036933,Rezydencki,84.69,4.18,30.09.2025 19:06:12,5,NIE,,
j-2025,14,18.11.2025,18.11.2025 12:37:07,12,159,Dolnośląskie,406,Psychiatria dzieci i młodzieży,2025/040713,Rezydencki,82.30,4.26,30.09.2025 22:49:08,5,NIE,,
j-2025,14,18.11.2025,18.11.2025 12:37:07,12,159,Dolnośląskie,407,Psychiatria dzieci i młodzieży,2025/029661,Pozarezydencki,75.23,3.52,08.09.2025 20:42:53,6,NIE,,
j-2025,14,18.11.2025,18.11.2025 12:37:07,12,159,Dolnośląskie,408,Psychiatria dzieci i młodzieży,2025/029146,Pozarezydencki,70.91,4.40,30.09.2025 21:54:05,6,NIE,,
j-2025,14,18.11.2025,18.11.2025 12:37:07,12,159,Dolnośląskie,409,Psychiatria dzieci i młodzieży,2025/036480,Pozarezydencki,70.91,3.40,24.09.2025 09:48:37,6,NIE,,
j-2025,14,18.11.2025,18.11.2025 12:37:07,12,159,Dolnośląskie,410,Psychiatria dzieci i młodzieży,2025/042907,Pozarezydencki,63.64,0.00,15.10.2025 11:54:42,6,NIE,,
j-2025,14,18.11.2025,18.11.2025 12:37:07,12,159,Dolnośląskie,411,Psychiatria dzieci i młodzieży,2025/042433,Pozarezydencki,63.64,0.00,22.10.2025 23:24:25,6,NIE,,
j-2025,14,18.11.2025,18.11.2025 12:37:07,12,159,Dolnośląskie,412,Psychiatria dzieci i młodzieży,2025/028638,Pozarezydencki,63.30,4.41,14.10.2025 14:31:17,6,NIE,,
j-2025,14,18.11.2025,18.11.2025 12:37:07,12,159,Dolnośląskie,413,Radiologia i diagnostyka obrazowa,2025/038715,Rezydencki,90.20,4.35,30.09.2025 13:50:46,5,NIE,,
j-2025,14,18.11.2025,18.11.2025 12:37:07,12,159,Dolnośląskie,414,Radiologia i diagnostyka obrazowa,2025/042029,Rezydencki,89.71,4.31,30.09.2025 18:20:48,5,NIE,,
j-2025,14,18.11.2025,18.11.2025 12:37:07,12,159,Dolnośląskie,415,Radiologia i diagnostyka obrazowa,2025/038299,Rezydencki,89.00,4.38,30.09.2025 00:46:08,5,NIE,,
j-2025,14,18.11.2025,18.11.2025 12:37:07,12,159,Dolnośląskie,416,Radiologia i diagnostyka obrazowa,2025/041443,Rezydencki,89.00,4.30,30.09.2025 22:28:19,5,NIE,,
j-2025,14,18.11.2025,18.11.2025 12:37:07,12,159,Dolnośląskie,417,Radiologia i diagnostyka obrazowa,2025/039786,Rezydencki,88.89,4.69,29.09.2025 19:44:00,5,NIE,,
j-2025,14,18.11.2025,18.11.2025 12:37:07,12,159,Dolnośląskie,418,Radiologia i diagnostyka obrazowa,2025/031379,Pozarezydencki,84.25,4.03,30.09.2025 08:19:32,16,NIE,,
j-2025,14,18.11.2025,18.11.2025 12:37:07,12,159,Dolnośląskie,419,Radiologia i diagnostyka obrazowa,2025/039087,Pozarezydencki,82.72,4.28,30.09.2025 15:58:00,16,NIE,,
j-2025,14,18.11.2025,18.11.2025 12:37:07,12,159,Dolnośląskie,420,Radiologia i diagnostyka obrazowa,2025/041583,Pozarezydencki,81.74,4.27,30.09.2025 22:23:46,16,NIE,,
j-2025,14,18.11.2025,18.11.2025 12:37:07,12,159,Dolnośląskie,421,Radiologia i diagnostyka obrazowa,2025/040811,Pozarezydencki,81.28,3.70,15.10.2025 16:20:41,16,NIE,,
j-2025,14,18.11.2025,18.11.2025 12:37:07,12,159,Dolnośląskie,422,Radiologia i diagnostyka obrazowa,2025/040905,Pozarezydencki,79.91,3.92,13.10.2025 13:49:00,16,NIE,,
j-2025,14,18.11.2025,18.11.2025 12:37:07,12,159,Dolnośląskie,423,Radiologia i diagnostyka obrazowa,2025/041402,Pozarezydencki,75.81,4.09,29.09.2025 22:05:44,16,NIE,,
j-2025,14,18.11.2025,18.11.2025 12:37:07,12,159,Dolnośląskie,424,Radiologia i diagnostyka obrazowa,2025/040887,Pozarezydencki,75.45,4.18,29.09.2025 18:30:44,16,NIE,,
j-2025,14,18.11.2025,18.11.2025 12:37:07,12,159,Dolnośląskie,425,Radiologia i diagnostyka obrazowa,2025/034150,Pozarezydencki,75.45,3.32,18.09.2025 12:36:16,16,NIE,,
j-2025,14,18.11.2025,18.11.2025 12:37:07,12,159,Dolnośląskie,426,Radiologia i diagnostyka obrazowa,2025/040402,Pozarezydencki,74.89,4.59,22.10.2025 09:19:31,16,NIE,,
j-2025,14,18.11.2025,18.11.2025 12:37:07,12,159,Dolnośląskie,427,Radiologia i diagnostyka obrazowa,2025/043374,Pozarezydencki,74.43,3.72,30.09.2025 23:40:34,16,NIE,,
j-2025,14,18.11.2025,18.11.2025 12:37:07,12,159,Dolnośląskie,428,Radiologia i diagnostyka obrazowa,2025/042332,Pozarezydencki,71.36,4.05,30.09.2025 14:56:25,16,NIE,,
j-2025,14,18.11.2025,18.11.2025 12:37:07,12,159,Dolnośląskie,429,Radiologia i diagnostyka obrazowa,2025/028428,Pozarezydencki,64.98,0.00,28.10.2025 10:42:24,16,NIE,,
j-2025,14,18.11.2025,18.11.2025 12:37:07,12,159,Dolnośląskie,430,Radiologia i diagnostyka obrazowa,2025/040031,Pozarezydencki,60.00,2.92,29.09.2025 00:10:13,16,NIE,,
j-2025,14,18.11.2025,18.11.2025 12:37:07,13,159,Dolnośląskie,431,Radiologia i diagnostyka obrazowa,2025/029437,Pozarezydencki,53.00,3.26,08.10.2025 15:38:39,16,NIE,,
j-2025,14,18.11.2025,18.11.2025 12:37:07,13,159,Dolnośląskie,432,Radiologia i diagnostyka obrazowa,2025/042371,Pozarezydencki,51.15,0.00,23.10.2025 14:06:02,16,NIE,,
j-2025,14,18.11.2025,18.11.2025 12:37:07,13,159,Dolnośląskie,433,Radiologia i diagnostyka obrazowa,2025/040294,Pozarezydencki,0.00,0.00,29.09.2025 11:37:56,16,NIE,,
j-2025,14,18.11.2025,18.11.2025 12:37:07,13,159,Dolnośląskie,434,Radioterapia onkologiczna,2025/038939,Rezydencki,87.56,4.07,30.09.2025 21:26:20,2,NIE,,
j-2025,14,18.11.2025,18.11.2025 12:37:07,13,159,Dolnośląskie,435,Radioterapia onkologiczna,2025/036907,Rezydencki,84.69,4.49,30.09.2025 03:50:28,2,NIE,,
j-2025,14,18.11.2025,18.11.2025 12:37:07,13,159,Dolnośląskie,436,Rehabilitacja medyczna,2025/033375,Rezydencki,82.35,4.59,15.10.2025 21:45:19,1,NIE,,
j-2025,14,18.11.2025,18.11.2025 12:37:07,13,159,Dolnośląskie,437,Reumatologia,2025/029091,Rezydencki,91.18,4.56,30.09.2025 21:22:26,1,NIE,,
j-2025,14,18.11.2025,18.11.2025 12:37:07,13,159,Dolnośląskie,438,Reumatologia,2025/040489,Pozarezydencki,84.47,4.30,30.09.2025 19:34:59,2,NIE,,
j-2025,14,18.11.2025,18.11.2025 12:37:07,13,159,Dolnośląskie,439,Reumatologia,2025/033308,Pozarezydencki,70.91,0.00,10.10.2025 20:25:26,2,NIE,,
j-2025,14,18.11.2025,18.11.2025 12:37:07,13,159,Dolnośląskie,440,Stomatologia dziecięca,2025/035354,Rezydencki,84.76,4.45,20.10.2025 11:18:58,6,NIE,,
j-2025,14,18.11.2025,18.11.2025 12:37:07,13,159,Dolnośląskie,441,Stomatologia dziecięca,2025/032476,Rezydencki,84.76,4.37,18.09.2025 17:18:04,6,NIE,,
j-2025,14,18.11.2025,18.11.2025 12:37:07,13,159,Dolnośląskie,442,Stomatologia dziecięca,2025/037110,Rezydencki,82.86,4.13,24.09.2025 22:12:28,6,NIE,,
j-2025,14,18.11.2025,18.11.2025 12:37:07,13,159,Dolnośląskie,443,Stomatologia dziecięca,2025/033313,Rezydencki,81.73,4.02,15.09.2025 23:40:14,6,NIE,,
j-2025,14,18.11.2025,18.11.2025 12:37:07,13,159,Dolnośląskie,444,Stomatologia dziecięca,2025/032820,Rezydencki,81.58,3.20,29.09.2025 21:17:28,6,NIE,,
j-2025,14,18.11.2025,18.11.2025 12:37:07,13,159,Dolnośląskie,445,Stomatologia dziecięca,2025/030110,Rezydencki,81.25,3.77,26.09.2025 21:15:27,6,NIE,,
j-2025,14,18.11.2025,18.11.2025 12:37:07,13,159,Dolnośląskie,446,Stomatologia zachowawcza z endodoncją,2025/041644,Rezydencki,81.34,4.30,15.10.2025 14:27:20,1,NIE,,
j-2025,14,18.11.2025,18.11.2025 12:37:07,13,159,Dolnośląskie,447,Transfuzjologia kliniczna,2025/042491,Rezydencki,70.33,4.13,20.10.2025 22:41:17,1,NIE,,
j-2025,14,18.11.2025,18.11.2025 12:37:07,13,159,Dolnośląskie,448,Transfuzjologia kliniczna,2025/042661,Pozarezydencki,80.00,0.00,10.10.2025 13:35:23,1,NIE,,
j-2025,14,18.11.2025,18.11.2025 12:37:07,13,159,Dolnośląskie,449,Transplantologia kliniczna,2025/028596,Pozarezydencki,85.45,3.78,16.10.2025 10:15:40,2,NIE,,
j-2025,14,18.11.2025,18.11.2025 12:37:07,13,159,Dolnośląskie,450,Transplantologia kliniczna,2025/040034,Pozarezydencki,74.77,0.00,17.10.2025 15:52:05,2,NIE,,
j-2025,14,18.11.2025,18.11.2025 12:37:07,13,159,Dolnośląskie,451,Urologia,2025/037060,Pozarezydencki,79.00,4.01,30.09.2025 14:41:30,1,NIE,,
j-2025,14,18.11.2025,18.11.2025 12:37:07,13,159,Dolnośląskie,452,Zdrowie publiczne,2025/035666,Rezydencki,83.01,4.55,30.09.2025 21:20:49,1,NIE,,
j-2025,14,18.11.2025,18.11.2025 12:37:07,13,159,Dolnośląskie,453,Zdrowie publiczne,2025/041856,Pozarezydencki,89.32,4.00,21.10.2025 07:52:32,1,NIE,,
j-2025,14,18.11.2025,18.11.2025 12:37:07,13,159,Dolnośląskie,1,Stomatologia dziecięca,2025/029162,Rezydencki,66.99,2.96,17.10.2025 10:47:26,1,TAK,MEDYCZNE CENTRUM INNOWACJI WROCŁAW SPÓŁKA Z OGRANICZONĄ ODPOWIEDZIALNOŚCIĄ,UNIWERSYTECKIE CENTRUM STOMATOLOGICZNE – PORADNIA STOMATOLOGII DZIECIĘCEJ
j-2025,14,18.11.2025,18.11.2025 12:37:07,13,159,Dolnośląskie,1,Urologia,2025/028955,Rezydencki,92.75,4.60,01.09.2025 21:45:06,1,TAK,Uniwersytecki Szpital Kliniczny im. Jana Mikulicza-Radeckiego we Wrocławiu,"Uniwersyteckie Centrum Urologii, Oddział Kliniczny Urologii"
j-2025,14,18.11.2025,18.11.2025 12:37:07,14,159,Dolnośląskie,1,Hematologia,2025/042071,Rezydencki,85.02,3.83,25.10.2025 07:23:52,1,TAK,Status dokumentu Opublikowanie wyników,"Uniwersytecki Szpital Kliniczny im. Jana Mikulicza-Radeckiego we Wrocławiu Oddział Kliniczny Hematologii i Chorób Wewnętrznych, Klinika Hematologii, Terapii Komórkowych i Chorób Wewnętrznych"
j-2025,14,18.11.2025,18.11.2025 12:37:07,14,159,Kujawsko-pomorskie,1,Alergologia,2025/039435,Rezydencki,89.00,4.05,08.10.2025 12:51:13,3,NIE,,
j-2025,14,18.11.2025,18.11.2025 12:37:07,14,159,Kujawsko-pomorskie,2,Alergologia,2025/029619,Rezydencki,86.60,3.80,08.10.2025 21:27:03,3,NIE,,
j-2025,14,18.11.2025,18.11.2025 12:37:07,14,159,Kujawsko-pomorskie,3,Alergologia,2025/039363,Rezydencki,81.58,4.04,30.09.2025 11:36:55,3,NIE,,
j-2025,14,18.11.2025,18.11.2025 12:37:07,14,159,Kujawsko-pomorskie,4,Alergologia,2025/038656,Pozarezydencki,81.78,4.00,13.10.2025 17:14:23,3,NIE,,
j-2025,14,18.11.2025,18.11.2025 12:37:07,14,159,Kujawsko-pomorskie,5,Alergologia,2025/032690,Pozarezydencki,73.58,0.00,14.10.2025 14:44:49,3,NIE,,
j-2025,14,18.11.2025,18.11.2025 12:37:07,14,159,Kujawsko-pomorskie,6,Alergologia,2025/042610,Pozarezydencki,70.55,0.00,23.10.2025 15:11:27,3,NIE,,
j-2025,14,18.11.2025,18.11.2025 12:37:07,14,159,Kujawsko-pomorskie,7,Anestezjologia i intensywna terapia,2025/041074,Rezydencki,90.91,4.23,30.09.2025 19:54:30,11,NIE,,
j-2025,14,18.11.2025,18.11.2025 12:37:07,14,159,Kujawsko-pomorskie,8,Anestezjologia i intensywna terapia,2025/033312,Rezydencki,89.37,4.10,20.10.2025 22:52:01,11,NIE,,
j-2025,14,18.11.2025,18.11.2025 12:37:07,14,159,Kujawsko-pomorskie,9,Anestezjologia i intensywna terapia,2025/039600,Rezydencki,89.00,4.29,30.09.2025 15:01:31,11,NIE,,
j-2025,14,18.11.2025,18.11.2025 12:37:07,14,159,Kujawsko-pomorskie,10,Anestezjologia i intensywna terapia,2025/029099,Rezydencki,87.92,4.43,16.10.2025 18:45:27,11,NIE,,
j-2025,14,18.11.2025,18.11.2025 12:37:07,14,159,Kujawsko-pomorskie,11,Anestezjologia i intensywna terapia,2025/041142,Rezydencki,87.80,4.28,30.09.2025 23:08:51,11,NIE,,
j-2025,14,18.11.2025,18.11.2025 12:37:07,14,159,Kujawsko-pomorskie,12,Anestezjologia i intensywna terapia,2025/028857,Rezydencki,87.20,4.32,10.10.2025 11:08:38,11,NIE,,
j-2025,14,18.11.2025,18.11.2025 12:37:07,14,159,Kujawsko-pomorskie,13,Anestezjologia i intensywna terapia,2025/028547,Rezydencki,87.07,3.89,16.10.2025 09:23:54,11,NIE,,
j-2025,14,18.11.2025,18.11.2025 12:37:07,14,159,Kujawsko-pomorskie,14,Anestezjologia i intensywna terapia,2025/029101,Rezydencki,86.43,4.13,16.10.2025 17:39:51,11,NIE,,
j-2025,14,18.11.2025,18.11.2025 12:37:07,14,159,Kujawsko-pomorskie,15,Anestezjologia i intensywna terapia,2025/034874,Rezydencki,85.65,3.86,17.10.2025 12:33:57,11,NIE,,
j-2025,14,18.11.2025,18.11.2025 12:37:07,14,159,Kujawsko-pomorskie,16,Anestezjologia i intensywna terapia,2025/029409,Rezydencki,85.17,3.63,30.09.2025 11:32:12,11,NIE,,
j-2025,14,18.11.2025,18.11.2025 12:37:07,14,159,Kujawsko-pomorskie,17,Anestezjologia i intensywna terapia,2025/041485,Rezydencki,84.93,4.34,30.09.2025 14:04:27,11,NIE,,
j-2025,14,18.11.2025,18.11.2025 12:37:07,14,159,Kujawsko-pomorskie,18,Anestezjologia i intensywna terapia,2025/029930,Pozarezydencki,81.11,3.87,26.09.2025 11:26:25,1,NIE,,
j-2025,14,18.11.2025,18.11.2025 12:37:07,14,159,Kujawsko-pomorskie,19,Angiologia,2025/034864,Pozarezydencki,80.00,4.52,21.09.2025 17:44:37,2,NIE,,
j-2025,14,18.11.2025,18.11.2025 12:37:07,14,159,Kujawsko-pomorskie,20,Angiologia,2025/039257,Pozarezydencki,77.42,3.98,28.09.2025 11:53:10,2,NIE,,
j-2025,14,18.11.2025,18.11.2025 12:37:07,14,159,Kujawsko-pomorskie,21,Chirurgia dziecięca,2025/028476,Rezydencki,89.86,4.39,09.09.2025 13:53:07,2,NIE,,
j-2025,14,18.11.2025,18.11.2025 12:37:07,14,159,Kujawsko-pomorskie,22,Chirurgia dziecięca,2025/032761,Rezydencki,82.86,4.47,21.09.2025 12:00:07,2,NIE,,
j-2025,14,18.11.2025,18.11.2025 12:37:07,14,159,Kujawsko-pomorskie,23,Chirurgia klatki piersiowej,2025/040263,Rezydencki,82.13,4.50,29.09.2025 11:20:50,1,NIE,,
j-2025,14,18.11.2025,18.11.2025 12:37:07,14,159,Kujawsko-pomorskie,24,Chirurgia ogólna,2025/041990,Rezydencki,84.52,4.48,30.09.2025 11:17:55,4,NIE,,
j-2025,14,18.11.2025,18.11.2025 12:37:07,14,159,Kujawsko-pomorskie,25,Chirurgia ogólna,2025/034208,Rezydencki,80.95,4.01,18.09.2025 20:54:49,4,NIE,,
j-2025,14,18.11.2025,18.11.2025 12:37:07,14,159,Kujawsko-pomorskie,26,Chirurgia ogólna,2025/031115,Rezydencki,77.29,4.10,09.10.2025 11:29:40,4,NIE,,
j-2025,14,18.11.2025,18.11.2025 12:37:07,14,159,Kujawsko-pomorskie,27,Chirurgia ogólna,2025/028806,Rezydencki,62.25,0.00,13.10.2025 12:32:19,4,NIE,,
j-2025,14,18.11.2025,18.11.2025 12:37:07,14,159,Kujawsko-pomorskie,28,Chirurgia ogólna,2025/031775,Pozarezydencki,76.26,3.64,30.09.2025 11:14:17,2,NIE,,
j-2025,14,18.11.2025,18.11.2025 12:37:07,14,159,Kujawsko-pomorskie,29,Chirurgia ogólna,2025/038657,Pozarezydencki,71.36,4.34,11.10.2025 07:51:52,2,NIE,,
j-2025,14,18.11.2025,18.11.2025 12:37:07,14,159,Kujawsko-pomorskie,30,Chirurgia onkologiczna,2025/029167,Rezydencki,86.96,4.25,05.09.2025 14:56:59,2,NIE,,
j-2025,14,18.11.2025,18.11.2025 12:37:07,14,159,Kujawsko-pomorskie,31,Chirurgia onkologiczna,2025/030835,Rezydencki,85.02,4.00,06.09.2025 17:26:25,2,NIE,,
j-2025,14,18.11.2025,18.11.2025 12:37:07,14,159,Kujawsko-pomorskie,32,Chirurgia onkologiczna,2025/030187,Pozarezydencki,70.91,3.80,13.10.2025 08:30:50,1,NIE,,
j-2025,14,18.11.2025,18.11.2025 12:37:07,15,159,Kujawsko-pomorskie,33,Chirurgia stomatologiczna,2025/032720,Rezydencki,88.46,4.36,21.10.2025 11:04:37,3,NIE,,
j-2025,14,18.11.2025,18.11.2025 12:37:07,15,159,Kujawsko-pomorskie,34,Chirurgia stomatologiczna,2025/028497,Rezydencki,86.06,3.93,20.09.2025 18:13:41,3,NIE,,
j-2025,14,18.11.2025,18.11.2025 12:37:07,15,159,Kujawsko-pomorskie,35,Chirurgia stomatologiczna,2025/029786,Rezydencki,85.10,4.30,17.10.2025 08:20:41,3,NIE,,
j-2025,14,18.11.2025,18.11.2025 12:37:07,15,159,Kujawsko-pomorskie,36,Chirurgia szczękowo-twarzowa,2025/036541,Rezydencki,88.70,4.34,21.10.2025 18:19:55,1,NIE,,
j-2025,14,18.11.2025,18.11.2025 12:37:07,15,159,Kujawsko-pomorskie,37,Choroby płuc,2025/039278,Rezydencki,86.12,4.77,13.10.2025 10:42:23,2,NIE,,
j-2025,14,18.11.2025,18.11.2025 12:37:07,15,159,Kujawsko-pomorskie,38,Choroby płuc,2025/028876,Rezydencki,85.02,3.76,08.09.2025 07:52:55,2,NIE,,
j-2025,14,18.11.2025,18.11.2025 12:37:07,15,159,Kujawsko-pomorskie,39,Choroby płuc,2025/032814,Pozarezydencki,71.03,4.40,14.09.2025 17:58:56,2,NIE,,
j-2025,14,18.11.2025,18.11.2025 12:37:07,15,159,Kujawsko-pomorskie,40,Choroby płuc,2025/042840,Pozarezydencki,70.91,0.00,30.09.2025 20:05:02,2,NIE,,
j-2025,14,18.11.2025,18.11.2025 12:37:07,15,159,Kujawsko-pomorskie,41,Choroby płuc dzieci,2025/039668,Rezydencki,87.92,3.98,29.09.2025 20:03:59,1,NIE,,
j-2025,14,18.11.2025,18.11.2025 12:37:07,15,159,Kujawsko-pomorskie,42,Choroby wewnętrzne,2025/038720,Rezydencki,90.34,4.50,26.09.2025 21:56:00,12,NIE,,
j-2025,14,18.11.2025,18.11.2025 12:37:07,15,159,Kujawsko-pomorskie,43,Choroby wewnętrzne,2025/037132,Rezydencki,87.68,4.68,24.09.2025 22:28:26,12,NIE,,
j-2025,14,18.11.2025,18.11.2025 12:37:07,15,159,Kujawsko-pomorskie,44,Choroby wewnętrzne,2025/028533,Rezydencki,87.68,4.02,01.09.2025 15:07:22,12,NIE,,
j-2025,14,18.11.2025,18.11.2025 12:37:07,15,159,Kujawsko-pomorskie,45,Choroby wewnętrzne,2025/037262,Rezydencki,85.75,4.00,26.09.2025 21:35:57,12,NIE,,
j-2025,14,18.11.2025,18.11.2025 12:37:07,15,159,Kujawsko-pomorskie,46,Choroby wewnętrzne,2025/029712,Rezydencki,84.80,3.79,09.10.2025 19:54:15,12,NIE,,
j-2025,14,18.11.2025,18.11.2025 12:37:07,15,159,Kujawsko-pomorskie,47,Choroby wewnętrzne,2025/042476,Rezydencki,83.57,3.83,30.09.2025 16:31:35,12,NIE,,
j-2025,14,18.11.2025,18.11.2025 12:37:07,15,159,Kujawsko-pomorskie,48,Choroby wewnętrzne,2025/041475,Rezydencki,82.86,4.06,30.09.2025 19:00:15,12,NIE,,
j-2025,14,18.11.2025,18.11.2025 12:37:07,15,159,Kujawsko-pomorskie,49,Choroby wewnętrzne,2025/036915,Rezydencki,82.13,4.23,25.09.2025 19:24:43,12,NIE,,
j-2025,14,18.11.2025,18.11.2025 12:37:07,15,159,Kujawsko-pomorskie,50,Choroby wewnętrzne,2025/039118,Rezydencki,80.92,3.92,27.09.2025 21:34:49,12,NIE,,
j-2025,14,18.11.2025,18.11.2025 12:37:07,15,159,Kujawsko-pomorskie,51,Choroby wewnętrzne,2025/029138,Rezydencki,72.25,3.96,30.09.2025 12:52:12,12,NIE,,
j-2025,14,18.11.2025,18.11.2025 12:37:07,15,159,Kujawsko-pomorskie,52,Choroby wewnętrzne,2025/036624,Rezydencki,68.12,3.88,17.10.2025 11:48:05,12,NIE,,
j-2025,14,18.11.2025,18.11.2025 12:37:07,15,159,Kujawsko-pomorskie,53,Choroby wewnętrzne,2025/033596,Rezydencki,60.29,0.00,06.10.2025 11:56:50,12,NIE,,
j-2025,14,18.11.2025,18.11.2025 12:37:07,15,159,Kujawsko-pomorskie,54,Choroby wewnętrzne,2025/030014,Pozarezydencki,82.49,4.33,25.09.2025 19:22:19,1,NIE,,
j-2025,14,18.11.2025,18.11.2025 12:37:07,15,159,Kujawsko-pomorskie,55,Choroby zakaźne,2025/034634,Rezydencki,87.92,4.60,28.09.2025 19:49:43,1,NIE,,
j-2025,14,18.11.2025,18.11.2025 12:37:07,15,159,Kujawsko-pomorskie,56,Choroby zakaźne,2025/031721,Pozarezydencki,78.41,3.12,04.10.2025 08:20:47,1,NIE,,
j-2025,14,18.11.2025,18.11.2025 12:37:07,15,159,Kujawsko-pomorskie,57,Diabetologia,2025/033232,Pozarezydencki,80.14,3.20,12.10.2025 21:44:54,1,NIE,,
j-2025,14,18.11.2025,18.11.2025 12:37:07,15,159,Kujawsko-pomorskie,58,Endokrynologia,2025/042910,Pozarezydencki,82.73,3.97,13.10.2025 21:11:39,3,NIE,,
j-2025,14,18.11.2025,18.11.2025 12:37:07,15,159,Kujawsko-pomorskie,59,Endokrynologia,2025/029043,Pozarezydencki,81.63,4.50,06.10.2025 11:19:06,3,NIE,,
j-2025,14,18.11.2025,18.11.2025 12:37:07,15,159,Kujawsko-pomorskie,60,Endokrynologia,2025/035416,Pozarezydencki,81.36,4.22,30.09.2025 19:27:58,3,NIE,,
j-2025,14,18.11.2025,18.11.2025 12:37:07,15,159,Kujawsko-pomorskie,61,Gastroenterologia,2025/040734,Pozarezydencki,85.51,4.57,30.09.2025 17:16:38,1,NIE,,
j-2025,14,18.11.2025,18.11.2025 12:37:07,15,159,Kujawsko-pomorskie,62,Gastroenterologia dziecięca,2025/038293,Rezydencki,86.96,4.28,26.09.2025 12:11:33,1,NIE,,
j-2025,14,18.11.2025,18.11.2025 12:37:07,15,159,Kujawsko-pomorskie,63,Gastroenterologia dziecięca,2025/032646,Pozarezydencki,84.55,0.00,22.10.2025 20:30:31,2,NIE,,
j-2025,14,18.11.2025,18.11.2025 12:37:07,15,159,Kujawsko-pomorskie,64,Gastroenterologia dziecięca,2025/031929,Pozarezydencki,71.36,4.15,10.10.2025 20:35:18,2,NIE,,
j-2025,14,18.11.2025,18.11.2025 12:37:07,15,159,Kujawsko-pomorskie,65,Geriatria,2025/033451,Rezydencki,75.24,3.88,16.10.2025 12:19:13,1,NIE,,
j-2025,14,18.11.2025,18.11.2025 12:37:07,15,159,Kujawsko-pomorskie,66,Geriatria,2025/034049,Pozarezydencki,80.00,0.00,28.10.2025 13:49:07,3,NIE,,
j-2025,14,18.11.2025,18.11.2025 12:37:07,15,159,Kujawsko-pomorskie,67,Geriatria,2025/035693,Pozarezydencki,70.91,3.36,14.10.2025 12:57:07,3,NIE,,
j-2025,14,18.11.2025,18.11.2025 12:37:07,15,159,Kujawsko-pomorskie,68,Geriatria,2025/032016,Pozarezydencki,70.91,0.00,27.10.2025 22:10:26,3,NIE,,
j-2025,14,18.11.2025,18.11.2025 12:37:07,16,159,Kujawsko-pomorskie,69,Ginekologia onkologiczna,2025/041338,Pozarezydencki,71.14,3.28,23.10.2025 10:30:29,1,NIE,,
j-2025,14,18.11.2025,18.11.2025 12:37:07,16,159,Kujawsko-pomorskie,70,Hematologia,2025/035031,Rezydencki,86.83,3.90,14.10.2025 11:33:48,4,NIE,,
j-2025,14,18.11.2025,18.11.2025 12:37:07,16,159,Kujawsko-pomorskie,71,Hematologia,2025/034004,Rezydencki,84.29,4.11,20.09.2025 21:43:53,4,NIE,,
j-2025,14,18.11.2025,18.11.2025 12:37:07,16,159,Kujawsko-pomorskie,72,Hematologia,2025/029597,Rezydencki,83.10,4.34,25.09.2025 18:23:06,4,NIE,,
j-2025,14,18.11.2025,18.11.2025 12:37:07,16,159,Kujawsko-pomorskie,73,Hematologia,2025/038769,Rezydencki,80.00,3.99,13.10.2025 14:20:10,4,NIE,,
j-2025,14,18.11.2025,18.11.2025 12:37:07,16,159,Kujawsko-pomorskie,74,Immunologia kliniczna,2025/029655,Pozarezydencki,72.81,4.05,18.10.2025 20:02:13,1,NIE,,
j-2025,14,18.11.2025,18.11.2025 12:37:07,16,159,Kujawsko-pomorskie,75,Kardiochirurgia,2025/034493,Rezydencki,83.82,4.13,29.09.2025 16:48:24,2,NIE,,
j-2025,14,18.11.2025,18.11.2025 12:37:07,16,159,Kujawsko-pomorskie,76,Kardiochirurgia,2025/038403,Rezydencki,72.38,4.31,30.09.2025 23:04:22,2,NIE,,
j-2025,14,18.11.2025,18.11.2025 12:37:07,16,159,Kujawsko-pomorskie,77,Kardiologia,2025/028730,Rezydencki,90.95,4.29,29.09.2025 14:34:08,6,NIE,,
j-2025,14,18.11.2025,18.11.2025 12:37:07,16,159,Kujawsko-pomorskie,78,Kardiologia,2025/030296,Rezydencki,90.82,4.46,25.09.2025 14:31:01,6,NIE,,
j-2025,14,18.11.2025,18.11.2025 12:37:07,16,159,Kujawsko-pomorskie,79,Kardiologia,2025/038790,Rezydencki,89.95,4.31,30.09.2025 13:06:59,6,NIE,,
j-2025,14,18.11.2025,18.11.2025 12:37:07,16,159,Kujawsko-pomorskie,80,Kardiologia,2025/036123,Rezydencki,89.76,4.47,23.09.2025 17:27:22,6,NIE,,
j-2025,14,18.11.2025,18.11.2025 12:37:07,16,159,Kujawsko-pomorskie,81,Kardiologia,2025/040153,Rezydencki,89.29,4.26,30.09.2025 22:15:48,6,NIE,,
j-2025,14,18.11.2025,18.11.2025 12:37:07,16,159,Kujawsko-pomorskie,82,Kardiologia,2025/039297,Rezydencki,89.00,4.33,30.09.2025 16:55:05,6,NIE,,
j-2025,14,18.11.2025,18.11.2025 12:37:07,16,159,Kujawsko-pomorskie,83,Kardiologia,2025/040805,Pozarezydencki,84.93,4.18,30.09.2025 22:23:29,4,NIE,,
j-2025,14,18.11.2025,18.11.2025 12:37:07,16,159,Kujawsko-pomorskie,84,Kardiologia,2025/039619,Pozarezydencki,84.55,4.32,27.10.2025 14:37:21,4,NIE,,
j-2025,14,18.11.2025,18.11.2025 12:37:07,16,159,Kujawsko-pomorskie,85,Kardiologia,2025/032916,Pozarezydencki,71.36,4.11,29.10.2025 20:43:13,4,NIE,,
j-2025,14,18.11.2025,18.11.2025 12:37:07,16,159,Kujawsko-pomorskie,86,Kardiologia,2025/041797,Pozarezydencki,65.00,2.83,23.10.2025 14:33:13,4,NIE,,
j-2025,14,18.11.2025,18.11.2025 12:37:07,16,159,Kujawsko-pomorskie,87,Kardiologia dziecięca,2025/032767,Rezydencki,82.13,4.08,14.09.2025 15:41:41,2,NIE,,
j-2025,14,18.11.2025,18.11.2025 12:37:07,16,159,Kujawsko-pomorskie,88,Kardiologia dziecięca,2025/028461,Rezydencki,77.51,4.33,29.09.2025 19:57:06,2,NIE,,
j-2025,14,18.11.2025,18.11.2025 12:37:07,16,159,Kujawsko-pomorskie,89,Kardiologia dziecięca,2025/036350,Pozarezydencki,81.11,3.57,06.10.2025 22:05:05,2,NIE,,
j-2025,14,18.11.2025,18.11.2025 12:37:07,16,159,Kujawsko-pomorskie,90,Kardiologia dziecięca,2025/034391,Pozarezydencki,70.91,3.51,19.09.2025 12:49:42,2,NIE,,
j-2025,14,18.11.2025,18.11.2025 12:37:07,16,159,Kujawsko-pomorskie,91,Medycyna paliatywna,2025/043169,Pozarezydencki,61.93,0.00,30.09.2025 22:16:31,2,NIE,,
j-2025,14,18.11.2025,18.11.2025 12:37:07,16,159,Kujawsko-pomorskie,92,Medycyna paliatywna,2025/042712,Pozarezydencki,61.82,0.00,09.10.2025 16:05:07,2,NIE,,
j-2025,14,18.11.2025,18.11.2025 12:37:07,16,159,Kujawsko-pomorskie,93,Medycyna pracy,2025/030072,Rezydencki,86.96,3.93,07.10.2025 22:15:20,1,NIE,,
j-2025,14,18.11.2025,18.11.2025 12:37:07,16,159,Kujawsko-pomorskie,94,Medycyna pracy,2025/028582,Pozarezydencki,82.27,0.00,29.09.2025 16:46:25,2,NIE,,
j-2025,14,18.11.2025,18.11.2025 12:37:07,16,159,Kujawsko-pomorskie,95,Medycyna pracy,2025/034914,Pozarezydencki,78.18,3.86,19.10.2025 21:59:38,2,NIE,,
j-2025,14,18.11.2025,18.11.2025 12:37:07,16,159,Kujawsko-pomorskie,96,Medycyna ratunkowa,2025/034815,Rezydencki,87.44,4.44,30.09.2025 18:22:52,5,NIE,,
j-2025,14,18.11.2025,18.11.2025 12:37:07,16,159,Kujawsko-pomorskie,97,Medycyna ratunkowa,2025/036213,Rezydencki,84.06,4.33,20.10.2025 08:40:01,5,NIE,,
j-2025,14,18.11.2025,18.11.2025 12:37:07,16,159,Kujawsko-pomorskie,98,Medycyna ratunkowa,2025/035820,Rezydencki,75.85,3.84,23.09.2025 09:59:55,5,NIE,,
j-2025,14,18.11.2025,18.11.2025 12:37:07,16,159,Kujawsko-pomorskie,99,Medycyna ratunkowa,2025/038726,Rezydencki,69.12,3.72,26.09.2025 22:02:32,5,NIE,,
j-2025,14,18.11.2025,18.11.2025 12:37:07,16,159,Kujawsko-pomorskie,100,Medycyna ratunkowa,2025/041096,Rezydencki,56.04,3.97,23.10.2025 23:21:58,5,NIE,,
j-2025,14,18.11.2025,18.11.2025 12:37:07,16,159,Kujawsko-pomorskie,101,Medycyna rodzinna,2025/030745,Rezydencki,89.86,4.59,28.09.2025 18:08:18,31,NIE,,
j-2025,14,18.11.2025,18.11.2025 12:37:07,16,159,Kujawsko-pomorskie,102,Medycyna rodzinna,2025/036588,Rezydencki,88.24,4.47,24.09.2025 12:43:24,31,NIE,,
j-2025,14,18.11.2025,18.11.2025 12:37:07,16,159,Kujawsko-pomorskie,103,Medycyna rodzinna,2025/030820,Rezydencki,88.24,4.43,21.10.2025 11:36:05,31,NIE,,
j-2025,14,18.11.2025,18.11.2025 12:37:07,16,159,Kujawsko-pomorskie,104,Medycyna rodzinna,2025/032212,Rezydencki,87.92,4.38,28.09.2025 18:27:05,31,NIE,,
j-2025,14,18.11.2025,18.11.2025 12:37:07,17,159,Kujawsko-pomorskie,105,Medycyna rodzinna,2025/036582,Rezydencki,87.92,4.18,24.09.2025 12:32:19,31,NIE,,
j-2025,14,18.11.2025,18.11.2025 12:37:07,17,159,Kujawsko-pomorskie,106,Medycyna rodzinna,2025/029576,Rezydencki,86.96,4.21,12.09.2025 19:29:03,31,NIE,,
j-2025,14,18.11.2025,18.11.2025 12:37:07,17,159,Kujawsko-pomorskie,107,Medycyna rodzinna,2025/030385,Rezydencki,86.47,3.53,24.09.2025 21:44:35,31,NIE,,
j-2025,14,18.11.2025,18.11.2025 12:37:07,17,159,Kujawsko-pomorskie,108,Medycyna rodzinna,2025/030360,Rezydencki,85.75,4.35,13.09.2025 13:27:56,31,NIE,,
j-2025,14,18.11.2025,18.11.2025 12:37:07,17,159,Kujawsko-pomorskie,109,Medycyna rodzinna,2025/039308,Rezydencki,85.51,4.40,19.10.2025 21:01:53,31,NIE,,
j-2025,14,18.11.2025,18.11.2025 12:37:07,17,159,Kujawsko-pomorskie,110,Medycyna rodzinna,2025/040072,Rezydencki,85.51,4.34,29.09.2025 22:03:32,31,NIE,,
j-2025,14,18.11.2025,18.11.2025 12:37:07,17,159,Kujawsko-pomorskie,111,Medycyna rodzinna,2025/033394,Rezydencki,85.29,4.56,03.10.2025 10:27:21,31,NIE,,
j-2025,14,18.11.2025,18.11.2025 12:37:07,17,159,Kujawsko-pomorskie,112,Medycyna rodzinna,2025/032884,Rezydencki,85.02,4.34,15.10.2025 14:15:42,31,NIE,,
j-2025,14,18.11.2025,18.11.2025 12:37:07,17,159,Kujawsko-pomorskie,113,Medycyna rodzinna,2025/035894,Rezydencki,85.02,4.22,24.09.2025 12:08:35,31,NIE,,
j-2025,14,18.11.2025,18.11.2025 12:37:07,17,159,Kujawsko-pomorskie,114,Medycyna rodzinna,2025/039669,Rezydencki,84.54,4.47,21.10.2025 10:48:26,31,NIE,,
j-2025,14,18.11.2025,18.11.2025 12:37:07,17,159,Kujawsko-pomorskie,115,Medycyna rodzinna,2025/043299,Rezydencki,84.54,3.14,30.09.2025 22:56:01,31,NIE,,
j-2025,14,18.11.2025,18.11.2025 12:37:07,17,159,Kujawsko-pomorskie,116,Medycyna rodzinna,2025/041206,Rezydencki,83.57,4.14,29.09.2025 21:34:14,31,NIE,,
j-2025,14,18.11.2025,18.11.2025 12:37:07,17,159,Kujawsko-pomorskie,117,Medycyna rodzinna,2025/034025,Rezydencki,82.61,4.21,29.09.2025 22:52:01,31,NIE,,
j-2025,14,18.11.2025,18.11.2025 12:37:07,17,159,Kujawsko-pomorskie,118,Medycyna rodzinna,2025/031948,Rezydencki,82.61,3.95,30.09.2025 12:41:28,31,NIE,,
j-2025,14,18.11.2025,18.11.2025 12:37:07,17,159,Kujawsko-pomorskie,119,Medycyna rodzinna,2025/031159,Rezydencki,81.64,4.10,29.09.2025 19:23:00,31,NIE,,
j-2025,14,18.11.2025,18.11.2025 12:37:07,17,159,Kujawsko-pomorskie,120,Medycyna rodzinna,2025/038438,Rezydencki,81.64,3.98,30.09.2025 23:19:12,31,NIE,,
j-2025,14,18.11.2025,18.11.2025 12:37:07,17,159,Kujawsko-pomorskie,121,Medycyna rodzinna,2025/030276,Rezydencki,81.64,3.70,25.09.2025 18:32:23,31,NIE,,
j-2025,14,18.11.2025,18.11.2025 12:37:07,17,159,Kujawsko-pomorskie,122,Medycyna rodzinna,2025/041874,Rezydencki,80.86,4.25,30.09.2025 09:30:06,31,NIE,,
j-2025,14,18.11.2025,18.11.2025 12:37:07,17,159,Kujawsko-pomorskie,123,Medycyna rodzinna,2025/041342,Rezydencki,80.38,3.83,30.09.2025 13:56:57,31,NIE,,
j-2025,14,18.11.2025,18.11.2025 12:37:07,17,159,Kujawsko-pomorskie,124,Medycyna rodzinna,2025/031346,Rezydencki,79.90,3.77,05.10.2025 15:37:39,31,NIE,,
j-2025,14,18.11.2025,18.11.2025 12:37:07,17,159,Kujawsko-pomorskie,125,Medycyna rodzinna,2025/032618,Rezydencki,77.78,4.00,13.09.2025 16:15:30,31,NIE,,
j-2025,14,18.11.2025,18.11.2025 12:37:07,17,159,Kujawsko-pomorskie,126,Medycyna rodzinna,2025/039487,Rezydencki,76.33,4.03,28.09.2025 16:55:37,31,NIE,,
j-2025,14,18.11.2025,18.11.2025 12:37:07,17,159,Kujawsko-pomorskie,127,Medycyna rodzinna,2025/038639,Rezydencki,75.12,3.25,15.10.2025 14:35:39,31,NIE,,
j-2025,14,18.11.2025,18.11.2025 12:37:07,17,159,Kujawsko-pomorskie,128,Medycyna rodzinna,2025/035093,Rezydencki,74.88,3.81,30.09.2025 08:50:27,31,NIE,,
j-2025,14,18.11.2025,18.11.2025 12:37:07,17,159,Kujawsko-pomorskie,129,Medycyna rodzinna,2025/036810,Rezydencki,74.76,3.26,28.09.2025 12:26:08,31,NIE,,
j-2025,14,18.11.2025,18.11.2025 12:37:07,17,159,Kujawsko-pomorskie,130,Medycyna rodzinna,2025/041519,Rezydencki,60.39,3.42,13.10.2025 16:46:10,31,NIE,,
j-2025,14,18.11.2025,18.11.2025 12:37:07,17,159,Kujawsko-pomorskie,131,Medycyna rodzinna,2025/035969,Rezydencki,53.81,2.51,14.10.2025 13:05:17,31,NIE,,
j-2025,14,18.11.2025,18.11.2025 12:37:07,17,159,Kujawsko-pomorskie,132,Medycyna rodzinna,2025/029047,Pozarezydencki,74.55,3.06,24.10.2025 01:14:52,4,NIE,,
j-2025,14,18.11.2025,18.11.2025 12:37:07,17,159,Kujawsko-pomorskie,133,Medycyna rodzinna,2025/043365,Pozarezydencki,66.36,3.62,22.10.2025 18:16:40,4,NIE,,
j-2025,14,18.11.2025,18.11.2025 12:37:07,17,159,Kujawsko-pomorskie,134,Medycyna rodzinna,2025/034076,Pozarezydencki,52.78,0.00,23.10.2025 10:32:05,4,NIE,,
j-2025,14,18.11.2025,18.11.2025 12:37:07,17,159,Kujawsko-pomorskie,135,Medycyna rodzinna,2025/036619,Pozarezydencki,0.00,3.00,24.09.2025 13:24:57,4,NIE,,
j-2025,14,18.11.2025,18.11.2025 12:37:07,17,159,Kujawsko-pomorskie,136,Medycyna sportowa,2025/030368,Rezydencki,86.19,4.23,28.09.2025 23:07:42,1,NIE,,
j-2025,14,18.11.2025,18.11.2025 12:37:07,17,159,Kujawsko-pomorskie,137,Mikrobiologia lekarska,2025/040904,Pozarezydencki,80.32,4.20,17.10.2025 13:55:01,2,NIE,,
j-2025,14,18.11.2025,18.11.2025 12:37:07,17,159,Kujawsko-pomorskie,138,Mikrobiologia lekarska,2025/031823,Pozarezydencki,64.15,0.00,14.10.2025 20:17:59,2,NIE,,
j-2025,14,18.11.2025,18.11.2025 12:37:07,17,159,Kujawsko-pomorskie,139,Nefrologia,2025/039678,Rezydencki,86.96,4.51,09.10.2025 19:55:56,1,NIE,,
j-2025,14,18.11.2025,18.11.2025 12:37:07,17,159,Kujawsko-pomorskie,140,Neonatologia,2025/031691,Rezydencki,80.48,3.99,27.09.2025 22:30:29,1,NIE,,
j-2025,14,18.11.2025,18.11.2025 12:37:07,18,159,Kujawsko-pomorskie,141,Neurochirurgia,2025/042296,Rezydencki,89.00,4.37,09.10.2025 13:01:05,1,NIE,,
j-2025,14,18.11.2025,18.11.2025 12:37:07,18,159,Kujawsko-pomorskie,142,Neurochirurgia,2025/030679,Pozarezydencki,82.72,4.16,21.10.2025 11:43:24,3,NIE,,
j-2025,14,18.11.2025,18.11.2025 12:37:07,18,159,Kujawsko-pomorskie,143,Neurochirurgia,2025/042780,Pozarezydencki,76.64,4.39,30.09.2025 19:53:56,3,NIE,,
j-2025,14,18.11.2025,18.11.2025 12:37:07,18,159,Kujawsko-pomorskie,144,Neurochirurgia,2025/032760,Pozarezydencki,73.18,3.77,21.09.2025 11:12:08,3,NIE,,
j-2025,14,18.11.2025,18.11.2025 12:37:07,18,159,Kujawsko-pomorskie,145,Neurologia,2025/028562,Rezydencki,89.71,4.57,17.10.2025 06:49:15,17,NIE,,
j-2025,14,18.11.2025,18.11.2025 12:37:07,18,159,Kujawsko-pomorskie,146,Neurologia,2025/035986,Rezydencki,88.24,4.21,25.09.2025 15:26:14,17,NIE,,
j-2025,14,18.11.2025,18.11.2025 12:37:07,18,159,Kujawsko-pomorskie,147,Neurologia,2025/031368,Rezydencki,86.96,4.53,27.09.2025 16:49:35,17,NIE,,
j-2025,14,18.11.2025,18.11.2025 12:37:07,18,159,Kujawsko-pomorskie,148,Neurologia,2025/031465,Rezydencki,85.51,3.92,08.10.2025 13:22:36,17,NIE,,
j-2025,14,18.11.2025,18.11.2025 12:37:07,18,159,Kujawsko-pomorskie,149,Neurologia,2025/041943,Rezydencki,84.93,4.17,30.09.2025 11:17:56,17,NIE,,
j-2025,14,18.11.2025,18.11.2025 12:37:07,18,159,Kujawsko-pomorskie,150,Neurologia,2025/035333,Rezydencki,84.76,4.35,22.09.2025 18:17:21,17,NIE,,
j-2025,14,18.11.2025,18.11.2025 12:37:07,18,159,Kujawsko-pomorskie,151,Neurologia,2025/030992,Rezydencki,84.76,3.99,29.09.2025 13:46:39,17,NIE,,
j-2025,14,18.11.2025,18.11.2025 12:37:07,18,159,Kujawsko-pomorskie,152,Neurologia,2025/034178,Rezydencki,84.06,3.92,30.09.2025 22:20:21,17,NIE,,
j-2025,14,18.11.2025,18.11.2025 12:37:07,18,159,Kujawsko-pomorskie,153,Neurologia,2025/037239,Rezydencki,83.09,3.73,25.09.2025 12:13:08,17,NIE,,
j-2025,14,18.11.2025,18.11.2025 12:37:07,18,159,Kujawsko-pomorskie,154,Neurologia,2025/028958,Rezydencki,82.85,3.90,19.09.2025 09:19:26,17,NIE,,
j-2025,14,18.11.2025,18.11.2025 12:37:07,18,159,Kujawsko-pomorskie,155,Neurologia,2025/029435,Rezydencki,82.13,4.01,21.10.2025 14:05:28,17,NIE,,
j-2025,14,18.11.2025,18.11.2025 12:37:07,18,159,Kujawsko-pomorskie,156,Neurologia,2025/036889,Rezydencki,81.37,3.64,29.09.2025 19:29:36,17,NIE,,
j-2025,14,18.11.2025,18.11.2025 12:37:07,18,159,Kujawsko-pomorskie,157,Neurologia,2025/037136,Rezydencki,77.51,3.62,21.10.2025 15:50:13,17,NIE,,
j-2025,14,18.11.2025,18.11.2025 12:37:07,18,159,Kujawsko-pomorskie,158,Neurologia,2025/031164,Rezydencki,67.62,4.87,27.10.2025 21:32:17,17,NIE,,
j-2025,14,18.11.2025,18.11.2025 12:37:07,18,159,Kujawsko-pomorskie,159,Neurologia,2025/030134,Rezydencki,66.34,3.30,06.10.2025 15:14:57,17,NIE,,
j-2025,14,18.11.2025,18.11.2025 12:37:07,18,159,Kujawsko-pomorskie,160,Neurologia,2025/038975,Rezydencki,66.03,3.91,30.09.2025 13:31:51,17,NIE,,
j-2025,14,18.11.2025,18.11.2025 12:37:07,18,159,Kujawsko-pomorskie,161,Neurologia,2025/038804,Rezydencki,56.67,0.00,13.10.2025 14:10:35,17,NIE,,
j-2025,14,18.11.2025,18.11.2025 12:37:07,18,159,Kujawsko-pomorskie,162,Neurologia dziecięca,2025/034212,Pozarezydencki,63.30,0.00,12.10.2025 17:02:15,1,NIE,,
j-2025,14,18.11.2025,18.11.2025 12:37:07,18,159,Kujawsko-pomorskie,163,Okulistyka,2025/031431,Rezydencki,90.34,4.36,25.09.2025 17:54:42,4,NIE,,
j-2025,14,18.11.2025,18.11.2025 12:37:07,18,159,Kujawsko-pomorskie,164,Okulistyka,2025/037077,Rezydencki,89.47,4.15,30.09.2025 22:28:18,4,NIE,,
j-2025,14,18.11.2025,18.11.2025 12:37:07,18,159,Kujawsko-pomorskie,165,Okulistyka,2025/028433,Rezydencki,89.37,3.92,03.09.2025 18:25:43,4,NIE,,
j-2025,14,18.11.2025,18.11.2025 12:37:07,18,159,Kujawsko-pomorskie,166,Okulistyka,2025/040790,Rezydencki,89.23,3.88,30.09.2025 23:27:20,4,NIE,,
j-2025,14,18.11.2025,18.11.2025 12:37:07,18,159,Kujawsko-pomorskie,167,Okulistyka,2025/039962,Pozarezydencki,80.37,3.79,17.10.2025 17:44:39,3,NIE,,
j-2025,14,18.11.2025,18.11.2025 12:37:07,18,159,Kujawsko-pomorskie,168,Okulistyka,2025/041587,Pozarezydencki,80.37,3.60,21.10.2025 09:09:10,3,NIE,,
j-2025,14,18.11.2025,18.11.2025 12:37:07,18,159,Kujawsko-pomorskie,169,Okulistyka,2025/040997,Pozarezydencki,78.08,3.35,30.09.2025 23:11:19,3,NIE,,
j-2025,14,18.11.2025,18.11.2025 12:37:07,18,159,Kujawsko-pomorskie,170,Onkologia kliniczna,2025/036658,Rezydencki,84.69,3.74,30.09.2025 18:44:30,3,NIE,,
j-2025,14,18.11.2025,18.11.2025 12:37:07,18,159,Kujawsko-pomorskie,171,Onkologia kliniczna,2025/033420,Rezydencki,80.68,4.15,29.09.2025 20:36:31,3,NIE,,
j-2025,14,18.11.2025,18.11.2025 12:37:07,18,159,Kujawsko-pomorskie,172,Onkologia kliniczna,2025/039841,Rezydencki,76.81,3.74,20.10.2025 16:40:42,3,NIE,,
j-2025,14,18.11.2025,18.11.2025 12:37:07,18,159,Kujawsko-pomorskie,173,Ortodoncja,2025/035651,Rezydencki,87.08,4.26,09.10.2025 10:53:48,1,NIE,,
j-2025,14,18.11.2025,18.11.2025 12:37:07,18,159,Kujawsko-pomorskie,174,Ortopedia i traumatologia narządu ruchu,2025/034182,Rezydencki,86.67,3.76,06.10.2025 18:31:50,10,NIE,,
j-2025,14,18.11.2025,18.11.2025 12:37:07,18,159,Kujawsko-pomorskie,175,Ortopedia i traumatologia narządu ruchu,2025/039693,Rezydencki,86.12,4.28,30.09.2025 21:47:59,10,NIE,,
j-2025,14,18.11.2025,18.11.2025 12:37:07,18,159,Kujawsko-pomorskie,176,Ortopedia i traumatologia narządu ruchu,2025/041763,Rezydencki,84.69,4.23,30.09.2025 22:16:43,10,NIE,,
j-2025,14,18.11.2025,18.11.2025 12:37:07,19,159,Kujawsko-pomorskie,177,Ortopedia i traumatologia narządu ruchu,2025/038943,Rezydencki,84.21,4.17,30.09.2025 18:49:57,10,NIE,,
j-2025,14,18.11.2025,18.11.2025 12:37:07,19,159,Kujawsko-pomorskie,178,Ortopedia i traumatologia narządu ruchu,2025/030939,Rezydencki,84.21,3.76,15.10.2025 15:34:08,10,NIE,,
j-2025,14,18.11.2025,18.11.2025 12:37:07,19,159,Kujawsko-pomorskie,179,Ortopedia i traumatologia narządu ruchu,2025/028901,Rezydencki,83.57,4.30,09.09.2025 16:57:49,10,NIE,,
j-2025,14,18.11.2025,18.11.2025 12:37:07,19,159,Kujawsko-pomorskie,180,Ortopedia i traumatologia narządu ruchu,2025/032013,Rezydencki,83.33,4.69,12.09.2025 13:52:50,10,NIE,,
j-2025,14,18.11.2025,18.11.2025 12:37:07,19,159,Kujawsko-pomorskie,181,Ortopedia i traumatologia narządu ruchu,2025/038751,Rezydencki,83.33,3.72,27.09.2025 22:17:57,10,NIE,,
j-2025,14,18.11.2025,18.11.2025 12:37:07,19,159,Kujawsko-pomorskie,182,Ortopedia i traumatologia narządu ruchu,2025/035124,Rezydencki,83.25,3.78,30.09.2025 22:00:11,10,NIE,,
j-2025,14,18.11.2025,18.11.2025 12:37:07,19,159,Kujawsko-pomorskie,183,Ortopedia i traumatologia narządu ruchu,2025/033522,Rezydencki,83.09,3.57,29.09.2025 16:47:11,10,NIE,,
j-2025,14,18.11.2025,18.11.2025 12:37:07,19,159,Kujawsko-pomorskie,184,Ortopedia i traumatologia narządu ruchu,2025/031250,Pozarezydencki,80.00,3.37,17.10.2025 18:41:02,4,NIE,,
j-2025,14,18.11.2025,18.11.2025 12:37:07,19,159,Kujawsko-pomorskie,185,Ortopedia i traumatologia narządu ruchu,2025/036528,Pozarezydencki,77.88,3.40,27.09.2025 20:25:40,4,NIE,,
j-2025,14,18.11.2025,18.11.2025 12:37:07,19,159,Kujawsko-pomorskie,186,Ortopedia i traumatologia narządu ruchu,2025/033246,Pozarezydencki,72.90,3.48,25.09.2025 16:48:53,4,NIE,,
j-2025,14,18.11.2025,18.11.2025 12:37:07,19,159,Kujawsko-pomorskie,187,Ortopedia i traumatologia narządu ruchu,2025/029120,Pozarezydencki,25.23,3.97,03.09.2025 20:32:57,4,NIE,,
j-2025,14,18.11.2025,18.11.2025 12:37:07,19,159,Kujawsko-pomorskie,188,Otorynolaryngologia,2025/037071,Rezydencki,89.47,4.00,30.09.2025 07:12:23,6,NIE,,
j-2025,14,18.11.2025,18.11.2025 12:37:07,19,159,Kujawsko-pomorskie,189,Otorynolaryngologia,2025/038743,Rezydencki,89.00,3.97,30.09.2025 20:21:47,6,NIE,,
j-2025,14,18.11.2025,18.11.2025 12:37:07,19,159,Kujawsko-pomorskie,190,Otorynolaryngologia,2025/040921,Rezydencki,88.52,4.53,30.09.2025 21:53:54,6,NIE,,
j-2025,14,18.11.2025,18.11.2025 12:37:07,19,159,Kujawsko-pomorskie,191,Otorynolaryngologia,2025/034707,Rezydencki,88.52,3.90,27.09.2025 23:31:18,6,NIE,,
j-2025,14,18.11.2025,18.11.2025 12:37:07,19,159,Kujawsko-pomorskie,192,Otorynolaryngologia,2025/038430,Rezydencki,88.33,4.39,13.10.2025 23:55:32,6,NIE,,
j-2025,14,18.11.2025,18.11.2025 12:37:07,19,159,Kujawsko-pomorskie,193,Otorynolaryngologia,2025/034684,Rezydencki,88.05,4.26,02.10.2025 17:25:45,6,NIE,,
j-2025,14,18.11.2025,18.11.2025 12:37:07,19,159,Kujawsko-pomorskie,194,Otorynolaryngologia,2025/037874,Pozarezydencki,81.57,4.17,29.09.2025 22:09:05,1,NIE,,
j-2025,14,18.11.2025,18.11.2025 12:37:07,19,159,Kujawsko-pomorskie,195,Otorynolaryngologia dziecięca,2025/029832,Pozarezydencki,70.91,4.38,09.09.2025 20:25:36,1,NIE,,
j-2025,14,18.11.2025,18.11.2025 12:37:07,19,159,Kujawsko-pomorskie,196,Patomorfologia,2025/029822,Rezydencki,84.06,3.86,09.09.2025 17:27:38,1,NIE,,
j-2025,14,18.11.2025,18.11.2025 12:37:07,19,159,Kujawsko-pomorskie,197,Pediatria,2025/029100,Rezydencki,90.58,4.41,13.10.2025 15:29:16,16,NIE,,
j-2025,14,18.11.2025,18.11.2025 12:37:07,19,159,Kujawsko-pomorskie,198,Pediatria,2025/041369,Rezydencki,89.47,3.85,30.09.2025 22:52:46,16,NIE,,
j-2025,14,18.11.2025,18.11.2025 12:37:07,19,159,Kujawsko-pomorskie,199,Pediatria,2025/030945,Rezydencki,88.89,4.23,07.09.2025 14:11:52,16,NIE,,
j-2025,14,18.11.2025,18.11.2025 12:37:07,19,159,Kujawsko-pomorskie,200,Pediatria,2025/040037,Rezydencki,88.65,4.77,30.09.2025 23:53:57,16,NIE,,
j-2025,14,18.11.2025,18.11.2025 12:37:07,19,159,Kujawsko-pomorskie,201,Pediatria,2025/031499,Rezydencki,87.92,4.73,30.09.2025 17:27:20,16,NIE,,
j-2025,14,18.11.2025,18.11.2025 12:37:07,19,159,Kujawsko-pomorskie,202,Pediatria,2025/035444,Rezydencki,87.92,4.44,22.09.2025 17:35:36,16,NIE,,
j-2025,14,18.11.2025,18.11.2025 12:37:07,19,159,Kujawsko-pomorskie,203,Pediatria,2025/029939,Rezydencki,87.68,4.43,03.09.2025 14:03:33,16,NIE,,
j-2025,14,18.11.2025,18.11.2025 12:37:07,19,159,Kujawsko-pomorskie,204,Pediatria,2025/034017,Rezydencki,85.99,4.38,17.09.2025 22:00:12,16,NIE,,
j-2025,14,18.11.2025,18.11.2025 12:37:07,19,159,Kujawsko-pomorskie,205,Pediatria,2025/030738,Rezydencki,85.51,4.37,25.09.2025 14:27:25,16,NIE,,
j-2025,14,18.11.2025,18.11.2025 12:37:07,19,159,Kujawsko-pomorskie,206,Pediatria,2025/032203,Rezydencki,79.90,3.99,20.10.2025 14:45:22,16,NIE,,
j-2025,14,18.11.2025,18.11.2025 12:37:07,19,159,Kujawsko-pomorskie,207,Pediatria,2025/029204,Rezydencki,79.67,4.17,15.10.2025 07:49:32,16,NIE,,
j-2025,14,18.11.2025,18.11.2025 12:37:07,19,159,Kujawsko-pomorskie,208,Pediatria,2025/040011,Rezydencki,79.52,4.35,30.09.2025 23:36:04,16,NIE,,
j-2025,14,18.11.2025,18.11.2025 12:37:07,19,159,Kujawsko-pomorskie,209,Pediatria,2025/038062,Rezydencki,75.71,3.44,18.10.2025 13:13:30,16,NIE,,
j-2025,14,18.11.2025,18.11.2025 12:37:07,19,159,Kujawsko-pomorskie,210,Pediatria,2025/033921,Rezydencki,72.46,3.59,10.10.2025 12:02:45,16,NIE,,
j-2025,14,18.11.2025,18.11.2025 12:37:07,19,159,Kujawsko-pomorskie,211,Pediatria,2025/042192,Rezydencki,72.25,3.90,30.09.2025 19:25:44,16,NIE,,
j-2025,14,18.11.2025,18.11.2025 12:37:07,19,159,Kujawsko-pomorskie,212,Pediatria,2025/038338,Rezydencki,66.51,4.13,13.10.2025 12:52:42,16,NIE,,
j-2025,14,18.11.2025,18.11.2025 12:37:07,20,159,Kujawsko-pomorskie,213,Perinatologia,2025/033423,Pozarezydencki,63.47,0.00,16.10.2025 13:31:37,1,NIE,,
j-2025,14,18.11.2025,18.11.2025 12:37:07,20,159,Kujawsko-pomorskie,214,Położnictwo i ginekologia,2025/028867,Rezydencki,89.86,4.12,14.09.2025 22:28:45,5,NIE,,
j-2025,14,18.11.2025,18.11.2025 12:37:07,20,159,Kujawsko-pomorskie,215,Położnictwo i ginekologia,2025/029616,Rezydencki,88.81,4.10,03.09.2025 11:52:06,5,NIE,,
j-2025,14,18.11.2025,18.11.2025 12:37:07,20,159,Kujawsko-pomorskie,216,Położnictwo i ginekologia,2025/028608,Rezydencki,85.41,4.19,20.10.2025 12:36:20,5,NIE,,
j-2025,14,18.11.2025,18.11.2025 12:37:07,20,159,Kujawsko-pomorskie,217,Położnictwo i ginekologia,2025/028769,Rezydencki,84.31,3.68,01.09.2025 15:44:03,5,NIE,,
j-2025,14,18.11.2025,18.11.2025 12:37:07,20,159,Kujawsko-pomorskie,218,Położnictwo i ginekologia,2025/043122,Rezydencki,83.73,3.91,30.09.2025 21:52:16,5,NIE,,
j-2025,14,18.11.2025,18.11.2025 12:37:07,20,159,Kujawsko-pomorskie,219,Położnictwo i ginekologia,2025/028407,Pozarezydencki,81.57,4.33,30.09.2025 18:25:27,2,NIE,,
j-2025,14,18.11.2025,18.11.2025 12:37:07,20,159,Kujawsko-pomorskie,220,Położnictwo i ginekologia,2025/040162,Pozarezydencki,77.27,3.91,14.10.2025 09:21:01,2,NIE,,
j-2025,14,18.11.2025,18.11.2025 12:37:07,20,159,Kujawsko-pomorskie,221,Protetyka stomatologiczna,2025/032297,Rezydencki,83.17,4.16,21.10.2025 10:02:10,1,NIE,,
j-2025,14,18.11.2025,18.11.2025 12:37:07,20,159,Kujawsko-pomorskie,222,Psychiatria,2025/038625,Rezydencki,90.91,4.06,30.09.2025 19:04:18,19,NIE,,
j-2025,14,18.11.2025,18.11.2025 12:37:07,20,159,Kujawsko-pomorskie,223,Psychiatria,2025/036846,Rezydencki,89.13,4.43,24.09.2025 18:05:20,19,NIE,,
j-2025,14,18.11.2025,18.11.2025 12:37:07,20,159,Kujawsko-pomorskie,224,Psychiatria,2025/038817,Rezydencki,88.16,4.22,16.10.2025 17:26:12,19,NIE,,
j-2025,14,18.11.2025,18.11.2025 12:37:07,20,159,Kujawsko-pomorskie,225,Psychiatria,2025/042494,Rezydencki,87.80,4.00,30.09.2025 18:08:09,19,NIE,,
j-2025,14,18.11.2025,18.11.2025 12:37:07,20,159,Kujawsko-pomorskie,226,Psychiatria,2025/038964,Rezydencki,87.44,4.43,29.09.2025 13:36:51,19,NIE,,
j-2025,14,18.11.2025,18.11.2025 12:37:07,20,159,Kujawsko-pomorskie,227,Psychiatria,2025/029628,Rezydencki,87.08,4.46,10.10.2025 16:29:03,19,NIE,,
j-2025,14,18.11.2025,18.11.2025 12:37:07,20,159,Kujawsko-pomorskie,228,Psychiatria,2025/038934,Rezydencki,87.08,3.87,08.10.2025 22:11:56,19,NIE,,
j-2025,14,18.11.2025,18.11.2025 12:37:07,20,159,Kujawsko-pomorskie,229,Psychiatria,2025/033976,Rezydencki,86.96,4.18,17.09.2025 20:11:38,19,NIE,,
j-2025,14,18.11.2025,18.11.2025 12:37:07,20,159,Kujawsko-pomorskie,230,Psychiatria,2025/037700,Rezydencki,86.96,3.95,25.09.2025 17:00:07,19,NIE,,
j-2025,14,18.11.2025,18.11.2025 12:37:07,20,159,Kujawsko-pomorskie,231,Psychiatria,2025/032308,Rezydencki,86.60,4.37,07.10.2025 23:09:34,19,NIE,,
j-2025,14,18.11.2025,18.11.2025 12:37:07,20,159,Kujawsko-pomorskie,232,Psychiatria,2025/036607,Rezydencki,86.12,4.23,15.10.2025 15:06:33,19,NIE,,
j-2025,14,18.11.2025,18.11.2025 12:37:07,20,159,Kujawsko-pomorskie,233,Psychiatria,2025/034930,Rezydencki,85.89,3.89,10.10.2025 14:38:43,19,NIE,,
j-2025,14,18.11.2025,18.11.2025 12:37:07,20,159,Kujawsko-pomorskie,234,Psychiatria,2025/030775,Rezydencki,85.41,4.02,30.09.2025 14:21:33,19,NIE,,
j-2025,14,18.11.2025,18.11.2025 12:37:07,20,159,Kujawsko-pomorskie,235,Psychiatria,2025/034843,Rezydencki,84.76,3.77,13.10.2025 18:21:15,19,NIE,,
j-2025,14,18.11.2025,18.11.2025 12:37:07,20,159,Kujawsko-pomorskie,236,Psychiatria,2025/037670,Rezydencki,83.33,3.59,25.09.2025 15:32:27,19,NIE,,
j-2025,14,18.11.2025,18.11.2025 12:37:07,20,159,Kujawsko-pomorskie,237,Psychiatria,2025/032400,Rezydencki,83.09,3.94,21.10.2025 16:37:41,19,NIE,,
j-2025,14,18.11.2025,18.11.2025 12:37:07,20,159,Kujawsko-pomorskie,238,Psychiatria,2025/036850,Rezydencki,82.78,3.95,06.10.2025 14:04:13,19,NIE,,
j-2025,14,18.11.2025,18.11.2025 12:37:07,20,159,Kujawsko-pomorskie,239,Psychiatria,2025/039100,Rezydencki,82.30,3.79,30.09.2025 11:34:29,19,NIE,,
j-2025,14,18.11.2025,18.11.2025 12:37:07,20,159,Kujawsko-pomorskie,240,Psychiatria,2025/040956,Rezydencki,80.38,3.92,30.09.2025 19:22:57,19,NIE,,
j-2025,14,18.11.2025,18.11.2025 12:37:07,20,159,Kujawsko-pomorskie,241,Psychiatria,2025/039579,Pozarezydencki,73.52,3.91,17.10.2025 13:56:49,1,NIE,,
j-2025,14,18.11.2025,18.11.2025 12:37:07,20,159,Kujawsko-pomorskie,242,Psychiatria dzieci i młodzieży,2025/031673,Rezydencki,89.95,4.27,30.09.2025 17:26:59,3,NIE,,
j-2025,14,18.11.2025,18.11.2025 12:37:07,20,159,Kujawsko-pomorskie,243,Psychiatria dzieci i młodzieży,2025/040079,Rezydencki,85.02,4.47,30.09.2025 23:04:20,3,NIE,,
j-2025,14,18.11.2025,18.11.2025 12:37:07,20,159,Kujawsko-pomorskie,244,Psychiatria dzieci i młodzieży,2025/031013,Rezydencki,83.73,4.00,07.10.2025 13:28:48,3,NIE,,
j-2025,14,18.11.2025,18.11.2025 12:37:07,20,159,Kujawsko-pomorskie,245,Radiologia i diagnostyka obrazowa,2025/031549,Rezydencki,92.27,4.87,10.09.2025 21:02:43,2,NIE,,
j-2025,14,18.11.2025,18.11.2025 12:37:07,20,159,Kujawsko-pomorskie,246,Radiologia i diagnostyka obrazowa,2025/028758,Rezydencki,91.79,4.39,21.09.2025 17:14:04,2,NIE,,
j-2025,14,18.11.2025,18.11.2025 12:37:07,20,159,Kujawsko-pomorskie,247,Radiologia i diagnostyka obrazowa,2025/028493,Pozarezydencki,87.44,4.58,30.09.2025 16:16:01,12,NIE,,
j-2025,14,18.11.2025,18.11.2025 12:37:07,20,159,Kujawsko-pomorskie,248,Radiologia i diagnostyka obrazowa,2025/030139,Pozarezydencki,86.30,3.55,06.10.2025 14:52:16,12,NIE,,
j-2025,14,18.11.2025,18.11.2025 12:37:07,21,159,Kujawsko-pomorskie,249,Radiologia i diagnostyka obrazowa,2025/031575,Pozarezydencki,84.70,4.29,30.09.2025 17:39:13,12,NIE,,
j-2025,14,18.11.2025,18.11.2025 12:37:07,21,159,Kujawsko-pomorskie,250,Radiologia i diagnostyka obrazowa,2025/041060,Pozarezydencki,82.19,4.06,30.09.2025 14:38:40,12,NIE,,
j-2025,14,18.11.2025,18.11.2025 12:37:07,21,159,Kujawsko-pomorskie,251,Radiologia i diagnostyka obrazowa,2025/030755,Pozarezydencki,80.91,4.33,20.10.2025 13:59:15,12,NIE,,
j-2025,14,18.11.2025,18.11.2025 12:37:07,21,159,Kujawsko-pomorskie,252,Radiologia i diagnostyka obrazowa,2025/037800,Pozarezydencki,79.91,4.02,30.09.2025 07:40:40,12,NIE,,
j-2025,14,18.11.2025,18.11.2025 12:37:07,21,159,Kujawsko-pomorskie,253,Radiologia i diagnostyka obrazowa,2025/041111,Pozarezydencki,78.18,4.03,30.09.2025 17:37:10,12,NIE,,
j-2025,14,18.11.2025,18.11.2025 12:37:07,21,159,Kujawsko-pomorskie,254,Radiologia i diagnostyka obrazowa,2025/029031,Pozarezydencki,77.42,4.01,09.10.2025 12:35:46,12,NIE,,
j-2025,14,18.11.2025,18.11.2025 12:37:07,21,159,Kujawsko-pomorskie,255,Radiologia i diagnostyka obrazowa,2025/037264,Pozarezydencki,76.04,4.01,22.10.2025 09:10:55,12,NIE,,
j-2025,14,18.11.2025,18.11.2025 12:37:07,21,159,Kujawsko-pomorskie,256,Radiologia i diagnostyka obrazowa,2025/036996,Pozarezydencki,74.65,3.97,27.09.2025 00:33:28,12,NIE,,
j-2025,14,18.11.2025,18.11.2025 12:37:07,21,159,Kujawsko-pomorskie,257,Radiologia i diagnostyka obrazowa,2025/028465,Pozarezydencki,69.72,0.00,13.10.2025 15:26:07,12,NIE,,
j-2025,14,18.11.2025,18.11.2025 12:37:07,21,159,Kujawsko-pomorskie,258,Radiologia i diagnostyka obrazowa,2025/039737,Pozarezydencki,67.13,3.63,30.09.2025 20:09:13,12,NIE,,
j-2025,14,18.11.2025,18.11.2025 12:37:07,21,159,Kujawsko-pomorskie,259,Radioterapia onkologiczna,2025/040224,Rezydencki,89.47,3.90,30.09.2025 21:59:05,3,NIE,,
j-2025,14,18.11.2025,18.11.2025 12:37:07,21,159,Kujawsko-pomorskie,260,Radioterapia onkologiczna,2025/031012,Rezydencki,86.27,4.36,30.09.2025 19:20:16,3,NIE,,
j-2025,14,18.11.2025,18.11.2025 12:37:07,21,159,Kujawsko-pomorskie,261,Radioterapia onkologiczna,2025/039145,Rezydencki,75.85,3.97,17.10.2025 09:33:07,3,NIE,,
j-2025,14,18.11.2025,18.11.2025 12:37:07,21,159,Kujawsko-pomorskie,262,Rehabilitacja medyczna,2025/028995,Rezydencki,85.99,4.13,10.10.2025 10:19:18,2,NIE,,
j-2025,14,18.11.2025,18.11.2025 12:37:07,21,159,Kujawsko-pomorskie,263,Rehabilitacja medyczna,2025/032581,Rezydencki,61.65,4.31,29.09.2025 08:00:25,2,NIE,,
j-2025,14,18.11.2025,18.11.2025 12:37:07,21,159,Kujawsko-pomorskie,264,Reumatologia,2025/036836,Rezydencki,91.63,4.10,30.09.2025 00:13:03,2,NIE,,
j-2025,14,18.11.2025,18.11.2025 12:37:07,21,159,Kujawsko-pomorskie,265,Reumatologia,2025/041950,Rezydencki,91.39,4.43,30.09.2025 18:45:59,2,NIE,,
j-2025,14,18.11.2025,18.11.2025 12:37:07,21,159,Kujawsko-pomorskie,266,Stomatologia dziecięca,2025/034703,Rezydencki,80.38,3.80,27.09.2025 20:25:45,2,NIE,,
j-2025,14,18.11.2025,18.11.2025 12:37:07,21,159,Kujawsko-pomorskie,267,Stomatologia dziecięca,2025/029599,Rezydencki,79.57,4.06,06.10.2025 19:59:39,2,NIE,,
j-2025,14,18.11.2025,18.11.2025 12:37:07,21,159,Kujawsko-pomorskie,268,Stomatologia zachowawcza z endodoncją,2025/034936,Rezydencki,80.00,4.10,21.09.2025 20:32:00,6,NIE,,
j-2025,14,18.11.2025,18.11.2025 12:37:07,21,159,Kujawsko-pomorskie,269,Stomatologia zachowawcza z endodoncją,2025/032490,Rezydencki,79.76,4.11,16.09.2025 17:31:57,6,NIE,,
j-2025,14,18.11.2025,18.11.2025 12:37:07,21,159,Kujawsko-pomorskie,270,Stomatologia zachowawcza z endodoncją,2025/029335,Rezydencki,79.43,3.45,11.10.2025 11:21:19,6,NIE,,
j-2025,14,18.11.2025,18.11.2025 12:37:07,21,159,Kujawsko-pomorskie,271,Stomatologia zachowawcza z endodoncją,2025/032305,Rezydencki,79.05,3.64,22.10.2025 18:15:09,6,NIE,,
j-2025,14,18.11.2025,18.11.2025 12:37:07,21,159,Kujawsko-pomorskie,272,Stomatologia zachowawcza z endodoncją,2025/028975,Rezydencki,78.33,3.83,28.09.2025 17:01:47,6,NIE,,
j-2025,14,18.11.2025,18.11.2025 12:37:07,21,159,Kujawsko-pomorskie,273,Stomatologia zachowawcza z endodoncją,2025/029595,Rezydencki,76.92,4.14,19.09.2025 20:26:40,6,NIE,,
j-2025,14,18.11.2025,18.11.2025 12:37:07,21,159,Kujawsko-pomorskie,274,Urologia,2025/040496,Rezydencki,88.73,4.31,30.09.2025 13:48:52,3,NIE,,
j-2025,14,18.11.2025,18.11.2025 12:37:07,21,159,Kujawsko-pomorskie,275,Urologia,2025/032557,Rezydencki,88.52,4.36,06.10.2025 12:26:14,3,NIE,,
j-2025,14,18.11.2025,18.11.2025 12:37:07,21,159,Kujawsko-pomorskie,276,Urologia,2025/037762,Rezydencki,87.44,4.33,02.10.2025 16:47:58,3,NIE,,
j-2025,14,18.11.2025,18.11.2025 12:37:07,21,159,Kujawsko-pomorskie,1,Pediatria,2025/033998,Rezydencki,90.58,4.44,17.09.2025 21:01:07,1,TAK,Szpital Uniwersytecki nr 1 im. dr. A. Jurasza w Bydgoszczy,"Klinika Pediatrii, Hematologii i Onkologii"
j-2025,14,18.11.2025,18.11.2025 12:37:07,22,159,Lubelskie,1,Alergologia,2025/038053,Pozarezydencki,87.67,4.38,30.09.2025 09:38:22,2,NIE,,
j-2025,14,18.11.2025,18.11.2025 12:37:07,22,159,Lubelskie,2,Alergologia,2025/037455,Pozarezydencki,85.00,4.07,12.10.2025 16:58:35,2,NIE,,
j-2025,14,18.11.2025,18.11.2025 12:37:07,22,159,Lubelskie,3,Anestezjologia i intensywna terapia,2025/033665,Rezydencki,92.34,4.61,30.09.2025 17:31:13,17,NIE,,
j-2025,14,18.11.2025,18.11.2025 12:37:07,22,159,Lubelskie,4,Anestezjologia i intensywna terapia,2025/040168,Rezydencki,89.95,3.98,30.09.2025 10:14:37,17,NIE,,
j-2025,14,18.11.2025,18.11.2025 12:37:07,22,159,Lubelskie,5,Anestezjologia i intensywna terapia,2025/030938,Rezydencki,89.52,4.38,03.10.2025 08:35:17,17,NIE,,
j-2025,14,18.11.2025,18.11.2025 12:37:07,22,159,Lubelskie,6,Anestezjologia i intensywna terapia,2025/032818,Rezydencki,87.80,4.27,27.09.2025 11:46:32,17,NIE,,
j-2025,14,18.11.2025,18.11.2025 12:37:07,22,159,Lubelskie,7,Anestezjologia i intensywna terapia,2025/038866,Rezydencki,87.56,4.19,03.10.2025 09:44:45,17,NIE,,
j-2025,14,18.11.2025,18.11.2025 12:37:07,22,159,Lubelskie,8,Anestezjologia i intensywna terapia,2025/041786,Rezydencki,87.32,4.36,05.10.2025 22:32:21,17,NIE,,
j-2025,14,18.11.2025,18.11.2025 12:37:07,22,159,Lubelskie,9,Anestezjologia i intensywna terapia,2025/034777,Rezydencki,87.32,3.86,03.10.2025 12:31:45,17,NIE,,
j-2025,14,18.11.2025,18.11.2025 12:37:07,22,159,Lubelskie,10,Anestezjologia i intensywna terapia,2025/041094,Rezydencki,86.60,4.41,30.09.2025 21:24:48,17,NIE,,
j-2025,14,18.11.2025,18.11.2025 12:37:07,22,159,Lubelskie,11,Anestezjologia i intensywna terapia,2025/030902,Rezydencki,86.47,4.26,03.10.2025 14:58:47,17,NIE,,
j-2025,14,18.11.2025,18.11.2025 12:37:07,22,159,Lubelskie,12,Anestezjologia i intensywna terapia,2025/039583,Rezydencki,85.99,4.65,03.10.2025 12:49:26,17,NIE,,
j-2025,14,18.11.2025,18.11.2025 12:37:07,22,159,Lubelskie,13,Anestezjologia i intensywna terapia,2025/035303,Rezydencki,85.71,3.89,28.09.2025 09:59:01,17,NIE,,
j-2025,14,18.11.2025,18.11.2025 12:37:07,22,159,Lubelskie,14,Anestezjologia i intensywna terapia,2025/040898,Rezydencki,85.65,3.87,30.09.2025 16:40:54,17,NIE,,
j-2025,14,18.11.2025,18.11.2025 12:37:07,22,159,Lubelskie,15,Anestezjologia i intensywna terapia,2025/030998,Rezydencki,84.30,4.17,14.10.2025 20:25:20,17,NIE,,
j-2025,14,18.11.2025,18.11.2025 12:37:07,22,159,Lubelskie,16,Anestezjologia i intensywna terapia,2025/038837,Rezydencki,84.21,3.83,30.09.2025 23:19:08,17,NIE,,
j-2025,14,18.11.2025,18.11.2025 12:37:07,22,159,Lubelskie,17,Anestezjologia i intensywna terapia,2025/041067,Rezydencki,82.78,3.78,30.09.2025 21:31:01,17,NIE,,
j-2025,14,18.11.2025,18.11.2025 12:37:07,22,159,Lubelskie,18,Anestezjologia i intensywna terapia,2025/037998,Rezydencki,82.06,4.08,08.10.2025 14:45:09,17,NIE,,
j-2025,14,18.11.2025,18.11.2025 12:37:07,22,159,Lubelskie,19,Anestezjologia i intensywna terapia,2025/039776,Rezydencki,81.82,3.87,03.10.2025 17:39:20,17,NIE,,
j-2025,14,18.11.2025,18.11.2025 12:37:07,22,159,Lubelskie,20,Angiologia,2025/031396,Pozarezydencki,90.55,4.30,16.10.2025 22:47:12,1,NIE,,
j-2025,14,18.11.2025,18.11.2025 12:37:07,22,159,Lubelskie,21,Audiologia i foniatria,2025/032908,Pozarezydencki,67.95,4.24,09.10.2025 15:58:11,2,NIE,,
j-2025,14,18.11.2025,18.11.2025 12:37:07,22,159,Lubelskie,22,Audiologia i foniatria,2025/042959,Pozarezydencki,58.88,2.82,30.09.2025 21:08:58,2,NIE,,
j-2025,14,18.11.2025,18.11.2025 12:37:07,22,159,Lubelskie,23,Chirurgia dziecięca,2025/040074,Rezydencki,86.12,3.92,07.10.2025 18:09:02,2,NIE,,
j-2025,14,18.11.2025,18.11.2025 12:37:07,22,159,Lubelskie,24,Chirurgia dziecięca,2025/041444,Rezydencki,84.21,3.89,30.09.2025 15:06:49,2,NIE,,
j-2025,14,18.11.2025,18.11.2025 12:37:07,22,159,Lubelskie,25,Chirurgia klatki piersiowej,2025/033252,Rezydencki,85.02,3.98,03.10.2025 21:00:03,1,NIE,,
j-2025,14,18.11.2025,18.11.2025 12:37:07,22,159,Lubelskie,26,Chirurgia naczyniowa,2025/028565,Rezydencki,88.89,4.25,09.10.2025 12:33:33,1,NIE,,
j-2025,14,18.11.2025,18.11.2025 12:37:07,22,159,Lubelskie,27,Chirurgia ogólna,2025/031968,Rezydencki,87.32,4.45,03.10.2025 11:11:29,8,NIE,,
j-2025,14,18.11.2025,18.11.2025 12:37:07,22,159,Lubelskie,28,Chirurgia ogólna,2025/040701,Rezydencki,84.76,4.42,07.10.2025 22:07:04,8,NIE,,
j-2025,14,18.11.2025,18.11.2025 12:37:07,22,159,Lubelskie,29,Chirurgia ogólna,2025/032103,Rezydencki,83.90,4.14,30.09.2025 13:58:25,8,NIE,,
j-2025,14,18.11.2025,18.11.2025 12:37:07,22,159,Lubelskie,30,Chirurgia ogólna,2025/028576,Rezydencki,83.81,4.00,30.09.2025 10:54:12,8,NIE,,
j-2025,14,18.11.2025,18.11.2025 12:37:07,22,159,Lubelskie,31,Chirurgia ogólna,2025/039461,Rezydencki,82.78,3.87,30.09.2025 19:56:16,8,NIE,,
j-2025,14,18.11.2025,18.11.2025 12:37:07,22,159,Lubelskie,32,Chirurgia ogólna,2025/040282,Rezydencki,79.43,3.81,07.10.2025 12:43:57,8,NIE,,
j-2025,14,18.11.2025,18.11.2025 12:37:07,22,159,Lubelskie,33,Chirurgia ogólna,2025/039026,Rezydencki,78.23,3.69,11.10.2025 13:45:19,8,NIE,,
j-2025,14,18.11.2025,18.11.2025 12:37:07,22,159,Lubelskie,34,Chirurgia ogólna,2025/040418,Rezydencki,77.94,3.67,29.09.2025 13:05:01,8,NIE,,
j-2025,14,18.11.2025,18.11.2025 12:37:07,22,159,Lubelskie,35,Chirurgia ogólna,2025/033344,Pozarezydencki,71.36,3.86,08.10.2025 21:55:37,1,NIE,,
j-2025,14,18.11.2025,18.11.2025 12:37:07,22,159,Lubelskie,36,Chirurgia onkologiczna,2025/040773,Rezydencki,88.76,3.95,07.10.2025 21:54:15,1,NIE,,
j-2025,14,18.11.2025,18.11.2025 12:37:07,23,159,Lubelskie,37,Chirurgia onkologiczna,2025/042902,Pozarezydencki,73.64,3.79,24.10.2025 14:43:13,1,NIE,,
j-2025,14,18.11.2025,18.11.2025 12:37:07,23,159,Lubelskie,38,Chirurgia plastyczna,2025/036403,Rezydencki,93.30,4.02,30.09.2025 01:18:48,1,NIE,,
j-2025,14,18.11.2025,18.11.2025 12:37:07,23,159,Lubelskie,39,Chirurgia plastyczna,2025/028441,Pozarezydencki,89.09,4.02,09.10.2025 10:37:10,1,NIE,,
j-2025,14,18.11.2025,18.11.2025 12:37:07,23,159,Lubelskie,40,Chirurgia stomatologiczna,2025/033397,Rezydencki,90.48,4.55,05.10.2025 13:19:24,5,NIE,,
j-2025,14,18.11.2025,18.11.2025 12:37:07,23,159,Lubelskie,41,Chirurgia stomatologiczna,2025/029001,Rezydencki,90.00,4.31,07.10.2025 12:18:23,5,NIE,,
j-2025,14,18.11.2025,18.11.2025 12:37:07,23,159,Lubelskie,42,Chirurgia stomatologiczna,2025/041269,Rezydencki,85.71,4.37,07.10.2025 19:48:21,5,NIE,,
j-2025,14,18.11.2025,18.11.2025 12:37:07,23,159,Lubelskie,43,Chirurgia stomatologiczna,2025/035365,Rezydencki,85.24,4.48,09.10.2025 01:57:22,5,NIE,,
j-2025,14,18.11.2025,18.11.2025 12:37:07,23,159,Lubelskie,44,Chirurgia stomatologiczna,2025/035021,Rezydencki,84.29,3.81,21.09.2025 22:37:18,5,NIE,,
j-2025,14,18.11.2025,18.11.2025 12:37:07,23,159,Lubelskie,45,Chirurgia szczękowo-twarzowa,2025/036923,Rezydencki,88.94,4.60,06.10.2025 18:05:26,1,NIE,,
j-2025,14,18.11.2025,18.11.2025 12:37:07,23,159,Lubelskie,46,Choroby płuc,2025/040240,Rezydencki,91.63,4.31,07.10.2025 12:27:02,12,NIE,,
j-2025,14,18.11.2025,18.11.2025 12:37:07,23,159,Lubelskie,47,Choroby płuc,2025/032857,Rezydencki,90.19,4.33,30.09.2025 17:18:05,12,NIE,,
j-2025,14,18.11.2025,18.11.2025 12:37:07,23,159,Lubelskie,48,Choroby płuc,2025/037801,Rezydencki,89.00,4.29,30.09.2025 16:55:53,12,NIE,,
j-2025,14,18.11.2025,18.11.2025 12:37:07,23,159,Lubelskie,49,Choroby płuc,2025/035356,Rezydencki,88.65,4.16,06.10.2025 13:41:45,12,NIE,,
j-2025,14,18.11.2025,18.11.2025 12:37:07,23,159,Lubelskie,50,Choroby płuc,2025/036147,Rezydencki,87.99,4.43,23.09.2025 18:01:59,12,NIE,,
j-2025,14,18.11.2025,18.11.2025 12:37:07,23,159,Lubelskie,51,Choroby płuc,2025/031247,Rezydencki,87.08,4.05,30.09.2025 15:43:20,12,NIE,,
j-2025,14,18.11.2025,18.11.2025 12:37:07,23,159,Lubelskie,52,Choroby płuc,2025/035513,Rezydencki,86.67,4.02,22.09.2025 20:18:30,12,NIE,,
j-2025,14,18.11.2025,18.11.2025 12:37:07,23,159,Lubelskie,53,Choroby płuc,2025/039937,Rezydencki,86.34,4.15,07.10.2025 19:35:59,12,NIE,,
j-2025,14,18.11.2025,18.11.2025 12:37:07,23,159,Lubelskie,54,Choroby płuc,2025/036856,Rezydencki,86.19,4.09,06.10.2025 14:18:30,12,NIE,,
j-2025,14,18.11.2025,18.11.2025 12:37:07,23,159,Lubelskie,55,Choroby płuc,2025/041637,Rezydencki,84.80,3.76,29.09.2025 23:29:46,12,NIE,,
j-2025,14,18.11.2025,18.11.2025 12:37:07,23,159,Lubelskie,56,Choroby płuc,2025/039368,Rezydencki,84.69,3.68,30.09.2025 00:24:16,12,NIE,,
j-2025,14,18.11.2025,18.11.2025 12:37:07,23,159,Lubelskie,57,Choroby płuc,2025/039442,Rezydencki,84.21,3.50,06.10.2025 21:32:09,12,NIE,,
j-2025,14,18.11.2025,18.11.2025 12:37:07,23,159,Lubelskie,58,Choroby płuc,2025/040494,Pozarezydencki,84.55,4.66,29.09.2025 18:29:24,3,NIE,,
j-2025,14,18.11.2025,18.11.2025 12:37:07,23,159,Lubelskie,59,Choroby płuc,2025/039938,Pozarezydencki,80.00,3.72,06.10.2025 16:44:46,3,NIE,,
j-2025,14,18.11.2025,18.11.2025 12:37:07,23,159,Lubelskie,60,Choroby płuc,2025/043140,Pozarezydencki,74.55,4.16,09.10.2025 09:22:33,3,NIE,,
j-2025,14,18.11.2025,18.11.2025 12:37:07,23,159,Lubelskie,61,Choroby płuc dzieci,2025/042256,Pozarezydencki,75.45,3.91,10.10.2025 12:36:21,1,NIE,,
j-2025,14,18.11.2025,18.11.2025 12:37:07,23,159,Lubelskie,62,Choroby wewnętrzne,2025/038628,Rezydencki,94.74,4.73,30.09.2025 17:52:02,20,NIE,,
j-2025,14,18.11.2025,18.11.2025 12:37:07,23,159,Lubelskie,63,Choroby wewnętrzne,2025/031511,Rezydencki,89.76,4.50,30.09.2025 17:44:24,20,NIE,,
j-2025,14,18.11.2025,18.11.2025 12:37:07,23,159,Lubelskie,64,Choroby wewnętrzne,2025/033878,Rezydencki,88.52,4.05,07.10.2025 15:54:20,20,NIE,,
j-2025,14,18.11.2025,18.11.2025 12:37:07,23,159,Lubelskie,65,Choroby wewnętrzne,2025/038712,Rezydencki,88.52,3.93,10.10.2025 18:30:14,20,NIE,,
j-2025,14,18.11.2025,18.11.2025 12:37:07,23,159,Lubelskie,66,Choroby wewnętrzne,2025/041703,Rezydencki,87.80,4.13,14.10.2025 13:44:21,20,NIE,,
j-2025,14,18.11.2025,18.11.2025 12:37:07,23,159,Lubelskie,67,Choroby wewnętrzne,2025/032529,Rezydencki,87.20,4.10,12.09.2025 23:59:20,20,NIE,,
j-2025,14,18.11.2025,18.11.2025 12:37:07,23,159,Lubelskie,68,Choroby wewnętrzne,2025/038672,Rezydencki,86.84,4.34,10.10.2025 10:50:54,20,NIE,,
j-2025,14,18.11.2025,18.11.2025 12:37:07,23,159,Lubelskie,69,Choroby wewnętrzne,2025/040928,Rezydencki,86.10,4.16,17.10.2025 21:23:21,20,NIE,,
j-2025,14,18.11.2025,18.11.2025 12:37:07,23,159,Lubelskie,70,Choroby wewnętrzne,2025/041316,Rezydencki,85.48,3.65,29.09.2025 21:28:51,20,NIE,,
j-2025,14,18.11.2025,18.11.2025 12:37:07,23,159,Lubelskie,71,Choroby wewnętrzne,2025/038754,Rezydencki,84.45,4.08,30.09.2025 17:57:52,20,NIE,,
j-2025,14,18.11.2025,18.11.2025 12:37:07,23,159,Lubelskie,72,Choroby wewnętrzne,2025/039907,Rezydencki,84.21,4.03,30.09.2025 15:44:56,20,NIE,,
j-2025,14,18.11.2025,18.11.2025 12:37:07,24,159,Lubelskie,73,Choroby wewnętrzne,2025/037985,Rezydencki,84.05,4.61,18.10.2025 00:20:43,20,NIE,,
j-2025,14,18.11.2025,18.11.2025 12:37:07,24,159,Lubelskie,74,Choroby wewnętrzne,2025/036293,Rezydencki,83.97,4.02,30.09.2025 12:43:59,20,NIE,,
j-2025,14,18.11.2025,18.11.2025 12:37:07,24,159,Lubelskie,75,Choroby wewnętrzne,2025/039810,Rezydencki,83.25,3.71,12.10.2025 13:08:12,20,NIE,,
j-2025,14,18.11.2025,18.11.2025 12:37:07,24,159,Lubelskie,76,Choroby wewnętrzne,2025/035231,Rezydencki,82.61,3.39,16.10.2025 09:48:46,20,NIE,,
j-2025,14,18.11.2025,18.11.2025 12:37:07,24,159,Lubelskie,77,Choroby wewnętrzne,2025/040098,Rezydencki,82.54,4.06,30.09.2025 21:34:22,20,NIE,,
j-2025,14,18.11.2025,18.11.2025 12:37:07,24,159,Lubelskie,78,Choroby wewnętrzne,2025/035249,Rezydencki,82.11,4.09,29.09.2025 21:00:39,20,NIE,,
j-2025,14,18.11.2025,18.11.2025 12:37:07,24,159,Lubelskie,79,Choroby wewnętrzne,2025/041160,Rezydencki,77.29,4.07,29.09.2025 20:35:36,20,NIE,,
j-2025,14,18.11.2025,18.11.2025 12:37:07,24,159,Lubelskie,80,Choroby wewnętrzne,2025/037738,Rezydencki,76.43,3.97,10.10.2025 20:07:29,20,NIE,,
j-2025,14,18.11.2025,18.11.2025 12:37:07,24,159,Lubelskie,81,Choroby wewnętrzne,2025/038779,Rezydencki,64.76,0.00,10.10.2025 19:29:05,20,NIE,,
j-2025,14,18.11.2025,18.11.2025 12:37:07,24,159,Lubelskie,82,Choroby zakaźne,2025/040900,Pozarezydencki,74.77,0.00,08.10.2025 08:56:33,1,NIE,,
j-2025,14,18.11.2025,18.11.2025 12:37:07,24,159,Lubelskie,83,Diabetologia,2025/031518,Rezydencki,92.34,4.28,30.09.2025 18:16:25,3,NIE,,
j-2025,14,18.11.2025,18.11.2025 12:37:07,24,159,Lubelskie,84,Diabetologia,2025/038997,Rezydencki,90.91,3.97,30.09.2025 23:03:29,3,NIE,,
j-2025,14,18.11.2025,18.11.2025 12:37:07,24,159,Lubelskie,85,Diabetologia,2025/040303,Rezydencki,89.00,4.19,30.09.2025 16:19:10,3,NIE,,
j-2025,14,18.11.2025,18.11.2025 12:37:07,24,159,Lubelskie,86,Diabetologia,2025/032626,Pozarezydencki,83.41,4.48,15.10.2025 16:20:14,5,NIE,,
j-2025,14,18.11.2025,18.11.2025 12:37:07,24,159,Lubelskie,87,Diabetologia,2025/039549,Pozarezydencki,82.36,3.26,06.10.2025 18:26:49,5,NIE,,
j-2025,14,18.11.2025,18.11.2025 12:37:07,24,159,Lubelskie,88,Diabetologia,2025/030421,Pozarezydencki,80.23,3.65,10.10.2025 19:13:33,5,NIE,,
j-2025,14,18.11.2025,18.11.2025 12:37:07,24,159,Lubelskie,89,Diabetologia,2025/032558,Pozarezydencki,80.00,4.59,06.10.2025 13:36:09,5,NIE,,
j-2025,14,18.11.2025,18.11.2025 12:37:07,24,159,Lubelskie,90,Diabetologia,2025/041184,Pozarezydencki,79.67,4.00,10.10.2025 11:20:00,5,NIE,,
j-2025,14,18.11.2025,18.11.2025 12:37:07,24,159,Lubelskie,91,Endokrynologia,2025/042655,Rezydencki,94.26,4.30,30.09.2025 18:39:05,1,NIE,,
j-2025,14,18.11.2025,18.11.2025 12:37:07,24,159,Lubelskie,92,Endokrynologia,2025/036906,Pozarezydencki,88.58,4.68,30.09.2025 07:44:43,1,NIE,,
j-2025,14,18.11.2025,18.11.2025 12:37:07,24,159,Lubelskie,93,Endokrynologia i diabetologia dziecięca,2025/039439,Rezydencki,92.34,4.20,30.09.2025 00:57:17,1,NIE,,
j-2025,14,18.11.2025,18.11.2025 12:37:07,24,159,Lubelskie,94,Endokrynologia i diabetologia dziecięca,2025/035578,Pozarezydencki,70.91,4.56,09.10.2025 20:38:07,2,NIE,,
j-2025,14,18.11.2025,18.11.2025 12:37:07,24,159,Lubelskie,95,Endokrynologia i diabetologia dziecięca,2025/040942,Pozarezydencki,70.91,3.39,09.10.2025 17:57:14,2,NIE,,
j-2025,14,18.11.2025,18.11.2025 12:37:07,24,159,Lubelskie,96,Epidemiologia,2025/032421,Rezydencki,83.65,4.55,07.10.2025 19:18:50,1,NIE,,
j-2025,14,18.11.2025,18.11.2025 12:37:07,24,159,Lubelskie,97,Epidemiologia,2025/030850,Pozarezydencki,63.86,0.00,21.10.2025 22:03:10,1,NIE,,
j-2025,14,18.11.2025,18.11.2025 12:37:07,24,159,Lubelskie,98,Gastroenterologia dziecięca,2025/030930,Pozarezydencki,71.50,4.22,10.10.2025 11:56:28,1,NIE,,
j-2025,14,18.11.2025,18.11.2025 12:37:07,24,159,Lubelskie,99,Genetyka kliniczna,2025/037679,Pozarezydencki,84.55,3.69,22.10.2025 21:35:18,2,NIE,,
j-2025,14,18.11.2025,18.11.2025 12:37:07,24,159,Lubelskie,100,Genetyka kliniczna,2025/031049,Pozarezydencki,65.05,3.38,07.09.2025 21:58:14,2,NIE,,
j-2025,14,18.11.2025,18.11.2025 12:37:07,24,159,Lubelskie,101,Geriatria,2025/033669,Pozarezydencki,80.00,3.77,17.10.2025 10:10:01,1,NIE,,
j-2025,14,18.11.2025,18.11.2025 12:37:07,24,159,Lubelskie,102,Ginekologia onkologiczna,2025/034194,Pozarezydencki,87.64,3.88,17.10.2025 07:16:50,2,NIE,,
j-2025,14,18.11.2025,18.11.2025 12:37:07,24,159,Lubelskie,103,Ginekologia onkologiczna,2025/039587,Pozarezydencki,75.70,4.17,30.09.2025 10:26:50,2,NIE,,
j-2025,14,18.11.2025,18.11.2025 12:37:07,24,159,Lubelskie,104,Hematologia,2025/038075,Rezydencki,88.04,4.14,08.10.2025 21:08:43,2,NIE,,
j-2025,14,18.11.2025,18.11.2025 12:37:07,24,159,Lubelskie,105,Hematologia,2025/034147,Rezydencki,83.17,3.58,29.09.2025 18:32:48,2,NIE,,
j-2025,14,18.11.2025,18.11.2025 12:37:07,24,159,Lubelskie,106,Hematologia,2025/029524,Pozarezydencki,67.82,3.27,07.10.2025 09:14:42,1,NIE,,
j-2025,14,18.11.2025,18.11.2025 12:37:07,24,159,Lubelskie,107,Hipertensjologia,2025/034532,Pozarezydencki,70.91,4.55,19.09.2025 23:11:45,1,NIE,,
j-2025,14,18.11.2025,18.11.2025 12:37:07,24,159,Lubelskie,108,Immunologia kliniczna,2025/037204,Pozarezydencki,78.55,4.57,07.10.2025 09:45:11,3,NIE,,
j-2025,14,18.11.2025,18.11.2025 12:37:07,25,159,Lubelskie,109,Immunologia kliniczna,2025/035622,Pozarezydencki,71.03,3.91,08.10.2025 18:55:39,3,NIE,,
j-2025,14,18.11.2025,18.11.2025 12:37:07,25,159,Lubelskie,110,Immunologia kliniczna,2025/039228,Pozarezydencki,62.04,2.99,22.10.2025 22:29:57,3,NIE,,
j-2025,14,18.11.2025,18.11.2025 12:37:07,25,159,Lubelskie,111,Kardiochirurgia,2025/038557,Rezydencki,90.24,4.22,26.09.2025 17:44:51,1,NIE,,
j-2025,14,18.11.2025,18.11.2025 12:37:07,25,159,Lubelskie,112,Kardiologia,2025/036787,Rezydencki,92.20,4.48,28.09.2025 21:15:34,6,NIE,,
j-2025,14,18.11.2025,18.11.2025 12:37:07,25,159,Lubelskie,113,Kardiologia,2025/030487,Rezydencki,91.79,4.41,06.10.2025 16:20:06,6,NIE,,
j-2025,14,18.11.2025,18.11.2025 12:37:07,25,159,Lubelskie,114,Kardiologia,2025/033008,Rezydencki,90.73,4.52,29.09.2025 13:22:30,6,NIE,,
j-2025,14,18.11.2025,18.11.2025 12:37:07,25,159,Lubelskie,115,Kardiologia,2025/039085,Rezydencki,90.71,4.29,30.09.2025 23:58:09,6,NIE,,
j-2025,14,18.11.2025,18.11.2025 12:37:07,25,159,Lubelskie,116,Kardiologia,2025/037841,Rezydencki,89.05,4.48,07.10.2025 09:42:27,6,NIE,,
j-2025,14,18.11.2025,18.11.2025 12:37:07,25,159,Lubelskie,117,Kardiologia,2025/039809,Rezydencki,88.52,4.05,07.10.2025 21:19:59,6,NIE,,
j-2025,14,18.11.2025,18.11.2025 12:37:07,25,159,Lubelskie,118,Kardiologia,2025/039034,Pozarezydencki,73.15,4.17,12.10.2025 21:02:27,3,NIE,,
j-2025,14,18.11.2025,18.11.2025 12:37:07,25,159,Lubelskie,119,Kardiologia,2025/033322,Pozarezydencki,70.91,3.70,10.10.2025 20:01:32,3,NIE,,
j-2025,14,18.11.2025,18.11.2025 12:37:07,25,159,Lubelskie,120,Kardiologia,2025/040112,Pozarezydencki,64.06,3.80,12.10.2025 18:22:04,3,NIE,,
j-2025,14,18.11.2025,18.11.2025 12:37:07,25,159,Lubelskie,121,Medycyna nuklearna,2025/030595,Rezydencki,76.67,3.75,26.09.2025 10:28:59,2,NIE,,
j-2025,14,18.11.2025,18.11.2025 12:37:07,25,159,Lubelskie,122,Medycyna nuklearna,2025/037736,Rezydencki,64.29,3.24,17.10.2025 11:58:46,2,NIE,,
j-2025,14,18.11.2025,18.11.2025 12:37:07,25,159,Lubelskie,123,Medycyna paliatywna,2025/040015,Rezydencki,82.44,3.65,07.10.2025 22:36:48,1,NIE,,
j-2025,14,18.11.2025,18.11.2025 12:37:07,25,159,Lubelskie,124,Medycyna paliatywna,2025/034719,Pozarezydencki,63.53,4.02,15.10.2025 08:46:17,2,NIE,,
j-2025,14,18.11.2025,18.11.2025 12:37:07,25,159,Lubelskie,125,Medycyna paliatywna,2025/042665,Pozarezydencki,61.82,0.00,11.10.2025 12:03:04,2,NIE,,
j-2025,14,18.11.2025,18.11.2025 12:37:07,25,159,Lubelskie,126,Medycyna ratunkowa,2025/040390,Rezydencki,89.71,4.36,03.10.2025 10:50:07,3,NIE,,
j-2025,14,18.11.2025,18.11.2025 12:37:07,25,159,Lubelskie,127,Medycyna ratunkowa,2025/028917,Rezydencki,88.04,4.80,21.10.2025 10:06:10,3,NIE,,
j-2025,14,18.11.2025,18.11.2025 12:37:07,25,159,Lubelskie,128,Medycyna ratunkowa,2025/040410,Rezydencki,76.19,3.75,29.09.2025 12:59:36,3,NIE,,
j-2025,14,18.11.2025,18.11.2025 12:37:07,25,159,Lubelskie,129,Medycyna ratunkowa,2025/041970,Pozarezydencki,70.28,4.10,17.10.2025 08:40:13,1,NIE,,
j-2025,14,18.11.2025,18.11.2025 12:37:07,25,159,Lubelskie,130,Medycyna rodzinna,2025/042656,Rezydencki,88.73,4.59,30.09.2025 18:25:19,25,NIE,,
j-2025,14,18.11.2025,18.11.2025 12:37:07,25,159,Lubelskie,131,Medycyna rodzinna,2025/038836,Rezydencki,87.80,4.52,06.10.2025 11:44:17,25,NIE,,
j-2025,14,18.11.2025,18.11.2025 12:37:07,25,159,Lubelskie,132,Medycyna rodzinna,2025/043281,Rezydencki,87.44,3.57,09.10.2025 23:11:38,25,NIE,,
j-2025,14,18.11.2025,18.11.2025 12:37:07,25,159,Lubelskie,133,Medycyna rodzinna,2025/037226,Rezydencki,85.99,4.43,06.10.2025 10:06:50,25,NIE,,
j-2025,14,18.11.2025,18.11.2025 12:37:07,25,159,Lubelskie,134,Medycyna rodzinna,2025/038658,Rezydencki,84.93,3.97,30.09.2025 00:30:35,25,NIE,,
j-2025,14,18.11.2025,18.11.2025 12:37:07,25,159,Lubelskie,135,Medycyna rodzinna,2025/040484,Rezydencki,84.69,3.98,30.09.2025 21:26:38,25,NIE,,
j-2025,14,18.11.2025,18.11.2025 12:37:07,25,159,Lubelskie,136,Medycyna rodzinna,2025/031198,Rezydencki,84.69,3.93,30.09.2025 17:57:11,25,NIE,,
j-2025,14,18.11.2025,18.11.2025 12:37:07,25,159,Lubelskie,137,Medycyna rodzinna,2025/033436,Rezydencki,84.31,3.95,22.09.2025 21:28:20,25,NIE,,
j-2025,14,18.11.2025,18.11.2025 12:37:07,25,159,Lubelskie,138,Medycyna rodzinna,2025/041639,Rezydencki,84.29,4.22,30.09.2025 10:43:12,25,NIE,,
j-2025,14,18.11.2025,18.11.2025 12:37:07,25,159,Lubelskie,139,Medycyna rodzinna,2025/041860,Rezydencki,83.82,0.00,30.09.2025 09:16:45,25,NIE,,
j-2025,14,18.11.2025,18.11.2025 12:37:07,25,159,Lubelskie,140,Medycyna rodzinna,2025/035161,Rezydencki,83.57,4.34,29.09.2025 14:34:49,25,NIE,,
j-2025,14,18.11.2025,18.11.2025 12:37:07,25,159,Lubelskie,141,Medycyna rodzinna,2025/034569,Rezydencki,83.09,3.32,13.10.2025 15:01:21,25,NIE,,
j-2025,14,18.11.2025,18.11.2025 12:37:07,25,159,Lubelskie,142,Medycyna rodzinna,2025/040397,Rezydencki,82.13,3.90,30.09.2025 22:52:23,25,NIE,,
j-2025,14,18.11.2025,18.11.2025 12:37:07,25,159,Lubelskie,143,Medycyna rodzinna,2025/036328,Rezydencki,81.16,4.29,30.09.2025 21:02:39,25,NIE,,
j-2025,14,18.11.2025,18.11.2025 12:37:07,25,159,Lubelskie,144,Medycyna rodzinna,2025/031305,Rezydencki,80.62,3.73,06.10.2025 13:46:40,25,NIE,,
j-2025,14,18.11.2025,18.11.2025 12:37:07,26,159,Lubelskie,145,Medycyna rodzinna,2025/039469,Rezydencki,80.38,4.17,30.09.2025 18:51:23,25,NIE,,
j-2025,14,18.11.2025,18.11.2025 12:37:07,26,159,Lubelskie,146,Medycyna rodzinna,2025/038654,Rezydencki,79.67,3.90,30.09.2025 21:00:38,25,NIE,,
j-2025,14,18.11.2025,18.11.2025 12:37:07,26,159,Lubelskie,147,Medycyna rodzinna,2025/042519,Rezydencki,78.47,3.90,30.09.2025 17:10:38,25,NIE,,
j-2025,14,18.11.2025,18.11.2025 12:37:07,26,159,Lubelskie,148,Medycyna rodzinna,2025/042167,Rezydencki,77.27,3.90,30.09.2025 13:48:23,25,NIE,,
j-2025,14,18.11.2025,18.11.2025 12:37:07,26,159,Lubelskie,149,Medycyna rodzinna,2025/042832,Rezydencki,71.98,3.67,06.10.2025 21:44:12,25,NIE,,
j-2025,14,18.11.2025,18.11.2025 12:37:07,26,159,Lubelskie,150,Medycyna rodzinna,2025/038655,Rezydencki,71.53,3.77,06.10.2025 18:19:32,25,NIE,,
j-2025,14,18.11.2025,18.11.2025 12:37:07,26,159,Lubelskie,151,Medycyna rodzinna,2025/028417,Rezydencki,70.24,3.61,02.09.2025 19:19:40,25,NIE,,
j-2025,14,18.11.2025,18.11.2025 12:37:07,26,159,Lubelskie,152,Medycyna rodzinna,2025/038938,Rezydencki,68.57,3.99,08.10.2025 21:03:59,25,NIE,,
j-2025,14,18.11.2025,18.11.2025 12:37:07,26,159,Lubelskie,153,Medycyna rodzinna,2025/028588,Rezydencki,65.00,3.96,06.10.2025 09:43:00,25,NIE,,
j-2025,14,18.11.2025,18.11.2025 12:37:07,26,159,Lubelskie,154,Medycyna rodzinna,2025/039371,Rezydencki,0.48,4.29,29.09.2025 16:12:49,25,NIE,,
j-2025,14,18.11.2025,18.11.2025 12:37:07,26,159,Lubelskie,155,Medycyna rodzinna,2025/034617,Pozarezydencki,77.06,4.43,10.10.2025 08:45:16,1,NIE,,
j-2025,14,18.11.2025,18.11.2025 12:37:07,26,159,Lubelskie,156,Medycyna sportowa,2025/040600,Rezydencki,86.47,4.31,30.09.2025 18:10:54,1,NIE,,
j-2025,14,18.11.2025,18.11.2025 12:37:07,26,159,Lubelskie,157,Medycyna sądowa,2025/030362,Rezydencki,89.00,4.28,17.10.2025 14:03:43,1,NIE,,
j-2025,14,18.11.2025,18.11.2025 12:37:07,26,159,Lubelskie,158,Nefrologia,2025/041291,Rezydencki,91.79,4.33,29.09.2025 21:44:51,1,NIE,,
j-2025,14,18.11.2025,18.11.2025 12:37:07,26,159,Lubelskie,159,Nefrologia dziecięca,2025/038415,Rezydencki,87.08,3.80,15.10.2025 12:41:29,1,NIE,,
j-2025,14,18.11.2025,18.11.2025 12:37:07,26,159,Lubelskie,160,Neonatologia,2025/031104,Rezydencki,87.14,4.45,22.09.2025 22:01:25,2,NIE,,
j-2025,14,18.11.2025,18.11.2025 12:37:07,26,159,Lubelskie,161,Neonatologia,2025/028841,Rezydencki,85.24,3.80,29.09.2025 21:10:39,2,NIE,,
j-2025,14,18.11.2025,18.11.2025 12:37:07,26,159,Lubelskie,162,Neurologia,2025/029621,Rezydencki,92.82,4.36,30.09.2025 15:50:59,9,NIE,,
j-2025,14,18.11.2025,18.11.2025 12:37:07,26,159,Lubelskie,163,Neurologia,2025/035144,Rezydencki,88.89,4.15,19.10.2025 16:57:41,9,NIE,,
j-2025,14,18.11.2025,18.11.2025 12:37:07,26,159,Lubelskie,164,Neurologia,2025/041271,Rezydencki,87.68,4.55,16.10.2025 10:17:40,9,NIE,,
j-2025,14,18.11.2025,18.11.2025 12:37:07,26,159,Lubelskie,165,Neurologia,2025/041629,Rezydencki,87.32,3.80,30.09.2025 00:32:38,9,NIE,,
j-2025,14,18.11.2025,18.11.2025 12:37:07,26,159,Lubelskie,166,Neurologia,2025/042660,Rezydencki,86.12,0.00,08.10.2025 17:56:38,9,NIE,,
j-2025,14,18.11.2025,18.11.2025 12:37:07,26,159,Lubelskie,167,Neurologia,2025/038601,Rezydencki,81.90,3.83,29.09.2025 23:28:32,9,NIE,,
j-2025,14,18.11.2025,18.11.2025 12:37:07,26,159,Lubelskie,168,Neurologia,2025/039385,Rezydencki,78.47,0.00,16.10.2025 19:28:39,9,NIE,,
j-2025,14,18.11.2025,18.11.2025 12:37:07,26,159,Lubelskie,169,Neurologia,2025/032309,Rezydencki,77.80,3.70,25.09.2025 13:31:40,9,NIE,,
j-2025,14,18.11.2025,18.11.2025 12:37:07,26,159,Lubelskie,170,Neurologia,2025/040177,Rezydencki,77.51,3.34,16.10.2025 11:04:53,9,NIE,,
j-2025,14,18.11.2025,18.11.2025 12:37:07,26,159,Lubelskie,171,Neurologia dziecięca,2025/032709,Rezydencki,90.43,4.23,06.10.2025 18:08:57,2,NIE,,
j-2025,14,18.11.2025,18.11.2025 12:37:07,26,159,Lubelskie,172,Neurologia dziecięca,2025/029658,Rezydencki,89.13,4.06,29.09.2025 19:59:49,2,NIE,,
j-2025,14,18.11.2025,18.11.2025 12:37:07,26,159,Lubelskie,173,Neurologia dziecięca,2025/034754,Pozarezydencki,74.42,3.81,10.10.2025 16:03:51,1,NIE,,
j-2025,14,18.11.2025,18.11.2025 12:37:07,26,159,Lubelskie,174,Okulistyka,2025/034270,Rezydencki,89.95,4.44,08.10.2025 19:13:43,3,NIE,,
j-2025,14,18.11.2025,18.11.2025 12:37:07,26,159,Lubelskie,175,Okulistyka,2025/041426,Rezydencki,89.47,4.19,30.09.2025 17:28:32,3,NIE,,
j-2025,14,18.11.2025,18.11.2025 12:37:07,26,159,Lubelskie,176,Okulistyka,2025/039207,Rezydencki,89.23,4.06,30.09.2025 22:25:18,3,NIE,,
j-2025,14,18.11.2025,18.11.2025 12:37:07,26,159,Lubelskie,177,Okulistyka,2025/032094,Pozarezydencki,84.47,4.32,16.10.2025 12:10:43,5,NIE,,
j-2025,14,18.11.2025,18.11.2025 12:37:07,26,159,Lubelskie,178,Okulistyka,2025/041171,Pozarezydencki,82.65,3.85,30.09.2025 20:39:12,5,NIE,,
j-2025,14,18.11.2025,18.11.2025 12:37:07,26,159,Lubelskie,179,Okulistyka,2025/034952,Pozarezydencki,80.82,3.68,20.10.2025 00:04:24,5,NIE,,
j-2025,14,18.11.2025,18.11.2025 12:37:07,26,159,Lubelskie,180,Okulistyka,2025/039517,Pozarezydencki,79.03,3.56,21.10.2025 22:14:13,5,NIE,,
j-2025,14,18.11.2025,18.11.2025 12:37:07,27,159,Lubelskie,181,Okulistyka,2025/035037,Pozarezydencki,76.94,3.54,30.09.2025 19:06:45,5,NIE,,
j-2025,14,18.11.2025,18.11.2025 12:37:07,27,159,Lubelskie,182,Onkologia i hematologia dziecięca,2025/036191,Rezydencki,88.89,4.57,23.09.2025 18:46:03,1,NIE,,
j-2025,14,18.11.2025,18.11.2025 12:37:07,27,159,Lubelskie,183,Onkologia kliniczna,2025/033901,Pozarezydencki,66.97,0.00,17.09.2025 16:47:02,1,NIE,,
j-2025,14,18.11.2025,18.11.2025 12:37:07,27,159,Lubelskie,184,Ortodoncja,2025/028443,Rezydencki,90.24,4.26,29.09.2025 08:26:14,2,NIE,,
j-2025,14,18.11.2025,18.11.2025 12:37:07,27,159,Lubelskie,185,Ortodoncja,2025/031392,Rezydencki,90.00,4.59,06.10.2025 15:18:43,2,NIE,,
j-2025,14,18.11.2025,18.11.2025 12:37:07,27,159,Lubelskie,186,Ortopedia i traumatologia narządu ruchu,2025/036306,Rezydencki,88.41,4.29,10.10.2025 17:34:47,4,NIE,,
j-2025,14,18.11.2025,18.11.2025 12:37:07,27,159,Lubelskie,187,Ortopedia i traumatologia narządu ruchu,2025/040473,Rezydencki,88.04,3.97,30.09.2025 21:22:34,4,NIE,,
j-2025,14,18.11.2025,18.11.2025 12:37:07,27,159,Lubelskie,188,Ortopedia i traumatologia narządu ruchu,2025/037899,Rezydencki,87.56,3.73,30.09.2025 16:23:48,4,NIE,,
j-2025,14,18.11.2025,18.11.2025 12:37:07,27,159,Lubelskie,189,Ortopedia i traumatologia narządu ruchu,2025/036726,Rezydencki,86.12,4.07,20.10.2025 08:38:54,4,NIE,,
j-2025,14,18.11.2025,18.11.2025 12:37:07,27,159,Lubelskie,190,Ortopedia i traumatologia narządu ruchu,2025/031366,Pozarezydencki,75.91,4.05,13.10.2025 12:41:25,3,NIE,,
j-2025,14,18.11.2025,18.11.2025 12:37:07,27,159,Lubelskie,191,Ortopedia i traumatologia narządu ruchu,2025/038629,Pozarezydencki,70.78,3.71,20.10.2025 13:42:39,3,NIE,,
j-2025,14,18.11.2025,18.11.2025 12:37:07,27,159,Lubelskie,192,Ortopedia i traumatologia narządu ruchu,2025/031718,Pozarezydencki,47.25,0.00,23.10.2025 13:15:23,3,NIE,,
j-2025,14,18.11.2025,18.11.2025 12:37:07,27,159,Lubelskie,193,Otorynolaryngologia,2025/037753,Rezydencki,87.80,4.27,30.09.2025 10:53:30,4,NIE,,
j-2025,14,18.11.2025,18.11.2025 12:37:07,27,159,Lubelskie,194,Otorynolaryngologia,2025/031995,Rezydencki,87.25,4.10,29.09.2025 19:46:34,4,NIE,,
j-2025,14,18.11.2025,18.11.2025 12:37:07,27,159,Lubelskie,195,Otorynolaryngologia,2025/040227,Rezydencki,87.14,4.18,06.10.2025 19:47:52,4,NIE,,
j-2025,14,18.11.2025,18.11.2025 12:37:07,27,159,Lubelskie,196,Otorynolaryngologia,2025/042454,Rezydencki,86.36,4.32,09.10.2025 23:57:17,4,NIE,,
j-2025,14,18.11.2025,18.11.2025 12:37:07,27,159,Lubelskie,197,Otorynolaryngologia dziecięca,2025/042441,Rezydencki,90.19,4.24,07.10.2025 22:17:37,1,NIE,,
j-2025,14,18.11.2025,18.11.2025 12:37:07,27,159,Lubelskie,198,Pediatria,2025/032131,Rezydencki,92.11,3.81,30.09.2025 14:45:10,18,NIE,,
j-2025,14,18.11.2025,18.11.2025 12:37:07,27,159,Lubelskie,199,Pediatria,2025/040048,Rezydencki,89.86,4.69,30.09.2025 22:24:58,18,NIE,,
j-2025,14,18.11.2025,18.11.2025 12:37:07,27,159,Lubelskie,200,Pediatria,2025/033164,Rezydencki,88.89,0.00,08.10.2025 18:48:27,18,NIE,,
j-2025,14,18.11.2025,18.11.2025 12:37:07,27,159,Lubelskie,201,Pediatria,2025/034234,Rezydencki,88.52,4.17,14.10.2025 11:21:30,18,NIE,,
j-2025,14,18.11.2025,18.11.2025 12:37:07,27,159,Lubelskie,202,Pediatria,2025/040720,Rezydencki,88.52,3.97,30.09.2025 21:28:18,18,NIE,,
j-2025,14,18.11.2025,18.11.2025 12:37:07,27,159,Lubelskie,203,Pediatria,2025/032307,Rezydencki,88.29,3.96,13.10.2025 11:37:23,18,NIE,,
j-2025,14,18.11.2025,18.11.2025 12:37:07,27,159,Lubelskie,204,Pediatria,2025/039079,Rezydencki,87.07,4.12,30.09.2025 21:53:48,18,NIE,,
j-2025,14,18.11.2025,18.11.2025 12:37:07,27,159,Lubelskie,205,Pediatria,2025/033576,Rezydencki,85.71,4.26,14.10.2025 11:53:49,18,NIE,,
j-2025,14,18.11.2025,18.11.2025 12:37:07,27,159,Lubelskie,206,Pediatria,2025/028764,Rezydencki,85.65,3.94,15.10.2025 11:30:31,18,NIE,,
j-2025,14,18.11.2025,18.11.2025 12:37:07,27,159,Lubelskie,207,Pediatria,2025/040588,Rezydencki,85.51,4.15,14.10.2025 19:01:48,18,NIE,,
j-2025,14,18.11.2025,18.11.2025 12:37:07,27,159,Lubelskie,208,Pediatria,2025/037889,Rezydencki,84.29,4.12,30.09.2025 22:47:01,18,NIE,,
j-2025,14,18.11.2025,18.11.2025 12:37:07,27,159,Lubelskie,209,Pediatria,2025/040485,Rezydencki,80.38,3.83,30.09.2025 21:01:22,18,NIE,,
j-2025,14,18.11.2025,18.11.2025 12:37:07,27,159,Lubelskie,210,Pediatria,2025/032144,Rezydencki,80.38,3.75,30.09.2025 09:49:49,18,NIE,,
j-2025,14,18.11.2025,18.11.2025 12:37:07,27,159,Lubelskie,211,Pediatria,2025/040161,Rezydencki,79.05,0.00,29.09.2025 10:00:57,18,NIE,,
j-2025,14,18.11.2025,18.11.2025 12:37:07,27,159,Lubelskie,212,Pediatria,2025/041749,Rezydencki,78.71,3.94,30.09.2025 21:38:11,18,NIE,,
j-2025,14,18.11.2025,18.11.2025 12:37:07,27,159,Lubelskie,213,Pediatria,2025/037715,Rezydencki,78.71,3.84,14.10.2025 16:36:08,18,NIE,,
j-2025,14,18.11.2025,18.11.2025 12:37:07,27,159,Lubelskie,214,Pediatria,2025/028557,Rezydencki,78.23,4.31,13.10.2025 14:24:32,18,NIE,,
j-2025,14,18.11.2025,18.11.2025 12:37:07,27,159,Lubelskie,215,Pediatria,2025/039258,Rezydencki,66.27,3.13,15.10.2025 12:39:56,18,NIE,,
j-2025,14,18.11.2025,18.11.2025 12:37:07,27,159,Lubelskie,216,Pediatria,2025/039773,Pozarezydencki,82.19,4.14,06.10.2025 13:03:35,1,NIE,,
j-2025,14,18.11.2025,18.11.2025 12:37:07,28,159,Lubelskie,217,Perinatologia,2025/037079,Pozarezydencki,89.77,0.00,20.10.2025 20:55:48,2,NIE,,
j-2025,14,18.11.2025,18.11.2025 12:37:07,28,159,Lubelskie,218,Perinatologia,2025/032769,Pozarezydencki,81.45,4.66,20.10.2025 13:15:17,2,NIE,,
j-2025,14,18.11.2025,18.11.2025 12:37:07,28,159,Lubelskie,219,Położnictwo i ginekologia,2025/030737,Rezydencki,89.76,3.84,11.09.2025 17:34:04,6,NIE,,
j-2025,14,18.11.2025,18.11.2025 12:37:07,28,159,Lubelskie,220,Położnictwo i ginekologia,2025/034776,Rezydencki,89.23,4.38,13.10.2025 22:55:32,6,NIE,,
j-2025,14,18.11.2025,18.11.2025 12:37:07,28,159,Lubelskie,221,Położnictwo i ginekologia,2025/038028,Rezydencki,88.52,4.16,13.10.2025 12:20:51,6,NIE,,
j-2025,14,18.11.2025,18.11.2025 12:37:07,28,159,Lubelskie,222,Położnictwo i ginekologia,2025/040200,Rezydencki,87.08,4.51,13.10.2025 18:53:59,6,NIE,,
j-2025,14,18.11.2025,18.11.2025 12:37:07,28,159,Lubelskie,223,Położnictwo i ginekologia,2025/029582,Rezydencki,86.84,4.12,30.09.2025 14:37:02,6,NIE,,
j-2025,14,18.11.2025,18.11.2025 12:37:07,28,159,Lubelskie,224,Położnictwo i ginekologia,2025/028680,Rezydencki,86.60,4.05,30.09.2025 14:53:23,6,NIE,,
j-2025,14,18.11.2025,18.11.2025 12:37:07,28,159,Lubelskie,225,Psychiatria,2025/028507,Rezydencki,91.71,4.41,01.09.2025 08:42:38,17,NIE,,
j-2025,14,18.11.2025,18.11.2025 12:37:07,28,159,Lubelskie,226,Psychiatria,2025/039448,Rezydencki,90.43,4.13,30.09.2025 18:37:04,17,NIE,,
j-2025,14,18.11.2025,18.11.2025 12:37:07,28,159,Lubelskie,227,Psychiatria,2025/041434,Rezydencki,90.24,3.82,30.09.2025 16:11:01,17,NIE,,
j-2025,14,18.11.2025,18.11.2025 12:37:07,28,159,Lubelskie,228,Psychiatria,2025/031923,Rezydencki,89.86,4.20,16.10.2025 21:48:34,17,NIE,,
j-2025,14,18.11.2025,18.11.2025 12:37:07,28,159,Lubelskie,229,Psychiatria,2025/041517,Rezydencki,89.37,4.23,14.10.2025 12:15:15,17,NIE,,
j-2025,14,18.11.2025,18.11.2025 12:37:07,28,159,Lubelskie,230,Psychiatria,2025/031896,Rezydencki,86.60,3.98,30.09.2025 14:10:47,17,NIE,,
j-2025,14,18.11.2025,18.11.2025 12:37:07,28,159,Lubelskie,231,Psychiatria,2025/039510,Rezydencki,85.89,3.39,14.10.2025 08:36:13,17,NIE,,
j-2025,14,18.11.2025,18.11.2025 12:37:07,28,159,Lubelskie,232,Psychiatria,2025/041047,Rezydencki,85.65,4.16,30.09.2025 16:50:02,17,NIE,,
j-2025,14,18.11.2025,18.11.2025 12:37:07,28,159,Lubelskie,233,Psychiatria,2025/041363,Rezydencki,85.65,3.89,07.10.2025 14:59:38,17,NIE,,
j-2025,14,18.11.2025,18.11.2025 12:37:07,28,159,Lubelskie,234,Psychiatria,2025/039289,Rezydencki,84.69,3.80,14.10.2025 15:49:51,17,NIE,,
j-2025,14,18.11.2025,18.11.2025 12:37:07,28,159,Lubelskie,235,Psychiatria,2025/038560,Rezydencki,84.69,3.50,22.10.2025 19:34:42,17,NIE,,
j-2025,14,18.11.2025,18.11.2025 12:37:07,28,159,Lubelskie,236,Psychiatria,2025/041446,Rezydencki,84.21,3.83,30.09.2025 12:59:52,17,NIE,,
j-2025,14,18.11.2025,18.11.2025 12:37:07,28,159,Lubelskie,237,Psychiatria,2025/043402,Rezydencki,83.57,4.27,15.10.2025 18:36:24,17,NIE,,
j-2025,14,18.11.2025,18.11.2025 12:37:07,28,159,Lubelskie,238,Psychiatria,2025/034372,Rezydencki,82.35,3.61,29.09.2025 10:04:25,17,NIE,,
j-2025,14,18.11.2025,18.11.2025 12:37:07,28,159,Lubelskie,239,Psychiatria,2025/040736,Rezydencki,82.30,4.16,30.09.2025 14:51:35,17,NIE,,
j-2025,14,18.11.2025,18.11.2025 12:37:07,28,159,Lubelskie,240,Psychiatria,2025/042309,Rezydencki,80.73,3.78,30.09.2025 19:14:16,17,NIE,,
j-2025,14,18.11.2025,18.11.2025 12:37:07,28,159,Lubelskie,241,Psychiatria,2025/041842,Rezydencki,78.95,3.57,14.10.2025 10:49:27,17,NIE,,
j-2025,14,18.11.2025,18.11.2025 12:37:07,28,159,Lubelskie,242,Psychiatria,2025/029709,Pozarezydencki,74.19,0.00,22.10.2025 14:45:59,3,NIE,,
j-2025,14,18.11.2025,18.11.2025 12:37:07,28,159,Lubelskie,243,Psychiatria,2025/039617,Pozarezydencki,68.49,4.16,17.10.2025 12:46:43,3,NIE,,
j-2025,14,18.11.2025,18.11.2025 12:37:07,28,159,Lubelskie,244,Psychiatria,2025/032571,Pozarezydencki,63.55,3.47,13.09.2025 12:19:15,3,NIE,,
j-2025,14,18.11.2025,18.11.2025 12:37:07,28,159,Lubelskie,245,Psychiatria dzieci i młodzieży,2025/029189,Rezydencki,89.05,3.75,14.10.2025 12:19:51,4,NIE,,
j-2025,14,18.11.2025,18.11.2025 12:37:07,28,159,Lubelskie,246,Psychiatria dzieci i młodzieży,2025/038797,Rezydencki,87.92,3.82,15.10.2025 16:23:20,4,NIE,,
j-2025,14,18.11.2025,18.11.2025 12:37:07,28,159,Lubelskie,247,Psychiatria dzieci i młodzieży,2025/030411,Rezydencki,87.32,3.65,30.09.2025 17:31:33,4,NIE,,
j-2025,14,18.11.2025,18.11.2025 12:37:07,28,159,Lubelskie,248,Psychiatria dzieci i młodzieży,2025/030152,Rezydencki,87.07,3.51,15.10.2025 15:17:16,4,NIE,,
j-2025,14,18.11.2025,18.11.2025 12:37:07,28,159,Lubelskie,249,Radiologia i diagnostyka obrazowa,2025/041296,Rezydencki,90.43,4.21,30.09.2025 23:30:45,4,NIE,,
j-2025,14,18.11.2025,18.11.2025 12:37:07,28,159,Lubelskie,250,Radiologia i diagnostyka obrazowa,2025/038256,Rezydencki,89.95,4.22,30.09.2025 21:01:57,4,NIE,,
j-2025,14,18.11.2025,18.11.2025 12:37:07,28,159,Lubelskie,251,Radiologia i diagnostyka obrazowa,2025/037514,Rezydencki,89.95,4.12,09.10.2025 16:49:31,4,NIE,,
j-2025,14,18.11.2025,18.11.2025 12:37:07,28,159,Lubelskie,252,Radiologia i diagnostyka obrazowa,2025/036231,Rezydencki,89.95,4.12,10.10.2025 09:40:20,4,NIE,,
j-2025,14,18.11.2025,18.11.2025 12:37:07,29,159,Lubelskie,253,Radiologia i diagnostyka obrazowa,2025/042515,Pozarezydencki,83.56,4.25,16.10.2025 22:15:38,5,NIE,,
j-2025,14,18.11.2025,18.11.2025 12:37:07,29,159,Lubelskie,254,Radiologia i diagnostyka obrazowa,2025/042562,Pozarezydencki,79.00,0.00,07.10.2025 09:24:30,5,NIE,,
j-2025,14,18.11.2025,18.11.2025 12:37:07,29,159,Lubelskie,255,Radiologia i diagnostyka obrazowa,2025/030746,Pozarezydencki,76.82,3.10,10.10.2025 12:33:18,5,NIE,,
j-2025,14,18.11.2025,18.11.2025 12:37:07,29,159,Lubelskie,256,Radiologia i diagnostyka obrazowa,2025/041769,Pozarezydencki,55.00,3.58,21.10.2025 08:36:26,5,NIE,,
j-2025,14,18.11.2025,18.11.2025 12:37:07,29,159,Lubelskie,257,Radiologia i diagnostyka obrazowa,2025/039488,Pozarezydencki,3.41,3.50,28.09.2025 16:57:39,5,NIE,,
j-2025,14,18.11.2025,18.11.2025 12:37:07,29,159,Lubelskie,258,Radioterapia onkologiczna,2025/030697,Rezydencki,86.52,3.88,14.10.2025 13:35:20,2,NIE,,
j-2025,14,18.11.2025,18.11.2025 12:37:07,29,159,Lubelskie,259,Radioterapia onkologiczna,2025/031505,Rezydencki,62.02,3.33,17.10.2025 11:30:00,2,NIE,,
j-2025,14,18.11.2025,18.11.2025 12:37:07,29,159,Lubelskie,260,Rehabilitacja medyczna,2025/028643,Rezydencki,83.33,4.02,30.09.2025 16:44:17,3,NIE,,
j-2025,14,18.11.2025,18.11.2025 12:37:07,29,159,Lubelskie,261,Rehabilitacja medyczna,2025/031347,Rezydencki,78.26,4.17,16.10.2025 18:45:11,3,NIE,,
j-2025,14,18.11.2025,18.11.2025 12:37:07,29,159,Lubelskie,262,Rehabilitacja medyczna,2025/031270,Rezydencki,65.69,4.00,14.10.2025 15:10:23,3,NIE,,
j-2025,14,18.11.2025,18.11.2025 12:37:07,29,159,Lubelskie,263,Reumatologia,2025/034752,Rezydencki,90.10,4.27,24.09.2025 16:29:24,2,NIE,,
j-2025,14,18.11.2025,18.11.2025 12:37:07,29,159,Lubelskie,264,Reumatologia,2025/041520,Rezydencki,89.00,4.34,30.09.2025 20:51:56,2,NIE,,
j-2025,14,18.11.2025,18.11.2025 12:37:07,29,159,Lubelskie,265,Reumatologia,2025/039932,Pozarezydencki,80.37,4.34,09.10.2025 21:19:07,3,NIE,,
j-2025,14,18.11.2025,18.11.2025 12:37:07,29,159,Lubelskie,266,Reumatologia,2025/032273,Pozarezydencki,80.14,4.36,08.10.2025 11:19:16,3,NIE,,
j-2025,14,18.11.2025,18.11.2025 12:37:07,29,159,Lubelskie,267,Reumatologia,2025/041162,Pozarezydencki,75.45,3.95,08.10.2025 20:12:14,3,NIE,,
j-2025,14,18.11.2025,18.11.2025 12:37:07,29,159,Lubelskie,268,Stomatologia zachowawcza z endodoncją,2025/029142,Rezydencki,80.77,3.97,06.10.2025 19:53:25,2,NIE,,
j-2025,14,18.11.2025,18.11.2025 12:37:07,29,159,Lubelskie,269,Stomatologia zachowawcza z endodoncją,2025/039372,Rezydencki,79.33,4.20,30.09.2025 22:46:50,2,NIE,,
j-2025,14,18.11.2025,18.11.2025 12:37:07,29,159,Lubelskie,270,Toksykologia kliniczna,2025/037940,Pozarezydencki,80.00,0.00,17.10.2025 13:46:18,1,NIE,,
j-2025,14,18.11.2025,18.11.2025 12:37:07,29,159,Lubelskie,271,Transplantologia kliniczna,2025/030883,Pozarezydencki,81.14,4.36,16.10.2025 08:44:39,2,NIE,,
j-2025,14,18.11.2025,18.11.2025 12:37:07,29,159,Lubelskie,272,Transplantologia kliniczna,2025/038441,Pozarezydencki,69.34,0.00,19.10.2025 18:28:06,2,NIE,,
j-2025,14,18.11.2025,18.11.2025 12:37:07,29,159,Lubelskie,273,Urologia,2025/030048,Rezydencki,92.27,4.36,24.09.2025 17:21:22,3,NIE,,
j-2025,14,18.11.2025,18.11.2025 12:37:07,29,159,Lubelskie,274,Urologia,2025/041582,Rezydencki,90.43,3.76,13.10.2025 16:09:57,3,NIE,,
j-2025,14,18.11.2025,18.11.2025 12:37:07,29,159,Lubelskie,275,Urologia,2025/039392,Rezydencki,87.56,3.50,30.09.2025 20:05:25,3,NIE,,
j-2025,14,18.11.2025,18.11.2025 12:37:07,29,159,Lubelskie,1,Psychiatria,2025/031669,Rezydencki,84.29,4.16,09.09.2025 19:03:29,1,TAK,UNIWERSYTECKI SZPITAL KLINICZNY NR 1 W LUBLINIE,II Klinika Psychiatrii i Rehabilitacji Psychiatrycznej
j-2025,14,18.11.2025,18.11.2025 12:37:07,29,159,Lubelskie,1,Chirurgia onkologiczna,2025/030351,Rezydencki,82.86,4.17,24.09.2025 21:34:49,1,TAK,UNIWERSYTECKI SZPITAL KLINICZNY NR 1 W LUBLINIE,Oddział Chirurgii Onkologicznej
j-2025,14,18.11.2025,18.11.2025 12:37:07,30,159,Lubelskie,1,Okulistyka,2025/035026,Rezydencki,88.73,4.16,25.09.2025 10:43:28,1,TAK,Status dokumentu Opublikowanie wyników,UNIWERSYTECKI SZPITAL KLINICZNY NR 1 W LUBLINIE Klinika Okulistyki Ogolnej
j-2025,14,18.11.2025,18.11.2025 12:37:07,30,159,Lubelskie,1,Radiologia i diagnostyka obrazowa,2025/029083,Rezydencki,72.46,3.91,09.10.2025 19:33:01,3,TAK,UNIWERSYTECKI SZPITAL KLINICZNY NR 4 W LUBLINIE,Zakład Radiologii Zabiegowej i Neuroradiologii
j-2025,14,18.11.2025,18.11.2025 12:37:07,30,159,Lubelskie,1,Otorynolaryngologia,2025/029637,Rezydencki,75.85,0.00,06.10.2025 20:26:58,1,TAK,UNIWERSYTECKI SZPITAL KLINICZNY NR 4 W LUBLINIE,"Kliniczny Oddział Otorynolaryngologii, Onkologii Laryngologicznej, Audiologii i Foniatrii"
j-2025,14,18.11.2025,18.11.2025 12:37:07,30,159,Lubelskie,1,Radiologia i diagnostyka obrazowa,2025/035896,Rezydencki,80.00,3.65,09.10.2025 00:04:42,3,TAK,Uniwersytecki Szpital Dziecięcy w Lublinie,Zakład Diagnostyki Obrazowej
j-2025,14,18.11.2025,18.11.2025 12:37:07,30,159,Lubelskie,2,Radiologia i diagnostyka obrazowa,2025/039123,Rezydencki,73.81,3.94,09.10.2025 09:29:01,3,TAK,Uniwersytecki Szpital Dziecięcy w Lublinie,Zakład Diagnostyki Obrazowej
j-2025,14,18.11.2025,18.11.2025 12:37:07,30,159,Lubelskie,1,Onkologia i hematologia dziecięca,2025/031755,Rezydencki,86.19,4.26,15.09.2025 11:46:27,1,TAK,Uniwersytecki Szpital Dziecięcy w Lublinie,"Oddział Hematologii, Onkologii i Transplantologii Dziecięcej - Klinika Hematologii, Onkologii i Transplantologii Dziecięcej"
j-2025,14,18.11.2025,18.11.2025 12:37:07,30,159,Lubelskie,1,Pediatria,2025/031792,Rezydencki,88.57,4.28,15.09.2025 11:54:17,1,TAK,Uniwersytecki Szpital Dziecięcy w Lublinie,"Oddział Hematologii, Onkologii i Transplantologii Dziecięcej - Klinika Hematologii, Onkologii i Transplantologii Dziecięcej"
j-2025,14,18.11.2025,18.11.2025 12:37:07,30,159,Lubuskie,1,Anestezjologia i intensywna terapia,2025/034766,Rezydencki,87.92,4.56,29.09.2025 21:52:29,11,NIE,,
j-2025,14,18.11.2025,18.11.2025 12:37:07,30,159,Lubuskie,2,Anestezjologia i intensywna terapia,2025/040755,Rezydencki,86.84,4.40,30.09.2025 20:59:41,11,NIE,,
j-2025,14,18.11.2025,18.11.2025 12:37:07,30,159,Lubuskie,3,Anestezjologia i intensywna terapia,2025/039958,Rezydencki,84.69,4.28,08.10.2025 13:06:21,11,NIE,,
j-2025,14,18.11.2025,18.11.2025 12:37:07,30,159,Lubuskie,4,Anestezjologia i intensywna terapia,2025/033400,Rezydencki,84.06,4.63,27.09.2025 13:00:22,11,NIE,,
j-2025,14,18.11.2025,18.11.2025 12:37:07,30,159,Lubuskie,5,Anestezjologia i intensywna terapia,2025/042401,Rezydencki,83.25,4.31,30.09.2025 15:47:01,11,NIE,,
j-2025,14,18.11.2025,18.11.2025 12:37:07,30,159,Lubuskie,6,Anestezjologia i intensywna terapia,2025/039980,Rezydencki,82.35,4.13,10.10.2025 03:23:05,11,NIE,,
j-2025,14,18.11.2025,18.11.2025 12:37:07,30,159,Lubuskie,7,Anestezjologia i intensywna terapia,2025/034933,Rezydencki,80.48,3.72,21.09.2025 20:26:07,11,NIE,,
j-2025,14,18.11.2025,18.11.2025 12:37:07,30,159,Lubuskie,8,Anestezjologia i intensywna terapia,2025/030075,Rezydencki,80.48,3.54,16.10.2025 12:28:20,11,NIE,,
j-2025,14,18.11.2025,18.11.2025 12:37:07,30,159,Lubuskie,9,Anestezjologia i intensywna terapia,2025/040335,Rezydencki,77.27,3.51,30.09.2025 16:30:20,11,NIE,,
j-2025,14,18.11.2025,18.11.2025 12:37:07,30,159,Lubuskie,10,Anestezjologia i intensywna terapia,2025/039893,Rezydencki,76.79,4.26,15.10.2025 19:06:45,11,NIE,,
j-2025,14,18.11.2025,18.11.2025 12:37:07,30,159,Lubuskie,11,Anestezjologia i intensywna terapia,2025/038988,Rezydencki,72.38,3.80,27.09.2025 20:46:03,11,NIE,,
j-2025,14,18.11.2025,18.11.2025 12:37:07,30,159,Lubuskie,12,Chirurgia dziecięca,2025/029000,Rezydencki,84.06,4.34,28.09.2025 09:57:14,2,NIE,,
j-2025,14,18.11.2025,18.11.2025 12:37:07,30,159,Lubuskie,13,Chirurgia dziecięca,2025/038699,Rezydencki,68.57,4.00,26.09.2025 21:32:36,2,NIE,,
j-2025,14,18.11.2025,18.11.2025 12:37:07,31,159,Lubuskie,14,Chirurgia naczyniowa,2025/028558,Rezydencki,88.41,4.23,01.09.2025 09:51:03,2,NIE,,
j-2025,14,18.11.2025,18.11.2025 12:37:07,31,159,Lubuskie,15,Chirurgia naczyniowa,2025/039785,Rezydencki,87.56,4.13,09.10.2025 17:47:47,2,NIE,,
j-2025,14,18.11.2025,18.11.2025 12:37:07,31,159,Lubuskie,16,Chirurgia ogólna,2025/039080,Rezydencki,82.86,4.15,13.10.2025 14:23:08,3,NIE,,
j-2025,14,18.11.2025,18.11.2025 12:37:07,31,159,Lubuskie,17,Chirurgia ogólna,2025/032768,Rezydencki,81.64,4.17,30.09.2025 19:18:12,3,NIE,,
j-2025,14,18.11.2025,18.11.2025 12:37:07,31,159,Lubuskie,18,Chirurgia ogólna,2025/041732,Rezydencki,64.59,3.70,15.10.2025 13:44:19,3,NIE,,
j-2025,14,18.11.2025,18.11.2025 12:37:07,31,159,Lubuskie,19,Chirurgia onkologiczna,2025/035111,Pozarezydencki,80.00,3.58,21.10.2025 13:32:05,2,NIE,,
j-2025,14,18.11.2025,18.11.2025 12:37:07,31,159,Lubuskie,20,Chirurgia onkologiczna,2025/038573,Pozarezydencki,79.09,0.00,16.10.2025 18:22:27,2,NIE,,
j-2025,14,18.11.2025,18.11.2025 12:37:07,31,159,Lubuskie,21,Chirurgia plastyczna,2025/041690,Pozarezydencki,84.02,4.01,24.10.2025 19:54:29,2,NIE,,
j-2025,14,18.11.2025,18.11.2025 12:37:07,31,159,Lubuskie,22,Chirurgia plastyczna,2025/032472,Pozarezydencki,84.02,3.68,07.10.2025 19:38:50,2,NIE,,
j-2025,14,18.11.2025,18.11.2025 12:37:07,31,159,Lubuskie,23,Choroby płuc,2025/029662,Rezydencki,88.41,4.33,15.09.2025 20:42:02,3,NIE,,
j-2025,14,18.11.2025,18.11.2025 12:37:07,31,159,Lubuskie,24,Choroby płuc,2025/041319,Rezydencki,88.41,4.25,09.10.2025 10:42:38,3,NIE,,
j-2025,14,18.11.2025,18.11.2025 12:37:07,31,159,Lubuskie,25,Choroby płuc,2025/040040,Rezydencki,82.78,4.27,30.09.2025 15:20:32,3,NIE,,
j-2025,14,18.11.2025,18.11.2025 12:37:07,31,159,Lubuskie,26,Choroby wewnętrzne,2025/039941,Rezydencki,89.13,4.46,30.09.2025 20:32:13,3,NIE,,
j-2025,14,18.11.2025,18.11.2025 12:37:07,31,159,Lubuskie,27,Choroby wewnętrzne,2025/038475,Rezydencki,86.12,4.17,30.09.2025 07:56:53,3,NIE,,
j-2025,14,18.11.2025,18.11.2025 12:37:07,31,159,Lubuskie,28,Choroby wewnętrzne,2025/040888,Rezydencki,82.30,4.40,30.09.2025 11:09:32,3,NIE,,
j-2025,14,18.11.2025,18.11.2025 12:37:07,31,159,Lubuskie,29,Gastroenterologia,2025/029556,Pozarezydencki,77.63,3.49,30.09.2025 21:47:51,1,NIE,,
j-2025,14,18.11.2025,18.11.2025 12:37:07,31,159,Lubuskie,30,Geriatria,2025/038559,Pozarezydencki,64.91,0.00,16.10.2025 18:33:49,1,NIE,,
j-2025,14,18.11.2025,18.11.2025 12:37:07,31,159,Lubuskie,31,Ginekologia onkologiczna,2025/029178,Pozarezydencki,70.91,3.37,13.10.2025 11:46:58,1,NIE,,
j-2025,14,18.11.2025,18.11.2025 12:37:07,31,159,Lubuskie,32,Intensywna terapia,2025/043135,Pozarezydencki,86.82,0.00,09.10.2025 22:29:47,3,NIE,,
j-2025,14,18.11.2025,18.11.2025 12:37:07,31,159,Lubuskie,33,Intensywna terapia,2025/033143,Pozarezydencki,82.95,3.50,31.10.2025 09:11:37,3,NIE,,
j-2025,14,18.11.2025,18.11.2025 12:37:07,31,159,Lubuskie,34,Intensywna terapia,2025/041655,Pozarezydencki,72.81,4.34,13.10.2025 19:42:14,3,NIE,,
j-2025,14,18.11.2025,18.11.2025 12:37:07,31,159,Lubuskie,35,Kardiologia,2025/037675,Rezydencki,90.43,4.30,30.09.2025 18:31:46,3,NIE,,
j-2025,14,18.11.2025,18.11.2025 12:37:07,31,159,Lubuskie,36,Kardiologia,2025/038670,Rezydencki,89.00,4.23,22.10.2025 16:47:04,3,NIE,,
j-2025,14,18.11.2025,18.11.2025 12:37:07,31,159,Lubuskie,37,Kardiologia,2025/029018,Rezydencki,88.57,4.27,30.09.2025 18:24:25,3,NIE,,
j-2025,14,18.11.2025,18.11.2025 12:37:07,31,159,Lubuskie,38,Kardiologia,2025/029033,Pozarezydencki,72.05,4.44,15.10.2025 23:52:44,1,NIE,,
j-2025,14,18.11.2025,18.11.2025 12:37:07,31,159,Lubuskie,39,Medycyna nuklearna,2025/040479,Rezydencki,78.47,3.85,14.10.2025 14:58:57,2,NIE,,
j-2025,14,18.11.2025,18.11.2025 12:37:07,31,159,Lubuskie,40,Medycyna nuklearna,2025/037387,Rezydencki,67.46,4.78,13.10.2025 19:39:26,2,NIE,,
j-2025,14,18.11.2025,18.11.2025 12:37:07,31,159,Lubuskie,41,Medycyna paliatywna,2025/037699,Pozarezydencki,66.36,3.88,15.10.2025 09:46:57,2,NIE,,
j-2025,14,18.11.2025,18.11.2025 12:37:07,31,159,Lubuskie,42,Medycyna paliatywna,2025/031761,Pozarezydencki,66.36,3.48,29.09.2025 13:52:28,2,NIE,,
j-2025,14,18.11.2025,18.11.2025 12:37:07,31,159,Lubuskie,43,Medycyna pracy,2025/028615,Pozarezydencki,70.91,3.35,15.09.2025 15:11:41,2,NIE,,
j-2025,14,18.11.2025,18.11.2025 12:37:07,31,159,Lubuskie,44,Medycyna pracy,2025/031060,Pozarezydencki,68.84,3.98,29.09.2025 16:26:53,2,NIE,,
j-2025,14,18.11.2025,18.11.2025 12:37:07,31,159,Lubuskie,45,Medycyna rodzinna,2025/034227,Rezydencki,87.44,4.34,19.09.2025 20:24:35,12,NIE,,
j-2025,14,18.11.2025,18.11.2025 12:37:07,31,159,Lubuskie,46,Medycyna rodzinna,2025/035643,Rezydencki,86.67,3.89,11.10.2025 19:50:46,12,NIE,,
j-2025,14,18.11.2025,18.11.2025 12:37:07,31,159,Lubuskie,47,Medycyna rodzinna,2025/041447,Rezydencki,86.27,4.39,08.10.2025 10:57:28,12,NIE,,
j-2025,14,18.11.2025,18.11.2025 12:37:07,31,159,Lubuskie,48,Medycyna rodzinna,2025/031659,Rezydencki,84.54,4.32,29.09.2025 22:28:57,12,NIE,,
j-2025,14,18.11.2025,18.11.2025 12:37:07,31,159,Lubuskie,49,Medycyna rodzinna,2025/029193,Rezydencki,80.43,3.95,30.09.2025 13:36:07,12,NIE,,
j-2025,14,18.11.2025,18.11.2025 12:37:07,32,159,Lubuskie,50,Medycyna rodzinna,2025/030175,Rezydencki,79.41,4.33,04.09.2025 10:37:16,12,NIE,,
j-2025,14,18.11.2025,18.11.2025 12:37:07,32,159,Lubuskie,51,Medycyna rodzinna,2025/030524,Rezydencki,79.05,3.83,07.10.2025 14:40:15,12,NIE,,
j-2025,14,18.11.2025,18.11.2025 12:37:07,32,159,Lubuskie,52,Medycyna rodzinna,2025/037942,Rezydencki,74.29,4.22,19.10.2025 15:58:05,12,NIE,,
j-2025,14,18.11.2025,18.11.2025 12:37:07,32,159,Lubuskie,53,Medycyna rodzinna,2025/028484,Rezydencki,72.25,3.50,09.10.2025 11:37:02,12,NIE,,
j-2025,14,18.11.2025,18.11.2025 12:37:07,32,159,Lubuskie,54,Medycyna rodzinna,2025/036758,Rezydencki,72.06,4.03,29.09.2025 11:12:22,12,NIE,,
j-2025,14,18.11.2025,18.11.2025 12:37:07,32,159,Lubuskie,55,Medycyna rodzinna,2025/042582,Rezydencki,70.33,0.00,30.09.2025 17:44:24,12,NIE,,
j-2025,14,18.11.2025,18.11.2025 12:37:07,32,159,Lubuskie,56,Medycyna rodzinna,2025/040458,Rezydencki,67.62,4.22,29.09.2025 13:40:50,12,NIE,,
j-2025,14,18.11.2025,18.11.2025 12:37:07,32,159,Lubuskie,57,Medycyna rodzinna,2025/041455,Pozarezydencki,61.82,3.48,14.10.2025 19:02:43,3,NIE,,
j-2025,14,18.11.2025,18.11.2025 12:37:07,32,159,Lubuskie,58,Medycyna rodzinna,2025/038729,Pozarezydencki,61.57,3.17,14.10.2025 21:20:26,3,NIE,,
j-2025,14,18.11.2025,18.11.2025 12:37:07,32,159,Lubuskie,59,Medycyna rodzinna,2025/041255,Pozarezydencki,53.21,3.71,09.10.2025 13:11:27,3,NIE,,
j-2025,14,18.11.2025,18.11.2025 12:37:07,32,159,Lubuskie,60,Neonatologia,2025/034574,Rezydencki,85.24,4.65,22.09.2025 17:46:30,2,NIE,,
j-2025,14,18.11.2025,18.11.2025 12:37:07,32,159,Lubuskie,61,Neonatologia,2025/038604,Rezydencki,59.42,0.00,26.09.2025 19:06:16,2,NIE,,
j-2025,14,18.11.2025,18.11.2025 12:37:07,32,159,Lubuskie,62,Neonatologia,2025/029121,Pozarezydencki,84.55,4.80,09.10.2025 11:40:12,1,NIE,,
j-2025,14,18.11.2025,18.11.2025 12:37:07,32,159,Lubuskie,63,Neurologia,2025/030082,Rezydencki,88.89,4.36,19.09.2025 13:54:17,5,NIE,,
j-2025,14,18.11.2025,18.11.2025 12:37:07,32,159,Lubuskie,64,Neurologia,2025/029219,Rezydencki,84.21,4.23,30.09.2025 07:08:06,5,NIE,,
j-2025,14,18.11.2025,18.11.2025 12:37:07,32,159,Lubuskie,65,Neurologia,2025/039704,Rezydencki,71.77,0.00,08.10.2025 21:35:36,5,NIE,,
j-2025,14,18.11.2025,18.11.2025 12:37:07,32,159,Lubuskie,66,Neurologia,2025/029688,Rezydencki,69.52,3.59,26.09.2025 13:51:17,5,NIE,,
j-2025,14,18.11.2025,18.11.2025 12:37:07,32,159,Lubuskie,67,Neurologia,2025/038109,Rezydencki,56.67,3.69,25.09.2025 23:32:14,5,NIE,,
j-2025,14,18.11.2025,18.11.2025 12:37:07,32,159,Lubuskie,68,Neurologia dziecięca,2025/040533,Pozarezydencki,71.36,4.20,21.10.2025 10:55:06,1,NIE,,
j-2025,14,18.11.2025,18.11.2025 12:37:07,32,159,Lubuskie,69,Okulistyka,2025/033181,Rezydencki,90.00,4.44,30.09.2025 18:33:19,2,NIE,,
j-2025,14,18.11.2025,18.11.2025 12:37:07,32,159,Lubuskie,70,Okulistyka,2025/034801,Rezydencki,89.86,4.57,27.09.2025 19:37:59,2,NIE,,
j-2025,14,18.11.2025,18.11.2025 12:37:07,32,159,Lubuskie,71,Okulistyka,2025/042046,Pozarezydencki,80.82,4.24,09.10.2025 10:26:39,6,NIE,,
j-2025,14,18.11.2025,18.11.2025 12:37:07,32,159,Lubuskie,72,Okulistyka,2025/031510,Pozarezydencki,79.91,3.97,14.09.2025 17:55:58,6,NIE,,
j-2025,14,18.11.2025,18.11.2025 12:37:07,32,159,Lubuskie,73,Okulistyka,2025/030790,Pozarezydencki,77.63,3.82,07.10.2025 19:39:31,6,NIE,,
j-2025,14,18.11.2025,18.11.2025 12:37:07,32,159,Lubuskie,74,Okulistyka,2025/032794,Pozarezydencki,76.64,4.23,15.10.2025 20:25:30,6,NIE,,
j-2025,14,18.11.2025,18.11.2025 12:37:07,32,159,Lubuskie,75,Okulistyka,2025/037277,Pozarezydencki,75.34,4.00,30.09.2025 20:42:11,6,NIE,,
j-2025,14,18.11.2025,18.11.2025 12:37:07,32,159,Lubuskie,76,Okulistyka,2025/043241,Pozarezydencki,73.73,3.31,30.09.2025 22:37:22,6,NIE,,
j-2025,14,18.11.2025,18.11.2025 12:37:07,32,159,Lubuskie,77,Onkologia kliniczna,2025/033574,Rezydencki,81.86,4.35,19.09.2025 20:14:32,3,NIE,,
j-2025,14,18.11.2025,18.11.2025 12:37:07,32,159,Lubuskie,78,Onkologia kliniczna,2025/030985,Rezydencki,74.51,0.00,09.09.2025 13:50:03,3,NIE,,
j-2025,14,18.11.2025,18.11.2025 12:37:07,32,159,Lubuskie,79,Onkologia kliniczna,2025/041185,Rezydencki,72.86,4.28,20.10.2025 21:10:52,3,NIE,,
j-2025,14,18.11.2025,18.11.2025 12:37:07,32,159,Lubuskie,80,Ortopedia i traumatologia narządu ruchu,2025/037914,Rezydencki,86.47,4.41,28.09.2025 22:41:07,10,NIE,,
j-2025,14,18.11.2025,18.11.2025 12:37:07,32,159,Lubuskie,81,Ortopedia i traumatologia narządu ruchu,2025/036727,Rezydencki,86.12,3.58,06.10.2025 12:28:01,10,NIE,,
j-2025,14,18.11.2025,18.11.2025 12:37:07,32,159,Lubuskie,82,Ortopedia i traumatologia narządu ruchu,2025/037713,Rezydencki,83.33,3.96,30.09.2025 13:47:26,10,NIE,,
j-2025,14,18.11.2025,18.11.2025 12:37:07,32,159,Lubuskie,83,Ortopedia i traumatologia narządu ruchu,2025/036879,Rezydencki,82.38,4.01,09.10.2025 11:25:48,10,NIE,,
j-2025,14,18.11.2025,18.11.2025 12:37:07,32,159,Lubuskie,84,Ortopedia i traumatologia narządu ruchu,2025/039795,Rezydencki,81.82,3.81,30.09.2025 19:00:32,10,NIE,,
j-2025,14,18.11.2025,18.11.2025 12:37:07,32,159,Lubuskie,85,Ortopedia i traumatologia narządu ruchu,2025/037583,Rezydencki,80.38,0.00,03.10.2025 16:41:45,10,NIE,,
j-2025,14,18.11.2025,18.11.2025 12:37:07,33,159,Lubuskie,86,Ortopedia i traumatologia narządu ruchu,2025/036975,Rezydencki,78.47,3.70,30.09.2025 00:28:28,10,NIE,,
j-2025,14,18.11.2025,18.11.2025 12:37:07,33,159,Lubuskie,87,Ortopedia i traumatologia narządu ruchu,2025/029639,Rezydencki,78.43,3.14,08.10.2025 13:52:55,10,NIE,,
j-2025,14,18.11.2025,18.11.2025 12:37:07,33,159,Lubuskie,88,Ortopedia i traumatologia narządu ruchu,2025/036535,Rezydencki,77.29,4.09,30.09.2025 10:39:40,10,NIE,,
j-2025,14,18.11.2025,18.11.2025 12:37:07,33,159,Lubuskie,89,Ortopedia i traumatologia narządu ruchu,2025/040717,Rezydencki,76.08,4.09,06.10.2025 17:51:46,10,NIE,,
j-2025,14,18.11.2025,18.11.2025 12:37:07,33,159,Lubuskie,90,Otorynolaryngologia,2025/028522,Rezydencki,88.73,4.21,01.09.2025 09:10:51,3,NIE,,
j-2025,14,18.11.2025,18.11.2025 12:37:07,33,159,Lubuskie,91,Otorynolaryngologia,2025/034824,Rezydencki,87.25,4.34,27.09.2025 19:54:26,3,NIE,,
j-2025,14,18.11.2025,18.11.2025 12:37:07,33,159,Lubuskie,92,Otorynolaryngologia,2025/039778,Rezydencki,86.19,3.84,29.09.2025 23:23:10,3,NIE,,
j-2025,14,18.11.2025,18.11.2025 12:37:07,33,159,Lubuskie,93,Pediatria,2025/036393,Rezydencki,87.32,4.10,30.09.2025 05:48:12,4,NIE,,
j-2025,14,18.11.2025,18.11.2025 12:37:07,33,159,Lubuskie,94,Pediatria,2025/028448,Rezydencki,82.78,4.55,07.10.2025 14:05:15,4,NIE,,
j-2025,14,18.11.2025,18.11.2025 12:37:07,33,159,Lubuskie,95,Pediatria,2025/033282,Rezydencki,80.00,3.76,15.09.2025 21:37:39,4,NIE,,
j-2025,14,18.11.2025,18.11.2025 12:37:07,33,159,Lubuskie,96,Pediatria,2025/030531,Rezydencki,78.10,3.92,08.10.2025 19:22:47,4,NIE,,
j-2025,14,18.11.2025,18.11.2025 12:37:07,33,159,Lubuskie,97,Położnictwo i ginekologia,2025/030969,Rezydencki,84.06,4.23,09.10.2025 10:26:44,5,NIE,,
j-2025,14,18.11.2025,18.11.2025 12:37:07,33,159,Lubuskie,98,Położnictwo i ginekologia,2025/030066,Rezydencki,83.33,4.46,07.10.2025 13:37:34,5,NIE,,
j-2025,14,18.11.2025,18.11.2025 12:37:07,33,159,Lubuskie,99,Położnictwo i ginekologia,2025/030099,Rezydencki,83.33,4.31,08.10.2025 09:43:37,5,NIE,,
j-2025,14,18.11.2025,18.11.2025 12:37:07,33,159,Lubuskie,100,Położnictwo i ginekologia,2025/036290,Rezydencki,82.61,3.88,29.09.2025 00:17:40,5,NIE,,
j-2025,14,18.11.2025,18.11.2025 12:37:07,33,159,Lubuskie,101,Położnictwo i ginekologia,2025/039158,Rezydencki,80.95,4.49,29.09.2025 22:12:06,5,NIE,,
j-2025,14,18.11.2025,18.11.2025 12:37:07,33,159,Lubuskie,102,Psychiatria,2025/035844,Rezydencki,89.13,4.57,30.09.2025 21:31:27,9,NIE,,
j-2025,14,18.11.2025,18.11.2025 12:37:07,33,159,Lubuskie,103,Psychiatria,2025/031513,Rezydencki,84.21,4.49,07.10.2025 11:00:26,9,NIE,,
j-2025,14,18.11.2025,18.11.2025 12:37:07,33,159,Lubuskie,104,Psychiatria,2025/041332,Rezydencki,79.90,3.62,30.09.2025 15:03:56,9,NIE,,
j-2025,14,18.11.2025,18.11.2025 12:37:07,33,159,Lubuskie,105,Psychiatria,2025/040895,Rezydencki,77.99,3.50,30.09.2025 22:41:33,9,NIE,,
j-2025,14,18.11.2025,18.11.2025 12:37:07,33,159,Lubuskie,106,Psychiatria,2025/032610,Rezydencki,76.56,3.77,30.09.2025 21:05:29,9,NIE,,
j-2025,14,18.11.2025,18.11.2025 12:37:07,33,159,Lubuskie,107,Psychiatria,2025/030978,Rezydencki,75.85,3.95,14.09.2025 12:54:46,9,NIE,,
j-2025,14,18.11.2025,18.11.2025 12:37:07,33,159,Lubuskie,108,Psychiatria,2025/041057,Rezydencki,70.05,4.13,30.09.2025 16:52:06,9,NIE,,
j-2025,14,18.11.2025,18.11.2025 12:37:07,33,159,Lubuskie,109,Psychiatria,2025/042378,Rezydencki,66.03,3.42,30.09.2025 23:20:33,9,NIE,,
j-2025,14,18.11.2025,18.11.2025 12:37:07,33,159,Lubuskie,110,Psychiatria,2025/038875,Rezydencki,42.58,4.11,30.09.2025 20:22:39,9,NIE,,
j-2025,14,18.11.2025,18.11.2025 12:37:07,33,159,Lubuskie,111,Psychiatria,2025/035510,Pozarezydencki,52.34,3.03,15.10.2025 20:34:15,2,NIE,,
j-2025,14,18.11.2025,18.11.2025 12:37:07,33,159,Lubuskie,112,Psychiatria,2025/031529,Pozarezydencki,2.27,3.76,19.09.2025 11:12:34,2,NIE,,
j-2025,14,18.11.2025,18.11.2025 12:37:07,33,159,Lubuskie,113,Psychiatria dzieci i młodzieży,2025/038682,Rezydencki,84.21,4.05,30.09.2025 19:49:15,4,NIE,,
j-2025,14,18.11.2025,18.11.2025 12:37:07,33,159,Lubuskie,114,Psychiatria dzieci i młodzieży,2025/029484,Rezydencki,79.95,4.17,08.10.2025 19:32:32,4,NIE,,
j-2025,14,18.11.2025,18.11.2025 12:37:07,33,159,Lubuskie,115,Psychiatria dzieci i młodzieży,2025/028472,Rezydencki,79.43,3.55,07.10.2025 09:21:24,4,NIE,,
j-2025,14,18.11.2025,18.11.2025 12:37:07,33,159,Lubuskie,116,Psychiatria dzieci i młodzieży,2025/039318,Rezydencki,74.64,4.32,30.09.2025 16:32:45,4,NIE,,
j-2025,14,18.11.2025,18.11.2025 12:37:07,33,159,Lubuskie,117,Psychiatria dzieci i młodzieży,2025/042311,Pozarezydencki,82.27,3.03,23.10.2025 14:37:39,1,NIE,,
j-2025,14,18.11.2025,18.11.2025 12:37:07,33,159,Lubuskie,118,Radiologia i diagnostyka obrazowa,2025/042748,Rezydencki,89.47,4.53,10.10.2025 03:24:24,5,NIE,,
j-2025,14,18.11.2025,18.11.2025 12:37:07,33,159,Lubuskie,119,Radiologia i diagnostyka obrazowa,2025/040800,Rezydencki,88.04,4.36,30.09.2025 20:52:24,5,NIE,,
j-2025,14,18.11.2025,18.11.2025 12:37:07,33,159,Lubuskie,120,Radiologia i diagnostyka obrazowa,2025/036964,Rezydencki,87.56,4.22,30.09.2025 19:55:52,5,NIE,,
j-2025,14,18.11.2025,18.11.2025 12:37:07,33,159,Lubuskie,121,Radiologia i diagnostyka obrazowa,2025/037828,Rezydencki,87.32,3.30,07.10.2025 13:11:24,5,NIE,,
j-2025,14,18.11.2025,18.11.2025 12:37:07,34,159,Lubuskie,122,Radiologia i diagnostyka obrazowa,2025/038584,Rezydencki,87.08,4.59,07.10.2025 14:48:51,5,NIE,,
j-2025,14,18.11.2025,18.11.2025 12:37:07,34,159,Lubuskie,123,Radiologia i diagnostyka obrazowa,2025/031989,Pozarezydencki,80.00,4.43,08.10.2025 11:47:45,4,NIE,,
j-2025,14,18.11.2025,18.11.2025 12:37:07,34,159,Lubuskie,124,Radiologia i diagnostyka obrazowa,2025/029948,Pozarezydencki,79.91,4.50,30.09.2025 20:28:13,4,NIE,,
j-2025,14,18.11.2025,18.11.2025 12:37:07,34,159,Lubuskie,125,Radiologia i diagnostyka obrazowa,2025/028919,Pozarezydencki,77.57,4.19,30.09.2025 21:26:27,4,NIE,,
j-2025,14,18.11.2025,18.11.2025 12:37:07,34,159,Lubuskie,126,Radiologia i diagnostyka obrazowa,2025/039911,Pozarezydencki,76.82,3.81,30.09.2025 21:42:51,4,NIE,,
j-2025,14,18.11.2025,18.11.2025 12:37:07,34,159,Lubuskie,127,Radioterapia onkologiczna,2025/029571,Rezydencki,86.84,3.62,30.09.2025 14:20:12,1,NIE,,
j-2025,14,18.11.2025,18.11.2025 12:37:07,34,159,Łódzkie,1,Alergologia,2025/041396,Rezydencki,91.63,4.00,30.09.2025 23:36:30,3,NIE,,
j-2025,14,18.11.2025,18.11.2025 12:37:07,34,159,Łódzkie,2,Alergologia,2025/029046,Rezydencki,90.82,4.02,28.09.2025 20:55:11,3,NIE,,
j-2025,14,18.11.2025,18.11.2025 12:37:07,34,159,Łódzkie,3,Alergologia,2025/038717,Rezydencki,89.86,4.46,30.09.2025 19:18:31,3,NIE,,
j-2025,14,18.11.2025,18.11.2025 12:37:07,34,159,Łódzkie,4,Alergologia,2025/037678,Pozarezydencki,82.19,3.63,03.10.2025 18:05:14,4,NIE,,
j-2025,14,18.11.2025,18.11.2025 12:37:07,34,159,Łódzkie,5,Alergologia,2025/029764,Pozarezydencki,77.73,0.00,24.09.2025 23:05:23,4,NIE,,
j-2025,14,18.11.2025,18.11.2025 12:37:07,34,159,Łódzkie,6,Alergologia,2025/031225,Pozarezydencki,75.91,4.70,14.10.2025 20:17:24,4,NIE,,
j-2025,14,18.11.2025,18.11.2025 12:37:07,34,159,Łódzkie,7,Alergologia,2025/031785,Pozarezydencki,75.69,3.90,10.09.2025 10:24:18,4,NIE,,
j-2025,14,18.11.2025,18.11.2025 12:37:07,34,159,Łódzkie,8,Anestezjologia i intensywna terapia,2025/029523,Rezydencki,90.69,4.47,29.09.2025 19:37:25,18,NIE,,
j-2025,14,18.11.2025,18.11.2025 12:37:07,34,159,Łódzkie,9,Anestezjologia i intensywna terapia,2025/028757,Rezydencki,89.86,4.02,19.09.2025 23:49:46,18,NIE,,
j-2025,14,18.11.2025,18.11.2025 12:37:07,34,159,Łódzkie,10,Anestezjologia i intensywna terapia,2025/039463,Rezydencki,89.47,4.40,30.09.2025 09:22:02,18,NIE,,
j-2025,14,18.11.2025,18.11.2025 12:37:07,34,159,Łódzkie,11,Anestezjologia i intensywna terapia,2025/030789,Rezydencki,88.16,4.29,30.09.2025 16:10:54,18,NIE,,
j-2025,14,18.11.2025,18.11.2025 12:37:07,34,159,Łódzkie,12,Anestezjologia i intensywna terapia,2025/034951,Rezydencki,88.10,3.77,27.09.2025 14:49:16,18,NIE,,
j-2025,14,18.11.2025,18.11.2025 12:37:07,34,159,Łódzkie,13,Anestezjologia i intensywna terapia,2025/035326,Rezydencki,87.86,4.04,30.09.2025 18:56:56,18,NIE,,
j-2025,14,18.11.2025,18.11.2025 12:37:07,34,159,Łódzkie,14,Anestezjologia i intensywna terapia,2025/041380,Rezydencki,87.68,4.28,29.09.2025 22:05:04,18,NIE,,
j-2025,14,18.11.2025,18.11.2025 12:37:07,34,159,Łódzkie,15,Anestezjologia i intensywna terapia,2025/040806,Rezydencki,87.56,4.00,30.09.2025 22:13:35,18,NIE,,
j-2025,14,18.11.2025,18.11.2025 12:37:07,34,159,Łódzkie,16,Anestezjologia i intensywna terapia,2025/037210,Rezydencki,87.56,3.71,07.10.2025 16:55:36,18,NIE,,
j-2025,14,18.11.2025,18.11.2025 12:37:07,34,159,Łódzkie,17,Anestezjologia i intensywna terapia,2025/034530,Rezydencki,87.44,4.44,28.09.2025 11:15:00,18,NIE,,
j-2025,14,18.11.2025,18.11.2025 12:37:07,34,159,Łódzkie,18,Anestezjologia i intensywna terapia,2025/033523,Rezydencki,87.44,4.38,28.09.2025 18:19:57,18,NIE,,
j-2025,14,18.11.2025,18.11.2025 12:37:07,34,159,Łódzkie,19,Anestezjologia i intensywna terapia,2025/035420,Rezydencki,87.20,4.13,30.09.2025 10:33:12,18,NIE,,
j-2025,14,18.11.2025,18.11.2025 12:37:07,34,159,Łódzkie,20,Anestezjologia i intensywna terapia,2025/037530,Rezydencki,86.84,3.83,30.09.2025 17:39:26,18,NIE,,
j-2025,14,18.11.2025,18.11.2025 12:37:07,34,159,Łódzkie,21,Anestezjologia i intensywna terapia,2025/031538,Rezydencki,86.76,4.23,14.09.2025 23:06:07,18,NIE,,
j-2025,14,18.11.2025,18.11.2025 12:37:07,34,159,Łódzkie,22,Anestezjologia i intensywna terapia,2025/033240,Rezydencki,86.76,4.18,10.10.2025 13:22:24,18,NIE,,
j-2025,14,18.11.2025,18.11.2025 12:37:07,34,159,Łódzkie,23,Anestezjologia i intensywna terapia,2025/042264,Rezydencki,86.60,4.14,30.09.2025 15:44:40,18,NIE,,
j-2025,14,18.11.2025,18.11.2025 12:37:07,34,159,Łódzkie,24,Anestezjologia i intensywna terapia,2025/034690,Rezydencki,86.60,3.93,30.09.2025 20:58:01,18,NIE,,
j-2025,14,18.11.2025,18.11.2025 12:37:07,34,159,Łódzkie,25,Anestezjologia i intensywna terapia,2025/036195,Rezydencki,86.12,3.94,30.09.2025 19:47:53,18,NIE,,
j-2025,14,18.11.2025,18.11.2025 12:37:07,34,159,Łódzkie,26,Anestezjologia i intensywna terapia,2025/037950,Pozarezydencki,77.95,3.78,30.09.2025 22:04:24,1,NIE,,
j-2025,14,18.11.2025,18.11.2025 12:37:07,35,159,Łódzkie,27,Audiologia i foniatria,2025/036274,Pozarezydencki,78.54,3.53,30.09.2025 18:55:05,2,NIE,,
j-2025,14,18.11.2025,18.11.2025 12:37:07,35,159,Łódzkie,28,Audiologia i foniatria,2025/040124,Pozarezydencki,73.11,0.00,03.10.2025 22:04:21,2,NIE,,
j-2025,14,18.11.2025,18.11.2025 12:37:07,35,159,Łódzkie,29,Chirurgia dziecięca,2025/033673,Rezydencki,84.69,4.02,30.09.2025 18:39:58,2,NIE,,
j-2025,14,18.11.2025,18.11.2025 12:37:07,35,159,Łódzkie,30,Chirurgia dziecięca,2025/033170,Rezydencki,81.43,3.96,28.09.2025 20:04:10,2,NIE,,
j-2025,14,18.11.2025,18.11.2025 12:37:07,35,159,Łódzkie,31,Chirurgia klatki piersiowej,2025/039687,Rezydencki,80.38,3.09,30.09.2025 19:53:32,1,NIE,,
j-2025,14,18.11.2025,18.11.2025 12:37:07,35,159,Łódzkie,32,Chirurgia naczyniowa,2025/037973,Pozarezydencki,69.77,4.52,13.10.2025 14:35:30,1,NIE,,
j-2025,14,18.11.2025,18.11.2025 12:37:07,35,159,Łódzkie,33,Chirurgia ogólna,2025/029640,Rezydencki,89.37,4.19,24.09.2025 18:31:09,19,NIE,,
j-2025,14,18.11.2025,18.11.2025 12:37:07,35,159,Łódzkie,34,Chirurgia ogólna,2025/040576,Rezydencki,87.56,3.89,02.10.2025 13:29:26,19,NIE,,
j-2025,14,18.11.2025,18.11.2025 12:37:07,35,159,Łódzkie,35,Chirurgia ogólna,2025/032555,Rezydencki,87.08,3.68,15.10.2025 20:53:16,19,NIE,,
j-2025,14,18.11.2025,18.11.2025 12:37:07,35,159,Łódzkie,36,Chirurgia ogólna,2025/037011,Rezydencki,86.60,3.86,03.10.2025 13:58:47,19,NIE,,
j-2025,14,18.11.2025,18.11.2025 12:37:07,35,159,Łódzkie,37,Chirurgia ogólna,2025/040582,Rezydencki,84.69,3.93,30.09.2025 14:12:18,19,NIE,,
j-2025,14,18.11.2025,18.11.2025 12:37:07,35,159,Łódzkie,38,Chirurgia ogólna,2025/035304,Rezydencki,84.69,3.73,30.09.2025 20:59:25,19,NIE,,
j-2025,14,18.11.2025,18.11.2025 12:37:07,35,159,Łódzkie,39,Chirurgia ogólna,2025/038451,Rezydencki,84.69,3.64,08.10.2025 15:01:54,19,NIE,,
j-2025,14,18.11.2025,18.11.2025 12:37:07,35,159,Łódzkie,40,Chirurgia ogólna,2025/038966,Rezydencki,84.21,3.13,06.10.2025 13:57:19,19,NIE,,
j-2025,14,18.11.2025,18.11.2025 12:37:07,35,159,Łódzkie,41,Chirurgia ogólna,2025/038340,Rezydencki,83.57,4.11,26.09.2025 13:01:25,19,NIE,,
j-2025,14,18.11.2025,18.11.2025 12:37:07,35,159,Łódzkie,42,Chirurgia ogólna,2025/039989,Rezydencki,83.33,3.76,30.09.2025 15:56:25,19,NIE,,
j-2025,14,18.11.2025,18.11.2025 12:37:07,35,159,Łódzkie,43,Chirurgia ogólna,2025/036725,Rezydencki,82.61,4.03,29.09.2025 19:53:37,19,NIE,,
j-2025,14,18.11.2025,18.11.2025 12:37:07,35,159,Łódzkie,44,Chirurgia ogólna,2025/037571,Rezydencki,79.67,3.40,30.09.2025 15:55:11,19,NIE,,
j-2025,14,18.11.2025,18.11.2025 12:37:07,35,159,Łódzkie,45,Chirurgia ogólna,2025/036038,Rezydencki,77.78,3.13,08.10.2025 14:02:21,19,NIE,,
j-2025,14,18.11.2025,18.11.2025 12:37:07,35,159,Łódzkie,46,Chirurgia ogólna,2025/042073,Rezydencki,77.29,3.33,30.09.2025 13:34:07,19,NIE,,
j-2025,14,18.11.2025,18.11.2025 12:37:07,35,159,Łódzkie,47,Chirurgia ogólna,2025/037579,Rezydencki,76.47,3.98,30.09.2025 20:19:16,19,NIE,,
j-2025,14,18.11.2025,18.11.2025 12:37:07,35,159,Łódzkie,48,Chirurgia ogólna,2025/043344,Rezydencki,73.21,4.50,30.09.2025 23:13:45,19,NIE,,
j-2025,14,18.11.2025,18.11.2025 12:37:07,35,159,Łódzkie,49,Chirurgia ogólna,2025/040005,Rezydencki,69.29,4.15,07.10.2025 15:21:02,19,NIE,,
j-2025,14,18.11.2025,18.11.2025 12:37:07,35,159,Łódzkie,50,Chirurgia ogólna,2025/033439,Rezydencki,68.42,3.98,30.09.2025 15:46:10,19,NIE,,
j-2025,14,18.11.2025,18.11.2025 12:37:07,35,159,Łódzkie,51,Chirurgia ogólna,2025/038642,Rezydencki,65.71,3.64,26.09.2025 19:42:06,19,NIE,,
j-2025,14,18.11.2025,18.11.2025 12:37:07,35,159,Łódzkie,52,Chirurgia onkologiczna,2025/041872,Rezydencki,85.41,3.27,30.09.2025 22:49:31,1,NIE,,
j-2025,14,18.11.2025,18.11.2025 12:37:07,35,159,Łódzkie,53,Chirurgia onkologiczna,2025/030006,Pozarezydencki,88.27,3.85,21.10.2025 16:03:40,2,NIE,,
j-2025,14,18.11.2025,18.11.2025 12:37:07,35,159,Łódzkie,54,Chirurgia onkologiczna,2025/029516,Pozarezydencki,80.00,3.34,15.10.2025 00:57:18,2,NIE,,
j-2025,14,18.11.2025,18.11.2025 12:37:07,35,159,Łódzkie,55,Chirurgia plastyczna,2025/037249,Rezydencki,93.30,4.14,15.10.2025 09:42:49,1,NIE,,
j-2025,14,18.11.2025,18.11.2025 12:37:07,35,159,Łódzkie,56,Chirurgia plastyczna,2025/037257,Pozarezydencki,86.99,4.00,30.09.2025 13:56:37,1,NIE,,
j-2025,14,18.11.2025,18.11.2025 12:37:07,35,159,Łódzkie,57,Chirurgia stomatologiczna,2025/037198,Rezydencki,88.04,4.37,24.09.2025 22:36:46,4,NIE,,
j-2025,14,18.11.2025,18.11.2025 12:37:07,35,159,Łódzkie,58,Chirurgia stomatologiczna,2025/033982,Rezydencki,87.50,4.04,28.09.2025 20:12:45,4,NIE,,
j-2025,14,18.11.2025,18.11.2025 12:37:07,35,159,Łódzkie,59,Chirurgia stomatologiczna,2025/032710,Rezydencki,86.54,4.27,06.10.2025 12:24:11,4,NIE,,
j-2025,14,18.11.2025,18.11.2025 12:37:07,35,159,Łódzkie,60,Chirurgia stomatologiczna,2025/038508,Rezydencki,86.19,3.81,30.09.2025 19:06:35,4,NIE,,
j-2025,14,18.11.2025,18.11.2025 12:37:07,35,159,Łódzkie,61,Chirurgia szczękowo-twarzowa,2025/036941,Rezydencki,87.56,3.72,30.09.2025 19:39:13,2,NIE,,
j-2025,14,18.11.2025,18.11.2025 12:37:07,35,159,Łódzkie,62,Chirurgia szczękowo-twarzowa,2025/042685,Rezydencki,86.12,3.73,30.09.2025 18:49:39,2,NIE,,
j-2025,14,18.11.2025,18.11.2025 12:37:07,36,159,Łódzkie,63,Choroby płuc,2025/037760,Rezydencki,91.79,4.22,25.09.2025 17:44:20,10,NIE,,
j-2025,14,18.11.2025,18.11.2025 12:37:07,36,159,Łódzkie,64,Choroby płuc,2025/038826,Rezydencki,90.91,4.19,06.10.2025 14:09:04,10,NIE,,
j-2025,14,18.11.2025,18.11.2025 12:37:07,36,159,Łódzkie,65,Choroby płuc,2025/039504,Rezydencki,90.43,4.36,30.09.2025 15:09:37,10,NIE,,
j-2025,14,18.11.2025,18.11.2025 12:37:07,36,159,Łódzkie,66,Choroby płuc,2025/033315,Rezydencki,90.34,4.13,03.10.2025 15:55:10,10,NIE,,
j-2025,14,18.11.2025,18.11.2025 12:37:07,36,159,Łódzkie,67,Choroby płuc,2025/032381,Rezydencki,89.23,4.29,30.09.2025 18:07:08,10,NIE,,
j-2025,14,18.11.2025,18.11.2025 12:37:07,36,159,Łódzkie,68,Choroby płuc,2025/037927,Rezydencki,88.28,4.12,30.09.2025 17:06:35,10,NIE,,
j-2025,14,18.11.2025,18.11.2025 12:37:07,36,159,Łódzkie,69,Choroby płuc,2025/038659,Rezydencki,87.25,4.45,30.09.2025 10:42:49,10,NIE,,
j-2025,14,18.11.2025,18.11.2025 12:37:07,36,159,Łódzkie,70,Choroby płuc,2025/028470,Rezydencki,86.47,4.18,01.09.2025 04:37:33,10,NIE,,
j-2025,14,18.11.2025,18.11.2025 12:37:07,36,159,Łódzkie,71,Choroby płuc,2025/037931,Rezydencki,86.47,3.77,29.09.2025 19:19:09,10,NIE,,
j-2025,14,18.11.2025,18.11.2025 12:37:07,36,159,Łódzkie,72,Choroby płuc,2025/041448,Rezydencki,85.65,4.04,07.10.2025 21:13:01,10,NIE,,
j-2025,14,18.11.2025,18.11.2025 12:37:07,36,159,Łódzkie,73,Choroby płuc,2025/039580,Pozarezydencki,71.23,4.18,30.09.2025 21:41:43,2,NIE,,
j-2025,14,18.11.2025,18.11.2025 12:37:07,36,159,Łódzkie,74,Choroby płuc,2025/042050,Pozarezydencki,70.91,4.37,03.10.2025 16:09:08,2,NIE,,
j-2025,14,18.11.2025,18.11.2025 12:37:07,36,159,Łódzkie,75,Choroby płuc dzieci,2025/042944,Rezydencki,87.68,4.24,30.09.2025 21:17:34,4,NIE,,
j-2025,14,18.11.2025,18.11.2025 12:37:07,36,159,Łódzkie,76,Choroby płuc dzieci,2025/039522,Rezydencki,87.44,4.38,30.09.2025 13:35:40,4,NIE,,
j-2025,14,18.11.2025,18.11.2025 12:37:07,36,159,Łódzkie,77,Choroby płuc dzieci,2025/029849,Rezydencki,85.65,3.80,30.09.2025 21:03:22,4,NIE,,
j-2025,14,18.11.2025,18.11.2025 12:37:07,36,159,Łódzkie,78,Choroby płuc dzieci,2025/040471,Rezydencki,77.51,3.46,06.10.2025 15:10:41,4,NIE,,
j-2025,14,18.11.2025,18.11.2025 12:37:07,36,159,Łódzkie,79,Choroby płuc dzieci,2025/028993,Pozarezydencki,76.14,4.33,21.10.2025 13:03:26,1,NIE,,
j-2025,14,18.11.2025,18.11.2025 12:37:07,36,159,Łódzkie,80,Choroby wewnętrzne,2025/028687,Rezydencki,89.00,3.94,30.09.2025 15:58:18,23,NIE,,
j-2025,14,18.11.2025,18.11.2025 12:37:07,36,159,Łódzkie,81,Choroby wewnętrzne,2025/034501,Rezydencki,88.89,4.63,19.09.2025 20:27:17,23,NIE,,
j-2025,14,18.11.2025,18.11.2025 12:37:07,36,159,Łódzkie,82,Choroby wewnętrzne,2025/041752,Rezydencki,87.14,4.20,30.09.2025 19:51:57,23,NIE,,
j-2025,14,18.11.2025,18.11.2025 12:37:07,36,159,Łódzkie,83,Choroby wewnętrzne,2025/036934,Rezydencki,86.96,4.44,29.09.2025 16:20:53,23,NIE,,
j-2025,14,18.11.2025,18.11.2025 12:37:07,36,159,Łódzkie,84,Choroby wewnętrzne,2025/040660,Rezydencki,86.71,4.00,30.09.2025 18:02:42,23,NIE,,
j-2025,14,18.11.2025,18.11.2025 12:37:07,36,159,Łódzkie,85,Choroby wewnętrzne,2025/032858,Rezydencki,85.85,4.31,30.09.2025 22:31:02,23,NIE,,
j-2025,14,18.11.2025,18.11.2025 12:37:07,36,159,Łódzkie,86,Choroby wewnętrzne,2025/041287,Rezydencki,84.69,4.10,30.09.2025 15:15:57,23,NIE,,
j-2025,14,18.11.2025,18.11.2025 12:37:07,36,159,Łódzkie,87,Choroby wewnętrzne,2025/039484,Rezydencki,84.69,3.65,30.09.2025 15:23:08,23,NIE,,
j-2025,14,18.11.2025,18.11.2025 12:37:07,36,159,Łódzkie,88,Choroby wewnętrzne,2025/035655,Rezydencki,84.39,3.94,22.09.2025 22:20:35,23,NIE,,
j-2025,14,18.11.2025,18.11.2025 12:37:07,36,159,Łódzkie,89,Choroby wewnętrzne,2025/037029,Rezydencki,84.21,3.40,30.09.2025 13:15:46,23,NIE,,
j-2025,14,18.11.2025,18.11.2025 12:37:07,36,159,Łódzkie,90,Choroby wewnętrzne,2025/033951,Rezydencki,84.06,4.03,17.09.2025 18:36:25,23,NIE,,
j-2025,14,18.11.2025,18.11.2025 12:37:07,36,159,Łódzkie,91,Choroby wewnętrzne,2025/041460,Rezydencki,83.49,3.91,30.09.2025 19:55:14,23,NIE,,
j-2025,14,18.11.2025,18.11.2025 12:37:07,36,159,Łódzkie,92,Choroby wewnętrzne,2025/036097,Rezydencki,81.82,0.00,08.10.2025 10:02:11,23,NIE,,
j-2025,14,18.11.2025,18.11.2025 12:37:07,36,159,Łódzkie,93,Choroby wewnętrzne,2025/038684,Rezydencki,80.19,4.20,29.09.2025 22:29:13,23,NIE,,
j-2025,14,18.11.2025,18.11.2025 12:37:07,36,159,Łódzkie,94,Choroby wewnętrzne,2025/035095,Rezydencki,78.47,3.57,30.09.2025 21:50:30,23,NIE,,
j-2025,14,18.11.2025,18.11.2025 12:37:07,36,159,Łódzkie,95,Choroby wewnętrzne,2025/033870,Rezydencki,78.10,4.12,13.10.2025 16:56:30,23,NIE,,
j-2025,14,18.11.2025,18.11.2025 12:37:07,36,159,Łódzkie,96,Choroby wewnętrzne,2025/043126,Rezydencki,77.56,3.86,30.09.2025 22:01:26,23,NIE,,
j-2025,14,18.11.2025,18.11.2025 12:37:07,36,159,Łódzkie,97,Choroby wewnętrzne,2025/036814,Rezydencki,73.81,3.26,29.09.2025 20:04:03,23,NIE,,
j-2025,14,18.11.2025,18.11.2025 12:37:07,36,159,Łódzkie,98,Choroby wewnętrzne,2025/031764,Rezydencki,71.01,3.23,28.09.2025 01:16:38,23,NIE,,
j-2025,14,18.11.2025,18.11.2025 12:37:07,37,159,Łódzkie,99,Choroby wewnętrzne,2025/039004,Rezydencki,69.86,3.41,30.09.2025 18:16:27,23,NIE,,
j-2025,14,18.11.2025,18.11.2025 12:37:07,37,159,Łódzkie,100,Choroby wewnętrzne,2025/040438,Rezydencki,68.10,3.36,09.10.2025 10:10:04,23,NIE,,
j-2025,14,18.11.2025,18.11.2025 12:37:07,37,159,Łódzkie,101,Choroby wewnętrzne,2025/041799,Rezydencki,62.25,3.96,15.10.2025 14:56:52,23,NIE,,
j-2025,14,18.11.2025,18.11.2025 12:37:07,37,159,Łódzkie,102,Choroby wewnętrzne,2025/042837,Rezydencki,55.39,4.00,13.10.2025 22:34:19,23,NIE,,
j-2025,14,18.11.2025,18.11.2025 12:37:07,37,159,Łódzkie,103,Choroby zakaźne,2025/034581,Rezydencki,89.37,4.34,20.09.2025 12:09:32,2,NIE,,
j-2025,14,18.11.2025,18.11.2025 12:37:07,37,159,Łódzkie,104,Choroby zakaźne,2025/040622,Rezydencki,86.19,4.09,29.09.2025 21:20:35,2,NIE,,
j-2025,14,18.11.2025,18.11.2025 12:37:07,37,159,Łódzkie,105,Dermatologia i wenerologia,2025/034723,Rezydencki,93.78,4.48,30.09.2025 15:02:55,3,NIE,,
j-2025,14,18.11.2025,18.11.2025 12:37:07,37,159,Łódzkie,106,Dermatologia i wenerologia,2025/037096,Rezydencki,92.34,4.64,28.09.2025 17:05:40,3,NIE,,
j-2025,14,18.11.2025,18.11.2025 12:37:07,37,159,Łódzkie,107,Dermatologia i wenerologia,2025/038873,Rezydencki,92.34,4.33,30.09.2025 13:47:44,3,NIE,,
j-2025,14,18.11.2025,18.11.2025 12:37:07,37,159,Łódzkie,108,Diabetologia,2025/043403,Rezydencki,87.68,3.55,30.09.2025 23:53:21,2,NIE,,
j-2025,14,18.11.2025,18.11.2025 12:37:07,37,159,Łódzkie,109,Diabetologia,2025/040637,Rezydencki,87.56,4.06,30.09.2025 12:54:45,2,NIE,,
j-2025,14,18.11.2025,18.11.2025 12:37:07,37,159,Łódzkie,110,Diabetologia,2025/040937,Pozarezydencki,83.64,4.34,08.10.2025 23:13:27,7,NIE,,
j-2025,14,18.11.2025,18.11.2025 12:37:07,37,159,Łódzkie,111,Diabetologia,2025/041064,Pozarezydencki,80.00,3.79,29.09.2025 19:52:08,7,NIE,,
j-2025,14,18.11.2025,18.11.2025 12:37:07,37,159,Łódzkie,112,Diabetologia,2025/039867,Pozarezydencki,77.73,3.93,30.09.2025 20:14:40,7,NIE,,
j-2025,14,18.11.2025,18.11.2025 12:37:07,37,159,Łódzkie,113,Diabetologia,2025/029577,Pozarezydencki,76.26,3.99,17.10.2025 13:55:56,7,NIE,,
j-2025,14,18.11.2025,18.11.2025 12:37:07,37,159,Łódzkie,114,Diabetologia,2025/042913,Pozarezydencki,75.80,4.52,21.10.2025 22:38:23,7,NIE,,
j-2025,14,18.11.2025,18.11.2025 12:37:07,37,159,Łódzkie,115,Diabetologia,2025/031357,Pozarezydencki,75.45,4.45,30.09.2025 12:19:15,7,NIE,,
j-2025,14,18.11.2025,18.11.2025 12:37:07,37,159,Łódzkie,116,Diabetologia,2025/042654,Pozarezydencki,75.45,4.20,30.09.2025 18:23:59,7,NIE,,
j-2025,14,18.11.2025,18.11.2025 12:37:07,37,159,Łódzkie,117,Endokrynologia,2025/037840,Rezydencki,94.74,4.68,30.09.2025 13:33:42,4,NIE,,
j-2025,14,18.11.2025,18.11.2025 12:37:07,37,159,Łódzkie,118,Endokrynologia,2025/037558,Rezydencki,94.74,4.66,30.09.2025 10:10:49,4,NIE,,
j-2025,14,18.11.2025,18.11.2025 12:37:07,37,159,Łódzkie,119,Endokrynologia,2025/038923,Rezydencki,94.26,4.80,30.09.2025 23:14:28,4,NIE,,
j-2025,14,18.11.2025,18.11.2025 12:37:07,37,159,Łódzkie,120,Endokrynologia,2025/028813,Rezydencki,93.06,4.33,30.09.2025 00:30:59,4,NIE,,
j-2025,14,18.11.2025,18.11.2025 12:37:07,37,159,Łódzkie,121,Endokrynologia,2025/039539,Pozarezydencki,85.39,3.82,30.09.2025 09:04:49,4,NIE,,
j-2025,14,18.11.2025,18.11.2025 12:37:07,37,159,Łódzkie,122,Endokrynologia,2025/041011,Pozarezydencki,84.47,4.17,30.09.2025 14:39:22,4,NIE,,
j-2025,14,18.11.2025,18.11.2025 12:37:07,37,159,Łódzkie,123,Endokrynologia,2025/034678,Pozarezydencki,83.87,4.19,20.09.2025 21:37:40,4,NIE,,
j-2025,14,18.11.2025,18.11.2025 12:37:07,37,159,Łódzkie,124,Endokrynologia,2025/038843,Pozarezydencki,83.56,4.33,11.10.2025 21:21:05,4,NIE,,
j-2025,14,18.11.2025,18.11.2025 12:37:07,37,159,Łódzkie,125,Endokrynologia ginekologiczna i rozrodczość,2025/030434,Pozarezydencki,83.18,3.76,04.09.2025 22:06:29,2,NIE,,
j-2025,14,18.11.2025,18.11.2025 12:37:07,37,159,Łódzkie,126,Endokrynologia ginekologiczna i rozrodczość,2025/039648,Pozarezydencki,82.27,4.51,28.09.2025 19:18:48,2,NIE,,
j-2025,14,18.11.2025,18.11.2025 12:37:07,37,159,Łódzkie,127,Endokrynologia i diabetologia dziecięca,2025/040530,Pozarezydencki,83.56,4.02,30.09.2025 20:37:52,1,NIE,,
j-2025,14,18.11.2025,18.11.2025 12:37:07,37,159,Łódzkie,128,Epidemiologia,2025/042010,Pozarezydencki,70.91,4.48,07.10.2025 10:21:29,1,NIE,,
j-2025,14,18.11.2025,18.11.2025 12:37:07,37,159,Łódzkie,129,Gastroenterologia,2025/030120,Rezydencki,92.11,4.08,30.09.2025 21:52:33,1,NIE,,
j-2025,14,18.11.2025,18.11.2025 12:37:07,37,159,Łódzkie,130,Gastroenterologia,2025/040028,Pozarezydencki,80.00,3.84,29.09.2025 23:09:32,2,NIE,,
j-2025,14,18.11.2025,18.11.2025 12:37:07,37,159,Łódzkie,131,Gastroenterologia,2025/029177,Pozarezydencki,79.07,4.08,27.10.2025 18:20:38,2,NIE,,
j-2025,14,18.11.2025,18.11.2025 12:37:07,37,159,Łódzkie,132,Gastroenterologia dziecięca,2025/041373,Pozarezydencki,71.30,0.00,11.10.2025 21:19:03,1,NIE,,
j-2025,14,18.11.2025,18.11.2025 12:37:07,37,159,Łódzkie,133,Genetyka kliniczna,2025/031553,Rezydencki,82.78,3.22,10.10.2025 13:40:41,2,NIE,,
j-2025,14,18.11.2025,18.11.2025 12:37:07,37,159,Łódzkie,134,Genetyka kliniczna,2025/041853,Rezydencki,69.52,3.46,30.09.2025 09:50:15,2,NIE,,
j-2025,14,18.11.2025,18.11.2025 12:37:07,38,159,Łódzkie,135,Geriatria,2025/028803,Rezydencki,75.36,3.52,26.09.2025 18:40:08,1,NIE,,
j-2025,14,18.11.2025,18.11.2025 12:37:07,38,159,Łódzkie,136,Ginekologia onkologiczna,2025/041170,Pozarezydencki,70.91,0.00,29.09.2025 20:45:19,1,NIE,,
j-2025,14,18.11.2025,18.11.2025 12:37:07,38,159,Łódzkie,137,Hematologia,2025/036310,Rezydencki,89.00,4.22,30.09.2025 22:19:07,8,NIE,,
j-2025,14,18.11.2025,18.11.2025 12:37:07,38,159,Łódzkie,138,Hematologia,2025/037024,Rezydencki,88.76,3.94,30.09.2025 13:31:55,8,NIE,,
j-2025,14,18.11.2025,18.11.2025 12:37:07,38,159,Łódzkie,139,Hematologia,2025/041368,Rezydencki,88.16,4.52,29.09.2025 21:50:10,8,NIE,,
j-2025,14,18.11.2025,18.11.2025 12:37:07,38,159,Łódzkie,140,Hematologia,2025/034521,Rezydencki,87.62,4.23,29.09.2025 18:30:04,8,NIE,,
j-2025,14,18.11.2025,18.11.2025 12:37:07,38,159,Łódzkie,141,Hematologia,2025/038901,Rezydencki,87.56,3.77,30.09.2025 12:38:44,8,NIE,,
j-2025,14,18.11.2025,18.11.2025 12:37:07,38,159,Łódzkie,142,Hematologia,2025/040412,Rezydencki,87.56,3.68,30.09.2025 19:50:49,8,NIE,,
j-2025,14,18.11.2025,18.11.2025 12:37:07,38,159,Łódzkie,143,Hematologia,2025/043075,Rezydencki,83.09,3.60,30.09.2025 21:35:07,8,NIE,,
j-2025,14,18.11.2025,18.11.2025 12:37:07,38,159,Łódzkie,144,Hematologia,2025/031304,Rezydencki,83.01,3.94,30.09.2025 15:59:08,8,NIE,,
j-2025,14,18.11.2025,18.11.2025 12:37:07,38,159,Łódzkie,145,Immunologia kliniczna,2025/038606,Pozarezydencki,72.73,4.21,26.09.2025 18:49:54,2,NIE,,
j-2025,14,18.11.2025,18.11.2025 12:37:07,38,159,Łódzkie,146,Immunologia kliniczna,2025/029765,Pozarezydencki,70.91,3.57,14.10.2025 23:19:16,2,NIE,,
j-2025,14,18.11.2025,18.11.2025 12:37:07,38,159,Łódzkie,147,Kardiochirurgia,2025/036466,Rezydencki,83.81,3.80,24.09.2025 10:00:25,1,NIE,,
j-2025,14,18.11.2025,18.11.2025 12:37:07,38,159,Łódzkie,148,Kardiologia,2025/036849,Rezydencki,90.91,4.50,30.09.2025 14:40:32,7,NIE,,
j-2025,14,18.11.2025,18.11.2025 12:37:07,38,159,Łódzkie,149,Kardiologia,2025/033914,Rezydencki,90.58,4.20,23.09.2025 16:19:58,7,NIE,,
j-2025,14,18.11.2025,18.11.2025 12:37:07,38,159,Łódzkie,150,Kardiologia,2025/038031,Rezydencki,90.43,4.07,30.09.2025 19:29:59,7,NIE,,
j-2025,14,18.11.2025,18.11.2025 12:37:07,38,159,Łódzkie,151,Kardiologia,2025/035635,Rezydencki,90.34,4.67,29.09.2025 20:31:14,7,NIE,,
j-2025,14,18.11.2025,18.11.2025 12:37:07,38,159,Łódzkie,152,Kardiologia,2025/036524,Rezydencki,90.34,3.94,26.09.2025 10:58:50,7,NIE,,
j-2025,14,18.11.2025,18.11.2025 12:37:07,38,159,Łódzkie,153,Kardiologia,2025/036897,Rezydencki,90.20,4.56,27.09.2025 23:17:27,7,NIE,,
j-2025,14,18.11.2025,18.11.2025 12:37:07,38,159,Łódzkie,154,Kardiologia,2025/036930,Rezydencki,89.95,4.38,30.09.2025 23:03:35,7,NIE,,
j-2025,14,18.11.2025,18.11.2025 12:37:07,38,159,Łódzkie,155,Kardiologia,2025/042552,Pozarezydencki,84.47,3.58,30.09.2025 17:24:58,5,NIE,,
j-2025,14,18.11.2025,18.11.2025 12:37:07,38,159,Łódzkie,156,Kardiologia,2025/040861,Pozarezydencki,77.40,3.79,30.09.2025 19:22:06,5,NIE,,
j-2025,14,18.11.2025,18.11.2025 12:37:07,38,159,Łódzkie,157,Kardiologia,2025/037728,Pozarezydencki,76.71,3.47,30.09.2025 22:34:34,5,NIE,,
j-2025,14,18.11.2025,18.11.2025 12:37:07,38,159,Łódzkie,158,Kardiologia,2025/033287,Pozarezydencki,70.91,3.67,17.10.2025 17:36:52,5,NIE,,
j-2025,14,18.11.2025,18.11.2025 12:37:07,38,159,Łódzkie,159,Kardiologia,2025/036083,Pozarezydencki,70.91,0.00,09.10.2025 12:22:30,5,NIE,,
j-2025,14,18.11.2025,18.11.2025 12:37:07,38,159,Łódzkie,160,Kardiologia dziecięca,2025/030382,Rezydencki,88.04,4.05,30.09.2025 11:40:14,2,NIE,,
j-2025,14,18.11.2025,18.11.2025 12:37:07,38,159,Łódzkie,161,Kardiologia dziecięca,2025/031300,Rezydencki,87.68,3.91,08.10.2025 13:17:59,2,NIE,,
j-2025,14,18.11.2025,18.11.2025 12:37:07,38,159,Łódzkie,162,Kardiologia dziecięca,2025/041331,Pozarezydencki,72.43,0.00,30.09.2025 21:24:19,1,NIE,,
j-2025,14,18.11.2025,18.11.2025 12:37:07,38,159,Łódzkie,163,Medycyna nuklearna,2025/040284,Rezydencki,74.88,3.73,30.09.2025 15:03:46,1,NIE,,
j-2025,14,18.11.2025,18.11.2025 12:37:07,38,159,Łódzkie,164,Medycyna nuklearna,2025/038960,Pozarezydencki,78.97,4.47,10.10.2025 21:35:48,2,NIE,,
j-2025,14,18.11.2025,18.11.2025 12:37:07,38,159,Łódzkie,165,Medycyna nuklearna,2025/039099,Pozarezydencki,75.68,4.13,07.10.2025 20:58:33,2,NIE,,
j-2025,14,18.11.2025,18.11.2025 12:37:07,38,159,Łódzkie,166,Medycyna paliatywna,2025/041411,Pozarezydencki,70.28,3.01,14.10.2025 19:47:17,2,NIE,,
j-2025,14,18.11.2025,18.11.2025 12:37:07,38,159,Łódzkie,167,Medycyna paliatywna,2025/036103,Pozarezydencki,66.36,4.02,07.10.2025 23:31:56,2,NIE,,
j-2025,14,18.11.2025,18.11.2025 12:37:07,38,159,Łódzkie,168,Medycyna pracy,2025/041454,Rezydencki,72.25,3.35,30.09.2025 01:16:21,2,NIE,,
j-2025,14,18.11.2025,18.11.2025 12:37:07,38,159,Łódzkie,169,Medycyna pracy,2025/028811,Rezydencki,69.05,3.76,16.10.2025 14:48:04,2,NIE,,
j-2025,14,18.11.2025,18.11.2025 12:37:07,38,159,Łódzkie,170,Medycyna pracy,2025/041414,Pozarezydencki,76.83,0.00,10.10.2025 13:09:49,8,NIE,,
j-2025,14,18.11.2025,18.11.2025 12:37:07,39,159,Łódzkie,171,Medycyna pracy,2025/028952,Pozarezydencki,75.45,0.00,06.10.2025 15:41:24,8,NIE,,
j-2025,14,18.11.2025,18.11.2025 12:37:07,39,159,Łódzkie,172,Medycyna pracy,2025/042340,Pozarezydencki,70.91,2.55,06.10.2025 19:34:28,8,NIE,,
j-2025,14,18.11.2025,18.11.2025 12:37:07,39,159,Łódzkie,173,Medycyna pracy,2025/028445,Pozarezydencki,70.00,3.66,01.09.2025 00:32:40,8,NIE,,
j-2025,14,18.11.2025,18.11.2025 12:37:07,39,159,Łódzkie,174,Medycyna pracy,2025/030792,Pozarezydencki,67.82,3.48,06.10.2025 23:49:40,8,NIE,,
j-2025,14,18.11.2025,18.11.2025 12:37:07,39,159,Łódzkie,175,Medycyna pracy,2025/042550,Pozarezydencki,67.82,0.00,24.10.2025 15:15:45,8,NIE,,
j-2025,14,18.11.2025,18.11.2025 12:37:07,39,159,Łódzkie,176,Medycyna pracy,2025/042920,Pozarezydencki,66.36,3.91,21.10.2025 16:03:23,8,NIE,,
j-2025,14,18.11.2025,18.11.2025 12:37:07,39,159,Łódzkie,177,Medycyna pracy,2025/042308,Pozarezydencki,61.82,3.53,10.10.2025 17:16:40,8,NIE,,
j-2025,14,18.11.2025,18.11.2025 12:37:07,39,159,Łódzkie,178,Medycyna ratunkowa,2025/037194,Rezydencki,86.27,3.81,24.09.2025 22:33:24,5,NIE,,
j-2025,14,18.11.2025,18.11.2025 12:37:07,39,159,Łódzkie,179,Medycyna ratunkowa,2025/038614,Rezydencki,83.49,3.47,30.09.2025 01:29:17,5,NIE,,
j-2025,14,18.11.2025,18.11.2025 12:37:07,39,159,Łódzkie,180,Medycyna ratunkowa,2025/031558,Rezydencki,78.92,4.17,09.09.2025 14:22:12,5,NIE,,
j-2025,14,18.11.2025,18.11.2025 12:37:07,39,159,Łódzkie,181,Medycyna ratunkowa,2025/028825,Rezydencki,72.86,3.11,29.09.2025 13:56:05,5,NIE,,
j-2025,14,18.11.2025,18.11.2025 12:37:07,39,159,Łódzkie,182,Medycyna ratunkowa,2025/040586,Rezydencki,70.53,4.40,30.09.2025 19:00:35,5,NIE,,
j-2025,14,18.11.2025,18.11.2025 12:37:07,39,159,Łódzkie,183,Medycyna rodzinna,2025/041232,Rezydencki,92.58,4.54,08.10.2025 13:03:38,26,NIE,,
j-2025,14,18.11.2025,18.11.2025 12:37:07,39,159,Łódzkie,184,Medycyna rodzinna,2025/036163,Rezydencki,90.82,4.24,23.09.2025 18:18:55,26,NIE,,
j-2025,14,18.11.2025,18.11.2025 12:37:07,39,159,Łódzkie,185,Medycyna rodzinna,2025/032346,Rezydencki,90.34,4.24,13.09.2025 20:40:36,26,NIE,,
j-2025,14,18.11.2025,18.11.2025 12:37:07,39,159,Łódzkie,186,Medycyna rodzinna,2025/039356,Rezydencki,90.24,4.35,28.09.2025 23:10:35,26,NIE,,
j-2025,14,18.11.2025,18.11.2025 12:37:07,39,159,Łódzkie,187,Medycyna rodzinna,2025/037181,Rezydencki,89.00,4.02,30.09.2025 22:12:00,26,NIE,,
j-2025,14,18.11.2025,18.11.2025 12:37:07,39,159,Łódzkie,188,Medycyna rodzinna,2025/041270,Rezydencki,88.41,4.29,29.09.2025 21:14:47,26,NIE,,
j-2025,14,18.11.2025,18.11.2025 12:37:07,39,159,Łódzkie,189,Medycyna rodzinna,2025/040653,Rezydencki,87.92,4.47,29.09.2025 16:34:42,26,NIE,,
j-2025,14,18.11.2025,18.11.2025 12:37:07,39,159,Łódzkie,190,Medycyna rodzinna,2025/028710,Rezydencki,87.80,4.11,30.09.2025 22:23:14,26,NIE,,
j-2025,14,18.11.2025,18.11.2025 12:37:07,39,159,Łódzkie,191,Medycyna rodzinna,2025/042086,Rezydencki,87.56,4.36,30.09.2025 15:22:36,26,NIE,,
j-2025,14,18.11.2025,18.11.2025 12:37:07,39,159,Łódzkie,192,Medycyna rodzinna,2025/038947,Rezydencki,87.44,4.24,03.10.2025 14:54:12,26,NIE,,
j-2025,14,18.11.2025,18.11.2025 12:37:07,39,159,Łódzkie,193,Medycyna rodzinna,2025/041068,Rezydencki,86.96,4.26,30.09.2025 23:06:00,26,NIE,,
j-2025,14,18.11.2025,18.11.2025 12:37:07,39,159,Łódzkie,194,Medycyna rodzinna,2025/041893,Rezydencki,86.96,4.09,30.09.2025 17:54:42,26,NIE,,
j-2025,14,18.11.2025,18.11.2025 12:37:07,39,159,Łódzkie,195,Medycyna rodzinna,2025/036983,Rezydencki,86.67,4.10,26.09.2025 23:25:43,26,NIE,,
j-2025,14,18.11.2025,18.11.2025 12:37:07,39,159,Łódzkie,196,Medycyna rodzinna,2025/029692,Rezydencki,85.78,3.98,07.10.2025 18:52:08,26,NIE,,
j-2025,14,18.11.2025,18.11.2025 12:37:07,39,159,Łódzkie,197,Medycyna rodzinna,2025/041778,Rezydencki,85.24,4.02,30.09.2025 19:06:33,26,NIE,,
j-2025,14,18.11.2025,18.11.2025 12:37:07,39,159,Łódzkie,198,Medycyna rodzinna,2025/038633,Rezydencki,84.45,4.10,30.09.2025 11:53:52,26,NIE,,
j-2025,14,18.11.2025,18.11.2025 12:37:07,39,159,Łódzkie,199,Medycyna rodzinna,2025/042148,Rezydencki,84.21,3.39,30.09.2025 19:43:53,26,NIE,,
j-2025,14,18.11.2025,18.11.2025 12:37:07,39,159,Łódzkie,200,Medycyna rodzinna,2025/028715,Rezydencki,84.06,3.73,01.10.2025 15:28:50,26,NIE,,
j-2025,14,18.11.2025,18.11.2025 12:37:07,39,159,Łódzkie,201,Medycyna rodzinna,2025/031032,Rezydencki,83.90,4.37,30.09.2025 15:44:23,26,NIE,,
j-2025,14,18.11.2025,18.11.2025 12:37:07,39,159,Łódzkie,202,Medycyna rodzinna,2025/034534,Rezydencki,82.93,4.23,15.10.2025 00:13:51,26,NIE,,
j-2025,14,18.11.2025,18.11.2025 12:37:07,39,159,Łódzkie,203,Medycyna rodzinna,2025/039091,Rezydencki,82.78,4.10,08.10.2025 22:44:02,26,NIE,,
j-2025,14,18.11.2025,18.11.2025 12:37:07,39,159,Łódzkie,204,Medycyna rodzinna,2025/040419,Rezydencki,81.82,3.38,22.10.2025 19:19:44,26,NIE,,
j-2025,14,18.11.2025,18.11.2025 12:37:07,39,159,Łódzkie,205,Medycyna rodzinna,2025/039869,Rezydencki,81.16,4.13,30.09.2025 19:30:59,26,NIE,,
j-2025,14,18.11.2025,18.11.2025 12:37:07,39,159,Łódzkie,206,Medycyna rodzinna,2025/043282,Rezydencki,79.23,4.02,06.10.2025 00:26:38,26,NIE,,
j-2025,14,18.11.2025,18.11.2025 12:37:07,40,159,Łódzkie,207,Medycyna rodzinna,2025/030589,Rezydencki,78.50,4.06,11.09.2025 15:53:38,26,NIE,,
j-2025,14,18.11.2025,18.11.2025 12:37:07,40,159,Łódzkie,208,Medycyna rodzinna,2025/036482,Rezydencki,77.94,3.10,29.09.2025 20:17:47,26,NIE,,
j-2025,14,18.11.2025,18.11.2025 12:37:07,40,159,Łódzkie,209,Medycyna rodzinna,2025/038753,Pozarezydencki,87.21,3.81,14.10.2025 13:07:48,6,NIE,,
j-2025,14,18.11.2025,18.11.2025 12:37:07,40,159,Łódzkie,210,Medycyna rodzinna,2025/033654,Pozarezydencki,82.27,0.00,07.10.2025 18:03:40,6,NIE,,
j-2025,14,18.11.2025,18.11.2025 12:37:07,40,159,Łódzkie,211,Medycyna rodzinna,2025/038115,Pozarezydencki,70.91,0.00,28.09.2025 23:30:29,6,NIE,,
j-2025,14,18.11.2025,18.11.2025 12:37:07,40,159,Łódzkie,212,Medycyna rodzinna,2025/042743,Pozarezydencki,70.91,0.00,08.10.2025 18:57:54,6,NIE,,
j-2025,14,18.11.2025,18.11.2025 12:37:07,40,159,Łódzkie,213,Medycyna rodzinna,2025/042409,Pozarezydencki,66.36,4.06,30.09.2025 17:17:03,6,NIE,,
j-2025,14,18.11.2025,18.11.2025 12:37:07,40,159,Łódzkie,214,Medycyna rodzinna,2025/032687,Pozarezydencki,51.83,4.19,07.10.2025 16:55:13,6,NIE,,
j-2025,14,18.11.2025,18.11.2025 12:37:07,40,159,Łódzkie,215,Medycyna sportowa,2025/030793,Pozarezydencki,80.00,0.00,02.10.2025 11:29:51,2,NIE,,
j-2025,14,18.11.2025,18.11.2025 12:37:07,40,159,Łódzkie,216,Medycyna sportowa,2025/043104,Pozarezydencki,78.30,4.81,13.10.2025 17:31:55,2,NIE,,
j-2025,14,18.11.2025,18.11.2025 12:37:07,40,159,Łódzkie,217,Nefrologia,2025/029448,Rezydencki,91.87,4.04,30.09.2025 18:16:58,4,NIE,,
j-2025,14,18.11.2025,18.11.2025 12:37:07,40,159,Łódzkie,218,Nefrologia,2025/041598,Rezydencki,89.37,4.00,30.09.2025 19:58:47,4,NIE,,
j-2025,14,18.11.2025,18.11.2025 12:37:07,40,159,Łódzkie,219,Nefrologia,2025/030613,Rezydencki,87.44,4.13,29.09.2025 09:42:43,4,NIE,,
j-2025,14,18.11.2025,18.11.2025 12:37:07,40,159,Łódzkie,220,Nefrologia,2025/036285,Rezydencki,87.44,4.07,24.09.2025 20:13:03,4,NIE,,
j-2025,14,18.11.2025,18.11.2025 12:37:07,40,159,Łódzkie,221,Nefrologia,2025/031781,Pozarezydencki,69.44,3.60,20.10.2025 15:12:46,2,NIE,,
j-2025,14,18.11.2025,18.11.2025 12:37:07,40,159,Łódzkie,222,Nefrologia,2025/042696,Pozarezydencki,64.22,3.46,17.10.2025 13:20:59,2,NIE,,
j-2025,14,18.11.2025,18.11.2025 12:37:07,40,159,Łódzkie,223,Nefrologia dziecięca,2025/033860,Rezydencki,86.96,4.17,06.10.2025 23:49:28,1,NIE,,
j-2025,14,18.11.2025,18.11.2025 12:37:07,40,159,Łódzkie,224,Neonatologia,2025/028858,Rezydencki,86.60,3.53,30.09.2025 10:05:47,2,NIE,,
j-2025,14,18.11.2025,18.11.2025 12:37:07,40,159,Łódzkie,225,Neonatologia,2025/041438,Rezydencki,76.96,2.91,30.09.2025 21:42:13,2,NIE,,
j-2025,14,18.11.2025,18.11.2025 12:37:07,40,159,Łódzkie,226,Neurologia,2025/029942,Rezydencki,90.91,4.48,30.09.2025 19:02:15,20,NIE,,
j-2025,14,18.11.2025,18.11.2025 12:37:07,40,159,Łódzkie,227,Neurologia,2025/037764,Rezydencki,89.71,4.07,30.09.2025 21:49:53,20,NIE,,
j-2025,14,18.11.2025,18.11.2025 12:37:07,40,159,Łódzkie,228,Neurologia,2025/034050,Rezydencki,89.05,4.20,18.09.2025 00:18:01,20,NIE,,
j-2025,14,18.11.2025,18.11.2025 12:37:07,40,159,Łódzkie,229,Neurologia,2025/030033,Rezydencki,89.05,4.20,21.09.2025 17:19:42,20,NIE,,
j-2025,14,18.11.2025,18.11.2025 12:37:07,40,159,Łódzkie,230,Neurologia,2025/041754,Rezydencki,87.68,4.43,30.09.2025 23:05:05,20,NIE,,
j-2025,14,18.11.2025,18.11.2025 12:37:07,40,159,Łódzkie,231,Neurologia,2025/037068,Rezydencki,87.08,4.52,30.09.2025 14:48:55,20,NIE,,
j-2025,14,18.11.2025,18.11.2025 12:37:07,40,159,Łódzkie,232,Neurologia,2025/035389,Rezydencki,87.08,4.04,30.09.2025 15:24:58,20,NIE,,
j-2025,14,18.11.2025,18.11.2025 12:37:07,40,159,Łódzkie,233,Neurologia,2025/038707,Rezydencki,86.96,4.35,30.09.2025 22:59:26,20,NIE,,
j-2025,14,18.11.2025,18.11.2025 12:37:07,40,159,Łódzkie,234,Neurologia,2025/037383,Rezydencki,86.60,3.72,03.10.2025 14:27:54,20,NIE,,
j-2025,14,18.11.2025,18.11.2025 12:37:07,40,159,Łódzkie,235,Neurologia,2025/038119,Rezydencki,86.12,3.88,30.09.2025 19:21:37,20,NIE,,
j-2025,14,18.11.2025,18.11.2025 12:37:07,40,159,Łódzkie,236,Neurologia,2025/029192,Rezydencki,85.89,3.90,30.09.2025 12:15:47,20,NIE,,
j-2025,14,18.11.2025,18.11.2025 12:37:07,40,159,Łódzkie,237,Neurologia,2025/034855,Rezydencki,85.17,4.08,30.09.2025 10:20:16,20,NIE,,
j-2025,14,18.11.2025,18.11.2025 12:37:07,40,159,Łódzkie,238,Neurologia,2025/035600,Rezydencki,83.81,4.16,10.10.2025 18:21:18,20,NIE,,
j-2025,14,18.11.2025,18.11.2025 12:37:07,40,159,Łódzkie,239,Neurologia,2025/028795,Rezydencki,83.49,4.13,30.09.2025 12:38:02,20,NIE,,
j-2025,14,18.11.2025,18.11.2025 12:37:07,40,159,Łódzkie,240,Neurologia,2025/038129,Rezydencki,82.78,4.26,30.09.2025 23:59:44,20,NIE,,
j-2025,14,18.11.2025,18.11.2025 12:37:07,40,159,Łódzkie,241,Neurologia,2025/038489,Rezydencki,81.82,3.85,30.09.2025 15:05:06,20,NIE,,
j-2025,14,18.11.2025,18.11.2025 12:37:07,40,159,Łódzkie,242,Neurologia,2025/038316,Rezydencki,81.82,3.63,22.10.2025 10:09:07,20,NIE,,
j-2025,14,18.11.2025,18.11.2025 12:37:07,41,159,Łódzkie,243,Neurologia,2025/030785,Rezydencki,81.34,2.98,30.09.2025 21:57:12,20,NIE,,
j-2025,14,18.11.2025,18.11.2025 12:37:07,41,159,Łódzkie,244,Neurologia,2025/042346,Rezydencki,71.98,3.95,09.10.2025 09:42:44,20,NIE,,
j-2025,14,18.11.2025,18.11.2025 12:37:07,41,159,Łódzkie,245,Neurologia,2025/032850,Rezydencki,68.90,3.13,04.10.2025 17:45:21,20,NIE,,
j-2025,14,18.11.2025,18.11.2025 12:37:07,41,159,Łódzkie,246,Neurologia,2025/038387,Pozarezydencki,67.12,3.09,30.09.2025 21:10:47,2,NIE,,
j-2025,14,18.11.2025,18.11.2025 12:37:07,41,159,Łódzkie,247,Neurologia,2025/035545,Pozarezydencki,0.00,3.10,10.10.2025 22:09:26,2,NIE,,
j-2025,14,18.11.2025,18.11.2025 12:37:07,41,159,Łódzkie,248,Neurologia dziecięca,2025/039559,Rezydencki,89.23,3.57,30.09.2025 20:30:55,1,NIE,,
j-2025,14,18.11.2025,18.11.2025 12:37:07,41,159,Łódzkie,249,Neurologia dziecięca,2025/038128,Pozarezydencki,80.23,4.74,26.09.2025 01:10:47,1,NIE,,
j-2025,14,18.11.2025,18.11.2025 12:37:07,41,159,Łódzkie,250,Okulistyka,2025/037885,Rezydencki,92.68,4.27,29.09.2025 16:47:54,5,NIE,,
j-2025,14,18.11.2025,18.11.2025 12:37:07,41,159,Łódzkie,251,Okulistyka,2025/040272,Rezydencki,90.91,4.10,30.09.2025 11:57:52,5,NIE,,
j-2025,14,18.11.2025,18.11.2025 12:37:07,41,159,Łódzkie,252,Okulistyka,2025/035323,Rezydencki,90.67,4.02,14.10.2025 12:47:22,5,NIE,,
j-2025,14,18.11.2025,18.11.2025 12:37:07,41,159,Łódzkie,253,Okulistyka,2025/032294,Rezydencki,90.43,4.09,01.10.2025 16:21:47,5,NIE,,
j-2025,14,18.11.2025,18.11.2025 12:37:07,41,159,Łódzkie,254,Okulistyka,2025/029012,Rezydencki,90.34,4.06,01.09.2025 19:32:33,5,NIE,,
j-2025,14,18.11.2025,18.11.2025 12:37:07,41,159,Łódzkie,255,Okulistyka,2025/041166,Pozarezydencki,81.74,3.80,30.09.2025 15:55:03,3,NIE,,
j-2025,14,18.11.2025,18.11.2025 12:37:07,41,159,Łódzkie,256,Okulistyka,2025/040333,Pozarezydencki,80.65,3.53,30.09.2025 23:56:13,3,NIE,,
j-2025,14,18.11.2025,18.11.2025 12:37:07,41,159,Łódzkie,257,Okulistyka,2025/035138,Pozarezydencki,79.45,4.64,30.09.2025 10:00:39,3,NIE,,
j-2025,14,18.11.2025,18.11.2025 12:37:07,41,159,Łódzkie,258,Onkologia i hematologia dziecięca,2025/031005,Pozarezydencki,70.91,3.82,14.10.2025 07:07:13,2,NIE,,
j-2025,14,18.11.2025,18.11.2025 12:37:07,41,159,Łódzkie,259,Onkologia i hematologia dziecięca,2025/029878,Pozarezydencki,70.18,4.05,07.10.2025 16:54:48,2,NIE,,
j-2025,14,18.11.2025,18.11.2025 12:37:07,41,159,Łódzkie,260,Onkologia kliniczna,2025/039468,Rezydencki,87.56,4.37,30.09.2025 17:19:02,10,NIE,,
j-2025,14,18.11.2025,18.11.2025 12:37:07,41,159,Łódzkie,261,Onkologia kliniczna,2025/040721,Rezydencki,87.56,4.17,30.09.2025 21:09:58,10,NIE,,
j-2025,14,18.11.2025,18.11.2025 12:37:07,41,159,Łódzkie,262,Onkologia kliniczna,2025/035455,Rezydencki,87.44,4.05,07.10.2025 11:35:12,10,NIE,,
j-2025,14,18.11.2025,18.11.2025 12:37:07,41,159,Łódzkie,263,Onkologia kliniczna,2025/041024,Rezydencki,87.08,4.04,30.09.2025 22:28:51,10,NIE,,
j-2025,14,18.11.2025,18.11.2025 12:37:07,41,159,Łódzkie,264,Onkologia kliniczna,2025/028639,Rezydencki,86.47,4.43,29.09.2025 15:07:42,10,NIE,,
j-2025,14,18.11.2025,18.11.2025 12:37:07,41,159,Łódzkie,265,Onkologia kliniczna,2025/032683,Rezydencki,85.27,4.02,27.09.2025 15:22:22,10,NIE,,
j-2025,14,18.11.2025,18.11.2025 12:37:07,41,159,Łódzkie,266,Onkologia kliniczna,2025/036661,Rezydencki,84.29,4.38,30.09.2025 22:38:17,10,NIE,,
j-2025,14,18.11.2025,18.11.2025 12:37:07,41,159,Łódzkie,267,Onkologia kliniczna,2025/041658,Rezydencki,79.90,4.16,07.10.2025 22:33:37,10,NIE,,
j-2025,14,18.11.2025,18.11.2025 12:37:07,41,159,Łódzkie,268,Onkologia kliniczna,2025/040078,Rezydencki,79.90,4.02,06.10.2025 17:41:32,10,NIE,,
j-2025,14,18.11.2025,18.11.2025 12:37:07,41,159,Łódzkie,269,Onkologia kliniczna,2025/028931,Rezydencki,72.38,3.66,30.09.2025 12:31:59,10,NIE,,
j-2025,14,18.11.2025,18.11.2025 12:37:07,41,159,Łódzkie,270,Ortodoncja,2025/032514,Rezydencki,91.43,4.52,29.09.2025 20:01:49,1,NIE,,
j-2025,14,18.11.2025,18.11.2025 12:37:07,41,159,Łódzkie,271,Ortopedia i traumatologia narządu ruchu,2025/037817,Rezydencki,89.23,4.15,09.10.2025 18:56:13,3,NIE,,
j-2025,14,18.11.2025,18.11.2025 12:37:07,41,159,Łódzkie,272,Ortopedia i traumatologia narządu ruchu,2025/029545,Rezydencki,88.24,3.53,08.10.2025 12:11:30,3,NIE,,
j-2025,14,18.11.2025,18.11.2025 12:37:07,41,159,Łódzkie,273,Ortopedia i traumatologia narządu ruchu,2025/035188,Rezydencki,87.08,4.23,30.09.2025 16:43:30,3,NIE,,
j-2025,14,18.11.2025,18.11.2025 12:37:07,41,159,Łódzkie,274,Ortopedia i traumatologia narządu ruchu,2025/040824,Pozarezydencki,82.95,4.05,29.09.2025 17:58:09,2,NIE,,
j-2025,14,18.11.2025,18.11.2025 12:37:07,41,159,Łódzkie,275,Ortopedia i traumatologia narządu ruchu,2025/030671,Pozarezydencki,80.37,3.39,08.10.2025 20:10:52,2,NIE,,
j-2025,14,18.11.2025,18.11.2025 12:37:07,41,159,Łódzkie,276,Otorynolaryngologia,2025/038213,Rezydencki,91.87,3.96,30.09.2025 21:09:18,3,NIE,,
j-2025,14,18.11.2025,18.11.2025 12:37:07,41,159,Łódzkie,277,Otorynolaryngologia,2025/037633,Rezydencki,90.91,3.68,30.09.2025 19:11:33,3,NIE,,
j-2025,14,18.11.2025,18.11.2025 12:37:07,41,159,Łódzkie,278,Otorynolaryngologia,2025/041576,Rezydencki,90.82,4.12,30.09.2025 17:45:25,3,NIE,,
j-2025,14,18.11.2025,18.11.2025 12:37:07,42,159,Łódzkie,279,Otorynolaryngologia dziecięca,2025/039868,Rezydencki,86.12,4.02,15.10.2025 11:08:08,2,NIE,,
j-2025,14,18.11.2025,18.11.2025 12:37:07,42,159,Łódzkie,280,Otorynolaryngologia dziecięca,2025/033666,Rezydencki,85.65,3.88,30.09.2025 16:05:22,2,NIE,,
j-2025,14,18.11.2025,18.11.2025 12:37:07,42,159,Łódzkie,281,Otorynolaryngologia dziecięca,2025/033003,Pozarezydencki,73.17,4.09,22.10.2025 22:07:53,1,NIE,,
j-2025,14,18.11.2025,18.11.2025 12:37:07,42,159,Łódzkie,282,Patomorfologia,2025/041258,Rezydencki,88.41,3.70,29.09.2025 21:10:36,1,NIE,,
j-2025,14,18.11.2025,18.11.2025 12:37:07,42,159,Łódzkie,283,Pediatria,2025/035451,Rezydencki,91.43,4.56,22.09.2025 18:00:58,21,NIE,,
j-2025,14,18.11.2025,18.11.2025 12:37:07,42,159,Łódzkie,284,Pediatria,2025/033918,Rezydencki,90.00,4.10,30.09.2025 20:42:11,21,NIE,,
j-2025,14,18.11.2025,18.11.2025 12:37:07,42,159,Łódzkie,285,Pediatria,2025/032145,Rezydencki,89.47,4.21,08.10.2025 11:07:27,21,NIE,,
j-2025,14,18.11.2025,18.11.2025 12:37:07,42,159,Łódzkie,286,Pediatria,2025/042589,Rezydencki,89.37,3.77,13.10.2025 15:41:06,21,NIE,,
j-2025,14,18.11.2025,18.11.2025 12:37:07,42,159,Łódzkie,287,Pediatria,2025/036303,Rezydencki,88.04,4.11,30.09.2025 15:55:13,21,NIE,,
j-2025,14,18.11.2025,18.11.2025 12:37:07,42,159,Łódzkie,288,Pediatria,2025/040672,Rezydencki,87.80,3.94,30.09.2025 00:07:47,21,NIE,,
j-2025,14,18.11.2025,18.11.2025 12:37:07,42,159,Łódzkie,289,Pediatria,2025/041433,Rezydencki,87.32,4.08,30.09.2025 21:28:49,21,NIE,,
j-2025,14,18.11.2025,18.11.2025 12:37:07,42,159,Łódzkie,290,Pediatria,2025/029660,Rezydencki,87.08,4.33,30.09.2025 14:57:09,21,NIE,,
j-2025,14,18.11.2025,18.11.2025 12:37:07,42,159,Łódzkie,291,Pediatria,2025/041144,Rezydencki,87.08,3.69,30.09.2025 22:39:13,21,NIE,,
j-2025,14,18.11.2025,18.11.2025 12:37:07,42,159,Łódzkie,292,Pediatria,2025/038744,Rezydencki,85.41,4.26,30.09.2025 12:49:54,21,NIE,,
j-2025,14,18.11.2025,18.11.2025 12:37:07,42,159,Łódzkie,293,Pediatria,2025/038987,Rezydencki,85.24,4.13,30.09.2025 19:15:01,21,NIE,,
j-2025,14,18.11.2025,18.11.2025 12:37:07,42,159,Łódzkie,294,Pediatria,2025/028817,Rezydencki,85.17,3.60,30.09.2025 19:48:09,21,NIE,,
j-2025,14,18.11.2025,18.11.2025 12:37:07,42,159,Łódzkie,295,Pediatria,2025/037570,Rezydencki,83.81,3.83,09.10.2025 11:28:01,21,NIE,,
j-2025,14,18.11.2025,18.11.2025 12:37:07,42,159,Łódzkie,296,Pediatria,2025/042289,Rezydencki,83.73,3.65,09.10.2025 01:13:52,21,NIE,,
j-2025,14,18.11.2025,18.11.2025 12:37:07,42,159,Łódzkie,297,Pediatria,2025/035370,Rezydencki,83.73,3.44,06.10.2025 22:36:34,21,NIE,,
j-2025,14,18.11.2025,18.11.2025 12:37:07,42,159,Łódzkie,298,Pediatria,2025/035623,Rezydencki,82.78,4.18,20.10.2025 11:18:02,21,NIE,,
j-2025,14,18.11.2025,18.11.2025 12:37:07,42,159,Łódzkie,299,Pediatria,2025/037422,Rezydencki,79.23,3.29,07.10.2025 09:36:50,21,NIE,,
j-2025,14,18.11.2025,18.11.2025 12:37:07,42,159,Łódzkie,300,Pediatria,2025/028556,Rezydencki,77.14,4.22,26.09.2025 16:09:18,21,NIE,,
j-2025,14,18.11.2025,18.11.2025 12:37:07,42,159,Łódzkie,301,Pediatria,2025/034704,Rezydencki,76.67,3.33,29.09.2025 19:04:24,21,NIE,,
j-2025,14,18.11.2025,18.11.2025 12:37:07,42,159,Łódzkie,302,Pediatria,2025/042686,Rezydencki,69.38,4.29,30.09.2025 19:27:52,21,NIE,,
j-2025,14,18.11.2025,18.11.2025 12:37:07,42,159,Łódzkie,303,Pediatria,2025/039420,Rezydencki,63.41,3.81,30.09.2025 16:01:49,21,NIE,,
j-2025,14,18.11.2025,18.11.2025 12:37:07,42,159,Łódzkie,304,Pediatria,2025/035633,Pozarezydencki,80.00,3.59,13.10.2025 12:23:22,1,NIE,,
j-2025,14,18.11.2025,18.11.2025 12:37:07,42,159,Łódzkie,305,Perinatologia,2025/034666,Pozarezydencki,80.00,3.85,26.09.2025 19:08:40,3,NIE,,
j-2025,14,18.11.2025,18.11.2025 12:37:07,42,159,Łódzkie,306,Perinatologia,2025/031058,Pozarezydencki,72.25,4.03,07.09.2025 22:56:15,3,NIE,,
j-2025,14,18.11.2025,18.11.2025 12:37:07,42,159,Łódzkie,307,Perinatologia,2025/029981,Pozarezydencki,66.51,4.03,04.10.2025 20:53:58,3,NIE,,
j-2025,14,18.11.2025,18.11.2025 12:37:07,42,159,Łódzkie,308,Periodontologia,2025/034774,Rezydencki,85.71,4.32,06.10.2025 11:45:17,3,NIE,,
j-2025,14,18.11.2025,18.11.2025 12:37:07,42,159,Łódzkie,309,Periodontologia,2025/040069,Rezydencki,85.58,4.60,22.10.2025 13:55:40,3,NIE,,
j-2025,14,18.11.2025,18.11.2025 12:37:07,42,159,Łódzkie,310,Periodontologia,2025/037526,Rezydencki,85.58,4.21,09.10.2025 11:07:13,3,NIE,,
j-2025,14,18.11.2025,18.11.2025 12:37:07,42,159,Łódzkie,311,Periodontologia,2025/032806,Pozarezydencki,80.73,3.87,14.09.2025 17:22:27,1,NIE,,
j-2025,14,18.11.2025,18.11.2025 12:37:07,42,159,Łódzkie,312,Położnictwo i ginekologia,2025/037488,Rezydencki,91.63,4.15,02.10.2025 10:37:20,6,NIE,,
j-2025,14,18.11.2025,18.11.2025 12:37:07,42,159,Łódzkie,313,Położnictwo i ginekologia,2025/028444,Rezydencki,89.86,4.43,01.09.2025 10:36:07,6,NIE,,
j-2025,14,18.11.2025,18.11.2025 12:37:07,42,159,Łódzkie,314,Położnictwo i ginekologia,2025/040023,Rezydencki,89.71,3.83,30.09.2025 16:24:50,6,NIE,,
j-2025,14,18.11.2025,18.11.2025 12:37:07,43,159,Łódzkie,315,Położnictwo i ginekologia,2025/039506,Rezydencki,89.47,3.46,30.09.2025 18:45:04,6,NIE,,
j-2025,14,18.11.2025,18.11.2025 12:37:07,43,159,Łódzkie,316,Położnictwo i ginekologia,2025/028454,Rezydencki,89.37,4.51,01.09.2025 10:41:16,6,NIE,,
j-2025,14,18.11.2025,18.11.2025 12:37:07,43,159,Łódzkie,317,Położnictwo i ginekologia,2025/039108,Rezydencki,89.37,4.21,27.09.2025 21:27:40,6,NIE,,
j-2025,14,18.11.2025,18.11.2025 12:37:07,43,159,Łódzkie,318,Położnictwo i ginekologia,2025/031925,Pozarezydencki,83.64,3.75,11.09.2025 16:16:11,5,NIE,,
j-2025,14,18.11.2025,18.11.2025 12:37:07,43,159,Łódzkie,319,Położnictwo i ginekologia,2025/040965,Pozarezydencki,83.56,4.61,03.10.2025 12:56:50,5,NIE,,
j-2025,14,18.11.2025,18.11.2025 12:37:07,43,159,Łódzkie,320,Położnictwo i ginekologia,2025/033898,Pozarezydencki,80.65,4.19,30.09.2025 20:37:27,5,NIE,,
j-2025,14,18.11.2025,18.11.2025 12:37:07,43,159,Łódzkie,321,Położnictwo i ginekologia,2025/040780,Pozarezydencki,76.71,3.63,30.09.2025 11:07:02,5,NIE,,
j-2025,14,18.11.2025,18.11.2025 12:37:07,43,159,Łódzkie,322,Położnictwo i ginekologia,2025/037837,Pozarezydencki,74.89,3.47,30.09.2025 22:40:33,5,NIE,,
j-2025,14,18.11.2025,18.11.2025 12:37:07,43,159,Łódzkie,323,Protetyka stomatologiczna,2025/029029,Rezydencki,86.19,4.48,22.09.2025 22:48:21,1,NIE,,
j-2025,14,18.11.2025,18.11.2025 12:37:07,43,159,Łódzkie,324,Psychiatria,2025/028937,Rezydencki,91.15,4.08,30.09.2025 11:27:27,38,NIE,,
j-2025,14,18.11.2025,18.11.2025 12:37:07,43,159,Łódzkie,325,Psychiatria,2025/033920,Rezydencki,90.43,4.00,30.09.2025 14:39:25,38,NIE,,
j-2025,14,18.11.2025,18.11.2025 12:37:07,43,159,Łódzkie,326,Psychiatria,2025/030804,Rezydencki,90.34,4.50,06.09.2025 14:02:10,38,NIE,,
j-2025,14,18.11.2025,18.11.2025 12:37:07,43,159,Łódzkie,327,Psychiatria,2025/030868,Rezydencki,89.47,4.08,30.09.2025 12:42:53,38,NIE,,
j-2025,14,18.11.2025,18.11.2025 12:37:07,43,159,Łódzkie,328,Psychiatria,2025/030320,Rezydencki,88.41,4.43,05.09.2025 10:11:16,38,NIE,,
j-2025,14,18.11.2025,18.11.2025 12:37:07,43,159,Łódzkie,329,Psychiatria,2025/029291,Rezydencki,87.44,3.94,08.10.2025 17:31:34,38,NIE,,
j-2025,14,18.11.2025,18.11.2025 12:37:07,43,159,Łódzkie,330,Psychiatria,2025/039038,Rezydencki,87.08,3.98,30.09.2025 20:57:45,38,NIE,,
j-2025,14,18.11.2025,18.11.2025 12:37:07,43,159,Łódzkie,331,Psychiatria,2025/031054,Rezydencki,86.96,4.24,23.09.2025 23:44:21,38,NIE,,
j-2025,14,18.11.2025,18.11.2025 12:37:07,43,159,Łódzkie,332,Psychiatria,2025/029702,Rezydencki,86.76,4.06,15.09.2025 20:03:42,38,NIE,,
j-2025,14,18.11.2025,18.11.2025 12:37:07,43,159,Łódzkie,333,Psychiatria,2025/035824,Rezydencki,86.19,3.72,30.09.2025 16:41:22,38,NIE,,
j-2025,14,18.11.2025,18.11.2025 12:37:07,43,159,Łódzkie,334,Psychiatria,2025/035506,Rezydencki,85.65,3.55,30.09.2025 20:49:25,38,NIE,,
j-2025,14,18.11.2025,18.11.2025 12:37:07,43,159,Łódzkie,335,Psychiatria,2025/036211,Rezydencki,85.41,4.00,02.10.2025 13:03:11,38,NIE,,
j-2025,14,18.11.2025,18.11.2025 12:37:07,43,159,Łódzkie,336,Psychiatria,2025/035585,Rezydencki,85.41,3.53,30.09.2025 19:08:50,38,NIE,,
j-2025,14,18.11.2025,18.11.2025 12:37:07,43,159,Łódzkie,337,Psychiatria,2025/030065,Rezydencki,84.69,3.71,30.09.2025 12:00:10,38,NIE,,
j-2025,14,18.11.2025,18.11.2025 12:37:07,43,159,Łódzkie,338,Psychiatria,2025/040035,Rezydencki,84.69,3.50,30.09.2025 20:24:36,38,NIE,,
j-2025,14,18.11.2025,18.11.2025 12:37:07,43,159,Łódzkie,339,Psychiatria,2025/038088,Rezydencki,84.45,3.73,30.09.2025 21:58:58,38,NIE,,
j-2025,14,18.11.2025,18.11.2025 12:37:07,43,159,Łódzkie,340,Psychiatria,2025/037963,Rezydencki,84.31,3.50,29.09.2025 16:36:32,38,NIE,,
j-2025,14,18.11.2025,18.11.2025 12:37:07,43,159,Łódzkie,341,Psychiatria,2025/037432,Rezydencki,84.06,4.18,30.09.2025 16:11:03,38,NIE,,
j-2025,14,18.11.2025,18.11.2025 12:37:07,43,159,Łódzkie,342,Psychiatria,2025/039405,Rezydencki,83.82,4.08,28.09.2025 21:00:09,38,NIE,,
j-2025,14,18.11.2025,18.11.2025 12:37:07,43,159,Łódzkie,343,Psychiatria,2025/040444,Rezydencki,83.82,4.04,29.09.2025 14:33:52,38,NIE,,
j-2025,14,18.11.2025,18.11.2025 12:37:07,43,159,Łódzkie,344,Psychiatria,2025/037309,Rezydencki,83.73,4.28,30.09.2025 21:53:24,38,NIE,,
j-2025,14,18.11.2025,18.11.2025 12:37:07,43,159,Łódzkie,345,Psychiatria,2025/030391,Rezydencki,83.25,4.23,30.09.2025 22:31:51,38,NIE,,
j-2025,14,18.11.2025,18.11.2025 12:37:07,43,159,Łódzkie,346,Psychiatria,2025/037935,Rezydencki,83.09,3.04,27.09.2025 11:28:44,38,NIE,,
j-2025,14,18.11.2025,18.11.2025 12:37:07,43,159,Łódzkie,347,Psychiatria,2025/038121,Rezydencki,83.01,3.60,30.09.2025 22:44:30,38,NIE,,
j-2025,14,18.11.2025,18.11.2025 12:37:07,43,159,Łódzkie,348,Psychiatria,2025/038196,Rezydencki,82.38,4.24,16.10.2025 15:03:01,38,NIE,,
j-2025,14,18.11.2025,18.11.2025 12:37:07,43,159,Łódzkie,349,Psychiatria,2025/033043,Rezydencki,82.30,4.19,30.09.2025 09:02:47,38,NIE,,
j-2025,14,18.11.2025,18.11.2025 12:37:07,43,159,Łódzkie,350,Psychiatria,2025/037926,Rezydencki,82.30,4.15,10.10.2025 13:24:03,38,NIE,,
j-2025,14,18.11.2025,18.11.2025 12:37:07,44,159,Łódzkie,351,Psychiatria,2025/039459,Rezydencki,82.30,3.92,28.09.2025 16:10:36,38,NIE,,
j-2025,14,18.11.2025,18.11.2025 12:37:07,44,159,Łódzkie,352,Psychiatria,2025/038538,Rezydencki,81.34,4.24,30.09.2025 18:56:00,38,NIE,,
j-2025,14,18.11.2025,18.11.2025 12:37:07,44,159,Łódzkie,353,Psychiatria,2025/031386,Rezydencki,81.34,4.03,03.10.2025 17:33:23,38,NIE,,
j-2025,14,18.11.2025,18.11.2025 12:37:07,44,159,Łódzkie,354,Psychiatria,2025/041750,Rezydencki,81.34,3.47,05.10.2025 22:19:31,38,NIE,,
j-2025,14,18.11.2025,18.11.2025 12:37:07,44,159,Łódzkie,355,Psychiatria,2025/042384,Rezydencki,81.34,3.47,24.10.2025 14:00:58,38,NIE,,
j-2025,14,18.11.2025,18.11.2025 12:37:07,44,159,Łódzkie,356,Psychiatria,2025/040212,Rezydencki,80.88,4.02,30.09.2025 12:36:26,38,NIE,,
j-2025,14,18.11.2025,18.11.2025 12:37:07,44,159,Łódzkie,357,Psychiatria,2025/040899,Rezydencki,80.00,0.00,30.09.2025 23:11:41,38,NIE,,
j-2025,14,18.11.2025,18.11.2025 12:37:07,44,159,Łódzkie,358,Psychiatria,2025/031763,Rezydencki,73.68,4.16,30.09.2025 14:16:45,38,NIE,,
j-2025,14,18.11.2025,18.11.2025 12:37:07,44,159,Łódzkie,359,Psychiatria,2025/043345,Rezydencki,72.97,3.27,03.10.2025 00:31:57,38,NIE,,
j-2025,14,18.11.2025,18.11.2025 12:37:07,44,159,Łódzkie,360,Psychiatria,2025/032694,Rezydencki,72.73,3.59,30.09.2025 11:31:57,38,NIE,,
j-2025,14,18.11.2025,18.11.2025 12:37:07,44,159,Łódzkie,361,Psychiatria,2025/041760,Rezydencki,72.25,3.34,06.10.2025 16:05:46,38,NIE,,
j-2025,14,18.11.2025,18.11.2025 12:37:07,44,159,Łódzkie,362,Psychiatria,2025/031716,Pozarezydencki,72.90,3.79,08.10.2025 14:31:13,1,NIE,,
j-2025,14,18.11.2025,18.11.2025 12:37:07,44,159,Łódzkie,363,Psychiatria dzieci i młodzieży,2025/029976,Rezydencki,93.78,4.31,30.09.2025 18:19:03,7,NIE,,
j-2025,14,18.11.2025,18.11.2025 12:37:07,44,159,Łódzkie,364,Psychiatria dzieci i młodzieży,2025/037454,Rezydencki,90.48,4.48,25.09.2025 14:07:34,7,NIE,,
j-2025,14,18.11.2025,18.11.2025 12:37:07,44,159,Łódzkie,365,Psychiatria dzieci i młodzieży,2025/039350,Rezydencki,90.19,4.12,30.09.2025 12:25:31,7,NIE,,
j-2025,14,18.11.2025,18.11.2025 12:37:07,44,159,Łódzkie,366,Psychiatria dzieci i młodzieży,2025/040022,Rezydencki,89.76,4.02,30.09.2025 23:04:34,7,NIE,,
j-2025,14,18.11.2025,18.11.2025 12:37:07,44,159,Łódzkie,367,Psychiatria dzieci i młodzieży,2025/041515,Rezydencki,89.23,3.96,30.09.2025 21:12:28,7,NIE,,
j-2025,14,18.11.2025,18.11.2025 12:37:07,44,159,Łódzkie,368,Psychiatria dzieci i młodzieży,2025/041049,Rezydencki,89.23,3.85,30.09.2025 10:49:10,7,NIE,,
j-2025,14,18.11.2025,18.11.2025 12:37:07,44,159,Łódzkie,369,Psychiatria dzieci i młodzieży,2025/041539,Rezydencki,88.04,3.81,01.10.2025 15:48:29,7,NIE,,
j-2025,14,18.11.2025,18.11.2025 12:37:07,44,159,Łódzkie,370,Psychiatria dzieci i młodzieży,2025/039984,Pozarezydencki,84.02,3.97,07.10.2025 19:08:20,3,NIE,,
j-2025,14,18.11.2025,18.11.2025 12:37:07,44,159,Łódzkie,371,Psychiatria dzieci i młodzieży,2025/041558,Pozarezydencki,79.91,4.06,30.09.2025 18:22:31,3,NIE,,
j-2025,14,18.11.2025,18.11.2025 12:37:07,44,159,Łódzkie,372,Psychiatria dzieci i młodzieży,2025/038865,Pozarezydencki,76.96,3.54,27.09.2025 12:38:04,3,NIE,,
j-2025,14,18.11.2025,18.11.2025 12:37:07,44,159,Łódzkie,373,Radiologia i diagnostyka obrazowa,2025/041526,Rezydencki,92.34,4.24,30.09.2025 19:30:06,2,NIE,,
j-2025,14,18.11.2025,18.11.2025 12:37:07,44,159,Łódzkie,374,Radiologia i diagnostyka obrazowa,2025/032762,Rezydencki,91.87,3.78,30.09.2025 18:30:13,2,NIE,,
j-2025,14,18.11.2025,18.11.2025 12:37:07,44,159,Łódzkie,375,Radiologia i diagnostyka obrazowa,2025/029071,Pozarezydencki,87.38,4.56,09.10.2025 17:44:32,8,NIE,,
j-2025,14,18.11.2025,18.11.2025 12:37:07,44,159,Łódzkie,376,Radiologia i diagnostyka obrazowa,2025/041692,Pozarezydencki,83.41,3.18,30.09.2025 19:56:20,8,NIE,,
j-2025,14,18.11.2025,18.11.2025 12:37:07,44,159,Łódzkie,377,Radiologia i diagnostyka obrazowa,2025/042344,Pozarezydencki,78.54,3.67,30.09.2025 15:05:07,8,NIE,,
j-2025,14,18.11.2025,18.11.2025 12:37:07,44,159,Łódzkie,378,Radiologia i diagnostyka obrazowa,2025/042662,Pozarezydencki,76.94,3.58,30.09.2025 18:43:16,8,NIE,,
j-2025,14,18.11.2025,18.11.2025 12:37:07,44,159,Łódzkie,379,Radiologia i diagnostyka obrazowa,2025/038872,Pozarezydencki,75.34,4.21,30.09.2025 12:41:32,8,NIE,,
j-2025,14,18.11.2025,18.11.2025 12:37:07,44,159,Łódzkie,380,Radiologia i diagnostyka obrazowa,2025/031606,Pozarezydencki,73.83,3.59,03.10.2025 18:44:21,8,NIE,,
j-2025,14,18.11.2025,18.11.2025 12:37:07,44,159,Łódzkie,381,Radiologia i diagnostyka obrazowa,2025/041805,Pozarezydencki,67.58,3.35,30.09.2025 09:09:59,8,NIE,,
j-2025,14,18.11.2025,18.11.2025 12:37:07,44,159,Łódzkie,382,Radiologia i diagnostyka obrazowa,2025/032637,Pozarezydencki,63.08,4.25,07.10.2025 17:17:05,8,NIE,,
j-2025,14,18.11.2025,18.11.2025 12:37:07,44,159,Łódzkie,383,Radioterapia onkologiczna,2025/037427,Rezydencki,89.47,3.83,07.10.2025 17:11:31,2,NIE,,
j-2025,14,18.11.2025,18.11.2025 12:37:07,44,159,Łódzkie,384,Radioterapia onkologiczna,2025/042081,Rezydencki,82.54,3.64,30.09.2025 21:11:37,2,NIE,,
j-2025,14,18.11.2025,18.11.2025 12:37:07,44,159,Łódzkie,385,Radioterapia onkologiczna,2025/034999,Pozarezydencki,91.36,3.12,16.10.2025 21:14:43,2,NIE,,
j-2025,14,18.11.2025,18.11.2025 12:37:07,44,159,Łódzkie,386,Radioterapia onkologiczna,2025/034656,Pozarezydencki,82.27,3.49,14.10.2025 09:47:15,2,NIE,,
j-2025,14,18.11.2025,18.11.2025 12:37:07,45,159,Łódzkie,387,Rehabilitacja medyczna,2025/036143,Pozarezydencki,75.45,4.08,22.10.2025 19:05:13,1,NIE,,
j-2025,14,18.11.2025,18.11.2025 12:37:07,45,159,Łódzkie,388,Reumatologia,2025/030334,Rezydencki,93.78,4.60,30.09.2025 19:16:40,3,NIE,,
j-2025,14,18.11.2025,18.11.2025 12:37:07,45,159,Łódzkie,389,Reumatologia,2025/036821,Rezydencki,92.34,4.55,30.09.2025 18:39:52,3,NIE,,
j-2025,14,18.11.2025,18.11.2025 12:37:07,45,159,Łódzkie,390,Reumatologia,2025/038710,Rezydencki,92.03,4.31,28.09.2025 17:18:50,3,NIE,,
j-2025,14,18.11.2025,18.11.2025 12:37:07,45,159,Łódzkie,391,Reumatologia,2025/039050,Pozarezydencki,83.56,3.67,30.09.2025 17:56:45,3,NIE,,
j-2025,14,18.11.2025,18.11.2025 12:37:07,45,159,Łódzkie,392,Reumatologia,2025/029553,Pozarezydencki,78.08,3.76,30.09.2025 16:25:39,3,NIE,,
j-2025,14,18.11.2025,18.11.2025 12:37:07,45,159,Łódzkie,393,Reumatologia,2025/036046,Pozarezydencki,70.91,4.16,28.09.2025 20:14:26,3,NIE,,
j-2025,14,18.11.2025,18.11.2025 12:37:07,45,159,Łódzkie,394,Stomatologia dziecięca,2025/040289,Pozarezydencki,79.36,4.00,02.10.2025 12:06:02,1,NIE,,
j-2025,14,18.11.2025,18.11.2025 12:37:07,45,159,Łódzkie,395,Stomatologia zachowawcza z endodoncją,2025/034032,Rezydencki,83.33,4.10,17.09.2025 22:35:22,2,NIE,,
j-2025,14,18.11.2025,18.11.2025 12:37:07,45,159,Łódzkie,396,Stomatologia zachowawcza z endodoncją,2025/033871,Rezydencki,82.54,3.73,21.09.2025 22:08:06,2,NIE,,
j-2025,14,18.11.2025,18.11.2025 12:37:07,45,159,Łódzkie,397,Toksykologia kliniczna,2025/039094,Pozarezydencki,65.91,4.11,12.10.2025 00:56:20,1,NIE,,
j-2025,14,18.11.2025,18.11.2025 12:37:07,45,159,Łódzkie,398,Transfuzjologia kliniczna,2025/040939,Rezydencki,58.54,3.30,16.10.2025 18:01:36,1,NIE,,
j-2025,14,18.11.2025,18.11.2025 12:37:07,45,159,Łódzkie,399,Transplantologia kliniczna,2025/029586,Pozarezydencki,86.82,0.00,04.10.2025 22:30:32,3,NIE,,
j-2025,14,18.11.2025,18.11.2025 12:37:07,45,159,Łódzkie,400,Transplantologia kliniczna,2025/041231,Pozarezydencki,82.27,0.00,09.10.2025 07:22:24,3,NIE,,
j-2025,14,18.11.2025,18.11.2025 12:37:07,45,159,Łódzkie,401,Transplantologia kliniczna,2025/038123,Pozarezydencki,75.45,0.00,10.10.2025 15:18:53,3,NIE,,
j-2025,14,18.11.2025,18.11.2025 12:37:07,45,159,Łódzkie,402,Urologia,2025/041669,Rezydencki,90.82,4.35,30.09.2025 21:49:55,3,NIE,,
j-2025,14,18.11.2025,18.11.2025 12:37:07,45,159,Łódzkie,403,Urologia,2025/040699,Rezydencki,90.67,3.67,03.10.2025 15:54:20,3,NIE,,
j-2025,14,18.11.2025,18.11.2025 12:37:07,45,159,Łódzkie,404,Urologia,2025/037865,Rezydencki,89.71,4.00,30.09.2025 22:23:09,3,NIE,,
j-2025,14,18.11.2025,18.11.2025 12:37:07,45,159,Łódzkie,405,Urologia,2025/028718,Pozarezydencki,82.19,3.79,17.10.2025 19:50:11,3,NIE,,
j-2025,14,18.11.2025,18.11.2025 12:37:07,45,159,Łódzkie,406,Urologia,2025/041210,Pozarezydencki,80.37,4.01,29.09.2025 20:51:06,3,NIE,,
j-2025,14,18.11.2025,18.11.2025 12:37:07,45,159,Łódzkie,407,Urologia,2025/033262,Pozarezydencki,78.80,3.36,09.10.2025 20:24:06,3,NIE,,
j-2025,14,18.11.2025,18.11.2025 12:37:07,45,159,Łódzkie,1,Chirurgia szczękowo-twarzowa,2025/031145,Rezydencki,79.61,4.39,08.09.2025 10:48:06,2,TAK,SAMODZIELNY PUBLICZNY ZAKŁAD OPIEKI ZDROWOTNEJ UNIWERSYTECKI SZPITAL KLINICZNY NR 2 UNIWERSYTETU MEDYCZNEGO W ŁODZI,Klinika Chirurgii Szczękowo-Twarzowej
j-2025,14,18.11.2025,18.11.2025 12:37:07,45,159,Łódzkie,2,Chirurgia szczękowo-twarzowa,2025/032362,Rezydencki,79.13,0.00,26.09.2025 22:25:00,2,TAK,SAMODZIELNY PUBLICZNY ZAKŁAD OPIEKI ZDROWOTNEJ UNIWERSYTECKI SZPITAL KLINICZNY NR 2 UNIWERSYTETU MEDYCZNEGO W ŁODZI,Klinika Chirurgii Szczękowo-Twarzowej
j-2025,14,18.11.2025,18.11.2025 12:37:07,45,159,Łódzkie,1,Okulistyka,2025/031653,Rezydencki,89.86,4.52,21.09.2025 11:42:12,1,TAK,SAMODZIELNY PUBLICZNY ZAKŁAD OPIEKI ZDROWOTNEJ UNIWERSYTECKI SZPITAL KLINICZNY NR 2 UNIWERSYTETU MEDYCZNEGO W ŁODZI,Klinika Okulistyki i Rehabilitacji Wzroku
j-2025,14,18.11.2025,18.11.2025 12:37:07,45,159,Łódzkie,1,Chirurgia plastyczna,2025/036208,Rezydencki,85.27,4.46,26.09.2025 19:56:08,1,TAK,Samodzielny Publiczny Zakład Opieki Zdrowotnej Uniwersytecki Szpital Kliniczny Nr 1 im. Norberta Barlickiego Uniwersytetu Medycznego w Łodzi,"Oddział Kliniczny Chirurgii Plastycznej, Rekonstrukcyjnej i Estetycznej z Odcinkiem dla Dzieci"
j-2025,14,18.11.2025,18.11.2025 12:37:07,46,159,Łódzkie,1,Gastroenterologia,2025/030341,Rezydencki,87.92,4.36,30.09.2025 11:08:12,1,TAK,Status dokumentu Opublikowanie wyników,Samodzielny Publiczny Zakład Opieki Zdrowotnej Uniwersytecki Szpital Kliniczny Nr 1 im. Norberta Barlickiego Uniwersytetu Medycznego w Łodzi Oddział Kliniczny Gastroenterologii Ogólnej i Onkologicznej oraz Chorób Wewnętrznych
j-2025,14,18.11.2025,18.11.2025 12:37:07,46,159,Łódzkie,1,Choroby wewnętrzne,2025/038067,Rezydencki,82.85,4.28,30.09.2025 00:26:28,1,TAK,Wojewódzki Specjalistyczny Szpital im. dr Wł. Biegańskiego w Łodzi,"Oddział Chorób Wewnętrznych, Klinika Chorób Wewnętrznych i Farmakologii Klinicznej UM"
j-2025,14,18.11.2025,18.11.2025 12:37:07,46,159,Małopolskie,1,Alergologia,2025/028983,Rezydencki,89.13,4.68,01.09.2025 21:29:38,3,NIE,,
j-2025,14,18.11.2025,18.11.2025 12:37:07,46,159,Małopolskie,2,Alergologia,2025/042077,Rezydencki,89.00,4.17,30.09.2025 22:19:09,3,NIE,,
j-2025,14,18.11.2025,18.11.2025 12:37:07,46,159,Małopolskie,3,Alergologia,2025/035999,Rezydencki,88.41,4.42,23.09.2025 14:50:35,3,NIE,,
j-2025,14,18.11.2025,18.11.2025 12:37:07,46,159,Małopolskie,4,Alergologia,2025/029816,Pozarezydencki,92.27,4.32,03.09.2025 09:53:21,3,NIE,,
j-2025,14,18.11.2025,18.11.2025 12:37:07,46,159,Małopolskie,5,Alergologia,2025/034712,Pozarezydencki,80.18,3.47,20.10.2025 11:28:47,3,NIE,,
j-2025,14,18.11.2025,18.11.2025 12:37:07,46,159,Małopolskie,6,Alergologia,2025/029854,Pozarezydencki,80.00,3.73,07.10.2025 19:51:07,3,NIE,,
j-2025,14,18.11.2025,18.11.2025 12:37:07,46,159,Małopolskie,7,Anestezjologia i intensywna terapia,2025/036792,Rezydencki,91.87,4.22,30.09.2025 20:43:03,10,NIE,,
j-2025,14,18.11.2025,18.11.2025 12:37:07,46,159,Małopolskie,8,Anestezjologia i intensywna terapia,2025/031281,Rezydencki,91.79,4.13,08.10.2025 15:55:08,10,NIE,,
j-2025,14,18.11.2025,18.11.2025 12:37:07,46,159,Małopolskie,9,Anestezjologia i intensywna terapia,2025/035057,Rezydencki,91.39,4.50,30.09.2025 20:47:56,10,NIE,,
j-2025,14,18.11.2025,18.11.2025 12:37:07,46,159,Małopolskie,10,Anestezjologia i intensywna terapia,2025/038713,Rezydencki,90.91,4.53,30.09.2025 19:21:21,10,NIE,,
j-2025,14,18.11.2025,18.11.2025 12:37:07,46,159,Małopolskie,11,Anestezjologia i intensywna terapia,2025/035015,Rezydencki,90.82,4.07,30.09.2025 11:15:06,10,NIE,,
j-2025,14,18.11.2025,18.11.2025 12:37:07,46,159,Małopolskie,12,Anestezjologia i intensywna terapia,2025/041768,Rezydencki,90.43,3.98,30.09.2025 02:32:08,10,NIE,,
j-2025,14,18.11.2025,18.11.2025 12:37:07,46,159,Małopolskie,13,Anestezjologia i intensywna terapia,2025/039979,Rezydencki,90.19,4.42,10.10.2025 14:40:19,10,NIE,,
j-2025,14,18.11.2025,18.11.2025 12:37:07,46,159,Małopolskie,14,Anestezjologia i intensywna terapia,2025/036771,Rezydencki,89.95,4.55,30.09.2025 06:20:39,10,NIE,,
j-2025,14,18.11.2025,18.11.2025 12:37:07,46,159,Małopolskie,15,Anestezjologia i intensywna terapia,2025/030108,Rezydencki,89.22,4.17,29.09.2025 17:18:56,10,NIE,,
j-2025,14,18.11.2025,18.11.2025 12:37:07,46,159,Małopolskie,16,Anestezjologia i intensywna terapia,2025/040970,Rezydencki,88.89,4.50,10.10.2025 15:21:02,10,NIE,,
j-2025,14,18.11.2025,18.11.2025 12:37:07,46,159,Małopolskie,17,Anestezjologia i intensywna terapia,2025/029716,Pozarezydencki,85.25,4.52,29.09.2025 19:21:05,5,NIE,,
j-2025,14,18.11.2025,18.11.2025 12:37:07,46,159,Małopolskie,18,Anestezjologia i intensywna terapia,2025/037148,Pozarezydencki,83.87,4.32,29.09.2025 20:44:09,5,NIE,,
j-2025,14,18.11.2025,18.11.2025 12:37:07,46,159,Małopolskie,19,Anestezjologia i intensywna terapia,2025/039294,Pozarezydencki,81.78,0.00,20.10.2025 11:09:25,5,NIE,,
j-2025,14,18.11.2025,18.11.2025 12:37:07,46,159,Małopolskie,20,Anestezjologia i intensywna terapia,2025/028575,Pozarezydencki,80.82,4.04,11.10.2025 10:03:11,5,NIE,,
j-2025,14,18.11.2025,18.11.2025 12:37:07,46,159,Małopolskie,21,Anestezjologia i intensywna terapia,2025/033946,Pozarezydencki,73.06,3.22,10.10.2025 18:05:32,5,NIE,,
j-2025,14,18.11.2025,18.11.2025 12:37:07,46,159,Małopolskie,22,Chirurgia dziecięca,2025/033564,Rezydencki,84.54,3.90,29.09.2025 08:57:58,4,NIE,,
j-2025,14,18.11.2025,18.11.2025 12:37:07,46,159,Małopolskie,23,Chirurgia dziecięca,2025/029888,Rezydencki,84.06,3.13,28.09.2025 20:45:17,4,NIE,,
j-2025,14,18.11.2025,18.11.2025 12:37:07,46,159,Małopolskie,24,Chirurgia dziecięca,2025/042841,Rezydencki,79.67,3.85,10.10.2025 13:46:31,4,NIE,,
j-2025,14,18.11.2025,18.11.2025 12:37:07,46,159,Małopolskie,25,Chirurgia dziecięca,2025/040407,Rezydencki,79.43,0.00,30.09.2025 20:20:11,4,NIE,,
j-2025,14,18.11.2025,18.11.2025 12:37:07,46,159,Małopolskie,26,Chirurgia klatki piersiowej,2025/040448,Rezydencki,85.65,4.02,08.10.2025 15:00:23,2,NIE,,
j-2025,14,18.11.2025,18.11.2025 12:37:07,46,159,Małopolskie,27,Chirurgia klatki piersiowej,2025/039930,Rezydencki,72.97,3.43,28.10.2025 11:49:57,2,NIE,,
j-2025,14,18.11.2025,18.11.2025 12:37:07,46,159,Małopolskie,28,Chirurgia klatki piersiowej,2025/028763,Pozarezydencki,88.18,3.79,10.10.2025 21:48:17,1,NIE,,
j-2025,14,18.11.2025,18.11.2025 12:37:07,46,159,Małopolskie,29,Chirurgia ogólna,2025/041566,Rezydencki,90.67,4.63,08.10.2025 13:34:10,30,NIE,,
j-2025,14,18.11.2025,18.11.2025 12:37:07,47,159,Małopolskie,30,Chirurgia ogólna,2025/040846,Rezydencki,88.04,3.83,30.09.2025 21:10:55,30,NIE,,
j-2025,14,18.11.2025,18.11.2025 12:37:07,47,159,Małopolskie,31,Chirurgia ogólna,2025/040913,Rezydencki,87.99,4.19,29.09.2025 21:45:37,30,NIE,,
j-2025,14,18.11.2025,18.11.2025 12:37:07,47,159,Małopolskie,32,Chirurgia ogólna,2025/041246,Rezydencki,87.14,3.97,14.10.2025 22:50:46,30,NIE,,
j-2025,14,18.11.2025,18.11.2025 12:37:07,47,159,Małopolskie,33,Chirurgia ogólna,2025/040685,Rezydencki,86.60,3.41,30.09.2025 16:48:07,30,NIE,,
j-2025,14,18.11.2025,18.11.2025 12:37:07,47,159,Małopolskie,34,Chirurgia ogólna,2025/040985,Rezydencki,85.75,4.43,30.09.2025 16:53:08,30,NIE,,
j-2025,14,18.11.2025,18.11.2025 12:37:07,47,159,Małopolskie,35,Chirurgia ogólna,2025/036800,Rezydencki,85.37,4.64,17.10.2025 09:59:39,30,NIE,,
j-2025,14,18.11.2025,18.11.2025 12:37:07,47,159,Małopolskie,36,Chirurgia ogólna,2025/043177,Rezydencki,84.06,4.06,19.10.2025 15:12:20,30,NIE,,
j-2025,14,18.11.2025,18.11.2025 12:37:07,47,159,Małopolskie,37,Chirurgia ogólna,2025/038862,Rezydencki,83.81,4.17,29.09.2025 14:34:57,30,NIE,,
j-2025,14,18.11.2025,18.11.2025 12:37:07,47,159,Małopolskie,38,Chirurgia ogólna,2025/038722,Rezydencki,83.73,4.26,30.09.2025 20:09:34,30,NIE,,
j-2025,14,18.11.2025,18.11.2025 12:37:07,47,159,Małopolskie,39,Chirurgia ogólna,2025/041463,Rezydencki,83.73,3.39,10.10.2025 13:30:55,30,NIE,,
j-2025,14,18.11.2025,18.11.2025 12:37:07,47,159,Małopolskie,40,Chirurgia ogólna,2025/042742,Rezydencki,83.57,3.90,14.10.2025 22:03:11,30,NIE,,
j-2025,14,18.11.2025,18.11.2025 12:37:07,47,159,Małopolskie,41,Chirurgia ogólna,2025/036928,Rezydencki,83.09,3.43,12.10.2025 16:59:11,30,NIE,,
j-2025,14,18.11.2025,18.11.2025 12:37:07,47,159,Małopolskie,42,Chirurgia ogólna,2025/037426,Rezydencki,82.78,4.69,30.09.2025 19:05:41,30,NIE,,
j-2025,14,18.11.2025,18.11.2025 12:37:07,47,159,Małopolskie,43,Chirurgia ogólna,2025/043000,Rezydencki,82.78,3.78,30.09.2025 22:39:36,30,NIE,,
j-2025,14,18.11.2025,18.11.2025 12:37:07,47,159,Małopolskie,44,Chirurgia ogólna,2025/041713,Rezydencki,82.54,3.80,30.09.2025 17:35:16,30,NIE,,
j-2025,14,18.11.2025,18.11.2025 12:37:07,47,159,Małopolskie,45,Chirurgia ogólna,2025/037150,Rezydencki,82.44,4.24,29.09.2025 20:44:09,30,NIE,,
j-2025,14,18.11.2025,18.11.2025 12:37:07,47,159,Małopolskie,46,Chirurgia ogólna,2025/040891,Rezydencki,82.13,4.03,30.09.2025 20:37:08,30,NIE,,
j-2025,14,18.11.2025,18.11.2025 12:37:07,47,159,Małopolskie,47,Chirurgia ogólna,2025/039457,Rezydencki,81.90,4.07,28.09.2025 23:03:57,30,NIE,,
j-2025,14,18.11.2025,18.11.2025 12:37:07,47,159,Małopolskie,48,Chirurgia ogólna,2025/041933,Rezydencki,81.16,3.96,30.09.2025 19:25:52,30,NIE,,
j-2025,14,18.11.2025,18.11.2025 12:37:07,47,159,Małopolskie,49,Chirurgia ogólna,2025/030348,Rezydencki,80.95,3.84,05.09.2025 15:58:41,30,NIE,,
j-2025,14,18.11.2025,18.11.2025 12:37:07,47,159,Małopolskie,50,Chirurgia ogólna,2025/041424,Rezydencki,80.62,3.98,14.10.2025 21:06:54,30,NIE,,
j-2025,14,18.11.2025,18.11.2025 12:37:07,47,159,Małopolskie,51,Chirurgia ogólna,2025/041688,Rezydencki,80.00,3.14,20.10.2025 15:36:36,30,NIE,,
j-2025,14,18.11.2025,18.11.2025 12:37:07,47,159,Małopolskie,52,Chirurgia ogólna,2025/040339,Rezydencki,79.90,3.98,24.10.2025 17:09:08,30,NIE,,
j-2025,14,18.11.2025,18.11.2025 12:37:07,47,159,Małopolskie,53,Chirurgia ogólna,2025/033160,Rezydencki,79.52,3.41,15.09.2025 16:35:04,30,NIE,,
j-2025,14,18.11.2025,18.11.2025 12:37:07,47,159,Małopolskie,54,Chirurgia ogólna,2025/029126,Rezydencki,77.51,3.97,30.09.2025 20:28:59,30,NIE,,
j-2025,14,18.11.2025,18.11.2025 12:37:07,47,159,Małopolskie,55,Chirurgia ogólna,2025/042467,Rezydencki,77.51,3.41,12.10.2025 21:08:03,30,NIE,,
j-2025,14,18.11.2025,18.11.2025 12:37:07,47,159,Małopolskie,56,Chirurgia ogólna,2025/031794,Rezydencki,77.14,0.00,26.09.2025 08:45:09,30,NIE,,
j-2025,14,18.11.2025,18.11.2025 12:37:07,47,159,Małopolskie,57,Chirurgia ogólna,2025/038198,Rezydencki,66.51,3.24,24.10.2025 10:57:47,30,NIE,,
j-2025,14,18.11.2025,18.11.2025 12:37:07,47,159,Małopolskie,58,Chirurgia ogólna,2025/031059,Rezydencki,0.00,4.73,13.10.2025 15:02:18,30,NIE,,
j-2025,14,18.11.2025,18.11.2025 12:37:07,47,159,Małopolskie,59,Chirurgia ogólna,2025/028491,Pozarezydencki,90.91,0.00,01.09.2025 15:41:40,4,NIE,,
j-2025,14,18.11.2025,18.11.2025 12:37:07,47,159,Małopolskie,60,Chirurgia ogólna,2025/038618,Pozarezydencki,71.20,4.15,16.10.2025 09:29:25,4,NIE,,
j-2025,14,18.11.2025,18.11.2025 12:37:07,47,159,Małopolskie,61,Chirurgia ogólna,2025/036670,Pozarezydencki,62.74,2.82,21.10.2025 19:07:31,4,NIE,,
j-2025,14,18.11.2025,18.11.2025 12:37:07,47,159,Małopolskie,62,Chirurgia ogólna,2025/042583,Pozarezydencki,62.04,0.00,16.10.2025 19:24:32,4,NIE,,
j-2025,14,18.11.2025,18.11.2025 12:37:07,47,159,Małopolskie,63,Chirurgia onkologiczna,2025/040326,Rezydencki,88.65,4.08,30.09.2025 13:30:59,2,NIE,,
j-2025,14,18.11.2025,18.11.2025 12:37:07,47,159,Małopolskie,64,Chirurgia onkologiczna,2025/039811,Rezydencki,78.57,3.26,30.09.2025 22:46:40,2,NIE,,
j-2025,14,18.11.2025,18.11.2025 12:37:07,47,159,Małopolskie,65,Chirurgia onkologiczna,2025/029170,Pozarezydencki,86.82,3.61,11.09.2025 22:11:12,6,NIE,,
j-2025,14,18.11.2025,18.11.2025 12:37:07,48,159,Małopolskie,66,Chirurgia onkologiczna,2025/033345,Pozarezydencki,84.55,4.63,14.10.2025 15:28:31,6,NIE,,
j-2025,14,18.11.2025,18.11.2025 12:37:07,48,159,Małopolskie,67,Chirurgia onkologiczna,2025/036204,Pozarezydencki,84.55,4.55,15.10.2025 13:56:57,6,NIE,,
j-2025,14,18.11.2025,18.11.2025 12:37:07,48,159,Małopolskie,68,Chirurgia onkologiczna,2025/028732,Pozarezydencki,82.57,3.79,23.10.2025 19:45:54,6,NIE,,
j-2025,14,18.11.2025,18.11.2025 12:37:07,48,159,Małopolskie,69,Chirurgia onkologiczna,2025/041661,Pozarezydencki,82.27,3.37,23.10.2025 15:39:52,6,NIE,,
j-2025,14,18.11.2025,18.11.2025 12:37:07,48,159,Małopolskie,70,Chirurgia onkologiczna,2025/035594,Pozarezydencki,76.17,3.96,26.10.2025 23:08:36,6,NIE,,
j-2025,14,18.11.2025,18.11.2025 12:37:07,48,159,Małopolskie,71,Chirurgia plastyczna,2025/031077,Rezydencki,94.44,4.83,22.09.2025 13:12:40,1,NIE,,
j-2025,14,18.11.2025,18.11.2025 12:37:07,48,159,Małopolskie,72,Chirurgia stomatologiczna,2025/034607,Rezydencki,87.08,4.50,25.09.2025 18:27:01,3,NIE,,
j-2025,14,18.11.2025,18.11.2025 12:37:07,48,159,Małopolskie,73,Chirurgia stomatologiczna,2025/031065,Rezydencki,86.96,4.00,13.10.2025 20:31:27,3,NIE,,
j-2025,14,18.11.2025,18.11.2025 12:37:07,48,159,Małopolskie,74,Chirurgia stomatologiczna,2025/035104,Rezydencki,85.71,4.30,27.09.2025 06:15:51,3,NIE,,
j-2025,14,18.11.2025,18.11.2025 12:37:07,48,159,Małopolskie,75,Chirurgia szczękowo-twarzowa,2025/039274,Rezydencki,87.14,4.23,28.09.2025 12:16:07,2,NIE,,
j-2025,14,18.11.2025,18.11.2025 12:37:07,48,159,Małopolskie,76,Chirurgia szczękowo-twarzowa,2025/036773,Rezydencki,85.71,4.02,17.10.2025 17:34:44,2,NIE,,
j-2025,14,18.11.2025,18.11.2025 12:37:07,48,159,Małopolskie,77,Choroby płuc,2025/036157,Rezydencki,93.30,4.62,30.09.2025 20:37:56,12,NIE,,
j-2025,14,18.11.2025,18.11.2025 12:37:07,48,159,Małopolskie,78,Choroby płuc,2025/036198,Rezydencki,89.86,4.53,24.09.2025 22:14:11,12,NIE,,
j-2025,14,18.11.2025,18.11.2025 12:37:07,48,159,Małopolskie,79,Choroby płuc,2025/030004,Rezydencki,89.37,4.52,25.09.2025 12:36:47,12,NIE,,
j-2025,14,18.11.2025,18.11.2025 12:37:07,48,159,Małopolskie,80,Choroby płuc,2025/042637,Rezydencki,87.56,4.22,10.10.2025 15:01:05,12,NIE,,
j-2025,14,18.11.2025,18.11.2025 12:37:07,48,159,Małopolskie,81,Choroby płuc,2025/030490,Rezydencki,86.96,4.61,24.10.2025 09:08:52,12,NIE,,
j-2025,14,18.11.2025,18.11.2025 12:37:07,48,159,Małopolskie,82,Choroby płuc,2025/039446,Rezydencki,86.96,3.83,16.10.2025 09:21:36,12,NIE,,
j-2025,14,18.11.2025,18.11.2025 12:37:07,48,159,Małopolskie,83,Choroby płuc,2025/037144,Rezydencki,86.47,4.53,30.09.2025 20:59:18,12,NIE,,
j-2025,14,18.11.2025,18.11.2025 12:37:07,48,159,Małopolskie,84,Choroby płuc,2025/036153,Rezydencki,86.47,3.67,14.10.2025 21:54:55,12,NIE,,
j-2025,14,18.11.2025,18.11.2025 12:37:07,48,159,Małopolskie,85,Choroby płuc,2025/037821,Rezydencki,85.65,3.91,10.10.2025 12:39:02,12,NIE,,
j-2025,14,18.11.2025,18.11.2025 12:37:07,48,159,Małopolskie,86,Choroby płuc,2025/039990,Rezydencki,85.51,3.48,15.10.2025 23:55:01,12,NIE,,
j-2025,14,18.11.2025,18.11.2025 12:37:07,48,159,Małopolskie,87,Choroby płuc,2025/039793,Rezydencki,84.06,3.56,28.09.2025 21:00:35,12,NIE,,
j-2025,14,18.11.2025,18.11.2025 12:37:07,48,159,Małopolskie,88,Choroby płuc,2025/041712,Rezydencki,82.60,4.13,30.09.2025 23:51:05,12,NIE,,
j-2025,14,18.11.2025,18.11.2025 12:37:07,48,159,Małopolskie,89,Choroby płuc,2025/030311,Pozarezydencki,80.00,4.18,16.10.2025 16:44:50,3,NIE,,
j-2025,14,18.11.2025,18.11.2025 12:37:07,48,159,Małopolskie,90,Choroby płuc,2025/029627,Pozarezydencki,63.43,3.88,20.10.2025 11:22:40,3,NIE,,
j-2025,14,18.11.2025,18.11.2025 12:37:07,48,159,Małopolskie,91,Choroby płuc,2025/039341,Pozarezydencki,59.03,3.69,26.10.2025 23:28:47,3,NIE,,
j-2025,14,18.11.2025,18.11.2025 12:37:07,48,159,Małopolskie,92,Choroby płuc dzieci,2025/037771,Rezydencki,92.27,4.67,30.09.2025 23:35:56,2,NIE,,
j-2025,14,18.11.2025,18.11.2025 12:37:07,48,159,Małopolskie,93,Choroby płuc dzieci,2025/033213,Rezydencki,89.46,4.46,29.09.2025 22:25:20,2,NIE,,
j-2025,14,18.11.2025,18.11.2025 12:37:07,48,159,Małopolskie,94,Choroby płuc dzieci,2025/034816,Pozarezydencki,84.55,4.65,16.10.2025 20:02:51,3,NIE,,
j-2025,14,18.11.2025,18.11.2025 12:37:07,48,159,Małopolskie,95,Choroby płuc dzieci,2025/030870,Pozarezydencki,75.46,3.71,23.10.2025 16:30:38,3,NIE,,
j-2025,14,18.11.2025,18.11.2025 12:37:07,48,159,Małopolskie,96,Choroby płuc dzieci,2025/034247,Pozarezydencki,73.39,4.02,21.10.2025 01:01:21,3,NIE,,
j-2025,14,18.11.2025,18.11.2025 12:37:07,48,159,Małopolskie,97,Choroby wewnętrzne,2025/031713,Rezydencki,90.34,4.55,25.09.2025 14:10:06,35,NIE,,
j-2025,14,18.11.2025,18.11.2025 12:37:07,48,159,Małopolskie,98,Choroby wewnętrzne,2025/034224,Rezydencki,89.95,4.42,30.09.2025 19:01:57,35,NIE,,
j-2025,14,18.11.2025,18.11.2025 12:37:07,48,159,Małopolskie,99,Choroby wewnętrzne,2025/036780,Rezydencki,89.47,4.12,30.09.2025 22:02:19,35,NIE,,
j-2025,14,18.11.2025,18.11.2025 12:37:07,48,159,Małopolskie,100,Choroby wewnętrzne,2025/028951,Rezydencki,88.89,4.02,04.09.2025 19:32:43,35,NIE,,
j-2025,14,18.11.2025,18.11.2025 12:37:07,48,159,Małopolskie,101,Choroby wewnętrzne,2025/036094,Rezydencki,87.92,4.38,13.10.2025 10:48:37,35,NIE,,
j-2025,14,18.11.2025,18.11.2025 12:37:07,49,159,Małopolskie,102,Choroby wewnętrzne,2025/031627,Rezydencki,87.62,4.37,07.10.2025 14:42:49,35,NIE,,
j-2025,14,18.11.2025,18.11.2025 12:37:07,49,159,Małopolskie,103,Choroby wewnętrzne,2025/034174,Rezydencki,87.08,3.98,30.09.2025 10:31:21,35,NIE,,
j-2025,14,18.11.2025,18.11.2025 12:37:07,49,159,Małopolskie,104,Choroby wewnętrzne,2025/035213,Rezydencki,86.47,3.91,30.09.2025 23:57:19,35,NIE,,
j-2025,14,18.11.2025,18.11.2025 12:37:07,49,159,Małopolskie,105,Choroby wewnętrzne,2025/039520,Rezydencki,86.43,4.26,28.09.2025 17:41:52,35,NIE,,
j-2025,14,18.11.2025,18.11.2025 12:37:07,49,159,Małopolskie,106,Choroby wewnętrzne,2025/038800,Rezydencki,85.65,4.48,30.09.2025 08:10:20,35,NIE,,
j-2025,14,18.11.2025,18.11.2025 12:37:07,49,159,Małopolskie,107,Choroby wewnętrzne,2025/038471,Rezydencki,85.17,4.40,08.10.2025 13:25:38,35,NIE,,
j-2025,14,18.11.2025,18.11.2025 12:37:07,49,159,Małopolskie,108,Choroby wewnętrzne,2025/032006,Rezydencki,85.17,4.21,15.10.2025 13:18:06,35,NIE,,
j-2025,14,18.11.2025,18.11.2025 12:37:07,49,159,Małopolskie,109,Choroby wewnętrzne,2025/037725,Rezydencki,85.17,4.03,07.10.2025 19:01:21,35,NIE,,
j-2025,14,18.11.2025,18.11.2025 12:37:07,49,159,Małopolskie,110,Choroby wewnętrzne,2025/030936,Rezydencki,85.17,3.95,07.10.2025 22:01:44,35,NIE,,
j-2025,14,18.11.2025,18.11.2025 12:37:07,49,159,Małopolskie,111,Choroby wewnętrzne,2025/038638,Rezydencki,84.69,4.03,08.10.2025 13:09:50,35,NIE,,
j-2025,14,18.11.2025,18.11.2025 12:37:07,49,159,Małopolskie,112,Choroby wewnętrzne,2025/036170,Rezydencki,84.45,3.95,09.10.2025 21:32:58,35,NIE,,
j-2025,14,18.11.2025,18.11.2025 12:37:07,49,159,Małopolskie,113,Choroby wewnętrzne,2025/041913,Rezydencki,83.25,3.60,23.10.2025 14:38:28,35,NIE,,
j-2025,14,18.11.2025,18.11.2025 12:37:07,49,159,Małopolskie,114,Choroby wewnętrzne,2025/040849,Rezydencki,83.09,3.50,09.10.2025 12:50:01,35,NIE,,
j-2025,14,18.11.2025,18.11.2025 12:37:07,49,159,Małopolskie,115,Choroby wewnętrzne,2025/037172,Rezydencki,82.35,4.42,29.09.2025 20:27:18,35,NIE,,
j-2025,14,18.11.2025,18.11.2025 12:37:07,49,159,Małopolskie,116,Choroby wewnętrzne,2025/037260,Rezydencki,80.95,4.20,29.09.2025 23:47:12,35,NIE,,
j-2025,14,18.11.2025,18.11.2025 12:37:07,49,159,Małopolskie,117,Choroby wewnętrzne,2025/041069,Rezydencki,79.71,3.36,23.10.2025 14:37:22,35,NIE,,
j-2025,14,18.11.2025,18.11.2025 12:37:07,49,159,Małopolskie,118,Choroby wewnętrzne,2025/037896,Rezydencki,76.57,3.10,06.10.2025 18:19:23,35,NIE,,
j-2025,14,18.11.2025,18.11.2025 12:37:07,49,159,Małopolskie,119,Choroby wewnętrzne,2025/028742,Rezydencki,76.33,3.73,25.09.2025 20:17:34,35,NIE,,
j-2025,14,18.11.2025,18.11.2025 12:37:07,49,159,Małopolskie,120,Choroby wewnętrzne,2025/028860,Rezydencki,76.19,3.61,08.10.2025 08:57:01,35,NIE,,
j-2025,14,18.11.2025,18.11.2025 12:37:07,49,159,Małopolskie,121,Choroby wewnętrzne,2025/036971,Rezydencki,76.08,4.17,30.09.2025 18:41:32,35,NIE,,
j-2025,14,18.11.2025,18.11.2025 12:37:07,49,159,Małopolskie,122,Choroby wewnętrzne,2025/043340,Rezydencki,76.08,3.80,12.10.2025 12:19:29,35,NIE,,
j-2025,14,18.11.2025,18.11.2025 12:37:07,49,159,Małopolskie,123,Choroby wewnętrzne,2025/037414,Rezydencki,75.60,3.81,30.09.2025 08:57:23,35,NIE,,
j-2025,14,18.11.2025,18.11.2025 12:37:07,49,159,Małopolskie,124,Choroby wewnętrzne,2025/036808,Rezydencki,75.12,3.59,15.10.2025 11:07:58,35,NIE,,
j-2025,14,18.11.2025,18.11.2025 12:37:07,49,159,Małopolskie,125,Choroby wewnętrzne,2025/038820,Rezydencki,74.64,3.89,30.09.2025 18:52:03,35,NIE,,
j-2025,14,18.11.2025,18.11.2025 12:37:07,49,159,Małopolskie,126,Choroby wewnętrzne,2025/029860,Rezydencki,72.25,3.43,28.10.2025 09:51:36,35,NIE,,
j-2025,14,18.11.2025,18.11.2025 12:37:07,49,159,Małopolskie,127,Choroby wewnętrzne,2025/041354,Rezydencki,71.77,3.62,24.10.2025 10:43:43,35,NIE,,
j-2025,14,18.11.2025,18.11.2025 12:37:07,49,159,Małopolskie,128,Choroby wewnętrzne,2025/033212,Rezydencki,71.43,3.46,15.09.2025 20:06:49,35,NIE,,
j-2025,14,18.11.2025,18.11.2025 12:37:07,49,159,Małopolskie,129,Choroby wewnętrzne,2025/039864,Rezydencki,70.81,0.00,15.10.2025 15:51:42,35,NIE,,
j-2025,14,18.11.2025,18.11.2025 12:37:07,49,159,Małopolskie,130,Choroby wewnętrzne,2025/042020,Rezydencki,68.12,3.50,30.09.2025 12:01:35,35,NIE,,
j-2025,14,18.11.2025,18.11.2025 12:37:07,49,159,Małopolskie,131,Choroby wewnętrzne,2025/034473,Rezydencki,57.84,4.02,30.09.2025 14:57:25,35,NIE,,
j-2025,14,18.11.2025,18.11.2025 12:37:07,49,159,Małopolskie,132,Choroby wewnętrzne,2025/029013,Pozarezydencki,82.11,4.71,02.09.2025 20:52:48,1,NIE,,
j-2025,14,18.11.2025,18.11.2025 12:37:07,49,159,Małopolskie,133,Choroby zakaźne,2025/040825,Rezydencki,82.06,4.11,30.09.2025 17:20:35,4,NIE,,
j-2025,14,18.11.2025,18.11.2025 12:37:07,49,159,Małopolskie,134,Choroby zakaźne,2025/041276,Rezydencki,81.34,4.64,16.10.2025 23:35:48,4,NIE,,
j-2025,14,18.11.2025,18.11.2025 12:37:07,49,159,Małopolskie,135,Choroby zakaźne,2025/031871,Rezydencki,77.03,3.68,15.10.2025 17:10:42,4,NIE,,
j-2025,14,18.11.2025,18.11.2025 12:37:07,49,159,Małopolskie,136,Choroby zakaźne,2025/040097,Rezydencki,73.43,3.47,30.09.2025 20:10:06,4,NIE,,
j-2025,14,18.11.2025,18.11.2025 12:37:07,49,159,Małopolskie,137,Dermatologia i wenerologia,2025/034887,Rezydencki,93.78,4.55,30.09.2025 21:20:30,3,NIE,,
j-2025,14,18.11.2025,18.11.2025 12:37:07,50,159,Małopolskie,138,Dermatologia i wenerologia,2025/037231,Rezydencki,93.78,4.52,15.10.2025 21:19:40,3,NIE,,
j-2025,14,18.11.2025,18.11.2025 12:37:07,50,159,Małopolskie,139,Dermatologia i wenerologia,2025/039281,Rezydencki,93.78,3.85,30.09.2025 16:38:02,3,NIE,,
j-2025,14,18.11.2025,18.11.2025 12:37:07,50,159,Małopolskie,140,Diabetologia,2025/028462,Rezydencki,92.34,4.08,30.09.2025 06:12:30,2,NIE,,
j-2025,14,18.11.2025,18.11.2025 12:37:07,50,159,Małopolskie,141,Diabetologia,2025/043035,Rezydencki,90.34,4.51,30.09.2025 21:25:11,2,NIE,,
j-2025,14,18.11.2025,18.11.2025 12:37:07,50,159,Małopolskie,142,Diabetologia,2025/034981,Pozarezydencki,79.26,4.11,30.09.2025 14:55:42,1,NIE,,
j-2025,14,18.11.2025,18.11.2025 12:37:07,50,159,Małopolskie,143,Endokrynologia,2025/037820,Rezydencki,95.69,4.26,30.09.2025 08:57:49,2,NIE,,
j-2025,14,18.11.2025,18.11.2025 12:37:07,50,159,Małopolskie,144,Endokrynologia,2025/041197,Rezydencki,94.26,4.25,30.09.2025 19:10:59,2,NIE,,
j-2025,14,18.11.2025,18.11.2025 12:37:07,50,159,Małopolskie,145,Gastroenterologia,2025/033053,Rezydencki,91.67,4.70,26.09.2025 12:29:52,1,NIE,,
j-2025,14,18.11.2025,18.11.2025 12:37:07,50,159,Małopolskie,146,Gastroenterologia dziecięca,2025/037227,Pozarezydencki,75.45,0.00,27.10.2025 22:41:31,1,NIE,,
j-2025,14,18.11.2025,18.11.2025 12:37:07,50,159,Małopolskie,147,Geriatria,2025/032278,Rezydencki,88.41,4.35,28.09.2025 19:02:56,2,NIE,,
j-2025,14,18.11.2025,18.11.2025 12:37:07,50,159,Małopolskie,148,Geriatria,2025/042529,Rezydencki,84.45,3.72,13.10.2025 20:53:53,2,NIE,,
j-2025,14,18.11.2025,18.11.2025 12:37:07,50,159,Małopolskie,149,Geriatria,2025/038531,Pozarezydencki,70.91,2.88,16.10.2025 13:21:24,2,NIE,,
j-2025,14,18.11.2025,18.11.2025 12:37:07,50,159,Małopolskie,150,Geriatria,2025/028581,Pozarezydencki,53.67,3.42,28.10.2025 22:03:10,2,NIE,,
j-2025,14,18.11.2025,18.11.2025 12:37:07,50,159,Małopolskie,151,Ginekologia onkologiczna,2025/042235,Pozarezydencki,77.73,3.29,28.10.2025 14:38:19,1,NIE,,
j-2025,14,18.11.2025,18.11.2025 12:37:07,50,159,Małopolskie,152,Hematologia,2025/035429,Rezydencki,89.86,3.95,27.09.2025 13:06:45,1,NIE,,
j-2025,14,18.11.2025,18.11.2025 12:37:07,50,159,Małopolskie,153,Hematologia,2025/042345,Pozarezydencki,70.91,3.50,22.10.2025 14:55:48,2,NIE,,
j-2025,14,18.11.2025,18.11.2025 12:37:07,50,159,Małopolskie,154,Hematologia,2025/041086,Pozarezydencki,65.60,3.84,16.10.2025 11:51:17,2,NIE,,
j-2025,14,18.11.2025,18.11.2025 12:37:07,50,159,Małopolskie,155,Immunologia kliniczna,2025/033063,Pozarezydencki,61.82,0.00,08.10.2025 11:00:55,1,NIE,,
j-2025,14,18.11.2025,18.11.2025 12:37:07,50,159,Małopolskie,156,Intensywna terapia,2025/041054,Pozarezydencki,73.83,4.28,10.10.2025 13:54:35,3,NIE,,
j-2025,14,18.11.2025,18.11.2025 12:37:07,50,159,Małopolskie,157,Intensywna terapia,2025/039572,Pozarezydencki,71.50,3.95,14.10.2025 20:06:52,3,NIE,,
j-2025,14,18.11.2025,18.11.2025 12:37:07,50,159,Małopolskie,158,Intensywna terapia,2025/033487,Pozarezydencki,70.91,3.65,30.10.2025 08:30:56,3,NIE,,
j-2025,14,18.11.2025,18.11.2025 12:37:07,50,159,Małopolskie,159,Kardiochirurgia,2025/034196,Rezydencki,89.95,4.77,30.09.2025 20:30:13,2,NIE,,
j-2025,14,18.11.2025,18.11.2025 12:37:07,50,159,Małopolskie,160,Kardiochirurgia,2025/039564,Rezydencki,84.21,3.69,30.09.2025 11:46:49,2,NIE,,
j-2025,14,18.11.2025,18.11.2025 12:37:07,50,159,Małopolskie,161,Kardiochirurgia,2025/040193,Pozarezydencki,76.36,3.74,29.09.2025 11:51:41,1,NIE,,
j-2025,14,18.11.2025,18.11.2025 12:37:07,50,159,Małopolskie,162,Kardiologia,2025/031814,Rezydencki,92.51,4.55,17.10.2025 16:47:25,10,NIE,,
j-2025,14,18.11.2025,18.11.2025 12:37:07,50,159,Małopolskie,163,Kardiologia,2025/040169,Rezydencki,92.11,4.35,30.09.2025 13:51:48,10,NIE,,
j-2025,14,18.11.2025,18.11.2025 12:37:07,50,159,Małopolskie,164,Kardiologia,2025/032809,Rezydencki,92.03,4.75,28.09.2025 21:31:21,10,NIE,,
j-2025,14,18.11.2025,18.11.2025 12:37:07,50,159,Małopolskie,165,Kardiologia,2025/034047,Rezydencki,91.39,3.68,30.09.2025 08:53:02,10,NIE,,
j-2025,14,18.11.2025,18.11.2025 12:37:07,50,159,Małopolskie,166,Kardiologia,2025/038089,Rezydencki,90.91,4.29,15.10.2025 12:49:28,10,NIE,,
j-2025,14,18.11.2025,18.11.2025 12:37:07,50,159,Małopolskie,167,Kardiologia,2025/038058,Rezydencki,89.86,4.64,26.09.2025 21:47:48,10,NIE,,
j-2025,14,18.11.2025,18.11.2025 12:37:07,50,159,Małopolskie,168,Kardiologia,2025/033204,Rezydencki,89.52,4.19,15.10.2025 10:58:25,10,NIE,,
j-2025,14,18.11.2025,18.11.2025 12:37:07,50,159,Małopolskie,169,Kardiologia,2025/040536,Rezydencki,89.52,4.18,30.09.2025 22:18:45,10,NIE,,
j-2025,14,18.11.2025,18.11.2025 12:37:07,50,159,Małopolskie,170,Kardiologia,2025/032739,Rezydencki,89.47,4.47,30.09.2025 16:23:24,10,NIE,,
j-2025,14,18.11.2025,18.11.2025 12:37:07,50,159,Małopolskie,171,Kardiologia,2025/039527,Rezydencki,89.47,4.01,30.09.2025 10:21:38,10,NIE,,
j-2025,14,18.11.2025,18.11.2025 12:37:07,50,159,Małopolskie,172,Kardiologia,2025/037994,Pozarezydencki,85.25,4.83,23.10.2025 10:37:39,10,NIE,,
j-2025,14,18.11.2025,18.11.2025 12:37:07,50,159,Małopolskie,173,Kardiologia,2025/031602,Pozarezydencki,82.49,3.86,25.09.2025 21:18:57,10,NIE,,
j-2025,14,18.11.2025,18.11.2025 12:37:07,51,159,Małopolskie,174,Kardiologia,2025/039910,Pozarezydencki,82.19,3.55,27.10.2025 08:32:35,10,NIE,,
j-2025,14,18.11.2025,18.11.2025 12:37:07,51,159,Małopolskie,175,Kardiologia,2025/041849,Pozarezydencki,81.28,4.36,18.10.2025 12:39:44,10,NIE,,
j-2025,14,18.11.2025,18.11.2025 12:37:07,51,159,Małopolskie,176,Kardiologia,2025/030364,Pozarezydencki,77.63,3.71,20.10.2025 07:14:15,10,NIE,,
j-2025,14,18.11.2025,18.11.2025 12:37:07,51,159,Małopolskie,177,Kardiologia,2025/036976,Pozarezydencki,77.63,3.60,17.10.2025 11:13:57,10,NIE,,
j-2025,14,18.11.2025,18.11.2025 12:37:07,51,159,Małopolskie,178,Kardiologia,2025/040541,Pozarezydencki,75.80,4.19,16.10.2025 22:31:13,10,NIE,,
j-2025,14,18.11.2025,18.11.2025 12:37:07,51,159,Małopolskie,179,Kardiologia,2025/030739,Pozarezydencki,72.50,3.85,11.09.2025 10:57:51,10,NIE,,
j-2025,14,18.11.2025,18.11.2025 12:37:07,51,159,Małopolskie,180,Kardiologia,2025/035105,Pozarezydencki,70.91,4.20,16.10.2025 20:17:17,10,NIE,,
j-2025,14,18.11.2025,18.11.2025 12:37:07,51,159,Małopolskie,181,Kardiologia,2025/032815,Pozarezydencki,66.06,3.68,24.10.2025 09:22:01,10,NIE,,
j-2025,14,18.11.2025,18.11.2025 12:37:07,51,159,Małopolskie,182,Kardiologia dziecięca,2025/029442,Rezydencki,89.37,4.48,03.09.2025 19:56:37,1,NIE,,
j-2025,14,18.11.2025,18.11.2025 12:37:07,51,159,Małopolskie,183,Kardiologia dziecięca,2025/038296,Pozarezydencki,83.11,0.00,28.10.2025 11:51:32,1,NIE,,
j-2025,14,18.11.2025,18.11.2025 12:37:07,51,159,Małopolskie,184,Medycyna paliatywna,2025/030833,Pozarezydencki,80.00,4.08,06.09.2025 17:11:26,1,NIE,,
j-2025,14,18.11.2025,18.11.2025 12:37:07,51,159,Małopolskie,185,Medycyna pracy,2025/036292,Rezydencki,91.30,4.41,27.09.2025 15:38:58,3,NIE,,
j-2025,14,18.11.2025,18.11.2025 12:37:07,51,159,Małopolskie,186,Medycyna pracy,2025/033614,Rezydencki,89.86,3.76,30.09.2025 22:08:28,3,NIE,,
j-2025,14,18.11.2025,18.11.2025 12:37:07,51,159,Małopolskie,187,Medycyna pracy,2025/037574,Rezydencki,89.00,4.23,10.10.2025 12:43:28,3,NIE,,
j-2025,14,18.11.2025,18.11.2025 12:37:07,51,159,Małopolskie,188,Medycyna ratunkowa,2025/038420,Rezydencki,86.34,3.77,26.09.2025 16:47:21,2,NIE,,
j-2025,14,18.11.2025,18.11.2025 12:37:07,51,159,Małopolskie,189,Medycyna ratunkowa,2025/042473,Rezydencki,73.91,3.86,30.09.2025 19:29:58,2,NIE,,
j-2025,14,18.11.2025,18.11.2025 12:37:07,51,159,Małopolskie,190,Medycyna ratunkowa,2025/032485,Pozarezydencki,85.71,3.83,17.10.2025 08:49:04,3,NIE,,
j-2025,14,18.11.2025,18.11.2025 12:37:07,51,159,Małopolskie,191,Medycyna ratunkowa,2025/028682,Pozarezydencki,65.00,3.93,17.10.2025 14:28:46,3,NIE,,
j-2025,14,18.11.2025,18.11.2025 12:37:07,51,159,Małopolskie,192,Medycyna ratunkowa,2025/035704,Pozarezydencki,0.00,0.00,27.10.2025 07:04:32,3,NIE,,
j-2025,14,18.11.2025,18.11.2025 12:37:07,51,159,Małopolskie,193,Medycyna rodzinna,2025/039627,Rezydencki,90.69,4.14,15.10.2025 18:10:29,61,NIE,,
j-2025,14,18.11.2025,18.11.2025 12:37:07,51,159,Małopolskie,194,Medycyna rodzinna,2025/031039,Rezydencki,90.20,4.50,13.10.2025 14:52:11,61,NIE,,
j-2025,14,18.11.2025,18.11.2025 12:37:07,51,159,Małopolskie,195,Medycyna rodzinna,2025/042196,Rezydencki,89.95,4.28,30.09.2025 17:54:36,61,NIE,,
j-2025,14,18.11.2025,18.11.2025 12:37:07,51,159,Małopolskie,196,Medycyna rodzinna,2025/039746,Rezydencki,89.47,4.08,30.09.2025 22:03:56,61,NIE,,
j-2025,14,18.11.2025,18.11.2025 12:37:07,51,159,Małopolskie,197,Medycyna rodzinna,2025/037790,Rezydencki,89.13,4.58,14.10.2025 14:14:11,61,NIE,,
j-2025,14,18.11.2025,18.11.2025 12:37:07,51,159,Małopolskie,198,Medycyna rodzinna,2025/037824,Rezydencki,88.76,4.50,30.09.2025 10:48:49,61,NIE,,
j-2025,14,18.11.2025,18.11.2025 12:37:07,51,159,Małopolskie,199,Medycyna rodzinna,2025/036819,Rezydencki,87.92,4.45,14.10.2025 17:50:08,61,NIE,,
j-2025,14,18.11.2025,18.11.2025 12:37:07,51,159,Małopolskie,200,Medycyna rodzinna,2025/040872,Rezydencki,87.92,4.31,30.09.2025 23:58:39,61,NIE,,
j-2025,14,18.11.2025,18.11.2025 12:37:07,51,159,Małopolskie,201,Medycyna rodzinna,2025/037807,Rezydencki,87.62,4.33,27.09.2025 15:42:15,61,NIE,,
j-2025,14,18.11.2025,18.11.2025 12:37:07,51,159,Małopolskie,202,Medycyna rodzinna,2025/041512,Rezydencki,87.56,4.13,30.09.2025 22:49:21,61,NIE,,
j-2025,14,18.11.2025,18.11.2025 12:37:07,51,159,Małopolskie,203,Medycyna rodzinna,2025/041080,Rezydencki,87.44,4.40,30.09.2025 11:19:30,61,NIE,,
j-2025,14,18.11.2025,18.11.2025 12:37:07,51,159,Małopolskie,204,Medycyna rodzinna,2025/040996,Rezydencki,87.44,4.10,29.09.2025 19:50:59,61,NIE,,
j-2025,14,18.11.2025,18.11.2025 12:37:07,51,159,Małopolskie,205,Medycyna rodzinna,2025/037902,Rezydencki,87.44,3.89,28.09.2025 21:57:14,61,NIE,,
j-2025,14,18.11.2025,18.11.2025 12:37:07,51,159,Małopolskie,206,Medycyna rodzinna,2025/038537,Rezydencki,86.76,4.35,26.09.2025 17:14:20,61,NIE,,
j-2025,14,18.11.2025,18.11.2025 12:37:07,51,159,Małopolskie,207,Medycyna rodzinna,2025/036647,Rezydencki,86.19,3.70,23.10.2025 14:16:24,61,NIE,,
j-2025,14,18.11.2025,18.11.2025 12:37:07,51,159,Małopolskie,208,Medycyna rodzinna,2025/034162,Rezydencki,86.12,3.70,30.09.2025 11:32:34,61,NIE,,
j-2025,14,18.11.2025,18.11.2025 12:37:07,51,159,Małopolskie,209,Medycyna rodzinna,2025/040642,Rezydencki,86.03,0.00,29.09.2025 16:42:53,61,NIE,,
j-2025,14,18.11.2025,18.11.2025 12:37:07,52,159,Małopolskie,210,Medycyna rodzinna,2025/039713,Rezydencki,85.99,4.22,28.09.2025 20:11:12,61,NIE,,
j-2025,14,18.11.2025,18.11.2025 12:37:07,52,159,Małopolskie,211,Medycyna rodzinna,2025/035413,Rezydencki,85.24,3.63,25.09.2025 18:35:18,61,NIE,,
j-2025,14,18.11.2025,18.11.2025 12:37:07,52,159,Małopolskie,212,Medycyna rodzinna,2025/028496,Rezydencki,85.02,4.34,10.10.2025 15:09:04,61,NIE,,
j-2025,14,18.11.2025,18.11.2025 12:37:07,52,159,Małopolskie,213,Medycyna rodzinna,2025/038394,Rezydencki,84.54,3.88,26.09.2025 14:07:42,61,NIE,,
j-2025,14,18.11.2025,18.11.2025 12:37:07,52,159,Małopolskie,214,Medycyna rodzinna,2025/039250,Rezydencki,84.29,4.21,30.09.2025 15:27:47,61,NIE,,
j-2025,14,18.11.2025,18.11.2025 12:37:07,52,159,Małopolskie,215,Medycyna rodzinna,2025/040813,Rezydencki,84.06,4.12,29.09.2025 18:09:58,61,NIE,,
j-2025,14,18.11.2025,18.11.2025 12:37:07,52,159,Małopolskie,216,Medycyna rodzinna,2025/031950,Rezydencki,84.06,4.02,10.09.2025 19:58:56,61,NIE,,
j-2025,14,18.11.2025,18.11.2025 12:37:07,52,159,Małopolskie,217,Medycyna rodzinna,2025/036222,Rezydencki,84.06,3.40,24.09.2025 13:14:00,61,NIE,,
j-2025,14,18.11.2025,18.11.2025 12:37:07,52,159,Małopolskie,218,Medycyna rodzinna,2025/037201,Rezydencki,83.57,4.04,29.09.2025 22:19:35,61,NIE,,
j-2025,14,18.11.2025,18.11.2025 12:37:07,52,159,Małopolskie,219,Medycyna rodzinna,2025/030798,Rezydencki,83.57,3.47,17.10.2025 11:12:53,61,NIE,,
j-2025,14,18.11.2025,18.11.2025 12:37:07,52,159,Małopolskie,220,Medycyna rodzinna,2025/039075,Rezydencki,83.49,4.02,30.09.2025 13:37:56,61,NIE,,
j-2025,14,18.11.2025,18.11.2025 12:37:07,52,159,Małopolskie,221,Medycyna rodzinna,2025/040594,Rezydencki,83.09,3.84,14.10.2025 16:36:18,61,NIE,,
j-2025,14,18.11.2025,18.11.2025 12:37:07,52,159,Małopolskie,222,Medycyna rodzinna,2025/038225,Rezydencki,82.93,3.27,18.10.2025 20:45:31,61,NIE,,
j-2025,14,18.11.2025,18.11.2025 12:37:07,52,159,Małopolskie,223,Medycyna rodzinna,2025/035952,Rezydencki,82.86,3.78,30.09.2025 13:52:37,61,NIE,,
j-2025,14,18.11.2025,18.11.2025 12:37:07,52,159,Małopolskie,224,Medycyna rodzinna,2025/037775,Rezydencki,82.61,3.97,25.10.2025 19:17:16,61,NIE,,
j-2025,14,18.11.2025,18.11.2025 12:37:07,52,159,Małopolskie,225,Medycyna rodzinna,2025/042709,Rezydencki,82.61,3.74,09.10.2025 21:52:43,61,NIE,,
j-2025,14,18.11.2025,18.11.2025 12:37:07,52,159,Małopolskie,226,Medycyna rodzinna,2025/037757,Rezydencki,82.30,3.89,30.09.2025 23:12:22,61,NIE,,
j-2025,14,18.11.2025,18.11.2025 12:37:07,52,159,Małopolskie,227,Medycyna rodzinna,2025/034973,Rezydencki,81.82,3.90,17.10.2025 00:07:38,61,NIE,,
j-2025,14,18.11.2025,18.11.2025 12:37:07,52,159,Małopolskie,228,Medycyna rodzinna,2025/041721,Rezydencki,81.82,3.54,24.10.2025 13:15:16,61,NIE,,
j-2025,14,18.11.2025,18.11.2025 12:37:07,52,159,Małopolskie,229,Medycyna rodzinna,2025/039313,Rezydencki,81.43,4.95,17.10.2025 10:04:08,61,NIE,,
j-2025,14,18.11.2025,18.11.2025 12:37:07,52,159,Małopolskie,230,Medycyna rodzinna,2025/040803,Rezydencki,81.43,4.26,29.09.2025 19:13:12,61,NIE,,
j-2025,14,18.11.2025,18.11.2025 12:37:07,52,159,Małopolskie,231,Medycyna rodzinna,2025/041725,Rezydencki,80.38,3.84,24.10.2025 13:15:15,61,NIE,,
j-2025,14,18.11.2025,18.11.2025 12:37:07,52,159,Małopolskie,232,Medycyna rodzinna,2025/029886,Rezydencki,78.74,0.00,03.09.2025 12:45:24,61,NIE,,
j-2025,14,18.11.2025,18.11.2025 12:37:07,52,159,Małopolskie,233,Medycyna rodzinna,2025/035809,Rezydencki,77.78,4.17,30.09.2025 09:42:41,61,NIE,,
j-2025,14,18.11.2025,18.11.2025 12:37:07,52,159,Małopolskie,234,Medycyna rodzinna,2025/040504,Rezydencki,77.78,3.59,29.09.2025 18:42:11,61,NIE,,
j-2025,14,18.11.2025,18.11.2025 12:37:07,52,159,Małopolskie,235,Medycyna rodzinna,2025/041044,Rezydencki,76.81,3.75,30.09.2025 22:24:23,61,NIE,,
j-2025,14,18.11.2025,18.11.2025 12:37:07,52,159,Małopolskie,236,Medycyna rodzinna,2025/031689,Rezydencki,76.19,3.90,23.10.2025 14:12:37,61,NIE,,
j-2025,14,18.11.2025,18.11.2025 12:37:07,52,159,Małopolskie,237,Medycyna rodzinna,2025/039767,Rezydencki,75.85,3.78,30.09.2025 19:21:47,61,NIE,,
j-2025,14,18.11.2025,18.11.2025 12:37:07,52,159,Małopolskie,238,Medycyna rodzinna,2025/029604,Rezydencki,75.36,3.44,23.10.2025 13:46:15,61,NIE,,
j-2025,14,18.11.2025,18.11.2025 12:37:07,52,159,Małopolskie,239,Medycyna rodzinna,2025/042778,Rezydencki,74.88,3.54,27.10.2025 06:58:49,61,NIE,,
j-2025,14,18.11.2025,18.11.2025 12:37:07,52,159,Małopolskie,240,Medycyna rodzinna,2025/034729,Rezydencki,74.16,3.33,21.10.2025 11:04:17,61,NIE,,
j-2025,14,18.11.2025,18.11.2025 12:37:07,52,159,Małopolskie,241,Medycyna rodzinna,2025/042806,Rezydencki,73.81,3.71,21.10.2025 11:53:59,61,NIE,,
j-2025,14,18.11.2025,18.11.2025 12:37:07,52,159,Małopolskie,242,Medycyna rodzinna,2025/033509,Rezydencki,73.43,3.89,26.09.2025 10:23:06,61,NIE,,
j-2025,14,18.11.2025,18.11.2025 12:37:07,52,159,Małopolskie,243,Medycyna rodzinna,2025/038523,Rezydencki,72.46,3.97,20.10.2025 13:37:00,61,NIE,,
j-2025,14,18.11.2025,18.11.2025 12:37:07,52,159,Małopolskie,244,Medycyna rodzinna,2025/040648,Rezydencki,71.22,0.00,10.10.2025 10:41:17,61,NIE,,
j-2025,14,18.11.2025,18.11.2025 12:37:07,52,159,Małopolskie,245,Medycyna rodzinna,2025/038392,Rezydencki,70.19,4.36,14.10.2025 11:07:59,61,NIE,,
j-2025,14,18.11.2025,18.11.2025 12:37:07,53,159,Małopolskie,246,Medycyna rodzinna,2025/028755,Rezydencki,68.12,4.10,01.09.2025 13:31:26,61,NIE,,
j-2025,14,18.11.2025,18.11.2025 12:37:07,53,159,Małopolskie,247,Medycyna rodzinna,2025/036041,Rezydencki,67.65,0.00,30.09.2025 01:11:18,61,NIE,,
j-2025,14,18.11.2025,18.11.2025 12:37:07,53,159,Małopolskie,248,Medycyna rodzinna,2025/036999,Rezydencki,66.67,0.00,25.09.2025 11:50:19,61,NIE,,
j-2025,14,18.11.2025,18.11.2025 12:37:07,53,159,Małopolskie,249,Medycyna rodzinna,2025/032672,Rezydencki,65.85,3.51,24.10.2025 14:32:23,61,NIE,,
j-2025,14,18.11.2025,18.11.2025 12:37:07,53,159,Małopolskie,250,Medycyna rodzinna,2025/037962,Rezydencki,64.59,3.57,14.10.2025 20:20:11,61,NIE,,
j-2025,14,18.11.2025,18.11.2025 12:37:07,53,159,Małopolskie,251,Medycyna rodzinna,2025/038652,Rezydencki,63.16,0.00,29.10.2025 13:12:09,61,NIE,,
j-2025,14,18.11.2025,18.11.2025 12:37:07,53,159,Małopolskie,252,Medycyna rodzinna,2025/031323,Rezydencki,60.40,2.89,13.10.2025 16:40:10,61,NIE,,
j-2025,14,18.11.2025,18.11.2025 12:37:07,53,159,Małopolskie,253,Medycyna rodzinna,2025/040871,Rezydencki,56.94,3.61,21.10.2025 11:56:04,61,NIE,,
j-2025,14,18.11.2025,18.11.2025 12:37:07,53,159,Małopolskie,254,Medycyna rodzinna,2025/036319,Pozarezydencki,74.09,4.02,11.10.2025 19:30:32,7,NIE,,
j-2025,14,18.11.2025,18.11.2025 12:37:07,53,159,Małopolskie,255,Medycyna rodzinna,2025/038492,Pozarezydencki,74.00,0.00,20.10.2025 15:25:26,7,NIE,,
j-2025,14,18.11.2025,18.11.2025 12:37:07,53,159,Małopolskie,256,Medycyna rodzinna,2025/030769,Pozarezydencki,73.27,3.73,13.10.2025 18:51:40,7,NIE,,
j-2025,14,18.11.2025,18.11.2025 12:37:07,53,159,Małopolskie,257,Medycyna rodzinna,2025/035871,Pozarezydencki,67.13,0.00,09.10.2025 23:50:52,7,NIE,,
j-2025,14,18.11.2025,18.11.2025 12:37:07,53,159,Małopolskie,258,Medycyna rodzinna,2025/039848,Pozarezydencki,63.64,0.00,28.09.2025 21:34:10,7,NIE,,
j-2025,14,18.11.2025,18.11.2025 12:37:07,53,159,Małopolskie,259,Medycyna rodzinna,2025/032625,Pozarezydencki,63.53,3.26,15.10.2025 17:00:58,7,NIE,,
j-2025,14,18.11.2025,18.11.2025 12:37:07,53,159,Małopolskie,260,Medycyna rodzinna,2025/041412,Pozarezydencki,51.38,0.00,14.10.2025 22:29:01,7,NIE,,
j-2025,14,18.11.2025,18.11.2025 12:37:07,53,159,Małopolskie,261,Medycyna sądowa,2025/034898,Rezydencki,81.64,4.05,17.10.2025 13:12:47,1,NIE,,
j-2025,14,18.11.2025,18.11.2025 12:37:07,53,159,Małopolskie,262,Nefrologia,2025/040408,Rezydencki,86.19,4.32,30.09.2025 21:03:29,1,NIE,,
j-2025,14,18.11.2025,18.11.2025 12:37:07,53,159,Małopolskie,263,Nefrologia,2025/029378,Pozarezydencki,80.00,3.77,14.10.2025 12:40:49,3,NIE,,
j-2025,14,18.11.2025,18.11.2025 12:37:07,53,159,Małopolskie,264,Nefrologia,2025/041627,Pozarezydencki,60.65,3.23,16.10.2025 20:14:29,3,NIE,,
j-2025,14,18.11.2025,18.11.2025 12:37:07,53,159,Małopolskie,265,Nefrologia,2025/032667,Pozarezydencki,57.27,0.00,17.10.2025 22:58:29,3,NIE,,
j-2025,14,18.11.2025,18.11.2025 12:37:07,53,159,Małopolskie,266,Nefrologia dziecięca,2025/040967,Rezydencki,83.81,4.33,29.09.2025 19:10:18,1,NIE,,
j-2025,14,18.11.2025,18.11.2025 12:37:07,53,159,Małopolskie,267,Nefrologia dziecięca,2025/032727,Pozarezydencki,80.23,4.28,17.10.2025 12:11:16,1,NIE,,
j-2025,14,18.11.2025,18.11.2025 12:37:07,53,159,Małopolskie,268,Neonatologia,2025/031506,Rezydencki,86.96,4.08,16.10.2025 13:03:39,8,NIE,,
j-2025,14,18.11.2025,18.11.2025 12:37:07,53,159,Małopolskie,269,Neonatologia,2025/039764,Rezydencki,85.24,3.46,29.09.2025 23:01:40,8,NIE,,
j-2025,14,18.11.2025,18.11.2025 12:37:07,53,159,Małopolskie,270,Neonatologia,2025/033402,Rezydencki,84.76,4.34,15.10.2025 13:35:00,8,NIE,,
j-2025,14,18.11.2025,18.11.2025 12:37:07,53,159,Małopolskie,271,Neonatologia,2025/028999,Rezydencki,83.82,4.23,14.10.2025 12:30:07,8,NIE,,
j-2025,14,18.11.2025,18.11.2025 12:37:07,53,159,Małopolskie,272,Neonatologia,2025/038162,Rezydencki,83.10,4.01,16.10.2025 20:33:54,8,NIE,,
j-2025,14,18.11.2025,18.11.2025 12:37:07,53,159,Małopolskie,273,Neonatologia,2025/038824,Rezydencki,80.68,4.02,27.09.2025 11:25:05,8,NIE,,
j-2025,14,18.11.2025,18.11.2025 12:37:07,53,159,Małopolskie,274,Neonatologia,2025/037808,Rezydencki,78.10,4.12,25.09.2025 18:18:26,8,NIE,,
j-2025,14,18.11.2025,18.11.2025 12:37:07,53,159,Małopolskie,275,Neonatologia,2025/036507,Rezydencki,76.08,3.28,09.10.2025 15:29:22,8,NIE,,
j-2025,14,18.11.2025,18.11.2025 12:37:07,53,159,Małopolskie,276,Neonatologia,2025/031342,Pozarezydencki,80.91,4.30,18.10.2025 12:11:25,1,NIE,,
j-2025,14,18.11.2025,18.11.2025 12:37:07,53,159,Małopolskie,277,Neurologia,2025/035396,Rezydencki,91.79,4.87,28.09.2025 22:58:01,32,NIE,,
j-2025,14,18.11.2025,18.11.2025 12:37:07,53,159,Małopolskie,278,Neurologia,2025/037776,Rezydencki,91.39,4.55,14.10.2025 18:35:32,32,NIE,,
j-2025,14,18.11.2025,18.11.2025 12:37:07,53,159,Małopolskie,279,Neurologia,2025/032498,Rezydencki,90.69,4.14,12.09.2025 20:07:29,32,NIE,,
j-2025,14,18.11.2025,18.11.2025 12:37:07,53,159,Małopolskie,280,Neurologia,2025/031825,Rezydencki,89.86,4.49,14.10.2025 14:12:42,32,NIE,,
j-2025,14,18.11.2025,18.11.2025 12:37:07,53,159,Małopolskie,281,Neurologia,2025/029790,Rezydencki,89.86,4.30,17.09.2025 13:08:36,32,NIE,,
j-2025,14,18.11.2025,18.11.2025 12:37:07,54,159,Małopolskie,282,Neurologia,2025/029691,Rezydencki,89.76,4.31,13.10.2025 09:09:15,32,NIE,,
j-2025,14,18.11.2025,18.11.2025 12:37:07,54,159,Małopolskie,283,Neurologia,2025/031329,Rezydencki,89.37,4.17,29.09.2025 14:30:59,32,NIE,,
j-2025,14,18.11.2025,18.11.2025 12:37:07,54,159,Małopolskie,284,Neurologia,2025/037211,Rezydencki,89.02,4.32,26.09.2025 17:50:03,32,NIE,,
j-2025,14,18.11.2025,18.11.2025 12:37:07,54,159,Małopolskie,285,Neurologia,2025/032724,Rezydencki,88.89,4.05,23.09.2025 14:04:37,32,NIE,,
j-2025,14,18.11.2025,18.11.2025 12:37:07,54,159,Małopolskie,286,Neurologia,2025/036840,Rezydencki,88.65,4.03,29.09.2025 12:16:07,32,NIE,,
j-2025,14,18.11.2025,18.11.2025 12:37:07,54,159,Małopolskie,287,Neurologia,2025/036273,Rezydencki,88.04,4.42,30.09.2025 11:32:20,32,NIE,,
j-2025,14,18.11.2025,18.11.2025 12:37:07,54,159,Małopolskie,288,Neurologia,2025/042303,Rezydencki,88.04,3.89,30.09.2025 16:55:08,32,NIE,,
j-2025,14,18.11.2025,18.11.2025 12:37:07,54,159,Małopolskie,289,Neurologia,2025/040559,Rezydencki,87.62,3.62,14.10.2025 17:25:52,32,NIE,,
j-2025,14,18.11.2025,18.11.2025 12:37:07,54,159,Małopolskie,290,Neurologia,2025/039071,Rezydencki,86.71,3.72,27.09.2025 19:53:33,32,NIE,,
j-2025,14,18.11.2025,18.11.2025 12:37:07,54,159,Małopolskie,291,Neurologia,2025/041724,Rezydencki,86.60,3.94,30.09.2025 22:15:20,32,NIE,,
j-2025,14,18.11.2025,18.11.2025 12:37:07,54,159,Małopolskie,292,Neurologia,2025/030172,Rezydencki,86.43,4.16,29.09.2025 21:15:01,32,NIE,,
j-2025,14,18.11.2025,18.11.2025 12:37:07,54,159,Małopolskie,293,Neurologia,2025/042434,Rezydencki,86.12,3.92,30.09.2025 16:08:18,32,NIE,,
j-2025,14,18.11.2025,18.11.2025 12:37:07,54,159,Małopolskie,294,Neurologia,2025/039478,Rezydencki,86.12,3.87,30.09.2025 16:37:55,32,NIE,,
j-2025,14,18.11.2025,18.11.2025 12:37:07,54,159,Małopolskie,295,Neurologia,2025/034606,Rezydencki,84.06,3.89,20.09.2025 14:42:55,32,NIE,,
j-2025,14,18.11.2025,18.11.2025 12:37:07,54,159,Małopolskie,296,Neurologia,2025/032807,Rezydencki,83.49,4.16,13.10.2025 13:41:51,32,NIE,,
j-2025,14,18.11.2025,18.11.2025 12:37:07,54,159,Małopolskie,297,Neurologia,2025/036305,Rezydencki,82.54,3.65,14.10.2025 20:32:37,32,NIE,,
j-2025,14,18.11.2025,18.11.2025 12:37:07,54,159,Małopolskie,298,Neurologia,2025/029663,Rezydencki,82.13,3.42,17.10.2025 22:27:37,32,NIE,,
j-2025,14,18.11.2025,18.11.2025 12:37:07,54,159,Małopolskie,299,Neurologia,2025/041591,Rezydencki,81.34,3.62,13.10.2025 13:57:03,32,NIE,,
j-2025,14,18.11.2025,18.11.2025 12:37:07,54,159,Małopolskie,300,Neurologia,2025/040944,Rezydencki,80.38,3.60,14.10.2025 14:19:59,32,NIE,,
j-2025,14,18.11.2025,18.11.2025 12:37:07,54,159,Małopolskie,301,Neurologia,2025/036468,Rezydencki,79.90,4.41,30.09.2025 15:00:48,32,NIE,,
j-2025,14,18.11.2025,18.11.2025 12:37:07,54,159,Małopolskie,302,Neurologia,2025/037907,Rezydencki,79.19,3.96,15.10.2025 15:09:01,32,NIE,,
j-2025,14,18.11.2025,18.11.2025 12:37:07,54,159,Małopolskie,303,Neurologia,2025/043247,Rezydencki,78.26,3.84,30.09.2025 23:57:01,32,NIE,,
j-2025,14,18.11.2025,18.11.2025 12:37:07,54,159,Małopolskie,304,Neurologia,2025/038879,Rezydencki,78.10,3.68,29.09.2025 21:26:08,32,NIE,,
j-2025,14,18.11.2025,18.11.2025 12:37:07,54,159,Małopolskie,305,Neurologia,2025/040912,Rezydencki,77.78,3.83,09.10.2025 08:47:47,32,NIE,,
j-2025,14,18.11.2025,18.11.2025 12:37:07,54,159,Małopolskie,306,Neurologia,2025/037863,Rezydencki,68.42,4.18,14.10.2025 18:56:34,32,NIE,,
j-2025,14,18.11.2025,18.11.2025 12:37:07,54,159,Małopolskie,307,Neurologia,2025/035132,Rezydencki,64.59,0.00,14.10.2025 16:23:30,32,NIE,,
j-2025,14,18.11.2025,18.11.2025 12:37:07,54,159,Małopolskie,308,Neurologia,2025/034849,Rezydencki,59.51,3.41,21.09.2025 16:53:45,32,NIE,,
j-2025,14,18.11.2025,18.11.2025 12:37:07,54,159,Małopolskie,309,Neurologia,2025/043018,Pozarezydencki,54.13,3.13,30.09.2025 21:19:27,1,NIE,,
j-2025,14,18.11.2025,18.11.2025 12:37:07,54,159,Małopolskie,310,Neurologia dziecięca,2025/035892,Rezydencki,88.57,4.49,30.09.2025 15:41:16,3,NIE,,
j-2025,14,18.11.2025,18.11.2025 12:37:07,54,159,Małopolskie,311,Neurologia dziecięca,2025/032956,Rezydencki,88.05,4.38,23.10.2025 10:28:57,3,NIE,,
j-2025,14,18.11.2025,18.11.2025 12:37:07,54,159,Małopolskie,312,Neurologia dziecięca,2025/028554,Rezydencki,86.60,4.09,22.10.2025 12:51:34,3,NIE,,
j-2025,14,18.11.2025,18.11.2025 12:37:07,54,159,Małopolskie,313,Neurologia dziecięca,2025/035240,Pozarezydencki,79.82,4.45,19.10.2025 21:48:42,1,NIE,,
j-2025,14,18.11.2025,18.11.2025 12:37:07,54,159,Małopolskie,314,Okulistyka,2025/038419,Rezydencki,91.87,4.05,08.10.2025 04:28:08,9,NIE,,
j-2025,14,18.11.2025,18.11.2025 12:37:07,54,159,Małopolskie,315,Okulistyka,2025/037584,Rezydencki,91.39,4.17,30.09.2025 13:21:26,9,NIE,,
j-2025,14,18.11.2025,18.11.2025 12:37:07,54,159,Małopolskie,316,Okulistyka,2025/038147,Rezydencki,91.39,4.06,30.09.2025 20:17:20,9,NIE,,
j-2025,14,18.11.2025,18.11.2025 12:37:07,54,159,Małopolskie,317,Okulistyka,2025/034769,Rezydencki,91.18,4.61,24.09.2025 20:04:07,9,NIE,,
j-2025,14,18.11.2025,18.11.2025 12:37:07,55,159,Małopolskie,318,Okulistyka,2025/028992,Rezydencki,90.43,4.29,30.09.2025 20:21:00,9,NIE,,
j-2025,14,18.11.2025,18.11.2025 12:37:07,55,159,Małopolskie,319,Okulistyka,2025/030449,Rezydencki,90.34,4.33,25.09.2025 14:24:55,9,NIE,,
j-2025,14,18.11.2025,18.11.2025 12:37:07,55,159,Małopolskie,320,Okulistyka,2025/032811,Rezydencki,90.34,4.32,24.09.2025 16:28:13,9,NIE,,
j-2025,14,18.11.2025,18.11.2025 12:37:07,55,159,Małopolskie,321,Okulistyka,2025/039965,Rezydencki,90.19,4.15,30.09.2025 12:16:50,9,NIE,,
j-2025,14,18.11.2025,18.11.2025 12:37:07,55,159,Małopolskie,322,Okulistyka,2025/037867,Rezydencki,89.95,4.13,30.09.2025 19:34:54,9,NIE,,
j-2025,14,18.11.2025,18.11.2025 12:37:07,55,159,Małopolskie,323,Okulistyka,2025/040264,Pozarezydencki,83.41,4.14,24.10.2025 12:20:20,2,NIE,,
j-2025,14,18.11.2025,18.11.2025 12:37:07,55,159,Małopolskie,324,Okulistyka,2025/041513,Pozarezydencki,80.37,4.25,30.09.2025 21:05:45,2,NIE,,
j-2025,14,18.11.2025,18.11.2025 12:37:07,55,159,Małopolskie,325,Onkologia i hematologia dziecięca,2025/037639,Rezydencki,85.17,3.85,07.10.2025 19:49:38,2,NIE,,
j-2025,14,18.11.2025,18.11.2025 12:37:07,55,159,Małopolskie,326,Onkologia i hematologia dziecięca,2025/040932,Rezydencki,71.57,3.36,17.10.2025 08:34:49,2,NIE,,
j-2025,14,18.11.2025,18.11.2025 12:37:07,55,159,Małopolskie,327,Onkologia i hematologia dziecięca,2025/039839,Pozarezydencki,70.91,3.88,07.10.2025 20:17:33,1,NIE,,
j-2025,14,18.11.2025,18.11.2025 12:37:07,55,159,Małopolskie,328,Onkologia kliniczna,2025/031972,Rezydencki,90.82,4.61,24.09.2025 17:57:29,9,NIE,,
j-2025,14,18.11.2025,18.11.2025 12:37:07,55,159,Małopolskie,329,Onkologia kliniczna,2025/030430,Rezydencki,90.82,3.79,20.10.2025 17:25:39,9,NIE,,
j-2025,14,18.11.2025,18.11.2025 12:37:07,55,159,Małopolskie,330,Onkologia kliniczna,2025/043237,Rezydencki,88.89,4.35,28.10.2025 13:30:39,9,NIE,,
j-2025,14,18.11.2025,18.11.2025 12:37:07,55,159,Małopolskie,331,Onkologia kliniczna,2025/035648,Rezydencki,88.41,4.58,30.09.2025 22:34:39,9,NIE,,
j-2025,14,18.11.2025,18.11.2025 12:37:07,55,159,Małopolskie,332,Onkologia kliniczna,2025/039871,Rezydencki,84.21,4.08,14.10.2025 15:13:58,9,NIE,,
j-2025,14,18.11.2025,18.11.2025 12:37:07,55,159,Małopolskie,333,Onkologia kliniczna,2025/030710,Rezydencki,84.06,4.05,05.09.2025 18:54:05,9,NIE,,
j-2025,14,18.11.2025,18.11.2025 12:37:07,55,159,Małopolskie,334,Onkologia kliniczna,2025/034814,Rezydencki,82.30,3.99,30.09.2025 18:14:52,9,NIE,,
j-2025,14,18.11.2025,18.11.2025 12:37:07,55,159,Małopolskie,335,Onkologia kliniczna,2025/035419,Rezydencki,67.63,3.96,25.09.2025 19:46:03,9,NIE,,
j-2025,14,18.11.2025,18.11.2025 12:37:07,55,159,Małopolskie,336,Onkologia kliniczna,2025/028996,Rezydencki,67.15,3.58,04.09.2025 15:26:22,9,NIE,,
j-2025,14,18.11.2025,18.11.2025 12:37:07,55,159,Małopolskie,337,Ortodoncja,2025/029136,Rezydencki,87.50,4.48,01.09.2025 22:57:14,1,NIE,,
j-2025,14,18.11.2025,18.11.2025 12:37:07,55,159,Małopolskie,338,Ortopedia i traumatologia narządu ruchu,2025/038765,Rezydencki,89.47,4.27,07.10.2025 20:32:44,5,NIE,,
j-2025,14,18.11.2025,18.11.2025 12:37:07,55,159,Małopolskie,339,Ortopedia i traumatologia narządu ruchu,2025/035883,Rezydencki,89.23,4.44,30.09.2025 21:19:53,5,NIE,,
j-2025,14,18.11.2025,18.11.2025 12:37:07,55,159,Małopolskie,340,Ortopedia i traumatologia narządu ruchu,2025/037342,Rezydencki,88.89,4.50,07.10.2025 13:39:40,5,NIE,,
j-2025,14,18.11.2025,18.11.2025 12:37:07,55,159,Małopolskie,341,Ortopedia i traumatologia narządu ruchu,2025/037845,Rezydencki,88.89,4.48,30.09.2025 15:49:19,5,NIE,,
j-2025,14,18.11.2025,18.11.2025 12:37:07,55,159,Małopolskie,342,Ortopedia i traumatologia narządu ruchu,2025/032255,Rezydencki,88.52,4.10,30.09.2025 10:19:39,5,NIE,,
j-2025,14,18.11.2025,18.11.2025 12:37:07,55,159,Małopolskie,343,Ortopedia i traumatologia narządu ruchu,2025/033195,Pozarezydencki,84.25,4.39,09.10.2025 19:40:21,8,NIE,,
j-2025,14,18.11.2025,18.11.2025 12:37:07,55,159,Małopolskie,344,Ortopedia i traumatologia narządu ruchu,2025/028427,Pozarezydencki,83.56,3.95,30.09.2025 11:01:15,8,NIE,,
j-2025,14,18.11.2025,18.11.2025 12:37:07,55,159,Małopolskie,345,Ortopedia i traumatologia narządu ruchu,2025/040225,Pozarezydencki,82.05,0.00,29.09.2025 18:31:38,8,NIE,,
j-2025,14,18.11.2025,18.11.2025 12:37:07,55,159,Małopolskie,346,Ortopedia i traumatologia narządu ruchu,2025/033917,Pozarezydencki,81.51,4.09,13.10.2025 16:22:11,8,NIE,,
j-2025,14,18.11.2025,18.11.2025 12:37:07,55,159,Małopolskie,347,Ortopedia i traumatologia narządu ruchu,2025/028453,Pozarezydencki,78.86,4.17,08.10.2025 16:22:41,8,NIE,,
j-2025,14,18.11.2025,18.11.2025 12:37:07,55,159,Małopolskie,348,Ortopedia i traumatologia narządu ruchu,2025/041043,Pozarezydencki,77.27,3.21,09.10.2025 19:34:01,8,NIE,,
j-2025,14,18.11.2025,18.11.2025 12:37:07,55,159,Małopolskie,349,Ortopedia i traumatologia narządu ruchu,2025/043327,Pozarezydencki,76.26,3.59,12.10.2025 22:36:28,8,NIE,,
j-2025,14,18.11.2025,18.11.2025 12:37:07,55,159,Małopolskie,350,Ortopedia i traumatologia narządu ruchu,2025/040690,Pozarezydencki,68.86,3.35,09.10.2025 13:04:49,8,NIE,,
j-2025,14,18.11.2025,18.11.2025 12:37:07,55,159,Małopolskie,351,Otorynolaryngologia,2025/034995,Rezydencki,91.87,4.30,07.10.2025 11:49:46,1,NIE,,
j-2025,14,18.11.2025,18.11.2025 12:37:07,55,159,Małopolskie,352,Patomorfologia,2025/041172,Rezydencki,82.35,3.76,29.09.2025 21:00:55,3,NIE,,
j-2025,14,18.11.2025,18.11.2025 12:37:07,55,159,Małopolskie,353,Patomorfologia,2025/029575,Rezydencki,81.16,3.97,30.09.2025 16:31:41,3,NIE,,
j-2025,14,18.11.2025,18.11.2025 12:37:07,56,159,Małopolskie,354,Patomorfologia,2025/038553,Rezydencki,76.56,3.67,10.10.2025 17:33:04,3,NIE,,
j-2025,14,18.11.2025,18.11.2025 12:37:07,56,159,Małopolskie,355,Pediatria,2025/036057,Rezydencki,92.11,4.80,30.09.2025 18:12:24,34,NIE,,
j-2025,14,18.11.2025,18.11.2025 12:37:07,56,159,Małopolskie,356,Pediatria,2025/038679,Rezydencki,91.91,4.52,26.09.2025 20:46:06,34,NIE,,
j-2025,14,18.11.2025,18.11.2025 12:37:07,56,159,Małopolskie,357,Pediatria,2025/038375,Rezydencki,91.87,4.69,30.09.2025 12:29:17,34,NIE,,
j-2025,14,18.11.2025,18.11.2025 12:37:07,56,159,Małopolskie,358,Pediatria,2025/028990,Rezydencki,91.39,3.75,30.09.2025 11:40:57,34,NIE,,
j-2025,14,18.11.2025,18.11.2025 12:37:07,56,159,Małopolskie,359,Pediatria,2025/034420,Rezydencki,91.18,4.64,24.09.2025 15:21:38,34,NIE,,
j-2025,14,18.11.2025,18.11.2025 12:37:07,56,159,Małopolskie,360,Pediatria,2025/034225,Rezydencki,90.19,4.57,14.10.2025 12:14:54,34,NIE,,
j-2025,14,18.11.2025,18.11.2025 12:37:07,56,159,Małopolskie,361,Pediatria,2025/038989,Rezydencki,89.95,4.58,30.09.2025 12:36:23,34,NIE,,
j-2025,14,18.11.2025,18.11.2025 12:37:07,56,159,Małopolskie,362,Pediatria,2025/029094,Rezydencki,89.76,4.50,29.09.2025 12:38:17,34,NIE,,
j-2025,14,18.11.2025,18.11.2025 12:37:07,56,159,Małopolskie,363,Pediatria,2025/034797,Rezydencki,89.52,4.19,16.10.2025 23:17:59,34,NIE,,
j-2025,14,18.11.2025,18.11.2025 12:37:07,56,159,Małopolskie,364,Pediatria,2025/031615,Rezydencki,88.76,4.08,30.09.2025 22:48:37,34,NIE,,
j-2025,14,18.11.2025,18.11.2025 12:37:07,56,159,Małopolskie,365,Pediatria,2025/036527,Rezydencki,88.16,3.94,26.09.2025 12:35:16,34,NIE,,
j-2025,14,18.11.2025,18.11.2025 12:37:07,56,159,Małopolskie,366,Pediatria,2025/032285,Rezydencki,87.92,4.59,28.09.2025 16:26:05,34,NIE,,
j-2025,14,18.11.2025,18.11.2025 12:37:07,56,159,Małopolskie,367,Pediatria,2025/038497,Rezydencki,87.14,4.02,16.10.2025 14:39:34,34,NIE,,
j-2025,14,18.11.2025,18.11.2025 12:37:07,56,159,Małopolskie,368,Pediatria,2025/038100,Rezydencki,86.60,3.97,08.10.2025 11:08:55,34,NIE,,
j-2025,14,18.11.2025,18.11.2025 12:37:07,56,159,Małopolskie,369,Pediatria,2025/034764,Rezydencki,86.60,3.42,30.09.2025 20:32:31,34,NIE,,
j-2025,14,18.11.2025,18.11.2025 12:37:07,56,159,Małopolskie,370,Pediatria,2025/038730,Rezydencki,86.47,3.82,30.09.2025 08:04:43,34,NIE,,
j-2025,14,18.11.2025,18.11.2025 12:37:07,56,159,Małopolskie,371,Pediatria,2025/035606,Rezydencki,86.36,4.02,30.09.2025 15:44:49,34,NIE,,
j-2025,14,18.11.2025,18.11.2025 12:37:07,56,159,Małopolskie,372,Pediatria,2025/036284,Rezydencki,86.12,4.13,30.09.2025 13:44:11,34,NIE,,
j-2025,14,18.11.2025,18.11.2025 12:37:07,56,159,Małopolskie,373,Pediatria,2025/032265,Rezydencki,85.51,4.02,09.10.2025 17:01:32,34,NIE,,
j-2025,14,18.11.2025,18.11.2025 12:37:07,56,159,Małopolskie,374,Pediatria,2025/032000,Rezydencki,85.17,4.05,14.10.2025 17:23:53,34,NIE,,
j-2025,14,18.11.2025,18.11.2025 12:37:07,56,159,Małopolskie,375,Pediatria,2025/037833,Rezydencki,84.76,4.59,25.09.2025 18:39:26,34,NIE,,
j-2025,14,18.11.2025,18.11.2025 12:37:07,56,159,Małopolskie,376,Pediatria,2025/041718,Rezydencki,84.54,4.25,30.09.2025 19:53:24,34,NIE,,
j-2025,14,18.11.2025,18.11.2025 12:37:07,56,159,Małopolskie,377,Pediatria,2025/038953,Rezydencki,83.73,3.92,17.10.2025 12:26:26,34,NIE,,
j-2025,14,18.11.2025,18.11.2025 12:37:07,56,159,Małopolskie,378,Pediatria,2025/041563,Rezydencki,83.73,3.88,30.09.2025 18:50:31,34,NIE,,
j-2025,14,18.11.2025,18.11.2025 12:37:07,56,159,Małopolskie,379,Pediatria,2025/040490,Rezydencki,82.30,3.98,14.10.2025 23:24:09,34,NIE,,
j-2025,14,18.11.2025,18.11.2025 12:37:07,56,159,Małopolskie,380,Pediatria,2025/039182,Rezydencki,81.82,4.07,14.10.2025 12:32:56,34,NIE,,
j-2025,14,18.11.2025,18.11.2025 12:37:07,56,159,Małopolskie,381,Pediatria,2025/032409,Rezydencki,81.34,3.73,24.09.2025 16:20:07,34,NIE,,
j-2025,14,18.11.2025,18.11.2025 12:37:07,56,159,Małopolskie,382,Pediatria,2025/035531,Rezydencki,81.34,3.37,14.10.2025 13:24:38,34,NIE,,
j-2025,14,18.11.2025,18.11.2025 12:37:07,56,159,Małopolskie,383,Pediatria,2025/040603,Rezydencki,80.48,3.82,30.09.2025 15:59:00,34,NIE,,
j-2025,14,18.11.2025,18.11.2025 12:37:07,56,159,Małopolskie,384,Pediatria,2025/038446,Rezydencki,78.95,3.51,30.09.2025 20:43:47,34,NIE,,
j-2025,14,18.11.2025,18.11.2025 12:37:07,56,159,Małopolskie,385,Pediatria,2025/035289,Rezydencki,76.19,3.67,27.09.2025 21:40:34,34,NIE,,
j-2025,14,18.11.2025,18.11.2025 12:37:07,56,159,Małopolskie,386,Pediatria,2025/043206,Rezydencki,75.36,3.63,16.10.2025 15:26:25,34,NIE,,
j-2025,14,18.11.2025,18.11.2025 12:37:07,56,159,Małopolskie,387,Pediatria,2025/040667,Rezydencki,74.40,3.47,29.09.2025 16:41:52,34,NIE,,
j-2025,14,18.11.2025,18.11.2025 12:37:07,56,159,Małopolskie,388,Pediatria,2025/039159,Rezydencki,74.16,3.52,30.09.2025 15:43:03,34,NIE,,
j-2025,14,18.11.2025,18.11.2025 12:37:07,56,159,Małopolskie,389,Pediatria,2025/033479,Pozarezydencki,80.00,3.95,17.10.2025 18:23:39,3,NIE,,
j-2025,14,18.11.2025,18.11.2025 12:37:07,57,159,Małopolskie,390,Pediatria,2025/038329,Pozarezydencki,71.26,3.82,21.10.2025 14:44:07,3,NIE,,
j-2025,14,18.11.2025,18.11.2025 12:37:07,57,159,Małopolskie,391,Pediatria,2025/042885,Pozarezydencki,71.14,3.29,20.10.2025 16:39:36,3,NIE,,
j-2025,14,18.11.2025,18.11.2025 12:37:07,57,159,Małopolskie,392,Periodontologia,2025/032584,Rezydencki,86.60,4.17,22.09.2025 20:34:17,4,NIE,,
j-2025,14,18.11.2025,18.11.2025 12:37:07,57,159,Małopolskie,393,Periodontologia,2025/031674,Rezydencki,86.54,4.76,24.09.2025 18:16:38,4,NIE,,
j-2025,14,18.11.2025,18.11.2025 12:37:07,57,159,Małopolskie,394,Periodontologia,2025/028650,Rezydencki,85.82,4.50,07.09.2025 12:01:01,4,NIE,,
j-2025,14,18.11.2025,18.11.2025 12:37:07,57,159,Małopolskie,395,Periodontologia,2025/032535,Rezydencki,85.71,3.63,30.09.2025 23:37:30,4,NIE,,
j-2025,14,18.11.2025,18.11.2025 12:37:07,57,159,Małopolskie,396,Położnictwo i ginekologia,2025/032874,Rezydencki,89.71,4.72,29.09.2025 16:15:20,15,NIE,,
j-2025,14,18.11.2025,18.11.2025 12:37:07,57,159,Małopolskie,397,Położnictwo i ginekologia,2025/035640,Rezydencki,89.61,4.71,22.09.2025 22:01:44,15,NIE,,
j-2025,14,18.11.2025,18.11.2025 12:37:07,57,159,Małopolskie,398,Położnictwo i ginekologia,2025/038548,Rezydencki,89.00,3.98,30.09.2025 11:04:29,15,NIE,,
j-2025,14,18.11.2025,18.11.2025 12:37:07,57,159,Małopolskie,399,Położnictwo i ginekologia,2025/038022,Rezydencki,88.78,4.68,16.10.2025 14:34:06,15,NIE,,
j-2025,14,18.11.2025,18.11.2025 12:37:07,57,159,Małopolskie,400,Położnictwo i ginekologia,2025/037855,Rezydencki,88.52,3.64,22.10.2025 10:20:41,15,NIE,,
j-2025,14,18.11.2025,18.11.2025 12:37:07,57,159,Małopolskie,401,Położnictwo i ginekologia,2025/036827,Rezydencki,87.56,3.97,30.09.2025 13:59:11,15,NIE,,
j-2025,14,18.11.2025,18.11.2025 12:37:07,57,159,Małopolskie,402,Położnictwo i ginekologia,2025/035047,Rezydencki,87.08,4.40,30.09.2025 14:09:58,15,NIE,,
j-2025,14,18.11.2025,18.11.2025 12:37:07,57,159,Małopolskie,403,Położnictwo i ginekologia,2025/042672,Rezydencki,84.54,4.27,30.09.2025 21:41:29,15,NIE,,
j-2025,14,18.11.2025,18.11.2025 12:37:07,57,159,Małopolskie,404,Położnictwo i ginekologia,2025/043319,Rezydencki,83.97,3.93,30.09.2025 23:23:47,15,NIE,,
j-2025,14,18.11.2025,18.11.2025 12:37:07,57,159,Małopolskie,405,Położnictwo i ginekologia,2025/042636,Rezydencki,83.73,4.48,15.10.2025 11:41:10,15,NIE,,
j-2025,14,18.11.2025,18.11.2025 12:37:07,57,159,Małopolskie,406,Położnictwo i ginekologia,2025/029045,Rezydencki,83.25,4.33,30.09.2025 10:15:08,15,NIE,,
j-2025,14,18.11.2025,18.11.2025 12:37:07,57,159,Małopolskie,407,Położnictwo i ginekologia,2025/041052,Rezydencki,81.90,4.13,30.09.2025 20:55:59,15,NIE,,
j-2025,14,18.11.2025,18.11.2025 12:37:07,57,159,Małopolskie,408,Położnictwo i ginekologia,2025/040116,Rezydencki,80.86,3.70,30.09.2025 21:49:58,15,NIE,,
j-2025,14,18.11.2025,18.11.2025 12:37:07,57,159,Małopolskie,409,Położnictwo i ginekologia,2025/037698,Rezydencki,80.48,3.59,16.10.2025 15:10:38,15,NIE,,
j-2025,14,18.11.2025,18.11.2025 12:37:07,57,159,Małopolskie,410,Położnictwo i ginekologia,2025/035903,Rezydencki,80.39,4.45,23.09.2025 12:17:32,15,NIE,,
j-2025,14,18.11.2025,18.11.2025 12:37:07,57,159,Małopolskie,411,Położnictwo i ginekologia,2025/037846,Pozarezydencki,66.67,4.03,09.10.2025 21:06:58,1,NIE,,
j-2025,14,18.11.2025,18.11.2025 12:37:07,57,159,Małopolskie,412,Protetyka stomatologiczna,2025/034586,Rezydencki,85.58,4.30,29.09.2025 22:33:18,1,NIE,,
j-2025,14,18.11.2025,18.11.2025 12:37:07,57,159,Małopolskie,413,Psychiatria,2025/030722,Rezydencki,92.38,4.48,23.09.2025 20:23:33,19,NIE,,
j-2025,14,18.11.2025,18.11.2025 12:37:07,57,159,Małopolskie,414,Psychiatria,2025/031872,Rezydencki,92.34,4.23,30.09.2025 17:25:17,19,NIE,,
j-2025,14,18.11.2025,18.11.2025 12:37:07,57,159,Małopolskie,415,Psychiatria,2025/031249,Rezydencki,92.27,4.72,10.10.2025 14:05:53,19,NIE,,
j-2025,14,18.11.2025,18.11.2025 12:37:07,57,159,Małopolskie,416,Psychiatria,2025/033316,Rezydencki,90.95,4.12,16.09.2025 00:23:12,19,NIE,,
j-2025,14,18.11.2025,18.11.2025 12:37:07,57,159,Małopolskie,417,Psychiatria,2025/035737,Rezydencki,90.91,3.83,30.09.2025 13:28:48,19,NIE,,
j-2025,14,18.11.2025,18.11.2025 12:37:07,57,159,Małopolskie,418,Psychiatria,2025/041538,Rezydencki,90.43,4.55,30.09.2025 22:55:19,19,NIE,,
j-2025,14,18.11.2025,18.11.2025 12:37:07,57,159,Małopolskie,419,Psychiatria,2025/037080,Rezydencki,89.52,4.40,30.09.2025 20:57:39,19,NIE,,
j-2025,14,18.11.2025,18.11.2025 12:37:07,57,159,Małopolskie,420,Psychiatria,2025/039001,Rezydencki,89.37,4.47,27.09.2025 23:20:48,19,NIE,,
j-2025,14,18.11.2025,18.11.2025 12:37:07,57,159,Małopolskie,421,Psychiatria,2025/034989,Rezydencki,89.37,4.28,26.09.2025 17:37:01,19,NIE,,
j-2025,14,18.11.2025,18.11.2025 12:37:07,57,159,Małopolskie,422,Psychiatria,2025/042251,Rezydencki,88.28,4.15,16.10.2025 15:06:40,19,NIE,,
j-2025,14,18.11.2025,18.11.2025 12:37:07,57,159,Małopolskie,423,Psychiatria,2025/031683,Rezydencki,88.16,4.71,28.09.2025 18:40:48,19,NIE,,
j-2025,14,18.11.2025,18.11.2025 12:37:07,57,159,Małopolskie,424,Psychiatria,2025/037861,Rezydencki,88.16,4.23,30.09.2025 20:12:44,19,NIE,,
j-2025,14,18.11.2025,18.11.2025 12:37:07,57,159,Małopolskie,425,Psychiatria,2025/042453,Rezydencki,88.10,4.12,30.09.2025 19:23:19,19,NIE,,
j-2025,14,18.11.2025,18.11.2025 12:37:07,58,159,Małopolskie,426,Psychiatria,2025/041195,Rezydencki,87.56,4.20,30.09.2025 19:42:44,19,NIE,,
j-2025,14,18.11.2025,18.11.2025 12:37:07,58,159,Małopolskie,427,Psychiatria,2025/034003,Rezydencki,87.44,3.85,30.09.2025 14:15:11,19,NIE,,
j-2025,14,18.11.2025,18.11.2025 12:37:07,58,159,Małopolskie,428,Psychiatria,2025/036650,Rezydencki,87.14,3.80,24.09.2025 14:12:00,19,NIE,,
j-2025,14,18.11.2025,18.11.2025 12:37:07,58,159,Małopolskie,429,Psychiatria,2025/030855,Rezydencki,87.08,4.31,30.09.2025 10:58:32,19,NIE,,
j-2025,14,18.11.2025,18.11.2025 12:37:07,58,159,Małopolskie,430,Psychiatria,2025/034165,Rezydencki,86.27,3.92,30.09.2025 10:21:04,19,NIE,,
j-2025,14,18.11.2025,18.11.2025 12:37:07,58,159,Małopolskie,431,Psychiatria,2025/031016,Rezydencki,85.99,3.84,13.10.2025 11:08:48,19,NIE,,
j-2025,14,18.11.2025,18.11.2025 12:37:07,58,159,Małopolskie,432,Psychiatria,2025/043149,Pozarezydencki,76.87,4.28,15.10.2025 13:19:42,3,NIE,,
j-2025,14,18.11.2025,18.11.2025 12:37:07,58,159,Małopolskie,433,Psychiatria,2025/043370,Pozarezydencki,68.49,3.78,24.10.2025 12:30:15,3,NIE,,
j-2025,14,18.11.2025,18.11.2025 12:37:07,58,159,Małopolskie,434,Psychiatria,2025/040320,Pozarezydencki,68.06,3.36,14.10.2025 14:56:28,3,NIE,,
j-2025,14,18.11.2025,18.11.2025 12:37:07,58,159,Małopolskie,435,Psychiatria dzieci i młodzieży,2025/029704,Rezydencki,87.44,4.24,11.09.2025 23:37:44,2,NIE,,
j-2025,14,18.11.2025,18.11.2025 12:37:07,58,159,Małopolskie,436,Psychiatria dzieci i młodzieży,2025/039253,Rezydencki,87.32,3.74,17.10.2025 12:29:58,2,NIE,,
j-2025,14,18.11.2025,18.11.2025 12:37:07,58,159,Małopolskie,437,Psychiatria dzieci i młodzieży,2025/036008,Pozarezydencki,82.03,3.88,17.10.2025 14:46:25,3,NIE,,
j-2025,14,18.11.2025,18.11.2025 12:37:07,58,159,Małopolskie,438,Psychiatria dzieci i młodzieży,2025/030213,Pozarezydencki,76.59,3.74,23.10.2025 20:58:19,3,NIE,,
j-2025,14,18.11.2025,18.11.2025 12:37:07,58,159,Małopolskie,439,Psychiatria dzieci i młodzieży,2025/033735,Pozarezydencki,73.18,4.03,17.09.2025 11:09:49,3,NIE,,
j-2025,14,18.11.2025,18.11.2025 12:37:07,58,159,Małopolskie,440,Radiologia i diagnostyka obrazowa,2025/036791,Rezydencki,91.87,4.49,30.09.2025 10:22:03,7,NIE,,
j-2025,14,18.11.2025,18.11.2025 12:37:07,58,159,Małopolskie,441,Radiologia i diagnostyka obrazowa,2025/042948,Rezydencki,91.55,3.44,27.10.2025 08:26:34,7,NIE,,
j-2025,14,18.11.2025,18.11.2025 12:37:07,58,159,Małopolskie,442,Radiologia i diagnostyka obrazowa,2025/041766,Rezydencki,90.48,3.77,30.09.2025 23:43:16,7,NIE,,
j-2025,14,18.11.2025,18.11.2025 12:37:07,58,159,Małopolskie,443,Radiologia i diagnostyka obrazowa,2025/040829,Rezydencki,90.20,4.41,29.09.2025 22:26:40,7,NIE,,
j-2025,14,18.11.2025,18.11.2025 12:37:07,58,159,Małopolskie,444,Radiologia i diagnostyka obrazowa,2025/038182,Rezydencki,89.47,4.55,15.10.2025 21:48:52,7,NIE,,
j-2025,14,18.11.2025,18.11.2025 12:37:07,58,159,Małopolskie,445,Radiologia i diagnostyka obrazowa,2025/038041,Rezydencki,89.47,4.47,30.09.2025 20:54:10,7,NIE,,
j-2025,14,18.11.2025,18.11.2025 12:37:07,58,159,Małopolskie,446,Radiologia i diagnostyka obrazowa,2025/032913,Rezydencki,88.41,4.75,10.10.2025 16:05:25,7,NIE,,
j-2025,14,18.11.2025,18.11.2025 12:37:07,58,159,Małopolskie,447,Radiologia i diagnostyka obrazowa,2025/033927,Pozarezydencki,82.71,4.14,15.10.2025 20:33:04,8,NIE,,
j-2025,14,18.11.2025,18.11.2025 12:37:07,58,159,Małopolskie,448,Radiologia i diagnostyka obrazowa,2025/031817,Pozarezydencki,76.50,4.34,14.10.2025 09:19:37,8,NIE,,
j-2025,14,18.11.2025,18.11.2025 12:37:07,58,159,Małopolskie,449,Radiologia i diagnostyka obrazowa,2025/038510,Pozarezydencki,75.34,3.44,30.09.2025 23:29:24,8,NIE,,
j-2025,14,18.11.2025,18.11.2025 12:37:07,58,159,Małopolskie,450,Radiologia i diagnostyka obrazowa,2025/037619,Pozarezydencki,71.36,4.70,14.10.2025 15:20:19,8,NIE,,
j-2025,14,18.11.2025,18.11.2025 12:37:07,58,159,Małopolskie,451,Radiologia i diagnostyka obrazowa,2025/029863,Pozarezydencki,69.34,3.79,03.09.2025 12:12:07,8,NIE,,
j-2025,14,18.11.2025,18.11.2025 12:37:07,58,159,Małopolskie,452,Radiologia i diagnostyka obrazowa,2025/038950,Pozarezydencki,62.10,3.28,30.09.2025 13:47:47,8,NIE,,
j-2025,14,18.11.2025,18.11.2025 12:37:07,58,159,Małopolskie,453,Radiologia i diagnostyka obrazowa,2025/042477,Pozarezydencki,60.73,2.93,22.10.2025 08:49:04,8,NIE,,
j-2025,14,18.11.2025,18.11.2025 12:37:07,58,159,Małopolskie,454,Radiologia i diagnostyka obrazowa,2025/043153,Pozarezydencki,0.00,3.30,30.09.2025 22:02:53,8,NIE,,
j-2025,14,18.11.2025,18.11.2025 12:37:07,58,159,Małopolskie,455,Radioterapia onkologiczna,2025/041568,Rezydencki,85.24,3.70,30.09.2025 23:01:33,1,NIE,,
j-2025,14,18.11.2025,18.11.2025 12:37:07,58,159,Małopolskie,456,Radioterapia onkologiczna,2025/036354,Pozarezydencki,58.72,0.00,13.10.2025 15:24:56,1,NIE,,
j-2025,14,18.11.2025,18.11.2025 12:37:07,58,159,Małopolskie,457,Rehabilitacja medyczna,2025/036067,Rezydencki,82.78,3.57,08.10.2025 13:46:02,1,NIE,,
j-2025,14,18.11.2025,18.11.2025 12:37:07,58,159,Małopolskie,458,Rehabilitacja medyczna,2025/043203,Pozarezydencki,84.55,4.34,28.10.2025 05:48:23,7,NIE,,
j-2025,14,18.11.2025,18.11.2025 12:37:07,58,159,Małopolskie,459,Rehabilitacja medyczna,2025/032241,Pozarezydencki,83.09,0.00,18.10.2025 13:01:42,7,NIE,,
j-2025,14,18.11.2025,18.11.2025 12:37:07,58,159,Małopolskie,460,Rehabilitacja medyczna,2025/032880,Pozarezydencki,76.04,3.89,20.10.2025 12:28:35,7,NIE,,
j-2025,14,18.11.2025,18.11.2025 12:37:07,58,159,Małopolskie,461,Rehabilitacja medyczna,2025/029246,Pozarezydencki,71.36,3.82,19.10.2025 17:11:29,7,NIE,,
j-2025,14,18.11.2025,18.11.2025 12:37:07,59,159,Małopolskie,462,Rehabilitacja medyczna,2025/042975,Pozarezydencki,70.91,3.26,30.09.2025 21:04:14,7,NIE,,
j-2025,14,18.11.2025,18.11.2025 12:37:07,59,159,Małopolskie,463,Rehabilitacja medyczna,2025/031373,Pozarezydencki,67.27,0.00,21.10.2025 15:31:37,7,NIE,,
j-2025,14,18.11.2025,18.11.2025 12:37:07,59,159,Małopolskie,464,Rehabilitacja medyczna,2025/032124,Pozarezydencki,66.59,3.38,23.10.2025 14:30:11,7,NIE,,
j-2025,14,18.11.2025,18.11.2025 12:37:07,59,159,Małopolskie,465,Reumatologia,2025/037919,Rezydencki,91.87,4.42,30.09.2025 09:51:36,2,NIE,,
j-2025,14,18.11.2025,18.11.2025 12:37:07,59,159,Małopolskie,466,Reumatologia,2025/034958,Rezydencki,91.87,4.23,30.09.2025 23:35:09,2,NIE,,
j-2025,14,18.11.2025,18.11.2025 12:37:07,59,159,Małopolskie,467,Reumatologia,2025/030693,Pozarezydencki,78.86,0.00,05.09.2025 17:08:21,2,NIE,,
j-2025,14,18.11.2025,18.11.2025 12:37:07,59,159,Małopolskie,468,Reumatologia,2025/041323,Pozarezydencki,75.45,0.00,10.10.2025 09:01:56,2,NIE,,
j-2025,14,18.11.2025,18.11.2025 12:37:07,59,159,Małopolskie,469,Stomatologia dziecięca,2025/031676,Rezydencki,86.06,4.69,09.09.2025 19:24:26,1,NIE,,
j-2025,14,18.11.2025,18.11.2025 12:37:07,59,159,Małopolskie,470,Stomatologia zachowawcza z endodoncją,2025/034805,Rezydencki,82.86,3.97,21.10.2025 13:54:56,6,NIE,,
j-2025,14,18.11.2025,18.11.2025 12:37:07,59,159,Małopolskie,471,Stomatologia zachowawcza z endodoncją,2025/034472,Rezydencki,81.25,4.35,19.09.2025 18:20:26,6,NIE,,
j-2025,14,18.11.2025,18.11.2025 12:37:07,59,159,Małopolskie,472,Stomatologia zachowawcza z endodoncją,2025/029735,Rezydencki,81.25,3.25,24.10.2025 09:57:52,6,NIE,,
j-2025,14,18.11.2025,18.11.2025 12:37:07,59,159,Małopolskie,473,Stomatologia zachowawcza z endodoncją,2025/030084,Rezydencki,80.00,3.78,24.09.2025 20:26:59,6,NIE,,
j-2025,14,18.11.2025,18.11.2025 12:37:07,59,159,Małopolskie,474,Stomatologia zachowawcza z endodoncją,2025/036005,Rezydencki,77.51,4.20,23.09.2025 16:38:13,6,NIE,,
j-2025,14,18.11.2025,18.11.2025 12:37:07,59,159,Małopolskie,475,Stomatologia zachowawcza z endodoncją,2025/031710,Rezydencki,76.92,3.46,09.10.2025 08:32:53,6,NIE,,
j-2025,14,18.11.2025,18.11.2025 12:37:07,59,159,Małopolskie,476,Transfuzjologia kliniczna,2025/029022,Pozarezydencki,67.99,3.78,13.10.2025 14:41:14,1,NIE,,
j-2025,14,18.11.2025,18.11.2025 12:37:07,59,159,Małopolskie,477,Transplantologia kliniczna,2025/037187,Pozarezydencki,93.64,4.77,20.10.2025 23:01:45,3,NIE,,
j-2025,14,18.11.2025,18.11.2025 12:37:07,59,159,Małopolskie,478,Transplantologia kliniczna,2025/029415,Pozarezydencki,91.36,4.00,20.10.2025 10:53:11,3,NIE,,
j-2025,14,18.11.2025,18.11.2025 12:37:07,59,159,Małopolskie,479,Transplantologia kliniczna,2025/037603,Pozarezydencki,90.55,4.64,20.10.2025 14:06:49,3,NIE,,
j-2025,14,18.11.2025,18.11.2025 12:37:07,59,159,Małopolskie,480,Urologia,2025/034075,Rezydencki,92.27,4.47,18.09.2025 10:00:32,2,NIE,,
j-2025,14,18.11.2025,18.11.2025 12:37:07,59,159,Małopolskie,481,Urologia,2025/034599,Rezydencki,89.86,4.15,29.09.2025 12:12:09,2,NIE,,
j-2025,14,18.11.2025,18.11.2025 12:37:07,59,159,Małopolskie,482,Urologia,2025/040044,Pozarezydencki,84.02,4.05,09.10.2025 14:36:51,1,NIE,,
j-2025,14,18.11.2025,18.11.2025 12:37:07,59,159,Małopolskie,1,Neurologia,2025/030426,Rezydencki,90.20,4.88,13.10.2025 15:37:14,1,TAK,Samodzielny Publiczny Zakład Opieki Zdrowotnej Szpital Uniwersytecki w Krakowie,Oddział Kliniczny Neurologii
j-2025,14,18.11.2025,18.11.2025 12:37:07,59,159,Małopolskie,1,Ortodoncja,2025/029736,Rezydencki,85.17,3.78,03.09.2025 21:49:46,1,TAK,Samodzielny Publiczny Zakład Opieki Zdrowotnej Uniwersytecka Klinika Stomatologiczna w Krakowie,Poradnia Ortodoncji
j-2025,14,18.11.2025,18.11.2025 12:37:07,59,159,Mazowieckie,1,Alergologia,2025/039176,Rezydencki,89.51,4.52,29.09.2025 23:47:35,3,NIE,,
j-2025,14,18.11.2025,18.11.2025 12:37:07,60,159,Mazowieckie,2,Alergologia,2025/041233,Rezydencki,89.00,4.39,30.09.2025 21:43:50,3,NIE,,
j-2025,14,18.11.2025,18.11.2025 12:37:07,60,159,Mazowieckie,3,Alergologia,2025/032378,Rezydencki,88.89,4.06,29.09.2025 18:27:26,3,NIE,,
j-2025,14,18.11.2025,18.11.2025 12:37:07,60,159,Mazowieckie,4,Alergologia,2025/034233,Pozarezydencki,93.64,4.46,17.10.2025 14:07:37,3,NIE,,
j-2025,14,18.11.2025,18.11.2025 12:37:07,60,159,Mazowieckie,5,Alergologia,2025/038842,Pozarezydencki,85.45,4.50,09.10.2025 12:38:31,3,NIE,,
j-2025,14,18.11.2025,18.11.2025 12:37:07,60,159,Mazowieckie,6,Alergologia,2025/041938,Pozarezydencki,84.47,3.87,30.09.2025 11:53:28,3,NIE,,
j-2025,14,18.11.2025,18.11.2025 12:37:07,60,159,Mazowieckie,7,Anestezjologia i intensywna terapia,2025/038741,Rezydencki,93.78,4.34,30.09.2025 11:56:52,22,NIE,,
j-2025,14,18.11.2025,18.11.2025 12:37:07,60,159,Mazowieckie,8,Anestezjologia i intensywna terapia,2025/039324,Rezydencki,93.06,4.71,30.09.2025 18:12:59,22,NIE,,
j-2025,14,18.11.2025,18.11.2025 12:37:07,60,159,Mazowieckie,9,Anestezjologia i intensywna terapia,2025/032859,Rezydencki,92.82,3.83,30.09.2025 15:49:32,22,NIE,,
j-2025,14,18.11.2025,18.11.2025 12:37:07,60,159,Mazowieckie,10,Anestezjologia i intensywna terapia,2025/041394,Rezydencki,92.62,4.63,30.09.2025 21:11:42,22,NIE,,
j-2025,14,18.11.2025,18.11.2025 12:37:07,60,159,Mazowieckie,11,Anestezjologia i intensywna terapia,2025/040727,Rezydencki,92.34,4.44,30.09.2025 18:37:40,22,NIE,,
j-2025,14,18.11.2025,18.11.2025 12:37:07,60,159,Mazowieckie,12,Anestezjologia i intensywna terapia,2025/035569,Rezydencki,92.27,4.56,30.09.2025 17:56:09,22,NIE,,
j-2025,14,18.11.2025,18.11.2025 12:37:07,60,159,Mazowieckie,13,Anestezjologia i intensywna terapia,2025/028469,Rezydencki,92.11,4.50,30.09.2025 17:15:02,22,NIE,,
j-2025,14,18.11.2025,18.11.2025 12:37:07,60,159,Mazowieckie,14,Anestezjologia i intensywna terapia,2025/038045,Rezydencki,91.67,4.34,30.09.2025 19:25:42,22,NIE,,
j-2025,14,18.11.2025,18.11.2025 12:37:07,60,159,Mazowieckie,15,Anestezjologia i intensywna terapia,2025/028780,Rezydencki,91.39,4.73,30.09.2025 09:55:32,22,NIE,,
j-2025,14,18.11.2025,18.11.2025 12:37:07,60,159,Mazowieckie,16,Anestezjologia i intensywna terapia,2025/034324,Rezydencki,90.91,4.37,29.09.2025 04:29:42,22,NIE,,
j-2025,14,18.11.2025,18.11.2025 12:37:07,60,159,Mazowieckie,17,Anestezjologia i intensywna terapia,2025/039489,Rezydencki,90.91,4.25,30.09.2025 18:45:24,22,NIE,,
j-2025,14,18.11.2025,18.11.2025 12:37:07,60,159,Mazowieckie,18,Anestezjologia i intensywna terapia,2025/042051,Rezydencki,90.91,4.11,30.09.2025 11:58:04,22,NIE,,
j-2025,14,18.11.2025,18.11.2025 12:37:07,60,159,Mazowieckie,19,Anestezjologia i intensywna terapia,2025/033012,Rezydencki,90.91,3.97,13.10.2025 13:16:12,22,NIE,,
j-2025,14,18.11.2025,18.11.2025 12:37:07,60,159,Mazowieckie,20,Anestezjologia i intensywna terapia,2025/039906,Rezydencki,90.91,3.82,28.09.2025 22:35:03,22,NIE,,
j-2025,14,18.11.2025,18.11.2025 12:37:07,60,159,Mazowieckie,21,Anestezjologia i intensywna terapia,2025/032207,Rezydencki,90.73,4.55,20.09.2025 15:57:07,22,NIE,,
j-2025,14,18.11.2025,18.11.2025 12:37:07,60,159,Mazowieckie,22,Anestezjologia i intensywna terapia,2025/038758,Rezydencki,90.67,3.63,30.09.2025 18:00:42,22,NIE,,
j-2025,14,18.11.2025,18.11.2025 12:37:07,60,159,Mazowieckie,23,Anestezjologia i intensywna terapia,2025/036023,Rezydencki,90.58,4.76,26.09.2025 14:35:27,22,NIE,,
j-2025,14,18.11.2025,18.11.2025 12:37:07,60,159,Mazowieckie,24,Anestezjologia i intensywna terapia,2025/035324,Rezydencki,90.43,4.21,30.09.2025 08:04:01,22,NIE,,
j-2025,14,18.11.2025,18.11.2025 12:37:07,60,159,Mazowieckie,25,Anestezjologia i intensywna terapia,2025/037122,Rezydencki,90.34,4.45,30.09.2025 15:25:21,22,NIE,,
j-2025,14,18.11.2025,18.11.2025 12:37:07,60,159,Mazowieckie,26,Anestezjologia i intensywna terapia,2025/030839,Rezydencki,90.10,4.56,30.09.2025 10:52:33,22,NIE,,
j-2025,14,18.11.2025,18.11.2025 12:37:07,60,159,Mazowieckie,27,Anestezjologia i intensywna terapia,2025/029731,Rezydencki,90.00,4.21,29.09.2025 12:36:53,22,NIE,,
j-2025,14,18.11.2025,18.11.2025 12:37:07,60,159,Mazowieckie,28,Anestezjologia i intensywna terapia,2025/037335,Rezydencki,89.23,4.27,30.09.2025 21:11:13,22,NIE,,
j-2025,14,18.11.2025,18.11.2025 12:37:07,60,159,Mazowieckie,29,Anestezjologia i intensywna terapia,2025/037456,Pozarezydencki,82.73,4.42,10.10.2025 09:55:10,1,NIE,,
j-2025,14,18.11.2025,18.11.2025 12:37:07,60,159,Mazowieckie,30,Audiologia i foniatria,2025/041190,Pozarezydencki,71.50,0.00,08.10.2025 19:01:47,5,NIE,,
j-2025,14,18.11.2025,18.11.2025 12:37:07,60,159,Mazowieckie,31,Audiologia i foniatria,2025/042976,Pozarezydencki,70.28,3.55,07.10.2025 20:15:32,5,NIE,,
j-2025,14,18.11.2025,18.11.2025 12:37:07,60,159,Mazowieckie,32,Audiologia i foniatria,2025/040183,Pozarezydencki,66.36,3.56,20.10.2025 09:26:18,5,NIE,,
j-2025,14,18.11.2025,18.11.2025 12:37:07,60,159,Mazowieckie,33,Audiologia i foniatria,2025/042890,Pozarezydencki,61.64,3.12,30.09.2025 20:27:46,5,NIE,,
j-2025,14,18.11.2025,18.11.2025 12:37:07,60,159,Mazowieckie,34,Audiologia i foniatria,2025/041209,Pozarezydencki,60.19,0.00,20.10.2025 13:07:17,5,NIE,,
j-2025,14,18.11.2025,18.11.2025 12:37:07,60,159,Mazowieckie,35,Balneologia i medycyna fizykalna,2025/030165,Pozarezydencki,75.91,4.36,08.10.2025 11:57:34,1,NIE,,
j-2025,14,18.11.2025,18.11.2025 12:37:07,60,159,Mazowieckie,36,Chirurgia dziecięca,2025/038008,Rezydencki,90.43,4.35,30.09.2025 18:31:23,8,NIE,,
j-2025,14,18.11.2025,18.11.2025 12:37:07,60,159,Mazowieckie,37,Chirurgia dziecięca,2025/036312,Rezydencki,90.24,4.66,28.09.2025 13:38:07,8,NIE,,
j-2025,14,18.11.2025,18.11.2025 12:37:07,61,159,Mazowieckie,38,Chirurgia dziecięca,2025/041757,Rezydencki,90.20,4.39,10.10.2025 14:11:09,8,NIE,,
j-2025,14,18.11.2025,18.11.2025 12:37:07,61,159,Mazowieckie,39,Chirurgia dziecięca,2025/037288,Rezydencki,89.00,4.45,30.09.2025 12:53:59,8,NIE,,
j-2025,14,18.11.2025,18.11.2025 12:37:07,61,159,Mazowieckie,40,Chirurgia dziecięca,2025/036300,Rezydencki,88.89,4.39,23.09.2025 21:06:46,8,NIE,,
j-2025,14,18.11.2025,18.11.2025 12:37:07,61,159,Mazowieckie,41,Chirurgia dziecięca,2025/031633,Rezydencki,88.57,3.85,29.09.2025 20:30:04,8,NIE,,
j-2025,14,18.11.2025,18.11.2025 12:37:07,61,159,Mazowieckie,42,Chirurgia dziecięca,2025/040820,Rezydencki,85.41,3.89,30.09.2025 22:58:48,8,NIE,,
j-2025,14,18.11.2025,18.11.2025 12:37:07,61,159,Mazowieckie,43,Chirurgia dziecięca,2025/039447,Rezydencki,84.93,3.61,28.09.2025 15:58:50,8,NIE,,
j-2025,14,18.11.2025,18.11.2025 12:37:07,61,159,Mazowieckie,44,Chirurgia dziecięca,2025/040894,Pozarezydencki,69.86,4.00,29.09.2025 18:45:23,1,NIE,,
j-2025,14,18.11.2025,18.11.2025 12:37:07,61,159,Mazowieckie,45,Chirurgia naczyniowa,2025/040831,Rezydencki,89.86,4.60,29.09.2025 18:03:11,4,NIE,,
j-2025,14,18.11.2025,18.11.2025 12:37:07,61,159,Mazowieckie,46,Chirurgia naczyniowa,2025/039790,Rezydencki,86.60,4.60,10.10.2025 12:18:20,4,NIE,,
j-2025,14,18.11.2025,18.11.2025 12:37:07,61,159,Mazowieckie,47,Chirurgia naczyniowa,2025/041545,Rezydencki,86.60,3.86,30.09.2025 13:07:33,4,NIE,,
j-2025,14,18.11.2025,18.11.2025 12:37:07,61,159,Mazowieckie,48,Chirurgia naczyniowa,2025/041282,Rezydencki,86.60,3.86,24.10.2025 23:20:59,4,NIE,,
j-2025,14,18.11.2025,18.11.2025 12:37:07,61,159,Mazowieckie,49,Chirurgia naczyniowa,2025/037933,Pozarezydencki,67.12,3.98,11.10.2025 11:18:36,2,NIE,,
j-2025,14,18.11.2025,18.11.2025 12:37:07,61,159,Mazowieckie,50,Chirurgia naczyniowa,2025/043067,Pozarezydencki,57.14,3.32,30.09.2025 21:33:37,2,NIE,,
j-2025,14,18.11.2025,18.11.2025 12:37:07,61,159,Mazowieckie,51,Chirurgia ogólna,2025/041350,Rezydencki,89.95,4.20,30.09.2025 16:13:11,41,NIE,,
j-2025,14,18.11.2025,18.11.2025 12:37:07,61,159,Mazowieckie,52,Chirurgia ogólna,2025/039513,Rezydencki,89.46,4.33,30.09.2025 22:21:45,41,NIE,,
j-2025,14,18.11.2025,18.11.2025 12:37:07,61,159,Mazowieckie,53,Chirurgia ogólna,2025/030857,Rezydencki,87.68,3.74,21.09.2025 00:36:49,41,NIE,,
j-2025,14,18.11.2025,18.11.2025 12:37:07,61,159,Mazowieckie,54,Chirurgia ogólna,2025/036733,Rezydencki,87.32,4.30,29.09.2025 19:41:22,41,NIE,,
j-2025,14,18.11.2025,18.11.2025 12:37:07,61,159,Mazowieckie,55,Chirurgia ogólna,2025/034967,Rezydencki,87.07,3.80,30.09.2025 19:32:46,41,NIE,,
j-2025,14,18.11.2025,18.11.2025 12:37:07,61,159,Mazowieckie,56,Chirurgia ogólna,2025/038621,Rezydencki,86.96,3.74,30.09.2025 12:08:04,41,NIE,,
j-2025,14,18.11.2025,18.11.2025 12:37:07,61,159,Mazowieckie,57,Chirurgia ogólna,2025/042508,Rezydencki,85.99,3.69,30.09.2025 17:14:09,41,NIE,,
j-2025,14,18.11.2025,18.11.2025 12:37:07,61,159,Mazowieckie,58,Chirurgia ogólna,2025/042862,Rezydencki,85.85,3.81,12.10.2025 11:47:38,41,NIE,,
j-2025,14,18.11.2025,18.11.2025 12:37:07,61,159,Mazowieckie,59,Chirurgia ogólna,2025/030973,Rezydencki,85.65,3.51,30.09.2025 00:13:50,41,NIE,,
j-2025,14,18.11.2025,18.11.2025 12:37:07,61,159,Mazowieckie,60,Chirurgia ogólna,2025/032152,Rezydencki,85.29,4.03,19.09.2025 00:00:40,41,NIE,,
j-2025,14,18.11.2025,18.11.2025 12:37:07,61,159,Mazowieckie,61,Chirurgia ogólna,2025/035963,Rezydencki,85.27,4.33,29.09.2025 13:30:56,41,NIE,,
j-2025,14,18.11.2025,18.11.2025 12:37:07,61,159,Mazowieckie,62,Chirurgia ogólna,2025/029185,Rezydencki,85.24,3.65,23.10.2025 17:56:40,41,NIE,,
j-2025,14,18.11.2025,18.11.2025 12:37:07,61,159,Mazowieckie,63,Chirurgia ogólna,2025/033198,Rezydencki,84.80,4.39,15.09.2025 18:03:26,41,NIE,,
j-2025,14,18.11.2025,18.11.2025 12:37:07,61,159,Mazowieckie,64,Chirurgia ogólna,2025/032484,Rezydencki,84.69,4.02,30.09.2025 08:38:07,41,NIE,,
j-2025,14,18.11.2025,18.11.2025 12:37:07,61,159,Mazowieckie,65,Chirurgia ogólna,2025/036942,Rezydencki,82.44,3.80,28.09.2025 13:41:00,41,NIE,,
j-2025,14,18.11.2025,18.11.2025 12:37:07,61,159,Mazowieckie,66,Chirurgia ogólna,2025/039301,Rezydencki,81.90,3.66,28.09.2025 14:01:57,41,NIE,,
j-2025,14,18.11.2025,18.11.2025 12:37:07,61,159,Mazowieckie,67,Chirurgia ogólna,2025/031661,Rezydencki,81.90,3.60,30.09.2025 16:30:28,41,NIE,,
j-2025,14,18.11.2025,18.11.2025 12:37:07,61,159,Mazowieckie,68,Chirurgia ogólna,2025/038530,Rezydencki,81.67,4.05,30.09.2025 02:29:10,41,NIE,,
j-2025,14,18.11.2025,18.11.2025 12:37:07,61,159,Mazowieckie,69,Chirurgia ogólna,2025/039597,Rezydencki,81.34,3.90,30.09.2025 10:34:38,41,NIE,,
j-2025,14,18.11.2025,18.11.2025 12:37:07,61,159,Mazowieckie,70,Chirurgia ogólna,2025/032607,Rezydencki,81.34,3.19,29.09.2025 21:40:37,41,NIE,,
j-2025,14,18.11.2025,18.11.2025 12:37:07,61,159,Mazowieckie,71,Chirurgia ogólna,2025/039458,Rezydencki,80.19,0.00,28.09.2025 16:53:24,41,NIE,,
j-2025,14,18.11.2025,18.11.2025 12:37:07,61,159,Mazowieckie,72,Chirurgia ogólna,2025/039224,Rezydencki,80.00,3.54,28.09.2025 11:31:42,41,NIE,,
j-2025,14,18.11.2025,18.11.2025 12:37:07,61,159,Mazowieckie,73,Chirurgia ogólna,2025/028624,Rezydencki,78.74,3.61,01.09.2025 10:59:02,41,NIE,,
j-2025,14,18.11.2025,18.11.2025 12:37:07,62,159,Mazowieckie,74,Chirurgia ogólna,2025/034022,Rezydencki,78.10,4.05,30.09.2025 17:03:12,41,NIE,,
j-2025,14,18.11.2025,18.11.2025 12:37:07,62,159,Mazowieckie,75,Chirurgia ogólna,2025/039285,Rezydencki,76.33,3.95,28.09.2025 12:32:54,41,NIE,,
j-2025,14,18.11.2025,18.11.2025 12:37:07,62,159,Mazowieckie,76,Chirurgia ogólna,2025/039290,Rezydencki,75.71,3.39,28.09.2025 12:42:04,41,NIE,,
j-2025,14,18.11.2025,18.11.2025 12:37:07,62,159,Mazowieckie,77,Chirurgia ogólna,2025/038970,Rezydencki,75.60,3.66,30.09.2025 10:05:37,41,NIE,,
j-2025,14,18.11.2025,18.11.2025 12:37:07,62,159,Mazowieckie,78,Chirurgia ogólna,2025/035030,Rezydencki,75.49,0.00,21.09.2025 22:52:24,41,NIE,,
j-2025,14,18.11.2025,18.11.2025 12:37:07,62,159,Mazowieckie,79,Chirurgia ogólna,2025/040875,Rezydencki,74.88,3.53,29.09.2025 18:40:59,41,NIE,,
j-2025,14,18.11.2025,18.11.2025 12:37:07,62,159,Mazowieckie,80,Chirurgia ogólna,2025/034052,Rezydencki,74.29,4.08,30.09.2025 23:55:20,41,NIE,,
j-2025,14,18.11.2025,18.11.2025 12:37:07,62,159,Mazowieckie,81,Chirurgia ogólna,2025/043099,Rezydencki,72.97,3.14,30.09.2025 23:46:27,41,NIE,,
j-2025,14,18.11.2025,18.11.2025 12:37:07,62,159,Mazowieckie,82,Chirurgia ogólna,2025/042679,Rezydencki,71.98,3.47,21.10.2025 16:13:40,41,NIE,,
j-2025,14,18.11.2025,18.11.2025 12:37:07,62,159,Mazowieckie,83,Chirurgia ogólna,2025/034546,Rezydencki,70.49,3.68,22.10.2025 15:44:33,41,NIE,,
j-2025,14,18.11.2025,18.11.2025 12:37:07,62,159,Mazowieckie,84,Chirurgia ogólna,2025/039352,Rezydencki,70.33,3.56,30.09.2025 23:08:51,41,NIE,,
j-2025,14,18.11.2025,18.11.2025 12:37:07,62,159,Mazowieckie,85,Chirurgia ogólna,2025/034902,Rezydencki,69.86,3.71,26.09.2025 15:23:40,41,NIE,,
j-2025,14,18.11.2025,18.11.2025 12:37:07,62,159,Mazowieckie,86,Chirurgia ogólna,2025/035098,Rezydencki,66.67,3.22,22.09.2025 09:51:13,41,NIE,,
j-2025,14,18.11.2025,18.11.2025 12:37:07,62,159,Mazowieckie,87,Chirurgia ogólna,2025/037560,Rezydencki,65.70,2.91,28.09.2025 23:37:40,41,NIE,,
j-2025,14,18.11.2025,18.11.2025 12:37:07,62,159,Mazowieckie,88,Chirurgia ogólna,2025/039936,Rezydencki,65.24,3.81,29.09.2025 00:30:40,41,NIE,,
j-2025,14,18.11.2025,18.11.2025 12:37:07,62,159,Mazowieckie,89,Chirurgia ogólna,2025/040461,Rezydencki,60.05,3.64,29.09.2025 19:44:17,41,NIE,,
j-2025,14,18.11.2025,18.11.2025 12:37:07,62,159,Mazowieckie,90,Chirurgia ogólna,2025/040698,Rezydencki,58.85,3.54,30.09.2025 16:54:42,41,NIE,,
j-2025,14,18.11.2025,18.11.2025 12:37:07,62,159,Mazowieckie,91,Chirurgia ogólna,2025/033872,Rezydencki,56.19,4.48,19.09.2025 17:11:00,41,NIE,,
j-2025,14,18.11.2025,18.11.2025 12:37:07,62,159,Mazowieckie,92,Chirurgia ogólna,2025/043270,Pozarezydencki,68.04,3.45,09.10.2025 09:53:32,2,NIE,,
j-2025,14,18.11.2025,18.11.2025 12:37:07,62,159,Mazowieckie,93,Chirurgia ogólna,2025/040726,Pozarezydencki,64.62,0.00,23.10.2025 14:07:44,2,NIE,,
j-2025,14,18.11.2025,18.11.2025 12:37:07,62,159,Mazowieckie,94,Chirurgia onkologiczna,2025/031701,Rezydencki,86.71,4.20,23.09.2025 21:00:22,10,NIE,,
j-2025,14,18.11.2025,18.11.2025 12:37:07,62,159,Mazowieckie,95,Chirurgia onkologiczna,2025/032221,Rezydencki,86.47,4.11,03.10.2025 16:37:41,10,NIE,,
j-2025,14,18.11.2025,18.11.2025 12:37:07,62,159,Mazowieckie,96,Chirurgia onkologiczna,2025/039834,Rezydencki,85.65,3.94,30.09.2025 22:48:40,10,NIE,,
j-2025,14,18.11.2025,18.11.2025 12:37:07,62,159,Mazowieckie,97,Chirurgia onkologiczna,2025/034677,Rezydencki,85.51,3.46,27.09.2025 10:40:18,10,NIE,,
j-2025,14,18.11.2025,18.11.2025 12:37:07,62,159,Mazowieckie,98,Chirurgia onkologiczna,2025/036872,Rezydencki,84.69,4.15,30.09.2025 23:13:45,10,NIE,,
j-2025,14,18.11.2025,18.11.2025 12:37:07,62,159,Mazowieckie,99,Chirurgia onkologiczna,2025/038120,Rezydencki,84.69,3.85,30.09.2025 16:05:49,10,NIE,,
j-2025,14,18.11.2025,18.11.2025 12:37:07,62,159,Mazowieckie,100,Chirurgia onkologiczna,2025/033124,Rezydencki,79.90,3.64,30.09.2025 19:27:04,10,NIE,,
j-2025,14,18.11.2025,18.11.2025 12:37:07,62,159,Mazowieckie,101,Chirurgia onkologiczna,2025/041665,Rezydencki,79.52,3.34,30.09.2025 00:05:59,10,NIE,,
j-2025,14,18.11.2025,18.11.2025 12:37:07,62,159,Mazowieckie,102,Chirurgia onkologiczna,2025/039986,Rezydencki,78.26,4.29,29.09.2025 21:26:34,10,NIE,,
j-2025,14,18.11.2025,18.11.2025 12:37:07,62,159,Mazowieckie,103,Chirurgia onkologiczna,2025/035922,Rezydencki,75.00,3.31,30.09.2025 21:52:23,10,NIE,,
j-2025,14,18.11.2025,18.11.2025 12:37:07,62,159,Mazowieckie,104,Chirurgia onkologiczna,2025/037975,Pozarezydencki,77.40,0.00,03.10.2025 21:31:46,8,NIE,,
j-2025,14,18.11.2025,18.11.2025 12:37:07,62,159,Mazowieckie,105,Chirurgia onkologiczna,2025/035028,Pozarezydencki,75.45,3.84,11.10.2025 22:41:15,8,NIE,,
j-2025,14,18.11.2025,18.11.2025 12:37:07,62,159,Mazowieckie,106,Chirurgia onkologiczna,2025/041106,Pozarezydencki,72.43,0.00,15.10.2025 05:53:20,8,NIE,,
j-2025,14,18.11.2025,18.11.2025 12:37:07,62,159,Mazowieckie,107,Chirurgia onkologiczna,2025/042528,Pozarezydencki,71.56,4.03,19.10.2025 16:04:58,8,NIE,,
j-2025,14,18.11.2025,18.11.2025 12:37:07,62,159,Mazowieckie,108,Chirurgia onkologiczna,2025/031729,Pozarezydencki,70.91,3.70,16.10.2025 21:43:48,8,NIE,,
j-2025,14,18.11.2025,18.11.2025 12:37:07,62,159,Mazowieckie,109,Chirurgia onkologiczna,2025/040815,Pozarezydencki,66.59,3.39,25.10.2025 00:39:53,8,NIE,,
j-2025,14,18.11.2025,18.11.2025 12:37:07,63,159,Mazowieckie,110,Chirurgia onkologiczna,2025/031522,Pozarezydencki,64.77,3.46,30.10.2025 10:59:33,8,NIE,,
j-2025,14,18.11.2025,18.11.2025 12:37:07,63,159,Mazowieckie,111,Chirurgia onkologiczna,2025/033551,Pozarezydencki,61.82,3.94,22.10.2025 11:41:41,8,NIE,,
j-2025,14,18.11.2025,18.11.2025 12:37:07,63,159,Mazowieckie,112,Chirurgia stomatologiczna,2025/028654,Rezydencki,87.98,4.28,21.10.2025 10:57:13,3,NIE,,
j-2025,14,18.11.2025,18.11.2025 12:37:07,63,159,Mazowieckie,113,Chirurgia stomatologiczna,2025/032797,Rezydencki,86.67,4.25,14.09.2025 17:05:00,3,NIE,,
j-2025,14,18.11.2025,18.11.2025 12:37:07,63,159,Mazowieckie,114,Chirurgia stomatologiczna,2025/029243,Rezydencki,85.99,3.96,02.09.2025 10:54:03,3,NIE,,
j-2025,14,18.11.2025,18.11.2025 12:37:07,63,159,Mazowieckie,115,Chirurgia stomatologiczna,2025/028404,Pozarezydencki,89.32,2.90,08.10.2025 14:14:19,3,NIE,,
j-2025,14,18.11.2025,18.11.2025 12:37:07,63,159,Mazowieckie,116,Chirurgia stomatologiczna,2025/032526,Pozarezydencki,80.91,4.09,02.10.2025 12:15:01,3,NIE,,
j-2025,14,18.11.2025,18.11.2025 12:37:07,63,159,Mazowieckie,117,Chirurgia stomatologiczna,2025/030070,Pozarezydencki,80.82,4.40,29.09.2025 21:17:17,3,NIE,,
j-2025,14,18.11.2025,18.11.2025 12:37:07,63,159,Mazowieckie,118,Chirurgia szczękowo-twarzowa,2025/041330,Rezydencki,89.22,4.00,29.09.2025 21:35:47,5,NIE,,
j-2025,14,18.11.2025,18.11.2025 12:37:07,63,159,Mazowieckie,119,Chirurgia szczękowo-twarzowa,2025/034528,Rezydencki,86.54,4.05,19.09.2025 23:05:29,5,NIE,,
j-2025,14,18.11.2025,18.11.2025 12:37:07,63,159,Mazowieckie,120,Chirurgia szczękowo-twarzowa,2025/037719,Rezydencki,86.12,3.55,30.09.2025 01:17:04,5,NIE,,
j-2025,14,18.11.2025,18.11.2025 12:37:07,63,159,Mazowieckie,121,Chirurgia szczękowo-twarzowa,2025/038336,Rezydencki,85.99,3.15,26.09.2025 14:16:23,5,NIE,,
j-2025,14,18.11.2025,18.11.2025 12:37:07,63,159,Mazowieckie,122,Chirurgia szczękowo-twarzowa,2025/039578,Rezydencki,85.65,4.11,30.09.2025 13:53:30,5,NIE,,
j-2025,14,18.11.2025,18.11.2025 12:37:07,63,159,Mazowieckie,123,Choroby płuc,2025/040707,Rezydencki,92.14,4.66,29.09.2025 22:14:38,10,NIE,,
j-2025,14,18.11.2025,18.11.2025 12:37:07,63,159,Mazowieckie,124,Choroby płuc,2025/042492,Rezydencki,91.87,4.55,30.09.2025 23:45:23,10,NIE,,
j-2025,14,18.11.2025,18.11.2025 12:37:07,63,159,Mazowieckie,125,Choroby płuc,2025/042771,Rezydencki,90.91,4.22,30.09.2025 19:40:31,10,NIE,,
j-2025,14,18.11.2025,18.11.2025 12:37:07,63,159,Mazowieckie,126,Choroby płuc,2025/043123,Rezydencki,90.91,4.09,30.09.2025 22:46:49,10,NIE,,
j-2025,14,18.11.2025,18.11.2025 12:37:07,63,159,Mazowieckie,127,Choroby płuc,2025/033247,Rezydencki,90.69,4.15,20.09.2025 15:46:27,10,NIE,,
j-2025,14,18.11.2025,18.11.2025 12:37:07,63,159,Mazowieckie,128,Choroby płuc,2025/031390,Rezydencki,89.47,4.05,30.09.2025 19:01:11,10,NIE,,
j-2025,14,18.11.2025,18.11.2025 12:37:07,63,159,Mazowieckie,129,Choroby płuc,2025/037334,Rezydencki,89.00,4.61,30.09.2025 15:28:27,10,NIE,,
j-2025,14,18.11.2025,18.11.2025 12:37:07,63,159,Mazowieckie,130,Choroby płuc,2025/041755,Rezydencki,89.00,3.79,30.09.2025 18:29:16,10,NIE,,
j-2025,14,18.11.2025,18.11.2025 12:37:07,63,159,Mazowieckie,131,Choroby płuc,2025/037078,Rezydencki,88.89,4.67,29.09.2025 18:53:12,10,NIE,,
j-2025,14,18.11.2025,18.11.2025 12:37:07,63,159,Mazowieckie,132,Choroby płuc,2025/028881,Rezydencki,88.10,4.19,28.09.2025 15:21:17,10,NIE,,
j-2025,14,18.11.2025,18.11.2025 12:37:07,63,159,Mazowieckie,133,Choroby płuc,2025/040398,Pozarezydencki,81.82,4.14,29.09.2025 13:15:14,6,NIE,,
j-2025,14,18.11.2025,18.11.2025 12:37:07,63,159,Mazowieckie,134,Choroby płuc,2025/039593,Pozarezydencki,80.00,4.36,29.09.2025 21:33:59,6,NIE,,
j-2025,14,18.11.2025,18.11.2025 12:37:07,63,159,Mazowieckie,135,Choroby płuc,2025/034080,Pozarezydencki,70.91,0.00,09.10.2025 11:46:07,6,NIE,,
j-2025,14,18.11.2025,18.11.2025 12:37:07,63,159,Mazowieckie,136,Choroby płuc,2025/033401,Pozarezydencki,69.16,4.14,09.10.2025 08:58:04,6,NIE,,
j-2025,14,18.11.2025,18.11.2025 12:37:07,63,159,Mazowieckie,137,Choroby płuc,2025/037743,Pozarezydencki,61.79,4.10,23.10.2025 22:37:28,6,NIE,,
j-2025,14,18.11.2025,18.11.2025 12:37:07,63,159,Mazowieckie,138,Choroby płuc,2025/028691,Pozarezydencki,57.27,2.96,05.09.2025 10:23:10,6,NIE,,
j-2025,14,18.11.2025,18.11.2025 12:37:07,63,159,Mazowieckie,139,Choroby płuc dzieci,2025/039852,Rezydencki,87.44,4.20,30.09.2025 08:21:27,1,NIE,,
j-2025,14,18.11.2025,18.11.2025 12:37:07,63,159,Mazowieckie,140,Choroby wewnętrzne,2025/037710,Rezydencki,93.30,4.61,30.09.2025 11:13:42,63,NIE,,
j-2025,14,18.11.2025,18.11.2025 12:37:07,63,159,Mazowieckie,141,Choroby wewnętrzne,2025/030273,Rezydencki,91.90,4.12,15.09.2025 21:48:29,63,NIE,,
j-2025,14,18.11.2025,18.11.2025 12:37:07,63,159,Mazowieckie,142,Choroby wewnętrzne,2025/032228,Rezydencki,90.67,4.47,30.09.2025 19:40:12,63,NIE,,
j-2025,14,18.11.2025,18.11.2025 12:37:07,63,159,Mazowieckie,143,Choroby wewnętrzne,2025/040744,Rezydencki,90.24,4.77,29.09.2025 17:16:41,63,NIE,,
j-2025,14,18.11.2025,18.11.2025 12:37:07,63,159,Mazowieckie,144,Choroby wewnętrzne,2025/038159,Rezydencki,90.24,4.40,30.09.2025 11:40:09,63,NIE,,
j-2025,14,18.11.2025,18.11.2025 12:37:07,63,159,Mazowieckie,145,Choroby wewnętrzne,2025/034793,Rezydencki,90.19,4.27,30.09.2025 13:54:34,63,NIE,,
j-2025,14,18.11.2025,18.11.2025 12:37:07,64,159,Mazowieckie,146,Choroby wewnętrzne,2025/035610,Rezydencki,90.10,4.31,30.09.2025 15:16:50,63,NIE,,
j-2025,14,18.11.2025,18.11.2025 12:37:07,64,159,Mazowieckie,147,Choroby wewnętrzne,2025/037246,Rezydencki,89.71,4.69,30.09.2025 10:09:03,63,NIE,,
j-2025,14,18.11.2025,18.11.2025 12:37:07,64,159,Mazowieckie,148,Choroby wewnętrzne,2025/038227,Rezydencki,89.23,4.40,28.09.2025 12:11:56,63,NIE,,
j-2025,14,18.11.2025,18.11.2025 12:37:07,64,159,Mazowieckie,149,Choroby wewnętrzne,2025/040601,Rezydencki,88.78,4.17,20.10.2025 19:22:17,63,NIE,,
j-2025,14,18.11.2025,18.11.2025 12:37:07,64,159,Mazowieckie,150,Choroby wewnętrzne,2025/037839,Rezydencki,88.57,4.37,27.09.2025 13:54:59,63,NIE,,
j-2025,14,18.11.2025,18.11.2025 12:37:07,64,159,Mazowieckie,151,Choroby wewnętrzne,2025/033948,Rezydencki,88.33,4.37,30.09.2025 23:41:04,63,NIE,,
j-2025,14,18.11.2025,18.11.2025 12:37:07,64,159,Mazowieckie,152,Choroby wewnętrzne,2025/038569,Rezydencki,87.44,4.23,29.09.2025 18:10:58,63,NIE,,
j-2025,14,18.11.2025,18.11.2025 12:37:07,64,159,Mazowieckie,153,Choroby wewnętrzne,2025/029796,Rezydencki,86.67,3.95,30.09.2025 23:21:36,63,NIE,,
j-2025,14,18.11.2025,18.11.2025 12:37:07,64,159,Mazowieckie,154,Choroby wewnętrzne,2025/041322,Rezydencki,86.12,4.39,13.10.2025 14:38:28,63,NIE,,
j-2025,14,18.11.2025,18.11.2025 12:37:07,64,159,Mazowieckie,155,Choroby wewnętrzne,2025/031338,Rezydencki,85.99,3.75,08.09.2025 19:09:58,63,NIE,,
j-2025,14,18.11.2025,18.11.2025 12:37:07,64,159,Mazowieckie,156,Choroby wewnętrzne,2025/040635,Rezydencki,85.65,4.23,30.09.2025 19:45:52,63,NIE,,
j-2025,14,18.11.2025,18.11.2025 12:37:07,64,159,Mazowieckie,157,Choroby wewnętrzne,2025/040814,Rezydencki,85.48,3.95,02.10.2025 14:57:47,63,NIE,,
j-2025,14,18.11.2025,18.11.2025 12:37:07,64,159,Mazowieckie,158,Choroby wewnętrzne,2025/035140,Rezydencki,85.24,3.98,30.09.2025 22:03:59,63,NIE,,
j-2025,14,18.11.2025,18.11.2025 12:37:07,64,159,Mazowieckie,159,Choroby wewnętrzne,2025/037765,Rezydencki,84.76,3.98,25.09.2025 18:38:11,63,NIE,,
j-2025,14,18.11.2025,18.11.2025 12:37:07,64,159,Mazowieckie,160,Choroby wewnętrzne,2025/037512,Rezydencki,84.69,4.26,09.10.2025 14:43:49,63,NIE,,
j-2025,14,18.11.2025,18.11.2025 12:37:07,64,159,Mazowieckie,161,Choroby wewnętrzne,2025/032803,Rezydencki,84.69,4.13,16.10.2025 22:40:25,63,NIE,,
j-2025,14,18.11.2025,18.11.2025 12:37:07,64,159,Mazowieckie,162,Choroby wewnętrzne,2025/041317,Rezydencki,84.21,4.36,07.10.2025 15:19:56,63,NIE,,
j-2025,14,18.11.2025,18.11.2025 12:37:07,64,159,Mazowieckie,163,Choroby wewnętrzne,2025/041262,Rezydencki,83.49,3.96,30.09.2025 16:29:06,63,NIE,,
j-2025,14,18.11.2025,18.11.2025 12:37:07,64,159,Mazowieckie,164,Choroby wewnętrzne,2025/031192,Rezydencki,82.78,3.84,30.09.2025 15:50:30,63,NIE,,
j-2025,14,18.11.2025,18.11.2025 12:37:07,64,159,Mazowieckie,165,Choroby wewnętrzne,2025/042074,Rezydencki,82.62,3.74,12.10.2025 23:13:44,63,NIE,,
j-2025,14,18.11.2025,18.11.2025 12:37:07,64,159,Mazowieckie,166,Choroby wewnętrzne,2025/039805,Rezydencki,82.38,4.23,05.10.2025 19:52:19,63,NIE,,
j-2025,14,18.11.2025,18.11.2025 12:37:07,64,159,Mazowieckie,167,Choroby wewnętrzne,2025/041832,Rezydencki,81.82,3.30,30.09.2025 21:09:14,63,NIE,,
j-2025,14,18.11.2025,18.11.2025 12:37:07,64,159,Mazowieckie,168,Choroby wewnętrzne,2025/033188,Rezydencki,80.88,3.69,15.09.2025 17:42:08,63,NIE,,
j-2025,14,18.11.2025,18.11.2025 12:37:07,64,159,Mazowieckie,169,Choroby wewnętrzne,2025/039736,Rezydencki,80.86,3.31,30.09.2025 16:35:26,63,NIE,,
j-2025,14,18.11.2025,18.11.2025 12:37:07,64,159,Mazowieckie,170,Choroby wewnętrzne,2025/042781,Rezydencki,80.68,3.58,30.09.2025 19:39:16,63,NIE,,
j-2025,14,18.11.2025,18.11.2025 12:37:07,64,159,Mazowieckie,171,Choroby wewnętrzne,2025/039467,Rezydencki,80.38,4.61,28.09.2025 16:25:23,63,NIE,,
j-2025,14,18.11.2025,18.11.2025 12:37:07,64,159,Mazowieckie,172,Choroby wewnętrzne,2025/038915,Rezydencki,80.38,3.51,29.09.2025 20:22:41,63,NIE,,
j-2025,14,18.11.2025,18.11.2025 12:37:07,64,159,Mazowieckie,173,Choroby wewnętrzne,2025/041341,Rezydencki,80.38,3.27,30.09.2025 21:05:36,63,NIE,,
j-2025,14,18.11.2025,18.11.2025 12:37:07,64,159,Mazowieckie,174,Choroby wewnętrzne,2025/033216,Rezydencki,80.19,4.13,23.09.2025 16:46:23,63,NIE,,
j-2025,14,18.11.2025,18.11.2025 12:37:07,64,159,Mazowieckie,175,Choroby wewnętrzne,2025/036937,Rezydencki,79.90,3.54,30.09.2025 13:43:51,63,NIE,,
j-2025,14,18.11.2025,18.11.2025 12:37:07,64,159,Mazowieckie,176,Choroby wewnętrzne,2025/035573,Rezydencki,79.23,4.89,22.09.2025 20:54:21,63,NIE,,
j-2025,14,18.11.2025,18.11.2025 12:37:07,64,159,Mazowieckie,177,Choroby wewnętrzne,2025/032817,Rezydencki,78.95,4.26,11.10.2025 11:53:30,63,NIE,,
j-2025,14,18.11.2025,18.11.2025 12:37:07,64,159,Mazowieckie,178,Choroby wewnętrzne,2025/032636,Rezydencki,77.99,4.20,29.09.2025 13:42:51,63,NIE,,
j-2025,14,18.11.2025,18.11.2025 12:37:07,64,159,Mazowieckie,179,Choroby wewnętrzne,2025/042895,Rezydencki,77.75,3.31,30.09.2025 21:13:06,63,NIE,,
j-2025,14,18.11.2025,18.11.2025 12:37:07,64,159,Mazowieckie,180,Choroby wewnętrzne,2025/040955,Rezydencki,77.29,3.77,29.09.2025 19:05:13,63,NIE,,
j-2025,14,18.11.2025,18.11.2025 12:37:07,64,159,Mazowieckie,181,Choroby wewnętrzne,2025/035708,Rezydencki,76.57,3.68,29.09.2025 23:22:46,63,NIE,,
j-2025,14,18.11.2025,18.11.2025 12:37:07,65,159,Mazowieckie,182,Choroby wewnętrzne,2025/038696,Rezydencki,76.56,3.37,30.09.2025 18:00:46,63,NIE,,
j-2025,14,18.11.2025,18.11.2025 12:37:07,65,159,Mazowieckie,183,Choroby wewnętrzne,2025/037830,Rezydencki,75.60,4.25,30.09.2025 01:35:02,63,NIE,,
j-2025,14,18.11.2025,18.11.2025 12:37:07,65,159,Mazowieckie,184,Choroby wewnętrzne,2025/037272,Rezydencki,75.60,4.08,29.09.2025 22:08:24,63,NIE,,
j-2025,14,18.11.2025,18.11.2025 12:37:07,65,159,Mazowieckie,185,Choroby wewnętrzne,2025/028653,Rezydencki,74.88,3.53,18.09.2025 22:35:31,63,NIE,,
j-2025,14,18.11.2025,18.11.2025 12:37:07,65,159,Mazowieckie,186,Choroby wewnętrzne,2025/040199,Rezydencki,74.64,3.81,30.09.2025 13:48:18,63,NIE,,
j-2025,14,18.11.2025,18.11.2025 12:37:07,65,159,Mazowieckie,187,Choroby wewnętrzne,2025/040232,Rezydencki,74.64,3.50,30.09.2025 14:15:30,63,NIE,,
j-2025,14,18.11.2025,18.11.2025 12:37:07,65,159,Mazowieckie,188,Choroby wewnętrzne,2025/037268,Rezydencki,74.05,3.39,30.09.2025 23:27:12,63,NIE,,
j-2025,14,18.11.2025,18.11.2025 12:37:07,65,159,Mazowieckie,189,Choroby wewnętrzne,2025/042851,Rezydencki,73.21,3.66,30.09.2025 23:27:59,63,NIE,,
j-2025,14,18.11.2025,18.11.2025 12:37:07,65,159,Mazowieckie,190,Choroby wewnętrzne,2025/042934,Rezydencki,73.21,3.17,30.09.2025 21:17:46,63,NIE,,
j-2025,14,18.11.2025,18.11.2025 12:37:07,65,159,Mazowieckie,191,Choroby wewnętrzne,2025/036212,Rezydencki,72.86,3.53,30.09.2025 00:43:04,63,NIE,,
j-2025,14,18.11.2025,18.11.2025 12:37:07,65,159,Mazowieckie,192,Choroby wewnętrzne,2025/039982,Rezydencki,72.73,3.83,30.09.2025 17:19:08,63,NIE,,
j-2025,14,18.11.2025,18.11.2025 12:37:07,65,159,Mazowieckie,193,Choroby wewnętrzne,2025/042506,Rezydencki,72.25,4.27,30.09.2025 16:57:58,63,NIE,,
j-2025,14,18.11.2025,18.11.2025 12:37:07,65,159,Mazowieckie,194,Choroby wewnętrzne,2025/041630,Rezydencki,72.01,3.59,29.09.2025 23:25:09,63,NIE,,
j-2025,14,18.11.2025,18.11.2025 12:37:07,65,159,Mazowieckie,195,Choroby wewnętrzne,2025/038685,Rezydencki,66.51,4.22,09.10.2025 12:36:58,63,NIE,,
j-2025,14,18.11.2025,18.11.2025 12:37:07,65,159,Mazowieckie,196,Choroby wewnętrzne,2025/042375,Rezydencki,64.29,3.49,30.09.2025 21:31:22,63,NIE,,
j-2025,14,18.11.2025,18.11.2025 12:37:07,65,159,Mazowieckie,197,Choroby wewnętrzne,2025/035534,Rezydencki,64.11,3.69,30.09.2025 21:41:40,63,NIE,,
j-2025,14,18.11.2025,18.11.2025 12:37:07,65,159,Mazowieckie,198,Choroby wewnętrzne,2025/041422,Rezydencki,63.73,2.95,30.09.2025 17:03:31,63,NIE,,
j-2025,14,18.11.2025,18.11.2025 12:37:07,65,159,Mazowieckie,199,Choroby wewnętrzne,2025/035203,Rezydencki,62.44,3.68,30.09.2025 04:00:28,63,NIE,,
j-2025,14,18.11.2025,18.11.2025 12:37:07,65,159,Mazowieckie,200,Choroby wewnętrzne,2025/041099,Rezydencki,60.00,3.22,13.10.2025 13:41:43,63,NIE,,
j-2025,14,18.11.2025,18.11.2025 12:37:07,65,159,Mazowieckie,201,Choroby wewnętrzne,2025/042643,Rezydencki,59.33,3.08,21.10.2025 19:59:03,63,NIE,,
j-2025,14,18.11.2025,18.11.2025 12:37:07,65,159,Mazowieckie,202,Choroby wewnętrzne,2025/034210,Rezydencki,54.33,3.00,22.10.2025 11:25:04,63,NIE,,
j-2025,14,18.11.2025,18.11.2025 12:37:07,65,159,Mazowieckie,203,Choroby wewnętrzne,2025/036695,Pozarezydencki,80.28,4.57,06.10.2025 17:28:47,6,NIE,,
j-2025,14,18.11.2025,18.11.2025 12:37:07,65,159,Mazowieckie,204,Choroby wewnętrzne,2025/038014,Pozarezydencki,70.87,4.02,18.10.2025 11:41:09,6,NIE,,
j-2025,14,18.11.2025,18.11.2025 12:37:07,65,159,Mazowieckie,205,Choroby wewnętrzne,2025/030805,Pozarezydencki,67.28,3.82,29.09.2025 01:10:05,6,NIE,,
j-2025,14,18.11.2025,18.11.2025 12:37:07,65,159,Mazowieckie,206,Choroby wewnętrzne,2025/032888,Pozarezydencki,65.00,3.95,27.10.2025 09:44:59,6,NIE,,
j-2025,14,18.11.2025,18.11.2025 12:37:07,65,159,Mazowieckie,207,Choroby wewnętrzne,2025/042443,Pozarezydencki,57.27,0.00,07.10.2025 15:18:06,6,NIE,,
j-2025,14,18.11.2025,18.11.2025 12:37:07,65,159,Mazowieckie,208,Choroby wewnętrzne,2025/041834,Pozarezydencki,0.00,0.00,15.10.2025 13:19:36,6,NIE,,
j-2025,14,18.11.2025,18.11.2025 12:37:07,65,159,Mazowieckie,209,Choroby zakaźne,2025/031587,Rezydencki,90.82,4.61,26.09.2025 14:00:20,9,NIE,,
j-2025,14,18.11.2025,18.11.2025 12:37:07,65,159,Mazowieckie,210,Choroby zakaźne,2025/033656,Rezydencki,87.56,4.00,30.09.2025 11:18:56,9,NIE,,
j-2025,14,18.11.2025,18.11.2025 12:37:07,65,159,Mazowieckie,211,Choroby zakaźne,2025/033585,Rezydencki,85.71,4.24,30.09.2025 20:32:17,9,NIE,,
j-2025,14,18.11.2025,18.11.2025 12:37:07,65,159,Mazowieckie,212,Choroby zakaźne,2025/039063,Rezydencki,84.06,3.90,30.09.2025 19:14:06,9,NIE,,
j-2025,14,18.11.2025,18.11.2025 12:37:07,65,159,Mazowieckie,213,Choroby zakaźne,2025/041898,Rezydencki,80.86,4.13,30.09.2025 17:46:58,9,NIE,,
j-2025,14,18.11.2025,18.11.2025 12:37:07,65,159,Mazowieckie,214,Choroby zakaźne,2025/030386,Rezydencki,80.19,3.69,16.10.2025 09:43:00,9,NIE,,
j-2025,14,18.11.2025,18.11.2025 12:37:07,65,159,Mazowieckie,215,Choroby zakaźne,2025/043136,Rezydencki,77.29,3.76,30.09.2025 22:20:59,9,NIE,,
j-2025,14,18.11.2025,18.11.2025 12:37:07,65,159,Mazowieckie,216,Choroby zakaźne,2025/041037,Rezydencki,75.60,4.66,30.09.2025 19:37:59,9,NIE,,
j-2025,14,18.11.2025,18.11.2025 12:37:07,65,159,Mazowieckie,217,Choroby zakaźne,2025/032235,Rezydencki,74.16,3.24,30.09.2025 13:05:56,9,NIE,,
j-2025,14,18.11.2025,18.11.2025 12:37:07,66,159,Mazowieckie,218,Choroby zakaźne,2025/037567,Pozarezydencki,84.32,4.31,06.10.2025 12:09:02,2,NIE,,
j-2025,14,18.11.2025,18.11.2025 12:37:07,66,159,Mazowieckie,219,Choroby zakaźne,2025/039518,Pozarezydencki,70.91,4.57,28.09.2025 17:38:43,2,NIE,,
j-2025,14,18.11.2025,18.11.2025 12:37:07,66,159,Mazowieckie,220,Dermatologia i wenerologia,2025/028609,Rezydencki,95.22,4.71,30.09.2025 20:21:35,10,NIE,,
j-2025,14,18.11.2025,18.11.2025 12:37:07,66,159,Mazowieckie,221,Dermatologia i wenerologia,2025/039376,Rezydencki,95.22,4.11,30.09.2025 15:39:59,10,NIE,,
j-2025,14,18.11.2025,18.11.2025 12:37:07,66,159,Mazowieckie,222,Dermatologia i wenerologia,2025/039397,Rezydencki,95.22,4.09,30.09.2025 07:18:37,10,NIE,,
j-2025,14,18.11.2025,18.11.2025 12:37:07,66,159,Mazowieckie,223,Dermatologia i wenerologia,2025/040009,Rezydencki,94.74,4.65,30.09.2025 23:50:04,10,NIE,,
j-2025,14,18.11.2025,18.11.2025 12:37:07,66,159,Mazowieckie,224,Dermatologia i wenerologia,2025/037794,Rezydencki,93.78,4.90,30.09.2025 18:06:03,10,NIE,,
j-2025,14,18.11.2025,18.11.2025 12:37:07,66,159,Mazowieckie,225,Dermatologia i wenerologia,2025/037782,Rezydencki,93.78,4.08,30.09.2025 12:58:50,10,NIE,,
j-2025,14,18.11.2025,18.11.2025 12:37:07,66,159,Mazowieckie,226,Dermatologia i wenerologia,2025/029685,Rezydencki,93.30,4.59,15.10.2025 09:29:29,10,NIE,,
j-2025,14,18.11.2025,18.11.2025 12:37:07,66,159,Mazowieckie,227,Dermatologia i wenerologia,2025/036394,Rezydencki,93.30,4.52,30.09.2025 06:55:21,10,NIE,,
j-2025,14,18.11.2025,18.11.2025 12:37:07,66,159,Mazowieckie,228,Dermatologia i wenerologia,2025/037868,Rezydencki,93.30,4.02,30.09.2025 16:16:00,10,NIE,,
j-2025,14,18.11.2025,18.11.2025 12:37:07,66,159,Mazowieckie,229,Dermatologia i wenerologia,2025/028997,Rezydencki,93.17,4.53,01.09.2025 19:18:24,10,NIE,,
j-2025,14,18.11.2025,18.11.2025 12:37:07,66,159,Mazowieckie,230,Diabetologia,2025/038827,Rezydencki,91.43,4.68,27.09.2025 12:22:17,5,NIE,,
j-2025,14,18.11.2025,18.11.2025 12:37:07,66,159,Mazowieckie,231,Diabetologia,2025/042792,Rezydencki,91.39,4.16,17.10.2025 11:40:53,5,NIE,,
j-2025,14,18.11.2025,18.11.2025 12:37:07,66,159,Mazowieckie,232,Diabetologia,2025/040954,Rezydencki,90.43,4.53,30.09.2025 16:09:15,5,NIE,,
j-2025,14,18.11.2025,18.11.2025 12:37:07,66,159,Mazowieckie,233,Diabetologia,2025/028891,Rezydencki,90.43,4.03,30.09.2025 21:34:11,5,NIE,,
j-2025,14,18.11.2025,18.11.2025 12:37:07,66,159,Mazowieckie,234,Diabetologia,2025/032247,Rezydencki,89.95,4.28,30.09.2025 17:52:30,5,NIE,,
j-2025,14,18.11.2025,18.11.2025 12:37:07,66,159,Mazowieckie,235,Diabetologia,2025/032800,Pozarezydencki,86.30,3.98,30.09.2025 14:41:00,3,NIE,,
j-2025,14,18.11.2025,18.11.2025 12:37:07,66,159,Mazowieckie,236,Diabetologia,2025/037145,Pozarezydencki,81.36,3.43,24.09.2025 22:14:35,3,NIE,,
j-2025,14,18.11.2025,18.11.2025 12:37:07,66,159,Mazowieckie,237,Diabetologia,2025/043190,Pozarezydencki,80.00,3.78,30.09.2025 22:17:56,3,NIE,,
j-2025,14,18.11.2025,18.11.2025 12:37:07,66,159,Mazowieckie,238,Endokrynologia,2025/040739,Rezydencki,95.69,4.79,30.09.2025 18:05:38,4,NIE,,
j-2025,14,18.11.2025,18.11.2025 12:37:07,66,159,Mazowieckie,239,Endokrynologia,2025/033836,Rezydencki,93.78,4.59,30.09.2025 15:27:11,4,NIE,,
j-2025,14,18.11.2025,18.11.2025 12:37:07,66,159,Mazowieckie,240,Endokrynologia,2025/041700,Rezydencki,93.24,4.55,30.09.2025 00:29:07,4,NIE,,
j-2025,14,18.11.2025,18.11.2025 12:37:07,66,159,Mazowieckie,241,Endokrynologia,2025/040528,Rezydencki,93.06,4.20,30.09.2025 22:23:58,4,NIE,,
j-2025,14,18.11.2025,18.11.2025 12:37:07,66,159,Mazowieckie,242,Endokrynologia,2025/039403,Pozarezydencki,87.85,3.94,30.09.2025 19:59:54,1,NIE,,
j-2025,14,18.11.2025,18.11.2025 12:37:07,66,159,Mazowieckie,243,Endokrynologia ginekologiczna i rozrodczość,2025/039111,Pozarezydencki,90.55,3.75,30.09.2025 13:09:11,2,NIE,,
j-2025,14,18.11.2025,18.11.2025 12:37:07,66,159,Mazowieckie,244,Endokrynologia ginekologiczna i rozrodczość,2025/033263,Pozarezydencki,84.65,3.56,15.09.2025 21:04:49,2,NIE,,
j-2025,14,18.11.2025,18.11.2025 12:37:07,66,159,Mazowieckie,245,Endokrynologia i diabetologia dziecięca,2025/028446,Rezydencki,93.24,4.82,30.09.2025 19:30:58,1,NIE,,
j-2025,14,18.11.2025,18.11.2025 12:37:07,66,159,Mazowieckie,246,Endokrynologia i diabetologia dziecięca,2025/035843,Pozarezydencki,83.49,4.48,13.10.2025 09:52:14,1,NIE,,
j-2025,14,18.11.2025,18.11.2025 12:37:07,66,159,Mazowieckie,247,Farmakologia kliniczna,2025/033579,Rezydencki,87.32,4.34,23.10.2025 18:30:30,1,NIE,,
j-2025,14,18.11.2025,18.11.2025 12:37:07,66,159,Mazowieckie,248,Gastroenterologia,2025/038099,Rezydencki,93.78,4.31,30.09.2025 16:00:47,1,NIE,,
j-2025,14,18.11.2025,18.11.2025 12:37:07,66,159,Mazowieckie,249,Gastroenterologia,2025/040046,Pozarezydencki,88.58,4.03,18.10.2025 09:35:05,1,NIE,,
j-2025,14,18.11.2025,18.11.2025 12:37:07,66,159,Mazowieckie,250,Gastroenterologia dziecięca,2025/038564,Rezydencki,87.56,4.34,30.09.2025 13:57:55,1,NIE,,
j-2025,14,18.11.2025,18.11.2025 12:37:07,66,159,Mazowieckie,251,Gastroenterologia dziecięca,2025/031406,Pozarezydencki,84.09,4.53,06.10.2025 08:07:22,4,NIE,,
j-2025,14,18.11.2025,18.11.2025 12:37:07,66,159,Mazowieckie,252,Gastroenterologia dziecięca,2025/031910,Pozarezydencki,83.41,3.66,08.10.2025 12:42:27,4,NIE,,
j-2025,14,18.11.2025,18.11.2025 12:37:07,66,159,Mazowieckie,253,Gastroenterologia dziecięca,2025/040293,Pozarezydencki,75.80,0.00,17.10.2025 17:42:24,4,NIE,,
j-2025,14,18.11.2025,18.11.2025 12:37:07,67,159,Mazowieckie,254,Gastroenterologia dziecięca,2025/043098,Pozarezydencki,67.36,4.03,30.09.2025 21:42:55,4,NIE,,
j-2025,14,18.11.2025,18.11.2025 12:37:07,67,159,Mazowieckie,255,Genetyka kliniczna,2025/031489,Pozarezydencki,93.64,4.65,07.10.2025 14:58:11,1,NIE,,
j-2025,14,18.11.2025,18.11.2025 12:37:07,67,159,Mazowieckie,256,Geriatria,2025/034518,Rezydencki,85.02,3.87,19.09.2025 21:46:33,1,NIE,,
j-2025,14,18.11.2025,18.11.2025 12:37:07,67,159,Mazowieckie,257,Geriatria,2025/035758,Pozarezydencki,70.91,3.66,29.09.2025 11:26:33,1,NIE,,
j-2025,14,18.11.2025,18.11.2025 12:37:07,67,159,Mazowieckie,258,Ginekologia onkologiczna,2025/028716,Pozarezydencki,84.55,4.02,14.10.2025 14:48:17,3,NIE,,
j-2025,14,18.11.2025,18.11.2025 12:37:07,67,159,Mazowieckie,259,Ginekologia onkologiczna,2025/035234,Pozarezydencki,70.91,2.96,10.10.2025 15:30:27,3,NIE,,
j-2025,14,18.11.2025,18.11.2025 12:37:07,67,159,Mazowieckie,260,Ginekologia onkologiczna,2025/042075,Pozarezydencki,66.36,0.00,21.10.2025 12:11:03,3,NIE,,
j-2025,14,18.11.2025,18.11.2025 12:37:07,67,159,Mazowieckie,261,Hematologia,2025/029979,Rezydencki,94.20,4.79,17.09.2025 17:17:53,12,NIE,,
j-2025,14,18.11.2025,18.11.2025 12:37:07,67,159,Mazowieckie,262,Hematologia,2025/035135,Rezydencki,91.30,4.60,30.09.2025 15:18:12,12,NIE,,
j-2025,14,18.11.2025,18.11.2025 12:37:07,67,159,Mazowieckie,263,Hematologia,2025/030768,Rezydencki,91.15,4.15,26.09.2025 20:40:43,12,NIE,,
j-2025,14,18.11.2025,18.11.2025 12:37:07,67,159,Mazowieckie,264,Hematologia,2025/037995,Rezydencki,87.08,4.23,30.09.2025 11:57:18,12,NIE,,
j-2025,14,18.11.2025,18.11.2025 12:37:07,67,159,Mazowieckie,265,Hematologia,2025/031971,Rezydencki,86.47,4.48,12.09.2025 19:34:16,12,NIE,,
j-2025,14,18.11.2025,18.11.2025 12:37:07,67,159,Mazowieckie,266,Hematologia,2025/036315,Rezydencki,85.71,4.46,23.09.2025 21:15:53,12,NIE,,
j-2025,14,18.11.2025,18.11.2025 12:37:07,67,159,Mazowieckie,267,Hematologia,2025/041089,Rezydencki,82.30,4.44,30.09.2025 19:35:43,12,NIE,,
j-2025,14,18.11.2025,18.11.2025 12:37:07,67,159,Mazowieckie,268,Hematologia,2025/037353,Rezydencki,78.95,3.44,30.09.2025 15:55:32,12,NIE,,
j-2025,14,18.11.2025,18.11.2025 12:37:07,67,159,Mazowieckie,269,Hematologia,2025/041382,Rezydencki,77.86,3.75,30.09.2025 22:14:17,12,NIE,,
j-2025,14,18.11.2025,18.11.2025 12:37:07,67,159,Mazowieckie,270,Hematologia,2025/038785,Rezydencki,77.75,3.59,07.10.2025 09:19:19,12,NIE,,
j-2025,14,18.11.2025,18.11.2025 12:37:07,67,159,Mazowieckie,271,Hematologia,2025/031288,Rezydencki,71.57,3.78,08.09.2025 17:09:01,12,NIE,,
j-2025,14,18.11.2025,18.11.2025 12:37:07,67,159,Mazowieckie,272,Hematologia,2025/043418,Rezydencki,56.94,2.42,26.10.2025 20:32:37,12,NIE,,
j-2025,14,18.11.2025,18.11.2025 12:37:07,67,159,Mazowieckie,273,Hematologia,2025/028864,Pozarezydencki,75.23,4.52,30.09.2025 09:32:43,1,NIE,,
j-2025,14,18.11.2025,18.11.2025 12:37:07,67,159,Mazowieckie,274,Immunologia kliniczna,2025/034731,Pozarezydencki,89.09,4.63,21.09.2025 10:04:46,4,NIE,,
j-2025,14,18.11.2025,18.11.2025 12:37:07,67,159,Mazowieckie,275,Immunologia kliniczna,2025/032302,Pozarezydencki,84.55,3.81,15.10.2025 19:02:50,4,NIE,,
j-2025,14,18.11.2025,18.11.2025 12:37:07,67,159,Mazowieckie,276,Immunologia kliniczna,2025/033508,Pozarezydencki,80.00,4.31,16.09.2025 15:51:46,4,NIE,,
j-2025,14,18.11.2025,18.11.2025 12:37:07,67,159,Mazowieckie,277,Immunologia kliniczna,2025/028902,Pozarezydencki,76.42,3.91,01.10.2025 15:50:47,4,NIE,,
j-2025,14,18.11.2025,18.11.2025 12:37:07,67,159,Mazowieckie,278,Intensywna terapia,2025/033266,Pozarezydencki,83.41,3.33,09.10.2025 17:20:31,1,NIE,,
j-2025,14,18.11.2025,18.11.2025 12:37:07,67,159,Mazowieckie,279,Kardiochirurgia,2025/040896,Rezydencki,93.06,4.52,30.09.2025 15:54:08,3,NIE,,
j-2025,14,18.11.2025,18.11.2025 12:37:07,67,159,Mazowieckie,280,Kardiochirurgia,2025/039016,Rezydencki,88.04,4.25,30.09.2025 22:15:01,3,NIE,,
j-2025,14,18.11.2025,18.11.2025 12:37:07,67,159,Mazowieckie,281,Kardiochirurgia,2025/031894,Rezydencki,87.68,4.06,16.09.2025 11:27:21,3,NIE,,
j-2025,14,18.11.2025,18.11.2025 12:37:07,67,159,Mazowieckie,282,Kardiochirurgia,2025/029057,Pozarezydencki,78.77,4.18,26.09.2025 10:53:12,2,NIE,,
j-2025,14,18.11.2025,18.11.2025 12:37:07,67,159,Mazowieckie,283,Kardiochirurgia,2025/038280,Pozarezydencki,75.57,3.57,30.09.2025 17:44:03,2,NIE,,
j-2025,14,18.11.2025,18.11.2025 12:37:07,67,159,Mazowieckie,284,Kardiologia,2025/032673,Rezydencki,93.78,4.69,30.09.2025 09:27:49,23,NIE,,
j-2025,14,18.11.2025,18.11.2025 12:37:07,67,159,Mazowieckie,285,Kardiologia,2025/032502,Rezydencki,93.72,4.50,24.09.2025 01:17:13,23,NIE,,
j-2025,14,18.11.2025,18.11.2025 12:37:07,67,159,Mazowieckie,286,Kardiologia,2025/033471,Rezydencki,93.17,4.69,29.09.2025 11:07:06,23,NIE,,
j-2025,14,18.11.2025,18.11.2025 12:37:07,67,159,Mazowieckie,287,Kardiologia,2025/037229,Rezydencki,92.82,4.69,30.09.2025 05:29:08,23,NIE,,
j-2025,14,18.11.2025,18.11.2025 12:37:07,67,159,Mazowieckie,288,Kardiologia,2025/039889,Rezydencki,92.82,4.26,30.09.2025 18:01:09,23,NIE,,
j-2025,14,18.11.2025,18.11.2025 12:37:07,67,159,Mazowieckie,289,Kardiologia,2025/033984,Rezydencki,92.16,4.87,30.09.2025 12:15:35,23,NIE,,
j-2025,14,18.11.2025,18.11.2025 12:37:07,68,159,Mazowieckie,290,Kardiologia,2025/036248,Rezydencki,91.43,4.48,13.10.2025 12:47:51,23,NIE,,
j-2025,14,18.11.2025,18.11.2025 12:37:07,68,159,Mazowieckie,291,Kardiologia,2025/038844,Rezydencki,91.39,4.48,30.09.2025 16:19:34,23,NIE,,
j-2025,14,18.11.2025,18.11.2025 12:37:07,68,159,Mazowieckie,292,Kardiologia,2025/036722,Rezydencki,91.15,4.63,30.09.2025 20:45:59,23,NIE,,
j-2025,14,18.11.2025,18.11.2025 12:37:07,68,159,Mazowieckie,293,Kardiologia,2025/038823,Rezydencki,91.15,3.81,30.09.2025 17:03:37,23,NIE,,
j-2025,14,18.11.2025,18.11.2025 12:37:07,68,159,Mazowieckie,294,Kardiologia,2025/041253,Rezydencki,90.91,4.36,15.10.2025 20:24:35,23,NIE,,
j-2025,14,18.11.2025,18.11.2025 12:37:07,68,159,Mazowieckie,295,Kardiologia,2025/033590,Rezydencki,90.82,4.55,03.10.2025 16:10:28,23,NIE,,
j-2025,14,18.11.2025,18.11.2025 12:37:07,68,159,Mazowieckie,296,Kardiologia,2025/032649,Rezydencki,90.43,4.19,26.09.2025 19:12:09,23,NIE,,
j-2025,14,18.11.2025,18.11.2025 12:37:07,68,159,Mazowieckie,297,Kardiologia,2025/040859,Rezydencki,90.34,3.81,29.09.2025 22:02:08,23,NIE,,
j-2025,14,18.11.2025,18.11.2025 12:37:07,68,159,Mazowieckie,298,Kardiologia,2025/038170,Rezydencki,89.95,4.17,30.09.2025 11:20:31,23,NIE,,
j-2025,14,18.11.2025,18.11.2025 12:37:07,68,159,Mazowieckie,299,Kardiologia,2025/029817,Rezydencki,89.95,2.62,30.09.2025 07:06:57,23,NIE,,
j-2025,14,18.11.2025,18.11.2025 12:37:07,68,159,Mazowieckie,300,Kardiologia,2025/030990,Rezydencki,89.86,4.31,07.09.2025 18:07:01,23,NIE,,
j-2025,14,18.11.2025,18.11.2025 12:37:07,68,159,Mazowieckie,301,Kardiologia,2025/040082,Rezydencki,89.86,4.15,30.09.2025 18:24:41,23,NIE,,
j-2025,14,18.11.2025,18.11.2025 12:37:07,68,159,Mazowieckie,302,Kardiologia,2025/041451,Rezydencki,89.47,4.05,30.09.2025 18:18:28,23,NIE,,
j-2025,14,18.11.2025,18.11.2025 12:37:07,68,159,Mazowieckie,303,Kardiologia,2025/031928,Rezydencki,89.37,4.33,30.09.2025 23:56:17,23,NIE,,
j-2025,14,18.11.2025,18.11.2025 12:37:07,68,159,Mazowieckie,304,Kardiologia,2025/033650,Rezydencki,89.37,4.26,30.09.2025 19:06:01,23,NIE,,
j-2025,14,18.11.2025,18.11.2025 12:37:07,68,159,Mazowieckie,305,Kardiologia,2025/041329,Rezydencki,89.23,4.48,15.10.2025 21:04:32,23,NIE,,
j-2025,14,18.11.2025,18.11.2025 12:37:07,68,159,Mazowieckie,306,Kardiologia,2025/028939,Rezydencki,89.05,4.50,30.09.2025 21:50:59,23,NIE,,
j-2025,14,18.11.2025,18.11.2025 12:37:07,68,159,Mazowieckie,307,Kardiologia,2025/028948,Pozarezydencki,82.95,4.30,01.09.2025 18:01:55,14,NIE,,
j-2025,14,18.11.2025,18.11.2025 12:37:07,68,159,Mazowieckie,308,Kardiologia,2025/037831,Pozarezydencki,82.73,4.51,25.09.2025 22:28:50,14,NIE,,
j-2025,14,18.11.2025,18.11.2025 12:37:07,68,159,Mazowieckie,309,Kardiologia,2025/037003,Pozarezydencki,82.27,4.22,24.09.2025 19:52:43,14,NIE,,
j-2025,14,18.11.2025,18.11.2025 12:37:07,68,159,Mazowieckie,310,Kardiologia,2025/037779,Pozarezydencki,81.80,4.37,07.10.2025 13:30:38,14,NIE,,
j-2025,14,18.11.2025,18.11.2025 12:37:07,68,159,Mazowieckie,311,Kardiologia,2025/037875,Pozarezydencki,81.28,3.91,30.09.2025 18:43:11,14,NIE,,
j-2025,14,18.11.2025,18.11.2025 12:37:07,68,159,Mazowieckie,312,Kardiologia,2025/036662,Pozarezydencki,77.17,4.28,29.09.2025 15:12:47,14,NIE,,
j-2025,14,18.11.2025,18.11.2025 12:37:07,68,159,Mazowieckie,313,Kardiologia,2025/035608,Pozarezydencki,75.94,3.76,22.09.2025 21:26:42,14,NIE,,
j-2025,14,18.11.2025,18.11.2025 12:37:07,68,159,Mazowieckie,314,Kardiologia,2025/040066,Pozarezydencki,75.45,3.66,30.09.2025 20:09:27,14,NIE,,
j-2025,14,18.11.2025,18.11.2025 12:37:07,68,159,Mazowieckie,315,Kardiologia,2025/038024,Pozarezydencki,70.91,4.09,14.10.2025 09:22:20,14,NIE,,
j-2025,14,18.11.2025,18.11.2025 12:37:07,68,159,Mazowieckie,316,Kardiologia,2025/034272,Pozarezydencki,70.91,3.76,17.10.2025 10:14:22,14,NIE,,
j-2025,14,18.11.2025,18.11.2025 12:37:07,68,159,Mazowieckie,317,Kardiologia,2025/035902,Pozarezydencki,70.91,0.00,15.10.2025 20:48:00,14,NIE,,
j-2025,14,18.11.2025,18.11.2025 12:37:07,68,159,Mazowieckie,318,Kardiologia,2025/040869,Pozarezydencki,70.51,4.06,29.09.2025 18:18:38,14,NIE,,
j-2025,14,18.11.2025,18.11.2025 12:37:07,68,159,Mazowieckie,319,Kardiologia,2025/039097,Pozarezydencki,61.82,3.11,16.10.2025 13:50:24,14,NIE,,
j-2025,14,18.11.2025,18.11.2025 12:37:07,68,159,Mazowieckie,320,Kardiologia,2025/042526,Pozarezydencki,9.09,0.00,31.10.2025 14:16:05,14,NIE,,
j-2025,14,18.11.2025,18.11.2025 12:37:07,68,159,Mazowieckie,321,Kardiologia dziecięca,2025/043085,Pozarezydencki,81.42,4.61,30.09.2025 22:02:09,2,NIE,,
j-2025,14,18.11.2025,18.11.2025 12:37:07,68,159,Mazowieckie,322,Kardiologia dziecięca,2025/030337,Pozarezydencki,73.83,4.08,17.10.2025 11:53:56,2,NIE,,
j-2025,14,18.11.2025,18.11.2025 12:37:07,68,159,Mazowieckie,323,Medycyna nuklearna,2025/038105,Rezydencki,87.80,4.18,30.09.2025 20:54:24,3,NIE,,
j-2025,14,18.11.2025,18.11.2025 12:37:07,68,159,Mazowieckie,324,Medycyna nuklearna,2025/031735,Rezydencki,77.86,3.51,09.09.2025 23:14:57,3,NIE,,
j-2025,14,18.11.2025,18.11.2025 12:37:07,68,159,Mazowieckie,325,Medycyna nuklearna,2025/043407,Rezydencki,63.77,3.13,30.09.2025 23:54:57,3,NIE,,
j-2025,14,18.11.2025,18.11.2025 12:37:07,69,159,Mazowieckie,326,Medycyna nuklearna,2025/042047,Pozarezydencki,85.12,4.00,10.10.2025 23:28:10,1,NIE,,
j-2025,14,18.11.2025,18.11.2025 12:37:07,69,159,Mazowieckie,327,Medycyna paliatywna,2025/037208,Pozarezydencki,93.64,4.59,29.09.2025 12:31:46,12,NIE,,
j-2025,14,18.11.2025,18.11.2025 12:37:07,69,159,Mazowieckie,328,Medycyna paliatywna,2025/037544,Pozarezydencki,86.55,0.00,15.10.2025 09:36:47,12,NIE,,
j-2025,14,18.11.2025,18.11.2025 12:37:07,69,159,Mazowieckie,329,Medycyna paliatywna,2025/040207,Pozarezydencki,76.14,3.49,16.10.2025 15:11:54,12,NIE,,
j-2025,14,18.11.2025,18.11.2025 12:37:07,69,159,Mazowieckie,330,Medycyna paliatywna,2025/031621,Pozarezydencki,75.45,3.94,11.10.2025 16:13:08,12,NIE,,
j-2025,14,18.11.2025,18.11.2025 12:37:07,69,159,Mazowieckie,331,Medycyna paliatywna,2025/028515,Pozarezydencki,71.36,3.73,16.10.2025 20:51:16,12,NIE,,
j-2025,14,18.11.2025,18.11.2025 12:37:07,69,159,Mazowieckie,332,Medycyna paliatywna,2025/029550,Pozarezydencki,70.18,4.29,29.09.2025 16:57:05,12,NIE,,
j-2025,14,18.11.2025,18.11.2025 12:37:07,69,159,Mazowieckie,333,Medycyna paliatywna,2025/030974,Pozarezydencki,69.77,3.08,21.10.2025 17:55:12,12,NIE,,
j-2025,14,18.11.2025,18.11.2025 12:37:07,69,159,Mazowieckie,334,Medycyna paliatywna,2025/038344,Pozarezydencki,67.59,4.02,10.10.2025 22:02:27,12,NIE,,
j-2025,14,18.11.2025,18.11.2025 12:37:07,69,159,Mazowieckie,335,Medycyna paliatywna,2025/031146,Pozarezydencki,67.05,3.60,06.10.2025 11:41:31,12,NIE,,
j-2025,14,18.11.2025,18.11.2025 12:37:07,69,159,Mazowieckie,336,Medycyna paliatywna,2025/036071,Pozarezydencki,64.91,3.64,26.09.2025 09:55:01,12,NIE,,
j-2025,14,18.11.2025,18.11.2025 12:37:07,69,159,Mazowieckie,337,Medycyna paliatywna,2025/035547,Pozarezydencki,63.41,3.37,29.10.2025 18:31:08,12,NIE,,
j-2025,14,18.11.2025,18.11.2025 12:37:07,69,159,Mazowieckie,338,Medycyna paliatywna,2025/031527,Pozarezydencki,60.45,4.96,13.10.2025 07:59:30,12,NIE,,
j-2025,14,18.11.2025,18.11.2025 12:37:07,69,159,Mazowieckie,339,Medycyna pracy,2025/040907,Rezydencki,87.68,4.69,23.10.2025 15:16:19,2,NIE,,
j-2025,14,18.11.2025,18.11.2025 12:37:07,69,159,Mazowieckie,340,Medycyna pracy,2025/030052,Rezydencki,86.76,4.10,24.09.2025 18:43:36,2,NIE,,
j-2025,14,18.11.2025,18.11.2025 12:37:07,69,159,Mazowieckie,341,Medycyna pracy,2025/035049,Pozarezydencki,75.12,4.26,24.09.2025 23:33:37,5,NIE,,
j-2025,14,18.11.2025,18.11.2025 12:37:07,69,159,Mazowieckie,342,Medycyna pracy,2025/035041,Pozarezydencki,73.50,0.00,22.09.2025 21:22:13,5,NIE,,
j-2025,14,18.11.2025,18.11.2025 12:37:07,69,159,Mazowieckie,343,Medycyna pracy,2025/035414,Pozarezydencki,70.91,3.24,15.10.2025 20:31:30,5,NIE,,
j-2025,14,18.11.2025,18.11.2025 12:37:07,69,159,Mazowieckie,344,Medycyna pracy,2025/032606,Pozarezydencki,61.82,0.00,13.09.2025 15:19:38,5,NIE,,
j-2025,14,18.11.2025,18.11.2025 12:37:07,69,159,Mazowieckie,345,Medycyna pracy,2025/034728,Pozarezydencki,52.73,0.00,14.10.2025 21:46:23,5,NIE,,
j-2025,14,18.11.2025,18.11.2025 12:37:07,69,159,Mazowieckie,346,Medycyna ratunkowa,2025/035401,Rezydencki,87.68,4.24,25.09.2025 17:57:24,3,NIE,,
j-2025,14,18.11.2025,18.11.2025 12:37:07,69,159,Mazowieckie,347,Medycyna ratunkowa,2025/039165,Rezydencki,82.13,3.82,27.09.2025 23:27:32,3,NIE,,
j-2025,14,18.11.2025,18.11.2025 12:37:07,69,159,Mazowieckie,348,Medycyna ratunkowa,2025/034087,Rezydencki,79.05,3.40,30.09.2025 06:58:20,3,NIE,,
j-2025,14,18.11.2025,18.11.2025 12:37:07,69,159,Mazowieckie,349,Medycyna ratunkowa,2025/036598,Pozarezydencki,70.91,3.44,06.10.2025 14:33:01,5,NIE,,
j-2025,14,18.11.2025,18.11.2025 12:37:07,69,159,Mazowieckie,350,Medycyna ratunkowa,2025/036618,Pozarezydencki,69.27,0.00,13.10.2025 21:23:38,5,NIE,,
j-2025,14,18.11.2025,18.11.2025 12:37:07,69,159,Mazowieckie,351,Medycyna ratunkowa,2025/033617,Pozarezydencki,58.18,0.00,10.10.2025 21:00:04,5,NIE,,
j-2025,14,18.11.2025,18.11.2025 12:37:07,69,159,Mazowieckie,352,Medycyna ratunkowa,2025/042870,Pozarezydencki,57.27,3.25,30.09.2025 20:18:22,5,NIE,,
j-2025,14,18.11.2025,18.11.2025 12:37:07,69,159,Mazowieckie,353,Medycyna ratunkowa,2025/042302,Pozarezydencki,57.27,0.00,13.10.2025 11:14:55,5,NIE,,
j-2025,14,18.11.2025,18.11.2025 12:37:07,69,159,Mazowieckie,354,Medycyna rodzinna,2025/032657,Rezydencki,90.95,4.60,13.09.2025 20:27:57,89,NIE,,
j-2025,14,18.11.2025,18.11.2025 12:37:07,69,159,Mazowieckie,355,Medycyna rodzinna,2025/039944,Rezydencki,90.95,4.14,29.09.2025 16:25:01,89,NIE,,
j-2025,14,18.11.2025,18.11.2025 12:37:07,69,159,Mazowieckie,356,Medycyna rodzinna,2025/041547,Rezydencki,90.43,4.08,30.09.2025 21:26:43,89,NIE,,
j-2025,14,18.11.2025,18.11.2025 12:37:07,69,159,Mazowieckie,357,Medycyna rodzinna,2025/040420,Rezydencki,89.95,4.17,30.09.2025 18:36:10,89,NIE,,
j-2025,14,18.11.2025,18.11.2025 12:37:07,69,159,Mazowieckie,358,Medycyna rodzinna,2025/040733,Rezydencki,89.76,4.60,30.09.2025 07:42:51,89,NIE,,
j-2025,14,18.11.2025,18.11.2025 12:37:07,69,159,Mazowieckie,359,Medycyna rodzinna,2025/035139,Rezydencki,89.00,4.30,30.09.2025 14:09:10,89,NIE,,
j-2025,14,18.11.2025,18.11.2025 12:37:07,69,159,Mazowieckie,360,Medycyna rodzinna,2025/031308,Rezydencki,88.89,4.24,30.09.2025 00:44:21,89,NIE,,
j-2025,14,18.11.2025,18.11.2025 12:37:07,69,159,Mazowieckie,361,Medycyna rodzinna,2025/038416,Rezydencki,88.52,4.77,30.09.2025 16:44:01,89,NIE,,
j-2025,14,18.11.2025,18.11.2025 12:37:07,70,159,Mazowieckie,362,Medycyna rodzinna,2025/035387,Rezydencki,88.41,4.19,22.09.2025 18:42:37,89,NIE,,
j-2025,14,18.11.2025,18.11.2025 12:37:07,70,159,Mazowieckie,363,Medycyna rodzinna,2025/031009,Rezydencki,88.24,3.88,30.09.2025 18:25:12,89,NIE,,
j-2025,14,18.11.2025,18.11.2025 12:37:07,70,159,Mazowieckie,364,Medycyna rodzinna,2025/039364,Rezydencki,88.10,4.36,28.09.2025 14:27:54,89,NIE,,
j-2025,14,18.11.2025,18.11.2025 12:37:07,70,159,Mazowieckie,365,Medycyna rodzinna,2025/031975,Rezydencki,87.92,4.25,10.09.2025 20:25:56,89,NIE,,
j-2025,14,18.11.2025,18.11.2025 12:37:07,70,159,Mazowieckie,366,Medycyna rodzinna,2025/032414,Rezydencki,87.92,4.20,16.09.2025 17:22:41,89,NIE,,
j-2025,14,18.11.2025,18.11.2025 12:37:07,70,159,Mazowieckie,367,Medycyna rodzinna,2025/033190,Rezydencki,87.80,3.83,15.09.2025 17:51:00,89,NIE,,
j-2025,14,18.11.2025,18.11.2025 12:37:07,70,159,Mazowieckie,368,Medycyna rodzinna,2025/030860,Rezydencki,87.44,4.19,12.09.2025 21:02:33,89,NIE,,
j-2025,14,18.11.2025,18.11.2025 12:37:07,70,159,Mazowieckie,369,Medycyna rodzinna,2025/036420,Rezydencki,87.14,3.71,30.09.2025 23:31:27,89,NIE,,
j-2025,14,18.11.2025,18.11.2025 12:37:07,70,159,Mazowieckie,370,Medycyna rodzinna,2025/031480,Rezydencki,86.96,4.41,09.09.2025 11:31:38,89,NIE,,
j-2025,14,18.11.2025,18.11.2025 12:37:07,70,159,Mazowieckie,371,Medycyna rodzinna,2025/033405,Rezydencki,86.84,3.50,30.09.2025 18:56:36,89,NIE,,
j-2025,14,18.11.2025,18.11.2025 12:37:07,70,159,Mazowieckie,372,Medycyna rodzinna,2025/039807,Rezydencki,86.67,4.06,30.09.2025 18:19:31,89,NIE,,
j-2025,14,18.11.2025,18.11.2025 12:37:07,70,159,Mazowieckie,373,Medycyna rodzinna,2025/033064,Rezydencki,86.60,3.79,25.09.2025 17:53:08,89,NIE,,
j-2025,14,18.11.2025,18.11.2025 12:37:07,70,159,Mazowieckie,374,Medycyna rodzinna,2025/030074,Rezydencki,86.47,0.00,15.09.2025 20:55:10,89,NIE,,
j-2025,14,18.11.2025,18.11.2025 12:37:07,70,159,Mazowieckie,375,Medycyna rodzinna,2025/036275,Rezydencki,86.34,3.72,23.09.2025 20:37:47,89,NIE,,
j-2025,14,18.11.2025,18.11.2025 12:37:07,70,159,Mazowieckie,376,Medycyna rodzinna,2025/038422,Rezydencki,86.12,3.83,30.09.2025 10:54:56,89,NIE,,
j-2025,14,18.11.2025,18.11.2025 12:37:07,70,159,Mazowieckie,377,Medycyna rodzinna,2025/041673,Rezydencki,86.12,0.00,30.09.2025 21:47:13,89,NIE,,
j-2025,14,18.11.2025,18.11.2025 12:37:07,70,159,Mazowieckie,378,Medycyna rodzinna,2025/032926,Rezydencki,85.99,3.91,14.09.2025 23:46:20,89,NIE,,
j-2025,14,18.11.2025,18.11.2025 12:37:07,70,159,Mazowieckie,379,Medycyna rodzinna,2025/030654,Rezydencki,85.02,4.39,05.09.2025 14:17:57,89,NIE,,
j-2025,14,18.11.2025,18.11.2025 12:37:07,70,159,Mazowieckie,380,Medycyna rodzinna,2025/039558,Rezydencki,84.69,4.11,30.09.2025 07:53:50,89,NIE,,
j-2025,14,18.11.2025,18.11.2025 12:37:07,70,159,Mazowieckie,381,Medycyna rodzinna,2025/032594,Rezydencki,84.69,4.01,30.09.2025 18:27:53,89,NIE,,
j-2025,14,18.11.2025,18.11.2025 12:37:07,70,159,Mazowieckie,382,Medycyna rodzinna,2025/035096,Rezydencki,84.52,4.55,25.09.2025 08:05:32,89,NIE,,
j-2025,14,18.11.2025,18.11.2025 12:37:07,70,159,Mazowieckie,383,Medycyna rodzinna,2025/034011,Rezydencki,84.31,3.36,30.09.2025 11:03:28,89,NIE,,
j-2025,14,18.11.2025,18.11.2025 12:37:07,70,159,Mazowieckie,384,Medycyna rodzinna,2025/036969,Rezydencki,84.21,3.64,24.09.2025 19:24:42,89,NIE,,
j-2025,14,18.11.2025,18.11.2025 12:37:07,70,159,Mazowieckie,385,Medycyna rodzinna,2025/039781,Rezydencki,84.06,3.92,08.10.2025 10:22:22,89,NIE,,
j-2025,14,18.11.2025,18.11.2025 12:37:07,70,159,Mazowieckie,386,Medycyna rodzinna,2025/041242,Rezydencki,83.73,3.93,30.09.2025 17:12:12,89,NIE,,
j-2025,14,18.11.2025,18.11.2025 12:37:07,70,159,Mazowieckie,387,Medycyna rodzinna,2025/039925,Rezydencki,83.57,4.08,14.10.2025 13:39:39,89,NIE,,
j-2025,14,18.11.2025,18.11.2025 12:37:07,70,159,Mazowieckie,388,Medycyna rodzinna,2025/037155,Rezydencki,83.09,4.08,24.09.2025 21:52:49,89,NIE,,
j-2025,14,18.11.2025,18.11.2025 12:37:07,70,159,Mazowieckie,389,Medycyna rodzinna,2025/041244,Rezydencki,82.84,4.29,08.10.2025 14:14:10,89,NIE,,
j-2025,14,18.11.2025,18.11.2025 12:37:07,70,159,Mazowieckie,390,Medycyna rodzinna,2025/037701,Rezydencki,82.35,3.81,30.09.2025 21:18:45,89,NIE,,
j-2025,14,18.11.2025,18.11.2025 12:37:07,70,159,Mazowieckie,391,Medycyna rodzinna,2025/029464,Rezydencki,82.30,4.15,30.09.2025 15:48:42,89,NIE,,
j-2025,14,18.11.2025,18.11.2025 12:37:07,70,159,Mazowieckie,392,Medycyna rodzinna,2025/043279,Rezydencki,82.30,4.11,30.09.2025 22:48:35,89,NIE,,
j-2025,14,18.11.2025,18.11.2025 12:37:07,70,159,Mazowieckie,393,Medycyna rodzinna,2025/031257,Rezydencki,82.30,4.00,30.09.2025 11:57:36,89,NIE,,
j-2025,14,18.11.2025,18.11.2025 12:37:07,70,159,Mazowieckie,394,Medycyna rodzinna,2025/036311,Rezydencki,82.13,3.97,26.09.2025 12:53:09,89,NIE,,
j-2025,14,18.11.2025,18.11.2025 12:37:07,70,159,Mazowieckie,395,Medycyna rodzinna,2025/031723,Rezydencki,81.88,0.00,09.10.2025 10:01:24,89,NIE,,
j-2025,14,18.11.2025,18.11.2025 12:37:07,70,159,Mazowieckie,396,Medycyna rodzinna,2025/038282,Rezydencki,81.82,4.29,30.09.2025 15:55:40,89,NIE,,
j-2025,14,18.11.2025,18.11.2025 12:37:07,70,159,Mazowieckie,397,Medycyna rodzinna,2025/039291,Rezydencki,81.37,3.50,28.09.2025 12:44:12,89,NIE,,
j-2025,14,18.11.2025,18.11.2025 12:37:07,71,159,Mazowieckie,398,Medycyna rodzinna,2025/034756,Rezydencki,81.34,3.96,30.09.2025 13:22:12,89,NIE,,
j-2025,14,18.11.2025,18.11.2025 12:37:07,71,159,Mazowieckie,399,Medycyna rodzinna,2025/030638,Rezydencki,81.16,4.10,29.09.2025 21:50:45,89,NIE,,
j-2025,14,18.11.2025,18.11.2025 12:37:07,71,159,Mazowieckie,400,Medycyna rodzinna,2025/029103,Rezydencki,80.95,3.78,07.10.2025 15:53:39,89,NIE,,
j-2025,14,18.11.2025,18.11.2025 12:37:07,71,159,Mazowieckie,401,Medycyna rodzinna,2025/030445,Rezydencki,80.48,4.00,04.09.2025 22:31:11,89,NIE,,
j-2025,14,18.11.2025,18.11.2025 12:37:07,71,159,Mazowieckie,402,Medycyna rodzinna,2025/042979,Rezydencki,80.39,3.72,30.09.2025 21:05:10,89,NIE,,
j-2025,14,18.11.2025,18.11.2025 12:37:07,71,159,Mazowieckie,403,Medycyna rodzinna,2025/040377,Rezydencki,80.24,4.17,30.09.2025 10:25:10,89,NIE,,
j-2025,14,18.11.2025,18.11.2025 12:37:07,71,159,Mazowieckie,404,Medycyna rodzinna,2025/031526,Rezydencki,79.90,3.95,25.09.2025 08:58:04,89,NIE,,
j-2025,14,18.11.2025,18.11.2025 12:37:07,71,159,Mazowieckie,405,Medycyna rodzinna,2025/034348,Rezydencki,79.76,3.67,23.09.2025 18:01:17,89,NIE,,
j-2025,14,18.11.2025,18.11.2025 12:37:07,71,159,Mazowieckie,406,Medycyna rodzinna,2025/039047,Rezydencki,79.43,4.56,02.10.2025 14:51:04,89,NIE,,
j-2025,14,18.11.2025,18.11.2025 12:37:07,71,159,Mazowieckie,407,Medycyna rodzinna,2025/030675,Rezydencki,79.43,4.06,30.09.2025 07:28:55,89,NIE,,
j-2025,14,18.11.2025,18.11.2025 12:37:07,71,159,Mazowieckie,408,Medycyna rodzinna,2025/041916,Rezydencki,79.41,4.44,30.09.2025 20:42:35,89,NIE,,
j-2025,14,18.11.2025,18.11.2025 12:37:07,71,159,Mazowieckie,409,Medycyna rodzinna,2025/033258,Rezydencki,78.81,4.26,23.09.2025 21:35:50,89,NIE,,
j-2025,14,18.11.2025,18.11.2025 12:37:07,71,159,Mazowieckie,410,Medycyna rodzinna,2025/043311,Rezydencki,78.74,4.20,30.09.2025 23:28:57,89,NIE,,
j-2025,14,18.11.2025,18.11.2025 12:37:07,71,159,Mazowieckie,411,Medycyna rodzinna,2025/033544,Rezydencki,78.57,3.73,27.09.2025 14:44:37,89,NIE,,
j-2025,14,18.11.2025,18.11.2025 12:37:07,71,159,Mazowieckie,412,Medycyna rodzinna,2025/039173,Rezydencki,78.57,3.69,30.09.2025 19:12:43,89,NIE,,
j-2025,14,18.11.2025,18.11.2025 12:37:07,71,159,Mazowieckie,413,Medycyna rodzinna,2025/036282,Rezydencki,78.47,3.81,30.09.2025 12:14:15,89,NIE,,
j-2025,14,18.11.2025,18.11.2025 12:37:07,71,159,Mazowieckie,414,Medycyna rodzinna,2025/041277,Rezydencki,77.99,3.53,10.10.2025 11:27:41,89,NIE,,
j-2025,14,18.11.2025,18.11.2025 12:37:07,71,159,Mazowieckie,415,Medycyna rodzinna,2025/028559,Rezydencki,77.62,3.55,29.09.2025 09:15:03,89,NIE,,
j-2025,14,18.11.2025,18.11.2025 12:37:07,71,159,Mazowieckie,416,Medycyna rodzinna,2025/030316,Rezydencki,77.14,4.09,04.09.2025 22:28:42,89,NIE,,
j-2025,14,18.11.2025,18.11.2025 12:37:07,71,159,Mazowieckie,417,Medycyna rodzinna,2025/037329,Rezydencki,77.03,3.59,13.10.2025 12:46:12,89,NIE,,
j-2025,14,18.11.2025,18.11.2025 12:37:07,71,159,Mazowieckie,418,Medycyna rodzinna,2025/036379,Rezydencki,76.56,4.22,30.09.2025 22:13:20,89,NIE,,
j-2025,14,18.11.2025,18.11.2025 12:37:07,71,159,Mazowieckie,419,Medycyna rodzinna,2025/030958,Rezydencki,76.19,3.55,15.09.2025 15:33:13,89,NIE,,
j-2025,14,18.11.2025,18.11.2025 12:37:07,71,159,Mazowieckie,420,Medycyna rodzinna,2025/040324,Rezydencki,76.08,4.02,09.10.2025 15:52:52,89,NIE,,
j-2025,14,18.11.2025,18.11.2025 12:37:07,71,159,Mazowieckie,421,Medycyna rodzinna,2025/039319,Rezydencki,75.60,4.59,17.10.2025 13:41:29,89,NIE,,
j-2025,14,18.11.2025,18.11.2025 12:37:07,71,159,Mazowieckie,422,Medycyna rodzinna,2025/039232,Rezydencki,75.00,3.39,10.10.2025 11:50:44,89,NIE,,
j-2025,14,18.11.2025,18.11.2025 12:37:07,71,159,Mazowieckie,423,Medycyna rodzinna,2025/029453,Rezydencki,74.29,4.36,02.09.2025 13:18:11,89,NIE,,
j-2025,14,18.11.2025,18.11.2025 12:37:07,71,159,Mazowieckie,424,Medycyna rodzinna,2025/037126,Rezydencki,72.73,4.35,24.09.2025 21:24:42,89,NIE,,
j-2025,14,18.11.2025,18.11.2025 12:37:07,71,159,Mazowieckie,425,Medycyna rodzinna,2025/039332,Rezydencki,72.49,3.61,23.10.2025 13:33:26,89,NIE,,
j-2025,14,18.11.2025,18.11.2025 12:37:07,71,159,Mazowieckie,426,Medycyna rodzinna,2025/035368,Rezydencki,71.90,3.88,22.09.2025 15:32:28,89,NIE,,
j-2025,14,18.11.2025,18.11.2025 12:37:07,71,159,Mazowieckie,427,Medycyna rodzinna,2025/035393,Rezydencki,71.90,3.84,22.09.2025 17:12:58,89,NIE,,
j-2025,14,18.11.2025,18.11.2025 12:37:07,71,159,Mazowieckie,428,Medycyna rodzinna,2025/038278,Rezydencki,70.81,3.29,30.09.2025 14:54:00,89,NIE,,
j-2025,14,18.11.2025,18.11.2025 12:37:07,71,159,Mazowieckie,429,Medycyna rodzinna,2025/036309,Rezydencki,70.00,3.23,28.09.2025 20:43:10,89,NIE,,
j-2025,14,18.11.2025,18.11.2025 12:37:07,71,159,Mazowieckie,430,Medycyna rodzinna,2025/040592,Rezydencki,67.94,3.14,10.10.2025 10:59:04,89,NIE,,
j-2025,14,18.11.2025,18.11.2025 12:37:07,71,159,Mazowieckie,431,Medycyna rodzinna,2025/042265,Rezydencki,67.46,3.65,17.10.2025 18:58:27,89,NIE,,
j-2025,14,18.11.2025,18.11.2025 12:37:07,71,159,Mazowieckie,432,Medycyna rodzinna,2025/041293,Rezydencki,66.75,3.64,30.09.2025 16:44:48,89,NIE,,
j-2025,14,18.11.2025,18.11.2025 12:37:07,71,159,Mazowieckie,433,Medycyna rodzinna,2025/043312,Rezydencki,65.71,0.00,30.09.2025 23:00:20,89,NIE,,
j-2025,14,18.11.2025,18.11.2025 12:37:07,72,159,Mazowieckie,434,Medycyna rodzinna,2025/029137,Rezydencki,64.88,2.98,01.09.2025 22:20:00,89,NIE,,
j-2025,14,18.11.2025,18.11.2025 12:37:07,72,159,Mazowieckie,435,Medycyna rodzinna,2025/040070,Rezydencki,63.40,3.46,29.09.2025 00:47:30,89,NIE,,
j-2025,14,18.11.2025,18.11.2025 12:37:07,72,159,Mazowieckie,436,Medycyna rodzinna,2025/035340,Rezydencki,62.75,3.42,30.09.2025 16:33:40,89,NIE,,
j-2025,14,18.11.2025,18.11.2025 12:37:07,72,159,Mazowieckie,437,Medycyna rodzinna,2025/039272,Rezydencki,62.68,4.63,09.10.2025 17:19:01,89,NIE,,
j-2025,14,18.11.2025,18.11.2025 12:37:07,72,159,Mazowieckie,438,Medycyna rodzinna,2025/032580,Rezydencki,59.52,4.71,13.09.2025 13:36:51,89,NIE,,
j-2025,14,18.11.2025,18.11.2025 12:37:07,72,159,Mazowieckie,439,Medycyna rodzinna,2025/029275,Rezydencki,56.90,0.00,07.10.2025 09:22:38,89,NIE,,
j-2025,14,18.11.2025,18.11.2025 12:37:07,72,159,Mazowieckie,440,Medycyna rodzinna,2025/029766,Rezydencki,56.67,0.00,22.10.2025 17:44:45,89,NIE,,
j-2025,14,18.11.2025,18.11.2025 12:37:07,72,159,Mazowieckie,441,Medycyna rodzinna,2025/039384,Rezydencki,53.40,3.11,10.10.2025 14:24:12,89,NIE,,
j-2025,14,18.11.2025,18.11.2025 12:37:07,72,159,Mazowieckie,442,Medycyna rodzinna,2025/031271,Rezydencki,0.00,3.78,08.09.2025 16:18:24,89,NIE,,
j-2025,14,18.11.2025,18.11.2025 12:37:07,72,159,Mazowieckie,443,Medycyna rodzinna,2025/040007,Pozarezydencki,84.79,3.84,28.09.2025 23:30:21,11,NIE,,
j-2025,14,18.11.2025,18.11.2025 12:37:07,72,159,Mazowieckie,444,Medycyna rodzinna,2025/042449,Pozarezydencki,81.45,3.22,08.10.2025 12:14:02,11,NIE,,
j-2025,14,18.11.2025,18.11.2025 12:37:07,72,159,Mazowieckie,445,Medycyna rodzinna,2025/042598,Pozarezydencki,80.00,4.33,17.10.2025 10:35:48,11,NIE,,
j-2025,14,18.11.2025,18.11.2025 12:37:07,72,159,Mazowieckie,446,Medycyna rodzinna,2025/037877,Pozarezydencki,67.59,3.77,30.09.2025 15:15:40,11,NIE,,
j-2025,14,18.11.2025,18.11.2025 12:37:07,72,159,Mazowieckie,447,Medycyna rodzinna,2025/041891,Pozarezydencki,65.97,4.13,06.10.2025 15:22:46,11,NIE,,
j-2025,14,18.11.2025,18.11.2025 12:37:07,72,159,Mazowieckie,448,Medycyna rodzinna,2025/035200,Pozarezydencki,64.02,3.43,22.10.2025 14:00:32,11,NIE,,
j-2025,14,18.11.2025,18.11.2025 12:37:07,72,159,Mazowieckie,449,Medycyna rodzinna,2025/041957,Pozarezydencki,59.26,3.00,30.09.2025 10:53:04,11,NIE,,
j-2025,14,18.11.2025,18.11.2025 12:37:07,72,159,Mazowieckie,450,Medycyna rodzinna,2025/038435,Pozarezydencki,54.55,0.00,26.09.2025 14:51:00,11,NIE,,
j-2025,14,18.11.2025,18.11.2025 12:37:07,72,159,Mazowieckie,451,Medycyna rodzinna,2025/031942,Pozarezydencki,2.27,0.00,07.10.2025 17:30:06,11,NIE,,
j-2025,14,18.11.2025,18.11.2025 12:37:07,72,159,Mazowieckie,452,Medycyna rodzinna,2025/031022,Pozarezydencki,0.91,3.43,17.10.2025 14:53:23,11,NIE,,
j-2025,14,18.11.2025,18.11.2025 12:37:07,72,159,Mazowieckie,453,Medycyna rodzinna,2025/042857,Pozarezydencki,0.00,0.00,31.10.2025 08:15:13,11,NIE,,
j-2025,14,18.11.2025,18.11.2025 12:37:07,72,159,Mazowieckie,454,Medycyna sądowa,2025/036706,Rezydencki,86.12,3.95,30.09.2025 14:32:26,1,NIE,,
j-2025,14,18.11.2025,18.11.2025 12:37:07,72,159,Mazowieckie,455,Mikrobiologia lekarska,2025/031194,Pozarezydencki,55.30,3.18,10.10.2025 09:07:24,1,NIE,,
j-2025,14,18.11.2025,18.11.2025 12:37:07,72,159,Mazowieckie,456,Nefrologia,2025/032460,Rezydencki,89.86,4.58,12.09.2025 15:56:55,6,NIE,,
j-2025,14,18.11.2025,18.11.2025 12:37:07,72,159,Mazowieckie,457,Nefrologia,2025/037147,Rezydencki,89.86,4.44,29.09.2025 22:54:50,6,NIE,,
j-2025,14,18.11.2025,18.11.2025 12:37:07,72,159,Mazowieckie,458,Nefrologia,2025/037684,Rezydencki,87.80,4.27,30.09.2025 09:33:06,6,NIE,,
j-2025,14,18.11.2025,18.11.2025 12:37:07,72,159,Mazowieckie,459,Nefrologia,2025/031339,Rezydencki,84.06,4.55,30.09.2025 16:40:33,6,NIE,,
j-2025,14,18.11.2025,18.11.2025 12:37:07,72,159,Mazowieckie,460,Nefrologia,2025/042844,Rezydencki,72.25,3.45,30.09.2025 22:49:47,6,NIE,,
j-2025,14,18.11.2025,18.11.2025 12:37:07,72,159,Mazowieckie,461,Nefrologia,2025/038898,Rezydencki,71.53,3.64,20.10.2025 09:24:41,6,NIE,,
j-2025,14,18.11.2025,18.11.2025 12:37:07,72,159,Mazowieckie,462,Nefrologia,2025/029781,Pozarezydencki,85.00,4.23,02.09.2025 23:52:24,2,NIE,,
j-2025,14,18.11.2025,18.11.2025 12:37:07,72,159,Mazowieckie,463,Nefrologia,2025/033162,Pozarezydencki,71.59,4.13,09.10.2025 16:48:30,2,NIE,,
j-2025,14,18.11.2025,18.11.2025 12:37:07,72,159,Mazowieckie,464,Nefrologia dziecięca,2025/040793,Rezydencki,72.38,3.78,30.09.2025 18:32:05,1,NIE,,
j-2025,14,18.11.2025,18.11.2025 12:37:07,72,159,Mazowieckie,465,Nefrologia dziecięca,2025/035208,Pozarezydencki,57.94,4.20,13.10.2025 21:50:14,1,NIE,,
j-2025,14,18.11.2025,18.11.2025 12:37:07,72,159,Mazowieckie,466,Neonatologia,2025/030240,Rezydencki,92.86,4.58,18.09.2025 13:26:51,18,NIE,,
j-2025,14,18.11.2025,18.11.2025 12:37:07,72,159,Mazowieckie,467,Neonatologia,2025/036777,Rezydencki,90.48,4.65,30.09.2025 15:09:42,18,NIE,,
j-2025,14,18.11.2025,18.11.2025 12:37:07,72,159,Mazowieckie,468,Neonatologia,2025/037707,Rezydencki,89.95,4.17,30.09.2025 11:30:27,18,NIE,,
j-2025,14,18.11.2025,18.11.2025 12:37:07,72,159,Mazowieckie,469,Neonatologia,2025/041256,Rezydencki,89.52,4.31,16.10.2025 11:29:58,18,NIE,,
j-2025,14,18.11.2025,18.11.2025 12:37:07,73,159,Mazowieckie,470,Neonatologia,2025/029552,Rezydencki,89.00,4.73,30.09.2025 11:07:01,18,NIE,,
j-2025,14,18.11.2025,18.11.2025 12:37:07,73,159,Mazowieckie,471,Neonatologia,2025/032447,Rezydencki,89.00,4.50,30.09.2025 18:01:09,18,NIE,,
j-2025,14,18.11.2025,18.11.2025 12:37:07,73,159,Mazowieckie,472,Neonatologia,2025/038346,Rezydencki,88.76,4.14,30.09.2025 18:44:46,18,NIE,,
j-2025,14,18.11.2025,18.11.2025 12:37:07,73,159,Mazowieckie,473,Neonatologia,2025/035507,Rezydencki,88.28,4.19,02.10.2025 19:09:58,18,NIE,,
j-2025,14,18.11.2025,18.11.2025 12:37:07,73,159,Mazowieckie,474,Neonatologia,2025/038586,Rezydencki,88.28,4.14,17.10.2025 14:10:57,18,NIE,,
j-2025,14,18.11.2025,18.11.2025 12:37:07,73,159,Mazowieckie,475,Neonatologia,2025/031914,Rezydencki,87.80,4.09,30.09.2025 09:04:35,18,NIE,,
j-2025,14,18.11.2025,18.11.2025 12:37:07,73,159,Mazowieckie,476,Neonatologia,2025/037741,Rezydencki,83.90,4.13,06.10.2025 13:19:25,18,NIE,,
j-2025,14,18.11.2025,18.11.2025 12:37:07,73,159,Mazowieckie,477,Neonatologia,2025/038728,Rezydencki,83.25,4.03,30.09.2025 16:54:03,18,NIE,,
j-2025,14,18.11.2025,18.11.2025 12:37:07,73,159,Mazowieckie,478,Neonatologia,2025/033556,Rezydencki,82.86,4.00,17.09.2025 18:54:05,18,NIE,,
j-2025,14,18.11.2025,18.11.2025 12:37:07,73,159,Mazowieckie,479,Neonatologia,2025/034523,Rezydencki,82.78,4.02,30.09.2025 19:24:00,18,NIE,,
j-2025,14,18.11.2025,18.11.2025 12:37:07,73,159,Mazowieckie,480,Neonatologia,2025/037499,Rezydencki,78.95,4.45,30.09.2025 16:35:40,18,NIE,,
j-2025,14,18.11.2025,18.11.2025 12:37:07,73,159,Mazowieckie,481,Neonatologia,2025/034893,Rezydencki,77.99,3.70,30.09.2025 16:45:45,18,NIE,,
j-2025,14,18.11.2025,18.11.2025 12:37:07,73,159,Mazowieckie,482,Neonatologia,2025/037659,Rezydencki,74.64,3.83,30.09.2025 10:59:19,18,NIE,,
j-2025,14,18.11.2025,18.11.2025 12:37:07,73,159,Mazowieckie,483,Neonatologia,2025/036011,Rezydencki,69.86,3.50,29.09.2025 18:44:25,18,NIE,,
j-2025,14,18.11.2025,18.11.2025 12:37:07,73,159,Mazowieckie,484,Neonatologia,2025/034452,Pozarezydencki,70.91,4.16,20.10.2025 17:02:07,2,NIE,,
j-2025,14,18.11.2025,18.11.2025 12:37:07,73,159,Mazowieckie,485,Neonatologia,2025/029783,Pozarezydencki,70.91,3.98,08.10.2025 14:15:50,2,NIE,,
j-2025,14,18.11.2025,18.11.2025 12:37:07,73,159,Mazowieckie,486,Neurochirurgia,2025/030621,Rezydencki,90.34,4.20,03.10.2025 07:16:50,1,NIE,,
j-2025,14,18.11.2025,18.11.2025 12:37:07,73,159,Mazowieckie,487,Neurologia,2025/037331,Rezydencki,91.87,4.52,30.09.2025 16:45:42,24,NIE,,
j-2025,14,18.11.2025,18.11.2025 12:37:07,73,159,Mazowieckie,488,Neurologia,2025/036597,Rezydencki,91.87,4.15,25.09.2025 11:34:33,24,NIE,,
j-2025,14,18.11.2025,18.11.2025 12:37:07,73,159,Mazowieckie,489,Neurologia,2025/039595,Rezydencki,91.63,4.66,30.09.2025 07:06:00,24,NIE,,
j-2025,14,18.11.2025,18.11.2025 12:37:07,73,159,Mazowieckie,490,Neurologia,2025/033205,Rezydencki,91.18,4.37,30.09.2025 16:51:50,24,NIE,,
j-2025,14,18.11.2025,18.11.2025 12:37:07,73,159,Mazowieckie,491,Neurologia,2025/037360,Rezydencki,90.58,3.94,26.09.2025 22:11:53,24,NIE,,
j-2025,14,18.11.2025,18.11.2025 12:37:07,73,159,Mazowieckie,492,Neurologia,2025/041117,Rezydencki,90.43,4.60,30.09.2025 16:47:40,24,NIE,,
j-2025,14,18.11.2025,18.11.2025 12:37:07,73,159,Mazowieckie,493,Neurologia,2025/037391,Rezydencki,90.43,3.96,30.09.2025 13:07:22,24,NIE,,
j-2025,14,18.11.2025,18.11.2025 12:37:07,73,159,Mazowieckie,494,Neurologia,2025/041178,Rezydencki,89.52,4.48,30.09.2025 22:46:28,24,NIE,,
j-2025,14,18.11.2025,18.11.2025 12:37:07,73,159,Mazowieckie,495,Neurologia,2025/032932,Rezydencki,89.47,4.27,30.09.2025 20:06:00,24,NIE,,
j-2025,14,18.11.2025,18.11.2025 12:37:07,73,159,Mazowieckie,496,Neurologia,2025/036156,Rezydencki,89.37,4.85,30.09.2025 23:23:55,24,NIE,,
j-2025,14,18.11.2025,18.11.2025 12:37:07,73,159,Mazowieckie,497,Neurologia,2025/035505,Rezydencki,89.00,4.23,30.09.2025 18:39:33,24,NIE,,
j-2025,14,18.11.2025,18.11.2025 12:37:07,73,159,Mazowieckie,498,Neurologia,2025/040354,Rezydencki,88.76,3.59,29.09.2025 19:50:24,24,NIE,,
j-2025,14,18.11.2025,18.11.2025 12:37:07,73,159,Mazowieckie,499,Neurologia,2025/036754,Rezydencki,88.52,4.27,30.09.2025 22:55:32,24,NIE,,
j-2025,14,18.11.2025,18.11.2025 12:37:07,73,159,Mazowieckie,500,Neurologia,2025/037864,Rezydencki,88.52,4.20,20.10.2025 09:02:23,24,NIE,,
j-2025,14,18.11.2025,18.11.2025 12:37:07,73,159,Mazowieckie,501,Neurologia,2025/038907,Rezydencki,88.04,4.14,30.09.2025 11:59:23,24,NIE,,
j-2025,14,18.11.2025,18.11.2025 12:37:07,73,159,Mazowieckie,502,Neurologia,2025/031957,Rezydencki,88.04,4.05,30.09.2025 00:08:10,24,NIE,,
j-2025,14,18.11.2025,18.11.2025 12:37:07,73,159,Mazowieckie,503,Neurologia,2025/040440,Rezydencki,88.04,3.93,29.09.2025 13:58:39,24,NIE,,
j-2025,14,18.11.2025,18.11.2025 12:37:07,73,159,Mazowieckie,504,Neurologia,2025/038643,Rezydencki,87.92,4.32,28.09.2025 18:56:14,24,NIE,,
j-2025,14,18.11.2025,18.11.2025 12:37:07,73,159,Mazowieckie,505,Neurologia,2025/036483,Rezydencki,87.56,4.11,30.09.2025 06:56:54,24,NIE,,
j-2025,14,18.11.2025,18.11.2025 12:37:07,74,159,Mazowieckie,506,Neurologia,2025/028434,Rezydencki,86.83,4.15,09.09.2025 14:22:10,24,NIE,,
j-2025,14,18.11.2025,18.11.2025 12:37:07,74,159,Mazowieckie,507,Neurologia,2025/039421,Rezydencki,86.36,4.15,30.09.2025 16:13:47,24,NIE,,
j-2025,14,18.11.2025,18.11.2025 12:37:07,74,159,Mazowieckie,508,Neurologia,2025/039011,Rezydencki,86.12,3.94,30.09.2025 11:18:00,24,NIE,,
j-2025,14,18.11.2025,18.11.2025 12:37:07,74,159,Mazowieckie,509,Neurologia,2025/039022,Rezydencki,86.12,3.82,30.09.2025 18:41:44,24,NIE,,
j-2025,14,18.11.2025,18.11.2025 12:37:07,74,159,Mazowieckie,510,Neurologia,2025/033125,Rezydencki,86.10,3.81,15.09.2025 14:42:47,24,NIE,,
j-2025,14,18.11.2025,18.11.2025 12:37:07,74,159,Mazowieckie,511,Neurologia,2025/041955,Pozarezydencki,78.01,4.05,03.10.2025 15:56:12,1,NIE,,
j-2025,14,18.11.2025,18.11.2025 12:37:07,74,159,Mazowieckie,512,Neurologia dziecięca,2025/034863,Rezydencki,90.43,4.26,30.09.2025 15:33:36,1,NIE,,
j-2025,14,18.11.2025,18.11.2025 12:37:07,74,159,Mazowieckie,513,Neurologia dziecięca,2025/037923,Pozarezydencki,82.65,4.37,30.09.2025 17:49:38,2,NIE,,
j-2025,14,18.11.2025,18.11.2025 12:37:07,74,159,Mazowieckie,514,Neurologia dziecięca,2025/030858,Pozarezydencki,64.98,4.73,08.10.2025 05:40:35,2,NIE,,
j-2025,14,18.11.2025,18.11.2025 12:37:07,74,159,Mazowieckie,515,Neuropatologia,2025/029072,Pozarezydencki,73.39,0.00,06.10.2025 09:29:48,1,NIE,,
j-2025,14,18.11.2025,18.11.2025 12:37:07,74,159,Mazowieckie,516,Okulistyka,2025/036072,Rezydencki,92.75,4.61,16.10.2025 15:12:06,5,NIE,,
j-2025,14,18.11.2025,18.11.2025 12:37:07,74,159,Mazowieckie,517,Okulistyka,2025/037041,Rezydencki,92.27,4.57,29.09.2025 11:00:11,5,NIE,,
j-2025,14,18.11.2025,18.11.2025 12:37:07,74,159,Mazowieckie,518,Okulistyka,2025/041685,Rezydencki,91.63,4.38,30.09.2025 18:18:00,5,NIE,,
j-2025,14,18.11.2025,18.11.2025 12:37:07,74,159,Mazowieckie,519,Okulistyka,2025/033994,Rezydencki,91.22,4.55,25.09.2025 19:31:13,5,NIE,,
j-2025,14,18.11.2025,18.11.2025 12:37:07,74,159,Mazowieckie,520,Okulistyka,2025/037494,Rezydencki,91.18,4.45,30.09.2025 08:09:27,5,NIE,,
j-2025,14,18.11.2025,18.11.2025 12:37:07,74,159,Mazowieckie,521,Okulistyka,2025/030447,Pozarezydencki,86.82,4.74,30.09.2025 21:24:32,3,NIE,,
j-2025,14,18.11.2025,18.11.2025 12:37:07,74,159,Mazowieckie,522,Okulistyka,2025/034643,Pozarezydencki,85.25,4.05,24.09.2025 22:31:14,3,NIE,,
j-2025,14,18.11.2025,18.11.2025 12:37:07,74,159,Mazowieckie,523,Okulistyka,2025/037946,Pozarezydencki,85.16,3.83,30.09.2025 16:20:19,3,NIE,,
j-2025,14,18.11.2025,18.11.2025 12:37:07,74,159,Mazowieckie,524,Onkologia i hematologia dziecięca,2025/035597,Rezydencki,69.38,4.93,30.09.2025 12:41:51,1,NIE,,
j-2025,14,18.11.2025,18.11.2025 12:37:07,74,159,Mazowieckie,525,Onkologia kliniczna,2025/030834,Rezydencki,92.27,4.61,24.09.2025 14:22:33,26,NIE,,
j-2025,14,18.11.2025,18.11.2025 12:37:07,74,159,Mazowieckie,526,Onkologia kliniczna,2025/041141,Rezydencki,91.39,4.55,30.09.2025 17:22:43,26,NIE,,
j-2025,14,18.11.2025,18.11.2025 12:37:07,74,159,Mazowieckie,527,Onkologia kliniczna,2025/041839,Rezydencki,89.23,4.27,30.09.2025 16:53:29,26,NIE,,
j-2025,14,18.11.2025,18.11.2025 12:37:07,74,159,Mazowieckie,528,Onkologia kliniczna,2025/035127,Rezydencki,88.89,4.63,22.09.2025 10:38:14,26,NIE,,
j-2025,14,18.11.2025,18.11.2025 12:37:07,74,159,Mazowieckie,529,Onkologia kliniczna,2025/033701,Rezydencki,87.14,4.50,25.09.2025 14:28:19,26,NIE,,
j-2025,14,18.11.2025,18.11.2025 12:37:07,74,159,Mazowieckie,530,Onkologia kliniczna,2025/034858,Rezydencki,86.84,4.69,30.09.2025 16:34:34,26,NIE,,
j-2025,14,18.11.2025,18.11.2025 12:37:07,74,159,Mazowieckie,531,Onkologia kliniczna,2025/034912,Rezydencki,86.60,4.08,30.09.2025 09:58:11,26,NIE,,
j-2025,14,18.11.2025,18.11.2025 12:37:07,74,159,Mazowieckie,532,Onkologia kliniczna,2025/037664,Rezydencki,86.60,3.99,30.09.2025 19:50:01,26,NIE,,
j-2025,14,18.11.2025,18.11.2025 12:37:07,74,159,Mazowieckie,533,Onkologia kliniczna,2025/039628,Rezydencki,85.51,4.00,08.10.2025 18:59:48,26,NIE,,
j-2025,14,18.11.2025,18.11.2025 12:37:07,74,159,Mazowieckie,534,Onkologia kliniczna,2025/034883,Rezydencki,85.24,4.19,28.09.2025 14:54:02,26,NIE,,
j-2025,14,18.11.2025,18.11.2025 12:37:07,74,159,Mazowieckie,535,Onkologia kliniczna,2025/037918,Rezydencki,85.24,4.14,25.09.2025 19:57:47,26,NIE,,
j-2025,14,18.11.2025,18.11.2025 12:37:07,74,159,Mazowieckie,536,Onkologia kliniczna,2025/030182,Rezydencki,84.29,4.02,30.09.2025 18:12:00,26,NIE,,
j-2025,14,18.11.2025,18.11.2025 12:37:07,74,159,Mazowieckie,537,Onkologia kliniczna,2025/029122,Rezydencki,84.29,4.02,30.09.2025 20:14:55,26,NIE,,
j-2025,14,18.11.2025,18.11.2025 12:37:07,74,159,Mazowieckie,538,Onkologia kliniczna,2025/038731,Rezydencki,84.21,3.78,30.09.2025 20:17:14,26,NIE,,
j-2025,14,18.11.2025,18.11.2025 12:37:07,74,159,Mazowieckie,539,Onkologia kliniczna,2025/042307,Rezydencki,82.30,4.01,30.09.2025 14:35:51,26,NIE,,
j-2025,14,18.11.2025,18.11.2025 12:37:07,74,159,Mazowieckie,540,Onkologia kliniczna,2025/029956,Rezydencki,81.58,3.76,30.09.2025 23:31:49,26,NIE,,
j-2025,14,18.11.2025,18.11.2025 12:37:07,74,159,Mazowieckie,541,Onkologia kliniczna,2025/035482,Rezydencki,80.86,3.93,13.10.2025 15:22:45,26,NIE,,
j-2025,14,18.11.2025,18.11.2025 12:37:07,75,159,Mazowieckie,542,Onkologia kliniczna,2025/034938,Rezydencki,80.86,3.57,30.09.2025 20:59:37,26,NIE,,
j-2025,14,18.11.2025,18.11.2025 12:37:07,75,159,Mazowieckie,543,Onkologia kliniczna,2025/034580,Rezydencki,80.68,3.52,29.09.2025 12:56:27,26,NIE,,
j-2025,14,18.11.2025,18.11.2025 12:37:07,75,159,Mazowieckie,544,Onkologia kliniczna,2025/036225,Rezydencki,80.48,4.09,30.09.2025 08:22:31,26,NIE,,
j-2025,14,18.11.2025,18.11.2025 12:37:07,75,159,Mazowieckie,545,Onkologia kliniczna,2025/028729,Rezydencki,78.54,3.51,01.09.2025 13:46:19,26,NIE,,
j-2025,14,18.11.2025,18.11.2025 12:37:07,75,159,Mazowieckie,546,Onkologia kliniczna,2025/042041,Rezydencki,78.47,3.57,07.10.2025 21:18:36,26,NIE,,
j-2025,14,18.11.2025,18.11.2025 12:37:07,75,159,Mazowieckie,547,Onkologia kliniczna,2025/034183,Rezydencki,77.78,3.44,18.09.2025 14:03:06,26,NIE,,
j-2025,14,18.11.2025,18.11.2025 12:37:07,75,159,Mazowieckie,548,Onkologia kliniczna,2025/035422,Rezydencki,77.27,3.71,08.10.2025 02:48:52,26,NIE,,
j-2025,14,18.11.2025,18.11.2025 12:37:07,75,159,Mazowieckie,549,Onkologia kliniczna,2025/032459,Rezydencki,68.60,3.93,15.09.2025 14:34:48,26,NIE,,
j-2025,14,18.11.2025,18.11.2025 12:37:07,75,159,Mazowieckie,550,Onkologia kliniczna,2025/043020,Rezydencki,64.29,3.32,30.09.2025 21:20:09,26,NIE,,
j-2025,14,18.11.2025,18.11.2025 12:37:07,75,159,Mazowieckie,551,Onkologia kliniczna,2025/030393,Pozarezydencki,75.09,0.00,30.09.2025 09:21:48,2,NIE,,
j-2025,14,18.11.2025,18.11.2025 12:37:07,75,159,Mazowieckie,552,Onkologia kliniczna,2025/032120,Pozarezydencki,70.91,4.19,11.09.2025 11:18:50,2,NIE,,
j-2025,14,18.11.2025,18.11.2025 12:37:07,75,159,Mazowieckie,553,Ortodoncja,2025/028675,Rezydencki,90.14,4.47,27.09.2025 10:59:43,8,NIE,,
j-2025,14,18.11.2025,18.11.2025 12:37:07,75,159,Mazowieckie,554,Ortodoncja,2025/033682,Rezydencki,89.90,4.40,29.09.2025 22:37:33,8,NIE,,
j-2025,14,18.11.2025,18.11.2025 12:37:07,75,159,Mazowieckie,555,Ortodoncja,2025/032318,Rezydencki,89.05,4.67,22.09.2025 20:58:40,8,NIE,,
j-2025,14,18.11.2025,18.11.2025 12:37:07,75,159,Mazowieckie,556,Ortodoncja,2025/035991,Rezydencki,87.92,4.57,23.09.2025 14:29:35,8,NIE,,
j-2025,14,18.11.2025,18.11.2025 12:37:07,75,159,Mazowieckie,557,Ortodoncja,2025/033209,Rezydencki,87.62,4.32,17.09.2025 22:48:12,8,NIE,,
j-2025,14,18.11.2025,18.11.2025 12:37:07,75,159,Mazowieckie,558,Ortodoncja,2025/028970,Rezydencki,87.20,3.92,04.09.2025 21:00:29,8,NIE,,
j-2025,14,18.11.2025,18.11.2025 12:37:07,75,159,Mazowieckie,559,Ortodoncja,2025/034645,Rezydencki,87.14,4.36,20.09.2025 17:48:29,8,NIE,,
j-2025,14,18.11.2025,18.11.2025 12:37:07,75,159,Mazowieckie,560,Ortodoncja,2025/034988,Rezydencki,87.14,4.28,28.09.2025 08:10:02,8,NIE,,
j-2025,14,18.11.2025,18.11.2025 12:37:07,75,159,Mazowieckie,561,Ortopedia i traumatologia narządu ruchu,2025/040597,Rezydencki,90.82,4.63,29.09.2025 17:04:16,14,NIE,,
j-2025,14,18.11.2025,18.11.2025 12:37:07,75,159,Mazowieckie,562,Ortopedia i traumatologia narządu ruchu,2025/041666,Rezydencki,90.43,4.25,30.09.2025 12:45:38,14,NIE,,
j-2025,14,18.11.2025,18.11.2025 12:37:07,75,159,Mazowieckie,563,Ortopedia i traumatologia narządu ruchu,2025/032393,Rezydencki,90.43,4.21,30.09.2025 18:47:44,14,NIE,,
j-2025,14,18.11.2025,18.11.2025 12:37:07,75,159,Mazowieckie,564,Ortopedia i traumatologia narządu ruchu,2025/029352,Rezydencki,90.19,4.55,30.09.2025 13:21:40,14,NIE,,
j-2025,14,18.11.2025,18.11.2025 12:37:07,75,159,Mazowieckie,565,Ortopedia i traumatologia narządu ruchu,2025/035807,Rezydencki,90.10,4.39,30.09.2025 20:00:51,14,NIE,,
j-2025,14,18.11.2025,18.11.2025 12:37:07,75,159,Mazowieckie,566,Ortopedia i traumatologia narządu ruchu,2025/035709,Rezydencki,89.95,4.34,30.09.2025 17:03:18,14,NIE,,
j-2025,14,18.11.2025,18.11.2025 12:37:07,75,159,Mazowieckie,567,Ortopedia i traumatologia narządu ruchu,2025/039475,Rezydencki,89.86,4.31,28.10.2025 12:10:10,14,NIE,,
j-2025,14,18.11.2025,18.11.2025 12:37:07,75,159,Mazowieckie,568,Ortopedia i traumatologia narządu ruchu,2025/028708,Rezydencki,89.61,4.42,15.09.2025 17:16:39,14,NIE,,
j-2025,14,18.11.2025,18.11.2025 12:37:07,75,159,Mazowieckie,569,Ortopedia i traumatologia narządu ruchu,2025/038348,Rezydencki,89.23,4.03,30.09.2025 17:38:43,14,NIE,,
j-2025,14,18.11.2025,18.11.2025 12:37:07,75,159,Mazowieckie,570,Ortopedia i traumatologia narządu ruchu,2025/041925,Rezydencki,88.52,4.08,30.09.2025 21:39:52,14,NIE,,
j-2025,14,18.11.2025,18.11.2025 12:37:07,75,159,Mazowieckie,571,Ortopedia i traumatologia narządu ruchu,2025/040265,Rezydencki,88.28,3.76,30.09.2025 17:50:52,14,NIE,,
j-2025,14,18.11.2025,18.11.2025 12:37:07,75,159,Mazowieckie,572,Ortopedia i traumatologia narządu ruchu,2025/037179,Rezydencki,88.04,3.94,30.09.2025 14:34:02,14,NIE,,
j-2025,14,18.11.2025,18.11.2025 12:37:07,75,159,Mazowieckie,573,Ortopedia i traumatologia narządu ruchu,2025/038755,Rezydencki,87.62,4.04,26.09.2025 23:21:48,14,NIE,,
j-2025,14,18.11.2025,18.11.2025 12:37:07,75,159,Mazowieckie,574,Ortopedia i traumatologia narządu ruchu,2025/042549,Rezydencki,87.56,4.18,17.10.2025 10:27:23,14,NIE,,
j-2025,14,18.11.2025,18.11.2025 12:37:07,75,159,Mazowieckie,575,Ortopedia i traumatologia narządu ruchu,2025/031840,Pozarezydencki,82.50,3.80,19.09.2025 16:22:37,18,NIE,,
j-2025,14,18.11.2025,18.11.2025 12:37:07,75,159,Mazowieckie,576,Ortopedia i traumatologia narządu ruchu,2025/040809,Pozarezydencki,81.31,3.86,30.09.2025 23:55:15,18,NIE,,
j-2025,14,18.11.2025,18.11.2025 12:37:07,75,159,Mazowieckie,577,Ortopedia i traumatologia narządu ruchu,2025/042554,Pozarezydencki,81.28,3.82,17.10.2025 09:11:32,18,NIE,,
j-2025,14,18.11.2025,18.11.2025 12:37:07,76,159,Mazowieckie,578,Ortopedia i traumatologia narządu ruchu,2025/033407,Pozarezydencki,79.30,4.35,23.09.2025 21:38:51,18,NIE,,
j-2025,14,18.11.2025,18.11.2025 12:37:07,76,159,Mazowieckie,579,Ortopedia i traumatologia narządu ruchu,2025/037047,Pozarezydencki,79.00,3.46,29.09.2025 20:00:54,18,NIE,,
j-2025,14,18.11.2025,18.11.2025 12:37:07,76,159,Mazowieckie,580,Ortopedia i traumatologia narządu ruchu,2025/030540,Pozarezydencki,78.57,4.15,22.10.2025 13:44:07,18,NIE,,
j-2025,14,18.11.2025,18.11.2025 12:37:07,76,159,Mazowieckie,581,Ortopedia i traumatologia narządu ruchu,2025/041561,Pozarezydencki,76.82,3.57,30.09.2025 16:54:42,18,NIE,,
j-2025,14,18.11.2025,18.11.2025 12:37:07,76,159,Mazowieckie,582,Ortopedia i traumatologia narządu ruchu,2025/034090,Pozarezydencki,76.71,3.66,30.09.2025 20:33:16,18,NIE,,
j-2025,14,18.11.2025,18.11.2025 12:37:07,76,159,Mazowieckie,583,Ortopedia i traumatologia narządu ruchu,2025/039104,Pozarezydencki,76.59,3.88,30.09.2025 20:30:30,18,NIE,,
j-2025,14,18.11.2025,18.11.2025 12:37:07,76,159,Mazowieckie,584,Ortopedia i traumatologia narządu ruchu,2025/033834,Pozarezydencki,76.27,4.17,22.10.2025 09:47:14,18,NIE,,
j-2025,14,18.11.2025,18.11.2025 12:37:07,76,159,Mazowieckie,585,Ortopedia i traumatologia narządu ruchu,2025/031066,Pozarezydencki,75.91,3.93,25.09.2025 23:46:24,18,NIE,,
j-2025,14,18.11.2025,18.11.2025 12:37:07,76,159,Mazowieckie,586,Ortopedia i traumatologia narządu ruchu,2025/042898,Pozarezydencki,74.55,3.23,06.10.2025 11:53:06,18,NIE,,
j-2025,14,18.11.2025,18.11.2025 12:37:07,76,159,Mazowieckie,587,Ortopedia i traumatologia narządu ruchu,2025/038576,Pozarezydencki,74.09,3.47,29.09.2025 22:08:52,18,NIE,,
j-2025,14,18.11.2025,18.11.2025 12:37:07,76,159,Mazowieckie,588,Ortopedia i traumatologia narządu ruchu,2025/032569,Pozarezydencki,73.83,3.43,12.10.2025 16:09:43,18,NIE,,
j-2025,14,18.11.2025,18.11.2025 12:37:07,76,159,Mazowieckie,589,Ortopedia i traumatologia narządu ruchu,2025/036699,Pozarezydencki,73.27,3.93,09.10.2025 09:15:03,18,NIE,,
j-2025,14,18.11.2025,18.11.2025 12:37:07,76,159,Mazowieckie,590,Ortopedia i traumatologia narządu ruchu,2025/040867,Pozarezydencki,69.82,3.88,29.09.2025 18:17:24,18,NIE,,
j-2025,14,18.11.2025,18.11.2025 12:37:07,76,159,Mazowieckie,591,Ortopedia i traumatologia narządu ruchu,2025/031988,Pozarezydencki,69.12,3.79,30.09.2025 15:36:38,18,NIE,,
j-2025,14,18.11.2025,18.11.2025 12:37:07,76,159,Mazowieckie,592,Ortopedia i traumatologia narządu ruchu,2025/037888,Pozarezydencki,68.26,3.20,30.09.2025 19:54:02,18,NIE,,
j-2025,14,18.11.2025,18.11.2025 12:37:07,76,159,Mazowieckie,593,Otorynolaryngologia,2025/038893,Rezydencki,90.98,4.50,09.10.2025 10:30:20,19,NIE,,
j-2025,14,18.11.2025,18.11.2025 12:37:07,76,159,Mazowieckie,594,Otorynolaryngologia,2025/036333,Rezydencki,90.48,4.50,30.09.2025 18:07:26,19,NIE,,
j-2025,14,18.11.2025,18.11.2025 12:37:07,76,159,Mazowieckie,595,Otorynolaryngologia,2025/041981,Rezydencki,89.00,3.85,13.10.2025 13:12:08,19,NIE,,
j-2025,14,18.11.2025,18.11.2025 12:37:07,76,159,Mazowieckie,596,Otorynolaryngologia,2025/042248,Rezydencki,89.00,3.80,30.09.2025 13:58:50,19,NIE,,
j-2025,14,18.11.2025,18.11.2025 12:37:07,76,159,Mazowieckie,597,Otorynolaryngologia,2025/038469,Rezydencki,88.52,4.29,30.09.2025 16:52:35,19,NIE,,
j-2025,14,18.11.2025,18.11.2025 12:37:07,76,159,Mazowieckie,598,Otorynolaryngologia,2025/028783,Rezydencki,88.10,4.39,22.09.2025 13:37:12,19,NIE,,
j-2025,14,18.11.2025,18.11.2025 12:37:07,76,159,Mazowieckie,599,Otorynolaryngologia,2025/036943,Rezydencki,87.92,4.54,30.09.2025 23:49:50,19,NIE,,
j-2025,14,18.11.2025,18.11.2025 12:37:07,76,159,Mazowieckie,600,Otorynolaryngologia,2025/035364,Rezydencki,87.80,4.03,30.09.2025 18:19:15,19,NIE,,
j-2025,14,18.11.2025,18.11.2025 12:37:07,76,159,Mazowieckie,601,Otorynolaryngologia,2025/029603,Rezydencki,87.62,4.11,29.09.2025 11:34:56,19,NIE,,
j-2025,14,18.11.2025,18.11.2025 12:37:07,76,159,Mazowieckie,602,Otorynolaryngologia,2025/029019,Rezydencki,87.56,4.09,30.09.2025 17:08:19,19,NIE,,
j-2025,14,18.11.2025,18.11.2025 12:37:07,76,159,Mazowieckie,603,Otorynolaryngologia,2025/028633,Rezydencki,87.56,3.61,30.09.2025 01:02:14,19,NIE,,
j-2025,14,18.11.2025,18.11.2025 12:37:07,76,159,Mazowieckie,604,Otorynolaryngologia,2025/043003,Rezydencki,87.50,4.34,30.09.2025 21:14:57,19,NIE,,
j-2025,14,18.11.2025,18.11.2025 12:37:07,76,159,Mazowieckie,605,Otorynolaryngologia,2025/035521,Rezydencki,87.14,3.98,17.10.2025 11:34:47,19,NIE,,
j-2025,14,18.11.2025,18.11.2025 12:37:07,76,159,Mazowieckie,606,Otorynolaryngologia,2025/043321,Rezydencki,87.08,3.71,30.09.2025 23:04:11,19,NIE,,
j-2025,14,18.11.2025,18.11.2025 12:37:07,76,159,Mazowieckie,607,Otorynolaryngologia,2025/034770,Rezydencki,86.96,3.62,29.09.2025 20:47:53,19,NIE,,
j-2025,14,18.11.2025,18.11.2025 12:37:07,76,159,Mazowieckie,608,Otorynolaryngologia,2025/042798,Rezydencki,86.60,4.01,30.09.2025 21:24:07,19,NIE,,
j-2025,14,18.11.2025,18.11.2025 12:37:07,76,159,Mazowieckie,609,Otorynolaryngologia,2025/042263,Rezydencki,86.36,4.19,10.10.2025 15:51:07,19,NIE,,
j-2025,14,18.11.2025,18.11.2025 12:37:07,76,159,Mazowieckie,610,Otorynolaryngologia,2025/039762,Rezydencki,86.12,4.33,17.10.2025 15:40:03,19,NIE,,
j-2025,14,18.11.2025,18.11.2025 12:37:07,76,159,Mazowieckie,611,Otorynolaryngologia,2025/036359,Rezydencki,85.89,3.81,30.09.2025 11:32:01,19,NIE,,
j-2025,14,18.11.2025,18.11.2025 12:37:07,76,159,Mazowieckie,612,Otorynolaryngologia dziecięca,2025/033302,Rezydencki,91.87,4.42,30.09.2025 12:05:39,1,NIE,,
j-2025,14,18.11.2025,18.11.2025 12:37:07,76,159,Mazowieckie,613,Otorynolaryngologia dziecięca,2025/042342,Pozarezydencki,77.98,4.11,15.10.2025 18:37:15,1,NIE,,
j-2025,14,18.11.2025,18.11.2025 12:37:07,77,159,Mazowieckie,614,Patomorfologia,2025/028932,Rezydencki,88.52,4.01,30.09.2025 19:05:01,5,NIE,,
j-2025,14,18.11.2025,18.11.2025 12:37:07,77,159,Mazowieckie,615,Patomorfologia,2025/036916,Rezydencki,87.62,4.51,27.09.2025 19:35:40,5,NIE,,
j-2025,14,18.11.2025,18.11.2025 12:37:07,77,159,Mazowieckie,616,Patomorfologia,2025/042483,Rezydencki,87.14,4.45,30.09.2025 16:35:51,5,NIE,,
j-2025,14,18.11.2025,18.11.2025 12:37:07,77,159,Mazowieckie,617,Patomorfologia,2025/033374,Rezydencki,85.95,4.05,25.09.2025 13:39:56,5,NIE,,
j-2025,14,18.11.2025,18.11.2025 12:37:07,77,159,Mazowieckie,618,Patomorfologia,2025/036876,Rezydencki,83.33,3.45,09.10.2025 10:57:33,5,NIE,,
j-2025,14,18.11.2025,18.11.2025 12:37:07,77,159,Mazowieckie,619,Pediatria,2025/036233,Rezydencki,94.26,4.35,30.09.2025 13:18:49,57,NIE,,
j-2025,14,18.11.2025,18.11.2025 12:37:07,77,159,Mazowieckie,620,Pediatria,2025/030301,Rezydencki,91.79,4.77,15.09.2025 13:28:05,57,NIE,,
j-2025,14,18.11.2025,18.11.2025 12:37:07,77,159,Mazowieckie,621,Pediatria,2025/039241,Rezydencki,91.63,4.06,28.09.2025 11:45:13,57,NIE,,
j-2025,14,18.11.2025,18.11.2025 12:37:07,77,159,Mazowieckie,622,Pediatria,2025/040013,Rezydencki,91.30,4.53,30.09.2025 23:33:31,57,NIE,,
j-2025,14,18.11.2025,18.11.2025 12:37:07,77,159,Mazowieckie,623,Pediatria,2025/037793,Rezydencki,91.30,4.31,27.09.2025 22:50:54,57,NIE,,
j-2025,14,18.11.2025,18.11.2025 12:37:07,77,159,Mazowieckie,624,Pediatria,2025/037905,Rezydencki,91.15,4.61,30.09.2025 22:10:47,57,NIE,,
j-2025,14,18.11.2025,18.11.2025 12:37:07,77,159,Mazowieckie,625,Pediatria,2025/036490,Rezydencki,90.91,4.47,30.09.2025 16:40:47,57,NIE,,
j-2025,14,18.11.2025,18.11.2025 12:37:07,77,159,Mazowieckie,626,Pediatria,2025/034163,Rezydencki,90.91,3.81,30.09.2025 17:06:50,57,NIE,,
j-2025,14,18.11.2025,18.11.2025 12:37:07,77,159,Mazowieckie,627,Pediatria,2025/034960,Rezydencki,90.82,4.48,30.09.2025 19:07:07,57,NIE,,
j-2025,14,18.11.2025,18.11.2025 12:37:07,77,159,Mazowieckie,628,Pediatria,2025/038736,Rezydencki,90.67,4.27,20.10.2025 19:13:16,57,NIE,,
j-2025,14,18.11.2025,18.11.2025 12:37:07,77,159,Mazowieckie,629,Pediatria,2025/038602,Rezydencki,89.86,4.34,29.09.2025 14:49:03,57,NIE,,
j-2025,14,18.11.2025,18.11.2025 12:37:07,77,159,Mazowieckie,630,Pediatria,2025/035946,Rezydencki,89.52,4.42,26.09.2025 10:46:47,57,NIE,,
j-2025,14,18.11.2025,18.11.2025 12:37:07,77,159,Mazowieckie,631,Pediatria,2025/040271,Rezydencki,89.52,4.27,29.09.2025 11:23:27,57,NIE,,
j-2025,14,18.11.2025,18.11.2025 12:37:07,77,159,Mazowieckie,632,Pediatria,2025/036055,Rezydencki,89.47,4.25,30.09.2025 16:23:12,57,NIE,,
j-2025,14,18.11.2025,18.11.2025 12:37:07,77,159,Mazowieckie,633,Pediatria,2025/041911,Rezydencki,89.23,4.17,30.09.2025 10:13:37,57,NIE,,
j-2025,14,18.11.2025,18.11.2025 12:37:07,77,159,Mazowieckie,634,Pediatria,2025/040651,Rezydencki,89.00,4.56,30.09.2025 22:34:42,57,NIE,,
j-2025,14,18.11.2025,18.11.2025 12:37:07,77,159,Mazowieckie,635,Pediatria,2025/038001,Rezydencki,89.00,4.23,29.10.2025 17:52:07,57,NIE,,
j-2025,14,18.11.2025,18.11.2025 12:37:07,77,159,Mazowieckie,636,Pediatria,2025/040054,Rezydencki,88.89,4.56,30.09.2025 22:05:25,57,NIE,,
j-2025,14,18.11.2025,18.11.2025 12:37:07,77,159,Mazowieckie,637,Pediatria,2025/032137,Rezydencki,88.76,4.18,30.09.2025 13:34:45,57,NIE,,
j-2025,14,18.11.2025,18.11.2025 12:37:07,77,159,Mazowieckie,638,Pediatria,2025/041305,Rezydencki,88.73,3.63,29.09.2025 22:25:51,57,NIE,,
j-2025,14,18.11.2025,18.11.2025 12:37:07,77,159,Mazowieckie,639,Pediatria,2025/038095,Rezydencki,88.52,3.72,30.09.2025 23:03:14,57,NIE,,
j-2025,14,18.11.2025,18.11.2025 12:37:07,77,159,Mazowieckie,640,Pediatria,2025/039766,Rezydencki,88.24,4.34,29.09.2025 21:42:37,57,NIE,,
j-2025,14,18.11.2025,18.11.2025 12:37:07,77,159,Mazowieckie,641,Pediatria,2025/028963,Rezydencki,88.04,4.56,30.09.2025 08:55:20,57,NIE,,
j-2025,14,18.11.2025,18.11.2025 12:37:07,77,159,Mazowieckie,642,Pediatria,2025/029991,Rezydencki,87.92,4.42,29.09.2025 16:19:37,57,NIE,,
j-2025,14,18.11.2025,18.11.2025 12:37:07,77,159,Mazowieckie,643,Pediatria,2025/042785,Rezydencki,87.80,4.30,17.10.2025 14:18:29,57,NIE,,
j-2025,14,18.11.2025,18.11.2025 12:37:07,77,159,Mazowieckie,644,Pediatria,2025/036908,Rezydencki,87.62,3.89,30.09.2025 23:34:10,57,NIE,,
j-2025,14,18.11.2025,18.11.2025 12:37:07,77,159,Mazowieckie,645,Pediatria,2025/035632,Rezydencki,87.56,4.03,30.09.2025 18:14:23,57,NIE,,
j-2025,14,18.11.2025,18.11.2025 12:37:07,77,159,Mazowieckie,646,Pediatria,2025/037987,Rezydencki,87.38,4.40,29.09.2025 19:29:00,57,NIE,,
j-2025,14,18.11.2025,18.11.2025 12:37:07,77,159,Mazowieckie,647,Pediatria,2025/039961,Rezydencki,87.32,4.17,30.09.2025 19:23:39,57,NIE,,
j-2025,14,18.11.2025,18.11.2025 12:37:07,77,159,Mazowieckie,648,Pediatria,2025/035511,Rezydencki,87.25,4.23,26.09.2025 15:18:31,57,NIE,,
j-2025,14,18.11.2025,18.11.2025 12:37:07,77,159,Mazowieckie,649,Pediatria,2025/030692,Rezydencki,87.20,4.46,24.09.2025 19:27:09,57,NIE,,
j-2025,14,18.11.2025,18.11.2025 12:37:07,78,159,Mazowieckie,650,Pediatria,2025/035678,Rezydencki,87.14,4.03,29.09.2025 20:42:11,57,NIE,,
j-2025,14,18.11.2025,18.11.2025 12:37:07,78,159,Mazowieckie,651,Pediatria,2025/038496,Rezydencki,86.83,4.08,14.10.2025 16:45:44,57,NIE,,
j-2025,14,18.11.2025,18.11.2025 12:37:07,78,159,Mazowieckie,652,Pediatria,2025/039964,Rezydencki,86.76,4.21,29.09.2025 00:24:18,57,NIE,,
j-2025,14,18.11.2025,18.11.2025 12:37:07,78,159,Mazowieckie,653,Pediatria,2025/029444,Rezydencki,86.67,4.63,29.09.2025 12:37:44,57,NIE,,
j-2025,14,18.11.2025,18.11.2025 12:37:07,78,159,Mazowieckie,654,Pediatria,2025/040134,Rezydencki,86.60,3.80,30.09.2025 23:13:30,57,NIE,,
j-2025,14,18.11.2025,18.11.2025 12:37:07,78,159,Mazowieckie,655,Pediatria,2025/038780,Rezydencki,86.47,4.02,27.09.2025 09:40:09,57,NIE,,
j-2025,14,18.11.2025,18.11.2025 12:37:07,78,159,Mazowieckie,656,Pediatria,2025/038491,Rezydencki,86.12,4.23,30.09.2025 21:07:05,57,NIE,,
j-2025,14,18.11.2025,18.11.2025 12:37:07,78,159,Mazowieckie,657,Pediatria,2025/034186,Rezydencki,86.12,4.19,30.09.2025 14:10:56,57,NIE,,
j-2025,14,18.11.2025,18.11.2025 12:37:07,78,159,Mazowieckie,658,Pediatria,2025/042925,Rezydencki,85.71,3.94,30.09.2025 21:09:18,57,NIE,,
j-2025,14,18.11.2025,18.11.2025 12:37:07,78,159,Mazowieckie,659,Pediatria,2025/040657,Rezydencki,85.65,4.38,30.09.2025 15:13:28,57,NIE,,
j-2025,14,18.11.2025,18.11.2025 12:37:07,78,159,Mazowieckie,660,Pediatria,2025/042681,Rezydencki,85.51,3.97,30.09.2025 18:39:48,57,NIE,,
j-2025,14,18.11.2025,18.11.2025 12:37:07,78,159,Mazowieckie,661,Pediatria,2025/041462,Rezydencki,85.48,4.23,30.09.2025 23:24:39,57,NIE,,
j-2025,14,18.11.2025,18.11.2025 12:37:07,78,159,Mazowieckie,662,Pediatria,2025/042059,Rezydencki,85.41,4.14,30.09.2025 12:02:22,57,NIE,,
j-2025,14,18.11.2025,18.11.2025 12:37:07,78,159,Mazowieckie,663,Pediatria,2025/031336,Rezydencki,85.24,3.70,08.09.2025 19:06:01,57,NIE,,
j-2025,14,18.11.2025,18.11.2025 12:37:07,78,159,Mazowieckie,664,Pediatria,2025/039586,Rezydencki,85.17,4.35,30.09.2025 17:41:01,57,NIE,,
j-2025,14,18.11.2025,18.11.2025 12:37:07,78,159,Mazowieckie,665,Pediatria,2025/039472,Rezydencki,85.17,4.08,30.09.2025 12:47:22,57,NIE,,
j-2025,14,18.11.2025,18.11.2025 12:37:07,78,159,Mazowieckie,666,Pediatria,2025/037562,Rezydencki,85.17,4.03,30.09.2025 18:50:44,57,NIE,,
j-2025,14,18.11.2025,18.11.2025 12:37:07,78,159,Mazowieckie,667,Pediatria,2025/034469,Rezydencki,85.17,3.87,30.09.2025 17:57:57,57,NIE,,
j-2025,14,18.11.2025,18.11.2025 12:37:07,78,159,Mazowieckie,668,Pediatria,2025/029559,Rezydencki,85.17,3.78,30.09.2025 21:20:09,57,NIE,,
j-2025,14,18.11.2025,18.11.2025 12:37:07,78,159,Mazowieckie,669,Pediatria,2025/033633,Rezydencki,85.17,3.44,14.10.2025 11:32:57,57,NIE,,
j-2025,14,18.11.2025,18.11.2025 12:37:07,78,159,Mazowieckie,670,Pediatria,2025/041772,Rezydencki,84.69,4.47,30.09.2025 22:28:56,57,NIE,,
j-2025,14,18.11.2025,18.11.2025 12:37:07,78,159,Mazowieckie,671,Pediatria,2025/037943,Rezydencki,84.69,3.94,30.09.2025 23:42:27,57,NIE,,
j-2025,14,18.11.2025,18.11.2025 12:37:07,78,159,Mazowieckie,672,Pediatria,2025/035634,Rezydencki,84.29,3.30,10.10.2025 12:59:55,57,NIE,,
j-2025,14,18.11.2025,18.11.2025 12:37:07,78,159,Mazowieckie,673,Pediatria,2025/038708,Rezydencki,84.21,3.78,30.09.2025 17:13:12,57,NIE,,
j-2025,14,18.11.2025,18.11.2025 12:37:07,78,159,Mazowieckie,674,Pediatria,2025/029054,Rezydencki,83.82,4.49,12.09.2025 22:32:59,57,NIE,,
j-2025,14,18.11.2025,18.11.2025 12:37:07,78,159,Mazowieckie,675,Pediatria,2025/041643,Rezydencki,83.82,3.42,29.09.2025 23:40:04,57,NIE,,
j-2025,14,18.11.2025,18.11.2025 12:37:07,78,159,Mazowieckie,676,Pediatria,2025/028545,Pozarezydencki,66.97,4.55,17.10.2025 14:22:45,2,NIE,,
j-2025,14,18.11.2025,18.11.2025 12:37:07,78,159,Mazowieckie,677,Pediatria,2025/034600,Pozarezydencki,61.92,3.39,22.10.2025 11:27:21,2,NIE,,
j-2025,14,18.11.2025,18.11.2025 12:37:07,78,159,Mazowieckie,678,Perinatologia,2025/035485,Pozarezydencki,93.64,4.35,09.10.2025 23:21:34,2,NIE,,
j-2025,14,18.11.2025,18.11.2025 12:37:07,78,159,Mazowieckie,679,Perinatologia,2025/036532,Pozarezydencki,91.82,4.10,24.09.2025 11:21:58,2,NIE,,
j-2025,14,18.11.2025,18.11.2025 12:37:07,78,159,Mazowieckie,680,Periodontologia,2025/030202,Rezydencki,86.67,4.11,04.09.2025 11:52:40,1,NIE,,
j-2025,14,18.11.2025,18.11.2025 12:37:07,78,159,Mazowieckie,681,Położnictwo i ginekologia,2025/038977,Rezydencki,93.30,4.73,30.09.2025 21:02:20,30,NIE,,
j-2025,14,18.11.2025,18.11.2025 12:37:07,78,159,Mazowieckie,682,Położnictwo i ginekologia,2025/033513,Rezydencki,93.30,4.66,30.09.2025 15:19:33,30,NIE,,
j-2025,14,18.11.2025,18.11.2025 12:37:07,78,159,Mazowieckie,683,Położnictwo i ginekologia,2025/040080,Rezydencki,92.82,4.50,30.09.2025 10:34:11,30,NIE,,
j-2025,14,18.11.2025,18.11.2025 12:37:07,78,159,Mazowieckie,684,Położnictwo i ginekologia,2025/042822,Rezydencki,92.34,4.34,30.09.2025 19:55:59,30,NIE,,
j-2025,14,18.11.2025,18.11.2025 12:37:07,78,159,Mazowieckie,685,Położnictwo i ginekologia,2025/031902,Rezydencki,92.27,4.84,13.09.2025 20:01:46,30,NIE,,
j-2025,14,18.11.2025,18.11.2025 12:37:07,79,159,Mazowieckie,686,Położnictwo i ginekologia,2025/035308,Rezydencki,92.11,4.44,30.09.2025 01:09:20,30,NIE,,
j-2025,14,18.11.2025,18.11.2025 12:37:07,79,159,Mazowieckie,687,Położnictwo i ginekologia,2025/036711,Rezydencki,91.30,4.24,29.09.2025 21:47:15,30,NIE,,
j-2025,14,18.11.2025,18.11.2025 12:37:07,79,159,Mazowieckie,688,Położnictwo i ginekologia,2025/042314,Rezydencki,91.15,4.22,30.09.2025 22:07:23,30,NIE,,
j-2025,14,18.11.2025,18.11.2025 12:37:07,79,159,Mazowieckie,689,Położnictwo i ginekologia,2025/035948,Rezydencki,90.91,4.42,30.09.2025 09:06:34,30,NIE,,
j-2025,14,18.11.2025,18.11.2025 12:37:07,79,159,Mazowieckie,690,Położnictwo i ginekologia,2025/041026,Rezydencki,90.69,4.41,21.10.2025 10:25:10,30,NIE,,
j-2025,14,18.11.2025,18.11.2025 12:37:07,79,159,Mazowieckie,691,Położnictwo i ginekologia,2025/038206,Rezydencki,90.58,4.60,29.09.2025 14:57:47,30,NIE,,
j-2025,14,18.11.2025,18.11.2025 12:37:07,79,159,Mazowieckie,692,Położnictwo i ginekologia,2025/037056,Rezydencki,90.43,4.35,30.09.2025 17:54:50,30,NIE,,
j-2025,14,18.11.2025,18.11.2025 12:37:07,79,159,Mazowieckie,693,Położnictwo i ginekologia,2025/040332,Rezydencki,90.43,4.23,30.09.2025 14:34:15,30,NIE,,
j-2025,14,18.11.2025,18.11.2025 12:37:07,79,159,Mazowieckie,694,Położnictwo i ginekologia,2025/041529,Rezydencki,90.34,4.08,29.09.2025 23:43:20,30,NIE,,
j-2025,14,18.11.2025,18.11.2025 12:37:07,79,159,Mazowieckie,695,Położnictwo i ginekologia,2025/035685,Rezydencki,89.95,3.93,30.09.2025 20:28:48,30,NIE,,
j-2025,14,18.11.2025,18.11.2025 12:37:07,79,159,Mazowieckie,696,Położnictwo i ginekologia,2025/037290,Rezydencki,89.86,4.32,25.09.2025 09:23:34,30,NIE,,
j-2025,14,18.11.2025,18.11.2025 12:37:07,79,159,Mazowieckie,697,Położnictwo i ginekologia,2025/028406,Rezydencki,89.71,4.17,25.09.2025 09:20:47,30,NIE,,
j-2025,14,18.11.2025,18.11.2025 12:37:07,79,159,Mazowieckie,698,Położnictwo i ginekologia,2025/033595,Rezydencki,89.47,4.22,30.09.2025 12:04:10,30,NIE,,
j-2025,14,18.11.2025,18.11.2025 12:37:07,79,159,Mazowieckie,699,Położnictwo i ginekologia,2025/029892,Rezydencki,89.27,3.87,30.09.2025 20:50:43,30,NIE,,
j-2025,14,18.11.2025,18.11.2025 12:37:07,79,159,Mazowieckie,700,Położnictwo i ginekologia,2025/039671,Rezydencki,89.00,4.19,28.09.2025 19:35:50,30,NIE,,
j-2025,14,18.11.2025,18.11.2025 12:37:07,79,159,Mazowieckie,701,Położnictwo i ginekologia,2025/039634,Rezydencki,88.76,4.30,02.10.2025 13:26:42,30,NIE,,
j-2025,14,18.11.2025,18.11.2025 12:37:07,79,159,Mazowieckie,702,Położnictwo i ginekologia,2025/039847,Rezydencki,88.76,3.97,24.10.2025 10:40:50,30,NIE,,
j-2025,14,18.11.2025,18.11.2025 12:37:07,79,159,Mazowieckie,703,Położnictwo i ginekologia,2025/039360,Rezydencki,88.73,4.20,30.09.2025 18:16:22,30,NIE,,
j-2025,14,18.11.2025,18.11.2025 12:37:07,79,159,Mazowieckie,704,Położnictwo i ginekologia,2025/041611,Rezydencki,88.52,4.21,17.10.2025 17:38:53,30,NIE,,
j-2025,14,18.11.2025,18.11.2025 12:37:07,79,159,Mazowieckie,705,Położnictwo i ginekologia,2025/033956,Rezydencki,88.28,4.34,30.09.2025 20:49:16,30,NIE,,
j-2025,14,18.11.2025,18.11.2025 12:37:07,79,159,Mazowieckie,706,Położnictwo i ginekologia,2025/036414,Rezydencki,88.10,3.93,24.09.2025 00:17:53,30,NIE,,
j-2025,14,18.11.2025,18.11.2025 12:37:07,79,159,Mazowieckie,707,Położnictwo i ginekologia,2025/042019,Rezydencki,88.04,3.97,30.09.2025 20:04:50,30,NIE,,
j-2025,14,18.11.2025,18.11.2025 12:37:07,79,159,Mazowieckie,708,Położnictwo i ginekologia,2025/034880,Rezydencki,87.92,4.14,30.09.2025 20:07:38,30,NIE,,
j-2025,14,18.11.2025,18.11.2025 12:37:07,79,159,Mazowieckie,709,Położnictwo i ginekologia,2025/030503,Rezydencki,87.86,4.77,25.09.2025 11:55:00,30,NIE,,
j-2025,14,18.11.2025,18.11.2025 12:37:07,79,159,Mazowieckie,710,Położnictwo i ginekologia,2025/037581,Rezydencki,87.80,4.18,16.10.2025 19:26:28,30,NIE,,
j-2025,14,18.11.2025,18.11.2025 12:37:07,79,159,Mazowieckie,711,Położnictwo i ginekologia,2025/036874,Pozarezydencki,83.11,3.77,30.09.2025 23:24:26,6,NIE,,
j-2025,14,18.11.2025,18.11.2025 12:37:07,79,159,Mazowieckie,712,Położnictwo i ginekologia,2025/041662,Pozarezydencki,81.28,4.38,10.10.2025 09:12:42,6,NIE,,
j-2025,14,18.11.2025,18.11.2025 12:37:07,79,159,Mazowieckie,713,Położnictwo i ginekologia,2025/041977,Pozarezydencki,76.26,3.76,30.09.2025 20:50:10,6,NIE,,
j-2025,14,18.11.2025,18.11.2025 12:37:07,79,159,Mazowieckie,714,Położnictwo i ginekologia,2025/043210,Pozarezydencki,74.43,4.15,30.09.2025 22:27:29,6,NIE,,
j-2025,14,18.11.2025,18.11.2025 12:37:07,79,159,Mazowieckie,715,Położnictwo i ginekologia,2025/042819,Pozarezydencki,71.43,4.65,24.10.2025 13:15:55,6,NIE,,
j-2025,14,18.11.2025,18.11.2025 12:37:07,79,159,Mazowieckie,716,Położnictwo i ginekologia,2025/035316,Pozarezydencki,62.27,3.66,20.10.2025 13:52:43,6,NIE,,
j-2025,14,18.11.2025,18.11.2025 12:37:07,79,159,Mazowieckie,717,Protetyka stomatologiczna,2025/028957,Rezydencki,88.81,4.57,02.10.2025 11:02:59,5,NIE,,
j-2025,14,18.11.2025,18.11.2025 12:37:07,79,159,Mazowieckie,718,Protetyka stomatologiczna,2025/032968,Rezydencki,85.82,4.21,18.09.2025 12:23:03,5,NIE,,
j-2025,14,18.11.2025,18.11.2025 12:37:07,79,159,Mazowieckie,719,Protetyka stomatologiczna,2025/037561,Rezydencki,85.34,4.50,09.10.2025 19:35:11,5,NIE,,
j-2025,14,18.11.2025,18.11.2025 12:37:07,79,159,Mazowieckie,720,Protetyka stomatologiczna,2025/039287,Rezydencki,85.17,4.38,29.09.2025 19:05:10,5,NIE,,
j-2025,14,18.11.2025,18.11.2025 12:37:07,79,159,Mazowieckie,721,Protetyka stomatologiczna,2025/041625,Rezydencki,84.69,4.43,15.10.2025 10:40:07,5,NIE,,
j-2025,14,18.11.2025,18.11.2025 12:37:07,80,159,Mazowieckie,722,Protetyka stomatologiczna,2025/039928,Pozarezydencki,78.18,4.02,29.09.2025 21:23:54,1,NIE,,
j-2025,14,18.11.2025,18.11.2025 12:37:07,80,159,Mazowieckie,723,Psychiatria,2025/036101,Rezydencki,93.30,4.29,25.09.2025 11:10:07,48,NIE,,
j-2025,14,18.11.2025,18.11.2025 12:37:07,80,159,Mazowieckie,724,Psychiatria,2025/040105,Rezydencki,91.63,4.54,08.10.2025 23:51:37,48,NIE,,
j-2025,14,18.11.2025,18.11.2025 12:37:07,80,159,Mazowieckie,725,Psychiatria,2025/039748,Rezydencki,91.39,4.42,30.09.2025 21:28:31,48,NIE,,
j-2025,14,18.11.2025,18.11.2025 12:37:07,80,159,Mazowieckie,726,Psychiatria,2025/033131,Rezydencki,91.39,4.14,25.09.2025 10:40:39,48,NIE,,
j-2025,14,18.11.2025,18.11.2025 12:37:07,80,159,Mazowieckie,727,Psychiatria,2025/038838,Rezydencki,91.39,3.71,27.09.2025 11:47:40,48,NIE,,
j-2025,14,18.11.2025,18.11.2025 12:37:07,80,159,Mazowieckie,728,Psychiatria,2025/038583,Rezydencki,90.91,4.11,26.09.2025 18:13:20,48,NIE,,
j-2025,14,18.11.2025,18.11.2025 12:37:07,80,159,Mazowieckie,729,Psychiatria,2025/030927,Rezydencki,90.91,3.75,30.09.2025 10:21:09,48,NIE,,
j-2025,14,18.11.2025,18.11.2025 12:37:07,80,159,Mazowieckie,730,Psychiatria,2025/042109,Rezydencki,90.82,4.31,16.10.2025 23:28:39,48,NIE,,
j-2025,14,18.11.2025,18.11.2025 12:37:07,80,159,Mazowieckie,731,Psychiatria,2025/042580,Rezydencki,90.82,4.02,30.09.2025 23:59:24,48,NIE,,
j-2025,14,18.11.2025,18.11.2025 12:37:07,80,159,Mazowieckie,732,Psychiatria,2025/037346,Rezydencki,90.43,4.62,30.09.2025 23:27:50,48,NIE,,
j-2025,14,18.11.2025,18.11.2025 12:37:07,80,159,Mazowieckie,733,Psychiatria,2025/032653,Rezydencki,90.43,4.35,05.10.2025 10:00:43,48,NIE,,
j-2025,14,18.11.2025,18.11.2025 12:37:07,80,159,Mazowieckie,734,Psychiatria,2025/041790,Rezydencki,90.43,3.88,30.09.2025 04:30:47,48,NIE,,
j-2025,14,18.11.2025,18.11.2025 12:37:07,80,159,Mazowieckie,735,Psychiatria,2025/033667,Rezydencki,90.34,4.57,16.09.2025 22:54:24,48,NIE,,
j-2025,14,18.11.2025,18.11.2025 12:37:07,80,159,Mazowieckie,736,Psychiatria,2025/029874,Rezydencki,90.00,4.29,22.09.2025 22:00:53,48,NIE,,
j-2025,14,18.11.2025,18.11.2025 12:37:07,80,159,Mazowieckie,737,Psychiatria,2025/040975,Rezydencki,89.71,4.42,29.09.2025 21:29:40,48,NIE,,
j-2025,14,18.11.2025,18.11.2025 12:37:07,80,159,Mazowieckie,738,Psychiatria,2025/038653,Rezydencki,89.61,4.61,28.09.2025 20:37:57,48,NIE,,
j-2025,14,18.11.2025,18.11.2025 12:37:07,80,159,Mazowieckie,739,Psychiatria,2025/041164,Rezydencki,89.61,3.48,30.09.2025 21:42:05,48,NIE,,
j-2025,14,18.11.2025,18.11.2025 12:37:07,80,159,Mazowieckie,740,Psychiatria,2025/040172,Rezydencki,89.47,4.18,10.10.2025 17:24:18,48,NIE,,
j-2025,14,18.11.2025,18.11.2025 12:37:07,80,159,Mazowieckie,741,Psychiatria,2025/038961,Rezydencki,89.47,3.95,30.09.2025 21:13:20,48,NIE,,
j-2025,14,18.11.2025,18.11.2025 12:37:07,80,159,Mazowieckie,742,Psychiatria,2025/035272,Rezydencki,89.23,4.40,30.09.2025 08:10:59,48,NIE,,
j-2025,14,18.11.2025,18.11.2025 12:37:07,80,159,Mazowieckie,743,Psychiatria,2025/040039,Rezydencki,89.00,4.58,30.09.2025 22:55:13,48,NIE,,
j-2025,14,18.11.2025,18.11.2025 12:37:07,80,159,Mazowieckie,744,Psychiatria,2025/041589,Rezydencki,88.52,3.81,03.10.2025 22:03:03,48,NIE,,
j-2025,14,18.11.2025,18.11.2025 12:37:07,80,159,Mazowieckie,745,Psychiatria,2025/033546,Rezydencki,88.16,4.30,23.09.2025 19:52:59,48,NIE,,
j-2025,14,18.11.2025,18.11.2025 12:37:07,80,159,Mazowieckie,746,Psychiatria,2025/033557,Rezydencki,88.10,4.05,29.09.2025 22:39:42,48,NIE,,
j-2025,14,18.11.2025,18.11.2025 12:37:07,80,159,Mazowieckie,747,Psychiatria,2025/032312,Rezydencki,88.04,4.29,30.09.2025 18:01:04,48,NIE,,
j-2025,14,18.11.2025,18.11.2025 12:37:07,80,159,Mazowieckie,748,Psychiatria,2025/038948,Rezydencki,87.92,4.45,27.09.2025 15:41:55,48,NIE,,
j-2025,14,18.11.2025,18.11.2025 12:37:07,80,159,Mazowieckie,749,Psychiatria,2025/037965,Rezydencki,87.92,3.94,30.09.2025 21:55:35,48,NIE,,
j-2025,14,18.11.2025,18.11.2025 12:37:07,80,159,Mazowieckie,750,Psychiatria,2025/035016,Rezydencki,87.75,4.16,28.09.2025 18:26:28,48,NIE,,
j-2025,14,18.11.2025,18.11.2025 12:37:07,80,159,Mazowieckie,751,Psychiatria,2025/039060,Rezydencki,87.68,4.68,29.09.2025 00:28:35,48,NIE,,
j-2025,14,18.11.2025,18.11.2025 12:37:07,80,159,Mazowieckie,752,Psychiatria,2025/038461,Rezydencki,87.62,4.00,29.09.2025 20:45:30,48,NIE,,
j-2025,14,18.11.2025,18.11.2025 12:37:07,80,159,Mazowieckie,753,Psychiatria,2025/031702,Rezydencki,87.56,3.44,13.10.2025 14:56:20,48,NIE,,
j-2025,14,18.11.2025,18.11.2025 12:37:07,80,159,Mazowieckie,754,Psychiatria,2025/040705,Rezydencki,87.32,4.39,30.09.2025 11:05:52,48,NIE,,
j-2025,14,18.11.2025,18.11.2025 12:37:07,80,159,Mazowieckie,755,Psychiatria,2025/042946,Rezydencki,87.32,3.67,30.09.2025 21:28:31,48,NIE,,
j-2025,14,18.11.2025,18.11.2025 12:37:07,80,159,Mazowieckie,756,Psychiatria,2025/036997,Rezydencki,87.20,4.39,29.09.2025 17:31:40,48,NIE,,
j-2025,14,18.11.2025,18.11.2025 12:37:07,80,159,Mazowieckie,757,Psychiatria,2025/040452,Rezydencki,87.14,4.39,29.09.2025 13:53:06,48,NIE,,
j-2025,14,18.11.2025,18.11.2025 12:37:07,81,159,Mazowieckie,758,Psychiatria,2025/038555,Rezydencki,87.08,4.11,30.09.2025 07:31:59,48,NIE,,
j-2025,14,18.11.2025,18.11.2025 12:37:07,81,159,Mazowieckie,759,Psychiatria,2025/041789,Rezydencki,87.08,3.70,22.10.2025 14:20:27,48,NIE,,
j-2025,14,18.11.2025,18.11.2025 12:37:07,81,159,Mazowieckie,760,Psychiatria,2025/035812,Rezydencki,87.01,3.38,28.09.2025 16:59:06,48,NIE,,
j-2025,14,18.11.2025,18.11.2025 12:37:07,81,159,Mazowieckie,761,Psychiatria,2025/036134,Rezydencki,86.90,4.34,28.09.2025 14:00:25,48,NIE,,
j-2025,14,18.11.2025,18.11.2025 12:37:07,81,159,Mazowieckie,762,Psychiatria,2025/035615,Rezydencki,86.84,4.07,30.09.2025 23:06:28,48,NIE,,
j-2025,14,18.11.2025,18.11.2025 12:37:07,81,159,Mazowieckie,763,Psychiatria,2025/031017,Rezydencki,86.71,4.20,30.09.2025 17:11:40,48,NIE,,
j-2025,14,18.11.2025,18.11.2025 12:37:07,81,159,Mazowieckie,764,Psychiatria,2025/034916,Rezydencki,86.67,4.48,25.09.2025 17:39:45,48,NIE,,
j-2025,14,18.11.2025,18.11.2025 12:37:07,81,159,Mazowieckie,765,Psychiatria,2025/040677,Rezydencki,86.60,3.70,09.10.2025 14:32:59,48,NIE,,
j-2025,14,18.11.2025,18.11.2025 12:37:07,81,159,Mazowieckie,766,Psychiatria,2025/041362,Rezydencki,86.36,3.86,07.10.2025 18:36:47,48,NIE,,
j-2025,14,18.11.2025,18.11.2025 12:37:07,81,159,Mazowieckie,767,Psychiatria,2025/038675,Rezydencki,86.36,3.76,30.09.2025 22:57:37,48,NIE,,
j-2025,14,18.11.2025,18.11.2025 12:37:07,81,159,Mazowieckie,768,Psychiatria,2025/040902,Rezydencki,86.27,4.14,09.10.2025 10:44:15,48,NIE,,
j-2025,14,18.11.2025,18.11.2025 12:37:07,81,159,Mazowieckie,769,Psychiatria,2025/030302,Rezydencki,86.12,3.79,30.09.2025 12:49:53,48,NIE,,
j-2025,14,18.11.2025,18.11.2025 12:37:07,81,159,Mazowieckie,770,Psychiatria,2025/039283,Rezydencki,86.03,3.71,30.09.2025 16:46:56,48,NIE,,
j-2025,14,18.11.2025,18.11.2025 12:37:07,81,159,Mazowieckie,771,Psychiatria,2025/042331,Pozarezydencki,82.19,3.74,30.09.2025 22:29:22,11,NIE,,
j-2025,14,18.11.2025,18.11.2025 12:37:07,81,159,Mazowieckie,772,Psychiatria,2025/029065,Pozarezydencki,81.11,4.53,26.09.2025 18:54:29,11,NIE,,
j-2025,14,18.11.2025,18.11.2025 12:37:07,81,159,Mazowieckie,773,Psychiatria,2025/032249,Pozarezydencki,81.05,3.67,30.09.2025 17:46:41,11,NIE,,
j-2025,14,18.11.2025,18.11.2025 12:37:07,81,159,Mazowieckie,774,Psychiatria,2025/029583,Pozarezydencki,79.00,3.24,30.09.2025 11:03:34,11,NIE,,
j-2025,14,18.11.2025,18.11.2025 12:37:07,81,159,Mazowieckie,775,Psychiatria,2025/038405,Pozarezydencki,75.70,4.50,26.09.2025 14:23:38,11,NIE,,
j-2025,14,18.11.2025,18.11.2025 12:37:07,81,159,Mazowieckie,776,Psychiatria,2025/031961,Pozarezydencki,74.77,3.81,18.09.2025 20:37:20,11,NIE,,
j-2025,14,18.11.2025,18.11.2025 12:37:07,81,159,Mazowieckie,777,Psychiatria,2025/030788,Pozarezydencki,74.19,4.06,06.09.2025 12:51:26,11,NIE,,
j-2025,14,18.11.2025,18.11.2025 12:37:07,81,159,Mazowieckie,778,Psychiatria,2025/036940,Pozarezydencki,73.97,3.76,30.09.2025 19:36:10,11,NIE,,
j-2025,14,18.11.2025,18.11.2025 12:37:07,81,159,Mazowieckie,779,Psychiatria,2025/028520,Pozarezydencki,73.52,3.23,30.09.2025 22:38:08,11,NIE,,
j-2025,14,18.11.2025,18.11.2025 12:37:07,81,159,Mazowieckie,780,Psychiatria,2025/042130,Pozarezydencki,73.13,3.93,09.10.2025 18:58:18,11,NIE,,
j-2025,14,18.11.2025,18.11.2025 12:37:07,81,159,Mazowieckie,781,Psychiatria,2025/043071,Pozarezydencki,72.43,3.27,28.10.2025 10:06:48,11,NIE,,
j-2025,14,18.11.2025,18.11.2025 12:37:07,81,159,Mazowieckie,782,Psychiatria dzieci i młodzieży,2025/029740,Rezydencki,91.90,4.55,30.09.2025 20:08:38,15,NIE,,
j-2025,14,18.11.2025,18.11.2025 12:37:07,81,159,Mazowieckie,783,Psychiatria dzieci i młodzieży,2025/035686,Rezydencki,91.15,3.96,30.09.2025 13:19:37,15,NIE,,
j-2025,14,18.11.2025,18.11.2025 12:37:07,81,159,Mazowieckie,784,Psychiatria dzieci i młodzieży,2025/040874,Rezydencki,90.91,4.50,29.09.2025 18:23:22,15,NIE,,
j-2025,14,18.11.2025,18.11.2025 12:37:07,81,159,Mazowieckie,785,Psychiatria dzieci i młodzieży,2025/033154,Rezydencki,90.34,4.28,22.09.2025 15:57:28,15,NIE,,
j-2025,14,18.11.2025,18.11.2025 12:37:07,81,159,Mazowieckie,786,Psychiatria dzieci i młodzieży,2025/033434,Rezydencki,89.71,4.41,30.09.2025 00:50:06,15,NIE,,
j-2025,14,18.11.2025,18.11.2025 12:37:07,81,159,Mazowieckie,787,Psychiatria dzieci i młodzieży,2025/038691,Rezydencki,89.71,4.05,30.09.2025 23:16:14,15,NIE,,
j-2025,14,18.11.2025,18.11.2025 12:37:07,81,159,Mazowieckie,788,Psychiatria dzieci i młodzieży,2025/039974,Rezydencki,89.22,4.38,28.09.2025 23:10:02,15,NIE,,
j-2025,14,18.11.2025,18.11.2025 12:37:07,81,159,Mazowieckie,789,Psychiatria dzieci i młodzieży,2025/030069,Rezydencki,89.22,3.99,03.09.2025 21:36:30,15,NIE,,
j-2025,14,18.11.2025,18.11.2025 12:37:07,81,159,Mazowieckie,790,Psychiatria dzieci i młodzieży,2025/038315,Rezydencki,88.76,4.11,30.09.2025 17:37:14,15,NIE,,
j-2025,14,18.11.2025,18.11.2025 12:37:07,81,159,Mazowieckie,791,Psychiatria dzieci i młodzieży,2025/038427,Rezydencki,88.52,4.60,16.10.2025 09:36:40,15,NIE,,
j-2025,14,18.11.2025,18.11.2025 12:37:07,81,159,Mazowieckie,792,Psychiatria dzieci i młodzieży,2025/039059,Rezydencki,87.86,4.42,27.09.2025 19:24:14,15,NIE,,
j-2025,14,18.11.2025,18.11.2025 12:37:07,81,159,Mazowieckie,793,Psychiatria dzieci i młodzieży,2025/041175,Rezydencki,87.86,3.74,30.09.2025 10:48:27,15,NIE,,
j-2025,14,18.11.2025,18.11.2025 12:37:07,82,159,Mazowieckie,794,Psychiatria dzieci i młodzieży,2025/034506,Rezydencki,87.68,4.36,19.09.2025 21:35:49,15,NIE,,
j-2025,14,18.11.2025,18.11.2025 12:37:07,82,159,Mazowieckie,795,Psychiatria dzieci i młodzieży,2025/035465,Rezydencki,87.08,3.97,06.10.2025 16:40:21,15,NIE,,
j-2025,14,18.11.2025,18.11.2025 12:37:07,82,159,Mazowieckie,796,Psychiatria dzieci i młodzieży,2025/035978,Rezydencki,87.08,3.81,16.10.2025 13:35:39,15,NIE,,
j-2025,14,18.11.2025,18.11.2025 12:37:07,82,159,Mazowieckie,797,Psychiatria dzieci i młodzieży,2025/032252,Pozarezydencki,89.09,4.57,13.10.2025 10:12:23,4,NIE,,
j-2025,14,18.11.2025,18.11.2025 12:37:07,82,159,Mazowieckie,798,Psychiatria dzieci i młodzieży,2025/037904,Pozarezydencki,81.14,3.74,28.09.2025 10:57:00,4,NIE,,
j-2025,14,18.11.2025,18.11.2025 12:37:07,82,159,Mazowieckie,799,Psychiatria dzieci i młodzieży,2025/042194,Pozarezydencki,80.82,3.95,30.09.2025 22:21:12,4,NIE,,
j-2025,14,18.11.2025,18.11.2025 12:37:07,82,159,Mazowieckie,800,Psychiatria dzieci i młodzieży,2025/040016,Pozarezydencki,80.00,0.00,07.10.2025 13:07:04,4,NIE,,
j-2025,14,18.11.2025,18.11.2025 12:37:07,82,159,Mazowieckie,801,Radiologia i diagnostyka obrazowa,2025/036399,Rezydencki,92.27,4.55,30.09.2025 23:08:19,9,NIE,,
j-2025,14,18.11.2025,18.11.2025 12:37:07,82,159,Mazowieckie,802,Radiologia i diagnostyka obrazowa,2025/031327,Rezydencki,92.27,4.16,19.09.2025 09:52:27,9,NIE,,
j-2025,14,18.11.2025,18.11.2025 12:37:07,82,159,Mazowieckie,803,Radiologia i diagnostyka obrazowa,2025/029531,Rezydencki,91.87,4.08,30.09.2025 08:53:53,9,NIE,,
j-2025,14,18.11.2025,18.11.2025 12:37:07,82,159,Mazowieckie,804,Radiologia i diagnostyka obrazowa,2025/040019,Rezydencki,91.87,3.91,30.09.2025 23:52:22,9,NIE,,
j-2025,14,18.11.2025,18.11.2025 12:37:07,82,159,Mazowieckie,805,Radiologia i diagnostyka obrazowa,2025/032025,Rezydencki,91.63,4.50,30.09.2025 09:22:52,9,NIE,,
j-2025,14,18.11.2025,18.11.2025 12:37:07,82,159,Mazowieckie,806,Radiologia i diagnostyka obrazowa,2025/035400,Rezydencki,91.30,4.65,22.09.2025 18:42:47,9,NIE,,
j-2025,14,18.11.2025,18.11.2025 12:37:07,82,159,Mazowieckie,807,Radiologia i diagnostyka obrazowa,2025/032163,Rezydencki,91.22,4.45,30.09.2025 20:35:26,9,NIE,,
j-2025,14,18.11.2025,18.11.2025 12:37:07,82,159,Mazowieckie,808,Radiologia i diagnostyka obrazowa,2025/042507,Rezydencki,90.91,3.98,30.09.2025 17:52:51,9,NIE,,
j-2025,14,18.11.2025,18.11.2025 12:37:07,82,159,Mazowieckie,809,Radiologia i diagnostyka obrazowa,2025/038274,Rezydencki,90.82,4.44,28.09.2025 22:50:20,9,NIE,,
j-2025,14,18.11.2025,18.11.2025 12:37:07,82,159,Mazowieckie,810,Radiologia i diagnostyka obrazowa,2025/042706,Pozarezydencki,86.30,4.40,20.10.2025 23:01:33,13,NIE,,
j-2025,14,18.11.2025,18.11.2025 12:37:07,82,159,Mazowieckie,811,Radiologia i diagnostyka obrazowa,2025/033371,Pozarezydencki,85.48,4.61,30.09.2025 19:52:50,13,NIE,,
j-2025,14,18.11.2025,18.11.2025 12:37:07,82,159,Mazowieckie,812,Radiologia i diagnostyka obrazowa,2025/039570,Pozarezydencki,85.45,3.43,30.09.2025 19:47:57,13,NIE,,
j-2025,14,18.11.2025,18.11.2025 12:37:07,82,159,Mazowieckie,813,Radiologia i diagnostyka obrazowa,2025/041452,Pozarezydencki,85.12,4.21,09.10.2025 14:12:11,13,NIE,,
j-2025,14,18.11.2025,18.11.2025 12:37:07,82,159,Mazowieckie,814,Radiologia i diagnostyka obrazowa,2025/041548,Pozarezydencki,84.10,4.37,29.09.2025 23:11:16,13,NIE,,
j-2025,14,18.11.2025,18.11.2025 12:37:07,82,159,Mazowieckie,815,Radiologia i diagnostyka obrazowa,2025/037498,Pozarezydencki,83.56,4.03,11.10.2025 18:22:57,13,NIE,,
j-2025,14,18.11.2025,18.11.2025 12:37:07,82,159,Mazowieckie,816,Radiologia i diagnostyka obrazowa,2025/039277,Pozarezydencki,83.11,3.84,30.09.2025 19:13:24,13,NIE,,
j-2025,14,18.11.2025,18.11.2025 12:37:07,82,159,Mazowieckie,817,Radiologia i diagnostyka obrazowa,2025/039222,Pozarezydencki,82.65,4.46,30.09.2025 06:18:12,13,NIE,,
j-2025,14,18.11.2025,18.11.2025 12:37:07,82,159,Mazowieckie,818,Radiologia i diagnostyka obrazowa,2025/041522,Pozarezydencki,82.26,3.36,30.09.2025 20:41:27,13,NIE,,
j-2025,14,18.11.2025,18.11.2025 12:37:07,82,159,Mazowieckie,819,Radiologia i diagnostyka obrazowa,2025/041664,Pozarezydencki,81.36,4.06,30.09.2025 23:44:13,13,NIE,,
j-2025,14,18.11.2025,18.11.2025 12:37:07,82,159,Mazowieckie,820,Radiologia i diagnostyka obrazowa,2025/031686,Pozarezydencki,80.18,4.32,09.10.2025 15:28:04,13,NIE,,
j-2025,14,18.11.2025,18.11.2025 12:37:07,82,159,Mazowieckie,821,Radiologia i diagnostyka obrazowa,2025/039604,Pozarezydencki,80.18,3.40,29.09.2025 17:01:23,13,NIE,,
j-2025,14,18.11.2025,18.11.2025 12:37:07,82,159,Mazowieckie,822,Radiologia i diagnostyka obrazowa,2025/043398,Pozarezydencki,79.26,4.34,30.09.2025 23:51:10,13,NIE,,
j-2025,14,18.11.2025,18.11.2025 12:37:07,82,159,Mazowieckie,823,Radioterapia onkologiczna,2025/029331,Rezydencki,88.16,3.93,28.09.2025 22:17:32,4,NIE,,
j-2025,14,18.11.2025,18.11.2025 12:37:07,82,159,Mazowieckie,824,Radioterapia onkologiczna,2025/038582,Rezydencki,87.32,4.23,30.09.2025 16:34:09,4,NIE,,
j-2025,14,18.11.2025,18.11.2025 12:37:07,82,159,Mazowieckie,825,Radioterapia onkologiczna,2025/038402,Rezydencki,84.69,3.84,16.10.2025 16:40:42,4,NIE,,
j-2025,14,18.11.2025,18.11.2025 12:37:07,82,159,Mazowieckie,826,Radioterapia onkologiczna,2025/028793,Rezydencki,84.06,4.02,26.09.2025 13:20:24,4,NIE,,
j-2025,14,18.11.2025,18.11.2025 12:37:07,82,159,Mazowieckie,827,Rehabilitacja medyczna,2025/033855,Rezydencki,94.08,4.06,07.10.2025 18:44:35,5,NIE,,
j-2025,14,18.11.2025,18.11.2025 12:37:07,82,159,Mazowieckie,828,Rehabilitacja medyczna,2025/035199,Rezydencki,85.99,3.60,29.09.2025 17:01:29,5,NIE,,
j-2025,14,18.11.2025,18.11.2025 12:37:07,82,159,Mazowieckie,829,Rehabilitacja medyczna,2025/036034,Rezydencki,84.56,4.25,09.10.2025 10:48:28,5,NIE,,
j-2025,14,18.11.2025,18.11.2025 12:37:07,83,159,Mazowieckie,830,Rehabilitacja medyczna,2025/037470,Rezydencki,81.90,4.26,16.10.2025 10:07:12,5,NIE,,
j-2025,14,18.11.2025,18.11.2025 12:37:07,83,159,Mazowieckie,831,Rehabilitacja medyczna,2025/034975,Rezydencki,66.51,4.11,30.09.2025 09:45:56,5,NIE,,
j-2025,14,18.11.2025,18.11.2025 12:37:07,83,159,Mazowieckie,832,Rehabilitacja medyczna,2025/029725,Pozarezydencki,80.68,0.00,17.10.2025 17:02:55,3,NIE,,
j-2025,14,18.11.2025,18.11.2025 12:37:07,83,159,Mazowieckie,833,Rehabilitacja medyczna,2025/040347,Pozarezydencki,75.45,0.00,30.09.2025 09:31:04,3,NIE,,
j-2025,14,18.11.2025,18.11.2025 12:37:07,83,159,Mazowieckie,834,Rehabilitacja medyczna,2025/039740,Pozarezydencki,64.72,3.24,16.10.2025 20:38:33,3,NIE,,
j-2025,14,18.11.2025,18.11.2025 12:37:07,83,159,Mazowieckie,835,Reumatologia,2025/039006,Rezydencki,93.30,4.69,30.09.2025 12:34:59,6,NIE,,
j-2025,14,18.11.2025,18.11.2025 12:37:07,83,159,Mazowieckie,836,Reumatologia,2025/041151,Rezydencki,92.82,4.61,30.09.2025 17:09:45,6,NIE,,
j-2025,14,18.11.2025,18.11.2025 12:37:07,83,159,Mazowieckie,837,Reumatologia,2025/042106,Rezydencki,92.82,4.57,30.09.2025 22:38:13,6,NIE,,
j-2025,14,18.11.2025,18.11.2025 12:37:07,83,159,Mazowieckie,838,Reumatologia,2025/041695,Rezydencki,92.82,4.26,30.09.2025 00:21:06,6,NIE,,
j-2025,14,18.11.2025,18.11.2025 12:37:07,83,159,Mazowieckie,839,Reumatologia,2025/036270,Rezydencki,92.65,4.29,29.09.2025 18:34:02,6,NIE,,
j-2025,14,18.11.2025,18.11.2025 12:37:07,83,159,Mazowieckie,840,Reumatologia,2025/032583,Rezydencki,92.34,4.54,30.09.2025 12:35:10,6,NIE,,
j-2025,14,18.11.2025,18.11.2025 12:37:07,83,159,Mazowieckie,841,Reumatologia,2025/032878,Pozarezydencki,81.74,4.12,30.09.2025 10:22:47,3,NIE,,
j-2025,14,18.11.2025,18.11.2025 12:37:07,83,159,Mazowieckie,842,Reumatologia,2025/032150,Pozarezydencki,81.36,4.16,20.10.2025 12:45:33,3,NIE,,
j-2025,14,18.11.2025,18.11.2025 12:37:07,83,159,Mazowieckie,843,Reumatologia,2025/040918,Pozarezydencki,80.91,4.11,29.09.2025 20:58:21,3,NIE,,
j-2025,14,18.11.2025,18.11.2025 12:37:07,83,159,Mazowieckie,844,Stomatologia dziecięca,2025/033646,Rezydencki,86.19,4.50,29.09.2025 21:53:04,5,NIE,,
j-2025,14,18.11.2025,18.11.2025 12:37:07,83,159,Mazowieckie,845,Stomatologia dziecięca,2025/036957,Rezydencki,85.99,4.30,24.09.2025 19:16:28,5,NIE,,
j-2025,14,18.11.2025,18.11.2025 12:37:07,83,159,Mazowieckie,846,Stomatologia dziecięca,2025/029217,Rezydencki,85.58,4.62,30.09.2025 15:20:42,5,NIE,,
j-2025,14,18.11.2025,18.11.2025 12:37:07,83,159,Mazowieckie,847,Stomatologia dziecięca,2025/035613,Rezydencki,85.02,4.57,10.10.2025 17:22:11,5,NIE,,
j-2025,14,18.11.2025,18.11.2025 12:37:07,83,159,Mazowieckie,848,Stomatologia dziecięca,2025/037768,Rezydencki,84.62,4.18,29.09.2025 23:34:58,5,NIE,,
j-2025,14,18.11.2025,18.11.2025 12:37:07,83,159,Mazowieckie,849,Stomatologia dziecięca,2025/035343,Pozarezydencki,75.80,3.96,06.10.2025 13:54:57,1,NIE,,
j-2025,14,18.11.2025,18.11.2025 12:37:07,83,159,Mazowieckie,850,Stomatologia zachowawcza z endodoncją,2025/029109,Rezydencki,83.10,4.50,08.09.2025 18:28:54,5,NIE,,
j-2025,14,18.11.2025,18.11.2025 12:37:07,83,159,Mazowieckie,851,Stomatologia zachowawcza z endodoncją,2025/030923,Rezydencki,82.13,3.72,07.09.2025 12:32:28,5,NIE,,
j-2025,14,18.11.2025,18.11.2025 12:37:07,83,159,Mazowieckie,852,Stomatologia zachowawcza z endodoncją,2025/041919,Rezydencki,81.43,4.05,30.09.2025 11:33:39,5,NIE,,
j-2025,14,18.11.2025,18.11.2025 12:37:07,83,159,Mazowieckie,853,Stomatologia zachowawcza z endodoncją,2025/039140,Rezydencki,80.95,4.33,27.09.2025 22:05:26,5,NIE,,
j-2025,14,18.11.2025,18.11.2025 12:37:07,83,159,Mazowieckie,854,Stomatologia zachowawcza z endodoncją,2025/038027,Rezydencki,80.95,4.30,08.10.2025 11:03:43,5,NIE,,
j-2025,14,18.11.2025,18.11.2025 12:37:07,83,159,Mazowieckie,855,Stomatologia zachowawcza z endodoncją,2025/039662,Pozarezydencki,75.80,3.54,17.10.2025 15:08:39,1,NIE,,
j-2025,14,18.11.2025,18.11.2025 12:37:07,83,159,Mazowieckie,856,Transplantologia kliniczna,2025/034029,Pozarezydencki,93.64,4.15,10.10.2025 15:12:50,5,NIE,,
j-2025,14,18.11.2025,18.11.2025 12:37:07,83,159,Mazowieckie,857,Transplantologia kliniczna,2025/032291,Pozarezydencki,78.21,3.92,09.10.2025 18:40:25,5,NIE,,
j-2025,14,18.11.2025,18.11.2025 12:37:07,83,159,Mazowieckie,858,Transplantologia kliniczna,2025/041944,Pozarezydencki,75.71,4.12,28.10.2025 12:05:33,5,NIE,,
j-2025,14,18.11.2025,18.11.2025 12:37:07,83,159,Mazowieckie,859,Transplantologia kliniczna,2025/030911,Pozarezydencki,75.45,4.55,07.09.2025 11:20:13,5,NIE,,
j-2025,14,18.11.2025,18.11.2025 12:37:07,83,159,Mazowieckie,860,Transplantologia kliniczna,2025/034828,Pozarezydencki,71.69,3.80,29.10.2025 08:17:15,5,NIE,,
j-2025,14,18.11.2025,18.11.2025 12:37:07,83,159,Mazowieckie,861,Urologia,2025/043227,Rezydencki,94.26,3.37,30.09.2025 22:35:17,8,NIE,,
j-2025,14,18.11.2025,18.11.2025 12:37:07,83,159,Mazowieckie,862,Urologia,2025/040348,Rezydencki,93.33,4.66,29.09.2025 12:36:53,8,NIE,,
j-2025,14,18.11.2025,18.11.2025 12:37:07,83,159,Mazowieckie,863,Urologia,2025/037898,Rezydencki,93.30,4.24,30.09.2025 14:13:51,8,NIE,,
j-2025,14,18.11.2025,18.11.2025 12:37:07,83,159,Mazowieckie,864,Urologia,2025/029425,Rezydencki,91.79,4.70,09.10.2025 21:00:34,8,NIE,,
j-2025,14,18.11.2025,18.11.2025 12:37:07,83,159,Mazowieckie,865,Urologia,2025/039096,Rezydencki,91.79,4.31,27.09.2025 21:32:17,8,NIE,,
j-2025,14,18.11.2025,18.11.2025 12:37:07,84,159,Mazowieckie,866,Urologia,2025/041015,Rezydencki,91.63,4.21,30.09.2025 08:31:39,8,NIE,,
j-2025,14,18.11.2025,18.11.2025 12:37:07,84,159,Mazowieckie,867,Urologia,2025/039148,Rezydencki,90.91,4.30,30.09.2025 12:55:25,8,NIE,,
j-2025,14,18.11.2025,18.11.2025 12:37:07,84,159,Mazowieckie,868,Urologia,2025/035995,Rezydencki,90.82,4.19,09.10.2025 13:30:26,8,NIE,,
j-2025,14,18.11.2025,18.11.2025 12:37:07,84,159,Mazowieckie,869,Urologia,2025/039212,Pozarezydencki,85.91,4.32,30.09.2025 15:07:31,1,NIE,,
j-2025,14,18.11.2025,18.11.2025 12:37:07,84,159,Mazowieckie,870,Urologia dziecięca,2025/034432,Pozarezydencki,89.09,3.50,23.09.2025 17:21:24,2,NIE,,
j-2025,14,18.11.2025,18.11.2025 12:37:07,84,159,Mazowieckie,871,Urologia dziecięca,2025/029144,Pozarezydencki,80.68,3.89,01.09.2025 22:28:52,2,NIE,,
j-2025,14,18.11.2025,18.11.2025 12:37:07,84,159,Mazowieckie,872,Zdrowie publiczne,2025/041689,Rezydencki,84.86,4.40,30.09.2025 23:57:40,1,NIE,,
j-2025,14,18.11.2025,18.11.2025 12:37:07,84,159,Mazowieckie,1,Neurologia,2025/031597,Rezydencki,84.30,4.03,30.09.2025 11:00:43,2,TAK,Mazowiecki Szpital Bródnowski Spółka z ograniczoną odpowiedzialnością,"Zespół Oddziałów Neurologii, Klinika Neurologii Wydziału Nauki o Zdrowiu WUM"
j-2025,14,18.11.2025,18.11.2025 12:37:07,84,159,Mazowieckie,1,Neurologia,2025/031654,Rezydencki,90.58,4.81,09.09.2025 18:17:56,2,TAK,Szpital Bielański im. ks. Jerzego Popiełuszki Samodzielny Publiczny Zakład Opieki Zdrowotnej,Oddział Neurologiczny
j-2025,14,18.11.2025,18.11.2025 12:37:07,84,159,Mazowieckie,1,Radiologia i diagnostyka obrazowa,2025/030894,Rezydencki,86.27,3.74,05.10.2025 17:44:21,1,TAK,UNIWERSYTECKIE CENTRUM KLINICZNE WARSZAWSKIEGO UNIWERSYTETU MEDYCZNEGO,Zakład Radiologii Pediatrycznej
j-2025,14,18.11.2025,18.11.2025 12:37:07,84,159,Mazowieckie,1,Kardiologia,2025/034579,Rezydencki,84.80,4.27,29.09.2025 20:18:52,4,TAK,UNIWERSYTECKIE CENTRUM KLINICZNE WARSZAWSKIEGO UNIWERSYTETU MEDYCZNEGO,Oddział Kardiologiczny
j-2025,14,18.11.2025,18.11.2025 12:37:07,84,159,Mazowieckie,1,Położnictwo i ginekologia,2025/033070,Rezydencki,89.37,4.65,23.09.2025 16:08:54,1,TAK,UNIWERSYTECKIE CENTRUM ZDROWIA KOBIETY I NOWORODKA WARSZAWSKIEGO UNIWERSYTETU MEDYCZNEGO SPÓŁKA Z OGRANICZONĄ,ODPOWIEDZIALNOŚCIĄ I Klinika Położnictwa i Ginekologii WUM Oddział Kliniczny Patologii Ciąży i Położniczy z Traktem Porodowym
j-2025,14,18.11.2025,18.11.2025 12:37:07,84,159,Mazowieckie,1,Kardiologia,2025/030318,Rezydencki,77.54,4.42,03.10.2025 17:19:05,4,TAK,Uniwersyteckie Centrum Kliniczne Warszawskiego Uniwersytetu Medycznego,"Klinika Chorób Wewnętrznych, Nadciśnienia Tętniczego i Angiologii"
j-2025,14,18.11.2025,18.11.2025 12:37:07,84,159,Mazowieckie,1,Hematologia,2025/030967,Rezydencki,88.65,4.35,13.09.2025 14:03:33,2,TAK,Uniwersyteckie Centrum Kliniczne Warszawskiego Uniwersytetu Medycznego,"Klinika Hematologii, Transplantologii i Chorób Wewnętrznych"
j-2025,14,18.11.2025,18.11.2025 12:37:07,85,159,Mazowieckie,2,Hematologia,2025/031018,Rezydencki,83.49,4.39,13.10.2025 15:42:24,2,TAK,Status dokumentu Opublikowanie wyników,"Uniwersyteckie Centrum Kliniczne Warszawskiego Uniwersytetu Medycznego Klinika Hematologii, Transplantologii i Chorób Wewnętrznych"
j-2025,14,18.11.2025,18.11.2025 12:37:07,85,159,Mazowieckie,1,Kardiologia,2025/033033,Rezydencki,88.65,4.50,25.09.2025 17:49:48,4,TAK,Uniwersyteckie Centrum Kliniczne Warszawskiego Uniwersytetu Medycznego,Klinika Kardiologii
j-2025,14,18.11.2025,18.11.2025 12:37:07,85,159,Mazowieckie,2,Kardiologia,2025/033139,Rezydencki,87.38,4.22,09.10.2025 16:48:47,4,TAK,Uniwersyteckie Centrum Kliniczne Warszawskiego Uniwersytetu Medycznego,Klinika Kardiologii
j-2025,14,18.11.2025,18.11.2025 12:37:07,85,159,Opolskie,1,Alergologia,2025/030952,Pozarezydencki,75.27,3.45,20.10.2025 22:36:55,3,NIE,,
j-2025,14,18.11.2025,18.11.2025 12:37:07,85,159,Opolskie,2,Alergologia,2025/032540,Pozarezydencki,70.91,4.21,30.09.2025 23:11:10,3,NIE,,
j-2025,14,18.11.2025,18.11.2025 12:37:07,85,159,Opolskie,3,Alergologia,2025/034024,Pozarezydencki,70.91,3.82,05.10.2025 21:53:47,3,NIE,,
j-2025,14,18.11.2025,18.11.2025 12:37:07,85,159,Opolskie,4,Anestezjologia i intensywna terapia,2025/032069,Rezydencki,88.16,4.35,27.09.2025 14:52:12,4,NIE,,
j-2025,14,18.11.2025,18.11.2025 12:37:07,85,159,Opolskie,5,Anestezjologia i intensywna terapia,2025/029715,Rezydencki,85.17,3.89,30.09.2025 11:22:57,4,NIE,,
j-2025,14,18.11.2025,18.11.2025 12:37:07,85,159,Opolskie,6,Anestezjologia i intensywna terapia,2025/031650,Rezydencki,85.02,4.52,11.09.2025 16:50:20,4,NIE,,
j-2025,14,18.11.2025,18.11.2025 12:37:07,85,159,Opolskie,7,Anestezjologia i intensywna terapia,2025/028580,Rezydencki,83.25,4.48,30.09.2025 14:40:39,4,NIE,,
j-2025,14,18.11.2025,18.11.2025 12:37:07,85,159,Opolskie,8,Audiologia i foniatria,2025/034791,Pozarezydencki,77.34,4.45,08.10.2025 23:59:01,1,NIE,,
j-2025,14,18.11.2025,18.11.2025 12:37:07,85,159,Opolskie,9,Chirurgia dziecięca,2025/034687,Rezydencki,74.52,3.32,08.10.2025 13:04:48,1,NIE,,
j-2025,14,18.11.2025,18.11.2025 12:37:07,85,159,Opolskie,10,Chirurgia naczyniowa,2025/042769,Pozarezydencki,75.68,2.97,23.10.2025 14:15:20,1,NIE,,
j-2025,14,18.11.2025,18.11.2025 12:37:07,85,159,Opolskie,11,Chirurgia ogólna,2025/035458,Rezydencki,90.71,4.67,25.09.2025 18:46:47,7,NIE,,
j-2025,14,18.11.2025,18.11.2025 12:37:07,85,159,Opolskie,12,Chirurgia ogólna,2025/039897,Rezydencki,85.51,4.41,07.10.2025 21:13:14,7,NIE,,
j-2025,14,18.11.2025,18.11.2025 12:37:07,85,159,Opolskie,13,Chirurgia ogólna,2025/040638,Rezydencki,85.02,0.00,29.09.2025 17:30:32,7,NIE,,
j-2025,14,18.11.2025,18.11.2025 12:37:07,85,159,Opolskie,14,Chirurgia ogólna,2025/032488,Rezydencki,84.05,4.54,30.09.2025 02:38:19,7,NIE,,
j-2025,14,18.11.2025,18.11.2025 12:37:07,85,159,Opolskie,15,Chirurgia ogólna,2025/037903,Rezydencki,80.48,4.09,30.09.2025 17:15:34,7,NIE,,
j-2025,14,18.11.2025,18.11.2025 12:37:07,85,159,Opolskie,16,Chirurgia ogólna,2025/029990,Rezydencki,78.74,3.47,06.10.2025 14:16:38,7,NIE,,
j-2025,14,18.11.2025,18.11.2025 12:37:07,85,159,Opolskie,17,Chirurgia ogólna,2025/036239,Rezydencki,67.14,0.00,06.10.2025 12:34:46,7,NIE,,
j-2025,14,18.11.2025,18.11.2025 12:37:07,85,159,Opolskie,18,Chirurgia onkologiczna,2025/033493,Rezydencki,86.96,4.66,17.09.2025 23:46:50,1,NIE,,
j-2025,14,18.11.2025,18.11.2025 12:37:07,85,159,Opolskie,19,Choroby płuc,2025/029245,Rezydencki,86.67,3.81,29.09.2025 18:53:13,4,NIE,,
j-2025,14,18.11.2025,18.11.2025 12:37:07,85,159,Opolskie,20,Choroby płuc,2025/039307,Rezydencki,86.47,4.34,28.09.2025 12:58:28,4,NIE,,
j-2025,14,18.11.2025,18.11.2025 12:37:07,85,159,Opolskie,21,Choroby płuc,2025/031703,Rezydencki,82.35,4.23,27.09.2025 12:11:23,4,NIE,,
j-2025,14,18.11.2025,18.11.2025 12:37:07,85,159,Opolskie,22,Choroby płuc,2025/035690,Rezydencki,81.88,4.13,22.09.2025 23:25:10,4,NIE,,
j-2025,14,18.11.2025,18.11.2025 12:37:07,85,159,Opolskie,23,Choroby płuc,2025/040382,Pozarezydencki,68.95,3.52,13.10.2025 10:33:22,1,NIE,,
j-2025,14,18.11.2025,18.11.2025 12:37:07,85,159,Opolskie,24,Choroby wewnętrzne,2025/039601,Rezydencki,88.41,4.33,30.09.2025 23:37:21,10,NIE,,
j-2025,14,18.11.2025,18.11.2025 12:37:07,85,159,Opolskie,25,Choroby wewnętrzne,2025/028772,Rezydencki,87.44,4.14,07.09.2025 14:38:44,10,NIE,,
j-2025,14,18.11.2025,18.11.2025 12:37:07,85,159,Opolskie,26,Choroby wewnętrzne,2025/039412,Rezydencki,84.76,4.47,29.09.2025 14:58:50,10,NIE,,
j-2025,14,18.11.2025,18.11.2025 12:37:07,85,159,Opolskie,27,Choroby wewnętrzne,2025/035653,Rezydencki,84.06,4.27,30.09.2025 23:42:44,10,NIE,,
j-2025,14,18.11.2025,18.11.2025 12:37:07,85,159,Opolskie,28,Choroby wewnętrzne,2025/034030,Rezydencki,83.82,4.28,28.09.2025 18:04:58,10,NIE,,
j-2025,14,18.11.2025,18.11.2025 12:37:07,86,159,Opolskie,29,Choroby wewnętrzne,2025/034911,Rezydencki,83.33,3.55,28.09.2025 20:06:40,10,NIE,,
j-2025,14,18.11.2025,18.11.2025 12:37:07,86,159,Opolskie,30,Choroby wewnętrzne,2025/034146,Rezydencki,70.53,0.00,06.10.2025 14:41:23,10,NIE,,
j-2025,14,18.11.2025,18.11.2025 12:37:07,86,159,Opolskie,31,Choroby wewnętrzne,2025/040061,Rezydencki,68.66,3.14,30.09.2025 20:05:35,10,NIE,,
j-2025,14,18.11.2025,18.11.2025 12:37:07,86,159,Opolskie,32,Choroby wewnętrzne,2025/032677,Rezydencki,68.12,0.00,07.10.2025 13:18:44,10,NIE,,
j-2025,14,18.11.2025,18.11.2025 12:37:07,86,159,Opolskie,33,Choroby wewnętrzne,2025/038992,Rezydencki,60.00,4.27,12.10.2025 09:05:16,10,NIE,,
j-2025,14,18.11.2025,18.11.2025 12:37:07,86,159,Opolskie,34,Dermatologia i wenerologia,2025/031415,Pozarezydencki,89.30,3.96,11.09.2025 23:39:21,1,NIE,,
j-2025,14,18.11.2025,18.11.2025 12:37:07,86,159,Opolskie,35,Diabetologia,2025/030315,Pozarezydencki,82.03,4.59,05.09.2025 12:39:06,1,NIE,,
j-2025,14,18.11.2025,18.11.2025 12:37:07,86,159,Opolskie,36,Endokrynologia,2025/032256,Rezydencki,94.74,4.52,30.09.2025 18:21:35,1,NIE,,
j-2025,14,18.11.2025,18.11.2025 12:37:07,86,159,Opolskie,37,Endokrynologia,2025/039779,Pozarezydencki,86.30,4.03,30.09.2025 17:35:35,2,NIE,,
j-2025,14,18.11.2025,18.11.2025 12:37:07,86,159,Opolskie,38,Endokrynologia,2025/043359,Pozarezydencki,84.33,4.42,30.09.2025 23:29:12,2,NIE,,
j-2025,14,18.11.2025,18.11.2025 12:37:07,86,159,Opolskie,39,Gastroenterologia,2025/030094,Pozarezydencki,84.09,4.44,22.10.2025 13:40:42,1,NIE,,
j-2025,14,18.11.2025,18.11.2025 12:37:07,86,159,Opolskie,40,Gastroenterologia dziecięca,2025/038600,Pozarezydencki,82.49,3.58,13.10.2025 16:53:09,1,NIE,,
j-2025,14,18.11.2025,18.11.2025 12:37:07,86,159,Opolskie,41,Ginekologia onkologiczna,2025/032799,Pozarezydencki,78.86,4.76,16.10.2025 23:39:31,3,NIE,,
j-2025,14,18.11.2025,18.11.2025 12:37:07,86,159,Opolskie,42,Ginekologia onkologiczna,2025/034189,Pozarezydencki,71.82,4.26,09.10.2025 11:28:03,3,NIE,,
j-2025,14,18.11.2025,18.11.2025 12:37:07,86,159,Opolskie,43,Ginekologia onkologiczna,2025/032010,Pozarezydencki,70.75,3.58,19.10.2025 11:35:07,3,NIE,,
j-2025,14,18.11.2025,18.11.2025 12:37:07,86,159,Opolskie,44,Hematologia,2025/038884,Rezydencki,79.23,4.09,22.10.2025 09:53:28,1,NIE,,
j-2025,14,18.11.2025,18.11.2025 12:37:07,86,159,Opolskie,45,Kardiochirurgia,2025/039020,Rezydencki,81.82,4.00,10.10.2025 18:49:06,1,NIE,,
j-2025,14,18.11.2025,18.11.2025 12:37:07,86,159,Opolskie,46,Kardiologia,2025/035486,Rezydencki,90.43,4.52,07.10.2025 18:19:42,4,NIE,,
j-2025,14,18.11.2025,18.11.2025 12:37:07,86,159,Opolskie,47,Kardiologia,2025/039926,Rezydencki,88.16,4.22,30.09.2025 22:57:35,4,NIE,,
j-2025,14,18.11.2025,18.11.2025 12:37:07,86,159,Opolskie,48,Kardiologia,2025/032718,Rezydencki,87.20,4.09,29.09.2025 22:08:27,4,NIE,,
j-2025,14,18.11.2025,18.11.2025 12:37:07,86,159,Opolskie,49,Kardiologia,2025/037744,Rezydencki,87.08,4.54,03.10.2025 16:05:30,4,NIE,,
j-2025,14,18.11.2025,18.11.2025 12:37:07,86,159,Opolskie,50,Kardiologia,2025/029665,Pozarezydencki,67.27,3.24,23.09.2025 21:06:25,1,NIE,,
j-2025,14,18.11.2025,18.11.2025 12:37:07,86,159,Opolskie,51,Medycyna paliatywna,2025/036230,Pozarezydencki,70.91,4.13,08.10.2025 20:19:01,1,NIE,,
j-2025,14,18.11.2025,18.11.2025 12:37:07,86,159,Opolskie,52,Medycyna pracy,2025/036349,Rezydencki,81.82,4.11,30.09.2025 22:29:37,1,NIE,,
j-2025,14,18.11.2025,18.11.2025 12:37:07,86,159,Opolskie,53,Medycyna pracy,2025/030081,Pozarezydencki,75.91,3.42,08.10.2025 09:59:49,2,NIE,,
j-2025,14,18.11.2025,18.11.2025 12:37:07,86,159,Opolskie,54,Medycyna pracy,2025/032632,Pozarezydencki,70.91,4.25,13.10.2025 09:43:44,2,NIE,,
j-2025,14,18.11.2025,18.11.2025 12:37:07,86,159,Opolskie,55,Medycyna ratunkowa,2025/035466,Rezydencki,81.64,4.28,22.09.2025 18:27:37,1,NIE,,
j-2025,14,18.11.2025,18.11.2025 12:37:07,86,159,Opolskie,56,Medycyna rodzinna,2025/034220,Rezydencki,88.89,4.27,20.09.2025 22:55:36,12,NIE,,
j-2025,14,18.11.2025,18.11.2025 12:37:07,86,159,Opolskie,57,Medycyna rodzinna,2025/039876,Rezydencki,87.92,4.50,07.10.2025 21:08:21,12,NIE,,
j-2025,14,18.11.2025,18.11.2025 12:37:07,86,159,Opolskie,58,Medycyna rodzinna,2025/042480,Rezydencki,87.44,4.26,30.09.2025 16:34:35,12,NIE,,
j-2025,14,18.11.2025,18.11.2025 12:37:07,86,159,Opolskie,59,Medycyna rodzinna,2025/034589,Rezydencki,87.44,4.21,23.09.2025 17:41:47,12,NIE,,
j-2025,14,18.11.2025,18.11.2025 12:37:07,86,159,Opolskie,60,Medycyna rodzinna,2025/028829,Rezydencki,86.67,3.88,24.09.2025 23:53:09,12,NIE,,
j-2025,14,18.11.2025,18.11.2025 12:37:07,86,159,Opolskie,61,Medycyna rodzinna,2025/029705,Rezydencki,83.82,4.27,02.09.2025 21:06:10,12,NIE,,
j-2025,14,18.11.2025,18.11.2025 12:37:07,86,159,Opolskie,62,Medycyna rodzinna,2025/032902,Rezydencki,83.33,3.81,03.10.2025 08:26:24,12,NIE,,
j-2025,14,18.11.2025,18.11.2025 12:37:07,86,159,Opolskie,63,Medycyna rodzinna,2025/033492,Rezydencki,82.35,4.43,16.09.2025 18:29:59,12,NIE,,
j-2025,14,18.11.2025,18.11.2025 12:37:07,86,159,Opolskie,64,Medycyna rodzinna,2025/036873,Rezydencki,81.82,4.35,30.09.2025 19:28:49,12,NIE,,
j-2025,14,18.11.2025,18.11.2025 12:37:07,87,159,Opolskie,65,Medycyna rodzinna,2025/039300,Rezydencki,78.05,4.26,28.09.2025 13:13:07,12,NIE,,
j-2025,14,18.11.2025,18.11.2025 12:37:07,87,159,Opolskie,66,Medycyna rodzinna,2025/040432,Rezydencki,69.86,4.97,08.10.2025 17:54:31,12,NIE,,
j-2025,14,18.11.2025,18.11.2025 12:37:07,87,159,Opolskie,67,Medycyna rodzinna,2025/029023,Rezydencki,68.10,3.88,08.10.2025 09:11:45,12,NIE,,
j-2025,14,18.11.2025,18.11.2025 12:37:07,87,159,Opolskie,68,Medycyna rodzinna,2025/034838,Pozarezydencki,55.00,3.21,22.09.2025 13:54:39,1,NIE,,
j-2025,14,18.11.2025,18.11.2025 12:37:07,87,159,Opolskie,69,Nefrologia,2025/030642,Rezydencki,83.58,4.03,24.09.2025 20:33:09,4,NIE,,
j-2025,14,18.11.2025,18.11.2025 12:37:07,87,159,Opolskie,70,Nefrologia,2025/038404,Rezydencki,82.86,4.25,26.09.2025 14:28:21,4,NIE,,
j-2025,14,18.11.2025,18.11.2025 12:37:07,87,159,Opolskie,71,Nefrologia,2025/031353,Rezydencki,81.40,4.48,16.09.2025 11:33:19,4,NIE,,
j-2025,14,18.11.2025,18.11.2025 12:37:07,87,159,Opolskie,72,Nefrologia,2025/038611,Rezydencki,58.37,3.66,06.10.2025 19:35:14,4,NIE,,
j-2025,14,18.11.2025,18.11.2025 12:37:07,87,159,Opolskie,73,Neonatologia,2025/037982,Rezydencki,75.85,4.08,29.09.2025 13:37:39,1,NIE,,
j-2025,14,18.11.2025,18.11.2025 12:37:07,87,159,Opolskie,74,Neurochirurgia,2025/032829,Rezydencki,90.34,4.48,23.09.2025 23:32:06,3,NIE,,
j-2025,14,18.11.2025,18.11.2025 12:37:07,87,159,Opolskie,75,Neurochirurgia,2025/041714,Rezydencki,89.95,3.99,30.09.2025 00:37:12,3,NIE,,
j-2025,14,18.11.2025,18.11.2025 12:37:07,87,159,Opolskie,76,Neurochirurgia,2025/040840,Rezydencki,89.47,4.65,09.10.2025 17:44:14,3,NIE,,
j-2025,14,18.11.2025,18.11.2025 12:37:07,87,159,Opolskie,77,Neurologia,2025/029965,Rezydencki,87.32,4.33,08.10.2025 14:09:42,6,NIE,,
j-2025,14,18.11.2025,18.11.2025 12:37:07,87,159,Opolskie,78,Neurologia,2025/037282,Rezydencki,84.54,4.43,25.09.2025 01:41:17,6,NIE,,
j-2025,14,18.11.2025,18.11.2025 12:37:07,87,159,Opolskie,79,Neurologia,2025/031965,Rezydencki,78.95,4.16,08.10.2025 19:33:42,6,NIE,,
j-2025,14,18.11.2025,18.11.2025 12:37:07,87,159,Opolskie,80,Neurologia,2025/041158,Rezydencki,78.95,4.15,30.09.2025 19:43:50,6,NIE,,
j-2025,14,18.11.2025,18.11.2025 12:37:07,87,159,Opolskie,81,Neurologia,2025/039657,Rezydencki,73.44,3.88,11.10.2025 16:38:29,6,NIE,,
j-2025,14,18.11.2025,18.11.2025 12:37:07,87,159,Opolskie,82,Neurologia,2025/035677,Rezydencki,70.77,3.80,04.10.2025 14:46:40,6,NIE,,
j-2025,14,18.11.2025,18.11.2025 12:37:07,87,159,Opolskie,83,Neurologia dziecięca,2025/038372,Rezydencki,82.30,4.31,30.09.2025 13:08:08,1,NIE,,
j-2025,14,18.11.2025,18.11.2025 12:37:07,87,159,Opolskie,84,Neurologia dziecięca,2025/028571,Pozarezydencki,76.36,4.32,02.10.2025 14:09:25,1,NIE,,
j-2025,14,18.11.2025,18.11.2025 12:37:07,87,159,Opolskie,85,Okulistyka,2025/039491,Rezydencki,90.91,4.56,08.10.2025 21:02:35,2,NIE,,
j-2025,14,18.11.2025,18.11.2025 12:37:07,87,159,Opolskie,86,Okulistyka,2025/036338,Rezydencki,89.52,4.28,08.10.2025 11:19:12,2,NIE,,
j-2025,14,18.11.2025,18.11.2025 12:37:07,87,159,Opolskie,87,Onkologia kliniczna,2025/032194,Rezydencki,79.90,0.00,10.10.2025 16:02:04,1,NIE,,
j-2025,14,18.11.2025,18.11.2025 12:37:07,87,159,Opolskie,88,Ortodoncja,2025/032608,Rezydencki,86.67,4.70,13.09.2025 15:27:04,1,NIE,,
j-2025,14,18.11.2025,18.11.2025 12:37:07,87,159,Opolskie,89,Ortopedia i traumatologia narządu ruchu,2025/041681,Rezydencki,82.54,4.12,30.09.2025 23:55:01,1,NIE,,
j-2025,14,18.11.2025,18.11.2025 12:37:07,87,159,Opolskie,90,Ortopedia i traumatologia narządu ruchu,2025/039511,Pozarezydencki,71.69,4.34,06.10.2025 08:47:34,3,NIE,,
j-2025,14,18.11.2025,18.11.2025 12:37:07,87,159,Opolskie,91,Ortopedia i traumatologia narządu ruchu,2025/039681,Pozarezydencki,57.60,3.98,30.09.2025 22:24:03,3,NIE,,
j-2025,14,18.11.2025,18.11.2025 12:37:07,87,159,Opolskie,92,Ortopedia i traumatologia narządu ruchu,2025/043377,Pozarezydencki,0.00,0.00,13.10.2025 10:52:06,3,NIE,,
j-2025,14,18.11.2025,18.11.2025 12:37:07,87,159,Opolskie,93,Otorynolaryngologia,2025/032556,Rezydencki,90.34,4.13,24.09.2025 20:00:02,1,NIE,,
j-2025,14,18.11.2025,18.11.2025 12:37:07,87,159,Opolskie,94,Pediatria,2025/038006,Rezydencki,89.13,4.49,29.09.2025 21:56:15,6,NIE,,
j-2025,14,18.11.2025,18.11.2025 12:37:07,87,159,Opolskie,95,Pediatria,2025/033418,Rezydencki,86.23,4.27,03.10.2025 11:09:26,6,NIE,,
j-2025,14,18.11.2025,18.11.2025 12:37:07,87,159,Opolskie,96,Pediatria,2025/038380,Rezydencki,82.14,3.76,29.09.2025 21:41:13,6,NIE,,
j-2025,14,18.11.2025,18.11.2025 12:37:07,87,159,Opolskie,97,Pediatria,2025/036496,Rezydencki,78.95,4.11,08.10.2025 14:17:44,6,NIE,,
j-2025,14,18.11.2025,18.11.2025 12:37:07,87,159,Opolskie,98,Pediatria,2025/040130,Rezydencki,77.51,0.00,30.09.2025 19:32:31,6,NIE,,
j-2025,14,18.11.2025,18.11.2025 12:37:07,87,159,Opolskie,99,Pediatria,2025/035159,Rezydencki,56.46,3.19,13.10.2025 09:04:13,6,NIE,,
j-2025,14,18.11.2025,18.11.2025 12:37:07,87,159,Opolskie,100,Położnictwo i ginekologia,2025/035284,Rezydencki,88.04,4.51,10.10.2025 15:03:55,3,NIE,,
j-2025,14,18.11.2025,18.11.2025 12:37:07,88,159,Opolskie,101,Położnictwo i ginekologia,2025/033939,Rezydencki,87.44,3.94,30.09.2025 20:34:27,3,NIE,,
j-2025,14,18.11.2025,18.11.2025 12:37:07,88,159,Opolskie,102,Położnictwo i ginekologia,2025/036668,Rezydencki,85.29,4.48,03.10.2025 13:47:10,3,NIE,,
j-2025,14,18.11.2025,18.11.2025 12:37:07,88,159,Opolskie,103,Położnictwo i ginekologia,2025/039377,Pozarezydencki,80.68,4.19,28.09.2025 15:49:08,3,NIE,,
j-2025,14,18.11.2025,18.11.2025 12:37:07,88,159,Opolskie,104,Położnictwo i ginekologia,2025/034159,Pozarezydencki,79.95,4.09,28.09.2025 12:22:31,3,NIE,,
j-2025,14,18.11.2025,18.11.2025 12:37:07,88,159,Opolskie,105,Położnictwo i ginekologia,2025/039574,Pozarezydencki,75.80,3.97,24.10.2025 15:52:14,3,NIE,,
j-2025,14,18.11.2025,18.11.2025 12:37:07,88,159,Opolskie,106,Psychiatria,2025/040984,Rezydencki,82.61,4.03,30.09.2025 18:43:21,5,NIE,,
j-2025,14,18.11.2025,18.11.2025 12:37:07,88,159,Opolskie,107,Psychiatria,2025/042358,Rezydencki,81.34,3.39,14.10.2025 15:29:06,5,NIE,,
j-2025,14,18.11.2025,18.11.2025 12:37:07,88,159,Opolskie,108,Psychiatria,2025/043146,Rezydencki,80.14,3.66,30.09.2025 22:23:08,5,NIE,,
j-2025,14,18.11.2025,18.11.2025 12:37:07,88,159,Opolskie,109,Psychiatria,2025/042619,Rezydencki,76.32,3.44,30.09.2025 18:05:34,5,NIE,,
j-2025,14,18.11.2025,18.11.2025 12:37:07,88,159,Opolskie,110,Psychiatria,2025/036843,Rezydencki,70.95,4.15,30.09.2025 06:44:29,5,NIE,,
j-2025,14,18.11.2025,18.11.2025 12:37:07,88,159,Opolskie,111,Psychiatria,2025/032214,Pozarezydencki,85.25,4.25,06.10.2025 18:26:38,3,NIE,,
j-2025,14,18.11.2025,18.11.2025 12:37:07,88,159,Opolskie,112,Psychiatria,2025/033722,Pozarezydencki,57.80,0.00,16.10.2025 11:29:53,3,NIE,,
j-2025,14,18.11.2025,18.11.2025 12:37:07,88,159,Opolskie,113,Psychiatria,2025/033905,Pozarezydencki,2.27,0.00,22.10.2025 08:23:31,3,NIE,,
j-2025,14,18.11.2025,18.11.2025 12:37:07,88,159,Opolskie,114,Psychiatria dzieci i młodzieży,2025/032945,Rezydencki,89.37,4.70,30.09.2025 21:21:41,1,NIE,,
j-2025,14,18.11.2025,18.11.2025 12:37:07,88,159,Opolskie,115,Radiologia i diagnostyka obrazowa,2025/040948,Rezydencki,89.46,4.50,30.09.2025 12:18:54,2,NIE,,
j-2025,14,18.11.2025,18.11.2025 12:37:07,88,159,Opolskie,116,Radiologia i diagnostyka obrazowa,2025/035837,Rezydencki,88.97,4.40,23.09.2025 10:27:18,2,NIE,,
j-2025,14,18.11.2025,18.11.2025 12:37:07,88,159,Opolskie,117,Radiologia i diagnostyka obrazowa,2025/033067,Pozarezydencki,4.55,3.64,08.10.2025 19:18:18,1,NIE,,
j-2025,14,18.11.2025,18.11.2025 12:37:07,88,159,Opolskie,118,Stomatologia dziecięca,2025/031481,Rezydencki,75.71,4.21,09.09.2025 11:22:40,1,NIE,,
j-2025,14,18.11.2025,18.11.2025 12:37:07,88,159,Opolskie,119,Stomatologia zachowawcza z endodoncją,2025/042635,Rezydencki,63.70,3.97,30.09.2025 18:12:19,1,NIE,,
j-2025,14,18.11.2025,18.11.2025 12:37:07,88,159,Opolskie,120,Urologia,2025/037934,Rezydencki,90.82,4.65,25.09.2025 20:14:37,4,NIE,,
j-2025,14,18.11.2025,18.11.2025 12:37:07,88,159,Opolskie,121,Urologia,2025/038397,Rezydencki,89.86,4.30,16.10.2025 14:02:00,4,NIE,,
j-2025,14,18.11.2025,18.11.2025 12:37:07,88,159,Opolskie,122,Urologia,2025/033625,Rezydencki,89.71,4.23,20.10.2025 11:19:31,4,NIE,,
j-2025,14,18.11.2025,18.11.2025 12:37:07,88,159,Opolskie,123,Urologia,2025/039777,Rezydencki,89.47,4.13,30.09.2025 17:37:36,4,NIE,,
j-2025,14,18.11.2025,18.11.2025 12:37:07,88,159,Opolskie,1,Radiologia i diagnostyka obrazowa,2025/032416,Rezydencki,89.86,4.42,17.09.2025 15:06:38,1,TAK,Uniwersytecki Szpital Kliniczny w Opolu,Zakład Diagnostyki Obrazowej
j-2025,14,18.11.2025,18.11.2025 12:37:07,88,159,Opolskie,1,Kardiologia,2025/031007,Rezydencki,92.27,4.54,05.10.2025 18:40:47,1,TAK,Uniwersytecki Szpital Kliniczny w Opolu,Oddział Kardiologii z Pododdziałem Interwencji Sercowo-Naczyniowych
j-2025,14,18.11.2025,18.11.2025 12:37:07,89,159,Podkarpackie,1,Alergologia,2025/029505,Pozarezydencki,78.70,4.14,02.10.2025 10:16:06,2,NIE,,
j-2025,14,18.11.2025,18.11.2025 12:37:07,89,159,Podkarpackie,2,Alergologia,2025/032405,Pozarezydencki,76.15,4.43,13.10.2025 11:11:31,2,NIE,,
j-2025,14,18.11.2025,18.11.2025 12:37:07,89,159,Podkarpackie,3,Anestezjologia i intensywna terapia,2025/040628,Rezydencki,91.39,4.55,30.09.2025 17:32:40,22,NIE,,
j-2025,14,18.11.2025,18.11.2025 12:37:07,89,159,Podkarpackie,4,Anestezjologia i intensywna terapia,2025/038932,Rezydencki,89.47,4.29,17.10.2025 08:08:05,22,NIE,,
j-2025,14,18.11.2025,18.11.2025 12:37:07,89,159,Podkarpackie,5,Anestezjologia i intensywna terapia,2025/038202,Rezydencki,89.00,4.44,13.10.2025 12:12:35,22,NIE,,
j-2025,14,18.11.2025,18.11.2025 12:37:07,89,159,Podkarpackie,6,Anestezjologia i intensywna terapia,2025/035819,Rezydencki,89.00,4.14,30.09.2025 12:21:21,22,NIE,,
j-2025,14,18.11.2025,18.11.2025 12:37:07,89,159,Podkarpackie,7,Anestezjologia i intensywna terapia,2025/029572,Rezydencki,88.89,4.54,11.09.2025 22:16:47,22,NIE,,
j-2025,14,18.11.2025,18.11.2025 12:37:07,89,159,Podkarpackie,8,Anestezjologia i intensywna terapia,2025/032778,Rezydencki,88.41,4.03,30.09.2025 20:00:53,22,NIE,,
j-2025,14,18.11.2025,18.11.2025 12:37:07,89,159,Podkarpackie,9,Anestezjologia i intensywna terapia,2025/038284,Rezydencki,86.47,4.53,06.10.2025 13:22:04,22,NIE,,
j-2025,14,18.11.2025,18.11.2025 12:37:07,89,159,Podkarpackie,10,Anestezjologia i intensywna terapia,2025/041336,Rezydencki,86.12,3.96,30.09.2025 20:05:37,22,NIE,,
j-2025,14,18.11.2025,18.11.2025 12:37:07,89,159,Podkarpackie,11,Anestezjologia i intensywna terapia,2025/041671,Rezydencki,85.99,4.10,29.09.2025 23:49:32,22,NIE,,
j-2025,14,18.11.2025,18.11.2025 12:37:07,89,159,Podkarpackie,12,Anestezjologia i intensywna terapia,2025/032883,Rezydencki,85.99,4.00,10.10.2025 10:26:32,22,NIE,,
j-2025,14,18.11.2025,18.11.2025 12:37:07,89,159,Podkarpackie,13,Anestezjologia i intensywna terapia,2025/028928,Rezydencki,84.76,3.59,05.09.2025 22:31:24,22,NIE,,
j-2025,14,18.11.2025,18.11.2025 12:37:07,89,159,Podkarpackie,14,Anestezjologia i intensywna terapia,2025/029775,Rezydencki,83.82,4.63,25.09.2025 19:26:03,22,NIE,,
j-2025,14,18.11.2025,18.11.2025 12:37:07,89,159,Podkarpackie,15,Anestezjologia i intensywna terapia,2025/037754,Rezydencki,83.73,3.79,30.09.2025 13:53:23,22,NIE,,
j-2025,14,18.11.2025,18.11.2025 12:37:07,89,159,Podkarpackie,16,Anestezjologia i intensywna terapia,2025/036002,Rezydencki,83.73,3.43,07.10.2025 13:36:22,22,NIE,,
j-2025,14,18.11.2025,18.11.2025 12:37:07,89,159,Podkarpackie,17,Anestezjologia i intensywna terapia,2025/041297,Rezydencki,83.66,3.87,30.09.2025 22:59:44,22,NIE,,
j-2025,14,18.11.2025,18.11.2025 12:37:07,89,159,Podkarpackie,18,Anestezjologia i intensywna terapia,2025/042279,Rezydencki,83.57,3.84,09.10.2025 14:30:50,22,NIE,,
j-2025,14,18.11.2025,18.11.2025 12:37:07,89,159,Podkarpackie,19,Anestezjologia i intensywna terapia,2025/041699,Rezydencki,83.25,3.96,30.09.2025 16:30:44,22,NIE,,
j-2025,14,18.11.2025,18.11.2025 12:37:07,89,159,Podkarpackie,20,Anestezjologia i intensywna terapia,2025/040911,Rezydencki,81.82,4.07,30.09.2025 23:04:43,22,NIE,,
j-2025,14,18.11.2025,18.11.2025 12:37:07,89,159,Podkarpackie,21,Anestezjologia i intensywna terapia,2025/043198,Rezydencki,80.38,3.49,16.10.2025 17:41:26,22,NIE,,
j-2025,14,18.11.2025,18.11.2025 12:37:07,89,159,Podkarpackie,22,Anestezjologia i intensywna terapia,2025/041774,Rezydencki,77.51,4.17,09.10.2025 15:09:24,22,NIE,,
j-2025,14,18.11.2025,18.11.2025 12:37:07,89,159,Podkarpackie,23,Anestezjologia i intensywna terapia,2025/028488,Rezydencki,77.51,3.95,08.10.2025 13:08:17,22,NIE,,
j-2025,14,18.11.2025,18.11.2025 12:37:07,89,159,Podkarpackie,24,Anestezjologia i intensywna terapia,2025/039696,Rezydencki,77.51,3.80,10.10.2025 19:53:56,22,NIE,,
j-2025,14,18.11.2025,18.11.2025 12:37:07,89,159,Podkarpackie,25,Chirurgia naczyniowa,2025/034664,Rezydencki,83.33,3.50,29.09.2025 10:11:30,3,NIE,,
j-2025,14,18.11.2025,18.11.2025 12:37:07,89,159,Podkarpackie,26,Chirurgia naczyniowa,2025/035657,Rezydencki,81.34,3.88,16.10.2025 17:20:28,3,NIE,,
j-2025,14,18.11.2025,18.11.2025 12:37:07,89,159,Podkarpackie,27,Chirurgia naczyniowa,2025/041744,Rezydencki,78.95,3.96,30.09.2025 22:35:45,3,NIE,,
j-2025,14,18.11.2025,18.11.2025 12:37:07,89,159,Podkarpackie,28,Chirurgia ogólna,2025/042478,Rezydencki,87.92,3.91,30.09.2025 16:42:41,10,NIE,,
j-2025,14,18.11.2025,18.11.2025 12:37:07,89,159,Podkarpackie,29,Chirurgia ogólna,2025/035359,Rezydencki,86.60,4.23,30.09.2025 19:17:44,10,NIE,,
j-2025,14,18.11.2025,18.11.2025 12:37:07,89,159,Podkarpackie,30,Chirurgia ogólna,2025/030203,Rezydencki,80.19,4.09,06.09.2025 20:32:27,10,NIE,,
j-2025,14,18.11.2025,18.11.2025 12:37:07,89,159,Podkarpackie,31,Chirurgia ogólna,2025/037497,Rezydencki,79.76,3.28,06.10.2025 18:39:07,10,NIE,,
j-2025,14,18.11.2025,18.11.2025 12:37:07,89,159,Podkarpackie,32,Chirurgia ogólna,2025/032182,Rezydencki,76.96,3.70,24.09.2025 18:03:59,10,NIE,,
j-2025,14,18.11.2025,18.11.2025 12:37:07,89,159,Podkarpackie,33,Chirurgia ogólna,2025/031706,Rezydencki,72.46,4.42,12.10.2025 20:55:32,10,NIE,,
j-2025,14,18.11.2025,18.11.2025 12:37:07,89,159,Podkarpackie,34,Chirurgia ogólna,2025/039102,Rezydencki,71.90,3.39,30.09.2025 23:07:13,10,NIE,,
j-2025,14,18.11.2025,18.11.2025 12:37:07,89,159,Podkarpackie,35,Chirurgia ogólna,2025/039569,Rezydencki,70.81,3.58,09.10.2025 22:28:10,10,NIE,,
j-2025,14,18.11.2025,18.11.2025 12:37:07,89,159,Podkarpackie,36,Chirurgia ogólna,2025/032654,Rezydencki,69.76,0.00,09.10.2025 16:05:51,10,NIE,,
j-2025,14,18.11.2025,18.11.2025 12:37:07,90,159,Podkarpackie,37,Chirurgia ogólna,2025/028774,Rezydencki,61.19,3.38,08.10.2025 11:52:52,10,NIE,,
j-2025,14,18.11.2025,18.11.2025 12:37:07,90,159,Podkarpackie,38,Chirurgia stomatologiczna,2025/032750,Rezydencki,85.24,3.79,14.09.2025 14:38:21,3,NIE,,
j-2025,14,18.11.2025,18.11.2025 12:37:07,90,159,Podkarpackie,39,Chirurgia stomatologiczna,2025/032552,Rezydencki,84.76,3.90,15.09.2025 15:28:05,3,NIE,,
j-2025,14,18.11.2025,18.11.2025 12:37:07,90,159,Podkarpackie,40,Chirurgia stomatologiczna,2025/039495,Rezydencki,84.05,3.60,06.10.2025 12:05:03,3,NIE,,
j-2025,14,18.11.2025,18.11.2025 12:37:07,90,159,Podkarpackie,41,Chirurgia stomatologiczna,2025/041417,Pozarezydencki,75.69,3.61,17.10.2025 19:31:20,1,NIE,,
j-2025,14,18.11.2025,18.11.2025 12:37:07,90,159,Podkarpackie,42,Chirurgia szczękowo-twarzowa,2025/035664,Rezydencki,84.86,3.50,30.09.2025 12:05:13,2,NIE,,
j-2025,14,18.11.2025,18.11.2025 12:37:07,90,159,Podkarpackie,43,Chirurgia szczękowo-twarzowa,2025/030252,Rezydencki,84.76,4.38,19.09.2025 21:25:56,2,NIE,,
j-2025,14,18.11.2025,18.11.2025 12:37:07,90,159,Podkarpackie,44,Choroby płuc dzieci,2025/028762,Pozarezydencki,66.97,3.84,01.09.2025 13:44:24,1,NIE,,
j-2025,14,18.11.2025,18.11.2025 12:37:07,90,159,Podkarpackie,45,Choroby wewnętrzne,2025/029035,Rezydencki,87.75,4.09,01.09.2025 20:03:05,15,NIE,,
j-2025,14,18.11.2025,18.11.2025 12:37:07,90,159,Podkarpackie,46,Choroby wewnętrzne,2025/033707,Rezydencki,86.60,4.23,03.10.2025 15:43:11,15,NIE,,
j-2025,14,18.11.2025,18.11.2025 12:37:07,90,159,Podkarpackie,47,Choroby wewnętrzne,2025/038801,Rezydencki,86.12,4.44,30.09.2025 02:42:18,15,NIE,,
j-2025,14,18.11.2025,18.11.2025 12:37:07,90,159,Podkarpackie,48,Choroby wewnętrzne,2025/039931,Rezydencki,84.69,3.84,30.09.2025 12:49:27,15,NIE,,
j-2025,14,18.11.2025,18.11.2025 12:37:07,90,159,Podkarpackie,49,Choroby wewnętrzne,2025/033613,Rezydencki,84.31,3.54,30.09.2025 22:48:39,15,NIE,,
j-2025,14,18.11.2025,18.11.2025 12:37:07,90,159,Podkarpackie,50,Choroby wewnętrzne,2025/042070,Rezydencki,84.21,4.27,06.10.2025 13:26:05,15,NIE,,
j-2025,14,18.11.2025,18.11.2025 12:37:07,90,159,Podkarpackie,51,Choroby wewnętrzne,2025/031139,Rezydencki,81.86,3.80,14.10.2025 10:19:59,15,NIE,,
j-2025,14,18.11.2025,18.11.2025 12:37:07,90,159,Podkarpackie,52,Choroby wewnętrzne,2025/033628,Rezydencki,80.19,3.74,16.09.2025 21:39:59,15,NIE,,
j-2025,14,18.11.2025,18.11.2025 12:37:07,90,159,Podkarpackie,53,Choroby wewnętrzne,2025/034502,Rezydencki,78.95,3.76,30.09.2025 18:48:30,15,NIE,,
j-2025,14,18.11.2025,18.11.2025 12:37:07,90,159,Podkarpackie,54,Choroby wewnętrzne,2025/037759,Rezydencki,77.75,4.04,13.10.2025 17:57:52,15,NIE,,
j-2025,14,18.11.2025,18.11.2025 12:37:07,90,159,Podkarpackie,55,Choroby wewnętrzne,2025/034547,Rezydencki,77.29,4.08,28.09.2025 17:08:29,15,NIE,,
j-2025,14,18.11.2025,18.11.2025 12:37:07,90,159,Podkarpackie,56,Choroby wewnętrzne,2025/030011,Rezydencki,69.61,0.00,18.09.2025 21:48:59,15,NIE,,
j-2025,14,18.11.2025,18.11.2025 12:37:07,90,159,Podkarpackie,57,Choroby wewnętrzne,2025/041509,Rezydencki,64.73,3.41,08.10.2025 11:58:13,15,NIE,,
j-2025,14,18.11.2025,18.11.2025 12:37:07,90,159,Podkarpackie,58,Choroby wewnętrzne,2025/028915,Rezydencki,60.95,0.00,09.10.2025 09:20:42,15,NIE,,
j-2025,14,18.11.2025,18.11.2025 12:37:07,90,159,Podkarpackie,59,Choroby wewnętrzne,2025/042558,Rezydencki,59.31,3.61,13.10.2025 11:22:42,15,NIE,,
j-2025,14,18.11.2025,18.11.2025 12:37:07,90,159,Podkarpackie,60,Choroby wewnętrzne,2025/042677,Pozarezydencki,78.80,0.00,16.10.2025 09:29:14,2,NIE,,
j-2025,14,18.11.2025,18.11.2025 12:37:07,90,159,Podkarpackie,61,Choroby wewnętrzne,2025/041670,Pozarezydencki,0.00,0.00,10.10.2025 14:25:45,2,NIE,,
j-2025,14,18.11.2025,18.11.2025 12:37:07,90,159,Podkarpackie,62,Choroby zakaźne,2025/030980,Rezydencki,88.41,0.00,07.10.2025 19:26:04,3,NIE,,
j-2025,14,18.11.2025,18.11.2025 12:37:07,90,159,Podkarpackie,63,Choroby zakaźne,2025/032864,Rezydencki,86.47,4.35,10.10.2025 13:08:11,3,NIE,,
j-2025,14,18.11.2025,18.11.2025 12:37:07,90,159,Podkarpackie,64,Choroby zakaźne,2025/036226,Rezydencki,85.24,4.30,23.09.2025 19:45:05,3,NIE,,
j-2025,14,18.11.2025,18.11.2025 12:37:07,90,159,Podkarpackie,65,Choroby zakaźne,2025/036093,Pozarezydencki,64.91,3.12,29.10.2025 21:34:39,2,NIE,,
j-2025,14,18.11.2025,18.11.2025 12:37:07,90,159,Podkarpackie,66,Choroby zakaźne,2025/034176,Pozarezydencki,61.82,3.61,14.10.2025 09:34:43,2,NIE,,
j-2025,14,18.11.2025,18.11.2025 12:37:07,90,159,Podkarpackie,67,Dermatologia i wenerologia,2025/034628,Rezydencki,93.33,4.72,20.09.2025 15:59:43,2,NIE,,
j-2025,14,18.11.2025,18.11.2025 12:37:07,90,159,Podkarpackie,68,Dermatologia i wenerologia,2025/035129,Rezydencki,93.00,4.39,29.09.2025 16:44:37,2,NIE,,
j-2025,14,18.11.2025,18.11.2025 12:37:07,90,159,Podkarpackie,69,Dermatologia i wenerologia,2025/040708,Pozarezydencki,86.64,4.19,29.09.2025 16:58:41,1,NIE,,
j-2025,14,18.11.2025,18.11.2025 12:37:07,90,159,Podkarpackie,70,Diabetologia,2025/035549,Rezydencki,88.28,4.02,30.09.2025 20:41:43,2,NIE,,
j-2025,14,18.11.2025,18.11.2025 12:37:07,90,159,Podkarpackie,71,Diabetologia,2025/038417,Rezydencki,87.32,4.12,30.09.2025 21:54:22,2,NIE,,
j-2025,14,18.11.2025,18.11.2025 12:37:07,90,159,Podkarpackie,72,Endokrynologia,2025/042875,Rezydencki,94.02,4.78,30.09.2025 23:32:39,1,NIE,,
j-2025,14,18.11.2025,18.11.2025 12:37:07,91,159,Podkarpackie,73,Endokrynologia i diabetologia dziecięca,2025/040417,Rezydencki,92.34,4.27,30.09.2025 08:52:58,1,NIE,,
j-2025,14,18.11.2025,18.11.2025 12:37:07,91,159,Podkarpackie,74,Gastroenterologia,2025/035793,Rezydencki,93.30,4.43,30.09.2025 07:54:10,1,NIE,,
j-2025,14,18.11.2025,18.11.2025 12:37:07,91,159,Podkarpackie,75,Geriatria,2025/037428,Rezydencki,74.63,3.86,16.10.2025 18:13:52,2,NIE,,
j-2025,14,18.11.2025,18.11.2025 12:37:07,91,159,Podkarpackie,76,Geriatria,2025/035528,Rezydencki,65.70,3.87,30.09.2025 22:26:46,2,NIE,,
j-2025,14,18.11.2025,18.11.2025 12:37:07,91,159,Podkarpackie,77,Geriatria,2025/042310,Pozarezydencki,61.82,3.58,30.09.2025 14:37:15,2,NIE,,
j-2025,14,18.11.2025,18.11.2025 12:37:07,91,159,Podkarpackie,78,Geriatria,2025/039603,Pozarezydencki,56.42,3.79,15.10.2025 19:22:50,2,NIE,,
j-2025,14,18.11.2025,18.11.2025 12:37:07,91,159,Podkarpackie,79,Hematologia,2025/031344,Rezydencki,85.71,4.03,23.09.2025 16:07:46,3,NIE,,
j-2025,14,18.11.2025,18.11.2025 12:37:07,91,159,Podkarpackie,80,Hematologia,2025/040346,Rezydencki,84.93,4.65,30.09.2025 18:44:31,3,NIE,,
j-2025,14,18.11.2025,18.11.2025 12:37:07,91,159,Podkarpackie,81,Hematologia,2025/041159,Rezydencki,84.69,4.03,30.09.2025 20:47:17,3,NIE,,
j-2025,14,18.11.2025,18.11.2025 12:37:07,91,159,Podkarpackie,82,Kardiochirurgia,2025/039009,Rezydencki,82.13,4.07,12.10.2025 11:17:29,2,NIE,,
j-2025,14,18.11.2025,18.11.2025 12:37:07,91,159,Podkarpackie,83,Kardiochirurgia,2025/038279,Rezydencki,65.55,3.62,30.09.2025 23:09:27,2,NIE,,
j-2025,14,18.11.2025,18.11.2025 12:37:07,91,159,Podkarpackie,84,Kardiologia,2025/028403,Rezydencki,90.82,4.50,06.10.2025 10:30:53,5,NIE,,
j-2025,14,18.11.2025,18.11.2025 12:37:07,91,159,Podkarpackie,85,Kardiologia,2025/034127,Rezydencki,89.86,4.43,29.09.2025 17:04:16,5,NIE,,
j-2025,14,18.11.2025,18.11.2025 12:37:07,91,159,Podkarpackie,86,Kardiologia,2025/035891,Rezydencki,89.47,4.16,30.09.2025 23:37:40,5,NIE,,
j-2025,14,18.11.2025,18.11.2025 12:37:07,91,159,Podkarpackie,87,Kardiologia,2025/038857,Rezydencki,88.89,4.40,29.09.2025 21:57:50,5,NIE,,
j-2025,14,18.11.2025,18.11.2025 12:37:07,91,159,Podkarpackie,88,Kardiologia,2025/032846,Rezydencki,88.57,4.48,22.09.2025 19:49:43,5,NIE,,
j-2025,14,18.11.2025,18.11.2025 12:37:07,91,159,Podkarpackie,89,Kardiologia,2025/041046,Pozarezydencki,77.65,4.27,30.09.2025 19:44:23,4,NIE,,
j-2025,14,18.11.2025,18.11.2025 12:37:07,91,159,Podkarpackie,90,Kardiologia,2025/041486,Pozarezydencki,77.42,3.89,30.09.2025 22:07:43,4,NIE,,
j-2025,14,18.11.2025,18.11.2025 12:37:07,91,159,Podkarpackie,91,Kardiologia,2025/041040,Pozarezydencki,75.80,3.83,30.09.2025 19:47:12,4,NIE,,
j-2025,14,18.11.2025,18.11.2025 12:37:07,91,159,Podkarpackie,92,Kardiologia,2025/038382,Pozarezydencki,66.59,3.57,04.10.2025 10:53:01,4,NIE,,
j-2025,14,18.11.2025,18.11.2025 12:37:07,91,159,Podkarpackie,93,Kardiologia dziecięca,2025/042286,Pozarezydencki,68.18,4.57,30.09.2025 15:04:29,1,NIE,,
j-2025,14,18.11.2025,18.11.2025 12:37:07,91,159,Podkarpackie,94,Medycyna paliatywna,2025/033652,Pozarezydencki,66.36,4.10,16.09.2025 22:19:29,1,NIE,,
j-2025,14,18.11.2025,18.11.2025 12:37:07,91,159,Podkarpackie,95,Medycyna pracy,2025/041635,Rezydencki,84.76,4.00,30.09.2025 23:24:48,1,NIE,,
j-2025,14,18.11.2025,18.11.2025 12:37:07,91,159,Podkarpackie,96,Medycyna pracy,2025/032303,Pozarezydencki,77.50,3.83,14.10.2025 20:44:03,2,NIE,,
j-2025,14,18.11.2025,18.11.2025 12:37:07,91,159,Podkarpackie,97,Medycyna pracy,2025/034205,Pozarezydencki,61.82,3.89,16.10.2025 13:53:26,2,NIE,,
j-2025,14,18.11.2025,18.11.2025 12:37:07,91,159,Podkarpackie,98,Medycyna ratunkowa,2025/034173,Pozarezydencki,60.38,0.00,08.10.2025 11:25:52,1,NIE,,
j-2025,14,18.11.2025,18.11.2025 12:37:07,91,159,Podkarpackie,99,Medycyna rodzinna,2025/037848,Rezydencki,91.55,4.47,28.09.2025 19:02:35,32,NIE,,
j-2025,14,18.11.2025,18.11.2025 12:37:07,91,159,Podkarpackie,100,Medycyna rodzinna,2025/038204,Rezydencki,90.82,4.78,26.09.2025 10:38:48,32,NIE,,
j-2025,14,18.11.2025,18.11.2025 12:37:07,91,159,Podkarpackie,101,Medycyna rodzinna,2025/035571,Rezydencki,90.34,4.73,24.09.2025 17:47:32,32,NIE,,
j-2025,14,18.11.2025,18.11.2025 12:37:07,91,159,Podkarpackie,102,Medycyna rodzinna,2025/030356,Rezydencki,89.61,4.64,28.09.2025 16:09:30,32,NIE,,
j-2025,14,18.11.2025,18.11.2025 12:37:07,91,159,Podkarpackie,103,Medycyna rodzinna,2025/038768,Rezydencki,88.76,4.06,03.10.2025 16:23:55,32,NIE,,
j-2025,14,18.11.2025,18.11.2025 12:37:07,91,159,Podkarpackie,104,Medycyna rodzinna,2025/035174,Rezydencki,88.41,4.58,22.09.2025 11:29:01,32,NIE,,
j-2025,14,18.11.2025,18.11.2025 12:37:07,91,159,Podkarpackie,105,Medycyna rodzinna,2025/038543,Rezydencki,88.41,4.17,10.10.2025 20:20:44,32,NIE,,
j-2025,14,18.11.2025,18.11.2025 12:37:07,91,159,Podkarpackie,106,Medycyna rodzinna,2025/042068,Rezydencki,88.04,4.35,09.10.2025 17:46:18,32,NIE,,
j-2025,14,18.11.2025,18.11.2025 12:37:07,91,159,Podkarpackie,107,Medycyna rodzinna,2025/039719,Rezydencki,87.32,3.65,15.10.2025 15:47:43,32,NIE,,
j-2025,14,18.11.2025,18.11.2025 12:37:07,91,159,Podkarpackie,108,Medycyna rodzinna,2025/039673,Rezydencki,86.90,4.13,28.09.2025 19:37:05,32,NIE,,
j-2025,14,18.11.2025,18.11.2025 12:37:07,92,159,Podkarpackie,109,Medycyna rodzinna,2025/042597,Rezydencki,86.67,4.31,30.09.2025 20:16:07,32,NIE,,
j-2025,14,18.11.2025,18.11.2025 12:37:07,92,159,Podkarpackie,110,Medycyna rodzinna,2025/032213,Rezydencki,85.51,4.17,10.10.2025 12:10:28,32,NIE,,
j-2025,14,18.11.2025,18.11.2025 12:37:07,92,159,Podkarpackie,111,Medycyna rodzinna,2025/034367,Rezydencki,85.02,4.05,22.09.2025 20:17:41,32,NIE,,
j-2025,14,18.11.2025,18.11.2025 12:37:07,92,159,Podkarpackie,112,Medycyna rodzinna,2025/042013,Rezydencki,84.93,4.00,30.09.2025 18:49:05,32,NIE,,
j-2025,14,18.11.2025,18.11.2025 12:37:07,92,159,Podkarpackie,113,Medycyna rodzinna,2025/028514,Rezydencki,84.31,4.13,07.09.2025 18:57:16,32,NIE,,
j-2025,14,18.11.2025,18.11.2025 12:37:07,92,159,Podkarpackie,114,Medycyna rodzinna,2025/031002,Rezydencki,84.06,4.47,23.09.2025 14:17:18,32,NIE,,
j-2025,14,18.11.2025,18.11.2025 12:37:07,92,159,Podkarpackie,115,Medycyna rodzinna,2025/041781,Rezydencki,83.57,4.27,30.09.2025 23:59:26,32,NIE,,
j-2025,14,18.11.2025,18.11.2025 12:37:07,92,159,Podkarpackie,116,Medycyna rodzinna,2025/039175,Rezydencki,83.25,4.39,09.10.2025 10:58:03,32,NIE,,
j-2025,14,18.11.2025,18.11.2025 12:37:07,92,159,Podkarpackie,117,Medycyna rodzinna,2025/036952,Rezydencki,83.17,3.98,28.09.2025 20:15:44,32,NIE,,
j-2025,14,18.11.2025,18.11.2025 12:37:07,92,159,Podkarpackie,118,Medycyna rodzinna,2025/037937,Rezydencki,81.86,4.27,10.10.2025 10:51:42,32,NIE,,
j-2025,14,18.11.2025,18.11.2025 12:37:07,92,159,Podkarpackie,119,Medycyna rodzinna,2025/042733,Rezydencki,81.82,4.09,23.10.2025 15:20:46,32,NIE,,
j-2025,14,18.11.2025,18.11.2025 12:37:07,92,159,Podkarpackie,120,Medycyna rodzinna,2025/039524,Rezydencki,80.62,4.07,30.09.2025 20:33:58,32,NIE,,
j-2025,14,18.11.2025,18.11.2025 12:37:07,92,159,Podkarpackie,121,Medycyna rodzinna,2025/037930,Rezydencki,80.38,3.92,13.10.2025 16:11:09,32,NIE,,
j-2025,14,18.11.2025,18.11.2025 12:37:07,92,159,Podkarpackie,122,Medycyna rodzinna,2025/039599,Rezydencki,79.76,3.80,30.09.2025 21:55:24,32,NIE,,
j-2025,14,18.11.2025,18.11.2025 12:37:07,92,159,Podkarpackie,123,Medycyna rodzinna,2025/032870,Rezydencki,79.05,4.22,26.09.2025 21:32:21,32,NIE,,
j-2025,14,18.11.2025,18.11.2025 12:37:07,92,159,Podkarpackie,124,Medycyna rodzinna,2025/040563,Rezydencki,78.99,3.91,29.09.2025 19:11:30,32,NIE,,
j-2025,14,18.11.2025,18.11.2025 12:37:07,92,159,Podkarpackie,125,Medycyna rodzinna,2025/039147,Rezydencki,76.19,4.17,02.10.2025 17:00:48,32,NIE,,
j-2025,14,18.11.2025,18.11.2025 12:37:07,92,159,Podkarpackie,126,Medycyna rodzinna,2025/030404,Rezydencki,74.63,4.19,07.10.2025 18:35:10,32,NIE,,
j-2025,14,18.11.2025,18.11.2025 12:37:07,92,159,Podkarpackie,127,Medycyna rodzinna,2025/034932,Rezydencki,72.46,3.20,21.09.2025 20:18:13,32,NIE,,
j-2025,14,18.11.2025,18.11.2025 12:37:07,92,159,Podkarpackie,128,Medycyna rodzinna,2025/033875,Rezydencki,71.26,3.36,30.09.2025 21:01:16,32,NIE,,
j-2025,14,18.11.2025,18.11.2025 12:37:07,92,159,Podkarpackie,129,Medycyna rodzinna,2025/042153,Rezydencki,68.42,3.09,14.10.2025 11:46:55,32,NIE,,
j-2025,14,18.11.2025,18.11.2025 12:37:07,92,159,Podkarpackie,130,Medycyna rodzinna,2025/032293,Rezydencki,64.25,3.70,11.09.2025 20:33:35,32,NIE,,
j-2025,14,18.11.2025,18.11.2025 12:37:07,92,159,Podkarpackie,131,Medycyna rodzinna,2025/034191,Pozarezydencki,80.93,3.38,10.10.2025 14:03:39,6,NIE,,
j-2025,14,18.11.2025,18.11.2025 12:37:07,92,159,Podkarpackie,132,Medycyna rodzinna,2025/036104,Pozarezydencki,73.15,4.48,16.10.2025 14:07:48,6,NIE,,
j-2025,14,18.11.2025,18.11.2025 12:37:07,92,159,Podkarpackie,133,Medycyna rodzinna,2025/030719,Pozarezydencki,71.82,4.35,08.09.2025 19:28:17,6,NIE,,
j-2025,14,18.11.2025,18.11.2025 12:37:07,92,159,Podkarpackie,134,Medycyna rodzinna,2025/041304,Pozarezydencki,70.09,4.04,24.10.2025 08:54:48,6,NIE,,
j-2025,14,18.11.2025,18.11.2025 12:37:07,92,159,Podkarpackie,135,Medycyna rodzinna,2025/040166,Pozarezydencki,57.41,3.60,09.10.2025 11:16:26,6,NIE,,
j-2025,14,18.11.2025,18.11.2025 12:37:07,92,159,Podkarpackie,136,Medycyna rodzinna,2025/041663,Pozarezydencki,57.34,3.00,08.10.2025 21:08:28,6,NIE,,
j-2025,14,18.11.2025,18.11.2025 12:37:07,92,159,Podkarpackie,137,Nefrologia,2025/041179,Rezydencki,86.60,4.09,30.09.2025 14:06:22,1,NIE,,
j-2025,14,18.11.2025,18.11.2025 12:37:07,92,159,Podkarpackie,138,Nefrologia,2025/030852,Pozarezydencki,70.91,4.23,22.10.2025 12:32:11,2,NIE,,
j-2025,14,18.11.2025,18.11.2025 12:37:07,92,159,Podkarpackie,139,Nefrologia,2025/028473,Pozarezydencki,70.91,3.18,31.10.2025 12:40:14,2,NIE,,
j-2025,14,18.11.2025,18.11.2025 12:37:07,92,159,Podkarpackie,140,Neonatologia,2025/029679,Rezydencki,85.71,3.70,29.09.2025 19:50:12,4,NIE,,
j-2025,14,18.11.2025,18.11.2025 12:37:07,92,159,Podkarpackie,141,Neonatologia,2025/042004,Rezydencki,85.17,4.11,10.10.2025 16:30:30,4,NIE,,
j-2025,14,18.11.2025,18.11.2025 12:37:07,92,159,Podkarpackie,142,Neonatologia,2025/041273,Rezydencki,81.34,3.86,30.09.2025 19:45:46,4,NIE,,
j-2025,14,18.11.2025,18.11.2025 12:37:07,92,159,Podkarpackie,143,Neonatologia,2025/029037,Rezydencki,70.24,4.35,08.10.2025 18:54:49,4,NIE,,
j-2025,14,18.11.2025,18.11.2025 12:37:07,92,159,Podkarpackie,144,Neurologia,2025/032486,Rezydencki,90.82,4.70,22.09.2025 20:29:46,21,NIE,,
j-2025,14,18.11.2025,18.11.2025 12:37:07,93,159,Podkarpackie,145,Neurologia,2025/033911,Rezydencki,89.86,4.54,28.09.2025 15:32:44,21,NIE,,
j-2025,14,18.11.2025,18.11.2025 12:37:07,93,159,Podkarpackie,146,Neurologia,2025/041243,Rezydencki,88.57,3.99,30.09.2025 19:42:25,21,NIE,,
j-2025,14,18.11.2025,18.11.2025 12:37:07,93,159,Podkarpackie,147,Neurologia,2025/036171,Rezydencki,86.84,3.90,13.10.2025 21:30:11,21,NIE,,
j-2025,14,18.11.2025,18.11.2025 12:37:07,93,159,Podkarpackie,148,Neurologia,2025/040729,Rezydencki,85.61,3.67,09.10.2025 10:57:12,21,NIE,,
j-2025,14,18.11.2025,18.11.2025 12:37:07,93,159,Podkarpackie,149,Neurologia,2025/029941,Rezydencki,84.29,4.03,10.10.2025 11:53:57,21,NIE,,
j-2025,14,18.11.2025,18.11.2025 12:37:07,93,159,Podkarpackie,150,Neurologia,2025/033763,Rezydencki,84.06,4.18,29.09.2025 22:38:30,21,NIE,,
j-2025,14,18.11.2025,18.11.2025 12:37:07,93,159,Podkarpackie,151,Neurologia,2025/032845,Rezydencki,83.33,3.43,23.09.2025 12:16:34,21,NIE,,
j-2025,14,18.11.2025,18.11.2025 12:37:07,93,159,Podkarpackie,152,Neurologia,2025/041939,Rezydencki,82.86,3.98,30.09.2025 21:48:20,21,NIE,,
j-2025,14,18.11.2025,18.11.2025 12:37:07,93,159,Podkarpackie,153,Neurologia,2025/039917,Rezydencki,82.86,3.75,28.09.2025 22:21:31,21,NIE,,
j-2025,14,18.11.2025,18.11.2025 12:37:07,93,159,Podkarpackie,154,Neurologia,2025/036871,Rezydencki,82.61,3.82,10.10.2025 10:36:31,21,NIE,,
j-2025,14,18.11.2025,18.11.2025 12:37:07,93,159,Podkarpackie,155,Neurologia,2025/030736,Rezydencki,82.61,3.62,28.09.2025 14:20:13,21,NIE,,
j-2025,14,18.11.2025,18.11.2025 12:37:07,93,159,Podkarpackie,156,Neurologia,2025/031943,Rezydencki,80.38,4.15,09.10.2025 11:52:04,21,NIE,,
j-2025,14,18.11.2025,18.11.2025 12:37:07,93,159,Podkarpackie,157,Neurologia,2025/038065,Rezydencki,78.95,4.88,07.10.2025 22:31:26,21,NIE,,
j-2025,14,18.11.2025,18.11.2025 12:37:07,93,159,Podkarpackie,158,Neurologia,2025/034683,Rezydencki,78.50,3.76,25.10.2025 17:36:34,21,NIE,,
j-2025,14,18.11.2025,18.11.2025 12:37:07,93,159,Podkarpackie,159,Neurologia,2025/040704,Rezydencki,77.29,3.66,10.10.2025 11:30:10,21,NIE,,
j-2025,14,18.11.2025,18.11.2025 12:37:07,93,159,Podkarpackie,160,Neurologia,2025/035278,Rezydencki,77.14,3.71,29.09.2025 18:53:11,21,NIE,,
j-2025,14,18.11.2025,18.11.2025 12:37:07,93,159,Podkarpackie,161,Neurologia,2025/029902,Rezydencki,76.19,3.84,06.09.2025 20:33:39,21,NIE,,
j-2025,14,18.11.2025,18.11.2025 12:37:07,93,159,Podkarpackie,162,Neurologia,2025/040014,Rezydencki,76.08,3.35,30.09.2025 14:06:45,21,NIE,,
j-2025,14,18.11.2025,18.11.2025 12:37:07,93,159,Podkarpackie,163,Neurologia,2025/035671,Rezydencki,75.71,3.38,22.09.2025 22:46:43,21,NIE,,
j-2025,14,18.11.2025,18.11.2025 12:37:07,93,159,Podkarpackie,164,Neurologia,2025/035383,Rezydencki,69.14,3.50,30.09.2025 15:07:20,21,NIE,,
j-2025,14,18.11.2025,18.11.2025 12:37:07,93,159,Podkarpackie,165,Okulistyka,2025/035644,Rezydencki,91.15,4.45,09.10.2025 13:15:12,4,NIE,,
j-2025,14,18.11.2025,18.11.2025 12:37:07,93,159,Podkarpackie,166,Okulistyka,2025/041777,Rezydencki,89.00,4.09,30.09.2025 20:00:21,4,NIE,,
j-2025,14,18.11.2025,18.11.2025 12:37:07,93,159,Podkarpackie,167,Okulistyka,2025/039496,Rezydencki,88.52,4.39,30.09.2025 11:19:38,4,NIE,,
j-2025,14,18.11.2025,18.11.2025 12:37:07,93,159,Podkarpackie,168,Okulistyka,2025/035045,Rezydencki,88.52,3.90,06.10.2025 15:35:47,4,NIE,,
j-2025,14,18.11.2025,18.11.2025 12:37:07,93,159,Podkarpackie,169,Onkologia i hematologia dziecięca,2025/037186,Rezydencki,79.66,3.78,15.10.2025 22:51:15,1,NIE,,
j-2025,14,18.11.2025,18.11.2025 12:37:07,93,159,Podkarpackie,170,Onkologia kliniczna,2025/028967,Rezydencki,87.92,4.52,30.09.2025 18:54:38,3,NIE,,
j-2025,14,18.11.2025,18.11.2025 12:37:07,93,159,Podkarpackie,171,Onkologia kliniczna,2025/036272,Rezydencki,83.09,3.01,31.10.2025 11:43:10,3,NIE,,
j-2025,14,18.11.2025,18.11.2025 12:37:07,93,159,Podkarpackie,172,Onkologia kliniczna,2025/036852,Rezydencki,82.62,3.70,10.10.2025 09:04:49,3,NIE,,
j-2025,14,18.11.2025,18.11.2025 12:37:07,93,159,Podkarpackie,173,Ortodoncja,2025/029115,Rezydencki,86.19,4.55,22.09.2025 21:50:48,1,NIE,,
j-2025,14,18.11.2025,18.11.2025 12:37:07,93,159,Podkarpackie,174,Ortopedia i traumatologia narządu ruchu,2025/034128,Rezydencki,90.82,4.30,30.09.2025 08:14:03,10,NIE,,
j-2025,14,18.11.2025,18.11.2025 12:37:07,93,159,Podkarpackie,175,Ortopedia i traumatologia narządu ruchu,2025/037478,Rezydencki,90.34,4.27,13.10.2025 14:53:52,10,NIE,,
j-2025,14,18.11.2025,18.11.2025 12:37:07,93,159,Podkarpackie,176,Ortopedia i traumatologia narządu ruchu,2025/035467,Rezydencki,89.86,4.77,29.09.2025 23:01:21,10,NIE,,
j-2025,14,18.11.2025,18.11.2025 12:37:07,93,159,Podkarpackie,177,Ortopedia i traumatologia narządu ruchu,2025/040532,Rezydencki,87.80,3.78,11.10.2025 18:00:50,10,NIE,,
j-2025,14,18.11.2025,18.11.2025 12:37:07,93,159,Podkarpackie,178,Ortopedia i traumatologia narządu ruchu,2025/040550,Rezydencki,87.32,4.39,09.10.2025 16:12:39,10,NIE,,
j-2025,14,18.11.2025,18.11.2025 12:37:07,93,159,Podkarpackie,179,Ortopedia i traumatologia narządu ruchu,2025/041247,Rezydencki,84.30,3.51,30.09.2025 21:44:54,10,NIE,,
j-2025,14,18.11.2025,18.11.2025 12:37:07,93,159,Podkarpackie,180,Ortopedia i traumatologia narządu ruchu,2025/042663,Rezydencki,83.01,3.85,30.09.2025 19:44:00,10,NIE,,
j-2025,14,18.11.2025,18.11.2025 12:37:07,94,159,Podkarpackie,181,Ortopedia i traumatologia narządu ruchu,2025/030041,Rezydencki,82.85,3.69,25.09.2025 18:20:32,10,NIE,,
j-2025,14,18.11.2025,18.11.2025 12:37:07,94,159,Podkarpackie,182,Ortopedia i traumatologia narządu ruchu,2025/042101,Rezydencki,82.62,3.76,30.09.2025 17:00:51,10,NIE,,
j-2025,14,18.11.2025,18.11.2025 12:37:07,94,159,Podkarpackie,183,Ortopedia i traumatologia narządu ruchu,2025/039249,Rezydencki,82.13,3.98,11.10.2025 10:43:32,10,NIE,,
j-2025,14,18.11.2025,18.11.2025 12:37:07,94,159,Podkarpackie,184,Ortopedia i traumatologia narządu ruchu,2025/033297,Pozarezydencki,66.67,3.51,10.10.2025 10:21:51,1,NIE,,
j-2025,14,18.11.2025,18.11.2025 12:37:07,94,159,Podkarpackie,185,Otorynolaryngologia,2025/040043,Rezydencki,88.04,4.68,16.10.2025 22:19:35,2,NIE,,
j-2025,14,18.11.2025,18.11.2025 12:37:07,94,159,Podkarpackie,186,Otorynolaryngologia,2025/042973,Rezydencki,85.71,4.22,30.09.2025 22:59:36,2,NIE,,
j-2025,14,18.11.2025,18.11.2025 12:37:07,94,159,Podkarpackie,187,Patomorfologia,2025/031228,Rezydencki,89.05,4.06,29.09.2025 21:14:39,4,NIE,,
j-2025,14,18.11.2025,18.11.2025 12:37:07,94,159,Podkarpackie,188,Patomorfologia,2025/037924,Rezydencki,87.92,4.02,28.09.2025 23:49:10,4,NIE,,
j-2025,14,18.11.2025,18.11.2025 12:37:07,94,159,Podkarpackie,189,Patomorfologia,2025/036749,Rezydencki,83.33,4.41,27.09.2025 16:04:22,4,NIE,,
j-2025,14,18.11.2025,18.11.2025 12:37:07,94,159,Podkarpackie,190,Patomorfologia,2025/034804,Rezydencki,82.13,4.38,13.10.2025 14:08:59,4,NIE,,
j-2025,14,18.11.2025,18.11.2025 12:37:07,94,159,Podkarpackie,191,Pediatria,2025/037119,Rezydencki,89.95,4.16,30.09.2025 21:53:19,12,NIE,,
j-2025,14,18.11.2025,18.11.2025 12:37:07,94,159,Podkarpackie,192,Pediatria,2025/037947,Rezydencki,89.61,4.34,30.09.2025 15:09:41,12,NIE,,
j-2025,14,18.11.2025,18.11.2025 12:37:07,94,159,Podkarpackie,193,Pediatria,2025/034778,Rezydencki,85.27,4.26,13.10.2025 20:00:13,12,NIE,,
j-2025,14,18.11.2025,18.11.2025 12:37:07,94,159,Podkarpackie,194,Pediatria,2025/039367,Rezydencki,84.29,4.18,30.09.2025 17:26:01,12,NIE,,
j-2025,14,18.11.2025,18.11.2025 12:37:07,94,159,Podkarpackie,195,Pediatria,2025/028969,Rezydencki,82.38,3.85,05.09.2025 21:10:19,12,NIE,,
j-2025,14,18.11.2025,18.11.2025 12:37:07,94,159,Podkarpackie,196,Pediatria,2025/041564,Rezydencki,80.68,4.27,30.09.2025 12:47:26,12,NIE,,
j-2025,14,18.11.2025,18.11.2025 12:37:07,94,159,Podkarpackie,197,Pediatria,2025/028814,Rezydencki,77.29,3.81,02.09.2025 13:53:23,12,NIE,,
j-2025,14,18.11.2025,18.11.2025 12:37:07,94,159,Podkarpackie,198,Pediatria,2025/037109,Rezydencki,75.12,3.64,08.10.2025 16:19:47,12,NIE,,
j-2025,14,18.11.2025,18.11.2025 12:37:07,94,159,Podkarpackie,199,Pediatria,2025/041022,Rezydencki,74.16,3.91,30.09.2025 18:37:14,12,NIE,,
j-2025,14,18.11.2025,18.11.2025 12:37:07,94,159,Podkarpackie,200,Pediatria,2025/042972,Rezydencki,71.77,3.94,14.10.2025 11:08:26,12,NIE,,
j-2025,14,18.11.2025,18.11.2025 12:37:07,94,159,Podkarpackie,201,Pediatria,2025/041200,Rezydencki,70.33,3.80,30.09.2025 18:21:13,12,NIE,,
j-2025,14,18.11.2025,18.11.2025 12:37:07,94,159,Podkarpackie,202,Pediatria,2025/041261,Rezydencki,0.00,3.68,14.10.2025 18:01:49,12,NIE,,
j-2025,14,18.11.2025,18.11.2025 12:37:07,94,159,Podkarpackie,203,Perinatologia,2025/039918,Pozarezydencki,75.45,4.78,13.10.2025 21:48:41,2,NIE,,
j-2025,14,18.11.2025,18.11.2025 12:37:07,94,159,Podkarpackie,204,Perinatologia,2025/032117,Pozarezydencki,72.43,4.39,11.09.2025 11:14:27,2,NIE,,
j-2025,14,18.11.2025,18.11.2025 12:37:07,94,159,Podkarpackie,205,Położnictwo i ginekologia,2025/035645,Rezydencki,91.87,4.47,07.10.2025 16:51:04,6,NIE,,
j-2025,14,18.11.2025,18.11.2025 12:37:07,94,159,Podkarpackie,206,Położnictwo i ginekologia,2025/033838,Rezydencki,91.06,4.36,28.09.2025 19:31:55,6,NIE,,
j-2025,14,18.11.2025,18.11.2025 12:37:07,94,159,Podkarpackie,207,Położnictwo i ginekologia,2025/038371,Rezydencki,88.76,3.83,30.09.2025 14:21:13,6,NIE,,
j-2025,14,18.11.2025,18.11.2025 12:37:07,94,159,Podkarpackie,208,Położnictwo i ginekologia,2025/042099,Rezydencki,88.28,4.55,30.09.2025 17:04:57,6,NIE,,
j-2025,14,18.11.2025,18.11.2025 12:37:07,94,159,Podkarpackie,209,Położnictwo i ginekologia,2025/030776,Rezydencki,85.99,3.94,29.09.2025 12:47:33,6,NIE,,
j-2025,14,18.11.2025,18.11.2025 12:37:07,94,159,Podkarpackie,210,Położnictwo i ginekologia,2025/038616,Rezydencki,82.78,4.00,30.09.2025 18:48:07,6,NIE,,
j-2025,14,18.11.2025,18.11.2025 12:37:07,94,159,Podkarpackie,211,Psychiatria,2025/031349,Rezydencki,90.73,4.12,24.09.2025 20:00:37,11,NIE,,
j-2025,14,18.11.2025,18.11.2025 12:37:07,94,159,Podkarpackie,212,Psychiatria,2025/034249,Rezydencki,87.08,3.66,08.10.2025 14:08:40,11,NIE,,
j-2025,14,18.11.2025,18.11.2025 12:37:07,94,159,Podkarpackie,213,Psychiatria,2025/031332,Rezydencki,86.84,3.76,13.10.2025 17:04:56,11,NIE,,
j-2025,14,18.11.2025,18.11.2025 12:37:07,94,159,Podkarpackie,214,Psychiatria,2025/028944,Rezydencki,82.62,4.10,17.10.2025 12:09:22,11,NIE,,
j-2025,14,18.11.2025,18.11.2025 12:37:07,94,159,Podkarpackie,215,Psychiatria,2025/033678,Rezydencki,82.30,3.34,03.10.2025 09:48:05,11,NIE,,
j-2025,14,18.11.2025,18.11.2025 12:37:07,94,159,Podkarpackie,216,Psychiatria,2025/038199,Rezydencki,82.11,4.14,29.09.2025 20:16:37,11,NIE,,
j-2025,14,18.11.2025,18.11.2025 12:37:07,95,159,Podkarpackie,217,Psychiatria,2025/035646,Rezydencki,78.99,3.56,17.10.2025 14:52:36,11,NIE,,
j-2025,14,18.11.2025,18.11.2025 12:37:07,95,159,Podkarpackie,218,Psychiatria,2025/038775,Rezydencki,75.85,4.05,13.10.2025 13:16:32,11,NIE,,
j-2025,14,18.11.2025,18.11.2025 12:37:07,95,159,Podkarpackie,219,Psychiatria,2025/028756,Rezydencki,74.88,3.51,23.09.2025 16:54:52,11,NIE,,
j-2025,14,18.11.2025,18.11.2025 12:37:07,95,159,Podkarpackie,220,Psychiatria,2025/031941,Rezydencki,74.40,3.81,14.10.2025 10:20:13,11,NIE,,
j-2025,14,18.11.2025,18.11.2025 12:37:07,95,159,Podkarpackie,221,Psychiatria,2025/038247,Rezydencki,57.89,3.41,07.10.2025 12:35:26,11,NIE,,
j-2025,14,18.11.2025,18.11.2025 12:37:07,95,159,Podkarpackie,222,Psychiatria,2025/029761,Pozarezydencki,72.43,3.91,06.10.2025 15:25:27,3,NIE,,
j-2025,14,18.11.2025,18.11.2025 12:37:07,95,159,Podkarpackie,223,Psychiatria,2025/029821,Pozarezydencki,68.95,0.00,07.10.2025 19:11:14,3,NIE,,
j-2025,14,18.11.2025,18.11.2025 12:37:07,95,159,Podkarpackie,224,Psychiatria,2025/028868,Pozarezydencki,2.27,3.90,21.10.2025 18:29:05,3,NIE,,
j-2025,14,18.11.2025,18.11.2025 12:37:07,95,159,Podkarpackie,225,Psychiatria dzieci i młodzieży,2025/029112,Rezydencki,90.43,4.38,10.10.2025 11:54:10,2,NIE,,
j-2025,14,18.11.2025,18.11.2025 12:37:07,95,159,Podkarpackie,226,Psychiatria dzieci i młodzieży,2025/039855,Rezydencki,88.28,4.47,30.09.2025 19:23:31,2,NIE,,
j-2025,14,18.11.2025,18.11.2025 12:37:07,95,159,Podkarpackie,227,Psychiatria dzieci i młodzieży,2025/029244,Pozarezydencki,61.82,3.08,07.10.2025 23:45:01,1,NIE,,
j-2025,14,18.11.2025,18.11.2025 12:37:07,95,159,Podkarpackie,228,Radiologia i diagnostyka obrazowa,2025/028460,Rezydencki,91.79,4.22,02.09.2025 15:41:22,5,NIE,,
j-2025,14,18.11.2025,18.11.2025 12:37:07,95,159,Podkarpackie,229,Radiologia i diagnostyka obrazowa,2025/037980,Rezydencki,90.91,4.41,03.10.2025 13:37:16,5,NIE,,
j-2025,14,18.11.2025,18.11.2025 12:37:07,95,159,Podkarpackie,230,Radiologia i diagnostyka obrazowa,2025/028812,Rezydencki,89.23,4.17,30.09.2025 07:53:48,5,NIE,,
j-2025,14,18.11.2025,18.11.2025 12:37:07,95,159,Podkarpackie,231,Radiologia i diagnostyka obrazowa,2025/029792,Rezydencki,89.00,4.05,14.10.2025 10:55:47,5,NIE,,
j-2025,14,18.11.2025,18.11.2025 12:37:07,95,159,Podkarpackie,232,Radiologia i diagnostyka obrazowa,2025/038854,Rezydencki,87.99,4.55,23.10.2025 17:54:48,5,NIE,,
j-2025,14,18.11.2025,18.11.2025 12:37:07,95,159,Podkarpackie,233,Radiologia i diagnostyka obrazowa,2025/038277,Pozarezydencki,79.26,4.16,30.09.2025 13:35:22,4,NIE,,
j-2025,14,18.11.2025,18.11.2025 12:37:07,95,159,Podkarpackie,234,Radiologia i diagnostyka obrazowa,2025/037810,Pozarezydencki,77.17,3.11,12.10.2025 16:23:15,4,NIE,,
j-2025,14,18.11.2025,18.11.2025 12:37:07,95,159,Podkarpackie,235,Radiologia i diagnostyka obrazowa,2025/036687,Pozarezydencki,63.08,3.24,20.10.2025 10:31:03,4,NIE,,
j-2025,14,18.11.2025,18.11.2025 12:37:07,95,159,Podkarpackie,236,Radiologia i diagnostyka obrazowa,2025/031589,Pozarezydencki,61.79,0.00,29.10.2025 12:23:35,4,NIE,,
j-2025,14,18.11.2025,18.11.2025 12:37:07,95,159,Podkarpackie,237,Rehabilitacja medyczna,2025/041601,Rezydencki,86.12,4.09,30.09.2025 22:58:51,2,NIE,,
j-2025,14,18.11.2025,18.11.2025 12:37:07,95,159,Podkarpackie,238,Rehabilitacja medyczna,2025/032755,Rezydencki,64.76,0.00,10.10.2025 15:30:21,2,NIE,,
j-2025,14,18.11.2025,18.11.2025 12:37:07,95,159,Podkarpackie,239,Rehabilitacja medyczna,2025/033524,Pozarezydencki,62.62,0.00,30.10.2025 12:31:53,1,NIE,,
j-2025,14,18.11.2025,18.11.2025 12:37:07,95,159,Podkarpackie,240,Reumatologia,2025/039502,Rezydencki,91.39,4.39,30.09.2025 19:38:19,1,NIE,,
j-2025,14,18.11.2025,18.11.2025 12:37:07,95,159,Podkarpackie,241,Reumatologia,2025/033937,Pozarezydencki,80.84,4.30,17.09.2025 17:46:20,2,NIE,,
j-2025,14,18.11.2025,18.11.2025 12:37:07,95,159,Podkarpackie,242,Reumatologia,2025/040156,Pozarezydencki,73.18,4.32,10.10.2025 07:27:20,2,NIE,,
j-2025,14,18.11.2025,18.11.2025 12:37:07,95,159,Podkarpackie,243,Stomatologia dziecięca,2025/032450,Rezydencki,80.29,3.66,28.09.2025 13:33:12,4,NIE,,
j-2025,14,18.11.2025,18.11.2025 12:37:07,95,159,Podkarpackie,244,Stomatologia dziecięca,2025/032899,Rezydencki,79.43,3.60,22.09.2025 18:31:30,4,NIE,,
j-2025,14,18.11.2025,18.11.2025 12:37:07,95,159,Podkarpackie,245,Stomatologia dziecięca,2025/040322,Rezydencki,75.96,3.80,07.10.2025 12:20:07,4,NIE,,
j-2025,14,18.11.2025,18.11.2025 12:37:07,95,159,Podkarpackie,246,Stomatologia dziecięca,2025/034491,Rezydencki,72.12,4.10,13.10.2025 11:51:25,4,NIE,,
j-2025,14,18.11.2025,18.11.2025 12:37:07,95,159,Podkarpackie,247,Stomatologia dziecięca,2025/033000,Pozarezydencki,62.84,3.87,15.09.2025 11:09:10,1,NIE,,
j-2025,14,18.11.2025,18.11.2025 12:37:07,95,159,Podkarpackie,248,Urologia,2025/040752,Rezydencki,91.39,4.48,30.09.2025 14:59:59,4,NIE,,
j-2025,14,18.11.2025,18.11.2025 12:37:07,95,159,Podkarpackie,249,Urologia,2025/028888,Rezydencki,89.76,4.17,01.09.2025 21:20:44,4,NIE,,
j-2025,14,18.11.2025,18.11.2025 12:37:07,95,159,Podkarpackie,250,Urologia,2025/033135,Rezydencki,89.47,3.71,10.10.2025 08:44:10,4,NIE,,
j-2025,14,18.11.2025,18.11.2025 12:37:07,95,159,Podkarpackie,251,Urologia,2025/035523,Rezydencki,87.62,4.43,30.10.2025 11:16:22,4,NIE,,
j-2025,14,18.11.2025,18.11.2025 12:37:07,96,159,Podlaskie,1,Alergologia,2025/038889,Pozarezydencki,73.64,3.45,10.10.2025 17:19:06,1,NIE,,
j-2025,14,18.11.2025,18.11.2025 12:37:07,96,159,Podlaskie,2,Anestezjologia i intensywna terapia,2025/028874,Rezydencki,91.39,4.39,30.09.2025 10:45:57,12,NIE,,
j-2025,14,18.11.2025,18.11.2025 12:37:07,96,159,Podlaskie,3,Anestezjologia i intensywna terapia,2025/038562,Rezydencki,91.30,4.23,26.09.2025 17:48:52,12,NIE,,
j-2025,14,18.11.2025,18.11.2025 12:37:07,96,159,Podlaskie,4,Anestezjologia i intensywna terapia,2025/033952,Rezydencki,88.16,4.14,08.10.2025 16:03:15,12,NIE,,
j-2025,14,18.11.2025,18.11.2025 12:37:07,96,159,Podlaskie,5,Anestezjologia i intensywna terapia,2025/037269,Rezydencki,87.56,4.13,07.10.2025 15:21:34,12,NIE,,
j-2025,14,18.11.2025,18.11.2025 12:37:07,96,159,Podlaskie,6,Anestezjologia i intensywna terapia,2025/032931,Rezydencki,86.12,3.65,30.09.2025 00:09:06,12,NIE,,
j-2025,14,18.11.2025,18.11.2025 12:37:07,96,159,Podlaskie,7,Anestezjologia i intensywna terapia,2025/028889,Rezydencki,85.99,4.36,01.09.2025 20:42:07,12,NIE,,
j-2025,14,18.11.2025,18.11.2025 12:37:07,96,159,Podlaskie,8,Anestezjologia i intensywna terapia,2025/037016,Rezydencki,85.78,3.67,30.09.2025 17:54:52,12,NIE,,
j-2025,14,18.11.2025,18.11.2025 12:37:07,96,159,Podlaskie,9,Anestezjologia i intensywna terapia,2025/037506,Rezydencki,85.71,4.18,30.09.2025 23:19:49,12,NIE,,
j-2025,14,18.11.2025,18.11.2025 12:37:07,96,159,Podlaskie,10,Anestezjologia i intensywna terapia,2025/038924,Rezydencki,84.69,4.34,30.09.2025 12:40:30,12,NIE,,
j-2025,14,18.11.2025,18.11.2025 12:37:07,96,159,Podlaskie,11,Anestezjologia i intensywna terapia,2025/030456,Rezydencki,83.25,4.20,30.09.2025 11:33:44,12,NIE,,
j-2025,14,18.11.2025,18.11.2025 12:37:07,96,159,Podlaskie,12,Anestezjologia i intensywna terapia,2025/041203,Rezydencki,82.61,0.00,30.09.2025 21:45:18,12,NIE,,
j-2025,14,18.11.2025,18.11.2025 12:37:07,96,159,Podlaskie,13,Anestezjologia i intensywna terapia,2025/042116,Rezydencki,81.43,3.74,30.09.2025 19:50:45,12,NIE,,
j-2025,14,18.11.2025,18.11.2025 12:37:07,96,159,Podlaskie,14,Audiologia i foniatria,2025/029155,Pozarezydencki,79.36,0.00,13.10.2025 11:30:03,1,NIE,,
j-2025,14,18.11.2025,18.11.2025 12:37:07,96,159,Podlaskie,15,Chirurgia klatki piersiowej,2025/039394,Rezydencki,67.46,4.23,30.09.2025 17:33:53,1,NIE,,
j-2025,14,18.11.2025,18.11.2025 12:37:07,96,159,Podlaskie,16,Chirurgia naczyniowa,2025/031153,Rezydencki,89.71,4.09,30.09.2025 08:12:33,1,NIE,,
j-2025,14,18.11.2025,18.11.2025 12:37:07,96,159,Podlaskie,17,Chirurgia naczyniowa,2025/033605,Pozarezydencki,82.72,4.19,17.09.2025 18:18:36,1,NIE,,
j-2025,14,18.11.2025,18.11.2025 12:37:07,96,159,Podlaskie,18,Chirurgia ogólna,2025/037529,Rezydencki,86.12,4.45,30.09.2025 18:46:36,9,NIE,,
j-2025,14,18.11.2025,18.11.2025 12:37:07,96,159,Podlaskie,19,Chirurgia ogólna,2025/028413,Rezydencki,83.57,4.05,30.09.2025 07:52:30,9,NIE,,
j-2025,14,18.11.2025,18.11.2025 12:37:07,96,159,Podlaskie,20,Chirurgia ogólna,2025/031040,Rezydencki,82.35,4.11,21.09.2025 12:54:09,9,NIE,,
j-2025,14,18.11.2025,18.11.2025 12:37:07,96,159,Podlaskie,21,Chirurgia ogólna,2025/041095,Rezydencki,75.95,3.79,14.10.2025 20:36:23,9,NIE,,
j-2025,14,18.11.2025,18.11.2025 12:37:07,96,159,Podlaskie,22,Chirurgia ogólna,2025/030827,Rezydencki,74.51,3.31,25.09.2025 16:20:47,9,NIE,,
j-2025,14,18.11.2025,18.11.2025 12:37:07,96,159,Podlaskie,23,Chirurgia ogólna,2025/037058,Rezydencki,72.25,3.34,30.09.2025 12:21:23,9,NIE,,
j-2025,14,18.11.2025,18.11.2025 12:37:07,96,159,Podlaskie,24,Chirurgia ogólna,2025/038805,Rezydencki,70.81,4.41,30.09.2025 06:57:07,9,NIE,,
j-2025,14,18.11.2025,18.11.2025 12:37:07,96,159,Podlaskie,25,Chirurgia ogólna,2025/043259,Rezydencki,62.20,0.00,30.09.2025 22:42:58,9,NIE,,
j-2025,14,18.11.2025,18.11.2025 12:37:07,96,159,Podlaskie,26,Chirurgia ogólna,2025/035237,Rezydencki,55.71,0.00,21.10.2025 14:54:03,9,NIE,,
j-2025,14,18.11.2025,18.11.2025 12:37:07,96,159,Podlaskie,27,Chirurgia onkologiczna,2025/039745,Rezydencki,86.60,3.80,30.09.2025 20:57:29,2,NIE,,
j-2025,14,18.11.2025,18.11.2025 12:37:07,96,159,Podlaskie,28,Chirurgia onkologiczna,2025/038110,Rezydencki,83.73,3.46,30.09.2025 20:35:36,2,NIE,,
j-2025,14,18.11.2025,18.11.2025 12:37:07,96,159,Podlaskie,29,Chirurgia stomatologiczna,2025/030874,Rezydencki,85.24,4.15,21.09.2025 21:00:42,1,NIE,,
j-2025,14,18.11.2025,18.11.2025 12:37:07,96,159,Podlaskie,30,Chirurgia szczękowo-twarzowa,2025/039507,Rezydencki,87.14,4.21,28.09.2025 18:26:46,2,NIE,,
j-2025,14,18.11.2025,18.11.2025 12:37:07,96,159,Podlaskie,31,Chirurgia szczękowo-twarzowa,2025/032157,Rezydencki,87.14,3.95,12.09.2025 13:25:00,2,NIE,,
j-2025,14,18.11.2025,18.11.2025 12:37:07,96,159,Podlaskie,32,Choroby płuc,2025/037590,Rezydencki,88.89,4.41,28.09.2025 19:42:03,6,NIE,,
j-2025,14,18.11.2025,18.11.2025 12:37:07,96,159,Podlaskie,33,Choroby płuc,2025/040770,Rezydencki,88.28,4.14,30.09.2025 07:08:53,6,NIE,,
j-2025,14,18.11.2025,18.11.2025 12:37:07,96,159,Podlaskie,34,Choroby płuc,2025/043167,Rezydencki,87.08,0.00,06.10.2025 09:44:17,6,NIE,,
j-2025,14,18.11.2025,18.11.2025 12:37:07,96,159,Podlaskie,35,Choroby płuc,2025/028899,Rezydencki,85.17,3.93,30.09.2025 08:04:14,6,NIE,,
j-2025,14,18.11.2025,18.11.2025 12:37:07,96,159,Podlaskie,36,Choroby płuc,2025/037799,Rezydencki,83.73,3.86,30.09.2025 23:05:46,6,NIE,,
j-2025,14,18.11.2025,18.11.2025 12:37:07,97,159,Podlaskie,37,Choroby płuc,2025/036088,Rezydencki,79.05,3.31,06.10.2025 16:51:23,6,NIE,,
j-2025,14,18.11.2025,18.11.2025 12:37:07,97,159,Podlaskie,38,Choroby płuc,2025/035202,Pozarezydencki,70.91,3.29,17.10.2025 16:20:22,2,NIE,,
j-2025,14,18.11.2025,18.11.2025 12:37:07,97,159,Podlaskie,39,Choroby płuc,2025/033962,Pozarezydencki,67.73,3.67,14.10.2025 19:26:48,2,NIE,,
j-2025,14,18.11.2025,18.11.2025 12:37:07,97,159,Podlaskie,40,Choroby płuc dzieci,2025/039500,Rezydencki,87.08,4.27,30.09.2025 17:21:16,1,NIE,,
j-2025,14,18.11.2025,18.11.2025 12:37:07,97,159,Podlaskie,41,Choroby wewnętrzne,2025/029558,Rezydencki,90.91,4.42,30.09.2025 06:36:45,18,NIE,,
j-2025,14,18.11.2025,18.11.2025 12:37:07,97,159,Podlaskie,42,Choroby wewnętrzne,2025/041770,Rezydencki,87.56,4.15,30.09.2025 19:38:39,18,NIE,,
j-2025,14,18.11.2025,18.11.2025 12:37:07,97,159,Podlaskie,43,Choroby wewnętrzne,2025/039924,Rezydencki,85.65,3.79,30.09.2025 21:46:58,18,NIE,,
j-2025,14,18.11.2025,18.11.2025 12:37:07,97,159,Podlaskie,44,Choroby wewnętrzne,2025/038361,Rezydencki,85.17,3.78,30.09.2025 16:27:07,18,NIE,,
j-2025,14,18.11.2025,18.11.2025 12:37:07,97,159,Podlaskie,45,Choroby wewnętrzne,2025/036206,Rezydencki,84.31,4.27,24.09.2025 16:10:06,18,NIE,,
j-2025,14,18.11.2025,18.11.2025 12:37:07,97,159,Podlaskie,46,Choroby wewnętrzne,2025/038055,Rezydencki,84.31,4.08,29.09.2025 22:32:24,18,NIE,,
j-2025,14,18.11.2025,18.11.2025 12:37:07,97,159,Podlaskie,47,Choroby wewnętrzne,2025/036091,Rezydencki,84.29,3.87,28.09.2025 18:52:01,18,NIE,,
j-2025,14,18.11.2025,18.11.2025 12:37:07,97,159,Podlaskie,48,Choroby wewnętrzne,2025/036080,Rezydencki,83.73,3.69,30.09.2025 21:05:39,18,NIE,,
j-2025,14,18.11.2025,18.11.2025 12:37:07,97,159,Podlaskie,49,Choroby wewnętrzne,2025/038325,Rezydencki,83.25,4.45,30.09.2025 21:10:06,18,NIE,,
j-2025,14,18.11.2025,18.11.2025 12:37:07,97,159,Podlaskie,50,Choroby wewnętrzne,2025/038424,Rezydencki,83.25,3.72,10.10.2025 09:53:41,18,NIE,,
j-2025,14,18.11.2025,18.11.2025 12:37:07,97,159,Podlaskie,51,Choroby wewnętrzne,2025/035865,Rezydencki,82.30,3.65,07.10.2025 09:40:10,18,NIE,,
j-2025,14,18.11.2025,18.11.2025 12:37:07,97,159,Podlaskie,52,Choroby wewnętrzne,2025/041632,Rezydencki,80.95,3.82,29.09.2025 23:26:18,18,NIE,,
j-2025,14,18.11.2025,18.11.2025 12:37:07,97,159,Podlaskie,53,Choroby wewnętrzne,2025/040197,Rezydencki,79.90,3.88,30.09.2025 20:27:30,18,NIE,,
j-2025,14,18.11.2025,18.11.2025 12:37:07,97,159,Podlaskie,54,Choroby wewnętrzne,2025/038955,Rezydencki,79.90,3.65,10.10.2025 13:10:33,18,NIE,,
j-2025,14,18.11.2025,18.11.2025 12:37:07,97,159,Podlaskie,55,Choroby wewnętrzne,2025/041907,Rezydencki,78.95,3.63,30.09.2025 15:52:17,18,NIE,,
j-2025,14,18.11.2025,18.11.2025 12:37:07,97,159,Podlaskie,56,Choroby wewnętrzne,2025/036743,Rezydencki,77.54,3.98,09.10.2025 11:01:07,18,NIE,,
j-2025,14,18.11.2025,18.11.2025 12:37:07,97,159,Podlaskie,57,Choroby wewnętrzne,2025/038815,Rezydencki,71.29,3.82,30.09.2025 15:58:12,18,NIE,,
j-2025,14,18.11.2025,18.11.2025 12:37:07,97,159,Podlaskie,58,Choroby wewnętrzne,2025/042766,Rezydencki,69.76,0.00,23.10.2025 08:43:30,18,NIE,,
j-2025,14,18.11.2025,18.11.2025 12:37:07,97,159,Podlaskie,59,Choroby wewnętrzne,2025/030957,Pozarezydencki,0.00,0.00,07.09.2025 14:58:36,1,NIE,,
j-2025,14,18.11.2025,18.11.2025 12:37:07,97,159,Podlaskie,60,Choroby zakaźne,2025/042380,Rezydencki,86.96,3.87,30.09.2025 17:16:39,3,NIE,,
j-2025,14,18.11.2025,18.11.2025 12:37:07,97,159,Podlaskie,61,Choroby zakaźne,2025/034172,Rezydencki,82.78,4.30,14.10.2025 16:28:36,3,NIE,,
j-2025,14,18.11.2025,18.11.2025 12:37:07,97,159,Podlaskie,62,Choroby zakaźne,2025/041733,Rezydencki,78.47,3.19,30.09.2025 23:30:44,3,NIE,,
j-2025,14,18.11.2025,18.11.2025 12:37:07,97,159,Podlaskie,63,Dermatologia i wenerologia,2025/029233,Rezydencki,93.72,4.50,10.10.2025 09:54:26,1,NIE,,
j-2025,14,18.11.2025,18.11.2025 12:37:07,97,159,Podlaskie,64,Dermatologia i wenerologia,2025/041533,Pozarezydencki,86.64,4.54,30.09.2025 18:52:46,2,NIE,,
j-2025,14,18.11.2025,18.11.2025 12:37:07,97,159,Podlaskie,65,Dermatologia i wenerologia,2025/030743,Pozarezydencki,86.30,4.47,30.09.2025 08:25:25,2,NIE,,
j-2025,14,18.11.2025,18.11.2025 12:37:07,97,159,Podlaskie,66,Endokrynologia,2025/037358,Rezydencki,93.78,4.52,30.09.2025 14:05:35,1,NIE,,
j-2025,14,18.11.2025,18.11.2025 12:37:07,97,159,Podlaskie,67,Endokrynologia,2025/033884,Pozarezydencki,83.64,3.53,30.09.2025 19:40:19,1,NIE,,
j-2025,14,18.11.2025,18.11.2025 12:37:07,97,159,Podlaskie,68,Endokrynologia ginekologiczna i rozrodczość,2025/039949,Pozarezydencki,82.73,0.00,30.09.2025 21:11:02,6,NIE,,
j-2025,14,18.11.2025,18.11.2025 12:37:07,97,159,Podlaskie,69,Endokrynologia ginekologiczna i rozrodczość,2025/035762,Pozarezydencki,82.55,3.33,23.09.2025 10:29:07,6,NIE,,
j-2025,14,18.11.2025,18.11.2025 12:37:07,97,159,Podlaskie,70,Endokrynologia ginekologiczna i rozrodczość,2025/039144,Pozarezydencki,81.82,3.86,02.10.2025 09:42:52,6,NIE,,
j-2025,14,18.11.2025,18.11.2025 12:37:07,97,159,Podlaskie,71,Endokrynologia ginekologiczna i rozrodczość,2025/030767,Pozarezydencki,80.09,4.56,01.10.2025 17:47:02,6,NIE,,
j-2025,14,18.11.2025,18.11.2025 12:37:07,97,159,Podlaskie,72,Endokrynologia ginekologiczna i rozrodczość,2025/042493,Pozarezydencki,80.00,4.50,30.09.2025 20:25:01,6,NIE,,
j-2025,14,18.11.2025,18.11.2025 12:37:07,98,159,Podlaskie,73,Endokrynologia ginekologiczna i rozrodczość,2025/029851,Pozarezydencki,80.00,4.25,22.09.2025 23:29:57,6,NIE,,
j-2025,14,18.11.2025,18.11.2025 12:37:07,98,159,Podlaskie,74,Endokrynologia i diabetologia dziecięca,2025/036521,Rezydencki,87.56,3.98,17.10.2025 10:10:46,1,NIE,,
j-2025,14,18.11.2025,18.11.2025 12:37:07,98,159,Podlaskie,75,Endokrynologia i diabetologia dziecięca,2025/035007,Pozarezydencki,74.32,3.93,21.10.2025 22:52:26,2,NIE,,
j-2025,14,18.11.2025,18.11.2025 12:37:07,98,159,Podlaskie,76,Endokrynologia i diabetologia dziecięca,2025/034211,Pozarezydencki,70.91,4.13,18.09.2025 21:28:18,2,NIE,,
j-2025,14,18.11.2025,18.11.2025 12:37:07,98,159,Podlaskie,77,Gastroenterologia,2025/030319,Rezydencki,91.30,4.11,25.09.2025 19:28:48,2,NIE,,
j-2025,14,18.11.2025,18.11.2025 12:37:07,98,159,Podlaskie,78,Gastroenterologia,2025/028768,Rezydencki,90.20,4.61,29.09.2025 23:10:46,2,NIE,,
j-2025,14,18.11.2025,18.11.2025 12:37:07,98,159,Podlaskie,79,Gastroenterologia,2025/036087,Pozarezydencki,76.26,0.00,20.10.2025 10:07:11,1,NIE,,
j-2025,14,18.11.2025,18.11.2025 12:37:07,98,159,Podlaskie,80,Gastroenterologia dziecięca,2025/029063,Pozarezydencki,81.59,4.50,13.10.2025 12:20:15,1,NIE,,
j-2025,14,18.11.2025,18.11.2025 12:37:07,98,159,Podlaskie,81,Hematologia,2025/042023,Rezydencki,87.08,4.27,30.09.2025 21:01:21,2,NIE,,
j-2025,14,18.11.2025,18.11.2025 12:37:07,98,159,Podlaskie,82,Hematologia,2025/028779,Rezydencki,84.29,4.45,16.09.2025 14:36:50,2,NIE,,
j-2025,14,18.11.2025,18.11.2025 12:37:07,98,159,Podlaskie,83,Hematologia,2025/032835,Pozarezydencki,70.91,0.00,14.10.2025 09:44:06,1,NIE,,
j-2025,14,18.11.2025,18.11.2025 12:37:07,98,159,Podlaskie,84,Intensywna terapia,2025/043354,Pozarezydencki,70.79,0.00,09.10.2025 11:46:53,1,NIE,,
j-2025,14,18.11.2025,18.11.2025 12:37:07,98,159,Podlaskie,85,Kardiochirurgia,2025/035544,Rezydencki,87.14,4.93,15.10.2025 20:16:58,2,NIE,,
j-2025,14,18.11.2025,18.11.2025 12:37:07,98,159,Podlaskie,86,Kardiochirurgia,2025/038900,Rezydencki,80.48,3.79,29.09.2025 20:51:21,2,NIE,,
j-2025,14,18.11.2025,18.11.2025 12:37:07,98,159,Podlaskie,87,Kardiologia,2025/036064,Rezydencki,92.27,4.36,23.09.2025 16:45:40,2,NIE,,
j-2025,14,18.11.2025,18.11.2025 12:37:07,98,159,Podlaskie,88,Kardiologia,2025/032258,Rezydencki,91.79,4.31,20.09.2025 08:16:27,2,NIE,,
j-2025,14,18.11.2025,18.11.2025 12:37:07,98,159,Podlaskie,89,Kardiologia,2025/036219,Pozarezydencki,84.25,3.22,06.10.2025 17:34:59,6,NIE,,
j-2025,14,18.11.2025,18.11.2025 12:37:07,98,159,Podlaskie,90,Kardiologia,2025/028419,Pozarezydencki,83.11,3.74,30.09.2025 00:03:08,6,NIE,,
j-2025,14,18.11.2025,18.11.2025 12:37:07,98,159,Podlaskie,91,Kardiologia,2025/041837,Pozarezydencki,80.82,3.74,30.09.2025 20:16:39,6,NIE,,
j-2025,14,18.11.2025,18.11.2025 12:37:07,98,159,Podlaskie,92,Kardiologia,2025/041885,Pozarezydencki,76.04,3.64,30.09.2025 22:42:22,6,NIE,,
j-2025,14,18.11.2025,18.11.2025 12:37:07,98,159,Podlaskie,93,Kardiologia,2025/034621,Pozarezydencki,71.14,3.92,08.10.2025 21:23:03,6,NIE,,
j-2025,14,18.11.2025,18.11.2025 12:37:07,98,159,Podlaskie,94,Kardiologia,2025/031297,Pozarezydencki,64.09,0.00,06.10.2025 14:38:41,6,NIE,,
j-2025,14,18.11.2025,18.11.2025 12:37:07,98,159,Podlaskie,95,Kardiologia dziecięca,2025/029693,Pozarezydencki,72.05,3.16,08.10.2025 18:41:05,1,NIE,,
j-2025,14,18.11.2025,18.11.2025 12:37:07,98,159,Podlaskie,96,Medycyna pracy,2025/040611,Rezydencki,66.51,3.63,30.09.2025 20:38:07,1,NIE,,
j-2025,14,18.11.2025,18.11.2025 12:37:07,98,159,Podlaskie,97,Medycyna ratunkowa,2025/041615,Rezydencki,80.48,3.83,29.09.2025 23:19:20,1,NIE,,
j-2025,14,18.11.2025,18.11.2025 12:37:07,98,159,Podlaskie,98,Medycyna ratunkowa,2025/030533,Pozarezydencki,57.01,3.03,04.10.2025 00:51:15,1,NIE,,
j-2025,14,18.11.2025,18.11.2025 12:37:07,98,159,Podlaskie,99,Medycyna rodzinna,2025/039540,Rezydencki,91.39,4.25,30.09.2025 00:40:40,19,NIE,,
j-2025,14,18.11.2025,18.11.2025 12:37:07,98,159,Podlaskie,100,Medycyna rodzinna,2025/030864,Rezydencki,90.58,4.61,06.09.2025 20:50:32,19,NIE,,
j-2025,14,18.11.2025,18.11.2025 12:37:07,98,159,Podlaskie,101,Medycyna rodzinna,2025/038456,Rezydencki,89.71,4.17,30.09.2025 13:48:31,19,NIE,,
j-2025,14,18.11.2025,18.11.2025 12:37:07,98,159,Podlaskie,102,Medycyna rodzinna,2025/040426,Rezydencki,89.47,4.29,30.09.2025 17:52:47,19,NIE,,
j-2025,14,18.11.2025,18.11.2025 12:37:07,98,159,Podlaskie,103,Medycyna rodzinna,2025/034245,Rezydencki,89.46,4.63,25.09.2025 14:33:09,19,NIE,,
j-2025,14,18.11.2025,18.11.2025 12:37:07,98,159,Podlaskie,104,Medycyna rodzinna,2025/039905,Rezydencki,89.05,4.58,29.09.2025 21:18:38,19,NIE,,
j-2025,14,18.11.2025,18.11.2025 12:37:07,98,159,Podlaskie,105,Medycyna rodzinna,2025/035398,Rezydencki,88.89,4.08,29.09.2025 22:07:23,19,NIE,,
j-2025,14,18.11.2025,18.11.2025 12:37:07,98,159,Podlaskie,106,Medycyna rodzinna,2025/028877,Rezydencki,88.81,4.36,01.09.2025 19:12:52,19,NIE,,
j-2025,14,18.11.2025,18.11.2025 12:37:07,98,159,Podlaskie,107,Medycyna rodzinna,2025/039150,Rezydencki,88.76,3.33,13.10.2025 11:08:22,19,NIE,,
j-2025,14,18.11.2025,18.11.2025 12:37:07,98,159,Podlaskie,108,Medycyna rodzinna,2025/039813,Rezydencki,87.92,4.17,28.09.2025 21:12:38,19,NIE,,
j-2025,14,18.11.2025,18.11.2025 12:37:07,99,159,Podlaskie,109,Medycyna rodzinna,2025/028464,Rezydencki,87.56,4.67,30.09.2025 17:35:17,19,NIE,,
j-2025,14,18.11.2025,18.11.2025 12:37:07,99,159,Podlaskie,110,Medycyna rodzinna,2025/035433,Rezydencki,86.60,4.03,30.09.2025 06:32:04,19,NIE,,
j-2025,14,18.11.2025,18.11.2025 12:37:07,99,159,Podlaskie,111,Medycyna rodzinna,2025/032170,Rezydencki,86.36,4.17,30.09.2025 20:16:17,19,NIE,,
j-2025,14,18.11.2025,18.11.2025 12:37:07,99,159,Podlaskie,112,Medycyna rodzinna,2025/031963,Rezydencki,86.23,4.05,06.10.2025 11:16:38,19,NIE,,
j-2025,14,18.11.2025,18.11.2025 12:37:07,99,159,Podlaskie,113,Medycyna rodzinna,2025/039076,Rezydencki,85.99,3.63,28.09.2025 16:19:17,19,NIE,,
j-2025,14,18.11.2025,18.11.2025 12:37:07,99,159,Podlaskie,114,Medycyna rodzinna,2025/040883,Rezydencki,85.65,3.88,30.09.2025 19:58:47,19,NIE,,
j-2025,14,18.11.2025,18.11.2025 12:37:07,99,159,Podlaskie,115,Medycyna rodzinna,2025/038661,Rezydencki,85.17,4.08,30.09.2025 14:36:34,19,NIE,,
j-2025,14,18.11.2025,18.11.2025 12:37:07,99,159,Podlaskie,116,Medycyna rodzinna,2025/040632,Rezydencki,84.80,3.72,29.09.2025 16:25:45,19,NIE,,
j-2025,14,18.11.2025,18.11.2025 12:37:07,99,159,Podlaskie,117,Medycyna rodzinna,2025/039055,Rezydencki,84.69,4.11,30.09.2025 17:20:25,19,NIE,,
j-2025,14,18.11.2025,18.11.2025 12:37:07,99,159,Podlaskie,118,Medycyna rodzinna,2025/029810,Pozarezydencki,75.92,4.35,09.10.2025 20:44:56,4,NIE,,
j-2025,14,18.11.2025,18.11.2025 12:37:07,99,159,Podlaskie,119,Medycyna rodzinna,2025/039296,Pozarezydencki,71.03,3.40,08.10.2025 17:52:25,4,NIE,,
j-2025,14,18.11.2025,18.11.2025 12:37:07,99,159,Podlaskie,120,Medycyna rodzinna,2025/043186,Pozarezydencki,58.64,3.49,30.09.2025 23:01:08,4,NIE,,
j-2025,14,18.11.2025,18.11.2025 12:37:07,99,159,Podlaskie,121,Medycyna rodzinna,2025/037686,Pozarezydencki,52.31,2.80,26.09.2025 09:51:39,4,NIE,,
j-2025,14,18.11.2025,18.11.2025 12:37:07,99,159,Podlaskie,122,Medycyna sądowa,2025/028897,Rezydencki,68.14,3.45,22.09.2025 22:27:32,1,NIE,,
j-2025,14,18.11.2025,18.11.2025 12:37:07,99,159,Podlaskie,123,Nefrologia,2025/031521,Pozarezydencki,72.22,3.67,09.09.2025 12:59:28,1,NIE,,
j-2025,14,18.11.2025,18.11.2025 12:37:07,99,159,Podlaskie,124,Nefrologia dziecięca,2025/037657,Rezydencki,80.38,3.13,02.10.2025 16:40:13,1,NIE,,
j-2025,14,18.11.2025,18.11.2025 12:37:07,99,159,Podlaskie,125,Nefrologia dziecięca,2025/030051,Pozarezydencki,63.64,4.66,29.09.2025 19:39:55,1,NIE,,
j-2025,14,18.11.2025,18.11.2025 12:37:07,99,159,Podlaskie,126,Neurologia,2025/028568,Rezydencki,92.03,4.53,30.09.2025 19:47:17,8,NIE,,
j-2025,14,18.11.2025,18.11.2025 12:37:07,99,159,Podlaskie,127,Neurologia,2025/033536,Rezydencki,89.22,4.55,09.10.2025 13:06:47,8,NIE,,
j-2025,14,18.11.2025,18.11.2025 12:37:07,99,159,Podlaskie,128,Neurologia,2025/040558,Rezydencki,88.04,4.59,30.09.2025 09:46:01,8,NIE,,
j-2025,14,18.11.2025,18.11.2025 12:37:07,99,159,Podlaskie,129,Neurologia,2025/042150,Rezydencki,87.14,4.22,30.09.2025 16:28:32,8,NIE,,
j-2025,14,18.11.2025,18.11.2025 12:37:07,99,159,Podlaskie,130,Neurologia,2025/034308,Rezydencki,87.08,4.41,30.09.2025 06:19:26,8,NIE,,
j-2025,14,18.11.2025,18.11.2025 12:37:07,99,159,Podlaskie,131,Neurologia,2025/030861,Rezydencki,86.23,4.11,11.09.2025 20:24:49,8,NIE,,
j-2025,14,18.11.2025,18.11.2025 12:37:07,99,159,Podlaskie,132,Neurologia,2025/042488,Rezydencki,84.76,3.55,13.10.2025 16:05:39,8,NIE,,
j-2025,14,18.11.2025,18.11.2025 12:37:07,99,159,Podlaskie,133,Neurologia,2025/032138,Rezydencki,84.69,4.60,11.10.2025 05:33:38,8,NIE,,
j-2025,14,18.11.2025,18.11.2025 12:37:07,99,159,Podlaskie,134,Neurologia,2025/036416,Pozarezydencki,75.80,3.76,30.09.2025 16:47:25,1,NIE,,
j-2025,14,18.11.2025,18.11.2025 12:37:07,99,159,Podlaskie,135,Neurologia dziecięca,2025/034550,Rezydencki,73.53,3.88,08.10.2025 15:45:02,1,NIE,,
j-2025,14,18.11.2025,18.11.2025 12:37:07,99,159,Podlaskie,136,Neurologia dziecięca,2025/035938,Pozarezydencki,75.45,0.00,09.10.2025 11:41:06,2,NIE,,
j-2025,14,18.11.2025,18.11.2025 12:37:07,99,159,Podlaskie,137,Neurologia dziecięca,2025/030786,Pozarezydencki,71.59,3.81,16.09.2025 19:56:06,2,NIE,,
j-2025,14,18.11.2025,18.11.2025 12:37:07,99,159,Podlaskie,138,Okulistyka,2025/033573,Rezydencki,93.48,4.59,30.09.2025 08:43:31,2,NIE,,
j-2025,14,18.11.2025,18.11.2025 12:37:07,99,159,Podlaskie,139,Okulistyka,2025/029157,Rezydencki,91.39,4.28,30.09.2025 06:57:43,2,NIE,,
j-2025,14,18.11.2025,18.11.2025 12:37:07,99,159,Podlaskie,140,Okulistyka,2025/031580,Pozarezydencki,82.88,4.27,30.09.2025 09:22:03,4,NIE,,
j-2025,14,18.11.2025,18.11.2025 12:37:07,99,159,Podlaskie,141,Okulistyka,2025/042011,Pozarezydencki,82.42,4.16,30.09.2025 14:46:29,4,NIE,,
j-2025,14,18.11.2025,18.11.2025 12:37:07,99,159,Podlaskie,142,Okulistyka,2025/041208,Pozarezydencki,80.82,3.82,30.09.2025 21:43:03,4,NIE,,
j-2025,14,18.11.2025,18.11.2025 12:37:07,99,159,Podlaskie,143,Okulistyka,2025/041623,Pozarezydencki,80.82,3.50,13.10.2025 10:17:48,4,NIE,,
j-2025,14,18.11.2025,18.11.2025 12:37:07,99,159,Podlaskie,144,Onkologia i hematologia dziecięca,2025/034689,Rezydencki,84.78,3.90,09.10.2025 11:51:13,1,NIE,,
j-2025,14,18.11.2025,18.11.2025 12:37:07,100,159,Podlaskie,145,Onkologia kliniczna,2025/041400,Rezydencki,88.41,4.58,30.09.2025 23:58:48,5,NIE,,
j-2025,14,18.11.2025,18.11.2025 12:37:07,100,159,Podlaskie,146,Onkologia kliniczna,2025/031560,Rezydencki,87.08,4.00,30.09.2025 21:33:48,5,NIE,,
j-2025,14,18.11.2025,18.11.2025 12:37:07,100,159,Podlaskie,147,Onkologia kliniczna,2025/034584,Rezydencki,82.11,4.30,29.09.2025 20:03:23,5,NIE,,
j-2025,14,18.11.2025,18.11.2025 12:37:07,100,159,Podlaskie,148,Onkologia kliniczna,2025/038260,Rezydencki,69.86,2.95,06.10.2025 11:40:20,5,NIE,,
j-2025,14,18.11.2025,18.11.2025 12:37:07,100,159,Podlaskie,149,Onkologia kliniczna,2025/037076,Rezydencki,69.05,3.21,10.10.2025 18:19:16,5,NIE,,
j-2025,14,18.11.2025,18.11.2025 12:37:07,100,159,Podlaskie,150,Ortodoncja,2025/038445,Rezydencki,94.02,4.19,03.10.2025 13:25:51,1,NIE,,
j-2025,14,18.11.2025,18.11.2025 12:37:07,100,159,Podlaskie,151,Ortopedia i traumatologia narządu ruchu,2025/028879,Rezydencki,86.76,4.19,25.09.2025 17:13:28,2,NIE,,
j-2025,14,18.11.2025,18.11.2025 12:37:07,100,159,Podlaskie,152,Ortopedia i traumatologia narządu ruchu,2025/039068,Rezydencki,86.60,4.03,07.10.2025 10:01:30,2,NIE,,
j-2025,14,18.11.2025,18.11.2025 12:37:07,100,159,Podlaskie,153,Ortopedia i traumatologia narządu ruchu,2025/039139,Pozarezydencki,80.18,3.74,27.09.2025 22:04:40,3,NIE,,
j-2025,14,18.11.2025,18.11.2025 12:37:07,100,159,Podlaskie,154,Ortopedia i traumatologia narządu ruchu,2025/028976,Pozarezydencki,74.55,3.98,10.10.2025 08:47:08,3,NIE,,
j-2025,14,18.11.2025,18.11.2025 12:37:07,100,159,Podlaskie,155,Ortopedia i traumatologia narządu ruchu,2025/041498,Pozarezydencki,73.52,3.51,09.10.2025 09:32:02,3,NIE,,
j-2025,14,18.11.2025,18.11.2025 12:37:07,100,159,Podlaskie,156,Otorynolaryngologia,2025/039265,Rezydencki,87.56,3.90,30.09.2025 19:35:38,2,NIE,,
j-2025,14,18.11.2025,18.11.2025 12:37:07,100,159,Podlaskie,157,Otorynolaryngologia,2025/041335,Rezydencki,87.32,4.03,14.10.2025 09:14:11,2,NIE,,
j-2025,14,18.11.2025,18.11.2025 12:37:07,100,159,Podlaskie,158,Patomorfologia,2025/030009,Rezydencki,85.29,4.00,06.10.2025 11:59:54,2,NIE,,
j-2025,14,18.11.2025,18.11.2025 12:37:07,100,159,Podlaskie,159,Patomorfologia,2025/030310,Rezydencki,80.00,3.61,04.09.2025 15:54:29,2,NIE,,
j-2025,14,18.11.2025,18.11.2025 12:37:07,100,159,Podlaskie,160,Pediatria,2025/030651,Rezydencki,89.86,4.30,29.09.2025 23:06:36,10,NIE,,
j-2025,14,18.11.2025,18.11.2025 12:37:07,100,159,Podlaskie,161,Pediatria,2025/032577,Rezydencki,87.50,4.44,29.09.2025 20:48:38,10,NIE,,
j-2025,14,18.11.2025,18.11.2025 12:37:07,100,159,Podlaskie,162,Pediatria,2025/035346,Rezydencki,86.76,4.29,29.09.2025 21:03:52,10,NIE,,
j-2025,14,18.11.2025,18.11.2025 12:37:07,100,159,Podlaskie,163,Pediatria,2025/039724,Rezydencki,85.54,4.13,30.09.2025 14:28:11,10,NIE,,
j-2025,14,18.11.2025,18.11.2025 12:37:07,100,159,Podlaskie,164,Pediatria,2025/041634,Rezydencki,84.69,4.44,30.09.2025 19:30:00,10,NIE,,
j-2025,14,18.11.2025,18.11.2025 12:37:07,100,159,Podlaskie,165,Pediatria,2025/031571,Rezydencki,83.81,4.25,24.09.2025 17:07:45,10,NIE,,
j-2025,14,18.11.2025,18.11.2025 12:37:07,100,159,Podlaskie,166,Pediatria,2025/040085,Rezydencki,83.33,3.65,29.09.2025 23:23:49,10,NIE,,
j-2025,14,18.11.2025,18.11.2025 12:37:07,100,159,Podlaskie,167,Pediatria,2025/039988,Rezydencki,82.38,4.00,29.09.2025 19:20:55,10,NIE,,
j-2025,14,18.11.2025,18.11.2025 12:37:07,100,159,Podlaskie,168,Pediatria,2025/038982,Rezydencki,81.90,4.20,27.09.2025 16:34:34,10,NIE,,
j-2025,14,18.11.2025,18.11.2025 12:37:07,100,159,Podlaskie,169,Pediatria,2025/029163,Rezydencki,81.43,4.27,27.09.2025 10:15:01,10,NIE,,
j-2025,14,18.11.2025,18.11.2025 12:37:07,100,159,Podlaskie,170,Pediatria,2025/041553,Pozarezydencki,56.54,0.00,11.10.2025 12:36:24,1,NIE,,
j-2025,14,18.11.2025,18.11.2025 12:37:07,100,159,Podlaskie,171,Perinatologia,2025/034940,Pozarezydencki,75.45,4.09,26.09.2025 11:39:16,1,NIE,,
j-2025,14,18.11.2025,18.11.2025 12:37:07,100,159,Podlaskie,172,Periodontologia,2025/031754,Rezydencki,83.82,3.44,30.09.2025 13:42:20,1,NIE,,
j-2025,14,18.11.2025,18.11.2025 12:37:07,100,159,Podlaskie,173,Położnictwo i ginekologia,2025/039744,Rezydencki,91.63,4.52,30.09.2025 20:40:35,3,NIE,,
j-2025,14,18.11.2025,18.11.2025 12:37:07,100,159,Podlaskie,174,Położnictwo i ginekologia,2025/038527,Rezydencki,86.36,4.09,23.10.2025 22:21:52,3,NIE,,
j-2025,14,18.11.2025,18.11.2025 12:37:07,100,159,Podlaskie,175,Położnictwo i ginekologia,2025/043022,Rezydencki,86.12,3.82,30.09.2025 21:20:54,3,NIE,,
j-2025,14,18.11.2025,18.11.2025 12:37:07,100,159,Podlaskie,176,Protetyka stomatologiczna,2025/039280,Rezydencki,85.10,4.15,06.10.2025 20:30:13,4,NIE,,
j-2025,14,18.11.2025,18.11.2025 12:37:07,100,159,Podlaskie,177,Protetyka stomatologiczna,2025/033515,Rezydencki,83.17,3.98,06.10.2025 17:49:36,4,NIE,,
j-2025,14,18.11.2025,18.11.2025 12:37:07,100,159,Podlaskie,178,Protetyka stomatologiczna,2025/035583,Rezydencki,80.77,4.10,06.10.2025 19:47:06,4,NIE,,
j-2025,14,18.11.2025,18.11.2025 12:37:07,100,159,Podlaskie,179,Protetyka stomatologiczna,2025/041801,Rezydencki,80.68,3.35,30.09.2025 07:39:40,4,NIE,,
j-2025,14,18.11.2025,18.11.2025 12:37:07,100,159,Podlaskie,180,Psychiatria,2025/028634,Rezydencki,91.79,4.33,01.09.2025 11:10:07,11,NIE,,
j-2025,14,18.11.2025,18.11.2025 12:37:07,101,159,Podlaskie,181,Psychiatria,2025/034974,Rezydencki,88.65,4.08,21.09.2025 21:29:59,11,NIE,,
j-2025,14,18.11.2025,18.11.2025 12:37:07,101,159,Podlaskie,182,Psychiatria,2025/037328,Rezydencki,88.52,4.38,30.09.2025 07:57:19,11,NIE,,
j-2025,14,18.11.2025,18.11.2025 12:37:07,101,159,Podlaskie,183,Psychiatria,2025/028622,Rezydencki,87.80,4.27,14.10.2025 13:43:21,11,NIE,,
j-2025,14,18.11.2025,18.11.2025 12:37:07,101,159,Podlaskie,184,Psychiatria,2025/028856,Rezydencki,87.44,4.14,01.09.2025 16:06:16,11,NIE,,
j-2025,14,18.11.2025,18.11.2025 12:37:07,101,159,Podlaskie,185,Psychiatria,2025/036899,Rezydencki,86.23,3.61,08.10.2025 12:23:11,11,NIE,,
j-2025,14,18.11.2025,18.11.2025 12:37:07,101,159,Podlaskie,186,Psychiatria,2025/030859,Rezydencki,85.65,3.92,30.09.2025 10:17:09,11,NIE,,
j-2025,14,18.11.2025,18.11.2025 12:37:07,101,159,Podlaskie,187,Psychiatria,2025/028950,Rezydencki,85.51,3.97,25.09.2025 12:52:52,11,NIE,,
j-2025,14,18.11.2025,18.11.2025 12:37:07,101,159,Podlaskie,188,Psychiatria,2025/033256,Rezydencki,85.24,4.00,30.09.2025 11:27:34,11,NIE,,
j-2025,14,18.11.2025,18.11.2025 12:37:07,101,159,Podlaskie,189,Psychiatria,2025/039125,Rezydencki,85.17,3.84,08.10.2025 12:22:37,11,NIE,,
j-2025,14,18.11.2025,18.11.2025 12:37:07,101,159,Podlaskie,190,Psychiatria,2025/038738,Rezydencki,84.06,3.67,30.09.2025 23:33:35,11,NIE,,
j-2025,14,18.11.2025,18.11.2025 12:37:07,101,159,Podlaskie,191,Psychiatria dzieci i młodzieży,2025/031358,Rezydencki,87.92,4.27,07.10.2025 12:10:10,1,NIE,,
j-2025,14,18.11.2025,18.11.2025 12:37:07,101,159,Podlaskie,192,Psychiatria dzieci i młodzieży,2025/040655,Pozarezydencki,80.00,3.56,09.10.2025 22:44:39,4,NIE,,
j-2025,14,18.11.2025,18.11.2025 12:37:07,101,159,Podlaskie,193,Psychiatria dzieci i młodzieży,2025/028495,Pozarezydencki,70.91,3.54,13.10.2025 14:29:26,4,NIE,,
j-2025,14,18.11.2025,18.11.2025 12:37:07,101,159,Podlaskie,194,Psychiatria dzieci i młodzieży,2025/041951,Pozarezydencki,70.91,0.00,13.10.2025 14:16:41,4,NIE,,
j-2025,14,18.11.2025,18.11.2025 12:37:07,101,159,Podlaskie,195,Psychiatria dzieci i młodzieży,2025/032757,Pozarezydencki,63.64,4.61,13.10.2025 15:38:59,4,NIE,,
j-2025,14,18.11.2025,18.11.2025 12:37:07,101,159,Podlaskie,196,Radiologia i diagnostyka obrazowa,2025/039400,Rezydencki,93.30,4.75,30.09.2025 09:08:06,4,NIE,,
j-2025,14,18.11.2025,18.11.2025 12:37:07,101,159,Podlaskie,197,Radiologia i diagnostyka obrazowa,2025/037750,Rezydencki,92.82,4.79,30.09.2025 16:51:21,4,NIE,,
j-2025,14,18.11.2025,18.11.2025 12:37:07,101,159,Podlaskie,198,Radiologia i diagnostyka obrazowa,2025/029140,Rezydencki,90.91,4.44,30.09.2025 21:51:27,4,NIE,,
j-2025,14,18.11.2025,18.11.2025 12:37:07,101,159,Podlaskie,199,Radiologia i diagnostyka obrazowa,2025/028463,Rezydencki,90.34,4.58,01.09.2025 14:23:18,4,NIE,,
j-2025,14,18.11.2025,18.11.2025 12:37:07,101,159,Podlaskie,200,Radiologia i diagnostyka obrazowa,2025/028487,Pozarezydencki,85.98,4.31,09.09.2025 18:27:36,10,NIE,,
j-2025,14,18.11.2025,18.11.2025 12:37:07,101,159,Podlaskie,201,Radiologia i diagnostyka obrazowa,2025/039743,Pozarezydencki,84.02,4.24,30.09.2025 20:58:54,10,NIE,,
j-2025,14,18.11.2025,18.11.2025 12:37:07,101,159,Podlaskie,202,Radiologia i diagnostyka obrazowa,2025/032360,Pozarezydencki,83.56,3.96,30.09.2025 13:26:02,10,NIE,,
j-2025,14,18.11.2025,18.11.2025 12:37:07,101,159,Podlaskie,203,Radiologia i diagnostyka obrazowa,2025/030655,Pozarezydencki,83.33,4.22,30.09.2025 00:16:40,10,NIE,,
j-2025,14,18.11.2025,18.11.2025 12:37:07,101,159,Podlaskie,204,Radiologia i diagnostyka obrazowa,2025/038174,Pozarezydencki,82.65,0.00,30.09.2025 11:58:19,10,NIE,,
j-2025,14,18.11.2025,18.11.2025 12:37:07,101,159,Podlaskie,205,Radiologia i diagnostyka obrazowa,2025/028933,Pozarezydencki,81.36,3.34,29.09.2025 23:42:30,10,NIE,,
j-2025,14,18.11.2025,18.11.2025 12:37:07,101,159,Podlaskie,206,Radiologia i diagnostyka obrazowa,2025/041409,Pozarezydencki,78.08,4.80,09.10.2025 18:49:25,10,NIE,,
j-2025,14,18.11.2025,18.11.2025 12:37:07,101,159,Podlaskie,207,Radiologia i diagnostyka obrazowa,2025/042813,Pozarezydencki,77.17,3.53,10.10.2025 13:30:31,10,NIE,,
j-2025,14,18.11.2025,18.11.2025 12:37:07,101,159,Podlaskie,208,Radiologia i diagnostyka obrazowa,2025/031532,Pozarezydencki,73.52,3.91,30.09.2025 16:21:01,10,NIE,,
j-2025,14,18.11.2025,18.11.2025 12:37:07,101,159,Podlaskie,209,Radiologia i diagnostyka obrazowa,2025/041300,Pozarezydencki,56.62,4.06,16.10.2025 16:58:51,10,NIE,,
j-2025,14,18.11.2025,18.11.2025 12:37:07,101,159,Podlaskie,210,Radioterapia onkologiczna,2025/041196,Rezydencki,86.12,4.13,30.09.2025 22:46:01,1,NIE,,
j-2025,14,18.11.2025,18.11.2025 12:37:07,101,159,Podlaskie,211,Rehabilitacja medyczna,2025/037554,Rezydencki,76.33,3.50,07.10.2025 12:20:12,3,NIE,,
j-2025,14,18.11.2025,18.11.2025 12:37:07,101,159,Podlaskie,212,Rehabilitacja medyczna,2025/042210,Rezydencki,74.40,0.00,30.09.2025 13:31:47,3,NIE,,
j-2025,14,18.11.2025,18.11.2025 12:37:07,101,159,Podlaskie,213,Rehabilitacja medyczna,2025/037199,Rezydencki,67.22,3.33,30.09.2025 20:32:18,3,NIE,,
j-2025,14,18.11.2025,18.11.2025 12:37:07,101,159,Podlaskie,214,Rehabilitacja medyczna,2025/034738,Pozarezydencki,63.30,3.55,16.10.2025 20:36:23,1,NIE,,
j-2025,14,18.11.2025,18.11.2025 12:37:07,101,159,Podlaskie,215,Stomatologia dziecięca,2025/033705,Rezydencki,83.17,4.31,08.10.2025 11:02:03,1,NIE,,
j-2025,14,18.11.2025,18.11.2025 12:37:07,101,159,Podlaskie,216,Stomatologia dziecięca,2025/041609,Pozarezydencki,72.81,3.59,10.10.2025 23:58:54,1,NIE,,
j-2025,14,18.11.2025,18.11.2025 12:37:07,102,159,Podlaskie,217,Stomatologia zachowawcza z endodoncją,2025/034266,Rezydencki,84.13,4.04,07.10.2025 16:33:20,16,NIE,,
j-2025,14,18.11.2025,18.11.2025 12:37:07,102,159,Podlaskie,218,Stomatologia zachowawcza z endodoncją,2025/031687,Rezydencki,83.09,3.52,05.10.2025 19:32:38,16,NIE,,
j-2025,14,18.11.2025,18.11.2025 12:37:07,102,159,Podlaskie,219,Stomatologia zachowawcza z endodoncją,2025/039521,Rezydencki,82.61,3.68,29.09.2025 19:34:05,16,NIE,,
j-2025,14,18.11.2025,18.11.2025 12:37:07,102,159,Podlaskie,220,Stomatologia zachowawcza z endodoncją,2025/033010,Rezydencki,80.77,3.96,15.09.2025 11:16:16,16,NIE,,
j-2025,14,18.11.2025,18.11.2025 12:37:07,102,159,Podlaskie,221,Stomatologia zachowawcza z endodoncją,2025/033603,Rezydencki,77.40,4.08,16.09.2025 19:58:17,16,NIE,,
j-2025,14,18.11.2025,18.11.2025 12:37:07,102,159,Podlaskie,222,Stomatologia zachowawcza z endodoncją,2025/041835,Rezydencki,77.40,4.04,30.09.2025 08:38:01,16,NIE,,
j-2025,14,18.11.2025,18.11.2025 12:37:07,102,159,Podlaskie,223,Stomatologia zachowawcza z endodoncją,2025/034023,Rezydencki,77.16,3.86,06.10.2025 19:51:28,16,NIE,,
j-2025,14,18.11.2025,18.11.2025 12:37:07,102,159,Podlaskie,224,Stomatologia zachowawcza z endodoncją,2025/039114,Rezydencki,76.44,3.94,29.09.2025 20:31:52,16,NIE,,
j-2025,14,18.11.2025,18.11.2025 12:37:07,102,159,Podlaskie,225,Stomatologia zachowawcza z endodoncją,2025/035596,Rezydencki,74.04,3.92,06.10.2025 17:44:39,16,NIE,,
j-2025,14,18.11.2025,18.11.2025 12:37:07,102,159,Podlaskie,226,Stomatologia zachowawcza z endodoncją,2025/030836,Rezydencki,73.79,3.20,05.10.2025 21:52:28,16,NIE,,
j-2025,14,18.11.2025,18.11.2025 12:37:07,102,159,Podlaskie,227,Stomatologia zachowawcza z endodoncją,2025/033602,Rezydencki,73.33,3.68,16.09.2025 19:55:02,16,NIE,,
j-2025,14,18.11.2025,18.11.2025 12:37:07,102,159,Podlaskie,228,Stomatologia zachowawcza z endodoncją,2025/039116,Rezydencki,72.86,3.69,29.09.2025 21:14:42,16,NIE,,
j-2025,14,18.11.2025,18.11.2025 12:37:07,102,159,Podlaskie,229,Stomatologia zachowawcza z endodoncją,2025/033985,Rezydencki,68.75,3.63,29.09.2025 21:35:51,16,NIE,,
j-2025,14,18.11.2025,18.11.2025 12:37:07,102,159,Podlaskie,230,Stomatologia zachowawcza z endodoncją,2025/032443,Rezydencki,68.27,3.67,10.10.2025 12:48:43,16,NIE,,
j-2025,14,18.11.2025,18.11.2025 12:37:07,102,159,Podlaskie,231,Stomatologia zachowawcza z endodoncją,2025/039969,Rezydencki,60.10,3.79,06.10.2025 22:10:55,16,NIE,,
j-2025,14,18.11.2025,18.11.2025 12:37:07,102,159,Podlaskie,232,Stomatologia zachowawcza z endodoncją,2025/032497,Rezydencki,57.00,3.11,28.09.2025 20:03:42,16,NIE,,
j-2025,14,18.11.2025,18.11.2025 12:37:07,102,159,Podlaskie,233,Transfuzjologia kliniczna,2025/030580,Pozarezydencki,57.80,3.22,08.10.2025 14:23:17,1,NIE,,
j-2025,14,18.11.2025,18.11.2025 12:37:07,102,159,Podlaskie,234,Transplantologia kliniczna,2025/040261,Pozarezydencki,91.09,0.00,11.10.2025 10:01:27,3,NIE,,
j-2025,14,18.11.2025,18.11.2025 12:37:07,102,159,Podlaskie,235,Transplantologia kliniczna,2025/033782,Pozarezydencki,81.57,4.65,10.10.2025 16:34:18,3,NIE,,
j-2025,14,18.11.2025,18.11.2025 12:37:07,102,159,Podlaskie,236,Transplantologia kliniczna,2025/028746,Pozarezydencki,75.45,0.00,08.10.2025 12:37:06,3,NIE,,
j-2025,14,18.11.2025,18.11.2025 12:37:07,102,159,Podlaskie,237,Urologia,2025/040478,Rezydencki,89.47,4.20,30.09.2025 09:55:30,2,NIE,,
j-2025,14,18.11.2025,18.11.2025 12:37:07,102,159,Podlaskie,238,Urologia,2025/028907,Rezydencki,89.00,4.38,30.09.2025 22:31:57,2,NIE,,
j-2025,14,18.11.2025,18.11.2025 12:37:07,102,159,Podlaskie,1,Stomatologia zachowawcza z endodoncją,2025/036389,Rezydencki,73.08,3.87,06.10.2025 22:49:19,1,TAK,Specjalistyczna Lecznica Stomatologiczna Uniwersytetu Medycznego w Białymstoku Sp. z o.o.,"Poradnia Stomatologii Zachowawczej (Białystok, ul. M. Curie-Skłodowskiej 24 A), Pradnia Stomatologii Zachowawczej (Białystok, ul. Jerzego Waszyngtona 15 A), Poradnia Stomatologiczna Konsultacyjna (Białystok. ul. Waszyngtona 15A)"
j-2025,14,18.11.2025,18.11.2025 12:37:07,102,159,Podlaskie,1,Urologia,2025/030873,Rezydencki,84.78,4.63,21.09.2025 20:29:34,1,TAK,Uniwersytecki Szpital Kliniczny w Białymstoku,Klinika Urologii i Urologii Onkologicznej
j-2025,14,18.11.2025,18.11.2025 12:37:07,102,159,Podlaskie,1,Chirurgia naczyniowa,2025/032578,Rezydencki,80.71,3.47,27.09.2025 18:36:19,1,TAK,Uniwersytecki Szpital Kliniczny w Białymstoku,Klinika Chirurgii Naczyń i Transplantacji
j-2025,14,18.11.2025,18.11.2025 12:37:07,103,159,Podlaskie,1,Chirurgia ogólna,2025/041348,Rezydencki,73.43,4.05,30.09.2025 20:21:24,1,TAK,Status dokumentu Opublikowanie wyników,"Uniwersytecki Szpital Kliniczny w Białymstoku II Klinika Chirurgii Ogólnej, Gastroenterologicznej i Onkologicznej"
j-2025,14,18.11.2025,18.11.2025 12:37:07,103,159,Podlaskie,1,Kardiologia,2025/038087,Rezydencki,79.19,3.97,30.09.2025 22:02:08,3,TAK,Uniwersytecki Szpital Kliniczny w Białymstoku,Klinika Kardiologii i Chorób Wewnętrznych z OINK
j-2025,14,18.11.2025,18.11.2025 12:37:07,103,159,Podlaskie,1,Endokrynologia,2025/028854,Rezydencki,88.76,4.14,13.10.2025 10:22:21,1,TAK,Uniwersytecki Szpital Kliniczny w Białymstoku,"Klinika Endokrynologii, Diabetologii i Chorób Wewnętrznych"
j-2025,14,18.11.2025,18.11.2025 12:37:07,103,159,Podlaskie,1,Kardiologia,2025/036175,Rezydencki,76.81,3.82,23.09.2025 18:32:33,3,TAK,Uniwersytecki Szpital Kliniczny w Białymstoku,"Klinika Kardiologii Inwazyjnej, Chorób Wewnętrznych z OIOK i Pracownią Hemodynamiki"
j-2025,14,18.11.2025,18.11.2025 12:37:07,103,159,Podlaskie,2,Kardiologia,2025/036066,Rezydencki,68.60,3.48,23.09.2025 16:00:25,3,TAK,Uniwersytecki Szpital Kliniczny w Białymstoku,"Klinika Kardiologii Inwazyjnej, Chorób Wewnętrznych z OIOK i Pracownią Hemodynamiki"
j-2025,14,18.11.2025,18.11.2025 12:37:07,103,159,Podlaskie,1,Neurochirurgia,2025/029699,Rezydencki,79.71,3.61,05.09.2025 20:21:33,1,TAK,Uniwersytecki Szpital Kliniczny w Białymstoku,Klinika Neurochirurgii
j-2025,14,18.11.2025,18.11.2025 12:37:07,103,159,Pomorskie,1,Alergologia,2025/037490,Rezydencki,85.89,4.17,30.09.2025 05:12:16,1,NIE,,
j-2025,14,18.11.2025,18.11.2025 12:37:07,103,159,Pomorskie,2,Alergologia,2025/029399,Pozarezydencki,81.45,3.89,17.10.2025 09:38:46,1,NIE,,
j-2025,14,18.11.2025,18.11.2025 12:37:07,103,159,Pomorskie,3,Anestezjologia i intensywna terapia,2025/040065,Rezydencki,92.34,4.57,30.09.2025 20:38:58,6,NIE,,
j-2025,14,18.11.2025,18.11.2025 12:37:07,103,159,Pomorskie,4,Anestezjologia i intensywna terapia,2025/031484,Rezydencki,90.19,4.24,30.09.2025 09:06:34,6,NIE,,
j-2025,14,18.11.2025,18.11.2025 12:37:07,103,159,Pomorskie,5,Anestezjologia i intensywna terapia,2025/029020,Rezydencki,89.86,3.90,02.10.2025 10:20:31,6,NIE,,
j-2025,14,18.11.2025,18.11.2025 12:37:07,103,159,Pomorskie,6,Anestezjologia i intensywna terapia,2025/031909,Rezydencki,89.71,3.86,07.10.2025 13:01:56,6,NIE,,
j-2025,14,18.11.2025,18.11.2025 12:37:07,103,159,Pomorskie,7,Anestezjologia i intensywna terapia,2025/031628,Rezydencki,89.61,4.63,26.09.2025 17:57:23,6,NIE,,
j-2025,14,18.11.2025,18.11.2025 12:37:07,103,159,Pomorskie,8,Anestezjologia i intensywna terapia,2025/037672,Rezydencki,89.23,3.63,15.10.2025 13:23:19,6,NIE,,
j-2025,14,18.11.2025,18.11.2025 12:37:07,103,159,Pomorskie,9,Angiologia,2025/031731,Pozarezydencki,70.91,0.00,21.10.2025 23:42:41,1,NIE,,
j-2025,14,18.11.2025,18.11.2025 12:37:07,103,159,Pomorskie,10,Audiologia i foniatria,2025/037668,Pozarezydencki,83.86,3.41,08.10.2025 22:27:16,4,NIE,,
j-2025,14,18.11.2025,18.11.2025 12:37:07,103,159,Pomorskie,11,Audiologia i foniatria,2025/031309,Pozarezydencki,79.09,2.80,07.10.2025 20:10:17,4,NIE,,
j-2025,14,18.11.2025,18.11.2025 12:37:07,103,159,Pomorskie,12,Audiologia i foniatria,2025/037669,Pozarezydencki,64.55,0.00,07.10.2025 15:53:32,4,NIE,,
j-2025,14,18.11.2025,18.11.2025 12:37:07,103,159,Pomorskie,13,Audiologia i foniatria,2025/033039,Pozarezydencki,59.63,0.00,06.10.2025 22:00:55,4,NIE,,
j-2025,14,18.11.2025,18.11.2025 12:37:07,103,159,Pomorskie,14,Chirurgia dziecięca,2025/032852,Rezydencki,88.81,4.17,24.09.2025 16:40:34,4,NIE,,
j-2025,14,18.11.2025,18.11.2025 12:37:07,103,159,Pomorskie,15,Chirurgia dziecięca,2025/041274,Rezydencki,84.88,4.48,30.09.2025 19:22:47,4,NIE,,
j-2025,14,18.11.2025,18.11.2025 12:37:07,103,159,Pomorskie,16,Chirurgia dziecięca,2025/039169,Rezydencki,84.21,4.02,28.09.2025 00:13:55,4,NIE,,
j-2025,14,18.11.2025,18.11.2025 12:37:07,104,159,Pomorskie,17,Chirurgia dziecięca,2025/039146,Rezydencki,84.06,4.82,27.09.2025 22:24:19,4,NIE,,
j-2025,14,18.11.2025,18.11.2025 12:37:07,104,159,Pomorskie,18,Chirurgia klatki piersiowej,2025/041156,Pozarezydencki,60.75,3.32,29.09.2025 20:33:37,1,NIE,,
j-2025,14,18.11.2025,18.11.2025 12:37:07,104,159,Pomorskie,19,Chirurgia naczyniowa,2025/030124,Pozarezydencki,75.46,0.00,13.10.2025 21:53:53,1,NIE,,
j-2025,14,18.11.2025,18.11.2025 12:37:07,104,159,Pomorskie,20,Chirurgia ogólna,2025/037763,Rezydencki,88.57,3.87,29.09.2025 14:36:47,10,NIE,,
j-2025,14,18.11.2025,18.11.2025 12:37:07,104,159,Pomorskie,21,Chirurgia ogólna,2025/040964,Rezydencki,86.12,4.00,13.10.2025 10:05:53,10,NIE,,
j-2025,14,18.11.2025,18.11.2025 12:37:07,104,159,Pomorskie,22,Chirurgia ogólna,2025/030306,Rezydencki,84.78,3.60,21.09.2025 21:29:10,10,NIE,,
j-2025,14,18.11.2025,18.11.2025 12:37:07,104,159,Pomorskie,23,Chirurgia ogólna,2025/030405,Rezydencki,84.54,4.50,10.10.2025 14:16:05,10,NIE,,
j-2025,14,18.11.2025,18.11.2025 12:37:07,104,159,Pomorskie,24,Chirurgia ogólna,2025/029607,Rezydencki,84.31,3.54,02.09.2025 17:28:08,10,NIE,,
j-2025,14,18.11.2025,18.11.2025 12:37:07,104,159,Pomorskie,25,Chirurgia ogólna,2025/039131,Rezydencki,80.95,3.37,15.10.2025 23:10:07,10,NIE,,
j-2025,14,18.11.2025,18.11.2025 12:37:07,104,159,Pomorskie,26,Chirurgia ogólna,2025/033186,Rezydencki,77.99,3.21,18.10.2025 08:58:13,10,NIE,,
j-2025,14,18.11.2025,18.11.2025 12:37:07,104,159,Pomorskie,27,Chirurgia ogólna,2025/036750,Rezydencki,76.56,3.64,10.10.2025 16:18:31,10,NIE,,
j-2025,14,18.11.2025,18.11.2025 12:37:07,104,159,Pomorskie,28,Chirurgia ogólna,2025/039821,Rezydencki,74.40,3.43,28.09.2025 21:40:32,10,NIE,,
j-2025,14,18.11.2025,18.11.2025 12:37:07,104,159,Pomorskie,29,Chirurgia ogólna,2025/037784,Rezydencki,70.48,3.16,03.10.2025 14:18:41,10,NIE,,
j-2025,14,18.11.2025,18.11.2025 12:37:07,104,159,Pomorskie,30,Chirurgia onkologiczna,2025/028410,Rezydencki,86.76,3.89,23.09.2025 23:18:36,8,NIE,,
j-2025,14,18.11.2025,18.11.2025 12:37:07,104,159,Pomorskie,31,Chirurgia onkologiczna,2025/037475,Rezydencki,86.60,3.54,30.09.2025 20:21:40,8,NIE,,
j-2025,14,18.11.2025,18.11.2025 12:37:07,104,159,Pomorskie,32,Chirurgia onkologiczna,2025/036238,Rezydencki,85.17,4.23,06.10.2025 13:40:24,8,NIE,,
j-2025,14,18.11.2025,18.11.2025 12:37:07,104,159,Pomorskie,33,Chirurgia onkologiczna,2025/037123,Rezydencki,83.81,4.13,29.09.2025 17:33:57,8,NIE,,
j-2025,14,18.11.2025,18.11.2025 12:37:07,104,159,Pomorskie,34,Chirurgia onkologiczna,2025/036146,Rezydencki,83.25,3.76,19.10.2025 18:02:13,8,NIE,,
j-2025,14,18.11.2025,18.11.2025 12:37:07,104,159,Pomorskie,35,Chirurgia onkologiczna,2025/033632,Rezydencki,82.06,3.58,15.10.2025 18:10:15,8,NIE,,
j-2025,14,18.11.2025,18.11.2025 12:37:07,104,159,Pomorskie,36,Chirurgia onkologiczna,2025/039652,Rezydencki,81.34,4.18,09.10.2025 18:04:10,8,NIE,,
j-2025,14,18.11.2025,18.11.2025 12:37:07,104,159,Pomorskie,37,Chirurgia onkologiczna,2025/038529,Rezydencki,79.43,3.85,08.10.2025 12:23:27,8,NIE,,
j-2025,14,18.11.2025,18.11.2025 12:37:07,104,159,Pomorskie,38,Chirurgia onkologiczna,2025/032237,Pozarezydencki,75.68,3.61,06.10.2025 21:52:35,1,NIE,,
j-2025,14,18.11.2025,18.11.2025 12:37:07,104,159,Pomorskie,39,Chirurgia stomatologiczna,2025/035432,Rezydencki,87.50,4.44,22.09.2025 17:10:28,1,NIE,,
j-2025,14,18.11.2025,18.11.2025 12:37:07,104,159,Pomorskie,40,Chirurgia stomatologiczna,2025/028648,Pozarezydencki,79.00,3.75,07.10.2025 13:37:17,4,NIE,,
j-2025,14,18.11.2025,18.11.2025 12:37:07,104,159,Pomorskie,41,Chirurgia stomatologiczna,2025/033618,Pozarezydencki,78.54,3.13,15.10.2025 17:28:43,4,NIE,,
j-2025,14,18.11.2025,18.11.2025 12:37:07,104,159,Pomorskie,42,Chirurgia stomatologiczna,2025/031411,Pozarezydencki,78.01,4.34,09.09.2025 00:14:05,4,NIE,,
j-2025,14,18.11.2025,18.11.2025 12:37:07,104,159,Pomorskie,43,Chirurgia stomatologiczna,2025/033938,Pozarezydencki,77.17,4.07,16.10.2025 15:36:04,4,NIE,,
j-2025,14,18.11.2025,18.11.2025 12:37:07,104,159,Pomorskie,44,Chirurgia szczękowo-twarzowa,2025/028747,Rezydencki,86.54,4.12,01.09.2025 13:31:35,3,NIE,,
j-2025,14,18.11.2025,18.11.2025 12:37:07,104,159,Pomorskie,45,Chirurgia szczękowo-twarzowa,2025/041254,Rezydencki,85.17,3.74,08.10.2025 14:49:56,3,NIE,,
j-2025,14,18.11.2025,18.11.2025 12:37:07,104,159,Pomorskie,46,Chirurgia szczękowo-twarzowa,2025/034467,Rezydencki,84.52,3.52,09.10.2025 14:36:35,3,NIE,,
j-2025,14,18.11.2025,18.11.2025 12:37:07,104,159,Pomorskie,47,Choroby płuc,2025/041058,Rezydencki,88.52,4.33,09.10.2025 12:41:28,1,NIE,,
j-2025,14,18.11.2025,18.11.2025 12:37:07,104,159,Pomorskie,48,Choroby płuc,2025/030390,Pozarezydencki,89.09,3.23,29.10.2025 13:09:39,2,NIE,,
j-2025,14,18.11.2025,18.11.2025 12:37:07,104,159,Pomorskie,49,Choroby płuc,2025/040587,Pozarezydencki,83.11,3.79,30.09.2025 15:12:26,2,NIE,,
j-2025,14,18.11.2025,18.11.2025 12:37:07,104,159,Pomorskie,50,Choroby wewnętrzne,2025/041429,Rezydencki,89.86,3.96,30.09.2025 15:07:46,28,NIE,,
j-2025,14,18.11.2025,18.11.2025 12:37:07,104,159,Pomorskie,51,Choroby wewnętrzne,2025/040679,Rezydencki,89.13,4.06,29.09.2025 16:58:31,28,NIE,,
j-2025,14,18.11.2025,18.11.2025 12:37:07,104,159,Pomorskie,52,Choroby wewnętrzne,2025/038502,Rezydencki,89.00,4.31,09.10.2025 12:58:31,28,NIE,,
j-2025,14,18.11.2025,18.11.2025 12:37:07,105,159,Pomorskie,53,Choroby wewnętrzne,2025/038518,Rezydencki,89.00,3.99,13.10.2025 16:15:24,28,NIE,,
j-2025,14,18.11.2025,18.11.2025 12:37:07,105,159,Pomorskie,54,Choroby wewnętrzne,2025/034655,Rezydencki,88.52,4.17,30.09.2025 20:08:56,28,NIE,,
j-2025,14,18.11.2025,18.11.2025 12:37:07,105,159,Pomorskie,55,Choroby wewnętrzne,2025/036395,Rezydencki,88.04,4.23,30.09.2025 22:19:16,28,NIE,,
j-2025,14,18.11.2025,18.11.2025 12:37:07,105,159,Pomorskie,56,Choroby wewnętrzne,2025/036339,Rezydencki,87.80,4.47,30.09.2025 23:56:02,28,NIE,,
j-2025,14,18.11.2025,18.11.2025 12:37:07,105,159,Pomorskie,57,Choroby wewnętrzne,2025/035620,Rezydencki,87.56,4.10,09.10.2025 15:08:42,28,NIE,,
j-2025,14,18.11.2025,18.11.2025 12:37:07,105,159,Pomorskie,58,Choroby wewnętrzne,2025/040306,Rezydencki,86.96,4.00,29.09.2025 21:21:51,28,NIE,,
j-2025,14,18.11.2025,18.11.2025 12:37:07,105,159,Pomorskie,59,Choroby wewnętrzne,2025/040373,Rezydencki,86.12,3.82,13.10.2025 10:29:16,28,NIE,,
j-2025,14,18.11.2025,18.11.2025 12:37:07,105,159,Pomorskie,60,Choroby wewnętrzne,2025/040457,Rezydencki,85.51,3.86,30.09.2025 12:28:09,28,NIE,,
j-2025,14,18.11.2025,18.11.2025 12:37:07,105,159,Pomorskie,61,Choroby wewnętrzne,2025/038903,Rezydencki,84.76,3.83,29.09.2025 16:54:49,28,NIE,,
j-2025,14,18.11.2025,18.11.2025 12:37:07,105,159,Pomorskie,62,Choroby wewnętrzne,2025/028685,Rezydencki,84.21,4.47,15.10.2025 10:00:36,28,NIE,,
j-2025,14,18.11.2025,18.11.2025 12:37:07,105,159,Pomorskie,63,Choroby wewnętrzne,2025/030778,Rezydencki,83.81,3.68,28.09.2025 22:25:41,28,NIE,,
j-2025,14,18.11.2025,18.11.2025 12:37:07,105,159,Pomorskie,64,Choroby wewnętrzne,2025/043413,Rezydencki,83.81,3.59,30.09.2025 23:58:24,28,NIE,,
j-2025,14,18.11.2025,18.11.2025 12:37:07,105,159,Pomorskie,65,Choroby wewnętrzne,2025/031023,Rezydencki,82.61,3.85,08.09.2025 06:09:40,28,NIE,,
j-2025,14,18.11.2025,18.11.2025 12:37:07,105,159,Pomorskie,66,Choroby wewnętrzne,2025/038599,Rezydencki,82.13,4.06,16.10.2025 18:09:49,28,NIE,,
j-2025,14,18.11.2025,18.11.2025 12:37:07,105,159,Pomorskie,67,Choroby wewnętrzne,2025/036767,Rezydencki,80.38,3.79,10.10.2025 13:58:27,28,NIE,,
j-2025,14,18.11.2025,18.11.2025 12:37:07,105,159,Pomorskie,68,Choroby wewnętrzne,2025/038002,Rezydencki,80.38,3.72,30.09.2025 19:50:01,28,NIE,,
j-2025,14,18.11.2025,18.11.2025 12:37:07,105,159,Pomorskie,69,Choroby wewnętrzne,2025/033182,Rezydencki,79.90,3.87,09.10.2025 11:40:07,28,NIE,,
j-2025,14,18.11.2025,18.11.2025 12:37:07,105,159,Pomorskie,70,Choroby wewnętrzne,2025/037870,Rezydencki,78.47,4.44,29.09.2025 21:34:02,28,NIE,,
j-2025,14,18.11.2025,18.11.2025 12:37:07,105,159,Pomorskie,71,Choroby wewnętrzne,2025/040799,Rezydencki,76.67,4.08,29.09.2025 17:40:01,28,NIE,,
j-2025,14,18.11.2025,18.11.2025 12:37:07,105,159,Pomorskie,72,Choroby wewnętrzne,2025/036880,Rezydencki,76.56,3.69,30.09.2025 12:18:17,28,NIE,,
j-2025,14,18.11.2025,18.11.2025 12:37:07,105,159,Pomorskie,73,Choroby wewnętrzne,2025/040503,Rezydencki,75.60,4.19,10.10.2025 19:04:25,28,NIE,,
j-2025,14,18.11.2025,18.11.2025 12:37:07,105,159,Pomorskie,74,Choroby wewnętrzne,2025/034385,Rezydencki,74.76,3.55,19.09.2025 13:38:28,28,NIE,,
j-2025,14,18.11.2025,18.11.2025 12:37:07,105,159,Pomorskie,75,Choroby wewnętrzne,2025/042587,Rezydencki,70.10,3.61,13.10.2025 20:14:34,28,NIE,,
j-2025,14,18.11.2025,18.11.2025 12:37:07,105,159,Pomorskie,76,Choroby wewnętrzne,2025/034943,Rezydencki,67.46,3.61,30.09.2025 11:22:44,28,NIE,,
j-2025,14,18.11.2025,18.11.2025 12:37:07,105,159,Pomorskie,77,Choroby wewnętrzne,2025/038821,Rezydencki,63.16,3.83,06.10.2025 10:11:10,28,NIE,,
j-2025,14,18.11.2025,18.11.2025 12:37:07,105,159,Pomorskie,78,Choroby zakaźne,2025/031173,Rezydencki,90.00,4.17,26.09.2025 18:55:18,5,NIE,,
j-2025,14,18.11.2025,18.11.2025 12:37:07,105,159,Pomorskie,79,Choroby zakaźne,2025/038860,Rezydencki,88.76,4.40,09.10.2025 20:26:26,5,NIE,,
j-2025,14,18.11.2025,18.11.2025 12:37:07,105,159,Pomorskie,80,Choroby zakaźne,2025/039822,Rezydencki,85.17,3.50,30.09.2025 22:45:23,5,NIE,,
j-2025,14,18.11.2025,18.11.2025 12:37:07,105,159,Pomorskie,81,Choroby zakaźne,2025/032951,Rezydencki,83.97,3.64,30.09.2025 23:35:37,5,NIE,,
j-2025,14,18.11.2025,18.11.2025 12:37:07,105,159,Pomorskie,82,Choroby zakaźne,2025/039915,Rezydencki,79.90,3.90,10.10.2025 15:51:23,5,NIE,,
j-2025,14,18.11.2025,18.11.2025 12:37:07,105,159,Pomorskie,83,Dermatologia i wenerologia,2025/031375,Rezydencki,94.26,4.73,16.10.2025 12:31:26,2,NIE,,
j-2025,14,18.11.2025,18.11.2025 12:37:07,105,159,Pomorskie,84,Dermatologia i wenerologia,2025/038891,Rezydencki,94.26,3.77,30.09.2025 21:31:46,2,NIE,,
j-2025,14,18.11.2025,18.11.2025 12:37:07,105,159,Pomorskie,85,Endokrynologia,2025/040083,Rezydencki,92.58,4.36,30.09.2025 15:04:13,2,NIE,,
j-2025,14,18.11.2025,18.11.2025 12:37:07,105,159,Pomorskie,86,Endokrynologia,2025/035542,Rezydencki,92.38,4.83,25.09.2025 19:50:45,2,NIE,,
j-2025,14,18.11.2025,18.11.2025 12:37:07,105,159,Pomorskie,87,Endokrynologia,2025/039993,Pozarezydencki,88.13,4.55,30.09.2025 23:34:15,2,NIE,,
j-2025,14,18.11.2025,18.11.2025 12:37:07,105,159,Pomorskie,88,Endokrynologia,2025/040469,Pozarezydencki,86.76,4.17,14.10.2025 10:41:14,2,NIE,,
j-2025,14,18.11.2025,18.11.2025 12:37:07,106,159,Pomorskie,89,Endokrynologia ginekologiczna i rozrodczość,2025/039482,Pozarezydencki,83.18,4.23,23.10.2025 09:54:13,2,NIE,,
j-2025,14,18.11.2025,18.11.2025 12:37:07,106,159,Pomorskie,90,Endokrynologia ginekologiczna i rozrodczość,2025/040181,Pozarezydencki,80.00,4.14,29.09.2025 10:02:30,2,NIE,,
j-2025,14,18.11.2025,18.11.2025 12:37:07,106,159,Pomorskie,91,Endokrynologia i diabetologia dziecięca,2025/031289,Pozarezydencki,80.00,3.83,09.10.2025 17:27:06,1,NIE,,
j-2025,14,18.11.2025,18.11.2025 12:37:07,106,159,Pomorskie,92,Geriatria,2025/036734,Rezydencki,75.85,4.73,07.10.2025 20:32:41,2,NIE,,
j-2025,14,18.11.2025,18.11.2025 12:37:07,106,159,Pomorskie,93,Geriatria,2025/033251,Rezydencki,59.42,3.93,14.10.2025 15:28:24,2,NIE,,
j-2025,14,18.11.2025,18.11.2025 12:37:07,106,159,Pomorskie,94,Geriatria,2025/030751,Pozarezydencki,73.39,4.17,14.10.2025 19:22:11,1,NIE,,
j-2025,14,18.11.2025,18.11.2025 12:37:07,106,159,Pomorskie,95,Ginekologia onkologiczna,2025/039181,Pozarezydencki,75.80,3.13,14.10.2025 20:47:32,1,NIE,,
j-2025,14,18.11.2025,18.11.2025 12:37:07,106,159,Pomorskie,96,Hematologia,2025/041735,Rezydencki,87.25,3.77,07.10.2025 12:33:11,12,NIE,,
j-2025,14,18.11.2025,18.11.2025 12:37:07,106,159,Pomorskie,97,Hematologia,2025/037539,Rezydencki,87.08,4.07,03.10.2025 18:00:52,12,NIE,,
j-2025,14,18.11.2025,18.11.2025 12:37:07,106,159,Pomorskie,98,Hematologia,2025/031458,Rezydencki,86.96,4.61,09.09.2025 10:23:41,12,NIE,,
j-2025,14,18.11.2025,18.11.2025 12:37:07,106,159,Pomorskie,99,Hematologia,2025/034033,Rezydencki,84.21,3.55,30.09.2025 23:21:46,12,NIE,,
j-2025,14,18.11.2025,18.11.2025 12:37:07,106,159,Pomorskie,100,Hematologia,2025/038996,Rezydencki,83.25,3.84,30.09.2025 19:54:51,12,NIE,,
j-2025,14,18.11.2025,18.11.2025 12:37:07,106,159,Pomorskie,101,Hematologia,2025/034630,Rezydencki,83.25,3.63,09.10.2025 20:46:22,12,NIE,,
j-2025,14,18.11.2025,18.11.2025 12:37:07,106,159,Pomorskie,102,Hematologia,2025/036869,Rezydencki,83.25,3.56,17.10.2025 11:39:27,12,NIE,,
j-2025,14,18.11.2025,18.11.2025 12:37:07,106,159,Pomorskie,103,Hematologia,2025/037057,Rezydencki,81.43,3.67,13.10.2025 19:20:49,12,NIE,,
j-2025,14,18.11.2025,18.11.2025 12:37:07,106,159,Pomorskie,104,Hematologia,2025/040886,Rezydencki,74.64,3.63,20.10.2025 22:45:44,12,NIE,,
j-2025,14,18.11.2025,18.11.2025 12:37:07,106,159,Pomorskie,105,Hematologia,2025/028594,Rezydencki,71.98,3.89,17.10.2025 15:07:02,12,NIE,,
j-2025,14,18.11.2025,18.11.2025 12:37:07,106,159,Pomorskie,106,Hematologia,2025/040052,Rezydencki,70.00,3.83,30.09.2025 22:14:24,12,NIE,,
j-2025,14,18.11.2025,18.11.2025 12:37:07,106,159,Pomorskie,107,Hematologia,2025/043204,Rezydencki,65.07,3.33,30.09.2025 22:32:19,12,NIE,,
j-2025,14,18.11.2025,18.11.2025 12:37:07,106,159,Pomorskie,108,Hipertensjologia,2025/030128,Pozarezydencki,83.41,4.99,15.09.2025 11:31:18,1,NIE,,
j-2025,14,18.11.2025,18.11.2025 12:37:07,106,159,Pomorskie,109,Immunologia kliniczna,2025/039800,Rezydencki,70.05,3.99,30.09.2025 22:36:09,1,NIE,,
j-2025,14,18.11.2025,18.11.2025 12:37:07,106,159,Pomorskie,110,Kardiochirurgia,2025/032801,Rezydencki,90.58,4.50,10.10.2025 15:12:03,1,NIE,,
j-2025,14,18.11.2025,18.11.2025 12:37:07,106,159,Pomorskie,111,Kardiologia,2025/030361,Rezydencki,92.27,4.53,27.09.2025 09:40:33,12,NIE,,
j-2025,14,18.11.2025,18.11.2025 12:37:07,106,159,Pomorskie,112,Kardiologia,2025/029535,Rezydencki,91.79,4.66,26.09.2025 17:25:36,12,NIE,,
j-2025,14,18.11.2025,18.11.2025 12:37:07,106,159,Pomorskie,113,Kardiologia,2025/036196,Rezydencki,91.39,4.30,25.09.2025 13:59:41,12,NIE,,
j-2025,14,18.11.2025,18.11.2025 12:37:07,106,159,Pomorskie,114,Kardiologia,2025/042897,Rezydencki,91.15,4.16,30.09.2025 23:54:59,12,NIE,,
j-2025,14,18.11.2025,18.11.2025 12:37:07,106,159,Pomorskie,115,Kardiologia,2025/033970,Rezydencki,90.24,4.78,17.09.2025 20:06:26,12,NIE,,
j-2025,14,18.11.2025,18.11.2025 12:37:07,106,159,Pomorskie,116,Kardiologia,2025/038958,Rezydencki,89.95,4.16,30.09.2025 17:56:59,12,NIE,,
j-2025,14,18.11.2025,18.11.2025 12:37:07,106,159,Pomorskie,117,Kardiologia,2025/041711,Rezydencki,89.71,4.26,30.09.2025 21:49:17,12,NIE,,
j-2025,14,18.11.2025,18.11.2025 12:37:07,106,159,Pomorskie,118,Kardiologia,2025/028546,Rezydencki,89.71,4.09,13.10.2025 14:17:53,12,NIE,,
j-2025,14,18.11.2025,18.11.2025 12:37:07,106,159,Pomorskie,119,Kardiologia,2025/039698,Rezydencki,89.47,4.03,30.09.2025 17:33:32,12,NIE,,
j-2025,14,18.11.2025,18.11.2025 12:37:07,106,159,Pomorskie,120,Kardiologia,2025/039438,Rezydencki,89.47,3.63,08.10.2025 21:28:39,12,NIE,,
j-2025,14,18.11.2025,18.11.2025 12:37:07,106,159,Pomorskie,121,Kardiologia,2025/034644,Rezydencki,89.27,4.53,29.09.2025 09:25:23,12,NIE,,
j-2025,14,18.11.2025,18.11.2025 12:37:07,106,159,Pomorskie,122,Kardiologia,2025/033257,Rezydencki,89.27,4.27,30.09.2025 22:58:07,12,NIE,,
j-2025,14,18.11.2025,18.11.2025 12:37:07,106,159,Pomorskie,123,Kardiologia,2025/031955,Pozarezydencki,83.41,4.39,10.09.2025 19:10:56,5,NIE,,
j-2025,14,18.11.2025,18.11.2025 12:37:07,106,159,Pomorskie,124,Kardiologia,2025/039127,Pozarezydencki,82.19,3.97,30.09.2025 21:33:59,5,NIE,,
j-2025,14,18.11.2025,18.11.2025 12:37:07,107,159,Pomorskie,125,Kardiologia,2025/034953,Pozarezydencki,77.34,4.54,05.10.2025 21:06:59,5,NIE,,
j-2025,14,18.11.2025,18.11.2025 12:37:07,107,159,Pomorskie,126,Kardiologia,2025/039142,Pozarezydencki,66.36,3.39,09.10.2025 20:39:46,5,NIE,,
j-2025,14,18.11.2025,18.11.2025 12:37:07,107,159,Pomorskie,127,Kardiologia,2025/036473,Pozarezydencki,51.61,3.70,01.10.2025 14:30:22,5,NIE,,
j-2025,14,18.11.2025,18.11.2025 12:37:07,107,159,Pomorskie,128,Medycyna paliatywna,2025/037722,Rezydencki,73.91,3.51,04.10.2025 23:45:35,1,NIE,,
j-2025,14,18.11.2025,18.11.2025 12:37:07,107,159,Pomorskie,129,Medycyna paliatywna,2025/028647,Pozarezydencki,84.55,3.57,02.10.2025 08:42:35,4,NIE,,
j-2025,14,18.11.2025,18.11.2025 12:37:07,107,159,Pomorskie,130,Medycyna paliatywna,2025/037164,Pozarezydencki,80.00,0.00,11.10.2025 21:21:03,4,NIE,,
j-2025,14,18.11.2025,18.11.2025 12:37:07,107,159,Pomorskie,131,Medycyna paliatywna,2025/028790,Pozarezydencki,65.91,3.02,06.10.2025 14:23:30,4,NIE,,
j-2025,14,18.11.2025,18.11.2025 12:37:07,107,159,Pomorskie,132,Medycyna paliatywna,2025/031280,Pozarezydencki,61.82,3.24,03.10.2025 15:25:39,4,NIE,,
j-2025,14,18.11.2025,18.11.2025 12:37:07,107,159,Pomorskie,133,Medycyna pracy,2025/037964,Pozarezydencki,80.00,3.40,05.10.2025 17:29:41,1,NIE,,
j-2025,14,18.11.2025,18.11.2025 12:37:07,107,159,Pomorskie,134,Medycyna ratunkowa,2025/039995,Rezydencki,92.34,4.09,30.09.2025 21:20:18,7,NIE,,
j-2025,14,18.11.2025,18.11.2025 12:37:07,107,159,Pomorskie,135,Medycyna ratunkowa,2025/039088,Rezydencki,84.52,3.84,27.09.2025 20:22:21,7,NIE,,
j-2025,14,18.11.2025,18.11.2025 12:37:07,107,159,Pomorskie,136,Medycyna ratunkowa,2025/036289,Rezydencki,81.82,4.02,30.09.2025 22:38:02,7,NIE,,
j-2025,14,18.11.2025,18.11.2025 12:37:07,107,159,Pomorskie,137,Medycyna ratunkowa,2025/037706,Rezydencki,80.38,3.65,14.10.2025 14:18:04,7,NIE,,
j-2025,14,18.11.2025,18.11.2025 12:37:07,107,159,Pomorskie,138,Medycyna ratunkowa,2025/035371,Rezydencki,79.52,3.74,29.09.2025 13:51:41,7,NIE,,
j-2025,14,18.11.2025,18.11.2025 12:37:07,107,159,Pomorskie,139,Medycyna ratunkowa,2025/034482,Rezydencki,74.64,4.09,13.10.2025 13:18:37,7,NIE,,
j-2025,14,18.11.2025,18.11.2025 12:37:07,107,159,Pomorskie,140,Medycyna ratunkowa,2025/028896,Rezydencki,60.29,4.39,02.10.2025 21:55:11,7,NIE,,
j-2025,14,18.11.2025,18.11.2025 12:37:07,107,159,Pomorskie,141,Medycyna ratunkowa,2025/038855,Pozarezydencki,81.80,3.99,29.09.2025 16:08:19,7,NIE,,
j-2025,14,18.11.2025,18.11.2025 12:37:07,107,159,Pomorskie,142,Medycyna ratunkowa,2025/030578,Pozarezydencki,79.09,4.14,08.10.2025 18:28:30,7,NIE,,
j-2025,14,18.11.2025,18.11.2025 12:37:07,107,159,Pomorskie,143,Medycyna ratunkowa,2025/042746,Pozarezydencki,69.09,3.59,28.10.2025 07:56:52,7,NIE,,
j-2025,14,18.11.2025,18.11.2025 12:37:07,107,159,Pomorskie,144,Medycyna ratunkowa,2025/031685,Pozarezydencki,67.29,0.00,12.09.2025 08:40:59,7,NIE,,
j-2025,14,18.11.2025,18.11.2025 12:37:07,107,159,Pomorskie,145,Medycyna ratunkowa,2025/037829,Pozarezydencki,62.33,3.59,25.09.2025 18:34:51,7,NIE,,
j-2025,14,18.11.2025,18.11.2025 12:37:07,107,159,Pomorskie,146,Medycyna ratunkowa,2025/039126,Pozarezydencki,56.42,0.00,17.10.2025 10:40:28,7,NIE,,
j-2025,14,18.11.2025,18.11.2025 12:37:07,107,159,Pomorskie,147,Medycyna ratunkowa,2025/035502,Pozarezydencki,0.00,3.48,18.10.2025 07:59:00,7,NIE,,
j-2025,14,18.11.2025,18.11.2025 12:37:07,107,159,Pomorskie,148,Medycyna rodzinna,2025/028549,Rezydencki,90.73,4.64,03.09.2025 23:36:23,29,NIE,,
j-2025,14,18.11.2025,18.11.2025 12:37:07,107,159,Pomorskie,149,Medycyna rodzinna,2025/031813,Rezydencki,90.67,4.34,06.10.2025 18:38:12,29,NIE,,
j-2025,14,18.11.2025,18.11.2025 12:37:07,107,159,Pomorskie,150,Medycyna rodzinna,2025/033690,Rezydencki,88.89,4.50,27.09.2025 11:41:56,29,NIE,,
j-2025,14,18.11.2025,18.11.2025 12:37:07,107,159,Pomorskie,151,Medycyna rodzinna,2025/041493,Rezydencki,87.56,3.77,30.09.2025 22:45:08,29,NIE,,
j-2025,14,18.11.2025,18.11.2025 12:37:07,107,159,Pomorskie,152,Medycyna rodzinna,2025/032567,Rezydencki,86.96,4.03,20.10.2025 18:24:11,29,NIE,,
j-2025,14,18.11.2025,18.11.2025 12:37:07,107,159,Pomorskie,153,Medycyna rodzinna,2025/042534,Rezydencki,86.67,3.86,15.10.2025 09:07:08,29,NIE,,
j-2025,14,18.11.2025,18.11.2025 12:37:07,107,159,Pomorskie,154,Medycyna rodzinna,2025/043141,Rezydencki,86.12,4.74,13.10.2025 22:02:41,29,NIE,,
j-2025,14,18.11.2025,18.11.2025 12:37:07,107,159,Pomorskie,155,Medycyna rodzinna,2025/039000,Rezydencki,85.65,3.67,30.09.2025 20:20:30,29,NIE,,
j-2025,14,18.11.2025,18.11.2025 12:37:07,107,159,Pomorskie,156,Medycyna rodzinna,2025/037481,Rezydencki,85.51,4.02,25.09.2025 12:22:57,29,NIE,,
j-2025,14,18.11.2025,18.11.2025 12:37:07,107,159,Pomorskie,157,Medycyna rodzinna,2025/039452,Rezydencki,84.93,3.64,30.09.2025 20:31:29,29,NIE,,
j-2025,14,18.11.2025,18.11.2025 12:37:07,107,159,Pomorskie,158,Medycyna rodzinna,2025/035890,Rezydencki,84.69,4.11,02.10.2025 12:15:27,29,NIE,,
j-2025,14,18.11.2025,18.11.2025 12:37:07,107,159,Pomorskie,159,Medycyna rodzinna,2025/028929,Rezydencki,84.31,3.54,01.09.2025 17:47:16,29,NIE,,
j-2025,14,18.11.2025,18.11.2025 12:37:07,107,159,Pomorskie,160,Medycyna rodzinna,2025/041969,Rezydencki,83.09,3.44,09.10.2025 15:36:48,29,NIE,,
j-2025,14,18.11.2025,18.11.2025 12:37:07,108,159,Pomorskie,161,Medycyna rodzinna,2025/040810,Rezydencki,82.78,4.02,17.10.2025 20:31:26,29,NIE,,
j-2025,14,18.11.2025,18.11.2025 12:37:07,108,159,Pomorskie,162,Medycyna rodzinna,2025/035361,Rezydencki,82.38,3.79,24.09.2025 18:10:38,29,NIE,,
j-2025,14,18.11.2025,18.11.2025 12:37:07,108,159,Pomorskie,163,Medycyna rodzinna,2025/040661,Rezydencki,81.43,4.22,30.09.2025 11:59:10,29,NIE,,
j-2025,14,18.11.2025,18.11.2025 12:37:07,108,159,Pomorskie,164,Medycyna rodzinna,2025/041016,Rezydencki,80.86,3.49,30.09.2025 23:26:30,29,NIE,,
j-2025,14,18.11.2025,18.11.2025 12:37:07,108,159,Pomorskie,165,Medycyna rodzinna,2025/035618,Rezydencki,78.10,3.65,29.09.2025 16:57:03,29,NIE,,
j-2025,14,18.11.2025,18.11.2025 12:37:07,108,159,Pomorskie,166,Medycyna rodzinna,2025/030960,Rezydencki,77.14,4.14,21.09.2025 11:02:12,29,NIE,,
j-2025,14,18.11.2025,18.11.2025 12:37:07,108,159,Pomorskie,167,Medycyna rodzinna,2025/037218,Rezydencki,76.56,3.97,08.10.2025 15:39:54,29,NIE,,
j-2025,14,18.11.2025,18.11.2025 12:37:07,108,159,Pomorskie,168,Medycyna rodzinna,2025/031037,Rezydencki,76.19,4.20,03.10.2025 11:47:46,29,NIE,,
j-2025,14,18.11.2025,18.11.2025 12:37:07,108,159,Pomorskie,169,Medycyna rodzinna,2025/028480,Rezydencki,76.08,4.14,06.10.2025 17:22:05,29,NIE,,
j-2025,14,18.11.2025,18.11.2025 12:37:07,108,159,Pomorskie,170,Medycyna rodzinna,2025/028613,Rezydencki,75.61,4.26,01.10.2025 12:27:26,29,NIE,,
j-2025,14,18.11.2025,18.11.2025 12:37:07,108,159,Pomorskie,171,Medycyna rodzinna,2025/031259,Rezydencki,75.24,4.13,09.09.2025 15:35:44,29,NIE,,
j-2025,14,18.11.2025,18.11.2025 12:37:07,108,159,Pomorskie,172,Medycyna rodzinna,2025/038716,Rezydencki,68.90,3.94,22.10.2025 19:15:03,29,NIE,,
j-2025,14,18.11.2025,18.11.2025 12:37:07,108,159,Pomorskie,173,Medycyna rodzinna,2025/029870,Rezydencki,63.81,4.10,03.10.2025 12:55:39,29,NIE,,
j-2025,14,18.11.2025,18.11.2025 12:37:07,108,159,Pomorskie,174,Medycyna rodzinna,2025/028548,Rezydencki,63.33,3.52,01.09.2025 17:28:08,29,NIE,,
j-2025,14,18.11.2025,18.11.2025 12:37:07,108,159,Pomorskie,175,Medycyna rodzinna,2025/032860,Rezydencki,62.75,0.00,29.09.2025 19:20:21,29,NIE,,
j-2025,14,18.11.2025,18.11.2025 12:37:07,108,159,Pomorskie,176,Medycyna rodzinna,2025/030028,Rezydencki,57.35,0.00,03.09.2025 18:52:11,29,NIE,,
j-2025,14,18.11.2025,18.11.2025 12:37:07,108,159,Pomorskie,177,Medycyna sądowa,2025/037496,Rezydencki,75.60,3.71,15.10.2025 08:37:15,1,NIE,,
j-2025,14,18.11.2025,18.11.2025 12:37:07,108,159,Pomorskie,178,Nefrologia,2025/028870,Rezydencki,90.34,4.52,06.10.2025 10:01:26,2,NIE,,
j-2025,14,18.11.2025,18.11.2025 12:37:07,108,159,Pomorskie,179,Nefrologia,2025/043224,Rezydencki,89.00,4.78,30.09.2025 23:04:02,2,NIE,,
j-2025,14,18.11.2025,18.11.2025 12:37:07,108,159,Pomorskie,180,Neonatologia,2025/040684,Rezydencki,85.75,3.98,30.09.2025 14:25:53,5,NIE,,
j-2025,14,18.11.2025,18.11.2025 12:37:07,108,159,Pomorskie,181,Neonatologia,2025/033990,Rezydencki,83.82,4.70,17.09.2025 20:42:56,5,NIE,,
j-2025,14,18.11.2025,18.11.2025 12:37:07,108,159,Pomorskie,182,Neonatologia,2025/038291,Rezydencki,83.25,4.25,03.10.2025 13:32:57,5,NIE,,
j-2025,14,18.11.2025,18.11.2025 12:37:07,108,159,Pomorskie,183,Neonatologia,2025/042834,Rezydencki,78.47,3.93,30.09.2025 20:02:48,5,NIE,,
j-2025,14,18.11.2025,18.11.2025 12:37:07,108,159,Pomorskie,184,Neonatologia,2025/039498,Rezydencki,66.19,3.34,28.09.2025 17:14:58,5,NIE,,
j-2025,14,18.11.2025,18.11.2025 12:37:07,108,159,Pomorskie,185,Neurochirurgia,2025/037832,Rezydencki,92.34,3.87,30.09.2025 12:48:58,4,NIE,,
j-2025,14,18.11.2025,18.11.2025 12:37:07,108,159,Pomorskie,186,Neurochirurgia,2025/036148,Rezydencki,91.06,4.83,28.09.2025 22:33:43,4,NIE,,
j-2025,14,18.11.2025,18.11.2025 12:37:07,108,159,Pomorskie,187,Neurochirurgia,2025/040414,Rezydencki,90.00,4.07,29.09.2025 17:37:41,4,NIE,,
j-2025,14,18.11.2025,18.11.2025 12:37:07,108,159,Pomorskie,188,Neurochirurgia,2025/042845,Rezydencki,89.71,4.07,30.09.2025 20:07:01,4,NIE,,
j-2025,14,18.11.2025,18.11.2025 12:37:07,108,159,Pomorskie,189,Neurochirurgia,2025/032317,Pozarezydencki,82.94,3.56,16.09.2025 21:18:51,1,NIE,,
j-2025,14,18.11.2025,18.11.2025 12:37:07,108,159,Pomorskie,190,Neurologia,2025/040581,Rezydencki,89.95,4.36,15.10.2025 14:53:36,15,NIE,,
j-2025,14,18.11.2025,18.11.2025 12:37:07,108,159,Pomorskie,191,Neurologia,2025/036028,Rezydencki,89.95,4.08,30.09.2025 12:09:24,15,NIE,,
j-2025,14,18.11.2025,18.11.2025 12:37:07,108,159,Pomorskie,192,Neurologia,2025/035415,Rezydencki,89.00,4.01,30.09.2025 10:17:53,15,NIE,,
j-2025,14,18.11.2025,18.11.2025 12:37:07,108,159,Pomorskie,193,Neurologia,2025/032296,Rezydencki,88.57,4.16,30.09.2025 20:05:02,15,NIE,,
j-2025,14,18.11.2025,18.11.2025 12:37:07,108,159,Pomorskie,194,Neurologia,2025/041827,Rezydencki,88.52,4.35,30.09.2025 08:25:53,15,NIE,,
j-2025,14,18.11.2025,18.11.2025 12:37:07,108,159,Pomorskie,195,Neurologia,2025/035318,Rezydencki,88.04,4.16,03.10.2025 13:57:59,15,NIE,,
j-2025,14,18.11.2025,18.11.2025 12:37:07,108,159,Pomorskie,196,Neurologia,2025/032363,Rezydencki,87.38,3.98,14.10.2025 12:56:56,15,NIE,,
j-2025,14,18.11.2025,18.11.2025 12:37:07,109,159,Pomorskie,197,Neurologia,2025/038871,Rezydencki,87.08,3.72,14.10.2025 08:50:17,15,NIE,,
j-2025,14,18.11.2025,18.11.2025 12:37:07,109,159,Pomorskie,198,Neurologia,2025/040593,Rezydencki,86.90,4.38,29.09.2025 20:28:16,15,NIE,,
j-2025,14,18.11.2025,18.11.2025 12:37:07,109,159,Pomorskie,199,Neurologia,2025/033202,Rezydencki,86.60,4.15,14.10.2025 17:25:55,15,NIE,,
j-2025,14,18.11.2025,18.11.2025 12:37:07,109,159,Pomorskie,200,Neurologia,2025/034042,Rezydencki,86.60,3.94,10.10.2025 20:00:09,15,NIE,,
j-2025,14,18.11.2025,18.11.2025 12:37:07,109,159,Pomorskie,201,Neurologia,2025/039263,Rezydencki,86.19,4.51,07.10.2025 19:02:37,15,NIE,,
j-2025,14,18.11.2025,18.11.2025 12:37:07,109,159,Pomorskie,202,Neurologia,2025/037690,Rezydencki,85.17,4.95,30.09.2025 10:17:28,15,NIE,,
j-2025,14,18.11.2025,18.11.2025 12:37:07,109,159,Pomorskie,203,Neurologia,2025/039717,Rezydencki,84.69,4.27,09.10.2025 13:36:35,15,NIE,,
j-2025,14,18.11.2025,18.11.2025 12:37:07,109,159,Pomorskie,204,Neurologia,2025/036015,Rezydencki,81.10,3.57,30.09.2025 16:02:06,15,NIE,,
j-2025,14,18.11.2025,18.11.2025 12:37:07,109,159,Pomorskie,205,Neurologia dziecięca,2025/029039,Rezydencki,89.61,4.67,02.10.2025 18:17:38,1,NIE,,
j-2025,14,18.11.2025,18.11.2025 12:37:07,109,159,Pomorskie,206,Neurologia dziecięca,2025/042325,Pozarezydencki,76.17,3.35,13.10.2025 13:54:30,1,NIE,,
j-2025,14,18.11.2025,18.11.2025 12:37:07,109,159,Pomorskie,207,Okulistyka,2025/037860,Rezydencki,94.50,4.42,30.09.2025 12:36:26,6,NIE,,
j-2025,14,18.11.2025,18.11.2025 12:37:07,109,159,Pomorskie,208,Okulistyka,2025/041676,Rezydencki,92.82,3.76,30.09.2025 22:28:11,6,NIE,,
j-2025,14,18.11.2025,18.11.2025 12:37:07,109,159,Pomorskie,209,Okulistyka,2025/028761,Rezydencki,91.55,4.42,03.10.2025 10:25:37,6,NIE,,
j-2025,14,18.11.2025,18.11.2025 12:37:07,109,159,Pomorskie,210,Okulistyka,2025/041727,Rezydencki,90.91,4.09,30.09.2025 00:41:49,6,NIE,,
j-2025,14,18.11.2025,18.11.2025 12:37:07,109,159,Pomorskie,211,Okulistyka,2025/041555,Rezydencki,90.82,4.08,13.10.2025 22:30:29,6,NIE,,
j-2025,14,18.11.2025,18.11.2025 12:37:07,109,159,Pomorskie,212,Okulistyka,2025/041525,Rezydencki,89.47,4.29,30.09.2025 21:21:08,6,NIE,,
j-2025,14,18.11.2025,18.11.2025 12:37:07,109,159,Pomorskie,213,Okulistyka,2025/037517,Pozarezydencki,84.02,4.11,11.10.2025 22:29:50,2,NIE,,
j-2025,14,18.11.2025,18.11.2025 12:37:07,109,159,Pomorskie,214,Okulistyka,2025/034946,Pozarezydencki,83.79,4.11,30.09.2025 07:51:30,2,NIE,,
j-2025,14,18.11.2025,18.11.2025 12:37:07,109,159,Pomorskie,215,Onkologia kliniczna,2025/032854,Rezydencki,88.52,4.27,30.09.2025 21:24:59,5,NIE,,
j-2025,14,18.11.2025,18.11.2025 12:37:07,109,159,Pomorskie,216,Onkologia kliniczna,2025/032920,Rezydencki,88.52,3.83,13.10.2025 09:42:46,5,NIE,,
j-2025,14,18.11.2025,18.11.2025 12:37:07,109,159,Pomorskie,217,Onkologia kliniczna,2025/035239,Rezydencki,88.24,4.23,30.09.2025 13:08:04,5,NIE,,
j-2025,14,18.11.2025,18.11.2025 12:37:07,109,159,Pomorskie,218,Onkologia kliniczna,2025/033863,Rezydencki,77.94,3.29,14.10.2025 15:03:57,5,NIE,,
j-2025,14,18.11.2025,18.11.2025 12:37:07,109,159,Pomorskie,219,Onkologia kliniczna,2025/034386,Rezydencki,66.67,4.23,29.09.2025 14:07:08,5,NIE,,
j-2025,14,18.11.2025,18.11.2025 12:37:07,109,159,Pomorskie,220,Onkologia kliniczna,2025/041383,Pozarezydencki,85.84,4.52,17.10.2025 14:28:36,3,NIE,,
j-2025,14,18.11.2025,18.11.2025 12:37:07,109,159,Pomorskie,221,Onkologia kliniczna,2025/041845,Pozarezydencki,80.45,3.71,14.10.2025 18:45:40,3,NIE,,
j-2025,14,18.11.2025,18.11.2025 12:37:07,109,159,Pomorskie,222,Onkologia kliniczna,2025/036894,Pozarezydencki,72.22,3.41,23.10.2025 16:03:55,3,NIE,,
j-2025,14,18.11.2025,18.11.2025 12:37:07,109,159,Pomorskie,223,Ortopedia i traumatologia narządu ruchu,2025/041677,Rezydencki,89.95,3.78,30.09.2025 20:52:34,10,NIE,,
j-2025,14,18.11.2025,18.11.2025 12:37:07,109,159,Pomorskie,224,Ortopedia i traumatologia narządu ruchu,2025/038703,Rezydencki,89.47,4.18,09.10.2025 19:13:49,10,NIE,,
j-2025,14,18.11.2025,18.11.2025 12:37:07,109,159,Pomorskie,225,Ortopedia i traumatologia narządu ruchu,2025/042387,Rezydencki,88.97,4.24,30.09.2025 15:42:38,10,NIE,,
j-2025,14,18.11.2025,18.11.2025 12:37:07,109,159,Pomorskie,226,Ortopedia i traumatologia narządu ruchu,2025/038803,Rezydencki,88.52,4.23,13.10.2025 18:44:19,10,NIE,,
j-2025,14,18.11.2025,18.11.2025 12:37:07,109,159,Pomorskie,227,Ortopedia i traumatologia narządu ruchu,2025/040096,Rezydencki,88.52,4.05,29.09.2025 18:59:56,10,NIE,,
j-2025,14,18.11.2025,18.11.2025 12:37:07,109,159,Pomorskie,228,Ortopedia i traumatologia narządu ruchu,2025/037941,Rezydencki,87.56,3.75,16.10.2025 20:15:18,10,NIE,,
j-2025,14,18.11.2025,18.11.2025 12:37:07,109,159,Pomorskie,229,Ortopedia i traumatologia narządu ruchu,2025/033203,Rezydencki,87.44,3.81,30.09.2025 17:39:01,10,NIE,,
j-2025,14,18.11.2025,18.11.2025 12:37:07,109,159,Pomorskie,230,Ortopedia i traumatologia narządu ruchu,2025/039697,Rezydencki,86.36,3.75,30.09.2025 14:58:08,10,NIE,,
j-2025,14,18.11.2025,18.11.2025 12:37:07,109,159,Pomorskie,231,Ortopedia i traumatologia narządu ruchu,2025/036571,Rezydencki,85.89,3.65,28.09.2025 00:59:14,10,NIE,,
j-2025,14,18.11.2025,18.11.2025 12:37:07,109,159,Pomorskie,232,Ortopedia i traumatologia narządu ruchu,2025/042536,Rezydencki,85.71,3.76,30.09.2025 18:34:41,10,NIE,,
j-2025,14,18.11.2025,18.11.2025 12:37:07,110,159,Pomorskie,233,Ortopedia i traumatologia narządu ruchu,2025/038522,Pozarezydencki,70.78,3.78,06.10.2025 20:20:55,1,NIE,,
j-2025,14,18.11.2025,18.11.2025 12:37:07,110,159,Pomorskie,234,Otorynolaryngologia,2025/039760,Rezydencki,92.34,4.40,16.10.2025 00:00:45,4,NIE,,
j-2025,14,18.11.2025,18.11.2025 12:37:07,110,159,Pomorskie,235,Otorynolaryngologia,2025/041571,Rezydencki,91.39,4.70,30.09.2025 17:44:16,4,NIE,,
j-2025,14,18.11.2025,18.11.2025 12:37:07,110,159,Pomorskie,236,Otorynolaryngologia,2025/037472,Rezydencki,91.15,4.36,30.09.2025 16:03:48,4,NIE,,
j-2025,14,18.11.2025,18.11.2025 12:37:07,110,159,Pomorskie,237,Otorynolaryngologia,2025/029087,Rezydencki,89.27,4.53,01.09.2025 21:08:34,4,NIE,,
j-2025,14,18.11.2025,18.11.2025 12:37:07,110,159,Pomorskie,238,Otorynolaryngologia dziecięca,2025/028439,Rezydencki,88.52,4.05,30.09.2025 12:56:04,2,NIE,,
j-2025,14,18.11.2025,18.11.2025 12:37:07,110,159,Pomorskie,239,Otorynolaryngologia dziecięca,2025/037617,Rezydencki,88.05,4.40,25.09.2025 14:40:28,2,NIE,,
j-2025,14,18.11.2025,18.11.2025 12:37:07,110,159,Pomorskie,240,Otorynolaryngologia dziecięca,2025/030994,Pozarezydencki,71.89,3.04,08.10.2025 20:31:58,2,NIE,,
j-2025,14,18.11.2025,18.11.2025 12:37:07,110,159,Pomorskie,241,Otorynolaryngologia dziecięca,2025/029711,Pozarezydencki,66.36,2.88,15.10.2025 07:42:52,2,NIE,,
j-2025,14,18.11.2025,18.11.2025 12:37:07,110,159,Pomorskie,242,Patomorfologia,2025/038662,Rezydencki,88.52,4.33,30.09.2025 15:43:35,1,NIE,,
j-2025,14,18.11.2025,18.11.2025 12:37:07,110,159,Pomorskie,243,Pediatria,2025/039556,Rezydencki,91.39,4.81,10.10.2025 11:56:02,28,NIE,,
j-2025,14,18.11.2025,18.11.2025 12:37:07,110,159,Pomorskie,244,Pediatria,2025/040344,Rezydencki,89.47,4.16,30.09.2025 23:14:13,28,NIE,,
j-2025,14,18.11.2025,18.11.2025 12:37:07,110,159,Pomorskie,245,Pediatria,2025/037955,Rezydencki,89.05,4.66,29.09.2025 22:09:55,28,NIE,,
j-2025,14,18.11.2025,18.11.2025 12:37:07,110,159,Pomorskie,246,Pediatria,2025/039798,Rezydencki,88.57,4.35,28.09.2025 21:05:03,28,NIE,,
j-2025,14,18.11.2025,18.11.2025 12:37:07,110,159,Pomorskie,247,Pediatria,2025/040614,Rezydencki,88.52,4.53,29.09.2025 15:37:14,28,NIE,,
j-2025,14,18.11.2025,18.11.2025 12:37:07,110,159,Pomorskie,248,Pediatria,2025/034956,Rezydencki,88.04,4.36,13.10.2025 10:21:56,28,NIE,,
j-2025,14,18.11.2025,18.11.2025 12:37:07,110,159,Pomorskie,249,Pediatria,2025/037090,Rezydencki,87.80,4.00,30.09.2025 21:53:07,28,NIE,,
j-2025,14,18.11.2025,18.11.2025 12:37:07,110,159,Pomorskie,250,Pediatria,2025/036763,Rezydencki,87.56,4.27,07.10.2025 16:41:54,28,NIE,,
j-2025,14,18.11.2025,18.11.2025 12:37:07,110,159,Pomorskie,251,Pediatria,2025/035519,Rezydencki,86.67,4.33,01.10.2025 21:27:40,28,NIE,,
j-2025,14,18.11.2025,18.11.2025 12:37:07,110,159,Pomorskie,252,Pediatria,2025/038591,Rezydencki,86.27,3.78,30.09.2025 15:49:46,28,NIE,,
j-2025,14,18.11.2025,18.11.2025 12:37:07,110,159,Pomorskie,253,Pediatria,2025/037742,Rezydencki,85.65,4.15,18.10.2025 12:00:47,28,NIE,,
j-2025,14,18.11.2025,18.11.2025 12:37:07,110,159,Pomorskie,254,Pediatria,2025/042849,Rezydencki,85.65,4.04,16.10.2025 11:22:07,28,NIE,,
j-2025,14,18.11.2025,18.11.2025 12:37:07,110,159,Pomorskie,255,Pediatria,2025/039612,Rezydencki,85.65,3.80,30.09.2025 21:59:47,28,NIE,,
j-2025,14,18.11.2025,18.11.2025 12:37:07,110,159,Pomorskie,256,Pediatria,2025/029734,Rezydencki,85.48,4.31,10.09.2025 20:34:11,28,NIE,,
j-2025,14,18.11.2025,18.11.2025 12:37:07,110,159,Pomorskie,257,Pediatria,2025/035079,Rezydencki,85.29,4.30,25.09.2025 13:25:05,28,NIE,,
j-2025,14,18.11.2025,18.11.2025 12:37:07,110,159,Pomorskie,258,Pediatria,2025/034291,Rezydencki,85.17,4.13,30.09.2025 23:35:32,28,NIE,,
j-2025,14,18.11.2025,18.11.2025 12:37:07,110,159,Pomorskie,259,Pediatria,2025/037785,Rezydencki,84.76,3.90,29.09.2025 18:39:08,28,NIE,,
j-2025,14,18.11.2025,18.11.2025 12:37:07,110,159,Pomorskie,260,Pediatria,2025/041740,Rezydencki,83.25,3.45,30.09.2025 15:21:47,28,NIE,,
j-2025,14,18.11.2025,18.11.2025 12:37:07,110,159,Pomorskie,261,Pediatria,2025/040629,Rezydencki,82.38,3.88,30.09.2025 21:10:22,28,NIE,,
j-2025,14,18.11.2025,18.11.2025 12:37:07,110,159,Pomorskie,262,Pediatria,2025/033621,Rezydencki,82.30,3.47,09.10.2025 23:58:34,28,NIE,,
j-2025,14,18.11.2025,18.11.2025 12:37:07,110,159,Pomorskie,263,Pediatria,2025/038935,Rezydencki,81.82,3.96,08.10.2025 11:26:23,28,NIE,,
j-2025,14,18.11.2025,18.11.2025 12:37:07,110,159,Pomorskie,264,Pediatria,2025/037437,Rezydencki,80.86,4.35,30.09.2025 15:59:40,28,NIE,,
j-2025,14,18.11.2025,18.11.2025 12:37:07,110,159,Pomorskie,265,Pediatria,2025/036714,Rezydencki,80.86,3.93,30.09.2025 10:55:19,28,NIE,,
j-2025,14,18.11.2025,18.11.2025 12:37:07,110,159,Pomorskie,266,Pediatria,2025/039991,Rezydencki,79.23,3.85,29.09.2025 21:23:22,28,NIE,,
j-2025,14,18.11.2025,18.11.2025 12:37:07,110,159,Pomorskie,267,Pediatria,2025/039966,Rezydencki,78.47,4.10,30.09.2025 21:19:13,28,NIE,,
j-2025,14,18.11.2025,18.11.2025 12:37:07,110,159,Pomorskie,268,Pediatria,2025/042523,Rezydencki,78.10,4.16,30.09.2025 17:05:54,28,NIE,,
j-2025,14,18.11.2025,18.11.2025 12:37:07,111,159,Pomorskie,269,Pediatria,2025/037108,Rezydencki,76.56,4.41,04.10.2025 15:39:34,28,NIE,,
j-2025,14,18.11.2025,18.11.2025 12:37:07,111,159,Pomorskie,270,Pediatria,2025/040808,Rezydencki,76.08,3.79,15.10.2025 10:48:46,28,NIE,,
j-2025,14,18.11.2025,18.11.2025 12:37:07,111,159,Pomorskie,271,Położnictwo i ginekologia,2025/037074,Rezydencki,90.82,4.39,30.09.2025 21:22:01,7,NIE,,
j-2025,14,18.11.2025,18.11.2025 12:37:07,111,159,Pomorskie,272,Położnictwo i ginekologia,2025/038408,Rezydencki,88.52,3.94,30.09.2025 20:47:13,7,NIE,,
j-2025,14,18.11.2025,18.11.2025 12:37:07,111,159,Pomorskie,273,Położnictwo i ginekologia,2025/035888,Rezydencki,88.52,3.54,28.09.2025 10:55:40,7,NIE,,
j-2025,14,18.11.2025,18.11.2025 12:37:07,111,159,Pomorskie,274,Położnictwo i ginekologia,2025/032193,Rezydencki,88.04,4.24,30.09.2025 09:56:36,7,NIE,,
j-2025,14,18.11.2025,18.11.2025 12:37:07,111,159,Pomorskie,275,Położnictwo i ginekologia,2025/039390,Rezydencki,87.80,4.18,30.09.2025 21:41:31,7,NIE,,
j-2025,14,18.11.2025,18.11.2025 12:37:07,111,159,Pomorskie,276,Położnictwo i ginekologia,2025/037039,Rezydencki,87.80,4.05,12.10.2025 08:59:07,7,NIE,,
j-2025,14,18.11.2025,18.11.2025 12:37:07,111,159,Pomorskie,277,Położnictwo i ginekologia,2025/041767,Rezydencki,87.14,4.19,30.09.2025 21:34:48,7,NIE,,
j-2025,14,18.11.2025,18.11.2025 12:37:07,111,159,Pomorskie,278,Położnictwo i ginekologia,2025/035449,Pozarezydencki,85.02,4.00,10.10.2025 17:15:36,2,NIE,,
j-2025,14,18.11.2025,18.11.2025 12:37:07,111,159,Pomorskie,279,Położnictwo i ginekologia,2025/041234,Pozarezydencki,70.97,4.21,29.09.2025 20:58:46,2,NIE,,
j-2025,14,18.11.2025,18.11.2025 12:37:07,111,159,Pomorskie,280,Protetyka stomatologiczna,2025/029698,Rezydencki,84.52,3.95,26.09.2025 23:04:38,2,NIE,,
j-2025,14,18.11.2025,18.11.2025 12:37:07,111,159,Pomorskie,281,Protetyka stomatologiczna,2025/029164,Rezydencki,82.85,3.70,08.10.2025 09:04:46,2,NIE,,
j-2025,14,18.11.2025,18.11.2025 12:37:07,111,159,Pomorskie,282,Psychiatria,2025/039407,Rezydencki,91.55,4.35,24.10.2025 12:05:49,16,NIE,,
j-2025,14,18.11.2025,18.11.2025 12:37:07,111,159,Pomorskie,283,Psychiatria,2025/030903,Rezydencki,89.95,4.41,30.09.2025 15:05:27,16,NIE,,
j-2025,14,18.11.2025,18.11.2025 12:37:07,111,159,Pomorskie,284,Psychiatria,2025/039040,Rezydencki,89.00,4.14,30.09.2025 14:23:59,16,NIE,,
j-2025,14,18.11.2025,18.11.2025 12:37:07,111,159,Pomorskie,285,Psychiatria,2025/034935,Rezydencki,88.76,3.90,13.10.2025 15:04:23,16,NIE,,
j-2025,14,18.11.2025,18.11.2025 12:37:07,111,159,Pomorskie,286,Psychiatria,2025/040139,Rezydencki,87.56,4.04,15.10.2025 08:48:10,16,NIE,,
j-2025,14,18.11.2025,18.11.2025 12:37:07,111,159,Pomorskie,287,Psychiatria,2025/039866,Rezydencki,87.20,3.36,12.10.2025 11:15:01,16,NIE,,
j-2025,14,18.11.2025,18.11.2025 12:37:07,111,159,Pomorskie,288,Psychiatria,2025/036979,Rezydencki,86.84,4.19,09.10.2025 18:59:39,16,NIE,,
j-2025,14,18.11.2025,18.11.2025 12:37:07,111,159,Pomorskie,289,Psychiatria,2025/041370,Rezydencki,86.60,3.95,30.09.2025 21:45:26,16,NIE,,
j-2025,14,18.11.2025,18.11.2025 12:37:07,111,159,Pomorskie,290,Psychiatria,2025/036053,Rezydencki,86.12,3.63,12.10.2025 14:23:53,16,NIE,,
j-2025,14,18.11.2025,18.11.2025 12:37:07,111,159,Pomorskie,291,Psychiatria,2025/035211,Rezydencki,85.89,4.09,13.10.2025 11:22:38,16,NIE,,
j-2025,14,18.11.2025,18.11.2025 12:37:07,111,159,Pomorskie,292,Psychiatria,2025/029114,Rezydencki,85.29,3.56,20.10.2025 15:14:40,16,NIE,,
j-2025,14,18.11.2025,18.11.2025 12:37:07,111,159,Pomorskie,293,Psychiatria,2025/039156,Rezydencki,85.17,3.98,30.09.2025 12:51:08,16,NIE,,
j-2025,14,18.11.2025,18.11.2025 12:37:07,111,159,Pomorskie,294,Psychiatria,2025/040675,Rezydencki,85.17,3.76,21.10.2025 09:43:21,16,NIE,,
j-2025,14,18.11.2025,18.11.2025 12:37:07,111,159,Pomorskie,295,Psychiatria,2025/033414,Rezydencki,85.17,3.54,25.09.2025 20:44:26,16,NIE,,
j-2025,14,18.11.2025,18.11.2025 12:37:07,111,159,Pomorskie,296,Psychiatria,2025/041189,Rezydencki,85.02,4.32,30.09.2025 21:37:09,16,NIE,,
j-2025,14,18.11.2025,18.11.2025 12:37:07,111,159,Pomorskie,297,Psychiatria,2025/041904,Rezydencki,84.76,3.74,30.09.2025 23:49:29,16,NIE,,
j-2025,14,18.11.2025,18.11.2025 12:37:07,111,159,Pomorskie,298,Psychiatria,2025/039919,Pozarezydencki,73.64,3.79,28.09.2025 23:38:17,1,NIE,,
j-2025,14,18.11.2025,18.11.2025 12:37:07,111,159,Pomorskie,299,Psychiatria dzieci i młodzieży,2025/034633,Rezydencki,86.60,4.34,16.10.2025 10:31:30,1,NIE,,
j-2025,14,18.11.2025,18.11.2025 12:37:07,111,159,Pomorskie,300,Radiologia i diagnostyka obrazowa,2025/037735,Rezydencki,91.87,4.47,16.10.2025 11:22:04,7,NIE,,
j-2025,14,18.11.2025,18.11.2025 12:37:07,111,159,Pomorskie,301,Radiologia i diagnostyka obrazowa,2025/037862,Rezydencki,91.42,4.02,25.09.2025 19:16:06,7,NIE,,
j-2025,14,18.11.2025,18.11.2025 12:37:07,111,159,Pomorskie,302,Radiologia i diagnostyka obrazowa,2025/037666,Rezydencki,91.39,3.97,30.09.2025 09:39:22,7,NIE,,
j-2025,14,18.11.2025,18.11.2025 12:37:07,111,159,Pomorskie,303,Radiologia i diagnostyka obrazowa,2025/037731,Rezydencki,90.43,4.63,30.09.2025 21:06:56,7,NIE,,
j-2025,14,18.11.2025,18.11.2025 12:37:07,111,159,Pomorskie,304,Radiologia i diagnostyka obrazowa,2025/038858,Rezydencki,90.43,4.23,30.09.2025 17:15:04,7,NIE,,
j-2025,14,18.11.2025,18.11.2025 12:37:07,112,159,Pomorskie,305,Radiologia i diagnostyka obrazowa,2025/036117,Rezydencki,89.86,4.44,24.09.2025 18:47:26,7,NIE,,
j-2025,14,18.11.2025,18.11.2025 12:37:07,112,159,Pomorskie,306,Radiologia i diagnostyka obrazowa,2025/030979,Rezydencki,89.47,3.62,30.09.2025 21:11:49,7,NIE,,
j-2025,14,18.11.2025,18.11.2025 12:37:07,112,159,Pomorskie,307,Radiologia i diagnostyka obrazowa,2025/028865,Pozarezydencki,85.02,3.65,30.09.2025 23:41:46,3,NIE,,
j-2025,14,18.11.2025,18.11.2025 12:37:07,112,159,Pomorskie,308,Radiologia i diagnostyka obrazowa,2025/028728,Pozarezydencki,84.93,4.72,30.09.2025 21:07:05,3,NIE,,
j-2025,14,18.11.2025,18.11.2025 12:37:07,112,159,Pomorskie,309,Radiologia i diagnostyka obrazowa,2025/040569,Pozarezydencki,73.27,4.79,30.09.2025 22:26:10,3,NIE,,
j-2025,14,18.11.2025,18.11.2025 12:37:07,112,159,Pomorskie,310,Radioterapia onkologiczna,2025/039691,Rezydencki,87.92,4.55,30.09.2025 17:02:26,3,NIE,,
j-2025,14,18.11.2025,18.11.2025 12:37:07,112,159,Pomorskie,311,Radioterapia onkologiczna,2025/039343,Rezydencki,85.29,3.41,14.10.2025 20:48:08,3,NIE,,
j-2025,14,18.11.2025,18.11.2025 12:37:07,112,159,Pomorskie,312,Radioterapia onkologiczna,2025/031985,Rezydencki,85.24,4.03,29.09.2025 23:52:24,3,NIE,,
j-2025,14,18.11.2025,18.11.2025 12:37:07,112,159,Pomorskie,313,Rehabilitacja medyczna,2025/041290,Rezydencki,80.86,4.27,14.10.2025 19:37:51,2,NIE,,
j-2025,14,18.11.2025,18.11.2025 12:37:07,112,159,Pomorskie,314,Rehabilitacja medyczna,2025/039331,Rezydencki,77.14,3.81,29.09.2025 00:47:08,2,NIE,,
j-2025,14,18.11.2025,18.11.2025 12:37:07,112,159,Pomorskie,315,Rehabilitacja medyczna,2025/035454,Pozarezydencki,66.36,0.00,08.10.2025 10:11:15,1,NIE,,
j-2025,14,18.11.2025,18.11.2025 12:37:07,112,159,Pomorskie,316,Reumatologia,2025/034722,Pozarezydencki,84.02,3.93,30.09.2025 10:57:49,2,NIE,,
j-2025,14,18.11.2025,18.11.2025 12:37:07,112,159,Pomorskie,317,Reumatologia,2025/040342,Pozarezydencki,80.00,3.67,10.10.2025 12:45:52,2,NIE,,
j-2025,14,18.11.2025,18.11.2025 12:37:07,112,159,Pomorskie,318,Stomatologia dziecięca,2025/037232,Rezydencki,84.69,3.84,25.09.2025 22:48:50,2,NIE,,
j-2025,14,18.11.2025,18.11.2025 12:37:07,112,159,Pomorskie,319,Stomatologia dziecięca,2025/031982,Rezydencki,80.58,4.76,08.10.2025 10:18:26,2,NIE,,
j-2025,14,18.11.2025,18.11.2025 12:37:07,112,159,Pomorskie,320,Stomatologia zachowawcza z endodoncją,2025/038681,Rezydencki,83.81,4.05,29.09.2025 09:32:05,4,NIE,,
j-2025,14,18.11.2025,18.11.2025 12:37:07,112,159,Pomorskie,321,Stomatologia zachowawcza z endodoncją,2025/035557,Rezydencki,79.81,3.86,10.10.2025 12:59:21,4,NIE,,
j-2025,14,18.11.2025,18.11.2025 12:37:07,112,159,Pomorskie,322,Stomatologia zachowawcza z endodoncją,2025/032439,Rezydencki,76.43,4.12,03.10.2025 14:34:46,4,NIE,,
j-2025,14,18.11.2025,18.11.2025 12:37:07,112,159,Pomorskie,323,Stomatologia zachowawcza z endodoncją,2025/032805,Rezydencki,76.08,3.82,28.09.2025 13:39:18,4,NIE,,
j-2025,14,18.11.2025,18.11.2025 12:37:07,112,159,Pomorskie,324,Toksykologia kliniczna,2025/038300,Rezydencki,69.86,0.00,08.10.2025 20:15:17,1,NIE,,
j-2025,14,18.11.2025,18.11.2025 12:37:07,112,159,Pomorskie,325,Toksykologia kliniczna,2025/042787,Pozarezydencki,84.33,3.58,30.09.2025 19:41:18,1,NIE,,
j-2025,14,18.11.2025,18.11.2025 12:37:07,112,159,Pomorskie,326,Transplantologia kliniczna,2025/030376,Pozarezydencki,65.90,0.00,20.10.2025 11:01:11,1,NIE,,
j-2025,14,18.11.2025,18.11.2025 12:37:07,112,159,Pomorskie,327,Urologia,2025/039787,Rezydencki,92.34,4.29,30.09.2025 23:10:19,6,NIE,,
j-2025,14,18.11.2025,18.11.2025 12:37:07,112,159,Pomorskie,328,Urologia,2025/042462,Rezydencki,90.91,4.16,30.09.2025 18:40:29,6,NIE,,
j-2025,14,18.11.2025,18.11.2025 12:37:07,112,159,Pomorskie,329,Urologia,2025/029590,Rezydencki,90.82,4.67,24.09.2025 19:40:05,6,NIE,,
j-2025,14,18.11.2025,18.11.2025 12:37:07,112,159,Pomorskie,330,Urologia,2025/039857,Rezydencki,90.43,4.02,30.09.2025 09:52:33,6,NIE,,
j-2025,14,18.11.2025,18.11.2025 12:37:07,112,159,Pomorskie,331,Urologia,2025/041726,Rezydencki,89.47,4.35,30.09.2025 18:12:29,6,NIE,,
j-2025,14,18.11.2025,18.11.2025 12:37:07,112,159,Pomorskie,332,Urologia,2025/041641,Rezydencki,89.37,4.16,30.09.2025 17:52:54,6,NIE,,
j-2025,14,18.11.2025,18.11.2025 12:37:07,112,159,Pomorskie,333,Zdrowie publiczne,2025/042996,Pozarezydencki,74.66,3.70,17.10.2025 13:15:16,2,NIE,,
j-2025,14,18.11.2025,18.11.2025 12:37:07,112,159,Pomorskie,334,Zdrowie publiczne,2025/043316,Pozarezydencki,3.86,0.00,08.10.2025 20:31:38,2,NIE,,
j-2025,14,18.11.2025,18.11.2025 12:37:07,112,159,Pomorskie,1,Kardiochirurgia,2025/028437,Rezydencki,85.48,4.52,07.09.2025 17:21:14,1,TAK,Uniwersyteckie Centrum Kliniczne,Klinika Kardiochirurgii
j-2025,14,18.11.2025,18.11.2025 12:37:07,113,159,Śląskie,1,Alergologia,2025/034675,Rezydencki,91.39,4.24,29.09.2025 15:10:33,2,NIE,,
j-2025,14,18.11.2025,18.11.2025 12:37:07,113,159,Śląskie,2,Alergologia,2025/030732,Rezydencki,90.58,4.43,29.09.2025 18:19:58,2,NIE,,
j-2025,14,18.11.2025,18.11.2025 12:37:07,113,159,Śląskie,3,Alergologia,2025/028734,Pozarezydencki,88.86,4.53,15.10.2025 16:13:21,2,NIE,,
j-2025,14,18.11.2025,18.11.2025 12:37:07,113,159,Śląskie,4,Alergologia,2025/038146,Pozarezydencki,72.83,3.77,16.10.2025 11:39:54,2,NIE,,
j-2025,14,18.11.2025,18.11.2025 12:37:07,113,159,Śląskie,5,Anestezjologia i intensywna terapia,2025/041032,Rezydencki,91.55,4.40,29.09.2025 19:40:05,15,NIE,,
j-2025,14,18.11.2025,18.11.2025 12:37:07,113,159,Śląskie,6,Anestezjologia i intensywna terapia,2025/036922,Rezydencki,90.91,4.47,24.10.2025 09:40:13,15,NIE,,
j-2025,14,18.11.2025,18.11.2025 12:37:07,113,159,Śląskie,7,Anestezjologia i intensywna terapia,2025/031220,Rezydencki,90.91,4.29,30.09.2025 20:07:57,15,NIE,,
j-2025,14,18.11.2025,18.11.2025 12:37:07,113,159,Śląskie,8,Anestezjologia i intensywna terapia,2025/039667,Rezydencki,90.44,4.43,30.09.2025 22:21:48,15,NIE,,
j-2025,14,18.11.2025,18.11.2025 12:37:07,113,159,Śląskie,9,Anestezjologia i intensywna terapia,2025/033889,Rezydencki,90.43,4.47,30.09.2025 08:16:26,15,NIE,,
j-2025,14,18.11.2025,18.11.2025 12:37:07,113,159,Śląskie,10,Anestezjologia i intensywna terapia,2025/038798,Rezydencki,90.19,4.30,29.09.2025 11:13:23,15,NIE,,
j-2025,14,18.11.2025,18.11.2025 12:37:07,113,159,Śląskie,11,Anestezjologia i intensywna terapia,2025/031610,Rezydencki,89.86,4.55,28.09.2025 10:00:10,15,NIE,,
j-2025,14,18.11.2025,18.11.2025 12:37:07,113,159,Śląskie,12,Anestezjologia i intensywna terapia,2025/036130,Rezydencki,89.52,4.43,23.09.2025 18:22:13,15,NIE,,
j-2025,14,18.11.2025,18.11.2025 12:37:07,113,159,Śląskie,13,Anestezjologia i intensywna terapia,2025/031648,Rezydencki,89.22,4.70,27.09.2025 16:59:23,15,NIE,,
j-2025,14,18.11.2025,18.11.2025 12:37:07,113,159,Śląskie,14,Anestezjologia i intensywna terapia,2025/033896,Rezydencki,89.05,4.26,25.09.2025 22:04:50,15,NIE,,
j-2025,14,18.11.2025,18.11.2025 12:37:07,113,159,Śląskie,15,Anestezjologia i intensywna terapia,2025/031700,Rezydencki,88.78,4.45,21.09.2025 17:47:01,15,NIE,,
j-2025,14,18.11.2025,18.11.2025 12:37:07,113,159,Śląskie,16,Anestezjologia i intensywna terapia,2025/032289,Rezydencki,88.65,3.89,30.09.2025 17:24:23,15,NIE,,
j-2025,14,18.11.2025,18.11.2025 12:37:07,113,159,Śląskie,17,Anestezjologia i intensywna terapia,2025/029570,Rezydencki,88.57,4.20,29.09.2025 16:25:48,15,NIE,,
j-2025,14,18.11.2025,18.11.2025 12:37:07,113,159,Śląskie,18,Anestezjologia i intensywna terapia,2025/029566,Rezydencki,88.41,4.79,04.09.2025 19:06:25,15,NIE,,
j-2025,14,18.11.2025,18.11.2025 12:37:07,113,159,Śląskie,19,Anestezjologia i intensywna terapia,2025/035504,Rezydencki,88.41,4.68,30.09.2025 23:06:20,15,NIE,,
j-2025,14,18.11.2025,18.11.2025 12:37:07,113,159,Śląskie,20,Anestezjologia i intensywna terapia,2025/038698,Pozarezydencki,82.65,4.09,14.10.2025 10:24:40,9,NIE,,
j-2025,14,18.11.2025,18.11.2025 12:37:07,113,159,Śląskie,21,Anestezjologia i intensywna terapia,2025/037773,Pozarezydencki,82.03,3.97,14.10.2025 15:36:37,9,NIE,,
j-2025,14,18.11.2025,18.11.2025 12:37:07,113,159,Śląskie,22,Anestezjologia i intensywna terapia,2025/038641,Pozarezydencki,79.72,3.87,26.09.2025 19:39:44,9,NIE,,
j-2025,14,18.11.2025,18.11.2025 12:37:07,113,159,Śląskie,23,Anestezjologia i intensywna terapia,2025/028998,Pozarezydencki,79.55,3.85,25.09.2025 18:13:58,9,NIE,,
j-2025,14,18.11.2025,18.11.2025 12:37:07,113,159,Śląskie,24,Anestezjologia i intensywna terapia,2025/032641,Pozarezydencki,73.18,3.86,16.10.2025 16:55:30,9,NIE,,
j-2025,14,18.11.2025,18.11.2025 12:37:07,113,159,Śląskie,25,Anestezjologia i intensywna terapia,2025/032242,Pozarezydencki,68.49,3.91,15.10.2025 20:38:02,9,NIE,,
j-2025,14,18.11.2025,18.11.2025 12:37:07,113,159,Śląskie,26,Anestezjologia i intensywna terapia,2025/032257,Pozarezydencki,66.36,3.93,16.10.2025 07:04:20,9,NIE,,
j-2025,14,18.11.2025,18.11.2025 12:37:07,113,159,Śląskie,27,Anestezjologia i intensywna terapia,2025/039007,Pozarezydencki,63.47,3.94,17.10.2025 14:22:58,9,NIE,,
j-2025,14,18.11.2025,18.11.2025 12:37:07,113,159,Śląskie,28,Anestezjologia i intensywna terapia,2025/039454,Pozarezydencki,0.68,3.11,15.10.2025 22:09:45,9,NIE,,
j-2025,14,18.11.2025,18.11.2025 12:37:07,113,159,Śląskie,29,Angiologia,2025/039432,Pozarezydencki,80.91,4.13,14.10.2025 18:29:49,5,NIE,,
j-2025,14,18.11.2025,18.11.2025 12:37:07,113,159,Śląskie,30,Angiologia,2025/032707,Pozarezydencki,75.45,3.95,17.10.2025 15:51:43,5,NIE,,
j-2025,14,18.11.2025,18.11.2025 12:37:07,113,159,Śląskie,31,Angiologia,2025/039870,Pozarezydencki,71.56,3.88,22.10.2025 11:52:35,5,NIE,,
j-2025,14,18.11.2025,18.11.2025 12:37:07,113,159,Śląskie,32,Angiologia,2025/034455,Pozarezydencki,62.27,3.98,07.10.2025 10:11:34,5,NIE,,
j-2025,14,18.11.2025,18.11.2025 12:37:07,113,159,Śląskie,33,Angiologia,2025/040262,Pozarezydencki,60.55,3.01,30.09.2025 11:00:25,5,NIE,,
j-2025,14,18.11.2025,18.11.2025 12:37:07,113,159,Śląskie,34,Balneologia i medycyna fizykalna,2025/033958,Pozarezydencki,76.27,0.00,17.09.2025 19:06:15,5,NIE,,
j-2025,14,18.11.2025,18.11.2025 12:37:07,113,159,Śląskie,35,Balneologia i medycyna fizykalna,2025/031464,Pozarezydencki,74.00,3.23,29.10.2025 11:57:52,5,NIE,,
j-2025,14,18.11.2025,18.11.2025 12:37:07,113,159,Śląskie,36,Balneologia i medycyna fizykalna,2025/030685,Pozarezydencki,70.91,0.00,17.10.2025 10:56:28,5,NIE,,
j-2025,14,18.11.2025,18.11.2025 12:37:07,114,159,Śląskie,37,Balneologia i medycyna fizykalna,2025/034646,Pozarezydencki,66.36,3.93,20.09.2025 17:55:05,5,NIE,,
j-2025,14,18.11.2025,18.11.2025 12:37:07,114,159,Śląskie,38,Balneologia i medycyna fizykalna,2025/039783,Pozarezydencki,52.73,0.00,29.10.2025 07:45:16,5,NIE,,
j-2025,14,18.11.2025,18.11.2025 12:37:07,114,159,Śląskie,39,Chirurgia dziecięca,2025/038294,Rezydencki,89.52,4.29,30.09.2025 19:56:00,4,NIE,,
j-2025,14,18.11.2025,18.11.2025 12:37:07,114,159,Śląskie,40,Chirurgia dziecięca,2025/039898,Rezydencki,88.81,4.36,28.09.2025 22:18:17,4,NIE,,
j-2025,14,18.11.2025,18.11.2025 12:37:07,114,159,Śląskie,41,Chirurgia dziecięca,2025/039046,Rezydencki,87.14,4.52,28.10.2025 13:25:33,4,NIE,,
j-2025,14,18.11.2025,18.11.2025 12:37:07,114,159,Śląskie,42,Chirurgia dziecięca,2025/039814,Rezydencki,86.47,3.95,29.09.2025 20:01:53,4,NIE,,
j-2025,14,18.11.2025,18.11.2025 12:37:07,114,159,Śląskie,43,Chirurgia klatki piersiowej,2025/039078,Rezydencki,75.84,3.80,15.10.2025 12:20:37,1,NIE,,
j-2025,14,18.11.2025,18.11.2025 12:37:07,114,159,Śląskie,44,Chirurgia naczyniowa,2025/034014,Rezydencki,89.47,4.13,16.10.2025 16:50:48,3,NIE,,
j-2025,14,18.11.2025,18.11.2025 12:37:07,114,159,Śląskie,45,Chirurgia naczyniowa,2025/043001,Rezydencki,88.76,4.89,30.09.2025 21:51:18,3,NIE,,
j-2025,14,18.11.2025,18.11.2025 12:37:07,114,159,Śląskie,46,Chirurgia naczyniowa,2025/039404,Rezydencki,88.04,3.65,07.10.2025 13:45:57,3,NIE,,
j-2025,14,18.11.2025,18.11.2025 12:37:07,114,159,Śląskie,47,Chirurgia ogólna,2025/037247,Rezydencki,89.47,4.13,27.09.2025 00:13:52,34,NIE,,
j-2025,14,18.11.2025,18.11.2025 12:37:07,114,159,Śląskie,48,Chirurgia ogólna,2025/035777,Rezydencki,89.00,4.52,30.09.2025 22:33:01,34,NIE,,
j-2025,14,18.11.2025,18.11.2025 12:37:07,114,159,Śląskie,49,Chirurgia ogólna,2025/037307,Rezydencki,87.92,3.67,25.09.2025 12:35:44,34,NIE,,
j-2025,14,18.11.2025,18.11.2025 12:37:07,114,159,Śląskie,50,Chirurgia ogólna,2025/032146,Rezydencki,86.83,3.92,11.09.2025 12:19:01,34,NIE,,
j-2025,14,18.11.2025,18.11.2025 12:37:07,114,159,Śląskie,51,Chirurgia ogólna,2025/030971,Rezydencki,86.27,3.54,17.10.2025 12:33:21,34,NIE,,
j-2025,14,18.11.2025,18.11.2025 12:37:07,114,159,Śląskie,52,Chirurgia ogólna,2025/036847,Rezydencki,85.71,3.71,21.10.2025 12:34:57,34,NIE,,
j-2025,14,18.11.2025,18.11.2025 12:37:07,114,159,Śląskie,53,Chirurgia ogólna,2025/029542,Rezydencki,85.29,4.11,05.09.2025 09:16:22,34,NIE,,
j-2025,14,18.11.2025,18.11.2025 12:37:07,114,159,Śląskie,54,Chirurgia ogólna,2025/030049,Rezydencki,85.02,4.50,05.09.2025 18:11:21,34,NIE,,
j-2025,14,18.11.2025,18.11.2025 12:37:07,114,159,Śląskie,55,Chirurgia ogólna,2025/030904,Rezydencki,84.76,4.09,24.09.2025 17:02:50,34,NIE,,
j-2025,14,18.11.2025,18.11.2025 12:37:07,114,159,Śląskie,56,Chirurgia ogólna,2025/038258,Rezydencki,84.69,4.22,16.10.2025 11:15:54,34,NIE,,
j-2025,14,18.11.2025,18.11.2025 12:37:07,114,159,Śląskie,57,Chirurgia ogólna,2025/037857,Rezydencki,84.31,4.18,05.10.2025 20:27:14,34,NIE,,
j-2025,14,18.11.2025,18.11.2025 12:37:07,114,159,Śląskie,58,Chirurgia ogólna,2025/040442,Rezydencki,84.06,4.25,29.09.2025 13:22:36,34,NIE,,
j-2025,14,18.11.2025,18.11.2025 12:37:07,114,159,Śląskie,59,Chirurgia ogólna,2025/039411,Rezydencki,83.82,4.28,28.09.2025 18:34:04,34,NIE,,
j-2025,14,18.11.2025,18.11.2025 12:37:07,114,159,Śląskie,60,Chirurgia ogólna,2025/041908,Rezydencki,83.82,4.18,30.09.2025 21:23:37,34,NIE,,
j-2025,14,18.11.2025,18.11.2025 12:37:07,114,159,Śląskie,61,Chirurgia ogólna,2025/037007,Rezydencki,83.81,4.41,30.09.2025 10:29:14,34,NIE,,
j-2025,14,18.11.2025,18.11.2025 12:37:07,114,159,Śląskie,62,Chirurgia ogólna,2025/029635,Rezydencki,83.57,4.08,12.09.2025 15:12:57,34,NIE,,
j-2025,14,18.11.2025,18.11.2025 12:37:07,114,159,Śląskie,63,Chirurgia ogólna,2025/040949,Rezydencki,83.25,3.62,27.10.2025 09:34:08,34,NIE,,
j-2025,14,18.11.2025,18.11.2025 12:37:07,114,159,Śląskie,64,Chirurgia ogólna,2025/040973,Rezydencki,82.86,3.94,29.09.2025 19:13:09,34,NIE,,
j-2025,14,18.11.2025,18.11.2025 12:37:07,114,159,Śląskie,65,Chirurgia ogólna,2025/041275,Rezydencki,81.82,3.97,15.10.2025 20:01:25,34,NIE,,
j-2025,14,18.11.2025,18.11.2025 12:37:07,114,159,Śląskie,66,Chirurgia ogólna,2025/041441,Rezydencki,81.64,4.05,29.09.2025 22:19:47,34,NIE,,
j-2025,14,18.11.2025,18.11.2025 12:37:07,114,159,Śląskie,67,Chirurgia ogólna,2025/037605,Rezydencki,81.37,4.11,17.10.2025 13:28:16,34,NIE,,
j-2025,14,18.11.2025,18.11.2025 12:37:07,114,159,Śląskie,68,Chirurgia ogólna,2025/038029,Rezydencki,80.38,3.92,09.10.2025 12:26:04,34,NIE,,
j-2025,14,18.11.2025,18.11.2025 12:37:07,114,159,Śląskie,69,Chirurgia ogólna,2025/040778,Rezydencki,80.19,4.35,29.09.2025 17:30:21,34,NIE,,
j-2025,14,18.11.2025,18.11.2025 12:37:07,114,159,Śląskie,70,Chirurgia ogólna,2025/034466,Rezydencki,79.71,3.91,19.09.2025 17:50:56,34,NIE,,
j-2025,14,18.11.2025,18.11.2025 12:37:07,114,159,Śląskie,71,Chirurgia ogólna,2025/038023,Rezydencki,78.95,3.57,16.10.2025 23:41:32,34,NIE,,
j-2025,14,18.11.2025,18.11.2025 12:37:07,114,159,Śląskie,72,Chirurgia ogólna,2025/035592,Rezydencki,77.29,3.36,22.09.2025 21:50:13,34,NIE,,
j-2025,14,18.11.2025,18.11.2025 12:37:07,115,159,Śląskie,73,Chirurgia ogólna,2025/038852,Rezydencki,77.03,3.84,30.09.2025 09:50:43,34,NIE,,
j-2025,14,18.11.2025,18.11.2025 12:37:07,115,159,Śląskie,74,Chirurgia ogólna,2025/031149,Rezydencki,75.36,0.00,29.10.2025 13:23:52,34,NIE,,
j-2025,14,18.11.2025,18.11.2025 12:37:07,115,159,Śląskie,75,Chirurgia ogólna,2025/037621,Rezydencki,75.12,3.70,25.09.2025 14:42:33,34,NIE,,
j-2025,14,18.11.2025,18.11.2025 12:37:07,115,159,Śląskie,76,Chirurgia ogólna,2025/029111,Rezydencki,73.81,4.04,26.09.2025 12:25:10,34,NIE,,
j-2025,14,18.11.2025,18.11.2025 12:37:07,115,159,Śląskie,77,Chirurgia ogólna,2025/036669,Rezydencki,73.33,4.11,20.10.2025 14:32:11,34,NIE,,
j-2025,14,18.11.2025,18.11.2025 12:37:07,115,159,Śląskie,78,Chirurgia ogólna,2025/038535,Rezydencki,70.81,4.03,16.10.2025 12:19:43,34,NIE,,
j-2025,14,18.11.2025,18.11.2025 12:37:07,115,159,Śląskie,79,Chirurgia ogólna,2025/032240,Rezydencki,60.95,4.45,17.10.2025 13:03:29,34,NIE,,
j-2025,14,18.11.2025,18.11.2025 12:37:07,115,159,Śląskie,80,Chirurgia ogólna,2025/033663,Rezydencki,55.56,0.00,15.10.2025 13:00:42,34,NIE,,
j-2025,14,18.11.2025,18.11.2025 12:37:07,115,159,Śląskie,81,Chirurgia onkologiczna,2025/042318,Rezydencki,89.00,4.18,30.09.2025 23:18:25,4,NIE,,
j-2025,14,18.11.2025,18.11.2025 12:37:07,115,159,Śląskie,82,Chirurgia onkologiczna,2025/031874,Rezydencki,88.89,4.14,27.09.2025 08:43:13,4,NIE,,
j-2025,14,18.11.2025,18.11.2025 12:37:07,115,159,Śląskie,83,Chirurgia onkologiczna,2025/039789,Rezydencki,85.65,3.49,15.10.2025 16:34:52,4,NIE,,
j-2025,14,18.11.2025,18.11.2025 12:37:07,115,159,Śląskie,84,Chirurgia onkologiczna,2025/031272,Rezydencki,81.34,4.05,17.10.2025 16:38:42,4,NIE,,
j-2025,14,18.11.2025,18.11.2025 12:37:07,115,159,Śląskie,85,Chirurgia onkologiczna,2025/030581,Pozarezydencki,80.23,3.58,24.09.2025 11:29:39,4,NIE,,
j-2025,14,18.11.2025,18.11.2025 12:37:07,115,159,Śląskie,86,Chirurgia onkologiczna,2025/028418,Pozarezydencki,75.45,3.01,17.10.2025 09:03:33,4,NIE,,
j-2025,14,18.11.2025,18.11.2025 12:37:07,115,159,Śląskie,87,Chirurgia onkologiczna,2025/030596,Pozarezydencki,75.23,3.80,28.09.2025 22:15:43,4,NIE,,
j-2025,14,18.11.2025,18.11.2025 12:37:07,115,159,Śląskie,88,Chirurgia onkologiczna,2025/035280,Pozarezydencki,74.32,0.00,19.10.2025 21:56:09,4,NIE,,
j-2025,14,18.11.2025,18.11.2025 12:37:07,115,159,Śląskie,89,Chirurgia plastyczna,2025/041430,Rezydencki,92.82,4.75,30.09.2025 22:06:44,1,NIE,,
j-2025,14,18.11.2025,18.11.2025 12:37:07,115,159,Śląskie,90,Chirurgia stomatologiczna,2025/040387,Rezydencki,90.67,3.69,29.09.2025 12:49:19,5,NIE,,
j-2025,14,18.11.2025,18.11.2025 12:37:07,115,159,Śląskie,91,Chirurgia stomatologiczna,2025/028492,Rezydencki,89.05,4.45,01.09.2025 07:44:57,5,NIE,,
j-2025,14,18.11.2025,18.11.2025 12:37:07,115,159,Śląskie,92,Chirurgia stomatologiczna,2025/036223,Rezydencki,84.69,4.02,25.09.2025 19:08:10,5,NIE,,
j-2025,14,18.11.2025,18.11.2025 12:37:07,115,159,Śląskie,93,Chirurgia stomatologiczna,2025/040059,Rezydencki,84.62,4.33,22.10.2025 13:55:47,5,NIE,,
j-2025,14,18.11.2025,18.11.2025 12:37:07,115,159,Śląskie,94,Chirurgia stomatologiczna,2025/039220,Rezydencki,83.73,4.11,29.09.2025 08:22:58,5,NIE,,
j-2025,14,18.11.2025,18.11.2025 12:37:07,115,159,Śląskie,95,Chirurgia stomatologiczna,2025/033543,Pozarezydencki,79.82,4.35,30.09.2025 09:09:11,1,NIE,,
j-2025,14,18.11.2025,18.11.2025 12:37:07,115,159,Śląskie,96,Chirurgia szczękowo-twarzowa,2025/038148,Rezydencki,83.81,3.83,30.09.2025 13:19:22,2,NIE,,
j-2025,14,18.11.2025,18.11.2025 12:37:07,115,159,Śląskie,97,Chirurgia szczękowo-twarzowa,2025/035598,Rezydencki,83.73,3.93,08.10.2025 07:58:05,2,NIE,,
j-2025,14,18.11.2025,18.11.2025 12:37:07,115,159,Śląskie,98,Choroby płuc,2025/037938,Rezydencki,89.37,4.36,25.09.2025 20:15:58,7,NIE,,
j-2025,14,18.11.2025,18.11.2025 12:37:07,115,159,Śląskie,99,Choroby płuc,2025/029831,Rezydencki,89.00,4.41,30.09.2025 10:49:42,7,NIE,,
j-2025,14,18.11.2025,18.11.2025 12:37:07,115,159,Śląskie,100,Choroby płuc,2025/037887,Rezydencki,88.52,3.95,30.09.2025 21:07:00,7,NIE,,
j-2025,14,18.11.2025,18.11.2025 12:37:07,115,159,Śląskie,101,Choroby płuc,2025/039501,Rezydencki,88.04,3.78,17.10.2025 13:17:00,7,NIE,,
j-2025,14,18.11.2025,18.11.2025 12:37:07,115,159,Śląskie,102,Choroby płuc,2025/042577,Rezydencki,87.80,3.85,18.10.2025 19:24:37,7,NIE,,
j-2025,14,18.11.2025,18.11.2025 12:37:07,115,159,Śląskie,103,Choroby płuc,2025/037866,Rezydencki,87.56,4.10,30.09.2025 20:20:16,7,NIE,,
j-2025,14,18.11.2025,18.11.2025 12:37:07,115,159,Śląskie,104,Choroby płuc,2025/037929,Rezydencki,86.60,3.67,28.09.2025 19:48:06,7,NIE,,
j-2025,14,18.11.2025,18.11.2025 12:37:07,115,159,Śląskie,105,Choroby płuc,2025/036291,Pozarezydencki,77.67,3.93,22.10.2025 22:21:52,2,NIE,,
j-2025,14,18.11.2025,18.11.2025 12:37:07,115,159,Śląskie,106,Choroby płuc,2025/043243,Pozarezydencki,76.64,0.00,21.10.2025 18:26:15,2,NIE,,
j-2025,14,18.11.2025,18.11.2025 12:37:07,115,159,Śląskie,107,Choroby wewnętrzne,2025/028965,Rezydencki,89.47,4.15,30.09.2025 20:44:25,32,NIE,,
j-2025,14,18.11.2025,18.11.2025 12:37:07,115,159,Śląskie,108,Choroby wewnętrzne,2025/033056,Rezydencki,87.92,4.08,30.09.2025 21:16:12,32,NIE,,
j-2025,14,18.11.2025,18.11.2025 12:37:07,116,159,Śląskie,109,Choroby wewnętrzne,2025/040110,Rezydencki,87.56,3.78,17.10.2025 16:59:43,32,NIE,,
j-2025,14,18.11.2025,18.11.2025 12:37:07,116,159,Śląskie,110,Choroby wewnętrzne,2025/040922,Rezydencki,87.32,4.11,30.09.2025 19:40:15,32,NIE,,
j-2025,14,18.11.2025,18.11.2025 12:37:07,116,159,Śląskie,111,Choroby wewnętrzne,2025/035966,Rezydencki,87.14,4.52,17.10.2025 11:04:35,32,NIE,,
j-2025,14,18.11.2025,18.11.2025 12:37:07,116,159,Śląskie,112,Choroby wewnętrzne,2025/039929,Rezydencki,86.67,0.00,30.09.2025 02:15:52,32,NIE,,
j-2025,14,18.11.2025,18.11.2025 12:37:07,116,159,Śląskie,113,Choroby wewnętrzne,2025/034603,Rezydencki,86.47,3.98,28.09.2025 18:53:50,32,NIE,,
j-2025,14,18.11.2025,18.11.2025 12:37:07,116,159,Śląskie,114,Choroby wewnętrzne,2025/030225,Rezydencki,85.75,4.45,24.09.2025 17:39:02,32,NIE,,
j-2025,14,18.11.2025,18.11.2025 12:37:07,116,159,Śląskie,115,Choroby wewnętrzne,2025/037825,Rezydencki,85.65,4.36,30.09.2025 07:14:06,32,NIE,,
j-2025,14,18.11.2025,18.11.2025 12:37:07,116,159,Śląskie,116,Choroby wewnętrzne,2025/033242,Rezydencki,85.51,3.89,20.10.2025 23:44:42,32,NIE,,
j-2025,14,18.11.2025,18.11.2025 12:37:07,116,159,Śląskie,117,Choroby wewnętrzne,2025/032272,Rezydencki,85.24,4.09,30.09.2025 21:05:04,32,NIE,,
j-2025,14,18.11.2025,18.11.2025 12:37:07,116,159,Śląskie,118,Choroby wewnętrzne,2025/029334,Rezydencki,85.00,3.90,08.09.2025 11:10:45,32,NIE,,
j-2025,14,18.11.2025,18.11.2025 12:37:07,116,159,Śląskie,119,Choroby wewnętrzne,2025/036958,Rezydencki,84.21,3.96,15.10.2025 14:22:07,32,NIE,,
j-2025,14,18.11.2025,18.11.2025 12:37:07,116,159,Śląskie,120,Choroby wewnętrzne,2025/033586,Rezydencki,83.33,4.44,22.10.2025 08:26:07,32,NIE,,
j-2025,14,18.11.2025,18.11.2025 12:37:07,116,159,Śląskie,121,Choroby wewnętrzne,2025/030901,Rezydencki,82.86,3.68,25.09.2025 13:40:17,32,NIE,,
j-2025,14,18.11.2025,18.11.2025 12:37:07,116,159,Śląskie,122,Choroby wewnętrzne,2025/038905,Rezydencki,81.71,4.47,17.10.2025 00:05:14,32,NIE,,
j-2025,14,18.11.2025,18.11.2025 12:37:07,116,159,Śląskie,123,Choroby wewnętrzne,2025/035197,Rezydencki,81.64,3.94,14.10.2025 13:50:05,32,NIE,,
j-2025,14,18.11.2025,18.11.2025 12:37:07,116,159,Śląskie,124,Choroby wewnętrzne,2025/038733,Rezydencki,80.38,3.50,17.10.2025 15:51:04,32,NIE,,
j-2025,14,18.11.2025,18.11.2025 12:37:07,116,159,Śląskie,125,Choroby wewnętrzne,2025/041423,Rezydencki,79.90,3.53,30.09.2025 23:33:26,32,NIE,,
j-2025,14,18.11.2025,18.11.2025 12:37:07,116,159,Śląskie,126,Choroby wewnętrzne,2025/041199,Rezydencki,79.43,4.12,30.09.2025 13:57:49,32,NIE,,
j-2025,14,18.11.2025,18.11.2025 12:37:07,116,159,Śląskie,127,Choroby wewnętrzne,2025/040189,Rezydencki,77.78,3.67,16.10.2025 09:36:25,32,NIE,,
j-2025,14,18.11.2025,18.11.2025 12:37:07,116,159,Śląskie,128,Choroby wewnętrzne,2025/034841,Rezydencki,76.81,4.36,16.10.2025 18:05:22,32,NIE,,
j-2025,14,18.11.2025,18.11.2025 12:37:07,116,159,Śląskie,129,Choroby wewnętrzne,2025/033417,Rezydencki,76.67,3.71,23.10.2025 11:50:04,32,NIE,,
j-2025,14,18.11.2025,18.11.2025 12:37:07,116,159,Śląskie,130,Choroby wewnętrzne,2025/038017,Rezydencki,76.33,3.80,27.09.2025 21:59:22,32,NIE,,
j-2025,14,18.11.2025,18.11.2025 12:37:07,116,159,Śląskie,131,Choroby wewnętrzne,2025/038500,Rezydencki,75.60,3.24,26.09.2025 16:19:21,32,NIE,,
j-2025,14,18.11.2025,18.11.2025 12:37:07,116,159,Śląskie,132,Choroby wewnętrzne,2025/035378,Rezydencki,73.04,3.83,29.09.2025 12:33:52,32,NIE,,
j-2025,14,18.11.2025,18.11.2025 12:37:07,116,159,Śląskie,133,Choroby wewnętrzne,2025/033527,Rezydencki,71.50,3.61,16.09.2025 16:39:45,32,NIE,,
j-2025,14,18.11.2025,18.11.2025 12:37:07,116,159,Śląskie,134,Choroby wewnętrzne,2025/038154,Rezydencki,70.81,3.85,15.10.2025 10:50:47,32,NIE,,
j-2025,14,18.11.2025,18.11.2025 12:37:07,116,159,Śląskie,135,Choroby wewnętrzne,2025/038398,Rezydencki,67.14,2.99,30.09.2025 18:21:34,32,NIE,,
j-2025,14,18.11.2025,18.11.2025 12:37:07,116,159,Śląskie,136,Choroby wewnętrzne,2025/036255,Rezydencki,65.22,4.50,25.09.2025 06:55:40,32,NIE,,
j-2025,14,18.11.2025,18.11.2025 12:37:07,116,159,Śląskie,137,Choroby wewnętrzne,2025/028619,Rezydencki,63.81,3.64,26.09.2025 07:52:37,32,NIE,,
j-2025,14,18.11.2025,18.11.2025 12:37:07,116,159,Śląskie,138,Choroby wewnętrzne,2025/034524,Rezydencki,58.82,4.07,28.09.2025 13:15:49,32,NIE,,
j-2025,14,18.11.2025,18.11.2025 12:37:07,116,159,Śląskie,139,Choroby wewnętrzne,2025/040196,Pozarezydencki,65.00,0.00,21.10.2025 09:33:11,4,NIE,,
j-2025,14,18.11.2025,18.11.2025 12:37:07,116,159,Śląskie,140,Choroby wewnętrzne,2025/033318,Pozarezydencki,61.36,3.53,22.10.2025 14:35:17,4,NIE,,
j-2025,14,18.11.2025,18.11.2025 12:37:07,116,159,Śląskie,141,Choroby wewnętrzne,2025/040121,Pozarezydencki,55.05,4.31,29.09.2025 08:37:49,4,NIE,,
j-2025,14,18.11.2025,18.11.2025 12:37:07,116,159,Śląskie,142,Choroby wewnętrzne,2025/037292,Pozarezydencki,36.45,3.55,18.10.2025 23:08:45,4,NIE,,
j-2025,14,18.11.2025,18.11.2025 12:37:07,116,159,Śląskie,143,Choroby zakaźne,2025/041223,Rezydencki,90.73,4.64,29.09.2025 21:04:23,8,NIE,,
j-2025,14,18.11.2025,18.11.2025 12:37:07,116,159,Śląskie,144,Choroby zakaźne,2025/029940,Rezydencki,87.08,4.11,30.09.2025 11:42:14,8,NIE,,
j-2025,14,18.11.2025,18.11.2025 12:37:07,117,159,Śląskie,145,Choroby zakaźne,2025/035791,Rezydencki,85.51,4.39,28.09.2025 23:30:54,8,NIE,,
j-2025,14,18.11.2025,18.11.2025 12:37:07,117,159,Śląskie,146,Choroby zakaźne,2025/040926,Rezydencki,85.17,3.84,16.10.2025 00:15:07,8,NIE,,
j-2025,14,18.11.2025,18.11.2025 12:37:07,117,159,Śląskie,147,Choroby zakaźne,2025/028953,Rezydencki,84.30,3.54,02.09.2025 19:02:53,8,NIE,,
j-2025,14,18.11.2025,18.11.2025 12:37:07,117,159,Śląskie,148,Choroby zakaźne,2025/031409,Rezydencki,81.82,3.70,14.10.2025 20:20:17,8,NIE,,
j-2025,14,18.11.2025,18.11.2025 12:37:07,117,159,Śląskie,149,Choroby zakaźne,2025/038337,Rezydencki,80.86,3.90,26.09.2025 12:58:01,8,NIE,,
j-2025,14,18.11.2025,18.11.2025 12:37:07,117,159,Śląskie,150,Choroby zakaźne,2025/040396,Rezydencki,78.74,3.93,29.09.2025 12:49:51,8,NIE,,
j-2025,14,18.11.2025,18.11.2025 12:37:07,117,159,Śląskie,151,Choroby zakaźne,2025/039615,Pozarezydencki,75.45,3.58,20.10.2025 15:06:54,2,NIE,,
j-2025,14,18.11.2025,18.11.2025 12:37:07,117,159,Śląskie,152,Choroby zakaźne,2025/042017,Pozarezydencki,65.75,0.00,14.10.2025 19:59:57,2,NIE,,
j-2025,14,18.11.2025,18.11.2025 12:37:07,117,159,Śląskie,153,Dermatologia i wenerologia,2025/028539,Rezydencki,92.75,4.40,26.09.2025 09:07:05,2,NIE,,
j-2025,14,18.11.2025,18.11.2025 12:37:07,117,159,Śląskie,154,Dermatologia i wenerologia,2025/030921,Rezydencki,92.38,4.17,30.09.2025 20:36:19,2,NIE,,
j-2025,14,18.11.2025,18.11.2025 12:37:07,117,159,Śląskie,155,Dermatologia i wenerologia,2025/036313,Pozarezydencki,88.84,4.51,30.10.2025 12:12:31,2,NIE,,
j-2025,14,18.11.2025,18.11.2025 12:37:07,117,159,Śląskie,156,Dermatologia i wenerologia,2025/034618,Pozarezydencki,85.12,4.15,16.10.2025 14:04:50,2,NIE,,
j-2025,14,18.11.2025,18.11.2025 12:37:07,117,159,Śląskie,157,Diabetologia,2025/028852,Rezydencki,91.15,4.66,25.09.2025 18:10:45,4,NIE,,
j-2025,14,18.11.2025,18.11.2025 12:37:07,117,159,Śląskie,158,Diabetologia,2025/035554,Rezydencki,90.43,4.46,30.09.2025 16:28:39,4,NIE,,
j-2025,14,18.11.2025,18.11.2025 12:37:07,117,159,Śląskie,159,Diabetologia,2025/042039,Rezydencki,89.95,4.66,30.09.2025 17:38:47,4,NIE,,
j-2025,14,18.11.2025,18.11.2025 12:37:07,117,159,Śląskie,160,Diabetologia,2025/041393,Rezydencki,89.95,4.37,30.09.2025 21:39:38,4,NIE,,
j-2025,14,18.11.2025,18.11.2025 12:37:07,117,159,Śląskie,161,Diabetologia,2025/039008,Pozarezydencki,84.18,0.00,14.10.2025 20:53:18,10,NIE,,
j-2025,14,18.11.2025,18.11.2025 12:37:07,117,159,Śląskie,162,Diabetologia,2025/037339,Pozarezydencki,82.19,4.02,30.09.2025 08:45:07,10,NIE,,
j-2025,14,18.11.2025,18.11.2025 12:37:07,117,159,Śląskie,163,Diabetologia,2025/041003,Pozarezydencki,81.54,4.04,30.10.2025 14:03:11,10,NIE,,
j-2025,14,18.11.2025,18.11.2025 12:37:07,117,159,Śląskie,164,Diabetologia,2025/028447,Pozarezydencki,81.28,0.00,15.10.2025 12:20:06,10,NIE,,
j-2025,14,18.11.2025,18.11.2025 12:37:07,117,159,Śląskie,165,Diabetologia,2025/035662,Pozarezydencki,80.91,4.50,30.09.2025 21:44:28,10,NIE,,
j-2025,14,18.11.2025,18.11.2025 12:37:07,117,159,Śląskie,166,Diabetologia,2025/038250,Pozarezydencki,79.91,0.00,18.10.2025 20:52:01,10,NIE,,
j-2025,14,18.11.2025,18.11.2025 12:37:07,117,159,Śląskie,167,Diabetologia,2025/033192,Pozarezydencki,78.64,4.47,16.09.2025 09:55:48,10,NIE,,
j-2025,14,18.11.2025,18.11.2025 12:37:07,117,159,Śląskie,168,Diabetologia,2025/041866,Pozarezydencki,77.83,0.00,25.10.2025 10:01:28,10,NIE,,
j-2025,14,18.11.2025,18.11.2025 12:37:07,117,159,Śląskie,169,Diabetologia,2025/033054,Pozarezydencki,77.73,3.96,17.09.2025 12:42:21,10,NIE,,
j-2025,14,18.11.2025,18.11.2025 12:37:07,117,159,Śląskie,170,Diabetologia,2025/041070,Pozarezydencki,76.36,3.55,30.10.2025 22:12:22,10,NIE,,
j-2025,14,18.11.2025,18.11.2025 12:37:07,117,159,Śląskie,171,Endokrynologia,2025/038680,Rezydencki,95.69,4.85,30.09.2025 17:07:45,1,NIE,,
j-2025,14,18.11.2025,18.11.2025 12:37:07,117,159,Śląskie,172,Endokrynologia ginekologiczna i rozrodczość,2025/032825,Pozarezydencki,84.55,3.48,17.10.2025 19:08:00,1,NIE,,
j-2025,14,18.11.2025,18.11.2025 12:37:07,117,159,Śląskie,173,Endokrynologia i diabetologia dziecięca,2025/031996,Rezydencki,92.34,4.50,30.09.2025 18:45:17,1,NIE,,
j-2025,14,18.11.2025,18.11.2025 12:37:07,117,159,Śląskie,174,Endokrynologia i diabetologia dziecięca,2025/035702,Pozarezydencki,83.41,4.27,22.10.2025 22:27:32,2,NIE,,
j-2025,14,18.11.2025,18.11.2025 12:37:07,117,159,Śląskie,175,Endokrynologia i diabetologia dziecięca,2025/041758,Pozarezydencki,79.72,3.75,15.10.2025 14:46:27,2,NIE,,
j-2025,14,18.11.2025,18.11.2025 12:37:07,117,159,Śląskie,176,Farmakologia kliniczna,2025/031027,Pozarezydencki,80.00,0.00,19.10.2025 20:11:39,1,NIE,,
j-2025,14,18.11.2025,18.11.2025 12:37:07,117,159,Śląskie,177,Gastroenterologia,2025/042468,Rezydencki,92.34,4.34,30.09.2025 16:27:16,1,NIE,,
j-2025,14,18.11.2025,18.11.2025 12:37:07,117,159,Śląskie,178,Gastroenterologia,2025/034020,Pozarezydencki,89.09,4.10,25.09.2025 18:38:10,6,NIE,,
j-2025,14,18.11.2025,18.11.2025 12:37:07,117,159,Śląskie,179,Gastroenterologia,2025/042538,Pozarezydencki,84.70,4.12,30.09.2025 19:52:42,6,NIE,,
j-2025,14,18.11.2025,18.11.2025 12:37:07,117,159,Śląskie,180,Gastroenterologia,2025/035561,Pozarezydencki,82.19,3.68,16.10.2025 12:04:16,6,NIE,,
j-2025,14,18.11.2025,18.11.2025 12:37:07,118,159,Śląskie,181,Gastroenterologia,2025/030427,Pozarezydencki,80.00,4.08,10.10.2025 20:59:02,6,NIE,,
j-2025,14,18.11.2025,18.11.2025 12:37:07,118,159,Śląskie,182,Gastroenterologia,2025/040863,Pozarezydencki,79.26,0.00,06.10.2025 20:38:23,6,NIE,,
j-2025,14,18.11.2025,18.11.2025 12:37:07,118,159,Śląskie,183,Gastroenterologia,2025/036178,Pozarezydencki,74.77,3.91,24.10.2025 19:02:43,6,NIE,,
j-2025,14,18.11.2025,18.11.2025 12:37:07,118,159,Śląskie,184,Gastroenterologia dziecięca,2025/034941,Rezydencki,89.37,4.37,22.09.2025 22:07:44,1,NIE,,
j-2025,14,18.11.2025,18.11.2025 12:37:07,118,159,Śląskie,185,Gastroenterologia dziecięca,2025/041071,Pozarezydencki,80.23,4.34,27.10.2025 13:08:47,3,NIE,,
j-2025,14,18.11.2025,18.11.2025 12:37:07,118,159,Śląskie,186,Gastroenterologia dziecięca,2025/031279,Pozarezydencki,80.00,4.20,20.10.2025 11:41:46,3,NIE,,
j-2025,14,18.11.2025,18.11.2025 12:37:07,118,159,Śląskie,187,Gastroenterologia dziecięca,2025/035305,Pozarezydencki,78.54,3.41,14.10.2025 21:07:06,3,NIE,,
j-2025,14,18.11.2025,18.11.2025 12:37:07,118,159,Śląskie,188,Geriatria,2025/039883,Rezydencki,87.44,4.24,29.09.2025 20:47:13,3,NIE,,
j-2025,14,18.11.2025,18.11.2025 12:37:07,118,159,Śląskie,189,Geriatria,2025/029336,Rezydencki,87.25,4.28,12.09.2025 19:45:51,3,NIE,,
j-2025,14,18.11.2025,18.11.2025 12:37:07,118,159,Śląskie,190,Geriatria,2025/035546,Rezydencki,80.95,3.70,28.09.2025 10:15:38,3,NIE,,
j-2025,14,18.11.2025,18.11.2025 12:37:07,118,159,Śląskie,191,Geriatria,2025/037553,Pozarezydencki,84.55,0.00,18.10.2025 18:45:51,2,NIE,,
j-2025,14,18.11.2025,18.11.2025 12:37:07,118,159,Śląskie,192,Geriatria,2025/042181,Pozarezydencki,83.18,0.00,30.09.2025 13:30:41,2,NIE,,
j-2025,14,18.11.2025,18.11.2025 12:37:07,118,159,Śląskie,193,Ginekologia onkologiczna,2025/031921,Pozarezydencki,91.36,3.74,21.10.2025 14:07:54,3,NIE,,
j-2025,14,18.11.2025,18.11.2025 12:37:07,118,159,Śląskie,194,Ginekologia onkologiczna,2025/043395,Pozarezydencki,77.59,4.51,20.10.2025 22:39:32,3,NIE,,
j-2025,14,18.11.2025,18.11.2025 12:37:07,118,159,Śląskie,195,Ginekologia onkologiczna,2025/030145,Pozarezydencki,70.91,4.14,04.09.2025 09:24:02,3,NIE,,
j-2025,14,18.11.2025,18.11.2025 12:37:07,118,159,Śląskie,196,Hematologia,2025/032772,Rezydencki,93.54,4.47,30.09.2025 16:11:56,9,NIE,,
j-2025,14,18.11.2025,18.11.2025 12:37:07,118,159,Śląskie,197,Hematologia,2025/031331,Rezydencki,92.38,4.82,23.09.2025 20:34:05,9,NIE,,
j-2025,14,18.11.2025,18.11.2025 12:37:07,118,159,Śląskie,198,Hematologia,2025/033464,Rezydencki,90.34,4.57,28.09.2025 18:32:58,9,NIE,,
j-2025,14,18.11.2025,18.11.2025 12:37:07,118,159,Śląskie,199,Hematologia,2025/036386,Rezydencki,89.47,4.23,30.09.2025 06:56:22,9,NIE,,
j-2025,14,18.11.2025,18.11.2025 12:37:07,118,159,Śląskie,200,Hematologia,2025/041145,Rezydencki,89.47,4.05,18.10.2025 21:36:35,9,NIE,,
j-2025,14,18.11.2025,18.11.2025 12:37:07,118,159,Śląskie,201,Hematologia,2025/036126,Rezydencki,87.44,4.17,25.09.2025 20:52:29,9,NIE,,
j-2025,14,18.11.2025,18.11.2025 12:37:07,118,159,Śląskie,202,Hematologia,2025/036885,Rezydencki,85.17,4.45,30.09.2025 22:35:06,9,NIE,,
j-2025,14,18.11.2025,18.11.2025 12:37:07,118,159,Śląskie,203,Hematologia,2025/037770,Rezydencki,83.09,4.31,29.09.2025 18:33:03,9,NIE,,
j-2025,14,18.11.2025,18.11.2025 12:37:07,118,159,Śląskie,204,Hematologia,2025/034478,Rezydencki,81.90,4.32,30.09.2025 18:58:44,9,NIE,,
j-2025,14,18.11.2025,18.11.2025 12:37:07,118,159,Śląskie,205,Hematologia,2025/040316,Pozarezydencki,75.00,3.79,29.10.2025 14:09:30,2,NIE,,
j-2025,14,18.11.2025,18.11.2025 12:37:07,118,159,Śląskie,206,Hematologia,2025/034559,Pozarezydencki,72.64,0.00,16.10.2025 12:20:47,2,NIE,,
j-2025,14,18.11.2025,18.11.2025 12:37:07,118,159,Śląskie,207,Intensywna terapia,2025/035996,Pozarezydencki,71.82,3.20,22.10.2025 11:48:54,1,NIE,,
j-2025,14,18.11.2025,18.11.2025 12:37:07,118,159,Śląskie,208,Kardiochirurgia,2025/037114,Rezydencki,87.25,4.09,30.09.2025 11:21:20,4,NIE,,
j-2025,14,18.11.2025,18.11.2025 12:37:07,118,159,Śląskie,209,Kardiochirurgia,2025/033558,Rezydencki,83.09,4.43,19.09.2025 12:46:56,4,NIE,,
j-2025,14,18.11.2025,18.11.2025 12:37:07,118,159,Śląskie,210,Kardiochirurgia,2025/030103,Rezydencki,82.86,4.38,26.09.2025 19:26:59,4,NIE,,
j-2025,14,18.11.2025,18.11.2025 12:37:07,118,159,Śląskie,211,Kardiochirurgia,2025/034326,Rezydencki,82.06,3.63,30.09.2025 09:15:12,4,NIE,,
j-2025,14,18.11.2025,18.11.2025 12:37:07,118,159,Śląskie,212,Kardiologia,2025/037852,Rezydencki,92.82,4.08,30.09.2025 11:42:27,15,NIE,,
j-2025,14,18.11.2025,18.11.2025 12:37:07,118,159,Śląskie,213,Kardiologia,2025/040392,Rezydencki,92.34,4.70,30.09.2025 17:13:28,15,NIE,,
j-2025,14,18.11.2025,18.11.2025 12:37:07,118,159,Śląskie,214,Kardiologia,2025/035925,Rezydencki,91.87,4.20,30.09.2025 15:18:20,15,NIE,,
j-2025,14,18.11.2025,18.11.2025 12:37:07,118,159,Śląskie,215,Kardiologia,2025/034923,Rezydencki,91.30,4.75,16.10.2025 14:00:58,15,NIE,,
j-2025,14,18.11.2025,18.11.2025 12:37:07,118,159,Śląskie,216,Kardiologia,2025/035290,Rezydencki,90.93,4.38,25.09.2025 12:46:48,15,NIE,,
j-2025,14,18.11.2025,18.11.2025 12:37:07,119,159,Śląskie,217,Kardiologia,2025/035556,Rezydencki,90.91,4.43,30.09.2025 16:16:40,15,NIE,,
j-2025,14,18.11.2025,18.11.2025 12:37:07,119,159,Śląskie,218,Kardiologia,2025/034892,Rezydencki,90.43,4.03,30.09.2025 20:50:14,15,NIE,,
j-2025,14,18.11.2025,18.11.2025 12:37:07,119,159,Śląskie,219,Kardiologia,2025/041843,Rezydencki,90.19,4.77,30.09.2025 15:35:06,15,NIE,,
j-2025,14,18.11.2025,18.11.2025 12:37:07,119,159,Śląskie,220,Kardiologia,2025/040241,Rezydencki,90.10,4.21,29.09.2025 11:01:19,15,NIE,,
j-2025,14,18.11.2025,18.11.2025 12:37:07,119,159,Śląskie,221,Kardiologia,2025/030991,Rezydencki,89.86,4.55,07.09.2025 18:10:21,15,NIE,,
j-2025,14,18.11.2025,18.11.2025 12:37:07,119,159,Śląskie,222,Kardiologia,2025/036302,Rezydencki,89.47,4.88,30.09.2025 17:12:50,15,NIE,,
j-2025,14,18.11.2025,18.11.2025 12:37:07,119,159,Śląskie,223,Kardiologia,2025/040210,Rezydencki,89.47,4.50,30.09.2025 07:16:54,15,NIE,,
j-2025,14,18.11.2025,18.11.2025 12:37:07,119,159,Śląskie,224,Kardiologia,2025/033184,Rezydencki,89.47,4.29,30.09.2025 22:15:58,15,NIE,,
j-2025,14,18.11.2025,18.11.2025 12:37:07,119,159,Śląskie,225,Kardiologia,2025/035659,Rezydencki,89.46,4.40,30.09.2025 19:03:38,15,NIE,,
j-2025,14,18.11.2025,18.11.2025 12:37:07,119,159,Śląskie,226,Kardiologia,2025/039735,Rezydencki,89.23,4.48,29.09.2025 19:09:52,15,NIE,,
j-2025,14,18.11.2025,18.11.2025 12:37:07,119,159,Śląskie,227,Kardiologia,2025/038411,Pozarezydencki,84.47,4.23,22.10.2025 18:41:12,11,NIE,,
j-2025,14,18.11.2025,18.11.2025 12:37:07,119,159,Śląskie,228,Kardiologia,2025/039138,Pozarezydencki,83.56,3.73,30.09.2025 23:21:46,11,NIE,,
j-2025,14,18.11.2025,18.11.2025 12:37:07,119,159,Śląskie,229,Kardiologia,2025/039896,Pozarezydencki,78.14,3.33,28.09.2025 22:27:51,11,NIE,,
j-2025,14,18.11.2025,18.11.2025 12:37:07,119,159,Śląskie,230,Kardiologia,2025/043219,Pozarezydencki,76.64,0.00,30.09.2025 22:49:37,11,NIE,,
j-2025,14,18.11.2025,18.11.2025 12:37:07,119,159,Śląskie,231,Kardiologia,2025/028822,Pozarezydencki,75.91,3.84,20.10.2025 14:20:20,11,NIE,,
j-2025,14,18.11.2025,18.11.2025 12:37:07,119,159,Śląskie,232,Kardiologia,2025/032281,Pozarezydencki,75.80,3.68,30.09.2025 19:37:53,11,NIE,,
j-2025,14,18.11.2025,18.11.2025 12:37:07,119,159,Śląskie,233,Kardiologia,2025/042889,Pozarezydencki,75.58,4.30,30.09.2025 20:27:02,11,NIE,,
j-2025,14,18.11.2025,18.11.2025 12:37:07,119,159,Śląskie,234,Kardiologia,2025/039254,Pozarezydencki,75.00,0.00,14.10.2025 21:04:50,11,NIE,,
j-2025,14,18.11.2025,18.11.2025 12:37:07,119,159,Śląskie,235,Kardiologia,2025/042842,Pozarezydencki,72.73,0.00,30.10.2025 09:46:01,11,NIE,,
j-2025,14,18.11.2025,18.11.2025 12:37:07,119,159,Śląskie,236,Kardiologia,2025/035152,Pozarezydencki,67.74,4.21,30.09.2025 17:51:22,11,NIE,,
j-2025,14,18.11.2025,18.11.2025 12:37:07,119,159,Śląskie,237,Kardiologia,2025/035097,Pozarezydencki,61.82,0.00,22.09.2025 09:50:58,11,NIE,,
j-2025,14,18.11.2025,18.11.2025 12:37:07,119,159,Śląskie,238,Medycyna nuklearna,2025/031622,Pozarezydencki,82.03,4.05,18.10.2025 17:42:07,2,NIE,,
j-2025,14,18.11.2025,18.11.2025 12:37:07,119,159,Śląskie,239,Medycyna nuklearna,2025/029119,Pozarezydencki,72.48,3.69,15.10.2025 17:56:41,2,NIE,,
j-2025,14,18.11.2025,18.11.2025 12:37:07,119,159,Śląskie,240,Medycyna paliatywna,2025/039976,Pozarezydencki,80.00,3.57,22.10.2025 09:15:51,4,NIE,,
j-2025,14,18.11.2025,18.11.2025 12:37:07,119,159,Śląskie,241,Medycyna paliatywna,2025/043171,Pozarezydencki,78.08,0.00,15.10.2025 18:52:05,4,NIE,,
j-2025,14,18.11.2025,18.11.2025 12:37:07,119,159,Śląskie,242,Medycyna paliatywna,2025/040192,Pozarezydencki,66.36,0.00,29.09.2025 10:37:00,4,NIE,,
j-2025,14,18.11.2025,18.11.2025 12:37:07,119,159,Śląskie,243,Medycyna paliatywna,2025/030928,Pozarezydencki,61.82,3.24,23.10.2025 14:44:52,4,NIE,,
j-2025,14,18.11.2025,18.11.2025 12:37:07,119,159,Śląskie,244,Medycyna pracy,2025/037139,Rezydencki,89.00,4.64,15.10.2025 16:21:53,4,NIE,,
j-2025,14,18.11.2025,18.11.2025 12:37:07,119,159,Śląskie,245,Medycyna pracy,2025/034837,Rezydencki,80.38,3.88,30.09.2025 21:58:09,4,NIE,,
j-2025,14,18.11.2025,18.11.2025 12:37:07,119,159,Śląskie,246,Medycyna pracy,2025/038968,Rezydencki,73.68,4.17,30.09.2025 20:36:31,4,NIE,,
j-2025,14,18.11.2025,18.11.2025 12:37:07,119,159,Śląskie,247,Medycyna pracy,2025/040400,Rezydencki,67.63,3.74,15.10.2025 12:37:43,4,NIE,,
j-2025,14,18.11.2025,18.11.2025 12:37:07,119,159,Śląskie,248,Medycyna pracy,2025/038757,Pozarezydencki,84.55,4.43,16.10.2025 13:40:19,5,NIE,,
j-2025,14,18.11.2025,18.11.2025 12:37:07,119,159,Śląskie,249,Medycyna pracy,2025/039701,Pozarezydencki,78.09,4.14,21.10.2025 23:22:20,5,NIE,,
j-2025,14,18.11.2025,18.11.2025 12:37:07,119,159,Śląskie,250,Medycyna pracy,2025/040395,Pozarezydencki,75.45,4.28,30.09.2025 23:24:21,5,NIE,,
j-2025,14,18.11.2025,18.11.2025 12:37:07,119,159,Śląskie,251,Medycyna pracy,2025/029964,Pozarezydencki,72.25,4.23,20.10.2025 12:58:42,5,NIE,,
j-2025,14,18.11.2025,18.11.2025 12:37:07,119,159,Śląskie,252,Medycyna pracy,2025/031779,Pozarezydencki,66.36,0.00,14.10.2025 10:36:56,5,NIE,,
j-2025,14,18.11.2025,18.11.2025 12:37:07,120,159,Śląskie,253,Medycyna ratunkowa,2025/039198,Rezydencki,86.03,4.23,28.09.2025 08:11:26,3,NIE,,
j-2025,14,18.11.2025,18.11.2025 12:37:07,120,159,Śląskie,254,Medycyna ratunkowa,2025/030168,Rezydencki,85.75,3.57,14.10.2025 20:58:17,3,NIE,,
j-2025,14,18.11.2025,18.11.2025 12:37:07,120,159,Śląskie,255,Medycyna ratunkowa,2025/033355,Rezydencki,83.57,3.76,16.09.2025 10:06:04,3,NIE,,
j-2025,14,18.11.2025,18.11.2025 12:37:07,120,159,Śląskie,256,Medycyna ratunkowa,2025/039316,Pozarezydencki,83.33,3.95,24.10.2025 13:13:47,5,NIE,,
j-2025,14,18.11.2025,18.11.2025 12:37:07,120,159,Śląskie,257,Medycyna ratunkowa,2025/028752,Pozarezydencki,75.45,0.00,17.10.2025 16:47:28,5,NIE,,
j-2025,14,18.11.2025,18.11.2025 12:37:07,120,159,Śląskie,258,Medycyna ratunkowa,2025/031639,Pozarezydencki,50.92,0.00,15.10.2025 12:16:33,5,NIE,,
j-2025,14,18.11.2025,18.11.2025 12:37:07,120,159,Śląskie,259,Medycyna ratunkowa,2025/038980,Pozarezydencki,41.74,3.21,17.10.2025 08:13:06,5,NIE,,
j-2025,14,18.11.2025,18.11.2025 12:37:07,120,159,Śląskie,260,Medycyna ratunkowa,2025/040201,Pozarezydencki,0.00,0.00,28.10.2025 09:01:34,5,NIE,,
j-2025,14,18.11.2025,18.11.2025 12:37:07,120,159,Śląskie,261,Medycyna rodzinna,2025/032771,Rezydencki,90.58,4.45,14.09.2025 15:41:06,35,NIE,,
j-2025,14,18.11.2025,18.11.2025 12:37:07,120,159,Śląskie,262,Medycyna rodzinna,2025/036589,Rezydencki,89.47,3.96,30.09.2025 14:44:27,35,NIE,,
j-2025,14,18.11.2025,18.11.2025 12:37:07,120,159,Śląskie,263,Medycyna rodzinna,2025/028849,Rezydencki,89.37,4.56,10.09.2025 14:24:44,35,NIE,,
j-2025,14,18.11.2025,18.11.2025 12:37:07,120,159,Śląskie,264,Medycyna rodzinna,2025/031399,Rezydencki,89.37,3.86,08.09.2025 22:23:45,35,NIE,,
j-2025,14,18.11.2025,18.11.2025 12:37:07,120,159,Śląskie,265,Medycyna rodzinna,2025/033189,Rezydencki,89.22,4.24,15.10.2025 17:46:02,35,NIE,,
j-2025,14,18.11.2025,18.11.2025 12:37:07,120,159,Śląskie,266,Medycyna rodzinna,2025/034698,Rezydencki,88.16,4.48,30.09.2025 22:24:26,35,NIE,,
j-2025,14,18.11.2025,18.11.2025 12:37:07,120,159,Śląskie,267,Medycyna rodzinna,2025/031545,Rezydencki,87.62,4.57,13.09.2025 20:41:32,35,NIE,,
j-2025,14,18.11.2025,18.11.2025 12:37:07,120,159,Śląskie,268,Medycyna rodzinna,2025/034508,Rezydencki,87.44,4.48,25.09.2025 23:27:17,35,NIE,,
j-2025,14,18.11.2025,18.11.2025 12:37:07,120,159,Śląskie,269,Medycyna rodzinna,2025/034735,Rezydencki,87.20,4.20,30.09.2025 06:29:45,35,NIE,,
j-2025,14,18.11.2025,18.11.2025 12:37:07,120,159,Śląskie,270,Medycyna rodzinna,2025/030274,Rezydencki,86.96,4.53,04.09.2025 13:48:06,35,NIE,,
j-2025,14,18.11.2025,18.11.2025 12:37:07,120,159,Śląskie,271,Medycyna rodzinna,2025/035008,Rezydencki,86.12,4.59,30.09.2025 18:14:24,35,NIE,,
j-2025,14,18.11.2025,18.11.2025 12:37:07,120,159,Śląskie,272,Medycyna rodzinna,2025/028873,Rezydencki,85.99,4.03,09.09.2025 11:05:33,35,NIE,,
j-2025,14,18.11.2025,18.11.2025 12:37:07,120,159,Śląskie,273,Medycyna rodzinna,2025/029089,Rezydencki,85.51,4.26,01.09.2025 21:09:54,35,NIE,,
j-2025,14,18.11.2025,18.11.2025 12:37:07,120,159,Śląskie,274,Medycyna rodzinna,2025/039967,Rezydencki,85.17,4.46,23.10.2025 14:29:34,35,NIE,,
j-2025,14,18.11.2025,18.11.2025 12:37:07,120,159,Śląskie,275,Medycyna rodzinna,2025/040257,Rezydencki,85.05,3.76,14.10.2025 17:21:40,35,NIE,,
j-2025,14,18.11.2025,18.11.2025 12:37:07,120,159,Śląskie,276,Medycyna rodzinna,2025/033148,Rezydencki,84.45,4.02,30.09.2025 14:04:51,35,NIE,,
j-2025,14,18.11.2025,18.11.2025 12:37:07,120,159,Śląskie,277,Medycyna rodzinna,2025/033530,Rezydencki,84.21,4.06,30.09.2025 21:39:06,35,NIE,,
j-2025,14,18.11.2025,18.11.2025 12:37:07,120,159,Śląskie,278,Medycyna rodzinna,2025/036716,Rezydencki,84.21,3.68,30.09.2025 20:58:48,35,NIE,,
j-2025,14,18.11.2025,18.11.2025 12:37:07,120,159,Śląskie,279,Medycyna rodzinna,2025/030863,Rezydencki,83.81,4.00,06.09.2025 21:40:32,35,NIE,,
j-2025,14,18.11.2025,18.11.2025 12:37:07,120,159,Śląskie,280,Medycyna rodzinna,2025/037466,Rezydencki,83.81,3.86,27.09.2025 19:41:38,35,NIE,,
j-2025,14,18.11.2025,18.11.2025 12:37:07,120,159,Śląskie,281,Medycyna rodzinna,2025/035766,Rezydencki,83.33,4.36,17.10.2025 12:01:38,35,NIE,,
j-2025,14,18.11.2025,18.11.2025 12:37:07,120,159,Śląskie,282,Medycyna rodzinna,2025/037949,Rezydencki,83.33,3.61,25.09.2025 20:25:25,35,NIE,,
j-2025,14,18.11.2025,18.11.2025 12:37:07,120,159,Śląskie,283,Medycyna rodzinna,2025/033636,Rezydencki,83.25,3.77,30.09.2025 00:46:14,35,NIE,,
j-2025,14,18.11.2025,18.11.2025 12:37:07,120,159,Śląskie,284,Medycyna rodzinna,2025/040311,Rezydencki,83.25,3.46,30.09.2025 12:14:45,35,NIE,,
j-2025,14,18.11.2025,18.11.2025 12:37:07,120,159,Śląskie,285,Medycyna rodzinna,2025/032873,Rezydencki,83.09,4.28,16.10.2025 12:52:26,35,NIE,,
j-2025,14,18.11.2025,18.11.2025 12:37:07,120,159,Śląskie,286,Medycyna rodzinna,2025/038781,Rezydencki,82.93,2.97,17.10.2025 10:48:29,35,NIE,,
j-2025,14,18.11.2025,18.11.2025 12:37:07,120,159,Śląskie,287,Medycyna rodzinna,2025/041126,Rezydencki,82.30,4.09,30.09.2025 13:57:00,35,NIE,,
j-2025,14,18.11.2025,18.11.2025 12:37:07,120,159,Śląskie,288,Medycyna rodzinna,2025/037221,Rezydencki,82.30,3.74,29.09.2025 20:14:00,35,NIE,,
j-2025,14,18.11.2025,18.11.2025 12:37:07,121,159,Śląskie,289,Medycyna rodzinna,2025/030271,Rezydencki,82.13,4.00,04.09.2025 13:43:16,35,NIE,,
j-2025,14,18.11.2025,18.11.2025 12:37:07,121,159,Śląskie,290,Medycyna rodzinna,2025/029846,Rezydencki,82.11,4.26,30.09.2025 08:18:03,35,NIE,,
j-2025,14,18.11.2025,18.11.2025 12:37:07,121,159,Śląskie,291,Medycyna rodzinna,2025/035407,Rezydencki,81.82,3.92,22.10.2025 13:43:59,35,NIE,,
j-2025,14,18.11.2025,18.11.2025 12:37:07,121,159,Śląskie,292,Medycyna rodzinna,2025/029318,Rezydencki,81.37,3.59,30.09.2025 16:42:19,35,NIE,,
j-2025,14,18.11.2025,18.11.2025 12:37:07,121,159,Śląskie,293,Medycyna rodzinna,2025/030054,Rezydencki,81.16,3.79,20.10.2025 12:25:20,35,NIE,,
j-2025,14,18.11.2025,18.11.2025 12:37:07,121,159,Śląskie,294,Medycyna rodzinna,2025/041283,Rezydencki,80.86,3.38,29.09.2025 21:18:32,35,NIE,,
j-2025,14,18.11.2025,18.11.2025 12:37:07,121,159,Śląskie,295,Medycyna rodzinna,2025/041303,Rezydencki,80.19,3.86,29.09.2025 21:23:45,35,NIE,,
j-2025,14,18.11.2025,18.11.2025 12:37:07,121,159,Śląskie,296,Medycyna rodzinna,2025/041107,Pozarezydencki,79.41,0.00,30.10.2025 09:31:39,7,NIE,,
j-2025,14,18.11.2025,18.11.2025 12:37:07,121,159,Śląskie,297,Medycyna rodzinna,2025/042479,Pozarezydencki,74.89,3.56,30.09.2025 23:22:04,7,NIE,,
j-2025,14,18.11.2025,18.11.2025 12:37:07,121,159,Śląskie,298,Medycyna rodzinna,2025/033514,Pozarezydencki,74.55,3.85,28.09.2025 18:41:35,7,NIE,,
j-2025,14,18.11.2025,18.11.2025 12:37:07,121,159,Śląskie,299,Medycyna rodzinna,2025/034061,Pozarezydencki,70.91,3.98,14.10.2025 17:51:33,7,NIE,,
j-2025,14,18.11.2025,18.11.2025 12:37:07,121,159,Śląskie,300,Medycyna rodzinna,2025/033660,Pozarezydencki,60.51,3.46,22.10.2025 18:51:04,7,NIE,,
j-2025,14,18.11.2025,18.11.2025 12:37:07,121,159,Śląskie,301,Medycyna rodzinna,2025/036358,Pozarezydencki,59.81,0.00,19.10.2025 07:27:14,7,NIE,,
j-2025,14,18.11.2025,18.11.2025 12:37:07,121,159,Śląskie,302,Medycyna rodzinna,2025/029284,Pozarezydencki,0.00,0.00,08.09.2025 12:27:22,7,NIE,,
j-2025,14,18.11.2025,18.11.2025 12:37:07,121,159,Śląskie,303,Mikrobiologia lekarska,2025/038498,Pozarezydencki,64.55,3.86,26.09.2025 22:11:44,1,NIE,,
j-2025,14,18.11.2025,18.11.2025 12:37:07,121,159,Śląskie,304,Nefrologia,2025/028627,Rezydencki,86.47,4.00,01.09.2025 11:00:14,4,NIE,,
j-2025,14,18.11.2025,18.11.2025 12:37:07,121,159,Śląskie,305,Nefrologia,2025/029027,Rezydencki,86.19,4.50,04.09.2025 20:08:41,4,NIE,,
j-2025,14,18.11.2025,18.11.2025 12:37:07,121,159,Śląskie,306,Nefrologia,2025/037075,Rezydencki,85.99,4.22,16.10.2025 16:55:03,4,NIE,,
j-2025,14,18.11.2025,18.11.2025 12:37:07,121,159,Śląskie,307,Nefrologia,2025/029593,Rezydencki,82.54,3.92,30.09.2025 15:38:56,4,NIE,,
j-2025,14,18.11.2025,18.11.2025 12:37:07,121,159,Śląskie,308,Nefrologia,2025/032907,Pozarezydencki,80.00,4.09,23.10.2025 13:53:00,4,NIE,,
j-2025,14,18.11.2025,18.11.2025 12:37:07,121,159,Śląskie,309,Nefrologia,2025/033207,Pozarezydencki,79.32,3.85,26.09.2025 12:20:56,4,NIE,,
j-2025,14,18.11.2025,18.11.2025 12:37:07,121,159,Śląskie,310,Nefrologia,2025/034489,Pozarezydencki,71.59,0.00,19.09.2025 19:22:59,4,NIE,,
j-2025,14,18.11.2025,18.11.2025 12:37:07,121,159,Śląskie,311,Nefrologia,2025/037951,Pozarezydencki,70.91,2.85,17.10.2025 16:18:20,4,NIE,,
j-2025,14,18.11.2025,18.11.2025 12:37:07,121,159,Śląskie,312,Neonatologia,2025/036456,Rezydencki,83.09,3.60,30.09.2025 20:49:16,1,NIE,,
j-2025,14,18.11.2025,18.11.2025 12:37:07,121,159,Śląskie,313,Neurologia,2025/039216,Rezydencki,94.20,4.71,29.09.2025 20:50:44,33,NIE,,
j-2025,14,18.11.2025,18.11.2025 12:37:07,121,159,Śląskie,314,Neurologia,2025/031979,Rezydencki,90.82,4.91,10.09.2025 20:42:11,33,NIE,,
j-2025,14,18.11.2025,18.11.2025 12:37:07,121,159,Śląskie,315,Neurologia,2025/034795,Rezydencki,90.24,4.47,21.09.2025 14:00:26,33,NIE,,
j-2025,14,18.11.2025,18.11.2025 12:37:07,121,159,Śląskie,316,Neurologia,2025/028869,Rezydencki,88.89,4.31,25.09.2025 13:42:41,33,NIE,,
j-2025,14,18.11.2025,18.11.2025 12:37:07,121,159,Śląskie,317,Neurologia,2025/039782,Rezydencki,88.57,4.09,30.09.2025 20:25:26,33,NIE,,
j-2025,14,18.11.2025,18.11.2025 12:37:07,121,159,Śląskie,318,Neurologia,2025/037248,Rezydencki,88.24,4.39,24.09.2025 23:49:24,33,NIE,,
j-2025,14,18.11.2025,18.11.2025 12:37:07,121,159,Śląskie,319,Neurologia,2025/039672,Rezydencki,88.16,3.83,23.10.2025 19:01:28,33,NIE,,
j-2025,14,18.11.2025,18.11.2025 12:37:07,121,159,Śląskie,320,Neurologia,2025/039303,Rezydencki,88.04,4.40,30.09.2025 00:07:55,33,NIE,,
j-2025,14,18.11.2025,18.11.2025 12:37:07,121,159,Śląskie,321,Neurologia,2025/036748,Rezydencki,88.04,3.87,30.09.2025 17:26:52,33,NIE,,
j-2025,14,18.11.2025,18.11.2025 12:37:07,121,159,Śląskie,322,Neurologia,2025/040540,Rezydencki,87.62,4.19,22.10.2025 10:42:40,33,NIE,,
j-2025,14,18.11.2025,18.11.2025 12:37:07,121,159,Śląskie,323,Neurologia,2025/040923,Rezydencki,87.32,3.91,30.09.2025 18:56:59,33,NIE,,
j-2025,14,18.11.2025,18.11.2025 12:37:07,121,159,Śląskie,324,Neurologia,2025/036089,Rezydencki,86.36,4.13,30.09.2025 00:34:14,33,NIE,,
j-2025,14,18.11.2025,18.11.2025 12:37:07,122,159,Śląskie,325,Neurologia,2025/033981,Rezydencki,85.71,4.30,20.09.2025 12:17:32,33,NIE,,
j-2025,14,18.11.2025,18.11.2025 12:37:07,122,159,Śląskie,326,Neurologia,2025/028721,Rezydencki,85.51,4.30,24.09.2025 16:47:30,33,NIE,,
j-2025,14,18.11.2025,18.11.2025 12:37:07,122,159,Śląskie,327,Neurologia,2025/033541,Rezydencki,85.02,4.23,16.10.2025 13:31:38,33,NIE,,
j-2025,14,18.11.2025,18.11.2025 12:37:07,122,159,Śląskie,328,Neurologia,2025/040583,Rezydencki,84.54,3.78,30.09.2025 17:15:50,33,NIE,,
j-2025,14,18.11.2025,18.11.2025 12:37:07,122,159,Śląskie,329,Neurologia,2025/032782,Rezydencki,84.21,4.19,16.10.2025 14:47:24,33,NIE,,
j-2025,14,18.11.2025,18.11.2025 12:37:07,122,159,Śląskie,330,Neurologia,2025/029970,Rezydencki,84.21,3.74,30.09.2025 08:44:08,33,NIE,,
j-2025,14,18.11.2025,18.11.2025 12:37:07,122,159,Śląskie,331,Neurologia,2025/039409,Rezydencki,83.73,4.19,30.09.2025 12:07:20,33,NIE,,
j-2025,14,18.11.2025,18.11.2025 12:37:07,122,159,Śląskie,332,Neurologia,2025/041687,Rezydencki,83.73,4.06,30.09.2025 22:15:10,33,NIE,,
j-2025,14,18.11.2025,18.11.2025 12:37:07,122,159,Śląskie,333,Neurologia,2025/041252,Rezydencki,83.33,4.18,29.09.2025 21:12:48,33,NIE,,
j-2025,14,18.11.2025,18.11.2025 12:37:07,122,159,Śląskie,334,Neurologia,2025/034468,Rezydencki,82.86,3.81,30.09.2025 16:03:57,33,NIE,,
j-2025,14,18.11.2025,18.11.2025 12:37:07,122,159,Śląskie,335,Neurologia,2025/031177,Rezydencki,82.54,3.92,23.10.2025 09:17:59,33,NIE,,
j-2025,14,18.11.2025,18.11.2025 12:37:07,122,159,Śląskie,336,Neurologia,2025/039828,Rezydencki,81.82,4.48,30.09.2025 17:58:57,33,NIE,,
j-2025,14,18.11.2025,18.11.2025 12:37:07,122,159,Śląskie,337,Neurologia,2025/031655,Rezydencki,79.90,4.06,30.09.2025 00:53:59,33,NIE,,
j-2025,14,18.11.2025,18.11.2025 12:37:07,122,159,Śląskie,338,Neurologia,2025/038246,Rezydencki,79.90,3.83,16.10.2025 11:36:45,33,NIE,,
j-2025,14,18.11.2025,18.11.2025 12:37:07,122,159,Śląskie,339,Neurologia,2025/037263,Rezydencki,78.95,4.44,14.10.2025 15:11:28,33,NIE,,
j-2025,14,18.11.2025,18.11.2025 12:37:07,122,159,Śląskie,340,Neurologia,2025/029188,Rezydencki,76.33,0.00,17.10.2025 12:04:58,33,NIE,,
j-2025,14,18.11.2025,18.11.2025 12:37:07,122,159,Śląskie,341,Neurologia,2025/040983,Rezydencki,72.86,3.77,22.10.2025 10:18:53,33,NIE,,
j-2025,14,18.11.2025,18.11.2025 12:37:07,122,159,Śląskie,342,Neurologia,2025/040892,Rezydencki,72.46,3.86,18.10.2025 14:32:00,33,NIE,,
j-2025,14,18.11.2025,18.11.2025 12:37:07,122,159,Śląskie,343,Neurologia,2025/042868,Rezydencki,70.33,4.22,30.09.2025 20:16:08,33,NIE,,
j-2025,14,18.11.2025,18.11.2025 12:37:07,122,159,Śląskie,344,Neurologia,2025/040832,Rezydencki,67.16,4.26,29.09.2025 18:03:25,33,NIE,,
j-2025,14,18.11.2025,18.11.2025 12:37:07,122,159,Śląskie,345,Neurologia,2025/040235,Rezydencki,60.00,2.92,21.10.2025 14:55:39,33,NIE,,
j-2025,14,18.11.2025,18.11.2025 12:37:07,122,159,Śląskie,346,Neurologia,2025/039430,Pozarezydencki,81.11,4.06,30.09.2025 15:22:52,2,NIE,,
j-2025,14,18.11.2025,18.11.2025 12:37:07,122,159,Śląskie,347,Neurologia,2025/041613,Pozarezydencki,63.68,0.00,18.10.2025 19:03:45,2,NIE,,
j-2025,14,18.11.2025,18.11.2025 12:37:07,122,159,Śląskie,348,Neurologia dziecięca,2025/028586,Pozarezydencki,80.00,4.07,18.10.2025 13:24:18,2,NIE,,
j-2025,14,18.11.2025,18.11.2025 12:37:07,122,159,Śląskie,349,Neurologia dziecięca,2025/032876,Pozarezydencki,66.36,0.00,21.10.2025 21:47:00,2,NIE,,
j-2025,14,18.11.2025,18.11.2025 12:37:07,122,159,Śląskie,350,Okulistyka,2025/038640,Rezydencki,93.78,4.47,30.09.2025 14:38:19,11,NIE,,
j-2025,14,18.11.2025,18.11.2025 12:37:07,122,159,Śląskie,351,Okulistyka,2025/030987,Rezydencki,92.75,4.52,28.09.2025 20:19:30,11,NIE,,
j-2025,14,18.11.2025,18.11.2025 12:37:07,122,159,Śląskie,352,Okulistyka,2025/030762,Rezydencki,91.79,4.42,06.09.2025 09:45:26,11,NIE,,
j-2025,14,18.11.2025,18.11.2025 12:37:07,122,159,Śląskie,353,Okulistyka,2025/041045,Rezydencki,91.30,4.34,21.10.2025 19:27:02,11,NIE,,
j-2025,14,18.11.2025,18.11.2025 12:37:07,122,159,Śląskie,354,Okulistyka,2025/028604,Rezydencki,90.73,4.48,28.10.2025 10:20:33,11,NIE,,
j-2025,14,18.11.2025,18.11.2025 12:37:07,122,159,Śląskie,355,Okulistyka,2025/035705,Rezydencki,90.48,4.07,30.09.2025 20:48:10,11,NIE,,
j-2025,14,18.11.2025,18.11.2025 12:37:07,122,159,Śląskie,356,Okulistyka,2025/043318,Rezydencki,89.95,3.83,30.09.2025 23:14:07,11,NIE,,
j-2025,14,18.11.2025,18.11.2025 12:37:07,122,159,Śląskie,357,Okulistyka,2025/039702,Rezydencki,89.47,4.70,30.09.2025 17:48:17,11,NIE,,
j-2025,14,18.11.2025,18.11.2025 12:37:07,122,159,Śląskie,358,Okulistyka,2025/038455,Rezydencki,89.47,4.55,30.09.2025 15:13:05,11,NIE,,
j-2025,14,18.11.2025,18.11.2025 12:37:07,122,159,Śląskie,359,Okulistyka,2025/037222,Rezydencki,89.47,4.25,30.09.2025 17:14:49,11,NIE,,
j-2025,14,18.11.2025,18.11.2025 12:37:07,122,159,Śląskie,360,Okulistyka,2025/039543,Rezydencki,89.47,4.20,30.09.2025 09:19:32,11,NIE,,
j-2025,14,18.11.2025,18.11.2025 12:37:07,123,159,Śląskie,361,Okulistyka,2025/043002,Pozarezydencki,82.19,3.97,30.09.2025 21:14:28,15,NIE,,
j-2025,14,18.11.2025,18.11.2025 12:37:07,123,159,Śląskie,362,Okulistyka,2025/036866,Pozarezydencki,81.51,3.44,15.10.2025 12:31:59,15,NIE,,
j-2025,14,18.11.2025,18.11.2025 12:37:07,123,159,Śląskie,363,Okulistyka,2025/040516,Pozarezydencki,81.28,3.82,17.10.2025 10:52:14,15,NIE,,
j-2025,14,18.11.2025,18.11.2025 12:37:07,123,159,Śląskie,364,Okulistyka,2025/042770,Pozarezydencki,80.82,4.10,30.09.2025 19:38:12,15,NIE,,
j-2025,14,18.11.2025,18.11.2025 12:37:07,123,159,Śląskie,365,Okulistyka,2025/041903,Pozarezydencki,80.37,4.02,21.10.2025 12:36:29,15,NIE,,
j-2025,14,18.11.2025,18.11.2025 12:37:07,123,159,Śląskie,366,Okulistyka,2025/033391,Pozarezydencki,80.18,3.80,16.10.2025 19:05:27,15,NIE,,
j-2025,14,18.11.2025,18.11.2025 12:37:07,123,159,Śląskie,367,Okulistyka,2025/042702,Pozarezydencki,79.91,3.86,30.09.2025 23:24:06,15,NIE,,
j-2025,14,18.11.2025,18.11.2025 12:37:07,123,159,Śląskie,368,Okulistyka,2025/039480,Pozarezydencki,79.45,3.84,30.09.2025 20:48:24,15,NIE,,
j-2025,14,18.11.2025,18.11.2025 12:37:07,123,159,Śląskie,369,Okulistyka,2025/031672,Pozarezydencki,79.22,3.97,28.10.2025 14:39:33,15,NIE,,
j-2025,14,18.11.2025,18.11.2025 12:37:07,123,159,Śląskie,370,Okulistyka,2025/039095,Pozarezydencki,79.09,3.89,15.10.2025 16:29:19,15,NIE,,
j-2025,14,18.11.2025,18.11.2025 12:37:07,123,159,Śląskie,371,Okulistyka,2025/036766,Pozarezydencki,79.09,3.63,30.09.2025 10:19:04,15,NIE,,
j-2025,14,18.11.2025,18.11.2025 12:37:07,123,159,Śląskie,372,Okulistyka,2025/042762,Pozarezydencki,78.34,3.87,17.10.2025 14:24:05,15,NIE,,
j-2025,14,18.11.2025,18.11.2025 12:37:07,123,159,Śląskie,373,Okulistyka,2025/041788,Pozarezydencki,75.00,3.60,30.09.2025 20:50:59,15,NIE,,
j-2025,14,18.11.2025,18.11.2025 12:37:07,123,159,Śląskie,374,Okulistyka,2025/040378,Pozarezydencki,73.73,3.93,29.10.2025 21:54:27,15,NIE,,
j-2025,14,18.11.2025,18.11.2025 12:37:07,123,159,Śląskie,375,Okulistyka,2025/040330,Pozarezydencki,73.52,3.56,07.10.2025 13:14:44,15,NIE,,
j-2025,14,18.11.2025,18.11.2025 12:37:07,123,159,Śląskie,376,Onkologia i hematologia dziecięca,2025/041863,Rezydencki,87.92,4.73,30.09.2025 09:18:52,2,NIE,,
j-2025,14,18.11.2025,18.11.2025 12:37:07,123,159,Śląskie,377,Onkologia i hematologia dziecięca,2025/042745,Rezydencki,85.99,4.02,30.09.2025 19:20:51,2,NIE,,
j-2025,14,18.11.2025,18.11.2025 12:37:07,123,159,Śląskie,378,Onkologia kliniczna,2025/039107,Rezydencki,87.92,4.13,30.09.2025 10:30:17,8,NIE,,
j-2025,14,18.11.2025,18.11.2025 12:37:07,123,159,Śląskie,379,Onkologia kliniczna,2025/039818,Rezydencki,86.60,3.84,30.09.2025 21:27:18,8,NIE,,
j-2025,14,18.11.2025,18.11.2025 12:37:07,123,159,Śląskie,380,Onkologia kliniczna,2025/036136,Rezydencki,86.36,4.21,30.09.2025 11:01:31,8,NIE,,
j-2025,14,18.11.2025,18.11.2025 12:37:07,123,159,Śląskie,381,Onkologia kliniczna,2025/041344,Rezydencki,85.17,3.50,29.09.2025 21:39:00,8,NIE,,
j-2025,14,18.11.2025,18.11.2025 12:37:07,123,159,Śląskie,382,Onkologia kliniczna,2025/028656,Rezydencki,84.78,4.36,26.09.2025 11:59:23,8,NIE,,
j-2025,14,18.11.2025,18.11.2025 12:37:07,123,159,Śląskie,383,Onkologia kliniczna,2025/038808,Rezydencki,84.54,3.71,27.09.2025 10:40:45,8,NIE,,
j-2025,14,18.11.2025,18.11.2025 12:37:07,123,159,Śląskie,384,Onkologia kliniczna,2025/038931,Rezydencki,83.25,4.40,30.09.2025 16:18:42,8,NIE,,
j-2025,14,18.11.2025,18.11.2025 12:37:07,123,159,Śląskie,385,Onkologia kliniczna,2025/039402,Rezydencki,75.71,3.56,29.09.2025 16:40:23,8,NIE,,
j-2025,14,18.11.2025,18.11.2025 12:37:07,123,159,Śląskie,386,Onkologia kliniczna,2025/040388,Pozarezydencki,80.00,0.00,21.10.2025 13:13:54,2,NIE,,
j-2025,14,18.11.2025,18.11.2025 12:37:07,123,159,Śląskie,387,Onkologia kliniczna,2025/031239,Pozarezydencki,58.41,3.56,20.10.2025 14:15:03,2,NIE,,
j-2025,14,18.11.2025,18.11.2025 12:37:07,123,159,Śląskie,388,Ortodoncja,2025/029579,Rezydencki,88.94,4.79,05.09.2025 20:45:53,2,NIE,,
j-2025,14,18.11.2025,18.11.2025 12:37:07,123,159,Śląskie,389,Ortodoncja,2025/033463,Rezydencki,87.14,3.96,16.09.2025 14:00:06,2,NIE,,
j-2025,14,18.11.2025,18.11.2025 12:37:07,123,159,Śląskie,390,Ortodoncja,2025/034312,Pozarezydencki,82.73,3.09,30.10.2025 09:44:07,1,NIE,,
j-2025,14,18.11.2025,18.11.2025 12:37:07,123,159,Śląskie,391,Ortopedia i traumatologia narządu ruchu,2025/035675,Rezydencki,90.82,4.61,16.10.2025 10:46:06,11,NIE,,
j-2025,14,18.11.2025,18.11.2025 12:37:07,123,159,Śląskie,392,Ortopedia i traumatologia narządu ruchu,2025/042322,Rezydencki,88.04,4.48,30.09.2025 23:23:00,11,NIE,,
j-2025,14,18.11.2025,18.11.2025 12:37:07,123,159,Śląskie,393,Ortopedia i traumatologia narządu ruchu,2025/032783,Rezydencki,87.38,3.80,14.09.2025 16:13:47,11,NIE,,
j-2025,14,18.11.2025,18.11.2025 12:37:07,123,159,Śląskie,394,Ortopedia i traumatologia narządu ruchu,2025/033200,Rezydencki,87.01,4.64,28.09.2025 21:36:37,11,NIE,,
j-2025,14,18.11.2025,18.11.2025 12:37:07,123,159,Śląskie,395,Ortopedia i traumatologia narządu ruchu,2025/042689,Rezydencki,86.96,4.57,30.09.2025 19:04:20,11,NIE,,
j-2025,14,18.11.2025,18.11.2025 12:37:07,123,159,Śląskie,396,Ortopedia i traumatologia narządu ruchu,2025/029584,Rezydencki,86.19,3.95,28.09.2025 17:17:01,11,NIE,,
j-2025,14,18.11.2025,18.11.2025 12:37:07,124,159,Śląskie,397,Ortopedia i traumatologia narządu ruchu,2025/029729,Rezydencki,86.12,3.89,30.09.2025 20:10:19,11,NIE,,
j-2025,14,18.11.2025,18.11.2025 12:37:07,124,159,Śląskie,398,Ortopedia i traumatologia narządu ruchu,2025/042319,Rezydencki,86.12,3.62,10.10.2025 21:11:59,11,NIE,,
j-2025,14,18.11.2025,18.11.2025 12:37:07,124,159,Śląskie,399,Ortopedia i traumatologia narządu ruchu,2025/039879,Rezydencki,86.12,3.49,29.09.2025 23:47:36,11,NIE,,
j-2025,14,18.11.2025,18.11.2025 12:37:07,124,159,Śląskie,400,Ortopedia i traumatologia narządu ruchu,2025/033788,Rezydencki,86.03,4.02,28.09.2025 13:26:43,11,NIE,,
j-2025,14,18.11.2025,18.11.2025 12:37:07,124,159,Śląskie,401,Ortopedia i traumatologia narządu ruchu,2025/041109,Rezydencki,85.99,4.00,29.09.2025 20:18:23,11,NIE,,
j-2025,14,18.11.2025,18.11.2025 12:37:07,124,159,Śląskie,402,Ortopedia i traumatologia narządu ruchu,2025/037289,Pozarezydencki,79.91,3.85,20.10.2025 13:09:07,7,NIE,,
j-2025,14,18.11.2025,18.11.2025 12:37:07,124,159,Śląskie,403,Ortopedia i traumatologia narządu ruchu,2025/037748,Pozarezydencki,79.68,3.94,30.09.2025 21:06:53,7,NIE,,
j-2025,14,18.11.2025,18.11.2025 12:37:07,124,159,Śląskie,404,Ortopedia i traumatologia narządu ruchu,2025/034968,Pozarezydencki,76.03,3.76,20.10.2025 11:07:30,7,NIE,,
j-2025,14,18.11.2025,18.11.2025 12:37:07,124,159,Śląskie,405,Ortopedia i traumatologia narządu ruchu,2025/038383,Pozarezydencki,69.86,0.00,30.09.2025 19:00:45,7,NIE,,
j-2025,14,18.11.2025,18.11.2025 12:37:07,124,159,Śląskie,406,Ortopedia i traumatologia narządu ruchu,2025/037884,Pozarezydencki,63.59,3.39,30.09.2025 21:25:09,7,NIE,,
j-2025,14,18.11.2025,18.11.2025 12:37:07,124,159,Śląskie,407,Ortopedia i traumatologia narządu ruchu,2025/037161,Pozarezydencki,60.73,3.02,21.10.2025 03:17:13,7,NIE,,
j-2025,14,18.11.2025,18.11.2025 12:37:07,124,159,Śląskie,408,Ortopedia i traumatologia narządu ruchu,2025/038472,Pozarezydencki,59.45,3.92,26.09.2025 15:35:15,7,NIE,,
j-2025,14,18.11.2025,18.11.2025 12:37:07,124,159,Śląskie,409,Otorynolaryngologia,2025/042593,Rezydencki,93.54,4.52,30.09.2025 17:58:27,5,NIE,,
j-2025,14,18.11.2025,18.11.2025 12:37:07,124,159,Śląskie,410,Otorynolaryngologia,2025/040901,Rezydencki,92.34,4.17,30.09.2025 18:16:31,5,NIE,,
j-2025,14,18.11.2025,18.11.2025 12:37:07,124,159,Śląskie,411,Otorynolaryngologia,2025/040878,Rezydencki,91.67,4.41,15.10.2025 16:31:41,5,NIE,,
j-2025,14,18.11.2025,18.11.2025 12:37:07,124,159,Śląskie,412,Otorynolaryngologia,2025/036772,Rezydencki,90.43,4.47,30.09.2025 14:19:42,5,NIE,,
j-2025,14,18.11.2025,18.11.2025 12:37:07,124,159,Śląskie,413,Otorynolaryngologia,2025/031171,Rezydencki,90.43,4.17,30.09.2025 15:10:56,5,NIE,,
j-2025,14,18.11.2025,18.11.2025 12:37:07,124,159,Śląskie,414,Otorynolaryngologia,2025/037223,Pozarezydencki,82.19,3.30,30.09.2025 18:19:01,1,NIE,,
j-2025,14,18.11.2025,18.11.2025 12:37:07,124,159,Śląskie,415,Otorynolaryngologia dziecięca,2025/040389,Pozarezydencki,69.18,2.97,16.10.2025 09:16:43,1,NIE,,
j-2025,14,18.11.2025,18.11.2025 12:37:07,124,159,Śląskie,416,Patomorfologia,2025/035474,Rezydencki,85.85,3.89,15.10.2025 15:41:27,2,NIE,,
j-2025,14,18.11.2025,18.11.2025 12:37:07,124,159,Śląskie,417,Patomorfologia,2025/031343,Rezydencki,83.17,4.17,27.10.2025 20:30:05,2,NIE,,
j-2025,14,18.11.2025,18.11.2025 12:37:07,124,159,Śląskie,418,Patomorfologia,2025/029903,Pozarezydencki,54.21,3.52,21.10.2025 20:55:57,1,NIE,,
j-2025,14,18.11.2025,18.11.2025 12:37:07,124,159,Śląskie,419,Pediatria,2025/037881,Rezydencki,93.06,4.47,27.09.2025 22:19:30,38,NIE,,
j-2025,14,18.11.2025,18.11.2025 12:37:07,124,159,Śląskie,420,Pediatria,2025/034180,Rezydencki,90.91,4.32,30.09.2025 08:17:01,38,NIE,,
j-2025,14,18.11.2025,18.11.2025 12:37:07,124,159,Śląskie,421,Pediatria,2025/035219,Rezydencki,89.13,4.75,22.09.2025 12:14:37,38,NIE,,
j-2025,14,18.11.2025,18.11.2025 12:37:07,124,159,Śląskie,422,Pediatria,2025/031619,Rezydencki,88.81,4.50,24.09.2025 17:22:22,38,NIE,,
j-2025,14,18.11.2025,18.11.2025 12:37:07,124,159,Śląskie,423,Pediatria,2025/030695,Rezydencki,88.73,4.32,24.09.2025 16:18:14,38,NIE,,
j-2025,14,18.11.2025,18.11.2025 12:37:07,124,159,Śląskie,424,Pediatria,2025/038694,Rezydencki,88.52,4.23,30.09.2025 16:21:42,38,NIE,,
j-2025,14,18.11.2025,18.11.2025 12:37:07,124,159,Śląskie,425,Pediatria,2025/037732,Rezydencki,88.41,4.61,29.09.2025 21:24:31,38,NIE,,
j-2025,14,18.11.2025,18.11.2025 12:37:07,124,159,Śląskie,426,Pediatria,2025/035604,Rezydencki,88.41,4.53,22.09.2025 21:46:37,38,NIE,,
j-2025,14,18.11.2025,18.11.2025 12:37:07,124,159,Śląskie,427,Pediatria,2025/035426,Rezydencki,88.10,4.57,26.09.2025 18:03:00,38,NIE,,
j-2025,14,18.11.2025,18.11.2025 12:37:07,124,159,Śląskie,428,Pediatria,2025/039721,Rezydencki,88.04,4.13,28.09.2025 20:55:55,38,NIE,,
j-2025,14,18.11.2025,18.11.2025 12:37:07,124,159,Śląskie,429,Pediatria,2025/039137,Rezydencki,87.56,3.97,30.09.2025 17:44:31,38,NIE,,
j-2025,14,18.11.2025,18.11.2025 12:37:07,124,159,Śląskie,430,Pediatria,2025/035291,Rezydencki,86.96,3.95,26.09.2025 14:15:13,38,NIE,,
j-2025,14,18.11.2025,18.11.2025 12:37:07,124,159,Śląskie,431,Pediatria,2025/039426,Rezydencki,86.90,4.33,30.09.2025 16:40:12,38,NIE,,
j-2025,14,18.11.2025,18.11.2025 12:37:07,124,159,Śląskie,432,Pediatria,2025/039160,Rezydencki,86.90,4.00,18.10.2025 08:56:22,38,NIE,,
j-2025,14,18.11.2025,18.11.2025 12:37:07,125,159,Śląskie,433,Pediatria,2025/035004,Rezydencki,86.36,3.60,29.09.2025 22:27:40,38,NIE,,
j-2025,14,18.11.2025,18.11.2025 12:37:07,125,159,Śląskie,434,Pediatria,2025/036118,Rezydencki,85.65,4.06,17.10.2025 10:58:10,38,NIE,,
j-2025,14,18.11.2025,18.11.2025 12:37:07,125,159,Śląskie,435,Pediatria,2025/033577,Rezydencki,85.51,3.95,16.09.2025 19:17:07,38,NIE,,
j-2025,14,18.11.2025,18.11.2025 12:37:07,125,159,Śląskie,436,Pediatria,2025/035525,Rezydencki,84.54,4.75,24.09.2025 16:07:15,38,NIE,,
j-2025,14,18.11.2025,18.11.2025 12:37:07,125,159,Śląskie,437,Pediatria,2025/038789,Rezydencki,83.25,4.11,30.09.2025 13:59:24,38,NIE,,
j-2025,14,18.11.2025,18.11.2025 12:37:07,125,159,Śląskie,438,Pediatria,2025/042530,Rezydencki,83.01,4.05,30.09.2025 19:52:45,38,NIE,,
j-2025,14,18.11.2025,18.11.2025 12:37:07,125,159,Śląskie,439,Pediatria,2025/028839,Rezydencki,82.86,4.18,04.09.2025 20:02:52,38,NIE,,
j-2025,14,18.11.2025,18.11.2025 12:37:07,125,159,Śląskie,440,Pediatria,2025/041479,Rezydencki,82.78,3.37,30.09.2025 20:12:17,38,NIE,,
j-2025,14,18.11.2025,18.11.2025 12:37:07,125,159,Śląskie,441,Pediatria,2025/038809,Rezydencki,82.30,3.46,30.09.2025 15:26:52,38,NIE,,
j-2025,14,18.11.2025,18.11.2025 12:37:07,125,159,Śląskie,442,Pediatria,2025/030725,Rezydencki,81.82,4.21,15.10.2025 15:19:37,38,NIE,,
j-2025,14,18.11.2025,18.11.2025 12:37:07,125,159,Śląskie,443,Pediatria,2025/039900,Rezydencki,81.82,3.51,28.09.2025 22:08:22,38,NIE,,
j-2025,14,18.11.2025,18.11.2025 12:37:07,125,159,Śląskie,444,Pediatria,2025/035226,Rezydencki,81.34,3.33,25.09.2025 10:51:34,38,NIE,,
j-2025,14,18.11.2025,18.11.2025 12:37:07,125,159,Śląskie,445,Pediatria,2025/029169,Rezydencki,81.16,4.17,28.09.2025 23:27:24,38,NIE,,
j-2025,14,18.11.2025,18.11.2025 12:37:07,125,159,Śląskie,446,Pediatria,2025/037921,Rezydencki,80.95,3.47,28.09.2025 19:47:12,38,NIE,,
j-2025,14,18.11.2025,18.11.2025 12:37:07,125,159,Śląskie,447,Pediatria,2025/035012,Rezydencki,80.92,3.70,30.10.2025 07:45:05,38,NIE,,
j-2025,14,18.11.2025,18.11.2025 12:37:07,125,159,Śląskie,448,Pediatria,2025/037238,Rezydencki,76.56,3.50,30.09.2025 00:28:00,38,NIE,,
j-2025,14,18.11.2025,18.11.2025 12:37:07,125,159,Śląskie,449,Pediatria,2025/038085,Rezydencki,76.32,4.48,29.09.2025 14:43:42,38,NIE,,
j-2025,14,18.11.2025,18.11.2025 12:37:07,125,159,Śląskie,450,Pediatria,2025/036277,Rezydencki,75.00,4.14,29.09.2025 16:46:50,38,NIE,,
j-2025,14,18.11.2025,18.11.2025 12:37:07,125,159,Śląskie,451,Pediatria,2025/042747,Rezydencki,74.16,3.64,30.09.2025 19:26:33,38,NIE,,
j-2025,14,18.11.2025,18.11.2025 12:37:07,125,159,Śląskie,452,Pediatria,2025/040337,Rezydencki,72.73,3.15,29.09.2025 12:11:41,38,NIE,,
j-2025,14,18.11.2025,18.11.2025 12:37:07,125,159,Śląskie,453,Pediatria,2025/037347,Rezydencki,71.95,4.25,21.10.2025 22:10:40,38,NIE,,
j-2025,14,18.11.2025,18.11.2025 12:37:07,125,159,Śląskie,454,Pediatria,2025/034736,Rezydencki,65.69,3.39,25.09.2025 22:18:23,38,NIE,,
j-2025,14,18.11.2025,18.11.2025 12:37:07,125,159,Śląskie,455,Pediatria,2025/042008,Rezydencki,65.55,3.88,30.09.2025 22:03:23,38,NIE,,
j-2025,14,18.11.2025,18.11.2025 12:37:07,125,159,Śląskie,456,Pediatria,2025/037407,Rezydencki,63.29,4.06,17.10.2025 18:53:16,38,NIE,,
j-2025,14,18.11.2025,18.11.2025 12:37:07,125,159,Śląskie,457,Pediatria,2025/032650,Pozarezydencki,75.24,4.18,22.10.2025 07:36:40,2,NIE,,
j-2025,14,18.11.2025,18.11.2025 12:37:07,125,159,Śląskie,458,Pediatria,2025/028723,Pozarezydencki,74.54,4.27,24.10.2025 08:37:54,2,NIE,,
j-2025,14,18.11.2025,18.11.2025 12:37:07,125,159,Śląskie,459,Perinatologia,2025/032713,Pozarezydencki,89.09,4.50,21.10.2025 16:05:25,1,NIE,,
j-2025,14,18.11.2025,18.11.2025 12:37:07,125,159,Śląskie,460,Położnictwo i ginekologia,2025/030641,Rezydencki,91.06,3.83,20.10.2025 08:28:39,14,NIE,,
j-2025,14,18.11.2025,18.11.2025 12:37:07,125,159,Śląskie,461,Położnictwo i ginekologia,2025/035530,Rezydencki,89.71,3.50,15.10.2025 12:54:01,14,NIE,,
j-2025,14,18.11.2025,18.11.2025 12:37:07,125,159,Śląskie,462,Położnictwo i ginekologia,2025/037803,Rezydencki,89.23,4.30,30.09.2025 16:23:18,14,NIE,,
j-2025,14,18.11.2025,18.11.2025 12:37:07,125,159,Śląskie,463,Położnictwo i ginekologia,2025/039485,Rezydencki,88.52,4.43,10.10.2025 19:26:10,14,NIE,,
j-2025,14,18.11.2025,18.11.2025 12:37:07,125,159,Śląskie,464,Położnictwo i ginekologia,2025/041284,Rezydencki,88.52,4.19,30.09.2025 13:00:18,14,NIE,,
j-2025,14,18.11.2025,18.11.2025 12:37:07,125,159,Śląskie,465,Położnictwo i ginekologia,2025/036703,Rezydencki,88.10,4.64,25.09.2025 12:33:26,14,NIE,,
j-2025,14,18.11.2025,18.11.2025 12:37:07,125,159,Śląskie,466,Położnictwo i ginekologia,2025/037717,Rezydencki,88.10,4.07,25.09.2025 17:13:33,14,NIE,,
j-2025,14,18.11.2025,18.11.2025 12:37:07,125,159,Śląskie,467,Położnictwo i ginekologia,2025/043396,Rezydencki,88.04,3.84,30.09.2025 23:56:31,14,NIE,,
j-2025,14,18.11.2025,18.11.2025 12:37:07,125,159,Śląskie,468,Położnictwo i ginekologia,2025/039033,Rezydencki,87.80,4.23,30.09.2025 23:30:06,14,NIE,,
j-2025,14,18.11.2025,18.11.2025 12:37:07,126,159,Śląskie,469,Położnictwo i ginekologia,2025/035463,Rezydencki,87.44,4.52,28.09.2025 21:28:37,14,NIE,,
j-2025,14,18.11.2025,18.11.2025 12:37:07,126,159,Śląskie,470,Położnictwo i ginekologia,2025/029129,Rezydencki,87.44,4.23,02.09.2025 22:25:27,14,NIE,,
j-2025,14,18.11.2025,18.11.2025 12:37:07,126,159,Śląskie,471,Położnictwo i ginekologia,2025/029079,Rezydencki,87.44,4.19,05.09.2025 13:52:50,14,NIE,,
j-2025,14,18.11.2025,18.11.2025 12:37:07,126,159,Śląskie,472,Położnictwo i ginekologia,2025/039729,Rezydencki,86.67,4.55,28.09.2025 20:55:55,14,NIE,,
j-2025,14,18.11.2025,18.11.2025 12:37:07,126,159,Śląskie,473,Położnictwo i ginekologia,2025/041295,Rezydencki,86.36,4.05,30.09.2025 23:57:43,14,NIE,,
j-2025,14,18.11.2025,18.11.2025 12:37:07,126,159,Śląskie,474,Położnictwo i ginekologia,2025/037254,Pozarezydencki,81.28,4.02,30.09.2025 10:42:15,5,NIE,,
j-2025,14,18.11.2025,18.11.2025 12:37:07,126,159,Śląskie,475,Położnictwo i ginekologia,2025/037015,Pozarezydencki,80.18,4.35,29.09.2025 19:47:23,5,NIE,,
j-2025,14,18.11.2025,18.11.2025 12:37:07,126,159,Śląskie,476,Położnictwo i ginekologia,2025/029737,Pozarezydencki,79.91,3.65,29.10.2025 08:28:20,5,NIE,,
j-2025,14,18.11.2025,18.11.2025 12:37:07,126,159,Śląskie,477,Położnictwo i ginekologia,2025/036235,Pozarezydencki,75.91,3.89,28.09.2025 15:42:37,5,NIE,,
j-2025,14,18.11.2025,18.11.2025 12:37:07,126,159,Śląskie,478,Położnictwo i ginekologia,2025/037939,Pozarezydencki,65.30,3.63,29.10.2025 08:53:26,5,NIE,,
j-2025,14,18.11.2025,18.11.2025 12:37:07,126,159,Śląskie,479,Protetyka stomatologiczna,2025/031951,Rezydencki,88.46,4.48,29.09.2025 22:03:18,2,NIE,,
j-2025,14,18.11.2025,18.11.2025 12:37:07,126,159,Śląskie,480,Protetyka stomatologiczna,2025/030313,Rezydencki,84.76,4.13,21.10.2025 12:43:07,2,NIE,,
j-2025,14,18.11.2025,18.11.2025 12:37:07,126,159,Śląskie,481,Psychiatria,2025/038068,Rezydencki,91.30,4.79,25.09.2025 23:24:34,22,NIE,,
j-2025,14,18.11.2025,18.11.2025 12:37:07,126,159,Śląskie,482,Psychiatria,2025/040406,Rezydencki,90.20,3.93,17.10.2025 14:30:19,22,NIE,,
j-2025,14,18.11.2025,18.11.2025 12:37:07,126,159,Śląskie,483,Psychiatria,2025/037967,Rezydencki,89.95,4.61,22.10.2025 11:01:19,22,NIE,,
j-2025,14,18.11.2025,18.11.2025 12:37:07,126,159,Śląskie,484,Psychiatria,2025/038302,Rezydencki,89.37,4.34,15.10.2025 14:25:04,22,NIE,,
j-2025,14,18.11.2025,18.11.2025 12:37:07,126,159,Śląskie,485,Psychiatria,2025/038650,Rezydencki,89.37,2.89,30.09.2025 18:41:47,22,NIE,,
j-2025,14,18.11.2025,18.11.2025 12:37:07,126,159,Śląskie,486,Psychiatria,2025/037088,Rezydencki,88.65,4.38,24.09.2025 21:00:15,22,NIE,,
j-2025,14,18.11.2025,18.11.2025 12:37:07,126,159,Śląskie,487,Psychiatria,2025/041403,Rezydencki,88.04,4.29,16.10.2025 00:15:51,22,NIE,,
j-2025,14,18.11.2025,18.11.2025 12:37:07,126,159,Śląskie,488,Psychiatria,2025/038690,Rezydencki,87.80,4.30,28.09.2025 21:02:23,22,NIE,,
j-2025,14,18.11.2025,18.11.2025 12:37:07,126,159,Śląskie,489,Psychiatria,2025/039243,Rezydencki,87.68,4.54,30.09.2025 23:58:52,22,NIE,,
j-2025,14,18.11.2025,18.11.2025 12:37:07,126,159,Śląskie,490,Psychiatria,2025/037505,Rezydencki,87.56,3.67,30.09.2025 15:44:54,22,NIE,,
j-2025,14,18.11.2025,18.11.2025 12:37:07,126,159,Śląskie,491,Psychiatria,2025/031944,Rezydencki,87.44,4.28,10.09.2025 19:31:10,22,NIE,,
j-2025,14,18.11.2025,18.11.2025 12:37:07,126,159,Śląskie,492,Psychiatria,2025/035509,Rezydencki,86.96,4.64,30.09.2025 21:02:37,22,NIE,,
j-2025,14,18.11.2025,18.11.2025 12:37:07,126,159,Śląskie,493,Psychiatria,2025/035970,Rezydencki,86.60,4.03,30.09.2025 17:59:40,22,NIE,,
j-2025,14,18.11.2025,18.11.2025 12:37:07,126,159,Śląskie,494,Psychiatria,2025/040144,Rezydencki,86.60,3.79,17.10.2025 12:19:47,22,NIE,,
j-2025,14,18.11.2025,18.11.2025 12:37:07,126,159,Śląskie,495,Psychiatria,2025/029004,Rezydencki,86.47,4.24,10.09.2025 19:38:54,22,NIE,,
j-2025,14,18.11.2025,18.11.2025 12:37:07,126,159,Śląskie,496,Psychiatria,2025/038624,Rezydencki,86.12,4.36,20.10.2025 20:39:43,22,NIE,,
j-2025,14,18.11.2025,18.11.2025 12:37:07,126,159,Śląskie,497,Psychiatria,2025/029421,Rezydencki,85.24,3.77,17.10.2025 11:33:34,22,NIE,,
j-2025,14,18.11.2025,18.11.2025 12:37:07,126,159,Śląskie,498,Psychiatria,2025/031591,Rezydencki,85.17,4.59,30.09.2025 12:18:48,22,NIE,,
j-2025,14,18.11.2025,18.11.2025 12:37:07,126,159,Śląskie,499,Psychiatria,2025/028504,Rezydencki,85.02,4.66,03.09.2025 10:20:33,22,NIE,,
j-2025,14,18.11.2025,18.11.2025 12:37:07,126,159,Śląskie,500,Psychiatria,2025/029055,Rezydencki,85.02,4.55,08.09.2025 21:05:10,22,NIE,,
j-2025,14,18.11.2025,18.11.2025 12:37:07,126,159,Śląskie,501,Psychiatria,2025/028626,Rezydencki,84.93,3.56,30.09.2025 11:41:17,22,NIE,,
j-2025,14,18.11.2025,18.11.2025 12:37:07,126,159,Śląskie,502,Psychiatria,2025/038763,Rezydencki,84.78,4.05,23.10.2025 15:43:58,22,NIE,,
j-2025,14,18.11.2025,18.11.2025 12:37:07,126,159,Śląskie,503,Psychiatria,2025/033662,Pozarezydencki,78.34,4.93,27.10.2025 11:33:38,3,NIE,,
j-2025,14,18.11.2025,18.11.2025 12:37:07,126,159,Śląskie,504,Psychiatria,2025/037651,Pozarezydencki,71.82,4.01,20.10.2025 20:46:38,3,NIE,,
j-2025,14,18.11.2025,18.11.2025 12:37:07,127,159,Śląskie,505,Psychiatria,2025/042139,Pozarezydencki,49.08,0.00,28.10.2025 10:11:06,3,NIE,,
j-2025,14,18.11.2025,18.11.2025 12:37:07,127,159,Śląskie,506,Psychiatria dzieci i młodzieży,2025/038648,Rezydencki,91.87,4.64,30.09.2025 19:46:04,3,NIE,,
j-2025,14,18.11.2025,18.11.2025 12:37:07,127,159,Śląskie,507,Psychiatria dzieci i młodzieży,2025/032383,Rezydencki,88.52,4.70,30.09.2025 22:24:54,3,NIE,,
j-2025,14,18.11.2025,18.11.2025 12:37:07,127,159,Śląskie,508,Psychiatria dzieci i młodzieży,2025/037805,Rezydencki,87.56,4.43,30.09.2025 22:10:18,3,NIE,,
j-2025,14,18.11.2025,18.11.2025 12:37:07,127,159,Śląskie,509,Psychiatria dzieci i młodzieży,2025/043320,Pozarezydencki,82.27,0.00,30.09.2025 23:03:32,5,NIE,,
j-2025,14,18.11.2025,18.11.2025 12:37:07,127,159,Śląskie,510,Psychiatria dzieci i młodzieży,2025/029007,Pozarezydencki,81.36,3.44,02.09.2025 17:17:53,5,NIE,,
j-2025,14,18.11.2025,18.11.2025 12:37:07,127,159,Śląskie,511,Psychiatria dzieci i młodzieży,2025/037847,Pozarezydencki,77.05,3.21,15.10.2025 08:27:12,5,NIE,,
j-2025,14,18.11.2025,18.11.2025 12:37:07,127,159,Śląskie,512,Psychiatria dzieci i młodzieży,2025/029042,Pozarezydencki,74.32,0.00,17.10.2025 14:45:23,5,NIE,,
j-2025,14,18.11.2025,18.11.2025 12:37:07,127,159,Śląskie,513,Psychiatria dzieci i młodzieży,2025/031398,Pozarezydencki,73.64,4.36,15.10.2025 22:04:30,5,NIE,,
j-2025,14,18.11.2025,18.11.2025 12:37:07,127,159,Śląskie,514,Radiologia i diagnostyka obrazowa,2025/033113,Rezydencki,92.34,4.18,30.09.2025 11:01:05,9,NIE,,
j-2025,14,18.11.2025,18.11.2025 12:37:07,127,159,Śląskie,515,Radiologia i diagnostyka obrazowa,2025/028836,Rezydencki,91.30,4.27,27.09.2025 13:53:52,9,NIE,,
j-2025,14,18.11.2025,18.11.2025 12:37:07,127,159,Śląskie,516,Radiologia i diagnostyka obrazowa,2025/033797,Rezydencki,89.95,4.44,28.09.2025 19:33:31,9,NIE,,
j-2025,14,18.11.2025,18.11.2025 12:37:07,127,159,Śląskie,517,Radiologia i diagnostyka obrazowa,2025/037981,Rezydencki,89.95,4.33,15.10.2025 10:50:19,9,NIE,,
j-2025,14,18.11.2025,18.11.2025 12:37:07,127,159,Śląskie,518,Radiologia i diagnostyka obrazowa,2025/034168,Rezydencki,89.86,4.40,18.09.2025 13:26:12,9,NIE,,
j-2025,14,18.11.2025,18.11.2025 12:37:07,127,159,Śląskie,519,Radiologia i diagnostyka obrazowa,2025/036824,Rezydencki,89.71,4.38,30.09.2025 21:58:02,9,NIE,,
j-2025,14,18.11.2025,18.11.2025 12:37:07,127,159,Śląskie,520,Radiologia i diagnostyka obrazowa,2025/042095,Rezydencki,89.37,4.18,30.09.2025 23:57:56,9,NIE,,
j-2025,14,18.11.2025,18.11.2025 12:37:07,127,159,Śląskie,521,Radiologia i diagnostyka obrazowa,2025/030442,Rezydencki,89.05,4.15,15.09.2025 16:48:47,9,NIE,,
j-2025,14,18.11.2025,18.11.2025 12:37:07,127,159,Śląskie,522,Radiologia i diagnostyka obrazowa,2025/039923,Rezydencki,89.00,4.43,07.10.2025 16:02:48,9,NIE,,
j-2025,14,18.11.2025,18.11.2025 12:37:07,127,159,Śląskie,523,Radiologia i diagnostyka obrazowa,2025/039490,Pozarezydencki,80.82,4.14,30.09.2025 21:49:29,10,NIE,,
j-2025,14,18.11.2025,18.11.2025 12:37:07,127,159,Śląskie,524,Radiologia i diagnostyka obrazowa,2025/032507,Pozarezydencki,78.74,4.19,17.10.2025 11:09:29,10,NIE,,
j-2025,14,18.11.2025,18.11.2025 12:37:07,127,159,Śląskie,525,Radiologia i diagnostyka obrazowa,2025/037019,Pozarezydencki,78.34,4.01,26.10.2025 19:41:24,10,NIE,,
j-2025,14,18.11.2025,18.11.2025 12:37:07,127,159,Śląskie,526,Radiologia i diagnostyka obrazowa,2025/031052,Pozarezydencki,75.47,4.03,21.10.2025 22:17:22,10,NIE,,
j-2025,14,18.11.2025,18.11.2025 12:37:07,127,159,Śląskie,527,Radiologia i diagnostyka obrazowa,2025/042537,Pozarezydencki,75.12,4.03,17.10.2025 11:18:16,10,NIE,,
j-2025,14,18.11.2025,18.11.2025 12:37:07,127,159,Śląskie,528,Radiologia i diagnostyka obrazowa,2025/042097,Pozarezydencki,72.15,3.63,30.09.2025 22:09:01,10,NIE,,
j-2025,14,18.11.2025,18.11.2025 12:37:07,127,159,Śląskie,529,Radiologia i diagnostyka obrazowa,2025/030414,Pozarezydencki,71.23,0.00,21.10.2025 10:20:01,10,NIE,,
j-2025,14,18.11.2025,18.11.2025 12:37:07,127,159,Śląskie,530,Radiologia i diagnostyka obrazowa,2025/039677,Pozarezydencki,70.51,0.00,14.10.2025 22:09:30,10,NIE,,
j-2025,14,18.11.2025,18.11.2025 12:37:07,127,159,Śląskie,531,Radiologia i diagnostyka obrazowa,2025/041379,Pozarezydencki,60.55,2.95,17.10.2025 11:32:38,10,NIE,,
j-2025,14,18.11.2025,18.11.2025 12:37:07,127,159,Śląskie,532,Radiologia i diagnostyka obrazowa,2025/029780,Pozarezydencki,53.44,2.87,27.10.2025 22:43:13,10,NIE,,
j-2025,14,18.11.2025,18.11.2025 12:37:07,127,159,Śląskie,533,Radioterapia onkologiczna,2025/033377,Rezydencki,87.92,4.64,25.09.2025 22:21:27,5,NIE,,
j-2025,14,18.11.2025,18.11.2025 12:37:07,127,159,Śląskie,534,Radioterapia onkologiczna,2025/041310,Rezydencki,82.30,3.15,30.09.2025 14:38:49,5,NIE,,
j-2025,14,18.11.2025,18.11.2025 12:37:07,127,159,Śląskie,535,Radioterapia onkologiczna,2025/033532,Rezydencki,81.64,3.85,22.09.2025 17:47:43,5,NIE,,
j-2025,14,18.11.2025,18.11.2025 12:37:07,127,159,Śląskie,536,Radioterapia onkologiczna,2025/036467,Rezydencki,80.92,3.94,20.10.2025 19:29:15,5,NIE,,
j-2025,14,18.11.2025,18.11.2025 12:37:07,127,159,Śląskie,537,Radioterapia onkologiczna,2025/030752,Rezydencki,73.68,3.03,30.09.2025 23:11:30,5,NIE,,
j-2025,14,18.11.2025,18.11.2025 12:37:07,127,159,Śląskie,538,Rehabilitacja medyczna,2025/038506,Rezydencki,85.99,4.39,29.09.2025 21:06:42,2,NIE,,
j-2025,14,18.11.2025,18.11.2025 12:37:07,127,159,Śląskie,539,Rehabilitacja medyczna,2025/029996,Rezydencki,75.71,3.94,17.10.2025 11:03:28,2,NIE,,
j-2025,14,18.11.2025,18.11.2025 12:37:07,127,159,Śląskie,540,Rehabilitacja medyczna,2025/033778,Pozarezydencki,83.09,0.00,19.10.2025 15:24:51,6,NIE,,
j-2025,14,18.11.2025,18.11.2025 12:37:07,128,159,Śląskie,541,Rehabilitacja medyczna,2025/034071,Pozarezydencki,75.45,3.05,23.10.2025 11:54:34,6,NIE,,
j-2025,14,18.11.2025,18.11.2025 12:37:07,128,159,Śląskie,542,Rehabilitacja medyczna,2025/033969,Pozarezydencki,74.09,2.84,23.10.2025 21:37:21,6,NIE,,
j-2025,14,18.11.2025,18.11.2025 12:37:07,128,159,Śląskie,543,Rehabilitacja medyczna,2025/031802,Pozarezydencki,74.06,3.36,27.10.2025 22:11:31,6,NIE,,
j-2025,14,18.11.2025,18.11.2025 12:37:07,128,159,Śląskie,544,Rehabilitacja medyczna,2025/030228,Pozarezydencki,61.57,0.00,15.10.2025 09:47:46,6,NIE,,
j-2025,14,18.11.2025,18.11.2025 12:37:07,128,159,Śląskie,545,Rehabilitacja medyczna,2025/035173,Pozarezydencki,56.68,4.08,20.10.2025 23:54:46,6,NIE,,
j-2025,14,18.11.2025,18.11.2025 12:37:07,128,159,Śląskie,546,Reumatologia,2025/038711,Rezydencki,92.34,4.55,26.09.2025 21:41:59,3,NIE,,
j-2025,14,18.11.2025,18.11.2025 12:37:07,128,159,Śląskie,547,Reumatologia,2025/037061,Rezydencki,91.87,4.17,30.09.2025 21:04:10,3,NIE,,
j-2025,14,18.11.2025,18.11.2025 12:37:07,128,159,Śląskie,548,Reumatologia,2025/039029,Rezydencki,91.15,4.28,16.10.2025 09:41:28,3,NIE,,
j-2025,14,18.11.2025,18.11.2025 12:37:07,128,159,Śląskie,549,Reumatologia,2025/037046,Pozarezydencki,84.02,3.80,30.09.2025 17:13:27,5,NIE,,
j-2025,14,18.11.2025,18.11.2025 12:37:07,128,159,Śląskie,550,Reumatologia,2025/040826,Pozarezydencki,82.65,3.56,30.09.2025 22:21:01,5,NIE,,
j-2025,14,18.11.2025,18.11.2025 12:37:07,128,159,Śląskie,551,Reumatologia,2025/042926,Pozarezydencki,82.55,4.50,29.10.2025 07:49:25,5,NIE,,
j-2025,14,18.11.2025,18.11.2025 12:37:07,128,159,Śląskie,552,Reumatologia,2025/035932,Pozarezydencki,81.11,3.41,15.10.2025 21:39:10,5,NIE,,
j-2025,14,18.11.2025,18.11.2025 12:37:07,128,159,Śląskie,553,Reumatologia,2025/034908,Pozarezydencki,78.54,3.42,23.10.2025 10:34:53,5,NIE,,
j-2025,14,18.11.2025,18.11.2025 12:37:07,128,159,Śląskie,554,Seksuologia,2025/032287,Pozarezydencki,84.55,3.95,20.10.2025 18:14:53,1,NIE,,
j-2025,14,18.11.2025,18.11.2025 12:37:07,128,159,Śląskie,555,Stomatologia dziecięca,2025/032882,Rezydencki,86.06,4.53,14.10.2025 14:20:14,3,NIE,,
j-2025,14,18.11.2025,18.11.2025 12:37:07,128,159,Śląskie,556,Stomatologia dziecięca,2025/032125,Rezydencki,83.49,3.84,29.10.2025 22:10:36,3,NIE,,
j-2025,14,18.11.2025,18.11.2025 12:37:07,128,159,Śląskie,557,Stomatologia dziecięca,2025/035276,Rezydencki,81.82,4.77,22.09.2025 13:14:33,3,NIE,,
j-2025,14,18.11.2025,18.11.2025 12:37:07,128,159,Śląskie,558,Stomatologia zachowawcza z endodoncją,2025/041138,Rezydencki,81.34,3.95,29.09.2025 20:28:58,3,NIE,,
j-2025,14,18.11.2025,18.11.2025 12:37:07,128,159,Śląskie,559,Stomatologia zachowawcza z endodoncją,2025/031542,Rezydencki,79.43,3.81,08.10.2025 10:44:22,3,NIE,,
j-2025,14,18.11.2025,18.11.2025 12:37:07,128,159,Śląskie,560,Stomatologia zachowawcza z endodoncją,2025/035039,Rezydencki,77.03,4.36,22.10.2025 16:24:21,3,NIE,,
j-2025,14,18.11.2025,18.11.2025 12:37:07,128,159,Śląskie,561,Transfuzjologia kliniczna,2025/033630,Rezydencki,62.80,0.00,29.10.2025 15:55:04,1,NIE,,
j-2025,14,18.11.2025,18.11.2025 12:37:07,128,159,Śląskie,562,Transfuzjologia kliniczna,2025/029538,Pozarezydencki,81.94,4.65,02.09.2025 15:22:46,3,NIE,,
j-2025,14,18.11.2025,18.11.2025 12:37:07,128,159,Śląskie,563,Transfuzjologia kliniczna,2025/029521,Pozarezydencki,75.23,3.55,22.10.2025 11:47:13,3,NIE,,
j-2025,14,18.11.2025,18.11.2025 12:37:07,128,159,Śląskie,564,Transfuzjologia kliniczna,2025/029466,Pozarezydencki,58.18,2.92,21.10.2025 12:42:38,3,NIE,,
j-2025,14,18.11.2025,18.11.2025 12:37:07,128,159,Śląskie,565,Transplantologia kliniczna,2025/039973,Pozarezydencki,90.45,3.71,21.10.2025 22:19:20,4,NIE,,
j-2025,14,18.11.2025,18.11.2025 12:37:07,128,159,Śląskie,566,Transplantologia kliniczna,2025/032816,Pozarezydencki,77.73,3.24,26.10.2025 06:47:27,4,NIE,,
j-2025,14,18.11.2025,18.11.2025 12:37:07,128,159,Śląskie,567,Transplantologia kliniczna,2025/029666,Pozarezydencki,77.10,4.25,15.10.2025 08:19:20,4,NIE,,
j-2025,14,18.11.2025,18.11.2025 12:37:07,128,159,Śląskie,568,Transplantologia kliniczna,2025/032770,Pozarezydencki,70.91,3.96,25.09.2025 09:25:46,4,NIE,,
j-2025,14,18.11.2025,18.11.2025 12:37:07,128,159,Śląskie,569,Urologia,2025/037968,Rezydencki,92.27,4.66,25.09.2025 20:44:12,6,NIE,,
j-2025,14,18.11.2025,18.11.2025 12:37:07,128,159,Śląskie,570,Urologia,2025/040916,Rezydencki,90.95,4.13,30.09.2025 11:36:39,6,NIE,,
j-2025,14,18.11.2025,18.11.2025 12:37:07,128,159,Śląskie,571,Urologia,2025/031284,Rezydencki,90.93,4.52,30.09.2025 21:44:13,6,NIE,,
j-2025,14,18.11.2025,18.11.2025 12:37:07,128,159,Śląskie,572,Urologia,2025/038084,Rezydencki,90.82,4.61,25.09.2025 22:54:43,6,NIE,,
j-2025,14,18.11.2025,18.11.2025 12:37:07,128,159,Śląskie,573,Urologia,2025/035979,Rezydencki,90.43,4.21,30.09.2025 15:31:13,6,NIE,,
j-2025,14,18.11.2025,18.11.2025 12:37:07,128,159,Śląskie,574,Urologia,2025/036419,Rezydencki,90.43,4.09,30.09.2025 22:29:47,6,NIE,,
j-2025,14,18.11.2025,18.11.2025 12:37:07,128,159,Śląskie,575,Urologia,2025/029172,Pozarezydencki,83.18,4.22,30.09.2025 19:40:56,3,NIE,,
j-2025,14,18.11.2025,18.11.2025 12:37:07,128,159,Śląskie,576,Urologia,2025/039230,Pozarezydencki,83.11,3.86,30.09.2025 20:10:18,3,NIE,,
j-2025,14,18.11.2025,18.11.2025 12:37:07,129,159,Śląskie,577,Urologia,2025/032007,Pozarezydencki,83.11,0.00,16.10.2025 17:29:06,3,NIE,,
j-2025,14,18.11.2025,18.11.2025 12:37:07,129,159,Śląskie,578,Urologia dziecięca,2025/031155,Pozarezydencki,89.09,0.00,24.10.2025 18:28:00,1,NIE,,
j-2025,14,18.11.2025,18.11.2025 12:37:07,129,159,Śląskie,1,Neurologia,2025/037856,Rezydencki,86.67,4.28,25.09.2025 19:03:22,2,TAK,Górnośląskie Centrum Medyczne im. prof. Leszka Gieca Śląskiego Uniwersytetu Medycznego w Katowicach,Oddział Neurologii
j-2025,14,18.11.2025,18.11.2025 12:37:07,129,159,Śląskie,1,Okulistyka,2025/034252,Rezydencki,71.08,3.97,29.09.2025 16:58:54,1,TAK,Okręgowy Szpital Kolejowy w Katowicach S.P.Z.O.Z.,Oddział Kliniczny Okulistyki z Pododdziałem Okulistyki Dziecięcej
j-2025,14,18.11.2025,18.11.2025 12:37:07,129,159,Śląskie,1,Radiologia i diagnostyka obrazowa,2025/038909,Rezydencki,85.95,4.37,27.09.2025 13:53:30,1,TAK,Samodzielny Publiczny Szpital Kliniczny Nr 1 im. prof. Stanisława Szyszko Śląskiego Uniwersytetu Medycznego w Katowicach,Zakład Radiologii Lekarskiej i Radiodiagnostyki
j-2025,14,18.11.2025,18.11.2025 12:37:07,129,159,Śląskie,1,Choroby wewnętrzne,2025/035703,Rezydencki,86.96,4.16,30.09.2025 22:50:00,1,TAK,Samodzielny Publiczny Szpital Kliniczny im. Andrzeja Mielęckiego Śląskiego Uniwersytetu Medycznego w Katowicach,Oddział Chorób Wewnętrznych i Chemioterapii Onkologicznej
j-2025,14,18.11.2025,18.11.2025 12:37:07,129,159,Śląskie,1,Endokrynologia,2025/028720,Rezydencki,85.27,4.12,09.09.2025 17:12:18,1,TAK,Uniwersyteckie Centrum Kliniczne im. prof. K. Gibińskiego Śląskiego Uniwersytetu Medycznego w Katowicach,Oddział Endokrynologii i Nowotworów Neuroendokrynnych
j-2025,14,18.11.2025,18.11.2025 12:37:07,129,159,Śląskie,1,Neurologia,2025/030648,Rezydencki,89.86,4.20,05.09.2025 15:45:42,2,TAK,Uniwersyteckie Centrum Kliniczne im. prof. K. Gibińskiego Śląskiego Uniwersytetu Medycznego w Katowicach,Oddział Neurologii z Pododdziałem Udarowym
j-2025,14,18.11.2025,18.11.2025 12:37:07,129,159,Śląskie,1,Gastroenterologia,2025/028935,Rezydencki,86.27,4.06,15.10.2025 08:47:09,1,TAK,Wojewódzki Szpital Specjalistyczny Nr 5 im. Św. Barbary w Sosnowcu,Oddział Gastroenterologii z Pododdziałem Leczenia Nieswoistych Chorób Zapalnych Jelit
j-2025,14,18.11.2025,18.11.2025 12:37:07,129,159,Śląskie,1,Kardiologia,2025/028960,Rezydencki,86.47,3.92,02.09.2025 13:22:12,1,TAK,ŚLĄSKIE CENTRUM CHORÓB SERCA W ZABRZU,II Oddział Kardiologii i Angiologii
j-2025,14,18.11.2025,18.11.2025 12:37:07,130,159,Świętokrzyskie,1,Alergologia,2025/036408,Pozarezydencki,70.91,3.75,27.09.2025 23:08:52,1,NIE,,
j-2025,14,18.11.2025,18.11.2025 12:37:07,130,159,Świętokrzyskie,2,Anestezjologia i intensywna terapia,2025/041224,Rezydencki,90.43,3.77,15.10.2025 21:54:10,8,NIE,,
j-2025,14,18.11.2025,18.11.2025 12:37:07,130,159,Świętokrzyskie,3,Anestezjologia i intensywna terapia,2025/029648,Rezydencki,89.61,4.57,30.09.2025 15:35:22,8,NIE,,
j-2025,14,18.11.2025,18.11.2025 12:37:07,130,159,Świętokrzyskie,4,Anestezjologia i intensywna terapia,2025/038334,Rezydencki,88.28,3.79,06.10.2025 13:19:05,8,NIE,,
j-2025,14,18.11.2025,18.11.2025 12:37:07,130,159,Świętokrzyskie,5,Anestezjologia i intensywna terapia,2025/029771,Rezydencki,86.71,3.66,30.09.2025 10:34:21,8,NIE,,
j-2025,14,18.11.2025,18.11.2025 12:37:07,130,159,Świętokrzyskie,6,Anestezjologia i intensywna terapia,2025/042921,Rezydencki,83.25,4.59,30.09.2025 23:29:57,8,NIE,,
j-2025,14,18.11.2025,18.11.2025 12:37:07,130,159,Świętokrzyskie,7,Anestezjologia i intensywna terapia,2025/037176,Rezydencki,81.46,3.63,30.09.2025 16:18:36,8,NIE,,
j-2025,14,18.11.2025,18.11.2025 12:37:07,130,159,Świętokrzyskie,8,Anestezjologia i intensywna terapia,2025/036000,Rezydencki,80.95,3.62,16.10.2025 12:01:55,8,NIE,,
j-2025,14,18.11.2025,18.11.2025 12:37:07,130,159,Świętokrzyskie,9,Anestezjologia i intensywna terapia,2025/035601,Rezydencki,80.48,4.38,24.10.2025 11:54:00,8,NIE,,
j-2025,14,18.11.2025,18.11.2025 12:37:07,130,159,Świętokrzyskie,10,Balneologia i medycyna fizykalna,2025/034007,Pozarezydencki,89.09,3.50,17.10.2025 09:16:49,1,NIE,,
j-2025,14,18.11.2025,18.11.2025 12:37:07,130,159,Świętokrzyskie,11,Chirurgia klatki piersiowej,2025/032765,Rezydencki,76.56,3.68,06.10.2025 17:47:29,1,NIE,,
j-2025,14,18.11.2025,18.11.2025 12:37:07,130,159,Świętokrzyskie,12,Chirurgia naczyniowa,2025/038812,Rezydencki,87.68,4.24,10.10.2025 18:13:47,3,NIE,,
j-2025,14,18.11.2025,18.11.2025 12:37:07,130,159,Świętokrzyskie,13,Chirurgia naczyniowa,2025/040290,Rezydencki,82.78,3.68,30.09.2025 21:29:13,3,NIE,,
j-2025,14,18.11.2025,18.11.2025 12:37:07,130,159,Świętokrzyskie,14,Chirurgia naczyniowa,2025/031394,Rezydencki,82.35,4.24,29.09.2025 12:03:52,3,NIE,,
j-2025,14,18.11.2025,18.11.2025 12:37:07,130,159,Świętokrzyskie,15,Chirurgia ogólna,2025/033553,Rezydencki,88.16,4.34,30.09.2025 16:32:06,5,NIE,,
j-2025,14,18.11.2025,18.11.2025 12:37:07,130,159,Świętokrzyskie,16,Chirurgia ogólna,2025/038669,Rezydencki,84.21,3.92,30.09.2025 23:21:23,5,NIE,,
j-2025,14,18.11.2025,18.11.2025 12:37:07,130,159,Świętokrzyskie,17,Chirurgia ogólna,2025/029024,Rezydencki,72.68,3.86,01.09.2025 19:48:44,5,NIE,,
j-2025,14,18.11.2025,18.11.2025 12:37:07,130,159,Świętokrzyskie,18,Chirurgia ogólna,2025/037788,Rezydencki,67.62,3.79,26.09.2025 17:36:54,5,NIE,,
j-2025,14,18.11.2025,18.11.2025 12:37:07,130,159,Świętokrzyskie,19,Chirurgia ogólna,2025/041073,Rezydencki,56.37,4.23,16.10.2025 20:58:19,5,NIE,,
j-2025,14,18.11.2025,18.11.2025 12:37:07,130,159,Świętokrzyskie,20,Chirurgia ogólna,2025/035005,Pozarezydencki,84.79,4.55,25.09.2025 18:10:18,1,NIE,,
j-2025,14,18.11.2025,18.11.2025 12:37:07,130,159,Świętokrzyskie,21,Chirurgia onkologiczna,2025/029730,Rezydencki,65.79,4.07,13.10.2025 09:12:14,1,NIE,,
j-2025,14,18.11.2025,18.11.2025 12:37:07,130,159,Świętokrzyskie,22,Chirurgia stomatologiczna,2025/028452,Rezydencki,86.54,4.10,09.09.2025 22:17:13,1,NIE,,
j-2025,14,18.11.2025,18.11.2025 12:37:07,130,159,Świętokrzyskie,23,Choroby płuc,2025/038244,Rezydencki,86.47,4.61,30.09.2025 19:25:03,3,NIE,,
j-2025,14,18.11.2025,18.11.2025 12:37:07,130,159,Świętokrzyskie,24,Choroby płuc,2025/041574,Rezydencki,84.93,3.90,30.09.2025 18:54:18,3,NIE,,
j-2025,14,18.11.2025,18.11.2025 12:37:07,130,159,Świętokrzyskie,25,Choroby płuc,2025/040615,Rezydencki,83.33,3.67,29.09.2025 18:25:59,3,NIE,,
j-2025,14,18.11.2025,18.11.2025 12:37:07,130,159,Świętokrzyskie,26,Choroby płuc,2025/028926,Pozarezydencki,74.42,4.14,10.10.2025 09:54:18,1,NIE,,
j-2025,14,18.11.2025,18.11.2025 12:37:07,130,159,Świętokrzyskie,27,Choroby wewnętrzne,2025/041480,Rezydencki,89.00,4.34,30.09.2025 17:26:23,4,NIE,,
j-2025,14,18.11.2025,18.11.2025 12:37:07,130,159,Świętokrzyskie,28,Choroby wewnętrzne,2025/031487,Rezydencki,84.06,4.21,15.09.2025 16:39:40,4,NIE,,
j-2025,14,18.11.2025,18.11.2025 12:37:07,130,159,Świętokrzyskie,29,Choroby wewnętrzne,2025/038473,Rezydencki,83.49,3.97,30.09.2025 23:08:44,4,NIE,,
j-2025,14,18.11.2025,18.11.2025 12:37:07,130,159,Świętokrzyskie,30,Choroby wewnętrzne,2025/034235,Rezydencki,73.43,4.04,23.09.2025 17:43:29,4,NIE,,
j-2025,14,18.11.2025,18.11.2025 12:37:07,130,159,Świętokrzyskie,31,Choroby zakaźne,2025/033885,Rezydencki,88.89,4.40,28.09.2025 20:54:31,1,NIE,,
j-2025,14,18.11.2025,18.11.2025 12:37:07,130,159,Świętokrzyskie,32,Dermatologia i wenerologia,2025/038193,Rezydencki,92.34,4.25,30.09.2025 23:10:08,1,NIE,,
j-2025,14,18.11.2025,18.11.2025 12:37:07,130,159,Świętokrzyskie,33,Dermatologia i wenerologia,2025/039771,Pozarezydencki,87.21,4.56,30.09.2025 22:54:57,1,NIE,,
j-2025,14,18.11.2025,18.11.2025 12:37:07,130,159,Świętokrzyskie,34,Gastroenterologia dziecięca,2025/039843,Rezydencki,88.05,4.38,13.10.2025 14:34:33,1,NIE,,
j-2025,14,18.11.2025,18.11.2025 12:37:07,130,159,Świętokrzyskie,35,Hematologia,2025/035462,Rezydencki,84.06,4.43,25.09.2025 17:36:38,2,NIE,,
j-2025,14,18.11.2025,18.11.2025 12:37:07,130,159,Świętokrzyskie,36,Hematologia,2025/031514,Rezydencki,80.95,3.67,30.09.2025 14:29:11,2,NIE,,
j-2025,14,18.11.2025,18.11.2025 12:37:07,131,159,Świętokrzyskie,37,Hematologia,2025/032877,Pozarezydencki,80.18,4.00,22.09.2025 20:31:10,3,NIE,,
j-2025,14,18.11.2025,18.11.2025 12:37:07,131,159,Świętokrzyskie,38,Hematologia,2025/040443,Pozarezydencki,79.07,4.02,29.09.2025 13:23:52,3,NIE,,
j-2025,14,18.11.2025,18.11.2025 12:37:07,131,159,Świętokrzyskie,39,Hematologia,2025/033040,Pozarezydencki,61.82,0.00,23.09.2025 21:58:45,3,NIE,,
j-2025,14,18.11.2025,18.11.2025 12:37:07,131,159,Świętokrzyskie,40,Kardiochirurgia,2025/034696,Rezydencki,85.05,4.17,28.09.2025 12:43:24,1,NIE,,
j-2025,14,18.11.2025,18.11.2025 12:37:07,131,159,Świętokrzyskie,41,Kardiologia,2025/032705,Rezydencki,90.82,4.50,15.09.2025 23:13:45,3,NIE,,
j-2025,14,18.11.2025,18.11.2025 12:37:07,131,159,Świętokrzyskie,42,Kardiologia,2025/041653,Rezydencki,90.19,4.63,30.09.2025 21:28:03,3,NIE,,
j-2025,14,18.11.2025,18.11.2025 12:37:07,131,159,Świętokrzyskie,43,Kardiologia,2025/028984,Rezydencki,89.47,3.70,14.10.2025 11:01:42,3,NIE,,
j-2025,14,18.11.2025,18.11.2025 12:37:07,131,159,Świętokrzyskie,44,Kardiologia,2025/036265,Pozarezydencki,83.87,4.20,23.09.2025 20:27:26,4,NIE,,
j-2025,14,18.11.2025,18.11.2025 12:37:07,131,159,Świętokrzyskie,45,Kardiologia,2025/030760,Pozarezydencki,78.57,4.10,29.09.2025 18:57:28,4,NIE,,
j-2025,14,18.11.2025,18.11.2025 12:37:07,131,159,Świętokrzyskie,46,Kardiologia,2025/028714,Pozarezydencki,70.00,3.17,15.10.2025 16:17:38,4,NIE,,
j-2025,14,18.11.2025,18.11.2025 12:37:07,131,159,Świętokrzyskie,47,Kardiologia,2025/034834,Pozarezydencki,54.59,0.00,21.10.2025 17:31:47,4,NIE,,
j-2025,14,18.11.2025,18.11.2025 12:37:07,131,159,Świętokrzyskie,48,Medycyna pracy,2025/042207,Rezydencki,80.98,3.89,30.09.2025 13:42:23,1,NIE,,
j-2025,14,18.11.2025,18.11.2025 12:37:07,131,159,Świętokrzyskie,49,Medycyna ratunkowa,2025/034699,Rezydencki,81.86,4.67,28.09.2025 13:50:19,2,NIE,,
j-2025,14,18.11.2025,18.11.2025 12:37:07,131,159,Świętokrzyskie,50,Medycyna ratunkowa,2025/034447,Rezydencki,0.00,4.21,20.09.2025 10:34:02,2,NIE,,
j-2025,14,18.11.2025,18.11.2025 12:37:07,131,159,Świętokrzyskie,51,Medycyna ratunkowa,2025/034717,Pozarezydencki,61.11,3.54,16.10.2025 09:56:21,1,NIE,,
j-2025,14,18.11.2025,18.11.2025 12:37:07,131,159,Świętokrzyskie,52,Medycyna rodzinna,2025/029451,Rezydencki,89.23,4.48,30.09.2025 15:33:16,17,NIE,,
j-2025,14,18.11.2025,18.11.2025 12:37:07,131,159,Świętokrzyskie,53,Medycyna rodzinna,2025/038092,Rezydencki,88.33,4.20,30.09.2025 00:08:24,17,NIE,,
j-2025,14,18.11.2025,18.11.2025 12:37:07,131,159,Świętokrzyskie,54,Medycyna rodzinna,2025/029700,Rezydencki,87.92,4.38,27.09.2025 12:13:59,17,NIE,,
j-2025,14,18.11.2025,18.11.2025 12:37:07,131,159,Świętokrzyskie,55,Medycyna rodzinna,2025/040927,Rezydencki,87.92,4.12,30.09.2025 17:04:39,17,NIE,,
j-2025,14,18.11.2025,18.11.2025 12:37:07,131,159,Świętokrzyskie,56,Medycyna rodzinna,2025/036954,Rezydencki,87.75,4.09,24.09.2025 19:08:01,17,NIE,,
j-2025,14,18.11.2025,18.11.2025 12:37:07,131,159,Świętokrzyskie,57,Medycyna rodzinna,2025/033474,Rezydencki,87.44,4.27,17.09.2025 13:16:47,17,NIE,,
j-2025,14,18.11.2025,18.11.2025 12:37:07,131,159,Świętokrzyskie,58,Medycyna rodzinna,2025/033027,Rezydencki,87.38,4.12,24.09.2025 15:32:52,17,NIE,,
j-2025,14,18.11.2025,18.11.2025 12:37:07,131,159,Świętokrzyskie,59,Medycyna rodzinna,2025/038490,Rezydencki,86.84,4.00,30.09.2025 18:48:30,17,NIE,,
j-2025,14,18.11.2025,18.11.2025 12:37:07,131,159,Świętokrzyskie,60,Medycyna rodzinna,2025/033670,Rezydencki,85.02,4.01,16.09.2025 23:25:14,17,NIE,,
j-2025,14,18.11.2025,18.11.2025 12:37:07,131,159,Świętokrzyskie,61,Medycyna rodzinna,2025/041621,Rezydencki,83.57,4.43,30.09.2025 12:57:36,17,NIE,,
j-2025,14,18.11.2025,18.11.2025 12:37:07,131,159,Świętokrzyskie,62,Medycyna rodzinna,2025/041652,Rezydencki,83.33,4.24,30.09.2025 21:14:07,17,NIE,,
j-2025,14,18.11.2025,18.11.2025 12:37:07,131,159,Świętokrzyskie,63,Medycyna rodzinna,2025/032918,Rezydencki,82.13,4.00,29.09.2025 21:35:05,17,NIE,,
j-2025,14,18.11.2025,18.11.2025 12:37:07,131,159,Świętokrzyskie,64,Medycyna rodzinna,2025/036741,Rezydencki,80.95,4.26,28.09.2025 10:27:40,17,NIE,,
j-2025,14,18.11.2025,18.11.2025 12:37:07,131,159,Świętokrzyskie,65,Medycyna rodzinna,2025/033506,Rezydencki,80.19,4.07,16.09.2025 20:58:26,17,NIE,,
j-2025,14,18.11.2025,18.11.2025 12:37:07,131,159,Świętokrzyskie,66,Medycyna rodzinna,2025/038442,Rezydencki,79.90,4.32,30.09.2025 12:35:44,17,NIE,,
j-2025,14,18.11.2025,18.11.2025 12:37:07,131,159,Świętokrzyskie,67,Medycyna rodzinna,2025/034755,Rezydencki,79.41,4.36,21.09.2025 12:10:58,17,NIE,,
j-2025,14,18.11.2025,18.11.2025 12:37:07,131,159,Świętokrzyskie,68,Medycyna rodzinna,2025/036774,Rezydencki,71.77,4.07,08.10.2025 15:41:02,17,NIE,,
j-2025,14,18.11.2025,18.11.2025 12:37:07,131,159,Świętokrzyskie,69,Medycyna rodzinna,2025/034307,Pozarezydencki,70.91,3.61,24.10.2025 13:18:47,3,NIE,,
j-2025,14,18.11.2025,18.11.2025 12:37:07,131,159,Świętokrzyskie,70,Medycyna rodzinna,2025/040087,Pozarezydencki,64.81,3.39,25.10.2025 11:43:20,3,NIE,,
j-2025,14,18.11.2025,18.11.2025 12:37:07,131,159,Świętokrzyskie,71,Medycyna rodzinna,2025/035830,Pozarezydencki,0.00,3.28,23.09.2025 10:21:04,3,NIE,,
j-2025,14,18.11.2025,18.11.2025 12:37:07,131,159,Świętokrzyskie,72,Nefrologia,2025/036556,Rezydencki,88.89,4.65,24.09.2025 12:43:43,2,NIE,,
j-2025,14,18.11.2025,18.11.2025 12:37:07,132,159,Świętokrzyskie,73,Nefrologia,2025/032663,Rezydencki,82.61,4.80,05.10.2025 12:37:18,2,NIE,,
j-2025,14,18.11.2025,18.11.2025 12:37:07,132,159,Świętokrzyskie,74,Neonatologia,2025/038389,Rezydencki,74.64,3.49,21.10.2025 14:53:55,1,NIE,,
j-2025,14,18.11.2025,18.11.2025 12:37:07,132,159,Świętokrzyskie,75,Neurologia,2025/036327,Rezydencki,89.71,4.35,30.09.2025 17:05:29,10,NIE,,
j-2025,14,18.11.2025,18.11.2025 12:37:07,132,159,Świętokrzyskie,76,Neurologia,2025/039963,Rezydencki,88.89,4.60,30.09.2025 19:20:10,10,NIE,,
j-2025,14,18.11.2025,18.11.2025 12:37:07,132,159,Świętokrzyskie,77,Neurologia,2025/042588,Rezydencki,87.99,4.41,30.09.2025 18:10:12,10,NIE,,
j-2025,14,18.11.2025,18.11.2025 12:37:07,132,159,Świętokrzyskie,78,Neurologia,2025/038467,Rezydencki,86.47,4.00,29.09.2025 14:31:58,10,NIE,,
j-2025,14,18.11.2025,18.11.2025 12:37:07,132,159,Świętokrzyskie,79,Neurologia,2025/036837,Rezydencki,86.12,0.00,08.10.2025 16:40:07,10,NIE,,
j-2025,14,18.11.2025,18.11.2025 12:37:07,132,159,Świętokrzyskie,80,Neurologia,2025/037644,Rezydencki,85.65,3.65,30.09.2025 19:02:52,10,NIE,,
j-2025,14,18.11.2025,18.11.2025 12:37:07,132,159,Świętokrzyskie,81,Neurologia,2025/030761,Rezydencki,85.48,3.98,28.09.2025 19:05:06,10,NIE,,
j-2025,14,18.11.2025,18.11.2025 12:37:07,132,159,Świętokrzyskie,82,Neurologia,2025/040421,Rezydencki,80.68,4.30,30.09.2025 13:53:49,10,NIE,,
j-2025,14,18.11.2025,18.11.2025 12:37:07,132,159,Świętokrzyskie,83,Neurologia,2025/042683,Rezydencki,77.27,4.03,03.10.2025 11:59:40,10,NIE,,
j-2025,14,18.11.2025,18.11.2025 12:37:07,132,159,Świętokrzyskie,84,Neurologia,2025/038864,Rezydencki,61.72,4.01,30.09.2025 11:49:59,10,NIE,,
j-2025,14,18.11.2025,18.11.2025 12:37:07,132,159,Świętokrzyskie,85,Okulistyka,2025/041465,Rezydencki,91.39,4.28,30.09.2025 00:17:50,3,NIE,,
j-2025,14,18.11.2025,18.11.2025 12:37:07,132,159,Świętokrzyskie,86,Okulistyka,2025/034799,Rezydencki,89.71,4.17,30.09.2025 23:48:11,3,NIE,,
j-2025,14,18.11.2025,18.11.2025 12:37:07,132,159,Świętokrzyskie,87,Okulistyka,2025/036955,Rezydencki,89.47,3.88,17.10.2025 16:06:44,3,NIE,,
j-2025,14,18.11.2025,18.11.2025 12:37:07,132,159,Świętokrzyskie,88,Okulistyka,2025/038059,Pozarezydencki,86.30,4.31,30.09.2025 22:35:13,1,NIE,,
j-2025,14,18.11.2025,18.11.2025 12:37:07,132,159,Świętokrzyskie,89,Onkologia i hematologia dziecięca,2025/030459,Pozarezydencki,70.91,3.64,03.10.2025 07:57:40,1,NIE,,
j-2025,14,18.11.2025,18.11.2025 12:37:07,132,159,Świętokrzyskie,90,Onkologia kliniczna,2025/028696,Rezydencki,89.86,4.02,05.09.2025 10:56:55,2,NIE,,
j-2025,14,18.11.2025,18.11.2025 12:37:07,132,159,Świętokrzyskie,91,Onkologia kliniczna,2025/040596,Rezydencki,79.17,4.32,15.10.2025 16:26:19,2,NIE,,
j-2025,14,18.11.2025,18.11.2025 12:37:07,132,159,Świętokrzyskie,92,Ortopedia i traumatologia narządu ruchu,2025/033206,Rezydencki,86.19,4.07,30.09.2025 19:45:44,2,NIE,,
j-2025,14,18.11.2025,18.11.2025 12:37:07,132,159,Świętokrzyskie,93,Ortopedia i traumatologia narządu ruchu,2025/041112,Rezydencki,85.71,3.83,29.09.2025 20:19:04,2,NIE,,
j-2025,14,18.11.2025,18.11.2025 12:37:07,132,159,Świętokrzyskie,94,Ortopedia i traumatologia narządu ruchu,2025/032871,Pozarezydencki,80.82,3.81,03.10.2025 15:47:46,5,NIE,,
j-2025,14,18.11.2025,18.11.2025 12:37:07,132,159,Świętokrzyskie,95,Ortopedia i traumatologia narządu ruchu,2025/036203,Pozarezydencki,73.74,3.95,30.09.2025 16:40:33,5,NIE,,
j-2025,14,18.11.2025,18.11.2025 12:37:07,132,159,Świętokrzyskie,96,Ortopedia i traumatologia narządu ruchu,2025/030431,Pozarezydencki,73.27,4.19,09.10.2025 09:37:58,5,NIE,,
j-2025,14,18.11.2025,18.11.2025 12:37:07,132,159,Świętokrzyskie,97,Ortopedia i traumatologia narządu ruchu,2025/037635,Pozarezydencki,70.32,3.71,30.09.2025 22:10:06,5,NIE,,
j-2025,14,18.11.2025,18.11.2025 12:37:07,132,159,Świętokrzyskie,98,Ortopedia i traumatologia narządu ruchu,2025/034487,Pozarezydencki,58.06,0.00,27.10.2025 09:23:13,5,NIE,,
j-2025,14,18.11.2025,18.11.2025 12:37:07,132,159,Świętokrzyskie,99,Otorynolaryngologia,2025/039024,Rezydencki,91.39,4.16,07.10.2025 14:09:04,5,NIE,,
j-2025,14,18.11.2025,18.11.2025 12:37:07,132,159,Świętokrzyskie,100,Otorynolaryngologia,2025/031947,Rezydencki,90.24,4.35,30.09.2025 21:30:28,5,NIE,,
j-2025,14,18.11.2025,18.11.2025 12:37:07,132,159,Świętokrzyskie,101,Otorynolaryngologia,2025/033248,Rezydencki,90.10,3.70,28.09.2025 14:57:12,5,NIE,,
j-2025,14,18.11.2025,18.11.2025 12:37:07,132,159,Świętokrzyskie,102,Otorynolaryngologia,2025/035650,Rezydencki,90.00,4.27,30.09.2025 23:55:56,5,NIE,,
j-2025,14,18.11.2025,18.11.2025 12:37:07,132,159,Świętokrzyskie,103,Otorynolaryngologia,2025/028426,Rezydencki,89.00,3.73,30.09.2025 15:13:39,5,NIE,,
j-2025,14,18.11.2025,18.11.2025 12:37:07,132,159,Świętokrzyskie,104,Patomorfologia,2025/037142,Rezydencki,59.90,0.00,07.10.2025 09:39:33,1,NIE,,
j-2025,14,18.11.2025,18.11.2025 12:37:07,132,159,Świętokrzyskie,105,Pediatria,2025/041597,Rezydencki,86.12,4.26,30.09.2025 20:24:14,2,NIE,,
j-2025,14,18.11.2025,18.11.2025 12:37:07,132,159,Świętokrzyskie,106,Pediatria,2025/040427,Rezydencki,85.89,4.35,30.09.2025 18:22:26,2,NIE,,
j-2025,14,18.11.2025,18.11.2025 12:37:07,132,159,Świętokrzyskie,107,Perinatologia,2025/031987,Pozarezydencki,75.58,3.90,16.09.2025 23:11:51,1,NIE,,
j-2025,14,18.11.2025,18.11.2025 12:37:07,132,159,Świętokrzyskie,108,Położnictwo i ginekologia,2025/038570,Rezydencki,87.86,4.03,27.09.2025 21:49:51,3,NIE,,
j-2025,14,18.11.2025,18.11.2025 12:37:07,133,159,Świętokrzyskie,109,Położnictwo i ginekologia,2025/036404,Rezydencki,85.71,3.97,30.09.2025 16:17:37,3,NIE,,
j-2025,14,18.11.2025,18.11.2025 12:37:07,133,159,Świętokrzyskie,110,Położnictwo i ginekologia,2025/039689,Rezydencki,82.93,3.95,12.10.2025 20:50:40,3,NIE,,
j-2025,14,18.11.2025,18.11.2025 12:37:07,133,159,Świętokrzyskie,111,Psychiatria,2025/037758,Rezydencki,89.95,4.13,30.09.2025 23:46:07,6,NIE,,
j-2025,14,18.11.2025,18.11.2025 12:37:07,133,159,Świętokrzyskie,112,Psychiatria,2025/032792,Rezydencki,88.89,4.28,28.09.2025 20:40:38,6,NIE,,
j-2025,14,18.11.2025,18.11.2025 12:37:07,133,159,Świętokrzyskie,113,Psychiatria,2025/041962,Rezydencki,82.54,4.12,30.09.2025 22:15:47,6,NIE,,
j-2025,14,18.11.2025,18.11.2025 12:37:07,133,159,Świętokrzyskie,114,Psychiatria,2025/041010,Rezydencki,82.30,4.12,30.09.2025 17:40:29,6,NIE,,
j-2025,14,18.11.2025,18.11.2025 12:37:07,133,159,Świętokrzyskie,115,Psychiatria,2025/036660,Rezydencki,81.16,3.77,21.10.2025 16:22:03,6,NIE,,
j-2025,14,18.11.2025,18.11.2025 12:37:07,133,159,Świętokrzyskie,116,Psychiatria,2025/039154,Rezydencki,79.52,3.81,08.10.2025 15:54:42,6,NIE,,
j-2025,14,18.11.2025,18.11.2025 12:37:07,133,159,Świętokrzyskie,117,Psychiatria,2025/039526,Pozarezydencki,58.88,0.00,10.10.2025 17:27:19,1,NIE,,
j-2025,14,18.11.2025,18.11.2025 12:37:07,133,159,Świętokrzyskie,118,Radiologia i diagnostyka obrazowa,2025/038933,Rezydencki,89.47,4.16,30.09.2025 17:01:26,3,NIE,,
j-2025,14,18.11.2025,18.11.2025 12:37:07,133,159,Świętokrzyskie,119,Radiologia i diagnostyka obrazowa,2025/028924,Rezydencki,89.46,4.63,28.09.2025 12:06:51,3,NIE,,
j-2025,14,18.11.2025,18.11.2025 12:37:07,133,159,Świętokrzyskie,120,Radiologia i diagnostyka obrazowa,2025/032513,Rezydencki,89.27,4.03,23.09.2025 22:07:06,3,NIE,,
j-2025,14,18.11.2025,18.11.2025 12:37:07,133,159,Świętokrzyskie,121,Radiologia i diagnostyka obrazowa,2025/041494,Pozarezydencki,84.47,4.08,30.09.2025 23:03:49,6,NIE,,
j-2025,14,18.11.2025,18.11.2025 12:37:07,133,159,Świętokrzyskie,122,Radiologia i diagnostyka obrazowa,2025/041397,Pozarezydencki,81.80,4.35,30.09.2025 21:42:59,6,NIE,,
j-2025,14,18.11.2025,18.11.2025 12:37:07,133,159,Świętokrzyskie,123,Radiologia i diagnostyka obrazowa,2025/042238,Pozarezydencki,78.31,4.22,30.09.2025 19:10:32,6,NIE,,
j-2025,14,18.11.2025,18.11.2025 12:37:07,133,159,Świętokrzyskie,124,Radiologia i diagnostyka obrazowa,2025/040351,Pozarezydencki,73.52,3.59,30.09.2025 15:15:33,6,NIE,,
j-2025,14,18.11.2025,18.11.2025 12:37:07,133,159,Świętokrzyskie,125,Radiologia i diagnostyka obrazowa,2025/039554,Pozarezydencki,70.70,4.67,29.09.2025 22:20:30,6,NIE,,
j-2025,14,18.11.2025,18.11.2025 12:37:07,133,159,Świętokrzyskie,126,Radiologia i diagnostyka obrazowa,2025/042432,Pozarezydencki,51.38,2.53,24.10.2025 14:49:43,6,NIE,,
j-2025,14,18.11.2025,18.11.2025 12:37:07,133,159,Świętokrzyskie,127,Rehabilitacja medyczna,2025/031945,Rezydencki,76.56,3.73,30.09.2025 16:50:14,3,NIE,,
j-2025,14,18.11.2025,18.11.2025 12:37:07,133,159,Świętokrzyskie,128,Rehabilitacja medyczna,2025/031819,Rezydencki,70.48,3.72,14.10.2025 12:44:50,3,NIE,,
j-2025,14,18.11.2025,18.11.2025 12:37:07,133,159,Świętokrzyskie,129,Rehabilitacja medyczna,2025/034328,Rezydencki,56.44,3.44,27.09.2025 20:57:53,3,NIE,,
j-2025,14,18.11.2025,18.11.2025 12:37:07,133,159,Świętokrzyskie,130,Rehabilitacja medyczna,2025/029225,Pozarezydencki,75.45,3.83,09.10.2025 19:44:03,3,NIE,,
j-2025,14,18.11.2025,18.11.2025 12:37:07,133,159,Świętokrzyskie,131,Rehabilitacja medyczna,2025/036262,Pozarezydencki,61.82,3.20,30.09.2025 10:44:07,3,NIE,,
j-2025,14,18.11.2025,18.11.2025 12:37:07,133,159,Świętokrzyskie,132,Rehabilitacja medyczna,2025/038226,Pozarezydencki,51.83,0.00,21.10.2025 08:22:01,3,NIE,,
j-2025,14,18.11.2025,18.11.2025 12:37:07,133,159,Świętokrzyskie,133,Reumatologia,2025/035638,Rezydencki,90.58,4.13,30.09.2025 17:35:22,2,NIE,,
j-2025,14,18.11.2025,18.11.2025 12:37:07,133,159,Świętokrzyskie,134,Reumatologia,2025/037988,Rezydencki,90.43,4.51,30.09.2025 18:41:07,2,NIE,,
j-2025,14,18.11.2025,18.11.2025 12:37:07,133,159,Świętokrzyskie,135,Reumatologia,2025/032890,Pozarezydencki,92.50,4.18,07.10.2025 22:20:39,1,NIE,,
j-2025,14,18.11.2025,18.11.2025 12:37:07,133,159,Świętokrzyskie,136,Stomatologia zachowawcza z endodoncją,2025/029078,Rezydencki,70.57,3.71,06.10.2025 14:34:13,2,NIE,,
j-2025,14,18.11.2025,18.11.2025 12:37:07,133,159,Świętokrzyskie,137,Stomatologia zachowawcza z endodoncją,2025/043242,Rezydencki,68.93,3.30,31.10.2025 14:46:31,2,NIE,,
j-2025,14,18.11.2025,18.11.2025 12:37:07,133,159,Świętokrzyskie,138,Transplantologia kliniczna,2025/032511,Pozarezydencki,84.55,4.41,14.10.2025 13:55:06,1,NIE,,
j-2025,14,18.11.2025,18.11.2025 12:37:07,133,159,Świętokrzyskie,139,Urologia,2025/041186,Rezydencki,91.79,4.72,30.09.2025 23:12:04,4,NIE,,
j-2025,14,18.11.2025,18.11.2025 12:37:07,133,159,Świętokrzyskie,140,Urologia,2025/029066,Rezydencki,89.86,4.55,10.09.2025 20:34:03,4,NIE,,
j-2025,14,18.11.2025,18.11.2025 12:37:07,133,159,Świętokrzyskie,141,Urologia,2025/029574,Rezydencki,89.00,4.42,09.10.2025 13:16:05,4,NIE,,
j-2025,14,18.11.2025,18.11.2025 12:37:07,133,159,Świętokrzyskie,142,Urologia,2025/042883,Rezydencki,89.00,3.80,10.10.2025 23:08:45,4,NIE,,
j-2025,14,18.11.2025,18.11.2025 12:37:07,133,159,Świętokrzyskie,143,Urologia,2025/040312,Pozarezydencki,82.19,0.00,30.09.2025 00:23:04,1,NIE,,
j-2025,14,18.11.2025,18.11.2025 12:37:07,134,159,Świętokrzyskie,1,Kardiologia,2025/035905,Rezydencki,81.58,3.77,07.10.2025 19:23:55,1,TAK,Wojewódzki Szpital Zespolony w Kielcach,Świętokrzyskie Centrum Kardiologii
j-2025,14,18.11.2025,18.11.2025 12:37:07,134,159,Warmińsko-mazurskie,1,Alergologia,2025/028693,Pozarezydencki,70.91,3.90,23.10.2025 15:42:20,1,NIE,,
j-2025,14,18.11.2025,18.11.2025 12:37:07,134,159,Warmińsko-mazurskie,2,Anestezjologia i intensywna terapia,2025/028552,Rezydencki,90.34,4.56,01.09.2025 09:41:03,9,NIE,,
j-2025,14,18.11.2025,18.11.2025 12:37:07,134,159,Warmińsko-mazurskie,3,Anestezjologia i intensywna terapia,2025/031605,Rezydencki,89.95,4.29,30.09.2025 16:58:05,9,NIE,,
j-2025,14,18.11.2025,18.11.2025 12:37:07,134,159,Warmińsko-mazurskie,4,Anestezjologia i intensywna terapia,2025/039234,Rezydencki,87.86,4.19,30.09.2025 15:52:54,9,NIE,,
j-2025,14,18.11.2025,18.11.2025 12:37:07,134,159,Warmińsko-mazurskie,5,Anestezjologia i intensywna terapia,2025/039529,Rezydencki,85.71,3.84,07.10.2025 08:22:32,9,NIE,,
j-2025,14,18.11.2025,18.11.2025 12:37:07,134,159,Warmińsko-mazurskie,6,Anestezjologia i intensywna terapia,2025/036900,Rezydencki,85.65,4.25,20.10.2025 23:37:51,9,NIE,,
j-2025,14,18.11.2025,18.11.2025 12:37:07,134,159,Warmińsko-mazurskie,7,Anestezjologia i intensywna terapia,2025/043092,Rezydencki,84.80,3.69,30.09.2025 21:48:31,9,NIE,,
j-2025,14,18.11.2025,18.11.2025 12:37:07,134,159,Warmińsko-mazurskie,8,Anestezjologia i intensywna terapia,2025/035424,Rezydencki,84.69,4.40,29.09.2025 04:13:41,9,NIE,,
j-2025,14,18.11.2025,18.11.2025 12:37:07,134,159,Warmińsko-mazurskie,9,Anestezjologia i intensywna terapia,2025/029507,Rezydencki,84.06,0.00,17.10.2025 20:52:13,9,NIE,,
j-2025,14,18.11.2025,18.11.2025 12:37:07,134,159,Warmińsko-mazurskie,10,Anestezjologia i intensywna terapia,2025/040834,Rezydencki,83.25,3.88,29.09.2025 18:13:10,9,NIE,,
j-2025,14,18.11.2025,18.11.2025 12:37:07,134,159,Warmińsko-mazurskie,11,Chirurgia dziecięca,2025/032516,Rezydencki,77.51,3.70,30.09.2025 12:13:24,1,NIE,,
j-2025,14,18.11.2025,18.11.2025 12:37:07,134,159,Warmińsko-mazurskie,12,Chirurgia naczyniowa,2025/030848,Rezydencki,85.48,4.23,06.09.2025 18:58:48,1,NIE,,
j-2025,14,18.11.2025,18.11.2025 12:37:07,134,159,Warmińsko-mazurskie,13,Chirurgia ogólna,2025/038734,Rezydencki,88.89,3.90,26.09.2025 22:20:42,10,NIE,,
j-2025,14,18.11.2025,18.11.2025 12:37:07,134,159,Warmińsko-mazurskie,14,Chirurgia ogólna,2025/034006,Rezydencki,87.56,4.41,30.09.2025 15:09:43,10,NIE,,
j-2025,14,18.11.2025,18.11.2025 12:37:07,134,159,Warmińsko-mazurskie,15,Chirurgia ogólna,2025/037601,Rezydencki,83.57,3.92,27.09.2025 22:20:53,10,NIE,,
j-2025,14,18.11.2025,18.11.2025 12:37:07,134,159,Warmińsko-mazurskie,16,Chirurgia ogólna,2025/034388,Rezydencki,79.95,3.67,19.09.2025 12:37:16,10,NIE,,
j-2025,14,18.11.2025,18.11.2025 12:37:07,134,159,Warmińsko-mazurskie,17,Chirurgia ogólna,2025/037894,Rezydencki,77.78,3.51,08.10.2025 13:53:13,10,NIE,,
j-2025,14,18.11.2025,18.11.2025 12:37:07,134,159,Warmińsko-mazurskie,18,Chirurgia ogólna,2025/033857,Rezydencki,77.14,3.59,24.09.2025 12:58:56,10,NIE,,
j-2025,14,18.11.2025,18.11.2025 12:37:07,134,159,Warmińsko-mazurskie,19,Chirurgia ogólna,2025/032901,Rezydencki,72.86,3.85,25.09.2025 17:07:23,10,NIE,,
j-2025,14,18.11.2025,18.11.2025 12:37:07,134,159,Warmińsko-mazurskie,20,Chirurgia ogólna,2025/034045,Rezydencki,68.78,3.46,23.10.2025 14:23:09,10,NIE,,
j-2025,14,18.11.2025,18.11.2025 12:37:07,134,159,Warmińsko-mazurskie,21,Chirurgia ogólna,2025/029671,Rezydencki,67.14,4.34,02.09.2025 19:57:01,10,NIE,,
j-2025,14,18.11.2025,18.11.2025 12:37:07,134,159,Warmińsko-mazurskie,22,Chirurgia ogólna,2025/035399,Rezydencki,60.00,0.00,17.10.2025 17:53:29,10,NIE,,
j-2025,14,18.11.2025,18.11.2025 12:37:07,134,159,Warmińsko-mazurskie,23,Chirurgia ogólna,2025/030744,Pozarezydencki,0.00,0.00,05.09.2025 22:03:33,1,NIE,,
j-2025,14,18.11.2025,18.11.2025 12:37:07,134,159,Warmińsko-mazurskie,24,Chirurgia stomatologiczna,2025/028991,Rezydencki,84.69,4.38,30.09.2025 17:08:37,4,NIE,,
j-2025,14,18.11.2025,18.11.2025 12:37:07,134,159,Warmińsko-mazurskie,25,Chirurgia stomatologiczna,2025/035688,Rezydencki,83.73,4.14,30.09.2025 15:09:27,4,NIE,,
j-2025,14,18.11.2025,18.11.2025 12:37:07,134,159,Warmińsko-mazurskie,26,Chirurgia stomatologiczna,2025/032425,Rezydencki,82.86,3.38,14.10.2025 17:30:06,4,NIE,,
j-2025,14,18.11.2025,18.11.2025 12:37:07,134,159,Warmińsko-mazurskie,27,Chirurgia stomatologiczna,2025/042065,Rezydencki,82.62,4.35,30.09.2025 23:28:20,4,NIE,,
j-2025,14,18.11.2025,18.11.2025 12:37:07,134,159,Warmińsko-mazurskie,28,Chirurgia szczękowo-twarzowa,2025/035245,Pozarezydencki,79.44,3.19,27.09.2025 09:45:57,1,NIE,,
j-2025,14,18.11.2025,18.11.2025 12:37:07,134,159,Warmińsko-mazurskie,29,Choroby płuc,2025/035450,Rezydencki,87.56,4.16,30.09.2025 14:55:38,1,NIE,,
j-2025,14,18.11.2025,18.11.2025 12:37:07,134,159,Warmińsko-mazurskie,30,Choroby płuc,2025/042224,Pozarezydencki,59.17,3.46,13.10.2025 20:40:53,1,NIE,,
j-2025,14,18.11.2025,18.11.2025 12:37:07,135,159,Warmińsko-mazurskie,31,Choroby wewnętrzne,2025/034845,Rezydencki,85.99,4.01,24.09.2025 18:31:53,11,NIE,,
j-2025,14,18.11.2025,18.11.2025 12:37:07,135,159,Warmińsko-mazurskie,32,Choroby wewnętrzne,2025/032979,Rezydencki,83.82,0.00,25.10.2025 07:55:47,11,NIE,,
j-2025,14,18.11.2025,18.11.2025 12:37:07,135,159,Warmińsko-mazurskie,33,Choroby wewnętrzne,2025/038899,Rezydencki,83.25,3.77,30.09.2025 15:30:41,11,NIE,,
j-2025,14,18.11.2025,18.11.2025 12:37:07,135,159,Warmińsko-mazurskie,34,Choroby wewnętrzne,2025/041881,Rezydencki,82.30,3.75,30.09.2025 12:01:13,11,NIE,,
j-2025,14,18.11.2025,18.11.2025 12:37:07,135,159,Warmińsko-mazurskie,35,Choroby wewnętrzne,2025/035337,Rezydencki,78.95,0.00,14.10.2025 09:45:24,11,NIE,,
j-2025,14,18.11.2025,18.11.2025 12:37:07,135,159,Warmińsko-mazurskie,36,Choroby wewnętrzne,2025/037345,Rezydencki,77.75,3.39,20.10.2025 17:11:53,11,NIE,,
j-2025,14,18.11.2025,18.11.2025 12:37:07,135,159,Warmińsko-mazurskie,37,Choroby wewnętrzne,2025/040521,Rezydencki,77.56,3.70,21.10.2025 11:30:04,11,NIE,,
j-2025,14,18.11.2025,18.11.2025 12:37:07,135,159,Warmińsko-mazurskie,38,Choroby wewnętrzne,2025/043052,Rezydencki,73.68,4.33,22.10.2025 08:30:55,11,NIE,,
j-2025,14,18.11.2025,18.11.2025 12:37:07,135,159,Warmińsko-mazurskie,39,Choroby wewnętrzne,2025/037796,Rezydencki,71.50,3.37,22.10.2025 23:35:25,11,NIE,,
j-2025,14,18.11.2025,18.11.2025 12:37:07,135,159,Warmińsko-mazurskie,40,Choroby wewnętrzne,2025/041549,Rezydencki,68.10,3.50,29.09.2025 22:54:04,11,NIE,,
j-2025,14,18.11.2025,18.11.2025 12:37:07,135,159,Warmińsko-mazurskie,41,Choroby wewnętrzne,2025/039947,Rezydencki,56.46,4.00,21.10.2025 22:08:18,11,NIE,,
j-2025,14,18.11.2025,18.11.2025 12:37:07,135,159,Warmińsko-mazurskie,42,Diabetologia,2025/037658,Rezydencki,88.76,3.80,28.09.2025 00:35:54,1,NIE,,
j-2025,14,18.11.2025,18.11.2025 12:37:07,135,159,Warmińsko-mazurskie,43,Diabetologia,2025/032517,Pozarezydencki,89.09,3.12,14.10.2025 08:29:39,4,NIE,,
j-2025,14,18.11.2025,18.11.2025 12:37:07,135,159,Warmińsko-mazurskie,44,Diabetologia,2025/037182,Pozarezydencki,74.20,3.36,17.10.2025 11:20:59,4,NIE,,
j-2025,14,18.11.2025,18.11.2025 12:37:07,135,159,Warmińsko-mazurskie,45,Diabetologia,2025/039440,Pozarezydencki,73.64,3.71,28.09.2025 16:28:08,4,NIE,,
j-2025,14,18.11.2025,18.11.2025 12:37:07,135,159,Warmińsko-mazurskie,46,Diabetologia,2025/030934,Pozarezydencki,73.39,4.21,04.10.2025 15:24:32,4,NIE,,
j-2025,14,18.11.2025,18.11.2025 12:37:07,135,159,Warmińsko-mazurskie,47,Endokrynologia,2025/032008,Pozarezydencki,84.42,3.56,19.09.2025 22:43:37,3,NIE,,
j-2025,14,18.11.2025,18.11.2025 12:37:07,135,159,Warmińsko-mazurskie,48,Endokrynologia,2025/037209,Pozarezydencki,83.11,4.17,12.10.2025 10:54:01,3,NIE,,
j-2025,14,18.11.2025,18.11.2025 12:37:07,135,159,Warmińsko-mazurskie,49,Endokrynologia,2025/041488,Pozarezydencki,82.88,3.76,30.09.2025 18:20:31,3,NIE,,
j-2025,14,18.11.2025,18.11.2025 12:37:07,135,159,Warmińsko-mazurskie,50,Gastroenterologia,2025/037493,Pozarezydencki,84.47,4.20,30.09.2025 11:56:25,4,NIE,,
j-2025,14,18.11.2025,18.11.2025 12:37:07,135,159,Warmińsko-mazurskie,51,Gastroenterologia,2025/041937,Pozarezydencki,83.64,3.84,30.09.2025 22:52:55,4,NIE,,
j-2025,14,18.11.2025,18.11.2025 12:37:07,135,159,Warmińsko-mazurskie,52,Gastroenterologia,2025/035033,Pozarezydencki,76.26,4.14,30.09.2025 17:31:40,4,NIE,,
j-2025,14,18.11.2025,18.11.2025 12:37:07,135,159,Warmińsko-mazurskie,53,Gastroenterologia,2025/038033,Pozarezydencki,73.64,4.10,25.09.2025 21:57:34,4,NIE,,
j-2025,14,18.11.2025,18.11.2025 12:37:07,135,159,Warmińsko-mazurskie,54,Gastroenterologia dziecięca,2025/036544,Rezydencki,87.32,3.74,30.09.2025 11:10:36,1,NIE,,
j-2025,14,18.11.2025,18.11.2025 12:37:07,135,159,Warmińsko-mazurskie,55,Geriatria,2025/029833,Rezydencki,83.82,3.86,24.10.2025 10:32:23,1,NIE,,
j-2025,14,18.11.2025,18.11.2025 12:37:07,135,159,Warmińsko-mazurskie,56,Ginekologia onkologiczna,2025/043288,Pozarezydencki,73.18,0.00,30.09.2025 22:51:36,1,NIE,,
j-2025,14,18.11.2025,18.11.2025 12:37:07,135,159,Warmińsko-mazurskie,57,Hematologia,2025/029857,Rezydencki,81.37,4.29,29.09.2025 11:36:57,1,NIE,,
j-2025,14,18.11.2025,18.11.2025 12:37:07,135,159,Warmińsko-mazurskie,58,Hipertensjologia,2025/032615,Pozarezydencki,66.06,3.56,13.10.2025 17:38:54,1,NIE,,
j-2025,14,18.11.2025,18.11.2025 12:37:07,135,159,Warmińsko-mazurskie,59,Intensywna terapia,2025/040777,Pozarezydencki,75.45,0.00,28.10.2025 17:07:09,1,NIE,,
j-2025,14,18.11.2025,18.11.2025 12:37:07,135,159,Warmińsko-mazurskie,60,Kardiologia,2025/033929,Rezydencki,89.00,4.13,03.10.2025 10:12:48,5,NIE,,
j-2025,14,18.11.2025,18.11.2025 12:37:07,135,159,Warmińsko-mazurskie,61,Kardiologia,2025/037745,Rezydencki,87.25,4.23,30.09.2025 19:16:32,5,NIE,,
j-2025,14,18.11.2025,18.11.2025 12:37:07,135,159,Warmińsko-mazurskie,62,Kardiologia,2025/041675,Rezydencki,86.84,3.97,30.09.2025 00:43:09,5,NIE,,
j-2025,14,18.11.2025,18.11.2025 12:37:07,135,159,Warmińsko-mazurskie,63,Kardiologia,2025/037811,Rezydencki,86.67,4.41,29.09.2025 21:47:31,5,NIE,,
j-2025,14,18.11.2025,18.11.2025 12:37:07,135,159,Warmińsko-mazurskie,64,Kardiologia,2025/032245,Rezydencki,86.67,4.20,11.09.2025 17:26:48,5,NIE,,
j-2025,14,18.11.2025,18.11.2025 12:37:07,135,159,Warmińsko-mazurskie,65,Kardiologia,2025/036804,Pozarezydencki,67.74,3.60,25.09.2025 22:25:45,3,NIE,,
j-2025,14,18.11.2025,18.11.2025 12:37:07,135,159,Warmińsko-mazurskie,66,Kardiologia,2025/039888,Pozarezydencki,67.27,4.17,16.10.2025 21:56:03,3,NIE,,
j-2025,14,18.11.2025,18.11.2025 12:37:07,136,159,Warmińsko-mazurskie,67,Kardiologia,2025/028807,Pozarezydencki,63.76,0.00,28.10.2025 12:37:32,3,NIE,,
j-2025,14,18.11.2025,18.11.2025 12:37:07,136,159,Warmińsko-mazurskie,68,Medycyna nuklearna,2025/035438,Rezydencki,81.82,3.92,30.09.2025 22:05:56,2,NIE,,
j-2025,14,18.11.2025,18.11.2025 12:37:07,136,159,Warmińsko-mazurskie,69,Medycyna nuklearna,2025/042485,Rezydencki,73.92,4.36,30.09.2025 16:39:54,2,NIE,,
j-2025,14,18.11.2025,18.11.2025 12:37:07,136,159,Warmińsko-mazurskie,70,Medycyna paliatywna,2025/030949,Pozarezydencki,75.45,3.33,26.09.2025 18:41:59,3,NIE,,
j-2025,14,18.11.2025,18.11.2025 12:37:07,136,159,Warmińsko-mazurskie,71,Medycyna paliatywna,2025/042225,Pozarezydencki,68.64,0.00,17.10.2025 13:37:06,3,NIE,,
j-2025,14,18.11.2025,18.11.2025 12:37:07,136,159,Warmińsko-mazurskie,72,Medycyna paliatywna,2025/042005,Pozarezydencki,61.82,0.00,15.10.2025 15:02:10,3,NIE,,
j-2025,14,18.11.2025,18.11.2025 12:37:07,136,159,Warmińsko-mazurskie,73,Medycyna pracy,2025/043208,Rezydencki,72.25,3.61,30.09.2025 22:27:01,1,NIE,,
j-2025,14,18.11.2025,18.11.2025 12:37:07,136,159,Warmińsko-mazurskie,74,Medycyna pracy,2025/028411,Pozarezydencki,81.63,3.62,22.10.2025 14:56:09,3,NIE,,
j-2025,14,18.11.2025,18.11.2025 12:37:07,136,159,Warmińsko-mazurskie,75,Medycyna pracy,2025/032031,Pozarezydencki,75.45,3.98,18.09.2025 17:02:46,3,NIE,,
j-2025,14,18.11.2025,18.11.2025 12:37:07,136,159,Warmińsko-mazurskie,76,Medycyna pracy,2025/037362,Pozarezydencki,75.45,3.24,17.10.2025 09:05:07,3,NIE,,
j-2025,14,18.11.2025,18.11.2025 12:37:07,136,159,Warmińsko-mazurskie,77,Medycyna ratunkowa,2025/034486,Rezydencki,84.31,4.09,22.09.2025 16:24:45,1,NIE,,
j-2025,14,18.11.2025,18.11.2025 12:37:07,136,159,Warmińsko-mazurskie,78,Medycyna ratunkowa,2025/034856,Pozarezydencki,70.91,0.00,07.10.2025 12:40:19,1,NIE,,
j-2025,14,18.11.2025,18.11.2025 12:37:07,136,159,Warmińsko-mazurskie,79,Medycyna rodzinna,2025/034920,Rezydencki,88.10,3.82,24.09.2025 21:10:04,6,NIE,,
j-2025,14,18.11.2025,18.11.2025 12:37:07,136,159,Warmińsko-mazurskie,80,Medycyna rodzinna,2025/040356,Rezydencki,83.81,4.08,29.09.2025 12:19:26,6,NIE,,
j-2025,14,18.11.2025,18.11.2025 12:37:07,136,159,Warmińsko-mazurskie,81,Medycyna rodzinna,2025/039861,Rezydencki,82.78,3.81,30.09.2025 12:51:23,6,NIE,,
j-2025,14,18.11.2025,18.11.2025 12:37:07,136,159,Warmińsko-mazurskie,82,Medycyna rodzinna,2025/040915,Rezydencki,82.35,4.06,29.09.2025 18:44:57,6,NIE,,
j-2025,14,18.11.2025,18.11.2025 12:37:07,136,159,Warmińsko-mazurskie,83,Medycyna rodzinna,2025/036559,Rezydencki,75.36,3.49,24.10.2025 08:18:04,6,NIE,,
j-2025,14,18.11.2025,18.11.2025 12:37:07,136,159,Warmińsko-mazurskie,84,Medycyna rodzinna,2025/030756,Rezydencki,68.10,3.45,24.10.2025 08:52:34,6,NIE,,
j-2025,14,18.11.2025,18.11.2025 12:37:07,136,159,Warmińsko-mazurskie,85,Medycyna rodzinna,2025/033380,Pozarezydencki,60.75,0.00,22.10.2025 09:07:12,1,NIE,,
j-2025,14,18.11.2025,18.11.2025 12:37:07,136,159,Warmińsko-mazurskie,86,Medycyna sądowa,2025/031666,Rezydencki,71.74,3.63,15.10.2025 19:04:17,1,NIE,,
j-2025,14,18.11.2025,18.11.2025 12:37:07,136,159,Warmińsko-mazurskie,87,Nefrologia,2025/035470,Rezydencki,85.41,4.36,25.09.2025 16:58:37,2,NIE,,
j-2025,14,18.11.2025,18.11.2025 12:37:07,136,159,Warmińsko-mazurskie,88,Nefrologia,2025/035487,Rezydencki,83.73,3.97,25.09.2025 19:47:51,2,NIE,,
j-2025,14,18.11.2025,18.11.2025 12:37:07,136,159,Warmińsko-mazurskie,89,Nefrologia,2025/030810,Pozarezydencki,63.19,0.00,17.10.2025 19:16:35,1,NIE,,
j-2025,14,18.11.2025,18.11.2025 12:37:07,136,159,Warmińsko-mazurskie,90,Neonatologia,2025/030972,Rezydencki,88.89,4.25,25.09.2025 20:17:07,2,NIE,,
j-2025,14,18.11.2025,18.11.2025 12:37:07,136,159,Warmińsko-mazurskie,91,Neonatologia,2025/033712,Rezydencki,74.16,3.66,30.09.2025 15:38:23,2,NIE,,
j-2025,14,18.11.2025,18.11.2025 12:37:07,136,159,Warmińsko-mazurskie,92,Neurochirurgia,2025/033934,Rezydencki,91.42,4.42,30.09.2025 15:39:37,3,NIE,,
j-2025,14,18.11.2025,18.11.2025 12:37:07,136,159,Warmińsko-mazurskie,93,Neurochirurgia,2025/028871,Rezydencki,89.00,3.73,30.09.2025 17:38:11,3,NIE,,
j-2025,14,18.11.2025,18.11.2025 12:37:07,136,159,Warmińsko-mazurskie,94,Neurochirurgia,2025/039093,Rezydencki,88.52,4.04,30.09.2025 05:16:07,3,NIE,,
j-2025,14,18.11.2025,18.11.2025 12:37:07,136,159,Warmińsko-mazurskie,95,Neurologia,2025/040711,Rezydencki,87.56,3.14,30.09.2025 23:25:09,9,NIE,,
j-2025,14,18.11.2025,18.11.2025 12:37:07,136,159,Warmińsko-mazurskie,96,Neurologia,2025/038221,Rezydencki,83.57,3.97,30.09.2025 17:06:40,9,NIE,,
j-2025,14,18.11.2025,18.11.2025 12:37:07,136,159,Warmińsko-mazurskie,97,Neurologia,2025/034839,Rezydencki,80.95,3.91,28.09.2025 22:25:34,9,NIE,,
j-2025,14,18.11.2025,18.11.2025 12:37:07,136,159,Warmińsko-mazurskie,98,Neurologia,2025/028668,Rezydencki,80.48,3.82,01.09.2025 15:55:33,9,NIE,,
j-2025,14,18.11.2025,18.11.2025 12:37:07,136,159,Warmińsko-mazurskie,99,Neurologia,2025/042487,Rezydencki,76.08,4.00,21.10.2025 12:18:21,9,NIE,,
j-2025,14,18.11.2025,18.11.2025 12:37:07,136,159,Warmińsko-mazurskie,100,Neurologia,2025/039132,Rezydencki,74.64,3.80,20.10.2025 21:00:55,9,NIE,,
j-2025,14,18.11.2025,18.11.2025 12:37:07,136,159,Warmińsko-mazurskie,101,Neurologia,2025/028890,Rezydencki,72.55,4.05,10.09.2025 13:08:58,9,NIE,,
j-2025,14,18.11.2025,18.11.2025 12:37:07,136,159,Warmińsko-mazurskie,102,Neurologia,2025/042981,Rezydencki,71.90,4.33,21.10.2025 18:09:31,9,NIE,,
j-2025,14,18.11.2025,18.11.2025 12:37:07,137,159,Warmińsko-mazurskie,103,Neurologia,2025/034481,Rezydencki,64.29,3.69,24.09.2025 17:21:36,9,NIE,,
j-2025,14,18.11.2025,18.11.2025 12:37:07,137,159,Warmińsko-mazurskie,104,Okulistyka,2025/040155,Rezydencki,90.91,3.97,07.10.2025 15:08:03,2,NIE,,
j-2025,14,18.11.2025,18.11.2025 12:37:07,137,159,Warmińsko-mazurskie,105,Okulistyka,2025/036411,Rezydencki,90.82,4.61,30.09.2025 22:23:36,2,NIE,,
j-2025,14,18.11.2025,18.11.2025 12:37:07,137,159,Warmińsko-mazurskie,106,Okulistyka,2025/036024,Pozarezydencki,82.03,4.00,23.09.2025 15:09:31,1,NIE,,
j-2025,14,18.11.2025,18.11.2025 12:37:07,137,159,Warmińsko-mazurskie,107,Onkologia i hematologia dziecięca,2025/035117,Rezydencki,90.10,4.54,22.09.2025 10:26:25,1,NIE,,
j-2025,14,18.11.2025,18.11.2025 12:37:07,137,159,Warmińsko-mazurskie,108,Ortodoncja,2025/036004,Rezydencki,88.94,4.45,30.09.2025 19:26:18,1,NIE,,
j-2025,14,18.11.2025,18.11.2025 12:37:07,137,159,Warmińsko-mazurskie,109,Ortodoncja,2025/029904,Pozarezydencki,91.36,4.11,31.10.2025 09:18:00,2,NIE,,
j-2025,14,18.11.2025,18.11.2025 12:37:07,137,159,Warmińsko-mazurskie,110,Ortodoncja,2025/032935,Pozarezydencki,82.88,4.18,13.10.2025 17:30:02,2,NIE,,
j-2025,14,18.11.2025,18.11.2025 12:37:07,137,159,Warmińsko-mazurskie,111,Ortopedia i traumatologia narządu ruchu,2025/031466,Rezydencki,86.96,4.29,28.09.2025 12:44:14,4,NIE,,
j-2025,14,18.11.2025,18.11.2025 12:37:07,137,159,Warmińsko-mazurskie,112,Ortopedia i traumatologia narządu ruchu,2025/041764,Rezydencki,85.89,3.90,30.09.2025 13:13:46,4,NIE,,
j-2025,14,18.11.2025,18.11.2025 12:37:07,137,159,Warmińsko-mazurskie,113,Ortopedia i traumatologia narządu ruchu,2025/039195,Rezydencki,83.57,3.71,07.10.2025 13:02:39,4,NIE,,
j-2025,14,18.11.2025,18.11.2025 12:37:07,137,159,Warmińsko-mazurskie,114,Ortopedia i traumatologia narządu ruchu,2025/037974,Rezydencki,83.25,4.05,22.10.2025 22:12:26,4,NIE,,
j-2025,14,18.11.2025,18.11.2025 12:37:07,137,159,Warmińsko-mazurskie,115,Ortopedia i traumatologia narządu ruchu,2025/041622,Pozarezydencki,65.30,3.52,30.09.2025 00:05:29,2,NIE,,
j-2025,14,18.11.2025,18.11.2025 12:37:07,137,159,Warmińsko-mazurskie,116,Ortopedia i traumatologia narządu ruchu,2025/036811,Pozarezydencki,57.08,3.84,25.09.2025 13:23:04,2,NIE,,
j-2025,14,18.11.2025,18.11.2025 12:37:07,137,159,Warmińsko-mazurskie,117,Otorynolaryngologia,2025/040812,Rezydencki,84.69,4.34,30.09.2025 21:37:11,1,NIE,,
j-2025,14,18.11.2025,18.11.2025 12:37:07,137,159,Warmińsko-mazurskie,118,Otorynolaryngologia,2025/041972,Pozarezydencki,77.27,3.89,23.10.2025 19:35:27,1,NIE,,
j-2025,14,18.11.2025,18.11.2025 12:37:07,137,159,Warmińsko-mazurskie,119,Patomorfologia,2025/037196,Rezydencki,84.06,4.17,24.09.2025 22:35:12,1,NIE,,
j-2025,14,18.11.2025,18.11.2025 12:37:07,137,159,Warmińsko-mazurskie,120,Pediatria,2025/029954,Rezydencki,88.89,4.13,24.09.2025 17:32:28,9,NIE,,
j-2025,14,18.11.2025,18.11.2025 12:37:07,137,159,Warmińsko-mazurskie,121,Pediatria,2025/034836,Rezydencki,88.10,4.22,28.09.2025 22:40:30,9,NIE,,
j-2025,14,18.11.2025,18.11.2025 12:37:07,137,159,Warmińsko-mazurskie,122,Pediatria,2025/041012,Rezydencki,85.17,4.41,29.09.2025 22:22:42,9,NIE,,
j-2025,14,18.11.2025,18.11.2025 12:37:07,137,159,Warmińsko-mazurskie,123,Pediatria,2025/032467,Rezydencki,84.21,4.19,27.09.2025 19:37:41,9,NIE,,
j-2025,14,18.11.2025,18.11.2025 12:37:07,137,159,Warmińsko-mazurskie,124,Pediatria,2025/028846,Rezydencki,77.99,3.37,30.09.2025 09:25:32,9,NIE,,
j-2025,14,18.11.2025,18.11.2025 12:37:07,137,159,Warmińsko-mazurskie,125,Pediatria,2025/036137,Rezydencki,77.62,0.00,14.10.2025 12:11:54,9,NIE,,
j-2025,14,18.11.2025,18.11.2025 12:37:07,137,159,Warmińsko-mazurskie,126,Pediatria,2025/029006,Rezydencki,74.29,4.16,30.09.2025 16:20:02,9,NIE,,
j-2025,14,18.11.2025,18.11.2025 12:37:07,137,159,Warmińsko-mazurskie,127,Pediatria,2025/038233,Rezydencki,70.81,0.00,16.10.2025 11:09:27,9,NIE,,
j-2025,14,18.11.2025,18.11.2025 12:37:07,137,159,Warmińsko-mazurskie,128,Pediatria,2025/042965,Rezydencki,66.51,4.50,24.10.2025 09:25:24,9,NIE,,
j-2025,14,18.11.2025,18.11.2025 12:37:07,137,159,Warmińsko-mazurskie,129,Położnictwo i ginekologia,2025/032493,Rezydencki,87.25,4.57,22.09.2025 18:13:03,4,NIE,,
j-2025,14,18.11.2025,18.11.2025 12:37:07,137,159,Warmińsko-mazurskie,130,Położnictwo i ginekologia,2025/038782,Rezydencki,87.20,4.05,30.09.2025 15:32:03,4,NIE,,
j-2025,14,18.11.2025,18.11.2025 12:37:07,137,159,Warmińsko-mazurskie,131,Położnictwo i ginekologia,2025/038645,Rezydencki,86.67,4.44,30.09.2025 09:38:08,4,NIE,,
j-2025,14,18.11.2025,18.11.2025 12:37:07,137,159,Warmińsko-mazurskie,132,Położnictwo i ginekologia,2025/034240,Rezydencki,85.99,3.48,22.09.2025 12:18:29,4,NIE,,
j-2025,14,18.11.2025,18.11.2025 12:37:07,137,159,Warmińsko-mazurskie,133,Położnictwo i ginekologia,2025/038245,Pozarezydencki,68.95,0.00,26.09.2025 12:22:38,2,NIE,,
j-2025,14,18.11.2025,18.11.2025 12:37:07,137,159,Warmińsko-mazurskie,134,Położnictwo i ginekologia,2025/042490,Pozarezydencki,65.68,4.05,30.09.2025 21:47:41,2,NIE,,
j-2025,14,18.11.2025,18.11.2025 12:37:07,137,159,Warmińsko-mazurskie,135,Protetyka stomatologiczna,2025/032589,Rezydencki,82.78,4.19,06.10.2025 20:15:14,1,NIE,,
j-2025,14,18.11.2025,18.11.2025 12:37:07,137,159,Warmińsko-mazurskie,136,Psychiatria,2025/031488,Rezydencki,84.06,4.00,23.09.2025 09:32:27,6,NIE,,
j-2025,14,18.11.2025,18.11.2025 12:37:07,137,159,Warmińsko-mazurskie,137,Psychiatria,2025/036936,Rezydencki,81.82,4.11,30.09.2025 23:54:02,6,NIE,,
j-2025,14,18.11.2025,18.11.2025 12:37:07,137,159,Warmińsko-mazurskie,138,Psychiatria,2025/040906,Rezydencki,80.38,3.64,30.09.2025 15:16:55,6,NIE,,
j-2025,14,18.11.2025,18.11.2025 12:37:07,138,159,Warmińsko-mazurskie,139,Psychiatria,2025/029125,Rezydencki,80.38,3.53,26.09.2025 18:45:34,6,NIE,,
j-2025,14,18.11.2025,18.11.2025 12:37:07,138,159,Warmińsko-mazurskie,140,Psychiatria,2025/035180,Rezydencki,79.71,4.02,25.09.2025 14:13:00,6,NIE,,
j-2025,14,18.11.2025,18.11.2025 12:37:07,138,159,Warmińsko-mazurskie,141,Psychiatria,2025/031311,Rezydencki,79.51,3.95,08.09.2025 18:15:00,6,NIE,,
j-2025,14,18.11.2025,18.11.2025 12:37:07,138,159,Warmińsko-mazurskie,142,Psychiatria,2025/037492,Pozarezydencki,74.43,0.00,15.10.2025 15:39:12,1,NIE,,
j-2025,14,18.11.2025,18.11.2025 12:37:07,138,159,Warmińsko-mazurskie,143,Psychiatria dzieci i młodzieży,2025/037330,Rezydencki,89.47,3.96,16.10.2025 12:07:37,1,NIE,,
j-2025,14,18.11.2025,18.11.2025 12:37:07,138,159,Warmińsko-mazurskie,144,Radiologia i diagnostyka obrazowa,2025/034706,Rezydencki,89.37,4.53,21.09.2025 14:34:37,4,NIE,,
j-2025,14,18.11.2025,18.11.2025 12:37:07,138,159,Warmińsko-mazurskie,145,Radiologia i diagnostyka obrazowa,2025/030910,Rezydencki,87.92,4.08,15.10.2025 13:58:38,4,NIE,,
j-2025,14,18.11.2025,18.11.2025 12:37:07,138,159,Warmińsko-mazurskie,146,Radiologia i diagnostyka obrazowa,2025/029017,Rezydencki,87.56,3.57,01.10.2025 11:02:59,4,NIE,,
j-2025,14,18.11.2025,18.11.2025 12:37:07,138,159,Warmińsko-mazurskie,147,Radiologia i diagnostyka obrazowa,2025/038331,Rezydencki,87.56,0.00,30.09.2025 12:59:18,4,NIE,,
j-2025,14,18.11.2025,18.11.2025 12:37:07,138,159,Warmińsko-mazurskie,148,Radiologia i diagnostyka obrazowa,2025/035090,Pozarezydencki,80.45,4.42,29.09.2025 20:27:15,2,NIE,,
j-2025,14,18.11.2025,18.11.2025 12:37:07,138,159,Warmińsko-mazurskie,149,Radiologia i diagnostyka obrazowa,2025/030906,Pozarezydencki,76.04,3.58,17.09.2025 12:28:37,2,NIE,,
j-2025,14,18.11.2025,18.11.2025 12:37:07,138,159,Warmińsko-mazurskie,150,Radioterapia onkologiczna,2025/036010,Rezydencki,0.00,4.58,27.09.2025 14:25:51,1,NIE,,
j-2025,14,18.11.2025,18.11.2025 12:37:07,138,159,Warmińsko-mazurskie,151,Rehabilitacja medyczna,2025/038450,Rezydencki,75.60,0.00,30.09.2025 21:57:01,1,NIE,,
j-2025,14,18.11.2025,18.11.2025 12:37:07,138,159,Warmińsko-mazurskie,152,Rehabilitacja medyczna,2025/042615,Pozarezydencki,70.09,3.58,30.09.2025 18:02:26,1,NIE,,
j-2025,14,18.11.2025,18.11.2025 12:37:07,138,159,Warmińsko-mazurskie,153,Reumatologia,2025/036063,Rezydencki,91.71,4.45,30.09.2025 15:29:27,1,NIE,,
j-2025,14,18.11.2025,18.11.2025 12:37:07,138,159,Warmińsko-mazurskie,154,Reumatologia,2025/030013,Pozarezydencki,70.91,3.19,16.10.2025 15:09:56,2,NIE,,
j-2025,14,18.11.2025,18.11.2025 12:37:07,138,159,Warmińsko-mazurskie,155,Reumatologia,2025/029190,Pozarezydencki,69.63,3.87,16.10.2025 07:25:43,2,NIE,,
j-2025,14,18.11.2025,18.11.2025 12:37:07,138,159,Warmińsko-mazurskie,156,Stomatologia dziecięca,2025/041174,Rezydencki,81.16,0.00,29.09.2025 20:40:23,1,NIE,,
j-2025,14,18.11.2025,18.11.2025 12:37:07,138,159,Warmińsko-mazurskie,157,Stomatologia zachowawcza z endodoncją,2025/041025,Rezydencki,75.60,0.00,30.10.2025 15:36:15,1,NIE,,
j-2025,14,18.11.2025,18.11.2025 12:37:07,138,159,Warmińsko-mazurskie,158,Stomatologia zachowawcza z endodoncją,2025/034139,Pozarezydencki,57.73,2.30,22.10.2025 15:49:04,1,NIE,,
j-2025,14,18.11.2025,18.11.2025 12:37:07,138,159,Warmińsko-mazurskie,159,Urologia,2025/037718,Rezydencki,87.80,4.12,14.10.2025 15:28:47,1,NIE,,
j-2025,14,18.11.2025,18.11.2025 12:37:07,138,159,Warmińsko-mazurskie,160,Urologia dziecięca,2025/030401,Pozarezydencki,84.09,2.78,20.10.2025 13:02:52,2,NIE,,
j-2025,14,18.11.2025,18.11.2025 12:37:07,138,159,Warmińsko-mazurskie,161,Urologia dziecięca,2025/036548,Pozarezydencki,79.64,3.53,20.10.2025 12:37:03,2,NIE,,
j-2025,14,18.11.2025,18.11.2025 12:37:07,138,159,Warmińsko-mazurskie,1,Dermatologia i wenerologia,2025/028804,Rezydencki,88.81,3.98,14.10.2025 10:21:30,1,TAK,Miejski Szpital Zespolony w Olsztynie,"Klinika Dermatologii, Chorób Przenoszonych Drogą Płciową i Immunologii Klinicznej"
j-2025,14,18.11.2025,18.11.2025 12:37:07,138,159,Wielkopolskie,1,Alergologia,2025/032274,Pozarezydencki,84.55,4.76,11.09.2025 19:25:18,1,NIE,,
j-2025,14,18.11.2025,18.11.2025 12:37:07,138,159,Wielkopolskie,2,Anestezjologia i intensywna terapia,2025/039284,Rezydencki,90.43,4.50,30.09.2025 01:08:25,15,NIE,,
j-2025,14,18.11.2025,18.11.2025 12:37:07,138,159,Wielkopolskie,3,Anestezjologia i intensywna terapia,2025/039012,Rezydencki,89.47,4.46,10.10.2025 12:10:52,15,NIE,,
j-2025,14,18.11.2025,18.11.2025 12:37:07,139,159,Wielkopolskie,4,Anestezjologia i intensywna terapia,2025/029016,Rezydencki,89.47,4.19,30.09.2025 12:09:47,15,NIE,,
j-2025,14,18.11.2025,18.11.2025 12:37:07,139,159,Wielkopolskie,5,Anestezjologia i intensywna terapia,2025/038829,Rezydencki,89.37,4.36,30.09.2025 22:00:15,15,NIE,,
j-2025,14,18.11.2025,18.11.2025 12:37:07,139,159,Wielkopolskie,6,Anestezjologia i intensywna terapia,2025/030666,Rezydencki,88.89,4.55,28.09.2025 20:41:35,15,NIE,,
j-2025,14,18.11.2025,18.11.2025 12:37:07,139,159,Wielkopolskie,7,Anestezjologia i intensywna terapia,2025/038273,Rezydencki,88.89,4.45,30.09.2025 18:02:19,15,NIE,,
j-2025,14,18.11.2025,18.11.2025 12:37:07,139,159,Wielkopolskie,8,Anestezjologia i intensywna terapia,2025/029811,Rezydencki,88.89,4.10,03.09.2025 09:30:42,15,NIE,,
j-2025,14,18.11.2025,18.11.2025 12:37:07,139,159,Wielkopolskie,9,Anestezjologia i intensywna terapia,2025/031507,Rezydencki,88.52,4.19,02.10.2025 10:46:06,15,NIE,,
j-2025,14,18.11.2025,18.11.2025 12:37:07,139,159,Wielkopolskie,10,Anestezjologia i intensywna terapia,2025/028785,Rezydencki,88.10,4.36,30.09.2025 20:23:42,15,NIE,,
j-2025,14,18.11.2025,18.11.2025 12:37:07,139,159,Wielkopolskie,11,Anestezjologia i intensywna terapia,2025/040375,Rezydencki,88.04,4.07,08.10.2025 11:54:38,15,NIE,,
j-2025,14,18.11.2025,18.11.2025 12:37:07,139,159,Wielkopolskie,12,Anestezjologia i intensywna terapia,2025/028894,Rezydencki,88.04,3.84,30.09.2025 14:41:53,15,NIE,,
j-2025,14,18.11.2025,18.11.2025 12:37:07,139,159,Wielkopolskie,13,Anestezjologia i intensywna terapia,2025/030415,Rezydencki,87.56,3.92,30.09.2025 21:21:50,15,NIE,,
j-2025,14,18.11.2025,18.11.2025 12:37:07,139,159,Wielkopolskie,14,Anestezjologia i intensywna terapia,2025/034691,Rezydencki,87.56,3.75,05.10.2025 13:59:59,15,NIE,,
j-2025,14,18.11.2025,18.11.2025 12:37:07,139,159,Wielkopolskie,15,Anestezjologia i intensywna terapia,2025/037166,Rezydencki,87.25,4.41,29.09.2025 19:07:54,15,NIE,,
j-2025,14,18.11.2025,18.11.2025 12:37:07,139,159,Wielkopolskie,16,Anestezjologia i intensywna terapia,2025/029102,Rezydencki,86.60,3.83,30.09.2025 19:35:47,15,NIE,,
j-2025,14,18.11.2025,18.11.2025 12:37:07,139,159,Wielkopolskie,17,Anestezjologia i intensywna terapia,2025/032373,Pozarezydencki,77.31,4.00,17.10.2025 14:09:59,4,NIE,,
j-2025,14,18.11.2025,18.11.2025 12:37:07,139,159,Wielkopolskie,18,Anestezjologia i intensywna terapia,2025/040943,Pozarezydencki,68.04,3.45,19.10.2025 17:31:53,4,NIE,,
j-2025,14,18.11.2025,18.11.2025 12:37:07,139,159,Wielkopolskie,19,Anestezjologia i intensywna terapia,2025/040889,Pozarezydencki,59.09,3.14,15.10.2025 13:36:38,4,NIE,,
j-2025,14,18.11.2025,18.11.2025 12:37:07,139,159,Wielkopolskie,20,Anestezjologia i intensywna terapia,2025/030133,Pozarezydencki,58.80,2.71,16.10.2025 07:51:53,4,NIE,,
j-2025,14,18.11.2025,18.11.2025 12:37:07,139,159,Wielkopolskie,21,Chirurgia dziecięca,2025/042499,Rezydencki,86.60,3.83,06.10.2025 11:17:57,2,NIE,,
j-2025,14,18.11.2025,18.11.2025 12:37:07,139,159,Wielkopolskie,22,Chirurgia dziecięca,2025/036965,Rezydencki,86.43,4.43,28.09.2025 11:17:48,2,NIE,,
j-2025,14,18.11.2025,18.11.2025 12:37:07,139,159,Wielkopolskie,23,Chirurgia dziecięca,2025/032833,Pozarezydencki,77.73,3.78,15.09.2025 08:52:26,2,NIE,,
j-2025,14,18.11.2025,18.11.2025 12:37:07,139,159,Wielkopolskie,24,Chirurgia dziecięca,2025/041421,Pozarezydencki,56.13,0.00,07.10.2025 12:43:18,2,NIE,,
j-2025,14,18.11.2025,18.11.2025 12:37:07,139,159,Wielkopolskie,25,Chirurgia klatki piersiowej,2025/038759,Rezydencki,84.54,4.42,27.09.2025 15:06:20,2,NIE,,
j-2025,14,18.11.2025,18.11.2025 12:37:07,139,159,Wielkopolskie,26,Chirurgia klatki piersiowej,2025/036286,Rezydencki,83.41,4.03,30.09.2025 17:14:30,2,NIE,,
j-2025,14,18.11.2025,18.11.2025 12:37:07,139,159,Wielkopolskie,27,Chirurgia naczyniowa,2025/041628,Rezydencki,85.51,4.21,30.09.2025 23:16:20,1,NIE,,
j-2025,14,18.11.2025,18.11.2025 12:37:07,139,159,Wielkopolskie,28,Chirurgia ogólna,2025/039850,Rezydencki,91.63,4.16,30.09.2025 23:16:37,24,NIE,,
j-2025,14,18.11.2025,18.11.2025 12:37:07,139,159,Wielkopolskie,29,Chirurgia ogólna,2025/030115,Rezydencki,90.19,4.26,30.09.2025 20:44:56,24,NIE,,
j-2025,14,18.11.2025,18.11.2025 12:37:07,139,159,Wielkopolskie,30,Chirurgia ogólna,2025/038705,Rezydencki,89.23,4.08,02.10.2025 19:09:23,24,NIE,,
j-2025,14,18.11.2025,18.11.2025 12:37:07,139,159,Wielkopolskie,31,Chirurgia ogólna,2025/033575,Rezydencki,89.05,4.00,26.09.2025 17:17:52,24,NIE,,
j-2025,14,18.11.2025,18.11.2025 12:37:07,139,159,Wielkopolskie,32,Chirurgia ogólna,2025/033657,Rezydencki,87.56,4.14,10.10.2025 20:55:21,24,NIE,,
j-2025,14,18.11.2025,18.11.2025 12:37:07,139,159,Wielkopolskie,33,Chirurgia ogólna,2025/031916,Rezydencki,87.44,4.04,18.09.2025 21:07:54,24,NIE,,
j-2025,14,18.11.2025,18.11.2025 12:37:07,139,159,Wielkopolskie,34,Chirurgia ogólna,2025/041610,Rezydencki,86.47,3.92,30.09.2025 17:48:29,24,NIE,,
j-2025,14,18.11.2025,18.11.2025 12:37:07,139,159,Wielkopolskie,35,Chirurgia ogólna,2025/037649,Rezydencki,85.65,4.04,15.10.2025 11:31:18,24,NIE,,
j-2025,14,18.11.2025,18.11.2025 12:37:07,139,159,Wielkopolskie,36,Chirurgia ogólna,2025/038234,Rezydencki,85.65,3.83,30.09.2025 20:19:36,24,NIE,,
j-2025,14,18.11.2025,18.11.2025 12:37:07,139,159,Wielkopolskie,37,Chirurgia ogólna,2025/035196,Rezydencki,85.27,3.61,30.09.2025 23:07:09,24,NIE,,
j-2025,14,18.11.2025,18.11.2025 12:37:07,139,159,Wielkopolskie,38,Chirurgia ogólna,2025/039494,Rezydencki,85.24,4.09,30.09.2025 23:12:32,24,NIE,,
j-2025,14,18.11.2025,18.11.2025 12:37:07,139,159,Wielkopolskie,39,Chirurgia ogólna,2025/040687,Rezydencki,85.02,4.53,29.09.2025 16:56:36,24,NIE,,
j-2025,14,18.11.2025,18.11.2025 12:37:07,140,159,Wielkopolskie,40,Chirurgia ogólna,2025/036075,Rezydencki,84.80,3.82,27.09.2025 10:35:55,24,NIE,,
j-2025,14,18.11.2025,18.11.2025 12:37:07,140,159,Wielkopolskie,41,Chirurgia ogólna,2025/036967,Rezydencki,84.54,3.86,24.09.2025 19:23:00,24,NIE,,
j-2025,14,18.11.2025,18.11.2025 12:37:07,140,159,Wielkopolskie,42,Chirurgia ogólna,2025/038241,Rezydencki,84.52,3.63,05.10.2025 11:45:27,24,NIE,,
j-2025,14,18.11.2025,18.11.2025 12:37:07,140,159,Wielkopolskie,43,Chirurgia ogólna,2025/030669,Rezydencki,84.06,3.94,15.09.2025 12:40:43,24,NIE,,
j-2025,14,18.11.2025,18.11.2025 12:37:07,140,159,Wielkopolskie,44,Chirurgia ogólna,2025/041425,Rezydencki,83.25,3.00,30.09.2025 20:00:33,24,NIE,,
j-2025,14,18.11.2025,18.11.2025 12:37:07,140,159,Wielkopolskie,45,Chirurgia ogólna,2025/028415,Rezydencki,82.78,3.62,30.09.2025 01:14:04,24,NIE,,
j-2025,14,18.11.2025,18.11.2025 12:37:07,140,159,Wielkopolskie,46,Chirurgia ogólna,2025/039322,Rezydencki,82.35,4.00,30.09.2025 10:54:30,24,NIE,,
j-2025,14,18.11.2025,18.11.2025 12:37:07,140,159,Wielkopolskie,47,Chirurgia ogólna,2025/036120,Rezydencki,81.90,3.82,23.09.2025 17:12:20,24,NIE,,
j-2025,14,18.11.2025,18.11.2025 12:37:07,140,159,Wielkopolskie,48,Chirurgia ogólna,2025/036683,Rezydencki,81.58,3.54,30.09.2025 18:03:29,24,NIE,,
j-2025,14,18.11.2025,18.11.2025 12:37:07,140,159,Wielkopolskie,49,Chirurgia ogólna,2025/034229,Rezydencki,81.40,3.69,27.09.2025 12:18:29,24,NIE,,
j-2025,14,18.11.2025,18.11.2025 12:37:07,140,159,Wielkopolskie,50,Chirurgia ogólna,2025/030763,Rezydencki,80.19,3.94,06.09.2025 19:49:15,24,NIE,,
j-2025,14,18.11.2025,18.11.2025 12:37:07,140,159,Wielkopolskie,51,Chirurgia ogólna,2025/034246,Rezydencki,79.29,3.33,06.10.2025 16:43:23,24,NIE,,
j-2025,14,18.11.2025,18.11.2025 12:37:07,140,159,Wielkopolskie,52,Chirurgia ogólna,2025/036355,Pozarezydencki,87.91,4.56,26.10.2025 07:50:04,6,NIE,,
j-2025,14,18.11.2025,18.11.2025 12:37:07,140,159,Wielkopolskie,53,Chirurgia ogólna,2025/031141,Pozarezydencki,71.70,3.20,29.09.2025 18:40:54,6,NIE,,
j-2025,14,18.11.2025,18.11.2025 12:37:07,140,159,Wielkopolskie,54,Chirurgia ogólna,2025/040018,Pozarezydencki,69.41,3.75,30.09.2025 23:01:21,6,NIE,,
j-2025,14,18.11.2025,18.11.2025 12:37:07,140,159,Wielkopolskie,55,Chirurgia ogólna,2025/041487,Pozarezydencki,69.09,3.09,09.10.2025 14:11:54,6,NIE,,
j-2025,14,18.11.2025,18.11.2025 12:37:07,140,159,Wielkopolskie,56,Chirurgia ogólna,2025/035652,Pozarezydencki,65.89,0.00,15.10.2025 17:43:44,6,NIE,,
j-2025,14,18.11.2025,18.11.2025 12:37:07,140,159,Wielkopolskie,57,Chirurgia ogólna,2025/042098,Pozarezydencki,63.30,3.13,12.10.2025 11:35:41,6,NIE,,
j-2025,14,18.11.2025,18.11.2025 12:37:07,140,159,Wielkopolskie,58,Chirurgia onkologiczna,2025/039853,Rezydencki,89.23,3.82,30.09.2025 23:07:53,4,NIE,,
j-2025,14,18.11.2025,18.11.2025 12:37:07,140,159,Wielkopolskie,59,Chirurgia onkologiczna,2025/041678,Rezydencki,87.08,3.95,30.09.2025 18:59:57,4,NIE,,
j-2025,14,18.11.2025,18.11.2025 12:37:07,140,159,Wielkopolskie,60,Chirurgia onkologiczna,2025/037412,Rezydencki,86.34,4.31,25.09.2025 11:11:13,4,NIE,,
j-2025,14,18.11.2025,18.11.2025 12:37:07,140,159,Wielkopolskie,61,Chirurgia onkologiczna,2025/038462,Rezydencki,84.78,4.00,09.10.2025 08:45:07,4,NIE,,
j-2025,14,18.11.2025,18.11.2025 12:37:07,140,159,Wielkopolskie,62,Chirurgia onkologiczna,2025/039534,Pozarezydencki,84.55,3.74,07.10.2025 09:12:36,1,NIE,,
j-2025,14,18.11.2025,18.11.2025 12:37:07,140,159,Wielkopolskie,63,Chirurgia stomatologiczna,2025/040903,Rezydencki,86.06,4.46,09.10.2025 18:45:56,1,NIE,,
j-2025,14,18.11.2025,18.11.2025 12:37:07,140,159,Wielkopolskie,64,Chirurgia szczękowo-twarzowa,2025/028551,Rezydencki,85.41,3.99,27.09.2025 10:33:01,2,NIE,,
j-2025,14,18.11.2025,18.11.2025 12:37:07,140,159,Wielkopolskie,65,Chirurgia szczękowo-twarzowa,2025/034996,Rezydencki,85.24,4.16,25.09.2025 22:37:35,2,NIE,,
j-2025,14,18.11.2025,18.11.2025 12:37:07,140,159,Wielkopolskie,66,Choroby płuc,2025/032853,Rezydencki,87.92,4.07,16.09.2025 20:40:21,10,NIE,,
j-2025,14,18.11.2025,18.11.2025 12:37:07,140,159,Wielkopolskie,67,Choroby płuc,2025/036948,Rezydencki,87.32,4.28,06.10.2025 21:58:40,10,NIE,,
j-2025,14,18.11.2025,18.11.2025 12:37:07,140,159,Wielkopolskie,68,Choroby płuc,2025/033239,Rezydencki,87.08,3.70,30.09.2025 07:55:48,10,NIE,,
j-2025,14,18.11.2025,18.11.2025 12:37:07,140,159,Wielkopolskie,69,Choroby płuc,2025/032304,Rezydencki,86.60,0.00,30.09.2025 17:07:41,10,NIE,,
j-2025,14,18.11.2025,18.11.2025 12:37:07,140,159,Wielkopolskie,70,Choroby płuc,2025/041136,Rezydencki,86.12,4.19,30.09.2025 19:12:24,10,NIE,,
j-2025,14,18.11.2025,18.11.2025 12:37:07,140,159,Wielkopolskie,71,Choroby płuc,2025/030915,Rezydencki,85.41,4.21,30.09.2025 22:27:00,10,NIE,,
j-2025,14,18.11.2025,18.11.2025 12:37:07,140,159,Wielkopolskie,72,Choroby płuc,2025/030068,Rezydencki,84.78,4.23,10.09.2025 13:33:32,10,NIE,,
j-2025,14,18.11.2025,18.11.2025 12:37:07,140,159,Wielkopolskie,73,Choroby płuc,2025/030435,Rezydencki,84.21,4.96,13.10.2025 18:04:56,10,NIE,,
j-2025,14,18.11.2025,18.11.2025 12:37:07,140,159,Wielkopolskie,74,Choroby płuc,2025/036177,Rezydencki,83.97,3.64,30.09.2025 22:23:23,10,NIE,,
j-2025,14,18.11.2025,18.11.2025 12:37:07,140,159,Wielkopolskie,75,Choroby płuc,2025/040957,Rezydencki,83.01,4.08,03.10.2025 15:31:42,10,NIE,,
j-2025,14,18.11.2025,18.11.2025 12:37:07,141,159,Wielkopolskie,76,Choroby płuc dzieci,2025/038701,Rezydencki,89.47,4.36,30.09.2025 08:33:30,1,NIE,,
j-2025,14,18.11.2025,18.11.2025 12:37:07,141,159,Wielkopolskie,77,Choroby płuc dzieci,2025/030975,Pozarezydencki,80.23,4.66,07.10.2025 22:16:31,1,NIE,,
j-2025,14,18.11.2025,18.11.2025 12:37:07,141,159,Wielkopolskie,78,Choroby wewnętrzne,2025/034635,Rezydencki,91.39,4.45,30.09.2025 10:48:53,35,NIE,,
j-2025,14,18.11.2025,18.11.2025 12:37:07,141,159,Wielkopolskie,79,Choroby wewnętrzne,2025/041605,Rezydencki,90.91,4.14,11.10.2025 16:58:23,35,NIE,,
j-2025,14,18.11.2025,18.11.2025 12:37:07,141,159,Wielkopolskie,80,Choroby wewnętrzne,2025/039410,Rezydencki,89.95,4.62,30.09.2025 14:28:06,35,NIE,,
j-2025,14,18.11.2025,18.11.2025 12:37:07,141,159,Wielkopolskie,81,Choroby wewnętrzne,2025/030821,Rezydencki,89.29,4.41,22.09.2025 16:18:17,35,NIE,,
j-2025,14,18.11.2025,18.11.2025 12:37:07,141,159,Wielkopolskie,82,Choroby wewnętrzne,2025/028510,Rezydencki,88.89,4.28,01.09.2025 08:44:08,35,NIE,,
j-2025,14,18.11.2025,18.11.2025 12:37:07,141,159,Wielkopolskie,83,Choroby wewnętrzne,2025/030346,Rezydencki,88.76,4.18,30.09.2025 13:42:37,35,NIE,,
j-2025,14,18.11.2025,18.11.2025 12:37:07,141,159,Wielkopolskie,84,Choroby wewnętrzne,2025/028920,Rezydencki,88.41,4.18,01.09.2025 17:44:06,35,NIE,,
j-2025,14,18.11.2025,18.11.2025 12:37:07,141,159,Wielkopolskie,85,Choroby wewnętrzne,2025/042035,Rezydencki,88.04,3.91,30.09.2025 12:09:44,35,NIE,,
j-2025,14,18.11.2025,18.11.2025 12:37:07,141,159,Wielkopolskie,86,Choroby wewnętrzne,2025/041013,Rezydencki,87.80,0.00,30.09.2025 18:23:07,35,NIE,,
j-2025,14,18.11.2025,18.11.2025 12:37:07,141,159,Wielkopolskie,87,Choroby wewnętrzne,2025/040758,Rezydencki,87.56,4.43,06.10.2025 12:35:40,35,NIE,,
j-2025,14,18.11.2025,18.11.2025 12:37:07,141,159,Wielkopolskie,88,Choroby wewnętrzne,2025/034903,Rezydencki,87.20,4.26,07.10.2025 21:21:31,35,NIE,,
j-2025,14,18.11.2025,18.11.2025 12:37:07,141,159,Wielkopolskie,89,Choroby wewnętrzne,2025/028988,Rezydencki,87.08,4.59,30.09.2025 01:09:01,35,NIE,,
j-2025,14,18.11.2025,18.11.2025 12:37:07,141,159,Wielkopolskie,90,Choroby wewnętrzne,2025/037858,Rezydencki,86.90,3.57,25.09.2025 19:04:53,35,NIE,,
j-2025,14,18.11.2025,18.11.2025 12:37:07,141,159,Wielkopolskie,91,Choroby wewnętrzne,2025/035581,Rezydencki,86.83,3.89,30.09.2025 06:55:24,35,NIE,,
j-2025,14,18.11.2025,18.11.2025 12:37:07,141,159,Wielkopolskie,92,Choroby wewnętrzne,2025/034848,Rezydencki,86.47,4.57,30.09.2025 20:32:02,35,NIE,,
j-2025,14,18.11.2025,18.11.2025 12:37:07,141,159,Wielkopolskie,93,Choroby wewnętrzne,2025/028828,Rezydencki,86.23,4.10,08.10.2025 18:53:43,35,NIE,,
j-2025,14,18.11.2025,18.11.2025 12:37:07,141,159,Wielkopolskie,94,Choroby wewnętrzne,2025/040006,Rezydencki,86.12,3.83,30.09.2025 21:38:56,35,NIE,,
j-2025,14,18.11.2025,18.11.2025 12:37:07,141,159,Wielkopolskie,95,Choroby wewnętrzne,2025/035306,Rezydencki,86.12,3.68,30.09.2025 13:16:47,35,NIE,,
j-2025,14,18.11.2025,18.11.2025 12:37:07,141,159,Wielkopolskie,96,Choroby wewnętrzne,2025/039856,Rezydencki,85.89,4.16,30.09.2025 21:26:31,35,NIE,,
j-2025,14,18.11.2025,18.11.2025 12:37:07,141,159,Wielkopolskie,97,Choroby wewnętrzne,2025/036904,Rezydencki,85.78,4.53,24.09.2025 18:46:22,35,NIE,,
j-2025,14,18.11.2025,18.11.2025 12:37:07,141,159,Wielkopolskie,98,Choroby wewnętrzne,2025/040759,Rezydencki,85.17,4.12,30.09.2025 22:08:10,35,NIE,,
j-2025,14,18.11.2025,18.11.2025 12:37:07,141,159,Wielkopolskie,99,Choroby wewnętrzne,2025/038956,Rezydencki,84.93,3.91,03.10.2025 18:11:34,35,NIE,,
j-2025,14,18.11.2025,18.11.2025 12:37:07,141,159,Wielkopolskie,100,Choroby wewnętrzne,2025/036155,Rezydencki,84.69,3.82,30.09.2025 12:12:53,35,NIE,,
j-2025,14,18.11.2025,18.11.2025 12:37:07,141,159,Wielkopolskie,101,Choroby wewnętrzne,2025/031734,Rezydencki,84.54,3.90,06.10.2025 10:34:55,35,NIE,,
j-2025,14,18.11.2025,18.11.2025 12:37:07,141,159,Wielkopolskie,102,Choroby wewnętrzne,2025/033568,Rezydencki,84.06,4.07,16.09.2025 18:29:35,35,NIE,,
j-2025,14,18.11.2025,18.11.2025 12:37:07,141,159,Wielkopolskie,103,Choroby wewnętrzne,2025/029473,Rezydencki,83.81,4.24,26.09.2025 15:47:28,35,NIE,,
j-2025,14,18.11.2025,18.11.2025 12:37:07,141,159,Wielkopolskie,104,Choroby wewnętrzne,2025/031014,Rezydencki,83.41,3.84,10.09.2025 20:57:48,35,NIE,,
j-2025,14,18.11.2025,18.11.2025 12:37:07,141,159,Wielkopolskie,105,Choroby wewnętrzne,2025/040706,Rezydencki,82.30,3.73,30.09.2025 23:13:24,35,NIE,,
j-2025,14,18.11.2025,18.11.2025 12:37:07,141,159,Wielkopolskie,106,Choroby wewnętrzne,2025/032523,Rezydencki,80.71,3.97,12.09.2025 21:59:05,35,NIE,,
j-2025,14,18.11.2025,18.11.2025 12:37:07,141,159,Wielkopolskie,107,Choroby wewnętrzne,2025/034086,Rezydencki,80.68,3.89,30.09.2025 12:11:11,35,NIE,,
j-2025,14,18.11.2025,18.11.2025 12:37:07,141,159,Wielkopolskie,108,Choroby wewnętrzne,2025/042408,Rezydencki,80.38,4.06,13.10.2025 14:20:13,35,NIE,,
j-2025,14,18.11.2025,18.11.2025 12:37:07,141,159,Wielkopolskie,109,Choroby wewnętrzne,2025/040919,Rezydencki,79.43,4.00,30.09.2025 14:55:18,35,NIE,,
j-2025,14,18.11.2025,18.11.2025 12:37:07,141,159,Wielkopolskie,110,Choroby wewnętrzne,2025/033325,Rezydencki,78.81,3.51,30.09.2025 12:26:20,35,NIE,,
j-2025,14,18.11.2025,18.11.2025 12:37:07,141,159,Wielkopolskie,111,Choroby wewnętrzne,2025/035503,Rezydencki,78.47,4.24,30.09.2025 10:48:27,35,NIE,,
j-2025,14,18.11.2025,18.11.2025 12:37:07,142,159,Wielkopolskie,112,Choroby wewnętrzne,2025/039057,Rezydencki,78.10,3.53,27.09.2025 19:20:54,35,NIE,,
j-2025,14,18.11.2025,18.11.2025 12:37:07,142,159,Wielkopolskie,113,Choroby wewnętrzne,2025/033933,Pozarezydencki,81.34,3.59,29.09.2025 08:54:01,3,NIE,,
j-2025,14,18.11.2025,18.11.2025 12:37:07,142,159,Wielkopolskie,114,Choroby wewnętrzne,2025/040026,Pozarezydencki,72.35,3.56,28.09.2025 23:46:11,3,NIE,,
j-2025,14,18.11.2025,18.11.2025 12:37:07,142,159,Wielkopolskie,115,Choroby wewnętrzne,2025/036476,Pozarezydencki,65.60,3.18,09.10.2025 07:54:28,3,NIE,,
j-2025,14,18.11.2025,18.11.2025 12:37:07,142,159,Wielkopolskie,116,Choroby zakaźne,2025/037213,Rezydencki,81.43,4.08,30.09.2025 21:38:15,1,NIE,,
j-2025,14,18.11.2025,18.11.2025 12:37:07,142,159,Wielkopolskie,117,Choroby zakaźne,2025/039641,Pozarezydencki,0.00,0.00,28.09.2025 19:15:03,1,NIE,,
j-2025,14,18.11.2025,18.11.2025 12:37:07,142,159,Wielkopolskie,118,Dermatologia i wenerologia,2025/040509,Rezydencki,95.69,4.10,30.09.2025 09:41:11,2,NIE,,
j-2025,14,18.11.2025,18.11.2025 12:37:07,142,159,Wielkopolskie,119,Dermatologia i wenerologia,2025/036193,Rezydencki,93.24,4.65,24.09.2025 22:10:41,2,NIE,,
j-2025,14,18.11.2025,18.11.2025 12:37:07,142,159,Wielkopolskie,120,Diabetologia,2025/040890,Rezydencki,91.87,4.17,06.10.2025 11:46:32,1,NIE,,
j-2025,14,18.11.2025,18.11.2025 12:37:07,142,159,Wielkopolskie,121,Diabetologia,2025/041650,Pozarezydencki,86.21,0.00,30.09.2025 16:38:55,4,NIE,,
j-2025,14,18.11.2025,18.11.2025 12:37:07,142,159,Wielkopolskie,122,Diabetologia,2025/036735,Pozarezydencki,77.73,3.43,29.09.2025 21:33:58,4,NIE,,
j-2025,14,18.11.2025,18.11.2025 12:37:07,142,159,Wielkopolskie,123,Diabetologia,2025/028432,Pozarezydencki,77.10,3.74,17.10.2025 08:24:13,4,NIE,,
j-2025,14,18.11.2025,18.11.2025 12:37:07,142,159,Wielkopolskie,124,Diabetologia,2025/035497,Pozarezydencki,75.45,4.03,14.10.2025 21:12:16,4,NIE,,
j-2025,14,18.11.2025,18.11.2025 12:37:07,142,159,Wielkopolskie,125,Endokrynologia,2025/029779,Pozarezydencki,93.64,4.21,28.09.2025 11:45:03,3,NIE,,
j-2025,14,18.11.2025,18.11.2025 12:37:07,142,159,Wielkopolskie,126,Endokrynologia,2025/039658,Pozarezydencki,88.13,4.02,30.09.2025 16:12:44,3,NIE,,
j-2025,14,18.11.2025,18.11.2025 12:37:07,142,159,Wielkopolskie,127,Endokrynologia,2025/028602,Pozarezydencki,87.64,4.15,29.09.2025 14:09:00,3,NIE,,
j-2025,14,18.11.2025,18.11.2025 12:37:07,142,159,Wielkopolskie,128,Endokrynologia i diabetologia dziecięca,2025/028621,Pozarezydencki,83.18,4.63,11.10.2025 21:14:38,1,NIE,,
j-2025,14,18.11.2025,18.11.2025 12:37:07,142,159,Wielkopolskie,129,Farmakologia kliniczna,2025/032404,Pozarezydencki,87.64,4.26,17.09.2025 11:11:54,1,NIE,,
j-2025,14,18.11.2025,18.11.2025 12:37:07,142,159,Wielkopolskie,130,Gastroenterologia,2025/029587,Rezydencki,92.75,4.40,25.09.2025 06:09:18,1,NIE,,
j-2025,14,18.11.2025,18.11.2025 12:37:07,142,159,Wielkopolskie,131,Gastroenterologia dziecięca,2025/030079,Pozarezydencki,80.00,4.29,14.10.2025 19:00:04,1,NIE,,
j-2025,14,18.11.2025,18.11.2025 12:37:07,142,159,Wielkopolskie,132,Geriatria,2025/043346,Pozarezydencki,56.22,3.05,28.10.2025 13:51:30,1,NIE,,
j-2025,14,18.11.2025,18.11.2025 12:37:07,142,159,Wielkopolskie,133,Hematologia,2025/033309,Rezydencki,89.86,4.17,17.09.2025 05:12:04,3,NIE,,
j-2025,14,18.11.2025,18.11.2025 12:37:07,142,159,Wielkopolskie,134,Hematologia,2025/028564,Rezydencki,85.75,3.84,01.09.2025 10:00:41,3,NIE,,
j-2025,14,18.11.2025,18.11.2025 12:37:07,142,159,Wielkopolskie,135,Hematologia,2025/030086,Rezydencki,84.78,4.08,28.09.2025 14:26:00,3,NIE,,
j-2025,14,18.11.2025,18.11.2025 12:37:07,142,159,Wielkopolskie,136,Hipertensjologia,2025/028561,Pozarezydencki,72.05,0.00,13.10.2025 14:35:35,1,NIE,,
j-2025,14,18.11.2025,18.11.2025 12:37:07,142,159,Wielkopolskie,137,Kardiochirurgia,2025/028416,Rezydencki,81.88,4.09,01.09.2025 00:10:33,1,NIE,,
j-2025,14,18.11.2025,18.11.2025 12:37:07,142,159,Wielkopolskie,138,Kardiologia,2025/031360,Rezydencki,93.57,4.59,22.09.2025 15:24:21,9,NIE,,
j-2025,14,18.11.2025,18.11.2025 12:37:07,142,159,Wielkopolskie,139,Kardiologia,2025/028405,Rezydencki,93.30,4.78,30.09.2025 07:30:40,9,NIE,,
j-2025,14,18.11.2025,18.11.2025 12:37:07,142,159,Wielkopolskie,140,Kardiologia,2025/032361,Rezydencki,92.34,4.08,30.09.2025 19:47:31,9,NIE,,
j-2025,14,18.11.2025,18.11.2025 12:37:07,142,159,Wielkopolskie,141,Kardiologia,2025/028781,Rezydencki,92.27,4.66,08.10.2025 14:30:47,9,NIE,,
j-2025,14,18.11.2025,18.11.2025 12:37:07,142,159,Wielkopolskie,142,Kardiologia,2025/035495,Rezydencki,91.55,4.48,22.09.2025 19:24:01,9,NIE,,
j-2025,14,18.11.2025,18.11.2025 12:37:07,142,159,Wielkopolskie,143,Kardiologia,2025/033293,Rezydencki,91.55,4.33,15.09.2025 22:05:58,9,NIE,,
j-2025,14,18.11.2025,18.11.2025 12:37:07,142,159,Wielkopolskie,144,Kardiologia,2025/040646,Rezydencki,91.39,4.20,30.09.2025 14:24:40,9,NIE,,
j-2025,14,18.11.2025,18.11.2025 12:37:07,142,159,Wielkopolskie,145,Kardiologia,2025/032906,Rezydencki,91.30,4.72,14.09.2025 21:56:43,9,NIE,,
j-2025,14,18.11.2025,18.11.2025 12:37:07,142,159,Wielkopolskie,146,Kardiologia,2025/031062,Rezydencki,91.30,4.40,30.09.2025 18:57:54,9,NIE,,
j-2025,14,18.11.2025,18.11.2025 12:37:07,142,159,Wielkopolskie,147,Kardiologia,2025/028674,Pozarezydencki,85.94,4.34,30.09.2025 15:23:34,11,NIE,,
j-2025,14,18.11.2025,18.11.2025 12:37:07,143,159,Wielkopolskie,148,Kardiologia,2025/028848,Pozarezydencki,85.71,4.71,21.09.2025 16:29:50,11,NIE,,
j-2025,14,18.11.2025,18.11.2025 12:37:07,143,159,Wielkopolskie,149,Kardiologia,2025/029643,Pozarezydencki,84.79,4.00,23.09.2025 20:07:27,11,NIE,,
j-2025,14,18.11.2025,18.11.2025 12:37:07,143,159,Wielkopolskie,150,Kardiologia,2025/037853,Pozarezydencki,79.91,3.63,08.10.2025 17:59:35,11,NIE,,
j-2025,14,18.11.2025,18.11.2025 12:37:07,143,159,Wielkopolskie,151,Kardiologia,2025/031641,Pozarezydencki,78.60,4.05,09.10.2025 13:41:18,11,NIE,,
j-2025,14,18.11.2025,18.11.2025 12:37:07,143,159,Wielkopolskie,152,Kardiologia,2025/034028,Pozarezydencki,76.91,0.00,11.10.2025 17:20:13,11,NIE,,
j-2025,14,18.11.2025,18.11.2025 12:37:07,143,159,Wielkopolskie,153,Kardiologia,2025/032315,Pozarezydencki,75.45,3.23,09.10.2025 15:03:25,11,NIE,,
j-2025,14,18.11.2025,18.11.2025 12:37:07,143,159,Wielkopolskie,154,Kardiologia,2025/038010,Pozarezydencki,75.34,3.59,30.09.2025 12:50:09,11,NIE,,
j-2025,14,18.11.2025,18.11.2025 12:37:07,143,159,Wielkopolskie,155,Kardiologia,2025/038003,Pozarezydencki,73.06,3.76,14.10.2025 11:26:33,11,NIE,,
j-2025,14,18.11.2025,18.11.2025 12:37:07,143,159,Wielkopolskie,156,Kardiologia,2025/032121,Pozarezydencki,70.91,3.70,09.10.2025 13:20:33,11,NIE,,
j-2025,14,18.11.2025,18.11.2025 12:37:07,143,159,Wielkopolskie,157,Kardiologia,2025/042103,Pozarezydencki,70.91,0.00,07.10.2025 11:01:42,11,NIE,,
j-2025,14,18.11.2025,18.11.2025 12:37:07,143,159,Wielkopolskie,158,Medycyna paliatywna,2025/034918,Pozarezydencki,77.73,0.00,13.10.2025 17:56:10,3,NIE,,
j-2025,14,18.11.2025,18.11.2025 12:37:07,143,159,Wielkopolskie,159,Medycyna paliatywna,2025/032674,Pozarezydencki,75.45,0.00,17.10.2025 12:16:50,3,NIE,,
j-2025,14,18.11.2025,18.11.2025 12:37:07,143,159,Wielkopolskie,160,Medycyna paliatywna,2025/037634,Pozarezydencki,61.82,2.81,03.10.2025 18:58:58,3,NIE,,
j-2025,14,18.11.2025,18.11.2025 12:37:07,143,159,Wielkopolskie,161,Medycyna pracy,2025/034993,Rezydencki,91.55,4.31,21.09.2025 21:57:43,2,NIE,,
j-2025,14,18.11.2025,18.11.2025 12:37:07,143,159,Wielkopolskie,162,Medycyna pracy,2025/036629,Rezydencki,86.47,3.81,29.09.2025 22:45:18,2,NIE,,
j-2025,14,18.11.2025,18.11.2025 12:37:07,143,159,Wielkopolskie,163,Medycyna pracy,2025/031285,Pozarezydencki,76.50,3.56,11.09.2025 09:48:02,3,NIE,,
j-2025,14,18.11.2025,18.11.2025 12:37:07,143,159,Wielkopolskie,164,Medycyna pracy,2025/032656,Pozarezydencki,75.68,3.94,09.10.2025 17:28:57,3,NIE,,
j-2025,14,18.11.2025,18.11.2025 12:37:07,143,159,Wielkopolskie,165,Medycyna pracy,2025/036201,Pozarezydencki,75.45,3.39,25.09.2025 17:21:12,3,NIE,,
j-2025,14,18.11.2025,18.11.2025 12:37:07,143,159,Wielkopolskie,166,Medycyna ratunkowa,2025/036857,Rezydencki,90.44,4.39,27.09.2025 12:01:19,11,NIE,,
j-2025,14,18.11.2025,18.11.2025 12:37:07,143,159,Wielkopolskie,167,Medycyna ratunkowa,2025/037319,Rezydencki,87.44,4.48,07.10.2025 13:30:59,11,NIE,,
j-2025,14,18.11.2025,18.11.2025 12:37:07,143,159,Wielkopolskie,168,Medycyna ratunkowa,2025/034744,Rezydencki,87.08,4.23,30.09.2025 23:13:09,11,NIE,,
j-2025,14,18.11.2025,18.11.2025 12:37:07,143,159,Wielkopolskie,169,Medycyna ratunkowa,2025/037067,Rezydencki,86.03,4.23,06.10.2025 10:57:15,11,NIE,,
j-2025,14,18.11.2025,18.11.2025 12:37:07,143,159,Wielkopolskie,170,Medycyna ratunkowa,2025/039221,Rezydencki,86.03,3.95,28.09.2025 10:12:15,11,NIE,,
j-2025,14,18.11.2025,18.11.2025 12:37:07,143,159,Wielkopolskie,171,Medycyna ratunkowa,2025/030336,Rezydencki,83.09,4.43,28.09.2025 13:50:15,11,NIE,,
j-2025,14,18.11.2025,18.11.2025 12:37:07,143,159,Wielkopolskie,172,Medycyna ratunkowa,2025/028651,Rezydencki,82.13,3.98,26.09.2025 08:59:37,11,NIE,,
j-2025,14,18.11.2025,18.11.2025 12:37:07,143,159,Wielkopolskie,173,Medycyna ratunkowa,2025/042982,Rezydencki,81.58,3.73,21.10.2025 13:05:41,11,NIE,,
j-2025,14,18.11.2025,18.11.2025 12:37:07,143,159,Wielkopolskie,174,Medycyna ratunkowa,2025/041709,Rezydencki,78.26,3.68,30.09.2025 23:17:11,11,NIE,,
j-2025,14,18.11.2025,18.11.2025 12:37:07,143,159,Wielkopolskie,175,Medycyna ratunkowa,2025/028670,Rezydencki,75.71,3.68,27.09.2025 12:04:51,11,NIE,,
j-2025,14,18.11.2025,18.11.2025 12:37:07,143,159,Wielkopolskie,176,Medycyna ratunkowa,2025/033500,Rezydencki,74.16,3.66,30.09.2025 10:49:43,11,NIE,,
j-2025,14,18.11.2025,18.11.2025 12:37:07,143,159,Wielkopolskie,177,Medycyna ratunkowa,2025/041580,Pozarezydencki,82.95,4.14,29.09.2025 23:07:18,4,NIE,,
j-2025,14,18.11.2025,18.11.2025 12:37:07,143,159,Wielkopolskie,178,Medycyna ratunkowa,2025/031862,Pozarezydencki,80.00,4.17,13.10.2025 10:29:09,4,NIE,,
j-2025,14,18.11.2025,18.11.2025 12:37:07,143,159,Wielkopolskie,179,Medycyna ratunkowa,2025/034490,Pozarezydencki,78.80,0.00,09.10.2025 15:47:33,4,NIE,,
j-2025,14,18.11.2025,18.11.2025 12:37:07,143,159,Wielkopolskie,180,Medycyna ratunkowa,2025/041956,Pozarezydencki,58.14,0.00,12.10.2025 21:51:41,4,NIE,,
j-2025,14,18.11.2025,18.11.2025 12:37:07,143,159,Wielkopolskie,181,Medycyna rodzinna,2025/028778,Rezydencki,90.67,4.27,30.09.2025 00:40:14,35,NIE,,
j-2025,14,18.11.2025,18.11.2025 12:37:07,143,159,Wielkopolskie,182,Medycyna rodzinna,2025/037163,Rezydencki,89.95,4.08,30.09.2025 16:56:02,35,NIE,,
j-2025,14,18.11.2025,18.11.2025 12:37:07,143,159,Wielkopolskie,183,Medycyna rodzinna,2025/031624,Rezydencki,88.48,4.50,13.09.2025 15:25:50,35,NIE,,
j-2025,14,18.11.2025,18.11.2025 12:37:07,144,159,Wielkopolskie,184,Medycyna rodzinna,2025/032333,Rezydencki,88.24,4.33,04.10.2025 21:48:58,35,NIE,,
j-2025,14,18.11.2025,18.11.2025 12:37:07,144,159,Wielkopolskie,185,Medycyna rodzinna,2025/032487,Rezydencki,87.92,4.00,16.09.2025 19:05:07,35,NIE,,
j-2025,14,18.11.2025,18.11.2025 12:37:07,144,159,Wielkopolskie,186,Medycyna rodzinna,2025/037891,Rezydencki,87.92,3.81,30.09.2025 07:49:18,35,NIE,,
j-2025,14,18.11.2025,18.11.2025 12:37:07,144,159,Wielkopolskie,187,Medycyna rodzinna,2025/028754,Rezydencki,87.68,4.22,01.09.2025 13:31:01,35,NIE,,
j-2025,14,18.11.2025,18.11.2025 12:37:07,144,159,Wielkopolskie,188,Medycyna rodzinna,2025/039236,Rezydencki,87.44,4.70,28.09.2025 12:41:30,35,NIE,,
j-2025,14,18.11.2025,18.11.2025 12:37:07,144,159,Wielkopolskie,189,Medycyna rodzinna,2025/034830,Rezydencki,87.44,3.63,27.09.2025 23:06:38,35,NIE,,
j-2025,14,18.11.2025,18.11.2025 12:37:07,144,159,Wielkopolskie,190,Medycyna rodzinna,2025/039244,Rezydencki,86.76,4.27,28.09.2025 11:30:51,35,NIE,,
j-2025,14,18.11.2025,18.11.2025 12:37:07,144,159,Wielkopolskie,191,Medycyna rodzinna,2025/033299,Rezydencki,86.27,4.15,23.09.2025 23:47:58,35,NIE,,
j-2025,14,18.11.2025,18.11.2025 12:37:07,144,159,Wielkopolskie,192,Medycyna rodzinna,2025/040630,Rezydencki,86.23,4.07,09.10.2025 20:07:46,35,NIE,,
j-2025,14,18.11.2025,18.11.2025 12:37:07,144,159,Wielkopolskie,193,Medycyna rodzinna,2025/039694,Rezydencki,85.99,4.39,30.09.2025 15:59:36,35,NIE,,
j-2025,14,18.11.2025,18.11.2025 12:37:07,144,159,Wielkopolskie,194,Medycyna rodzinna,2025/030920,Rezydencki,85.85,4.04,09.09.2025 09:42:24,35,NIE,,
j-2025,14,18.11.2025,18.11.2025 12:37:07,144,159,Wielkopolskie,195,Medycyna rodzinna,2025/040640,Rezydencki,85.51,4.27,03.10.2025 11:28:41,35,NIE,,
j-2025,14,18.11.2025,18.11.2025 12:37:07,144,159,Wielkopolskie,196,Medycyna rodzinna,2025/041346,Rezydencki,85.37,3.91,29.09.2025 21:40:00,35,NIE,,
j-2025,14,18.11.2025,18.11.2025 12:37:07,144,159,Wielkopolskie,197,Medycyna rodzinna,2025/038632,Rezydencki,85.02,4.36,28.09.2025 21:05:37,35,NIE,,
j-2025,14,18.11.2025,18.11.2025 12:37:07,144,159,Wielkopolskie,198,Medycyna rodzinna,2025/042539,Rezydencki,85.02,3.95,30.09.2025 19:15:19,35,NIE,,
j-2025,14,18.11.2025,18.11.2025 12:37:07,144,159,Wielkopolskie,199,Medycyna rodzinna,2025/033197,Rezydencki,83.82,4.04,28.09.2025 11:43:58,35,NIE,,
j-2025,14,18.11.2025,18.11.2025 12:37:07,144,159,Wielkopolskie,200,Medycyna rodzinna,2025/041660,Rezydencki,83.81,4.12,30.09.2025 20:35:47,35,NIE,,
j-2025,14,18.11.2025,18.11.2025 12:37:07,144,159,Wielkopolskie,201,Medycyna rodzinna,2025/035574,Rezydencki,83.57,3.74,24.09.2025 15:51:37,35,NIE,,
j-2025,14,18.11.2025,18.11.2025 12:37:07,144,159,Wielkopolskie,202,Medycyna rodzinna,2025/030198,Rezydencki,83.33,4.01,30.09.2025 09:45:43,35,NIE,,
j-2025,14,18.11.2025,18.11.2025 12:37:07,144,159,Wielkopolskie,203,Medycyna rodzinna,2025/040693,Rezydencki,83.33,3.98,06.10.2025 12:28:11,35,NIE,,
j-2025,14,18.11.2025,18.11.2025 12:37:07,144,159,Wielkopolskie,204,Medycyna rodzinna,2025/040908,Rezydencki,82.86,4.00,08.10.2025 07:53:35,35,NIE,,
j-2025,14,18.11.2025,18.11.2025 12:37:07,144,159,Wielkopolskie,205,Medycyna rodzinna,2025/038676,Rezydencki,82.30,3.97,30.09.2025 05:37:58,35,NIE,,
j-2025,14,18.11.2025,18.11.2025 12:37:07,144,159,Wielkopolskie,206,Medycyna rodzinna,2025/042938,Rezydencki,82.30,3.77,30.09.2025 20:48:58,35,NIE,,
j-2025,14,18.11.2025,18.11.2025 12:37:07,144,159,Wielkopolskie,207,Medycyna rodzinna,2025/034562,Rezydencki,82.14,4.12,20.09.2025 10:25:58,35,NIE,,
j-2025,14,18.11.2025,18.11.2025 12:37:07,144,159,Wielkopolskie,208,Medycyna rodzinna,2025/030907,Rezydencki,82.13,4.24,08.09.2025 14:34:35,35,NIE,,
j-2025,14,18.11.2025,18.11.2025 12:37:07,144,159,Wielkopolskie,209,Medycyna rodzinna,2025/034485,Rezydencki,82.13,4.09,29.09.2025 17:47:05,35,NIE,,
j-2025,14,18.11.2025,18.11.2025 12:37:07,144,159,Wielkopolskie,210,Medycyna rodzinna,2025/036114,Rezydencki,82.13,3.94,27.09.2025 00:07:09,35,NIE,,
j-2025,14,18.11.2025,18.11.2025 12:37:07,144,159,Wielkopolskie,211,Medycyna rodzinna,2025/031675,Rezydencki,81.64,3.85,13.10.2025 11:33:36,35,NIE,,
j-2025,14,18.11.2025,18.11.2025 12:37:07,144,159,Wielkopolskie,212,Medycyna rodzinna,2025/037543,Rezydencki,81.40,4.33,30.09.2025 15:32:53,35,NIE,,
j-2025,14,18.11.2025,18.11.2025 12:37:07,144,159,Wielkopolskie,213,Medycyna rodzinna,2025/042120,Rezydencki,80.95,3.59,10.10.2025 10:50:26,35,NIE,,
j-2025,14,18.11.2025,18.11.2025 12:37:07,144,159,Wielkopolskie,214,Medycyna rodzinna,2025/033936,Rezydencki,80.00,4.23,29.09.2025 17:04:37,35,NIE,,
j-2025,14,18.11.2025,18.11.2025 12:37:07,144,159,Wielkopolskie,215,Medycyna rodzinna,2025/041439,Rezydencki,79.90,3.61,30.09.2025 17:38:48,35,NIE,,
j-2025,14,18.11.2025,18.11.2025 12:37:07,144,159,Wielkopolskie,216,Medycyna rodzinna,2025/037721,Pozarezydencki,83.64,4.62,25.09.2025 17:15:18,4,NIE,,
j-2025,14,18.11.2025,18.11.2025 12:37:07,144,159,Wielkopolskie,217,Medycyna rodzinna,2025/029062,Pozarezydencki,75.45,0.00,15.10.2025 10:10:47,4,NIE,,
j-2025,14,18.11.2025,18.11.2025 12:37:07,144,159,Wielkopolskie,218,Medycyna rodzinna,2025/042794,Pozarezydencki,73.49,3.70,17.10.2025 12:34:11,4,NIE,,
j-2025,14,18.11.2025,18.11.2025 12:37:07,144,159,Wielkopolskie,219,Medycyna rodzinna,2025/032570,Pozarezydencki,62.50,0.00,07.10.2025 22:17:04,4,NIE,,
j-2025,14,18.11.2025,18.11.2025 12:37:07,145,159,Wielkopolskie,220,Medycyna sportowa,2025/029989,Pozarezydencki,73.39,0.00,29.09.2025 11:13:29,3,NIE,,
j-2025,14,18.11.2025,18.11.2025 12:37:07,145,159,Wielkopolskie,221,Medycyna sportowa,2025/028628,Pozarezydencki,72.73,4.40,12.09.2025 12:43:05,3,NIE,,
j-2025,14,18.11.2025,18.11.2025 12:37:07,145,159,Wielkopolskie,222,Medycyna sportowa,2025/030024,Pozarezydencki,70.91,4.22,03.09.2025 18:43:44,3,NIE,,
j-2025,14,18.11.2025,18.11.2025 12:37:07,145,159,Wielkopolskie,223,Medycyna sądowa,2025/043070,Rezydencki,82.78,4.27,29.10.2025 22:37:38,2,NIE,,
j-2025,14,18.11.2025,18.11.2025 12:37:07,145,159,Wielkopolskie,224,Medycyna sądowa,2025/042846,Rezydencki,69.57,3.74,24.10.2025 17:56:40,2,NIE,,
j-2025,14,18.11.2025,18.11.2025 12:37:07,145,159,Wielkopolskie,225,Medycyna sądowa,2025/029080,Pozarezydencki,79.26,3.84,24.09.2025 18:42:57,1,NIE,,
j-2025,14,18.11.2025,18.11.2025 12:37:07,145,159,Wielkopolskie,226,Nefrologia,2025/038607,Rezydencki,89.95,4.26,30.09.2025 14:17:35,3,NIE,,
j-2025,14,18.11.2025,18.11.2025 12:37:07,145,159,Wielkopolskie,227,Nefrologia,2025/041081,Rezydencki,85.48,3.83,29.09.2025 20:21:58,3,NIE,,
j-2025,14,18.11.2025,18.11.2025 12:37:07,145,159,Wielkopolskie,228,Nefrologia,2025/040338,Rezydencki,85.17,3.83,30.09.2025 12:38:12,3,NIE,,
j-2025,14,18.11.2025,18.11.2025 12:37:07,145,159,Wielkopolskie,229,Nefrologia,2025/040358,Pozarezydencki,89.09,4.18,06.10.2025 10:59:41,1,NIE,,
j-2025,14,18.11.2025,18.11.2025 12:37:07,145,159,Wielkopolskie,230,Nefrologia dziecięca,2025/033461,Pozarezydencki,72.45,4.55,10.10.2025 21:55:09,1,NIE,,
j-2025,14,18.11.2025,18.11.2025 12:37:07,145,159,Wielkopolskie,231,Neonatologia,2025/034701,Rezydencki,80.43,3.36,30.09.2025 23:14:52,3,NIE,,
j-2025,14,18.11.2025,18.11.2025 12:37:07,145,159,Wielkopolskie,232,Neonatologia,2025/039396,Rezydencki,79.43,4.08,16.10.2025 19:16:58,3,NIE,,
j-2025,14,18.11.2025,18.11.2025 12:37:07,145,159,Wielkopolskie,233,Neonatologia,2025/040512,Rezydencki,78.57,3.53,30.09.2025 18:38:12,3,NIE,,
j-2025,14,18.11.2025,18.11.2025 12:37:07,145,159,Wielkopolskie,234,Neonatologia,2025/035251,Pozarezydencki,71.10,4.22,10.10.2025 10:26:56,1,NIE,,
j-2025,14,18.11.2025,18.11.2025 12:37:07,145,159,Wielkopolskie,235,Neurologia,2025/032847,Rezydencki,91.30,4.34,23.09.2025 20:10:59,10,NIE,,
j-2025,14,18.11.2025,18.11.2025 12:37:07,145,159,Wielkopolskie,236,Neurologia,2025/038714,Rezydencki,89.95,4.29,02.10.2025 12:12:04,10,NIE,,
j-2025,14,18.11.2025,18.11.2025 12:37:07,145,159,Wielkopolskie,237,Neurologia,2025/041377,Rezydencki,89.00,4.22,30.09.2025 10:14:53,10,NIE,,
j-2025,14,18.11.2025,18.11.2025 12:37:07,145,159,Wielkopolskie,238,Neurologia,2025/037259,Rezydencki,88.76,3.98,30.09.2025 08:18:15,10,NIE,,
j-2025,14,18.11.2025,18.11.2025 12:37:07,145,159,Wielkopolskie,239,Neurologia,2025/028550,Rezydencki,87.56,4.16,30.09.2025 19:04:24,10,NIE,,
j-2025,14,18.11.2025,18.11.2025 12:37:07,145,159,Wielkopolskie,240,Neurologia,2025/035341,Rezydencki,87.08,4.13,30.09.2025 20:31:24,10,NIE,,
j-2025,14,18.11.2025,18.11.2025 12:37:07,145,159,Wielkopolskie,241,Neurologia,2025/039295,Rezydencki,87.08,3.85,30.09.2025 22:42:08,10,NIE,,
j-2025,14,18.11.2025,18.11.2025 12:37:07,145,159,Wielkopolskie,242,Neurologia,2025/037606,Rezydencki,87.01,4.15,25.09.2025 20:54:19,10,NIE,,
j-2025,14,18.11.2025,18.11.2025 12:37:07,145,159,Wielkopolskie,243,Neurologia,2025/036859,Rezydencki,86.12,4.21,30.09.2025 00:27:36,10,NIE,,
j-2025,14,18.11.2025,18.11.2025 12:37:07,145,159,Wielkopolskie,244,Neurologia,2025/033900,Rezydencki,85.89,4.12,30.09.2025 16:09:38,10,NIE,,
j-2025,14,18.11.2025,18.11.2025 12:37:07,145,159,Wielkopolskie,245,Neurologia,2025/032279,Pozarezydencki,81.82,4.36,24.09.2025 16:38:47,2,NIE,,
j-2025,14,18.11.2025,18.11.2025 12:37:07,145,159,Wielkopolskie,246,Neurologia,2025/035027,Pozarezydencki,80.18,3.84,29.09.2025 20:36:20,2,NIE,,
j-2025,14,18.11.2025,18.11.2025 12:37:07,145,159,Wielkopolskie,247,Neurologia dziecięca,2025/039171,Rezydencki,89.71,3.85,30.09.2025 23:54:15,1,NIE,,
j-2025,14,18.11.2025,18.11.2025 12:37:07,145,159,Wielkopolskie,248,Neurologia dziecięca,2025/034201,Pozarezydencki,82.50,4.46,24.09.2025 16:32:49,2,NIE,,
j-2025,14,18.11.2025,18.11.2025 12:37:07,145,159,Wielkopolskie,249,Neurologia dziecięca,2025/039003,Pozarezydencki,61.82,3.39,27.09.2025 17:28:09,2,NIE,,
j-2025,14,18.11.2025,18.11.2025 12:37:07,145,159,Wielkopolskie,250,Okulistyka,2025/028977,Rezydencki,93.00,4.43,08.10.2025 16:51:02,5,NIE,,
j-2025,14,18.11.2025,18.11.2025 12:37:07,145,159,Wielkopolskie,251,Okulistyka,2025/040606,Rezydencki,92.82,3.76,30.09.2025 18:43:59,5,NIE,,
j-2025,14,18.11.2025,18.11.2025 12:37:07,145,159,Wielkopolskie,252,Okulistyka,2025/032745,Rezydencki,92.51,4.69,27.09.2025 18:12:31,5,NIE,,
j-2025,14,18.11.2025,18.11.2025 12:37:07,145,159,Wielkopolskie,253,Okulistyka,2025/033639,Rezydencki,92.20,4.66,30.09.2025 18:15:49,5,NIE,,
j-2025,14,18.11.2025,18.11.2025 12:37:07,145,159,Wielkopolskie,254,Okulistyka,2025/038327,Rezydencki,91.39,4.28,30.09.2025 20:58:32,5,NIE,,
j-2025,14,18.11.2025,18.11.2025 12:37:07,145,159,Wielkopolskie,255,Okulistyka,2025/033395,Pozarezydencki,85.84,4.22,30.09.2025 11:25:40,11,NIE,,
j-2025,14,18.11.2025,18.11.2025 12:37:07,146,159,Wielkopolskie,256,Okulistyka,2025/032733,Pozarezydencki,85.02,4.42,25.09.2025 15:06:14,11,NIE,,
j-2025,14,18.11.2025,18.11.2025 12:37:07,146,159,Wielkopolskie,257,Okulistyka,2025/039686,Pozarezydencki,84.02,4.00,30.09.2025 16:03:02,11,NIE,,
j-2025,14,18.11.2025,18.11.2025 12:37:07,146,159,Wielkopolskie,258,Okulistyka,2025/039135,Pozarezydencki,83.11,4.24,30.09.2025 00:27:39,11,NIE,,
j-2025,14,18.11.2025,18.11.2025 12:37:07,146,159,Wielkopolskie,259,Okulistyka,2025/039536,Pozarezydencki,82.88,3.94,30.09.2025 11:16:06,11,NIE,,
j-2025,14,18.11.2025,18.11.2025 12:37:07,146,159,Wielkopolskie,260,Okulistyka,2025/035477,Pozarezydencki,82.65,3.65,30.09.2025 19:35:03,11,NIE,,
j-2025,14,18.11.2025,18.11.2025 12:37:07,146,159,Wielkopolskie,261,Okulistyka,2025/035915,Pozarezydencki,81.28,4.39,03.10.2025 11:32:43,11,NIE,,
j-2025,14,18.11.2025,18.11.2025 12:37:07,146,159,Wielkopolskie,262,Okulistyka,2025/039560,Pozarezydencki,80.65,3.82,28.09.2025 18:11:35,11,NIE,,
j-2025,14,18.11.2025,18.11.2025 12:37:07,146,159,Wielkopolskie,263,Okulistyka,2025/035404,Pozarezydencki,80.18,3.92,22.09.2025 20:40:52,11,NIE,,
j-2025,14,18.11.2025,18.11.2025 12:37:07,146,159,Wielkopolskie,264,Okulistyka,2025/034236,Pozarezydencki,80.18,3.92,13.10.2025 15:11:59,11,NIE,,
j-2025,14,18.11.2025,18.11.2025 12:37:07,146,159,Wielkopolskie,265,Okulistyka,2025/039302,Pozarezydencki,73.97,3.74,30.09.2025 18:32:04,11,NIE,,
j-2025,14,18.11.2025,18.11.2025 12:37:07,146,159,Wielkopolskie,266,Onkologia i hematologia dziecięca,2025/041608,Pozarezydencki,75.45,0.00,06.10.2025 15:22:27,1,NIE,,
j-2025,14,18.11.2025,18.11.2025 12:37:07,146,159,Wielkopolskie,267,Onkologia kliniczna,2025/038635,Rezydencki,87.32,4.47,30.09.2025 17:11:55,7,NIE,,
j-2025,14,18.11.2025,18.11.2025 12:37:07,146,159,Wielkopolskie,268,Onkologia kliniczna,2025/034891,Rezydencki,86.47,4.32,21.09.2025 18:42:05,7,NIE,,
j-2025,14,18.11.2025,18.11.2025 12:37:07,146,159,Wielkopolskie,269,Onkologia kliniczna,2025/032292,Rezydencki,82.84,4.00,30.09.2025 18:14:46,7,NIE,,
j-2025,14,18.11.2025,18.11.2025 12:37:07,146,159,Wielkopolskie,270,Onkologia kliniczna,2025/039359,Rezydencki,81.64,3.54,28.09.2025 14:08:58,7,NIE,,
j-2025,14,18.11.2025,18.11.2025 12:37:07,146,159,Wielkopolskie,271,Onkologia kliniczna,2025/032322,Rezydencki,81.46,4.00,06.10.2025 21:43:22,7,NIE,,
j-2025,14,18.11.2025,18.11.2025 12:37:07,146,159,Wielkopolskie,272,Onkologia kliniczna,2025/040108,Rezydencki,80.14,4.39,30.09.2025 21:35:08,7,NIE,,
j-2025,14,18.11.2025,18.11.2025 12:37:07,146,159,Wielkopolskie,273,Onkologia kliniczna,2025/034594,Rezydencki,69.08,0.00,13.10.2025 08:45:35,7,NIE,,
j-2025,14,18.11.2025,18.11.2025 12:37:07,146,159,Wielkopolskie,274,Onkologia kliniczna,2025/037332,Pozarezydencki,70.91,0.00,03.10.2025 10:25:06,3,NIE,,
j-2025,14,18.11.2025,18.11.2025 12:37:07,146,159,Wielkopolskie,275,Onkologia kliniczna,2025/041773,Pozarezydencki,60.91,3.99,11.10.2025 07:35:13,3,NIE,,
j-2025,14,18.11.2025,18.11.2025 12:37:07,146,159,Wielkopolskie,276,Onkologia kliniczna,2025/038846,Pozarezydencki,60.45,3.57,08.10.2025 11:37:47,3,NIE,,
j-2025,14,18.11.2025,18.11.2025 12:37:07,146,159,Wielkopolskie,277,Ortodoncja,2025/034317,Rezydencki,88.57,4.02,19.09.2025 10:56:52,3,NIE,,
j-2025,14,18.11.2025,18.11.2025 12:37:07,146,159,Wielkopolskie,278,Ortodoncja,2025/030121,Rezydencki,88.46,4.13,03.09.2025 23:12:48,3,NIE,,
j-2025,14,18.11.2025,18.11.2025 12:37:07,146,159,Wielkopolskie,279,Ortodoncja,2025/034686,Rezydencki,87.74,4.57,20.09.2025 22:37:12,3,NIE,,
j-2025,14,18.11.2025,18.11.2025 12:37:07,146,159,Wielkopolskie,280,Ortopedia i traumatologia narządu ruchu,2025/039895,Rezydencki,92.11,4.24,30.09.2025 10:55:06,6,NIE,,
j-2025,14,18.11.2025,18.11.2025 12:37:07,146,159,Wielkopolskie,281,Ortopedia i traumatologia narządu ruchu,2025/038324,Rezydencki,91.79,4.45,28.09.2025 22:05:49,6,NIE,,
j-2025,14,18.11.2025,18.11.2025 12:37:07,146,159,Wielkopolskie,282,Ortopedia i traumatologia narządu ruchu,2025/033042,Rezydencki,90.91,4.09,30.09.2025 02:13:10,6,NIE,,
j-2025,14,18.11.2025,18.11.2025 12:37:07,146,159,Wielkopolskie,283,Ortopedia i traumatologia narządu ruchu,2025/038453,Rezydencki,90.91,3.87,30.09.2025 12:01:06,6,NIE,,
j-2025,14,18.11.2025,18.11.2025 12:37:07,146,159,Wielkopolskie,284,Ortopedia i traumatologia narządu ruchu,2025/035494,Rezydencki,90.10,4.17,22.09.2025 19:24:01,6,NIE,,
j-2025,14,18.11.2025,18.11.2025 12:37:07,146,159,Wielkopolskie,285,Ortopedia i traumatologia narządu ruchu,2025/036199,Rezydencki,88.89,4.46,23.09.2025 18:53:53,6,NIE,,
j-2025,14,18.11.2025,18.11.2025 12:37:07,146,159,Wielkopolskie,286,Ortopedia i traumatologia narządu ruchu,2025/041967,Pozarezydencki,84.58,4.26,30.09.2025 11:11:50,12,NIE,,
j-2025,14,18.11.2025,18.11.2025 12:37:07,146,159,Wielkopolskie,287,Ortopedia i traumatologia narządu ruchu,2025/031998,Pozarezydencki,83.87,4.27,12.09.2025 17:07:02,12,NIE,,
j-2025,14,18.11.2025,18.11.2025 12:37:07,146,159,Wielkopolskie,288,Ortopedia i traumatologia narządu ruchu,2025/039112,Pozarezydencki,83.56,4.32,06.10.2025 11:01:57,12,NIE,,
j-2025,14,18.11.2025,18.11.2025 12:37:07,146,159,Wielkopolskie,289,Ortopedia i traumatologia narządu ruchu,2025/039304,Pozarezydencki,83.18,3.86,30.09.2025 17:22:02,12,NIE,,
j-2025,14,18.11.2025,18.11.2025 12:37:07,146,159,Wielkopolskie,290,Ortopedia i traumatologia narządu ruchu,2025/041868,Pozarezydencki,82.65,3.72,30.09.2025 10:26:21,12,NIE,,
j-2025,14,18.11.2025,18.11.2025 12:37:07,146,159,Wielkopolskie,291,Ortopedia i traumatologia narządu ruchu,2025/034741,Pozarezydencki,81.74,4.30,30.09.2025 10:48:16,12,NIE,,
j-2025,14,18.11.2025,18.11.2025 12:37:07,147,159,Wielkopolskie,292,Ortopedia i traumatologia narządu ruchu,2025/034639,Pozarezydencki,81.28,3.76,30.09.2025 11:29:53,12,NIE,,
j-2025,14,18.11.2025,18.11.2025 12:37:07,147,159,Wielkopolskie,293,Ortopedia i traumatologia narządu ruchu,2025/041122,Pozarezydencki,72.73,4.49,29.09.2025 20:22:38,12,NIE,,
j-2025,14,18.11.2025,18.11.2025 12:37:07,147,159,Wielkopolskie,294,Ortopedia i traumatologia narządu ruchu,2025/042383,Pozarezydencki,70.97,3.27,07.10.2025 13:49:04,12,NIE,,
j-2025,14,18.11.2025,18.11.2025 12:37:07,147,159,Wielkopolskie,295,Ortopedia i traumatologia narządu ruchu,2025/033265,Pozarezydencki,67.76,3.18,18.09.2025 22:18:28,12,NIE,,
j-2025,14,18.11.2025,18.11.2025 12:37:07,147,159,Wielkopolskie,296,Ortopedia i traumatologia narządu ruchu,2025/041030,Pozarezydencki,57.44,3.80,23.10.2025 10:36:21,12,NIE,,
j-2025,14,18.11.2025,18.11.2025 12:37:07,147,159,Wielkopolskie,297,Ortopedia i traumatologia narządu ruchu,2025/034783,Pozarezydencki,55.25,4.83,14.10.2025 11:32:47,12,NIE,,
j-2025,14,18.11.2025,18.11.2025 12:37:07,147,159,Wielkopolskie,298,Otorynolaryngologia,2025/041705,Rezydencki,91.39,3.80,30.09.2025 21:10:21,8,NIE,,
j-2025,14,18.11.2025,18.11.2025 12:37:07,147,159,Wielkopolskie,299,Otorynolaryngologia,2025/036237,Rezydencki,91.30,4.67,30.09.2025 18:14:57,8,NIE,,
j-2025,14,18.11.2025,18.11.2025 12:37:07,147,159,Wielkopolskie,300,Otorynolaryngologia,2025/041352,Rezydencki,90.82,4.53,29.09.2025 21:41:01,8,NIE,,
j-2025,14,18.11.2025,18.11.2025 12:37:07,147,159,Wielkopolskie,301,Otorynolaryngologia,2025/028478,Rezydencki,90.43,4.51,30.09.2025 12:44:39,8,NIE,,
j-2025,14,18.11.2025,18.11.2025 12:37:07,147,159,Wielkopolskie,302,Otorynolaryngologia,2025/039858,Rezydencki,90.43,4.00,30.09.2025 19:57:31,8,NIE,,
j-2025,14,18.11.2025,18.11.2025 12:37:07,147,159,Wielkopolskie,303,Otorynolaryngologia,2025/040371,Rezydencki,90.19,3.93,30.09.2025 09:53:00,8,NIE,,
j-2025,14,18.11.2025,18.11.2025 12:37:07,147,159,Wielkopolskie,304,Otorynolaryngologia,2025/029503,Rezydencki,89.61,4.28,17.09.2025 22:37:46,8,NIE,,
j-2025,14,18.11.2025,18.11.2025 12:37:07,147,159,Wielkopolskie,305,Otorynolaryngologia,2025/038039,Rezydencki,89.52,4.17,29.09.2025 13:42:32,8,NIE,,
j-2025,14,18.11.2025,18.11.2025 12:37:07,147,159,Wielkopolskie,306,Otorynolaryngologia dziecięca,2025/034813,Rezydencki,87.32,4.02,30.09.2025 21:17:44,3,NIE,,
j-2025,14,18.11.2025,18.11.2025 12:37:07,147,159,Wielkopolskie,307,Otorynolaryngologia dziecięca,2025/038275,Rezydencki,86.60,3.84,30.09.2025 11:52:09,3,NIE,,
j-2025,14,18.11.2025,18.11.2025 12:37:07,147,159,Wielkopolskie,308,Otorynolaryngologia dziecięca,2025/028657,Rezydencki,85.17,4.10,30.09.2025 09:47:42,3,NIE,,
j-2025,14,18.11.2025,18.11.2025 12:37:07,147,159,Wielkopolskie,309,Otorynolaryngologia dziecięca,2025/034640,Pozarezydencki,63.47,0.00,08.10.2025 18:56:00,1,NIE,,
j-2025,14,18.11.2025,18.11.2025 12:37:07,147,159,Wielkopolskie,310,Patomorfologia,2025/032752,Rezydencki,86.96,4.26,14.09.2025 14:40:08,3,NIE,,
j-2025,14,18.11.2025,18.11.2025 12:37:07,147,159,Wielkopolskie,311,Patomorfologia,2025/039351,Rezydencki,85.02,3.61,29.09.2025 23:21:36,3,NIE,,
j-2025,14,18.11.2025,18.11.2025 12:37:07,147,159,Wielkopolskie,312,Patomorfologia,2025/037135,Rezydencki,80.00,3.75,10.10.2025 00:06:07,3,NIE,,
j-2025,14,18.11.2025,18.11.2025 12:37:07,147,159,Wielkopolskie,313,Pediatria,2025/032848,Rezydencki,92.03,4.60,29.09.2025 17:36:53,26,NIE,,
j-2025,14,18.11.2025,18.11.2025 12:37:07,147,159,Wielkopolskie,314,Pediatria,2025/031341,Rezydencki,90.67,4.26,30.09.2025 00:26:14,26,NIE,,
j-2025,14,18.11.2025,18.11.2025 12:37:07,147,159,Wielkopolskie,315,Pediatria,2025/030817,Rezydencki,90.58,4.85,06.09.2025 14:55:10,26,NIE,,
j-2025,14,18.11.2025,18.11.2025 12:37:07,147,159,Wielkopolskie,316,Pediatria,2025/036301,Rezydencki,90.24,4.30,08.10.2025 18:39:56,26,NIE,,
j-2025,14,18.11.2025,18.11.2025 12:37:07,147,159,Wielkopolskie,317,Pediatria,2025/035639,Rezydencki,90.00,4.17,23.09.2025 21:01:26,26,NIE,,
j-2025,14,18.11.2025,18.11.2025 12:37:07,147,159,Wielkopolskie,318,Pediatria,2025/040362,Rezydencki,89.95,4.17,08.10.2025 20:29:59,26,NIE,,
j-2025,14,18.11.2025,18.11.2025 12:37:07,147,159,Wielkopolskie,319,Pediatria,2025/038572,Rezydencki,89.86,4.71,29.09.2025 16:50:32,26,NIE,,
j-2025,14,18.11.2025,18.11.2025 12:37:07,147,159,Wielkopolskie,320,Pediatria,2025/029645,Rezydencki,88.41,4.48,30.09.2025 17:35:36,26,NIE,,
j-2025,14,18.11.2025,18.11.2025 12:37:07,147,159,Wielkopolskie,321,Pediatria,2025/036190,Rezydencki,88.04,4.41,30.09.2025 14:58:35,26,NIE,,
j-2025,14,18.11.2025,18.11.2025 12:37:07,147,159,Wielkopolskie,322,Pediatria,2025/029003,Rezydencki,88.04,4.31,30.09.2025 21:06:35,26,NIE,,
j-2025,14,18.11.2025,18.11.2025 12:37:07,147,159,Wielkopolskie,323,Pediatria,2025/038009,Rezydencki,87.56,4.36,30.09.2025 12:50:22,26,NIE,,
j-2025,14,18.11.2025,18.11.2025 12:37:07,147,159,Wielkopolskie,324,Pediatria,2025/041742,Rezydencki,87.56,4.22,30.09.2025 14:29:55,26,NIE,,
j-2025,14,18.11.2025,18.11.2025 12:37:07,147,159,Wielkopolskie,325,Pediatria,2025/029994,Rezydencki,87.32,3.74,30.09.2025 10:33:31,26,NIE,,
j-2025,14,18.11.2025,18.11.2025 12:37:07,147,159,Wielkopolskie,326,Pediatria,2025/029963,Rezydencki,86.96,4.06,03.09.2025 15:24:08,26,NIE,,
j-2025,14,18.11.2025,18.11.2025 12:37:07,147,159,Wielkopolskie,327,Pediatria,2025/041570,Rezydencki,86.23,3.87,30.09.2025 23:04:26,26,NIE,,
j-2025,14,18.11.2025,18.11.2025 12:37:07,148,159,Wielkopolskie,328,Pediatria,2025/034143,Rezydencki,86.19,4.07,18.09.2025 12:20:43,26,NIE,,
j-2025,14,18.11.2025,18.11.2025 12:37:07,148,159,Wielkopolskie,329,Pediatria,2025/030450,Rezydencki,85.99,4.41,07.09.2025 12:41:15,26,NIE,,
j-2025,14,18.11.2025,18.11.2025 12:37:07,148,159,Wielkopolskie,330,Pediatria,2025/041404,Rezydencki,85.89,4.43,06.10.2025 14:45:36,26,NIE,,
j-2025,14,18.11.2025,18.11.2025 12:37:07,148,159,Wielkopolskie,331,Pediatria,2025/030617,Rezydencki,82.38,4.22,30.09.2025 20:13:57,26,NIE,,
j-2025,14,18.11.2025,18.11.2025 12:37:07,148,159,Wielkopolskie,332,Pediatria,2025/036125,Rezydencki,81.90,4.12,29.09.2025 21:47:53,26,NIE,,
j-2025,14,18.11.2025,18.11.2025 12:37:07,148,159,Wielkopolskie,333,Pediatria,2025/040776,Rezydencki,81.90,3.81,29.09.2025 17:30:21,26,NIE,,
j-2025,14,18.11.2025,18.11.2025 12:37:07,148,159,Wielkopolskie,334,Pediatria,2025/039581,Rezydencki,80.95,3.94,30.09.2025 10:52:39,26,NIE,,
j-2025,14,18.11.2025,18.11.2025 12:37:07,148,159,Wielkopolskie,335,Pediatria,2025/029526,Rezydencki,79.90,3.79,02.09.2025 18:05:41,26,NIE,,
j-2025,14,18.11.2025,18.11.2025 12:37:07,148,159,Wielkopolskie,336,Pediatria,2025/028573,Rezydencki,79.90,3.46,30.09.2025 10:02:49,26,NIE,,
j-2025,14,18.11.2025,18.11.2025 12:37:07,148,159,Wielkopolskie,337,Pediatria,2025/038197,Rezydencki,77.99,3.65,06.10.2025 16:07:50,26,NIE,,
j-2025,14,18.11.2025,18.11.2025 12:37:07,148,159,Wielkopolskie,338,Pediatria,2025/039374,Rezydencki,77.78,3.74,06.10.2025 14:18:46,26,NIE,,
j-2025,14,18.11.2025,18.11.2025 12:37:07,148,159,Wielkopolskie,339,Pediatria,2025/032011,Pozarezydencki,80.00,3.97,24.09.2025 23:31:05,3,NIE,,
j-2025,14,18.11.2025,18.11.2025 12:37:07,148,159,Wielkopolskie,340,Pediatria,2025/034817,Pozarezydencki,68.95,4.76,14.10.2025 11:21:04,3,NIE,,
j-2025,14,18.11.2025,18.11.2025 12:37:07,148,159,Wielkopolskie,341,Pediatria,2025/039455,Pozarezydencki,66.36,0.00,29.09.2025 20:13:46,3,NIE,,
j-2025,14,18.11.2025,18.11.2025 12:37:07,148,159,Wielkopolskie,342,Perinatologia,2025/041347,Pozarezydencki,90.23,4.14,14.10.2025 22:22:38,2,NIE,,
j-2025,14,18.11.2025,18.11.2025 12:37:07,148,159,Wielkopolskie,343,Perinatologia,2025/028542,Pozarezydencki,84.32,0.00,23.10.2025 21:22:31,2,NIE,,
j-2025,14,18.11.2025,18.11.2025 12:37:07,148,159,Wielkopolskie,344,Periodontologia,2025/037527,Rezydencki,84.29,3.88,09.10.2025 11:07:10,1,NIE,,
j-2025,14,18.11.2025,18.11.2025 12:37:07,148,159,Wielkopolskie,345,Położnictwo i ginekologia,2025/038178,Rezydencki,90.34,4.21,30.09.2025 21:06:24,11,NIE,,
j-2025,14,18.11.2025,18.11.2025 12:37:07,148,159,Wielkopolskie,346,Położnictwo i ginekologia,2025/033118,Rezydencki,90.10,4.23,29.09.2025 10:30:01,11,NIE,,
j-2025,14,18.11.2025,18.11.2025 12:37:07,148,159,Wielkopolskie,347,Położnictwo i ginekologia,2025/028457,Rezydencki,89.71,3.93,02.10.2025 11:48:41,11,NIE,,
j-2025,14,18.11.2025,18.11.2025 12:37:07,148,159,Wielkopolskie,348,Położnictwo i ginekologia,2025/028422,Rezydencki,88.76,3.82,30.09.2025 18:09:06,11,NIE,,
j-2025,14,18.11.2025,18.11.2025 12:37:07,148,159,Wielkopolskie,349,Położnictwo i ginekologia,2025/028481,Rezydencki,88.57,4.24,01.09.2025 06:51:48,11,NIE,,
j-2025,14,18.11.2025,18.11.2025 12:37:07,148,159,Wielkopolskie,350,Położnictwo i ginekologia,2025/040951,Rezydencki,88.52,4.02,30.09.2025 20:51:36,11,NIE,,
j-2025,14,18.11.2025,18.11.2025 12:37:07,148,159,Wielkopolskie,351,Położnictwo i ginekologia,2025/040310,Rezydencki,87.92,4.09,30.09.2025 19:17:09,11,NIE,,
j-2025,14,18.11.2025,18.11.2025 12:37:07,148,159,Wielkopolskie,352,Położnictwo i ginekologia,2025/040149,Rezydencki,87.32,4.13,30.09.2025 21:38:28,11,NIE,,
j-2025,14,18.11.2025,18.11.2025 12:37:07,148,159,Wielkopolskie,353,Położnictwo i ginekologia,2025/032115,Rezydencki,87.08,3.98,30.09.2025 17:55:24,11,NIE,,
j-2025,14,18.11.2025,18.11.2025 12:37:07,148,159,Wielkopolskie,354,Położnictwo i ginekologia,2025/028424,Rezydencki,86.60,3.81,30.09.2025 23:15:12,11,NIE,,
j-2025,14,18.11.2025,18.11.2025 12:37:07,148,159,Wielkopolskie,355,Położnictwo i ginekologia,2025/037959,Rezydencki,86.23,3.95,27.09.2025 19:55:11,11,NIE,,
j-2025,14,18.11.2025,18.11.2025 12:37:07,148,159,Wielkopolskie,356,Położnictwo i ginekologia,2025/038323,Pozarezydencki,83.88,4.33,30.09.2025 13:49:25,5,NIE,,
j-2025,14,18.11.2025,18.11.2025 12:37:07,148,159,Wielkopolskie,357,Położnictwo i ginekologia,2025/038097,Pozarezydencki,80.59,3.77,30.09.2025 14:12:51,5,NIE,,
j-2025,14,18.11.2025,18.11.2025 12:37:07,148,159,Wielkopolskie,358,Położnictwo i ginekologia,2025/037836,Pozarezydencki,80.37,3.93,30.09.2025 19:00:28,5,NIE,,
j-2025,14,18.11.2025,18.11.2025 12:37:07,148,159,Wielkopolskie,359,Położnictwo i ginekologia,2025/028500,Pozarezydencki,77.63,3.81,08.10.2025 13:03:59,5,NIE,,
j-2025,14,18.11.2025,18.11.2025 12:37:07,148,159,Wielkopolskie,360,Położnictwo i ginekologia,2025/038118,Pozarezydencki,62.74,0.00,29.09.2025 23:31:31,5,NIE,,
j-2025,14,18.11.2025,18.11.2025 12:37:07,148,159,Wielkopolskie,361,Protetyka stomatologiczna,2025/037228,Rezydencki,84.29,4.27,25.09.2025 10:28:10,2,NIE,,
j-2025,14,18.11.2025,18.11.2025 12:37:07,148,159,Wielkopolskie,362,Protetyka stomatologiczna,2025/034927,Rezydencki,81.73,4.12,22.09.2025 16:41:49,2,NIE,,
j-2025,14,18.11.2025,18.11.2025 12:37:07,148,159,Wielkopolskie,363,Psychiatria,2025/030951,Rezydencki,91.79,4.33,10.09.2025 13:00:02,15,NIE,,
j-2025,14,18.11.2025,18.11.2025 12:37:07,149,159,Wielkopolskie,364,Psychiatria,2025/033689,Rezydencki,91.79,4.24,27.09.2025 19:35:25,15,NIE,,
j-2025,14,18.11.2025,18.11.2025 12:37:07,149,159,Wielkopolskie,365,Psychiatria,2025/028824,Rezydencki,91.39,3.92,30.09.2025 18:56:41,15,NIE,,
j-2025,14,18.11.2025,18.11.2025 12:37:07,149,159,Wielkopolskie,366,Psychiatria,2025/032740,Rezydencki,91.30,4.26,14.09.2025 14:13:25,15,NIE,,
j-2025,14,18.11.2025,18.11.2025 12:37:07,149,159,Wielkopolskie,367,Psychiatria,2025/032222,Rezydencki,90.91,4.53,03.10.2025 10:58:14,15,NIE,,
j-2025,14,18.11.2025,18.11.2025 12:37:07,149,159,Wielkopolskie,368,Psychiatria,2025/038945,Rezydencki,90.69,4.20,30.09.2025 21:06:34,15,NIE,,
j-2025,14,18.11.2025,18.11.2025 12:37:07,149,159,Wielkopolskie,369,Psychiatria,2025/034998,Rezydencki,90.49,4.07,25.09.2025 18:27:57,15,NIE,,
j-2025,14,18.11.2025,18.11.2025 12:37:07,149,159,Wielkopolskie,370,Psychiatria,2025/036164,Rezydencki,89.47,4.45,30.09.2025 15:03:09,15,NIE,,
j-2025,14,18.11.2025,18.11.2025 12:37:07,149,159,Wielkopolskie,371,Psychiatria,2025/037250,Rezydencki,88.89,4.06,30.09.2025 22:04:04,15,NIE,,
j-2025,14,18.11.2025,18.11.2025 12:37:07,149,159,Wielkopolskie,372,Psychiatria,2025/029782,Rezydencki,88.89,4.03,25.09.2025 00:09:08,15,NIE,,
j-2025,14,18.11.2025,18.11.2025 12:37:07,149,159,Wielkopolskie,373,Psychiatria,2025/041279,Rezydencki,88.41,4.50,29.09.2025 21:17:46,15,NIE,,
j-2025,14,18.11.2025,18.11.2025 12:37:07,149,159,Wielkopolskie,374,Psychiatria,2025/031170,Rezydencki,88.24,4.26,28.09.2025 21:11:31,15,NIE,,
j-2025,14,18.11.2025,18.11.2025 12:37:07,149,159,Wielkopolskie,375,Psychiatria,2025/040692,Rezydencki,88.04,4.19,30.09.2025 13:48:24,15,NIE,,
j-2025,14,18.11.2025,18.11.2025 12:37:07,149,159,Wielkopolskie,376,Psychiatria,2025/041410,Rezydencki,88.04,3.95,30.09.2025 14:07:09,15,NIE,,
j-2025,14,18.11.2025,18.11.2025 12:37:07,149,159,Wielkopolskie,377,Psychiatria,2025/036884,Rezydencki,88.04,3.93,30.09.2025 14:15:43,15,NIE,,
j-2025,14,18.11.2025,18.11.2025 12:37:07,149,159,Wielkopolskie,378,Psychiatria,2025/043077,Pozarezydencki,82.71,3.43,20.10.2025 22:13:15,9,NIE,,
j-2025,14,18.11.2025,18.11.2025 12:37:07,149,159,Wielkopolskie,379,Psychiatria,2025/040560,Pozarezydencki,82.65,4.05,03.10.2025 16:45:26,9,NIE,,
j-2025,14,18.11.2025,18.11.2025 12:37:07,149,159,Wielkopolskie,380,Psychiatria,2025/039945,Pozarezydencki,79.55,3.57,28.09.2025 22:41:06,9,NIE,,
j-2025,14,18.11.2025,18.11.2025 12:37:07,149,159,Wielkopolskie,381,Psychiatria,2025/034390,Pozarezydencki,79.26,3.97,19.09.2025 12:52:04,9,NIE,,
j-2025,14,18.11.2025,18.11.2025 12:37:07,149,159,Wielkopolskie,382,Psychiatria,2025/038732,Pozarezydencki,78.54,3.61,30.09.2025 18:18:33,9,NIE,,
j-2025,14,18.11.2025,18.11.2025 12:37:07,149,159,Wielkopolskie,383,Psychiatria,2025/034882,Pozarezydencki,71.89,4.52,30.09.2025 22:01:43,9,NIE,,
j-2025,14,18.11.2025,18.11.2025 12:37:07,149,159,Wielkopolskie,384,Psychiatria,2025/033210,Pozarezydencki,65.58,3.03,07.10.2025 16:04:17,9,NIE,,
j-2025,14,18.11.2025,18.11.2025 12:37:07,149,159,Wielkopolskie,385,Psychiatria,2025/038071,Pozarezydencki,63.01,3.80,15.10.2025 09:36:31,9,NIE,,
j-2025,14,18.11.2025,18.11.2025 12:37:07,149,159,Wielkopolskie,386,Psychiatria,2025/039987,Pozarezydencki,0.23,0.00,15.10.2025 09:59:14,9,NIE,,
j-2025,14,18.11.2025,18.11.2025 12:37:07,149,159,Wielkopolskie,387,Psychiatria dzieci i młodzieży,2025/029116,Rezydencki,91.18,4.18,01.09.2025 21:44:31,9,NIE,,
j-2025,14,18.11.2025,18.11.2025 12:37:07,149,159,Wielkopolskie,388,Psychiatria dzieci i młodzieży,2025/032714,Rezydencki,90.43,4.52,30.09.2025 08:32:48,9,NIE,,
j-2025,14,18.11.2025,18.11.2025 12:37:07,149,159,Wielkopolskie,389,Psychiatria dzieci i młodzieży,2025/041131,Rezydencki,89.37,4.56,06.10.2025 15:55:43,9,NIE,,
j-2025,14,18.11.2025,18.11.2025 12:37:07,149,159,Wielkopolskie,390,Psychiatria dzieci i młodzieży,2025/039327,Rezydencki,88.76,3.88,30.09.2025 14:57:38,9,NIE,,
j-2025,14,18.11.2025,18.11.2025 12:37:07,149,159,Wielkopolskie,391,Psychiatria dzieci i młodzieży,2025/030357,Rezydencki,88.16,3.59,30.09.2025 01:16:46,9,NIE,,
j-2025,14,18.11.2025,18.11.2025 12:37:07,149,159,Wielkopolskie,392,Psychiatria dzieci i młodzieży,2025/041926,Rezydencki,88.04,4.03,30.09.2025 10:26:20,9,NIE,,
j-2025,14,18.11.2025,18.11.2025 12:37:07,149,159,Wielkopolskie,393,Psychiatria dzieci i młodzieży,2025/028598,Rezydencki,88.04,3.95,07.10.2025 15:33:58,9,NIE,,
j-2025,14,18.11.2025,18.11.2025 12:37:07,149,159,Wielkopolskie,394,Psychiatria dzieci i młodzieży,2025/040304,Rezydencki,88.04,3.81,30.09.2025 19:25:22,9,NIE,,
j-2025,14,18.11.2025,18.11.2025 12:37:07,149,159,Wielkopolskie,395,Psychiatria dzieci i młodzieży,2025/033978,Rezydencki,87.75,4.41,17.09.2025 20:56:15,9,NIE,,
j-2025,14,18.11.2025,18.11.2025 12:37:07,149,159,Wielkopolskie,396,Radiologia i diagnostyka obrazowa,2025/041552,Rezydencki,90.43,4.53,30.09.2025 23:07:36,13,NIE,,
j-2025,14,18.11.2025,18.11.2025 12:37:07,149,159,Wielkopolskie,397,Radiologia i diagnostyka obrazowa,2025/038867,Rezydencki,89.95,4.45,30.09.2025 14:15:29,13,NIE,,
j-2025,14,18.11.2025,18.11.2025 12:37:07,149,159,Wielkopolskie,398,Radiologia i diagnostyka obrazowa,2025/042274,Rezydencki,89.95,4.23,30.09.2025 17:55:26,13,NIE,,
j-2025,14,18.11.2025,18.11.2025 12:37:07,149,159,Wielkopolskie,399,Radiologia i diagnostyka obrazowa,2025/040856,Rezydencki,89.47,4.09,30.09.2025 12:49:30,13,NIE,,
j-2025,14,18.11.2025,18.11.2025 12:37:07,150,159,Wielkopolskie,400,Radiologia i diagnostyka obrazowa,2025/042348,Rezydencki,89.47,3.95,30.09.2025 15:07:03,13,NIE,,
j-2025,14,18.11.2025,18.11.2025 12:37:07,150,159,Wielkopolskie,401,Radiologia i diagnostyka obrazowa,2025/030796,Rezydencki,89.27,4.46,19.09.2025 07:40:56,13,NIE,,
j-2025,14,18.11.2025,18.11.2025 12:37:07,150,159,Wielkopolskie,402,Radiologia i diagnostyka obrazowa,2025/029554,Rezydencki,89.23,4.00,30.09.2025 22:55:16,13,NIE,,
j-2025,14,18.11.2025,18.11.2025 12:37:07,150,159,Wielkopolskie,403,Radiologia i diagnostyka obrazowa,2025/036834,Rezydencki,89.00,4.32,30.09.2025 10:21:00,13,NIE,,
j-2025,14,18.11.2025,18.11.2025 12:37:07,150,159,Wielkopolskie,404,Radiologia i diagnostyka obrazowa,2025/042425,Rezydencki,88.89,4.65,05.10.2025 21:05:25,13,NIE,,
j-2025,14,18.11.2025,18.11.2025 12:37:07,150,159,Wielkopolskie,405,Radiologia i diagnostyka obrazowa,2025/040714,Rezydencki,88.52,3.15,22.10.2025 17:52:29,13,NIE,,
j-2025,14,18.11.2025,18.11.2025 12:37:07,150,159,Wielkopolskie,406,Radiologia i diagnostyka obrazowa,2025/036745,Rezydencki,88.41,4.28,30.09.2025 17:49:55,13,NIE,,
j-2025,14,18.11.2025,18.11.2025 12:37:07,150,159,Wielkopolskie,407,Radiologia i diagnostyka obrazowa,2025/037632,Rezydencki,88.04,4.12,30.09.2025 22:54:42,13,NIE,,
j-2025,14,18.11.2025,18.11.2025 12:37:07,150,159,Wielkopolskie,408,Radiologia i diagnostyka obrazowa,2025/039229,Rezydencki,87.62,3.59,29.09.2025 23:01:54,13,NIE,,
j-2025,14,18.11.2025,18.11.2025 12:37:07,150,159,Wielkopolskie,409,Radiologia i diagnostyka obrazowa,2025/028823,Pozarezydencki,83.41,4.33,06.10.2025 15:42:51,15,NIE,,
j-2025,14,18.11.2025,18.11.2025 12:37:07,150,159,Wielkopolskie,410,Radiologia i diagnostyka obrazowa,2025/038320,Pozarezydencki,81.74,4.89,16.10.2025 14:42:06,15,NIE,,
j-2025,14,18.11.2025,18.11.2025 12:37:07,150,159,Wielkopolskie,411,Radiologia i diagnostyka obrazowa,2025/038391,Pozarezydencki,81.28,3.64,15.10.2025 09:05:51,15,NIE,,
j-2025,14,18.11.2025,18.11.2025 12:37:07,150,159,Wielkopolskie,412,Radiologia i diagnostyka obrazowa,2025/033966,Pozarezydencki,79.26,3.73,25.09.2025 21:46:42,15,NIE,,
j-2025,14,18.11.2025,18.11.2025 12:37:07,150,159,Wielkopolskie,413,Radiologia i diagnostyka obrazowa,2025/041489,Pozarezydencki,78.94,4.16,09.10.2025 22:18:15,15,NIE,,
j-2025,14,18.11.2025,18.11.2025 12:37:07,150,159,Wielkopolskie,414,Radiologia i diagnostyka obrazowa,2025/043324,Pozarezydencki,77.42,3.62,30.09.2025 23:05:16,15,NIE,,
j-2025,14,18.11.2025,18.11.2025 12:37:07,150,159,Wielkopolskie,415,Radiologia i diagnostyka obrazowa,2025/034560,Pozarezydencki,75.00,3.27,20.09.2025 09:29:50,15,NIE,,
j-2025,14,18.11.2025,18.11.2025 12:37:07,150,159,Wielkopolskie,416,Radiologia i diagnostyka obrazowa,2025/038856,Pozarezydencki,74.89,4.16,10.10.2025 10:31:19,15,NIE,,
j-2025,14,18.11.2025,18.11.2025 12:37:07,150,159,Wielkopolskie,417,Radiologia i diagnostyka obrazowa,2025/042854,Pozarezydencki,74.55,4.87,11.10.2025 12:14:30,15,NIE,,
j-2025,14,18.11.2025,18.11.2025 12:37:07,150,159,Wielkopolskie,418,Radiologia i diagnostyka obrazowa,2025/032005,Pozarezydencki,72.81,3.74,03.10.2025 16:42:01,15,NIE,,
j-2025,14,18.11.2025,18.11.2025 12:37:07,150,159,Wielkopolskie,419,Radiologia i diagnostyka obrazowa,2025/042701,Pozarezydencki,72.60,4.28,30.09.2025 20:21:53,15,NIE,,
j-2025,14,18.11.2025,18.11.2025 12:37:07,150,159,Wielkopolskie,420,Radiologia i diagnostyka obrazowa,2025/041428,Pozarezydencki,70.45,0.00,29.09.2025 22:15:16,15,NIE,,
j-2025,14,18.11.2025,18.11.2025 12:37:07,150,159,Wielkopolskie,421,Radiologia i diagnostyka obrazowa,2025/039362,Pozarezydencki,69.86,4.29,30.09.2025 09:41:47,15,NIE,,
j-2025,14,18.11.2025,18.11.2025 12:37:07,150,159,Wielkopolskie,422,Radiologia i diagnostyka obrazowa,2025/029961,Pozarezydencki,58.26,3.30,19.09.2025 16:23:48,15,NIE,,
j-2025,14,18.11.2025,18.11.2025 12:37:07,150,159,Wielkopolskie,423,Radiologia i diagnostyka obrazowa,2025/029544,Pozarezydencki,52.29,0.00,11.10.2025 23:23:36,15,NIE,,
j-2025,14,18.11.2025,18.11.2025 12:37:07,150,159,Wielkopolskie,424,Radioterapia onkologiczna,2025/039665,Rezydencki,86.47,4.05,28.09.2025 19:50:19,2,NIE,,
j-2025,14,18.11.2025,18.11.2025 12:37:07,150,159,Wielkopolskie,425,Radioterapia onkologiczna,2025/038287,Rezydencki,86.12,3.98,30.09.2025 20:54:12,2,NIE,,
j-2025,14,18.11.2025,18.11.2025 12:37:07,150,159,Wielkopolskie,426,Rehabilitacja medyczna,2025/038904,Rezydencki,82.30,4.00,16.10.2025 00:01:10,3,NIE,,
j-2025,14,18.11.2025,18.11.2025 12:37:07,150,159,Wielkopolskie,427,Rehabilitacja medyczna,2025/031695,Rezydencki,77.51,3.79,30.09.2025 17:20:55,3,NIE,,
j-2025,14,18.11.2025,18.11.2025 12:37:07,150,159,Wielkopolskie,428,Rehabilitacja medyczna,2025/035701,Rezydencki,64.59,0.00,30.09.2025 08:31:52,3,NIE,,
j-2025,14,18.11.2025,18.11.2025 12:37:07,150,159,Wielkopolskie,429,Rehabilitacja medyczna,2025/031536,Pozarezydencki,66.36,3.29,07.10.2025 14:58:55,1,NIE,,
j-2025,14,18.11.2025,18.11.2025 12:37:07,150,159,Wielkopolskie,430,Reumatologia,2025/039935,Rezydencki,90.43,4.61,30.09.2025 15:10:13,5,NIE,,
j-2025,14,18.11.2025,18.11.2025 12:37:07,150,159,Wielkopolskie,431,Reumatologia,2025/033289,Rezydencki,90.34,4.60,24.09.2025 18:07:27,5,NIE,,
j-2025,14,18.11.2025,18.11.2025 12:37:07,150,159,Wielkopolskie,432,Reumatologia,2025/033217,Rezydencki,90.34,4.42,29.09.2025 22:00:27,5,NIE,,
j-2025,14,18.11.2025,18.11.2025 12:37:07,150,159,Wielkopolskie,433,Reumatologia,2025/032661,Rezydencki,90.10,4.68,24.09.2025 20:26:27,5,NIE,,
j-2025,14,18.11.2025,18.11.2025 12:37:07,150,159,Wielkopolskie,434,Reumatologia,2025/038700,Rezydencki,89.76,4.03,30.09.2025 14:30:35,5,NIE,,
j-2025,14,18.11.2025,18.11.2025 12:37:07,150,159,Wielkopolskie,435,Reumatologia,2025/034966,Pozarezydencki,81.74,3.79,30.09.2025 21:29:52,3,NIE,,
j-2025,14,18.11.2025,18.11.2025 12:37:07,151,159,Wielkopolskie,436,Reumatologia,2025/038937,Pozarezydencki,75.45,3.85,27.09.2025 14:53:26,3,NIE,,
j-2025,14,18.11.2025,18.11.2025 12:37:07,151,159,Wielkopolskie,437,Reumatologia,2025/036320,Pozarezydencki,70.91,4.39,30.09.2025 15:24:34,3,NIE,,
j-2025,14,18.11.2025,18.11.2025 12:37:07,151,159,Wielkopolskie,438,Stomatologia dziecięca,2025/033770,Rezydencki,81.90,3.77,17.09.2025 12:01:58,2,NIE,,
j-2025,14,18.11.2025,18.11.2025 12:37:07,151,159,Wielkopolskie,439,Stomatologia dziecięca,2025/028623,Rezydencki,81.58,4.12,03.10.2025 15:24:37,2,NIE,,
j-2025,14,18.11.2025,18.11.2025 12:37:07,151,159,Wielkopolskie,440,Urologia,2025/040910,Rezydencki,90.91,4.03,30.09.2025 14:32:21,10,NIE,,
j-2025,14,18.11.2025,18.11.2025 12:37:07,151,159,Wielkopolskie,441,Urologia,2025/035391,Rezydencki,89.47,4.12,30.09.2025 21:32:23,10,NIE,,
j-2025,14,18.11.2025,18.11.2025 12:37:07,151,159,Wielkopolskie,442,Urologia,2025/029755,Rezydencki,89.37,3.86,20.09.2025 20:38:31,10,NIE,,
j-2025,14,18.11.2025,18.11.2025 12:37:07,151,159,Wielkopolskie,443,Urologia,2025/032254,Rezydencki,89.22,4.51,30.09.2025 22:32:40,10,NIE,,
j-2025,14,18.11.2025,18.11.2025 12:37:07,151,159,Wielkopolskie,444,Urologia,2025/039881,Rezydencki,89.13,4.36,29.09.2025 22:03:02,10,NIE,,
j-2025,14,18.11.2025,18.11.2025 12:37:07,151,159,Wielkopolskie,445,Urologia,2025/038487,Rezydencki,88.52,4.08,30.09.2025 18:13:53,10,NIE,,
j-2025,14,18.11.2025,18.11.2025 12:37:07,151,159,Wielkopolskie,446,Urologia,2025/038762,Rezydencki,88.28,3.89,06.10.2025 11:24:25,10,NIE,,
j-2025,14,18.11.2025,18.11.2025 12:37:07,151,159,Wielkopolskie,447,Urologia,2025/036326,Rezydencki,88.10,4.27,10.10.2025 10:54:59,10,NIE,,
j-2025,14,18.11.2025,18.11.2025 12:37:07,151,159,Wielkopolskie,448,Urologia,2025/034715,Rezydencki,88.04,3.79,27.09.2025 12:25:26,10,NIE,,
j-2025,14,18.11.2025,18.11.2025 12:37:07,151,159,Wielkopolskie,449,Urologia,2025/034990,Rezydencki,88.04,3.67,30.09.2025 14:03:10,10,NIE,,
j-2025,14,18.11.2025,18.11.2025 12:37:07,151,159,Wielkopolskie,450,Urologia,2025/036931,Pozarezydencki,82.49,3.74,24.09.2025 18:46:47,1,NIE,,
j-2025,14,18.11.2025,18.11.2025 12:37:07,151,159,Wielkopolskie,1,Endokrynologia,2025/032500,Rezydencki,91.43,4.35,16.09.2025 19:42:05,2,TAK,UNIWERSYTECKI SZPITAL KLINICZNY W POZNANIU,"Oddział Kliniczny Endokrynologii, Przemiany Materii i Chorób Wewnętrznych"
j-2025,14,18.11.2025,18.11.2025 12:37:07,151,159,Wielkopolskie,2,Endokrynologia,2025/028585,Rezydencki,90.24,3.92,01.09.2025 10:21:23,2,TAK,UNIWERSYTECKI SZPITAL KLINICZNY W POZNANIU,"Oddział Kliniczny Endokrynologii, Przemiany Materii i Chorób Wewnętrznych"
j-2025,14,18.11.2025,18.11.2025 12:37:07,151,159,Wielkopolskie,1,Dermatologia i wenerologia,2025/032732,Rezydencki,91.30,4.35,14.09.2025 13:19:46,3,TAK,UNIWERSYTECKI SZPITAL KLINICZNY W POZNANIU,Oddział Kliniczny Dermatologii
j-2025,14,18.11.2025,18.11.2025 12:37:07,151,159,Wielkopolskie,2,Dermatologia i wenerologia,2025/030105,Rezydencki,87.68,3.93,30.09.2025 10:38:17,3,TAK,UNIWERSYTECKI SZPITAL KLINICZNY W POZNANIU,Oddział Kliniczny Dermatologii
j-2025,14,18.11.2025,18.11.2025 12:37:07,151,159,Wielkopolskie,3,Dermatologia i wenerologia,2025/037099,Rezydencki,82.60,4.05,24.09.2025 21:05:01,3,TAK,UNIWERSYTECKI SZPITAL KLINICZNY W POZNANIU,Oddział Kliniczny Dermatologii
j-2025,14,18.11.2025,18.11.2025 12:37:07,151,159,Wielkopolskie,1,Neurologia,2025/034721,Rezydencki,84.29,4.28,25.09.2025 01:51:47,1,TAK,UNIWERSYTECKI SZPITAL KLINICZNY W POZNANIU,Oddział Kliniczny Neurologii z Pododdziałem Udarowym
j-2025,14,18.11.2025,18.11.2025 12:37:07,151,159,Wielkopolskie,1,Kardiologia,2025/028862,Rezydencki,89.86,4.20,08.10.2025 13:39:37,1,TAK,UNIWERSYTECKI SZPITAL KLINICZNY W POZNANIU,"Oddział Hipertensjologii, Angiologii i Chorób Wewnętrznych"
j-2025,14,18.11.2025,18.11.2025 12:37:07,152,159,Zachodniopomorskie,1,Alergologia,2025/030698,Pozarezydencki,77.95,3.96,21.10.2025 14:40:19,2,NIE,,
j-2025,14,18.11.2025,18.11.2025 12:37:07,152,159,Zachodniopomorskie,2,Alergologia,2025/034526,Pozarezydencki,75.45,3.71,19.09.2025 22:27:09,2,NIE,,
j-2025,14,18.11.2025,18.11.2025 12:37:07,152,159,Zachodniopomorskie,3,Anestezjologia i intensywna terapia,2025/028414,Rezydencki,88.76,4.25,30.09.2025 18:54:35,10,NIE,,
j-2025,14,18.11.2025,18.11.2025 12:37:07,152,159,Zachodniopomorskie,4,Anestezjologia i intensywna terapia,2025/040855,Rezydencki,87.56,4.31,30.09.2025 22:53:41,10,NIE,,
j-2025,14,18.11.2025,18.11.2025 12:37:07,152,159,Zachodniopomorskie,5,Anestezjologia i intensywna terapia,2025/039794,Rezydencki,87.56,3.97,30.09.2025 17:22:06,10,NIE,,
j-2025,14,18.11.2025,18.11.2025 12:37:07,152,159,Zachodniopomorskie,6,Anestezjologia i intensywna terapia,2025/033075,Rezydencki,87.44,4.47,15.09.2025 13:37:24,10,NIE,,
j-2025,14,18.11.2025,18.11.2025 12:37:07,152,159,Zachodniopomorskie,7,Anestezjologia i intensywna terapia,2025/039533,Rezydencki,87.08,4.34,30.09.2025 17:15:45,10,NIE,,
j-2025,14,18.11.2025,18.11.2025 12:37:07,152,159,Zachodniopomorskie,8,Anestezjologia i intensywna terapia,2025/031574,Rezydencki,87.08,4.11,30.09.2025 20:58:05,10,NIE,,
j-2025,14,18.11.2025,18.11.2025 12:37:07,152,159,Zachodniopomorskie,9,Anestezjologia i intensywna terapia,2025/031316,Rezydencki,87.08,4.00,13.10.2025 10:44:44,10,NIE,,
j-2025,14,18.11.2025,18.11.2025 12:37:07,152,159,Zachodniopomorskie,10,Anestezjologia i intensywna terapia,2025/041201,Rezydencki,86.60,4.24,30.09.2025 22:54:43,10,NIE,,
j-2025,14,18.11.2025,18.11.2025 12:37:07,152,159,Zachodniopomorskie,11,Anestezjologia i intensywna terapia,2025/035614,Rezydencki,85.02,4.19,30.09.2025 19:26:51,10,NIE,,
j-2025,14,18.11.2025,18.11.2025 12:37:07,152,159,Zachodniopomorskie,12,Anestezjologia i intensywna terapia,2025/041702,Rezydencki,84.76,3.67,30.09.2025 00:13:05,10,NIE,,
j-2025,14,18.11.2025,18.11.2025 12:37:07,152,159,Zachodniopomorskie,13,Anestezjologia i intensywna terapia,2025/033755,Pozarezydencki,75.91,4.48,17.09.2025 11:20:10,1,NIE,,
j-2025,14,18.11.2025,18.11.2025 12:37:07,152,159,Zachodniopomorskie,14,Chirurgia dziecięca,2025/037115,Rezydencki,90.34,4.27,24.09.2025 21:20:11,2,NIE,,
j-2025,14,18.11.2025,18.11.2025 12:37:07,152,159,Zachodniopomorskie,15,Chirurgia dziecięca,2025/036251,Rezydencki,86.71,3.94,30.09.2025 17:35:41,2,NIE,,
j-2025,14,18.11.2025,18.11.2025 12:37:07,152,159,Zachodniopomorskie,16,Chirurgia naczyniowa,2025/032779,Pozarezydencki,76.89,4.55,21.09.2025 22:40:46,1,NIE,,
j-2025,14,18.11.2025,18.11.2025 12:37:07,152,159,Zachodniopomorskie,17,Chirurgia ogólna,2025/034295,Rezydencki,89.00,4.27,25.10.2025 17:01:23,13,NIE,,
j-2025,14,18.11.2025,18.11.2025 12:37:07,152,159,Zachodniopomorskie,18,Chirurgia ogólna,2025/035687,Rezydencki,87.56,4.10,13.10.2025 19:39:03,13,NIE,,
j-2025,14,18.11.2025,18.11.2025 12:37:07,152,159,Zachodniopomorskie,19,Chirurgia ogólna,2025/038054,Rezydencki,86.23,4.06,28.09.2025 15:12:06,13,NIE,,
j-2025,14,18.11.2025,18.11.2025 12:37:07,152,159,Zachodniopomorskie,20,Chirurgia ogólna,2025/042429,Rezydencki,85.29,4.20,30.09.2025 16:03:44,13,NIE,,
j-2025,14,18.11.2025,18.11.2025 12:37:07,152,159,Zachodniopomorskie,21,Chirurgia ogólna,2025/038850,Rezydencki,83.25,3.83,30.09.2025 21:57:41,13,NIE,,
j-2025,14,18.11.2025,18.11.2025 12:37:07,152,159,Zachodniopomorskie,22,Chirurgia ogólna,2025/033924,Rezydencki,82.30,4.18,30.09.2025 18:31:56,13,NIE,,
j-2025,14,18.11.2025,18.11.2025 12:37:07,152,159,Zachodniopomorskie,23,Chirurgia ogólna,2025/034202,Rezydencki,81.43,3.95,29.09.2025 17:24:39,13,NIE,,
j-2025,14,18.11.2025,18.11.2025 12:37:07,152,159,Zachodniopomorskie,24,Chirurgia ogólna,2025/041392,Rezydencki,80.71,4.24,30.09.2025 19:24:18,13,NIE,,
j-2025,14,18.11.2025,18.11.2025 12:37:07,152,159,Zachodniopomorskie,25,Chirurgia ogólna,2025/037746,Rezydencki,80.00,3.53,30.09.2025 00:28:14,13,NIE,,
j-2025,14,18.11.2025,18.11.2025 12:37:07,152,159,Zachodniopomorskie,26,Chirurgia ogólna,2025/040302,Rezydencki,73.53,3.80,29.09.2025 11:46:05,13,NIE,,
j-2025,14,18.11.2025,18.11.2025 12:37:07,152,159,Zachodniopomorskie,27,Chirurgia ogólna,2025/035636,Rezydencki,73.43,3.85,03.10.2025 09:54:11,13,NIE,,
j-2025,14,18.11.2025,18.11.2025 12:37:07,152,159,Zachodniopomorskie,28,Chirurgia ogólna,2025/042330,Rezydencki,70.33,3.10,24.10.2025 20:00:44,13,NIE,,
j-2025,14,18.11.2025,18.11.2025 12:37:07,152,159,Zachodniopomorskie,29,Chirurgia ogólna,2025/042763,Rezydencki,68.90,4.67,23.10.2025 09:19:07,13,NIE,,
j-2025,14,18.11.2025,18.11.2025 12:37:07,152,159,Zachodniopomorskie,30,Chirurgia onkologiczna,2025/037357,Rezydencki,66.99,0.00,26.09.2025 08:56:08,1,NIE,,
j-2025,14,18.11.2025,18.11.2025 12:37:07,152,159,Zachodniopomorskie,31,Chirurgia plastyczna,2025/034215,Rezydencki,92.75,4.56,08.10.2025 18:24:15,1,NIE,,
j-2025,14,18.11.2025,18.11.2025 12:37:07,152,159,Zachodniopomorskie,32,Chirurgia plastyczna,2025/041647,Pozarezydencki,84.93,4.08,10.10.2025 19:10:32,2,NIE,,
j-2025,14,18.11.2025,18.11.2025 12:37:07,152,159,Zachodniopomorskie,33,Chirurgia plastyczna,2025/042520,Pozarezydencki,84.70,4.20,30.09.2025 22:18:50,2,NIE,,
j-2025,14,18.11.2025,18.11.2025 12:37:07,152,159,Zachodniopomorskie,34,Choroby płuc,2025/034238,Rezydencki,89.71,4.52,28.09.2025 19:19:37,4,NIE,,
j-2025,14,18.11.2025,18.11.2025 12:37:07,152,159,Zachodniopomorskie,35,Choroby płuc,2025/032364,Rezydencki,84.31,4.06,27.09.2025 18:17:38,4,NIE,,
j-2025,14,18.11.2025,18.11.2025 12:37:07,153,159,Zachodniopomorskie,36,Choroby płuc,2025/040401,Rezydencki,70.33,3.27,16.10.2025 10:21:49,4,NIE,,
j-2025,14,18.11.2025,18.11.2025 12:37:07,153,159,Zachodniopomorskie,37,Choroby płuc,2025/037089,Rezydencki,61.24,4.55,30.09.2025 08:16:30,4,NIE,,
j-2025,14,18.11.2025,18.11.2025 12:37:07,153,159,Zachodniopomorskie,38,Choroby płuc dzieci,2025/037463,Pozarezydencki,69.86,3.92,20.10.2025 14:52:11,1,NIE,,
j-2025,14,18.11.2025,18.11.2025 12:37:07,153,159,Zachodniopomorskie,39,Choroby wewnętrzne,2025/034771,Rezydencki,90.34,4.42,21.09.2025 13:20:24,20,NIE,,
j-2025,14,18.11.2025,18.11.2025 12:37:07,153,159,Zachodniopomorskie,40,Choroby wewnętrzne,2025/035331,Rezydencki,88.89,4.34,30.09.2025 23:31:18,20,NIE,,
j-2025,14,18.11.2025,18.11.2025 12:37:07,153,159,Zachodniopomorskie,41,Choroby wewnętrzne,2025/029564,Rezydencki,88.41,4.83,02.09.2025 16:22:37,20,NIE,,
j-2025,14,18.11.2025,18.11.2025 12:37:07,153,159,Zachodniopomorskie,42,Choroby wewnętrzne,2025/038608,Rezydencki,88.41,4.34,31.10.2025 14:04:57,20,NIE,,
j-2025,14,18.11.2025,18.11.2025 12:37:07,153,159,Zachodniopomorskie,43,Choroby wewnętrzne,2025/030375,Rezydencki,87.25,4.29,09.09.2025 17:55:38,20,NIE,,
j-2025,14,18.11.2025,18.11.2025 12:37:07,153,159,Zachodniopomorskie,44,Choroby wewnętrzne,2025/038847,Rezydencki,87.14,4.47,28.09.2025 09:54:26,20,NIE,,
j-2025,14,18.11.2025,18.11.2025 12:37:07,153,159,Zachodniopomorskie,45,Choroby wewnętrzne,2025/037510,Rezydencki,87.14,4.12,25.09.2025 12:53:04,20,NIE,,
j-2025,14,18.11.2025,18.11.2025 12:37:07,153,159,Zachodniopomorskie,46,Choroby wewnętrzne,2025/041386,Rezydencki,86.96,4.41,29.09.2025 21:57:43,20,NIE,,
j-2025,14,18.11.2025,18.11.2025 12:37:07,153,159,Zachodniopomorskie,47,Choroby wewnętrzne,2025/037005,Rezydencki,86.67,3.97,27.09.2025 19:30:41,20,NIE,,
j-2025,14,18.11.2025,18.11.2025 12:37:07,153,159,Zachodniopomorskie,48,Choroby wewnętrzne,2025/029856,Rezydencki,86.12,4.24,30.09.2025 14:08:31,20,NIE,,
j-2025,14,18.11.2025,18.11.2025 12:37:07,153,159,Zachodniopomorskie,49,Choroby wewnętrzne,2025/041499,Rezydencki,84.69,3.57,27.10.2025 11:23:58,20,NIE,,
j-2025,14,18.11.2025,18.11.2025 12:37:07,153,159,Zachodniopomorskie,50,Choroby wewnętrzne,2025/030275,Rezydencki,82.61,4.23,04.09.2025 14:10:45,20,NIE,,
j-2025,14,18.11.2025,18.11.2025 12:37:07,153,159,Zachodniopomorskie,51,Choroby wewnętrzne,2025/033307,Rezydencki,82.38,4.23,30.09.2025 00:36:44,20,NIE,,
j-2025,14,18.11.2025,18.11.2025 12:37:07,153,159,Zachodniopomorskie,52,Choroby wewnętrzne,2025/037882,Rezydencki,81.82,3.99,25.10.2025 15:36:10,20,NIE,,
j-2025,14,18.11.2025,18.11.2025 12:37:07,153,159,Zachodniopomorskie,53,Choroby wewnętrzne,2025/032669,Rezydencki,81.64,3.45,14.09.2025 22:11:54,20,NIE,,
j-2025,14,18.11.2025,18.11.2025 12:37:07,153,159,Zachodniopomorskie,54,Choroby wewnętrzne,2025/043280,Rezydencki,76.70,0.00,30.09.2025 22:48:42,20,NIE,,
j-2025,14,18.11.2025,18.11.2025 12:37:07,153,159,Zachodniopomorskie,55,Choroby wewnętrzne,2025/033264,Rezydencki,76.19,4.07,25.10.2025 22:47:35,20,NIE,,
j-2025,14,18.11.2025,18.11.2025 12:37:07,153,159,Zachodniopomorskie,56,Choroby wewnętrzne,2025/036829,Rezydencki,75.12,4.19,20.10.2025 14:53:12,20,NIE,,
j-2025,14,18.11.2025,18.11.2025 12:37:07,153,159,Zachodniopomorskie,57,Choroby wewnętrzne,2025/038101,Rezydencki,74.16,3.93,23.10.2025 13:08:38,20,NIE,,
j-2025,14,18.11.2025,18.11.2025 12:37:07,153,159,Zachodniopomorskie,58,Choroby wewnętrzne,2025/034397,Rezydencki,69.52,3.88,30.09.2025 08:29:58,20,NIE,,
j-2025,14,18.11.2025,18.11.2025 12:37:07,153,159,Zachodniopomorskie,59,Choroby wewnętrzne,2025/042698,Pozarezydencki,84.55,3.73,30.09.2025 18:49:01,5,NIE,,
j-2025,14,18.11.2025,18.11.2025 12:37:07,153,159,Zachodniopomorskie,60,Choroby wewnętrzne,2025/040786,Pozarezydencki,80.00,4.86,29.09.2025 17:34:14,5,NIE,,
j-2025,14,18.11.2025,18.11.2025 12:37:07,153,159,Zachodniopomorskie,61,Choroby wewnętrzne,2025/028503,Pozarezydencki,70.91,3.94,28.10.2025 11:17:47,5,NIE,,
j-2025,14,18.11.2025,18.11.2025 12:37:07,153,159,Zachodniopomorskie,62,Choroby wewnętrzne,2025/030392,Pozarezydencki,66.36,4.05,04.09.2025 20:10:37,5,NIE,,
j-2025,14,18.11.2025,18.11.2025 12:37:07,153,159,Zachodniopomorskie,63,Choroby wewnętrzne,2025/030399,Pozarezydencki,65.91,3.46,04.09.2025 20:28:14,5,NIE,,
j-2025,14,18.11.2025,18.11.2025 12:37:07,153,159,Zachodniopomorskie,64,Choroby zakaźne,2025/032609,Rezydencki,84.21,4.09,30.09.2025 17:56:04,4,NIE,,
j-2025,14,18.11.2025,18.11.2025 12:37:07,153,159,Zachodniopomorskie,65,Choroby zakaźne,2025/032225,Rezydencki,83.73,4.73,27.10.2025 20:21:17,4,NIE,,
j-2025,14,18.11.2025,18.11.2025 12:37:07,153,159,Zachodniopomorskie,66,Choroby zakaźne,2025/029609,Rezydencki,75.61,4.00,24.10.2025 21:58:19,4,NIE,,
j-2025,14,18.11.2025,18.11.2025 12:37:07,153,159,Zachodniopomorskie,67,Choroby zakaźne,2025/042323,Rezydencki,70.81,4.17,30.09.2025 15:14:01,4,NIE,,
j-2025,14,18.11.2025,18.11.2025 12:37:07,153,159,Zachodniopomorskie,68,Dermatologia i wenerologia,2025/028409,Rezydencki,92.38,3.74,30.09.2025 23:44:08,1,NIE,,
j-2025,14,18.11.2025,18.11.2025 12:37:07,153,159,Zachodniopomorskie,69,Dermatologia i wenerologia,2025/041161,Pozarezydencki,88.94,4.53,27.10.2025 20:32:13,3,NIE,,
j-2025,14,18.11.2025,18.11.2025 12:37:07,153,159,Zachodniopomorskie,70,Dermatologia i wenerologia,2025/037883,Pozarezydencki,86.30,4.03,24.10.2025 10:19:49,3,NIE,,
j-2025,14,18.11.2025,18.11.2025 12:37:07,154,159,Zachodniopomorskie,71,Dermatologia i wenerologia,2025/041505,Pozarezydencki,86.07,4.03,30.09.2025 23:44:00,3,NIE,,
j-2025,14,18.11.2025,18.11.2025 12:37:07,154,159,Zachodniopomorskie,72,Diabetologia,2025/038127,Rezydencki,86.84,3.70,30.09.2025 01:15:26,1,NIE,,
j-2025,14,18.11.2025,18.11.2025 12:37:07,154,159,Zachodniopomorskie,73,Diabetologia,2025/030429,Pozarezydencki,73.61,3.65,26.10.2025 22:12:00,4,NIE,,
j-2025,14,18.11.2025,18.11.2025 12:37:07,154,159,Zachodniopomorskie,74,Diabetologia,2025/041298,Pozarezydencki,71.96,4.02,29.09.2025 21:22:51,4,NIE,,
j-2025,14,18.11.2025,18.11.2025 12:37:07,154,159,Zachodniopomorskie,75,Diabetologia,2025/041483,Pozarezydencki,71.92,3.68,30.09.2025 17:59:29,4,NIE,,
j-2025,14,18.11.2025,18.11.2025 12:37:07,154,159,Zachodniopomorskie,76,Diabetologia,2025/031408,Pozarezydencki,70.91,3.76,11.10.2025 15:48:39,4,NIE,,
j-2025,14,18.11.2025,18.11.2025 12:37:07,154,159,Zachodniopomorskie,77,Endokrynologia,2025/032572,Rezydencki,93.30,4.71,30.09.2025 09:34:17,3,NIE,,
j-2025,14,18.11.2025,18.11.2025 12:37:07,154,159,Zachodniopomorskie,78,Endokrynologia,2025/037913,Rezydencki,92.34,4.42,30.09.2025 14:00:02,3,NIE,,
j-2025,14,18.11.2025,18.11.2025 12:37:07,154,159,Zachodniopomorskie,79,Endokrynologia,2025/037727,Rezydencki,92.34,4.38,14.10.2025 14:19:15,3,NIE,,
j-2025,14,18.11.2025,18.11.2025 12:37:07,154,159,Zachodniopomorskie,80,Endokrynologia,2025/039417,Pozarezydencki,89.09,4.26,28.09.2025 15:26:26,2,NIE,,
j-2025,14,18.11.2025,18.11.2025 12:37:07,154,159,Zachodniopomorskie,81,Endokrynologia,2025/031105,Pozarezydencki,82.95,4.51,08.09.2025 09:54:22,2,NIE,,
j-2025,14,18.11.2025,18.11.2025 12:37:07,154,159,Zachodniopomorskie,82,Endokrynologia ginekologiczna i rozrodczość,2025/034363,Pozarezydencki,80.00,4.15,30.09.2025 11:15:36,3,NIE,,
j-2025,14,18.11.2025,18.11.2025 12:37:07,154,159,Zachodniopomorskie,83,Endokrynologia ginekologiczna i rozrodczość,2025/041626,Pozarezydencki,80.00,3.85,30.09.2025 19:53:20,3,NIE,,
j-2025,14,18.11.2025,18.11.2025 12:37:07,154,159,Zachodniopomorskie,84,Endokrynologia ginekologiczna i rozrodczość,2025/042774,Pozarezydencki,80.00,3.05,24.10.2025 10:03:34,3,NIE,,
j-2025,14,18.11.2025,18.11.2025 12:37:07,154,159,Zachodniopomorskie,85,Farmakologia kliniczna,2025/041793,Rezydencki,68.81,3.48,30.09.2025 16:04:36,1,NIE,,
j-2025,14,18.11.2025,18.11.2025 12:37:07,154,159,Zachodniopomorskie,86,Gastroenterologia,2025/033655,Rezydencki,90.91,4.19,30.09.2025 16:25:31,3,NIE,,
j-2025,14,18.11.2025,18.11.2025 12:37:07,154,159,Zachodniopomorskie,87,Gastroenterologia,2025/038565,Rezydencki,90.43,4.53,20.10.2025 15:13:09,3,NIE,,
j-2025,14,18.11.2025,18.11.2025 12:37:07,154,159,Zachodniopomorskie,88,Gastroenterologia,2025/031570,Rezydencki,90.43,3.91,13.10.2025 11:45:31,3,NIE,,
j-2025,14,18.11.2025,18.11.2025 12:37:07,154,159,Zachodniopomorskie,89,Gastroenterologia,2025/040027,Pozarezydencki,80.14,4.34,21.10.2025 08:47:58,3,NIE,,
j-2025,14,18.11.2025,18.11.2025 12:37:07,154,159,Zachodniopomorskie,90,Gastroenterologia,2025/033965,Pozarezydencki,80.00,4.34,24.10.2025 12:49:58,3,NIE,,
j-2025,14,18.11.2025,18.11.2025 12:37:07,154,159,Zachodniopomorskie,91,Gastroenterologia,2025/039101,Pozarezydencki,77.27,3.66,27.09.2025 21:14:16,3,NIE,,
j-2025,14,18.11.2025,18.11.2025 12:37:07,154,159,Zachodniopomorskie,92,Gastroenterologia dziecięca,2025/039429,Rezydencki,89.52,4.38,30.09.2025 20:48:11,1,NIE,,
j-2025,14,18.11.2025,18.11.2025 12:37:07,154,159,Zachodniopomorskie,93,Gastroenterologia dziecięca,2025/032600,Pozarezydencki,56.88,3.24,28.10.2025 17:36:37,1,NIE,,
j-2025,14,18.11.2025,18.11.2025 12:37:07,154,159,Zachodniopomorskie,94,Genetyka kliniczna,2025/032483,Rezydencki,81.64,3.97,23.09.2025 11:17:18,1,NIE,,
j-2025,14,18.11.2025,18.11.2025 12:37:07,154,159,Zachodniopomorskie,95,Genetyka kliniczna,2025/031154,Pozarezydencki,70.91,3.35,15.10.2025 11:48:58,1,NIE,,
j-2025,14,18.11.2025,18.11.2025 12:37:07,154,159,Zachodniopomorskie,96,Geriatria,2025/036615,Pozarezydencki,58.18,0.00,24.09.2025 13:20:14,1,NIE,,
j-2025,14,18.11.2025,18.11.2025 12:37:07,154,159,Zachodniopomorskie,97,Ginekologia onkologiczna,2025/037184,Pozarezydencki,80.68,3.78,21.10.2025 22:51:27,4,NIE,,
j-2025,14,18.11.2025,18.11.2025 12:37:07,154,159,Zachodniopomorskie,98,Ginekologia onkologiczna,2025/041432,Pozarezydencki,73.83,4.28,21.10.2025 22:58:51,4,NIE,,
j-2025,14,18.11.2025,18.11.2025 12:37:07,154,159,Zachodniopomorskie,99,Ginekologia onkologiczna,2025/037663,Pozarezydencki,70.83,3.78,28.10.2025 21:06:58,4,NIE,,
j-2025,14,18.11.2025,18.11.2025 12:37:07,154,159,Zachodniopomorskie,100,Ginekologia onkologiczna,2025/038082,Pozarezydencki,60.45,3.17,27.10.2025 19:31:47,4,NIE,,
j-2025,14,18.11.2025,18.11.2025 12:37:07,154,159,Zachodniopomorskie,101,Hematologia,2025/028753,Rezydencki,90.82,4.88,24.09.2025 18:25:56,3,NIE,,
j-2025,14,18.11.2025,18.11.2025 12:37:07,154,159,Zachodniopomorskie,102,Hematologia,2025/038870,Rezydencki,84.45,4.16,13.10.2025 10:13:47,3,NIE,,
j-2025,14,18.11.2025,18.11.2025 12:37:07,154,159,Zachodniopomorskie,103,Hematologia,2025/031535,Rezydencki,81.88,4.23,30.09.2025 09:41:51,3,NIE,,
j-2025,14,18.11.2025,18.11.2025 12:37:07,154,159,Zachodniopomorskie,104,Immunologia kliniczna,2025/029829,Pozarezydencki,75.64,0.00,23.10.2025 12:31:34,1,NIE,,
j-2025,14,18.11.2025,18.11.2025 12:37:07,154,159,Zachodniopomorskie,105,Kardiologia,2025/028689,Rezydencki,88.89,4.53,16.09.2025 19:54:00,4,NIE,,
j-2025,14,18.11.2025,18.11.2025 12:37:07,155,159,Zachodniopomorskie,106,Kardiologia,2025/039399,Rezydencki,88.10,4.58,29.09.2025 23:29:18,4,NIE,,
j-2025,14,18.11.2025,18.11.2025 12:37:07,155,159,Zachodniopomorskie,107,Kardiologia,2025/039849,Rezydencki,88.04,4.02,07.10.2025 22:49:33,4,NIE,,
j-2025,14,18.11.2025,18.11.2025 12:37:07,155,159,Zachodniopomorskie,108,Kardiologia,2025/036021,Rezydencki,87.08,4.19,30.09.2025 22:59:47,4,NIE,,
j-2025,14,18.11.2025,18.11.2025 12:37:07,155,159,Zachodniopomorskie,109,Kardiologia,2025/034959,Pozarezydencki,81.82,4.17,20.10.2025 11:19:24,2,NIE,,
j-2025,14,18.11.2025,18.11.2025 12:37:07,155,159,Zachodniopomorskie,110,Kardiologia,2025/043159,Pozarezydencki,52.73,0.00,30.10.2025 11:36:50,2,NIE,,
j-2025,14,18.11.2025,18.11.2025 12:37:07,155,159,Zachodniopomorskie,111,Medycyna nuklearna,2025/040060,Rezydencki,65.24,3.83,30.09.2025 19:16:19,1,NIE,,
j-2025,14,18.11.2025,18.11.2025 12:37:07,155,159,Zachodniopomorskie,112,Medycyna paliatywna,2025/040215,Pozarezydencki,84.55,3.95,20.10.2025 13:26:10,4,NIE,,
j-2025,14,18.11.2025,18.11.2025 12:37:07,155,159,Zachodniopomorskie,113,Medycyna paliatywna,2025/035590,Pozarezydencki,70.91,3.69,24.10.2025 15:16:35,4,NIE,,
j-2025,14,18.11.2025,18.11.2025 12:37:07,155,159,Zachodniopomorskie,114,Medycyna paliatywna,2025/041909,Pozarezydencki,61.82,0.00,31.10.2025 12:29:48,4,NIE,,
j-2025,14,18.11.2025,18.11.2025 12:37:07,155,159,Zachodniopomorskie,115,Medycyna paliatywna,2025/039594,Pozarezydencki,51.61,0.00,28.09.2025 18:40:41,4,NIE,,
j-2025,14,18.11.2025,18.11.2025 12:37:07,155,159,Zachodniopomorskie,116,Medycyna pracy,2025/042719,Rezydencki,82.84,0.00,24.10.2025 14:21:26,1,NIE,,
j-2025,14,18.11.2025,18.11.2025 12:37:07,155,159,Zachodniopomorskie,117,Medycyna pracy,2025/029600,Pozarezydencki,65.60,4.16,29.10.2025 11:31:49,1,NIE,,
j-2025,14,18.11.2025,18.11.2025 12:37:07,155,159,Zachodniopomorskie,118,Medycyna ratunkowa,2025/035410,Rezydencki,77.99,3.38,29.10.2025 23:04:18,1,NIE,,
j-2025,14,18.11.2025,18.11.2025 12:37:07,155,159,Zachodniopomorskie,119,Medycyna ratunkowa,2025/038839,Pozarezydencki,47.03,0.00,29.10.2025 09:29:50,1,NIE,,
j-2025,14,18.11.2025,18.11.2025 12:37:07,155,159,Zachodniopomorskie,120,Medycyna rodzinna,2025/040487,Rezydencki,89.95,4.58,30.09.2025 16:26:51,29,NIE,,
j-2025,14,18.11.2025,18.11.2025 12:37:07,155,159,Zachodniopomorskie,121,Medycyna rodzinna,2025/037695,Rezydencki,88.52,4.41,30.09.2025 20:09:05,29,NIE,,
j-2025,14,18.11.2025,18.11.2025 12:37:07,155,159,Zachodniopomorskie,122,Medycyna rodzinna,2025/031680,Rezydencki,88.29,4.40,09.09.2025 19:31:22,29,NIE,,
j-2025,14,18.11.2025,18.11.2025 12:37:07,155,159,Zachodniopomorskie,123,Medycyna rodzinna,2025/042292,Rezydencki,88.10,4.55,30.09.2025 14:26:15,29,NIE,,
j-2025,14,18.11.2025,18.11.2025 12:37:07,155,159,Zachodniopomorskie,124,Medycyna rodzinna,2025/034374,Rezydencki,88.04,4.10,30.09.2025 18:41:03,29,NIE,,
j-2025,14,18.11.2025,18.11.2025 12:37:07,155,159,Zachodniopomorskie,125,Medycyna rodzinna,2025/038777,Rezydencki,87.44,4.47,27.09.2025 07:47:45,29,NIE,,
j-2025,14,18.11.2025,18.11.2025 12:37:07,155,159,Zachodniopomorskie,126,Medycyna rodzinna,2025/035292,Rezydencki,85.99,4.75,30.09.2025 09:18:31,29,NIE,,
j-2025,14,18.11.2025,18.11.2025 12:37:07,155,159,Zachodniopomorskie,127,Medycyna rodzinna,2025/039830,Rezydencki,85.37,3.76,28.09.2025 21:29:20,29,NIE,,
j-2025,14,18.11.2025,18.11.2025 12:37:07,155,159,Zachodniopomorskie,128,Medycyna rodzinna,2025/038149,Rezydencki,83.25,4.28,30.09.2025 10:53:27,29,NIE,,
j-2025,14,18.11.2025,18.11.2025 12:37:07,155,159,Zachodniopomorskie,129,Medycyna rodzinna,2025/041390,Rezydencki,82.61,0.00,20.10.2025 20:39:12,29,NIE,,
j-2025,14,18.11.2025,18.11.2025 12:37:07,155,159,Zachodniopomorskie,130,Medycyna rodzinna,2025/029630,Rezydencki,82.38,4.19,23.10.2025 10:45:10,29,NIE,,
j-2025,14,18.11.2025,18.11.2025 12:37:07,155,159,Zachodniopomorskie,131,Medycyna rodzinna,2025/043008,Rezydencki,82.13,4.46,23.10.2025 21:26:27,29,NIE,,
j-2025,14,18.11.2025,18.11.2025 12:37:07,155,159,Zachodniopomorskie,132,Medycyna rodzinna,2025/035535,Rezydencki,82.13,4.13,28.09.2025 22:25:17,29,NIE,,
j-2025,14,18.11.2025,18.11.2025 12:37:07,155,159,Zachodniopomorskie,133,Medycyna rodzinna,2025/040602,Rezydencki,80.86,3.81,30.09.2025 19:30:50,29,NIE,,
j-2025,14,18.11.2025,18.11.2025 12:37:07,155,159,Zachodniopomorskie,134,Medycyna rodzinna,2025/034900,Rezydencki,80.73,3.56,26.09.2025 23:02:03,29,NIE,,
j-2025,14,18.11.2025,18.11.2025 12:37:07,155,159,Zachodniopomorskie,135,Medycyna rodzinna,2025/037752,Rezydencki,80.64,3.67,29.09.2025 19:03:22,29,NIE,,
j-2025,14,18.11.2025,18.11.2025 12:37:07,155,159,Zachodniopomorskie,136,Medycyna rodzinna,2025/029680,Rezydencki,79.05,4.14,24.09.2025 17:20:43,29,NIE,,
j-2025,14,18.11.2025,18.11.2025 12:37:07,155,159,Zachodniopomorskie,137,Medycyna rodzinna,2025/037275,Rezydencki,78.92,3.86,25.09.2025 01:08:42,29,NIE,,
j-2025,14,18.11.2025,18.11.2025 12:37:07,155,159,Zachodniopomorskie,138,Medycyna rodzinna,2025/030400,Rezydencki,77.29,4.33,29.09.2025 17:00:39,29,NIE,,
j-2025,14,18.11.2025,18.11.2025 12:37:07,155,159,Zachodniopomorskie,139,Medycyna rodzinna,2025/041079,Rezydencki,77.03,4.00,30.09.2025 18:22:13,29,NIE,,
j-2025,14,18.11.2025,18.11.2025 12:37:07,155,159,Zachodniopomorskie,140,Medycyna rodzinna,2025/038076,Rezydencki,76.81,4.24,25.09.2025 22:37:25,29,NIE,,
j-2025,14,18.11.2025,18.11.2025 12:37:07,156,159,Zachodniopomorskie,141,Medycyna rodzinna,2025/042481,Rezydencki,76.81,3.61,30.09.2025 21:49:27,29,NIE,,
j-2025,14,18.11.2025,18.11.2025 12:37:07,156,159,Zachodniopomorskie,142,Medycyna rodzinna,2025/038222,Rezydencki,76.57,3.44,21.10.2025 11:23:31,29,NIE,,
j-2025,14,18.11.2025,18.11.2025 12:37:07,156,159,Zachodniopomorskie,143,Medycyna rodzinna,2025/034622,Rezydencki,72.73,4.15,30.09.2025 11:08:59,29,NIE,,
j-2025,14,18.11.2025,18.11.2025 12:37:07,156,159,Zachodniopomorskie,144,Medycyna rodzinna,2025/034357,Rezydencki,70.00,3.93,23.10.2025 08:32:54,29,NIE,,
j-2025,14,18.11.2025,18.11.2025 12:37:07,156,159,Zachodniopomorskie,145,Medycyna rodzinna,2025/042901,Rezydencki,68.42,3.41,30.09.2025 21:02:34,29,NIE,,
j-2025,14,18.11.2025,18.11.2025 12:37:07,156,159,Zachodniopomorskie,146,Medycyna rodzinna,2025/037225,Rezydencki,66.51,4.02,30.09.2025 07:54:17,29,NIE,,
j-2025,14,18.11.2025,18.11.2025 12:37:07,156,159,Zachodniopomorskie,147,Medycyna rodzinna,2025/041286,Rezydencki,65.85,3.53,21.10.2025 14:44:44,29,NIE,,
j-2025,14,18.11.2025,18.11.2025 12:37:07,156,159,Zachodniopomorskie,148,Medycyna rodzinna,2025/042066,Rezydencki,65.07,3.44,30.09.2025 12:05:16,29,NIE,,
j-2025,14,18.11.2025,18.11.2025 12:37:07,156,159,Zachodniopomorskie,149,Medycyna rodzinna,2025/042234,Pozarezydencki,81.11,3.98,17.10.2025 16:42:57,5,NIE,,
j-2025,14,18.11.2025,18.11.2025 12:37:07,156,159,Zachodniopomorskie,150,Medycyna rodzinna,2025/031412,Pozarezydencki,76.91,3.39,25.10.2025 21:44:26,5,NIE,,
j-2025,14,18.11.2025,18.11.2025 12:37:07,156,159,Zachodniopomorskie,151,Medycyna rodzinna,2025/030046,Pozarezydencki,65.97,3.86,20.10.2025 18:40:30,5,NIE,,
j-2025,14,18.11.2025,18.11.2025 12:37:07,156,159,Zachodniopomorskie,152,Medycyna rodzinna,2025/036406,Pozarezydencki,62.67,3.62,25.10.2025 16:43:40,5,NIE,,
j-2025,14,18.11.2025,18.11.2025 12:37:07,156,159,Zachodniopomorskie,153,Medycyna rodzinna,2025/033413,Pozarezydencki,59.72,0.00,16.09.2025 12:45:41,5,NIE,,
j-2025,14,18.11.2025,18.11.2025 12:37:07,156,159,Zachodniopomorskie,154,Nefrologia,2025/030457,Rezydencki,82.13,4.05,27.09.2025 21:02:08,1,NIE,,
j-2025,14,18.11.2025,18.11.2025 12:37:07,156,159,Zachodniopomorskie,155,Neonatologia,2025/032320,Rezydencki,89.61,4.72,11.09.2025 23:26:28,1,NIE,,
j-2025,14,18.11.2025,18.11.2025 12:37:07,156,159,Zachodniopomorskie,156,Neurochirurgia,2025/043238,Rezydencki,90.93,4.27,30.09.2025 22:48:57,2,NIE,,
j-2025,14,18.11.2025,18.11.2025 12:37:07,156,159,Zachodniopomorskie,157,Neurochirurgia,2025/036878,Rezydencki,89.00,3.25,30.09.2025 11:01:57,2,NIE,,
j-2025,14,18.11.2025,18.11.2025 12:37:07,156,159,Zachodniopomorskie,158,Neurologia,2025/038370,Rezydencki,84.69,3.62,30.09.2025 18:35:23,6,NIE,,
j-2025,14,18.11.2025,18.11.2025 12:37:07,156,159,Zachodniopomorskie,159,Neurologia,2025/028644,Rezydencki,84.06,4.08,16.09.2025 18:28:40,6,NIE,,
j-2025,14,18.11.2025,18.11.2025 12:37:07,156,159,Zachodniopomorskie,160,Neurologia,2025/039252,Rezydencki,83.82,4.43,30.09.2025 16:46:49,6,NIE,,
j-2025,14,18.11.2025,18.11.2025 12:37:07,156,159,Zachodniopomorskie,161,Neurologia,2025/031684,Rezydencki,72.06,3.91,17.09.2025 21:01:59,6,NIE,,
j-2025,14,18.11.2025,18.11.2025 12:37:07,156,159,Zachodniopomorskie,162,Neurologia,2025/035628,Rezydencki,71.53,3.80,30.09.2025 20:06:15,6,NIE,,
j-2025,14,18.11.2025,18.11.2025 12:37:07,156,159,Zachodniopomorskie,163,Neurologia,2025/031539,Rezydencki,70.95,4.52,25.09.2025 08:22:30,6,NIE,,
j-2025,14,18.11.2025,18.11.2025 12:37:07,156,159,Zachodniopomorskie,164,Neurologia dziecięca,2025/041594,Rezydencki,86.12,3.84,30.09.2025 19:41:00,1,NIE,,
j-2025,14,18.11.2025,18.11.2025 12:37:07,156,159,Zachodniopomorskie,165,Okulistyka,2025/029911,Rezydencki,89.13,3.92,30.09.2025 10:17:26,1,NIE,,
j-2025,14,18.11.2025,18.11.2025 12:37:07,156,159,Zachodniopomorskie,166,Okulistyka,2025/039129,Pozarezydencki,84.10,4.27,29.09.2025 11:43:52,9,NIE,,
j-2025,14,18.11.2025,18.11.2025 12:37:07,156,159,Zachodniopomorskie,167,Okulistyka,2025/039675,Pozarezydencki,79.22,4.00,08.10.2025 23:53:24,9,NIE,,
j-2025,14,18.11.2025,18.11.2025 12:37:07,156,159,Zachodniopomorskie,168,Okulistyka,2025/041326,Pozarezydencki,78.60,3.99,30.09.2025 23:01:06,9,NIE,,
j-2025,14,18.11.2025,18.11.2025 12:37:07,156,159,Zachodniopomorskie,169,Okulistyka,2025/041473,Pozarezydencki,76.36,0.00,30.09.2025 21:53:44,9,NIE,,
j-2025,14,18.11.2025,18.11.2025 12:37:07,156,159,Zachodniopomorskie,170,Okulistyka,2025/041407,Pozarezydencki,76.27,3.58,30.09.2025 16:54:19,9,NIE,,
j-2025,14,18.11.2025,18.11.2025 12:37:07,156,159,Zachodniopomorskie,171,Okulistyka,2025/039950,Pozarezydencki,75.00,4.40,29.09.2025 19:21:22,9,NIE,,
j-2025,14,18.11.2025,18.11.2025 12:37:07,156,159,Zachodniopomorskie,172,Okulistyka,2025/041343,Pozarezydencki,74.89,3.89,30.09.2025 23:14:12,9,NIE,,
j-2025,14,18.11.2025,18.11.2025 12:37:07,156,159,Zachodniopomorskie,173,Okulistyka,2025/039981,Pozarezydencki,73.26,3.74,22.10.2025 11:54:27,9,NIE,,
j-2025,14,18.11.2025,18.11.2025 12:37:07,156,159,Zachodniopomorskie,174,Okulistyka,2025/030333,Pozarezydencki,72.27,3.61,13.10.2025 14:24:30,9,NIE,,
j-2025,14,18.11.2025,18.11.2025 12:37:07,156,159,Zachodniopomorskie,175,Onkologia i hematologia dziecięca,2025/034134,Rezydencki,79.23,4.13,29.09.2025 16:48:45,1,NIE,,
j-2025,14,18.11.2025,18.11.2025 12:37:07,157,159,Zachodniopomorskie,176,Onkologia kliniczna,2025/031393,Pozarezydencki,74.95,0.00,19.10.2025 20:03:48,1,NIE,,
j-2025,14,18.11.2025,18.11.2025 12:37:07,157,159,Zachodniopomorskie,177,Ortodoncja,2025/031696,Rezydencki,91.59,4.43,13.10.2025 12:17:25,3,NIE,,
j-2025,14,18.11.2025,18.11.2025 12:37:07,157,159,Zachodniopomorskie,178,Ortodoncja,2025/029179,Rezydencki,88.10,4.40,24.10.2025 10:41:54,3,NIE,,
j-2025,14,18.11.2025,18.11.2025 12:37:07,157,159,Zachodniopomorskie,179,Ortodoncja,2025/030112,Rezydencki,87.86,4.68,04.09.2025 07:58:18,3,NIE,,
j-2025,14,18.11.2025,18.11.2025 12:37:07,157,159,Zachodniopomorskie,180,Ortopedia i traumatologia narządu ruchu,2025/040498,Rezydencki,84.06,4.11,29.09.2025 13:53:51,2,NIE,,
j-2025,14,18.11.2025,18.11.2025 12:37:07,157,159,Zachodniopomorskie,181,Ortopedia i traumatologia narządu ruchu,2025/042053,Rezydencki,83.73,4.15,18.10.2025 19:03:43,2,NIE,,
j-2025,14,18.11.2025,18.11.2025 12:37:07,157,159,Zachodniopomorskie,182,Pediatria,2025/034582,Rezydencki,89.86,4.52,20.09.2025 12:31:24,15,NIE,,
j-2025,14,18.11.2025,18.11.2025 12:37:07,157,159,Zachodniopomorskie,183,Pediatria,2025/038437,Rezydencki,88.41,4.13,26.09.2025 16:11:58,15,NIE,,
j-2025,14,18.11.2025,18.11.2025 12:37:07,157,159,Zachodniopomorskie,184,Pediatria,2025/031936,Rezydencki,86.12,3.30,30.09.2025 20:40:37,15,NIE,,
j-2025,14,18.11.2025,18.11.2025 12:37:07,157,159,Zachodniopomorskie,185,Pediatria,2025/031246,Rezydencki,85.99,4.72,30.09.2025 17:30:30,15,NIE,,
j-2025,14,18.11.2025,18.11.2025 12:37:07,157,159,Zachodniopomorskie,186,Pediatria,2025/032691,Rezydencki,85.75,4.44,14.09.2025 10:22:11,15,NIE,,
j-2025,14,18.11.2025,18.11.2025 12:37:07,157,159,Zachodniopomorskie,187,Pediatria,2025/031117,Rezydencki,85.51,4.23,30.09.2025 20:52:08,15,NIE,,
j-2025,14,18.11.2025,18.11.2025 12:37:07,157,159,Zachodniopomorskie,188,Pediatria,2025/033270,Rezydencki,85.00,4.18,19.09.2025 14:51:11,15,NIE,,
j-2025,14,18.11.2025,18.11.2025 12:37:07,157,159,Zachodniopomorskie,189,Pediatria,2025/029987,Rezydencki,84.93,4.17,30.09.2025 20:46:23,15,NIE,,
j-2025,14,18.11.2025,18.11.2025 12:37:07,157,159,Zachodniopomorskie,190,Pediatria,2025/036616,Rezydencki,84.29,3.96,27.09.2025 10:24:39,15,NIE,,
j-2025,14,18.11.2025,18.11.2025 12:37:07,157,159,Zachodniopomorskie,191,Pediatria,2025/030210,Rezydencki,84.06,4.15,30.09.2025 23:21:13,15,NIE,,
j-2025,14,18.11.2025,18.11.2025 12:37:07,157,159,Zachodniopomorskie,192,Pediatria,2025/033146,Rezydencki,82.38,4.56,15.09.2025 15:59:02,15,NIE,,
j-2025,14,18.11.2025,18.11.2025 12:37:07,157,159,Zachodniopomorskie,193,Pediatria,2025/036121,Rezydencki,81.43,4.24,23.09.2025 17:13:03,15,NIE,,
j-2025,14,18.11.2025,18.11.2025 12:37:07,157,159,Zachodniopomorskie,194,Pediatria,2025/037565,Rezydencki,78.95,4.21,30.10.2025 10:51:31,15,NIE,,
j-2025,14,18.11.2025,18.11.2025 12:37:07,157,159,Zachodniopomorskie,195,Pediatria,2025/035526,Rezydencki,76.56,3.59,30.09.2025 14:14:35,15,NIE,,
j-2025,14,18.11.2025,18.11.2025 12:37:07,157,159,Zachodniopomorskie,196,Pediatria,2025/029515,Rezydencki,67.14,3.99,19.09.2025 11:20:12,15,NIE,,
j-2025,14,18.11.2025,18.11.2025 12:37:07,157,159,Zachodniopomorskie,197,Pediatria,2025/041701,Pozarezydencki,66.36,3.31,30.10.2025 09:43:47,1,NIE,,
j-2025,14,18.11.2025,18.11.2025 12:37:07,157,159,Zachodniopomorskie,198,Perinatologia,2025/032912,Pozarezydencki,82.50,4.34,29.10.2025 23:18:22,1,NIE,,
j-2025,14,18.11.2025,18.11.2025 12:37:07,157,159,Zachodniopomorskie,199,Położnictwo i ginekologia,2025/031824,Rezydencki,87.08,4.53,30.09.2025 22:12:29,7,NIE,,
j-2025,14,18.11.2025,18.11.2025 12:37:07,157,159,Zachodniopomorskie,200,Położnictwo i ginekologia,2025/036215,Rezydencki,87.08,4.36,15.10.2025 13:58:22,7,NIE,,
j-2025,14,18.11.2025,18.11.2025 12:37:07,157,159,Zachodniopomorskie,201,Położnictwo i ginekologia,2025/037652,Rezydencki,86.96,4.19,25.09.2025 15:22:04,7,NIE,,
j-2025,14,18.11.2025,18.11.2025 12:37:07,157,159,Zachodniopomorskie,202,Położnictwo i ginekologia,2025/028943,Rezydencki,86.90,4.61,15.10.2025 13:20:03,7,NIE,,
j-2025,14,18.11.2025,18.11.2025 12:37:07,157,159,Zachodniopomorskie,203,Położnictwo i ginekologia,2025/036826,Rezydencki,85.65,4.50,30.09.2025 11:07:46,7,NIE,,
j-2025,14,18.11.2025,18.11.2025 12:37:07,157,159,Zachodniopomorskie,204,Położnictwo i ginekologia,2025/037536,Rezydencki,85.65,4.36,30.09.2025 13:16:46,7,NIE,,
j-2025,14,18.11.2025,18.11.2025 12:37:07,157,159,Zachodniopomorskie,205,Położnictwo i ginekologia,2025/036565,Rezydencki,85.41,3.90,30.09.2025 22:47:17,7,NIE,,
j-2025,14,18.11.2025,18.11.2025 12:37:07,157,159,Zachodniopomorskie,206,Położnictwo i ginekologia,2025/031382,Pozarezydencki,81.28,4.14,15.10.2025 14:52:27,2,NIE,,
j-2025,14,18.11.2025,18.11.2025 12:37:07,157,159,Zachodniopomorskie,207,Położnictwo i ginekologia,2025/029400,Pozarezydencki,59.55,3.19,24.10.2025 11:30:01,2,NIE,,
j-2025,14,18.11.2025,18.11.2025 12:37:07,157,159,Zachodniopomorskie,208,Psychiatria,2025/038881,Rezydencki,87.62,3.98,27.09.2025 13:07:17,20,NIE,,
j-2025,14,18.11.2025,18.11.2025 12:37:07,157,159,Zachodniopomorskie,209,Psychiatria,2025/036343,Rezydencki,86.60,3.99,28.10.2025 11:26:23,20,NIE,,
j-2025,14,18.11.2025,18.11.2025 12:37:07,157,159,Zachodniopomorskie,210,Psychiatria,2025/038627,Rezydencki,86.60,3.82,30.09.2025 22:33:30,20,NIE,,
j-2025,14,18.11.2025,18.11.2025 12:37:07,158,159,Zachodniopomorskie,211,Psychiatria,2025/036260,Rezydencki,86.36,4.03,30.09.2025 13:40:07,20,NIE,,
j-2025,14,18.11.2025,18.11.2025 12:37:07,158,159,Zachodniopomorskie,212,Psychiatria,2025/040365,Rezydencki,84.06,3.61,17.10.2025 16:31:27,20,NIE,,
j-2025,14,18.11.2025,18.11.2025 12:37:07,158,159,Zachodniopomorskie,213,Psychiatria,2025/033236,Rezydencki,83.81,4.73,30.09.2025 19:42:22,20,NIE,,
j-2025,14,18.11.2025,18.11.2025 12:37:07,158,159,Zachodniopomorskie,214,Psychiatria,2025/032559,Rezydencki,83.57,4.18,26.09.2025 19:36:09,20,NIE,,
j-2025,14,18.11.2025,18.11.2025 12:37:07,158,159,Zachodniopomorskie,215,Psychiatria,2025/033959,Rezydencki,82.86,4.08,25.09.2025 13:37:13,20,NIE,,
j-2025,14,18.11.2025,18.11.2025 12:37:07,158,159,Zachodniopomorskie,216,Psychiatria,2025/032995,Rezydencki,82.78,4.67,30.09.2025 08:13:54,20,NIE,,
j-2025,14,18.11.2025,18.11.2025 12:37:07,158,159,Zachodniopomorskie,217,Psychiatria,2025/037469,Rezydencki,80.86,3.89,25.10.2025 18:40:49,20,NIE,,
j-2025,14,18.11.2025,18.11.2025 12:37:07,158,159,Zachodniopomorskie,218,Psychiatria,2025/041930,Rezydencki,80.19,4.00,30.09.2025 10:31:12,20,NIE,,
j-2025,14,18.11.2025,18.11.2025 12:37:07,158,159,Zachodniopomorskie,219,Psychiatria,2025/028930,Rezydencki,79.90,3.95,14.10.2025 17:50:29,20,NIE,,
j-2025,14,18.11.2025,18.11.2025 12:37:07,158,159,Zachodniopomorskie,220,Psychiatria,2025/030324,Rezydencki,79.02,3.75,22.09.2025 12:42:04,20,NIE,,
j-2025,14,18.11.2025,18.11.2025 12:37:07,158,159,Zachodniopomorskie,221,Psychiatria,2025/036768,Rezydencki,78.47,3.38,30.09.2025 20:21:32,20,NIE,,
j-2025,14,18.11.2025,18.11.2025 12:37:07,158,159,Zachodniopomorskie,222,Psychiatria,2025/031915,Rezydencki,77.62,3.71,23.09.2025 16:08:32,20,NIE,,
j-2025,14,18.11.2025,18.11.2025 12:37:07,158,159,Zachodniopomorskie,223,Psychiatria,2025/041132,Rezydencki,76.67,3.77,29.09.2025 20:35:24,20,NIE,,
j-2025,14,18.11.2025,18.11.2025 12:37:07,158,159,Zachodniopomorskie,224,Psychiatria,2025/033866,Rezydencki,75.48,3.69,28.09.2025 14:46:43,20,NIE,,
j-2025,14,18.11.2025,18.11.2025 12:37:07,158,159,Zachodniopomorskie,225,Psychiatria,2025/038265,Rezydencki,75.12,3.49,30.09.2025 23:59:54,20,NIE,,
j-2025,14,18.11.2025,18.11.2025 12:37:07,158,159,Zachodniopomorskie,226,Psychiatria,2025/038666,Rezydencki,72.06,3.70,26.09.2025 20:29:29,20,NIE,,
j-2025,14,18.11.2025,18.11.2025 12:37:07,158,159,Zachodniopomorskie,227,Psychiatria,2025/038266,Rezydencki,71.77,3.71,17.10.2025 10:44:51,20,NIE,,
j-2025,14,18.11.2025,18.11.2025 12:37:07,158,159,Zachodniopomorskie,228,Psychiatria dzieci i młodzieży,2025/038005,Rezydencki,89.86,4.19,25.09.2025 21:26:43,3,NIE,,
j-2025,14,18.11.2025,18.11.2025 12:37:07,158,159,Zachodniopomorskie,229,Psychiatria dzieci i młodzieży,2025/039266,Rezydencki,87.56,3.81,30.09.2025 16:11:44,3,NIE,,
j-2025,14,18.11.2025,18.11.2025 12:37:07,158,159,Zachodniopomorskie,230,Psychiatria dzieci i młodzieży,2025/034539,Rezydencki,86.60,4.09,23.10.2025 19:14:07,3,NIE,,
j-2025,14,18.11.2025,18.11.2025 12:37:07,158,159,Zachodniopomorskie,231,Radiologia i diagnostyka obrazowa,2025/038098,Rezydencki,89.86,3.91,30.09.2025 20:56:24,3,NIE,,
j-2025,14,18.11.2025,18.11.2025 12:37:07,158,159,Zachodniopomorskie,232,Radiologia i diagnostyka obrazowa,2025/036968,Rezydencki,89.47,4.73,30.09.2025 19:50:52,3,NIE,,
j-2025,14,18.11.2025,18.11.2025 12:37:07,158,159,Zachodniopomorskie,233,Radiologia i diagnostyka obrazowa,2025/037756,Rezydencki,89.27,4.72,29.09.2025 19:42:40,3,NIE,,
j-2025,14,18.11.2025,18.11.2025 12:37:07,158,159,Zachodniopomorskie,234,Radiologia i diagnostyka obrazowa,2025/040073,Pozarezydencki,82.95,3.79,30.09.2025 22:16:38,7,NIE,,
j-2025,14,18.11.2025,18.11.2025 12:37:07,158,159,Zachodniopomorskie,235,Radiologia i diagnostyka obrazowa,2025/043030,Pozarezydencki,80.37,3.69,22.10.2025 17:08:41,7,NIE,,
j-2025,14,18.11.2025,18.11.2025 12:37:07,158,159,Zachodniopomorskie,236,Radiologia i diagnostyka obrazowa,2025/035357,Pozarezydencki,78.08,4.10,20.10.2025 11:45:27,7,NIE,,
j-2025,14,18.11.2025,18.11.2025 12:37:07,158,159,Zachodniopomorskie,237,Radiologia i diagnostyka obrazowa,2025/033555,Pozarezydencki,74.77,3.62,26.09.2025 20:56:04,7,NIE,,
j-2025,14,18.11.2025,18.11.2025 12:37:07,158,159,Zachodniopomorskie,238,Radiologia i diagnostyka obrazowa,2025/040650,Pozarezydencki,69.09,4.01,30.09.2025 17:31:04,7,NIE,,
j-2025,14,18.11.2025,18.11.2025 12:37:07,158,159,Zachodniopomorskie,239,Radiologia i diagnostyka obrazowa,2025/033601,Pozarezydencki,68.69,4.78,21.10.2025 15:48:44,7,NIE,,
j-2025,14,18.11.2025,18.11.2025 12:37:07,158,159,Zachodniopomorskie,240,Radiologia i diagnostyka obrazowa,2025/034444,Pozarezydencki,65.44,4.12,29.09.2025 20:10:37,7,NIE,,
j-2025,14,18.11.2025,18.11.2025 12:37:07,158,159,Zachodniopomorskie,241,Reumatologia,2025/031568,Rezydencki,91.39,4.89,30.09.2025 18:00:15,1,NIE,,
j-2025,14,18.11.2025,18.11.2025 12:37:07,158,159,Zachodniopomorskie,242,Stomatologia dziecięca,2025/042657,Rezydencki,83.25,3.88,27.10.2025 09:41:30,1,NIE,,
j-2025,14,18.11.2025,18.11.2025 12:37:07,158,159,Zachodniopomorskie,243,Transplantologia kliniczna,2025/035029,Pozarezydencki,79.18,0.00,23.10.2025 13:47:58,3,NIE,,
j-2025,14,18.11.2025,18.11.2025 12:37:07,158,159,Zachodniopomorskie,244,Transplantologia kliniczna,2025/033818,Pozarezydencki,75.23,0.00,20.10.2025 14:17:12,3,NIE,,
j-2025,14,18.11.2025,18.11.2025 12:37:07,158,159,Zachodniopomorskie,245,Transplantologia kliniczna,2025/041723,Pozarezydencki,72.50,3.80,20.10.2025 16:39:41,3,NIE,,
j-2025,14,18.11.2025,18.11.2025 12:37:07,159,159,Zachodniopomorskie,246,Urologia,2025/038626,Rezydencki,89.00,3.69,29.09.2025 17:37:44,4,NIE,,
j-2025,14,18.11.2025,18.11.2025 12:37:07,159,159,Zachodniopomorskie,247,Urologia,2025/038505,Rezydencki,88.52,3.76,30.09.2025 16:49:26,4,NIE,,
j-2025,14,18.11.2025,18.11.2025 12:37:07,159,159,Zachodniopomorskie,248,Urologia,2025/034931,Rezydencki,88.33,4.14,28.09.2025 09:28:08,4,NIE,,
j-2025,14,18.11.2025,18.11.2025 12:37:07,159,159,Zachodniopomorskie,249,Urologia,2025/030029,Rezydencki,88.24,4.22,29.09.2025 19:57:53,4,NIE,,
j-2025,14,18.11.2025,18.11.2025 12:37:07,159,159,Zachodniopomorskie,1,Okulistyka,2025/030299,Rezydencki,87.20,3.89,20.10.2025 17:29:23,1,TAK,UNIWERSYTECKI SZPITAL KLINICZNY NR 2 PUM W SZCZECINIE,II Klinika Okulistyki
j-2025,14,18.11.2025,18.11.2025 12:37:07,159,159,Zachodniopomorskie,1,Chirurgia naczyniowa,2025/028512,Rezydencki,90.20,4.48,16.10.2025 11:52:48,1,TAK,UNIWERSYTECKI SZPITAL KLINICZNY NR 2 PUM W SZCZECINIE,"Klinika Chirurgii Naczyniowej, Ogólnej i Angiologii"
j-2025,14,18.11.2025,18.11.2025 12:37:07,159,159,Zachodniopomorskie,1,Radiologia i diagnostyka obrazowa,2025/034529,Rezydencki,83.57,4.31,30.09.2025 20:23:41,1,TAK,Uniwersytecki Szpital Kliniczny nr 1 im. prof. Tadeusza Sokołowskiego PUM w Szczecinie,Zakład Diagnostyki Obrazowej i Radiologii Interwencyjnej
j-2025,14,18.11.2025,18.11.2025 12:37:07,159,159,Zachodniopomorskie,1,Onkologia kliniczna,2025/033134,Rezydencki,87.44,4.38,24.09.2025 06:31:27,1,TAK,Uniwersytecki Szpital Kliniczny nr 1 im. prof. Tadeusza Sokołowskiego PUM w Szczecinie,"Oddział Kliniczny Onkologi, Chemioterapii i Immunoterapii Nowotworów"
