rekrutacja,kolejność_plików,publication_date,print_datetime,page,page_total,wojewodztwo,lp,dziedzina_medycyny,numer_wniosku,tryb_szkolenia,punktacja_proc,srednia_arytmetyczna,data_zlozenia_wniosku,ilość_zakwalifikowanych_w_trybie,czy_miejsca_doktoranckie,doktoranckie_podmiot,doktoranckie_jednostka
w-2025,13,16.04.2025,16.04.2025 09:50:33,1,77,Dolnośląskie,1,Anestezjologia i intensywna terapia,2025/006636,Rezydencki,87.44,4.26,19.03.2025 11:09:24,10,NIE,,
w-2025,13,16.04.2025,16.04.2025 09:50:33,1,77,Dolnośląskie,2,Anestezjologia i intensywna terapia,2025/007332,Rezydencki,85.51,4.17,13.03.2025 11:29:50,10,NIE,,
w-2025,13,16.04.2025,16.04.2025 09:50:33,1,77,Dolnośląskie,3,Anestezjologia i intensywna terapia,2025/007822,Rezydencki,84.88,3.95,18.03.2025 09:21:48,10,NIE,,
w-2025,13,16.04.2025,16.04.2025 09:50:33,1,77,Dolnośląskie,4,Anestezjologia i intensywna terapia,2025/006858,Rezydencki,84.29,3.44,27.02.2025 09:30:27,10,NIE,,
w-2025,13,16.04.2025,16.04.2025 09:50:33,1,77,Dolnośląskie,5,Anestezjologia i intensywna terapia,2025/005740,Rezydencki,82.61,3.09,28.02.2025 15:42:01,10,NIE,,
w-2025,13,16.04.2025,16.04.2025 09:50:33,1,77,Dolnośląskie,6,Anestezjologia i intensywna terapia,2025/002397,Rezydencki,82.13,4.54,23.02.2025 12:33:09,10,NIE,,
w-2025,13,16.04.2025,16.04.2025 09:50:33,1,77,Dolnośląskie,7,Anestezjologia i intensywna terapia,2025/008345,Rezydencki,80.68,3.52,23.03.2025 23:10:00,10,NIE,,
w-2025,13,16.04.2025,16.04.2025 09:50:33,1,77,Dolnośląskie,8,Anestezjologia i intensywna terapia,2025/008430,Rezydencki,79.52,3.59,21.03.2025 15:18:42,10,NIE,,
w-2025,13,16.04.2025,16.04.2025 09:50:33,1,77,Dolnośląskie,9,Anestezjologia i intensywna terapia,2025/005913,Rezydencki,76.96,0.00,23.02.2025 21:40:48,10,NIE,,
w-2025,13,16.04.2025,16.04.2025 09:50:33,1,77,Dolnośląskie,10,Anestezjologia i intensywna terapia,2025/006901,Rezydencki,76.67,0.00,11.03.2025 14:33:10,10,NIE,,
w-2025,13,16.04.2025,16.04.2025 09:50:33,1,77,Dolnośląskie,11,Anestezjologia i intensywna terapia,2025/003176,Pozarezydencki,70.41,4.18,14.03.2025 20:08:40,1,NIE,,
w-2025,13,16.04.2025,16.04.2025 09:50:33,1,77,Dolnośląskie,12,Audiologia i foniatria,2025/007118,Rezydencki,89.05,3.83,20.03.2025 11:00:32,1,NIE,,
w-2025,13,16.04.2025,16.04.2025 09:50:33,1,77,Dolnośląskie,13,Audiologia i foniatria,2025/006860,Pozarezydencki,65.42,3.65,26.02.2025 16:37:18,1,NIE,,
w-2025,13,16.04.2025,16.04.2025 09:50:33,1,77,Dolnośląskie,14,Chirurgia dziecięca,2025/007863,Rezydencki,88.41,3.95,20.03.2025 21:09:27,2,NIE,,
w-2025,13,16.04.2025,16.04.2025 09:50:33,1,77,Dolnośląskie,15,Chirurgia dziecięca,2025/007289,Rezydencki,67.62,3.84,27.02.2025 19:39:08,2,NIE,,
w-2025,13,16.04.2025,16.04.2025 09:50:33,1,77,Dolnośląskie,16,Chirurgia naczyniowa,2025/005927,Rezydencki,77.70,3.01,26.02.2025 21:39:27,1,NIE,,
w-2025,13,16.04.2025,16.04.2025 09:50:33,1,77,Dolnośląskie,17,Chirurgia ogólna,2025/008175,Rezydencki,83.09,4.22,18.03.2025 19:05:22,4,NIE,,
w-2025,13,16.04.2025,16.04.2025 09:50:33,1,77,Dolnośląskie,18,Chirurgia ogólna,2025/005728,Rezydencki,81.88,3.92,18.03.2025 16:10:00,4,NIE,,
w-2025,13,16.04.2025,16.04.2025 09:50:33,1,77,Dolnośląskie,19,Chirurgia ogólna,2025/003277,Rezydencki,70.00,3.71,14.03.2025 22:20:32,4,NIE,,
w-2025,13,16.04.2025,16.04.2025 09:50:33,1,77,Dolnośląskie,20,Chirurgia ogólna,2025/004378,Rezydencki,60.87,5.00,15.02.2025 15:39:42,4,NIE,,
w-2025,13,16.04.2025,16.04.2025 09:50:33,1,77,Dolnośląskie,21,Chirurgia ogólna,2025/007127,Pozarezydencki,82.03,3.78,17.03.2025 20:50:09,1,NIE,,
w-2025,13,16.04.2025,16.04.2025 09:50:33,1,77,Dolnośląskie,22,Chirurgia onkologiczna,2025/004133,Rezydencki,84.07,3.61,07.03.2025 10:46:27,3,NIE,,
w-2025,13,16.04.2025,16.04.2025 09:50:33,1,77,Dolnośląskie,23,Chirurgia onkologiczna,2025/008301,Rezydencki,76.19,4.66,27.03.2025 22:26:11,3,NIE,,
w-2025,13,16.04.2025,16.04.2025 09:50:33,1,77,Dolnośląskie,24,Chirurgia onkologiczna,2025/002841,Rezydencki,72.86,4.78,26.02.2025 16:07:14,3,NIE,,
w-2025,13,16.04.2025,16.04.2025 09:50:33,1,77,Dolnośląskie,25,Chirurgia onkologiczna,2025/008092,Pozarezydencki,75.45,3.99,31.03.2025 11:45:09,2,NIE,,
w-2025,13,16.04.2025,16.04.2025 09:50:33,1,77,Dolnośląskie,26,Chirurgia onkologiczna,2025/005614,Pozarezydencki,70.91,3.41,21.02.2025 22:46:22,2,NIE,,
w-2025,13,16.04.2025,16.04.2025 09:50:33,1,77,Dolnośląskie,27,Chirurgia plastyczna,2025/006605,Rezydencki,90.44,4.36,25.03.2025 18:43:10,2,NIE,,
w-2025,13,16.04.2025,16.04.2025 09:50:33,1,77,Dolnośląskie,28,Chirurgia plastyczna,2025/003750,Rezydencki,90.24,4.36,14.02.2025 11:19:18,2,NIE,,
w-2025,13,16.04.2025,16.04.2025 09:50:33,1,77,Dolnośląskie,29,Chirurgia plastyczna,2025/002703,Pozarezydencki,84.33,3.74,04.02.2025 20:25:43,1,NIE,,
w-2025,13,16.04.2025,16.04.2025 09:50:33,1,77,Dolnośląskie,30,Chirurgia stomatologiczna,2025/004231,Rezydencki,85.24,4.67,19.03.2025 09:51:06,4,NIE,,
w-2025,13,16.04.2025,16.04.2025 09:50:33,1,77,Dolnośląskie,31,Chirurgia stomatologiczna,2025/004798,Rezydencki,85.24,3.98,28.02.2025 12:59:17,4,NIE,,
w-2025,13,16.04.2025,16.04.2025 09:50:33,1,77,Dolnośląskie,32,Chirurgia stomatologiczna,2025/004216,Rezydencki,83.65,3.93,14.02.2025 13:05:52,4,NIE,,
w-2025,13,16.04.2025,16.04.2025 09:50:33,1,77,Dolnośląskie,33,Chirurgia stomatologiczna,2025/003200,Rezydencki,83.33,3.97,10.02.2025 15:53:43,4,NIE,,
w-2025,13,16.04.2025,16.04.2025 09:50:33,1,77,Dolnośląskie,34,Chirurgia szczękowo-twarzowa,2025/003288,Rezydencki,86.67,4.09,11.02.2025 17:04:39,1,NIE,,
w-2025,13,16.04.2025,16.04.2025 09:50:33,1,77,Dolnośląskie,35,Choroby płuc,2025/002738,Rezydencki,87.99,4.77,26.02.2025 16:54:57,3,NIE,,
w-2025,13,16.04.2025,16.04.2025 09:50:33,1,77,Dolnośląskie,36,Choroby płuc,2025/002182,Rezydencki,77.62,3.63,09.03.2025 12:26:35,3,NIE,,
w-2025,13,16.04.2025,16.04.2025 09:50:33,2,77,Dolnośląskie,37,Choroby płuc,2025/006969,Rezydencki,72.38,3.28,18.03.2025 15:00:12,3,NIE,,
w-2025,13,16.04.2025,16.04.2025 09:50:33,2,77,Dolnośląskie,38,Choroby płuc,2025/005730,Pozarezydencki,65.91,3.18,23.02.2025 11:14:20,1,NIE,,
w-2025,13,16.04.2025,16.04.2025 09:50:33,2,77,Dolnośląskie,39,Choroby płuc dzieci,2025/005628,Pozarezydencki,84.55,4.75,27.02.2025 14:11:22,1,NIE,,
w-2025,13,16.04.2025,16.04.2025 09:50:33,2,77,Dolnośląskie,40,Choroby wewnętrzne,2025/001908,Rezydencki,88.05,3.86,12.03.2025 17:12:46,17,NIE,,
w-2025,13,16.04.2025,16.04.2025 09:50:33,2,77,Dolnośląskie,41,Choroby wewnętrzne,2025/004700,Rezydencki,84.76,4.30,27.02.2025 17:53:55,17,NIE,,
w-2025,13,16.04.2025,16.04.2025 09:50:33,2,77,Dolnośląskie,42,Choroby wewnętrzne,2025/002278,Rezydencki,84.30,4.81,26.02.2025 17:11:09,17,NIE,,
w-2025,13,16.04.2025,16.04.2025 09:50:33,2,77,Dolnośląskie,43,Choroby wewnętrzne,2025/005990,Rezydencki,84.29,3.84,28.02.2025 08:42:50,17,NIE,,
w-2025,13,16.04.2025,16.04.2025 09:50:33,2,77,Dolnośląskie,44,Choroby wewnętrzne,2025/008095,Rezydencki,84.07,4.30,21.03.2025 17:51:02,17,NIE,,
w-2025,13,16.04.2025,16.04.2025 09:50:33,2,77,Dolnośląskie,45,Choroby wewnętrzne,2025/001995,Rezydencki,82.84,4.38,03.02.2025 17:12:24,17,NIE,,
w-2025,13,16.04.2025,16.04.2025 09:50:33,2,77,Dolnośląskie,46,Choroby wewnętrzne,2025/008096,Rezydencki,79.23,3.32,21.03.2025 15:54:07,17,NIE,,
w-2025,13,16.04.2025,16.04.2025 09:50:33,2,77,Dolnośląskie,47,Choroby wewnętrzne,2025/007389,Rezydencki,77.94,4.32,28.02.2025 14:00:15,17,NIE,,
w-2025,13,16.04.2025,16.04.2025 09:50:33,2,77,Dolnośląskie,48,Choroby wewnętrzne,2025/007020,Rezydencki,77.56,3.39,19.03.2025 21:35:16,17,NIE,,
w-2025,13,16.04.2025,16.04.2025 09:50:33,2,77,Dolnośląskie,49,Choroby wewnętrzne,2025/006220,Rezydencki,76.90,4.18,28.02.2025 14:49:09,17,NIE,,
w-2025,13,16.04.2025,16.04.2025 09:50:33,2,77,Dolnośląskie,50,Choroby wewnętrzne,2025/004474,Rezydencki,75.85,3.59,16.02.2025 17:49:41,17,NIE,,
w-2025,13,16.04.2025,16.04.2025 09:50:33,2,77,Dolnośląskie,51,Choroby wewnętrzne,2025/007825,Rezydencki,75.71,4.60,17.03.2025 13:59:47,17,NIE,,
w-2025,13,16.04.2025,16.04.2025 09:50:33,2,77,Dolnośląskie,52,Choroby wewnętrzne,2025/002645,Rezydencki,73.53,3.36,26.02.2025 16:20:30,17,NIE,,
w-2025,13,16.04.2025,16.04.2025 09:50:33,2,77,Dolnośląskie,53,Choroby wewnętrzne,2025/004842,Rezydencki,68.57,4.46,26.02.2025 22:19:53,17,NIE,,
w-2025,13,16.04.2025,16.04.2025 09:50:33,2,77,Dolnośląskie,54,Choroby wewnętrzne,2025/002208,Rezydencki,65.69,3.62,02.02.2025 19:36:38,17,NIE,,
w-2025,13,16.04.2025,16.04.2025 09:50:33,2,77,Dolnośląskie,55,Choroby wewnętrzne,2025/006168,Rezydencki,63.81,2.98,15.03.2025 12:37:49,17,NIE,,
w-2025,13,16.04.2025,16.04.2025 09:50:33,2,77,Dolnośląskie,56,Choroby wewnętrzne,2025/002721,Rezydencki,62.32,0.00,12.03.2025 16:53:58,17,NIE,,
w-2025,13,16.04.2025,16.04.2025 09:50:33,2,77,Dolnośląskie,57,Choroby wewnętrzne,2025/004966,Pozarezydencki,84.55,4.47,18.03.2025 19:14:59,1,NIE,,
w-2025,13,16.04.2025,16.04.2025 09:50:33,2,77,Dolnośląskie,58,Choroby zakaźne,2025/003272,Rezydencki,88.48,4.56,14.02.2025 18:46:38,3,NIE,,
w-2025,13,16.04.2025,16.04.2025 09:50:33,2,77,Dolnośląskie,59,Choroby zakaźne,2025/003590,Rezydencki,85.29,0.00,10.02.2025 19:39:52,3,NIE,,
w-2025,13,16.04.2025,16.04.2025 09:50:33,2,77,Dolnośląskie,60,Choroby zakaźne,2025/004813,Rezydencki,80.95,4.04,28.02.2025 16:11:39,3,NIE,,
w-2025,13,16.04.2025,16.04.2025 09:50:33,2,77,Dolnośląskie,61,Choroby zakaźne,2025/003145,Pozarezydencki,66.36,0.00,07.02.2025 14:16:42,1,NIE,,
w-2025,13,16.04.2025,16.04.2025 09:50:33,2,77,Dolnośląskie,62,Dermatologia i wenerologia,2025/002927,Rezydencki,93.48,4.77,26.02.2025 00:03:19,2,NIE,,
w-2025,13,16.04.2025,16.04.2025 09:50:33,2,77,Dolnośląskie,63,Dermatologia i wenerologia,2025/002041,Rezydencki,92.75,4.62,03.02.2025 12:56:25,2,NIE,,
w-2025,13,16.04.2025,16.04.2025 09:50:33,2,77,Dolnośląskie,64,Diabetologia,2025/008242,Rezydencki,81.43,0.00,17.03.2025 04:39:36,2,NIE,,
w-2025,13,16.04.2025,16.04.2025 09:50:33,2,77,Dolnośląskie,65,Diabetologia,2025/003832,Rezydencki,80.98,3.44,04.03.2025 14:18:02,2,NIE,,
w-2025,13,16.04.2025,16.04.2025 09:50:33,2,77,Dolnośląskie,66,Endokrynologia,2025/004801,Rezydencki,92.27,4.46,26.02.2025 22:06:02,1,NIE,,
w-2025,13,16.04.2025,16.04.2025 09:50:33,2,77,Dolnośląskie,67,Endokrynologia ginekologiczna i rozrodczość,2025/004780,Pozarezydencki,83.18,4.11,26.02.2025 11:24:12,3,NIE,,
w-2025,13,16.04.2025,16.04.2025 09:50:33,2,77,Dolnośląskie,68,Endokrynologia ginekologiczna i rozrodczość,2025/003434,Pozarezydencki,83.18,0.00,10.02.2025 10:45:23,3,NIE,,
w-2025,13,16.04.2025,16.04.2025 09:50:33,2,77,Dolnośląskie,69,Endokrynologia ginekologiczna i rozrodczość,2025/006864,Pozarezydencki,82.95,4.32,17.03.2025 09:56:20,3,NIE,,
w-2025,13,16.04.2025,16.04.2025 09:50:33,2,77,Dolnośląskie,70,Gastroenterologia,2025/003450,Pozarezydencki,87.38,0.00,28.02.2025 00:02:31,1,NIE,,
w-2025,13,16.04.2025,16.04.2025 09:50:33,2,77,Dolnośląskie,71,Gastroenterologia dziecięca,2025/005178,Pozarezydencki,71.14,4.36,16.03.2025 10:53:51,1,NIE,,
w-2025,13,16.04.2025,16.04.2025 09:50:33,2,77,Dolnośląskie,72,Genetyka kliniczna,2025/002557,Pozarezydencki,66.59,3.38,04.02.2025 00:33:58,1,NIE,,
w-2025,13,16.04.2025,16.04.2025 09:50:33,2,77,Dolnośląskie,73,Geriatria,2025/007537,Pozarezydencki,66.04,3.61,20.03.2025 13:55:38,1,NIE,,
w-2025,13,16.04.2025,16.04.2025 09:50:33,2,77,Dolnośląskie,74,Kardiochirurgia,2025/006616,Pozarezydencki,77.57,4.19,28.02.2025 22:39:51,1,NIE,,
w-2025,13,16.04.2025,16.04.2025 09:50:33,3,77,Dolnośląskie,75,Kardiologia,2025/008457,Rezydencki,91.18,4.16,28.02.2025 20:46:49,2,NIE,,
w-2025,13,16.04.2025,16.04.2025 09:50:33,3,77,Dolnośląskie,76,Kardiologia,2025/004187,Rezydencki,88.54,4.43,13.02.2025 19:25:19,2,NIE,,
w-2025,13,16.04.2025,16.04.2025 09:50:33,3,77,Dolnośląskie,77,Kardiologia,2025/002244,Pozarezydencki,80.41,4.03,05.02.2025 20:59:56,4,NIE,,
w-2025,13,16.04.2025,16.04.2025 09:50:33,3,77,Dolnośląskie,78,Kardiologia,2025/007618,Pozarezydencki,76.14,4.03,27.02.2025 19:47:29,4,NIE,,
w-2025,13,16.04.2025,16.04.2025 09:50:33,3,77,Dolnośląskie,79,Kardiologia,2025/008177,Pozarezydencki,75.45,0.00,28.02.2025 21:25:29,4,NIE,,
w-2025,13,16.04.2025,16.04.2025 09:50:33,3,77,Dolnośląskie,80,Kardiologia,2025/001914,Pozarezydencki,62.21,3.80,10.03.2025 15:32:39,4,NIE,,
w-2025,13,16.04.2025,16.04.2025 09:50:33,3,77,Dolnośląskie,81,Medycyna paliatywna,2025/005400,Rezydencki,53.62,4.06,23.02.2025 16:49:09,1,NIE,,
w-2025,13,16.04.2025,16.04.2025 09:50:33,3,77,Dolnośląskie,82,Medycyna paliatywna,2025/007710,Pozarezydencki,86.82,4.54,24.03.2025 16:46:51,5,NIE,,
w-2025,13,16.04.2025,16.04.2025 09:50:33,3,77,Dolnośląskie,83,Medycyna paliatywna,2025/007141,Pozarezydencki,82.27,3.32,18.03.2025 19:52:03,5,NIE,,
w-2025,13,16.04.2025,16.04.2025 09:50:33,3,77,Dolnośląskie,84,Medycyna paliatywna,2025/003457,Pozarezydencki,73.18,4.50,13.03.2025 11:04:49,5,NIE,,
w-2025,13,16.04.2025,16.04.2025 09:50:33,3,77,Dolnośląskie,85,Medycyna paliatywna,2025/001950,Pozarezydencki,70.91,3.93,10.02.2025 09:07:43,5,NIE,,
w-2025,13,16.04.2025,16.04.2025 09:50:33,3,77,Dolnośląskie,86,Medycyna paliatywna,2025/007709,Pozarezydencki,67.76,3.10,28.02.2025 14:08:37,5,NIE,,
w-2025,13,16.04.2025,16.04.2025 09:50:33,3,77,Dolnośląskie,87,Medycyna pracy,2025/007538,Pozarezydencki,75.45,4.09,19.03.2025 14:38:49,1,NIE,,
w-2025,13,16.04.2025,16.04.2025 09:50:33,3,77,Dolnośląskie,88,Medycyna ratunkowa,2025/008270,Rezydencki,81.43,4.08,19.03.2025 17:52:28,2,NIE,,
w-2025,13,16.04.2025,16.04.2025 09:50:33,3,77,Dolnośląskie,89,Medycyna ratunkowa,2025/006889,Rezydencki,72.38,4.40,28.02.2025 12:11:23,2,NIE,,
w-2025,13,16.04.2025,16.04.2025 09:50:33,3,77,Dolnośląskie,90,Medycyna ratunkowa,2025/003593,Pozarezydencki,80.00,4.62,10.02.2025 19:56:55,5,NIE,,
w-2025,13,16.04.2025,16.04.2025 09:50:33,3,77,Dolnośląskie,91,Medycyna ratunkowa,2025/006657,Pozarezydencki,77.21,3.61,19.03.2025 19:11:13,5,NIE,,
w-2025,13,16.04.2025,16.04.2025 09:50:33,3,77,Dolnośląskie,92,Medycyna ratunkowa,2025/008075,Pozarezydencki,75.47,4.03,25.03.2025 23:57:01,5,NIE,,
w-2025,13,16.04.2025,16.04.2025 09:50:33,3,77,Dolnośląskie,93,Medycyna ratunkowa,2025/006210,Pozarezydencki,66.51,0.00,21.03.2025 09:43:58,5,NIE,,
w-2025,13,16.04.2025,16.04.2025 09:50:33,3,77,Dolnośląskie,94,Medycyna ratunkowa,2025/005768,Pozarezydencki,61.82,4.01,28.02.2025 10:30:08,5,NIE,,
w-2025,13,16.04.2025,16.04.2025 09:50:33,3,77,Dolnośląskie,95,Medycyna rodzinna,2025/006169,Rezydencki,87.99,4.53,24.02.2025 18:59:52,19,NIE,,
w-2025,13,16.04.2025,16.04.2025 09:50:33,3,77,Dolnośląskie,96,Medycyna rodzinna,2025/008505,Rezydencki,87.75,4.07,22.03.2025 18:00:43,19,NIE,,
w-2025,13,16.04.2025,16.04.2025 09:50:33,3,77,Dolnośląskie,97,Medycyna rodzinna,2025/004763,Rezydencki,86.71,4.28,13.03.2025 21:18:34,19,NIE,,
w-2025,13,16.04.2025,16.04.2025 09:50:33,3,77,Dolnośląskie,98,Medycyna rodzinna,2025/002873,Rezydencki,82.86,4.78,28.02.2025 14:11:04,19,NIE,,
w-2025,13,16.04.2025,16.04.2025 09:50:33,3,77,Dolnośląskie,99,Medycyna rodzinna,2025/007387,Rezydencki,80.88,4.11,27.02.2025 14:17:28,19,NIE,,
w-2025,13,16.04.2025,16.04.2025 09:50:33,3,77,Dolnośląskie,100,Medycyna rodzinna,2025/006297,Rezydencki,80.43,3.97,25.02.2025 08:29:03,19,NIE,,
w-2025,13,16.04.2025,16.04.2025 09:50:33,3,77,Dolnośląskie,101,Medycyna rodzinna,2025/007973,Rezydencki,80.39,4.12,21.03.2025 13:43:53,19,NIE,,
w-2025,13,16.04.2025,16.04.2025 09:50:33,3,77,Dolnośląskie,102,Medycyna rodzinna,2025/007742,Rezydencki,80.19,3.73,27.02.2025 21:38:11,19,NIE,,
w-2025,13,16.04.2025,16.04.2025 09:50:33,3,77,Dolnośląskie,103,Medycyna rodzinna,2025/004240,Rezydencki,80.19,3.70,25.03.2025 14:18:37,19,NIE,,
w-2025,13,16.04.2025,16.04.2025 09:50:33,3,77,Dolnośląskie,104,Medycyna rodzinna,2025/001943,Rezydencki,78.54,4.35,13.03.2025 20:35:35,19,NIE,,
w-2025,13,16.04.2025,16.04.2025 09:50:33,3,77,Dolnośląskie,105,Medycyna rodzinna,2025/007054,Rezydencki,76.67,3.51,24.03.2025 23:17:41,19,NIE,,
w-2025,13,16.04.2025,16.04.2025 09:50:33,3,77,Dolnośląskie,106,Medycyna rodzinna,2025/005756,Rezydencki,75.85,4.29,27.03.2025 14:21:59,19,NIE,,
w-2025,13,16.04.2025,16.04.2025 09:50:33,3,77,Dolnośląskie,107,Medycyna rodzinna,2025/004998,Rezydencki,73.53,4.28,18.02.2025 20:09:23,19,NIE,,
w-2025,13,16.04.2025,16.04.2025 09:50:33,3,77,Dolnośląskie,108,Medycyna rodzinna,2025/002737,Rezydencki,73.33,4.03,12.03.2025 16:19:18,19,NIE,,
w-2025,13,16.04.2025,16.04.2025 09:50:33,3,77,Dolnośląskie,109,Medycyna rodzinna,2025/003065,Rezydencki,72.55,0.00,10.02.2025 10:52:17,19,NIE,,
w-2025,13,16.04.2025,16.04.2025 09:50:33,3,77,Dolnośląskie,110,Medycyna rodzinna,2025/006015,Rezydencki,70.10,3.23,27.03.2025 13:33:32,19,NIE,,
w-2025,13,16.04.2025,16.04.2025 09:50:33,3,77,Dolnośląskie,111,Medycyna rodzinna,2025/008285,Rezydencki,67.62,3.38,28.02.2025 23:51:27,19,NIE,,
w-2025,13,16.04.2025,16.04.2025 09:50:33,3,77,Dolnośląskie,112,Medycyna rodzinna,2025/003466,Rezydencki,61.84,2.32,27.02.2025 14:53:52,19,NIE,,
w-2025,13,16.04.2025,16.04.2025 09:50:33,4,77,Dolnośląskie,113,Medycyna rodzinna,2025/008496,Rezydencki,56.67,3.31,20.03.2025 08:05:32,19,NIE,,
w-2025,13,16.04.2025,16.04.2025 09:50:33,4,77,Dolnośląskie,114,Medycyna rodzinna,2025/003203,Pozarezydencki,83.26,4.74,07.02.2025 23:23:32,3,NIE,,
w-2025,13,16.04.2025,16.04.2025 09:50:33,4,77,Dolnośląskie,115,Medycyna rodzinna,2025/007515,Pozarezydencki,80.70,4.76,20.03.2025 11:41:59,3,NIE,,
w-2025,13,16.04.2025,16.04.2025 09:50:33,4,77,Dolnośląskie,116,Medycyna rodzinna,2025/001885,Pozarezydencki,67.43,3.81,11.02.2025 17:11:42,3,NIE,,
w-2025,13,16.04.2025,16.04.2025 09:50:33,4,77,Dolnośląskie,117,Medycyna sądowa,2025/005282,Rezydencki,54.90,3.82,28.02.2025 12:05:24,1,NIE,,
w-2025,13,16.04.2025,16.04.2025 09:50:33,4,77,Dolnośląskie,118,Nefrologia,2025/007364,Rezydencki,78.10,4.69,27.02.2025 19:38:25,1,NIE,,
w-2025,13,16.04.2025,16.04.2025 09:50:33,4,77,Dolnośląskie,119,Neonatologia,2025/004974,Rezydencki,83.09,4.27,28.02.2025 14:49:10,2,NIE,,
w-2025,13,16.04.2025,16.04.2025 09:50:33,4,77,Dolnośląskie,120,Neonatologia,2025/007040,Rezydencki,65.70,3.82,26.02.2025 20:52:36,2,NIE,,
w-2025,13,16.04.2025,16.04.2025 09:50:33,4,77,Dolnośląskie,121,Neurologia,2025/004958,Rezydencki,87.75,4.26,18.02.2025 16:01:44,3,NIE,,
w-2025,13,16.04.2025,16.04.2025 09:50:33,4,77,Dolnośląskie,122,Neurologia,2025/005903,Rezydencki,80.88,4.20,20.03.2025 20:07:19,3,NIE,,
w-2025,13,16.04.2025,16.04.2025 09:50:33,4,77,Dolnośląskie,123,Neurologia,2025/008614,Rezydencki,77.54,4.49,17.03.2025 11:55:43,3,NIE,,
w-2025,13,16.04.2025,16.04.2025 09:50:33,4,77,Dolnośląskie,124,Okulistyka,2025/001924,Rezydencki,89.76,3.79,17.02.2025 18:05:22,4,NIE,,
w-2025,13,16.04.2025,16.04.2025 09:50:33,4,77,Dolnośląskie,125,Okulistyka,2025/003924,Rezydencki,86.96,3.82,15.03.2025 17:33:31,4,NIE,,
w-2025,13,16.04.2025,16.04.2025 09:50:33,4,77,Dolnośląskie,126,Okulistyka,2025/008384,Rezydencki,86.71,4.14,27.03.2025 08:03:01,4,NIE,,
w-2025,13,16.04.2025,16.04.2025 09:50:33,4,77,Dolnośląskie,127,Okulistyka,2025/006443,Rezydencki,86.67,3.72,28.02.2025 22:10:09,4,NIE,,
w-2025,13,16.04.2025,16.04.2025 09:50:33,4,77,Dolnośląskie,128,Okulistyka,2025/005395,Pozarezydencki,78.34,3.51,21.02.2025 21:24:15,4,NIE,,
w-2025,13,16.04.2025,16.04.2025 09:50:33,4,77,Dolnośląskie,129,Okulistyka,2025/002414,Pozarezydencki,77.21,3.76,18.03.2025 10:23:24,4,NIE,,
w-2025,13,16.04.2025,16.04.2025 09:50:33,4,77,Dolnośląskie,130,Okulistyka,2025/007489,Pozarezydencki,75.45,4.13,28.02.2025 14:49:55,4,NIE,,
w-2025,13,16.04.2025,16.04.2025 09:50:33,4,77,Dolnośląskie,131,Okulistyka,2025/007343,Pozarezydencki,72.73,3.18,27.02.2025 12:21:44,4,NIE,,
w-2025,13,16.04.2025,16.04.2025 09:50:33,4,77,Dolnośląskie,132,Onkologia i hematologia dziecięca,2025/007088,Rezydencki,90.34,4.28,26.02.2025 21:32:34,2,NIE,,
w-2025,13,16.04.2025,16.04.2025 09:50:33,4,77,Dolnośląskie,133,Onkologia i hematologia dziecięca,2025/008417,Rezydencki,77.78,3.45,28.02.2025 23:32:57,2,NIE,,
w-2025,13,16.04.2025,16.04.2025 09:50:33,4,77,Dolnośląskie,134,Onkologia kliniczna,2025/007443,Rezydencki,71.43,3.96,27.02.2025 14:38:47,2,NIE,,
w-2025,13,16.04.2025,16.04.2025 09:50:33,4,77,Dolnośląskie,135,Onkologia kliniczna,2025/007400,Rezydencki,70.24,3.45,28.02.2025 22:30:10,2,NIE,,
w-2025,13,16.04.2025,16.04.2025 09:50:33,4,77,Dolnośląskie,136,Onkologia kliniczna,2025/004441,Pozarezydencki,83.18,0.00,16.03.2025 22:03:49,3,NIE,,
w-2025,13,16.04.2025,16.04.2025 09:50:33,4,77,Dolnośląskie,137,Onkologia kliniczna,2025/007061,Pozarezydencki,70.91,3.05,28.02.2025 16:25:21,3,NIE,,
w-2025,13,16.04.2025,16.04.2025 09:50:33,4,77,Dolnośląskie,138,Onkologia kliniczna,2025/002288,Pozarezydencki,63.64,0.00,13.03.2025 09:38:12,3,NIE,,
w-2025,13,16.04.2025,16.04.2025 09:50:33,4,77,Dolnośląskie,139,Ortodoncja,2025/003904,Rezydencki,89.05,4.41,15.02.2025 17:42:57,1,NIE,,
w-2025,13,16.04.2025,16.04.2025 09:50:33,4,77,Dolnośląskie,140,Ortodoncja,2025/002187,Pozarezydencki,89.09,0.00,13.03.2025 12:59:34,1,NIE,,
w-2025,13,16.04.2025,16.04.2025 09:50:33,4,77,Dolnośląskie,141,Ortopedia i traumatologia narządu ruchu,2025/004221,Rezydencki,88.89,3.93,28.02.2025 23:01:56,10,NIE,,
w-2025,13,16.04.2025,16.04.2025 09:50:33,4,77,Dolnośląskie,142,Ortopedia i traumatologia narządu ruchu,2025/001987,Rezydencki,85.02,4.14,01.02.2025 14:56:05,10,NIE,,
w-2025,13,16.04.2025,16.04.2025 09:50:33,4,77,Dolnośląskie,143,Ortopedia i traumatologia narządu ruchu,2025/007009,Rezydencki,82.86,3.34,18.03.2025 18:40:52,10,NIE,,
w-2025,13,16.04.2025,16.04.2025 09:50:33,4,77,Dolnośląskie,144,Ortopedia i traumatologia narządu ruchu,2025/007070,Rezydencki,82.14,3.74,27.02.2025 17:16:37,10,NIE,,
w-2025,13,16.04.2025,16.04.2025 09:50:33,4,77,Dolnośląskie,145,Ortopedia i traumatologia narządu ruchu,2025/004815,Rezydencki,82.13,4.86,27.02.2025 15:52:00,10,NIE,,
w-2025,13,16.04.2025,16.04.2025 09:50:33,4,77,Dolnośląskie,146,Ortopedia i traumatologia narządu ruchu,2025/007042,Rezydencki,79.05,3.92,28.02.2025 15:55:16,10,NIE,,
w-2025,13,16.04.2025,16.04.2025 09:50:33,4,77,Dolnośląskie,147,Ortopedia i traumatologia narządu ruchu,2025/004529,Rezydencki,72.06,3.63,15.03.2025 10:48:18,10,NIE,,
w-2025,13,16.04.2025,16.04.2025 09:50:33,4,77,Dolnośląskie,148,Ortopedia i traumatologia narządu ruchu,2025/006680,Rezydencki,68.10,4.27,27.02.2025 20:22:50,10,NIE,,
w-2025,13,16.04.2025,16.04.2025 09:50:33,4,77,Dolnośląskie,149,Ortopedia i traumatologia narządu ruchu,2025/008513,Rezydencki,66.18,3.29,18.03.2025 16:52:02,10,NIE,,
w-2025,13,16.04.2025,16.04.2025 09:50:33,4,77,Dolnośląskie,150,Ortopedia i traumatologia narządu ruchu,2025/007814,Rezydencki,62.80,3.44,27.02.2025 22:22:18,10,NIE,,
w-2025,13,16.04.2025,16.04.2025 09:50:33,5,77,Dolnośląskie,151,Otorynolaryngologia,2025/005573,Rezydencki,86.96,4.53,27.02.2025 09:46:58,2,NIE,,
w-2025,13,16.04.2025,16.04.2025 09:50:33,5,77,Dolnośląskie,152,Otorynolaryngologia,2025/002044,Rezydencki,86.96,4.39,17.02.2025 16:17:58,2,NIE,,
w-2025,13,16.04.2025,16.04.2025 09:50:33,5,77,Dolnośląskie,153,Otorynolaryngologia,2025/006523,Pozarezydencki,81.78,4.35,19.03.2025 14:05:32,1,NIE,,
w-2025,13,16.04.2025,16.04.2025 09:50:33,5,77,Dolnośląskie,154,Patomorfologia,2025/008292,Rezydencki,89.71,4.31,28.02.2025 20:25:19,2,NIE,,
w-2025,13,16.04.2025,16.04.2025 09:50:33,5,77,Dolnośląskie,155,Patomorfologia,2025/005054,Rezydencki,67.38,3.05,28.02.2025 21:27:54,2,NIE,,
w-2025,13,16.04.2025,16.04.2025 09:50:33,5,77,Dolnośląskie,156,Pediatria,2025/003361,Rezydencki,90.71,4.54,18.03.2025 13:00:56,12,NIE,,
w-2025,13,16.04.2025,16.04.2025 09:50:33,5,77,Dolnośląskie,157,Pediatria,2025/002230,Rezydencki,87.44,4.22,02.02.2025 21:22:10,12,NIE,,
w-2025,13,16.04.2025,16.04.2025 09:50:33,5,77,Dolnośląskie,158,Pediatria,2025/007264,Rezydencki,86.19,4.53,27.02.2025 23:53:03,12,NIE,,
w-2025,13,16.04.2025,16.04.2025 09:50:33,5,77,Dolnośląskie,159,Pediatria,2025/005368,Rezydencki,84.76,4.27,27.02.2025 18:08:38,12,NIE,,
w-2025,13,16.04.2025,16.04.2025 09:50:33,5,77,Dolnośląskie,160,Pediatria,2025/002020,Rezydencki,83.82,4.42,14.03.2025 12:36:57,12,NIE,,
w-2025,13,16.04.2025,16.04.2025 09:50:33,5,77,Dolnośląskie,161,Pediatria,2025/002068,Rezydencki,83.41,4.42,06.02.2025 20:48:02,12,NIE,,
w-2025,13,16.04.2025,16.04.2025 09:50:33,5,77,Dolnośląskie,162,Pediatria,2025/004508,Rezydencki,82.38,4.67,28.02.2025 11:59:55,12,NIE,,
w-2025,13,16.04.2025,16.04.2025 09:50:33,5,77,Dolnośląskie,163,Pediatria,2025/008139,Rezydencki,81.88,3.87,18.03.2025 11:58:25,12,NIE,,
w-2025,13,16.04.2025,16.04.2025 09:50:33,5,77,Dolnośląskie,164,Pediatria,2025/005724,Rezydencki,80.24,3.29,23.02.2025 10:56:13,12,NIE,,
w-2025,13,16.04.2025,16.04.2025 09:50:33,5,77,Dolnośląskie,165,Pediatria,2025/004031,Rezydencki,76.57,4.37,28.02.2025 14:19:20,12,NIE,,
w-2025,13,16.04.2025,16.04.2025 09:50:33,5,77,Dolnośląskie,166,Pediatria,2025/003340,Rezydencki,76.19,4.64,25.03.2025 10:31:04,12,NIE,,
w-2025,13,16.04.2025,16.04.2025 09:50:33,5,77,Dolnośląskie,167,Pediatria,2025/007340,Rezydencki,75.71,3.52,27.02.2025 12:13:37,12,NIE,,
w-2025,13,16.04.2025,16.04.2025 09:50:33,5,77,Dolnośląskie,168,Pediatria,2025/004448,Pozarezydencki,76.36,4.56,28.02.2025 10:17:50,1,NIE,,
w-2025,13,16.04.2025,16.04.2025 09:50:33,5,77,Dolnośląskie,169,Perinatologia,2025/003235,Pozarezydencki,71.14,4.31,18.02.2025 09:58:39,1,NIE,,
w-2025,13,16.04.2025,16.04.2025 09:50:33,5,77,Dolnośląskie,170,Periodontologia,2025/003563,Rezydencki,83.65,4.02,06.03.2025 22:07:27,1,NIE,,
w-2025,13,16.04.2025,16.04.2025 09:50:33,5,77,Dolnośląskie,171,Położnictwo i ginekologia,2025/004820,Rezydencki,82.61,4.00,27.02.2025 16:00:10,4,NIE,,
w-2025,13,16.04.2025,16.04.2025 09:50:33,5,77,Dolnośląskie,172,Położnictwo i ginekologia,2025/005709,Rezydencki,80.98,3.81,27.02.2025 03:33:23,4,NIE,,
w-2025,13,16.04.2025,16.04.2025 09:50:33,5,77,Dolnośląskie,173,Położnictwo i ginekologia,2025/005777,Rezydencki,73.33,3.83,13.03.2025 08:29:54,4,NIE,,
w-2025,13,16.04.2025,16.04.2025 09:50:33,5,77,Dolnośląskie,174,Położnictwo i ginekologia,2025/002765,Rezydencki,68.60,3.75,11.02.2025 21:09:56,4,NIE,,
w-2025,13,16.04.2025,16.04.2025 09:50:33,5,77,Dolnośląskie,175,Protetyka stomatologiczna,2025/003599,Rezydencki,82.38,0.00,14.03.2025 02:13:46,1,NIE,,
w-2025,13,16.04.2025,16.04.2025 09:50:33,5,77,Dolnośląskie,176,Psychiatria,2025/003860,Rezydencki,90.82,4.32,20.03.2025 21:46:52,6,NIE,,
w-2025,13,16.04.2025,16.04.2025 09:50:33,5,77,Dolnośląskie,177,Psychiatria,2025/002140,Rezydencki,85.99,3.97,02.02.2025 13:43:02,6,NIE,,
w-2025,13,16.04.2025,16.04.2025 09:50:33,5,77,Dolnośląskie,178,Psychiatria,2025/008410,Rezydencki,85.99,3.82,28.02.2025 22:44:46,6,NIE,,
w-2025,13,16.04.2025,16.04.2025 09:50:33,5,77,Dolnośląskie,179,Psychiatria,2025/004781,Rezydencki,85.29,4.25,21.03.2025 08:03:32,6,NIE,,
w-2025,13,16.04.2025,16.04.2025 09:50:33,5,77,Dolnośląskie,180,Psychiatria,2025/008235,Rezydencki,83.57,3.54,21.03.2025 16:54:11,6,NIE,,
w-2025,13,16.04.2025,16.04.2025 09:50:33,5,77,Dolnośląskie,181,Psychiatria,2025/004749,Rezydencki,83.09,3.76,14.03.2025 11:33:50,6,NIE,,
w-2025,13,16.04.2025,16.04.2025 09:50:33,5,77,Dolnośląskie,182,Psychiatria,2025/005864,Pozarezydencki,72.27,3.81,19.03.2025 07:37:46,1,NIE,,
w-2025,13,16.04.2025,16.04.2025 09:50:33,5,77,Dolnośląskie,183,Psychiatria dzieci i młodzieży,2025/002519,Rezydencki,87.32,4.11,04.02.2025 13:01:17,6,NIE,,
w-2025,13,16.04.2025,16.04.2025 09:50:33,5,77,Dolnośląskie,184,Psychiatria dzieci i młodzieży,2025/008370,Rezydencki,86.47,4.37,28.02.2025 22:54:13,6,NIE,,
w-2025,13,16.04.2025,16.04.2025 09:50:33,5,77,Dolnośląskie,185,Psychiatria dzieci i młodzieży,2025/007880,Rezydencki,85.00,4.15,20.03.2025 20:23:13,6,NIE,,
w-2025,13,16.04.2025,16.04.2025 09:50:33,5,77,Dolnośląskie,186,Psychiatria dzieci i młodzieży,2025/007601,Rezydencki,83.09,3.49,28.02.2025 00:41:21,6,NIE,,
w-2025,13,16.04.2025,16.04.2025 09:50:33,5,77,Dolnośląskie,187,Psychiatria dzieci i młodzieży,2025/002258,Rezydencki,82.61,4.06,06.02.2025 13:43:15,6,NIE,,
w-2025,13,16.04.2025,16.04.2025 09:50:33,5,77,Dolnośląskie,188,Psychiatria dzieci i młodzieży,2025/003070,Rezydencki,80.68,3.40,23.02.2025 16:39:34,6,NIE,,
w-2025,13,16.04.2025,16.04.2025 09:50:33,6,77,Dolnośląskie,189,Psychiatria dzieci i młodzieży,2025/003753,Pozarezydencki,73.83,3.99,17.03.2025 21:19:13,3,NIE,,
w-2025,13,16.04.2025,16.04.2025 09:50:33,6,77,Dolnośląskie,190,Psychiatria dzieci i młodzieży,2025/002840,Pozarezydencki,70.91,3.82,14.03.2025 09:39:35,3,NIE,,
w-2025,13,16.04.2025,16.04.2025 09:50:33,6,77,Dolnośląskie,191,Psychiatria dzieci i młodzieży,2025/003446,Pozarezydencki,63.86,4.53,21.03.2025 12:23:55,3,NIE,,
w-2025,13,16.04.2025,16.04.2025 09:50:33,6,77,Dolnośląskie,192,Radiologia i diagnostyka obrazowa,2025/002735,Rezydencki,89.61,4.31,09.02.2025 22:20:03,4,NIE,,
w-2025,13,16.04.2025,16.04.2025 09:50:33,6,77,Dolnośląskie,193,Radiologia i diagnostyka obrazowa,2025/003841,Rezydencki,89.52,4.14,27.02.2025 13:11:59,4,NIE,,
w-2025,13,16.04.2025,16.04.2025 09:50:33,6,77,Dolnośląskie,194,Radiologia i diagnostyka obrazowa,2025/007853,Rezydencki,86.96,4.40,24.03.2025 21:40:59,4,NIE,,
w-2025,13,16.04.2025,16.04.2025 09:50:33,6,77,Dolnośląskie,195,Radiologia i diagnostyka obrazowa,2025/002530,Rezydencki,86.27,3.99,07.02.2025 13:05:09,4,NIE,,
w-2025,13,16.04.2025,16.04.2025 09:50:33,6,77,Dolnośląskie,196,Radiologia i diagnostyka obrazowa,2025/007687,Pozarezydencki,80.00,3.70,27.02.2025 20:55:12,6,NIE,,
w-2025,13,16.04.2025,16.04.2025 09:50:33,6,77,Dolnośląskie,197,Radiologia i diagnostyka obrazowa,2025/007815,Pozarezydencki,77.27,4.10,28.02.2025 22:21:34,6,NIE,,
w-2025,13,16.04.2025,16.04.2025 09:50:33,6,77,Dolnośląskie,198,Radiologia i diagnostyka obrazowa,2025/008545,Pozarezydencki,73.58,4.42,31.03.2025 11:42:46,6,NIE,,
w-2025,13,16.04.2025,16.04.2025 09:50:33,6,77,Dolnośląskie,199,Radiologia i diagnostyka obrazowa,2025/003869,Pozarezydencki,64.35,3.58,31.03.2025 10:58:12,6,NIE,,
w-2025,13,16.04.2025,16.04.2025 09:50:33,6,77,Dolnośląskie,200,Radiologia i diagnostyka obrazowa,2025/008562,Pozarezydencki,59.09,0.00,21.03.2025 23:54:27,6,NIE,,
w-2025,13,16.04.2025,16.04.2025 09:50:33,6,77,Dolnośląskie,201,Radiologia i diagnostyka obrazowa,2025/007394,Pozarezydencki,57.34,3.60,28.02.2025 23:02:08,6,NIE,,
w-2025,13,16.04.2025,16.04.2025 09:50:33,6,77,Dolnośląskie,202,Radioterapia onkologiczna,2025/002961,Rezydencki,81.46,0.00,31.03.2025 04:50:37,1,NIE,,
w-2025,13,16.04.2025,16.04.2025 09:50:33,6,77,Dolnośląskie,203,Rehabilitacja medyczna,2025/006824,Rezydencki,79.52,4.68,28.02.2025 23:29:35,1,NIE,,
w-2025,13,16.04.2025,16.04.2025 09:50:33,6,77,Dolnośląskie,204,Rehabilitacja medyczna,2025/003399,Pozarezydencki,80.00,3.12,16.03.2025 03:37:59,2,NIE,,
w-2025,13,16.04.2025,16.04.2025 09:50:33,6,77,Dolnośląskie,205,Rehabilitacja medyczna,2025/002241,Pozarezydencki,52.73,0.00,19.03.2025 08:56:35,2,NIE,,
w-2025,13,16.04.2025,16.04.2025 09:50:33,6,77,Dolnośląskie,206,Reumatologia,2025/003096,Rezydencki,89.86,4.31,25.02.2025 17:39:04,1,NIE,,
w-2025,13,16.04.2025,16.04.2025 09:50:33,6,77,Dolnośląskie,207,Reumatologia,2025/006586,Pozarezydencki,81.31,4.36,21.03.2025 14:19:23,4,NIE,,
w-2025,13,16.04.2025,16.04.2025 09:50:33,6,77,Dolnośląskie,208,Reumatologia,2025/001993,Pozarezydencki,80.00,4.23,01.02.2025 15:33:54,4,NIE,,
w-2025,13,16.04.2025,16.04.2025 09:50:33,6,77,Dolnośląskie,209,Reumatologia,2025/002979,Pozarezydencki,65.89,3.55,06.02.2025 12:18:14,4,NIE,,
w-2025,13,16.04.2025,16.04.2025 09:50:33,6,77,Dolnośląskie,210,Reumatologia,2025/007987,Pozarezydencki,57.94,3.08,12.03.2025 11:20:28,4,NIE,,
w-2025,13,16.04.2025,16.04.2025 09:50:33,6,77,Dolnośląskie,211,Transplantologia kliniczna,2025/004332,Pozarezydencki,81.36,4.56,17.03.2025 14:31:01,1,NIE,,
w-2025,13,16.04.2025,16.04.2025 09:50:33,6,77,Dolnośląskie,212,Urologia,2025/006881,Rezydencki,93.14,4.07,12.03.2025 20:22:27,1,NIE,,
w-2025,13,16.04.2025,16.04.2025 09:50:33,6,77,Dolnośląskie,213,Urologia dziecięca,2025/002620,Pozarezydencki,90.23,4.16,04.02.2025 11:41:28,1,NIE,,
w-2025,13,16.04.2025,16.04.2025 09:50:33,6,77,Dolnośląskie,214,Zdrowie publiczne,2025/003282,Rezydencki,82.44,3.73,09.02.2025 10:43:08,1,NIE,,
w-2025,13,16.04.2025,16.04.2025 09:50:33,6,77,Dolnośląskie,215,Zdrowie publiczne,2025/008200,Pozarezydencki,74.07,4.31,18.03.2025 19:52:07,1,NIE,,
w-2025,13,16.04.2025,16.04.2025 09:50:33,6,77,Dolnośląskie,1,Dermatologia i wenerologia,2025/002094,Rezydencki,79.23,4.00,06.02.2025 10:35:32,1,TAK,Uniwersytecki Szpital Kliniczny im. Jana Mikulicza-Radeckiego we Wrocławiu,Oddział Kliniczny Dermatologii
w-2025,13,16.04.2025,16.04.2025 09:50:33,6,77,Kujawsko-pomorskie,1,Alergologia,2025/008626,Rezydencki,80.19,4.21,28.02.2025 23:13:23,1,NIE,,
w-2025,13,16.04.2025,16.04.2025 09:50:33,7,77,Kujawsko-pomorskie,2,Alergologia,2025/007947,Pozarezydencki,81.59,3.77,28.02.2025 11:52:21,3,NIE,,
w-2025,13,16.04.2025,16.04.2025 09:50:33,7,77,Kujawsko-pomorskie,3,Alergologia,2025/004315,Pozarezydencki,75.69,3.86,10.03.2025 13:29:24,3,NIE,,
w-2025,13,16.04.2025,16.04.2025 09:50:33,7,77,Kujawsko-pomorskie,4,Alergologia,2025/007132,Pozarezydencki,75.45,3.63,25.03.2025 20:11:52,3,NIE,,
w-2025,13,16.04.2025,16.04.2025 09:50:33,7,77,Kujawsko-pomorskie,5,Anestezjologia i intensywna terapia,2025/008392,Rezydencki,87.92,4.19,13.03.2025 14:28:13,4,NIE,,
w-2025,13,16.04.2025,16.04.2025 09:50:33,7,77,Kujawsko-pomorskie,6,Anestezjologia i intensywna terapia,2025/002549,Rezydencki,87.25,4.14,14.03.2025 08:15:10,4,NIE,,
w-2025,13,16.04.2025,16.04.2025 09:50:33,7,77,Kujawsko-pomorskie,7,Anestezjologia i intensywna terapia,2025/007844,Rezydencki,85.78,4.06,28.02.2025 17:42:32,4,NIE,,
w-2025,13,16.04.2025,16.04.2025 09:50:33,7,77,Kujawsko-pomorskie,8,Anestezjologia i intensywna terapia,2025/002224,Rezydencki,85.02,4.60,02.02.2025 20:56:56,4,NIE,,
w-2025,13,16.04.2025,16.04.2025 09:50:33,7,77,Kujawsko-pomorskie,9,Anestezjologia i intensywna terapia,2025/007392,Pozarezydencki,79.09,4.04,28.02.2025 13:06:00,2,NIE,,
w-2025,13,16.04.2025,16.04.2025 09:50:33,7,77,Kujawsko-pomorskie,10,Anestezjologia i intensywna terapia,2025/007015,Pozarezydencki,73.64,3.86,07.03.2025 10:26:52,2,NIE,,
w-2025,13,16.04.2025,16.04.2025 09:50:33,7,77,Kujawsko-pomorskie,11,Angiologia,2025/003281,Pozarezydencki,80.00,3.41,20.03.2025 07:39:59,1,NIE,,
w-2025,13,16.04.2025,16.04.2025 09:50:33,7,77,Kujawsko-pomorskie,12,Audiologia i foniatria,2025/007838,Pozarezydencki,65.00,4.18,08.03.2025 14:15:36,1,NIE,,
w-2025,13,16.04.2025,16.04.2025 09:50:33,7,77,Kujawsko-pomorskie,13,Balneologia i medycyna fizykalna,2025/007626,Pozarezydencki,84.55,0.00,11.03.2025 17:48:55,1,NIE,,
w-2025,13,16.04.2025,16.04.2025 09:50:33,7,77,Kujawsko-pomorskie,14,Chirurgia dziecięca,2025/006194,Rezydencki,82.84,4.44,27.02.2025 22:39:49,1,NIE,,
w-2025,13,16.04.2025,16.04.2025 09:50:33,7,77,Kujawsko-pomorskie,15,Chirurgia naczyniowa,2025/005589,Rezydencki,83.09,3.54,20.03.2025 08:29:38,1,NIE,,
w-2025,13,16.04.2025,16.04.2025 09:50:33,7,77,Kujawsko-pomorskie,16,Chirurgia ogólna,2025/008403,Rezydencki,65.69,3.83,11.03.2025 22:12:14,1,NIE,,
w-2025,13,16.04.2025,16.04.2025 09:50:33,7,77,Kujawsko-pomorskie,17,Chirurgia onkologiczna,2025/007764,Rezydencki,72.38,4.29,17.03.2025 16:09:23,1,NIE,,
w-2025,13,16.04.2025,16.04.2025 09:50:33,7,77,Kujawsko-pomorskie,18,Chirurgia onkologiczna,2025/002069,Pozarezydencki,80.00,4.97,13.03.2025 17:15:57,1,NIE,,
w-2025,13,16.04.2025,16.04.2025 09:50:33,7,77,Kujawsko-pomorskie,19,Chirurgia stomatologiczna,2025/003364,Rezydencki,85.24,4.50,18.02.2025 11:23:32,4,NIE,,
w-2025,13,16.04.2025,16.04.2025 09:50:33,7,77,Kujawsko-pomorskie,20,Chirurgia stomatologiczna,2025/004794,Rezydencki,84.76,3.73,06.03.2025 22:21:22,4,NIE,,
w-2025,13,16.04.2025,16.04.2025 09:50:33,7,77,Kujawsko-pomorskie,21,Chirurgia stomatologiczna,2025/004654,Rezydencki,84.29,3.84,27.02.2025 21:20:16,4,NIE,,
w-2025,13,16.04.2025,16.04.2025 09:50:33,7,77,Kujawsko-pomorskie,22,Chirurgia stomatologiczna,2025/003159,Rezydencki,84.13,4.07,13.02.2025 18:34:33,4,NIE,,
w-2025,13,16.04.2025,16.04.2025 09:50:33,7,77,Kujawsko-pomorskie,23,Chirurgia szczękowo-twarzowa,2025/007498,Rezydencki,83.81,3.61,27.02.2025 16:49:41,1,NIE,,
w-2025,13,16.04.2025,16.04.2025 09:50:33,7,77,Kujawsko-pomorskie,24,Choroby płuc,2025/008498,Rezydencki,83.09,3.92,28.02.2025 21:32:29,1,NIE,,
w-2025,13,16.04.2025,16.04.2025 09:50:33,7,77,Kujawsko-pomorskie,25,Choroby płuc,2025/003372,Pozarezydencki,78.04,2.98,26.02.2025 16:12:11,5,NIE,,
w-2025,13,16.04.2025,16.04.2025 09:50:33,7,77,Kujawsko-pomorskie,26,Choroby płuc,2025/002882,Pozarezydencki,77.73,3.24,19.03.2025 17:33:26,5,NIE,,
w-2025,13,16.04.2025,16.04.2025 09:50:33,7,77,Kujawsko-pomorskie,27,Choroby płuc,2025/007399,Pozarezydencki,75.45,3.86,28.02.2025 09:19:48,5,NIE,,
w-2025,13,16.04.2025,16.04.2025 09:50:33,7,77,Kujawsko-pomorskie,28,Choroby płuc,2025/005738,Pozarezydencki,75.45,3.18,10.03.2025 20:13:05,5,NIE,,
w-2025,13,16.04.2025,16.04.2025 09:50:33,7,77,Kujawsko-pomorskie,29,Choroby płuc,2025/007730,Pozarezydencki,73.27,3.68,27.02.2025 21:19:52,5,NIE,,
w-2025,13,16.04.2025,16.04.2025 09:50:33,7,77,Kujawsko-pomorskie,30,Choroby płuc dzieci,2025/002066,Pozarezydencki,80.00,4.60,07.02.2025 09:57:19,2,NIE,,
w-2025,13,16.04.2025,16.04.2025 09:50:33,7,77,Kujawsko-pomorskie,31,Choroby płuc dzieci,2025/006587,Pozarezydencki,72.22,3.89,25.02.2025 21:16:19,2,NIE,,
w-2025,13,16.04.2025,16.04.2025 09:50:33,7,77,Kujawsko-pomorskie,32,Choroby wewnętrzne,2025/003568,Rezydencki,73.53,4.56,10.02.2025 18:17:22,2,NIE,,
w-2025,13,16.04.2025,16.04.2025 09:50:33,7,77,Kujawsko-pomorskie,33,Choroby wewnętrzne,2025/005937,Rezydencki,65.20,3.25,23.02.2025 23:09:24,2,NIE,,
w-2025,13,16.04.2025,16.04.2025 09:50:33,7,77,Kujawsko-pomorskie,34,Endokrynologia,2025/003400,Pozarezydencki,84.33,4.42,10.02.2025 22:32:41,1,NIE,,
w-2025,13,16.04.2025,16.04.2025 09:50:33,7,77,Kujawsko-pomorskie,35,Endokrynologia i diabetologia dziecięca,2025/002167,Pozarezydencki,75.45,3.98,27.02.2025 19:00:36,1,NIE,,
w-2025,13,16.04.2025,16.04.2025 09:50:33,7,77,Kujawsko-pomorskie,36,Gastroenterologia dziecięca,2025/007021,Pozarezydencki,66.36,0.00,26.02.2025 20:32:42,1,NIE,,
w-2025,13,16.04.2025,16.04.2025 09:50:33,7,77,Kujawsko-pomorskie,37,Genetyka kliniczna,2025/007631,Rezydencki,85.24,3.34,28.02.2025 14:23:07,1,NIE,,
w-2025,13,16.04.2025,16.04.2025 09:50:33,7,77,Kujawsko-pomorskie,38,Geriatria,2025/001997,Rezydencki,75.24,3.90,18.03.2025 15:08:20,1,NIE,,
w-2025,13,16.04.2025,16.04.2025 09:50:33,7,77,Kujawsko-pomorskie,39,Geriatria,2025/003091,Pozarezydencki,89.09,3.79,21.03.2025 14:16:09,9,NIE,,
w-2025,13,16.04.2025,16.04.2025 09:50:33,8,77,Kujawsko-pomorskie,40,Geriatria,2025/005574,Pozarezydencki,88.86,4.25,25.03.2025 07:41:33,9,NIE,,
w-2025,13,16.04.2025,16.04.2025 09:50:33,8,77,Kujawsko-pomorskie,41,Geriatria,2025/004279,Pozarezydencki,82.27,3.90,24.03.2025 10:09:33,9,NIE,,
w-2025,13,16.04.2025,16.04.2025 09:50:33,8,77,Kujawsko-pomorskie,42,Geriatria,2025/005576,Pozarezydencki,80.00,3.88,26.03.2025 09:07:20,9,NIE,,
w-2025,13,16.04.2025,16.04.2025 09:50:33,8,77,Kujawsko-pomorskie,43,Geriatria,2025/008530,Pozarezydencki,75.45,3.70,11.03.2025 16:27:40,9,NIE,,
w-2025,13,16.04.2025,16.04.2025 09:50:33,8,77,Kujawsko-pomorskie,44,Geriatria,2025/008474,Pozarezydencki,70.91,3.34,28.02.2025 21:06:34,9,NIE,,
w-2025,13,16.04.2025,16.04.2025 09:50:33,8,77,Kujawsko-pomorskie,45,Geriatria,2025/005844,Pozarezydencki,70.91,3.12,25.02.2025 09:52:38,9,NIE,,
w-2025,13,16.04.2025,16.04.2025 09:50:33,8,77,Kujawsko-pomorskie,46,Geriatria,2025/007461,Pozarezydencki,66.36,3.37,12.03.2025 12:39:22,9,NIE,,
w-2025,13,16.04.2025,16.04.2025 09:50:33,8,77,Kujawsko-pomorskie,47,Geriatria,2025/005663,Pozarezydencki,58.88,2.98,25.03.2025 11:58:50,9,NIE,,
w-2025,13,16.04.2025,16.04.2025 09:50:33,8,77,Kujawsko-pomorskie,48,Ginekologia onkologiczna,2025/002861,Pozarezydencki,84.55,4.36,27.02.2025 19:23:59,2,NIE,,
w-2025,13,16.04.2025,16.04.2025 09:50:33,8,77,Kujawsko-pomorskie,49,Ginekologia onkologiczna,2025/007436,Pozarezydencki,70.91,3.09,24.03.2025 12:51:17,2,NIE,,
w-2025,13,16.04.2025,16.04.2025 09:50:33,8,77,Kujawsko-pomorskie,50,Hematologia,2025/005931,Rezydencki,88.78,3.90,23.02.2025 22:45:08,3,NIE,,
w-2025,13,16.04.2025,16.04.2025 09:50:33,8,77,Kujawsko-pomorskie,51,Hematologia,2025/005902,Rezydencki,87.07,4.29,11.03.2025 21:14:12,3,NIE,,
w-2025,13,16.04.2025,16.04.2025 09:50:33,8,77,Kujawsko-pomorskie,52,Hematologia,2025/007831,Rezydencki,75.85,3.39,16.03.2025 21:34:29,3,NIE,,
w-2025,13,16.04.2025,16.04.2025 09:50:33,8,77,Kujawsko-pomorskie,53,Kardiochirurgia,2025/006533,Rezydencki,76.67,3.77,27.02.2025 18:59:49,1,NIE,,
w-2025,13,16.04.2025,16.04.2025 09:50:33,8,77,Kujawsko-pomorskie,54,Kardiologia,2025/003369,Rezydencki,87.25,4.21,22.02.2025 19:20:26,4,NIE,,
w-2025,13,16.04.2025,16.04.2025 09:50:33,8,77,Kujawsko-pomorskie,55,Kardiologia,2025/007684,Rezydencki,86.76,4.07,28.02.2025 10:48:55,4,NIE,,
w-2025,13,16.04.2025,16.04.2025 09:50:33,8,77,Kujawsko-pomorskie,56,Kardiologia,2025/006895,Rezydencki,84.29,0.00,27.02.2025 10:19:52,4,NIE,,
w-2025,13,16.04.2025,16.04.2025 09:50:33,8,77,Kujawsko-pomorskie,57,Kardiologia,2025/008376,Rezydencki,74.76,3.40,17.03.2025 15:26:26,4,NIE,,
w-2025,13,16.04.2025,16.04.2025 09:50:33,8,77,Kujawsko-pomorskie,58,Kardiologia,2025/008572,Pozarezydencki,80.65,3.14,15.03.2025 21:29:51,4,NIE,,
w-2025,13,16.04.2025,16.04.2025 09:50:33,8,77,Kujawsko-pomorskie,59,Kardiologia,2025/002741,Pozarezydencki,71.14,4.02,11.03.2025 16:50:17,4,NIE,,
w-2025,13,16.04.2025,16.04.2025 09:50:33,8,77,Kujawsko-pomorskie,60,Kardiologia,2025/005847,Pozarezydencki,66.36,0.00,14.03.2025 22:55:03,4,NIE,,
w-2025,13,16.04.2025,16.04.2025 09:50:33,8,77,Kujawsko-pomorskie,61,Kardiologia,2025/006434,Pozarezydencki,61.82,3.45,15.03.2025 22:57:17,4,NIE,,
w-2025,13,16.04.2025,16.04.2025 09:50:33,8,77,Kujawsko-pomorskie,62,Medycyna paliatywna,2025/007017,Pozarezydencki,80.00,4.19,11.03.2025 21:09:38,1,NIE,,
w-2025,13,16.04.2025,16.04.2025 09:50:33,8,77,Kujawsko-pomorskie,63,Medycyna pracy,2025/007202,Rezydencki,82.84,0.00,17.03.2025 12:06:59,1,NIE,,
w-2025,13,16.04.2025,16.04.2025 09:50:33,8,77,Kujawsko-pomorskie,64,Medycyna pracy,2025/006419,Pozarezydencki,72.02,0.00,18.03.2025 11:58:08,2,NIE,,
w-2025,13,16.04.2025,16.04.2025 09:50:33,8,77,Kujawsko-pomorskie,65,Medycyna pracy,2025/008015,Pozarezydencki,57.87,3.35,28.02.2025 09:40:22,2,NIE,,
w-2025,13,16.04.2025,16.04.2025 09:50:33,8,77,Kujawsko-pomorskie,66,Medycyna ratunkowa,2025/006333,Rezydencki,62.86,2.85,14.03.2025 19:53:46,1,NIE,,
w-2025,13,16.04.2025,16.04.2025 09:50:33,8,77,Kujawsko-pomorskie,67,Medycyna ratunkowa,2025/006898,Pozarezydencki,65.89,3.65,13.03.2025 15:33:22,1,NIE,,
w-2025,13,16.04.2025,16.04.2025 09:50:33,8,77,Kujawsko-pomorskie,68,Medycyna rodzinna,2025/004614,Rezydencki,85.29,4.96,18.03.2025 19:44:47,11,NIE,,
w-2025,13,16.04.2025,16.04.2025 09:50:33,8,77,Kujawsko-pomorskie,69,Medycyna rodzinna,2025/003567,Rezydencki,85.29,4.82,10.02.2025 17:53:29,11,NIE,,
w-2025,13,16.04.2025,16.04.2025 09:50:33,8,77,Kujawsko-pomorskie,70,Medycyna rodzinna,2025/002683,Rezydencki,85.29,4.35,24.02.2025 19:39:03,11,NIE,,
w-2025,13,16.04.2025,16.04.2025 09:50:33,8,77,Kujawsko-pomorskie,71,Medycyna rodzinna,2025/007956,Rezydencki,85.02,4.10,28.02.2025 22:12:25,11,NIE,,
w-2025,13,16.04.2025,16.04.2025 09:50:33,8,77,Kujawsko-pomorskie,72,Medycyna rodzinna,2025/007744,Rezydencki,84.80,4.45,28.02.2025 21:25:42,11,NIE,,
w-2025,13,16.04.2025,16.04.2025 09:50:33,8,77,Kujawsko-pomorskie,73,Medycyna rodzinna,2025/006577,Rezydencki,83.82,3.27,28.02.2025 14:08:05,11,NIE,,
w-2025,13,16.04.2025,16.04.2025 09:50:33,8,77,Kujawsko-pomorskie,74,Medycyna rodzinna,2025/005666,Rezydencki,80.39,3.83,24.02.2025 18:53:02,11,NIE,,
w-2025,13,16.04.2025,16.04.2025 09:50:33,8,77,Kujawsko-pomorskie,75,Medycyna rodzinna,2025/007585,Rezydencki,78.10,4.87,11.03.2025 20:50:12,11,NIE,,
w-2025,13,16.04.2025,16.04.2025 09:50:33,8,77,Kujawsko-pomorskie,76,Medycyna rodzinna,2025/007614,Rezydencki,77.94,3.64,27.02.2025 19:47:06,11,NIE,,
w-2025,13,16.04.2025,16.04.2025 09:50:33,8,77,Kujawsko-pomorskie,77,Medycyna rodzinna,2025/006013,Rezydencki,77.07,3.92,18.03.2025 17:35:33,11,NIE,,
w-2025,13,16.04.2025,16.04.2025 09:50:33,9,77,Kujawsko-pomorskie,78,Medycyna rodzinna,2025/007442,Rezydencki,70.59,3.84,27.02.2025 14:51:20,11,NIE,,
w-2025,13,16.04.2025,16.04.2025 09:50:33,9,77,Kujawsko-pomorskie,79,Medycyna rodzinna,2025/002521,Pozarezydencki,84.42,3.61,12.03.2025 20:08:49,2,NIE,,
w-2025,13,16.04.2025,16.04.2025 09:50:33,9,77,Kujawsko-pomorskie,80,Medycyna rodzinna,2025/005771,Pozarezydencki,61.93,2.99,20.03.2025 20:30:27,2,NIE,,
w-2025,13,16.04.2025,16.04.2025 09:50:33,9,77,Kujawsko-pomorskie,81,Medycyna sportowa,2025/004735,Pozarezydencki,73.85,0.00,11.03.2025 11:50:20,3,NIE,,
w-2025,13,16.04.2025,16.04.2025 09:50:33,9,77,Kujawsko-pomorskie,82,Medycyna sportowa,2025/004222,Pozarezydencki,72.50,4.40,13.02.2025 23:28:45,3,NIE,,
w-2025,13,16.04.2025,16.04.2025 09:50:33,9,77,Kujawsko-pomorskie,83,Medycyna sportowa,2025/007583,Pozarezydencki,69.34,3.40,27.02.2025 19:39:31,3,NIE,,
w-2025,13,16.04.2025,16.04.2025 09:50:33,9,77,Kujawsko-pomorskie,84,Mikrobiologia lekarska,2025/008383,Pozarezydencki,76.50,0.00,28.02.2025 19:38:43,2,NIE,,
w-2025,13,16.04.2025,16.04.2025 09:50:33,9,77,Kujawsko-pomorskie,85,Mikrobiologia lekarska,2025/002209,Pozarezydencki,65.90,3.51,11.03.2025 12:16:50,2,NIE,,
w-2025,13,16.04.2025,16.04.2025 09:50:33,9,77,Kujawsko-pomorskie,86,Neonatologia,2025/004081,Pozarezydencki,52.73,0.00,18.03.2025 16:32:43,1,NIE,,
w-2025,13,16.04.2025,16.04.2025 09:50:33,9,77,Kujawsko-pomorskie,87,Neurochirurgia,2025/005707,Pozarezydencki,80.45,3.95,28.02.2025 16:26:12,1,NIE,,
w-2025,13,16.04.2025,16.04.2025 09:50:33,9,77,Kujawsko-pomorskie,88,Neurologia,2025/002831,Rezydencki,89.76,4.46,05.02.2025 13:48:24,4,NIE,,
w-2025,13,16.04.2025,16.04.2025 09:50:33,9,77,Kujawsko-pomorskie,89,Neurologia,2025/005579,Rezydencki,80.19,3.59,21.02.2025 18:55:14,4,NIE,,
w-2025,13,16.04.2025,16.04.2025 09:50:33,9,77,Kujawsko-pomorskie,90,Neurologia,2025/005362,Rezydencki,78.10,4.15,23.03.2025 19:49:07,4,NIE,,
w-2025,13,16.04.2025,16.04.2025 09:50:33,9,77,Kujawsko-pomorskie,91,Neurologia,2025/006600,Rezydencki,75.61,0.00,10.03.2025 10:08:10,4,NIE,,
w-2025,13,16.04.2025,16.04.2025 09:50:33,9,77,Kujawsko-pomorskie,92,Neurologia dziecięca,2025/001964,Pozarezydencki,82.27,4.32,17.03.2025 14:32:11,1,NIE,,
w-2025,13,16.04.2025,16.04.2025 09:50:33,9,77,Kujawsko-pomorskie,93,Okulistyka,2025/005352,Rezydencki,86.76,4.05,20.02.2025 19:11:38,3,NIE,,
w-2025,13,16.04.2025,16.04.2025 09:50:33,9,77,Kujawsko-pomorskie,94,Okulistyka,2025/007679,Rezydencki,86.67,3.64,08.03.2025 12:52:40,3,NIE,,
w-2025,13,16.04.2025,16.04.2025 09:50:33,9,77,Kujawsko-pomorskie,95,Okulistyka,2025/004090,Rezydencki,85.99,3.99,12.02.2025 20:19:47,3,NIE,,
w-2025,13,16.04.2025,16.04.2025 09:50:33,9,77,Kujawsko-pomorskie,96,Okulistyka,2025/002064,Pozarezydencki,81.11,4.43,01.02.2025 22:22:29,3,NIE,,
w-2025,13,16.04.2025,16.04.2025 09:50:33,9,77,Kujawsko-pomorskie,97,Okulistyka,2025/006765,Pozarezydencki,78.97,4.12,26.02.2025 12:39:50,3,NIE,,
w-2025,13,16.04.2025,16.04.2025 09:50:33,9,77,Kujawsko-pomorskie,98,Okulistyka,2025/007625,Pozarezydencki,78.64,3.82,27.02.2025 22:51:16,3,NIE,,
w-2025,13,16.04.2025,16.04.2025 09:50:33,9,77,Kujawsko-pomorskie,99,Ortopedia i traumatologia narządu ruchu,2025/005896,Rezydencki,78.10,3.98,28.02.2025 16:04:43,2,NIE,,
w-2025,13,16.04.2025,16.04.2025 09:50:33,9,77,Kujawsko-pomorskie,100,Ortopedia i traumatologia narządu ruchu,2025/008459,Rezydencki,64.25,0.00,22.03.2025 00:17:16,2,NIE,,
w-2025,13,16.04.2025,16.04.2025 09:50:33,9,77,Kujawsko-pomorskie,101,Otorynolaryngologia,2025/001961,Rezydencki,86.83,4.32,26.02.2025 22:18:06,3,NIE,,
w-2025,13,16.04.2025,16.04.2025 09:50:33,9,77,Kujawsko-pomorskie,102,Otorynolaryngologia,2025/007153,Rezydencki,85.78,3.93,28.02.2025 17:14:44,3,NIE,,
w-2025,13,16.04.2025,16.04.2025 09:50:33,9,77,Kujawsko-pomorskie,103,Otorynolaryngologia,2025/008652,Rezydencki,85.78,3.73,27.03.2025 11:02:48,3,NIE,,
w-2025,13,16.04.2025,16.04.2025 09:50:33,9,77,Kujawsko-pomorskie,104,Otorynolaryngologia dziecięca,2025/007427,Pozarezydencki,52.27,0.00,19.03.2025 12:47:45,1,NIE,,
w-2025,13,16.04.2025,16.04.2025 09:50:33,9,77,Kujawsko-pomorskie,105,Pediatria,2025/004288,Rezydencki,85.24,4.84,15.03.2025 11:41:48,3,NIE,,
w-2025,13,16.04.2025,16.04.2025 09:50:33,9,77,Kujawsko-pomorskie,106,Pediatria,2025/003051,Rezydencki,84.54,4.18,14.03.2025 18:58:20,3,NIE,,
w-2025,13,16.04.2025,16.04.2025 09:50:33,9,77,Kujawsko-pomorskie,107,Pediatria,2025/006821,Rezydencki,75.71,3.44,08.03.2025 15:19:27,3,NIE,,
w-2025,13,16.04.2025,16.04.2025 09:50:33,9,77,Kujawsko-pomorskie,108,Perinatologia,2025/003872,Pozarezydencki,76.36,3.19,09.03.2025 21:32:05,2,NIE,,
w-2025,13,16.04.2025,16.04.2025 09:50:33,9,77,Kujawsko-pomorskie,109,Perinatologia,2025/005983,Pozarezydencki,66.36,3.47,12.03.2025 11:30:20,2,NIE,,
w-2025,13,16.04.2025,16.04.2025 09:50:33,9,77,Kujawsko-pomorskie,110,Periodontologia,2025/003141,Rezydencki,84.29,4.40,10.02.2025 14:30:17,1,NIE,,
w-2025,13,16.04.2025,16.04.2025 09:50:33,9,77,Kujawsko-pomorskie,111,Położnictwo i ginekologia,2025/002146,Rezydencki,89.37,4.10,28.02.2025 23:57:51,3,NIE,,
w-2025,13,16.04.2025,16.04.2025 09:50:33,9,77,Kujawsko-pomorskie,112,Położnictwo i ginekologia,2025/006515,Rezydencki,74.29,3.55,31.03.2025 10:14:36,3,NIE,,
w-2025,13,16.04.2025,16.04.2025 09:50:33,9,77,Kujawsko-pomorskie,113,Położnictwo i ginekologia,2025/007254,Rezydencki,72.38,4.13,12.03.2025 12:53:12,3,NIE,,
w-2025,13,16.04.2025,16.04.2025 09:50:33,9,77,Kujawsko-pomorskie,114,Protetyka stomatologiczna,2025/003174,Rezydencki,81.43,0.00,07.03.2025 20:40:00,2,NIE,,
w-2025,13,16.04.2025,16.04.2025 09:50:33,9,77,Kujawsko-pomorskie,115,Protetyka stomatologiczna,2025/004130,Rezydencki,80.00,3.80,13.02.2025 11:34:14,2,NIE,,
w-2025,13,16.04.2025,16.04.2025 09:50:33,10,77,Kujawsko-pomorskie,116,Psychiatria,2025/005923,Rezydencki,86.19,3.94,26.02.2025 20:23:29,7,NIE,,
w-2025,13,16.04.2025,16.04.2025 09:50:33,10,77,Kujawsko-pomorskie,117,Psychiatria,2025/008258,Rezydencki,83.17,3.68,15.03.2025 23:08:13,7,NIE,,
w-2025,13,16.04.2025,16.04.2025 09:50:33,10,77,Kujawsko-pomorskie,118,Psychiatria,2025/002265,Rezydencki,79.51,3.21,21.03.2025 14:05:40,7,NIE,,
w-2025,13,16.04.2025,16.04.2025 09:50:33,10,77,Kujawsko-pomorskie,119,Psychiatria,2025/005343,Rezydencki,79.05,4.21,10.03.2025 11:53:29,7,NIE,,
w-2025,13,16.04.2025,16.04.2025 09:50:33,10,77,Kujawsko-pomorskie,120,Psychiatria,2025/006747,Rezydencki,78.10,3.28,11.03.2025 13:33:29,7,NIE,,
w-2025,13,16.04.2025,16.04.2025 09:50:33,10,77,Kujawsko-pomorskie,121,Psychiatria,2025/007676,Rezydencki,74.40,0.00,27.02.2025 20:39:26,7,NIE,,
w-2025,13,16.04.2025,16.04.2025 09:50:33,10,77,Kujawsko-pomorskie,122,Psychiatria,2025/007637,Rezydencki,73.33,0.00,12.03.2025 22:54:13,7,NIE,,
w-2025,13,16.04.2025,16.04.2025 09:50:33,10,77,Kujawsko-pomorskie,123,Radiologia i diagnostyka obrazowa,2025/007441,Rezydencki,86.67,4.07,27.02.2025 14:34:50,5,NIE,,
w-2025,13,16.04.2025,16.04.2025 09:50:33,10,77,Kujawsko-pomorskie,124,Radiologia i diagnostyka obrazowa,2025/007771,Rezydencki,86.19,4.22,28.02.2025 19:45:25,5,NIE,,
w-2025,13,16.04.2025,16.04.2025 09:50:33,10,77,Kujawsko-pomorskie,125,Radiologia i diagnostyka obrazowa,2025/002863,Rezydencki,85.29,4.10,11.03.2025 09:55:30,5,NIE,,
w-2025,13,16.04.2025,16.04.2025 09:50:33,10,77,Kujawsko-pomorskie,126,Radiologia i diagnostyka obrazowa,2025/008295,Rezydencki,85.29,0.00,28.02.2025 23:40:51,5,NIE,,
w-2025,13,16.04.2025,16.04.2025 09:50:33,10,77,Kujawsko-pomorskie,127,Radiologia i diagnostyka obrazowa,2025/005661,Rezydencki,84.31,4.24,11.03.2025 09:33:48,5,NIE,,
w-2025,13,16.04.2025,16.04.2025 09:50:33,10,77,Kujawsko-pomorskie,128,Radiologia i diagnostyka obrazowa,2025/005796,Pozarezydencki,70.56,3.36,04.03.2025 21:59:31,2,NIE,,
w-2025,13,16.04.2025,16.04.2025 09:50:33,10,77,Kujawsko-pomorskie,129,Radiologia i diagnostyka obrazowa,2025/008329,Pozarezydencki,66.12,3.47,28.02.2025 18:30:50,2,NIE,,
w-2025,13,16.04.2025,16.04.2025 09:50:33,10,77,Kujawsko-pomorskie,130,Radioterapia onkologiczna,2025/008364,Rezydencki,75.61,3.43,13.03.2025 20:27:55,1,NIE,,
w-2025,13,16.04.2025,16.04.2025 09:50:33,10,77,Kujawsko-pomorskie,131,Rehabilitacja medyczna,2025/006965,Pozarezydencki,57.53,0.00,27.02.2025 09:30:10,1,NIE,,
w-2025,13,16.04.2025,16.04.2025 09:50:33,10,77,Kujawsko-pomorskie,132,Reumatologia,2025/006923,Pozarezydencki,75.45,4.16,26.02.2025 18:14:17,2,NIE,,
w-2025,13,16.04.2025,16.04.2025 09:50:33,10,77,Kujawsko-pomorskie,133,Reumatologia,2025/003898,Pozarezydencki,73.83,4.31,26.02.2025 23:31:58,2,NIE,,
w-2025,13,16.04.2025,16.04.2025 09:50:33,10,77,Kujawsko-pomorskie,134,Stomatologia zachowawcza z endodoncją,2025/005929,Rezydencki,75.60,4.03,12.03.2025 14:46:23,2,NIE,,
w-2025,13,16.04.2025,16.04.2025 09:50:33,10,77,Kujawsko-pomorskie,135,Stomatologia zachowawcza z endodoncją,2025/001951,Rezydencki,67.79,3.98,08.02.2025 09:18:04,2,NIE,,
w-2025,13,16.04.2025,16.04.2025 09:50:33,10,77,Lubelskie,1,Alergologia,2025/007539,Rezydencki,89.27,4.54,28.02.2025 11:25:22,1,NIE,,
w-2025,13,16.04.2025,16.04.2025 09:50:33,10,77,Lubelskie,2,Alergologia,2025/005905,Pozarezydencki,83.18,4.57,14.03.2025 11:05:00,2,NIE,,
w-2025,13,16.04.2025,16.04.2025 09:50:33,10,77,Lubelskie,3,Alergologia,2025/008607,Pozarezydencki,73.18,4.32,10.03.2025 22:12:27,2,NIE,,
w-2025,13,16.04.2025,16.04.2025 09:50:33,10,77,Lubelskie,4,Anestezjologia i intensywna terapia,2025/007699,Rezydencki,87.44,3.89,11.03.2025 10:35:35,5,NIE,,
w-2025,13,16.04.2025,16.04.2025 09:50:33,10,77,Lubelskie,5,Anestezjologia i intensywna terapia,2025/002866,Rezydencki,87.01,3.98,03.03.2025 23:07:12,5,NIE,,
w-2025,13,16.04.2025,16.04.2025 09:50:33,10,77,Lubelskie,6,Anestezjologia i intensywna terapia,2025/002126,Rezydencki,86.34,3.79,09.03.2025 18:51:02,5,NIE,,
w-2025,13,16.04.2025,16.04.2025 09:50:33,10,77,Lubelskie,7,Anestezjologia i intensywna terapia,2025/005162,Rezydencki,84.29,0.00,14.03.2025 11:19:49,5,NIE,,
w-2025,13,16.04.2025,16.04.2025 09:50:33,10,77,Lubelskie,8,Anestezjologia i intensywna terapia,2025/002180,Rezydencki,84.06,3.79,02.02.2025 17:18:05,5,NIE,,
w-2025,13,16.04.2025,16.04.2025 09:50:33,10,77,Lubelskie,9,Audiologia i foniatria,2025/003620,Pozarezydencki,75.45,4.04,05.03.2025 21:50:51,1,NIE,,
w-2025,13,16.04.2025,16.04.2025 09:50:33,10,77,Lubelskie,10,Chirurgia plastyczna,2025/001904,Rezydencki,92.16,4.39,14.02.2025 18:27:30,5,NIE,,
w-2025,13,16.04.2025,16.04.2025 09:50:33,10,77,Lubelskie,11,Chirurgia plastyczna,2025/005704,Rezydencki,91.79,4.29,16.03.2025 19:45:03,5,NIE,,
w-2025,13,16.04.2025,16.04.2025 09:50:33,10,77,Lubelskie,12,Chirurgia plastyczna,2025/005036,Rezydencki,91.06,4.27,14.03.2025 09:42:10,5,NIE,,
w-2025,13,16.04.2025,16.04.2025 09:50:33,10,77,Lubelskie,13,Chirurgia plastyczna,2025/007662,Rezydencki,90.82,4.17,28.02.2025 00:06:23,5,NIE,,
w-2025,13,16.04.2025,16.04.2025 09:50:33,10,77,Lubelskie,14,Chirurgia plastyczna,2025/007909,Rezydencki,90.69,4.13,28.02.2025 20:22:50,5,NIE,,
w-2025,13,16.04.2025,16.04.2025 09:50:33,11,77,Lubelskie,15,Chirurgia stomatologiczna,2025/004627,Rezydencki,86.12,4.41,04.03.2025 13:41:35,4,NIE,,
w-2025,13,16.04.2025,16.04.2025 09:50:33,11,77,Lubelskie,16,Chirurgia stomatologiczna,2025/004000,Rezydencki,85.71,3.98,14.03.2025 13:19:05,4,NIE,,
w-2025,13,16.04.2025,16.04.2025 09:50:33,11,77,Lubelskie,17,Chirurgia stomatologiczna,2025/004287,Rezydencki,85.24,0.00,28.02.2025 21:13:15,4,NIE,,
w-2025,13,16.04.2025,16.04.2025 09:50:33,11,77,Lubelskie,18,Chirurgia stomatologiczna,2025/003144,Rezydencki,83.81,4.14,08.03.2025 14:53:54,4,NIE,,
w-2025,13,16.04.2025,16.04.2025 09:50:33,11,77,Lubelskie,19,Choroby płuc,2025/005967,Rezydencki,90.00,3.97,28.02.2025 17:07:56,3,NIE,,
w-2025,13,16.04.2025,16.04.2025 09:50:33,11,77,Lubelskie,20,Choroby płuc,2025/003366,Rezydencki,89.27,4.00,09.02.2025 19:31:01,3,NIE,,
w-2025,13,16.04.2025,16.04.2025 09:50:33,11,77,Lubelskie,21,Choroby płuc,2025/006406,Rezydencki,81.71,3.53,18.03.2025 10:34:40,3,NIE,,
w-2025,13,16.04.2025,16.04.2025 09:50:33,11,77,Lubelskie,22,Choroby płuc,2025/004312,Pozarezydencki,84.55,4.66,06.03.2025 20:00:19,2,NIE,,
w-2025,13,16.04.2025,16.04.2025 09:50:33,11,77,Lubelskie,23,Choroby płuc,2025/006379,Pozarezydencki,74.31,4.37,17.03.2025 17:51:06,2,NIE,,
w-2025,13,16.04.2025,16.04.2025 09:50:33,11,77,Lubelskie,24,Choroby wewnętrzne,2025/003902,Rezydencki,82.38,3.57,24.03.2025 11:32:10,3,NIE,,
w-2025,13,16.04.2025,16.04.2025 09:50:33,11,77,Lubelskie,25,Choroby wewnętrzne,2025/007522,Rezydencki,78.26,4.17,17.03.2025 08:49:09,3,NIE,,
w-2025,13,16.04.2025,16.04.2025 09:50:33,11,77,Lubelskie,26,Choroby wewnętrzne,2025/007598,Rezydencki,62.38,3.11,11.03.2025 13:50:17,3,NIE,,
w-2025,13,16.04.2025,16.04.2025 09:50:33,11,77,Lubelskie,27,Diabetologia,2025/005763,Pozarezydencki,81.40,4.13,08.03.2025 18:27:29,1,NIE,,
w-2025,13,16.04.2025,16.04.2025 09:50:33,11,77,Lubelskie,28,Endokrynologia,2025/006878,Rezydencki,91.30,4.05,05.03.2025 21:40:31,1,NIE,,
w-2025,13,16.04.2025,16.04.2025 09:50:33,11,77,Lubelskie,29,Endokrynologia,2025/003064,Pozarezydencki,84.11,4.25,16.02.2025 21:07:02,2,NIE,,
w-2025,13,16.04.2025,16.04.2025 09:50:33,11,77,Lubelskie,30,Endokrynologia,2025/006883,Pozarezydencki,84.09,4.04,07.03.2025 19:27:38,2,NIE,,
w-2025,13,16.04.2025,16.04.2025 09:50:33,11,77,Lubelskie,31,Endokrynologia ginekologiczna i rozrodczość,2025/004359,Pozarezydencki,84.65,3.56,15.02.2025 13:16:16,2,NIE,,
w-2025,13,16.04.2025,16.04.2025 09:50:33,11,77,Lubelskie,32,Endokrynologia ginekologiczna i rozrodczość,2025/002940,Pozarezydencki,84.55,3.85,14.03.2025 19:29:08,2,NIE,,
w-2025,13,16.04.2025,16.04.2025 09:50:33,11,77,Lubelskie,33,Gastroenterologia,2025/006667,Rezydencki,90.10,4.27,17.03.2025 12:11:59,2,NIE,,
w-2025,13,16.04.2025,16.04.2025 09:50:33,11,77,Lubelskie,34,Gastroenterologia,2025/007877,Rezydencki,85.71,3.75,14.03.2025 17:03:08,2,NIE,,
w-2025,13,16.04.2025,16.04.2025 09:50:33,11,77,Lubelskie,35,Gastroenterologia,2025/007303,Pozarezydencki,82.71,4.37,06.03.2025 12:31:44,1,NIE,,
w-2025,13,16.04.2025,16.04.2025 09:50:33,11,77,Lubelskie,36,Gastroenterologia dziecięca,2025/006903,Pozarezydencki,81.25,4.60,06.03.2025 08:31:43,1,NIE,,
w-2025,13,16.04.2025,16.04.2025 09:50:33,11,77,Lubelskie,37,Genetyka kliniczna,2025/004399,Pozarezydencki,71.50,3.95,15.02.2025 19:22:00,1,NIE,,
w-2025,13,16.04.2025,16.04.2025 09:50:33,11,77,Lubelskie,38,Geriatria,2025/003424,Rezydencki,57.97,2.68,13.03.2025 11:25:43,1,NIE,,
w-2025,13,16.04.2025,16.04.2025 09:50:33,11,77,Lubelskie,39,Ginekologia onkologiczna,2025/008518,Pozarezydencki,61.82,0.00,28.02.2025 21:38:18,1,NIE,,
w-2025,13,16.04.2025,16.04.2025 09:50:33,11,77,Lubelskie,40,Hipertensjologia,2025/006641,Pozarezydencki,75.45,3.51,25.02.2025 23:16:08,1,NIE,,
w-2025,13,16.04.2025,16.04.2025 09:50:33,11,77,Lubelskie,41,Immunologia kliniczna,2025/006845,Pozarezydencki,78.74,4.79,13.03.2025 14:34:31,1,NIE,,
w-2025,13,16.04.2025,16.04.2025 09:50:33,11,77,Lubelskie,42,Kardiochirurgia,2025/006981,Rezydencki,65.69,4.00,17.03.2025 12:53:55,1,NIE,,
w-2025,13,16.04.2025,16.04.2025 09:50:33,11,77,Lubelskie,43,Kardiologia,2025/005729,Rezydencki,88.89,3.76,23.02.2025 10:54:28,10,NIE,,
w-2025,13,16.04.2025,16.04.2025 09:50:33,11,77,Lubelskie,44,Kardiologia,2025/006926,Rezydencki,88.73,4.59,26.02.2025 18:16:45,10,NIE,,
w-2025,13,16.04.2025,16.04.2025 09:50:33,11,77,Lubelskie,45,Kardiologia,2025/007849,Rezydencki,86.76,3.88,27.02.2025 22:49:36,10,NIE,,
w-2025,13,16.04.2025,16.04.2025 09:50:33,11,77,Lubelskie,46,Kardiologia,2025/004967,Rezydencki,86.52,3.96,07.03.2025 08:59:35,10,NIE,,
w-2025,13,16.04.2025,16.04.2025 09:50:33,11,77,Lubelskie,47,Kardiologia,2025/002139,Rezydencki,86.10,3.79,02.02.2025 14:01:05,10,NIE,,
w-2025,13,16.04.2025,16.04.2025 09:50:33,11,77,Lubelskie,48,Kardiologia,2025/007809,Rezydencki,85.00,3.58,27.02.2025 22:18:56,10,NIE,,
w-2025,13,16.04.2025,16.04.2025 09:50:33,11,77,Lubelskie,49,Kardiologia,2025/007830,Rezydencki,85.00,3.46,28.02.2025 17:40:01,10,NIE,,
w-2025,13,16.04.2025,16.04.2025 09:50:33,11,77,Lubelskie,50,Kardiologia,2025/007471,Rezydencki,84.31,3.69,06.03.2025 10:40:13,10,NIE,,
w-2025,13,16.04.2025,16.04.2025 09:50:33,11,77,Lubelskie,51,Kardiologia,2025/003849,Rezydencki,81.64,0.00,13.03.2025 12:11:24,10,NIE,,
w-2025,13,16.04.2025,16.04.2025 09:50:33,11,77,Lubelskie,52,Kardiologia,2025/003036,Rezydencki,78.54,3.22,16.03.2025 22:37:11,10,NIE,,
w-2025,13,16.04.2025,16.04.2025 09:50:33,12,77,Lubelskie,53,Kardiologia,2025/005015,Pozarezydencki,70.83,4.53,24.02.2025 20:55:25,3,NIE,,
w-2025,13,16.04.2025,16.04.2025 09:50:33,12,77,Lubelskie,54,Kardiologia,2025/006733,Pozarezydencki,61.82,0.00,10.03.2025 11:45:33,3,NIE,,
w-2025,13,16.04.2025,16.04.2025 09:50:33,12,77,Lubelskie,55,Kardiologia,2025/007065,Pozarezydencki,52.75,0.00,26.03.2025 17:39:11,3,NIE,,
w-2025,13,16.04.2025,16.04.2025 09:50:33,12,77,Lubelskie,56,Medycyna nuklearna,2025/005915,Rezydencki,82.13,3.84,13.03.2025 17:28:39,1,NIE,,
w-2025,13,16.04.2025,16.04.2025 09:50:33,12,77,Lubelskie,57,Medycyna paliatywna,2025/003037,Pozarezydencki,80.00,4.43,11.03.2025 11:29:21,3,NIE,,
w-2025,13,16.04.2025,16.04.2025 09:50:33,12,77,Lubelskie,58,Medycyna paliatywna,2025/002740,Pozarezydencki,61.82,0.00,23.03.2025 16:14:34,3,NIE,,
w-2025,13,16.04.2025,16.04.2025 09:50:33,12,77,Lubelskie,59,Medycyna paliatywna,2025/005029,Pozarezydencki,57.55,3.26,11.03.2025 19:25:53,3,NIE,,
w-2025,13,16.04.2025,16.04.2025 09:50:33,12,77,Lubelskie,60,Medycyna ratunkowa,2025/002072,Rezydencki,53.59,2.85,18.03.2025 11:23:04,1,NIE,,
w-2025,13,16.04.2025,16.04.2025 09:50:33,12,77,Lubelskie,61,Medycyna rodzinna,2025/007897,Rezydencki,87.92,4.45,28.02.2025 21:30:13,6,NIE,,
w-2025,13,16.04.2025,16.04.2025 09:50:33,12,77,Lubelskie,62,Medycyna rodzinna,2025/005798,Rezydencki,87.80,4.06,23.02.2025 15:15:09,6,NIE,,
w-2025,13,16.04.2025,16.04.2025 09:50:33,12,77,Lubelskie,63,Medycyna rodzinna,2025/007547,Rezydencki,84.05,3.80,03.03.2025 14:43:30,6,NIE,,
w-2025,13,16.04.2025,16.04.2025 09:50:33,12,77,Lubelskie,64,Medycyna rodzinna,2025/004827,Rezydencki,83.90,3.71,18.02.2025 10:55:27,6,NIE,,
w-2025,13,16.04.2025,16.04.2025 09:50:33,12,77,Lubelskie,65,Medycyna rodzinna,2025/006482,Rezydencki,80.48,3.79,25.02.2025 21:20:00,6,NIE,,
w-2025,13,16.04.2025,16.04.2025 09:50:33,12,77,Lubelskie,66,Medycyna rodzinna,2025/006525,Rezydencki,79.05,0.00,24.03.2025 22:35:05,6,NIE,,
w-2025,13,16.04.2025,16.04.2025 09:50:33,12,77,Lubelskie,67,Medycyna rodzinna,2025/003818,Pozarezydencki,75.45,4.34,07.03.2025 15:38:52,3,NIE,,
w-2025,13,16.04.2025,16.04.2025 09:50:33,12,77,Lubelskie,68,Medycyna rodzinna,2025/004539,Pozarezydencki,70.09,4.05,05.03.2025 21:42:28,3,NIE,,
w-2025,13,16.04.2025,16.04.2025 09:50:33,12,77,Lubelskie,69,Medycyna rodzinna,2025/004213,Pozarezydencki,62.04,3.38,05.03.2025 16:59:39,3,NIE,,
w-2025,13,16.04.2025,16.04.2025 09:50:33,12,77,Lubelskie,70,Medycyna sportowa,2025/006788,Rezydencki,79.41,3.95,06.03.2025 21:19:23,1,NIE,,
w-2025,13,16.04.2025,16.04.2025 09:50:33,12,77,Lubelskie,71,Nefrologia,2025/004148,Pozarezydencki,55.68,2.89,06.03.2025 11:51:18,1,NIE,,
w-2025,13,16.04.2025,16.04.2025 09:50:33,12,77,Lubelskie,72,Nefrologia dziecięca,2025/003604,Rezydencki,80.19,3.41,26.02.2025 21:03:56,1,NIE,,
w-2025,13,16.04.2025,16.04.2025 09:50:33,12,77,Lubelskie,73,Neonatologia,2025/005703,Pozarezydencki,73.18,4.05,13.03.2025 22:19:02,1,NIE,,
w-2025,13,16.04.2025,16.04.2025 09:50:33,12,77,Lubelskie,74,Neurochirurgia,2025/002694,Pozarezydencki,86.64,3.97,12.03.2025 16:17:19,1,NIE,,
w-2025,13,16.04.2025,16.04.2025 09:50:33,12,77,Lubelskie,75,Neurologia,2025/007588,Rezydencki,88.24,3.45,27.02.2025 19:10:25,1,NIE,,
w-2025,13,16.04.2025,16.04.2025 09:50:33,12,77,Lubelskie,76,Okulistyka,2025/006011,Rezydencki,91.79,4.41,27.02.2025 12:40:28,6,NIE,,
w-2025,13,16.04.2025,16.04.2025 09:50:33,12,77,Lubelskie,77,Okulistyka,2025/001973,Rezydencki,89.37,4.18,14.03.2025 08:47:44,6,NIE,,
w-2025,13,16.04.2025,16.04.2025 09:50:33,12,77,Lubelskie,78,Okulistyka,2025/004939,Rezydencki,88.73,3.68,26.02.2025 15:17:07,6,NIE,,
w-2025,13,16.04.2025,16.04.2025 09:50:33,12,77,Lubelskie,79,Okulistyka,2025/007915,Rezydencki,88.41,3.98,18.03.2025 13:00:25,6,NIE,,
w-2025,13,16.04.2025,16.04.2025 09:50:33,12,77,Lubelskie,80,Okulistyka,2025/006206,Rezydencki,88.24,3.96,26.02.2025 18:57:27,6,NIE,,
w-2025,13,16.04.2025,16.04.2025 09:50:33,12,77,Lubelskie,81,Okulistyka,2025/005625,Rezydencki,87.25,4.21,14.03.2025 08:04:43,6,NIE,,
w-2025,13,16.04.2025,16.04.2025 09:50:33,12,77,Lubelskie,82,Okulistyka,2025/007928,Pozarezydencki,80.47,4.17,17.03.2025 20:37:24,6,NIE,,
w-2025,13,16.04.2025,16.04.2025 09:50:33,12,77,Lubelskie,83,Okulistyka,2025/007737,Pozarezydencki,80.37,3.68,13.03.2025 19:00:33,6,NIE,,
w-2025,13,16.04.2025,16.04.2025 09:50:33,12,77,Lubelskie,84,Okulistyka,2025/006175,Pozarezydencki,79.77,3.68,18.03.2025 12:33:49,6,NIE,,
w-2025,13,16.04.2025,16.04.2025 09:50:33,12,77,Lubelskie,85,Okulistyka,2025/004344,Pozarezydencki,73.27,3.94,27.02.2025 22:06:47,6,NIE,,
w-2025,13,16.04.2025,16.04.2025 09:50:33,12,77,Lubelskie,86,Okulistyka,2025/006116,Pozarezydencki,72.73,4.64,10.03.2025 16:54:05,6,NIE,,
w-2025,13,16.04.2025,16.04.2025 09:50:33,12,77,Lubelskie,87,Okulistyka,2025/007178,Pozarezydencki,72.73,3.68,18.03.2025 19:04:30,6,NIE,,
w-2025,13,16.04.2025,16.04.2025 09:50:33,12,77,Lubelskie,88,Onkologia kliniczna,2025/005734,Rezydencki,82.62,3.69,13.03.2025 14:39:37,1,NIE,,
w-2025,13,16.04.2025,16.04.2025 09:50:33,12,77,Lubelskie,89,Onkologia kliniczna,2025/005364,Pozarezydencki,80.00,3.70,18.03.2025 15:10:59,1,NIE,,
w-2025,13,16.04.2025,16.04.2025 09:50:33,12,77,Lubelskie,90,Ortopedia i traumatologia narządu ruchu,2025/005319,Rezydencki,81.64,3.92,19.03.2025 18:00:08,4,NIE,,
w-2025,13,16.04.2025,16.04.2025 09:50:33,13,77,Lubelskie,91,Ortopedia i traumatologia narządu ruchu,2025/007018,Rezydencki,77.78,3.22,10.03.2025 12:18:16,4,NIE,,
w-2025,13,16.04.2025,16.04.2025 09:50:33,13,77,Lubelskie,92,Ortopedia i traumatologia narządu ruchu,2025/008069,Rezydencki,69.57,3.11,10.03.2025 17:09:38,4,NIE,,
w-2025,13,16.04.2025,16.04.2025 09:50:33,13,77,Lubelskie,93,Ortopedia i traumatologia narządu ruchu,2025/002479,Rezydencki,58.54,3.49,13.03.2025 15:37:28,4,NIE,,
w-2025,13,16.04.2025,16.04.2025 09:50:33,13,77,Lubelskie,94,Ortopedia i traumatologia narządu ruchu,2025/003814,Pozarezydencki,76.91,3.48,17.03.2025 23:45:47,2,NIE,,
w-2025,13,16.04.2025,16.04.2025 09:50:33,13,77,Lubelskie,95,Ortopedia i traumatologia narządu ruchu,2025/004419,Pozarezydencki,58.88,2.82,13.03.2025 09:53:12,2,NIE,,
w-2025,13,16.04.2025,16.04.2025 09:50:33,13,77,Lubelskie,96,Otorynolaryngologia,2025/003355,Rezydencki,86.23,4.29,06.03.2025 19:14:09,1,NIE,,
w-2025,13,16.04.2025,16.04.2025 09:50:33,13,77,Lubelskie,97,Otorynolaryngologia dziecięca,2025/002911,Pozarezydencki,72.64,3.98,14.03.2025 20:54:21,1,NIE,,
w-2025,13,16.04.2025,16.04.2025 09:50:33,13,77,Lubelskie,98,Patomorfologia,2025/006912,Rezydencki,61.84,0.00,10.03.2025 12:28:13,1,NIE,,
w-2025,13,16.04.2025,16.04.2025 09:50:33,13,77,Lubelskie,99,Pediatria,2025/002842,Rezydencki,92.16,4.17,05.02.2025 14:38:48,5,NIE,,
w-2025,13,16.04.2025,16.04.2025 09:50:33,13,77,Lubelskie,100,Pediatria,2025/007946,Rezydencki,89.86,4.69,28.02.2025 00:29:12,5,NIE,,
w-2025,13,16.04.2025,16.04.2025 09:50:33,13,77,Lubelskie,101,Pediatria,2025/005164,Rezydencki,89.13,4.06,10.03.2025 12:36:24,5,NIE,,
w-2025,13,16.04.2025,16.04.2025 09:50:33,13,77,Lubelskie,102,Pediatria,2025/008046,Rezydencki,80.95,0.00,13.03.2025 11:12:00,5,NIE,,
w-2025,13,16.04.2025,16.04.2025 09:50:33,13,77,Lubelskie,103,Pediatria,2025/006464,Rezydencki,77.94,0.00,27.02.2025 20:44:11,5,NIE,,
w-2025,13,16.04.2025,16.04.2025 09:50:33,13,77,Lubelskie,104,Periodontologia,2025/006456,Rezydencki,83.50,4.07,26.02.2025 18:23:05,1,NIE,,
w-2025,13,16.04.2025,16.04.2025 09:50:33,13,77,Lubelskie,105,Położnictwo i ginekologia,2025/002854,Rezydencki,88.48,4.22,11.03.2025 21:41:03,5,NIE,,
w-2025,13,16.04.2025,16.04.2025 09:50:33,13,77,Lubelskie,106,Położnictwo i ginekologia,2025/005901,Rezydencki,83.41,3.76,18.03.2025 21:20:31,5,NIE,,
w-2025,13,16.04.2025,16.04.2025 09:50:33,13,77,Lubelskie,107,Położnictwo i ginekologia,2025/005290,Rezydencki,83.33,3.82,19.03.2025 13:37:31,5,NIE,,
w-2025,13,16.04.2025,16.04.2025 09:50:33,13,77,Lubelskie,108,Położnictwo i ginekologia,2025/007262,Rezydencki,83.10,3.68,21.03.2025 10:10:26,5,NIE,,
w-2025,13,16.04.2025,16.04.2025 09:50:33,13,77,Lubelskie,109,Położnictwo i ginekologia,2025/006486,Rezydencki,77.62,3.29,13.03.2025 20:06:29,5,NIE,,
w-2025,13,16.04.2025,16.04.2025 09:50:33,13,77,Lubelskie,110,Psychiatria,2025/007416,Rezydencki,83.33,3.42,14.03.2025 15:11:21,2,NIE,,
w-2025,13,16.04.2025,16.04.2025 09:50:33,13,77,Lubelskie,111,Psychiatria,2025/006614,Rezydencki,81.62,3.41,28.02.2025 10:05:10,2,NIE,,
w-2025,13,16.04.2025,16.04.2025 09:50:33,13,77,Lubelskie,112,Psychiatria,2025/004094,Pozarezydencki,69.59,4.31,14.03.2025 10:57:41,1,NIE,,
w-2025,13,16.04.2025,16.04.2025 09:50:33,13,77,Lubelskie,113,Psychiatria dzieci i młodzieży,2025/007143,Rezydencki,87.25,3.70,13.03.2025 21:04:33,1,NIE,,
w-2025,13,16.04.2025,16.04.2025 09:50:33,13,77,Lubelskie,114,Radiologia i diagnostyka obrazowa,2025/002481,Rezydencki,89.86,4.53,07.03.2025 12:21:53,3,NIE,,
w-2025,13,16.04.2025,16.04.2025 09:50:33,13,77,Lubelskie,115,Radiologia i diagnostyka obrazowa,2025/002127,Rezydencki,89.71,3.87,28.02.2025 20:42:13,3,NIE,,
w-2025,13,16.04.2025,16.04.2025 09:50:33,13,77,Lubelskie,116,Radiologia i diagnostyka obrazowa,2025/006982,Rezydencki,87.14,3.91,07.03.2025 13:14:56,3,NIE,,
w-2025,13,16.04.2025,16.04.2025 09:50:33,13,77,Lubelskie,117,Radiologia i diagnostyka obrazowa,2025/005987,Pozarezydencki,82.71,4.08,11.03.2025 15:46:06,8,NIE,,
w-2025,13,16.04.2025,16.04.2025 09:50:33,13,77,Lubelskie,118,Radiologia i diagnostyka obrazowa,2025/008296,Pozarezydencki,80.65,4.20,10.03.2025 19:55:48,8,NIE,,
w-2025,13,16.04.2025,16.04.2025 09:50:33,13,77,Lubelskie,119,Radiologia i diagnostyka obrazowa,2025/008170,Pozarezydencki,77.88,3.06,17.03.2025 12:01:53,8,NIE,,
w-2025,13,16.04.2025,16.04.2025 09:50:33,13,77,Lubelskie,120,Radiologia i diagnostyka obrazowa,2025/006757,Pozarezydencki,76.28,3.65,27.02.2025 17:19:21,8,NIE,,
w-2025,13,16.04.2025,16.04.2025 09:50:33,13,77,Lubelskie,121,Radiologia i diagnostyka obrazowa,2025/004945,Pozarezydencki,70.45,3.68,17.03.2025 09:08:11,8,NIE,,
w-2025,13,16.04.2025,16.04.2025 09:50:33,13,77,Lubelskie,122,Radiologia i diagnostyka obrazowa,2025/008019,Pozarezydencki,69.95,3.58,11.03.2025 00:11:20,8,NIE,,
w-2025,13,16.04.2025,16.04.2025 09:50:33,13,77,Lubelskie,123,Radiologia i diagnostyka obrazowa,2025/006870,Pozarezydencki,65.91,3.39,10.03.2025 13:50:54,8,NIE,,
w-2025,13,16.04.2025,16.04.2025 09:50:33,13,77,Lubelskie,124,Radiologia i diagnostyka obrazowa,2025/002529,Pozarezydencki,3.41,3.50,14.03.2025 13:57:42,8,NIE,,
w-2025,13,16.04.2025,16.04.2025 09:50:33,13,77,Lubelskie,125,Radioterapia onkologiczna,2025/003248,Rezydencki,81.16,3.78,10.03.2025 11:47:23,1,NIE,,
w-2025,13,16.04.2025,16.04.2025 09:50:33,13,77,Lubelskie,126,Radioterapia onkologiczna,2025/002190,Pozarezydencki,68.35,3.47,12.03.2025 17:38:14,1,NIE,,
w-2025,13,16.04.2025,16.04.2025 09:50:33,13,77,Lubelskie,127,Rehabilitacja medyczna,2025/005233,Pozarezydencki,68.04,0.00,25.03.2025 10:49:10,1,NIE,,
w-2025,13,16.04.2025,16.04.2025 09:50:33,13,77,Lubelskie,128,Reumatologia,2025/005341,Rezydencki,88.73,3.83,20.02.2025 18:14:30,2,NIE,,
w-2025,13,16.04.2025,16.04.2025 09:50:33,14,77,Lubelskie,129,Reumatologia,2025/002250,Rezydencki,86.96,3.94,13.03.2025 18:06:29,2,NIE,,
w-2025,13,16.04.2025,16.04.2025 09:50:33,14,77,Lubelskie,130,Reumatologia,2025/005826,Pozarezydencki,80.68,4.16,21.03.2025 06:36:13,1,NIE,,
w-2025,13,16.04.2025,16.04.2025 09:50:33,14,77,Lubelskie,131,Stomatologia zachowawcza z endodoncją,2025/005177,Rezydencki,82.86,3.66,19.02.2025 19:03:01,4,NIE,,
w-2025,13,16.04.2025,16.04.2025 09:50:33,14,77,Lubelskie,132,Stomatologia zachowawcza z endodoncją,2025/006056,Rezydencki,80.48,4.18,24.02.2025 13:02:43,4,NIE,,
w-2025,13,16.04.2025,16.04.2025 09:50:33,14,77,Lubelskie,133,Stomatologia zachowawcza z endodoncją,2025/007675,Rezydencki,80.29,3.81,27.02.2025 20:51:11,4,NIE,,
w-2025,13,16.04.2025,16.04.2025 09:50:33,14,77,Lubelskie,134,Stomatologia zachowawcza z endodoncją,2025/004210,Rezydencki,75.00,3.13,13.02.2025 21:54:35,4,NIE,,
w-2025,13,16.04.2025,16.04.2025 09:50:33,14,77,Lubelskie,135,Transplantologia kliniczna,2025/007841,Pozarezydencki,91.36,4.84,17.03.2025 21:17:32,3,NIE,,
w-2025,13,16.04.2025,16.04.2025 09:50:33,14,77,Lubelskie,136,Transplantologia kliniczna,2025/005552,Pozarezydencki,77.50,4.24,12.03.2025 15:28:10,3,NIE,,
w-2025,13,16.04.2025,16.04.2025 09:50:33,14,77,Lubelskie,137,Transplantologia kliniczna,2025/006110,Pozarezydencki,75.45,0.00,12.03.2025 11:28:40,3,NIE,,
w-2025,13,16.04.2025,16.04.2025 09:50:33,14,77,Lubelskie,1,Radiologia i diagnostyka obrazowa,2025/005035,Rezydencki,71.74,3.24,13.03.2025 17:43:06,1,TAK,UNIWERSYTECKI SZPITAL KLINICZNY NR 1 W LUBLINIE,Zakład Radiologii Lekarskiej
w-2025,13,16.04.2025,16.04.2025 09:50:33,14,77,Lubelskie,1,Okulistyka,2025/003298,Rezydencki,86.96,4.20,17.02.2025 15:59:04,1,TAK,UNIWERSYTECKI SZPITAL KLINICZNY NR 1 W LUBLINIE,Klinika Diagnostyki i Mikrochirurgii jaskry
w-2025,13,16.04.2025,16.04.2025 09:50:33,14,77,Lubuskie,1,Anestezjologia i intensywna terapia,2025/006665,Rezydencki,85.99,3.62,12.03.2025 14:21:09,5,NIE,,
w-2025,13,16.04.2025,16.04.2025 09:50:33,14,77,Lubuskie,2,Anestezjologia i intensywna terapia,2025/003204,Rezydencki,83.33,4.03,07.02.2025 23:51:53,5,NIE,,
w-2025,13,16.04.2025,16.04.2025 09:50:33,14,77,Lubuskie,3,Anestezjologia i intensywna terapia,2025/002473,Rezydencki,63.73,3.94,10.02.2025 00:14:48,5,NIE,,
w-2025,13,16.04.2025,16.04.2025 09:50:33,14,77,Lubuskie,4,Anestezjologia i intensywna terapia,2025/002715,Rezydencki,60.19,4.24,16.03.2025 21:56:22,5,NIE,,
w-2025,13,16.04.2025,16.04.2025 09:50:33,14,77,Lubuskie,5,Anestezjologia i intensywna terapia,2025/004186,Rezydencki,58.82,0.00,18.03.2025 08:37:47,5,NIE,,
w-2025,13,16.04.2025,16.04.2025 09:50:33,14,77,Lubuskie,6,Anestezjologia i intensywna terapia,2025/004023,Pozarezydencki,0.00,2.61,11.03.2025 22:58:01,1,NIE,,
w-2025,13,16.04.2025,16.04.2025 09:50:33,14,77,Lubuskie,7,Chirurgia dziecięca,2025/007533,Rezydencki,78.57,4.29,20.03.2025 12:39:31,1,NIE,,
w-2025,13,16.04.2025,16.04.2025 09:50:33,14,77,Lubuskie,8,Chirurgia naczyniowa,2025/001996,Rezydencki,84.31,3.58,20.03.2025 08:56:02,1,NIE,,
w-2025,13,16.04.2025,16.04.2025 09:50:33,14,77,Lubuskie,9,Chirurgia ogólna,2025/003379,Rezydencki,81.86,3.60,15.03.2025 15:05:57,3,NIE,,
w-2025,13,16.04.2025,16.04.2025 09:50:33,14,77,Lubuskie,10,Chirurgia ogólna,2025/003255,Rezydencki,80.48,4.61,26.02.2025 18:29:42,3,NIE,,
w-2025,13,16.04.2025,16.04.2025 09:50:33,14,77,Lubuskie,11,Chirurgia ogólna,2025/008338,Rezydencki,74.05,3.71,28.02.2025 18:57:59,3,NIE,,
w-2025,13,16.04.2025,16.04.2025 09:50:33,14,77,Lubuskie,12,Chirurgia onkologiczna,2025/003598,Rezydencki,83.82,4.06,11.02.2025 18:20:13,1,NIE,,
w-2025,13,16.04.2025,16.04.2025 09:50:33,14,77,Lubuskie,13,Chirurgia onkologiczna,2025/004429,Pozarezydencki,61.11,0.00,26.03.2025 15:31:31,1,NIE,,
w-2025,13,16.04.2025,16.04.2025 09:50:33,14,77,Lubuskie,14,Chirurgia plastyczna,2025/008419,Pozarezydencki,83.88,3.72,21.03.2025 18:20:53,2,NIE,,
w-2025,13,16.04.2025,16.04.2025 09:50:33,14,77,Lubuskie,15,Chirurgia plastyczna,2025/005174,Pozarezydencki,83.64,4.03,13.03.2025 19:56:13,2,NIE,,
w-2025,13,16.04.2025,16.04.2025 09:50:33,15,77,Lubuskie,16,Choroby wewnętrzne,2025/001936,Rezydencki,71.63,4.11,13.03.2025 13:07:38,1,NIE,,
w-2025,13,16.04.2025,16.04.2025 09:50:33,15,77,Lubuskie,17,Endokrynologia,2025/005938,Rezydencki,91.43,3.86,28.02.2025 00:46:09,1,NIE,,
w-2025,13,16.04.2025,16.04.2025 09:50:33,15,77,Lubuskie,18,Hematologia,2025/004481,Rezydencki,79.41,3.95,19.02.2025 21:38:38,1,NIE,,
w-2025,13,16.04.2025,16.04.2025 09:50:33,15,77,Lubuskie,19,Kardiochirurgia,2025/007075,Rezydencki,84.31,4.93,28.02.2025 15:17:16,1,NIE,,
w-2025,13,16.04.2025,16.04.2025 09:50:33,15,77,Lubuskie,20,Kardiologia,2025/006836,Rezydencki,82.20,4.20,20.03.2025 12:37:48,1,NIE,,
w-2025,13,16.04.2025,16.04.2025 09:50:33,15,77,Lubuskie,21,Medycyna pracy,2025/003011,Rezydencki,78.92,4.33,06.02.2025 14:26:47,1,NIE,,
w-2025,13,16.04.2025,16.04.2025 09:50:33,15,77,Lubuskie,22,Medycyna pracy,2025/006918,Pozarezydencki,61.82,3.36,12.03.2025 08:30:51,2,NIE,,
w-2025,13,16.04.2025,16.04.2025 09:50:33,15,77,Lubuskie,23,Medycyna pracy,2025/007821,Pozarezydencki,57.27,0.00,28.02.2025 22:42:36,2,NIE,,
w-2025,13,16.04.2025,16.04.2025 09:50:33,15,77,Lubuskie,24,Medycyna rodzinna,2025/004334,Rezydencki,83.57,4.36,14.02.2025 19:31:40,7,NIE,,
w-2025,13,16.04.2025,16.04.2025 09:50:33,15,77,Lubuskie,25,Medycyna rodzinna,2025/002731,Rezydencki,81.43,0.00,26.02.2025 16:19:22,7,NIE,,
w-2025,13,16.04.2025,16.04.2025 09:50:33,15,77,Lubuskie,26,Medycyna rodzinna,2025/006306,Rezydencki,81.16,3.50,25.02.2025 09:38:45,7,NIE,,
w-2025,13,16.04.2025,16.04.2025 09:50:33,15,77,Lubuskie,27,Medycyna rodzinna,2025/003302,Rezydencki,79.71,4.47,17.03.2025 15:07:36,7,NIE,,
w-2025,13,16.04.2025,16.04.2025 09:50:33,15,77,Lubuskie,28,Medycyna rodzinna,2025/002770,Rezydencki,79.41,4.33,05.02.2025 10:34:57,7,NIE,,
w-2025,13,16.04.2025,16.04.2025 09:50:33,15,77,Lubuskie,29,Medycyna rodzinna,2025/002525,Rezydencki,79.02,3.28,03.02.2025 20:47:44,7,NIE,,
w-2025,13,16.04.2025,16.04.2025 09:50:33,15,77,Lubuskie,30,Medycyna rodzinna,2025/007642,Rezydencki,63.29,0.00,28.02.2025 20:56:02,7,NIE,,
w-2025,13,16.04.2025,16.04.2025 09:50:33,15,77,Lubuskie,31,Medycyna sportowa,2025/004092,Pozarezydencki,71.89,0.00,13.02.2025 00:34:33,1,NIE,,
w-2025,13,16.04.2025,16.04.2025 09:50:33,15,77,Lubuskie,32,Nefrologia,2025/004472,Rezydencki,84.06,4.04,19.02.2025 21:35:21,1,NIE,,
w-2025,13,16.04.2025,16.04.2025 09:50:33,15,77,Lubuskie,33,Neonatologia,2025/001991,Rezydencki,83.33,4.05,09.02.2025 10:29:48,1,NIE,,
w-2025,13,16.04.2025,16.04.2025 09:50:33,15,77,Lubuskie,34,Neurologia,2025/002031,Rezydencki,87.80,4.13,14.03.2025 19:35:59,3,NIE,,
w-2025,13,16.04.2025,16.04.2025 09:50:33,15,77,Lubuskie,35,Neurologia,2025/002819,Rezydencki,81.16,4.00,05.03.2025 10:58:49,3,NIE,,
w-2025,13,16.04.2025,16.04.2025 09:50:33,15,77,Lubuskie,36,Neurologia,2025/002520,Rezydencki,78.43,3.66,14.03.2025 18:00:09,3,NIE,,
w-2025,13,16.04.2025,16.04.2025 09:50:33,15,77,Lubuskie,37,Neurologia dziecięca,2025/007126,Rezydencki,81.64,4.31,26.02.2025 22:36:23,1,NIE,,
w-2025,13,16.04.2025,16.04.2025 09:50:33,15,77,Lubuskie,38,Okulistyka,2025/005949,Pozarezydencki,74.55,3.62,28.02.2025 22:29:51,3,NIE,,
w-2025,13,16.04.2025,16.04.2025 09:50:33,15,77,Lubuskie,39,Okulistyka,2025/005836,Pozarezydencki,74.09,4.18,18.03.2025 16:40:54,3,NIE,,
w-2025,13,16.04.2025,16.04.2025 09:50:33,15,77,Lubuskie,40,Okulistyka,2025/005742,Pozarezydencki,73.64,4.62,27.02.2025 19:32:05,3,NIE,,
w-2025,13,16.04.2025,16.04.2025 09:50:33,15,77,Lubuskie,41,Onkologia kliniczna,2025/007545,Rezydencki,83.09,4.18,27.02.2025 18:24:34,2,NIE,,
w-2025,13,16.04.2025,16.04.2025 09:50:33,15,77,Lubuskie,42,Onkologia kliniczna,2025/002817,Rezydencki,76.47,0.00,16.02.2025 14:10:33,2,NIE,,
w-2025,13,16.04.2025,16.04.2025 09:50:33,15,77,Lubuskie,43,Onkologia kliniczna,2025/002717,Pozarezydencki,75.45,3.52,18.03.2025 16:44:16,1,NIE,,
w-2025,13,16.04.2025,16.04.2025 09:50:33,15,77,Lubuskie,44,Ortopedia i traumatologia narządu ruchu,2025/002938,Rezydencki,83.09,3.97,08.02.2025 16:40:49,4,NIE,,
w-2025,13,16.04.2025,16.04.2025 09:50:33,15,77,Lubuskie,45,Ortopedia i traumatologia narządu ruchu,2025/002218,Rezydencki,82.85,4.30,14.02.2025 21:33:17,4,NIE,,
w-2025,13,16.04.2025,16.04.2025 09:50:33,15,77,Lubuskie,46,Ortopedia i traumatologia narządu ruchu,2025/002871,Rezydencki,74.51,4.00,05.02.2025 18:24:44,4,NIE,,
w-2025,13,16.04.2025,16.04.2025 09:50:33,15,77,Lubuskie,47,Ortopedia i traumatologia narządu ruchu,2025/005294,Rezydencki,59.42,0.00,27.02.2025 12:28:04,4,NIE,,
w-2025,13,16.04.2025,16.04.2025 09:50:33,15,77,Lubuskie,48,Otorynolaryngologia,2025/007721,Rezydencki,87.92,4.40,27.02.2025 21:50:46,2,NIE,,
w-2025,13,16.04.2025,16.04.2025 09:50:33,15,77,Lubuskie,49,Otorynolaryngologia,2025/008216,Rezydencki,86.19,4.18,28.02.2025 20:13:28,2,NIE,,
w-2025,13,16.04.2025,16.04.2025 09:50:33,15,77,Lubuskie,50,Pediatria,2025/003545,Rezydencki,74.88,4.05,27.02.2025 08:33:38,2,NIE,,
w-2025,13,16.04.2025,16.04.2025 09:50:33,15,77,Lubuskie,51,Pediatria,2025/003093,Rezydencki,53.92,0.00,11.02.2025 10:07:50,2,NIE,,
w-2025,13,16.04.2025,16.04.2025 09:50:33,15,77,Lubuskie,52,Pediatria,2025/002812,Pozarezydencki,73.86,3.83,18.03.2025 12:44:33,1,NIE,,
w-2025,13,16.04.2025,16.04.2025 09:50:33,15,77,Lubuskie,53,Położnictwo i ginekologia,2025/002828,Rezydencki,75.36,3.77,05.02.2025 13:32:33,1,NIE,,
w-2025,13,16.04.2025,16.04.2025 09:50:33,16,77,Lubuskie,54,Psychiatria,2025/006961,Rezydencki,85.78,4.57,11.03.2025 20:51:18,3,NIE,,
w-2025,13,16.04.2025,16.04.2025 09:50:33,16,77,Lubuskie,55,Psychiatria,2025/007867,Rezydencki,85.24,4.35,28.02.2025 00:18:32,3,NIE,,
w-2025,13,16.04.2025,16.04.2025 09:50:33,16,77,Lubuskie,56,Psychiatria,2025/008231,Rezydencki,54.37,0.00,28.02.2025 15:42:15,3,NIE,,
w-2025,13,16.04.2025,16.04.2025 09:50:33,16,77,Lubuskie,57,Radiologia i diagnostyka obrazowa,2025/007999,Rezydencki,86.23,3.85,28.02.2025 17:38:47,2,NIE,,
w-2025,13,16.04.2025,16.04.2025 09:50:33,16,77,Lubuskie,58,Radiologia i diagnostyka obrazowa,2025/004787,Rezydencki,84.80,4.26,21.02.2025 22:12:25,2,NIE,,
w-2025,13,16.04.2025,16.04.2025 09:50:33,16,77,Lubuskie,59,Radiologia i diagnostyka obrazowa,2025/003354,Pozarezydencki,75.45,3.67,13.03.2025 22:19:20,3,NIE,,
w-2025,13,16.04.2025,16.04.2025 09:50:33,16,77,Lubuskie,60,Radiologia i diagnostyka obrazowa,2025/008248,Pozarezydencki,75.00,3.58,07.03.2025 15:59:38,3,NIE,,
w-2025,13,16.04.2025,16.04.2025 09:50:33,16,77,Lubuskie,61,Radiologia i diagnostyka obrazowa,2025/004893,Pozarezydencki,64.06,4.26,18.02.2025 10:50:52,3,NIE,,
w-2025,13,16.04.2025,16.04.2025 09:50:33,16,77,Lubuskie,62,Reumatologia,2025/005776,Rezydencki,88.24,4.00,07.03.2025 15:46:04,1,NIE,,
w-2025,13,16.04.2025,16.04.2025 09:50:33,16,77,Lubuskie,63,Urologia,2025/005134,Rezydencki,86.96,4.20,26.02.2025 16:17:22,1,NIE,,
w-2025,13,16.04.2025,16.04.2025 09:50:33,16,77,Łódzkie,1,Alergologia,2025/006639,Rezydencki,89.37,4.33,28.02.2025 23:30:44,1,NIE,,
w-2025,13,16.04.2025,16.04.2025 09:50:33,16,77,Łódzkie,2,Alergologia,2025/005977,Pozarezydencki,80.00,4.05,12.03.2025 19:28:16,1,NIE,,
w-2025,13,16.04.2025,16.04.2025 09:50:33,16,77,Łódzkie,3,Anestezjologia i intensywna terapia,2025/007894,Rezydencki,91.79,4.72,25.03.2025 20:33:02,28,NIE,,
w-2025,13,16.04.2025,16.04.2025 09:50:33,16,77,Łódzkie,4,Anestezjologia i intensywna terapia,2025/006268,Rezydencki,90.49,4.13,28.02.2025 14:17:39,28,NIE,,
w-2025,13,16.04.2025,16.04.2025 09:50:33,16,77,Łódzkie,5,Anestezjologia i intensywna terapia,2025/004430,Rezydencki,90.24,3.94,16.02.2025 11:32:15,28,NIE,,
w-2025,13,16.04.2025,16.04.2025 09:50:33,16,77,Łódzkie,6,Anestezjologia i intensywna terapia,2025/002219,Rezydencki,87.44,3.87,28.02.2025 21:47:16,28,NIE,,
w-2025,13,16.04.2025,16.04.2025 09:50:33,16,77,Łódzkie,7,Anestezjologia i intensywna terapia,2025/003260,Rezydencki,86.96,3.77,23.02.2025 17:12:34,28,NIE,,
w-2025,13,16.04.2025,16.04.2025 09:50:33,16,77,Łódzkie,8,Anestezjologia i intensywna terapia,2025/002029,Rezydencki,85.99,4.10,12.03.2025 19:40:06,28,NIE,,
w-2025,13,16.04.2025,16.04.2025 09:50:33,16,77,Łódzkie,9,Anestezjologia i intensywna terapia,2025/005235,Rezydencki,84.54,4.60,23.02.2025 19:50:38,28,NIE,,
w-2025,13,16.04.2025,16.04.2025 09:50:33,16,77,Łódzkie,10,Anestezjologia i intensywna terapia,2025/007361,Rezydencki,83.33,3.94,13.03.2025 15:30:15,28,NIE,,
w-2025,13,16.04.2025,16.04.2025 09:50:33,16,77,Łódzkie,11,Anestezjologia i intensywna terapia,2025/006259,Rezydencki,83.33,3.21,27.02.2025 05:44:19,28,NIE,,
w-2025,13,16.04.2025,16.04.2025 09:50:33,16,77,Łódzkie,12,Anestezjologia i intensywna terapia,2025/005667,Rezydencki,82.84,3.69,12.03.2025 09:44:02,28,NIE,,
w-2025,13,16.04.2025,16.04.2025 09:50:33,16,77,Łódzkie,13,Anestezjologia i intensywna terapia,2025/004532,Rezydencki,82.13,4.15,11.03.2025 16:17:31,28,NIE,,
w-2025,13,16.04.2025,16.04.2025 09:50:33,16,77,Łódzkie,14,Anestezjologia i intensywna terapia,2025/007738,Rezydencki,81.67,4.09,28.02.2025 20:22:25,28,NIE,,
w-2025,13,16.04.2025,16.04.2025 09:50:33,16,77,Łódzkie,15,Anestezjologia i intensywna terapia,2025/007571,Rezydencki,81.64,3.66,28.02.2025 21:56:32,28,NIE,,
w-2025,13,16.04.2025,16.04.2025 09:50:33,16,77,Łódzkie,16,Anestezjologia i intensywna terapia,2025/003560,Rezydencki,80.92,3.87,18.03.2025 21:47:25,28,NIE,,
w-2025,13,16.04.2025,16.04.2025 09:50:33,16,77,Łódzkie,17,Anestezjologia i intensywna terapia,2025/007226,Rezydencki,80.88,3.97,27.02.2025 00:32:33,28,NIE,,
w-2025,13,16.04.2025,16.04.2025 09:50:33,16,77,Łódzkie,18,Anestezjologia i intensywna terapia,2025/006238,Rezydencki,80.68,3.43,05.03.2025 11:36:25,28,NIE,,
w-2025,13,16.04.2025,16.04.2025 09:50:33,16,77,Łódzkie,19,Anestezjologia i intensywna terapia,2025/007159,Rezydencki,80.48,4.23,27.02.2025 22:19:21,28,NIE,,
w-2025,13,16.04.2025,16.04.2025 09:50:33,16,77,Łódzkie,20,Anestezjologia i intensywna terapia,2025/006544,Rezydencki,80.24,4.95,28.02.2025 22:25:36,28,NIE,,
w-2025,13,16.04.2025,16.04.2025 09:50:33,16,77,Łódzkie,21,Anestezjologia i intensywna terapia,2025/006265,Rezydencki,80.00,3.34,07.03.2025 15:45:00,28,NIE,,
w-2025,13,16.04.2025,16.04.2025 09:50:33,16,77,Łódzkie,22,Anestezjologia i intensywna terapia,2025/003032,Rezydencki,79.52,4.65,26.02.2025 20:21:36,28,NIE,,
w-2025,13,16.04.2025,16.04.2025 09:50:33,16,77,Łódzkie,23,Anestezjologia i intensywna terapia,2025/006366,Rezydencki,78.57,4.98,11.03.2025 14:06:51,28,NIE,,
w-2025,13,16.04.2025,16.04.2025 09:50:33,16,77,Łódzkie,24,Anestezjologia i intensywna terapia,2025/007872,Rezydencki,77.62,4.05,28.02.2025 14:16:02,28,NIE,,
w-2025,13,16.04.2025,16.04.2025 09:50:33,17,77,Łódzkie,25,Anestezjologia i intensywna terapia,2025/005197,Rezydencki,77.21,4.04,27.02.2025 22:00:55,28,NIE,,
w-2025,13,16.04.2025,16.04.2025 09:50:33,17,77,Łódzkie,26,Anestezjologia i intensywna terapia,2025/008478,Rezydencki,75.24,4.53,28.02.2025 22:15:56,28,NIE,,
w-2025,13,16.04.2025,16.04.2025 09:50:33,17,77,Łódzkie,27,Anestezjologia i intensywna terapia,2025/006942,Rezydencki,74.51,3.89,28.02.2025 16:15:24,28,NIE,,
w-2025,13,16.04.2025,16.04.2025 09:50:33,17,77,Łódzkie,28,Anestezjologia i intensywna terapia,2025/008656,Rezydencki,73.81,3.03,07.03.2025 13:25:40,28,NIE,,
w-2025,13,16.04.2025,16.04.2025 09:50:33,17,77,Łódzkie,29,Anestezjologia i intensywna terapia,2025/004037,Rezydencki,72.55,4.43,20.03.2025 17:57:06,28,NIE,,
w-2025,13,16.04.2025,16.04.2025 09:50:33,17,77,Łódzkie,30,Anestezjologia i intensywna terapia,2025/007933,Rezydencki,71.43,4.06,28.02.2025 21:30:20,28,NIE,,
w-2025,13,16.04.2025,16.04.2025 09:50:33,17,77,Łódzkie,31,Anestezjologia i intensywna terapia,2025/008624,Pozarezydencki,63.30,3.13,06.03.2025 16:36:32,1,NIE,,
w-2025,13,16.04.2025,16.04.2025 09:50:33,17,77,Łódzkie,32,Audiologia i foniatria,2025/006157,Rezydencki,81.86,4.18,27.02.2025 10:40:40,2,NIE,,
w-2025,13,16.04.2025,16.04.2025 09:50:33,17,77,Łódzkie,33,Audiologia i foniatria,2025/005920,Rezydencki,76.19,3.11,26.02.2025 20:20:31,2,NIE,,
w-2025,13,16.04.2025,16.04.2025 09:50:33,17,77,Łódzkie,34,Audiologia i foniatria,2025/006010,Pozarezydencki,83.86,4.56,24.03.2025 09:40:58,2,NIE,,
w-2025,13,16.04.2025,16.04.2025 09:50:33,17,77,Łódzkie,35,Audiologia i foniatria,2025/001884,Pozarezydencki,82.24,0.00,06.03.2025 10:37:41,2,NIE,,
w-2025,13,16.04.2025,16.04.2025 09:50:33,17,77,Łódzkie,36,Chirurgia ogólna,2025/003858,Rezydencki,85.78,3.92,11.02.2025 18:56:50,2,NIE,,
w-2025,13,16.04.2025,16.04.2025 09:50:33,17,77,Łódzkie,37,Chirurgia ogólna,2025/007945,Rezydencki,84.29,3.47,28.02.2025 19:09:21,2,NIE,,
w-2025,13,16.04.2025,16.04.2025 09:50:33,17,77,Łódzkie,38,Chirurgia onkologiczna,2025/006139,Rezydencki,64.98,3.19,04.03.2025 19:34:09,1,NIE,,
w-2025,13,16.04.2025,16.04.2025 09:50:33,17,77,Łódzkie,39,Chirurgia onkologiczna,2025/004406,Pozarezydencki,79.44,4.00,16.03.2025 19:45:54,5,NIE,,
w-2025,13,16.04.2025,16.04.2025 09:50:33,17,77,Łódzkie,40,Chirurgia onkologiczna,2025/008166,Pozarezydencki,75.45,3.59,17.03.2025 10:29:08,5,NIE,,
w-2025,13,16.04.2025,16.04.2025 09:50:33,17,77,Łódzkie,41,Chirurgia onkologiczna,2025/003482,Pozarezydencki,69.58,4.02,22.02.2025 13:51:26,5,NIE,,
w-2025,13,16.04.2025,16.04.2025 09:50:33,17,77,Łódzkie,42,Chirurgia onkologiczna,2025/005806,Pozarezydencki,67.82,0.00,23.03.2025 13:41:21,5,NIE,,
w-2025,13,16.04.2025,16.04.2025 09:50:33,17,77,Łódzkie,43,Chirurgia onkologiczna,2025/004402,Pozarezydencki,66.36,4.18,07.03.2025 10:20:10,5,NIE,,
w-2025,13,16.04.2025,16.04.2025 09:50:33,17,77,Łódzkie,44,Chirurgia stomatologiczna,2025/003198,Rezydencki,87.14,3.89,14.02.2025 11:48:33,2,NIE,,
w-2025,13,16.04.2025,16.04.2025 09:50:33,17,77,Łódzkie,45,Chirurgia stomatologiczna,2025/006560,Rezydencki,85.71,3.78,26.02.2025 18:33:30,2,NIE,,
w-2025,13,16.04.2025,16.04.2025 09:50:33,17,77,Łódzkie,46,Choroby płuc,2025/005726,Rezydencki,84.80,4.19,23.02.2025 10:44:15,2,NIE,,
w-2025,13,16.04.2025,16.04.2025 09:50:33,17,77,Łódzkie,47,Choroby płuc,2025/003614,Rezydencki,78.92,3.54,10.02.2025 21:16:39,2,NIE,,
w-2025,13,16.04.2025,16.04.2025 09:50:33,17,77,Łódzkie,48,Choroby wewnętrzne,2025/007638,Rezydencki,85.99,4.20,28.02.2025 23:51:39,3,NIE,,
w-2025,13,16.04.2025,16.04.2025 09:50:33,17,77,Łódzkie,49,Choroby wewnętrzne,2025/006626,Rezydencki,83.33,3.81,26.02.2025 20:16:09,3,NIE,,
w-2025,13,16.04.2025,16.04.2025 09:50:33,17,77,Łódzkie,50,Choroby wewnętrzne,2025/005751,Rezydencki,80.19,3.90,27.02.2025 13:30:14,3,NIE,,
w-2025,13,16.04.2025,16.04.2025 09:50:33,17,77,Łódzkie,51,Dermatologia i wenerologia,2025/001863,Rezydencki,93.24,4.02,01.02.2025 10:37:44,2,NIE,,
w-2025,13,16.04.2025,16.04.2025 09:50:33,17,77,Łódzkie,52,Dermatologia i wenerologia,2025/001860,Rezydencki,91.79,4.08,03.03.2025 21:57:49,2,NIE,,
w-2025,13,16.04.2025,16.04.2025 09:50:33,17,77,Łódzkie,53,Dermatologia i wenerologia,2025/006256,Pozarezydencki,86.05,4.28,17.03.2025 11:52:06,1,NIE,,
w-2025,13,16.04.2025,16.04.2025 09:50:33,17,77,Łódzkie,54,Diabetologia,2025/005641,Rezydencki,89.86,3.92,28.02.2025 23:09:27,4,NIE,,
w-2025,13,16.04.2025,16.04.2025 09:50:33,17,77,Łódzkie,55,Diabetologia,2025/004377,Rezydencki,86.83,3.97,17.02.2025 13:08:27,4,NIE,,
w-2025,13,16.04.2025,16.04.2025 09:50:33,17,77,Łódzkie,56,Diabetologia,2025/005816,Rezydencki,86.52,3.75,28.02.2025 19:04:06,4,NIE,,
w-2025,13,16.04.2025,16.04.2025 09:50:33,17,77,Łódzkie,57,Diabetologia,2025/007390,Rezydencki,85.24,3.84,27.02.2025 21:50:34,4,NIE,,
w-2025,13,16.04.2025,16.04.2025 09:50:33,17,77,Łódzkie,58,Diabetologia,2025/004096,Pozarezydencki,89.09,4.79,10.03.2025 18:33:54,3,NIE,,
w-2025,13,16.04.2025,16.04.2025 09:50:33,17,77,Łódzkie,59,Diabetologia,2025/002163,Pozarezydencki,82.27,0.00,07.03.2025 15:08:05,3,NIE,,
w-2025,13,16.04.2025,16.04.2025 09:50:33,17,77,Łódzkie,60,Diabetologia,2025/008526,Pozarezydencki,80.00,0.00,05.03.2025 21:17:14,3,NIE,,
w-2025,13,16.04.2025,16.04.2025 09:50:33,17,77,Łódzkie,61,Endokrynologia,2025/004784,Pozarezydencki,86.51,4.42,27.02.2025 19:08:38,1,NIE,,
w-2025,13,16.04.2025,16.04.2025 09:50:33,17,77,Łódzkie,62,Epidemiologia,2025/005743,Pozarezydencki,70.91,4.12,18.03.2025 16:24:14,1,NIE,,
w-2025,13,16.04.2025,16.04.2025 09:50:33,18,77,Łódzkie,63,Gastroenterologia,2025/001953,Rezydencki,91.30,4.08,28.02.2025 19:49:34,1,NIE,,
w-2025,13,16.04.2025,16.04.2025 09:50:33,18,77,Łódzkie,64,Gastroenterologia,2025/006280,Pozarezydencki,80.00,3.84,27.02.2025 22:41:19,4,NIE,,
w-2025,13,16.04.2025,16.04.2025 09:50:33,18,77,Łódzkie,65,Gastroenterologia,2025/007875,Pozarezydencki,77.27,3.69,27.02.2025 23:17:31,4,NIE,,
w-2025,13,16.04.2025,16.04.2025 09:50:33,18,77,Łódzkie,66,Gastroenterologia,2025/007660,Pozarezydencki,76.59,0.00,09.03.2025 20:53:12,4,NIE,,
w-2025,13,16.04.2025,16.04.2025 09:50:33,18,77,Łódzkie,67,Gastroenterologia,2025/003918,Pozarezydencki,75.82,3.80,13.03.2025 19:56:24,4,NIE,,
w-2025,13,16.04.2025,16.04.2025 09:50:33,18,77,Łódzkie,68,Gastroenterologia dziecięca,2025/006109,Pozarezydencki,70.91,3.78,18.03.2025 15:13:19,1,NIE,,
w-2025,13,16.04.2025,16.04.2025 09:50:33,18,77,Łódzkie,69,Genetyka kliniczna,2025/007786,Rezydencki,91.22,4.44,28.02.2025 21:49:37,1,NIE,,
w-2025,13,16.04.2025,16.04.2025 09:50:33,18,77,Łódzkie,70,Genetyka kliniczna,2025/001958,Pozarezydencki,82.27,4.31,07.02.2025 11:01:45,1,NIE,,
w-2025,13,16.04.2025,16.04.2025 09:50:33,18,77,Łódzkie,71,Geriatria,2025/005206,Pozarezydencki,75.46,4.45,06.03.2025 19:27:07,5,NIE,,
w-2025,13,16.04.2025,16.04.2025 09:50:33,18,77,Łódzkie,72,Geriatria,2025/008401,Pozarezydencki,70.91,0.00,10.03.2025 11:01:29,5,NIE,,
w-2025,13,16.04.2025,16.04.2025 09:50:33,18,77,Łódzkie,73,Geriatria,2025/002505,Pozarezydencki,69.72,0.00,12.03.2025 16:24:04,5,NIE,,
w-2025,13,16.04.2025,16.04.2025 09:50:33,18,77,Łódzkie,74,Geriatria,2025/008127,Pozarezydencki,63.92,3.69,13.03.2025 22:17:06,5,NIE,,
w-2025,13,16.04.2025,16.04.2025 09:50:33,18,77,Łódzkie,75,Geriatria,2025/002109,Pozarezydencki,58.33,3.65,14.03.2025 13:57:57,5,NIE,,
w-2025,13,16.04.2025,16.04.2025 09:50:33,18,77,Łódzkie,76,Ginekologia onkologiczna,2025/006215,Pozarezydencki,83.86,4.29,09.03.2025 23:53:46,5,NIE,,
w-2025,13,16.04.2025,16.04.2025 09:50:33,18,77,Łódzkie,77,Ginekologia onkologiczna,2025/006160,Pozarezydencki,82.95,4.36,05.03.2025 09:17:38,5,NIE,,
w-2025,13,16.04.2025,16.04.2025 09:50:33,18,77,Łódzkie,78,Ginekologia onkologiczna,2025/002534,Pozarezydencki,80.00,4.23,06.03.2025 21:14:49,5,NIE,,
w-2025,13,16.04.2025,16.04.2025 09:50:33,18,77,Łódzkie,79,Ginekologia onkologiczna,2025/006672,Pozarezydencki,70.91,0.00,10.03.2025 15:45:32,5,NIE,,
w-2025,13,16.04.2025,16.04.2025 09:50:33,18,77,Łódzkie,80,Ginekologia onkologiczna,2025/007720,Pozarezydencki,61.82,0.00,05.03.2025 13:15:53,5,NIE,,
w-2025,13,16.04.2025,16.04.2025 09:50:33,18,77,Łódzkie,81,Hematologia,2025/007207,Rezydencki,85.71,4.33,26.02.2025 23:49:35,1,NIE,,
w-2025,13,16.04.2025,16.04.2025 09:50:33,18,77,Łódzkie,82,Immunologia kliniczna,2025/004336,Pozarezydencki,86.27,4.35,07.03.2025 16:41:55,1,NIE,,
w-2025,13,16.04.2025,16.04.2025 09:50:33,18,77,Łódzkie,83,Kardiochirurgia,2025/003852,Rezydencki,79.02,0.00,06.03.2025 12:17:05,2,NIE,,
w-2025,13,16.04.2025,16.04.2025 09:50:33,18,77,Łódzkie,84,Kardiochirurgia,2025/002051,Rezydencki,55.39,4.14,10.03.2025 21:58:29,2,NIE,,
w-2025,13,16.04.2025,16.04.2025 09:50:33,18,77,Łódzkie,85,Kardiologia,2025/004797,Rezydencki,88.33,0.00,28.02.2025 18:56:21,12,NIE,,
w-2025,13,16.04.2025,16.04.2025 09:50:33,18,77,Łódzkie,86,Kardiologia,2025/007221,Rezydencki,87.01,3.32,28.02.2025 23:50:21,12,NIE,,
w-2025,13,16.04.2025,16.04.2025 09:50:33,18,77,Łódzkie,87,Kardiologia,2025/006612,Rezydencki,86.47,4.03,28.02.2025 19:33:28,12,NIE,,
w-2025,13,16.04.2025,16.04.2025 09:50:33,18,77,Łódzkie,88,Kardiologia,2025/006177,Rezydencki,85.51,3.69,26.02.2025 19:46:03,12,NIE,,
w-2025,13,16.04.2025,16.04.2025 09:50:33,18,77,Łódzkie,89,Kardiologia,2025/002667,Rezydencki,84.39,3.73,05.02.2025 17:45:29,12,NIE,,
w-2025,13,16.04.2025,16.04.2025 09:50:33,18,77,Łódzkie,90,Kardiologia,2025/007014,Rezydencki,84.29,3.33,28.02.2025 18:00:52,12,NIE,,
w-2025,13,16.04.2025,16.04.2025 09:50:33,18,77,Łódzkie,91,Kardiologia,2025/006948,Rezydencki,83.33,3.74,28.02.2025 10:56:48,12,NIE,,
w-2025,13,16.04.2025,16.04.2025 09:50:33,18,77,Łódzkie,92,Kardiologia,2025/007101,Rezydencki,83.09,3.80,27.02.2025 20:16:02,12,NIE,,
w-2025,13,16.04.2025,16.04.2025 09:50:33,18,77,Łódzkie,93,Kardiologia,2025/007386,Rezydencki,82.84,3.28,24.03.2025 20:55:19,12,NIE,,
w-2025,13,16.04.2025,16.04.2025 09:50:33,18,77,Łódzkie,94,Kardiologia,2025/002045,Rezydencki,82.44,3.65,27.02.2025 00:08:26,12,NIE,,
w-2025,13,16.04.2025,16.04.2025 09:50:33,18,77,Łódzkie,95,Kardiologia,2025/007779,Rezydencki,82.38,3.85,28.02.2025 22:18:32,12,NIE,,
w-2025,13,16.04.2025,16.04.2025 09:50:33,18,77,Łódzkie,96,Kardiologia,2025/007932,Rezydencki,80.95,3.54,17.03.2025 11:20:17,12,NIE,,
w-2025,13,16.04.2025,16.04.2025 09:50:33,18,77,Łódzkie,97,Kardiologia,2025/008044,Pozarezydencki,84.33,0.00,06.03.2025 10:11:56,3,NIE,,
w-2025,13,16.04.2025,16.04.2025 09:50:33,18,77,Łódzkie,98,Kardiologia,2025/006277,Pozarezydencki,75.45,3.71,11.03.2025 22:22:37,3,NIE,,
w-2025,13,16.04.2025,16.04.2025 09:50:33,18,77,Łódzkie,99,Kardiologia,2025/006389,Pozarezydencki,74.77,4.06,14.03.2025 10:50:26,3,NIE,,
w-2025,13,16.04.2025,16.04.2025 09:50:33,18,77,Łódzkie,100,Medycyna nuklearna,2025/002697,Pozarezydencki,68.81,0.00,24.03.2025 14:27:20,2,NIE,,
w-2025,13,16.04.2025,16.04.2025 09:50:33,19,77,Łódzkie,101,Medycyna nuklearna,2025/002363,Pozarezydencki,66.82,4.88,05.03.2025 19:36:11,2,NIE,,
w-2025,13,16.04.2025,16.04.2025 09:50:33,19,77,Łódzkie,102,Medycyna paliatywna,2025/006842,Rezydencki,74.29,0.00,28.02.2025 21:46:14,1,NIE,,
w-2025,13,16.04.2025,16.04.2025 09:50:33,19,77,Łódzkie,103,Medycyna paliatywna,2025/003358,Pozarezydencki,80.00,4.18,09.02.2025 19:53:30,4,NIE,,
w-2025,13,16.04.2025,16.04.2025 09:50:33,19,77,Łódzkie,104,Medycyna paliatywna,2025/006414,Pozarezydencki,75.45,0.00,07.03.2025 13:25:49,4,NIE,,
w-2025,13,16.04.2025,16.04.2025 09:50:33,19,77,Łódzkie,105,Medycyna paliatywna,2025/005876,Pozarezydencki,70.97,4.01,07.03.2025 14:31:54,4,NIE,,
w-2025,13,16.04.2025,16.04.2025 09:50:33,19,77,Łódzkie,106,Medycyna paliatywna,2025/007468,Pozarezydencki,0.91,3.70,21.03.2025 11:17:13,4,NIE,,
w-2025,13,16.04.2025,16.04.2025 09:50:33,19,77,Łódzkie,107,Medycyna pracy,2025/006778,Rezydencki,63.33,3.23,28.02.2025 16:52:00,1,NIE,,
w-2025,13,16.04.2025,16.04.2025 09:50:33,19,77,Łódzkie,108,Medycyna pracy,2025/003611,Pozarezydencki,79.44,4.65,10.02.2025 21:01:41,9,NIE,,
w-2025,13,16.04.2025,16.04.2025 09:50:33,19,77,Łódzkie,109,Medycyna pracy,2025/008130,Pozarezydencki,75.45,3.55,08.03.2025 14:04:12,9,NIE,,
w-2025,13,16.04.2025,16.04.2025 09:50:33,19,77,Łódzkie,110,Medycyna pracy,2025/001886,Pozarezydencki,71.36,3.62,12.03.2025 21:05:39,9,NIE,,
w-2025,13,16.04.2025,16.04.2025 09:50:33,19,77,Łódzkie,111,Medycyna pracy,2025/008549,Pozarezydencki,71.10,0.00,28.02.2025 23:40:25,9,NIE,,
w-2025,13,16.04.2025,16.04.2025 09:50:33,19,77,Łódzkie,112,Medycyna pracy,2025/007487,Pozarezydencki,70.91,3.82,07.03.2025 13:28:57,9,NIE,,
w-2025,13,16.04.2025,16.04.2025 09:50:33,19,77,Łódzkie,113,Medycyna pracy,2025/008036,Pozarezydencki,70.91,3.41,12.03.2025 14:11:32,9,NIE,,
w-2025,13,16.04.2025,16.04.2025 09:50:33,19,77,Łódzkie,114,Medycyna pracy,2025/003605,Pozarezydencki,67.82,3.94,12.03.2025 18:59:32,9,NIE,,
w-2025,13,16.04.2025,16.04.2025 09:50:33,19,77,Łódzkie,115,Medycyna pracy,2025/002603,Pozarezydencki,66.36,3.24,07.03.2025 13:33:39,9,NIE,,
w-2025,13,16.04.2025,16.04.2025 09:50:33,19,77,Łódzkie,116,Medycyna pracy,2025/008444,Pozarezydencki,0.00,0.00,14.03.2025 08:15:46,9,NIE,,
w-2025,13,16.04.2025,16.04.2025 09:50:33,19,77,Łódzkie,117,Medycyna ratunkowa,2025/004356,Rezydencki,81.46,3.36,18.02.2025 19:07:50,1,NIE,,
w-2025,13,16.04.2025,16.04.2025 09:50:33,19,77,Łódzkie,118,Medycyna ratunkowa,2025/008183,Pozarezydencki,81.57,0.00,19.03.2025 11:49:20,2,NIE,,
w-2025,13,16.04.2025,16.04.2025 09:50:33,19,77,Łódzkie,119,Medycyna ratunkowa,2025/005994,Pozarezydencki,75.45,4.25,04.03.2025 21:34:15,2,NIE,,
w-2025,13,16.04.2025,16.04.2025 09:50:33,19,77,Łódzkie,120,Medycyna rodzinna,2025/001930,Rezydencki,91.71,4.38,24.02.2025 13:01:29,9,NIE,,
w-2025,13,16.04.2025,16.04.2025 09:50:33,19,77,Łódzkie,121,Medycyna rodzinna,2025/007024,Rezydencki,90.34,4.29,27.02.2025 13:47:57,9,NIE,,
w-2025,13,16.04.2025,16.04.2025 09:50:33,19,77,Łódzkie,122,Medycyna rodzinna,2025/002095,Rezydencki,89.76,4.56,03.02.2025 20:51:33,9,NIE,,
w-2025,13,16.04.2025,16.04.2025 09:50:33,19,77,Łódzkie,123,Medycyna rodzinna,2025/003027,Rezydencki,87.44,3.94,21.02.2025 15:43:52,9,NIE,,
w-2025,13,16.04.2025,16.04.2025 09:50:33,19,77,Łódzkie,124,Medycyna rodzinna,2025/008233,Rezydencki,86.34,0.00,28.02.2025 17:07:43,9,NIE,,
w-2025,13,16.04.2025,16.04.2025 09:50:33,19,77,Łódzkie,125,Medycyna rodzinna,2025/006582,Rezydencki,82.84,3.28,04.03.2025 10:28:18,9,NIE,,
w-2025,13,16.04.2025,16.04.2025 09:50:33,19,77,Łódzkie,126,Medycyna rodzinna,2025/008059,Rezydencki,80.71,3.43,28.02.2025 11:08:30,9,NIE,,
w-2025,13,16.04.2025,16.04.2025 09:50:33,19,77,Łódzkie,127,Medycyna rodzinna,2025/005778,Rezydencki,79.52,2.95,04.03.2025 13:20:26,9,NIE,,
w-2025,13,16.04.2025,16.04.2025 09:50:33,19,77,Łódzkie,128,Medycyna rodzinna,2025/008184,Rezydencki,74.29,4.30,28.02.2025 21:49:22,9,NIE,,
w-2025,13,16.04.2025,16.04.2025 09:50:33,19,77,Łódzkie,129,Medycyna rodzinna,2025/007833,Pozarezydencki,72.90,4.30,12.03.2025 09:33:16,4,NIE,,
w-2025,13,16.04.2025,16.04.2025 09:50:33,19,77,Łódzkie,130,Medycyna rodzinna,2025/007175,Pozarezydencki,70.91,4.18,26.02.2025 22:56:31,4,NIE,,
w-2025,13,16.04.2025,16.04.2025 09:50:33,19,77,Łódzkie,131,Medycyna rodzinna,2025/006218,Pozarezydencki,60.19,4.79,17.03.2025 10:16:20,4,NIE,,
w-2025,13,16.04.2025,16.04.2025 09:50:33,19,77,Łódzkie,132,Medycyna rodzinna,2025/004069,Pozarezydencki,4.55,3.57,07.03.2025 06:39:54,4,NIE,,
w-2025,13,16.04.2025,16.04.2025 09:50:33,19,77,Łódzkie,133,Medycyna sądowa,2025/006040,Rezydencki,84.31,3.92,26.02.2025 14:37:42,1,NIE,,
w-2025,13,16.04.2025,16.04.2025 09:50:33,19,77,Łódzkie,134,Mikrobiologia lekarska,2025/006490,Rezydencki,74.15,3.80,05.03.2025 15:32:32,1,NIE,,
w-2025,13,16.04.2025,16.04.2025 09:50:33,19,77,Łódzkie,135,Nefrologia,2025/001875,Rezydencki,87.14,4.12,01.02.2025 01:31:24,1,NIE,,
w-2025,13,16.04.2025,16.04.2025 09:50:33,19,77,Łódzkie,136,Nefrologia,2025/008159,Pozarezydencki,75.47,3.48,05.03.2025 11:58:26,1,NIE,,
w-2025,13,16.04.2025,16.04.2025 09:50:33,19,77,Łódzkie,137,Neonatologia,2025/008433,Rezydencki,84.80,4.23,28.02.2025 20:29:38,1,NIE,,
w-2025,13,16.04.2025,16.04.2025 09:50:33,19,77,Łódzkie,138,Neonatologia,2025/006766,Pozarezydencki,80.45,4.33,27.03.2025 08:56:00,3,NIE,,
w-2025,13,16.04.2025,16.04.2025 09:50:33,20,77,Łódzkie,139,Neonatologia,2025/005862,Pozarezydencki,70.91,3.66,04.03.2025 19:53:54,3,NIE,,
w-2025,13,16.04.2025,16.04.2025 09:50:33,20,77,Łódzkie,140,Neonatologia,2025/005513,Pozarezydencki,67.89,4.18,25.02.2025 09:28:45,3,NIE,,
w-2025,13,16.04.2025,16.04.2025 09:50:33,20,77,Łódzkie,141,Neurochirurgia,2025/006730,Rezydencki,87.44,4.45,14.03.2025 20:29:40,1,NIE,,
w-2025,13,16.04.2025,16.04.2025 09:50:33,20,77,Łódzkie,142,Neurochirurgia,2025/005141,Pozarezydencki,80.18,4.21,19.02.2025 14:45:46,1,NIE,,
w-2025,13,16.04.2025,16.04.2025 09:50:33,20,77,Łódzkie,143,Neurologia,2025/008040,Rezydencki,89.37,4.00,06.03.2025 13:00:17,4,NIE,,
w-2025,13,16.04.2025,16.04.2025 09:50:33,20,77,Łódzkie,144,Neurologia,2025/006988,Rezydencki,88.78,4.07,27.02.2025 21:56:18,4,NIE,,
w-2025,13,16.04.2025,16.04.2025 09:50:33,20,77,Łódzkie,145,Neurologia,2025/005710,Rezydencki,81.86,3.39,27.02.2025 22:33:54,4,NIE,,
w-2025,13,16.04.2025,16.04.2025 09:50:33,20,77,Łódzkie,146,Neurologia,2025/002012,Rezydencki,80.39,3.18,11.02.2025 22:08:06,4,NIE,,
w-2025,13,16.04.2025,16.04.2025 09:50:33,20,77,Łódzkie,147,Neurologia dziecięca,2025/008149,Rezydencki,78.43,3.74,28.02.2025 23:09:59,1,NIE,,
w-2025,13,16.04.2025,16.04.2025 09:50:33,20,77,Łódzkie,148,Okulistyka,2025/001922,Rezydencki,87.32,4.23,04.03.2025 23:14:15,2,NIE,,
w-2025,13,16.04.2025,16.04.2025 09:50:33,20,77,Łódzkie,149,Okulistyka,2025/006997,Rezydencki,87.14,4.26,27.02.2025 18:25:16,2,NIE,,
w-2025,13,16.04.2025,16.04.2025 09:50:33,20,77,Łódzkie,150,Okulistyka,2025/004511,Pozarezydencki,79.91,3.31,20.03.2025 16:46:19,4,NIE,,
w-2025,13,16.04.2025,16.04.2025 09:50:33,20,77,Łódzkie,151,Okulistyka,2025/005677,Pozarezydencki,78.60,4.11,13.03.2025 16:28:28,4,NIE,,
w-2025,13,16.04.2025,16.04.2025 09:50:33,20,77,Łódzkie,152,Okulistyka,2025/007235,Pozarezydencki,76.74,4.11,20.03.2025 12:31:12,4,NIE,,
w-2025,13,16.04.2025,16.04.2025 09:50:33,20,77,Łódzkie,153,Okulistyka,2025/007490,Pozarezydencki,75.45,3.23,28.02.2025 15:54:54,4,NIE,,
w-2025,13,16.04.2025,16.04.2025 09:50:33,20,77,Łódzkie,154,Onkologia i hematologia dziecięca,2025/005637,Rezydencki,70.53,0.00,22.02.2025 13:06:49,1,NIE,,
w-2025,13,16.04.2025,16.04.2025 09:50:33,20,77,Łódzkie,155,Onkologia kliniczna,2025/008336,Rezydencki,85.85,4.31,28.02.2025 18:32:35,2,NIE,,
w-2025,13,16.04.2025,16.04.2025 09:50:33,20,77,Łódzkie,156,Onkologia kliniczna,2025/007728,Rezydencki,68.14,3.46,04.03.2025 11:43:27,2,NIE,,
w-2025,13,16.04.2025,16.04.2025 09:50:33,20,77,Łódzkie,157,Onkologia kliniczna,2025/005841,Pozarezydencki,70.91,0.00,05.03.2025 19:55:17,1,NIE,,
w-2025,13,16.04.2025,16.04.2025 09:50:33,20,77,Łódzkie,158,Ortopedia i traumatologia narządu ruchu,2025/003897,Rezydencki,75.71,3.38,04.03.2025 18:19:56,2,NIE,,
w-2025,13,16.04.2025,16.04.2025 09:50:33,20,77,Łódzkie,159,Ortopedia i traumatologia narządu ruchu,2025/006267,Rezydencki,75.71,3.29,11.03.2025 19:41:34,2,NIE,,
w-2025,13,16.04.2025,16.04.2025 09:50:33,20,77,Łódzkie,160,Ortopedia i traumatologia narządu ruchu,2025/006927,Pozarezydencki,79.91,3.74,13.03.2025 10:47:59,3,NIE,,
w-2025,13,16.04.2025,16.04.2025 09:50:33,20,77,Łódzkie,161,Ortopedia i traumatologia narządu ruchu,2025/006573,Pozarezydencki,66.82,3.36,04.03.2025 21:56:11,3,NIE,,
w-2025,13,16.04.2025,16.04.2025 09:50:33,20,77,Łódzkie,162,Ortopedia i traumatologia narządu ruchu,2025/003992,Pozarezydencki,65.45,3.89,12.02.2025 12:03:32,3,NIE,,
w-2025,13,16.04.2025,16.04.2025 09:50:33,20,77,Łódzkie,163,Otorynolaryngologia,2025/007532,Rezydencki,87.75,3.70,04.03.2025 20:30:00,4,NIE,,
w-2025,13,16.04.2025,16.04.2025 09:50:33,20,77,Łódzkie,164,Otorynolaryngologia,2025/005940,Rezydencki,86.67,4.02,28.02.2025 19:53:54,4,NIE,,
w-2025,13,16.04.2025,16.04.2025 09:50:33,20,77,Łódzkie,165,Otorynolaryngologia,2025/007569,Rezydencki,85.71,3.45,28.02.2025 23:57:06,4,NIE,,
w-2025,13,16.04.2025,16.04.2025 09:50:33,20,77,Łódzkie,166,Otorynolaryngologia,2025/004543,Rezydencki,84.80,3.23,19.03.2025 09:30:23,4,NIE,,
w-2025,13,16.04.2025,16.04.2025 09:50:33,20,77,Łódzkie,167,Otorynolaryngologia,2025/007549,Pozarezydencki,80.00,3.68,27.03.2025 12:36:15,1,NIE,,
w-2025,13,16.04.2025,16.04.2025 09:50:33,20,77,Łódzkie,168,Otorynolaryngologia dziecięca,2025/007334,Rezydencki,84.29,3.61,28.02.2025 11:19:32,2,NIE,,
w-2025,13,16.04.2025,16.04.2025 09:50:33,20,77,Łódzkie,169,Otorynolaryngologia dziecięca,2025/008660,Rezydencki,83.90,0.00,28.02.2025 23:47:02,2,NIE,,
w-2025,13,16.04.2025,16.04.2025 09:50:33,20,77,Łódzkie,170,Patomorfologia,2025/001867,Rezydencki,87.92,3.53,01.02.2025 00:22:35,2,NIE,,
w-2025,13,16.04.2025,16.04.2025 09:50:33,20,77,Łódzkie,171,Patomorfologia,2025/003261,Rezydencki,80.98,3.81,27.02.2025 12:14:36,2,NIE,,
w-2025,13,16.04.2025,16.04.2025 09:50:33,20,77,Łódzkie,172,Pediatria,2025/004555,Rezydencki,85.99,4.61,27.02.2025 15:38:12,4,NIE,,
w-2025,13,16.04.2025,16.04.2025 09:50:33,20,77,Łódzkie,173,Pediatria,2025/006992,Rezydencki,84.39,3.75,28.02.2025 23:39:19,4,NIE,,
w-2025,13,16.04.2025,16.04.2025 09:50:33,20,77,Łódzkie,174,Pediatria,2025/003252,Rezydencki,81.37,4.16,27.02.2025 18:58:06,4,NIE,,
w-2025,13,16.04.2025,16.04.2025 09:50:33,20,77,Łódzkie,175,Pediatria,2025/007536,Rezydencki,69.52,4.05,27.02.2025 17:58:43,4,NIE,,
w-2025,13,16.04.2025,16.04.2025 09:50:33,20,77,Łódzkie,176,Pediatria,2025/003589,Pozarezydencki,82.27,4.25,18.03.2025 20:41:13,3,NIE,,
w-2025,13,16.04.2025,16.04.2025 09:50:33,21,77,Łódzkie,177,Pediatria,2025/006400,Pozarezydencki,70.91,3.42,24.03.2025 13:13:00,3,NIE,,
w-2025,13,16.04.2025,16.04.2025 09:50:33,21,77,Łódzkie,178,Pediatria,2025/002720,Pozarezydencki,64.22,3.98,11.03.2025 16:28:49,3,NIE,,
w-2025,13,16.04.2025,16.04.2025 09:50:33,21,77,Łódzkie,179,Pediatria metaboliczna,2025/003639,Pozarezydencki,66.82,4.19,26.02.2025 17:25:12,1,NIE,,
w-2025,13,16.04.2025,16.04.2025 09:50:33,21,77,Łódzkie,180,Perinatologia,2025/002161,Pozarezydencki,86.36,3.57,11.03.2025 11:54:53,1,NIE,,
w-2025,13,16.04.2025,16.04.2025 09:50:33,21,77,Łódzkie,181,Periodontologia,2025/006219,Rezydencki,84.76,4.36,25.02.2025 21:32:44,1,NIE,,
w-2025,13,16.04.2025,16.04.2025 09:50:33,21,77,Łódzkie,182,Położnictwo i ginekologia,2025/006094,Rezydencki,86.59,3.94,27.02.2025 21:56:49,11,NIE,,
w-2025,13,16.04.2025,16.04.2025 09:50:33,21,77,Łódzkie,183,Położnictwo i ginekologia,2025/006240,Rezydencki,84.29,4.12,06.03.2025 15:22:43,11,NIE,,
w-2025,13,16.04.2025,16.04.2025 09:50:33,21,77,Łódzkie,184,Położnictwo i ginekologia,2025/006308,Rezydencki,79.52,4.49,27.02.2025 13:41:31,11,NIE,,
w-2025,13,16.04.2025,16.04.2025 09:50:33,21,77,Łódzkie,185,Położnictwo i ginekologia,2025/007155,Rezydencki,79.05,4.13,28.02.2025 23:48:16,11,NIE,,
w-2025,13,16.04.2025,16.04.2025 09:50:33,21,77,Łódzkie,186,Położnictwo i ginekologia,2025/007888,Rezydencki,79.05,3.15,28.02.2025 20:17:09,11,NIE,,
w-2025,13,16.04.2025,16.04.2025 09:50:33,21,77,Łódzkie,187,Położnictwo i ginekologia,2025/007520,Rezydencki,78.50,3.82,05.03.2025 11:32:32,11,NIE,,
w-2025,13,16.04.2025,16.04.2025 09:50:33,21,77,Łódzkie,188,Położnictwo i ginekologia,2025/006743,Rezydencki,76.19,4.47,14.03.2025 12:32:39,11,NIE,,
w-2025,13,16.04.2025,16.04.2025 09:50:33,21,77,Łódzkie,189,Położnictwo i ginekologia,2025/008446,Rezydencki,72.22,4.04,19.03.2025 15:52:46,11,NIE,,
w-2025,13,16.04.2025,16.04.2025 09:50:33,21,77,Łódzkie,190,Położnictwo i ginekologia,2025/007955,Rezydencki,67.80,3.20,28.02.2025 00:48:51,11,NIE,,
w-2025,13,16.04.2025,16.04.2025 09:50:33,21,77,Łódzkie,191,Położnictwo i ginekologia,2025/007862,Rezydencki,59.52,4.02,28.02.2025 16:59:51,11,NIE,,
w-2025,13,16.04.2025,16.04.2025 09:50:33,21,77,Łódzkie,192,Położnictwo i ginekologia,2025/005514,Rezydencki,58.33,0.00,07.03.2025 14:41:54,11,NIE,,
w-2025,13,16.04.2025,16.04.2025 09:50:33,21,77,Łódzkie,193,Psychiatria,2025/005346,Rezydencki,88.41,3.84,11.03.2025 10:27:26,19,NIE,,
w-2025,13,16.04.2025,16.04.2025 09:50:33,21,77,Łódzkie,194,Psychiatria,2025/006488,Rezydencki,85.02,3.43,26.02.2025 17:34:41,19,NIE,,
w-2025,13,16.04.2025,16.04.2025 09:50:33,21,77,Łódzkie,195,Psychiatria,2025/002732,Rezydencki,82.61,4.03,18.02.2025 23:51:41,19,NIE,,
w-2025,13,16.04.2025,16.04.2025 09:50:33,21,77,Łódzkie,196,Psychiatria,2025/002153,Rezydencki,81.37,3.83,25.02.2025 19:27:45,19,NIE,,
w-2025,13,16.04.2025,16.04.2025 09:50:33,21,77,Łódzkie,197,Psychiatria,2025/003243,Rezydencki,80.95,3.21,26.02.2025 21:00:40,19,NIE,,
w-2025,13,16.04.2025,16.04.2025 09:50:33,21,77,Łódzkie,198,Psychiatria,2025/008181,Rezydencki,79.41,3.56,27.03.2025 14:29:19,19,NIE,,
w-2025,13,16.04.2025,16.04.2025 09:50:33,21,77,Łódzkie,199,Psychiatria,2025/007943,Rezydencki,79.23,3.14,14.03.2025 11:09:56,19,NIE,,
w-2025,13,16.04.2025,16.04.2025 09:50:33,21,77,Łódzkie,200,Psychiatria,2025/003830,Rezydencki,78.05,0.00,27.02.2025 14:58:29,19,NIE,,
w-2025,13,16.04.2025,16.04.2025 09:50:33,21,77,Łódzkie,201,Psychiatria,2025/007107,Rezydencki,76.96,3.75,26.02.2025 21:48:27,19,NIE,,
w-2025,13,16.04.2025,16.04.2025 09:50:33,21,77,Łódzkie,202,Psychiatria,2025/008361,Rezydencki,76.09,3.32,28.02.2025 19:06:11,19,NIE,,
w-2025,13,16.04.2025,16.04.2025 09:50:33,21,77,Łódzkie,203,Psychiatria,2025/006566,Rezydencki,75.61,3.08,11.03.2025 15:40:39,19,NIE,,
w-2025,13,16.04.2025,16.04.2025 09:50:33,21,77,Łódzkie,204,Psychiatria,2025/008294,Rezydencki,74.15,4.00,28.02.2025 18:38:02,19,NIE,,
w-2025,13,16.04.2025,16.04.2025 09:50:33,21,77,Łódzkie,205,Psychiatria,2025/008621,Rezydencki,73.33,3.90,10.03.2025 15:30:29,19,NIE,,
w-2025,13,16.04.2025,16.04.2025 09:50:33,21,77,Łódzkie,206,Psychiatria,2025/008186,Rezydencki,72.20,3.40,28.02.2025 14:28:56,19,NIE,,
w-2025,13,16.04.2025,16.04.2025 09:50:33,21,77,Łódzkie,207,Psychiatria,2025/004212,Rezydencki,71.50,4.13,10.03.2025 11:28:36,19,NIE,,
w-2025,13,16.04.2025,16.04.2025 09:50:33,21,77,Łódzkie,208,Psychiatria,2025/004977,Rezydencki,70.95,3.50,28.02.2025 14:31:46,19,NIE,,
w-2025,13,16.04.2025,16.04.2025 09:50:33,21,77,Łódzkie,209,Psychiatria,2025/004765,Rezydencki,64.59,3.89,18.03.2025 10:25:25,19,NIE,,
w-2025,13,16.04.2025,16.04.2025 09:50:33,21,77,Łódzkie,210,Psychiatria,2025/007317,Rezydencki,60.95,3.09,09.03.2025 22:56:53,19,NIE,,
w-2025,13,16.04.2025,16.04.2025 09:50:33,21,77,Łódzkie,211,Psychiatria,2025/002080,Rezydencki,55.07,3.18,05.03.2025 14:19:53,19,NIE,,
w-2025,13,16.04.2025,16.04.2025 09:50:33,21,77,Łódzkie,212,Psychiatria dzieci i młodzieży,2025/006884,Rezydencki,87.62,3.77,06.03.2025 12:07:34,4,NIE,,
w-2025,13,16.04.2025,16.04.2025 09:50:33,21,77,Łódzkie,213,Psychiatria dzieci i młodzieży,2025/007216,Rezydencki,80.98,3.77,27.02.2025 00:14:15,4,NIE,,
w-2025,13,16.04.2025,16.04.2025 09:50:33,21,77,Łódzkie,214,Psychiatria dzieci i młodzieży,2025/006444,Rezydencki,79.05,4.00,06.03.2025 10:14:52,4,NIE,,
w-2025,13,16.04.2025,16.04.2025 09:50:33,22,77,Łódzkie,215,Psychiatria dzieci i młodzieży,2025/007829,Rezydencki,75.98,3.13,28.02.2025 20:46:36,4,NIE,,
w-2025,13,16.04.2025,16.04.2025 09:50:33,22,77,Łódzkie,216,Psychiatria dzieci i młodzieży,2025/004205,Pozarezydencki,59.40,3.44,18.03.2025 17:44:15,1,NIE,,
w-2025,13,16.04.2025,16.04.2025 09:50:33,22,77,Łódzkie,217,Radiologia i diagnostyka obrazowa,2025/003259,Rezydencki,90.82,4.52,04.03.2025 13:24:03,5,NIE,,
w-2025,13,16.04.2025,16.04.2025 09:50:33,22,77,Łódzkie,218,Radiologia i diagnostyka obrazowa,2025/005849,Rezydencki,90.00,4.41,17.03.2025 13:20:14,5,NIE,,
w-2025,13,16.04.2025,16.04.2025 09:50:33,22,77,Łódzkie,219,Radiologia i diagnostyka obrazowa,2025/007911,Rezydencki,89.86,4.10,27.02.2025 23:59:57,5,NIE,,
w-2025,13,16.04.2025,16.04.2025 09:50:33,22,77,Łódzkie,220,Radiologia i diagnostyka obrazowa,2025/008441,Rezydencki,88.41,3.70,28.02.2025 20:33:13,5,NIE,,
w-2025,13,16.04.2025,16.04.2025 09:50:33,22,77,Łódzkie,221,Radiologia i diagnostyka obrazowa,2025/007383,Rezydencki,88.05,4.38,27.02.2025 21:45:14,5,NIE,,
w-2025,13,16.04.2025,16.04.2025 09:50:33,22,77,Łódzkie,222,Radiologia i diagnostyka obrazowa,2025/007232,Pozarezydencki,83.41,3.18,05.03.2025 14:24:36,5,NIE,,
w-2025,13,16.04.2025,16.04.2025 09:50:33,22,77,Łódzkie,223,Radiologia i diagnostyka obrazowa,2025/001882,Pozarezydencki,77.88,4.22,26.02.2025 19:39:30,5,NIE,,
w-2025,13,16.04.2025,16.04.2025 09:50:33,22,77,Łódzkie,224,Radiologia i diagnostyka obrazowa,2025/006986,Pozarezydencki,72.27,3.60,28.02.2025 18:35:48,5,NIE,,
w-2025,13,16.04.2025,16.04.2025 09:50:33,22,77,Łódzkie,225,Radiologia i diagnostyka obrazowa,2025/007138,Pozarezydencki,71.50,3.74,26.02.2025 22:21:41,5,NIE,,
w-2025,13,16.04.2025,16.04.2025 09:50:33,22,77,Łódzkie,226,Radiologia i diagnostyka obrazowa,2025/004554,Pozarezydencki,63.68,3.76,09.03.2025 23:20:51,5,NIE,,
w-2025,13,16.04.2025,16.04.2025 09:50:33,22,77,Łódzkie,227,Rehabilitacja medyczna,2025/006645,Rezydencki,56.37,0.00,07.03.2025 00:57:57,1,NIE,,
w-2025,13,16.04.2025,16.04.2025 09:50:33,22,77,Łódzkie,228,Rehabilitacja medyczna,2025/004867,Pozarezydencki,61.82,0.00,09.03.2025 17:03:29,1,NIE,,
w-2025,13,16.04.2025,16.04.2025 09:50:33,22,77,Łódzkie,229,Reumatologia,2025/005845,Rezydencki,88.29,4.47,27.03.2025 12:46:15,1,NIE,,
w-2025,13,16.04.2025,16.04.2025 09:50:33,22,77,Łódzkie,230,Reumatologia,2025/007565,Pozarezydencki,80.23,4.10,27.02.2025 18:34:04,3,NIE,,
w-2025,13,16.04.2025,16.04.2025 09:50:33,22,77,Łódzkie,231,Reumatologia,2025/002232,Pozarezydencki,68.66,3.51,12.03.2025 19:23:04,3,NIE,,
w-2025,13,16.04.2025,16.04.2025 09:50:33,22,77,Łódzkie,232,Reumatologia,2025/004698,Pozarezydencki,61.82,3.89,10.03.2025 17:37:46,3,NIE,,
w-2025,13,16.04.2025,16.04.2025 09:50:33,22,77,Łódzkie,233,Transplantologia kliniczna,2025/007609,Pozarezydencki,80.00,0.00,06.03.2025 15:34:30,1,NIE,,
w-2025,13,16.04.2025,16.04.2025 09:50:33,22,77,Łódzkie,234,Urologia,2025/003921,Rezydencki,90.82,0.00,27.03.2025 13:27:26,3,NIE,,
w-2025,13,16.04.2025,16.04.2025 09:50:33,22,77,Łódzkie,235,Urologia,2025/006644,Rezydencki,90.20,4.54,07.03.2025 19:36:10,3,NIE,,
w-2025,13,16.04.2025,16.04.2025 09:50:33,22,77,Łódzkie,236,Urologia,2025/006653,Rezydencki,86.76,3.87,28.02.2025 23:35:27,3,NIE,,
w-2025,13,16.04.2025,16.04.2025 09:50:33,22,77,Łódzkie,237,Urologia,2025/007422,Pozarezydencki,75.58,3.74,27.02.2025 15:39:33,2,NIE,,
w-2025,13,16.04.2025,16.04.2025 09:50:33,22,77,Łódzkie,238,Urologia,2025/007483,Pozarezydencki,72.90,3.98,28.02.2025 23:59:48,2,NIE,,
w-2025,13,16.04.2025,16.04.2025 09:50:33,22,77,Łódzkie,239,Zdrowie publiczne,2025/007057,Rezydencki,79.13,4.12,27.02.2025 21:23:01,3,NIE,,
w-2025,13,16.04.2025,16.04.2025 09:50:33,22,77,Łódzkie,240,Zdrowie publiczne,2025/002951,Rezydencki,75.71,3.23,08.02.2025 20:18:06,3,NIE,,
w-2025,13,16.04.2025,16.04.2025 09:50:33,22,77,Łódzkie,241,Zdrowie publiczne,2025/004633,Rezydencki,75.12,3.56,10.03.2025 10:18:15,3,NIE,,
w-2025,13,16.04.2025,16.04.2025 09:50:33,22,77,Łódzkie,1,Protetyka stomatologiczna,2025/003309,Rezydencki,78.10,3.92,05.03.2025 14:06:01,1,TAK,Samodzielny Publiczny Zakład Opieki Zdrowotnej Centralny Szpital Kliniczny Uniwersytetu Medycznego w Łodzi,I Poradnia Protetyki Stomatologicznej
w-2025,13,16.04.2025,16.04.2025 09:50:33,22,77,Łódzkie,1,Psychiatria,2025/004438,Rezydencki,72.44,3.77,27.02.2025 21:37:22,1,TAK,Specjalistyczny Psychiatryczny Zespół Opieki Zdrowotnej w Łodzi,
w-2025,13,16.04.2025,16.04.2025 09:50:33,23,77,Łódzkie,1,Alergologia,2025/005939,Rezydencki,89.86,4.05,05.03.2025 19:37:57,1,TAK,SMKSystem Monitorowania Kształcenia,"Pracowników Medycznych Status dokumentu Opublikowanie wyników Wojewódzkie Wielospecjalistyczne Centrum Onkologii i Traumatologii im. M. Kopernika w Łodzi Oddział Alergologii i Interny Dziecięcej – Klinika Interny Dziecięcej i Alergologii, Klinika Pulmonologii Dziecięcej"
w-2025,13,16.04.2025,16.04.2025 09:50:33,23,77,Małopolskie,1,Alergologia,2025/008311,Rezydencki,87.80,4.10,28.02.2025 18:27:00,2,NIE,,
w-2025,13,16.04.2025,16.04.2025 09:50:33,23,77,Małopolskie,2,Alergologia,2025/006742,Rezydencki,87.44,4.12,28.02.2025 13:34:45,2,NIE,,
w-2025,13,16.04.2025,16.04.2025 09:50:33,23,77,Małopolskie,3,Alergologia,2025/003186,Pozarezydencki,80.23,4.40,18.03.2025 19:00:40,1,NIE,,
w-2025,13,16.04.2025,16.04.2025 09:50:33,23,77,Małopolskie,4,Anestezjologia i intensywna terapia,2025/001895,Rezydencki,89.37,4.52,12.03.2025 20:25:29,8,NIE,,
w-2025,13,16.04.2025,16.04.2025 09:50:33,23,77,Małopolskie,5,Anestezjologia i intensywna terapia,2025/008290,Rezydencki,88.41,4.00,28.02.2025 17:25:45,8,NIE,,
w-2025,13,16.04.2025,16.04.2025 09:50:33,23,77,Małopolskie,6,Anestezjologia i intensywna terapia,2025/006176,Rezydencki,86.96,4.27,17.03.2025 18:20:13,8,NIE,,
w-2025,13,16.04.2025,16.04.2025 09:50:33,23,77,Małopolskie,7,Anestezjologia i intensywna terapia,2025/005275,Rezydencki,86.76,0.00,14.03.2025 14:22:48,8,NIE,,
w-2025,13,16.04.2025,16.04.2025 09:50:33,23,77,Małopolskie,8,Anestezjologia i intensywna terapia,2025/006844,Rezydencki,85.99,3.66,14.03.2025 12:33:33,8,NIE,,
w-2025,13,16.04.2025,16.04.2025 09:50:33,23,77,Małopolskie,9,Anestezjologia i intensywna terapia,2025/006670,Rezydencki,85.37,3.89,15.03.2025 21:23:54,8,NIE,,
w-2025,13,16.04.2025,16.04.2025 09:50:33,23,77,Małopolskie,10,Anestezjologia i intensywna terapia,2025/001989,Rezydencki,82.13,3.95,14.03.2025 10:33:21,8,NIE,,
w-2025,13,16.04.2025,16.04.2025 09:50:33,23,77,Małopolskie,11,Anestezjologia i intensywna terapia,2025/007519,Rezydencki,75.71,4.75,17.03.2025 15:56:52,8,NIE,,
w-2025,13,16.04.2025,16.04.2025 09:50:33,23,77,Małopolskie,12,Anestezjologia i intensywna terapia,2025/003559,Pozarezydencki,80.37,3.90,18.02.2025 19:31:09,2,NIE,,
w-2025,13,16.04.2025,16.04.2025 09:50:33,23,77,Małopolskie,13,Anestezjologia i intensywna terapia,2025/006237,Pozarezydencki,72.27,2.96,26.02.2025 19:18:38,2,NIE,,
w-2025,13,16.04.2025,16.04.2025 09:50:33,23,77,Małopolskie,14,Chirurgia dziecięca,2025/004028,Rezydencki,89.76,4.39,12.02.2025 13:38:47,1,NIE,,
w-2025,13,16.04.2025,16.04.2025 09:50:33,23,77,Małopolskie,15,Chirurgia klatki piersiowej,2025/005953,Pozarezydencki,66.59,3.59,28.03.2025 09:30:03,1,NIE,,
w-2025,13,16.04.2025,16.04.2025 09:50:33,23,77,Małopolskie,16,Chirurgia naczyniowa,2025/001959,Rezydencki,92.27,4.65,11.03.2025 14:51:31,1,NIE,,
w-2025,13,16.04.2025,16.04.2025 09:50:33,23,77,Małopolskie,17,Chirurgia ogólna,2025/003699,Rezydencki,88.97,4.53,18.02.2025 08:05:32,3,NIE,,
w-2025,13,16.04.2025,16.04.2025 09:50:33,23,77,Małopolskie,18,Chirurgia ogólna,2025/007294,Rezydencki,86.19,4.04,27.02.2025 11:56:33,3,NIE,,
w-2025,13,16.04.2025,16.04.2025 09:50:33,23,77,Małopolskie,19,Chirurgia ogólna,2025/008379,Rezydencki,72.38,3.72,15.03.2025 07:55:16,3,NIE,,
w-2025,13,16.04.2025,16.04.2025 09:50:33,23,77,Małopolskie,20,Chirurgia ogólna,2025/008558,Pozarezydencki,0.00,3.25,16.03.2025 22:20:51,1,NIE,,
w-2025,13,16.04.2025,16.04.2025 09:50:33,23,77,Małopolskie,21,Chirurgia onkologiczna,2025/004062,Rezydencki,86.34,3.77,11.03.2025 14:22:11,1,NIE,,
w-2025,13,16.04.2025,16.04.2025 09:50:33,23,77,Małopolskie,22,Chirurgia onkologiczna,2025/004386,Pozarezydencki,90.91,0.00,18.03.2025 20:57:00,4,NIE,,
w-2025,13,16.04.2025,16.04.2025 09:50:33,23,77,Małopolskie,23,Chirurgia onkologiczna,2025/003862,Pozarezydencki,84.55,3.66,27.02.2025 18:55:56,4,NIE,,
w-2025,13,16.04.2025,16.04.2025 09:50:33,23,77,Małopolskie,24,Chirurgia onkologiczna,2025/006861,Pozarezydencki,74.32,3.79,26.02.2025 17:33:17,4,NIE,,
w-2025,13,16.04.2025,16.04.2025 09:50:33,23,77,Małopolskie,25,Chirurgia onkologiczna,2025/005674,Pozarezydencki,71.20,4.15,13.03.2025 21:34:31,4,NIE,,
w-2025,13,16.04.2025,16.04.2025 09:50:33,23,77,Małopolskie,26,Chirurgia stomatologiczna,2025/003075,Rezydencki,85.58,4.34,07.02.2025 01:57:41,1,NIE,,
w-2025,13,16.04.2025,16.04.2025 09:50:33,23,77,Małopolskie,27,Chirurgia szczękowo-twarzowa,2025/005875,Rezydencki,88.10,4.39,14.03.2025 14:33:53,1,NIE,,
w-2025,13,16.04.2025,16.04.2025 09:50:33,23,77,Małopolskie,28,Choroby płuc,2025/008276,Rezydencki,86.27,4.48,20.03.2025 21:39:34,5,NIE,,
w-2025,13,16.04.2025,16.04.2025 09:50:33,23,77,Małopolskie,29,Choroby płuc,2025/005936,Rezydencki,85.24,3.54,28.02.2025 23:45:27,5,NIE,,
w-2025,13,16.04.2025,16.04.2025 09:50:33,23,77,Małopolskie,30,Choroby płuc,2025/005922,Rezydencki,83.81,3.81,27.02.2025 18:35:29,5,NIE,,
w-2025,13,16.04.2025,16.04.2025 09:50:33,23,77,Małopolskie,31,Choroby płuc,2025/006872,Rezydencki,79.05,4.38,14.03.2025 14:57:33,5,NIE,,
w-2025,13,16.04.2025,16.04.2025 09:50:33,23,77,Małopolskie,32,Choroby płuc,2025/006174,Rezydencki,71.43,4.11,20.03.2025 12:59:38,5,NIE,,
w-2025,13,16.04.2025,16.04.2025 09:50:33,23,77,Małopolskie,33,Choroby płuc,2025/008080,Pozarezydencki,70.91,3.52,17.03.2025 22:44:10,1,NIE,,
w-2025,13,16.04.2025,16.04.2025 09:50:33,23,77,Małopolskie,34,Choroby płuc dzieci,2025/002734,Rezydencki,89.27,4.17,26.03.2025 14:37:37,1,NIE,,
w-2025,13,16.04.2025,16.04.2025 09:50:33,23,77,Małopolskie,35,Choroby płuc dzieci,2025/004339,Pozarezydencki,70.91,3.86,12.03.2025 08:17:58,3,NIE,,
w-2025,13,16.04.2025,16.04.2025 09:50:33,24,77,Małopolskie,36,Choroby płuc dzieci,2025/005912,Pozarezydencki,70.91,3.42,14.03.2025 13:03:47,3,NIE,,
w-2025,13,16.04.2025,16.04.2025 09:50:33,24,77,Małopolskie,37,Choroby płuc dzieci,2025/008552,Pozarezydencki,68.52,3.19,18.03.2025 20:00:58,3,NIE,,
w-2025,13,16.04.2025,16.04.2025 09:50:33,24,77,Małopolskie,38,Choroby wewnętrzne,2025/006683,Rezydencki,84.88,0.00,20.03.2025 16:59:45,11,NIE,,
w-2025,13,16.04.2025,16.04.2025 09:50:33,24,77,Małopolskie,39,Choroby wewnętrzne,2025/007204,Rezydencki,83.81,4.51,28.02.2025 13:49:05,11,NIE,,
w-2025,13,16.04.2025,16.04.2025 09:50:33,24,77,Małopolskie,40,Choroby wewnętrzne,2025/002666,Rezydencki,83.57,3.80,14.03.2025 12:50:40,11,NIE,,
w-2025,13,16.04.2025,16.04.2025 09:50:33,24,77,Małopolskie,41,Choroby wewnętrzne,2025/005221,Rezydencki,82.84,4.81,13.03.2025 15:45:54,11,NIE,,
w-2025,13,16.04.2025,16.04.2025 09:50:33,24,77,Małopolskie,42,Choroby wewnętrzne,2025/005349,Rezydencki,82.61,3.63,10.03.2025 20:24:53,11,NIE,,
w-2025,13,16.04.2025,16.04.2025 09:50:33,24,77,Małopolskie,43,Choroby wewnętrzne,2025/007521,Rezydencki,80.00,4.78,17.03.2025 13:25:49,11,NIE,,
w-2025,13,16.04.2025,16.04.2025 09:50:33,24,77,Małopolskie,44,Choroby wewnętrzne,2025/005797,Rezydencki,79.05,4.53,27.02.2025 15:47:51,11,NIE,,
w-2025,13,16.04.2025,16.04.2025 09:50:33,24,77,Małopolskie,45,Choroby wewnętrzne,2025/004427,Rezydencki,79.02,3.91,16.02.2025 10:27:47,11,NIE,,
w-2025,13,16.04.2025,16.04.2025 09:50:33,24,77,Małopolskie,46,Choroby wewnętrzne,2025/004760,Rezydencki,77.78,3.41,27.02.2025 21:09:44,11,NIE,,
w-2025,13,16.04.2025,16.04.2025 09:50:33,24,77,Małopolskie,47,Choroby wewnętrzne,2025/006402,Rezydencki,68.57,3.45,27.02.2025 17:15:22,11,NIE,,
w-2025,13,16.04.2025,16.04.2025 09:50:33,24,77,Małopolskie,48,Choroby wewnętrzne,2025/001894,Rezydencki,54.41,3.80,14.02.2025 07:00:07,11,NIE,,
w-2025,13,16.04.2025,16.04.2025 09:50:33,24,77,Małopolskie,49,Choroby wewnętrzne,2025/004453,Pozarezydencki,70.18,0.00,19.03.2025 11:10:24,2,NIE,,
w-2025,13,16.04.2025,16.04.2025 09:50:33,24,77,Małopolskie,50,Choroby wewnętrzne,2025/007984,Pozarezydencki,66.74,0.00,24.03.2025 08:42:53,2,NIE,,
w-2025,13,16.04.2025,16.04.2025 09:50:33,24,77,Małopolskie,51,Choroby zakaźne,2025/007698,Rezydencki,86.96,4.03,12.03.2025 14:52:14,3,NIE,,
w-2025,13,16.04.2025,16.04.2025 09:50:33,24,77,Małopolskie,52,Choroby zakaźne,2025/004955,Rezydencki,86.96,3.88,21.03.2025 12:19:09,3,NIE,,
w-2025,13,16.04.2025,16.04.2025 09:50:33,24,77,Małopolskie,53,Choroby zakaźne,2025/002536,Rezydencki,59.31,3.93,28.02.2025 19:10:57,3,NIE,,
w-2025,13,16.04.2025,16.04.2025 09:50:33,24,77,Małopolskie,54,Dermatologia i wenerologia,2025/006150,Rezydencki,92.75,4.36,25.02.2025 21:16:30,1,NIE,,
w-2025,13,16.04.2025,16.04.2025 09:50:33,24,77,Małopolskie,55,Endokrynologia ginekologiczna i rozrodczość,2025/004904,Pozarezydencki,91.36,4.15,13.03.2025 16:05:25,2,NIE,,
w-2025,13,16.04.2025,16.04.2025 09:50:33,24,77,Małopolskie,56,Endokrynologia ginekologiczna i rozrodczość,2025/006405,Pozarezydencki,90.55,4.39,18.03.2025 16:02:25,2,NIE,,
w-2025,13,16.04.2025,16.04.2025 09:50:33,24,77,Małopolskie,57,Endokrynologia i diabetologia dziecięca,2025/004754,Pozarezydencki,75.45,4.18,06.03.2025 18:52:12,1,NIE,,
w-2025,13,16.04.2025,16.04.2025 09:50:33,24,77,Małopolskie,58,Geriatria,2025/008193,Pozarezydencki,72.05,3.91,12.03.2025 13:55:32,1,NIE,,
w-2025,13,16.04.2025,16.04.2025 09:50:33,24,77,Małopolskie,59,Ginekologia onkologiczna,2025/008644,Pozarezydencki,70.91,3.82,26.03.2025 13:22:47,4,NIE,,
w-2025,13,16.04.2025,16.04.2025 09:50:33,24,77,Małopolskie,60,Ginekologia onkologiczna,2025/001868,Pozarezydencki,66.36,0.00,10.03.2025 15:04:18,4,NIE,,
w-2025,13,16.04.2025,16.04.2025 09:50:33,24,77,Małopolskie,61,Ginekologia onkologiczna,2025/006066,Pozarezydencki,64.81,3.62,28.02.2025 14:54:39,4,NIE,,
w-2025,13,16.04.2025,16.04.2025 09:50:33,24,77,Małopolskie,62,Ginekologia onkologiczna,2025/007484,Pozarezydencki,61.82,3.18,20.03.2025 22:10:37,4,NIE,,
w-2025,13,16.04.2025,16.04.2025 09:50:33,24,77,Małopolskie,63,Hematologia,2025/002162,Rezydencki,80.95,4.09,28.02.2025 21:17:56,1,NIE,,
w-2025,13,16.04.2025,16.04.2025 09:50:33,24,77,Małopolskie,64,Hipertensjologia,2025/008638,Pozarezydencki,63.53,4.02,21.03.2025 19:21:15,1,NIE,,
w-2025,13,16.04.2025,16.04.2025 09:50:33,24,77,Małopolskie,65,Intensywna terapia,2025/002669,Pozarezydencki,80.23,4.04,26.02.2025 17:30:10,3,NIE,,
w-2025,13,16.04.2025,16.04.2025 09:50:33,24,77,Małopolskie,66,Intensywna terapia,2025/002343,Pozarezydencki,80.00,0.00,18.03.2025 13:27:47,3,NIE,,
w-2025,13,16.04.2025,16.04.2025 09:50:33,24,77,Małopolskie,67,Intensywna terapia,2025/002382,Pozarezydencki,80.00,0.00,21.03.2025 11:50:59,3,NIE,,
w-2025,13,16.04.2025,16.04.2025 09:50:33,24,77,Małopolskie,68,Kardiologia,2025/005782,Rezydencki,90.20,4.41,14.03.2025 15:14:19,11,NIE,,
w-2025,13,16.04.2025,16.04.2025 09:50:33,24,77,Małopolskie,69,Kardiologia,2025/005932,Rezydencki,87.86,4.10,27.02.2025 16:11:18,11,NIE,,
w-2025,13,16.04.2025,16.04.2025 09:50:33,24,77,Małopolskie,70,Kardiologia,2025/007491,Rezydencki,87.38,4.08,27.02.2025 16:28:36,11,NIE,,
w-2025,13,16.04.2025,16.04.2025 09:50:33,24,77,Małopolskie,71,Kardiologia,2025/002907,Rezydencki,87.20,3.85,14.03.2025 07:00:37,11,NIE,,
w-2025,13,16.04.2025,16.04.2025 09:50:33,24,77,Małopolskie,72,Kardiologia,2025/005600,Rezydencki,87.20,3.55,14.03.2025 06:57:41,11,NIE,,
w-2025,13,16.04.2025,16.04.2025 09:50:33,24,77,Małopolskie,73,Kardiologia,2025/007902,Rezydencki,86.96,4.19,28.02.2025 11:50:01,11,NIE,,
w-2025,13,16.04.2025,16.04.2025 09:50:33,24,77,Małopolskie,74,Kardiologia,2025/007513,Rezydencki,86.71,3.71,17.03.2025 22:03:30,11,NIE,,
w-2025,13,16.04.2025,16.04.2025 09:50:33,25,77,Małopolskie,75,Kardiologia,2025/002117,Rezydencki,85.37,3.84,13.03.2025 10:39:51,11,NIE,,
w-2025,13,16.04.2025,16.04.2025 09:50:33,25,77,Małopolskie,76,Kardiologia,2025/007092,Rezydencki,85.24,3.85,13.03.2025 12:03:16,11,NIE,,
w-2025,13,16.04.2025,16.04.2025 09:50:33,25,77,Małopolskie,77,Kardiologia,2025/001873,Rezydencki,84.88,3.84,01.02.2025 00:41:13,11,NIE,,
w-2025,13,16.04.2025,16.04.2025 09:50:33,25,77,Małopolskie,78,Kardiologia,2025/007748,Rezydencki,83.81,3.53,17.03.2025 12:55:15,11,NIE,,
w-2025,13,16.04.2025,16.04.2025 09:50:33,25,77,Małopolskie,79,Kardiologia,2025/003756,Pozarezydencki,79.44,3.59,21.03.2025 10:06:03,5,NIE,,
w-2025,13,16.04.2025,16.04.2025 09:50:33,25,77,Małopolskie,80,Kardiologia,2025/007121,Pozarezydencki,73.83,4.50,20.03.2025 22:26:08,5,NIE,,
w-2025,13,16.04.2025,16.04.2025 09:50:33,25,77,Małopolskie,81,Kardiologia,2025/004237,Pozarezydencki,72.43,4.38,25.03.2025 14:38:09,5,NIE,,
w-2025,13,16.04.2025,16.04.2025 09:50:33,25,77,Małopolskie,82,Kardiologia,2025/002829,Pozarezydencki,70.91,3.93,14.03.2025 14:32:02,5,NIE,,
w-2025,13,16.04.2025,16.04.2025 09:50:33,25,77,Małopolskie,83,Kardiologia,2025/001919,Pozarezydencki,66.36,3.06,13.03.2025 10:44:23,5,NIE,,
w-2025,13,16.04.2025,16.04.2025 09:50:33,25,77,Małopolskie,84,Medycyna ratunkowa,2025/004079,Rezydencki,69.52,3.71,13.03.2025 18:29:37,1,NIE,,
w-2025,13,16.04.2025,16.04.2025 09:50:33,25,77,Małopolskie,85,Medycyna ratunkowa,2025/007312,Pozarezydencki,89.09,4.41,20.03.2025 08:20:03,1,NIE,,
w-2025,13,16.04.2025,16.04.2025 09:50:33,25,77,Małopolskie,86,Medycyna rodzinna,2025/002492,Rezydencki,90.34,4.66,22.02.2025 08:31:43,19,NIE,,
w-2025,13,16.04.2025,16.04.2025 09:50:33,25,77,Małopolskie,87,Medycyna rodzinna,2025/006284,Rezydencki,90.20,4.63,28.02.2025 23:58:22,19,NIE,,
w-2025,13,16.04.2025,16.04.2025 09:50:33,25,77,Małopolskie,88,Medycyna rodzinna,2025/007743,Rezydencki,89.86,4.18,28.02.2025 09:57:32,19,NIE,,
w-2025,13,16.04.2025,16.04.2025 09:50:33,25,77,Małopolskie,89,Medycyna rodzinna,2025/005483,Rezydencki,89.46,3.82,28.02.2025 07:21:55,19,NIE,,
w-2025,13,16.04.2025,16.04.2025 09:50:33,25,77,Małopolskie,90,Medycyna rodzinna,2025/008492,Rezydencki,89.37,4.33,25.03.2025 23:17:24,19,NIE,,
w-2025,13,16.04.2025,16.04.2025 09:50:33,25,77,Małopolskie,91,Medycyna rodzinna,2025/003562,Rezydencki,88.16,4.21,24.02.2025 14:15:22,19,NIE,,
w-2025,13,16.04.2025,16.04.2025 09:50:33,25,77,Małopolskie,92,Medycyna rodzinna,2025/006098,Rezydencki,86.52,4.34,24.02.2025 15:24:19,19,NIE,,
w-2025,13,16.04.2025,16.04.2025 09:50:33,25,77,Małopolskie,93,Medycyna rodzinna,2025/007511,Rezydencki,85.71,0.00,27.02.2025 17:17:16,19,NIE,,
w-2025,13,16.04.2025,16.04.2025 09:50:33,25,77,Małopolskie,94,Medycyna rodzinna,2025/008555,Rezydencki,84.39,3.73,13.03.2025 22:19:57,19,NIE,,
w-2025,13,16.04.2025,16.04.2025 09:50:33,25,77,Małopolskie,95,Medycyna rodzinna,2025/002599,Rezydencki,82.84,4.49,17.03.2025 19:44:35,19,NIE,,
w-2025,13,16.04.2025,16.04.2025 09:50:33,25,77,Małopolskie,96,Medycyna rodzinna,2025/005318,Rezydencki,76.96,3.85,18.03.2025 14:51:13,19,NIE,,
w-2025,13,16.04.2025,16.04.2025 09:50:33,25,77,Małopolskie,97,Medycyna rodzinna,2025/002097,Rezydencki,76.67,4.88,26.02.2025 18:42:51,19,NIE,,
w-2025,13,16.04.2025,16.04.2025 09:50:33,25,77,Małopolskie,98,Medycyna rodzinna,2025/004544,Rezydencki,76.19,3.79,27.02.2025 17:59:03,19,NIE,,
w-2025,13,16.04.2025,16.04.2025 09:50:33,25,77,Małopolskie,99,Medycyna rodzinna,2025/008531,Rezydencki,76.10,3.22,17.03.2025 13:27:49,19,NIE,,
w-2025,13,16.04.2025,16.04.2025 09:50:33,25,77,Małopolskie,100,Medycyna rodzinna,2025/007344,Rezydencki,73.81,3.86,27.02.2025 12:22:28,19,NIE,,
w-2025,13,16.04.2025,16.04.2025 09:50:33,25,77,Małopolskie,101,Medycyna rodzinna,2025/007812,Rezydencki,72.38,3.94,28.02.2025 17:24:44,19,NIE,,
w-2025,13,16.04.2025,16.04.2025 09:50:33,25,77,Małopolskie,102,Medycyna rodzinna,2025/008115,Rezydencki,68.10,0.00,27.03.2025 08:29:05,19,NIE,,
w-2025,13,16.04.2025,16.04.2025 09:50:33,25,77,Małopolskie,103,Medycyna rodzinna,2025/006108,Rezydencki,67.62,3.12,28.02.2025 20:41:25,19,NIE,,
w-2025,13,16.04.2025,16.04.2025 09:50:33,25,77,Małopolskie,104,Medycyna rodzinna,2025/008147,Rezydencki,65.71,4.00,28.02.2025 15:07:45,19,NIE,,
w-2025,13,16.04.2025,16.04.2025 09:50:33,25,77,Małopolskie,105,Medycyna rodzinna,2025/007350,Pozarezydencki,79.72,3.68,18.03.2025 12:04:15,6,NIE,,
w-2025,13,16.04.2025,16.04.2025 09:50:33,25,77,Małopolskie,106,Medycyna rodzinna,2025/004316,Pozarezydencki,62.39,3.05,28.02.2025 09:45:23,6,NIE,,
w-2025,13,16.04.2025,16.04.2025 09:50:33,25,77,Małopolskie,107,Medycyna rodzinna,2025/007019,Pozarezydencki,62.04,0.00,26.03.2025 19:45:35,6,NIE,,
w-2025,13,16.04.2025,16.04.2025 09:50:33,25,77,Małopolskie,108,Medycyna rodzinna,2025/006799,Pozarezydencki,59.07,0.00,20.03.2025 12:50:50,6,NIE,,
w-2025,13,16.04.2025,16.04.2025 09:50:33,25,77,Małopolskie,109,Medycyna rodzinna,2025/005135,Pozarezydencki,55.19,0.00,21.03.2025 12:50:15,6,NIE,,
w-2025,13,16.04.2025,16.04.2025 09:50:33,25,77,Małopolskie,110,Medycyna rodzinna,2025/006583,Pozarezydencki,2.27,0.00,27.03.2025 12:46:19,6,NIE,,
w-2025,13,16.04.2025,16.04.2025 09:50:33,25,77,Małopolskie,111,Nefrologia,2025/003670,Rezydencki,87.68,4.24,10.03.2025 10:27:56,3,NIE,,
w-2025,13,16.04.2025,16.04.2025 09:50:33,25,77,Małopolskie,112,Nefrologia,2025/006631,Rezydencki,85.99,0.00,14.03.2025 11:46:39,3,NIE,,
w-2025,13,16.04.2025,16.04.2025 09:50:33,26,77,Małopolskie,113,Nefrologia,2025/005185,Rezydencki,80.19,0.00,19.03.2025 09:47:23,3,NIE,,
w-2025,13,16.04.2025,16.04.2025 09:50:33,26,77,Małopolskie,114,Nefrologia,2025/006190,Pozarezydencki,75.45,3.48,26.02.2025 09:12:42,1,NIE,,
w-2025,13,16.04.2025,16.04.2025 09:50:33,26,77,Małopolskie,115,Neonatologia,2025/002625,Rezydencki,85.02,3.58,25.03.2025 18:48:21,2,NIE,,
w-2025,13,16.04.2025,16.04.2025 09:50:33,26,77,Małopolskie,116,Neonatologia,2025/002881,Rezydencki,70.59,4.13,07.03.2025 19:28:04,2,NIE,,
w-2025,13,16.04.2025,16.04.2025 09:50:33,26,77,Małopolskie,117,Neurochirurgia,2025/007033,Rezydencki,88.16,3.97,17.03.2025 18:03:48,2,NIE,,
w-2025,13,16.04.2025,16.04.2025 09:50:33,26,77,Małopolskie,118,Neurochirurgia,2025/007763,Rezydencki,86.67,4.26,20.03.2025 19:51:52,2,NIE,,
w-2025,13,16.04.2025,16.04.2025 09:50:33,26,77,Małopolskie,119,Neurologia,2025/002539,Rezydencki,90.34,3.86,17.03.2025 14:24:04,3,NIE,,
w-2025,13,16.04.2025,16.04.2025 09:50:33,26,77,Małopolskie,120,Neurologia,2025/002963,Rezydencki,81.64,3.72,27.02.2025 09:22:51,3,NIE,,
w-2025,13,16.04.2025,16.04.2025 09:50:33,26,77,Małopolskie,121,Neurologia,2025/006899,Rezydencki,78.57,4.48,26.02.2025 17:53:23,3,NIE,,
w-2025,13,16.04.2025,16.04.2025 09:50:33,26,77,Małopolskie,122,Neurologia,2025/008487,Pozarezydencki,54.13,3.13,13.03.2025 15:06:11,1,NIE,,
w-2025,13,16.04.2025,16.04.2025 09:50:33,26,77,Małopolskie,123,Neurologia dziecięca,2025/005828,Rezydencki,86.27,3.83,17.03.2025 14:52:43,1,NIE,,
w-2025,13,16.04.2025,16.04.2025 09:50:33,26,77,Małopolskie,124,Neurologia dziecięca,2025/005228,Pozarezydencki,75.91,3.32,20.03.2025 21:05:55,1,NIE,,
w-2025,13,16.04.2025,16.04.2025 09:50:33,26,77,Małopolskie,125,Okulistyka,2025/004289,Rezydencki,91.30,4.07,14.03.2025 21:38:51,3,NIE,,
w-2025,13,16.04.2025,16.04.2025 09:50:33,26,77,Małopolskie,126,Okulistyka,2025/008350,Rezydencki,89.71,4.16,28.02.2025 19:05:08,3,NIE,,
w-2025,13,16.04.2025,16.04.2025 09:50:33,26,77,Małopolskie,127,Okulistyka,2025/002025,Rezydencki,87.44,3.93,15.02.2025 17:24:20,3,NIE,,
w-2025,13,16.04.2025,16.04.2025 09:50:33,26,77,Małopolskie,128,Okulistyka,2025/007103,Pozarezydencki,82.03,3.47,26.02.2025 21:46:30,2,NIE,,
w-2025,13,16.04.2025,16.04.2025 09:50:33,26,77,Małopolskie,129,Okulistyka,2025/008084,Pozarezydencki,80.84,3.61,28.02.2025 22:29:58,2,NIE,,
w-2025,13,16.04.2025,16.04.2025 09:50:33,26,77,Małopolskie,130,Onkologia kliniczna,2025/005302,Rezydencki,68.57,4.48,26.03.2025 15:35:16,1,NIE,,
w-2025,13,16.04.2025,16.04.2025 09:50:33,26,77,Małopolskie,131,Onkologia kliniczna,2025/001907,Pozarezydencki,93.64,4.33,11.02.2025 19:33:12,2,NIE,,
w-2025,13,16.04.2025,16.04.2025 09:50:33,26,77,Małopolskie,132,Onkologia kliniczna,2025/002135,Pozarezydencki,68.22,0.00,19.03.2025 16:38:22,2,NIE,,
w-2025,13,16.04.2025,16.04.2025 09:50:33,26,77,Małopolskie,133,Ortodoncja,2025/006018,Rezydencki,87.62,4.63,19.03.2025 09:56:31,3,NIE,,
w-2025,13,16.04.2025,16.04.2025 09:50:33,26,77,Małopolskie,134,Ortodoncja,2025/005647,Rezydencki,87.62,4.26,25.03.2025 09:02:20,3,NIE,,
w-2025,13,16.04.2025,16.04.2025 09:50:33,26,77,Małopolskie,135,Ortodoncja,2025/004223,Rezydencki,87.62,3.75,13.02.2025 23:25:40,3,NIE,,
w-2025,13,16.04.2025,16.04.2025 09:50:33,26,77,Małopolskie,136,Ortopedia i traumatologia narządu ruchu,2025/006973,Rezydencki,82.85,3.68,18.03.2025 14:44:03,9,NIE,,
w-2025,13,16.04.2025,16.04.2025 09:50:33,26,77,Małopolskie,137,Ortopedia i traumatologia narządu ruchu,2025/008402,Rezydencki,82.61,3.10,16.03.2025 22:30:07,9,NIE,,
w-2025,13,16.04.2025,16.04.2025 09:50:33,26,77,Małopolskie,138,Ortopedia i traumatologia narządu ruchu,2025/002132,Rezydencki,81.90,4.15,14.03.2025 09:58:06,9,NIE,,
w-2025,13,16.04.2025,16.04.2025 09:50:33,26,77,Małopolskie,139,Ortopedia i traumatologia narządu ruchu,2025/006034,Rezydencki,79.90,3.98,28.02.2025 13:55:43,9,NIE,,
w-2025,13,16.04.2025,16.04.2025 09:50:33,26,77,Małopolskie,140,Ortopedia i traumatologia narządu ruchu,2025/004150,Rezydencki,78.74,3.08,17.03.2025 11:36:19,9,NIE,,
w-2025,13,16.04.2025,16.04.2025 09:50:33,26,77,Małopolskie,141,Ortopedia i traumatologia narządu ruchu,2025/007195,Rezydencki,78.57,3.40,28.02.2025 01:02:17,9,NIE,,
w-2025,13,16.04.2025,16.04.2025 09:50:33,26,77,Małopolskie,142,Ortopedia i traumatologia narządu ruchu,2025/007846,Rezydencki,77.62,3.72,14.03.2025 13:27:15,9,NIE,,
w-2025,13,16.04.2025,16.04.2025 09:50:33,26,77,Małopolskie,143,Ortopedia i traumatologia narządu ruchu,2025/002498,Rezydencki,76.90,3.39,26.02.2025 22:54:41,9,NIE,,
w-2025,13,16.04.2025,16.04.2025 09:50:33,26,77,Małopolskie,144,Ortopedia i traumatologia narządu ruchu,2025/003242,Rezydencki,56.67,4.07,14.03.2025 12:00:35,9,NIE,,
w-2025,13,16.04.2025,16.04.2025 09:50:33,26,77,Małopolskie,145,Ortopedia i traumatologia narządu ruchu,2025/003274,Pozarezydencki,79.26,3.84,13.03.2025 21:58:55,3,NIE,,
w-2025,13,16.04.2025,16.04.2025 09:50:33,26,77,Małopolskie,146,Ortopedia i traumatologia narządu ruchu,2025/004035,Pozarezydencki,76.50,3.69,13.02.2025 10:51:43,3,NIE,,
w-2025,13,16.04.2025,16.04.2025 09:50:33,26,77,Małopolskie,147,Ortopedia i traumatologia narządu ruchu,2025/003129,Pozarezydencki,69.55,0.00,19.03.2025 11:43:52,3,NIE,,
w-2025,13,16.04.2025,16.04.2025 09:50:33,26,77,Małopolskie,148,Otorynolaryngologia,2025/002978,Rezydencki,86.47,3.73,12.02.2025 19:18:08,1,NIE,,
w-2025,13,16.04.2025,16.04.2025 09:50:33,26,77,Małopolskie,149,Patomorfologia,2025/007275,Rezydencki,89.37,4.32,28.02.2025 21:26:48,4,NIE,,
w-2025,13,16.04.2025,16.04.2025 09:50:33,26,77,Małopolskie,150,Patomorfologia,2025/003826,Rezydencki,87.44,3.90,13.03.2025 14:17:33,4,NIE,,
w-2025,13,16.04.2025,16.04.2025 09:50:33,27,77,Małopolskie,151,Patomorfologia,2025/006894,Rezydencki,86.59,3.89,26.02.2025 17:33:09,4,NIE,,
w-2025,13,16.04.2025,16.04.2025 09:50:33,27,77,Małopolskie,152,Patomorfologia,2025/007701,Rezydencki,74.88,3.54,16.03.2025 21:57:05,4,NIE,,
w-2025,13,16.04.2025,16.04.2025 09:50:33,27,77,Małopolskie,153,Pediatria,2025/006659,Rezydencki,85.51,3.64,26.02.2025 19:44:17,5,NIE,,
w-2025,13,16.04.2025,16.04.2025 09:50:33,27,77,Małopolskie,154,Pediatria,2025/006840,Rezydencki,84.29,4.86,25.03.2025 19:35:17,5,NIE,,
w-2025,13,16.04.2025,16.04.2025 09:50:33,27,77,Małopolskie,155,Pediatria,2025/006325,Rezydencki,81.95,4.26,11.03.2025 17:58:52,5,NIE,,
w-2025,13,16.04.2025,16.04.2025 09:50:33,27,77,Małopolskie,156,Pediatria,2025/004051,Rezydencki,77.94,4.10,11.03.2025 16:58:48,5,NIE,,
w-2025,13,16.04.2025,16.04.2025 09:50:33,27,77,Małopolskie,157,Pediatria,2025/008588,Rezydencki,73.04,4.09,16.03.2025 19:18:13,5,NIE,,
w-2025,13,16.04.2025,16.04.2025 09:50:33,27,77,Małopolskie,158,Pediatria,2025/007006,Pozarezydencki,75.91,3.84,12.03.2025 17:38:31,2,NIE,,
w-2025,13,16.04.2025,16.04.2025 09:50:33,27,77,Małopolskie,159,Pediatria,2025/006623,Pozarezydencki,60.83,0.00,14.03.2025 09:24:59,2,NIE,,
w-2025,13,16.04.2025,16.04.2025 09:50:33,27,77,Małopolskie,160,Perinatologia,2025/007393,Pozarezydencki,81.48,4.07,27.02.2025 13:13:35,3,NIE,,
w-2025,13,16.04.2025,16.04.2025 09:50:33,27,77,Małopolskie,161,Perinatologia,2025/006608,Pozarezydencki,80.23,4.11,18.03.2025 20:40:53,3,NIE,,
w-2025,13,16.04.2025,16.04.2025 09:50:33,27,77,Małopolskie,162,Perinatologia,2025/007288,Pozarezydencki,80.00,3.51,25.03.2025 12:00:57,3,NIE,,
w-2025,13,16.04.2025,16.04.2025 09:50:33,27,77,Małopolskie,163,Periodontologia,2025/004951,Rezydencki,82.61,4.18,08.03.2025 08:56:41,1,NIE,,
w-2025,13,16.04.2025,16.04.2025 09:50:33,27,77,Małopolskie,164,Położnictwo i ginekologia,2025/004907,Rezydencki,83.41,3.78,19.02.2025 21:51:22,12,NIE,,
w-2025,13,16.04.2025,16.04.2025 09:50:33,27,77,Małopolskie,165,Położnictwo i ginekologia,2025/006619,Rezydencki,80.88,3.86,12.03.2025 17:06:42,12,NIE,,
w-2025,13,16.04.2025,16.04.2025 09:50:33,27,77,Małopolskie,166,Położnictwo i ginekologia,2025/006430,Rezydencki,80.39,4.28,25.02.2025 15:18:51,12,NIE,,
w-2025,13,16.04.2025,16.04.2025 09:50:33,27,77,Małopolskie,167,Położnictwo i ginekologia,2025/005757,Rezydencki,79.52,3.85,20.03.2025 19:59:47,12,NIE,,
w-2025,13,16.04.2025,16.04.2025 09:50:33,27,77,Małopolskie,168,Położnictwo i ginekologia,2025/008506,Rezydencki,78.92,3.83,20.03.2025 12:56:08,12,NIE,,
w-2025,13,16.04.2025,16.04.2025 09:50:33,27,77,Małopolskie,169,Położnictwo i ginekologia,2025/007242,Rezydencki,78.57,3.26,18.03.2025 14:50:31,12,NIE,,
w-2025,13,16.04.2025,16.04.2025 09:50:33,27,77,Małopolskie,170,Położnictwo i ginekologia,2025/007162,Rezydencki,75.49,3.07,13.03.2025 10:16:51,12,NIE,,
w-2025,13,16.04.2025,16.04.2025 09:50:33,27,77,Małopolskie,171,Położnictwo i ginekologia,2025/001883,Rezydencki,71.08,4.02,12.03.2025 20:09:21,12,NIE,,
w-2025,13,16.04.2025,16.04.2025 09:50:33,27,77,Małopolskie,172,Położnictwo i ginekologia,2025/006131,Rezydencki,71.08,3.33,16.03.2025 11:36:03,12,NIE,,
w-2025,13,16.04.2025,16.04.2025 09:50:33,27,77,Małopolskie,173,Położnictwo i ginekologia,2025/008305,Rezydencki,70.95,3.44,25.03.2025 10:44:49,12,NIE,,
w-2025,13,16.04.2025,16.04.2025 09:50:33,27,77,Małopolskie,174,Położnictwo i ginekologia,2025/004050,Rezydencki,68.10,4.01,12.03.2025 18:34:02,12,NIE,,
w-2025,13,16.04.2025,16.04.2025 09:50:33,27,77,Małopolskie,175,Położnictwo i ginekologia,2025/006646,Rezydencki,67.16,3.48,27.02.2025 18:53:03,12,NIE,,
w-2025,13,16.04.2025,16.04.2025 09:50:33,27,77,Małopolskie,176,Protetyka stomatologiczna,2025/004639,Rezydencki,85.24,4.17,17.02.2025 11:04:27,2,NIE,,
w-2025,13,16.04.2025,16.04.2025 09:50:33,27,77,Małopolskie,177,Protetyka stomatologiczna,2025/004443,Rezydencki,85.24,3.28,13.03.2025 16:54:17,2,NIE,,
w-2025,13,16.04.2025,16.04.2025 09:50:33,27,77,Małopolskie,178,Psychiatria,2025/002582,Rezydencki,88.24,4.75,26.02.2025 20:19:29,6,NIE,,
w-2025,13,16.04.2025,16.04.2025 09:50:33,27,77,Małopolskie,179,Psychiatria,2025/008347,Rezydencki,85.85,4.30,07.03.2025 00:20:19,6,NIE,,
w-2025,13,16.04.2025,16.04.2025 09:50:33,27,77,Małopolskie,180,Psychiatria,2025/007910,Rezydencki,85.75,3.83,28.02.2025 09:39:47,6,NIE,,
w-2025,13,16.04.2025,16.04.2025 09:50:33,27,77,Małopolskie,181,Psychiatria,2025/005774,Rezydencki,84.31,4.13,24.03.2025 13:36:33,6,NIE,,
w-2025,13,16.04.2025,16.04.2025 09:50:33,27,77,Małopolskie,182,Psychiatria,2025/006848,Rezydencki,82.38,3.70,13.03.2025 14:25:14,6,NIE,,
w-2025,13,16.04.2025,16.04.2025 09:50:33,27,77,Małopolskie,183,Psychiatria,2025/005544,Rezydencki,80.00,3.88,25.03.2025 10:52:00,6,NIE,,
w-2025,13,16.04.2025,16.04.2025 09:50:33,27,77,Małopolskie,184,Psychiatria,2025/008185,Pozarezydencki,70.97,3.34,31.03.2025 11:40:45,2,NIE,,
w-2025,13,16.04.2025,16.04.2025 09:50:33,27,77,Małopolskie,185,Psychiatria,2025/004672,Pozarezydencki,57.48,3.42,13.03.2025 12:07:40,2,NIE,,
w-2025,13,16.04.2025,16.04.2025 09:50:33,27,77,Małopolskie,186,Psychiatria dzieci i młodzieży,2025/004534,Rezydencki,86.59,4.48,28.02.2025 21:10:05,2,NIE,,
w-2025,13,16.04.2025,16.04.2025 09:50:33,27,77,Małopolskie,187,Psychiatria dzieci i młodzieży,2025/007800,Rezydencki,84.54,3.98,14.03.2025 11:25:40,2,NIE,,
w-2025,13,16.04.2025,16.04.2025 09:50:33,27,77,Małopolskie,188,Psychiatria dzieci i młodzieży,2025/004782,Pozarezydencki,80.00,4.11,14.03.2025 14:29:48,4,NIE,,
w-2025,13,16.04.2025,16.04.2025 09:50:33,28,77,Małopolskie,189,Psychiatria dzieci i młodzieży,2025/003626,Pozarezydencki,77.21,3.77,19.03.2025 08:22:16,4,NIE,,
w-2025,13,16.04.2025,16.04.2025 09:50:33,28,77,Małopolskie,190,Psychiatria dzieci i młodzieży,2025/007140,Pozarezydencki,70.91,3.19,28.02.2025 11:53:14,4,NIE,,
w-2025,13,16.04.2025,16.04.2025 09:50:33,28,77,Małopolskie,191,Psychiatria dzieci i młodzieży,2025/005687,Pozarezydencki,70.75,3.88,22.02.2025 20:37:38,4,NIE,,
w-2025,13,16.04.2025,16.04.2025 09:50:33,28,77,Małopolskie,192,Radiologia i diagnostyka obrazowa,2025/008673,Rezydencki,91.06,4.52,26.03.2025 21:38:21,3,NIE,,
w-2025,13,16.04.2025,16.04.2025 09:50:33,28,77,Małopolskie,193,Radiologia i diagnostyka obrazowa,2025/007502,Rezydencki,88.57,3.53,07.03.2025 14:19:42,3,NIE,,
w-2025,13,16.04.2025,16.04.2025 09:50:33,28,77,Małopolskie,194,Radiologia i diagnostyka obrazowa,2025/003311,Rezydencki,88.41,4.00,24.02.2025 20:26:40,3,NIE,,
w-2025,13,16.04.2025,16.04.2025 09:50:33,28,77,Małopolskie,195,Radiologia i diagnostyka obrazowa,2025/008415,Pozarezydencki,78.80,4.13,28.02.2025 20:07:11,5,NIE,,
w-2025,13,16.04.2025,16.04.2025 09:50:33,28,77,Małopolskie,196,Radiologia i diagnostyka obrazowa,2025/005855,Pozarezydencki,78.37,3.21,27.02.2025 20:07:09,5,NIE,,
w-2025,13,16.04.2025,16.04.2025 09:50:33,28,77,Małopolskie,197,Radiologia i diagnostyka obrazowa,2025/006114,Pozarezydencki,76.82,4.28,20.03.2025 11:23:36,5,NIE,,
w-2025,13,16.04.2025,16.04.2025 09:50:33,28,77,Małopolskie,198,Radiologia i diagnostyka obrazowa,2025/002512,Pozarezydencki,76.36,4.11,21.03.2025 14:48:15,5,NIE,,
w-2025,13,16.04.2025,16.04.2025 09:50:33,28,77,Małopolskie,199,Radiologia i diagnostyka obrazowa,2025/008003,Pozarezydencki,71.16,3.49,28.02.2025 09:24:09,5,NIE,,
w-2025,13,16.04.2025,16.04.2025 09:50:33,28,77,Małopolskie,200,Radioterapia onkologiczna,2025/006519,Rezydencki,81.64,3.67,20.03.2025 13:55:55,3,NIE,,
w-2025,13,16.04.2025,16.04.2025 09:50:33,28,77,Małopolskie,201,Radioterapia onkologiczna,2025/006193,Rezydencki,77.29,3.64,13.03.2025 10:01:36,3,NIE,,
w-2025,13,16.04.2025,16.04.2025 09:50:33,28,77,Małopolskie,202,Radioterapia onkologiczna,2025/007464,Rezydencki,76.67,3.71,28.02.2025 09:40:55,3,NIE,,
w-2025,13,16.04.2025,16.04.2025 09:50:33,28,77,Małopolskie,203,Rehabilitacja medyczna,2025/008160,Rezydencki,86.27,3.39,28.02.2025 13:50:21,1,NIE,,
w-2025,13,16.04.2025,16.04.2025 09:50:33,28,77,Małopolskie,204,Rehabilitacja medyczna,2025/004214,Pozarezydencki,87.73,3.84,25.03.2025 13:33:07,2,NIE,,
w-2025,13,16.04.2025,16.04.2025 09:50:33,28,77,Małopolskie,205,Rehabilitacja medyczna,2025/006111,Pozarezydencki,72.36,3.91,23.03.2025 15:33:11,2,NIE,,
w-2025,13,16.04.2025,16.04.2025 09:50:33,28,77,Małopolskie,206,Reumatologia,2025/005619,Rezydencki,91.79,4.55,13.03.2025 18:08:16,1,NIE,,
w-2025,13,16.04.2025,16.04.2025 09:50:33,28,77,Małopolskie,207,Stomatologia dziecięca,2025/006719,Rezydencki,78.74,4.25,12.03.2025 21:04:26,1,NIE,,
w-2025,13,16.04.2025,16.04.2025 09:50:33,28,77,Małopolskie,208,Stomatologia zachowawcza z endodoncją,2025/006983,Rezydencki,82.86,4.07,28.02.2025 22:46:41,9,NIE,,
w-2025,13,16.04.2025,16.04.2025 09:50:33,28,77,Małopolskie,209,Stomatologia zachowawcza z endodoncją,2025/006248,Rezydencki,81.64,3.89,24.02.2025 22:10:32,9,NIE,,
w-2025,13,16.04.2025,16.04.2025 09:50:33,28,77,Małopolskie,210,Stomatologia zachowawcza z endodoncją,2025/005769,Rezydencki,80.68,4.19,23.02.2025 13:30:14,9,NIE,,
w-2025,13,16.04.2025,16.04.2025 09:50:33,28,77,Małopolskie,211,Stomatologia zachowawcza z endodoncją,2025/002618,Rezydencki,77.40,0.00,28.02.2025 08:24:51,9,NIE,,
w-2025,13,16.04.2025,16.04.2025 09:50:33,28,77,Małopolskie,212,Stomatologia zachowawcza z endodoncją,2025/007069,Rezydencki,73.57,0.00,25.03.2025 19:41:35,9,NIE,,
w-2025,13,16.04.2025,16.04.2025 09:50:33,28,77,Małopolskie,213,Stomatologia zachowawcza z endodoncją,2025/002901,Rezydencki,68.93,4.09,14.02.2025 17:07:19,9,NIE,,
w-2025,13,16.04.2025,16.04.2025 09:50:33,28,77,Małopolskie,214,Stomatologia zachowawcza z endodoncją,2025/007229,Rezydencki,67.63,3.96,27.02.2025 00:38:35,9,NIE,,
w-2025,13,16.04.2025,16.04.2025 09:50:33,28,77,Małopolskie,215,Stomatologia zachowawcza z endodoncją,2025/003184,Rezydencki,65.22,3.77,14.03.2025 11:59:21,9,NIE,,
w-2025,13,16.04.2025,16.04.2025 09:50:33,28,77,Małopolskie,216,Stomatologia zachowawcza z endodoncją,2025/006585,Rezydencki,64.90,0.00,25.02.2025 21:13:34,9,NIE,,
w-2025,13,16.04.2025,16.04.2025 09:50:33,28,77,Małopolskie,217,Toksykologia kliniczna,2025/007544,Rezydencki,66.18,3.82,28.02.2025 13:14:01,1,NIE,,
w-2025,13,16.04.2025,16.04.2025 09:50:33,28,77,Małopolskie,218,Transplantologia kliniczna,2025/003468,Pozarezydencki,87.64,3.73,25.03.2025 08:09:48,2,NIE,,
w-2025,13,16.04.2025,16.04.2025 09:50:33,28,77,Małopolskie,219,Transplantologia kliniczna,2025/007914,Pozarezydencki,76.59,3.39,27.03.2025 10:44:21,2,NIE,,
w-2025,13,16.04.2025,16.04.2025 09:50:33,28,77,Małopolskie,220,Urologia,2025/005716,Rezydencki,89.22,4.42,16.03.2025 19:26:14,3,NIE,,
w-2025,13,16.04.2025,16.04.2025 09:50:33,28,77,Małopolskie,221,Urologia,2025/008541,Rezydencki,87.01,3.65,19.03.2025 23:23:15,3,NIE,,
w-2025,13,16.04.2025,16.04.2025 09:50:33,28,77,Małopolskie,222,Urologia,2025/002007,Rezydencki,86.27,4.44,22.03.2025 16:27:43,3,NIE,,
w-2025,13,16.04.2025,16.04.2025 09:50:33,28,77,Małopolskie,223,Urologia,2025/008629,Pozarezydencki,76.96,3.49,28.02.2025 23:15:10,1,NIE,,
w-2025,13,16.04.2025,16.04.2025 09:50:33,28,77,Małopolskie,224,Zdrowie publiczne,2025/001913,Rezydencki,82.13,3.86,11.03.2025 12:02:09,2,NIE,,
w-2025,13,16.04.2025,16.04.2025 09:50:33,28,77,Małopolskie,225,Zdrowie publiczne,2025/004457,Rezydencki,78.99,4.21,16.02.2025 14:47:49,2,NIE,,
w-2025,13,16.04.2025,16.04.2025 09:50:33,29,77,Małopolskie,1,Angiologia,2025/007292,Rezydencki,88.57,4.57,23.03.2025 22:38:45,1,TAK,Samodzielny Publiczny Zakład Opieki Zdrowotnej Szpital Uniwersytecki w Krakowie,Oddział Kliniczny Angiologii i Chorób Wewnętrznych
w-2025,13,16.04.2025,16.04.2025 09:50:33,29,77,Małopolskie,1,Dermatologia i wenerologia,2025/002179,Rezydencki,88.89,4.48,07.02.2025 19:22:35,1,TAK,Samodzielny Publiczny Zakład Opieki Zdrowotnej Szpital Uniwersytecki w Krakowie,Oddział Kliniczny Dermatologii i Alergologii
w-2025,13,16.04.2025,16.04.2025 09:50:33,29,77,Mazowieckie,1,Anestezjologia i intensywna terapia,2025/006501,Rezydencki,89.86,4.06,27.02.2025 21:00:11,21,NIE,,
w-2025,13,16.04.2025,16.04.2025 09:50:33,29,77,Mazowieckie,2,Anestezjologia i intensywna terapia,2025/002038,Rezydencki,88.78,4.05,05.03.2025 09:28:30,21,NIE,,
w-2025,13,16.04.2025,16.04.2025 09:50:33,29,77,Mazowieckie,3,Anestezjologia i intensywna terapia,2025/003375,Rezydencki,88.29,4.31,17.02.2025 18:38:21,21,NIE,,
w-2025,13,16.04.2025,16.04.2025 09:50:33,29,77,Mazowieckie,4,Anestezjologia i intensywna terapia,2025/006855,Rezydencki,87.80,4.32,26.02.2025 21:02:25,21,NIE,,
w-2025,13,16.04.2025,16.04.2025 09:50:33,29,77,Mazowieckie,5,Anestezjologia i intensywna terapia,2025/006929,Rezydencki,87.68,3.55,26.02.2025 18:48:53,21,NIE,,
w-2025,13,16.04.2025,16.04.2025 09:50:33,29,77,Mazowieckie,6,Anestezjologia i intensywna terapia,2025/006648,Rezydencki,87.44,4.24,25.02.2025 23:47:51,21,NIE,,
w-2025,13,16.04.2025,16.04.2025 09:50:33,29,77,Mazowieckie,7,Anestezjologia i intensywna terapia,2025/007157,Rezydencki,87.44,3.93,27.02.2025 10:10:00,21,NIE,,
w-2025,13,16.04.2025,16.04.2025 09:50:33,29,77,Mazowieckie,8,Anestezjologia i intensywna terapia,2025/008456,Rezydencki,87.44,3.91,28.02.2025 20:46:46,21,NIE,,
w-2025,13,16.04.2025,16.04.2025 09:50:33,29,77,Mazowieckie,9,Anestezjologia i intensywna terapia,2025/006093,Rezydencki,87.44,3.88,28.02.2025 17:39:18,21,NIE,,
w-2025,13,16.04.2025,16.04.2025 09:50:33,29,77,Mazowieckie,10,Anestezjologia i intensywna terapia,2025/005653,Rezydencki,87.44,3.85,12.03.2025 10:59:09,21,NIE,,
w-2025,13,16.04.2025,16.04.2025 09:50:33,29,77,Mazowieckie,11,Anestezjologia i intensywna terapia,2025/008622,Rezydencki,87.44,3.56,28.02.2025 23:04:01,21,NIE,,
w-2025,13,16.04.2025,16.04.2025 09:50:33,29,77,Mazowieckie,12,Anestezjologia i intensywna terapia,2025/006083,Rezydencki,86.27,3.81,24.02.2025 14:20:12,21,NIE,,
w-2025,13,16.04.2025,16.04.2025 09:50:33,29,77,Mazowieckie,13,Anestezjologia i intensywna terapia,2025/006995,Rezydencki,86.19,4.38,28.02.2025 11:19:32,21,NIE,,
w-2025,13,16.04.2025,16.04.2025 09:50:33,29,77,Mazowieckie,14,Anestezjologia i intensywna terapia,2025/007940,Rezydencki,85.71,3.70,28.02.2025 19:54:33,21,NIE,,
w-2025,13,16.04.2025,16.04.2025 09:50:33,29,77,Mazowieckie,15,Anestezjologia i intensywna terapia,2025/007561,Rezydencki,83.90,3.79,28.02.2025 08:26:33,21,NIE,,
w-2025,13,16.04.2025,16.04.2025 09:50:33,29,77,Mazowieckie,16,Anestezjologia i intensywna terapia,2025/006096,Rezydencki,83.33,4.38,17.03.2025 14:38:54,21,NIE,,
w-2025,13,16.04.2025,16.04.2025 09:50:33,29,77,Mazowieckie,17,Anestezjologia i intensywna terapia,2025/007957,Rezydencki,83.33,3.57,28.02.2025 00:52:52,21,NIE,,
w-2025,13,16.04.2025,16.04.2025 09:50:33,29,77,Mazowieckie,18,Anestezjologia i intensywna terapia,2025/001980,Rezydencki,82.84,4.19,27.02.2025 12:10:33,21,NIE,,
w-2025,13,16.04.2025,16.04.2025 09:50:33,29,77,Mazowieckie,19,Anestezjologia i intensywna terapia,2025/002487,Rezydencki,82.38,4.89,27.02.2025 19:21:24,21,NIE,,
w-2025,13,16.04.2025,16.04.2025 09:50:33,29,77,Mazowieckie,20,Anestezjologia i intensywna terapia,2025/006321,Rezydencki,81.37,4.11,25.02.2025 10:22:01,21,NIE,,
w-2025,13,16.04.2025,16.04.2025 09:50:33,29,77,Mazowieckie,21,Anestezjologia i intensywna terapia,2025/007630,Rezydencki,81.19,3.81,28.02.2025 16:27:01,21,NIE,,
w-2025,13,16.04.2025,16.04.2025 09:50:33,29,77,Mazowieckie,22,Anestezjologia i intensywna terapia,2025/007607,Pozarezydencki,76.82,4.38,27.02.2025 19:28:30,2,NIE,,
w-2025,13,16.04.2025,16.04.2025 09:50:33,29,77,Mazowieckie,23,Anestezjologia i intensywna terapia,2025/004541,Pozarezydencki,76.64,4.08,13.03.2025 15:42:27,2,NIE,,
w-2025,13,16.04.2025,16.04.2025 09:50:33,29,77,Mazowieckie,24,Balneologia i medycyna fizykalna,2025/008519,Pozarezydencki,66.36,3.61,24.03.2025 15:53:55,1,NIE,,
w-2025,13,16.04.2025,16.04.2025 09:50:33,29,77,Mazowieckie,25,Chirurgia dziecięca,2025/004746,Rezydencki,89.86,4.09,27.02.2025 22:36:46,1,NIE,,
w-2025,13,16.04.2025,16.04.2025 09:50:33,29,77,Mazowieckie,26,Chirurgia klatki piersiowej,2025/004451,Rezydencki,90.58,4.27,16.02.2025 14:19:17,3,NIE,,
w-2025,13,16.04.2025,16.04.2025 09:50:33,29,77,Mazowieckie,27,Chirurgia klatki piersiowej,2025/006227,Rezydencki,88.89,4.44,28.02.2025 13:23:40,3,NIE,,
w-2025,13,16.04.2025,16.04.2025 09:50:33,29,77,Mazowieckie,28,Chirurgia klatki piersiowej,2025/002395,Rezydencki,83.57,4.28,25.02.2025 08:30:48,3,NIE,,
w-2025,13,16.04.2025,16.04.2025 09:50:33,30,77,Mazowieckie,29,Chirurgia naczyniowa,2025/007711,Rezydencki,91.95,4.47,28.02.2025 09:40:49,2,NIE,,
w-2025,13,16.04.2025,16.04.2025 09:50:33,30,77,Mazowieckie,30,Chirurgia naczyniowa,2025/004440,Rezydencki,89.27,4.21,22.02.2025 10:34:17,2,NIE,,
w-2025,13,16.04.2025,16.04.2025 09:50:33,30,77,Mazowieckie,31,Chirurgia naczyniowa,2025/005322,Pozarezydencki,66.82,0.00,27.03.2025 18:28:32,2,NIE,,
w-2025,13,16.04.2025,16.04.2025 09:50:33,30,77,Mazowieckie,32,Chirurgia naczyniowa,2025/007616,Pozarezydencki,52.73,0.00,31.03.2025 13:49:51,2,NIE,,
w-2025,13,16.04.2025,16.04.2025 09:50:33,30,77,Mazowieckie,33,Chirurgia ogólna,2025/004811,Rezydencki,87.25,4.32,28.02.2025 07:09:43,10,NIE,,
w-2025,13,16.04.2025,16.04.2025 09:50:33,30,77,Mazowieckie,34,Chirurgia ogólna,2025/008225,Rezydencki,82.38,3.99,28.02.2025 18:18:59,10,NIE,,
w-2025,13,16.04.2025,16.04.2025 09:50:33,30,77,Mazowieckie,35,Chirurgia ogólna,2025/007689,Rezydencki,81.62,3.76,28.02.2025 18:47:29,10,NIE,,
w-2025,13,16.04.2025,16.04.2025 09:50:33,30,77,Mazowieckie,36,Chirurgia ogólna,2025/005950,Rezydencki,78.78,3.51,26.02.2025 00:53:27,10,NIE,,
w-2025,13,16.04.2025,16.04.2025 09:50:33,30,77,Mazowieckie,37,Chirurgia ogólna,2025/005351,Rezydencki,78.29,4.01,25.02.2025 23:27:53,10,NIE,,
w-2025,13,16.04.2025,16.04.2025 09:50:33,30,77,Mazowieckie,38,Chirurgia ogólna,2025/004494,Rezydencki,77.78,3.76,28.02.2025 23:56:01,10,NIE,,
w-2025,13,16.04.2025,16.04.2025 09:50:33,30,77,Mazowieckie,39,Chirurgia ogólna,2025/006677,Rezydencki,74.02,3.79,28.02.2025 17:27:56,10,NIE,,
w-2025,13,16.04.2025,16.04.2025 09:50:33,30,77,Mazowieckie,40,Chirurgia ogólna,2025/007935,Rezydencki,72.86,4.23,28.02.2025 00:12:28,10,NIE,,
w-2025,13,16.04.2025,16.04.2025 09:50:33,30,77,Mazowieckie,41,Chirurgia ogólna,2025/008169,Rezydencki,70.05,3.36,28.02.2025 20:28:15,10,NIE,,
w-2025,13,16.04.2025,16.04.2025 09:50:33,30,77,Mazowieckie,42,Chirurgia ogólna,2025/002846,Rezydencki,63.33,0.00,28.02.2025 08:03:59,10,NIE,,
w-2025,13,16.04.2025,16.04.2025 09:50:33,30,77,Mazowieckie,43,Chirurgia ogólna,2025/005632,Pozarezydencki,65.60,3.45,14.03.2025 10:40:20,1,NIE,,
w-2025,13,16.04.2025,16.04.2025 09:50:33,30,77,Mazowieckie,44,Chirurgia onkologiczna,2025/005482,Rezydencki,87.20,3.70,28.02.2025 10:02:57,5,NIE,,
w-2025,13,16.04.2025,16.04.2025 09:50:33,30,77,Mazowieckie,45,Chirurgia onkologiczna,2025/007510,Rezydencki,87.14,3.71,27.02.2025 17:12:40,5,NIE,,
w-2025,13,16.04.2025,16.04.2025 09:50:33,30,77,Mazowieckie,46,Chirurgia onkologiczna,2025/006100,Rezydencki,85.75,3.24,14.03.2025 11:39:19,5,NIE,,
w-2025,13,16.04.2025,16.04.2025 09:50:33,30,77,Mazowieckie,47,Chirurgia onkologiczna,2025/007769,Rezydencki,83.81,3.23,09.03.2025 23:09:46,5,NIE,,
w-2025,13,16.04.2025,16.04.2025 09:50:33,30,77,Mazowieckie,48,Chirurgia onkologiczna,2025/007758,Rezydencki,62.38,0.00,18.03.2025 14:31:45,5,NIE,,
w-2025,13,16.04.2025,16.04.2025 09:50:33,30,77,Mazowieckie,49,Chirurgia onkologiczna,2025/003342,Pozarezydencki,84.55,0.00,23.02.2025 21:30:26,4,NIE,,
w-2025,13,16.04.2025,16.04.2025 09:50:33,30,77,Mazowieckie,50,Chirurgia onkologiczna,2025/008452,Pozarezydencki,71.36,4.12,19.03.2025 21:56:50,4,NIE,,
w-2025,13,16.04.2025,16.04.2025 09:50:33,30,77,Mazowieckie,51,Chirurgia onkologiczna,2025/006391,Pozarezydencki,66.97,0.00,28.03.2025 10:27:35,4,NIE,,
w-2025,13,16.04.2025,16.04.2025 09:50:33,30,77,Mazowieckie,52,Chirurgia onkologiczna,2025/004085,Pozarezydencki,66.36,2.95,20.03.2025 14:40:18,4,NIE,,
w-2025,13,16.04.2025,16.04.2025 09:50:33,30,77,Mazowieckie,53,Chirurgia stomatologiczna,2025/003206,Rezydencki,88.57,4.33,05.03.2025 14:44:40,7,NIE,,
w-2025,13,16.04.2025,16.04.2025 09:50:33,30,77,Mazowieckie,54,Chirurgia stomatologiczna,2025/002056,Rezydencki,87.74,4.07,03.02.2025 22:17:53,7,NIE,,
w-2025,13,16.04.2025,16.04.2025 09:50:33,30,77,Mazowieckie,55,Chirurgia stomatologiczna,2025/006395,Rezydencki,87.14,4.48,28.02.2025 12:59:21,7,NIE,,
w-2025,13,16.04.2025,16.04.2025 09:50:33,30,77,Mazowieckie,56,Chirurgia stomatologiczna,2025/008490,Rezydencki,86.96,4.29,28.02.2025 21:22:02,7,NIE,,
w-2025,13,16.04.2025,16.04.2025 09:50:33,30,77,Mazowieckie,57,Chirurgia stomatologiczna,2025/004452,Rezydencki,86.67,3.82,20.02.2025 18:33:43,7,NIE,,
w-2025,13,16.04.2025,16.04.2025 09:50:33,30,77,Mazowieckie,58,Chirurgia stomatologiczna,2025/006556,Rezydencki,86.47,4.43,25.02.2025 20:45:52,7,NIE,,
w-2025,13,16.04.2025,16.04.2025 09:50:33,30,77,Mazowieckie,59,Chirurgia stomatologiczna,2025/007663,Rezydencki,86.19,4.67,28.02.2025 15:46:57,7,NIE,,
w-2025,13,16.04.2025,16.04.2025 09:50:33,30,77,Mazowieckie,60,Chirurgia szczękowo-twarzowa,2025/002204,Rezydencki,89.37,4.05,08.02.2025 19:24:23,4,NIE,,
w-2025,13,16.04.2025,16.04.2025 09:50:33,30,77,Mazowieckie,61,Chirurgia szczękowo-twarzowa,2025/002166,Rezydencki,86.41,4.33,09.02.2025 12:02:23,4,NIE,,
w-2025,13,16.04.2025,16.04.2025 09:50:33,30,77,Mazowieckie,62,Chirurgia szczękowo-twarzowa,2025/003237,Rezydencki,85.51,3.82,18.02.2025 22:35:19,4,NIE,,
w-2025,13,16.04.2025,16.04.2025 09:50:33,30,77,Mazowieckie,63,Chirurgia szczękowo-twarzowa,2025/005854,Rezydencki,85.44,4.50,27.02.2025 22:22:16,4,NIE,,
w-2025,13,16.04.2025,16.04.2025 09:50:33,30,77,Mazowieckie,64,Choroby płuc,2025/006480,Rezydencki,91.30,4.11,27.02.2025 18:07:47,3,NIE,,
w-2025,13,16.04.2025,16.04.2025 09:50:33,30,77,Mazowieckie,65,Choroby płuc,2025/007586,Rezydencki,90.34,4.33,28.02.2025 19:30:05,3,NIE,,
w-2025,13,16.04.2025,16.04.2025 09:50:33,30,77,Mazowieckie,66,Choroby płuc,2025/003300,Rezydencki,88.89,3.94,25.02.2025 20:31:18,3,NIE,,
w-2025,13,16.04.2025,16.04.2025 09:50:33,31,77,Mazowieckie,67,Choroby płuc,2025/002497,Pozarezydencki,84.11,3.96,28.02.2025 10:51:14,6,NIE,,
w-2025,13,16.04.2025,16.04.2025 09:50:33,31,77,Mazowieckie,68,Choroby płuc,2025/003172,Pozarezydencki,83.41,4.32,15.02.2025 15:15:22,6,NIE,,
w-2025,13,16.04.2025,16.04.2025 09:50:33,31,77,Mazowieckie,69,Choroby płuc,2025/005727,Pozarezydencki,82.49,3.81,28.02.2025 18:38:08,6,NIE,,
w-2025,13,16.04.2025,16.04.2025 09:50:33,31,77,Mazowieckie,70,Choroby płuc,2025/007479,Pozarezydencki,70.91,4.57,27.02.2025 16:09:03,6,NIE,,
w-2025,13,16.04.2025,16.04.2025 09:50:33,31,77,Mazowieckie,71,Choroby płuc,2025/007939,Pozarezydencki,66.36,4.00,28.02.2025 00:18:07,6,NIE,,
w-2025,13,16.04.2025,16.04.2025 09:50:33,31,77,Mazowieckie,72,Choroby płuc,2025/006030,Pozarezydencki,61.01,0.00,20.03.2025 12:01:09,6,NIE,,
w-2025,13,16.04.2025,16.04.2025 09:50:33,31,77,Mazowieckie,73,Choroby wewnętrzne,2025/003948,Rezydencki,87.38,3.68,28.02.2025 12:19:08,16,NIE,,
w-2025,13,16.04.2025,16.04.2025 09:50:33,31,77,Mazowieckie,74,Choroby wewnętrzne,2025/006575,Rezydencki,85.99,3.69,28.02.2025 19:31:36,16,NIE,,
w-2025,13,16.04.2025,16.04.2025 09:50:33,31,77,Mazowieckie,75,Choroby wewnętrzne,2025/007117,Rezydencki,85.29,4.00,28.02.2025 17:46:45,16,NIE,,
w-2025,13,16.04.2025,16.04.2025 09:50:33,31,77,Mazowieckie,76,Choroby wewnętrzne,2025/006767,Rezydencki,83.33,4.57,27.02.2025 12:43:57,16,NIE,,
w-2025,13,16.04.2025,16.04.2025 09:50:33,31,77,Mazowieckie,77,Choroby wewnętrzne,2025/005564,Rezydencki,83.33,3.88,06.03.2025 13:22:45,16,NIE,,
w-2025,13,16.04.2025,16.04.2025 09:50:33,31,77,Mazowieckie,78,Choroby wewnętrzne,2025/006987,Rezydencki,82.38,4.66,26.02.2025 20:29:20,16,NIE,,
w-2025,13,16.04.2025,16.04.2025 09:50:33,31,77,Mazowieckie,79,Choroby wewnętrzne,2025/007170,Rezydencki,81.37,4.03,27.02.2025 19:41:57,16,NIE,,
w-2025,13,16.04.2025,16.04.2025 09:50:33,31,77,Mazowieckie,80,Choroby wewnętrzne,2025/005389,Rezydencki,79.52,3.60,24.02.2025 20:57:44,16,NIE,,
w-2025,13,16.04.2025,16.04.2025 09:50:33,31,77,Mazowieckie,81,Choroby wewnętrzne,2025/005788,Rezydencki,79.05,3.97,27.02.2025 16:21:01,16,NIE,,
w-2025,13,16.04.2025,16.04.2025 09:50:33,31,77,Mazowieckie,82,Choroby wewnętrzne,2025/006467,Rezydencki,70.10,4.45,26.02.2025 22:23:58,16,NIE,,
w-2025,13,16.04.2025,16.04.2025 09:50:33,31,77,Mazowieckie,83,Choroby wewnętrzne,2025/006706,Rezydencki,69.08,3.39,28.02.2025 15:29:32,16,NIE,,
w-2025,13,16.04.2025,16.04.2025 09:50:33,31,77,Mazowieckie,84,Choroby wewnętrzne,2025/007667,Rezydencki,67.14,4.42,27.02.2025 20:31:25,16,NIE,,
w-2025,13,16.04.2025,16.04.2025 09:50:33,31,77,Mazowieckie,85,Choroby wewnętrzne,2025/007619,Rezydencki,66.83,3.81,27.02.2025 22:55:31,16,NIE,,
w-2025,13,16.04.2025,16.04.2025 09:50:33,31,77,Mazowieckie,86,Choroby wewnętrzne,2025/004456,Rezydencki,64.05,3.76,28.02.2025 16:30:06,16,NIE,,
w-2025,13,16.04.2025,16.04.2025 09:50:33,31,77,Mazowieckie,87,Choroby wewnętrzne,2025/007342,Rezydencki,61.43,3.53,28.02.2025 22:30:22,16,NIE,,
w-2025,13,16.04.2025,16.04.2025 09:50:33,31,77,Mazowieckie,88,Choroby wewnętrzne,2025/008217,Rezydencki,59.31,0.00,28.02.2025 21:33:48,16,NIE,,
w-2025,13,16.04.2025,16.04.2025 09:50:33,31,77,Mazowieckie,89,Choroby wewnętrzne,2025/005655,Pozarezydencki,65.90,3.98,07.03.2025 11:29:53,1,NIE,,
w-2025,13,16.04.2025,16.04.2025 09:50:33,31,77,Mazowieckie,90,Choroby zakaźne,2025/007507,Rezydencki,89.13,4.36,27.02.2025 17:00:55,3,NIE,,
w-2025,13,16.04.2025,16.04.2025 09:50:33,31,77,Mazowieckie,91,Choroby zakaźne,2025/007044,Rezydencki,87.75,4.98,26.02.2025 20:54:45,3,NIE,,
w-2025,13,16.04.2025,16.04.2025 09:50:33,31,77,Mazowieckie,92,Choroby zakaźne,2025/003228,Rezydencki,71.43,4.19,27.02.2025 17:08:23,3,NIE,,
w-2025,13,16.04.2025,16.04.2025 09:50:33,31,77,Mazowieckie,93,Choroby zakaźne,2025/008458,Pozarezydencki,75.45,0.00,28.02.2025 20:47:18,3,NIE,,
w-2025,13,16.04.2025,16.04.2025 09:50:33,31,77,Mazowieckie,94,Choroby zakaźne,2025/006188,Pozarezydencki,67.36,4.03,20.03.2025 12:21:46,3,NIE,,
w-2025,13,16.04.2025,16.04.2025 09:50:33,31,77,Mazowieckie,95,Choroby zakaźne,2025/003594,Pozarezydencki,61.92,3.39,16.02.2025 15:27:26,3,NIE,,
w-2025,13,16.04.2025,16.04.2025 09:50:33,31,77,Mazowieckie,96,Dermatologia i wenerologia,2025/004985,Rezydencki,93.17,4.68,24.02.2025 18:56:21,3,NIE,,
w-2025,13,16.04.2025,16.04.2025 09:50:33,31,77,Mazowieckie,97,Dermatologia i wenerologia,2025/002792,Rezydencki,92.75,4.52,15.02.2025 13:16:14,3,NIE,,
w-2025,13,16.04.2025,16.04.2025 09:50:33,31,77,Mazowieckie,98,Dermatologia i wenerologia,2025/004465,Rezydencki,92.75,4.38,28.02.2025 23:18:36,3,NIE,,
w-2025,13,16.04.2025,16.04.2025 09:50:33,31,77,Mazowieckie,99,Dermatologia i wenerologia,2025/006085,Pozarezydencki,86.82,4.48,27.02.2025 23:16:45,1,NIE,,
w-2025,13,16.04.2025,16.04.2025 09:50:33,31,77,Mazowieckie,100,Diabetologia,2025/006074,Rezydencki,89.52,4.00,26.02.2025 19:48:09,4,NIE,,
w-2025,13,16.04.2025,16.04.2025 09:50:33,31,77,Mazowieckie,101,Diabetologia,2025/007330,Rezydencki,88.54,4.21,28.02.2025 16:07:27,4,NIE,,
w-2025,13,16.04.2025,16.04.2025 09:50:33,31,77,Mazowieckie,102,Diabetologia,2025/008278,Rezydencki,86.96,4.43,28.02.2025 17:00:57,4,NIE,,
w-2025,13,16.04.2025,16.04.2025 09:50:33,31,77,Mazowieckie,103,Diabetologia,2025/008470,Rezydencki,86.96,4.24,28.02.2025 23:58:09,4,NIE,,
w-2025,13,16.04.2025,16.04.2025 09:50:33,31,77,Mazowieckie,104,Diabetologia,2025/005471,Pozarezydencki,90.91,4.13,21.02.2025 09:43:36,2,NIE,,
w-2025,13,16.04.2025,16.04.2025 09:50:33,32,77,Mazowieckie,105,Diabetologia,2025/006249,Pozarezydencki,86.41,4.09,28.02.2025 00:48:25,2,NIE,,
w-2025,13,16.04.2025,16.04.2025 09:50:33,32,77,Mazowieckie,106,Endokrynologia,2025/007757,Rezydencki,92.75,4.16,27.02.2025 21:47:08,4,NIE,,
w-2025,13,16.04.2025,16.04.2025 09:50:33,32,77,Mazowieckie,107,Endokrynologia,2025/004355,Rezydencki,92.51,4.50,28.02.2025 13:12:54,4,NIE,,
w-2025,13,16.04.2025,16.04.2025 09:50:33,32,77,Mazowieckie,108,Endokrynologia,2025/005008,Rezydencki,92.51,4.25,27.02.2025 21:42:49,4,NIE,,
w-2025,13,16.04.2025,16.04.2025 09:50:33,32,77,Mazowieckie,109,Endokrynologia,2025/002053,Rezydencki,92.20,4.55,27.02.2025 22:40:55,4,NIE,,
w-2025,13,16.04.2025,16.04.2025 09:50:33,32,77,Mazowieckie,110,Endokrynologia,2025/008546,Pozarezydencki,84.65,4.30,28.02.2025 22:25:00,1,NIE,,
w-2025,13,16.04.2025,16.04.2025 09:50:33,32,77,Mazowieckie,111,Endokrynologia ginekologiczna i rozrodczość,2025/005753,Pozarezydencki,93.64,4.22,23.02.2025 12:17:08,4,NIE,,
w-2025,13,16.04.2025,16.04.2025 09:50:33,32,77,Mazowieckie,112,Endokrynologia ginekologiczna i rozrodczość,2025/005005,Pozarezydencki,89.09,4.77,07.03.2025 11:13:12,4,NIE,,
w-2025,13,16.04.2025,16.04.2025 09:50:33,32,77,Mazowieckie,113,Endokrynologia ginekologiczna i rozrodczość,2025/003233,Pozarezydencki,89.09,0.00,25.03.2025 20:31:55,4,NIE,,
w-2025,13,16.04.2025,16.04.2025 09:50:33,32,77,Mazowieckie,114,Endokrynologia ginekologiczna i rozrodczość,2025/004423,Pozarezydencki,84.65,4.18,16.02.2025 09:23:07,4,NIE,,
w-2025,13,16.04.2025,16.04.2025 09:50:33,32,77,Mazowieckie,115,Endokrynologia i diabetologia dziecięca,2025/003321,Rezydencki,91.30,4.47,09.02.2025 16:24:01,1,NIE,,
w-2025,13,16.04.2025,16.04.2025 09:50:33,32,77,Mazowieckie,116,Endokrynologia i diabetologia dziecięca,2025/004425,Pozarezydencki,82.72,3.62,07.03.2025 13:22:40,3,NIE,,
w-2025,13,16.04.2025,16.04.2025 09:50:33,32,77,Mazowieckie,117,Endokrynologia i diabetologia dziecięca,2025/001901,Pozarezydencki,76.91,4.17,05.03.2025 15:58:27,3,NIE,,
w-2025,13,16.04.2025,16.04.2025 09:50:33,32,77,Mazowieckie,118,Endokrynologia i diabetologia dziecięca,2025/007924,Pozarezydencki,75.91,3.58,28.02.2025 00:16:44,3,NIE,,
w-2025,13,16.04.2025,16.04.2025 09:50:33,32,77,Mazowieckie,119,Gastroenterologia,2025/004507,Rezydencki,92.44,4.55,18.02.2025 23:05:46,3,NIE,,
w-2025,13,16.04.2025,16.04.2025 09:50:33,32,77,Mazowieckie,120,Gastroenterologia,2025/006143,Rezydencki,92.16,4.63,28.02.2025 23:29:05,3,NIE,,
w-2025,13,16.04.2025,16.04.2025 09:50:33,32,77,Mazowieckie,121,Gastroenterologia,2025/006204,Rezydencki,91.18,4.05,28.02.2025 21:07:45,3,NIE,,
w-2025,13,16.04.2025,16.04.2025 09:50:33,32,77,Mazowieckie,122,Gastroenterologia,2025/003476,Pozarezydencki,78.64,4.02,10.03.2025 16:44:21,1,NIE,,
w-2025,13,16.04.2025,16.04.2025 09:50:33,32,77,Mazowieckie,123,Gastroenterologia dziecięca,2025/007527,Rezydencki,91.46,4.55,27.02.2025 17:41:29,2,NIE,,
w-2025,13,16.04.2025,16.04.2025 09:50:33,32,77,Mazowieckie,124,Gastroenterologia dziecięca,2025/005731,Rezydencki,87.92,4.03,27.02.2025 19:21:51,2,NIE,,
w-2025,13,16.04.2025,16.04.2025 09:50:33,32,77,Mazowieckie,125,Gastroenterologia dziecięca,2025/001929,Pozarezydencki,67.27,3.28,14.03.2025 11:15:20,2,NIE,,
w-2025,13,16.04.2025,16.04.2025 09:50:33,32,77,Mazowieckie,126,Gastroenterologia dziecięca,2025/007173,Pozarezydencki,66.36,0.00,13.03.2025 22:19:32,2,NIE,,
w-2025,13,16.04.2025,16.04.2025 09:50:33,32,77,Mazowieckie,127,Geriatria,2025/002198,Pozarezydencki,89.09,4.39,07.03.2025 16:33:36,3,NIE,,
w-2025,13,16.04.2025,16.04.2025 09:50:33,32,77,Mazowieckie,128,Geriatria,2025/006127,Pozarezydencki,70.91,0.00,24.02.2025 17:25:30,3,NIE,,
w-2025,13,16.04.2025,16.04.2025 09:50:33,32,77,Mazowieckie,129,Geriatria,2025/003526,Pozarezydencki,0.00,3.81,14.03.2025 13:48:14,3,NIE,,
w-2025,13,16.04.2025,16.04.2025 09:50:33,32,77,Mazowieckie,130,Ginekologia onkologiczna,2025/007041,Pozarezydencki,85.23,0.00,31.03.2025 10:05:51,5,NIE,,
w-2025,13,16.04.2025,16.04.2025 09:50:33,32,77,Mazowieckie,131,Ginekologia onkologiczna,2025/002702,Pozarezydencki,82.34,4.43,20.02.2025 21:19:27,5,NIE,,
w-2025,13,16.04.2025,16.04.2025 09:50:33,32,77,Mazowieckie,132,Ginekologia onkologiczna,2025/003239,Pozarezydencki,80.00,4.00,16.02.2025 08:45:25,5,NIE,,
w-2025,13,16.04.2025,16.04.2025 09:50:33,32,77,Mazowieckie,133,Ginekologia onkologiczna,2025/007859,Pozarezydencki,75.91,4.11,08.03.2025 17:16:54,5,NIE,,
w-2025,13,16.04.2025,16.04.2025 09:50:33,32,77,Mazowieckie,134,Ginekologia onkologiczna,2025/004176,Pozarezydencki,70.91,2.96,20.03.2025 11:15:31,5,NIE,,
w-2025,13,16.04.2025,16.04.2025 09:50:33,32,77,Mazowieckie,135,Hematologia,2025/006808,Rezydencki,90.34,4.56,10.03.2025 10:37:55,5,NIE,,
w-2025,13,16.04.2025,16.04.2025 09:50:33,32,77,Mazowieckie,136,Hematologia,2025/007073,Rezydencki,86.96,4.54,27.02.2025 21:23:05,5,NIE,,
w-2025,13,16.04.2025,16.04.2025 09:50:33,32,77,Mazowieckie,137,Hematologia,2025/008318,Rezydencki,82.35,3.60,28.02.2025 18:21:16,5,NIE,,
w-2025,13,16.04.2025,16.04.2025 09:50:33,32,77,Mazowieckie,138,Hematologia,2025/007139,Rezydencki,79.05,4.56,27.02.2025 22:19:59,5,NIE,,
w-2025,13,16.04.2025,16.04.2025 09:50:33,32,77,Mazowieckie,139,Hematologia,2025/005803,Rezydencki,77.29,4.80,11.03.2025 18:27:21,5,NIE,,
w-2025,13,16.04.2025,16.04.2025 09:50:33,32,77,Mazowieckie,140,Hematologia,2025/004944,Pozarezydencki,63.68,0.00,18.02.2025 14:21:52,1,NIE,,
w-2025,13,16.04.2025,16.04.2025 09:50:33,32,77,Mazowieckie,141,Hipertensjologia,2025/003854,Pozarezydencki,84.55,4.72,21.03.2025 09:27:18,2,NIE,,
w-2025,13,16.04.2025,16.04.2025 09:50:33,32,77,Mazowieckie,142,Hipertensjologia,2025/006952,Pozarezydencki,72.73,4.19,11.03.2025 10:37:11,2,NIE,,
w-2025,13,16.04.2025,16.04.2025 09:50:33,33,77,Mazowieckie,143,Immunologia kliniczna,2025/005481,Pozarezydencki,87.95,0.00,17.03.2025 00:00:30,2,NIE,,
w-2025,13,16.04.2025,16.04.2025 09:50:33,33,77,Mazowieckie,144,Immunologia kliniczna,2025/005680,Pozarezydencki,85.23,0.00,26.02.2025 06:59:35,2,NIE,,
w-2025,13,16.04.2025,16.04.2025 09:50:33,33,77,Mazowieckie,145,Intensywna terapia,2025/007402,Pozarezydencki,71.59,3.82,05.03.2025 10:44:32,1,NIE,,
w-2025,13,16.04.2025,16.04.2025 09:50:33,33,77,Mazowieckie,146,Kardiochirurgia,2025/008026,Rezydencki,87.75,4.66,28.02.2025 10:01:23,2,NIE,,
w-2025,13,16.04.2025,16.04.2025 09:50:33,33,77,Mazowieckie,147,Kardiochirurgia,2025/002923,Rezydencki,75.49,0.00,07.02.2025 11:45:31,2,NIE,,
w-2025,13,16.04.2025,16.04.2025 09:50:33,33,77,Mazowieckie,148,Kardiologia,2025/004364,Rezydencki,90.49,4.18,15.02.2025 14:02:10,9,NIE,,
w-2025,13,16.04.2025,16.04.2025 09:50:33,33,77,Mazowieckie,149,Kardiologia,2025/006718,Rezydencki,89.46,4.33,18.03.2025 11:56:09,9,NIE,,
w-2025,13,16.04.2025,16.04.2025 09:50:33,33,77,Mazowieckie,150,Kardiologia,2025/008591,Rezydencki,89.37,4.11,28.02.2025 22:38:55,9,NIE,,
w-2025,13,16.04.2025,16.04.2025 09:50:33,33,77,Mazowieckie,151,Kardiologia,2025/003223,Rezydencki,87.92,3.81,13.02.2025 22:42:11,9,NIE,,
w-2025,13,16.04.2025,16.04.2025 09:50:33,33,77,Mazowieckie,152,Kardiologia,2025/006957,Rezydencki,87.92,3.78,26.02.2025 19:22:21,9,NIE,,
w-2025,13,16.04.2025,16.04.2025 09:50:33,33,77,Mazowieckie,153,Kardiologia,2025/006254,Rezydencki,87.92,3.73,26.02.2025 12:49:56,9,NIE,,
w-2025,13,16.04.2025,16.04.2025 09:50:33,33,77,Mazowieckie,154,Kardiologia,2025/005289,Rezydencki,87.44,3.94,21.02.2025 11:58:07,9,NIE,,
w-2025,13,16.04.2025,16.04.2025 09:50:33,33,77,Mazowieckie,155,Kardiologia,2025/005013,Rezydencki,87.44,3.58,28.02.2025 16:37:40,9,NIE,,
w-2025,13,16.04.2025,16.04.2025 09:50:33,33,77,Mazowieckie,156,Kardiologia,2025/003391,Rezydencki,87.01,3.97,12.02.2025 23:50:34,9,NIE,,
w-2025,13,16.04.2025,16.04.2025 09:50:33,33,77,Mazowieckie,157,Kardiologia,2025/006642,Pozarezydencki,82.56,4.33,25.02.2025 23:21:34,10,NIE,,
w-2025,13,16.04.2025,16.04.2025 09:50:33,33,77,Mazowieckie,158,Kardiologia,2025/006597,Pozarezydencki,81.11,3.85,28.02.2025 00:33:40,10,NIE,,
w-2025,13,16.04.2025,16.04.2025 09:50:33,33,77,Mazowieckie,159,Kardiologia,2025/008599,Pozarezydencki,76.64,3.72,15.03.2025 09:57:03,10,NIE,,
w-2025,13,16.04.2025,16.04.2025 09:50:33,33,77,Mazowieckie,160,Kardiologia,2025/006320,Pozarezydencki,76.04,3.45,25.02.2025 10:19:56,10,NIE,,
w-2025,13,16.04.2025,16.04.2025 09:50:33,33,77,Mazowieckie,161,Kardiologia,2025/006132,Pozarezydencki,75.45,3.86,28.02.2025 12:11:39,10,NIE,,
w-2025,13,16.04.2025,16.04.2025 09:50:33,33,77,Mazowieckie,162,Kardiologia,2025/002049,Pozarezydencki,70.91,4.18,13.02.2025 21:30:29,10,NIE,,
w-2025,13,16.04.2025,16.04.2025 09:50:33,33,77,Mazowieckie,163,Kardiologia,2025/005207,Pozarezydencki,70.91,3.60,19.02.2025 21:03:16,10,NIE,,
w-2025,13,16.04.2025,16.04.2025 09:50:33,33,77,Mazowieckie,164,Kardiologia,2025/007765,Pozarezydencki,69.35,4.06,27.02.2025 21:51:56,10,NIE,,
w-2025,13,16.04.2025,16.04.2025 09:50:33,33,77,Mazowieckie,165,Kardiologia,2025/003687,Pozarezydencki,66.21,4.12,14.03.2025 00:05:06,10,NIE,,
w-2025,13,16.04.2025,16.04.2025 09:50:33,33,77,Mazowieckie,166,Kardiologia,2025/007847,Pozarezydencki,59.26,3.48,15.03.2025 23:40:46,10,NIE,,
w-2025,13,16.04.2025,16.04.2025 09:50:33,33,77,Mazowieckie,167,Kardiologia dziecięca,2025/004387,Pozarezydencki,84.58,3.78,28.02.2025 18:30:51,2,NIE,,
w-2025,13,16.04.2025,16.04.2025 09:50:33,33,77,Mazowieckie,168,Kardiologia dziecięca,2025/003209,Pozarezydencki,76.17,3.56,26.03.2025 13:06:48,2,NIE,,
w-2025,13,16.04.2025,16.04.2025 09:50:33,33,77,Mazowieckie,169,Medycyna nuklearna,2025/004177,Rezydencki,73.66,3.58,22.02.2025 20:27:29,3,NIE,,
w-2025,13,16.04.2025,16.04.2025 09:50:33,33,77,Mazowieckie,170,Medycyna nuklearna,2025/008559,Rezydencki,71.90,3.72,28.02.2025 23:03:51,3,NIE,,
w-2025,13,16.04.2025,16.04.2025 09:50:33,33,77,Mazowieckie,171,Medycyna nuklearna,2025/008400,Rezydencki,63.77,3.13,26.03.2025 11:23:32,3,NIE,,
w-2025,13,16.04.2025,16.04.2025 09:50:33,33,77,Mazowieckie,172,Medycyna nuklearna,2025/006275,Pozarezydencki,79.91,0.00,13.03.2025 13:40:30,1,NIE,,
w-2025,13,16.04.2025,16.04.2025 09:50:33,33,77,Mazowieckie,173,Medycyna paliatywna,2025/008107,Pozarezydencki,83.09,4.18,28.02.2025 12:37:42,6,NIE,,
w-2025,13,16.04.2025,16.04.2025 09:50:33,33,77,Mazowieckie,174,Medycyna paliatywna,2025/005755,Pozarezydencki,75.64,4.14,28.02.2025 18:01:05,6,NIE,,
w-2025,13,16.04.2025,16.04.2025 09:50:33,33,77,Mazowieckie,175,Medycyna paliatywna,2025/005795,Pozarezydencki,74.77,3.86,13.03.2025 17:25:12,6,NIE,,
w-2025,13,16.04.2025,16.04.2025 09:50:33,33,77,Mazowieckie,176,Medycyna paliatywna,2025/008071,Pozarezydencki,70.91,0.00,11.03.2025 19:45:56,6,NIE,,
w-2025,13,16.04.2025,16.04.2025 09:50:33,33,77,Mazowieckie,177,Medycyna paliatywna,2025/005747,Pozarezydencki,61.82,0.00,13.03.2025 11:21:43,6,NIE,,
w-2025,13,16.04.2025,16.04.2025 09:50:33,33,77,Mazowieckie,178,Medycyna paliatywna,2025/006092,Pozarezydencki,0.00,0.00,26.02.2025 10:40:11,6,NIE,,
w-2025,13,16.04.2025,16.04.2025 09:50:33,33,77,Mazowieckie,179,Medycyna pracy,2025/006596,Rezydencki,72.86,4.09,28.02.2025 15:21:13,3,NIE,,
w-2025,13,16.04.2025,16.04.2025 09:50:33,33,77,Mazowieckie,180,Medycyna pracy,2025/007828,Rezydencki,71.43,0.00,27.02.2025 22:28:54,3,NIE,,
w-2025,13,16.04.2025,16.04.2025 09:50:33,34,77,Mazowieckie,181,Medycyna pracy,2025/004734,Rezydencki,56.19,3.34,28.02.2025 12:33:38,3,NIE,,
w-2025,13,16.04.2025,16.04.2025 09:50:33,34,77,Mazowieckie,182,Medycyna pracy,2025/004714,Pozarezydencki,93.64,3.10,22.02.2025 22:39:46,6,NIE,,
w-2025,13,16.04.2025,16.04.2025 09:50:33,34,77,Mazowieckie,183,Medycyna pracy,2025/006303,Pozarezydencki,81.82,4.01,17.03.2025 13:55:22,6,NIE,,
w-2025,13,16.04.2025,16.04.2025 09:50:33,34,77,Mazowieckie,184,Medycyna pracy,2025/005227,Pozarezydencki,76.74,4.24,19.02.2025 22:43:21,6,NIE,,
w-2025,13,16.04.2025,16.04.2025 09:50:33,34,77,Mazowieckie,185,Medycyna pracy,2025/006276,Pozarezydencki,62.27,3.54,24.02.2025 23:10:40,6,NIE,,
w-2025,13,16.04.2025,16.04.2025 09:50:33,34,77,Mazowieckie,186,Medycyna pracy,2025/004916,Pozarezydencki,61.82,3.08,19.02.2025 16:58:39,6,NIE,,
w-2025,13,16.04.2025,16.04.2025 09:50:33,34,77,Mazowieckie,187,Medycyna pracy,2025/004323,Pozarezydencki,50.93,3.15,07.03.2025 09:19:28,6,NIE,,
w-2025,13,16.04.2025,16.04.2025 09:50:33,34,77,Mazowieckie,188,Medycyna ratunkowa,2025/002649,Rezydencki,89.61,4.03,05.02.2025 09:56:53,6,NIE,,
w-2025,13,16.04.2025,16.04.2025 09:50:33,34,77,Mazowieckie,189,Medycyna ratunkowa,2025/006318,Rezydencki,87.75,4.44,26.02.2025 00:10:25,6,NIE,,
w-2025,13,16.04.2025,16.04.2025 09:50:33,34,77,Mazowieckie,190,Medycyna ratunkowa,2025/007165,Rezydencki,83.81,3.90,27.02.2025 22:56:30,6,NIE,,
w-2025,13,16.04.2025,16.04.2025 09:50:33,34,77,Mazowieckie,191,Medycyna ratunkowa,2025/006909,Rezydencki,81.62,3.89,27.02.2025 17:00:34,6,NIE,,
w-2025,13,16.04.2025,16.04.2025 09:50:33,34,77,Mazowieckie,192,Medycyna ratunkowa,2025/007150,Rezydencki,80.48,3.84,26.02.2025 22:29:29,6,NIE,,
w-2025,13,16.04.2025,16.04.2025 09:50:33,34,77,Mazowieckie,193,Medycyna ratunkowa,2025/006102,Rezydencki,78.74,3.64,25.02.2025 20:25:57,6,NIE,,
w-2025,13,16.04.2025,16.04.2025 09:50:33,34,77,Mazowieckie,194,Medycyna ratunkowa,2025/008244,Pozarezydencki,69.27,0.00,07.03.2025 16:31:10,2,NIE,,
w-2025,13,16.04.2025,16.04.2025 09:50:33,34,77,Mazowieckie,195,Medycyna ratunkowa,2025/008000,Pozarezydencki,57.27,3.25,28.02.2025 08:48:17,2,NIE,,
w-2025,13,16.04.2025,16.04.2025 09:50:33,34,77,Mazowieckie,196,Medycyna rodzinna,2025/007459,Rezydencki,89.86,3.76,28.02.2025 15:34:00,37,NIE,,
w-2025,13,16.04.2025,16.04.2025 09:50:33,34,77,Mazowieckie,197,Medycyna rodzinna,2025/007095,Rezydencki,87.01,3.38,28.02.2025 22:00:36,37,NIE,,
w-2025,13,16.04.2025,16.04.2025 09:50:33,34,77,Mazowieckie,198,Medycyna rodzinna,2025/003131,Rezydencki,86.96,4.03,10.02.2025 22:06:35,37,NIE,,
w-2025,13,16.04.2025,16.04.2025 09:50:33,34,77,Mazowieckie,199,Medycyna rodzinna,2025/001963,Rezydencki,85.85,3.61,12.02.2025 09:53:46,37,NIE,,
w-2025,13,16.04.2025,16.04.2025 09:50:33,34,77,Mazowieckie,200,Medycyna rodzinna,2025/003083,Rezydencki,84.80,3.50,28.02.2025 12:39:15,37,NIE,,
w-2025,13,16.04.2025,16.04.2025 09:50:33,34,77,Mazowieckie,201,Medycyna rodzinna,2025/006315,Rezydencki,84.54,4.27,27.02.2025 08:55:28,37,NIE,,
w-2025,13,16.04.2025,16.04.2025 09:50:33,34,77,Mazowieckie,202,Medycyna rodzinna,2025/007336,Rezydencki,84.29,4.27,27.02.2025 12:09:03,37,NIE,,
w-2025,13,16.04.2025,16.04.2025 09:50:33,34,77,Mazowieckie,203,Medycyna rodzinna,2025/006753,Rezydencki,84.29,0.00,27.02.2025 14:03:01,37,NIE,,
w-2025,13,16.04.2025,16.04.2025 09:50:33,34,77,Mazowieckie,204,Medycyna rodzinna,2025/006534,Rezydencki,84.06,3.92,28.02.2025 21:42:24,37,NIE,,
w-2025,13,16.04.2025,16.04.2025 09:50:33,34,77,Mazowieckie,205,Medycyna rodzinna,2025/006787,Rezydencki,83.09,4.57,28.02.2025 14:07:02,37,NIE,,
w-2025,13,16.04.2025,16.04.2025 09:50:33,34,77,Mazowieckie,206,Medycyna rodzinna,2025/007398,Rezydencki,82.86,4.09,27.02.2025 13:19:02,37,NIE,,
w-2025,13,16.04.2025,16.04.2025 09:50:33,34,77,Mazowieckie,207,Medycyna rodzinna,2025/007470,Rezydencki,82.38,4.32,28.02.2025 17:17:29,37,NIE,,
w-2025,13,16.04.2025,16.04.2025 09:50:33,34,77,Mazowieckie,208,Medycyna rodzinna,2025/004350,Rezydencki,81.64,4.02,15.02.2025 10:47:22,37,NIE,,
w-2025,13,16.04.2025,16.04.2025 09:50:33,34,77,Mazowieckie,209,Medycyna rodzinna,2025/008560,Rezydencki,81.16,3.36,28.02.2025 22:15:25,37,NIE,,
w-2025,13,16.04.2025,16.04.2025 09:50:33,34,77,Mazowieckie,210,Medycyna rodzinna,2025/004783,Rezydencki,80.92,3.84,26.02.2025 18:43:32,37,NIE,,
w-2025,13,16.04.2025,16.04.2025 09:50:33,34,77,Mazowieckie,211,Medycyna rodzinna,2025/006257,Rezydencki,80.00,4.20,18.03.2025 15:47:36,37,NIE,,
w-2025,13,16.04.2025,16.04.2025 09:50:33,34,77,Mazowieckie,212,Medycyna rodzinna,2025/007716,Rezydencki,79.51,3.13,28.02.2025 14:03:43,37,NIE,,
w-2025,13,16.04.2025,16.04.2025 09:50:33,34,77,Mazowieckie,213,Medycyna rodzinna,2025/006481,Rezydencki,79.05,3.95,28.02.2025 15:21:13,37,NIE,,
w-2025,13,16.04.2025,16.04.2025 09:50:33,34,77,Mazowieckie,214,Medycyna rodzinna,2025/005843,Rezydencki,79.05,3.62,11.03.2025 17:51:11,37,NIE,,
w-2025,13,16.04.2025,16.04.2025 09:50:33,34,77,Mazowieckie,215,Medycyna rodzinna,2025/008020,Rezydencki,78.57,4.43,28.02.2025 18:59:45,37,NIE,,
w-2025,13,16.04.2025,16.04.2025 09:50:33,34,77,Mazowieckie,216,Medycyna rodzinna,2025/003745,Rezydencki,78.43,3.50,13.02.2025 23:16:06,37,NIE,,
w-2025,13,16.04.2025,16.04.2025 09:50:33,34,77,Mazowieckie,217,Medycyna rodzinna,2025/006996,Rezydencki,78.26,4.22,28.02.2025 21:23:49,37,NIE,,
w-2025,13,16.04.2025,16.04.2025 09:50:33,34,77,Mazowieckie,218,Medycyna rodzinna,2025/008086,Rezydencki,77.62,3.20,28.02.2025 12:51:58,37,NIE,,
w-2025,13,16.04.2025,16.04.2025 09:50:33,35,77,Mazowieckie,219,Medycyna rodzinna,2025/007791,Rezydencki,76.67,4.03,28.02.2025 20:20:33,37,NIE,,
w-2025,13,16.04.2025,16.04.2025 09:50:33,35,77,Mazowieckie,220,Medycyna rodzinna,2025/006120,Rezydencki,75.71,3.18,28.02.2025 10:48:24,37,NIE,,
w-2025,13,16.04.2025,16.04.2025 09:50:33,35,77,Mazowieckie,221,Medycyna rodzinna,2025/008659,Rezydencki,74.88,0.00,28.02.2025 23:46:58,37,NIE,,
w-2025,13,16.04.2025,16.04.2025 09:50:33,35,77,Mazowieckie,222,Medycyna rodzinna,2025/007813,Rezydencki,74.29,4.09,27.02.2025 22:25:50,37,NIE,,
w-2025,13,16.04.2025,16.04.2025 09:50:33,35,77,Mazowieckie,223,Medycyna rodzinna,2025/002820,Rezydencki,74.02,3.83,26.02.2025 10:45:22,37,NIE,,
w-2025,13,16.04.2025,16.04.2025 09:50:33,35,77,Mazowieckie,224,Medycyna rodzinna,2025/004426,Rezydencki,73.91,4.06,16.02.2025 10:25:27,37,NIE,,
w-2025,13,16.04.2025,16.04.2025 09:50:33,35,77,Mazowieckie,225,Medycyna rodzinna,2025/006532,Rezydencki,72.38,4.21,27.02.2025 23:34:18,37,NIE,,
w-2025,13,16.04.2025,16.04.2025 09:50:33,35,77,Mazowieckie,226,Medycyna rodzinna,2025/005393,Rezydencki,70.24,3.33,17.03.2025 09:21:47,37,NIE,,
w-2025,13,16.04.2025,16.04.2025 09:50:33,35,77,Mazowieckie,227,Medycyna rodzinna,2025/003304,Rezydencki,69.52,4.27,27.02.2025 21:20:33,37,NIE,,
w-2025,13,16.04.2025,16.04.2025 09:50:33,35,77,Mazowieckie,228,Medycyna rodzinna,2025/008579,Rezydencki,65.71,0.00,28.02.2025 22:56:05,37,NIE,,
w-2025,13,16.04.2025,16.04.2025 09:50:33,35,77,Mazowieckie,229,Medycyna rodzinna,2025/006076,Rezydencki,65.38,3.07,11.03.2025 13:56:23,37,NIE,,
w-2025,13,16.04.2025,16.04.2025 09:50:33,35,77,Mazowieckie,230,Medycyna rodzinna,2025/006963,Rezydencki,64.71,0.00,26.02.2025 19:20:15,37,NIE,,
w-2025,13,16.04.2025,16.04.2025 09:50:33,35,77,Mazowieckie,231,Medycyna rodzinna,2025/007889,Rezydencki,59.22,3.61,27.02.2025 23:45:12,37,NIE,,
w-2025,13,16.04.2025,16.04.2025 09:50:33,35,77,Mazowieckie,232,Medycyna rodzinna,2025/003029,Rezydencki,59.05,3.42,27.02.2025 14:58:32,37,NIE,,
w-2025,13,16.04.2025,16.04.2025 09:50:33,35,77,Mazowieckie,233,Medycyna rodzinna,2025/005508,Pozarezydencki,89.09,0.00,21.02.2025 12:32:12,9,NIE,,
w-2025,13,16.04.2025,16.04.2025 09:50:33,35,77,Mazowieckie,234,Medycyna rodzinna,2025/006282,Pozarezydencki,82.49,3.84,12.03.2025 23:42:10,9,NIE,,
w-2025,13,16.04.2025,16.04.2025 09:50:33,35,77,Mazowieckie,235,Medycyna rodzinna,2025/008493,Pozarezydencki,67.89,0.00,14.03.2025 09:28:39,9,NIE,,
w-2025,13,16.04.2025,16.04.2025 09:50:33,35,77,Mazowieckie,236,Medycyna rodzinna,2025/003175,Pozarezydencki,67.59,3.77,27.02.2025 18:37:50,9,NIE,,
w-2025,13,16.04.2025,16.04.2025 09:50:33,35,77,Mazowieckie,237,Medycyna rodzinna,2025/002680,Pozarezydencki,61.86,2.98,04.02.2025 18:44:16,9,NIE,,
w-2025,13,16.04.2025,16.04.2025 09:50:33,35,77,Mazowieckie,238,Medycyna rodzinna,2025/006432,Pozarezydencki,61.01,3.25,06.03.2025 14:06:42,9,NIE,,
w-2025,13,16.04.2025,16.04.2025 09:50:33,35,77,Mazowieckie,239,Medycyna rodzinna,2025/003888,Pozarezydencki,59.86,3.95,28.03.2025 15:10:49,9,NIE,,
w-2025,13,16.04.2025,16.04.2025 09:50:33,35,77,Mazowieckie,240,Medycyna rodzinna,2025/006283,Pozarezydencki,0.00,4.05,27.03.2025 07:49:26,9,NIE,,
w-2025,13,16.04.2025,16.04.2025 09:50:33,35,77,Mazowieckie,241,Medycyna rodzinna,2025/006387,Pozarezydencki,0.00,3.30,05.03.2025 15:18:08,9,NIE,,
w-2025,13,16.04.2025,16.04.2025 09:50:33,35,77,Mazowieckie,242,Mikrobiologia lekarska,2025/005148,Rezydencki,86.52,3.91,23.02.2025 19:51:13,1,NIE,,
w-2025,13,16.04.2025,16.04.2025 09:50:33,35,77,Mazowieckie,243,Mikrobiologia lekarska,2025/002254,Pozarezydencki,58.25,0.00,15.03.2025 18:55:20,2,NIE,,
w-2025,13,16.04.2025,16.04.2025 09:50:33,35,77,Mazowieckie,244,Mikrobiologia lekarska,2025/003845,Pozarezydencki,51.89,0.00,16.02.2025 12:56:33,2,NIE,,
w-2025,13,16.04.2025,16.04.2025 09:50:33,35,77,Mazowieckie,245,Nefrologia,2025/004189,Rezydencki,88.78,3.93,17.03.2025 10:17:51,6,NIE,,
w-2025,13,16.04.2025,16.04.2025 09:50:33,35,77,Mazowieckie,246,Nefrologia,2025/008421,Rezydencki,88.41,4.18,28.02.2025 23:47:04,6,NIE,,
w-2025,13,16.04.2025,16.04.2025 09:50:33,35,77,Mazowieckie,247,Nefrologia,2025/007944,Rezydencki,82.38,4.23,13.03.2025 18:22:14,6,NIE,,
w-2025,13,16.04.2025,16.04.2025 09:50:33,35,77,Mazowieckie,248,Nefrologia,2025/008124,Rezydencki,81.86,4.16,28.02.2025 19:40:52,6,NIE,,
w-2025,13,16.04.2025,16.04.2025 09:50:33,35,77,Mazowieckie,249,Nefrologia,2025/004351,Rezydencki,80.95,4.81,28.02.2025 20:46:23,6,NIE,,
w-2025,13,16.04.2025,16.04.2025 09:50:33,35,77,Mazowieckie,250,Nefrologia,2025/004475,Rezydencki,75.24,4.13,08.03.2025 21:04:10,6,NIE,,
w-2025,13,16.04.2025,16.04.2025 09:50:33,35,77,Mazowieckie,251,Nefrologia,2025/003023,Pozarezydencki,84.55,3.86,20.03.2025 11:40:35,3,NIE,,
w-2025,13,16.04.2025,16.04.2025 09:50:33,35,77,Mazowieckie,252,Nefrologia,2025/005617,Pozarezydencki,70.91,0.00,25.02.2025 17:29:39,3,NIE,,
w-2025,13,16.04.2025,16.04.2025 09:50:33,35,77,Mazowieckie,253,Nefrologia,2025/003851,Pozarezydencki,57.27,4.77,13.03.2025 17:52:11,3,NIE,,
w-2025,13,16.04.2025,16.04.2025 09:50:33,35,77,Mazowieckie,254,Neonatologia,2025/007351,Rezydencki,82.86,3.74,28.02.2025 17:12:08,3,NIE,,
w-2025,13,16.04.2025,16.04.2025 09:50:33,35,77,Mazowieckie,255,Neonatologia,2025/006258,Rezydencki,80.48,3.85,27.02.2025 23:41:08,3,NIE,,
w-2025,13,16.04.2025,16.04.2025 09:50:33,35,77,Mazowieckie,256,Neonatologia,2025/002384,Rezydencki,70.79,0.00,11.03.2025 13:52:43,3,NIE,,
w-2025,13,16.04.2025,16.04.2025 09:50:33,36,77,Mazowieckie,257,Neonatologia,2025/005616,Pozarezydencki,75.45,0.00,28.02.2025 17:46:27,1,NIE,,
w-2025,13,16.04.2025,16.04.2025 09:50:33,36,77,Mazowieckie,258,Neurologia,2025/002853,Rezydencki,90.69,4.56,25.02.2025 13:29:53,9,NIE,,
w-2025,13,16.04.2025,16.04.2025 09:50:33,36,77,Mazowieckie,259,Neurologia,2025/003269,Rezydencki,89.22,3.52,08.02.2025 21:44:21,9,NIE,,
w-2025,13,16.04.2025,16.04.2025 09:50:33,36,77,Mazowieckie,260,Neurologia,2025/005580,Rezydencki,86.96,3.75,28.02.2025 23:25:45,9,NIE,,
w-2025,13,16.04.2025,16.04.2025 09:50:33,36,77,Mazowieckie,261,Neurologia,2025/006470,Rezydencki,86.76,3.79,28.03.2025 07:41:00,9,NIE,,
w-2025,13,16.04.2025,16.04.2025 09:50:33,36,77,Mazowieckie,262,Neurologia,2025/004349,Rezydencki,84.80,3.83,26.02.2025 11:51:56,9,NIE,,
w-2025,13,16.04.2025,16.04.2025 09:50:33,36,77,Mazowieckie,263,Neurologia,2025/008580,Rezydencki,79.52,3.34,28.02.2025 22:41:59,9,NIE,,
w-2025,13,16.04.2025,16.04.2025 09:50:33,36,77,Mazowieckie,264,Neurologia,2025/001946,Rezydencki,78.43,3.51,26.02.2025 21:46:07,9,NIE,,
w-2025,13,16.04.2025,16.04.2025 09:50:33,36,77,Mazowieckie,265,Neurologia,2025/008632,Rezydencki,70.05,0.00,28.02.2025 23:56:32,9,NIE,,
w-2025,13,16.04.2025,16.04.2025 09:50:33,36,77,Mazowieckie,266,Neurologia,2025/006042,Rezydencki,64.73,0.00,28.02.2025 10:01:45,9,NIE,,
w-2025,13,16.04.2025,16.04.2025 09:50:33,36,77,Mazowieckie,267,Neurologia,2025/007632,Pozarezydencki,69.91,4.24,26.03.2025 06:49:16,1,NIE,,
w-2025,13,16.04.2025,16.04.2025 09:50:33,36,77,Mazowieckie,268,Neurologia dziecięca,2025/002654,Rezydencki,87.44,4.19,17.02.2025 15:33:45,3,NIE,,
w-2025,13,16.04.2025,16.04.2025 09:50:33,36,77,Mazowieckie,269,Neurologia dziecięca,2025/003182,Rezydencki,84.52,4.08,26.02.2025 20:13:40,3,NIE,,
w-2025,13,16.04.2025,16.04.2025 09:50:33,36,77,Mazowieckie,270,Neurologia dziecięca,2025/005720,Rezydencki,83.09,3.75,24.02.2025 21:59:02,3,NIE,,
w-2025,13,16.04.2025,16.04.2025 09:50:33,36,77,Mazowieckie,271,Neurologia dziecięca,2025/001932,Pozarezydencki,83.18,4.31,25.02.2025 20:11:09,2,NIE,,
w-2025,13,16.04.2025,16.04.2025 09:50:33,36,77,Mazowieckie,272,Neurologia dziecięca,2025/008499,Pozarezydencki,69.81,3.88,28.02.2025 21:34:53,2,NIE,,
w-2025,13,16.04.2025,16.04.2025 09:50:33,36,77,Mazowieckie,273,Neuropatologia,2025/008008,Pozarezydencki,75.45,0.00,11.03.2025 09:00:43,1,NIE,,
w-2025,13,16.04.2025,16.04.2025 09:50:33,36,77,Mazowieckie,274,Okulistyka,2025/006865,Rezydencki,91.42,4.48,27.02.2025 12:19:48,9,NIE,,
w-2025,13,16.04.2025,16.04.2025 09:50:33,36,77,Mazowieckie,275,Okulistyka,2025/008099,Rezydencki,90.00,4.16,28.02.2025 19:41:35,9,NIE,,
w-2025,13,16.04.2025,16.04.2025 09:50:33,36,77,Mazowieckie,276,Okulistyka,2025/008381,Rezydencki,89.76,4.60,28.02.2025 20:31:54,9,NIE,,
w-2025,13,16.04.2025,16.04.2025 09:50:33,36,77,Mazowieckie,277,Okulistyka,2025/005657,Rezydencki,89.76,4.22,27.02.2025 10:27:00,9,NIE,,
w-2025,13,16.04.2025,16.04.2025 09:50:33,36,77,Mazowieckie,278,Okulistyka,2025/005800,Rezydencki,89.52,4.39,28.02.2025 20:29:11,9,NIE,,
w-2025,13,16.04.2025,16.04.2025 09:50:33,36,77,Mazowieckie,279,Okulistyka,2025/006850,Rezydencki,89.37,4.19,26.02.2025 21:28:46,9,NIE,,
w-2025,13,16.04.2025,16.04.2025 09:50:33,36,77,Mazowieckie,280,Okulistyka,2025/007049,Rezydencki,88.78,4.35,27.02.2025 21:14:25,9,NIE,,
w-2025,13,16.04.2025,16.04.2025 09:50:33,36,77,Mazowieckie,281,Okulistyka,2025/002422,Rezydencki,87.86,4.17,27.02.2025 18:46:29,9,NIE,,
w-2025,13,16.04.2025,16.04.2025 09:50:33,36,77,Mazowieckie,282,Okulistyka,2025/005656,Rezydencki,87.68,4.08,28.02.2025 14:33:48,9,NIE,,
w-2025,13,16.04.2025,16.04.2025 09:50:33,36,77,Mazowieckie,283,Okulistyka,2025/003557,Pozarezydencki,80.84,3.87,28.02.2025 23:55:34,11,NIE,,
w-2025,13,16.04.2025,16.04.2025 09:50:33,36,77,Mazowieckie,284,Okulistyka,2025/007885,Pozarezydencki,80.45,3.55,28.02.2025 19:29:52,11,NIE,,
w-2025,13,16.04.2025,16.04.2025 09:50:33,36,77,Mazowieckie,285,Okulistyka,2025/004442,Pozarezydencki,80.37,4.56,27.02.2025 12:26:44,11,NIE,,
w-2025,13,16.04.2025,16.04.2025 09:50:33,36,77,Mazowieckie,286,Okulistyka,2025/006854,Pozarezydencki,80.18,4.44,27.02.2025 19:35:15,11,NIE,,
w-2025,13,16.04.2025,16.04.2025 09:50:33,36,77,Mazowieckie,287,Okulistyka,2025/007792,Pozarezydencki,79.91,3.99,27.02.2025 22:16:50,11,NIE,,
w-2025,13,16.04.2025,16.04.2025 09:50:33,36,77,Mazowieckie,288,Okulistyka,2025/007714,Pozarezydencki,79.91,3.50,27.02.2025 23:23:53,11,NIE,,
w-2025,13,16.04.2025,16.04.2025 09:50:33,36,77,Mazowieckie,289,Okulistyka,2025/008014,Pozarezydencki,79.30,3.68,28.02.2025 23:06:49,11,NIE,,
w-2025,13,16.04.2025,16.04.2025 09:50:33,36,77,Mazowieckie,290,Okulistyka,2025/007337,Pozarezydencki,79.09,3.85,27.02.2025 12:24:30,11,NIE,,
w-2025,13,16.04.2025,16.04.2025 09:50:33,36,77,Mazowieckie,291,Okulistyka,2025/005584,Pozarezydencki,79.09,3.81,21.02.2025 19:29:29,11,NIE,,
w-2025,13,16.04.2025,16.04.2025 09:50:33,36,77,Mazowieckie,292,Okulistyka,2025/008488,Pozarezydencki,78.57,3.63,28.02.2025 22:17:00,11,NIE,,
w-2025,13,16.04.2025,16.04.2025 09:50:33,36,77,Mazowieckie,293,Okulistyka,2025/007156,Pozarezydencki,76.82,4.09,26.02.2025 22:39:04,11,NIE,,
w-2025,13,16.04.2025,16.04.2025 09:50:33,36,77,Mazowieckie,294,Onkologia i hematologia dziecięca,2025/006968,Rezydencki,80.00,4.26,28.02.2025 21:29:27,1,NIE,,
w-2025,13,16.04.2025,16.04.2025 09:50:33,37,77,Mazowieckie,295,Onkologia i hematologia dziecięca,2025/004952,Pozarezydencki,70.91,3.64,14.03.2025 10:35:22,1,NIE,,
w-2025,13,16.04.2025,16.04.2025 09:50:33,37,77,Mazowieckie,296,Onkologia kliniczna,2025/007499,Rezydencki,89.13,4.35,28.02.2025 17:21:36,5,NIE,,
w-2025,13,16.04.2025,16.04.2025 09:50:33,37,77,Mazowieckie,297,Onkologia kliniczna,2025/002437,Rezydencki,85.85,4.18,05.02.2025 13:20:54,5,NIE,,
w-2025,13,16.04.2025,16.04.2025 09:50:33,37,77,Mazowieckie,298,Onkologia kliniczna,2025/002035,Rezydencki,74.40,3.96,02.02.2025 21:17:08,5,NIE,,
w-2025,13,16.04.2025,16.04.2025 09:50:33,37,77,Mazowieckie,299,Onkologia kliniczna,2025/006180,Rezydencki,72.86,4.29,27.02.2025 21:06:41,5,NIE,,
w-2025,13,16.04.2025,16.04.2025 09:50:33,37,77,Mazowieckie,300,Onkologia kliniczna,2025/006463,Rezydencki,72.46,4.10,25.02.2025 17:23:00,5,NIE,,
w-2025,13,16.04.2025,16.04.2025 09:50:33,37,77,Mazowieckie,301,Onkologia kliniczna,2025/003273,Pozarezydencki,61.82,3.10,11.02.2025 21:21:59,1,NIE,,
w-2025,13,16.04.2025,16.04.2025 09:50:33,37,77,Mazowieckie,302,Ortodoncja,2025/005143,Rezydencki,90.00,4.22,19.02.2025 15:06:27,1,NIE,,
w-2025,13,16.04.2025,16.04.2025 09:50:33,37,77,Mazowieckie,303,Ortopedia i traumatologia narządu ruchu,2025/005853,Rezydencki,90.34,4.28,28.02.2025 11:38:38,10,NIE,,
w-2025,13,16.04.2025,16.04.2025 09:50:33,37,77,Mazowieckie,304,Ortopedia i traumatologia narządu ruchu,2025/007834,Rezydencki,87.92,4.00,28.02.2025 21:19:48,10,NIE,,
w-2025,13,16.04.2025,16.04.2025 09:50:33,37,77,Mazowieckie,305,Ortopedia i traumatologia narządu ruchu,2025/005401,Rezydencki,84.30,3.96,21.02.2025 02:15:26,10,NIE,,
w-2025,13,16.04.2025,16.04.2025 09:50:33,37,77,Mazowieckie,306,Ortopedia i traumatologia narządu ruchu,2025/007287,Rezydencki,81.95,4.03,28.02.2025 22:32:48,10,NIE,,
w-2025,13,16.04.2025,16.04.2025 09:50:33,37,77,Mazowieckie,307,Ortopedia i traumatologia narządu ruchu,2025/007295,Rezydencki,81.90,4.06,27.02.2025 11:48:38,10,NIE,,
w-2025,13,16.04.2025,16.04.2025 09:50:33,37,77,Mazowieckie,308,Ortopedia i traumatologia narządu ruchu,2025/006931,Rezydencki,80.68,3.62,27.02.2025 23:25:42,10,NIE,,
w-2025,13,16.04.2025,16.04.2025 09:50:33,37,77,Mazowieckie,309,Ortopedia i traumatologia narządu ruchu,2025/008465,Rezydencki,76.19,3.02,13.03.2025 15:35:52,10,NIE,,
w-2025,13,16.04.2025,16.04.2025 09:50:33,37,77,Mazowieckie,310,Ortopedia i traumatologia narządu ruchu,2025/008277,Rezydencki,75.98,3.46,28.02.2025 20:38:38,10,NIE,,
w-2025,13,16.04.2025,16.04.2025 09:50:33,37,77,Mazowieckie,311,Ortopedia i traumatologia narządu ruchu,2025/008600,Rezydencki,75.00,3.67,28.02.2025 22:45:56,10,NIE,,
w-2025,13,16.04.2025,16.04.2025 09:50:33,37,77,Mazowieckie,312,Ortopedia i traumatologia narządu ruchu,2025/002787,Rezydencki,74.76,3.07,05.02.2025 11:48:06,10,NIE,,
w-2025,13,16.04.2025,16.04.2025 09:50:33,37,77,Mazowieckie,313,Otorynolaryngologia,2025/006505,Rezydencki,91.79,4.30,26.02.2025 21:39:28,9,NIE,,
w-2025,13,16.04.2025,16.04.2025 09:50:33,37,77,Mazowieckie,314,Otorynolaryngologia,2025/006885,Rezydencki,91.22,4.71,27.02.2025 20:06:59,9,NIE,,
w-2025,13,16.04.2025,16.04.2025 09:50:33,37,77,Mazowieckie,315,Otorynolaryngologia,2025/006069,Rezydencki,89.86,4.47,24.02.2025 14:21:06,9,NIE,,
w-2025,13,16.04.2025,16.04.2025 09:50:33,37,77,Mazowieckie,316,Otorynolaryngologia,2025/007623,Rezydencki,89.76,3.76,06.03.2025 14:55:46,9,NIE,,
w-2025,13,16.04.2025,16.04.2025 09:50:33,37,77,Mazowieckie,317,Otorynolaryngologia,2025/007025,Rezydencki,88.89,4.38,26.02.2025 20:35:22,9,NIE,,
w-2025,13,16.04.2025,16.04.2025 09:50:33,37,77,Mazowieckie,318,Otorynolaryngologia,2025/004115,Rezydencki,88.65,3.86,17.03.2025 09:30:48,9,NIE,,
w-2025,13,16.04.2025,16.04.2025 09:50:33,37,77,Mazowieckie,319,Otorynolaryngologia,2025/007900,Rezydencki,88.57,3.77,27.02.2025 23:34:27,9,NIE,,
w-2025,13,16.04.2025,16.04.2025 09:50:33,37,77,Mazowieckie,320,Otorynolaryngologia,2025/006195,Rezydencki,88.41,4.23,25.02.2025 01:25:00,9,NIE,,
w-2025,13,16.04.2025,16.04.2025 09:50:33,37,77,Mazowieckie,321,Otorynolaryngologia,2025/007554,Rezydencki,87.99,4.62,28.02.2025 20:44:55,9,NIE,,
w-2025,13,16.04.2025,16.04.2025 09:50:33,37,77,Mazowieckie,322,Otorynolaryngologia,2025/005679,Pozarezydencki,80.84,4.09,26.02.2025 19:00:36,1,NIE,,
w-2025,13,16.04.2025,16.04.2025 09:50:33,37,77,Mazowieckie,323,Otorynolaryngologia dziecięca,2025/004775,Rezydencki,90.10,4.21,27.02.2025 21:24:07,2,NIE,,
w-2025,13,16.04.2025,16.04.2025 09:50:33,37,77,Mazowieckie,324,Otorynolaryngologia dziecięca,2025/006915,Rezydencki,87.14,3.71,27.02.2025 16:48:42,2,NIE,,
w-2025,13,16.04.2025,16.04.2025 09:50:33,37,77,Mazowieckie,325,Otorynolaryngologia dziecięca,2025/003058,Pozarezydencki,74.07,0.00,20.03.2025 18:56:15,1,NIE,,
w-2025,13,16.04.2025,16.04.2025 09:50:33,37,77,Mazowieckie,326,Patomorfologia,2025/001955,Rezydencki,85.51,3.80,23.02.2025 19:06:38,5,NIE,,
w-2025,13,16.04.2025,16.04.2025 09:50:33,37,77,Mazowieckie,327,Patomorfologia,2025/004175,Rezydencki,82.38,4.04,11.03.2025 10:21:25,5,NIE,,
w-2025,13,16.04.2025,16.04.2025 09:50:33,37,77,Mazowieckie,328,Patomorfologia,2025/007656,Rezydencki,77.94,3.63,27.02.2025 21:40:04,5,NIE,,
w-2025,13,16.04.2025,16.04.2025 09:50:33,37,77,Mazowieckie,329,Patomorfologia,2025/004400,Rezydencki,77.29,4.44,16.02.2025 21:11:55,5,NIE,,
w-2025,13,16.04.2025,16.04.2025 09:50:33,37,77,Mazowieckie,330,Patomorfologia,2025/008325,Rezydencki,65.24,4.20,28.02.2025 19:53:50,5,NIE,,
w-2025,13,16.04.2025,16.04.2025 09:50:33,37,77,Mazowieckie,331,Pediatria,2025/006520,Rezydencki,89.86,4.48,26.02.2025 21:39:21,19,NIE,,
w-2025,13,16.04.2025,16.04.2025 09:50:33,37,77,Mazowieckie,332,Pediatria,2025/008055,Rezydencki,88.89,4.34,28.02.2025 23:58:28,19,NIE,,
w-2025,13,16.04.2025,16.04.2025 09:50:33,38,77,Mazowieckie,333,Pediatria,2025/007916,Rezydencki,88.57,3.59,28.02.2025 17:21:58,19,NIE,,
w-2025,13,16.04.2025,16.04.2025 09:50:33,38,77,Mazowieckie,334,Pediatria,2025/004790,Rezydencki,88.41,4.56,20.02.2025 19:54:29,19,NIE,,
w-2025,13,16.04.2025,16.04.2025 09:50:33,38,77,Mazowieckie,335,Pediatria,2025/004921,Rezydencki,87.44,3.88,20.02.2025 19:25:36,19,NIE,,
w-2025,13,16.04.2025,16.04.2025 09:50:33,38,77,Mazowieckie,336,Pediatria,2025/005167,Rezydencki,86.96,3.96,28.02.2025 16:17:06,19,NIE,,
w-2025,13,16.04.2025,16.04.2025 09:50:33,38,77,Mazowieckie,337,Pediatria,2025/006851,Rezydencki,86.27,4.05,26.02.2025 16:27:59,19,NIE,,
w-2025,13,16.04.2025,16.04.2025 09:50:33,38,77,Mazowieckie,338,Pediatria,2025/004384,Rezydencki,85.24,4.60,27.02.2025 21:21:06,19,NIE,,
w-2025,13,16.04.2025,16.04.2025 09:50:33,38,77,Mazowieckie,339,Pediatria,2025/006058,Rezydencki,84.29,4.80,27.02.2025 00:43:45,19,NIE,,
w-2025,13,16.04.2025,16.04.2025 09:50:33,38,77,Mazowieckie,340,Pediatria,2025/008158,Rezydencki,83.82,4.87,28.02.2025 13:48:44,19,NIE,,
w-2025,13,16.04.2025,16.04.2025 09:50:33,38,77,Mazowieckie,341,Pediatria,2025/004812,Rezydencki,83.82,3.42,27.02.2025 22:21:16,19,NIE,,
w-2025,13,16.04.2025,16.04.2025 09:50:33,38,77,Mazowieckie,342,Pediatria,2025/007167,Rezydencki,83.81,3.67,27.02.2025 21:14:36,19,NIE,,
w-2025,13,16.04.2025,16.04.2025 09:50:33,38,77,Mazowieckie,343,Pediatria,2025/006234,Rezydencki,83.33,4.72,28.02.2025 12:42:28,19,NIE,,
w-2025,13,16.04.2025,16.04.2025 09:50:33,38,77,Mazowieckie,344,Pediatria,2025/003005,Rezydencki,81.90,4.88,28.02.2025 12:59:29,19,NIE,,
w-2025,13,16.04.2025,16.04.2025 09:50:33,38,77,Mazowieckie,345,Pediatria,2025/007567,Rezydencki,80.15,3.76,28.02.2025 23:27:38,19,NIE,,
w-2025,13,16.04.2025,16.04.2025 09:50:33,38,77,Mazowieckie,346,Pediatria,2025/006571,Rezydencki,78.74,4.41,11.03.2025 13:49:14,19,NIE,,
w-2025,13,16.04.2025,16.04.2025 09:50:33,38,77,Mazowieckie,347,Pediatria,2025/007421,Rezydencki,77.56,3.95,28.02.2025 22:34:13,19,NIE,,
w-2025,13,16.04.2025,16.04.2025 09:50:33,38,77,Mazowieckie,348,Pediatria,2025/006956,Rezydencki,75.24,3.84,11.03.2025 15:19:18,19,NIE,,
w-2025,13,16.04.2025,16.04.2025 09:50:33,38,77,Mazowieckie,349,Pediatria,2025/006196,Rezydencki,72.38,4.15,28.02.2025 23:17:02,19,NIE,,
w-2025,13,16.04.2025,16.04.2025 09:50:33,38,77,Mazowieckie,350,Pediatria,2025/003283,Pozarezydencki,78.50,4.00,12.03.2025 06:36:37,2,NIE,,
w-2025,13,16.04.2025,16.04.2025 09:50:33,38,77,Mazowieckie,351,Pediatria,2025/005372,Pozarezydencki,63.43,3.31,19.03.2025 13:19:16,2,NIE,,
w-2025,13,16.04.2025,16.04.2025 09:50:33,38,77,Mazowieckie,352,Perinatologia,2025/006126,Pozarezydencki,80.00,3.20,24.02.2025 16:59:08,1,NIE,,
w-2025,13,16.04.2025,16.04.2025 09:50:33,38,77,Mazowieckie,353,Położnictwo i ginekologia,2025/005918,Rezydencki,91.22,4.45,26.02.2025 23:00:36,30,NIE,,
w-2025,13,16.04.2025,16.04.2025 09:50:33,38,77,Mazowieckie,354,Położnictwo i ginekologia,2025/005165,Rezydencki,89.76,3.94,19.02.2025 17:31:23,30,NIE,,
w-2025,13,16.04.2025,16.04.2025 09:50:33,38,77,Mazowieckie,355,Położnictwo i ginekologia,2025/001966,Rezydencki,89.37,3.77,27.02.2025 22:15:33,30,NIE,,
w-2025,13,16.04.2025,16.04.2025 09:50:33,38,77,Mazowieckie,356,Położnictwo i ginekologia,2025/002486,Rezydencki,89.37,3.72,08.02.2025 11:04:06,30,NIE,,
w-2025,13,16.04.2025,16.04.2025 09:50:33,38,77,Mazowieckie,357,Położnictwo i ginekologia,2025/007269,Rezydencki,88.57,4.14,28.02.2025 09:34:46,30,NIE,,
w-2025,13,16.04.2025,16.04.2025 09:50:33,38,77,Mazowieckie,358,Położnictwo i ginekologia,2025/007734,Rezydencki,88.57,3.65,28.02.2025 16:15:05,30,NIE,,
w-2025,13,16.04.2025,16.04.2025 09:50:33,38,77,Mazowieckie,359,Położnictwo i ginekologia,2025/007496,Rezydencki,88.10,3.93,27.02.2025 16:46:59,30,NIE,,
w-2025,13,16.04.2025,16.04.2025 09:50:33,38,77,Mazowieckie,360,Położnictwo i ginekologia,2025/006869,Rezydencki,88.10,3.91,15.03.2025 21:43:38,30,NIE,,
w-2025,13,16.04.2025,16.04.2025 09:50:33,38,77,Mazowieckie,361,Położnictwo i ginekologia,2025/007473,Rezydencki,87.92,4.14,07.03.2025 16:09:03,30,NIE,,
w-2025,13,16.04.2025,16.04.2025 09:50:33,38,77,Mazowieckie,362,Położnictwo i ginekologia,2025/003156,Rezydencki,87.75,4.03,07.02.2025 15:27:07,30,NIE,,
w-2025,13,16.04.2025,16.04.2025 09:50:33,38,77,Mazowieckie,363,Położnictwo i ginekologia,2025/007961,Rezydencki,87.62,3.91,28.02.2025 01:05:14,30,NIE,,
w-2025,13,16.04.2025,16.04.2025 09:50:33,38,77,Mazowieckie,364,Położnictwo i ginekologia,2025/003810,Rezydencki,87.25,3.78,26.02.2025 12:50:42,30,NIE,,
w-2025,13,16.04.2025,16.04.2025 09:50:33,38,77,Mazowieckie,365,Położnictwo i ginekologia,2025/007067,Rezydencki,86.67,4.03,28.02.2025 13:32:09,30,NIE,,
w-2025,13,16.04.2025,16.04.2025 09:50:33,38,77,Mazowieckie,366,Położnictwo i ginekologia,2025/001939,Rezydencki,85.99,4.03,04.02.2025 19:54:39,30,NIE,,
w-2025,13,16.04.2025,16.04.2025 09:50:33,38,77,Mazowieckie,367,Położnictwo i ginekologia,2025/008052,Rezydencki,85.51,3.98,28.02.2025 23:51:07,30,NIE,,
w-2025,13,16.04.2025,16.04.2025 09:50:33,38,77,Mazowieckie,368,Położnictwo i ginekologia,2025/006524,Rezydencki,85.51,3.95,10.03.2025 09:38:05,30,NIE,,
w-2025,13,16.04.2025,16.04.2025 09:50:33,38,77,Mazowieckie,369,Położnictwo i ginekologia,2025/007034,Rezydencki,85.24,4.81,27.02.2025 21:07:47,30,NIE,,
w-2025,13,16.04.2025,16.04.2025 09:50:33,38,77,Mazowieckie,370,Położnictwo i ginekologia,2025/005684,Rezydencki,84.80,4.40,24.02.2025 20:25:56,30,NIE,,
w-2025,13,16.04.2025,16.04.2025 09:50:33,39,77,Mazowieckie,371,Położnictwo i ginekologia,2025/007119,Rezydencki,84.56,4.02,27.02.2025 22:39:54,30,NIE,,
w-2025,13,16.04.2025,16.04.2025 09:50:33,39,77,Mazowieckie,372,Położnictwo i ginekologia,2025/007528,Rezydencki,84.29,3.25,07.03.2025 14:05:59,30,NIE,,
w-2025,13,16.04.2025,16.04.2025 09:50:33,39,77,Mazowieckie,373,Położnictwo i ginekologia,2025/004074,Rezydencki,84.06,3.89,12.02.2025 18:10:30,30,NIE,,
w-2025,13,16.04.2025,16.04.2025 09:50:33,39,77,Mazowieckie,374,Położnictwo i ginekologia,2025/002032,Rezydencki,83.82,4.42,02.02.2025 23:51:42,30,NIE,,
w-2025,13,16.04.2025,16.04.2025 09:50:33,39,77,Mazowieckie,375,Położnictwo i ginekologia,2025/007650,Rezydencki,83.82,4.08,28.02.2025 20:17:52,30,NIE,,
w-2025,13,16.04.2025,16.04.2025 09:50:33,39,77,Mazowieckie,376,Położnictwo i ginekologia,2025/004405,Rezydencki,83.33,4.27,11.03.2025 19:12:25,30,NIE,,
w-2025,13,16.04.2025,16.04.2025 09:50:33,39,77,Mazowieckie,377,Położnictwo i ginekologia,2025/008283,Rezydencki,83.33,3.49,28.02.2025 17:17:43,30,NIE,,
w-2025,13,16.04.2025,16.04.2025 09:50:33,39,77,Mazowieckie,378,Położnictwo i ginekologia,2025/007925,Rezydencki,82.13,4.04,28.02.2025 10:28:52,30,NIE,,
w-2025,13,16.04.2025,16.04.2025 09:50:33,39,77,Mazowieckie,379,Położnictwo i ginekologia,2025/003890,Rezydencki,81.43,4.48,26.02.2025 21:55:28,30,NIE,,
w-2025,13,16.04.2025,16.04.2025 09:50:33,39,77,Mazowieckie,380,Położnictwo i ginekologia,2025/007531,Rezydencki,80.95,4.27,27.02.2025 21:38:56,30,NIE,,
w-2025,13,16.04.2025,16.04.2025 09:50:33,39,77,Mazowieckie,381,Położnictwo i ginekologia,2025/008646,Rezydencki,80.71,3.65,28.02.2025 23:36:53,30,NIE,,
w-2025,13,16.04.2025,16.04.2025 09:50:33,39,77,Mazowieckie,382,Położnictwo i ginekologia,2025/006725,Rezydencki,79.41,4.44,27.02.2025 23:22:51,30,NIE,,
w-2025,13,16.04.2025,16.04.2025 09:50:33,39,77,Mazowieckie,383,Położnictwo i ginekologia,2025/006440,Pozarezydencki,75.00,3.97,28.02.2025 14:35:26,2,NIE,,
w-2025,13,16.04.2025,16.04.2025 09:50:33,39,77,Mazowieckie,384,Położnictwo i ginekologia,2025/003583,Pozarezydencki,64.55,4.05,27.02.2025 15:26:01,2,NIE,,
w-2025,13,16.04.2025,16.04.2025 09:50:33,39,77,Mazowieckie,385,Protetyka stomatologiczna,2025/004383,Rezydencki,87.14,4.07,15.02.2025 21:10:37,1,NIE,,
w-2025,13,16.04.2025,16.04.2025 09:50:33,39,77,Mazowieckie,386,Protetyka stomatologiczna,2025/007600,Pozarezydencki,80.23,3.70,26.03.2025 20:38:03,1,NIE,,
w-2025,13,16.04.2025,16.04.2025 09:50:33,39,77,Mazowieckie,387,Psychiatria,2025/007022,Rezydencki,89.86,3.69,27.02.2025 22:03:43,20,NIE,,
w-2025,13,16.04.2025,16.04.2025 09:50:33,39,77,Mazowieckie,388,Psychiatria,2025/002164,Rezydencki,88.24,3.88,28.02.2025 00:35:00,20,NIE,,
w-2025,13,16.04.2025,16.04.2025 09:50:33,39,77,Mazowieckie,389,Psychiatria,2025/005898,Rezydencki,85.75,3.74,25.02.2025 20:47:24,20,NIE,,
w-2025,13,16.04.2025,16.04.2025 09:50:33,39,77,Mazowieckie,390,Psychiatria,2025/007702,Rezydencki,85.29,3.88,28.02.2025 23:27:33,20,NIE,,
w-2025,13,16.04.2025,16.04.2025 09:50:33,39,77,Mazowieckie,391,Psychiatria,2025/002695,Rezydencki,85.27,3.57,14.03.2025 14:00:10,20,NIE,,
w-2025,13,16.04.2025,16.04.2025 09:50:33,39,77,Mazowieckie,392,Psychiatria,2025/008587,Rezydencki,85.24,4.10,28.02.2025 22:47:58,20,NIE,,
w-2025,13,16.04.2025,16.04.2025 09:50:33,39,77,Mazowieckie,393,Psychiatria,2025/006863,Rezydencki,85.24,4.06,28.02.2025 23:03:13,20,NIE,,
w-2025,13,16.04.2025,16.04.2025 09:50:33,39,77,Mazowieckie,394,Psychiatria,2025/002260,Rezydencki,83.82,4.23,28.02.2025 18:47:18,20,NIE,,
w-2025,13,16.04.2025,16.04.2025 09:50:33,39,77,Mazowieckie,395,Psychiatria,2025/005945,Rezydencki,82.86,3.98,26.02.2025 20:08:34,20,NIE,,
w-2025,13,16.04.2025,16.04.2025 09:50:33,39,77,Mazowieckie,396,Psychiatria,2025/006908,Rezydencki,82.86,3.96,26.02.2025 18:12:13,20,NIE,,
w-2025,13,16.04.2025,16.04.2025 09:50:33,39,77,Mazowieckie,397,Psychiatria,2025/004970,Rezydencki,81.19,3.74,27.02.2025 22:43:05,20,NIE,,
w-2025,13,16.04.2025,16.04.2025 09:50:33,39,77,Mazowieckie,398,Psychiatria,2025/006262,Rezydencki,80.00,4.23,27.02.2025 10:03:56,20,NIE,,
w-2025,13,16.04.2025,16.04.2025 09:50:33,39,77,Mazowieckie,399,Psychiatria,2025/007008,Rezydencki,80.00,4.03,27.02.2025 18:16:44,20,NIE,,
w-2025,13,16.04.2025,16.04.2025 09:50:33,39,77,Mazowieckie,400,Psychiatria,2025/007976,Rezydencki,79.95,3.99,10.03.2025 15:41:41,20,NIE,,
w-2025,13,16.04.2025,16.04.2025 09:50:33,39,77,Mazowieckie,401,Psychiatria,2025/008413,Rezydencki,79.90,4.34,28.02.2025 20:31:54,20,NIE,,
w-2025,13,16.04.2025,16.04.2025 09:50:33,39,77,Mazowieckie,402,Psychiatria,2025/002113,Rezydencki,79.90,3.74,02.02.2025 14:19:18,20,NIE,,
w-2025,13,16.04.2025,16.04.2025 09:50:33,39,77,Mazowieckie,403,Psychiatria,2025/007919,Rezydencki,79.51,3.53,28.02.2025 03:03:30,20,NIE,,
w-2025,13,16.04.2025,16.04.2025 09:50:33,39,77,Mazowieckie,404,Psychiatria,2025/008017,Rezydencki,79.05,0.00,28.02.2025 23:47:30,20,NIE,,
w-2025,13,16.04.2025,16.04.2025 09:50:33,39,77,Mazowieckie,405,Psychiatria,2025/008398,Rezydencki,79.02,3.39,28.02.2025 19:48:02,20,NIE,,
w-2025,13,16.04.2025,16.04.2025 09:50:33,39,77,Mazowieckie,406,Psychiatria,2025/008469,Rezydencki,78.99,0.00,10.03.2025 17:39:45,20,NIE,,
w-2025,13,16.04.2025,16.04.2025 09:50:33,39,77,Mazowieckie,407,Psychiatria,2025/003161,Pozarezydencki,72.73,3.69,10.03.2025 17:12:56,10,NIE,,
w-2025,13,16.04.2025,16.04.2025 09:50:33,39,77,Mazowieckie,408,Psychiatria,2025/004095,Pozarezydencki,70.97,3.31,13.02.2025 01:20:42,10,NIE,,
w-2025,13,16.04.2025,16.04.2025 09:50:33,40,77,Mazowieckie,409,Psychiatria,2025/004757,Pozarezydencki,67.28,3.82,27.02.2025 23:04:22,10,NIE,,
w-2025,13,16.04.2025,16.04.2025 09:50:33,40,77,Mazowieckie,410,Psychiatria,2025/007268,Pozarezydencki,66.36,3.86,27.02.2025 09:47:32,10,NIE,,
w-2025,13,16.04.2025,16.04.2025 09:50:33,40,77,Mazowieckie,411,Psychiatria,2025/005331,Pozarezydencki,64.55,4.04,27.02.2025 00:14:24,10,NIE,,
w-2025,13,16.04.2025,16.04.2025 09:50:33,40,77,Mazowieckie,412,Psychiatria,2025/007920,Pozarezydencki,39.63,2.82,27.02.2025 23:59:28,10,NIE,,
w-2025,13,16.04.2025,16.04.2025 09:50:33,40,77,Mazowieckie,413,Psychiatria,2025/008407,Pozarezydencki,0.91,0.00,31.03.2025 08:52:54,10,NIE,,
w-2025,13,16.04.2025,16.04.2025 09:50:33,40,77,Mazowieckie,414,Psychiatria,2025/007403,Pozarezydencki,0.00,4.05,28.02.2025 15:35:21,10,NIE,,
w-2025,13,16.04.2025,16.04.2025 09:50:33,40,77,Mazowieckie,415,Psychiatria,2025/005283,Pozarezydencki,0.00,0.00,11.03.2025 11:36:20,10,NIE,,
w-2025,13,16.04.2025,16.04.2025 09:50:33,40,77,Mazowieckie,416,Psychiatria,2025/008215,Pozarezydencki,0.00,0.00,27.03.2025 12:20:27,10,NIE,,
w-2025,13,16.04.2025,16.04.2025 09:50:33,40,77,Mazowieckie,417,Psychiatria dzieci i młodzieży,2025/001933,Rezydencki,87.68,4.34,17.02.2025 12:04:02,16,NIE,,
w-2025,13,16.04.2025,16.04.2025 09:50:33,40,77,Mazowieckie,418,Psychiatria dzieci i młodzieży,2025/002558,Rezydencki,86.83,4.18,28.02.2025 22:31:31,16,NIE,,
w-2025,13,16.04.2025,16.04.2025 09:50:33,40,77,Mazowieckie,419,Psychiatria dzieci i młodzieży,2025/003207,Rezydencki,82.35,3.72,08.02.2025 04:08:11,16,NIE,,
w-2025,13,16.04.2025,16.04.2025 09:50:33,40,77,Mazowieckie,420,Psychiatria dzieci i młodzieży,2025/004823,Rezydencki,81.86,3.43,04.03.2025 19:33:10,16,NIE,,
w-2025,13,16.04.2025,16.04.2025 09:50:33,40,77,Mazowieckie,421,Psychiatria dzieci i młodzieży,2025/008243,Rezydencki,81.67,3.80,28.02.2025 22:45:24,16,NIE,,
w-2025,13,16.04.2025,16.04.2025 09:50:33,40,77,Mazowieckie,422,Psychiatria dzieci i młodzieży,2025/006803,Rezydencki,80.48,3.34,28.02.2025 19:57:00,16,NIE,,
w-2025,13,16.04.2025,16.04.2025 09:50:33,40,77,Mazowieckie,423,Psychiatria dzieci i młodzieży,2025/006722,Rezydencki,79.52,3.04,27.02.2025 18:36:14,16,NIE,,
w-2025,13,16.04.2025,16.04.2025 09:50:33,40,77,Mazowieckie,424,Psychiatria dzieci i młodzieży,2025/002562,Rezydencki,78.78,3.73,31.03.2025 11:54:01,16,NIE,,
w-2025,13,16.04.2025,16.04.2025 09:50:33,40,77,Mazowieckie,425,Psychiatria dzieci i młodzieży,2025/006780,Rezydencki,78.54,3.25,28.02.2025 14:09:37,16,NIE,,
w-2025,13,16.04.2025,16.04.2025 09:50:33,40,77,Mazowieckie,426,Psychiatria dzieci i młodzieży,2025/002450,Rezydencki,76.47,3.09,24.02.2025 20:45:46,16,NIE,,
w-2025,13,16.04.2025,16.04.2025 09:50:33,40,77,Mazowieckie,427,Psychiatria dzieci i młodzieży,2025/002227,Rezydencki,75.85,3.45,28.02.2025 17:36:20,16,NIE,,
w-2025,13,16.04.2025,16.04.2025 09:50:33,40,77,Mazowieckie,428,Psychiatria dzieci i młodzieży,2025/005186,Rezydencki,72.46,3.22,27.02.2025 22:51:06,16,NIE,,
w-2025,13,16.04.2025,16.04.2025 09:50:33,40,77,Mazowieckie,429,Psychiatria dzieci i młodzieży,2025/005966,Rezydencki,72.38,3.94,12.03.2025 12:16:38,16,NIE,,
w-2025,13,16.04.2025,16.04.2025 09:50:33,40,77,Mazowieckie,430,Psychiatria dzieci i młodzieży,2025/007969,Rezydencki,71.22,3.98,28.02.2025 10:38:40,16,NIE,,
w-2025,13,16.04.2025,16.04.2025 09:50:33,40,77,Mazowieckie,431,Psychiatria dzieci i młodzieży,2025/008388,Rezydencki,63.29,0.00,28.02.2025 19:42:02,16,NIE,,
w-2025,13,16.04.2025,16.04.2025 09:50:33,40,77,Mazowieckie,432,Psychiatria dzieci i młodzieży,2025/008377,Rezydencki,63.24,3.50,28.02.2025 20:42:40,16,NIE,,
w-2025,13,16.04.2025,16.04.2025 09:50:33,40,77,Mazowieckie,433,Psychiatria dzieci i młodzieży,2025/002495,Pozarezydencki,84.55,3.60,06.03.2025 15:36:21,10,NIE,,
w-2025,13,16.04.2025,16.04.2025 09:50:33,40,77,Mazowieckie,434,Psychiatria dzieci i młodzieży,2025/002834,Pozarezydencki,80.68,3.90,24.02.2025 18:23:53,10,NIE,,
w-2025,13,16.04.2025,16.04.2025 09:50:33,40,77,Mazowieckie,435,Psychiatria dzieci i młodzieży,2025/006907,Pozarezydencki,80.45,4.09,28.02.2025 17:06:24,10,NIE,,
w-2025,13,16.04.2025,16.04.2025 09:50:33,40,77,Mazowieckie,436,Psychiatria dzieci i młodzieży,2025/002910,Pozarezydencki,80.00,4.17,07.03.2025 13:48:40,10,NIE,,
w-2025,13,16.04.2025,16.04.2025 09:50:33,40,77,Mazowieckie,437,Psychiatria dzieci i młodzieży,2025/006008,Pozarezydencki,79.53,3.88,26.02.2025 09:14:20,10,NIE,,
w-2025,13,16.04.2025,16.04.2025 09:50:33,40,77,Mazowieckie,438,Psychiatria dzieci i młodzieży,2025/003865,Pozarezydencki,72.17,3.49,22.03.2025 11:16:44,10,NIE,,
w-2025,13,16.04.2025,16.04.2025 09:50:33,40,77,Mazowieckie,439,Psychiatria dzieci i młodzieży,2025/003194,Pozarezydencki,69.72,4.18,19.02.2025 21:12:30,10,NIE,,
w-2025,13,16.04.2025,16.04.2025 09:50:33,40,77,Mazowieckie,440,Psychiatria dzieci i młodzieży,2025/002081,Pozarezydencki,68.81,3.85,05.03.2025 15:16:45,10,NIE,,
w-2025,13,16.04.2025,16.04.2025 09:50:33,40,77,Mazowieckie,441,Psychiatria dzieci i młodzieży,2025/008319,Pozarezydencki,66.82,3.50,28.02.2025 18:08:15,10,NIE,,
w-2025,13,16.04.2025,16.04.2025 09:50:33,40,77,Mazowieckie,442,Psychiatria dzieci i młodzieży,2025/007747,Pozarezydencki,66.36,3.73,27.02.2025 21:40:36,10,NIE,,
w-2025,13,16.04.2025,16.04.2025 09:50:33,40,77,Mazowieckie,443,Radiologia i diagnostyka obrazowa,2025/007318,Rezydencki,89.76,4.42,27.02.2025 11:24:11,7,NIE,,
w-2025,13,16.04.2025,16.04.2025 09:50:33,40,77,Mazowieckie,444,Radiologia i diagnostyka obrazowa,2025/002517,Rezydencki,89.71,3.89,26.02.2025 21:25:12,7,NIE,,
w-2025,13,16.04.2025,16.04.2025 09:50:33,40,77,Mazowieckie,445,Radiologia i diagnostyka obrazowa,2025/004199,Rezydencki,89.71,3.28,11.03.2025 10:13:18,7,NIE,,
w-2025,13,16.04.2025,16.04.2025 09:50:33,40,77,Mazowieckie,446,Radiologia i diagnostyka obrazowa,2025/007972,Rezydencki,89.05,4.24,28.02.2025 23:45:13,7,NIE,,
w-2025,13,16.04.2025,16.04.2025 09:50:33,41,77,Mazowieckie,447,Radiologia i diagnostyka obrazowa,2025/007131,Rezydencki,87.68,4.27,28.02.2025 19:05:53,7,NIE,,
w-2025,13,16.04.2025,16.04.2025 09:50:33,41,77,Mazowieckie,448,Radiologia i diagnostyka obrazowa,2025/007439,Rezydencki,87.20,4.12,28.02.2025 11:47:45,7,NIE,,
w-2025,13,16.04.2025,16.04.2025 09:50:33,41,77,Mazowieckie,449,Radiologia i diagnostyka obrazowa,2025/008674,Rezydencki,87.01,4.29,14.03.2025 07:11:47,7,NIE,,
w-2025,13,16.04.2025,16.04.2025 09:50:33,41,77,Mazowieckie,450,Radiologia i diagnostyka obrazowa,2025/007634,Pozarezydencki,82.09,3.81,27.02.2025 19:59:38,14,NIE,,
w-2025,13,16.04.2025,16.04.2025 09:50:33,41,77,Mazowieckie,451,Radiologia i diagnostyka obrazowa,2025/004454,Pozarezydencki,80.00,4.49,16.02.2025 15:00:31,14,NIE,,
w-2025,13,16.04.2025,16.04.2025 09:50:33,41,77,Mazowieckie,452,Radiologia i diagnostyka obrazowa,2025/007842,Pozarezydencki,79.53,3.31,27.02.2025 22:54:19,14,NIE,,
w-2025,13,16.04.2025,16.04.2025 09:50:33,41,77,Mazowieckie,453,Radiologia i diagnostyka obrazowa,2025/003301,Pozarezydencki,79.36,4.75,09.02.2025 14:06:37,14,NIE,,
w-2025,13,16.04.2025,16.04.2025 09:50:33,41,77,Mazowieckie,454,Radiologia i diagnostyka obrazowa,2025/006750,Pozarezydencki,79.32,4.16,28.02.2025 15:28:14,14,NIE,,
w-2025,13,16.04.2025,16.04.2025 09:50:33,41,77,Mazowieckie,455,Radiologia i diagnostyka obrazowa,2025/006324,Pozarezydencki,79.09,3.92,27.02.2025 20:00:56,14,NIE,,
w-2025,13,16.04.2025,16.04.2025 09:50:33,41,77,Mazowieckie,456,Radiologia i diagnostyka obrazowa,2025/004531,Pozarezydencki,78.50,4.24,12.03.2025 13:35:42,14,NIE,,
w-2025,13,16.04.2025,16.04.2025 09:50:33,41,77,Mazowieckie,457,Radiologia i diagnostyka obrazowa,2025/008116,Pozarezydencki,77.52,4.27,17.03.2025 17:00:29,14,NIE,,
w-2025,13,16.04.2025,16.04.2025 09:50:33,41,77,Mazowieckie,458,Radiologia i diagnostyka obrazowa,2025/006925,Pozarezydencki,77.27,4.13,27.02.2025 10:49:39,14,NIE,,
w-2025,13,16.04.2025,16.04.2025 09:50:33,41,77,Mazowieckie,459,Radiologia i diagnostyka obrazowa,2025/003221,Pozarezydencki,76.36,0.00,26.02.2025 18:38:27,14,NIE,,
w-2025,13,16.04.2025,16.04.2025 09:50:33,41,77,Mazowieckie,460,Radiologia i diagnostyka obrazowa,2025/008272,Pozarezydencki,75.35,4.03,28.02.2025 17:01:13,14,NIE,,
w-2025,13,16.04.2025,16.04.2025 09:50:33,41,77,Mazowieckie,461,Radiologia i diagnostyka obrazowa,2025/002178,Pozarezydencki,74.31,4.37,12.03.2025 21:02:56,14,NIE,,
w-2025,13,16.04.2025,16.04.2025 09:50:33,41,77,Mazowieckie,462,Radiologia i diagnostyka obrazowa,2025/006975,Pozarezydencki,74.09,3.63,28.02.2025 20:17:03,14,NIE,,
w-2025,13,16.04.2025,16.04.2025 09:50:33,41,77,Mazowieckie,463,Radiologia i diagnostyka obrazowa,2025/001945,Pozarezydencki,73.83,4.10,19.03.2025 15:09:22,14,NIE,,
w-2025,13,16.04.2025,16.04.2025 09:50:33,41,77,Mazowieckie,464,Radioterapia onkologiczna,2025/004514,Rezydencki,84.78,3.94,19.02.2025 18:58:14,3,NIE,,
w-2025,13,16.04.2025,16.04.2025 09:50:33,41,77,Mazowieckie,465,Radioterapia onkologiczna,2025/003307,Rezydencki,77.78,0.00,25.02.2025 19:55:14,3,NIE,,
w-2025,13,16.04.2025,16.04.2025 09:50:33,41,77,Mazowieckie,466,Radioterapia onkologiczna,2025/008573,Rezydencki,67.65,3.45,28.02.2025 23:25:20,3,NIE,,
w-2025,13,16.04.2025,16.04.2025 09:50:33,41,77,Mazowieckie,467,Rehabilitacja medyczna,2025/004655,Rezydencki,84.05,4.99,17.03.2025 13:52:02,4,NIE,,
w-2025,13,16.04.2025,16.04.2025 09:50:33,41,77,Mazowieckie,468,Rehabilitacja medyczna,2025/006547,Rezydencki,78.74,3.92,25.02.2025 20:35:13,4,NIE,,
w-2025,13,16.04.2025,16.04.2025 09:50:33,41,77,Mazowieckie,469,Rehabilitacja medyczna,2025/007209,Rezydencki,68.57,3.67,26.02.2025 23:54:17,4,NIE,,
w-2025,13,16.04.2025,16.04.2025 09:50:33,41,77,Mazowieckie,470,Rehabilitacja medyczna,2025/006399,Rezydencki,67.14,0.00,25.02.2025 15:47:20,4,NIE,,
w-2025,13,16.04.2025,16.04.2025 09:50:33,41,77,Mazowieckie,471,Rehabilitacja medyczna,2025/008263,Pozarezydencki,75.45,0.00,23.03.2025 14:01:20,1,NIE,,
w-2025,13,16.04.2025,16.04.2025 09:50:33,41,77,Mazowieckie,472,Reumatologia,2025/008269,Rezydencki,92.20,4.81,28.02.2025 23:56:28,5,NIE,,
w-2025,13,16.04.2025,16.04.2025 09:50:33,41,77,Mazowieckie,473,Reumatologia,2025/002152,Rezydencki,91.79,4.68,04.03.2025 11:54:41,5,NIE,,
w-2025,13,16.04.2025,16.04.2025 09:50:33,41,77,Mazowieckie,474,Reumatologia,2025/007104,Rezydencki,90.93,4.56,28.02.2025 13:40:17,5,NIE,,
w-2025,13,16.04.2025,16.04.2025 09:50:33,41,77,Mazowieckie,475,Reumatologia,2025/007613,Rezydencki,89.86,4.36,28.02.2025 23:47:19,5,NIE,,
w-2025,13,16.04.2025,16.04.2025 09:50:33,41,77,Mazowieckie,476,Reumatologia,2025/001998,Rezydencki,88.89,4.02,01.02.2025 15:37:01,5,NIE,,
w-2025,13,16.04.2025,16.04.2025 09:50:33,41,77,Mazowieckie,477,Reumatologia,2025/003842,Pozarezydencki,83.95,3.99,07.03.2025 15:35:06,5,NIE,,
w-2025,13,16.04.2025,16.04.2025 09:50:33,41,77,Mazowieckie,478,Reumatologia,2025/006555,Pozarezydencki,81.36,4.29,11.03.2025 16:03:03,5,NIE,,
w-2025,13,16.04.2025,16.04.2025 09:50:33,41,77,Mazowieckie,479,Reumatologia,2025/003264,Pozarezydencki,80.00,4.10,11.03.2025 20:56:46,5,NIE,,
w-2025,13,16.04.2025,16.04.2025 09:50:33,41,77,Mazowieckie,480,Reumatologia,2025/003357,Pozarezydencki,75.23,4.33,13.02.2025 19:04:47,5,NIE,,
w-2025,13,16.04.2025,16.04.2025 09:50:33,41,77,Mazowieckie,481,Reumatologia,2025/007325,Pozarezydencki,71.56,3.59,27.02.2025 11:38:58,5,NIE,,
w-2025,13,16.04.2025,16.04.2025 09:50:33,41,77,Mazowieckie,482,Stomatologia dziecięca,2025/007263,Rezydencki,83.17,4.19,27.02.2025 09:51:35,1,NIE,,
w-2025,13,16.04.2025,16.04.2025 09:50:33,41,77,Mazowieckie,483,Stomatologia dziecięca,2025/007772,Pozarezydencki,68.81,3.66,09.03.2025 21:26:49,1,NIE,,
w-2025,13,16.04.2025,16.04.2025 09:50:33,41,77,Mazowieckie,484,Stomatologia zachowawcza z endodoncją,2025/005691,Rezydencki,81.90,4.39,22.02.2025 22:01:30,2,NIE,,
w-2025,13,16.04.2025,16.04.2025 09:50:33,42,77,Mazowieckie,485,Stomatologia zachowawcza z endodoncją,2025/004273,Rezydencki,81.01,4.52,06.03.2025 11:42:04,2,NIE,,
w-2025,13,16.04.2025,16.04.2025 09:50:33,42,77,Mazowieckie,486,Stomatologia zachowawcza z endodoncją,2025/004824,Pozarezydencki,68.35,3.00,17.02.2025 22:16:51,1,NIE,,
w-2025,13,16.04.2025,16.04.2025 09:50:33,42,77,Mazowieckie,487,Transplantologia kliniczna,2025/003972,Pozarezydencki,89.09,4.39,15.03.2025 12:42:05,4,NIE,,
w-2025,13,16.04.2025,16.04.2025 09:50:33,42,77,Mazowieckie,488,Transplantologia kliniczna,2025/002510,Pozarezydencki,81.14,4.72,10.03.2025 16:59:33,4,NIE,,
w-2025,13,16.04.2025,16.04.2025 09:50:33,42,77,Mazowieckie,489,Transplantologia kliniczna,2025/008440,Pozarezydencki,80.45,3.85,28.02.2025 20:30:29,4,NIE,,
w-2025,13,16.04.2025,16.04.2025 09:50:33,42,77,Mazowieckie,490,Transplantologia kliniczna,2025/006049,Pozarezydencki,80.00,3.83,25.02.2025 17:06:06,4,NIE,,
w-2025,13,16.04.2025,16.04.2025 09:50:33,42,77,Mazowieckie,491,Urologia,2025/004242,Rezydencki,92.20,4.11,19.02.2025 19:11:44,5,NIE,,
w-2025,13,16.04.2025,16.04.2025 09:50:33,42,77,Mazowieckie,492,Urologia,2025/007839,Rezydencki,89.51,4.48,27.02.2025 22:39:15,5,NIE,,
w-2025,13,16.04.2025,16.04.2025 09:50:33,42,77,Mazowieckie,493,Urologia,2025/007860,Rezydencki,89.22,4.40,28.02.2025 21:32:03,5,NIE,,
w-2025,13,16.04.2025,16.04.2025 09:50:33,42,77,Mazowieckie,494,Urologia,2025/008307,Rezydencki,88.10,3.77,28.02.2025 19:51:17,5,NIE,,
w-2025,13,16.04.2025,16.04.2025 09:50:33,42,77,Mazowieckie,495,Urologia,2025/003985,Rezydencki,87.80,3.65,27.02.2025 10:17:31,5,NIE,,
w-2025,13,16.04.2025,16.04.2025 09:50:33,42,77,Mazowieckie,496,Urologia,2025/007878,Pozarezydencki,80.84,3.37,28.02.2025 23:53:46,2,NIE,,
w-2025,13,16.04.2025,16.04.2025 09:50:33,42,77,Mazowieckie,497,Urologia,2025/007672,Pozarezydencki,76.82,4.91,27.02.2025 20:45:23,2,NIE,,
w-2025,13,16.04.2025,16.04.2025 09:50:33,42,77,Mazowieckie,498,Urologia dziecięca,2025/003113,Pozarezydencki,89.55,4.16,28.03.2025 07:01:11,1,NIE,,
w-2025,13,16.04.2025,16.04.2025 09:50:33,42,77,Mazowieckie,499,Zdrowie publiczne,2025/008480,Rezydencki,84.86,4.40,28.02.2025 21:22:46,1,NIE,,
w-2025,13,16.04.2025,16.04.2025 09:50:33,42,77,Mazowieckie,500,Zdrowie publiczne,2025/004276,Pozarezydencki,89.32,4.00,17.03.2025 13:08:32,1,NIE,,
w-2025,13,16.04.2025,16.04.2025 09:50:33,42,77,Mazowieckie,1,Endokrynologia,2025/005925,Rezydencki,81.64,3.98,26.02.2025 08:30:34,1,TAK,Szpital Kliniczny im. ks. Anny Mazowieckiej,Klinika Endokrynologii Ginekologicznej
w-2025,13,16.04.2025,16.04.2025 09:50:33,42,77,Mazowieckie,1,Dermatologia i wenerologia,2025/005578,Rezydencki,81.46,4.32,28.02.2025 21:56:03,1,TAK,UNIWERSYTECKIE CENTRUM KLINICZNE WARSZAWSKIEGO UNIWERSYTETU MEDYCZNEGO,Oddział Dermatologiczny
w-2025,13,16.04.2025,16.04.2025 09:50:33,42,77,Mazowieckie,1,Gastroenterologia,2025/002337,Rezydencki,61.35,3.32,06.03.2025 22:00:16,1,TAK,Uniwersyteckie Centrum Kliniczne Warszawskiego Uniwersytetu Medycznego,Klinika Gastroenterologii i Chorób Wewnętrznych
w-2025,13,16.04.2025,16.04.2025 09:50:33,42,77,Opolskie,1,Alergologia,2025/006149,Rezydencki,87.32,4.06,25.02.2025 16:35:14,1,NIE,,
w-2025,13,16.04.2025,16.04.2025 09:50:33,42,77,Opolskie,2,Anestezjologia i intensywna terapia,2025/005340,Rezydencki,90.20,4.56,21.03.2025 06:17:02,8,NIE,,
w-2025,13,16.04.2025,16.04.2025 09:50:33,42,77,Opolskie,3,Anestezjologia i intensywna terapia,2025/006281,Rezydencki,89.37,4.52,28.02.2025 22:51:32,8,NIE,,
w-2025,13,16.04.2025,16.04.2025 09:50:33,42,77,Opolskie,4,Anestezjologia i intensywna terapia,2025/006622,Rezydencki,87.92,4.21,28.02.2025 22:37:06,8,NIE,,
w-2025,13,16.04.2025,16.04.2025 09:50:33,42,77,Opolskie,5,Anestezjologia i intensywna terapia,2025/002523,Rezydencki,84.80,4.91,10.03.2025 21:37:02,8,NIE,,
w-2025,13,16.04.2025,16.04.2025 09:50:33,43,77,Opolskie,6,Anestezjologia i intensywna terapia,2025/008179,Rezydencki,79.71,4.30,28.02.2025 17:12:21,8,NIE,,
w-2025,13,16.04.2025,16.04.2025 09:50:33,43,77,Opolskie,7,Anestezjologia i intensywna terapia,2025/002509,Rezydencki,79.71,4.10,08.03.2025 11:11:55,8,NIE,,
w-2025,13,16.04.2025,16.04.2025 09:50:33,43,77,Opolskie,8,Anestezjologia i intensywna terapia,2025/007261,Rezydencki,78.10,4.02,24.03.2025 17:07:30,8,NIE,,
w-2025,13,16.04.2025,16.04.2025 09:50:33,43,77,Opolskie,9,Anestezjologia i intensywna terapia,2025/007680,Rezydencki,70.95,3.07,17.03.2025 14:23:14,8,NIE,,
w-2025,13,16.04.2025,16.04.2025 09:50:33,43,77,Opolskie,10,Chirurgia ogólna,2025/006627,Rezydencki,86.23,4.08,14.03.2025 17:53:14,4,NIE,,
w-2025,13,16.04.2025,16.04.2025 09:50:33,43,77,Opolskie,11,Chirurgia ogólna,2025/006557,Rezydencki,78.05,4.26,25.02.2025 20:47:31,4,NIE,,
w-2025,13,16.04.2025,16.04.2025 09:50:33,43,77,Opolskie,12,Chirurgia ogólna,2025/003556,Rezydencki,73.91,0.00,10.02.2025 16:33:22,4,NIE,,
w-2025,13,16.04.2025,16.04.2025 09:50:33,43,77,Opolskie,13,Chirurgia ogólna,2025/003624,Rezydencki,61.43,3.54,27.03.2025 08:52:52,4,NIE,,
w-2025,13,16.04.2025,16.04.2025 09:50:33,43,77,Opolskie,14,Chirurgia onkologiczna,2025/001893,Pozarezydencki,80.00,4.56,05.03.2025 14:24:33,1,NIE,,
w-2025,13,16.04.2025,16.04.2025 09:50:33,43,77,Opolskie,15,Choroby płuc,2025/007077,Pozarezydencki,78.34,4.14,27.02.2025 21:40:15,1,NIE,,
w-2025,13,16.04.2025,16.04.2025 09:50:33,43,77,Opolskie,16,Choroby wewnętrzne,2025/007488,Rezydencki,77.62,3.71,25.03.2025 11:45:54,1,NIE,,
w-2025,13,16.04.2025,16.04.2025 09:50:33,43,77,Opolskie,17,Dermatologia i wenerologia,2025/003250,Rezydencki,91.22,4.52,08.02.2025 18:41:38,1,NIE,,
w-2025,13,16.04.2025,16.04.2025 09:50:33,43,77,Opolskie,18,Dermatologia i wenerologia,2025/002626,Pozarezydencki,86.64,4.35,05.03.2025 15:04:14,1,NIE,,
w-2025,13,16.04.2025,16.04.2025 09:50:33,43,77,Opolskie,19,Geriatria,2025/005610,Pozarezydencki,73.11,3.76,13.03.2025 15:53:18,1,NIE,,
w-2025,13,16.04.2025,16.04.2025 09:50:33,43,77,Opolskie,20,Ginekologia onkologiczna,2025/006104,Pozarezydencki,82.05,4.61,13.03.2025 11:16:40,2,NIE,,
w-2025,13,16.04.2025,16.04.2025 09:50:33,43,77,Opolskie,21,Ginekologia onkologiczna,2025/001876,Pozarezydencki,76.36,4.53,05.03.2025 11:41:02,2,NIE,,
w-2025,13,16.04.2025,16.04.2025 09:50:33,43,77,Opolskie,22,Hematologia,2025/003057,Rezydencki,91.18,4.64,24.02.2025 20:45:44,1,NIE,,
w-2025,13,16.04.2025,16.04.2025 09:50:33,43,77,Opolskie,23,Kardiologia,2025/003420,Rezydencki,87.75,3.96,27.02.2025 15:51:50,2,NIE,,
w-2025,13,16.04.2025,16.04.2025 09:50:33,43,77,Opolskie,24,Kardiologia,2025/008454,Rezydencki,82.13,4.16,14.03.2025 12:28:13,2,NIE,,
w-2025,13,16.04.2025,16.04.2025 09:50:33,43,77,Opolskie,25,Medycyna paliatywna,2025/003268,Pozarezydencki,80.00,0.00,07.03.2025 16:59:34,2,NIE,,
w-2025,13,16.04.2025,16.04.2025 09:50:33,43,77,Opolskie,26,Medycyna paliatywna,2025/008411,Pozarezydencki,74.00,3.00,23.03.2025 16:31:08,2,NIE,,
w-2025,13,16.04.2025,16.04.2025 09:50:33,43,77,Opolskie,27,Medycyna ratunkowa,2025/003933,Pozarezydencki,63.64,0.00,14.03.2025 21:54:28,1,NIE,,
w-2025,13,16.04.2025,16.04.2025 09:50:33,43,77,Opolskie,28,Medycyna rodzinna,2025/007308,Rezydencki,87.44,4.26,27.02.2025 10:58:45,5,NIE,,
w-2025,13,16.04.2025,16.04.2025 09:50:33,43,77,Opolskie,29,Medycyna rodzinna,2025/001889,Rezydencki,85.02,3.67,20.02.2025 10:08:51,5,NIE,,
w-2025,13,16.04.2025,16.04.2025 09:50:33,43,77,Opolskie,30,Medycyna rodzinna,2025/003580,Rezydencki,82.93,3.86,05.03.2025 12:39:32,5,NIE,,
w-2025,13,16.04.2025,16.04.2025 09:50:33,43,77,Opolskie,31,Medycyna rodzinna,2025/007152,Rezydencki,81.43,3.54,26.02.2025 22:33:09,5,NIE,,
w-2025,13,16.04.2025,16.04.2025 09:50:33,43,77,Opolskie,32,Medycyna rodzinna,2025/007084,Rezydencki,80.95,4.07,25.03.2025 15:15:32,5,NIE,,
w-2025,13,16.04.2025,16.04.2025 09:50:33,43,77,Opolskie,33,Medycyna rodzinna,2025/006186,Pozarezydencki,0.00,2.78,24.02.2025 21:44:34,1,NIE,,
w-2025,13,16.04.2025,16.04.2025 09:50:33,43,77,Opolskie,34,Neurologia,2025/006216,Rezydencki,82.86,4.06,28.02.2025 20:44:58,5,NIE,,
w-2025,13,16.04.2025,16.04.2025 09:50:33,43,77,Opolskie,35,Neurologia,2025/003256,Rezydencki,78.57,3.46,23.03.2025 19:23:36,5,NIE,,
w-2025,13,16.04.2025,16.04.2025 09:50:33,43,77,Opolskie,36,Neurologia,2025/004340,Rezydencki,72.46,4.96,06.03.2025 20:14:24,5,NIE,,
w-2025,13,16.04.2025,16.04.2025 09:50:33,43,77,Opolskie,37,Neurologia,2025/005593,Rezydencki,68.12,0.00,26.02.2025 21:46:51,5,NIE,,
w-2025,13,16.04.2025,16.04.2025 09:50:33,43,77,Opolskie,38,Neurologia,2025/007377,Rezydencki,58.45,0.00,27.02.2025 12:49:31,5,NIE,,
w-2025,13,16.04.2025,16.04.2025 09:50:33,43,77,Opolskie,39,Neurologia dziecięca,2025/007661,Rezydencki,73.53,3.88,27.02.2025 20:27:15,1,NIE,,
w-2025,13,16.04.2025,16.04.2025 09:50:33,43,77,Opolskie,40,Neurologia dziecięca,2025/004321,Pozarezydencki,70.83,4.11,07.03.2025 13:50:53,1,NIE,,
w-2025,13,16.04.2025,16.04.2025 09:50:33,43,77,Opolskie,41,Okulistyka,2025/005612,Rezydencki,86.19,3.69,13.03.2025 13:44:19,1,NIE,,
w-2025,13,16.04.2025,16.04.2025 09:50:33,43,77,Opolskie,42,Onkologia kliniczna,2025/006681,Rezydencki,70.53,0.00,17.03.2025 09:31:37,1,NIE,,
w-2025,13,16.04.2025,16.04.2025 09:50:33,43,77,Opolskie,43,Ortodoncja,2025/005487,Rezydencki,87.20,3.94,26.02.2025 08:35:39,2,NIE,,
w-2025,13,16.04.2025,16.04.2025 09:50:33,44,77,Opolskie,44,Ortodoncja,2025/003394,Rezydencki,87.14,4.38,20.02.2025 22:38:38,2,NIE,,
w-2025,13,16.04.2025,16.04.2025 09:50:33,44,77,Opolskie,45,Ortopedia i traumatologia narządu ruchu,2025/001994,Rezydencki,75.71,3.44,19.03.2025 12:35:07,2,NIE,,
w-2025,13,16.04.2025,16.04.2025 09:50:33,44,77,Opolskie,46,Ortopedia i traumatologia narządu ruchu,2025/007861,Rezydencki,72.55,4.34,27.02.2025 23:00:00,2,NIE,,
w-2025,13,16.04.2025,16.04.2025 09:50:33,44,77,Opolskie,47,Pediatria,2025/006225,Rezydencki,88.29,3.80,26.03.2025 11:55:25,5,NIE,,
w-2025,13,16.04.2025,16.04.2025 09:50:33,44,77,Opolskie,48,Pediatria,2025/005725,Rezydencki,84.54,3.84,23.02.2025 10:48:22,5,NIE,,
w-2025,13,16.04.2025,16.04.2025 09:50:33,44,77,Opolskie,49,Pediatria,2025/004464,Rezydencki,75.36,3.38,24.03.2025 14:58:15,5,NIE,,
w-2025,13,16.04.2025,16.04.2025 09:50:33,44,77,Opolskie,50,Pediatria,2025/002604,Rezydencki,74.88,3.52,16.03.2025 10:01:19,5,NIE,,
w-2025,13,16.04.2025,16.04.2025 09:50:33,44,77,Opolskie,51,Pediatria,2025/005705,Rezydencki,65.24,0.00,18.03.2025 09:57:35,5,NIE,,
w-2025,13,16.04.2025,16.04.2025 09:50:33,44,77,Opolskie,52,Radiologia i diagnostyka obrazowa,2025/006508,Rezydencki,86.34,3.94,25.02.2025 19:23:10,1,NIE,,
w-2025,13,16.04.2025,16.04.2025 09:50:33,44,77,Opolskie,53,Radiologia i diagnostyka obrazowa,2025/007089,Pozarezydencki,0.00,0.00,14.03.2025 10:50:46,1,NIE,,
w-2025,13,16.04.2025,16.04.2025 09:50:33,44,77,Opolskie,54,Rehabilitacja medyczna,2025/004170,Rezydencki,79.02,4.56,16.03.2025 20:31:07,1,NIE,,
w-2025,13,16.04.2025,16.04.2025 09:50:33,44,77,Podkarpackie,1,Anestezjologia i intensywna terapia,2025/007255,Rezydencki,88.78,4.55,27.02.2025 17:49:43,5,NIE,,
w-2025,13,16.04.2025,16.04.2025 09:50:33,44,77,Podkarpackie,2,Anestezjologia i intensywna terapia,2025/007500,Rezydencki,87.25,4.02,20.03.2025 18:47:43,5,NIE,,
w-2025,13,16.04.2025,16.04.2025 09:50:33,44,77,Podkarpackie,3,Anestezjologia i intensywna terapia,2025/002234,Rezydencki,79.05,4.21,14.03.2025 14:18:19,5,NIE,,
w-2025,13,16.04.2025,16.04.2025 09:50:33,44,77,Podkarpackie,4,Anestezjologia i intensywna terapia,2025/006775,Rezydencki,76.96,0.00,19.03.2025 11:02:19,5,NIE,,
w-2025,13,16.04.2025,16.04.2025 09:50:33,44,77,Podkarpackie,5,Anestezjologia i intensywna terapia,2025/004102,Rezydencki,71.15,3.63,25.03.2025 09:14:43,5,NIE,,
w-2025,13,16.04.2025,16.04.2025 09:50:33,44,77,Podkarpackie,6,Anestezjologia i intensywna terapia,2025/004808,Pozarezydencki,85.25,4.59,27.02.2025 20:42:09,2,NIE,,
w-2025,13,16.04.2025,16.04.2025 09:50:33,44,77,Podkarpackie,7,Anestezjologia i intensywna terapia,2025/001970,Pozarezydencki,57.08,0.00,13.03.2025 13:40:30,2,NIE,,
w-2025,13,16.04.2025,16.04.2025 09:50:33,44,77,Podkarpackie,8,Chirurgia ogólna,2025/005794,Rezydencki,86.47,3.91,26.02.2025 17:06:55,2,NIE,,
w-2025,13,16.04.2025,16.04.2025 09:50:33,44,77,Podkarpackie,9,Chirurgia ogólna,2025/004182,Rezydencki,64.29,4.30,27.02.2025 23:24:19,2,NIE,,
w-2025,13,16.04.2025,16.04.2025 09:50:33,44,77,Podkarpackie,10,Chirurgia stomatologiczna,2025/002089,Rezydencki,83.33,3.69,09.02.2025 21:10:00,1,NIE,,
w-2025,13,16.04.2025,16.04.2025 09:50:33,44,77,Podkarpackie,11,Choroby płuc,2025/005830,Rezydencki,84.88,3.38,23.02.2025 17:53:58,2,NIE,,
w-2025,13,16.04.2025,16.04.2025 09:50:33,44,77,Podkarpackie,12,Choroby płuc,2025/008293,Rezydencki,71.43,3.50,28.02.2025 17:24:14,2,NIE,,
w-2025,13,16.04.2025,16.04.2025 09:50:33,44,77,Podkarpackie,13,Choroby płuc dzieci,2025/008171,Rezydencki,73.04,0.00,25.03.2025 11:39:23,1,NIE,,
w-2025,13,16.04.2025,16.04.2025 09:50:33,44,77,Podkarpackie,14,Choroby płuc dzieci,2025/007893,Pozarezydencki,75.45,3.67,27.02.2025 23:38:07,2,NIE,,
w-2025,13,16.04.2025,16.04.2025 09:50:33,44,77,Podkarpackie,15,Choroby płuc dzieci,2025/001990,Pozarezydencki,70.91,3.61,25.03.2025 13:27:44,2,NIE,,
w-2025,13,16.04.2025,16.04.2025 09:50:33,44,77,Podkarpackie,16,Choroby wewnętrzne,2025/005846,Rezydencki,89.05,4.39,11.03.2025 19:38:27,4,NIE,,
w-2025,13,16.04.2025,16.04.2025 09:50:33,44,77,Podkarpackie,17,Choroby wewnętrzne,2025/004209,Rezydencki,87.20,4.27,13.02.2025 22:14:44,4,NIE,,
w-2025,13,16.04.2025,16.04.2025 09:50:33,44,77,Podkarpackie,18,Choroby wewnętrzne,2025/006148,Rezydencki,82.35,3.97,23.03.2025 14:11:34,4,NIE,,
w-2025,13,16.04.2025,16.04.2025 09:50:33,44,77,Podkarpackie,19,Choroby wewnętrzne,2025/005761,Rezydencki,70.10,0.00,23.02.2025 12:46:39,4,NIE,,
w-2025,13,16.04.2025,16.04.2025 09:50:33,44,77,Podkarpackie,20,Choroby zakaźne,2025/007584,Rezydencki,86.34,3.68,25.03.2025 09:13:06,1,NIE,,
w-2025,13,16.04.2025,16.04.2025 09:50:33,44,77,Podkarpackie,21,Choroby zakaźne,2025/005079,Pozarezydencki,75.45,4.45,20.03.2025 08:46:42,1,NIE,,
w-2025,13,16.04.2025,16.04.2025 09:50:33,44,77,Podkarpackie,22,Dermatologia i wenerologia,2025/002996,Rezydencki,91.30,4.34,28.02.2025 22:01:35,1,NIE,,
w-2025,13,16.04.2025,16.04.2025 09:50:33,44,77,Podkarpackie,23,Diabetologia,2025/007799,Rezydencki,85.02,3.95,28.02.2025 16:24:10,1,NIE,,
w-2025,13,16.04.2025,16.04.2025 09:50:33,45,77,Podkarpackie,24,Diabetologia,2025/002110,Pozarezydencki,80.00,4.50,18.03.2025 23:08:00,2,NIE,,
w-2025,13,16.04.2025,16.04.2025 09:50:33,45,77,Podkarpackie,25,Diabetologia,2025/004188,Pozarezydencki,80.00,2.92,21.03.2025 08:41:44,2,NIE,,
w-2025,13,16.04.2025,16.04.2025 09:50:33,45,77,Podkarpackie,26,Geriatria,2025/004989,Rezydencki,84.31,3.27,19.02.2025 19:18:39,1,NIE,,
w-2025,13,16.04.2025,16.04.2025 09:50:33,45,77,Podkarpackie,27,Geriatria,2025/007572,Pozarezydencki,70.91,3.55,28.03.2025 09:40:20,2,NIE,,
w-2025,13,16.04.2025,16.04.2025 09:50:33,45,77,Podkarpackie,28,Geriatria,2025/008249,Pozarezydencki,57.27,3.32,24.03.2025 22:32:04,2,NIE,,
w-2025,13,16.04.2025,16.04.2025 09:50:33,45,77,Podkarpackie,29,Ginekologia onkologiczna,2025/006288,Pozarezydencki,80.00,4.09,22.03.2025 19:37:36,2,NIE,,
w-2025,13,16.04.2025,16.04.2025 09:50:33,45,77,Podkarpackie,30,Ginekologia onkologiczna,2025/007998,Pozarezydencki,66.59,3.67,25.03.2025 08:58:40,2,NIE,,
w-2025,13,16.04.2025,16.04.2025 09:50:33,45,77,Podkarpackie,31,Hematologia,2025/007692,Pozarezydencki,66.51,0.00,31.03.2025 10:48:32,1,NIE,,
w-2025,13,16.04.2025,16.04.2025 09:50:33,45,77,Podkarpackie,32,Kardiologia,2025/008617,Rezydencki,88.41,4.17,28.02.2025 22:57:51,2,NIE,,
w-2025,13,16.04.2025,16.04.2025 09:50:33,45,77,Podkarpackie,33,Kardiologia,2025/008013,Rezydencki,85.99,3.69,28.02.2025 09:35:45,2,NIE,,
w-2025,13,16.04.2025,16.04.2025 09:50:33,45,77,Podkarpackie,34,Kardiologia,2025/007768,Pozarezydencki,82.49,4.02,24.03.2025 11:48:14,1,NIE,,
w-2025,13,16.04.2025,16.04.2025 09:50:33,45,77,Podkarpackie,35,Kardiologia dziecięca,2025/006841,Pozarezydencki,72.48,3.76,27.02.2025 19:50:46,2,NIE,,
w-2025,13,16.04.2025,16.04.2025 09:50:33,45,77,Podkarpackie,36,Kardiologia dziecięca,2025/004501,Pozarezydencki,70.91,3.67,20.03.2025 08:48:33,2,NIE,,
w-2025,13,16.04.2025,16.04.2025 09:50:33,45,77,Podkarpackie,37,Medycyna paliatywna,2025/007905,Pozarezydencki,73.18,3.99,28.02.2025 22:08:16,2,NIE,,
w-2025,13,16.04.2025,16.04.2025 09:50:33,45,77,Podkarpackie,38,Medycyna paliatywna,2025/003554,Pozarezydencki,70.91,3.88,20.03.2025 11:25:31,2,NIE,,
w-2025,13,16.04.2025,16.04.2025 09:50:33,45,77,Podkarpackie,39,Medycyna pracy,2025/002699,Pozarezydencki,80.00,3.75,12.03.2025 10:00:13,1,NIE,,
w-2025,13,16.04.2025,16.04.2025 09:50:33,45,77,Podkarpackie,40,Medycyna ratunkowa,2025/003910,Rezydencki,73.53,4.04,24.03.2025 17:17:10,1,NIE,,
w-2025,13,16.04.2025,16.04.2025 09:50:33,45,77,Podkarpackie,41,Medycyna rodzinna,2025/008282,Rezydencki,85.99,4.32,20.03.2025 11:30:23,6,NIE,,
w-2025,13,16.04.2025,16.04.2025 09:50:33,45,77,Podkarpackie,42,Medycyna rodzinna,2025/002672,Rezydencki,83.41,3.18,04.02.2025 17:10:50,6,NIE,,
w-2025,13,16.04.2025,16.04.2025 09:50:33,45,77,Podkarpackie,43,Medycyna rodzinna,2025/008360,Rezydencki,82.61,4.05,24.03.2025 13:00:47,6,NIE,,
w-2025,13,16.04.2025,16.04.2025 09:50:33,45,77,Podkarpackie,44,Medycyna rodzinna,2025/005714,Rezydencki,82.13,3.45,26.02.2025 18:55:40,6,NIE,,
w-2025,13,16.04.2025,16.04.2025 09:50:33,45,77,Podkarpackie,45,Medycyna rodzinna,2025/003472,Rezydencki,80.39,0.00,25.02.2025 22:11:01,6,NIE,,
w-2025,13,16.04.2025,16.04.2025 09:50:33,45,77,Podkarpackie,46,Medycyna rodzinna,2025/002690,Rezydencki,60.89,3.97,27.03.2025 21:54:29,6,NIE,,
w-2025,13,16.04.2025,16.04.2025 09:50:33,45,77,Podkarpackie,47,Medycyna rodzinna,2025/004161,Pozarezydencki,74.53,0.00,21.03.2025 22:05:09,5,NIE,,
w-2025,13,16.04.2025,16.04.2025 09:50:33,45,77,Podkarpackie,48,Medycyna rodzinna,2025/008447,Pozarezydencki,71.50,3.44,23.03.2025 22:11:17,5,NIE,,
w-2025,13,16.04.2025,16.04.2025 09:50:33,45,77,Podkarpackie,49,Medycyna rodzinna,2025/007589,Pozarezydencki,61.93,0.00,19.03.2025 12:48:39,5,NIE,,
w-2025,13,16.04.2025,16.04.2025 09:50:33,45,77,Podkarpackie,50,Medycyna rodzinna,2025/006107,Pozarezydencki,57.34,3.00,12.03.2025 15:53:19,5,NIE,,
w-2025,13,16.04.2025,16.04.2025 09:50:33,45,77,Podkarpackie,51,Medycyna rodzinna,2025/002610,Pozarezydencki,0.00,0.00,18.03.2025 12:45:50,5,NIE,,
w-2025,13,16.04.2025,16.04.2025 09:50:33,45,77,Podkarpackie,52,Nefrologia,2025/002058,Pozarezydencki,75.45,4.01,13.03.2025 21:52:53,1,NIE,,
w-2025,13,16.04.2025,16.04.2025 09:50:33,45,77,Podkarpackie,53,Neonatologia,2025/008256,Rezydencki,84.06,3.04,19.03.2025 13:04:58,3,NIE,,
w-2025,13,16.04.2025,16.04.2025 09:50:33,45,77,Podkarpackie,54,Neonatologia,2025/005142,Rezydencki,70.05,3.34,19.03.2025 14:43:35,3,NIE,,
w-2025,13,16.04.2025,16.04.2025 09:50:33,45,77,Podkarpackie,55,Neonatologia,2025/007577,Rezydencki,60.00,3.69,27.02.2025 18:59:17,3,NIE,,
w-2025,13,16.04.2025,16.04.2025 09:50:33,45,77,Podkarpackie,56,Neurochirurgia,2025/005330,Rezydencki,87.92,4.12,21.03.2025 07:24:03,1,NIE,,
w-2025,13,16.04.2025,16.04.2025 09:50:33,45,77,Podkarpackie,57,Neurologia,2025/007177,Rezydencki,72.38,3.13,26.02.2025 22:58:19,1,NIE,,
w-2025,13,16.04.2025,16.04.2025 09:50:33,45,77,Podkarpackie,58,Neurologia dziecięca,2025/002925,Pozarezydencki,70.91,3.90,23.03.2025 10:01:37,3,NIE,,
w-2025,13,16.04.2025,16.04.2025 09:50:33,45,77,Podkarpackie,59,Neurologia dziecięca,2025/005383,Pozarezydencki,70.91,3.20,24.03.2025 20:51:15,3,NIE,,
w-2025,13,16.04.2025,16.04.2025 09:50:33,45,77,Podkarpackie,60,Neurologia dziecięca,2025/004021,Pozarezydencki,69.16,3.67,06.03.2025 18:36:44,3,NIE,,
w-2025,13,16.04.2025,16.04.2025 09:50:33,45,77,Podkarpackie,61,Okulistyka,2025/007181,Rezydencki,87.20,4.02,27.02.2025 19:35:42,1,NIE,,
w-2025,13,16.04.2025,16.04.2025 09:50:33,46,77,Podkarpackie,62,Okulistyka,2025/006380,Pozarezydencki,79.53,3.03,17.03.2025 09:29:31,1,NIE,,
w-2025,13,16.04.2025,16.04.2025 09:50:33,46,77,Podkarpackie,63,Ortopedia i traumatologia narządu ruchu,2025/004163,Rezydencki,86.19,3.63,18.03.2025 09:58:39,1,NIE,,
w-2025,13,16.04.2025,16.04.2025 09:50:33,46,77,Podkarpackie,64,Pediatria,2025/005952,Rezydencki,77.94,4.05,14.03.2025 09:01:14,1,NIE,,
w-2025,13,16.04.2025,16.04.2025 09:50:33,46,77,Podkarpackie,65,Pediatria,2025/004159,Pozarezydencki,74.06,4.28,26.03.2025 05:24:21,1,NIE,,
w-2025,13,16.04.2025,16.04.2025 09:50:33,46,77,Podkarpackie,66,Perinatologia,2025/003068,Pozarezydencki,74.32,3.53,18.03.2025 10:00:05,1,NIE,,
w-2025,13,16.04.2025,16.04.2025 09:50:33,46,77,Podkarpackie,67,Położnictwo i ginekologia,2025/002226,Rezydencki,88.41,4.30,14.03.2025 12:39:56,5,NIE,,
w-2025,13,16.04.2025,16.04.2025 09:50:33,46,77,Podkarpackie,68,Położnictwo i ginekologia,2025/003360,Rezydencki,86.83,4.16,20.02.2025 20:25:14,5,NIE,,
w-2025,13,16.04.2025,16.04.2025 09:50:33,46,77,Podkarpackie,69,Położnictwo i ginekologia,2025/004468,Rezydencki,80.88,3.72,19.03.2025 16:01:30,5,NIE,,
w-2025,13,16.04.2025,16.04.2025 09:50:33,46,77,Podkarpackie,70,Położnictwo i ginekologia,2025/004391,Rezydencki,77.29,4.36,15.02.2025 17:33:11,5,NIE,,
w-2025,13,16.04.2025,16.04.2025 09:50:33,46,77,Podkarpackie,71,Położnictwo i ginekologia,2025/002004,Rezydencki,70.95,4.32,26.02.2025 17:53:38,5,NIE,,
w-2025,13,16.04.2025,16.04.2025 09:50:33,46,77,Podkarpackie,72,Psychiatria,2025/003383,Rezydencki,80.95,4.40,19.03.2025 14:21:29,3,NIE,,
w-2025,13,16.04.2025,16.04.2025 09:50:33,46,77,Podkarpackie,73,Psychiatria,2025/007551,Rezydencki,74.76,4.79,27.02.2025 18:22:21,3,NIE,,
w-2025,13,16.04.2025,16.04.2025 09:50:33,46,77,Podkarpackie,74,Psychiatria,2025/007851,Rezydencki,69.05,3.98,24.03.2025 13:27:36,3,NIE,,
w-2025,13,16.04.2025,16.04.2025 09:50:33,46,77,Podkarpackie,75,Psychiatria,2025/002200,Pozarezydencki,59.45,3.26,17.03.2025 23:25:26,1,NIE,,
w-2025,13,16.04.2025,16.04.2025 09:50:33,46,77,Podkarpackie,76,Psychiatria dzieci i młodzieży,2025/005746,Rezydencki,92.16,4.27,21.03.2025 09:22:07,1,NIE,,
w-2025,13,16.04.2025,16.04.2025 09:50:33,46,77,Podkarpackie,77,Radiologia i diagnostyka obrazowa,2025/008313,Rezydencki,88.16,3.69,24.03.2025 19:02:57,1,NIE,,
w-2025,13,16.04.2025,16.04.2025 09:50:33,46,77,Podkarpackie,78,Radiologia i diagnostyka obrazowa,2025/004984,Pozarezydencki,78.50,3.51,18.02.2025 18:54:58,2,NIE,,
w-2025,13,16.04.2025,16.04.2025 09:50:33,46,77,Podkarpackie,79,Radiologia i diagnostyka obrazowa,2025/008337,Pozarezydencki,76.36,3.75,28.02.2025 18:54:00,2,NIE,,
w-2025,13,16.04.2025,16.04.2025 09:50:33,46,77,Podkarpackie,80,Rehabilitacja medyczna,2025/001928,Rezydencki,76.47,3.94,09.02.2025 15:56:08,2,NIE,,
w-2025,13,16.04.2025,16.04.2025 09:50:33,46,77,Podkarpackie,81,Rehabilitacja medyczna,2025/002993,Rezydencki,68.10,4.43,27.02.2025 18:26:49,2,NIE,,
w-2025,13,16.04.2025,16.04.2025 09:50:33,46,77,Podkarpackie,82,Rehabilitacja medyczna,2025/007646,Pozarezydencki,0.00,0.00,24.03.2025 14:50:40,1,NIE,,
w-2025,13,16.04.2025,16.04.2025 09:50:33,46,77,Podkarpackie,83,Reumatologia,2025/003294,Rezydencki,91.30,3.92,18.02.2025 16:49:36,4,NIE,,
w-2025,13,16.04.2025,16.04.2025 09:50:33,46,77,Podkarpackie,84,Reumatologia,2025/007629,Rezydencki,88.73,4.28,17.03.2025 16:30:21,4,NIE,,
w-2025,13,16.04.2025,16.04.2025 09:50:33,46,77,Podkarpackie,85,Reumatologia,2025/008650,Rezydencki,88.73,4.26,28.02.2025 23:45:49,4,NIE,,
w-2025,13,16.04.2025,16.04.2025 09:50:33,46,77,Podkarpackie,86,Reumatologia,2025/003305,Rezydencki,87.75,4.28,27.02.2025 21:32:00,4,NIE,,
w-2025,13,16.04.2025,16.04.2025 09:50:33,46,77,Podkarpackie,87,Stomatologia dziecięca,2025/002009,Rezydencki,78.16,0.00,16.03.2025 13:46:34,2,NIE,,
w-2025,13,16.04.2025,16.04.2025 09:50:33,46,77,Podkarpackie,88,Stomatologia dziecięca,2025/004659,Rezydencki,75.48,0.00,28.02.2025 11:52:41,2,NIE,,
w-2025,13,16.04.2025,16.04.2025 09:50:33,46,77,Podkarpackie,89,Stomatologia dziecięca,2025/004537,Pozarezydencki,78.18,3.92,20.03.2025 20:36:19,1,NIE,,
w-2025,13,16.04.2025,16.04.2025 09:50:33,46,77,Podkarpackie,90,Stomatologia zachowawcza z endodoncją,2025/004929,Rezydencki,83.89,3.50,18.02.2025 13:40:55,1,NIE,,
w-2025,13,16.04.2025,16.04.2025 09:50:33,46,77,Podkarpackie,91,Urologia,2025/006902,Rezydencki,84.29,3.83,17.03.2025 13:23:44,4,NIE,,
w-2025,13,16.04.2025,16.04.2025 09:50:33,46,77,Podkarpackie,92,Urologia,2025/007413,Rezydencki,83.09,3.65,27.02.2025 21:17:50,4,NIE,,
w-2025,13,16.04.2025,16.04.2025 09:50:33,46,77,Podkarpackie,93,Urologia,2025/002774,Rezydencki,82.84,3.75,10.02.2025 22:43:31,4,NIE,,
w-2025,13,16.04.2025,16.04.2025 09:50:33,46,77,Podkarpackie,94,Urologia,2025/007081,Rezydencki,81.90,3.69,19.03.2025 10:06:21,4,NIE,,
w-2025,13,16.04.2025,16.04.2025 09:50:33,46,77,Podlaskie,1,Alergologia,2025/007974,Rezydencki,79.29,3.98,28.02.2025 19:59:45,2,NIE,,
w-2025,13,16.04.2025,16.04.2025 09:50:33,47,77,Podlaskie,2,Alergologia,2025/007986,Rezydencki,70.05,3.99,21.03.2025 19:48:49,2,NIE,,
w-2025,13,16.04.2025,16.04.2025 09:50:33,47,77,Podlaskie,3,Anestezjologia i intensywna terapia,2025/004412,Rezydencki,86.76,4.40,28.02.2025 15:43:42,3,NIE,,
w-2025,13,16.04.2025,16.04.2025 09:50:33,47,77,Podlaskie,4,Anestezjologia i intensywna terapia,2025/007087,Rezydencki,83.81,3.78,28.02.2025 23:32:53,3,NIE,,
w-2025,13,16.04.2025,16.04.2025 09:50:33,47,77,Podlaskie,5,Anestezjologia i intensywna terapia,2025/006499,Rezydencki,82.44,4.55,19.03.2025 19:49:20,3,NIE,,
w-2025,13,16.04.2025,16.04.2025 09:50:33,47,77,Podlaskie,6,Chirurgia klatki piersiowej,2025/002233,Pozarezydencki,70.91,3.56,22.03.2025 21:47:30,1,NIE,,
w-2025,13,16.04.2025,16.04.2025 09:50:33,47,77,Podlaskie,7,Chirurgia ogólna,2025/004491,Rezydencki,86.71,4.08,18.03.2025 10:08:23,1,NIE,,
w-2025,13,16.04.2025,16.04.2025 09:50:33,47,77,Podlaskie,8,Choroby wewnętrzne,2025/004806,Rezydencki,86.47,3.89,24.02.2025 17:48:31,6,NIE,,
w-2025,13,16.04.2025,16.04.2025 09:50:33,47,77,Podlaskie,9,Choroby wewnętrzne,2025/002294,Rezydencki,85.85,3.94,03.02.2025 13:36:15,6,NIE,,
w-2025,13,16.04.2025,16.04.2025 09:50:33,47,77,Podlaskie,10,Choroby wewnętrzne,2025/007382,Rezydencki,83.82,3.76,28.02.2025 16:50:37,6,NIE,,
w-2025,13,16.04.2025,16.04.2025 09:50:33,47,77,Podlaskie,11,Choroby wewnętrzne,2025/003225,Rezydencki,82.38,3.56,28.02.2025 17:19:26,6,NIE,,
w-2025,13,16.04.2025,16.04.2025 09:50:33,47,77,Podlaskie,12,Choroby wewnętrzne,2025/006235,Rezydencki,70.00,4.24,27.02.2025 16:50:02,6,NIE,,
w-2025,13,16.04.2025,16.04.2025 09:50:33,47,77,Podlaskie,13,Choroby wewnętrzne,2025/004657,Rezydencki,56.86,3.88,17.02.2025 20:31:38,6,NIE,,
w-2025,13,16.04.2025,16.04.2025 09:50:33,47,77,Podlaskie,14,Dermatologia i wenerologia,2025/004410,Rezydencki,91.71,4.23,27.02.2025 19:07:39,1,NIE,,
w-2025,13,16.04.2025,16.04.2025 09:50:33,47,77,Podlaskie,15,Diabetologia,2025/007886,Rezydencki,86.19,4.79,10.03.2025 06:50:38,2,NIE,,
w-2025,13,16.04.2025,16.04.2025 09:50:33,47,77,Podlaskie,16,Diabetologia,2025/003900,Rezydencki,76.33,3.36,19.03.2025 13:20:11,2,NIE,,
w-2025,13,16.04.2025,16.04.2025 09:50:33,47,77,Podlaskie,17,Endokrynologia,2025/006511,Rezydencki,93.66,4.68,27.02.2025 19:55:31,2,NIE,,
w-2025,13,16.04.2025,16.04.2025 09:50:33,47,77,Podlaskie,18,Endokrynologia,2025/004395,Rezydencki,92.68,4.65,15.02.2025 18:14:01,2,NIE,,
w-2025,13,16.04.2025,16.04.2025 09:50:33,47,77,Podlaskie,19,Endokrynologia ginekologiczna i rozrodczość,2025/006236,Pozarezydencki,89.09,4.63,28.02.2025 20:52:32,1,NIE,,
w-2025,13,16.04.2025,16.04.2025 09:50:33,47,77,Podlaskie,20,Gastroenterologia,2025/007039,Rezydencki,87.44,4.41,27.02.2025 23:02:58,2,NIE,,
w-2025,13,16.04.2025,16.04.2025 09:50:33,47,77,Podlaskie,21,Gastroenterologia,2025/008320,Rezydencki,87.44,3.27,28.02.2025 21:37:19,2,NIE,,
w-2025,13,16.04.2025,16.04.2025 09:50:33,47,77,Podlaskie,22,Gastroenterologia dziecięca,2025/002641,Pozarezydencki,77.73,3.09,19.03.2025 13:48:06,1,NIE,,
w-2025,13,16.04.2025,16.04.2025 09:50:33,47,77,Podlaskie,23,Geriatria,2025/007225,Pozarezydencki,74.19,3.51,13.03.2025 09:46:04,6,NIE,,
w-2025,13,16.04.2025,16.04.2025 09:50:33,47,77,Podlaskie,24,Geriatria,2025/004301,Pozarezydencki,72.48,0.00,11.03.2025 18:45:35,6,NIE,,
w-2025,13,16.04.2025,16.04.2025 09:50:33,47,77,Podlaskie,25,Geriatria,2025/004517,Pozarezydencki,70.91,4.28,13.03.2025 12:27:09,6,NIE,,
w-2025,13,16.04.2025,16.04.2025 09:50:33,47,77,Podlaskie,26,Geriatria,2025/003079,Pozarezydencki,70.91,0.00,13.03.2025 10:04:04,6,NIE,,
w-2025,13,16.04.2025,16.04.2025 09:50:33,47,77,Podlaskie,27,Geriatria,2025/004354,Pozarezydencki,60.19,0.00,22.02.2025 12:32:27,6,NIE,,
w-2025,13,16.04.2025,16.04.2025 09:50:33,47,77,Podlaskie,28,Geriatria,2025/002002,Pozarezydencki,57.48,3.28,11.03.2025 19:25:31,6,NIE,,
w-2025,13,16.04.2025,16.04.2025 09:50:33,47,77,Podlaskie,29,Ginekologia onkologiczna,2025/003407,Pozarezydencki,79.82,4.13,24.02.2025 12:44:38,1,NIE,,
w-2025,13,16.04.2025,16.04.2025 09:50:33,47,77,Podlaskie,30,Hipertensjologia,2025/007770,Pozarezydencki,70.91,3.24,19.03.2025 17:34:37,1,NIE,,
w-2025,13,16.04.2025,16.04.2025 09:50:33,47,77,Podlaskie,31,Intensywna terapia,2025/005571,Pozarezydencki,70.91,4.38,23.02.2025 09:38:00,1,NIE,,
w-2025,13,16.04.2025,16.04.2025 09:50:33,47,77,Podlaskie,32,Kardiologia,2025/008129,Rezydencki,87.92,3.51,28.02.2025 13:06:53,2,NIE,,
w-2025,13,16.04.2025,16.04.2025 09:50:33,47,77,Podlaskie,33,Kardiologia,2025/007524,Rezydencki,86.83,4.22,13.03.2025 18:43:13,2,NIE,,
w-2025,13,16.04.2025,16.04.2025 09:50:33,47,77,Podlaskie,34,Kardiologia,2025/004075,Pozarezydencki,70.91,3.68,13.03.2025 20:58:24,2,NIE,,
w-2025,13,16.04.2025,16.04.2025 09:50:33,47,77,Podlaskie,35,Kardiologia,2025/004810,Pozarezydencki,62.85,4.33,13.03.2025 17:14:17,2,NIE,,
w-2025,13,16.04.2025,16.04.2025 09:50:33,47,77,Podlaskie,36,Kardiologia dziecięca,2025/002860,Pozarezydencki,70.91,4.13,05.02.2025 16:22:27,1,NIE,,
w-2025,13,16.04.2025,16.04.2025 09:50:33,47,77,Podlaskie,37,Medycyna nuklearna,2025/006859,Rezydencki,85.37,0.00,21.03.2025 03:33:32,1,NIE,,
w-2025,13,16.04.2025,16.04.2025 09:50:33,47,77,Podlaskie,38,Medycyna pracy,2025/002145,Rezydencki,87.75,4.09,02.02.2025 22:56:13,1,NIE,,
w-2025,13,16.04.2025,16.04.2025 09:50:33,47,77,Podlaskie,39,Medycyna pracy,2025/003062,Pozarezydencki,75.45,3.23,25.02.2025 17:13:33,1,NIE,,
w-2025,13,16.04.2025,16.04.2025 09:50:33,48,77,Podlaskie,40,Medycyna ratunkowa,2025/006559,Rezydencki,81.37,4.63,26.02.2025 19:48:34,2,NIE,,
w-2025,13,16.04.2025,16.04.2025 09:50:33,48,77,Podlaskie,41,Medycyna ratunkowa,2025/002478,Rezydencki,73.91,3.99,05.03.2025 10:57:32,2,NIE,,
w-2025,13,16.04.2025,16.04.2025 09:50:33,48,77,Podlaskie,42,Medycyna rodzinna,2025/006383,Rezydencki,85.02,3.79,28.02.2025 16:57:18,3,NIE,,
w-2025,13,16.04.2025,16.04.2025 09:50:33,48,77,Podlaskie,43,Medycyna rodzinna,2025/007341,Rezydencki,81.64,3.31,18.03.2025 18:19:00,3,NIE,,
w-2025,13,16.04.2025,16.04.2025 09:50:33,48,77,Podlaskie,44,Medycyna rodzinna,2025/003871,Rezydencki,76.96,3.89,18.03.2025 10:45:04,3,NIE,,
w-2025,13,16.04.2025,16.04.2025 09:50:33,48,77,Podlaskie,45,Medycyna rodzinna,2025/002636,Pozarezydencki,75.00,4.06,10.02.2025 17:32:26,3,NIE,,
w-2025,13,16.04.2025,16.04.2025 09:50:33,48,77,Podlaskie,46,Medycyna rodzinna,2025/005376,Pozarezydencki,62.04,0.00,16.03.2025 13:35:42,3,NIE,,
w-2025,13,16.04.2025,16.04.2025 09:50:33,48,77,Podlaskie,47,Medycyna rodzinna,2025/005277,Pozarezydencki,60.83,4.07,17.03.2025 13:01:57,3,NIE,,
w-2025,13,16.04.2025,16.04.2025 09:50:33,48,77,Podlaskie,48,Nefrologia,2025/002357,Rezydencki,75.71,4.24,27.02.2025 17:13:22,1,NIE,,
w-2025,13,16.04.2025,16.04.2025 09:50:33,48,77,Podlaskie,49,Nefrologia,2025/005613,Pozarezydencki,80.00,0.00,17.03.2025 11:32:11,3,NIE,,
w-2025,13,16.04.2025,16.04.2025 09:50:33,48,77,Podlaskie,50,Nefrologia,2025/003313,Pozarezydencki,75.00,4.08,21.03.2025 16:48:16,3,NIE,,
w-2025,13,16.04.2025,16.04.2025 09:50:33,48,77,Podlaskie,51,Nefrologia,2025/007028,Pozarezydencki,71.14,0.00,21.03.2025 14:36:21,3,NIE,,
w-2025,13,16.04.2025,16.04.2025 09:50:33,48,77,Podlaskie,52,Neonatologia,2025/004551,Pozarezydencki,61.82,0.00,06.03.2025 11:58:01,1,NIE,,
w-2025,13,16.04.2025,16.04.2025 09:50:33,48,77,Podlaskie,53,Neurologia,2025/003067,Rezydencki,77.78,3.81,06.02.2025 22:26:25,2,NIE,,
w-2025,13,16.04.2025,16.04.2025 09:50:33,48,77,Podlaskie,54,Neurologia,2025/002136,Rezydencki,61.35,0.00,03.02.2025 16:52:54,2,NIE,,
w-2025,13,16.04.2025,16.04.2025 09:50:33,48,77,Podlaskie,55,Okulistyka,2025/004082,Pozarezydencki,81.11,4.67,19.02.2025 19:44:47,1,NIE,,
w-2025,13,16.04.2025,16.04.2025 09:50:33,48,77,Podlaskie,56,Ortopedia i traumatologia narządu ruchu,2025/005587,Rezydencki,68.63,4.20,21.02.2025 19:59:06,2,NIE,,
w-2025,13,16.04.2025,16.04.2025 09:50:33,48,77,Podlaskie,57,Ortopedia i traumatologia narządu ruchu,2025/007594,Rezydencki,65.71,3.84,19.03.2025 08:13:44,2,NIE,,
w-2025,13,16.04.2025,16.04.2025 09:50:33,48,77,Podlaskie,58,Otorynolaryngologia,2025/007426,Rezydencki,86.03,3.97,11.03.2025 10:35:04,1,NIE,,
w-2025,13,16.04.2025,16.04.2025 09:50:33,48,77,Podlaskie,59,Pediatria,2025/008507,Rezydencki,85.51,3.97,11.03.2025 20:22:58,4,NIE,,
w-2025,13,16.04.2025,16.04.2025 09:50:33,48,77,Podlaskie,60,Pediatria,2025/004751,Rezydencki,82.38,4.67,26.02.2025 15:17:21,4,NIE,,
w-2025,13,16.04.2025,16.04.2025 09:50:33,48,77,Podlaskie,61,Pediatria,2025/004983,Rezydencki,81.37,4.15,27.02.2025 21:13:56,4,NIE,,
w-2025,13,16.04.2025,16.04.2025 09:50:33,48,77,Podlaskie,62,Pediatria,2025/002202,Rezydencki,78.57,3.12,28.02.2025 23:14:52,4,NIE,,
w-2025,13,16.04.2025,16.04.2025 09:50:33,48,77,Podlaskie,63,Pediatria,2025/007979,Pozarezydencki,56.54,0.00,09.03.2025 22:58:16,1,NIE,,
w-2025,13,16.04.2025,16.04.2025 09:50:33,48,77,Podlaskie,64,Periodontologia,2025/003258,Rezydencki,84.29,3.96,17.03.2025 20:13:36,1,NIE,,
w-2025,13,16.04.2025,16.04.2025 09:50:33,48,77,Podlaskie,65,Periodontologia,2025/007186,Pozarezydencki,76.71,4.02,17.03.2025 09:17:53,1,NIE,,
w-2025,13,16.04.2025,16.04.2025 09:50:33,48,77,Podlaskie,66,Położnictwo i ginekologia,2025/003633,Rezydencki,73.81,4.33,26.02.2025 19:06:00,1,NIE,,
w-2025,13,16.04.2025,16.04.2025 09:50:33,48,77,Podlaskie,67,Protetyka stomatologiczna,2025/007130,Rezydencki,84.76,0.00,28.02.2025 21:08:34,1,NIE,,
w-2025,13,16.04.2025,16.04.2025 09:50:33,48,77,Podlaskie,68,Psychiatria,2025/001985,Rezydencki,84.29,3.82,27.02.2025 14:40:58,5,NIE,,
w-2025,13,16.04.2025,16.04.2025 09:50:33,48,77,Podlaskie,69,Psychiatria,2025/004995,Rezydencki,81.43,4.44,13.03.2025 10:15:37,5,NIE,,
w-2025,13,16.04.2025,16.04.2025 09:50:33,48,77,Podlaskie,70,Psychiatria,2025/002991,Rezydencki,81.37,3.94,06.02.2025 13:41:54,5,NIE,,
w-2025,13,16.04.2025,16.04.2025 09:50:33,48,77,Podlaskie,71,Psychiatria,2025/004960,Rezydencki,75.00,3.06,25.02.2025 20:42:11,5,NIE,,
w-2025,13,16.04.2025,16.04.2025 09:50:33,48,77,Podlaskie,72,Psychiatria,2025/002155,Rezydencki,73.10,3.16,12.03.2025 12:27:50,5,NIE,,
w-2025,13,16.04.2025,16.04.2025 09:50:33,48,77,Podlaskie,73,Radiologia i diagnostyka obrazowa,2025/002888,Rezydencki,91.79,4.31,06.02.2025 11:49:04,1,NIE,,
w-2025,13,16.04.2025,16.04.2025 09:50:33,48,77,Podlaskie,74,Radiologia i diagnostyka obrazowa,2025/006886,Pozarezydencki,80.88,3.33,27.02.2025 14:01:52,2,NIE,,
w-2025,13,16.04.2025,16.04.2025 09:50:33,48,77,Podlaskie,75,Radiologia i diagnostyka obrazowa,2025/002928,Pozarezydencki,78.97,4.18,26.02.2025 21:35:23,2,NIE,,
w-2025,13,16.04.2025,16.04.2025 09:50:33,48,77,Podlaskie,76,Radioterapia onkologiczna,2025/004357,Rezydencki,74.40,0.00,05.03.2025 12:26:58,1,NIE,,
w-2025,13,16.04.2025,16.04.2025 09:50:33,48,77,Podlaskie,77,Reumatologia,2025/006656,Rezydencki,88.24,3.67,27.02.2025 23:56:22,2,NIE,,
w-2025,13,16.04.2025,16.04.2025 09:50:33,49,77,Podlaskie,78,Reumatologia,2025/003616,Rezydencki,87.75,4.09,25.02.2025 23:23:46,2,NIE,,
w-2025,13,16.04.2025,16.04.2025 09:50:33,49,77,Podlaskie,79,Stomatologia zachowawcza z endodoncją,2025/005337,Rezydencki,70.33,3.90,20.02.2025 17:53:14,3,NIE,,
w-2025,13,16.04.2025,16.04.2025 09:50:33,49,77,Podlaskie,80,Stomatologia zachowawcza z endodoncją,2025/002537,Rezydencki,64.08,3.76,03.02.2025 22:04:49,3,NIE,,
w-2025,13,16.04.2025,16.04.2025 09:50:33,49,77,Podlaskie,81,Stomatologia zachowawcza z endodoncją,2025/005694,Rezydencki,54.90,0.00,22.02.2025 21:58:45,3,NIE,,
w-2025,13,16.04.2025,16.04.2025 09:50:33,49,77,Podlaskie,82,Transplantologia kliniczna,2025/003346,Pozarezydencki,84.55,0.00,18.03.2025 05:36:22,3,NIE,,
w-2025,13,16.04.2025,16.04.2025 09:50:33,49,77,Podlaskie,83,Transplantologia kliniczna,2025/004666,Pozarezydencki,73.86,0.00,19.03.2025 15:23:13,3,NIE,,
w-2025,13,16.04.2025,16.04.2025 09:50:33,49,77,Podlaskie,84,Transplantologia kliniczna,2025/007349,Pozarezydencki,73.18,0.00,27.02.2025 13:11:58,3,NIE,,
w-2025,13,16.04.2025,16.04.2025 09:50:33,49,77,Podlaskie,85,Urologia,2025/008431,Rezydencki,84.39,4.01,28.02.2025 20:23:19,1,NIE,,
w-2025,13,16.04.2025,16.04.2025 09:50:33,49,77,Podlaskie,1,Radiologia i diagnostyka obrazowa,2025/006491,Rezydencki,86.27,3.66,26.02.2025 15:48:08,1,TAK,Uniwersytecki Szpital Kliniczny w Białymstoku,Zakład Radiologii
w-2025,13,16.04.2025,16.04.2025 09:50:33,49,77,Podlaskie,1,Endokrynologia,2025/002033,Rezydencki,79.47,4.05,03.02.2025 09:57:09,1,TAK,Uniwersytecki Szpital Kliniczny w Białymstoku,"Klinika Endokrynologii, Diabetologii i Chorób Wewnętrznych"
w-2025,13,16.04.2025,16.04.2025 09:50:33,49,77,Podlaskie,1,Dermatologia i wenerologia,2025/002909,Rezydencki,89.37,3.88,05.02.2025 20:55:32,1,TAK,Uniwersytecki Szpital Kliniczny w Białymstoku,Klinika Dermatologii i Wenerologii z Pododdziałem Dermatologii Dziecięcej
w-2025,13,16.04.2025,16.04.2025 09:50:33,49,77,Podlaskie,1,Okulistyka,2025/001967,Rezydencki,63.41,3.17,19.03.2025 15:24:43,1,TAK,Uniwersytecki Szpital Kliniczny w Białymstoku,Klinika Okulistyki
w-2025,13,16.04.2025,16.04.2025 09:50:33,49,77,Podlaskie,1,Choroby płuc,2025/002359,Rezydencki,78.54,3.36,11.03.2025 11:56:28,1,TAK,Uniwersytecki Szpital Kliniczny w Białymstoku,"II Klinika Chorób Płuc, Raka Płuca i Chorób Wewnętrznych"
w-2025,13,16.04.2025,16.04.2025 09:50:33,49,77,Pomorskie,1,Anestezjologia i intensywna terapia,2025/004504,Rezydencki,88.29,4.77,28.02.2025 23:36:03,4,NIE,,
w-2025,13,16.04.2025,16.04.2025 09:50:33,49,77,Pomorskie,2,Anestezjologia i intensywna terapia,2025/006904,Rezydencki,84.06,3.72,27.02.2025 18:18:24,4,NIE,,
w-2025,13,16.04.2025,16.04.2025 09:50:33,49,77,Pomorskie,3,Anestezjologia i intensywna terapia,2025/005010,Rezydencki,83.82,3.82,18.02.2025 20:56:49,4,NIE,,
w-2025,13,16.04.2025,16.04.2025 09:50:33,49,77,Pomorskie,4,Anestezjologia i intensywna terapia,2025/008606,Rezydencki,82.11,3.85,21.03.2025 01:20:47,4,NIE,,
w-2025,13,16.04.2025,16.04.2025 09:50:33,49,77,Pomorskie,5,Audiologia i foniatria,2025/008613,Rezydencki,78.33,3.98,21.03.2025 00:38:16,1,NIE,,
w-2025,13,16.04.2025,16.04.2025 09:50:33,50,77,Pomorskie,6,Chirurgia dziecięca,2025/003116,Rezydencki,73.91,3.51,05.03.2025 17:40:40,1,NIE,,
w-2025,13,16.04.2025,16.04.2025 09:50:33,50,77,Pomorskie,7,Chirurgia ogólna,2025/006077,Rezydencki,90.10,4.22,21.03.2025 10:51:59,6,NIE,,
w-2025,13,16.04.2025,16.04.2025 09:50:33,50,77,Pomorskie,8,Chirurgia ogólna,2025/005150,Rezydencki,83.82,3.95,21.02.2025 14:42:36,6,NIE,,
w-2025,13,16.04.2025,16.04.2025 09:50:33,50,77,Pomorskie,9,Chirurgia ogólna,2025/006970,Rezydencki,80.00,4.30,10.03.2025 11:03:53,6,NIE,,
w-2025,13,16.04.2025,16.04.2025 09:50:33,50,77,Pomorskie,10,Chirurgia ogólna,2025/007238,Rezydencki,78.43,3.38,27.02.2025 17:19:58,6,NIE,,
w-2025,13,16.04.2025,16.04.2025 09:50:33,50,77,Pomorskie,11,Chirurgia ogólna,2025/007071,Rezydencki,76.19,3.63,04.03.2025 12:39:53,6,NIE,,
w-2025,13,16.04.2025,16.04.2025 09:50:33,50,77,Pomorskie,12,Chirurgia ogólna,2025/008669,Rezydencki,75.24,0.00,28.03.2025 10:59:39,6,NIE,,
w-2025,13,16.04.2025,16.04.2025 09:50:33,50,77,Pomorskie,13,Chirurgia onkologiczna,2025/007064,Rezydencki,81.90,3.61,18.03.2025 23:43:37,1,NIE,,
w-2025,13,16.04.2025,16.04.2025 09:50:33,50,77,Pomorskie,14,Chirurgia plastyczna,2025/008342,Rezydencki,91.91,3.99,18.03.2025 08:50:20,1,NIE,,
w-2025,13,16.04.2025,16.04.2025 09:50:33,50,77,Pomorskie,15,Chirurgia stomatologiczna,2025/008031,Pozarezydencki,89.09,2.90,18.03.2025 10:20:47,1,NIE,,
w-2025,13,16.04.2025,16.04.2025 09:50:33,50,77,Pomorskie,16,Chirurgia szczękowo-twarzowa,2025/003312,Rezydencki,85.24,3.60,09.02.2025 15:47:32,3,NIE,,
w-2025,13,16.04.2025,16.04.2025 09:50:33,50,77,Pomorskie,17,Chirurgia szczękowo-twarzowa,2025/003385,Rezydencki,84.52,4.29,12.02.2025 08:51:41,3,NIE,,
w-2025,13,16.04.2025,16.04.2025 09:50:33,50,77,Pomorskie,18,Chirurgia szczękowo-twarzowa,2025/002177,Rezydencki,83.17,4.37,02.02.2025 17:00:56,3,NIE,,
w-2025,13,16.04.2025,16.04.2025 09:50:33,50,77,Pomorskie,19,Choroby płuc,2025/003316,Rezydencki,88.73,4.18,11.02.2025 15:42:02,3,NIE,,
w-2025,13,16.04.2025,16.04.2025 09:50:33,50,77,Pomorskie,20,Choroby płuc,2025/006242,Rezydencki,86.96,4.28,26.02.2025 17:07:20,3,NIE,,
w-2025,13,16.04.2025,16.04.2025 09:50:33,50,77,Pomorskie,21,Choroby płuc,2025/008453,Rezydencki,69.52,4.08,28.02.2025 20:42:32,3,NIE,,
w-2025,13,16.04.2025,16.04.2025 09:50:33,50,77,Pomorskie,22,Choroby płuc,2025/005670,Pozarezydencki,72.43,3.66,22.02.2025 18:40:58,1,NIE,,
w-2025,13,16.04.2025,16.04.2025 09:50:33,50,77,Pomorskie,23,Choroby płuc dzieci,2025/007655,Pozarezydencki,80.23,4.06,27.02.2025 22:09:06,1,NIE,,
w-2025,13,16.04.2025,16.04.2025 09:50:33,50,77,Pomorskie,24,Choroby wewnętrzne,2025/004048,Rezydencki,87.80,3.99,27.02.2025 22:12:15,12,NIE,,
w-2025,13,16.04.2025,16.04.2025 09:50:33,50,77,Pomorskie,25,Choroby wewnętrzne,2025/006879,Rezydencki,86.96,4.08,27.02.2025 21:34:11,12,NIE,,
w-2025,13,16.04.2025,16.04.2025 09:50:33,50,77,Pomorskie,26,Choroby wewnętrzne,2025/006820,Rezydencki,86.67,3.97,28.02.2025 18:27:50,12,NIE,,
w-2025,13,16.04.2025,16.04.2025 09:50:33,50,77,Pomorskie,27,Choroby wewnętrzne,2025/006135,Rezydencki,81.64,3.64,24.02.2025 18:31:23,12,NIE,,
w-2025,13,16.04.2025,16.04.2025 09:50:33,50,77,Pomorskie,28,Choroby wewnętrzne,2025/002852,Rezydencki,81.16,4.45,06.02.2025 12:21:16,12,NIE,,
w-2025,13,16.04.2025,16.04.2025 09:50:33,50,77,Pomorskie,29,Choroby wewnętrzne,2025/002661,Rezydencki,79.41,4.26,08.02.2025 09:27:57,12,NIE,,
w-2025,13,16.04.2025,16.04.2025 09:50:33,50,77,Pomorskie,30,Choroby wewnętrzne,2025/006032,Rezydencki,73.17,3.85,18.03.2025 21:49:13,12,NIE,,
w-2025,13,16.04.2025,16.04.2025 09:50:33,50,77,Pomorskie,31,Choroby wewnętrzne,2025/005494,Rezydencki,72.33,3.20,10.03.2025 12:00:44,12,NIE,,
w-2025,13,16.04.2025,16.04.2025 09:50:33,50,77,Pomorskie,32,Choroby wewnętrzne,2025/008358,Rezydencki,69.12,3.87,12.03.2025 17:34:58,12,NIE,,
w-2025,13,16.04.2025,16.04.2025 09:50:33,50,77,Pomorskie,33,Choroby wewnętrzne,2025/008399,Rezydencki,68.14,3.98,19.03.2025 11:00:02,12,NIE,,
w-2025,13,16.04.2025,16.04.2025 09:50:33,50,77,Pomorskie,34,Choroby wewnętrzne,2025/007963,Rezydencki,66.19,2.92,11.03.2025 16:45:19,12,NIE,,
w-2025,13,16.04.2025,16.04.2025 09:50:33,50,77,Pomorskie,35,Choroby wewnętrzne,2025/002118,Rezydencki,62.93,4.21,26.03.2025 11:17:30,12,NIE,,
w-2025,13,16.04.2025,16.04.2025 09:50:33,50,77,Pomorskie,36,Choroby wewnętrzne,2025/002462,Pozarezydencki,78.97,3.90,06.03.2025 16:16:36,1,NIE,,
w-2025,13,16.04.2025,16.04.2025 09:50:33,50,77,Pomorskie,37,Choroby zakaźne,2025/007276,Rezydencki,62.86,0.00,10.03.2025 12:59:36,1,NIE,,
w-2025,13,16.04.2025,16.04.2025 09:50:33,50,77,Pomorskie,38,Choroby zakaźne,2025/002388,Pozarezydencki,76.14,3.89,22.02.2025 16:28:55,2,NIE,,
w-2025,13,16.04.2025,16.04.2025 09:50:33,50,77,Pomorskie,39,Choroby zakaźne,2025/003893,Pozarezydencki,75.45,4.09,11.02.2025 21:47:36,2,NIE,,
w-2025,13,16.04.2025,16.04.2025 09:50:33,50,77,Pomorskie,40,Dermatologia i wenerologia,2025/001891,Rezydencki,92.68,4.34,03.02.2025 18:19:52,4,NIE,,
w-2025,13,16.04.2025,16.04.2025 09:50:33,50,77,Pomorskie,41,Dermatologia i wenerologia,2025/003251,Rezydencki,91.67,4.50,24.02.2025 21:46:13,4,NIE,,
w-2025,13,16.04.2025,16.04.2025 09:50:33,50,77,Pomorskie,42,Dermatologia i wenerologia,2025/004552,Rezydencki,91.67,4.26,28.02.2025 21:25:21,4,NIE,,
w-2025,13,16.04.2025,16.04.2025 09:50:33,50,77,Pomorskie,43,Dermatologia i wenerologia,2025/002194,Rezydencki,91.43,4.38,28.02.2025 00:02:30,4,NIE,,
w-2025,13,16.04.2025,16.04.2025 09:50:33,51,77,Pomorskie,44,Endokrynologia,2025/002138,Rezydencki,93.63,4.73,03.02.2025 17:11:35,2,NIE,,
w-2025,13,16.04.2025,16.04.2025 09:50:33,51,77,Pomorskie,45,Endokrynologia,2025/004439,Rezydencki,91.55,4.52,28.02.2025 20:08:11,2,NIE,,
w-2025,13,16.04.2025,16.04.2025 09:50:33,51,77,Pomorskie,46,Endokrynologia,2025/002912,Pozarezydencki,91.71,3.96,20.03.2025 18:08:53,2,NIE,,
w-2025,13,16.04.2025,16.04.2025 09:50:33,51,77,Pomorskie,47,Endokrynologia,2025/006142,Pozarezydencki,84.55,0.00,24.02.2025 18:01:33,2,NIE,,
w-2025,13,16.04.2025,16.04.2025 09:50:33,51,77,Pomorskie,48,Endokrynologia ginekologiczna i rozrodczość,2025/001896,Pozarezydencki,84.55,4.52,01.02.2025 09:14:02,2,NIE,,
w-2025,13,16.04.2025,16.04.2025 09:50:33,51,77,Pomorskie,49,Endokrynologia ginekologiczna i rozrodczość,2025/005396,Pozarezydencki,84.55,4.28,13.03.2025 23:54:48,2,NIE,,
w-2025,13,16.04.2025,16.04.2025 09:50:33,51,77,Pomorskie,50,Endokrynologia i diabetologia dziecięca,2025/004036,Pozarezydencki,80.23,4.22,19.03.2025 21:01:44,1,NIE,,
w-2025,13,16.04.2025,16.04.2025 09:50:33,51,77,Pomorskie,51,Gastroenterologia,2025/004365,Rezydencki,91.55,4.22,26.02.2025 20:11:06,3,NIE,,
w-2025,13,16.04.2025,16.04.2025 09:50:33,51,77,Pomorskie,52,Gastroenterologia,2025/005369,Rezydencki,90.34,4.50,12.03.2025 14:22:54,3,NIE,,
w-2025,13,16.04.2025,16.04.2025 09:50:33,51,77,Pomorskie,53,Gastroenterologia,2025/006562,Rezydencki,90.20,3.99,27.02.2025 18:54:34,3,NIE,,
w-2025,13,16.04.2025,16.04.2025 09:50:33,51,77,Pomorskie,54,Genetyka kliniczna,2025/006479,Rezydencki,80.39,0.00,27.02.2025 06:43:04,1,NIE,,
w-2025,13,16.04.2025,16.04.2025 09:50:33,51,77,Pomorskie,55,Genetyka kliniczna,2025/007557,Pozarezydencki,60.78,0.00,19.03.2025 01:49:50,1,NIE,,
w-2025,13,16.04.2025,16.04.2025 09:50:33,51,77,Pomorskie,56,Geriatria,2025/008312,Rezydencki,77.14,3.81,28.02.2025 23:12:27,1,NIE,,
w-2025,13,16.04.2025,16.04.2025 09:50:33,51,77,Pomorskie,57,Geriatria,2025/004379,Pozarezydencki,74.77,4.33,13.03.2025 14:48:25,2,NIE,,
w-2025,13,16.04.2025,16.04.2025 09:50:33,51,77,Pomorskie,58,Geriatria,2025/006930,Pozarezydencki,70.09,3.37,23.03.2025 14:31:14,2,NIE,,
w-2025,13,16.04.2025,16.04.2025 09:50:33,51,77,Pomorskie,59,Ginekologia onkologiczna,2025/008131,Pozarezydencki,80.00,0.00,28.02.2025 13:09:16,2,NIE,,
w-2025,13,16.04.2025,16.04.2025 09:50:33,51,77,Pomorskie,60,Ginekologia onkologiczna,2025/003350,Pozarezydencki,70.51,2.74,20.03.2025 10:19:49,2,NIE,,
w-2025,13,16.04.2025,16.04.2025 09:50:33,51,77,Pomorskie,61,Hematologia,2025/002047,Rezydencki,89.37,4.28,09.02.2025 16:56:28,4,NIE,,
w-2025,13,16.04.2025,16.04.2025 09:50:33,51,77,Pomorskie,62,Hematologia,2025/002137,Rezydencki,85.85,4.32,02.02.2025 13:37:05,4,NIE,,
w-2025,13,16.04.2025,16.04.2025 09:50:33,51,77,Pomorskie,63,Hematologia,2025/006128,Rezydencki,83.81,3.76,27.02.2025 22:00:10,4,NIE,,
w-2025,13,16.04.2025,16.04.2025 09:50:33,51,77,Pomorskie,64,Hematologia,2025/004523,Rezydencki,75.24,4.12,27.02.2025 07:27:12,4,NIE,,
w-2025,13,16.04.2025,16.04.2025 09:50:33,51,77,Pomorskie,65,Hematologia,2025/004542,Pozarezydencki,70.91,3.60,14.03.2025 11:22:37,1,NIE,,
w-2025,13,16.04.2025,16.04.2025 09:50:33,51,77,Pomorskie,66,Kardiochirurgia,2025/004492,Rezydencki,85.99,3.46,11.03.2025 12:39:40,1,NIE,,
w-2025,13,16.04.2025,16.04.2025 09:50:33,51,77,Pomorskie,67,Kardiologia,2025/006513,Rezydencki,88.29,3.89,13.03.2025 21:44:37,7,NIE,,
w-2025,13,16.04.2025,16.04.2025 09:50:33,51,77,Pomorskie,68,Kardiologia,2025/007530,Rezydencki,87.62,4.27,13.03.2025 14:25:25,7,NIE,,
w-2025,13,16.04.2025,16.04.2025 09:50:33,51,77,Pomorskie,69,Kardiologia,2025/005834,Rezydencki,87.20,4.05,07.03.2025 12:48:24,7,NIE,,
w-2025,13,16.04.2025,16.04.2025 09:50:33,51,77,Pomorskie,70,Kardiologia,2025/001947,Rezydencki,86.76,3.92,06.02.2025 09:53:00,7,NIE,,
w-2025,13,16.04.2025,16.04.2025 09:50:33,51,77,Pomorskie,71,Kardiologia,2025/003035,Rezydencki,85.99,4.17,08.03.2025 19:07:35,7,NIE,,
w-2025,13,16.04.2025,16.04.2025 09:50:33,51,77,Pomorskie,72,Kardiologia,2025/006542,Rezydencki,85.99,3.47,25.02.2025 20:23:32,7,NIE,,
w-2025,13,16.04.2025,16.04.2025 09:50:33,51,77,Pomorskie,73,Kardiologia,2025/005161,Rezydencki,85.85,4.27,13.03.2025 10:03:40,7,NIE,,
w-2025,13,16.04.2025,16.04.2025 09:50:33,51,77,Pomorskie,74,Kardiologia,2025/003370,Pozarezydencki,80.45,3.88,27.02.2025 09:19:12,8,NIE,,
w-2025,13,16.04.2025,16.04.2025 09:50:33,51,77,Pomorskie,75,Kardiologia,2025/006549,Pozarezydencki,77.27,3.63,27.02.2025 11:55:13,8,NIE,,
w-2025,13,16.04.2025,16.04.2025 09:50:33,51,77,Pomorskie,76,Kardiologia,2025/006454,Pozarezydencki,75.45,3.29,14.03.2025 10:55:19,8,NIE,,
w-2025,13,16.04.2025,16.04.2025 09:50:33,51,77,Pomorskie,77,Kardiologia,2025/001874,Pozarezydencki,73.36,4.31,06.03.2025 09:04:15,8,NIE,,
w-2025,13,16.04.2025,16.04.2025 09:50:33,51,77,Pomorskie,78,Kardiologia,2025/003618,Pozarezydencki,73.27,0.00,28.02.2025 15:22:53,8,NIE,,
w-2025,13,16.04.2025,16.04.2025 09:50:33,51,77,Pomorskie,79,Kardiologia,2025/006794,Pozarezydencki,66.36,3.41,27.02.2025 00:00:00,8,NIE,,
w-2025,13,16.04.2025,16.04.2025 09:50:33,51,77,Pomorskie,80,Kardiologia,2025/008239,Pozarezydencki,58.99,0.00,12.03.2025 19:16:10,8,NIE,,
w-2025,13,16.04.2025,16.04.2025 09:50:33,51,77,Pomorskie,81,Kardiologia,2025/006604,Pozarezydencki,56.22,3.77,18.03.2025 15:42:13,8,NIE,,
w-2025,13,16.04.2025,16.04.2025 09:50:33,52,77,Pomorskie,82,Medycyna paliatywna,2025/003403,Pozarezydencki,77.73,2.83,10.03.2025 16:08:21,2,NIE,,
w-2025,13,16.04.2025,16.04.2025 09:50:33,52,77,Pomorskie,83,Medycyna paliatywna,2025/003118,Pozarezydencki,70.91,3.78,25.03.2025 13:10:14,2,NIE,,
w-2025,13,16.04.2025,16.04.2025 09:50:33,52,77,Pomorskie,84,Medycyna pracy,2025/004330,Pozarezydencki,89.09,4.41,13.03.2025 21:04:07,1,NIE,,
w-2025,13,16.04.2025,16.04.2025 09:50:33,52,77,Pomorskie,85,Medycyna ratunkowa,2025/006369,Rezydencki,75.85,4.73,28.03.2025 17:59:20,1,NIE,,
w-2025,13,16.04.2025,16.04.2025 09:50:33,52,77,Pomorskie,86,Medycyna ratunkowa,2025/006269,Pozarezydencki,43.38,3.09,13.03.2025 11:29:38,1,NIE,,
w-2025,13,16.04.2025,16.04.2025 09:50:33,52,77,Pomorskie,87,Medycyna rodzinna,2025/008132,Rezydencki,88.73,4.18,10.03.2025 10:53:42,17,NIE,,
w-2025,13,16.04.2025,16.04.2025 09:50:33,52,77,Pomorskie,88,Medycyna rodzinna,2025/002859,Rezydencki,87.44,4.10,06.03.2025 14:38:12,17,NIE,,
w-2025,13,16.04.2025,16.04.2025 09:50:33,52,77,Pomorskie,89,Medycyna rodzinna,2025/008316,Rezydencki,86.67,4.33,13.03.2025 15:51:49,17,NIE,,
w-2025,13,16.04.2025,16.04.2025 09:50:33,52,77,Pomorskie,90,Medycyna rodzinna,2025/006314,Rezydencki,84.54,3.61,28.03.2025 10:48:59,17,NIE,,
w-2025,13,16.04.2025,16.04.2025 09:50:33,52,77,Pomorskie,91,Medycyna rodzinna,2025/007068,Rezydencki,82.86,3.53,07.03.2025 20:32:50,17,NIE,,
w-2025,13,16.04.2025,16.04.2025 09:50:33,52,77,Pomorskie,92,Medycyna rodzinna,2025/002657,Rezydencki,78.92,3.98,03.03.2025 14:46:32,17,NIE,,
w-2025,13,16.04.2025,16.04.2025 09:50:33,52,77,Pomorskie,93,Medycyna rodzinna,2025/008594,Rezydencki,77.78,3.42,21.03.2025 16:02:46,17,NIE,,
w-2025,13,16.04.2025,16.04.2025 09:50:33,52,77,Pomorskie,94,Medycyna rodzinna,2025/002544,Rezydencki,77.45,4.10,12.03.2025 07:39:47,17,NIE,,
w-2025,13,16.04.2025,16.04.2025 09:50:33,52,77,Pomorskie,95,Medycyna rodzinna,2025/003942,Rezydencki,76.33,4.24,06.03.2025 09:44:55,17,NIE,,
w-2025,13,16.04.2025,16.04.2025 09:50:33,52,77,Pomorskie,96,Medycyna rodzinna,2025/006976,Rezydencki,76.19,4.20,26.02.2025 19:38:19,17,NIE,,
w-2025,13,16.04.2025,16.04.2025 09:50:33,52,77,Pomorskie,97,Medycyna rodzinna,2025/006112,Rezydencki,75.49,3.20,24.02.2025 16:23:25,17,NIE,,
w-2025,13,16.04.2025,16.04.2025 09:50:33,52,77,Pomorskie,98,Medycyna rodzinna,2025/002365,Rezydencki,74.29,3.81,06.03.2025 16:16:13,17,NIE,,
w-2025,13,16.04.2025,16.04.2025 09:50:33,52,77,Pomorskie,99,Medycyna rodzinna,2025/007013,Rezydencki,73.17,3.52,28.02.2025 11:28:56,17,NIE,,
w-2025,13,16.04.2025,16.04.2025 09:50:33,52,77,Pomorskie,100,Medycyna rodzinna,2025/003371,Rezydencki,72.06,4.21,05.03.2025 13:52:18,17,NIE,,
w-2025,13,16.04.2025,16.04.2025 09:50:33,52,77,Pomorskie,101,Medycyna rodzinna,2025/005032,Rezydencki,71.43,4.03,18.03.2025 11:17:02,17,NIE,,
w-2025,13,16.04.2025,16.04.2025 09:50:33,52,77,Pomorskie,102,Medycyna rodzinna,2025/006436,Rezydencki,70.48,4.60,26.02.2025 18:32:14,17,NIE,,
w-2025,13,16.04.2025,16.04.2025 09:50:33,52,77,Pomorskie,103,Medycyna rodzinna,2025/003178,Rezydencki,57.62,4.48,06.03.2025 14:33:01,17,NIE,,
w-2025,13,16.04.2025,16.04.2025 09:50:33,52,77,Pomorskie,104,Medycyna rodzinna,2025/002491,Pozarezydencki,80.84,4.78,10.02.2025 14:38:38,4,NIE,,
w-2025,13,16.04.2025,16.04.2025 09:50:33,52,77,Pomorskie,105,Medycyna rodzinna,2025/002709,Pozarezydencki,58.26,3.24,04.02.2025 20:44:59,4,NIE,,
w-2025,13,16.04.2025,16.04.2025 09:50:33,52,77,Pomorskie,106,Medycyna rodzinna,2025/003638,Pozarezydencki,57.80,3.25,12.03.2025 16:28:25,4,NIE,,
w-2025,13,16.04.2025,16.04.2025 09:50:33,52,77,Pomorskie,107,Medycyna rodzinna,2025/008037,Pozarezydencki,2.27,2.62,28.02.2025 10:15:06,4,NIE,,
w-2025,13,16.04.2025,16.04.2025 09:50:33,52,77,Pomorskie,108,Medycyna sportowa,2025/006344,Rezydencki,79.71,3.51,04.03.2025 12:55:53,1,NIE,,
w-2025,13,16.04.2025,16.04.2025 09:50:33,52,77,Pomorskie,109,Nefrologia,2025/006208,Rezydencki,75.12,4.12,10.03.2025 19:16:38,1,NIE,,
w-2025,13,16.04.2025,16.04.2025 09:50:33,52,77,Pomorskie,110,Nefrologia dziecięca,2025/007147,Pozarezydencki,63.76,4.01,18.03.2025 18:41:35,1,NIE,,
w-2025,13,16.04.2025,16.04.2025 09:50:33,52,77,Pomorskie,111,Neonatologia,2025/007056,Rezydencki,79.05,3.53,27.02.2025 14:09:40,1,NIE,,
w-2025,13,16.04.2025,16.04.2025 09:50:33,52,77,Pomorskie,112,Neurochirurgia,2025/002663,Rezydencki,88.41,4.56,06.03.2025 09:40:35,1,NIE,,
w-2025,13,16.04.2025,16.04.2025 09:50:33,52,77,Pomorskie,113,Neurologia,2025/007573,Rezydencki,84.29,3.97,28.02.2025 14:45:53,5,NIE,,
w-2025,13,16.04.2025,16.04.2025 09:50:33,52,77,Pomorskie,114,Neurologia,2025/007901,Rezydencki,82.44,3.49,27.02.2025 23:50:10,5,NIE,,
w-2025,13,16.04.2025,16.04.2025 09:50:33,52,77,Pomorskie,115,Neurologia,2025/006435,Rezydencki,82.35,3.92,04.03.2025 13:59:06,5,NIE,,
w-2025,13,16.04.2025,16.04.2025 09:50:33,52,77,Pomorskie,116,Neurologia,2025/008466,Rezydencki,76.96,3.30,28.02.2025 21:02:01,5,NIE,,
w-2025,13,16.04.2025,16.04.2025 09:50:33,52,77,Pomorskie,117,Neurologia,2025/007704,Rezydencki,73.81,4.32,18.03.2025 14:16:08,5,NIE,,
w-2025,13,16.04.2025,16.04.2025 09:50:33,52,77,Pomorskie,118,Okulistyka,2025/006928,Rezydencki,89.22,4.42,26.02.2025 18:22:32,2,NIE,,
w-2025,13,16.04.2025,16.04.2025 09:50:33,52,77,Pomorskie,119,Okulistyka,2025/002043,Rezydencki,88.41,3.63,24.02.2025 21:40:55,2,NIE,,
w-2025,13,16.04.2025,16.04.2025 09:50:33,53,77,Pomorskie,120,Okulistyka,2025/007777,Pozarezydencki,82.24,4.64,28.02.2025 22:20:50,5,NIE,,
w-2025,13,16.04.2025,16.04.2025 09:50:33,53,77,Pomorskie,121,Okulistyka,2025/005194,Pozarezydencki,82.03,3.58,19.02.2025 20:24:56,5,NIE,,
w-2025,13,16.04.2025,16.04.2025 09:50:33,53,77,Pomorskie,122,Okulistyka,2025/003320,Pozarezydencki,80.45,4.32,26.02.2025 16:29:41,5,NIE,,
w-2025,13,16.04.2025,16.04.2025 09:50:33,53,77,Pomorskie,123,Okulistyka,2025/008675,Pozarezydencki,78.80,0.00,28.03.2025 13:46:06,5,NIE,,
w-2025,13,16.04.2025,16.04.2025 09:50:33,53,77,Pomorskie,124,Okulistyka,2025/002074,Pozarezydencki,78.04,4.47,27.02.2025 21:39:27,5,NIE,,
w-2025,13,16.04.2025,16.04.2025 09:50:33,53,77,Pomorskie,125,Onkologia i hematologia dziecięca,2025/008223,Rezydencki,88.89,3.95,28.02.2025 22:30:40,1,NIE,,
w-2025,13,16.04.2025,16.04.2025 09:50:33,53,77,Pomorskie,126,Onkologia i hematologia dziecięca,2025/002268,Pozarezydencki,70.91,3.88,12.03.2025 17:09:03,1,NIE,,
w-2025,13,16.04.2025,16.04.2025 09:50:33,53,77,Pomorskie,127,Onkologia kliniczna,2025/007615,Rezydencki,86.67,4.11,27.02.2025 19:40:49,1,NIE,,
w-2025,13,16.04.2025,16.04.2025 09:50:33,53,77,Pomorskie,128,Ortodoncja,2025/003401,Pozarezydencki,82.95,4.00,06.03.2025 11:55:11,1,NIE,,
w-2025,13,16.04.2025,16.04.2025 09:50:33,53,77,Pomorskie,129,Ortopedia i traumatologia narządu ruchu,2025/008035,Rezydencki,83.33,3.78,11.03.2025 16:48:18,2,NIE,,
w-2025,13,16.04.2025,16.04.2025 09:50:33,53,77,Pomorskie,130,Ortopedia i traumatologia narządu ruchu,2025/007213,Rezydencki,80.15,4.21,27.02.2025 19:15:30,2,NIE,,
w-2025,13,16.04.2025,16.04.2025 09:50:33,53,77,Pomorskie,131,Ortopedia i traumatologia narządu ruchu,2025/008287,Pozarezydencki,70.91,3.93,18.03.2025 18:32:34,1,NIE,,
w-2025,13,16.04.2025,16.04.2025 09:50:33,53,77,Pomorskie,132,Otorynolaryngologia,2025/006458,Rezydencki,86.47,3.55,12.03.2025 21:11:14,2,NIE,,
w-2025,13,16.04.2025,16.04.2025 09:50:33,53,77,Pomorskie,133,Otorynolaryngologia,2025/007604,Rezydencki,85.99,3.63,28.02.2025 22:14:12,2,NIE,,
w-2025,13,16.04.2025,16.04.2025 09:50:33,53,77,Pomorskie,134,Patomorfologia,2025/003165,Rezydencki,67.14,3.45,13.03.2025 12:57:06,1,NIE,,
w-2025,13,16.04.2025,16.04.2025 09:50:33,53,77,Pomorskie,135,Pediatria,2025/006396,Rezydencki,87.44,4.35,19.03.2025 12:49:24,7,NIE,,
w-2025,13,16.04.2025,16.04.2025 09:50:33,53,77,Pomorskie,136,Pediatria,2025/003621,Rezydencki,86.76,4.19,06.03.2025 17:55:05,7,NIE,,
w-2025,13,16.04.2025,16.04.2025 09:50:33,53,77,Pomorskie,137,Pediatria,2025/007420,Rezydencki,82.35,4.21,28.02.2025 20:01:30,7,NIE,,
w-2025,13,16.04.2025,16.04.2025 09:50:33,53,77,Pomorskie,138,Pediatria,2025/007756,Rezydencki,80.48,3.79,19.03.2025 21:47:52,7,NIE,,
w-2025,13,16.04.2025,16.04.2025 09:50:33,53,77,Pomorskie,139,Pediatria,2025/003377,Rezydencki,78.26,3.89,09.02.2025 21:46:11,7,NIE,,
w-2025,13,16.04.2025,16.04.2025 09:50:33,53,77,Pomorskie,140,Pediatria,2025/004093,Rezydencki,69.76,3.70,28.02.2025 00:02:44,7,NIE,,
w-2025,13,16.04.2025,16.04.2025 09:50:33,53,77,Pomorskie,141,Pediatria,2025/008368,Rezydencki,65.37,3.61,24.03.2025 12:44:34,7,NIE,,
w-2025,13,16.04.2025,16.04.2025 09:50:33,53,77,Pomorskie,142,Pediatria,2025/002387,Pozarezydencki,82.27,3.30,07.03.2025 10:29:28,3,NIE,,
w-2025,13,16.04.2025,16.04.2025 09:50:33,53,77,Pomorskie,143,Pediatria,2025/002086,Pozarezydencki,72.22,3.09,05.02.2025 19:32:19,3,NIE,,
w-2025,13,16.04.2025,16.04.2025 09:50:33,53,77,Pomorskie,144,Pediatria,2025/003295,Pozarezydencki,70.75,3.84,07.03.2025 15:56:48,3,NIE,,
w-2025,13,16.04.2025,16.04.2025 09:50:33,53,77,Pomorskie,145,Położnictwo i ginekologia,2025/002042,Rezydencki,88.65,4.25,04.03.2025 10:48:24,5,NIE,,
w-2025,13,16.04.2025,16.04.2025 09:50:33,53,77,Pomorskie,146,Położnictwo i ginekologia,2025/002229,Rezydencki,84.54,3.90,11.03.2025 17:00:43,5,NIE,,
w-2025,13,16.04.2025,16.04.2025 09:50:33,53,77,Pomorskie,147,Położnictwo i ginekologia,2025/004524,Rezydencki,83.41,3.54,20.03.2025 23:14:50,5,NIE,,
w-2025,13,16.04.2025,16.04.2025 09:50:33,53,77,Pomorskie,148,Położnictwo i ginekologia,2025/007072,Rezydencki,81.16,4.37,26.02.2025 21:20:24,5,NIE,,
w-2025,13,16.04.2025,16.04.2025 09:50:33,53,77,Pomorskie,149,Położnictwo i ginekologia,2025/007176,Rezydencki,79.41,3.69,04.03.2025 10:22:40,5,NIE,,
w-2025,13,16.04.2025,16.04.2025 09:50:33,53,77,Pomorskie,150,Protetyka stomatologiczna,2025/002114,Rezydencki,83.98,4.55,02.02.2025 11:38:30,2,NIE,,
w-2025,13,16.04.2025,16.04.2025 09:50:33,53,77,Pomorskie,151,Protetyka stomatologiczna,2025/002128,Rezydencki,83.73,4.26,03.03.2025 12:58:39,2,NIE,,
w-2025,13,16.04.2025,16.04.2025 09:50:33,53,77,Pomorskie,152,Psychiatria,2025/006504,Rezydencki,88.29,4.00,13.03.2025 10:37:05,10,NIE,,
w-2025,13,16.04.2025,16.04.2025 09:50:33,53,77,Pomorskie,153,Psychiatria,2025/004019,Rezydencki,88.24,4.08,05.03.2025 21:13:43,10,NIE,,
w-2025,13,16.04.2025,16.04.2025 09:50:33,53,77,Pomorskie,154,Psychiatria,2025/005799,Rezydencki,87.38,3.93,10.03.2025 10:16:40,10,NIE,,
w-2025,13,16.04.2025,16.04.2025 09:50:33,53,77,Pomorskie,155,Psychiatria,2025/004506,Rezydencki,85.37,4.09,06.03.2025 10:13:51,10,NIE,,
w-2025,13,16.04.2025,16.04.2025 09:50:33,53,77,Pomorskie,156,Psychiatria,2025/007580,Rezydencki,85.29,4.18,09.03.2025 23:14:24,10,NIE,,
w-2025,13,16.04.2025,16.04.2025 09:50:33,53,77,Pomorskie,157,Psychiatria,2025/002172,Rezydencki,85.29,3.46,25.02.2025 22:15:17,10,NIE,,
w-2025,13,16.04.2025,16.04.2025 09:50:33,54,77,Pomorskie,158,Psychiatria,2025/008497,Rezydencki,84.54,3.98,19.03.2025 12:23:00,10,NIE,,
w-2025,13,16.04.2025,16.04.2025 09:50:33,54,77,Pomorskie,159,Psychiatria,2025/002065,Rezydencki,80.49,4.03,13.03.2025 21:08:45,10,NIE,,
w-2025,13,16.04.2025,16.04.2025 09:50:33,54,77,Pomorskie,160,Psychiatria,2025/006792,Rezydencki,79.71,3.55,28.02.2025 15:37:10,10,NIE,,
w-2025,13,16.04.2025,16.04.2025 09:50:33,54,77,Pomorskie,161,Psychiatria,2025/008671,Rezydencki,75.49,4.13,15.03.2025 20:27:28,10,NIE,,
w-2025,13,16.04.2025,16.04.2025 09:50:33,54,77,Pomorskie,162,Psychiatria dzieci i młodzieży,2025/006270,Rezydencki,87.75,4.37,26.02.2025 22:07:11,2,NIE,,
w-2025,13,16.04.2025,16.04.2025 09:50:33,54,77,Pomorskie,163,Psychiatria dzieci i młodzieży,2025/007472,Rezydencki,80.19,3.46,27.02.2025 16:20:53,2,NIE,,
w-2025,13,16.04.2025,16.04.2025 09:50:33,54,77,Pomorskie,164,Psychiatria dzieci i młodzieży,2025/004226,Pozarezydencki,81.82,3.45,10.03.2025 22:19:22,2,NIE,,
w-2025,13,16.04.2025,16.04.2025 09:50:33,54,77,Pomorskie,165,Psychiatria dzieci i młodzieży,2025/002913,Pozarezydencki,72.20,3.88,12.03.2025 19:45:01,2,NIE,,
w-2025,13,16.04.2025,16.04.2025 09:50:33,54,77,Pomorskie,166,Radiologia i diagnostyka obrazowa,2025/004172,Rezydencki,89.22,4.31,15.02.2025 13:50:30,5,NIE,,
w-2025,13,16.04.2025,16.04.2025 09:50:33,54,77,Pomorskie,167,Radiologia i diagnostyka obrazowa,2025/004530,Rezydencki,86.96,4.41,28.02.2025 19:59:35,5,NIE,,
w-2025,13,16.04.2025,16.04.2025 09:50:33,54,77,Pomorskie,168,Radiologia i diagnostyka obrazowa,2025/006867,Rezydencki,86.47,3.58,28.02.2025 00:18:39,5,NIE,,
w-2025,13,16.04.2025,16.04.2025 09:50:33,54,77,Pomorskie,169,Radiologia i diagnostyka obrazowa,2025/006783,Rezydencki,86.34,4.03,27.02.2025 21:43:33,5,NIE,,
w-2025,13,16.04.2025,16.04.2025 09:50:33,54,77,Pomorskie,170,Radiologia i diagnostyka obrazowa,2025/008113,Rezydencki,86.19,3.87,28.02.2025 21:24:47,5,NIE,,
w-2025,13,16.04.2025,16.04.2025 09:50:33,54,77,Pomorskie,171,Radiologia i diagnostyka obrazowa,2025/004327,Pozarezydencki,82.03,4.78,14.02.2025 16:44:04,6,NIE,,
w-2025,13,16.04.2025,16.04.2025 09:50:33,54,77,Pomorskie,172,Radiologia i diagnostyka obrazowa,2025/001905,Pozarezydencki,80.45,4.42,21.03.2025 13:47:09,6,NIE,,
w-2025,13,16.04.2025,16.04.2025 09:50:33,54,77,Pomorskie,173,Radiologia i diagnostyka obrazowa,2025/008461,Pozarezydencki,74.30,3.86,28.02.2025 21:07:24,6,NIE,,
w-2025,13,16.04.2025,16.04.2025 09:50:33,54,77,Pomorskie,174,Radiologia i diagnostyka obrazowa,2025/004660,Pozarezydencki,72.22,0.00,09.03.2025 21:05:39,6,NIE,,
w-2025,13,16.04.2025,16.04.2025 09:50:33,54,77,Pomorskie,175,Radiologia i diagnostyka obrazowa,2025/006052,Pozarezydencki,65.45,3.88,28.02.2025 05:37:23,6,NIE,,
w-2025,13,16.04.2025,16.04.2025 09:50:33,54,77,Pomorskie,176,Radiologia i diagnostyka obrazowa,2025/004139,Pozarezydencki,64.09,4.46,07.03.2025 09:09:40,6,NIE,,
w-2025,13,16.04.2025,16.04.2025 09:50:33,54,77,Pomorskie,177,Radioterapia onkologiczna,2025/002231,Rezydencki,87.32,3.43,05.03.2025 16:33:18,1,NIE,,
w-2025,13,16.04.2025,16.04.2025 09:50:33,54,77,Pomorskie,178,Radioterapia onkologiczna,2025/002170,Pozarezydencki,66.97,0.00,02.02.2025 16:25:26,1,NIE,,
w-2025,13,16.04.2025,16.04.2025 09:50:33,54,77,Pomorskie,179,Reumatologia,2025/002619,Rezydencki,89.95,4.41,28.02.2025 22:57:17,4,NIE,,
w-2025,13,16.04.2025,16.04.2025 09:50:33,54,77,Pomorskie,180,Reumatologia,2025/006245,Rezydencki,89.27,4.57,26.02.2025 23:45:14,4,NIE,,
w-2025,13,16.04.2025,16.04.2025 09:50:33,54,77,Pomorskie,181,Reumatologia,2025/007960,Rezydencki,88.41,4.38,28.02.2025 19:50:34,4,NIE,,
w-2025,13,16.04.2025,16.04.2025 09:50:33,54,77,Pomorskie,182,Reumatologia,2025/002055,Rezydencki,88.41,4.10,15.02.2025 22:02:54,4,NIE,,
w-2025,13,16.04.2025,16.04.2025 09:50:33,54,77,Pomorskie,183,Stomatologia dziecięca,2025/003160,Rezydencki,83.81,3.65,05.03.2025 06:17:23,1,NIE,,
w-2025,13,16.04.2025,16.04.2025 09:50:33,54,77,Pomorskie,184,Stomatologia zachowawcza z endodoncją,2025/004937,Rezydencki,83.65,4.36,24.02.2025 21:51:50,2,NIE,,
w-2025,13,16.04.2025,16.04.2025 09:50:33,54,77,Pomorskie,185,Stomatologia zachowawcza z endodoncją,2025/005145,Rezydencki,67.63,0.00,28.03.2025 10:34:44,2,NIE,,
w-2025,13,16.04.2025,16.04.2025 09:50:33,54,77,Pomorskie,186,Toksykologia kliniczna,2025/001909,Pozarezydencki,62.27,0.00,21.03.2025 15:04:27,1,NIE,,
w-2025,13,16.04.2025,16.04.2025 09:50:33,54,77,Pomorskie,187,Transplantologia kliniczna,2025/003878,Pozarezydencki,75.45,3.03,24.03.2025 17:14:07,3,NIE,,
w-2025,13,16.04.2025,16.04.2025 09:50:33,54,77,Pomorskie,188,Transplantologia kliniczna,2025/002524,Pozarezydencki,72.69,3.53,12.03.2025 19:20:58,3,NIE,,
w-2025,13,16.04.2025,16.04.2025 09:50:33,54,77,Pomorskie,189,Transplantologia kliniczna,2025/002671,Pozarezydencki,65.68,3.26,21.03.2025 08:51:06,3,NIE,,
w-2025,13,16.04.2025,16.04.2025 09:50:33,54,77,Pomorskie,190,Zdrowie publiczne,2025/005259,Rezydencki,80.48,3.75,27.02.2025 14:24:41,1,NIE,,
w-2025,13,16.04.2025,16.04.2025 09:50:33,55,77,Pomorskie,1,Chirurgia ogólna,2025/004014,Rezydencki,85.27,4.33,12.03.2025 18:24:22,1,TAK,Uniwersyteckie Centrum Kliniczne,"Klinika Chirurgii Onkologicznej, Transplantacyjnej i Ogólnej"
w-2025,13,16.04.2025,16.04.2025 09:50:33,55,77,Pomorskie,1,Dermatologia i wenerologia,2025/001897,Rezydencki,88.57,3.46,07.03.2025 08:53:04,1,TAK,Uniwersyteckie Centrum Kliniczne,"Klinika Dermatologii, Wenerologii i Alergologii"
w-2025,13,16.04.2025,16.04.2025 09:50:33,55,77,Pomorskie,1,Pediatria,2025/003603,Rezydencki,81.40,3.76,24.02.2025 22:26:15,1,TAK,Uniwersyteckie Centrum Kliniczne,Klinika Kardiologii Dziecięcej i Wad Wrodzonych Serca
w-2025,13,16.04.2025,16.04.2025 09:50:33,55,77,Pomorskie,1,Okulistyka,2025/002048,Rezydencki,84.39,3.65,01.02.2025 19:05:20,1,TAK,Uniwersyteckie Centrum Kliniczne,Klinika Okulistyki
w-2025,13,16.04.2025,16.04.2025 09:50:33,55,77,Pomorskie,1,Radioterapia onkologiczna,2025/006091,Rezydencki,69.12,0.00,24.02.2025 23:01:35,1,TAK,Uniwersyteckie Centrum Kliniczne,Klinika Onkologii i Radioterapii
w-2025,13,16.04.2025,16.04.2025 09:50:33,55,77,Śląskie,1,Alergologia,2025/005001,Rezydencki,88.24,3.85,24.02.2025 10:06:35,1,NIE,,
w-2025,13,16.04.2025,16.04.2025 09:50:33,55,77,Śląskie,2,Anestezjologia i intensywna terapia,2025/007674,Rezydencki,92.86,4.14,14.03.2025 08:00:53,18,NIE,,
w-2025,13,16.04.2025,16.04.2025 09:50:33,55,77,Śląskie,3,Anestezjologia i intensywna terapia,2025/007848,Rezydencki,90.49,4.33,28.02.2025 09:19:26,18,NIE,,
w-2025,13,16.04.2025,16.04.2025 09:50:33,55,77,Śląskie,4,Anestezjologia i intensywna terapia,2025/006252,Rezydencki,89.02,4.67,27.02.2025 22:36:26,18,NIE,,
w-2025,13,16.04.2025,16.04.2025 09:50:33,55,77,Śląskie,5,Anestezjologia i intensywna terapia,2025/008409,Rezydencki,88.89,3.55,17.03.2025 19:48:04,18,NIE,,
w-2025,13,16.04.2025,16.04.2025 09:50:33,55,77,Śląskie,6,Anestezjologia i intensywna terapia,2025/005384,Rezydencki,84.80,3.69,27.02.2025 22:17:15,18,NIE,,
w-2025,13,16.04.2025,16.04.2025 09:50:33,55,77,Śląskie,7,Anestezjologia i intensywna terapia,2025/008565,Rezydencki,84.15,3.21,19.03.2025 08:46:11,18,NIE,,
w-2025,13,16.04.2025,16.04.2025 09:50:33,55,77,Śląskie,8,Anestezjologia i intensywna terapia,2025/006064,Rezydencki,83.82,3.53,17.03.2025 11:14:00,18,NIE,,
w-2025,13,16.04.2025,16.04.2025 09:50:33,55,77,Śląskie,9,Anestezjologia i intensywna terapia,2025/008341,Rezydencki,83.66,3.87,28.02.2025 19:36:53,18,NIE,,
w-2025,13,16.04.2025,16.04.2025 09:50:33,55,77,Śląskie,10,Anestezjologia i intensywna terapia,2025/003585,Rezydencki,83.41,3.74,15.03.2025 20:19:31,18,NIE,,
w-2025,13,16.04.2025,16.04.2025 09:50:33,55,77,Śląskie,11,Anestezjologia i intensywna terapia,2025/003882,Rezydencki,83.09,4.16,17.03.2025 19:02:26,18,NIE,,
w-2025,13,16.04.2025,16.04.2025 09:50:33,55,77,Śląskie,12,Anestezjologia i intensywna terapia,2025/007052,Rezydencki,82.38,3.59,17.03.2025 10:49:41,18,NIE,,
w-2025,13,16.04.2025,16.04.2025 09:50:33,55,77,Śląskie,13,Anestezjologia i intensywna terapia,2025/004759,Rezydencki,81.43,4.29,17.03.2025 17:09:53,18,NIE,,
w-2025,13,16.04.2025,16.04.2025 09:50:33,55,77,Śląskie,14,Anestezjologia i intensywna terapia,2025/007339,Rezydencki,81.37,3.34,18.03.2025 13:51:28,18,NIE,,
w-2025,13,16.04.2025,16.04.2025 09:50:33,55,77,Śląskie,15,Anestezjologia i intensywna terapia,2025/008306,Rezydencki,80.95,3.64,14.03.2025 18:14:28,18,NIE,,
w-2025,13,16.04.2025,16.04.2025 09:50:33,55,77,Śląskie,16,Anestezjologia i intensywna terapia,2025/004667,Rezydencki,80.19,3.50,17.02.2025 12:39:09,18,NIE,,
w-2025,13,16.04.2025,16.04.2025 09:50:33,55,77,Śląskie,17,Anestezjologia i intensywna terapia,2025/007477,Rezydencki,79.71,3.46,28.02.2025 10:26:34,18,NIE,,
w-2025,13,16.04.2025,16.04.2025 09:50:33,56,77,Śląskie,18,Anestezjologia i intensywna terapia,2025/003584,Rezydencki,78.54,3.62,17.03.2025 09:47:36,18,NIE,,
w-2025,13,16.04.2025,16.04.2025 09:50:33,56,77,Śląskie,19,Anestezjologia i intensywna terapia,2025/004996,Rezydencki,77.62,3.39,28.02.2025 00:37:41,18,NIE,,
w-2025,13,16.04.2025,16.04.2025 09:50:33,56,77,Śląskie,20,Anestezjologia i intensywna terapia,2025/008117,Pozarezydencki,67.45,0.00,18.03.2025 08:40:32,4,NIE,,
w-2025,13,16.04.2025,16.04.2025 09:50:33,56,77,Śląskie,21,Anestezjologia i intensywna terapia,2025/008535,Pozarezydencki,63.93,0.00,16.03.2025 18:27:12,4,NIE,,
w-2025,13,16.04.2025,16.04.2025 09:50:33,56,77,Śląskie,22,Anestezjologia i intensywna terapia,2025/007781,Pozarezydencki,54.13,3.32,14.03.2025 09:38:36,4,NIE,,
w-2025,13,16.04.2025,16.04.2025 09:50:33,56,77,Śląskie,23,Anestezjologia i intensywna terapia,2025/006327,Pozarezydencki,0.00,0.00,28.02.2025 09:47:00,4,NIE,,
w-2025,13,16.04.2025,16.04.2025 09:50:33,56,77,Śląskie,24,Angiologia,2025/007166,Rezydencki,77.14,4.45,17.03.2025 17:27:16,1,NIE,,
w-2025,13,16.04.2025,16.04.2025 09:50:33,56,77,Śląskie,25,Audiologia i foniatria,2025/004138,Rezydencki,85.02,3.96,28.02.2025 18:25:37,1,NIE,,
w-2025,13,16.04.2025,16.04.2025 09:50:33,56,77,Śląskie,26,Balneologia i medycyna fizykalna,2025/002706,Pozarezydencki,70.91,3.67,06.02.2025 15:14:13,3,NIE,,
w-2025,13,16.04.2025,16.04.2025 09:50:33,56,77,Śląskie,27,Balneologia i medycyna fizykalna,2025/006664,Pozarezydencki,68.64,0.00,27.03.2025 15:12:02,3,NIE,,
w-2025,13,16.04.2025,16.04.2025 09:50:33,56,77,Śląskie,28,Balneologia i medycyna fizykalna,2025/002998,Pozarezydencki,55.30,0.00,28.03.2025 08:48:41,3,NIE,,
w-2025,13,16.04.2025,16.04.2025 09:50:33,56,77,Śląskie,29,Chirurgia dziecięca,2025/007129,Rezydencki,76.67,3.46,26.02.2025 22:16:44,1,NIE,,
w-2025,13,16.04.2025,16.04.2025 09:50:33,56,77,Śląskie,30,Chirurgia klatki piersiowej,2025/002090,Rezydencki,69.05,0.00,17.03.2025 11:01:21,1,NIE,,
w-2025,13,16.04.2025,16.04.2025 09:50:33,56,77,Śląskie,31,Chirurgia naczyniowa,2025/006181,Rezydencki,86.67,4.09,27.02.2025 20:04:19,1,NIE,,
w-2025,13,16.04.2025,16.04.2025 09:50:33,56,77,Śląskie,32,Chirurgia naczyniowa,2025/002349,Pozarezydencki,71.26,3.94,24.03.2025 13:54:43,2,NIE,,
w-2025,13,16.04.2025,16.04.2025 09:50:33,56,77,Śląskie,33,Chirurgia naczyniowa,2025/002830,Pozarezydencki,70.91,4.27,20.03.2025 19:05:55,2,NIE,,
w-2025,13,16.04.2025,16.04.2025 09:50:33,56,77,Śląskie,34,Chirurgia ogólna,2025/003323,Rezydencki,86.83,3.92,11.02.2025 20:31:34,5,NIE,,
w-2025,13,16.04.2025,16.04.2025 09:50:33,56,77,Śląskie,35,Chirurgia ogólna,2025/006939,Rezydencki,79.52,4.50,27.02.2025 21:07:08,5,NIE,,
w-2025,13,16.04.2025,16.04.2025 09:50:33,56,77,Śląskie,36,Chirurgia ogólna,2025/007731,Rezydencki,73.53,3.67,27.02.2025 21:56:14,5,NIE,,
w-2025,13,16.04.2025,16.04.2025 09:50:33,56,77,Śląskie,37,Chirurgia ogólna,2025/004526,Rezydencki,67.89,3.42,26.02.2025 21:27:27,5,NIE,,
w-2025,13,16.04.2025,16.04.2025 09:50:33,56,77,Śląskie,38,Chirurgia ogólna,2025/004761,Rezydencki,65.69,3.53,20.03.2025 11:40:34,5,NIE,,
w-2025,13,16.04.2025,16.04.2025 09:50:33,56,77,Śląskie,39,Chirurgia onkologiczna,2025/007016,Rezydencki,86.96,4.05,28.02.2025 19:52:31,2,NIE,,
w-2025,13,16.04.2025,16.04.2025 09:50:33,56,77,Śląskie,40,Chirurgia onkologiczna,2025/003102,Rezydencki,72.86,3.14,17.03.2025 11:54:38,2,NIE,,
w-2025,13,16.04.2025,16.04.2025 09:50:33,56,77,Śląskie,41,Chirurgia onkologiczna,2025/002875,Pozarezydencki,88.91,4.10,20.03.2025 10:59:59,6,NIE,,
w-2025,13,16.04.2025,16.04.2025 09:50:33,56,77,Śląskie,42,Chirurgia onkologiczna,2025/004394,Pozarezydencki,80.68,3.83,19.03.2025 11:14:08,6,NIE,,
w-2025,13,16.04.2025,16.04.2025 09:50:33,56,77,Śląskie,43,Chirurgia onkologiczna,2025/008060,Pozarezydencki,80.23,4.31,14.03.2025 11:49:26,6,NIE,,
w-2025,13,16.04.2025,16.04.2025 09:50:33,56,77,Śląskie,44,Chirurgia onkologiczna,2025/005603,Pozarezydencki,80.00,3.44,24.02.2025 17:57:54,6,NIE,,
w-2025,13,16.04.2025,16.04.2025 09:50:33,56,77,Śląskie,45,Chirurgia onkologiczna,2025/002192,Pozarezydencki,78.41,4.00,20.03.2025 22:31:45,6,NIE,,
w-2025,13,16.04.2025,16.04.2025 09:50:33,56,77,Śląskie,46,Chirurgia onkologiczna,2025/008004,Pozarezydencki,76.36,3.06,24.03.2025 21:06:59,6,NIE,,
w-2025,13,16.04.2025,16.04.2025 09:50:33,56,77,Śląskie,47,Chirurgia stomatologiczna,2025/006537,Rezydencki,85.51,3.75,25.02.2025 20:21:41,3,NIE,,
w-2025,13,16.04.2025,16.04.2025 09:50:33,56,77,Śląskie,48,Chirurgia stomatologiczna,2025/001935,Rezydencki,84.62,4.30,03.02.2025 12:27:22,3,NIE,,
w-2025,13,16.04.2025,16.04.2025 09:50:33,56,77,Śląskie,49,Chirurgia stomatologiczna,2025/004411,Rezydencki,84.29,4.25,19.02.2025 10:22:57,3,NIE,,
w-2025,13,16.04.2025,16.04.2025 09:50:33,56,77,Śląskie,50,Chirurgia szczękowo-twarzowa,2025/006099,Pozarezydencki,76.71,4.13,18.03.2025 13:24:14,1,NIE,,
w-2025,13,16.04.2025,16.04.2025 09:50:33,56,77,Śląskie,51,Choroby płuc,2025/006661,Rezydencki,90.20,4.43,28.02.2025 22:30:49,6,NIE,,
w-2025,13,16.04.2025,16.04.2025 09:50:33,56,77,Śląskie,52,Choroby płuc,2025/003345,Rezydencki,86.76,4.21,17.03.2025 17:21:44,6,NIE,,
w-2025,13,16.04.2025,16.04.2025 09:50:33,56,77,Śląskie,53,Choroby płuc,2025/004185,Rezydencki,86.43,4.04,16.03.2025 11:48:40,6,NIE,,
w-2025,13,16.04.2025,16.04.2025 09:50:33,56,77,Śląskie,54,Choroby płuc,2025/007665,Rezydencki,83.33,4.04,28.02.2025 09:01:55,6,NIE,,
w-2025,13,16.04.2025,16.04.2025 09:50:33,56,77,Śląskie,55,Choroby płuc,2025/006233,Rezydencki,82.61,0.00,28.03.2025 13:16:00,6,NIE,,
w-2025,13,16.04.2025,16.04.2025 09:50:33,57,77,Śląskie,56,Choroby płuc,2025/005848,Rezydencki,80.95,3.95,27.02.2025 18:19:04,6,NIE,,
w-2025,13,16.04.2025,16.04.2025 09:50:33,57,77,Śląskie,57,Choroby płuc,2025/006289,Pozarezydencki,81.31,3.92,13.03.2025 20:37:56,3,NIE,,
w-2025,13,16.04.2025,16.04.2025 09:50:33,57,77,Śląskie,58,Choroby płuc,2025/003208,Pozarezydencki,80.00,4.41,28.02.2025 08:56:50,3,NIE,,
w-2025,13,16.04.2025,16.04.2025 09:50:33,57,77,Śląskie,59,Choroby płuc,2025/006158,Pozarezydencki,66.36,3.32,28.03.2025 13:11:10,3,NIE,,
w-2025,13,16.04.2025,16.04.2025 09:50:33,57,77,Śląskie,60,Choroby wewnętrzne,2025/005673,Rezydencki,86.27,3.36,20.03.2025 12:27:42,13,NIE,,
w-2025,13,16.04.2025,16.04.2025 09:50:33,57,77,Śląskie,61,Choroby wewnętrzne,2025/006134,Rezydencki,86.03,4.15,27.02.2025 20:38:45,13,NIE,,
w-2025,13,16.04.2025,16.04.2025 09:50:33,57,77,Śląskie,62,Choroby wewnętrzne,2025/003909,Rezydencki,85.78,4.28,26.02.2025 20:53:48,13,NIE,,
w-2025,13,16.04.2025,16.04.2025 09:50:33,57,77,Śląskie,63,Choroby wewnętrzne,2025/005886,Rezydencki,84.54,4.10,28.02.2025 14:09:53,13,NIE,,
w-2025,13,16.04.2025,16.04.2025 09:50:33,57,77,Śląskie,64,Choroby wewnętrzne,2025/004778,Rezydencki,84.54,3.89,17.02.2025 18:17:41,13,NIE,,
w-2025,13,16.04.2025,16.04.2025 09:50:33,57,77,Śląskie,65,Choroby wewnętrzne,2025/002116,Rezydencki,84.54,3.61,24.03.2025 15:46:38,13,NIE,,
w-2025,13,16.04.2025,16.04.2025 09:50:33,57,77,Śląskie,66,Choroby wewnętrzne,2025/006214,Rezydencki,82.44,4.18,19.03.2025 17:58:17,13,NIE,,
w-2025,13,16.04.2025,16.04.2025 09:50:33,57,77,Śląskie,67,Choroby wewnętrzne,2025/007736,Rezydencki,79.90,0.00,31.03.2025 12:42:51,13,NIE,,
w-2025,13,16.04.2025,16.04.2025 09:50:33,57,77,Śląskie,68,Choroby wewnętrzne,2025/003998,Rezydencki,78.26,3.36,24.03.2025 21:35:31,13,NIE,,
w-2025,13,16.04.2025,16.04.2025 09:50:33,57,77,Śląskie,69,Choroby wewnętrzne,2025/006955,Rezydencki,72.86,3.41,21.03.2025 14:26:53,13,NIE,,
w-2025,13,16.04.2025,16.04.2025 09:50:33,57,77,Śląskie,70,Choroby wewnętrzne,2025/003536,Rezydencki,70.59,3.91,10.02.2025 15:20:56,13,NIE,,
w-2025,13,16.04.2025,16.04.2025 09:50:33,57,77,Śląskie,71,Choroby wewnętrzne,2025/005821,Rezydencki,67.38,3.59,26.02.2025 19:39:19,13,NIE,,
w-2025,13,16.04.2025,16.04.2025 09:50:33,57,77,Śląskie,72,Choroby wewnętrzne,2025/006632,Rezydencki,0.00,0.00,25.02.2025 23:06:50,13,NIE,,
w-2025,13,16.04.2025,16.04.2025 09:50:33,57,77,Śląskie,73,Choroby wewnętrzne,2025/006124,Pozarezydencki,70.09,0.00,25.03.2025 14:44:02,1,NIE,,
w-2025,13,16.04.2025,16.04.2025 09:50:33,57,77,Śląskie,74,Choroby zakaźne,2025/004369,Rezydencki,88.16,4.45,24.03.2025 16:28:25,3,NIE,,
w-2025,13,16.04.2025,16.04.2025 09:50:33,57,77,Śląskie,75,Choroby zakaźne,2025/004367,Rezydencki,80.92,4.21,19.02.2025 22:19:42,3,NIE,,
w-2025,13,16.04.2025,16.04.2025 09:50:33,57,77,Śląskie,76,Choroby zakaźne,2025/007497,Rezydencki,71.57,3.78,27.02.2025 22:48:52,3,NIE,,
w-2025,13,16.04.2025,16.04.2025 09:50:33,57,77,Śląskie,77,Choroby zakaźne,2025/006974,Pozarezydencki,76.36,3.55,17.03.2025 13:13:25,1,NIE,,
w-2025,13,16.04.2025,16.04.2025 09:50:33,57,77,Śląskie,78,Dermatologia i wenerologia,2025/002101,Rezydencki,91.30,4.45,12.02.2025 14:10:09,1,NIE,,
w-2025,13,16.04.2025,16.04.2025 09:50:33,57,77,Śląskie,79,Diabetologia,2025/006993,Rezydencki,90.24,4.30,27.02.2025 23:44:03,3,NIE,,
w-2025,13,16.04.2025,16.04.2025 09:50:33,57,77,Śląskie,80,Diabetologia,2025/005659,Rezydencki,87.07,4.11,28.02.2025 18:47:21,3,NIE,,
w-2025,13,16.04.2025,16.04.2025 09:50:33,57,77,Śląskie,81,Diabetologia,2025/005217,Rezydencki,86.83,4.15,27.02.2025 23:47:50,3,NIE,,
w-2025,13,16.04.2025,16.04.2025 09:50:33,57,77,Śląskie,82,Diabetologia,2025/003167,Pozarezydencki,84.55,4.26,07.02.2025 18:14:12,2,NIE,,
w-2025,13,16.04.2025,16.04.2025 09:50:33,57,77,Śląskie,83,Diabetologia,2025/007083,Pozarezydencki,78.64,2.70,17.03.2025 12:29:34,2,NIE,,
w-2025,13,16.04.2025,16.04.2025 09:50:33,57,77,Śląskie,84,Endokrynologia i diabetologia dziecięca,2025/007184,Rezydencki,87.75,4.29,16.03.2025 23:17:13,1,NIE,,
w-2025,13,16.04.2025,16.04.2025 09:50:33,57,77,Śląskie,85,Farmakologia kliniczna,2025/008543,Pozarezydencki,60.09,0.00,28.02.2025 22:00:18,1,NIE,,
w-2025,13,16.04.2025,16.04.2025 09:50:33,57,77,Śląskie,86,Gastroenterologia,2025/007985,Pozarezydencki,79.77,3.56,28.02.2025 23:08:53,2,NIE,,
w-2025,13,16.04.2025,16.04.2025 09:50:33,57,77,Śląskie,87,Gastroenterologia,2025/002017,Pozarezydencki,76.04,3.26,27.03.2025 08:27:05,2,NIE,,
w-2025,13,16.04.2025,16.04.2025 09:50:33,57,77,Śląskie,88,Gastroenterologia dziecięca,2025/003352,Pozarezydencki,86.82,4.20,09.02.2025 18:29:15,3,NIE,,
w-2025,13,16.04.2025,16.04.2025 09:50:33,57,77,Śląskie,89,Gastroenterologia dziecięca,2025/002592,Pozarezydencki,76.61,4.34,17.03.2025 12:35:06,3,NIE,,
w-2025,13,16.04.2025,16.04.2025 09:50:33,57,77,Śląskie,90,Gastroenterologia dziecięca,2025/005609,Pozarezydencki,73.18,0.00,21.02.2025 22:01:48,3,NIE,,
w-2025,13,16.04.2025,16.04.2025 09:50:33,57,77,Śląskie,91,Genetyka kliniczna,2025/005713,Pozarezydencki,75.23,4.27,18.03.2025 06:48:22,1,NIE,,
w-2025,13,16.04.2025,16.04.2025 09:50:33,57,77,Śląskie,92,Geriatria,2025/004073,Pozarezydencki,84.55,4.38,25.03.2025 13:26:58,2,NIE,,
w-2025,13,16.04.2025,16.04.2025 09:50:33,57,77,Śląskie,93,Geriatria,2025/008164,Pozarezydencki,75.45,0.00,18.03.2025 17:10:59,2,NIE,,
w-2025,13,16.04.2025,16.04.2025 09:50:33,58,77,Śląskie,94,Hematologia,2025/004215,Rezydencki,81.90,4.13,19.03.2025 22:11:01,1,NIE,,
w-2025,13,16.04.2025,16.04.2025 09:50:33,58,77,Śląskie,95,Intensywna terapia,2025/008275,Pozarezydencki,79.32,0.00,21.03.2025 15:53:13,2,NIE,,
w-2025,13,16.04.2025,16.04.2025 09:50:33,58,77,Śląskie,96,Intensywna terapia,2025/006469,Pozarezydencki,71.50,3.95,25.02.2025 18:19:54,2,NIE,,
w-2025,13,16.04.2025,16.04.2025 09:50:33,58,77,Śląskie,97,Kardiochirurgia,2025/005934,Rezydencki,83.33,3.83,22.03.2025 13:53:00,1,NIE,,
w-2025,13,16.04.2025,16.04.2025 09:50:33,58,77,Śląskie,98,Kardiologia,2025/002206,Rezydencki,89.86,4.59,22.02.2025 13:07:48,5,NIE,,
w-2025,13,16.04.2025,16.04.2025 09:50:33,58,77,Śląskie,99,Kardiologia,2025/004346,Rezydencki,88.89,4.18,15.02.2025 09:18:36,5,NIE,,
w-2025,13,16.04.2025,16.04.2025 09:50:33,58,77,Śląskie,100,Kardiologia,2025/001911,Rezydencki,88.89,4.08,01.02.2025 09:52:42,5,NIE,,
w-2025,13,16.04.2025,16.04.2025 09:50:33,58,77,Śląskie,101,Kardiologia,2025/002050,Rezydencki,88.41,4.21,09.02.2025 14:01:41,5,NIE,,
w-2025,13,16.04.2025,16.04.2025 09:50:33,58,77,Śląskie,102,Kardiologia,2025/008178,Rezydencki,87.20,4.03,20.03.2025 07:25:47,5,NIE,,
w-2025,13,16.04.2025,16.04.2025 09:50:33,58,77,Śląskie,103,Kardiologia,2025/007761,Pozarezydencki,82.48,4.55,25.03.2025 07:05:10,6,NIE,,
w-2025,13,16.04.2025,16.04.2025 09:50:33,58,77,Śląskie,104,Kardiologia,2025/007694,Pozarezydencki,78.14,3.33,14.03.2025 22:03:17,6,NIE,,
w-2025,13,16.04.2025,16.04.2025 09:50:33,58,77,Śląskie,105,Kardiologia,2025/008322,Pozarezydencki,75.58,3.78,20.03.2025 18:21:42,6,NIE,,
w-2025,13,16.04.2025,16.04.2025 09:50:33,58,77,Śląskie,106,Kardiologia,2025/004333,Pozarezydencki,70.91,3.91,25.03.2025 12:15:56,6,NIE,,
w-2025,13,16.04.2025,16.04.2025 09:50:33,58,77,Śląskie,107,Kardiologia,2025/002674,Pozarezydencki,67.74,4.21,27.02.2025 00:34:55,6,NIE,,
w-2025,13,16.04.2025,16.04.2025 09:50:33,58,77,Śląskie,108,Kardiologia,2025/007717,Pozarezydencki,62.62,3.79,27.02.2025 21:18:14,6,NIE,,
w-2025,13,16.04.2025,16.04.2025 09:50:33,58,77,Śląskie,109,Kardiologia dziecięca,2025/002039,Rezydencki,84.88,4.01,15.03.2025 21:10:31,3,NIE,,
w-2025,13,16.04.2025,16.04.2025 09:50:33,58,77,Śląskie,110,Kardiologia dziecięca,2025/007145,Rezydencki,82.38,3.41,27.02.2025 23:18:25,3,NIE,,
w-2025,13,16.04.2025,16.04.2025 09:50:33,58,77,Śląskie,111,Kardiologia dziecięca,2025/008391,Rezydencki,82.35,3.99,19.03.2025 10:30:35,3,NIE,,
w-2025,13,16.04.2025,16.04.2025 09:50:33,58,77,Śląskie,112,Medycyna nuklearna,2025/001870,Rezydencki,75.61,3.77,01.02.2025 00:27:55,2,NIE,,
w-2025,13,16.04.2025,16.04.2025 09:50:33,58,77,Śląskie,113,Medycyna nuklearna,2025/004818,Rezydencki,70.05,3.77,26.03.2025 11:11:39,2,NIE,,
w-2025,13,16.04.2025,16.04.2025 09:50:33,58,77,Śląskie,114,Medycyna nuklearna,2025/004337,Pozarezydencki,0.00,3.34,24.03.2025 20:32:35,1,NIE,,
w-2025,13,16.04.2025,16.04.2025 09:50:33,58,77,Śląskie,115,Medycyna paliatywna,2025/008267,Pozarezydencki,82.27,3.88,20.03.2025 22:17:15,6,NIE,,
w-2025,13,16.04.2025,16.04.2025 09:50:33,58,77,Śląskie,116,Medycyna paliatywna,2025/003610,Pozarezydencki,80.00,4.19,13.02.2025 20:48:44,6,NIE,,
w-2025,13,16.04.2025,16.04.2025 09:50:33,58,77,Śląskie,117,Medycyna paliatywna,2025/005683,Pozarezydencki,67.82,0.00,27.03.2025 16:19:59,6,NIE,,
w-2025,13,16.04.2025,16.04.2025 09:50:33,58,77,Śląskie,118,Medycyna paliatywna,2025/006211,Pozarezydencki,66.36,3.90,26.03.2025 20:41:57,6,NIE,,
w-2025,13,16.04.2025,16.04.2025 09:50:33,58,77,Śląskie,119,Medycyna paliatywna,2025/006897,Pozarezydencki,62.39,0.00,18.03.2025 21:05:07,6,NIE,,
w-2025,13,16.04.2025,16.04.2025 09:50:33,58,77,Śląskie,120,Medycyna paliatywna,2025/005759,Pozarezydencki,57.27,2.95,18.03.2025 12:36:24,6,NIE,,
w-2025,13,16.04.2025,16.04.2025 09:50:33,58,77,Śląskie,121,Medycyna ratunkowa,2025/005718,Rezydencki,74.51,4.24,23.03.2025 08:33:51,1,NIE,,
w-2025,13,16.04.2025,16.04.2025 09:50:33,58,77,Śląskie,122,Medycyna ratunkowa,2025/005278,Pozarezydencki,70.91,4.09,25.03.2025 08:41:34,1,NIE,,
w-2025,13,16.04.2025,16.04.2025 09:50:33,58,77,Śląskie,123,Medycyna rodzinna,2025/006516,Rezydencki,90.58,4.39,25.02.2025 19:44:09,20,NIE,,
w-2025,13,16.04.2025,16.04.2025 09:50:33,58,77,Śląskie,124,Medycyna rodzinna,2025/006581,Rezydencki,88.65,4.31,27.02.2025 10:08:03,20,NIE,,
w-2025,13,16.04.2025,16.04.2025 09:50:33,58,77,Śląskie,125,Medycyna rodzinna,2025/002711,Rezydencki,87.44,4.26,04.02.2025 21:01:17,20,NIE,,
w-2025,13,16.04.2025,16.04.2025 09:50:33,58,77,Śląskie,126,Medycyna rodzinna,2025/001954,Rezydencki,84.80,4.21,20.03.2025 09:46:49,20,NIE,,
w-2025,13,16.04.2025,16.04.2025 09:50:33,58,77,Śląskie,127,Medycyna rodzinna,2025/007163,Rezydencki,84.39,4.19,28.02.2025 09:16:24,20,NIE,,
w-2025,13,16.04.2025,16.04.2025 09:50:33,58,77,Śląskie,128,Medycyna rodzinna,2025/001972,Rezydencki,83.90,3.28,04.02.2025 21:22:40,20,NIE,,
w-2025,13,16.04.2025,16.04.2025 09:50:33,58,77,Śląskie,129,Medycyna rodzinna,2025/004997,Rezydencki,83.41,3.88,18.03.2025 21:02:07,20,NIE,,
w-2025,13,16.04.2025,16.04.2025 09:50:33,58,77,Śląskie,130,Medycyna rodzinna,2025/007283,Rezydencki,82.38,3.48,18.03.2025 16:54:05,20,NIE,,
w-2025,13,16.04.2025,16.04.2025 09:50:33,58,77,Śląskie,131,Medycyna rodzinna,2025/007105,Rezydencki,81.46,4.17,19.03.2025 10:53:16,20,NIE,,
w-2025,13,16.04.2025,16.04.2025 09:50:33,59,77,Śląskie,132,Medycyna rodzinna,2025/007050,Rezydencki,81.16,4.11,26.02.2025 20:59:20,20,NIE,,
w-2025,13,16.04.2025,16.04.2025 09:50:33,59,77,Śląskie,133,Medycyna rodzinna,2025/007509,Rezydencki,79.41,3.64,19.03.2025 14:49:05,20,NIE,,
w-2025,13,16.04.2025,16.04.2025 09:50:33,59,77,Śląskie,134,Medycyna rodzinna,2025/007582,Rezydencki,79.02,3.62,27.02.2025 19:14:41,20,NIE,,
w-2025,13,16.04.2025,16.04.2025 09:50:33,59,77,Śląskie,135,Medycyna rodzinna,2025/007066,Rezydencki,78.33,3.76,18.03.2025 12:58:37,20,NIE,,
w-2025,13,16.04.2025,16.04.2025 09:50:33,59,77,Śląskie,136,Medycyna rodzinna,2025/004072,Rezydencki,77.56,3.53,25.03.2025 14:46:03,20,NIE,,
w-2025,13,16.04.2025,16.04.2025 09:50:33,59,77,Śląskie,137,Medycyna rodzinna,2025/002171,Rezydencki,76.59,3.54,20.03.2025 12:12:10,20,NIE,,
w-2025,13,16.04.2025,16.04.2025 09:50:33,59,77,Śląskie,138,Medycyna rodzinna,2025/008054,Rezydencki,73.53,3.48,28.02.2025 11:51:07,20,NIE,,
w-2025,13,16.04.2025,16.04.2025 09:50:33,59,77,Śląskie,139,Medycyna rodzinna,2025/004900,Rezydencki,72.55,3.37,28.02.2025 21:46:33,20,NIE,,
w-2025,13,16.04.2025,16.04.2025 09:50:33,59,77,Śląskie,140,Medycyna rodzinna,2025/007109,Rezydencki,66.67,3.73,17.03.2025 19:54:15,20,NIE,,
w-2025,13,16.04.2025,16.04.2025 09:50:33,59,77,Śląskie,141,Medycyna rodzinna,2025/008420,Rezydencki,61.06,3.28,17.03.2025 17:55:16,20,NIE,,
w-2025,13,16.04.2025,16.04.2025 09:50:33,59,77,Śląskie,142,Medycyna rodzinna,2025/006202,Rezydencki,57.97,2.81,24.02.2025 20:20:22,20,NIE,,
w-2025,13,16.04.2025,16.04.2025 09:50:33,59,77,Śląskie,143,Medycyna rodzinna,2025/007194,Pozarezydencki,76.82,3.50,17.03.2025 14:14:46,7,NIE,,
w-2025,13,16.04.2025,16.04.2025 09:50:33,59,77,Śląskie,144,Medycyna rodzinna,2025/002026,Pozarezydencki,74.00,0.00,20.03.2025 08:55:24,7,NIE,,
w-2025,13,16.04.2025,16.04.2025 09:50:33,59,77,Śląskie,145,Medycyna rodzinna,2025/004446,Pozarezydencki,71.14,3.74,16.03.2025 20:29:48,7,NIE,,
w-2025,13,16.04.2025,16.04.2025 09:50:33,59,77,Śląskie,146,Medycyna rodzinna,2025/003847,Pozarezydencki,66.36,0.00,19.03.2025 13:29:37,7,NIE,,
w-2025,13,16.04.2025,16.04.2025 09:50:33,59,77,Śląskie,147,Medycyna rodzinna,2025/007045,Pozarezydencki,66.36,0.00,23.03.2025 19:52:28,7,NIE,,
w-2025,13,16.04.2025,16.04.2025 09:50:33,59,77,Śląskie,148,Medycyna rodzinna,2025/002632,Pozarezydencki,61.82,0.00,17.03.2025 17:26:13,7,NIE,,
w-2025,13,16.04.2025,16.04.2025 09:50:33,59,77,Śląskie,149,Medycyna rodzinna,2025/007882,Pozarezydencki,56.22,3.22,16.03.2025 20:30:54,7,NIE,,
w-2025,13,16.04.2025,16.04.2025 09:50:33,59,77,Śląskie,150,Medycyna sportowa,2025/006060,Pozarezydencki,80.19,4.21,22.03.2025 13:17:27,1,NIE,,
w-2025,13,16.04.2025,16.04.2025 09:50:33,59,77,Śląskie,151,Medycyna sądowa,2025/004651,Pozarezydencki,55.14,3.03,28.03.2025 09:28:42,1,NIE,,
w-2025,13,16.04.2025,16.04.2025 09:50:33,59,77,Śląskie,152,Mikrobiologia lekarska,2025/004752,Pozarezydencki,68.69,0.00,19.03.2025 16:51:43,1,NIE,,
w-2025,13,16.04.2025,16.04.2025 09:50:33,59,77,Śląskie,153,Nefrologia,2025/007518,Rezydencki,80.95,3.23,27.02.2025 17:25:57,3,NIE,,
w-2025,13,16.04.2025,16.04.2025 09:50:33,59,77,Śląskie,154,Nefrologia,2025/004361,Rezydencki,80.88,4.06,24.03.2025 11:08:56,3,NIE,,
w-2025,13,16.04.2025,16.04.2025 09:50:33,59,77,Śląskie,155,Nefrologia,2025/005559,Rezydencki,66.67,3.34,21.03.2025 13:40:07,3,NIE,,
w-2025,13,16.04.2025,16.04.2025 09:50:33,59,77,Śląskie,156,Nefrologia,2025/003324,Pozarezydencki,81.40,4.28,18.03.2025 20:19:02,4,NIE,,
w-2025,13,16.04.2025,16.04.2025 09:50:33,59,77,Śląskie,157,Nefrologia,2025/003422,Pozarezydencki,70.91,4.15,24.03.2025 14:17:30,4,NIE,,
w-2025,13,16.04.2025,16.04.2025 09:50:33,59,77,Śląskie,158,Nefrologia,2025/002921,Pozarezydencki,70.91,3.53,17.03.2025 09:31:28,4,NIE,,
w-2025,13,16.04.2025,16.04.2025 09:50:33,59,77,Śląskie,159,Nefrologia,2025/006591,Pozarezydencki,70.91,3.38,19.03.2025 20:32:26,4,NIE,,
w-2025,13,16.04.2025,16.04.2025 09:50:33,59,77,Śląskie,160,Nefrologia dziecięca,2025/008102,Pozarezydencki,75.45,3.60,11.03.2025 22:52:08,1,NIE,,
w-2025,13,16.04.2025,16.04.2025 09:50:33,59,77,Śląskie,161,Neonatologia,2025/004789,Rezydencki,75.00,4.16,19.03.2025 22:31:05,1,NIE,,
w-2025,13,16.04.2025,16.04.2025 09:50:33,59,77,Śląskie,162,Neurologia,2025/002016,Rezydencki,85.99,4.39,28.02.2025 13:21:55,10,NIE,,
w-2025,13,16.04.2025,16.04.2025 09:50:33,59,77,Śląskie,163,Neurologia,2025/007201,Rezydencki,81.40,3.82,18.03.2025 08:37:12,10,NIE,,
w-2025,13,16.04.2025,16.04.2025 09:50:33,59,77,Śląskie,164,Neurologia,2025/005802,Rezydencki,80.95,4.20,26.02.2025 21:33:11,10,NIE,,
w-2025,13,16.04.2025,16.04.2025 09:50:33,59,77,Śląskie,165,Neurologia,2025/007525,Rezydencki,80.95,3.75,19.03.2025 18:03:00,10,NIE,,
w-2025,13,16.04.2025,16.04.2025 09:50:33,59,77,Śląskie,166,Neurologia,2025/005636,Rezydencki,78.92,4.15,22.02.2025 14:12:19,10,NIE,,
w-2025,13,16.04.2025,16.04.2025 09:50:33,59,77,Śląskie,167,Neurologia,2025/002242,Rezydencki,78.54,3.93,17.03.2025 19:15:21,10,NIE,,
w-2025,13,16.04.2025,16.04.2025 09:50:33,59,77,Śląskie,168,Neurologia,2025/005865,Rezydencki,75.24,4.91,26.02.2025 21:37:24,10,NIE,,
w-2025,13,16.04.2025,16.04.2025 09:50:33,59,77,Śląskie,169,Neurologia,2025/007135,Rezydencki,75.24,3.16,27.02.2025 22:08:09,10,NIE,,
w-2025,13,16.04.2025,16.04.2025 09:50:33,60,77,Śląskie,170,Neurologia,2025/002700,Rezydencki,72.95,3.90,22.02.2025 18:54:23,10,NIE,,
w-2025,13,16.04.2025,16.04.2025 09:50:33,60,77,Śląskie,171,Neurologia,2025/007818,Rezydencki,71.90,4.13,17.03.2025 22:52:11,10,NIE,,
w-2025,13,16.04.2025,16.04.2025 09:50:33,60,77,Śląskie,172,Neurologia dziecięca,2025/005823,Rezydencki,86.34,3.92,21.03.2025 18:39:35,1,NIE,,
w-2025,13,16.04.2025,16.04.2025 09:50:33,60,77,Śląskie,173,Okulistyka,2025/005605,Rezydencki,89.71,4.44,26.03.2025 19:22:34,4,NIE,,
w-2025,13,16.04.2025,16.04.2025 09:50:33,60,77,Śląskie,174,Okulistyka,2025/006171,Rezydencki,88.41,3.86,27.02.2025 23:20:41,4,NIE,,
w-2025,13,16.04.2025,16.04.2025 09:50:33,60,77,Śląskie,175,Okulistyka,2025/005739,Rezydencki,86.27,3.97,11.03.2025 13:02:11,4,NIE,,
w-2025,13,16.04.2025,16.04.2025 09:50:33,60,77,Śląskie,176,Okulistyka,2025/005752,Rezydencki,86.27,3.67,26.03.2025 19:20:33,4,NIE,,
w-2025,13,16.04.2025,16.04.2025 09:50:33,60,77,Śląskie,177,Okulistyka,2025/008344,Pozarezydencki,80.84,4.25,28.02.2025 20:19:13,6,NIE,,
w-2025,13,16.04.2025,16.04.2025 09:50:33,60,77,Śląskie,178,Okulistyka,2025/007172,Pozarezydencki,79.55,4.24,17.03.2025 20:04:12,6,NIE,,
w-2025,13,16.04.2025,16.04.2025 09:50:33,60,77,Śląskie,179,Okulistyka,2025/008330,Pozarezydencki,77.27,3.17,17.03.2025 20:17:41,6,NIE,,
w-2025,13,16.04.2025,16.04.2025 09:50:33,60,77,Śląskie,180,Okulistyka,2025/008636,Pozarezydencki,77.10,3.88,28.02.2025 23:21:52,6,NIE,,
w-2025,13,16.04.2025,16.04.2025 09:50:33,60,77,Śląskie,181,Okulistyka,2025/002894,Pozarezydencki,75.35,4.69,09.02.2025 11:29:40,6,NIE,,
w-2025,13,16.04.2025,16.04.2025 09:50:33,60,77,Śląskie,182,Okulistyka,2025/008397,Pozarezydencki,75.00,3.69,17.03.2025 11:05:47,6,NIE,,
w-2025,13,16.04.2025,16.04.2025 09:50:33,60,77,Śląskie,183,Onkologia kliniczna,2025/007645,Rezydencki,70.00,2.64,19.03.2025 08:55:01,1,NIE,,
w-2025,13,16.04.2025,16.04.2025 09:50:33,60,77,Śląskie,184,Onkologia kliniczna,2025/006450,Pozarezydencki,71.76,3.89,20.03.2025 19:34:18,3,NIE,,
w-2025,13,16.04.2025,16.04.2025 09:50:33,60,77,Śląskie,185,Onkologia kliniczna,2025/005288,Pozarezydencki,61.82,0.00,26.03.2025 14:38:30,3,NIE,,
w-2025,13,16.04.2025,16.04.2025 09:50:33,60,77,Śląskie,186,Onkologia kliniczna,2025/007410,Pozarezydencki,61.82,0.00,28.03.2025 09:13:30,3,NIE,,
w-2025,13,16.04.2025,16.04.2025 09:50:33,60,77,Śląskie,187,Ortodoncja,2025/004147,Rezydencki,87.38,4.57,13.02.2025 13:57:57,1,NIE,,
w-2025,13,16.04.2025,16.04.2025 09:50:33,60,77,Śląskie,188,Ortopedia i traumatologia narządu ruchu,2025/006106,Rezydencki,87.75,4.06,24.03.2025 14:21:35,7,NIE,,
w-2025,13,16.04.2025,16.04.2025 09:50:33,60,77,Śląskie,189,Ortopedia i traumatologia narządu ruchu,2025/004483,Rezydencki,87.44,4.47,17.03.2025 16:49:18,7,NIE,,
w-2025,13,16.04.2025,16.04.2025 09:50:33,60,77,Śląskie,190,Ortopedia i traumatologia narządu ruchu,2025/005837,Rezydencki,86.27,4.13,28.02.2025 18:15:52,7,NIE,,
w-2025,13,16.04.2025,16.04.2025 09:50:33,60,77,Śląskie,191,Ortopedia i traumatologia narządu ruchu,2025/001940,Rezydencki,85.51,3.82,04.02.2025 17:54:14,7,NIE,,
w-2025,13,16.04.2025,16.04.2025 09:50:33,60,77,Śląskie,192,Ortopedia i traumatologia narządu ruchu,2025/006998,Rezydencki,85.24,4.22,27.02.2025 17:53:20,7,NIE,,
w-2025,13,16.04.2025,16.04.2025 09:50:33,60,77,Śląskie,193,Ortopedia i traumatologia narządu ruchu,2025/003214,Rezydencki,84.80,3.42,17.03.2025 08:50:49,7,NIE,,
w-2025,13,16.04.2025,16.04.2025 09:50:33,60,77,Śląskie,194,Ortopedia i traumatologia narządu ruchu,2025/006553,Rezydencki,84.39,3.69,19.03.2025 20:16:57,7,NIE,,
w-2025,13,16.04.2025,16.04.2025 09:50:33,60,77,Śląskie,195,Ortopedia i traumatologia narządu ruchu,2025/008246,Pozarezydencki,0.00,0.00,17.03.2025 22:59:13,1,NIE,,
w-2025,13,16.04.2025,16.04.2025 09:50:33,60,77,Śląskie,196,Otorynolaryngologia,2025/006633,Rezydencki,88.89,4.01,18.03.2025 15:21:20,2,NIE,,
w-2025,13,16.04.2025,16.04.2025 09:50:33,60,77,Śląskie,197,Otorynolaryngologia,2025/008396,Rezydencki,88.65,3.97,28.02.2025 19:57:37,2,NIE,,
w-2025,13,16.04.2025,16.04.2025 09:50:33,60,77,Śląskie,198,Otorynolaryngologia dziecięca,2025/006241,Rezydencki,86.52,4.22,21.03.2025 17:30:10,2,NIE,,
w-2025,13,16.04.2025,16.04.2025 09:50:33,60,77,Śląskie,199,Otorynolaryngologia dziecięca,2025/008589,Rezydencki,84.80,4.03,28.02.2025 22:38:17,2,NIE,,
w-2025,13,16.04.2025,16.04.2025 09:50:33,60,77,Śląskie,200,Otorynolaryngologia dziecięca,2025/006033,Pozarezydencki,79.72,3.30,27.02.2025 20:53:25,3,NIE,,
w-2025,13,16.04.2025,16.04.2025 09:50:33,60,77,Śląskie,201,Otorynolaryngologia dziecięca,2025/002659,Pozarezydencki,75.93,3.69,18.03.2025 18:20:10,3,NIE,,
w-2025,13,16.04.2025,16.04.2025 09:50:33,60,77,Śląskie,202,Otorynolaryngologia dziecięca,2025/007685,Pozarezydencki,71.23,3.38,16.03.2025 21:43:25,3,NIE,,
w-2025,13,16.04.2025,16.04.2025 09:50:33,60,77,Śląskie,203,Patomorfologia,2025/008247,Rezydencki,78.57,3.65,28.02.2025 16:57:13,1,NIE,,
w-2025,13,16.04.2025,16.04.2025 09:50:33,60,77,Śląskie,204,Pediatria,2025/008450,Rezydencki,88.41,4.21,24.03.2025 12:13:08,11,NIE,,
w-2025,13,16.04.2025,16.04.2025 09:50:33,60,77,Śląskie,205,Pediatria,2025/007011,Rezydencki,87.44,4.59,28.02.2025 18:28:10,11,NIE,,
w-2025,13,16.04.2025,16.04.2025 09:50:33,60,77,Śląskie,206,Pediatria,2025/007003,Rezydencki,84.63,3.86,27.02.2025 19:41:44,11,NIE,,
w-2025,13,16.04.2025,16.04.2025 09:50:33,60,77,Śląskie,207,Pediatria,2025/006448,Rezydencki,83.57,0.00,18.03.2025 08:28:16,11,NIE,,
w-2025,13,16.04.2025,16.04.2025 09:50:33,61,77,Śląskie,208,Pediatria,2025/006531,Rezydencki,83.09,3.94,14.03.2025 08:54:31,11,NIE,,
w-2025,13,16.04.2025,16.04.2025 09:50:33,61,77,Śląskie,209,Pediatria,2025/007169,Rezydencki,82.38,3.65,19.03.2025 15:19:40,11,NIE,,
w-2025,13,16.04.2025,16.04.2025 09:50:33,61,77,Śląskie,210,Pediatria,2025/005561,Rezydencki,78.43,3.75,21.03.2025 12:45:28,11,NIE,,
w-2025,13,16.04.2025,16.04.2025 09:50:33,61,77,Śląskie,211,Pediatria,2025/002652,Rezydencki,77.94,4.18,28.03.2025 09:48:14,11,NIE,,
w-2025,13,16.04.2025,16.04.2025 09:50:33,61,77,Śląskie,212,Pediatria,2025/004767,Rezydencki,77.14,3.61,26.02.2025 18:38:55,11,NIE,,
w-2025,13,16.04.2025,16.04.2025 09:50:33,61,77,Śląskie,213,Pediatria,2025/005129,Rezydencki,75.36,3.08,17.03.2025 19:34:02,11,NIE,,
w-2025,13,16.04.2025,16.04.2025 09:50:33,61,77,Śląskie,214,Pediatria,2025/007942,Rezydencki,59.22,3.04,28.02.2025 00:20:57,11,NIE,,
w-2025,13,16.04.2025,16.04.2025 09:50:33,61,77,Śląskie,215,Pediatria,2025/004489,Pozarezydencki,71.14,3.27,21.03.2025 19:20:41,1,NIE,,
w-2025,13,16.04.2025,16.04.2025 09:50:33,61,77,Śląskie,216,Położnictwo i ginekologia,2025/007845,Rezydencki,89.05,4.17,27.02.2025 22:52:06,9,NIE,,
w-2025,13,16.04.2025,16.04.2025 09:50:33,61,77,Śląskie,217,Położnictwo i ginekologia,2025/003338,Rezydencki,81.67,3.56,24.03.2025 22:16:09,9,NIE,,
w-2025,13,16.04.2025,16.04.2025 09:50:33,61,77,Śląskie,218,Położnictwo i ginekologia,2025/004449,Rezydencki,80.39,4.45,17.03.2025 18:41:21,9,NIE,,
w-2025,13,16.04.2025,16.04.2025 09:50:33,61,77,Śląskie,219,Położnictwo i ginekologia,2025/007271,Rezydencki,79.52,3.69,17.03.2025 19:23:48,9,NIE,,
w-2025,13,16.04.2025,16.04.2025 09:50:33,61,77,Śląskie,220,Położnictwo i ginekologia,2025/007931,Rezydencki,77.45,3.82,18.03.2025 18:47:20,9,NIE,,
w-2025,13,16.04.2025,16.04.2025 09:50:33,61,77,Śląskie,221,Położnictwo i ginekologia,2025/007112,Rezydencki,73.28,3.21,27.02.2025 20:14:00,9,NIE,,
w-2025,13,16.04.2025,16.04.2025 09:50:33,61,77,Śląskie,222,Położnictwo i ginekologia,2025/003462,Rezydencki,71.01,3.75,21.03.2025 12:02:37,9,NIE,,
w-2025,13,16.04.2025,16.04.2025 09:50:33,61,77,Śląskie,223,Położnictwo i ginekologia,2025/006507,Rezydencki,68.60,3.54,21.03.2025 10:08:20,9,NIE,,
w-2025,13,16.04.2025,16.04.2025 09:50:33,61,77,Śląskie,224,Położnictwo i ginekologia,2025/002489,Rezydencki,68.12,3.35,27.02.2025 11:54:35,9,NIE,,
w-2025,13,16.04.2025,16.04.2025 09:50:33,61,77,Śląskie,225,Protetyka stomatologiczna,2025/004476,Rezydencki,84.21,4.37,24.03.2025 19:45:17,3,NIE,,
w-2025,13,16.04.2025,16.04.2025 09:50:33,61,77,Śląskie,226,Protetyka stomatologiczna,2025/003192,Rezydencki,82.86,4.02,10.02.2025 12:38:41,3,NIE,,
w-2025,13,16.04.2025,16.04.2025 09:50:33,61,77,Śląskie,227,Protetyka stomatologiczna,2025/005382,Rezydencki,82.62,4.25,25.02.2025 11:18:46,3,NIE,,
w-2025,13,16.04.2025,16.04.2025 09:50:33,61,77,Śląskie,228,Psychiatria,2025/006977,Rezydencki,89.37,4.13,28.02.2025 20:19:59,10,NIE,,
w-2025,13,16.04.2025,16.04.2025 09:50:33,61,77,Śląskie,229,Psychiatria,2025/002689,Rezydencki,79.90,3.44,17.03.2025 10:58:33,10,NIE,,
w-2025,13,16.04.2025,16.04.2025 09:50:33,61,77,Śląskie,230,Psychiatria,2025/007200,Rezydencki,79.52,4.48,27.02.2025 23:46:51,10,NIE,,
w-2025,13,16.04.2025,16.04.2025 09:50:33,61,77,Śląskie,231,Psychiatria,2025/005151,Rezydencki,79.05,3.32,27.02.2025 15:01:41,10,NIE,,
w-2025,13,16.04.2025,16.04.2025 09:50:33,61,77,Śląskie,232,Psychiatria,2025/005787,Rezydencki,78.92,3.32,17.03.2025 21:09:07,10,NIE,,
w-2025,13,16.04.2025,16.04.2025 09:50:33,61,77,Śląskie,233,Psychiatria,2025/004934,Rezydencki,77.29,3.70,20.03.2025 20:40:53,10,NIE,,
w-2025,13,16.04.2025,16.04.2025 09:50:33,61,77,Śląskie,234,Psychiatria,2025/006708,Rezydencki,73.81,3.66,26.02.2025 22:00:28,10,NIE,,
w-2025,13,16.04.2025,16.04.2025 09:50:33,61,77,Śląskie,235,Psychiatria,2025/008564,Rezydencki,73.04,3.13,28.02.2025 23:01:40,10,NIE,,
w-2025,13,16.04.2025,16.04.2025 09:50:33,61,77,Śląskie,236,Psychiatria,2025/008144,Rezydencki,72.86,3.30,28.02.2025 23:35:25,10,NIE,,
w-2025,13,16.04.2025,16.04.2025 09:50:33,61,77,Śląskie,237,Psychiatria,2025/008601,Rezydencki,67.16,3.00,28.02.2025 23:18:32,10,NIE,,
w-2025,13,16.04.2025,16.04.2025 09:50:33,61,77,Śląskie,238,Psychiatria,2025/005092,Pozarezydencki,52.83,3.39,27.03.2025 15:27:32,3,NIE,,
w-2025,13,16.04.2025,16.04.2025 09:50:33,61,77,Śląskie,239,Psychiatria,2025/004762,Pozarezydencki,0.68,3.75,25.03.2025 17:39:54,3,NIE,,
w-2025,13,16.04.2025,16.04.2025 09:50:33,61,77,Śląskie,240,Psychiatria,2025/003347,Pozarezydencki,0.00,0.00,26.03.2025 15:27:10,3,NIE,,
w-2025,13,16.04.2025,16.04.2025 09:50:33,61,77,Śląskie,241,Psychiatria dzieci i młodzieży,2025/005699,Rezydencki,80.48,0.00,10.03.2025 14:41:39,2,NIE,,
w-2025,13,16.04.2025,16.04.2025 09:50:33,61,77,Śląskie,242,Psychiatria dzieci i młodzieży,2025/007993,Rezydencki,76.67,3.18,20.03.2025 09:59:21,2,NIE,,
w-2025,13,16.04.2025,16.04.2025 09:50:33,61,77,Śląskie,243,Psychiatria dzieci i młodzieży,2025/004390,Pozarezydencki,80.00,4.15,15.02.2025 17:11:33,4,NIE,,
w-2025,13,16.04.2025,16.04.2025 09:50:33,61,77,Śląskie,244,Psychiatria dzieci i młodzieży,2025/003901,Pozarezydencki,80.00,0.00,21.03.2025 20:06:19,4,NIE,,
w-2025,13,16.04.2025,16.04.2025 09:50:33,61,77,Śląskie,245,Psychiatria dzieci i młodzieży,2025/006145,Pozarezydencki,77.73,4.21,27.02.2025 14:23:02,4,NIE,,
w-2025,13,16.04.2025,16.04.2025 09:50:33,62,77,Śląskie,246,Psychiatria dzieci i młodzieży,2025/001862,Pozarezydencki,77.05,3.21,26.02.2025 16:34:53,4,NIE,,
w-2025,13,16.04.2025,16.04.2025 09:50:33,62,77,Śląskie,247,Radiologia i diagnostyka obrazowa,2025/008366,Rezydencki,90.58,3.43,28.02.2025 19:32:21,13,NIE,,
w-2025,13,16.04.2025,16.04.2025 09:50:33,62,77,Śląskie,248,Radiologia i diagnostyka obrazowa,2025/006251,Rezydencki,89.86,4.16,14.03.2025 09:18:49,13,NIE,,
w-2025,13,16.04.2025,16.04.2025 09:50:33,62,77,Śląskie,249,Radiologia i diagnostyka obrazowa,2025/005183,Rezydencki,89.61,4.13,27.02.2025 23:59:09,13,NIE,,
w-2025,13,16.04.2025,16.04.2025 09:50:33,62,77,Śląskie,250,Radiologia i diagnostyka obrazowa,2025/004519,Rezydencki,86.47,4.00,28.03.2025 10:09:58,13,NIE,,
w-2025,13,16.04.2025,16.04.2025 09:50:33,62,77,Śląskie,251,Radiologia i diagnostyka obrazowa,2025/005810,Rezydencki,86.27,4.22,07.03.2025 11:04:31,13,NIE,,
w-2025,13,16.04.2025,16.04.2025 09:50:33,62,77,Śląskie,252,Radiologia i diagnostyka obrazowa,2025/007913,Rezydencki,86.27,3.61,21.03.2025 10:45:18,13,NIE,,
w-2025,13,16.04.2025,16.04.2025 09:50:33,62,77,Śląskie,253,Radiologia i diagnostyka obrazowa,2025/006253,Rezydencki,86.23,3.75,24.02.2025 22:27:47,13,NIE,,
w-2025,13,16.04.2025,16.04.2025 09:50:33,62,77,Śląskie,254,Radiologia i diagnostyka obrazowa,2025/007542,Rezydencki,86.19,4.00,17.03.2025 18:51:40,13,NIE,,
w-2025,13,16.04.2025,16.04.2025 09:50:33,62,77,Śląskie,255,Radiologia i diagnostyka obrazowa,2025/007246,Rezydencki,85.95,4.41,12.03.2025 12:23:17,13,NIE,,
w-2025,13,16.04.2025,16.04.2025 09:50:33,62,77,Śląskie,256,Radiologia i diagnostyka obrazowa,2025/002714,Rezydencki,85.85,3.83,04.02.2025 21:22:03,13,NIE,,
w-2025,13,16.04.2025,16.04.2025 09:50:33,62,77,Śląskie,257,Radiologia i diagnostyka obrazowa,2025/007817,Rezydencki,85.29,4.08,17.03.2025 13:21:23,13,NIE,,
w-2025,13,16.04.2025,16.04.2025 09:50:33,62,77,Śląskie,258,Radiologia i diagnostyka obrazowa,2025/005981,Rezydencki,85.29,3.73,24.02.2025 10:00:46,13,NIE,,
w-2025,13,16.04.2025,16.04.2025 09:50:33,62,77,Śląskie,259,Radiologia i diagnostyka obrazowa,2025/007774,Rezydencki,85.27,3.34,28.02.2025 21:45:09,13,NIE,,
w-2025,13,16.04.2025,16.04.2025 09:50:33,62,77,Śląskie,260,Radiologia i diagnostyka obrazowa,2025/005890,Pozarezydencki,80.91,3.58,21.03.2025 11:49:30,8,NIE,,
w-2025,13,16.04.2025,16.04.2025 09:50:33,62,77,Śląskie,261,Radiologia i diagnostyka obrazowa,2025/005270,Pozarezydencki,78.74,4.19,27.03.2025 15:39:40,8,NIE,,
w-2025,13,16.04.2025,16.04.2025 09:50:33,62,77,Śląskie,262,Radiologia i diagnostyka obrazowa,2025/005871,Pozarezydencki,78.11,3.43,14.03.2025 22:52:10,8,NIE,,
w-2025,13,16.04.2025,16.04.2025 09:50:33,62,77,Śląskie,263,Radiologia i diagnostyka obrazowa,2025/006564,Pozarezydencki,77.10,0.00,19.03.2025 20:30:20,8,NIE,,
w-2025,13,16.04.2025,16.04.2025 09:50:33,62,77,Śląskie,264,Radiologia i diagnostyka obrazowa,2025/006839,Pozarezydencki,74.55,4.13,27.02.2025 20:36:36,8,NIE,,
w-2025,13,16.04.2025,16.04.2025 09:50:33,62,77,Śląskie,265,Radiologia i diagnostyka obrazowa,2025/001906,Pozarezydencki,74.09,3.25,28.02.2025 14:07:06,8,NIE,,
w-2025,13,16.04.2025,16.04.2025 09:50:33,62,77,Śląskie,266,Radiologia i diagnostyka obrazowa,2025/007508,Pozarezydencki,72.94,4.13,27.02.2025 17:04:57,8,NIE,,
w-2025,13,16.04.2025,16.04.2025 09:50:33,62,77,Śląskie,267,Radiologia i diagnostyka obrazowa,2025/008585,Pozarezydencki,69.82,3.34,19.03.2025 23:13:48,8,NIE,,
w-2025,13,16.04.2025,16.04.2025 09:50:33,62,77,Śląskie,268,Radioterapia onkologiczna,2025/006185,Rezydencki,72.86,3.06,17.03.2025 15:37:21,2,NIE,,
w-2025,13,16.04.2025,16.04.2025 09:50:33,62,77,Śląskie,269,Radioterapia onkologiczna,2025/002634,Rezydencki,63.24,3.92,19.03.2025 19:16:59,2,NIE,,
w-2025,13,16.04.2025,16.04.2025 09:50:33,62,77,Śląskie,270,Rehabilitacja medyczna,2025/007789,Rezydencki,86.52,4.43,27.02.2025 22:44:42,4,NIE,,
w-2025,13,16.04.2025,16.04.2025 09:50:33,62,77,Śląskie,271,Rehabilitacja medyczna,2025/008667,Rezydencki,75.12,3.84,19.03.2025 13:23:05,4,NIE,,
w-2025,13,16.04.2025,16.04.2025 09:50:33,62,77,Śląskie,272,Rehabilitacja medyczna,2025/007895,Rezydencki,60.78,4.63,20.03.2025 17:44:26,4,NIE,,
w-2025,13,16.04.2025,16.04.2025 09:50:33,62,77,Śląskie,273,Rehabilitacja medyczna,2025/008157,Rezydencki,55.71,3.61,19.03.2025 23:25:11,4,NIE,,
w-2025,13,16.04.2025,16.04.2025 09:50:33,62,77,Śląskie,274,Rehabilitacja medyczna,2025/007189,Pozarezydencki,0.23,3.11,26.02.2025 23:13:08,1,NIE,,
w-2025,13,16.04.2025,16.04.2025 09:50:33,62,77,Śląskie,275,Reumatologia,2025/008604,Rezydencki,91.22,4.72,14.03.2025 11:56:57,3,NIE,,
w-2025,13,16.04.2025,16.04.2025 09:50:33,62,77,Śląskie,276,Reumatologia,2025/002216,Rezydencki,91.18,4.31,27.02.2025 12:49:14,3,NIE,,
w-2025,13,16.04.2025,16.04.2025 09:50:33,62,77,Śląskie,277,Reumatologia,2025/003146,Rezydencki,90.73,4.30,17.03.2025 18:20:35,3,NIE,,
w-2025,13,16.04.2025,16.04.2025 09:50:33,62,77,Śląskie,278,Reumatologia,2025/008485,Pozarezydencki,84.33,4.14,22.03.2025 07:29:06,5,NIE,,
w-2025,13,16.04.2025,16.04.2025 09:50:33,62,77,Śląskie,279,Reumatologia,2025/001871,Pozarezydencki,80.84,3.96,02.02.2025 13:31:37,5,NIE,,
w-2025,13,16.04.2025,16.04.2025 09:50:33,62,77,Śląskie,280,Reumatologia,2025/006692,Pozarezydencki,76.17,3.66,26.02.2025 09:21:15,5,NIE,,
w-2025,13,16.04.2025,16.04.2025 09:50:33,62,77,Śląskie,281,Reumatologia,2025/008374,Pozarezydencki,75.45,3.97,28.02.2025 19:22:25,5,NIE,,
w-2025,13,16.04.2025,16.04.2025 09:50:33,62,77,Śląskie,282,Reumatologia,2025/006933,Pozarezydencki,73.13,3.92,14.03.2025 13:36:26,5,NIE,,
w-2025,13,16.04.2025,16.04.2025 09:50:33,62,77,Śląskie,283,Stomatologia dziecięca,2025/004034,Rezydencki,89.05,4.45,25.02.2025 07:15:02,1,NIE,,
w-2025,13,16.04.2025,16.04.2025 09:50:33,63,77,Śląskie,284,Stomatologia zachowawcza z endodoncją,2025/003244,Rezydencki,80.95,3.85,21.03.2025 12:24:46,5,NIE,,
w-2025,13,16.04.2025,16.04.2025 09:50:33,63,77,Śląskie,285,Stomatologia zachowawcza z endodoncją,2025/001877,Rezydencki,78.64,3.79,18.03.2025 10:06:15,5,NIE,,
w-2025,13,16.04.2025,16.04.2025 09:50:33,63,77,Śląskie,286,Stomatologia zachowawcza z endodoncją,2025/007144,Rezydencki,78.10,4.29,18.03.2025 22:02:34,5,NIE,,
w-2025,13,16.04.2025,16.04.2025 09:50:33,63,77,Śląskie,287,Stomatologia zachowawcza z endodoncją,2025/004229,Rezydencki,73.21,4.07,18.02.2025 10:40:13,5,NIE,,
w-2025,13,16.04.2025,16.04.2025 09:50:33,63,77,Śląskie,288,Stomatologia zachowawcza z endodoncją,2025/004819,Rezydencki,69.86,0.00,17.02.2025 22:01:01,5,NIE,,
w-2025,13,16.04.2025,16.04.2025 09:50:33,63,77,Śląskie,289,Transplantologia kliniczna,2025/004486,Pozarezydencki,75.45,3.88,19.03.2025 21:42:31,3,NIE,,
w-2025,13,16.04.2025,16.04.2025 09:50:33,63,77,Śląskie,290,Transplantologia kliniczna,2025/001948,Pozarezydencki,75.45,3.55,20.03.2025 19:18:58,3,NIE,,
w-2025,13,16.04.2025,16.04.2025 09:50:33,63,77,Śląskie,291,Transplantologia kliniczna,2025/003592,Pozarezydencki,68.81,3.32,23.03.2025 11:55:19,3,NIE,,
w-2025,13,16.04.2025,16.04.2025 09:50:33,63,77,Śląskie,292,Urologia,2025/003596,Rezydencki,87.44,3.55,18.03.2025 11:55:28,2,NIE,,
w-2025,13,16.04.2025,16.04.2025 09:50:33,63,77,Śląskie,293,Urologia,2025/007617,Rezydencki,87.20,4.22,27.02.2025 19:45:02,2,NIE,,
w-2025,13,16.04.2025,16.04.2025 09:50:33,63,77,Śląskie,1,Kardiologia,2025/002693,Rezydencki,85.51,3.94,14.03.2025 15:30:24,5,TAK,Górnośląskie Centrum Medyczne im. prof. Leszka Gieca Śląskiego Uniwersytetu Medycznego w Katowicach,III Oddział Kardiologii
w-2025,13,16.04.2025,16.04.2025 09:50:33,63,77,Śląskie,2,Kardiologia,2025/002848,Rezydencki,83.33,3.71,17.03.2025 13:03:03,5,TAK,Górnośląskie Centrum Medyczne im. prof. Leszka Gieca Śląskiego Uniwersytetu Medycznego w Katowicach,III Oddział Kardiologii
w-2025,13,16.04.2025,16.04.2025 09:50:33,63,77,Śląskie,3,Kardiologia,2025/005933,Rezydencki,79.27,4.12,20.03.2025 10:54:01,5,TAK,Górnośląskie Centrum Medyczne im. prof. Leszka Gieca Śląskiego Uniwersytetu Medycznego w Katowicach,III Oddział Kardiologii
w-2025,13,16.04.2025,16.04.2025 09:50:33,63,77,Śląskie,1,Kardiologia,2025/005736,Rezydencki,88.57,4.42,27.02.2025 11:08:18,5,TAK,Górnośląskie Centrum Medyczne im. prof. Leszka Gieca Śląskiego Uniwersytetu Medycznego w Katowicach,I Oddział Kardiologii
w-2025,13,16.04.2025,16.04.2025 09:50:33,63,77,Śląskie,1,Kardiologia,2025/003066,Rezydencki,81.95,4.16,08.02.2025 15:16:16,5,TAK,Górnośląskie Centrum Medyczne im. prof. Leszka Gieca Śląskiego Uniwersytetu Medycznego w Katowicach,II Oddział Kardiologii
w-2025,13,16.04.2025,16.04.2025 09:50:33,63,77,Śląskie,1,Okulistyka,2025/002716,Rezydencki,83.82,0.00,18.03.2025 21:45:10,2,TAK,Okręgowy Szpital Kolejowy w Katowicach S.P.Z.O.Z.,Oddział Kliniczny Okulistyki z Pododdziałem Okulistyki Dziecięcej
w-2025,13,16.04.2025,16.04.2025 09:50:33,63,77,Śląskie,2,Okulistyka,2025/004462,Rezydencki,77.05,3.74,17.03.2025 16:38:30,2,TAK,Okręgowy Szpital Kolejowy w Katowicach S.P.Z.O.Z.,Oddział Kliniczny Okulistyki z Pododdziałem Okulistyki Dziecięcej
w-2025,13,16.04.2025,16.04.2025 09:50:33,63,77,Śląskie,1,Dermatologia i wenerologia,2025/001927,Rezydencki,64.22,3.82,06.02.2025 20:23:35,1,TAK,Samodzielny Publiczny Szpital Kliniczny im. Andrzeja Mielęckiego Śląskiego Uniwersytetu Medycznego w Katowicach,Oddział Dermatologii
w-2025,13,16.04.2025,16.04.2025 09:50:33,63,77,Śląskie,1,Endokrynologia,2025/003977,Rezydencki,85.29,3.84,21.02.2025 10:25:28,1,TAK,Uniwersyteckie Centrum Kliniczne im. prof. K. Gibińskiego Śląskiego Uniwersytetu Medycznego w Katowicach,Oddział Endokrynologii i Nowotworów Neuroendokrynnych
w-2025,13,16.04.2025,16.04.2025 09:50:33,64,77,Świętokrzyskie,1,Alergologia,2025/007840,Rezydencki,87.07,3.92,20.03.2025 10:01:38,3,NIE,,
w-2025,13,16.04.2025,16.04.2025 09:50:33,64,77,Świętokrzyskie,2,Alergologia,2025/007058,Rezydencki,84.31,4.43,27.02.2025 12:41:23,3,NIE,,
w-2025,13,16.04.2025,16.04.2025 09:50:33,64,77,Świętokrzyskie,3,Alergologia,2025/002535,Rezydencki,81.43,3.77,21.03.2025 08:58:12,3,NIE,,
w-2025,13,16.04.2025,16.04.2025 09:50:33,64,77,Świętokrzyskie,4,Balneologia i medycyna fizykalna,2025/002677,Pozarezydencki,84.91,0.00,05.03.2025 22:17:16,1,NIE,,
w-2025,13,16.04.2025,16.04.2025 09:50:33,64,77,Świętokrzyskie,5,Chirurgia naczyniowa,2025/006229,Rezydencki,81.16,3.41,28.02.2025 20:19:45,1,NIE,,
w-2025,13,16.04.2025,16.04.2025 09:50:33,64,77,Świętokrzyskie,6,Chirurgia ogólna,2025/002169,Rezydencki,86.96,3.69,02.02.2025 16:13:21,2,NIE,,
w-2025,13,16.04.2025,16.04.2025 09:50:33,64,77,Świętokrzyskie,7,Chirurgia ogólna,2025/003552,Rezydencki,82.84,3.51,14.02.2025 17:42:09,2,NIE,,
w-2025,13,16.04.2025,16.04.2025 09:50:33,64,77,Świętokrzyskie,8,Chirurgia ogólna,2025/007541,Pozarezydencki,2.27,0.00,05.03.2025 23:05:36,1,NIE,,
w-2025,13,16.04.2025,16.04.2025 09:50:33,64,77,Świętokrzyskie,9,Chirurgia onkologiczna,2025/007076,Rezydencki,82.35,4.38,26.02.2025 21:25:01,1,NIE,,
w-2025,13,16.04.2025,16.04.2025 09:50:33,64,77,Świętokrzyskie,10,Chirurgia stomatologiczna,2025/003413,Rezydencki,84.06,4.52,28.02.2025 21:55:30,2,NIE,,
w-2025,13,16.04.2025,16.04.2025 09:50:33,64,77,Świętokrzyskie,11,Chirurgia stomatologiczna,2025/005640,Rezydencki,83.33,3.83,27.02.2025 16:49:27,2,NIE,,
w-2025,13,16.04.2025,16.04.2025 09:50:33,64,77,Świętokrzyskie,12,Choroby wewnętrzne,2025/002635,Rezydencki,76.33,4.40,05.03.2025 09:00:32,2,NIE,,
w-2025,13,16.04.2025,16.04.2025 09:50:33,64,77,Świętokrzyskie,13,Choroby wewnętrzne,2025/003069,Rezydencki,73.43,4.40,11.03.2025 23:47:55,2,NIE,,
w-2025,13,16.04.2025,16.04.2025 09:50:33,64,77,Świętokrzyskie,14,Choroby wewnętrzne,2025/004500,Pozarezydencki,81.78,4.50,19.02.2025 18:56:27,1,NIE,,
w-2025,13,16.04.2025,16.04.2025 09:50:33,64,77,Świętokrzyskie,15,Diabetologia,2025/008449,Rezydencki,81.43,4.20,28.02.2025 20:41:16,1,NIE,,
w-2025,13,16.04.2025,16.04.2025 09:50:33,64,77,Świętokrzyskie,16,Endokrynologia,2025/002857,Rezydencki,92.16,4.10,05.02.2025 15:49:04,1,NIE,,
w-2025,13,16.04.2025,16.04.2025 09:50:33,64,77,Świętokrzyskie,17,Geriatria,2025/008561,Pozarezydencki,64.02,4.13,14.03.2025 14:01:04,1,NIE,,
w-2025,13,16.04.2025,16.04.2025 09:50:33,64,77,Świętokrzyskie,18,Intensywna terapia,2025/002968,Pozarezydencki,61.82,3.07,06.02.2025 11:42:47,1,NIE,,
w-2025,13,16.04.2025,16.04.2025 09:50:33,64,77,Świętokrzyskie,19,Kardiologia,2025/002518,Rezydencki,89.37,4.50,05.02.2025 22:00:51,3,NIE,,
w-2025,13,16.04.2025,16.04.2025 09:50:33,64,77,Świętokrzyskie,20,Kardiologia,2025/003870,Rezydencki,85.02,3.86,20.03.2025 20:41:57,3,NIE,,
w-2025,13,16.04.2025,16.04.2025 09:50:33,64,77,Świętokrzyskie,21,Kardiologia,2025/005028,Rezydencki,83.09,3.91,18.02.2025 22:47:24,3,NIE,,
w-2025,13,16.04.2025,16.04.2025 09:50:33,64,77,Świętokrzyskie,22,Kardiologia,2025/003266,Pozarezydencki,74.42,0.00,10.02.2025 22:07:21,2,NIE,,
w-2025,13,16.04.2025,16.04.2025 09:50:33,64,77,Świętokrzyskie,23,Kardiologia,2025/006937,Pozarezydencki,63.55,3.42,26.02.2025 18:35:03,2,NIE,,
w-2025,13,16.04.2025,16.04.2025 09:50:33,64,77,Świętokrzyskie,24,Medycyna pracy,2025/007760,Rezydencki,80.98,3.89,28.02.2025 18:28:53,3,NIE,,
w-2025,13,16.04.2025,16.04.2025 09:50:33,64,77,Świętokrzyskie,25,Medycyna pracy,2025/007739,Rezydencki,78.10,3.98,28.02.2025 17:30:18,3,NIE,,
w-2025,13,16.04.2025,16.04.2025 09:50:33,64,77,Świętokrzyskie,26,Medycyna pracy,2025/007355,Rezydencki,56.44,3.44,27.02.2025 12:38:13,3,NIE,,
w-2025,13,16.04.2025,16.04.2025 09:50:33,64,77,Świętokrzyskie,27,Medycyna pracy,2025/008524,Pozarezydencki,62.27,0.00,07.03.2025 19:30:39,2,NIE,,
w-2025,13,16.04.2025,16.04.2025 09:50:33,64,77,Świętokrzyskie,28,Medycyna pracy,2025/005493,Pozarezydencki,61.82,0.00,27.02.2025 22:59:12,2,NIE,,
w-2025,13,16.04.2025,16.04.2025 09:50:33,64,77,Świętokrzyskie,29,Medycyna ratunkowa,2025/004636,Pozarezydencki,86.82,3.64,17.02.2025 10:39:15,2,NIE,,
w-2025,13,16.04.2025,16.04.2025 09:50:33,64,77,Świętokrzyskie,30,Medycyna ratunkowa,2025/002899,Pozarezydencki,69.72,3.74,17.03.2025 10:56:31,2,NIE,,
w-2025,13,16.04.2025,16.04.2025 09:50:33,64,77,Świętokrzyskie,31,Medycyna rodzinna,2025/006900,Rezydencki,91.55,4.57,27.02.2025 13:44:47,6,NIE,,
w-2025,13,16.04.2025,16.04.2025 09:50:33,64,77,Świętokrzyskie,32,Medycyna rodzinna,2025/006455,Rezydencki,90.24,4.35,28.02.2025 21:13:47,6,NIE,,
w-2025,13,16.04.2025,16.04.2025 09:50:33,64,77,Świętokrzyskie,33,Medycyna rodzinna,2025/003389,Rezydencki,87.25,3.83,27.02.2025 22:39:49,6,NIE,,
w-2025,13,16.04.2025,16.04.2025 09:50:33,64,77,Świętokrzyskie,34,Medycyna rodzinna,2025/005719,Rezydencki,82.61,4.25,11.03.2025 15:29:14,6,NIE,,
w-2025,13,16.04.2025,16.04.2025 09:50:33,64,77,Świętokrzyskie,35,Medycyna rodzinna,2025/004460,Rezydencki,76.59,4.24,17.03.2025 20:01:17,6,NIE,,
w-2025,13,16.04.2025,16.04.2025 09:50:33,64,77,Świętokrzyskie,36,Medycyna rodzinna,2025/006166,Rezydencki,76.47,3.63,11.03.2025 10:39:04,6,NIE,,
w-2025,13,16.04.2025,16.04.2025 09:50:33,64,77,Świętokrzyskie,37,Neonatologia,2025/003043,Rezydencki,88.41,4.73,11.03.2025 18:26:50,1,NIE,,
w-2025,13,16.04.2025,16.04.2025 09:50:33,64,77,Świętokrzyskie,38,Neurologia,2025/002156,Rezydencki,84.54,3.91,23.02.2025 20:43:10,2,NIE,,
w-2025,13,16.04.2025,16.04.2025 09:50:33,65,77,Świętokrzyskie,39,Neurologia,2025/005070,Rezydencki,67.86,3.80,28.02.2025 00:01:26,2,NIE,,
w-2025,13,16.04.2025,16.04.2025 09:50:33,65,77,Świętokrzyskie,40,Neurologia,2025/005767,Pozarezydencki,69.72,0.00,20.03.2025 21:43:59,1,NIE,,
w-2025,13,16.04.2025,16.04.2025 09:50:33,65,77,Świętokrzyskie,41,Otorynolaryngologia,2025/006121,Rezydencki,85.24,3.41,27.02.2025 23:37:43,2,NIE,,
w-2025,13,16.04.2025,16.04.2025 09:50:33,65,77,Świętokrzyskie,42,Otorynolaryngologia,2025/007440,Rezydencki,84.76,3.79,28.02.2025 19:06:48,2,NIE,,
w-2025,13,16.04.2025,16.04.2025 09:50:33,65,77,Świętokrzyskie,43,Pediatria,2025/002929,Pozarezydencki,78.44,4.60,22.02.2025 10:22:57,1,NIE,,
w-2025,13,16.04.2025,16.04.2025 09:50:33,65,77,Świętokrzyskie,44,Położnictwo i ginekologia,2025/007435,Rezydencki,78.05,4.38,28.02.2025 23:11:49,1,NIE,,
w-2025,13,16.04.2025,16.04.2025 09:50:33,65,77,Świętokrzyskie,45,Psychiatria,2025/005951,Rezydencki,85.37,0.00,14.03.2025 11:56:22,4,NIE,,
w-2025,13,16.04.2025,16.04.2025 09:50:33,65,77,Świętokrzyskie,46,Psychiatria,2025/007722,Rezydencki,85.24,3.80,27.02.2025 23:17:20,4,NIE,,
w-2025,13,16.04.2025,16.04.2025 09:50:33,65,77,Świętokrzyskie,47,Psychiatria,2025/002616,Rezydencki,82.61,3.90,11.03.2025 20:41:52,4,NIE,,
w-2025,13,16.04.2025,16.04.2025 09:50:33,65,77,Świętokrzyskie,48,Psychiatria,2025/004469,Rezydencki,77.56,4.08,16.02.2025 21:15:57,4,NIE,,
w-2025,13,16.04.2025,16.04.2025 09:50:33,65,77,Świętokrzyskie,49,Psychiatria dzieci i młodzieży,2025/002070,Rezydencki,84.88,4.29,26.02.2025 20:42:47,2,NIE,,
w-2025,13,16.04.2025,16.04.2025 09:50:33,65,77,Świętokrzyskie,50,Psychiatria dzieci i młodzieży,2025/008168,Rezydencki,63.24,3.15,28.02.2025 13:57:37,2,NIE,,
w-2025,13,16.04.2025,16.04.2025 09:50:33,65,77,Świętokrzyskie,51,Radiologia i diagnostyka obrazowa,2025/007683,Rezydencki,87.92,3.50,07.03.2025 17:04:32,2,NIE,,
w-2025,13,16.04.2025,16.04.2025 09:50:33,65,77,Świętokrzyskie,52,Radiologia i diagnostyka obrazowa,2025/006322,Rezydencki,87.80,4.03,07.03.2025 17:10:15,2,NIE,,
w-2025,13,16.04.2025,16.04.2025 09:50:33,65,77,Świętokrzyskie,53,Radiologia i diagnostyka obrazowa,2025/003180,Pozarezydencki,71.50,3.83,10.02.2025 16:05:12,1,NIE,,
w-2025,13,16.04.2025,16.04.2025 09:50:33,65,77,Świętokrzyskie,54,Rehabilitacja medyczna,2025/007424,Rezydencki,53.62,3.69,27.02.2025 14:03:29,1,NIE,,
w-2025,13,16.04.2025,16.04.2025 09:50:33,65,77,Świętokrzyskie,55,Reumatologia,2025/004770,Rezydencki,89.52,4.27,23.02.2025 08:38:12,2,NIE,,
w-2025,13,16.04.2025,16.04.2025 09:50:33,65,77,Świętokrzyskie,56,Reumatologia,2025/007891,Rezydencki,87.44,3.59,19.03.2025 11:48:57,2,NIE,,
w-2025,13,16.04.2025,16.04.2025 09:50:33,65,77,Świętokrzyskie,57,Transplantologia kliniczna,2025/001902,Pozarezydencki,82.27,0.00,01.02.2025 09:33:56,1,NIE,,
w-2025,13,16.04.2025,16.04.2025 09:50:33,65,77,Świętokrzyskie,58,Urologia,2025/005618,Rezydencki,85.05,3.70,26.02.2025 19:24:55,1,NIE,,
w-2025,13,16.04.2025,16.04.2025 09:50:33,65,77,Świętokrzyskie,59,Urologia,2025/002893,Pozarezydencki,82.49,3.97,07.03.2025 16:30:49,1,NIE,,
w-2025,13,16.04.2025,16.04.2025 09:50:33,65,77,Świętokrzyskie,1,Dermatologia i wenerologia,2025/003232,Rezydencki,80.68,3.98,08.02.2025 12:23:26,1,TAK,Wojewódzki Szpital Zespolony w Kielcach,Klinika Dermatologii
w-2025,13,16.04.2025,16.04.2025 09:50:33,65,77,Warmińsko-mazurskie,1,Alergologia,2025/005696,Rezydencki,89.71,3.89,23.02.2025 17:27:40,1,NIE,,
w-2025,13,16.04.2025,16.04.2025 09:50:33,65,77,Warmińsko-mazurskie,2,Anestezjologia i intensywna terapia,2025/005685,Rezydencki,83.57,4.00,27.02.2025 14:24:49,6,NIE,,
w-2025,13,16.04.2025,16.04.2025 09:50:33,65,77,Warmińsko-mazurskie,3,Anestezjologia i intensywna terapia,2025/002324,Rezydencki,83.57,3.82,05.02.2025 09:45:14,6,NIE,,
w-2025,13,16.04.2025,16.04.2025 09:50:33,65,77,Warmińsko-mazurskie,4,Anestezjologia i intensywna terapia,2025/008254,Rezydencki,83.33,3.44,28.02.2025 23:59:54,6,NIE,,
w-2025,13,16.04.2025,16.04.2025 09:50:33,65,77,Warmińsko-mazurskie,5,Anestezjologia i intensywna terapia,2025/004420,Rezydencki,82.86,3.93,26.02.2025 22:11:47,6,NIE,,
w-2025,13,16.04.2025,16.04.2025 09:50:33,65,77,Warmińsko-mazurskie,6,Anestezjologia i intensywna terapia,2025/007120,Rezydencki,78.68,3.85,26.02.2025 22:17:19,6,NIE,,
w-2025,13,16.04.2025,16.04.2025 09:50:33,66,77,Warmińsko-mazurskie,7,Anestezjologia i intensywna terapia,2025/007096,Rezydencki,71.90,0.00,27.03.2025 20:14:08,6,NIE,,
w-2025,13,16.04.2025,16.04.2025 09:50:33,66,77,Warmińsko-mazurskie,8,Chirurgia ogólna,2025/007633,Rezydencki,81.90,4.44,27.02.2025 21:15:33,1,NIE,,
w-2025,13,16.04.2025,16.04.2025 09:50:33,66,77,Warmińsko-mazurskie,9,Chirurgia ogólna,2025/005562,Pozarezydencki,71.03,0.00,28.03.2025 14:08:53,1,NIE,,
w-2025,13,16.04.2025,16.04.2025 09:50:33,66,77,Warmińsko-mazurskie,10,Chirurgia onkologiczna,2025/006846,Pozarezydencki,66.36,2.66,26.02.2025 16:32:14,1,NIE,,
w-2025,13,16.04.2025,16.04.2025 09:50:33,66,77,Warmińsko-mazurskie,11,Chirurgia stomatologiczna,2025/008554,Rezydencki,84.06,3.80,20.03.2025 22:15:52,1,NIE,,
w-2025,13,16.04.2025,16.04.2025 09:50:33,66,77,Warmińsko-mazurskie,12,Chirurgia szczękowo-twarzowa,2025/006447,Rezydencki,83.81,3.41,26.02.2025 21:06:53,1,NIE,,
w-2025,13,16.04.2025,16.04.2025 09:50:33,66,77,Warmińsko-mazurskie,13,Choroby płuc,2025/006089,Rezydencki,66.67,2.97,24.02.2025 14:42:58,1,NIE,,
w-2025,13,16.04.2025,16.04.2025 09:50:33,66,77,Warmińsko-mazurskie,14,Choroby wewnętrzne,2025/005760,Rezydencki,80.88,0.00,23.03.2025 15:37:39,2,NIE,,
w-2025,13,16.04.2025,16.04.2025 09:50:33,66,77,Warmińsko-mazurskie,15,Choroby wewnętrzne,2025/004127,Rezydencki,77.56,3.70,21.03.2025 09:21:01,2,NIE,,
w-2025,13,16.04.2025,16.04.2025 09:50:33,66,77,Warmińsko-mazurskie,16,Choroby wewnętrzne,2025/004374,Pozarezydencki,56.16,4.07,24.03.2025 13:11:52,1,NIE,,
w-2025,13,16.04.2025,16.04.2025 09:50:33,66,77,Warmińsko-mazurskie,17,Diabetologia,2025/005969,Rezydencki,84.52,4.00,27.02.2025 16:22:20,1,NIE,,
w-2025,13,16.04.2025,16.04.2025 09:50:33,66,77,Warmińsko-mazurskie,18,Diabetologia,2025/002590,Pozarezydencki,82.27,3.33,18.03.2025 21:14:39,1,NIE,,
w-2025,13,16.04.2025,16.04.2025 09:50:33,66,77,Warmińsko-mazurskie,19,Diagnostyka laboratoryjna,2025/004038,Pozarezydencki,77.73,3.64,25.03.2025 18:49:25,1,NIE,,
w-2025,13,16.04.2025,16.04.2025 09:50:33,66,77,Warmińsko-mazurskie,20,Gastroenterologia,2025/006634,Pozarezydencki,69.59,4.10,14.03.2025 09:26:12,1,NIE,,
w-2025,13,16.04.2025,16.04.2025 09:50:33,66,77,Warmińsko-mazurskie,21,Ginekologia onkologiczna,2025/006989,Pozarezydencki,73.18,0.00,17.03.2025 12:41:20,1,NIE,,
w-2025,13,16.04.2025,16.04.2025 09:50:33,66,77,Warmińsko-mazurskie,22,Hipertensjologia,2025/002916,Pozarezydencki,71.79,0.00,27.03.2025 18:59:47,1,NIE,,
w-2025,13,16.04.2025,16.04.2025 09:50:33,66,77,Warmińsko-mazurskie,23,Intensywna terapia,2025/005815,Pozarezydencki,66.36,0.00,27.03.2025 11:12:35,1,NIE,,
w-2025,13,16.04.2025,16.04.2025 09:50:33,66,77,Warmińsko-mazurskie,24,Kardiochirurgia,2025/003224,Rezydencki,71.98,3.42,26.02.2025 19:38:05,1,NIE,,
w-2025,13,16.04.2025,16.04.2025 09:50:33,66,77,Warmińsko-mazurskie,25,Kardiologia,2025/007517,Rezydencki,81.37,3.84,28.02.2025 16:38:11,3,NIE,,
w-2025,13,16.04.2025,16.04.2025 09:50:33,66,77,Warmińsko-mazurskie,26,Kardiologia,2025/004981,Rezydencki,79.71,0.00,18.03.2025 13:59:22,3,NIE,,
w-2025,13,16.04.2025,16.04.2025 09:50:33,66,77,Warmińsko-mazurskie,27,Kardiologia,2025/007192,Rezydencki,63.81,3.88,26.02.2025 23:54:26,3,NIE,,
w-2025,13,16.04.2025,16.04.2025 09:50:33,66,77,Warmińsko-mazurskie,28,Kardiologia,2025/006296,Pozarezydencki,66.36,0.00,25.02.2025 08:15:01,2,NIE,,
w-2025,13,16.04.2025,16.04.2025 09:50:33,66,77,Warmińsko-mazurskie,29,Kardiologia,2025/007149,Pozarezydencki,53.74,3.94,28.03.2025 18:24:29,2,NIE,,
w-2025,13,16.04.2025,16.04.2025 09:50:33,66,77,Warmińsko-mazurskie,30,Medycyna pracy,2025/007707,Pozarezydencki,74.19,3.17,28.02.2025 20:29:20,1,NIE,,
w-2025,13,16.04.2025,16.04.2025 09:50:33,66,77,Warmińsko-mazurskie,31,Medycyna ratunkowa,2025/006386,Rezydencki,81.64,0.00,20.03.2025 21:17:48,1,NIE,,
w-2025,13,16.04.2025,16.04.2025 09:50:33,66,77,Warmińsko-mazurskie,32,Medycyna ratunkowa,2025/006828,Pozarezydencki,57.27,0.00,27.03.2025 13:18:23,1,NIE,,
w-2025,13,16.04.2025,16.04.2025 09:50:33,66,77,Warmińsko-mazurskie,33,Medycyna rodzinna,2025/006853,Rezydencki,89.71,4.63,26.02.2025 16:45:12,6,NIE,,
w-2025,13,16.04.2025,16.04.2025 09:50:33,66,77,Warmińsko-mazurskie,34,Medycyna rodzinna,2025/008603,Rezydencki,89.27,4.47,28.02.2025 22:50:17,6,NIE,,
w-2025,13,16.04.2025,16.04.2025 09:50:33,66,77,Warmińsko-mazurskie,35,Medycyna rodzinna,2025/003031,Rezydencki,87.75,4.16,06.02.2025 17:11:34,6,NIE,,
w-2025,13,16.04.2025,16.04.2025 09:50:33,66,77,Warmińsko-mazurskie,36,Medycyna rodzinna,2025/002119,Rezydencki,86.47,3.53,27.02.2025 22:19:02,6,NIE,,
w-2025,13,16.04.2025,16.04.2025 09:50:33,66,77,Warmińsko-mazurskie,37,Medycyna rodzinna,2025/006592,Rezydencki,84.80,3.27,26.02.2025 22:17:49,6,NIE,,
w-2025,13,16.04.2025,16.04.2025 09:50:33,66,77,Warmińsko-mazurskie,38,Medycyna rodzinna,2025/007938,Rezydencki,83.90,4.00,28.02.2025 00:19:51,6,NIE,,
w-2025,13,16.04.2025,16.04.2025 09:50:33,66,77,Warmińsko-mazurskie,39,Neonatologia,2025/003470,Rezydencki,78.05,0.00,21.03.2025 11:36:16,1,NIE,,
w-2025,13,16.04.2025,16.04.2025 09:50:33,66,77,Warmińsko-mazurskie,40,Neurologia,2025/003278,Rezydencki,85.51,4.13,09.02.2025 09:10:01,5,NIE,,
w-2025,13,16.04.2025,16.04.2025 09:50:33,66,77,Warmińsko-mazurskie,41,Neurologia,2025/007540,Rezydencki,82.86,0.00,21.03.2025 11:10:53,5,NIE,,
w-2025,13,16.04.2025,16.04.2025 09:50:33,66,77,Warmińsko-mazurskie,42,Neurologia,2025/002598,Rezydencki,74.88,0.00,25.02.2025 09:21:06,5,NIE,,
w-2025,13,16.04.2025,16.04.2025 09:50:33,66,77,Warmińsko-mazurskie,43,Neurologia,2025/005842,Rezydencki,73.53,3.58,23.02.2025 18:43:33,5,NIE,,
w-2025,13,16.04.2025,16.04.2025 09:50:33,66,77,Warmińsko-mazurskie,44,Neurologia,2025/005781,Rezydencki,72.46,0.00,21.03.2025 11:25:15,5,NIE,,
w-2025,13,16.04.2025,16.04.2025 09:50:33,67,77,Warmińsko-mazurskie,45,Okulistyka,2025/005686,Rezydencki,86.96,4.02,27.02.2025 18:40:56,1,NIE,,
w-2025,13,16.04.2025,16.04.2025 09:50:33,67,77,Warmińsko-mazurskie,46,Okulistyka,2025/008187,Pozarezydencki,74.55,4.40,28.02.2025 14:29:03,2,NIE,,
w-2025,13,16.04.2025,16.04.2025 09:50:33,67,77,Warmińsko-mazurskie,47,Okulistyka,2025/007890,Pozarezydencki,72.81,4.25,27.02.2025 23:25:16,2,NIE,,
w-2025,13,16.04.2025,16.04.2025 09:50:33,67,77,Warmińsko-mazurskie,48,Ortopedia i traumatologia narządu ruchu,2025/007673,Rezydencki,78.43,3.61,27.02.2025 20:35:55,2,NIE,,
w-2025,13,16.04.2025,16.04.2025 09:50:33,67,77,Warmińsko-mazurskie,49,Ortopedia i traumatologia narządu ruchu,2025/005675,Rezydencki,74.29,3.76,27.02.2025 17:09:37,2,NIE,,
w-2025,13,16.04.2025,16.04.2025 09:50:33,67,77,Warmińsko-mazurskie,50,Pediatria,2025/005193,Rezydencki,82.84,3.48,19.02.2025 21:33:38,2,NIE,,
w-2025,13,16.04.2025,16.04.2025 09:50:33,67,77,Warmińsko-mazurskie,51,Pediatria,2025/008387,Rezydencki,77.56,0.00,28.02.2025 19:41:14,2,NIE,,
w-2025,13,16.04.2025,16.04.2025 09:50:33,67,77,Warmińsko-mazurskie,52,Periodontologia,2025/006813,Pozarezydencki,80.00,0.00,20.03.2025 00:17:42,1,NIE,,
w-2025,13,16.04.2025,16.04.2025 09:50:33,67,77,Warmińsko-mazurskie,53,Położnictwo i ginekologia,2025/007576,Rezydencki,79.52,3.46,14.03.2025 12:48:25,1,NIE,,
w-2025,13,16.04.2025,16.04.2025 09:50:33,67,77,Warmińsko-mazurskie,54,Protetyka stomatologiczna,2025/006812,Rezydencki,77.14,3.50,26.02.2025 14:47:42,2,NIE,,
w-2025,13,16.04.2025,16.04.2025 09:50:33,67,77,Warmińsko-mazurskie,55,Protetyka stomatologiczna,2025/007478,Rezydencki,75.12,4.19,12.03.2025 22:24:14,2,NIE,,
w-2025,13,16.04.2025,16.04.2025 09:50:33,67,77,Warmińsko-mazurskie,56,Protetyka stomatologiczna,2025/008521,Pozarezydencki,80.00,0.00,24.03.2025 21:41:47,2,NIE,,
w-2025,13,16.04.2025,16.04.2025 09:50:33,67,77,Warmińsko-mazurskie,57,Protetyka stomatologiczna,2025/005978,Pozarezydencki,70.91,4.48,24.02.2025 10:00:53,2,NIE,,
w-2025,13,16.04.2025,16.04.2025 09:50:33,67,77,Warmińsko-mazurskie,58,Psychiatria,2025/005784,Rezydencki,84.54,3.31,12.03.2025 22:59:17,2,NIE,,
w-2025,13,16.04.2025,16.04.2025 09:50:33,67,77,Warmińsko-mazurskie,59,Psychiatria,2025/006818,Rezydencki,79.51,3.95,26.02.2025 15:30:57,2,NIE,,
w-2025,13,16.04.2025,16.04.2025 09:50:33,67,77,Warmińsko-mazurskie,60,Psychiatria,2025/002874,Pozarezydencki,66.82,0.00,11.03.2025 14:49:24,1,NIE,,
w-2025,13,16.04.2025,16.04.2025 09:50:33,67,77,Warmińsko-mazurskie,61,Radiologia i diagnostyka obrazowa,2025/003341,Rezydencki,84.63,3.49,26.03.2025 12:34:12,1,NIE,,
w-2025,13,16.04.2025,16.04.2025 09:50:33,67,77,Warmińsko-mazurskie,62,Rehabilitacja medyczna,2025/006255,Pozarezydencki,76.04,0.00,23.03.2025 17:51:31,3,NIE,,
w-2025,13,16.04.2025,16.04.2025 09:50:33,67,77,Warmińsko-mazurskie,63,Rehabilitacja medyczna,2025/006979,Pozarezydencki,67.76,0.00,28.02.2025 09:21:08,3,NIE,,
w-2025,13,16.04.2025,16.04.2025 09:50:33,67,77,Warmińsko-mazurskie,64,Rehabilitacja medyczna,2025/008137,Pozarezydencki,63.18,0.00,19.03.2025 18:25:44,3,NIE,,
w-2025,13,16.04.2025,16.04.2025 09:50:33,67,77,Warmińsko-mazurskie,65,Stomatologia dziecięca,2025/003453,Rezydencki,77.62,3.69,13.03.2025 08:32:58,3,NIE,,
w-2025,13,16.04.2025,16.04.2025 09:50:33,67,77,Warmińsko-mazurskie,66,Stomatologia dziecięca,2025/001982,Rezydencki,75.71,4.05,06.02.2025 14:54:48,3,NIE,,
w-2025,13,16.04.2025,16.04.2025 09:50:33,67,77,Warmińsko-mazurskie,67,Stomatologia dziecięca,2025/006540,Rezydencki,72.60,4.05,25.02.2025 20:22:46,3,NIE,,
w-2025,13,16.04.2025,16.04.2025 09:50:33,67,77,Warmińsko-mazurskie,68,Stomatologia zachowawcza z endodoncją,2025/008049,Rezydencki,60.10,3.30,11.03.2025 17:11:07,1,NIE,,
w-2025,13,16.04.2025,16.04.2025 09:50:33,67,77,Warmińsko-mazurskie,69,Urologia,2025/008523,Rezydencki,86.19,3.45,28.02.2025 21:46:00,2,NIE,,
w-2025,13,16.04.2025,16.04.2025 09:50:33,67,77,Warmińsko-mazurskie,70,Urologia,2025/007726,Rezydencki,85.02,4.10,27.02.2025 21:33:59,2,NIE,,
w-2025,13,16.04.2025,16.04.2025 09:50:33,67,77,Wielkopolskie,1,Alergologia,2025/007724,Rezydencki,84.76,3.34,27.02.2025 23:59:08,1,NIE,,
w-2025,13,16.04.2025,16.04.2025 09:50:33,67,77,Wielkopolskie,2,Alergologia,2025/003072,Pozarezydencki,80.45,4.39,09.03.2025 21:55:05,1,NIE,,
w-2025,13,16.04.2025,16.04.2025 09:50:33,67,77,Wielkopolskie,3,Anestezjologia i intensywna terapia,2025/003289,Rezydencki,88.41,4.97,15.03.2025 11:31:09,9,NIE,,
w-2025,13,16.04.2025,16.04.2025 09:50:33,67,77,Wielkopolskie,4,Anestezjologia i intensywna terapia,2025/005397,Rezydencki,86.96,4.14,07.03.2025 13:52:58,9,NIE,,
w-2025,13,16.04.2025,16.04.2025 09:50:33,67,77,Wielkopolskie,5,Anestezjologia i intensywna terapia,2025/001949,Rezydencki,85.27,3.42,26.02.2025 22:07:05,9,NIE,,
w-2025,13,16.04.2025,16.04.2025 09:50:33,67,77,Wielkopolskie,6,Anestezjologia i intensywna terapia,2025/007773,Rezydencki,84.80,4.22,10.03.2025 19:55:53,9,NIE,,
w-2025,13,16.04.2025,16.04.2025 09:50:33,67,77,Wielkopolskie,7,Anestezjologia i intensywna terapia,2025/002542,Rezydencki,82.93,3.71,03.02.2025 22:24:48,9,NIE,,
w-2025,13,16.04.2025,16.04.2025 09:50:33,67,77,Wielkopolskie,8,Anestezjologia i intensywna terapia,2025/006868,Rezydencki,82.86,3.79,26.02.2025 16:50:08,9,NIE,,
w-2025,13,16.04.2025,16.04.2025 09:50:33,68,77,Wielkopolskie,9,Anestezjologia i intensywna terapia,2025/008568,Rezydencki,82.68,2.99,11.03.2025 16:29:47,9,NIE,,
w-2025,13,16.04.2025,16.04.2025 09:50:33,68,77,Wielkopolskie,10,Anestezjologia i intensywna terapia,2025/003471,Rezydencki,82.38,4.00,20.03.2025 17:16:16,9,NIE,,
w-2025,13,16.04.2025,16.04.2025 09:50:33,68,77,Wielkopolskie,11,Anestezjologia i intensywna terapia,2025/003030,Rezydencki,81.16,4.11,19.02.2025 18:17:38,9,NIE,,
w-2025,13,16.04.2025,16.04.2025 09:50:33,68,77,Wielkopolskie,12,Anestezjologia i intensywna terapia,2025/002676,Pozarezydencki,76.82,3.56,15.03.2025 11:26:13,5,NIE,,
w-2025,13,16.04.2025,16.04.2025 09:50:33,68,77,Wielkopolskie,13,Anestezjologia i intensywna terapia,2025/002340,Pozarezydencki,73.83,4.41,16.03.2025 07:08:43,5,NIE,,
w-2025,13,16.04.2025,16.04.2025 09:50:33,68,77,Wielkopolskie,14,Anestezjologia i intensywna terapia,2025/008382,Pozarezydencki,69.16,0.00,21.03.2025 13:04:37,5,NIE,,
w-2025,13,16.04.2025,16.04.2025 09:50:33,68,77,Wielkopolskie,15,Anestezjologia i intensywna terapia,2025/004413,Pozarezydencki,64.81,0.00,08.03.2025 20:14:40,5,NIE,,
w-2025,13,16.04.2025,16.04.2025 09:50:33,68,77,Wielkopolskie,16,Anestezjologia i intensywna terapia,2025/007466,Pozarezydencki,59.45,0.00,12.03.2025 11:52:28,5,NIE,,
w-2025,13,16.04.2025,16.04.2025 09:50:33,68,77,Wielkopolskie,17,Angiologia,2025/007134,Rezydencki,84.88,3.77,26.02.2025 22:18:28,1,NIE,,
w-2025,13,16.04.2025,16.04.2025 09:50:33,68,77,Wielkopolskie,18,Audiologia i foniatria,2025/003334,Pozarezydencki,67.95,3.60,14.03.2025 19:52:36,2,NIE,,
w-2025,13,16.04.2025,16.04.2025 09:50:33,68,77,Wielkopolskie,19,Audiologia i foniatria,2025/006668,Pozarezydencki,57.48,2.99,19.03.2025 23:57:12,2,NIE,,
w-2025,13,16.04.2025,16.04.2025 09:50:33,68,77,Wielkopolskie,20,Chirurgia dziecięca,2025/005350,Rezydencki,87.68,4.18,20.02.2025 19:07:54,1,NIE,,
w-2025,13,16.04.2025,16.04.2025 09:50:33,68,77,Wielkopolskie,21,Chirurgia naczyniowa,2025/007759,Rezydencki,87.99,4.33,12.03.2025 17:42:30,2,NIE,,
w-2025,13,16.04.2025,16.04.2025 09:50:33,68,77,Wielkopolskie,22,Chirurgia naczyniowa,2025/007182,Rezydencki,86.10,3.56,28.02.2025 22:42:23,2,NIE,,
w-2025,13,16.04.2025,16.04.2025 09:50:33,68,77,Wielkopolskie,23,Chirurgia naczyniowa,2025/002612,Pozarezydencki,83.18,3.95,28.02.2025 21:21:53,1,NIE,,
w-2025,13,16.04.2025,16.04.2025 09:50:33,68,77,Wielkopolskie,24,Chirurgia ogólna,2025/007843,Rezydencki,85.51,4.25,27.02.2025 22:43:21,9,NIE,,
w-2025,13,16.04.2025,16.04.2025 09:50:33,68,77,Wielkopolskie,25,Chirurgia ogólna,2025/007004,Rezydencki,84.78,3.36,12.03.2025 16:34:46,9,NIE,,
w-2025,13,16.04.2025,16.04.2025 09:50:33,68,77,Wielkopolskie,26,Chirurgia ogólna,2025/008335,Rezydencki,82.84,3.98,14.03.2025 08:14:00,9,NIE,,
w-2025,13,16.04.2025,16.04.2025 09:50:33,68,77,Wielkopolskie,27,Chirurgia ogólna,2025/007968,Rezydencki,78.74,3.50,28.02.2025 02:00:10,9,NIE,,
w-2025,13,16.04.2025,16.04.2025 09:50:33,68,77,Wielkopolskie,28,Chirurgia ogólna,2025/002650,Rezydencki,78.26,4.02,06.02.2025 19:45:10,9,NIE,,
w-2025,13,16.04.2025,16.04.2025 09:50:33,68,77,Wielkopolskie,29,Chirurgia ogólna,2025/007750,Rezydencki,75.00,3.67,27.02.2025 21:53:13,9,NIE,,
w-2025,13,16.04.2025,16.04.2025 09:50:33,68,77,Wielkopolskie,30,Chirurgia ogólna,2025/007879,Rezydencki,73.53,3.61,28.02.2025 22:02:03,9,NIE,,
w-2025,13,16.04.2025,16.04.2025 09:50:33,68,77,Wielkopolskie,31,Chirurgia ogólna,2025/007790,Rezydencki,71.22,3.78,28.02.2025 18:19:06,9,NIE,,
w-2025,13,16.04.2025,16.04.2025 09:50:33,68,77,Wielkopolskie,32,Chirurgia ogólna,2025/007959,Rezydencki,70.59,3.19,28.02.2025 03:22:10,9,NIE,,
w-2025,13,16.04.2025,16.04.2025 09:50:33,68,77,Wielkopolskie,33,Chirurgia ogólna,2025/005706,Pozarezydencki,80.65,3.90,22.02.2025 23:05:57,1,NIE,,
w-2025,13,16.04.2025,16.04.2025 09:50:33,68,77,Wielkopolskie,34,Chirurgia onkologiczna,2025/004473,Rezydencki,88.05,3.95,18.02.2025 21:27:11,1,NIE,,
w-2025,13,16.04.2025,16.04.2025 09:50:33,68,77,Wielkopolskie,35,Chirurgia stomatologiczna,2025/005188,Rezydencki,86.06,4.22,06.03.2025 15:22:56,1,NIE,,
w-2025,13,16.04.2025,16.04.2025 09:50:33,68,77,Wielkopolskie,36,Choroby płuc,2025/008634,Rezydencki,85.29,3.52,28.02.2025 23:20:53,5,NIE,,
w-2025,13,16.04.2025,16.04.2025 09:50:33,68,77,Wielkopolskie,37,Choroby płuc,2025/005735,Rezydencki,81.62,4.05,23.02.2025 11:19:46,5,NIE,,
w-2025,13,16.04.2025,16.04.2025 09:50:33,68,77,Wielkopolskie,38,Choroby płuc,2025/002773,Rezydencki,80.95,4.19,13.03.2025 17:06:39,5,NIE,,
w-2025,13,16.04.2025,16.04.2025 09:50:33,68,77,Wielkopolskie,39,Choroby płuc,2025/006187,Rezydencki,80.88,3.24,27.02.2025 09:02:20,5,NIE,,
w-2025,13,16.04.2025,16.04.2025 09:50:33,68,77,Wielkopolskie,40,Choroby płuc,2025/006834,Rezydencki,80.43,3.69,27.02.2025 20:46:52,5,NIE,,
w-2025,13,16.04.2025,16.04.2025 09:50:33,68,77,Wielkopolskie,41,Choroby płuc,2025/006411,Pozarezydencki,66.36,3.13,09.03.2025 14:52:11,1,NIE,,
w-2025,13,16.04.2025,16.04.2025 09:50:33,68,77,Wielkopolskie,42,Choroby wewnętrzne,2025/007384,Rezydencki,86.83,3.63,27.02.2025 13:03:02,9,NIE,,
w-2025,13,16.04.2025,16.04.2025 09:50:33,68,77,Wielkopolskie,43,Choroby wewnętrzne,2025/002022,Rezydencki,84.76,4.14,27.02.2025 11:03:35,9,NIE,,
w-2025,13,16.04.2025,16.04.2025 09:50:33,68,77,Wielkopolskie,44,Choroby wewnętrzne,2025/002730,Rezydencki,81.37,3.90,06.02.2025 21:43:41,9,NIE,,
w-2025,13,16.04.2025,16.04.2025 09:50:33,68,77,Wielkopolskie,45,Choroby wewnętrzne,2025/007700,Rezydencki,80.95,3.26,28.02.2025 22:40:11,9,NIE,,
w-2025,13,16.04.2025,16.04.2025 09:50:33,68,77,Wielkopolskie,46,Choroby wewnętrzne,2025/007469,Rezydencki,77.14,4.57,27.02.2025 21:43:36,9,NIE,,
w-2025,13,16.04.2025,16.04.2025 09:50:33,69,77,Wielkopolskie,47,Choroby wewnętrzne,2025/008022,Rezydencki,73.81,3.68,14.03.2025 20:05:39,9,NIE,,
w-2025,13,16.04.2025,16.04.2025 09:50:33,69,77,Wielkopolskie,48,Choroby wewnętrzne,2025/003213,Rezydencki,69.57,3.75,12.03.2025 20:46:41,9,NIE,,
w-2025,13,16.04.2025,16.04.2025 09:50:33,69,77,Wielkopolskie,49,Choroby wewnętrzne,2025/003906,Rezydencki,67.63,3.95,16.02.2025 20:32:45,9,NIE,,
w-2025,13,16.04.2025,16.04.2025 09:50:33,69,77,Wielkopolskie,50,Choroby wewnętrzne,2025/007978,Rezydencki,67.15,0.00,07.03.2025 15:37:57,9,NIE,,
w-2025,13,16.04.2025,16.04.2025 09:50:33,69,77,Wielkopolskie,51,Choroby wewnętrzne,2025/004553,Pozarezydencki,72.25,4.22,17.03.2025 19:49:47,1,NIE,,
w-2025,13,16.04.2025,16.04.2025 09:50:33,69,77,Wielkopolskie,52,Diabetologia,2025/004833,Rezydencki,86.03,4.23,28.02.2025 00:48:12,1,NIE,,
w-2025,13,16.04.2025,16.04.2025 09:50:33,69,77,Wielkopolskie,53,Endokrynologia,2025/006191,Rezydencki,93.72,4.67,27.02.2025 22:18:31,2,NIE,,
w-2025,13,16.04.2025,16.04.2025 09:50:33,69,77,Wielkopolskie,54,Endokrynologia,2025/001903,Rezydencki,93.38,4.76,02.02.2025 17:44:39,2,NIE,,
w-2025,13,16.04.2025,16.04.2025 09:50:33,69,77,Wielkopolskie,55,Endokrynologia,2025/002181,Pozarezydencki,85.81,3.92,10.03.2025 13:34:39,2,NIE,,
w-2025,13,16.04.2025,16.04.2025 09:50:33,69,77,Wielkopolskie,56,Endokrynologia,2025/007001,Pozarezydencki,84.81,4.31,13.03.2025 17:16:21,2,NIE,,
w-2025,13,16.04.2025,16.04.2025 09:50:33,69,77,Wielkopolskie,57,Geriatria,2025/005976,Pozarezydencki,75.45,3.29,17.03.2025 10:08:41,4,NIE,,
w-2025,13,16.04.2025,16.04.2025 09:50:33,69,77,Wielkopolskie,58,Geriatria,2025/007086,Pozarezydencki,71.56,0.00,16.03.2025 11:08:27,4,NIE,,
w-2025,13,16.04.2025,16.04.2025 09:50:33,69,77,Wielkopolskie,59,Geriatria,2025/006445,Pozarezydencki,71.10,3.47,13.03.2025 10:41:13,4,NIE,,
w-2025,13,16.04.2025,16.04.2025 09:50:33,69,77,Wielkopolskie,60,Geriatria,2025/008615,Pozarezydencki,60.45,3.57,27.03.2025 12:17:47,4,NIE,,
w-2025,13,16.04.2025,16.04.2025 09:50:33,69,77,Wielkopolskie,61,Ginekologia onkologiczna,2025/006768,Pozarezydencki,80.00,0.00,11.03.2025 10:17:16,1,NIE,,
w-2025,13,16.04.2025,16.04.2025 09:50:33,69,77,Wielkopolskie,62,Hematologia,2025/002212,Pozarezydencki,74.19,3.51,28.02.2025 23:34:25,2,NIE,,
w-2025,13,16.04.2025,16.04.2025 09:50:33,69,77,Wielkopolskie,63,Hematologia,2025/002191,Pozarezydencki,70.91,0.00,09.03.2025 20:08:47,2,NIE,,
w-2025,13,16.04.2025,16.04.2025 09:50:33,69,77,Wielkopolskie,64,Hipertensjologia,2025/006947,Pozarezydencki,75.45,3.39,21.03.2025 09:41:17,1,NIE,,
w-2025,13,16.04.2025,16.04.2025 09:50:33,69,77,Wielkopolskie,65,Kardiochirurgia,2025/007970,Rezydencki,72.55,3.94,28.02.2025 02:42:26,1,NIE,,
w-2025,13,16.04.2025,16.04.2025 09:50:33,69,77,Wielkopolskie,66,Kardiologia,2025/005697,Rezydencki,88.78,4.32,27.02.2025 21:35:42,6,NIE,,
w-2025,13,16.04.2025,16.04.2025 09:50:33,69,77,Wielkopolskie,67,Kardiologia,2025/007010,Rezydencki,87.56,4.14,27.02.2025 12:20:52,6,NIE,,
w-2025,13,16.04.2025,16.04.2025 09:50:33,69,77,Wielkopolskie,68,Kardiologia,2025/002019,Rezydencki,86.76,4.28,09.03.2025 23:40:22,6,NIE,,
w-2025,13,16.04.2025,16.04.2025 09:50:33,69,77,Wielkopolskie,69,Kardiologia,2025/002870,Rezydencki,85.29,3.62,09.02.2025 18:28:44,6,NIE,,
w-2025,13,16.04.2025,16.04.2025 09:50:33,69,77,Wielkopolskie,70,Kardiologia,2025/004931,Rezydencki,83.82,4.33,26.02.2025 16:33:49,6,NIE,,
w-2025,13,16.04.2025,16.04.2025 09:50:33,69,77,Wielkopolskie,71,Kardiologia,2025/006140,Rezydencki,83.33,3.93,27.02.2025 23:40:44,6,NIE,,
w-2025,13,16.04.2025,16.04.2025 09:50:33,69,77,Wielkopolskie,72,Kardiologia,2025/005019,Pozarezydencki,78.04,4.16,18.02.2025 22:18:07,8,NIE,,
w-2025,13,16.04.2025,16.04.2025 09:50:33,69,77,Wielkopolskie,73,Kardiologia,2025/002816,Pozarezydencki,77.67,4.31,23.02.2025 14:41:56,8,NIE,,
w-2025,13,16.04.2025,16.04.2025 09:50:33,69,77,Wielkopolskie,74,Kardiologia,2025/004065,Pozarezydencki,75.91,3.33,28.02.2025 19:32:17,8,NIE,,
w-2025,13,16.04.2025,16.04.2025 09:50:33,69,77,Wielkopolskie,75,Kardiologia,2025/006628,Pozarezydencki,75.45,0.00,17.03.2025 18:39:47,8,NIE,,
w-2025,13,16.04.2025,16.04.2025 09:50:33,69,77,Wielkopolskie,76,Kardiologia,2025/003628,Pozarezydencki,73.84,4.53,15.02.2025 18:50:56,8,NIE,,
w-2025,13,16.04.2025,16.04.2025 09:50:33,69,77,Wielkopolskie,77,Kardiologia,2025/005022,Pozarezydencki,70.91,4.21,08.03.2025 11:18:47,8,NIE,,
w-2025,13,16.04.2025,16.04.2025 09:50:33,69,77,Wielkopolskie,78,Kardiologia,2025/005067,Pozarezydencki,68.20,3.00,18.03.2025 09:32:46,8,NIE,,
w-2025,13,16.04.2025,16.04.2025 09:50:33,69,77,Wielkopolskie,79,Kardiologia,2025/003881,Pozarezydencki,66.36,0.00,11.02.2025 21:00:40,8,NIE,,
w-2025,13,16.04.2025,16.04.2025 09:50:33,69,77,Wielkopolskie,80,Medycyna nuklearna,2025/006503,Rezydencki,73.08,4.33,25.02.2025 18:57:50,1,NIE,,
w-2025,13,16.04.2025,16.04.2025 09:50:33,69,77,Wielkopolskie,81,Medycyna nuklearna,2025/008207,Pozarezydencki,75.23,0.00,25.03.2025 22:03:44,1,NIE,,
w-2025,13,16.04.2025,16.04.2025 09:50:33,69,77,Wielkopolskie,82,Medycyna paliatywna,2025/002073,Pozarezydencki,72.48,0.00,25.02.2025 22:17:14,1,NIE,,
w-2025,13,16.04.2025,16.04.2025 09:50:33,69,77,Wielkopolskie,83,Medycyna pracy,2025/007188,Pozarezydencki,84.55,0.00,26.02.2025 23:08:05,1,NIE,,
w-2025,13,16.04.2025,16.04.2025 09:50:33,69,77,Wielkopolskie,84,Medycyna ratunkowa,2025/005363,Rezydencki,80.49,0.00,20.02.2025 20:11:37,3,NIE,,
w-2025,13,16.04.2025,16.04.2025 09:50:33,70,77,Wielkopolskie,85,Medycyna ratunkowa,2025/001887,Rezydencki,64.76,3.09,27.02.2025 23:04:36,3,NIE,,
w-2025,13,16.04.2025,16.04.2025 09:50:33,70,77,Wielkopolskie,86,Medycyna ratunkowa,2025/002103,Rezydencki,62.86,4.07,15.03.2025 14:40:57,3,NIE,,
w-2025,13,16.04.2025,16.04.2025 09:50:33,70,77,Wielkopolskie,87,Medycyna ratunkowa,2025/002269,Pozarezydencki,78.50,3.45,04.02.2025 20:11:02,4,NIE,,
w-2025,13,16.04.2025,16.04.2025 09:50:33,70,77,Wielkopolskie,88,Medycyna ratunkowa,2025/002743,Pozarezydencki,74.07,4.58,05.03.2025 12:05:57,4,NIE,,
w-2025,13,16.04.2025,16.04.2025 09:50:33,70,77,Wielkopolskie,89,Medycyna ratunkowa,2025/003219,Pozarezydencki,70.91,3.44,08.02.2025 10:45:43,4,NIE,,
w-2025,13,16.04.2025,16.04.2025 09:50:33,70,77,Wielkopolskie,90,Medycyna ratunkowa,2025/006606,Pozarezydencki,66.36,0.00,25.02.2025 22:22:24,4,NIE,,
w-2025,13,16.04.2025,16.04.2025 09:50:33,70,77,Wielkopolskie,91,Medycyna rodzinna,2025/006852,Rezydencki,88.54,4.09,27.02.2025 21:10:18,22,NIE,,
w-2025,13,16.04.2025,16.04.2025 09:50:33,70,77,Wielkopolskie,92,Medycyna rodzinna,2025/005762,Rezydencki,88.29,4.38,27.02.2025 14:10:08,22,NIE,,
w-2025,13,16.04.2025,16.04.2025 09:50:33,70,77,Wielkopolskie,93,Medycyna rodzinna,2025/005280,Rezydencki,86.47,4.30,28.02.2025 14:28:31,22,NIE,,
w-2025,13,16.04.2025,16.04.2025 09:50:33,70,77,Wielkopolskie,94,Medycyna rodzinna,2025/002418,Rezydencki,86.47,3.94,16.02.2025 12:29:06,22,NIE,,
w-2025,13,16.04.2025,16.04.2025 09:50:33,70,77,Wielkopolskie,95,Medycyna rodzinna,2025/007256,Rezydencki,86.23,4.06,12.03.2025 20:37:22,22,NIE,,
w-2025,13,16.04.2025,16.04.2025 09:50:33,70,77,Wielkopolskie,96,Medycyna rodzinna,2025/006388,Rezydencki,85.99,4.66,25.02.2025 15:21:08,22,NIE,,
w-2025,13,16.04.2025,16.04.2025 09:50:33,70,77,Wielkopolskie,97,Medycyna rodzinna,2025/007012,Rezydencki,85.24,4.45,26.02.2025 20:23:13,22,NIE,,
w-2025,13,16.04.2025,16.04.2025 09:50:33,70,77,Wielkopolskie,98,Medycyna rodzinna,2025/004828,Rezydencki,84.54,4.00,27.02.2025 20:21:42,22,NIE,,
w-2025,13,16.04.2025,16.04.2025 09:50:33,70,77,Wielkopolskie,99,Medycyna rodzinna,2025/003474,Rezydencki,84.54,3.35,05.03.2025 12:35:23,22,NIE,,
w-2025,13,16.04.2025,16.04.2025 09:50:33,70,77,Wielkopolskie,100,Medycyna rodzinna,2025/006162,Rezydencki,83.82,3.73,07.03.2025 22:59:16,22,NIE,,
w-2025,13,16.04.2025,16.04.2025 09:50:33,70,77,Wielkopolskie,101,Medycyna rodzinna,2025/005785,Rezydencki,83.09,4.59,26.02.2025 22:00:12,22,NIE,,
w-2025,13,16.04.2025,16.04.2025 09:50:33,70,77,Wielkopolskie,102,Medycyna rodzinna,2025/007233,Rezydencki,81.90,3.71,27.02.2025 01:12:23,22,NIE,,
w-2025,13,16.04.2025,16.04.2025 09:50:33,70,77,Wielkopolskie,103,Medycyna rodzinna,2025/003055,Rezydencki,80.39,3.58,06.02.2025 20:46:00,22,NIE,,
w-2025,13,16.04.2025,16.04.2025 09:50:33,70,77,Wielkopolskie,104,Medycyna rodzinna,2025/005226,Rezydencki,79.41,3.89,25.02.2025 19:23:45,22,NIE,,
w-2025,13,16.04.2025,16.04.2025 09:50:33,70,77,Wielkopolskie,105,Medycyna rodzinna,2025/007908,Rezydencki,78.43,2.92,28.02.2025 12:29:47,22,NIE,,
w-2025,13,16.04.2025,16.04.2025 09:50:33,70,77,Wielkopolskie,106,Medycyna rodzinna,2025/005317,Rezydencki,77.14,3.72,26.02.2025 17:16:12,22,NIE,,
w-2025,13,16.04.2025,16.04.2025 09:50:33,70,77,Wielkopolskie,107,Medycyna rodzinna,2025/002015,Rezydencki,76.96,3.95,03.02.2025 18:00:26,22,NIE,,
w-2025,13,16.04.2025,16.04.2025 09:50:33,70,77,Wielkopolskie,108,Medycyna rodzinna,2025/002692,Rezydencki,76.67,3.85,18.02.2025 23:04:29,22,NIE,,
w-2025,13,16.04.2025,16.04.2025 09:50:33,70,77,Wielkopolskie,109,Medycyna rodzinna,2025/002905,Rezydencki,74.88,3.56,06.02.2025 21:19:56,22,NIE,,
w-2025,13,16.04.2025,16.04.2025 09:50:33,70,77,Wielkopolskie,110,Medycyna rodzinna,2025/006088,Rezydencki,74.76,0.00,27.02.2025 09:31:00,22,NIE,,
w-2025,13,16.04.2025,16.04.2025 09:50:33,70,77,Wielkopolskie,111,Medycyna rodzinna,2025/006960,Rezydencki,74.63,3.21,26.02.2025 19:14:51,22,NIE,,
w-2025,13,16.04.2025,16.04.2025 09:50:33,70,77,Wielkopolskie,112,Medycyna rodzinna,2025/004063,Rezydencki,70.39,3.88,20.02.2025 20:21:40,22,NIE,,
w-2025,13,16.04.2025,16.04.2025 09:50:33,70,77,Wielkopolskie,113,Medycyna rodzinna,2025/001999,Pozarezydencki,80.00,4.41,11.03.2025 18:50:53,2,NIE,,
w-2025,13,16.04.2025,16.04.2025 09:50:33,70,77,Wielkopolskie,114,Medycyna rodzinna,2025/002814,Pozarezydencki,0.00,0.00,26.02.2025 10:15:57,2,NIE,,
w-2025,13,16.04.2025,16.04.2025 09:50:33,70,77,Wielkopolskie,115,Medycyna sportowa,2025/008353,Pozarezydencki,89.09,0.00,25.03.2025 23:19:51,2,NIE,,
w-2025,13,16.04.2025,16.04.2025 09:50:33,70,77,Wielkopolskie,116,Medycyna sportowa,2025/003183,Pozarezydencki,80.00,3.87,27.03.2025 22:46:35,2,NIE,,
w-2025,13,16.04.2025,16.04.2025 09:50:33,70,77,Wielkopolskie,117,Nefrologia,2025/002222,Rezydencki,86.83,3.89,23.02.2025 13:42:18,1,NIE,,
w-2025,13,16.04.2025,16.04.2025 09:50:33,70,77,Wielkopolskie,118,Neonatologia,2025/007187,Rezydencki,79.90,3.76,26.02.2025 23:44:53,1,NIE,,
w-2025,13,16.04.2025,16.04.2025 09:50:33,70,77,Wielkopolskie,119,Neurochirurgia,2025/007648,Rezydencki,89.95,4.72,28.02.2025 16:20:17,1,NIE,,
w-2025,13,16.04.2025,16.04.2025 09:50:33,70,77,Wielkopolskie,120,Neurologia,2025/005772,Rezydencki,87.07,4.14,23.02.2025 13:32:53,8,NIE,,
w-2025,13,16.04.2025,16.04.2025 09:50:33,70,77,Wielkopolskie,121,Neurologia,2025/002883,Rezydencki,85.78,3.96,12.02.2025 17:12:18,8,NIE,,
w-2025,13,16.04.2025,16.04.2025 09:50:33,70,77,Wielkopolskie,122,Neurologia,2025/008122,Rezydencki,85.29,4.00,28.02.2025 13:19:05,8,NIE,,
w-2025,13,16.04.2025,16.04.2025 09:50:33,71,77,Wielkopolskie,123,Neurologia,2025/004957,Rezydencki,82.84,3.86,28.02.2025 18:35:54,8,NIE,,
w-2025,13,16.04.2025,16.04.2025 09:50:33,71,77,Wielkopolskie,124,Neurologia,2025/005440,Rezydencki,82.35,4.20,28.02.2025 16:27:40,8,NIE,,
w-2025,13,16.04.2025,16.04.2025 09:50:33,71,77,Wielkopolskie,125,Neurologia,2025/008351,Rezydencki,81.95,3.51,28.02.2025 20:14:31,8,NIE,,
w-2025,13,16.04.2025,16.04.2025 09:50:33,71,77,Wielkopolskie,126,Neurologia,2025/007123,Rezydencki,81.64,3.78,26.02.2025 22:11:46,8,NIE,,
w-2025,13,16.04.2025,16.04.2025 09:50:33,71,77,Wielkopolskie,127,Neurologia,2025/007098,Rezydencki,79.52,4.22,27.02.2025 21:58:16,8,NIE,,
w-2025,13,16.04.2025,16.04.2025 09:50:33,71,77,Wielkopolskie,128,Neurologia,2025/007653,Pozarezydencki,75.91,4.03,28.02.2025 11:03:06,1,NIE,,
w-2025,13,16.04.2025,16.04.2025 09:50:33,71,77,Wielkopolskie,129,Okulistyka,2025/007941,Rezydencki,89.13,3.95,28.02.2025 19:37:24,3,NIE,,
w-2025,13,16.04.2025,16.04.2025 09:50:33,71,77,Wielkopolskie,130,Okulistyka,2025/008362,Rezydencki,87.62,4.30,28.02.2025 19:07:22,3,NIE,,
w-2025,13,16.04.2025,16.04.2025 09:50:33,71,77,Wielkopolskie,131,Okulistyka,2025/007185,Rezydencki,86.52,4.17,27.02.2025 22:53:04,3,NIE,,
w-2025,13,16.04.2025,16.04.2025 09:50:33,71,77,Wielkopolskie,132,Okulistyka,2025/008232,Pozarezydencki,81.57,3.88,18.03.2025 14:07:51,6,NIE,,
w-2025,13,16.04.2025,16.04.2025 09:50:33,71,77,Wielkopolskie,133,Okulistyka,2025/007555,Pozarezydencki,80.88,3.58,12.03.2025 07:56:40,6,NIE,,
w-2025,13,16.04.2025,16.04.2025 09:50:33,71,77,Wielkopolskie,134,Okulistyka,2025/005016,Pozarezydencki,80.23,0.00,05.03.2025 14:36:22,6,NIE,,
w-2025,13,16.04.2025,16.04.2025 09:50:33,71,77,Wielkopolskie,135,Okulistyka,2025/002896,Pozarezydencki,80.18,0.00,05.02.2025 19:31:57,6,NIE,,
w-2025,13,16.04.2025,16.04.2025 09:50:33,71,77,Wielkopolskie,136,Okulistyka,2025/007705,Pozarezydencki,80.14,3.49,14.03.2025 23:30:28,6,NIE,,
w-2025,13,16.04.2025,16.04.2025 09:50:33,71,77,Wielkopolskie,137,Okulistyka,2025/007805,Pozarezydencki,76.82,4.16,14.03.2025 09:49:13,6,NIE,,
w-2025,13,16.04.2025,16.04.2025 09:50:33,71,77,Wielkopolskie,138,Onkologia kliniczna,2025/004987,Rezydencki,88.29,4.19,18.02.2025 19:05:51,9,NIE,,
w-2025,13,16.04.2025,16.04.2025 09:50:33,71,77,Wielkopolskie,139,Onkologia kliniczna,2025/004773,Rezydencki,88.24,4.76,28.02.2025 11:18:56,9,NIE,,
w-2025,13,16.04.2025,16.04.2025 09:50:33,71,77,Wielkopolskie,140,Onkologia kliniczna,2025/005789,Rezydencki,83.57,4.18,14.03.2025 11:17:24,9,NIE,,
w-2025,13,16.04.2025,16.04.2025 09:50:33,71,77,Wielkopolskie,141,Onkologia kliniczna,2025/007564,Rezydencki,83.41,0.00,28.02.2025 14:33:29,9,NIE,,
w-2025,13,16.04.2025,16.04.2025 09:50:33,71,77,Wielkopolskie,142,Onkologia kliniczna,2025/003050,Rezydencki,82.13,3.79,06.02.2025 20:45:37,9,NIE,,
w-2025,13,16.04.2025,16.04.2025 09:50:33,71,77,Wielkopolskie,143,Onkologia kliniczna,2025/006199,Rezydencki,73.91,0.00,26.02.2025 17:25:05,9,NIE,,
w-2025,13,16.04.2025,16.04.2025 09:50:33,71,77,Wielkopolskie,144,Onkologia kliniczna,2025/003564,Rezydencki,69.08,0.00,17.03.2025 17:21:35,9,NIE,,
w-2025,13,16.04.2025,16.04.2025 09:50:33,71,77,Wielkopolskie,145,Onkologia kliniczna,2025/005069,Rezydencki,55.56,3.86,07.03.2025 19:30:20,9,NIE,,
w-2025,13,16.04.2025,16.04.2025 09:50:33,71,77,Wielkopolskie,146,Onkologia kliniczna,2025/004432,Rezydencki,45.41,3.29,18.03.2025 16:43:26,9,NIE,,
w-2025,13,16.04.2025,16.04.2025 09:50:33,71,77,Wielkopolskie,147,Onkologia kliniczna,2025/007404,Pozarezydencki,70.91,0.00,27.02.2025 13:55:54,2,NIE,,
w-2025,13,16.04.2025,16.04.2025 09:50:33,71,77,Wielkopolskie,148,Onkologia kliniczna,2025/007428,Pozarezydencki,66.36,0.00,12.03.2025 17:41:11,2,NIE,,
w-2025,13,16.04.2025,16.04.2025 09:50:33,71,77,Wielkopolskie,149,Ortodoncja,2025/008212,Rezydencki,89.42,4.37,11.03.2025 09:46:48,1,NIE,,
w-2025,13,16.04.2025,16.04.2025 09:50:33,71,77,Wielkopolskie,150,Ortopedia i traumatologia narządu ruchu,2025/007703,Rezydencki,84.54,3.85,13.03.2025 13:24:34,7,NIE,,
w-2025,13,16.04.2025,16.04.2025 09:50:33,71,77,Wielkopolskie,151,Ortopedia i traumatologia narządu ruchu,2025/005373,Rezydencki,84.06,4.00,28.02.2025 12:38:05,7,NIE,,
w-2025,13,16.04.2025,16.04.2025 09:50:33,71,77,Wielkopolskie,152,Ortopedia i traumatologia narządu ruchu,2025/005723,Rezydencki,83.66,3.76,28.02.2025 11:45:34,7,NIE,,
w-2025,13,16.04.2025,16.04.2025 09:50:33,71,77,Wielkopolskie,153,Ortopedia i traumatologia narządu ruchu,2025/006416,Rezydencki,83.57,4.25,21.03.2025 12:35:41,7,NIE,,
w-2025,13,16.04.2025,16.04.2025 09:50:33,71,77,Wielkopolskie,154,Ortopedia i traumatologia narządu ruchu,2025/003052,Rezydencki,81.37,4.08,19.02.2025 15:03:08,7,NIE,,
w-2025,13,16.04.2025,16.04.2025 09:50:33,71,77,Wielkopolskie,155,Ortopedia i traumatologia narządu ruchu,2025/006896,Rezydencki,80.95,3.79,27.02.2025 10:30:32,7,NIE,,
w-2025,13,16.04.2025,16.04.2025 09:50:33,71,77,Wielkopolskie,156,Ortopedia i traumatologia narządu ruchu,2025/007693,Rezydencki,76.90,3.56,28.02.2025 20:47:28,7,NIE,,
w-2025,13,16.04.2025,16.04.2025 09:50:33,71,77,Wielkopolskie,157,Ortopedia i traumatologia narządu ruchu,2025/003253,Pozarezydencki,70.91,4.40,28.02.2025 23:13:29,2,NIE,,
w-2025,13,16.04.2025,16.04.2025 09:50:33,71,77,Wielkopolskie,158,Ortopedia i traumatologia narządu ruchu,2025/004479,Pozarezydencki,60.98,3.50,26.02.2025 20:22:18,2,NIE,,
w-2025,13,16.04.2025,16.04.2025 09:50:33,71,77,Wielkopolskie,159,Otorynolaryngologia,2025/001934,Rezydencki,86.27,4.23,01.02.2025 11:33:05,6,NIE,,
w-2025,13,16.04.2025,16.04.2025 09:50:33,71,77,Wielkopolskie,160,Otorynolaryngologia,2025/008437,Rezydencki,85.99,3.54,28.02.2025 23:57:50,6,NIE,,
w-2025,13,16.04.2025,16.04.2025 09:50:33,72,77,Wielkopolskie,161,Otorynolaryngologia,2025/006261,Rezydencki,85.02,3.89,27.02.2025 20:00:59,6,NIE,,
w-2025,13,16.04.2025,16.04.2025 09:50:33,72,77,Wielkopolskie,162,Otorynolaryngologia,2025/004331,Rezydencki,85.02,3.16,27.02.2025 20:11:11,6,NIE,,
w-2025,13,16.04.2025,16.04.2025 09:50:33,72,77,Wielkopolskie,163,Otorynolaryngologia,2025/002335,Rezydencki,84.88,4.03,15.02.2025 19:45:39,6,NIE,,
w-2025,13,16.04.2025,16.04.2025 09:50:33,72,77,Wielkopolskie,164,Otorynolaryngologia,2025/008334,Rezydencki,84.80,3.89,28.02.2025 21:43:35,6,NIE,,
w-2025,13,16.04.2025,16.04.2025 09:50:33,72,77,Wielkopolskie,165,Otorynolaryngologia,2025/007282,Pozarezydencki,82.27,0.00,18.03.2025 00:01:18,1,NIE,,
w-2025,13,16.04.2025,16.04.2025 09:50:33,72,77,Wielkopolskie,166,Otorynolaryngologia dziecięca,2025/005003,Rezydencki,85.51,3.41,27.02.2025 21:13:00,1,NIE,,
w-2025,13,16.04.2025,16.04.2025 09:50:33,72,77,Wielkopolskie,167,Patomorfologia,2025/007534,Rezydencki,87.92,4.31,28.02.2025 10:21:57,2,NIE,,
w-2025,13,16.04.2025,16.04.2025 09:50:33,72,77,Wielkopolskie,168,Patomorfologia,2025/002131,Rezydencki,68.60,3.42,02.02.2025 13:56:53,2,NIE,,
w-2025,13,16.04.2025,16.04.2025 09:50:33,72,77,Wielkopolskie,169,Patomorfologia,2025/007161,Pozarezydencki,4.55,0.00,28.02.2025 11:19:35,1,NIE,,
w-2025,13,16.04.2025,16.04.2025 09:50:33,72,77,Wielkopolskie,170,Pediatria,2025/003125,Rezydencki,88.89,3.97,28.02.2025 23:46:10,9,NIE,,
w-2025,13,16.04.2025,16.04.2025 09:50:33,72,77,Wielkopolskie,171,Pediatria,2025/003449,Rezydencki,83.57,3.78,27.02.2025 14:47:34,9,NIE,,
w-2025,13,16.04.2025,16.04.2025 09:50:33,72,77,Wielkopolskie,172,Pediatria,2025/006779,Rezydencki,81.90,3.80,28.02.2025 18:17:09,9,NIE,,
w-2025,13,16.04.2025,16.04.2025 09:50:33,72,77,Wielkopolskie,173,Pediatria,2025/005790,Rezydencki,81.16,4.46,28.02.2025 19:36:13,9,NIE,,
w-2025,13,16.04.2025,16.04.2025 09:50:33,72,77,Wielkopolskie,174,Pediatria,2025/002965,Rezydencki,80.68,4.22,23.02.2025 20:43:31,9,NIE,,
w-2025,13,16.04.2025,16.04.2025 09:50:33,72,77,Wielkopolskie,175,Pediatria,2025/005793,Rezydencki,80.39,3.80,23.02.2025 15:09:56,9,NIE,,
w-2025,13,16.04.2025,16.04.2025 09:50:33,72,77,Wielkopolskie,176,Pediatria,2025/007219,Rezydencki,80.00,3.87,14.03.2025 00:06:34,9,NIE,,
w-2025,13,16.04.2025,16.04.2025 09:50:33,72,77,Wielkopolskie,177,Pediatria,2025/007627,Rezydencki,76.67,3.96,15.03.2025 07:16:46,9,NIE,,
w-2025,13,16.04.2025,16.04.2025 09:50:33,72,77,Wielkopolskie,178,Pediatria,2025/005212,Rezydencki,65.24,4.04,28.02.2025 20:54:17,9,NIE,,
w-2025,13,16.04.2025,16.04.2025 09:50:33,72,77,Wielkopolskie,179,Pediatria,2025/005611,Pozarezydencki,84.77,4.53,11.03.2025 00:50:42,2,NIE,,
w-2025,13,16.04.2025,16.04.2025 09:50:33,72,77,Wielkopolskie,180,Pediatria,2025/008255,Pozarezydencki,80.45,4.27,18.03.2025 13:50:21,2,NIE,,
w-2025,13,16.04.2025,16.04.2025 09:50:33,72,77,Wielkopolskie,181,Periodontologia,2025/001944,Rezydencki,82.13,3.83,28.02.2025 19:35:30,1,NIE,,
w-2025,13,16.04.2025,16.04.2025 09:50:33,72,77,Wielkopolskie,182,Położnictwo i ginekologia,2025/002904,Rezydencki,88.41,4.23,05.02.2025 20:24:16,11,NIE,,
w-2025,13,16.04.2025,16.04.2025 09:50:33,72,77,Wielkopolskie,183,Położnictwo i ginekologia,2025/001888,Rezydencki,85.27,3.61,02.02.2025 17:09:20,11,NIE,,
w-2025,13,16.04.2025,16.04.2025 09:50:33,72,77,Wielkopolskie,184,Położnictwo i ginekologia,2025/007907,Rezydencki,85.00,3.52,27.02.2025 23:41:37,11,NIE,,
w-2025,13,16.04.2025,16.04.2025 09:50:33,72,77,Wielkopolskie,185,Położnictwo i ginekologia,2025/007036,Rezydencki,84.29,4.40,28.02.2025 11:53:14,11,NIE,,
w-2025,13,16.04.2025,16.04.2025 09:50:33,72,77,Wielkopolskie,186,Położnictwo i ginekologia,2025/001938,Rezydencki,84.15,4.84,13.03.2025 14:12:46,11,NIE,,
w-2025,13,16.04.2025,16.04.2025 09:50:33,72,77,Wielkopolskie,187,Położnictwo i ginekologia,2025/001892,Rezydencki,83.09,3.17,25.02.2025 11:02:34,11,NIE,,
w-2025,13,16.04.2025,16.04.2025 09:50:33,72,77,Wielkopolskie,188,Położnictwo i ginekologia,2025/002691,Rezydencki,81.88,4.28,26.02.2025 20:19:50,11,NIE,,
w-2025,13,16.04.2025,16.04.2025 09:50:33,72,77,Wielkopolskie,189,Położnictwo i ginekologia,2025/006946,Rezydencki,81.16,3.38,26.02.2025 18:53:45,11,NIE,,
w-2025,13,16.04.2025,16.04.2025 09:50:33,72,77,Wielkopolskie,190,Położnictwo i ginekologia,2025/004039,Rezydencki,77.14,4.25,27.02.2025 11:19:14,11,NIE,,
w-2025,13,16.04.2025,16.04.2025 09:50:33,72,77,Wielkopolskie,191,Położnictwo i ginekologia,2025/007553,Rezydencki,73.33,3.88,19.03.2025 11:48:19,11,NIE,,
w-2025,13,16.04.2025,16.04.2025 09:50:33,72,77,Wielkopolskie,192,Położnictwo i ginekologia,2025/004105,Rezydencki,70.95,4.36,28.02.2025 16:04:49,11,NIE,,
w-2025,13,16.04.2025,16.04.2025 09:50:33,72,77,Wielkopolskie,193,Psychiatria,2025/002878,Rezydencki,84.54,4.27,05.02.2025 18:00:59,14,NIE,,
w-2025,13,16.04.2025,16.04.2025 09:50:33,72,77,Wielkopolskie,194,Psychiatria,2025/005658,Rezydencki,83.81,3.66,26.02.2025 15:02:03,14,NIE,,
w-2025,13,16.04.2025,16.04.2025 09:50:33,72,77,Wielkopolskie,195,Psychiatria,2025/005255,Rezydencki,82.35,0.00,20.02.2025 11:16:53,14,NIE,,
w-2025,13,16.04.2025,16.04.2025 09:50:33,72,77,Wielkopolskie,196,Psychiatria,2025/007824,Rezydencki,81.67,3.47,07.03.2025 01:41:04,14,NIE,,
w-2025,13,16.04.2025,16.04.2025 09:50:33,72,77,Wielkopolskie,197,Psychiatria,2025/005948,Rezydencki,81.43,0.00,16.03.2025 18:27:12,14,NIE,,
w-2025,13,16.04.2025,16.04.2025 09:50:33,72,77,Wielkopolskie,198,Psychiatria,2025/008479,Rezydencki,80.98,3.62,13.03.2025 07:31:57,14,NIE,,
w-2025,13,16.04.2025,16.04.2025 09:50:33,73,77,Wielkopolskie,199,Psychiatria,2025/006397,Rezydencki,80.95,3.64,27.02.2025 18:58:20,14,NIE,,
w-2025,13,16.04.2025,16.04.2025 09:50:33,73,77,Wielkopolskie,200,Psychiatria,2025/003452,Rezydencki,80.68,3.41,27.02.2025 22:13:02,14,NIE,,
w-2025,13,16.04.2025,16.04.2025 09:50:33,73,77,Wielkopolskie,201,Psychiatria,2025/008229,Rezydencki,79.71,3.43,14.03.2025 18:28:35,14,NIE,,
w-2025,13,16.04.2025,16.04.2025 09:50:33,73,77,Wielkopolskie,202,Psychiatria,2025/002668,Rezydencki,78.10,3.66,08.03.2025 12:27:36,14,NIE,,
w-2025,13,16.04.2025,16.04.2025 09:50:33,73,77,Wielkopolskie,203,Psychiatria,2025/003193,Rezydencki,70.59,4.76,18.02.2025 18:57:50,14,NIE,,
w-2025,13,16.04.2025,16.04.2025 09:50:33,73,77,Wielkopolskie,204,Psychiatria,2025/002468,Rezydencki,68.57,0.00,27.02.2025 14:13:57,14,NIE,,
w-2025,13,16.04.2025,16.04.2025 09:50:33,73,77,Wielkopolskie,205,Psychiatria,2025/005607,Rezydencki,62.32,0.00,21.02.2025 21:38:55,14,NIE,,
w-2025,13,16.04.2025,16.04.2025 09:50:33,73,77,Wielkopolskie,206,Psychiatria,2025/008582,Rezydencki,60.00,3.16,28.02.2025 23:17:56,14,NIE,,
w-2025,13,16.04.2025,16.04.2025 09:50:33,73,77,Wielkopolskie,207,Psychiatria,2025/002259,Pozarezydencki,65.12,2.71,23.02.2025 22:45:15,2,NIE,,
w-2025,13,16.04.2025,16.04.2025 09:50:33,73,77,Wielkopolskie,208,Psychiatria,2025/003196,Pozarezydencki,64.02,3.81,14.03.2025 10:53:52,2,NIE,,
w-2025,13,16.04.2025,16.04.2025 09:50:33,73,77,Wielkopolskie,209,Psychiatria dzieci i młodzieży,2025/005182,Rezydencki,89.37,4.56,19.03.2025 12:44:53,4,NIE,,
w-2025,13,16.04.2025,16.04.2025 09:50:33,73,77,Wielkopolskie,210,Psychiatria dzieci i młodzieży,2025/005621,Rezydencki,86.34,3.88,22.02.2025 02:32:39,4,NIE,,
w-2025,13,16.04.2025,16.04.2025 09:50:33,73,77,Wielkopolskie,211,Psychiatria dzieci i młodzieży,2025/008586,Rezydencki,85.99,4.15,28.02.2025 22:35:52,4,NIE,,
w-2025,13,16.04.2025,16.04.2025 09:50:33,73,77,Wielkopolskie,212,Psychiatria dzieci i młodzieży,2025/007032,Rezydencki,85.48,3.90,27.02.2025 20:05:45,4,NIE,,
w-2025,13,16.04.2025,16.04.2025 09:50:33,73,77,Wielkopolskie,213,Psychiatria dzieci i młodzieży,2025/002276,Pozarezydencki,80.45,3.47,21.03.2025 17:46:10,2,NIE,,
w-2025,13,16.04.2025,16.04.2025 09:50:33,73,77,Wielkopolskie,214,Psychiatria dzieci i młodzieży,2025/004146,Pozarezydencki,61.82,0.00,06.03.2025 15:25:13,2,NIE,,
w-2025,13,16.04.2025,16.04.2025 09:50:33,73,77,Wielkopolskie,215,Radiologia i diagnostyka obrazowa,2025/008665,Rezydencki,93.24,4.57,28.02.2025 23:59:21,7,NIE,,
w-2025,13,16.04.2025,16.04.2025 09:50:33,73,77,Wielkopolskie,216,Radiologia i diagnostyka obrazowa,2025/002243,Rezydencki,89.13,4.05,25.02.2025 20:45:04,7,NIE,,
w-2025,13,16.04.2025,16.04.2025 09:50:33,73,77,Wielkopolskie,217,Radiologia i diagnostyka obrazowa,2025/005000,Rezydencki,87.44,4.20,24.02.2025 17:23:01,7,NIE,,
w-2025,13,16.04.2025,16.04.2025 09:50:33,73,77,Wielkopolskie,218,Radiologia i diagnostyka obrazowa,2025/005737,Rezydencki,86.76,4.26,27.02.2025 19:54:41,7,NIE,,
w-2025,13,16.04.2025,16.04.2025 09:50:33,73,77,Wielkopolskie,219,Radiologia i diagnostyka obrazowa,2025/005366,Rezydencki,86.52,4.07,20.02.2025 20:33:35,7,NIE,,
w-2025,13,16.04.2025,16.04.2025 09:50:33,73,77,Wielkopolskie,220,Radiologia i diagnostyka obrazowa,2025/002608,Rezydencki,86.27,3.68,04.02.2025 10:48:16,7,NIE,,
w-2025,13,16.04.2025,16.04.2025 09:50:33,73,77,Wielkopolskie,221,Radiologia i diagnostyka obrazowa,2025/004550,Rezydencki,85.02,3.81,27.02.2025 22:17:25,7,NIE,,
w-2025,13,16.04.2025,16.04.2025 09:50:33,73,77,Wielkopolskie,222,Radiologia i diagnostyka obrazowa,2025/006565,Pozarezydencki,79.55,4.58,27.02.2025 14:58:53,4,NIE,,
w-2025,13,16.04.2025,16.04.2025 09:50:33,73,77,Wielkopolskie,223,Radiologia i diagnostyka obrazowa,2025/008569,Pozarezydencki,77.42,3.62,28.02.2025 22:20:38,4,NIE,,
w-2025,13,16.04.2025,16.04.2025 09:50:33,73,77,Wielkopolskie,224,Radiologia i diagnostyka obrazowa,2025/002067,Pozarezydencki,75.35,3.42,12.03.2025 13:17:34,4,NIE,,
w-2025,13,16.04.2025,16.04.2025 09:50:33,73,77,Wielkopolskie,225,Radiologia i diagnostyka obrazowa,2025/007874,Pozarezydencki,57.48,3.48,13.03.2025 14:42:45,4,NIE,,
w-2025,13,16.04.2025,16.04.2025 09:50:33,73,77,Wielkopolskie,226,Radioterapia onkologiczna,2025/008326,Rezydencki,78.57,3.27,12.03.2025 21:13:00,1,NIE,,
w-2025,13,16.04.2025,16.04.2025 09:50:33,73,77,Wielkopolskie,227,Reumatologia,2025/002653,Rezydencki,90.69,4.73,11.02.2025 19:55:23,4,NIE,,
w-2025,13,16.04.2025,16.04.2025 09:50:33,73,77,Wielkopolskie,228,Reumatologia,2025/007605,Rezydencki,89.27,4.27,28.02.2025 17:58:48,4,NIE,,
w-2025,13,16.04.2025,16.04.2025 09:50:33,73,77,Wielkopolskie,229,Reumatologia,2025/007682,Rezydencki,88.89,4.28,28.02.2025 21:00:56,4,NIE,,
w-2025,13,16.04.2025,16.04.2025 09:50:33,73,77,Wielkopolskie,230,Reumatologia,2025/006917,Rezydencki,88.41,4.44,13.03.2025 21:21:22,4,NIE,,
w-2025,13,16.04.2025,16.04.2025 09:50:33,73,77,Wielkopolskie,231,Reumatologia,2025/004769,Pozarezydencki,75.45,0.00,17.02.2025 17:30:35,1,NIE,,
w-2025,13,16.04.2025,16.04.2025 09:50:33,73,77,Wielkopolskie,232,Seksuologia,2025/002270,Pozarezydencki,80.00,0.00,06.03.2025 15:25:16,1,NIE,,
w-2025,13,16.04.2025,16.04.2025 09:50:33,73,77,Wielkopolskie,233,Transplantologia kliniczna,2025/002900,Pozarezydencki,89.09,4.05,11.03.2025 10:13:45,2,NIE,,
w-2025,13,16.04.2025,16.04.2025 09:50:33,73,77,Wielkopolskie,234,Transplantologia kliniczna,2025/006715,Pozarezydencki,81.00,0.00,12.03.2025 10:58:12,2,NIE,,
w-2025,13,16.04.2025,16.04.2025 09:50:33,73,77,Wielkopolskie,235,Urologia,2025/005924,Rezydencki,89.86,3.71,23.02.2025 22:22:20,5,NIE,,
w-2025,13,16.04.2025,16.04.2025 09:50:33,73,77,Wielkopolskie,236,Urologia,2025/006495,Rezydencki,86.10,3.83,28.02.2025 12:34:16,5,NIE,,
w-2025,13,16.04.2025,16.04.2025 09:50:33,74,77,Wielkopolskie,237,Urologia,2025/005877,Rezydencki,85.78,4.33,27.02.2025 22:03:07,5,NIE,,
w-2025,13,16.04.2025,16.04.2025 09:50:33,74,77,Wielkopolskie,238,Urologia,2025/007526,Rezydencki,85.02,3.93,19.03.2025 14:30:23,5,NIE,,
w-2025,13,16.04.2025,16.04.2025 09:50:33,74,77,Wielkopolskie,239,Urologia,2025/005829,Rezydencki,85.00,4.25,28.02.2025 22:34:36,5,NIE,,
w-2025,13,16.04.2025,16.04.2025 09:50:33,74,77,Wielkopolskie,240,Urologia dziecięca,2025/002651,Pozarezydencki,92.05,4.48,06.03.2025 16:21:43,1,NIE,,
w-2025,13,16.04.2025,16.04.2025 09:50:33,74,77,Wielkopolskie,1,Endokrynologia,2025/002685,Rezydencki,88.41,4.08,11.02.2025 20:23:40,2,TAK,UNIWERSYTECKI SZPITAL KLINICZNY W POZNANIU,"Oddział Kliniczny Endokrynologii, Przemiany Materii i Chorób Wewnętrznych"
w-2025,13,16.04.2025,16.04.2025 09:50:33,74,77,Wielkopolskie,2,Endokrynologia,2025/003249,Rezydencki,63.57,0.00,12.03.2025 17:59:39,2,TAK,UNIWERSYTECKI SZPITAL KLINICZNY W POZNANIU,"Oddział Kliniczny Endokrynologii, Przemiany Materii i Chorób Wewnętrznych"
w-2025,13,16.04.2025,16.04.2025 09:50:33,74,77,Wielkopolskie,1,Dermatologia i wenerologia,2025/002494,Rezydencki,91.30,4.36,28.02.2025 13:42:17,1,TAK,UNIWERSYTECKI SZPITAL KLINICZNY W POZNANIU,Oddział Kliniczny Dermatologii
w-2025,13,16.04.2025,16.04.2025 09:50:33,74,77,Zachodniopomorskie,1,Anestezjologia i intensywna terapia,2025/008451,Rezydencki,85.37,4.10,28.02.2025 20:42:04,5,NIE,,
w-2025,13,16.04.2025,16.04.2025 09:50:33,74,77,Zachodniopomorskie,2,Anestezjologia i intensywna terapia,2025/002123,Rezydencki,79.41,3.77,02.02.2025 12:28:48,5,NIE,,
w-2025,13,16.04.2025,16.04.2025 09:50:33,74,77,Zachodniopomorskie,3,Anestezjologia i intensywna terapia,2025/006916,Rezydencki,75.24,3.71,27.02.2025 16:20:16,5,NIE,,
w-2025,13,16.04.2025,16.04.2025 09:50:33,74,77,Zachodniopomorskie,4,Anestezjologia i intensywna terapia,2025/008077,Rezydencki,72.38,0.00,17.03.2025 15:55:11,5,NIE,,
w-2025,13,16.04.2025,16.04.2025 09:50:33,74,77,Zachodniopomorskie,5,Anestezjologia i intensywna terapia,2025/008486,Rezydencki,66.99,4.29,28.02.2025 21:18:04,5,NIE,,
w-2025,13,16.04.2025,16.04.2025 09:50:33,74,77,Zachodniopomorskie,6,Anestezjologia i intensywna terapia,2025/003836,Pozarezydencki,63.26,3.22,10.03.2025 17:19:33,1,NIE,,
w-2025,13,16.04.2025,16.04.2025 09:50:33,74,77,Zachodniopomorskie,7,Chirurgia dziecięca,2025/004881,Rezydencki,79.47,4.08,24.02.2025 12:56:59,1,NIE,,
w-2025,13,16.04.2025,16.04.2025 09:50:33,74,77,Zachodniopomorskie,8,Chirurgia klatki piersiowej,2025/006113,Rezydencki,56.19,0.00,25.03.2025 08:25:41,1,NIE,,
w-2025,13,16.04.2025,16.04.2025 09:50:33,74,77,Zachodniopomorskie,9,Chirurgia ogólna,2025/008369,Rezydencki,80.39,4.13,22.03.2025 11:18:17,2,NIE,,
w-2025,13,16.04.2025,16.04.2025 09:50:33,74,77,Zachodniopomorskie,10,Chirurgia ogólna,2025/007988,Rezydencki,62.93,3.07,24.03.2025 08:33:39,2,NIE,,
w-2025,13,16.04.2025,16.04.2025 09:50:33,74,77,Zachodniopomorskie,11,Chirurgia plastyczna,2025/002587,Rezydencki,91.18,4.79,20.02.2025 10:51:20,1,NIE,,
w-2025,13,16.04.2025,16.04.2025 09:50:33,74,77,Zachodniopomorskie,12,Chirurgia szczękowo-twarzowa,2025/006584,Rezydencki,85.92,4.08,14.03.2025 08:39:29,1,NIE,,
w-2025,13,16.04.2025,16.04.2025 09:50:33,74,77,Zachodniopomorskie,13,Choroby wewnętrzne,2025/005775,Rezydencki,81.64,3.97,25.02.2025 22:08:24,5,NIE,,
w-2025,13,16.04.2025,16.04.2025 09:50:33,74,77,Zachodniopomorskie,14,Choroby wewnętrzne,2025/003356,Rezydencki,77.94,3.28,09.02.2025 18:54:35,5,NIE,,
w-2025,13,16.04.2025,16.04.2025 09:50:33,74,77,Zachodniopomorskie,15,Choroby wewnętrzne,2025/004832,Rezydencki,69.52,3.46,27.02.2025 22:53:17,5,NIE,,
w-2025,13,16.04.2025,16.04.2025 09:50:33,74,77,Zachodniopomorskie,16,Choroby wewnętrzne,2025/002778,Rezydencki,65.70,4.02,19.03.2025 10:26:40,5,NIE,,
w-2025,13,16.04.2025,16.04.2025 09:50:33,74,77,Zachodniopomorskie,17,Choroby wewnętrzne,2025/005311,Rezydencki,57.84,4.29,19.03.2025 12:01:56,5,NIE,,
w-2025,13,16.04.2025,16.04.2025 09:50:33,74,77,Zachodniopomorskie,18,Choroby wewnętrzne,2025/004145,Pozarezydencki,89.09,4.71,20.03.2025 22:44:57,2,NIE,,
w-2025,13,16.04.2025,16.04.2025 09:50:33,74,77,Zachodniopomorskie,19,Choroby wewnętrzne,2025/002939,Pozarezydencki,73.39,4.06,24.03.2025 14:32:42,2,NIE,,
w-2025,13,16.04.2025,16.04.2025 09:50:33,75,77,Zachodniopomorskie,20,Choroby zakaźne,2025/004831,Rezydencki,76.47,3.86,12.03.2025 16:33:10,1,NIE,,
w-2025,13,16.04.2025,16.04.2025 09:50:33,75,77,Zachodniopomorskie,21,Endokrynologia i diabetologia dziecięca,2025/006967,Rezydencki,89.37,3.87,13.03.2025 12:30:29,1,NIE,,
w-2025,13,16.04.2025,16.04.2025 09:50:33,75,77,Zachodniopomorskie,22,Gastroenterologia,2025/007108,Rezydencki,89.71,4.57,14.03.2025 09:00:40,3,NIE,,
w-2025,13,16.04.2025,16.04.2025 09:50:33,75,77,Zachodniopomorskie,23,Gastroenterologia,2025/002264,Rezydencki,88.41,4.10,04.03.2025 18:59:50,3,NIE,,
w-2025,13,16.04.2025,16.04.2025 09:50:33,75,77,Zachodniopomorskie,24,Gastroenterologia,2025/006759,Rezydencki,88.16,4.49,12.03.2025 10:29:55,3,NIE,,
w-2025,13,16.04.2025,16.04.2025 09:50:33,75,77,Zachodniopomorskie,25,Gastroenterologia dziecięca,2025/001979,Pozarezydencki,80.00,3.98,12.03.2025 15:38:24,1,NIE,,
w-2025,13,16.04.2025,16.04.2025 09:50:33,75,77,Zachodniopomorskie,26,Hematologia,2025/002211,Rezydencki,70.24,3.89,13.03.2025 18:42:51,1,NIE,,
w-2025,13,16.04.2025,16.04.2025 09:50:33,75,77,Zachodniopomorskie,27,Hematologia,2025/003149,Pozarezydencki,73.39,4.32,13.03.2025 12:12:32,2,NIE,,
w-2025,13,16.04.2025,16.04.2025 09:50:33,75,77,Zachodniopomorskie,28,Hematologia,2025/006669,Pozarezydencki,61.82,3.05,26.03.2025 21:47:01,2,NIE,,
w-2025,13,16.04.2025,16.04.2025 09:50:33,75,77,Zachodniopomorskie,29,Immunologia kliniczna,2025/007405,Pozarezydencki,86.82,3.66,18.03.2025 08:30:39,4,NIE,,
w-2025,13,16.04.2025,16.04.2025 09:50:33,75,77,Zachodniopomorskie,30,Immunologia kliniczna,2025/005180,Pozarezydencki,84.55,0.00,28.02.2025 19:28:28,4,NIE,,
w-2025,13,16.04.2025,16.04.2025 09:50:33,75,77,Zachodniopomorskie,31,Immunologia kliniczna,2025/007474,Pozarezydencki,82.27,0.00,17.03.2025 12:45:21,4,NIE,,
w-2025,13,16.04.2025,16.04.2025 09:50:33,75,77,Zachodniopomorskie,32,Immunologia kliniczna,2025/007228,Pozarezydencki,80.23,3.97,14.03.2025 22:20:21,4,NIE,,
w-2025,13,16.04.2025,16.04.2025 09:50:33,75,77,Zachodniopomorskie,33,Kardiologia,2025/002660,Rezydencki,87.25,4.92,21.02.2025 19:14:28,2,NIE,,
w-2025,13,16.04.2025,16.04.2025 09:50:33,75,77,Zachodniopomorskie,34,Kardiologia,2025/006935,Rezydencki,82.84,3.66,28.02.2025 23:13:23,2,NIE,,
w-2025,13,16.04.2025,16.04.2025 09:50:33,75,77,Zachodniopomorskie,35,Kardiologia,2025/007267,Pozarezydencki,63.18,0.00,27.02.2025 09:44:18,1,NIE,,
w-2025,13,16.04.2025,16.04.2025 09:50:33,75,77,Zachodniopomorskie,36,Medycyna paliatywna,2025/006770,Pozarezydencki,70.91,0.00,28.03.2025 10:29:02,1,NIE,,
w-2025,13,16.04.2025,16.04.2025 09:50:33,75,77,Zachodniopomorskie,37,Medycyna ratunkowa,2025/005367,Pozarezydencki,82.27,0.00,18.03.2025 16:23:36,1,NIE,,
w-2025,13,16.04.2025,16.04.2025 09:50:33,75,77,Zachodniopomorskie,38,Medycyna rodzinna,2025/003018,Rezydencki,86.96,3.88,26.03.2025 22:21:37,16,NIE,,
w-2025,13,16.04.2025,16.04.2025 09:50:33,75,77,Zachodniopomorskie,39,Medycyna rodzinna,2025/003850,Rezydencki,86.27,4.30,17.03.2025 10:35:02,16,NIE,,
w-2025,13,16.04.2025,16.04.2025 09:50:33,75,77,Zachodniopomorskie,40,Medycyna rodzinna,2025/002000,Rezydencki,83.82,3.94,03.03.2025 17:02:31,16,NIE,,
w-2025,13,16.04.2025,16.04.2025 09:50:33,75,77,Zachodniopomorskie,41,Medycyna rodzinna,2025/005827,Rezydencki,83.57,4.18,28.03.2025 18:53:48,16,NIE,,
w-2025,13,16.04.2025,16.04.2025 09:50:33,75,77,Zachodniopomorskie,42,Medycyna rodzinna,2025/006130,Rezydencki,81.90,4.18,24.03.2025 10:40:56,16,NIE,,
w-2025,13,16.04.2025,16.04.2025 09:50:33,75,77,Zachodniopomorskie,43,Medycyna rodzinna,2025/007802,Rezydencki,81.37,4.03,28.02.2025 19:15:56,16,NIE,,
w-2025,13,16.04.2025,16.04.2025 09:50:33,75,77,Zachodniopomorskie,44,Medycyna rodzinna,2025/005882,Rezydencki,80.00,3.93,28.02.2025 11:12:55,16,NIE,,
w-2025,13,16.04.2025,16.04.2025 09:50:33,75,77,Zachodniopomorskie,45,Medycyna rodzinna,2025/005733,Rezydencki,79.71,4.87,26.02.2025 22:29:11,16,NIE,,
w-2025,13,16.04.2025,16.04.2025 09:50:33,75,77,Zachodniopomorskie,46,Medycyna rodzinna,2025/006630,Rezydencki,78.10,4.87,28.02.2025 14:09:25,16,NIE,,
w-2025,13,16.04.2025,16.04.2025 09:50:33,75,77,Zachodniopomorskie,47,Medycyna rodzinna,2025/007415,Rezydencki,77.78,3.85,17.03.2025 13:15:22,16,NIE,,
w-2025,13,16.04.2025,16.04.2025 09:50:33,75,77,Zachodniopomorskie,48,Medycyna rodzinna,2025/005462,Rezydencki,76.96,4.38,18.03.2025 16:48:57,16,NIE,,
w-2025,13,16.04.2025,16.04.2025 09:50:33,75,77,Zachodniopomorskie,49,Medycyna rodzinna,2025/002124,Rezydencki,70.53,4.39,14.03.2025 15:31:17,16,NIE,,
w-2025,13,16.04.2025,16.04.2025 09:50:33,75,77,Zachodniopomorskie,50,Medycyna rodzinna,2025/003212,Rezydencki,70.53,4.37,12.02.2025 18:44:38,16,NIE,,
w-2025,13,16.04.2025,16.04.2025 09:50:33,75,77,Zachodniopomorskie,51,Medycyna rodzinna,2025/005852,Rezydencki,70.53,2.87,21.03.2025 03:04:42,16,NIE,,
w-2025,13,16.04.2025,16.04.2025 09:50:33,75,77,Zachodniopomorskie,52,Medycyna rodzinna,2025/004965,Rezydencki,63.77,4.04,19.03.2025 09:08:47,16,NIE,,
w-2025,13,16.04.2025,16.04.2025 09:50:33,75,77,Zachodniopomorskie,53,Medycyna rodzinna,2025/007864,Rezydencki,63.29,3.62,28.02.2025 22:50:20,16,NIE,,
w-2025,13,16.04.2025,16.04.2025 09:50:33,75,77,Zachodniopomorskie,54,Medycyna rodzinna,2025/005170,Pozarezydencki,83.72,4.33,25.02.2025 10:02:48,2,NIE,,
w-2025,13,16.04.2025,16.04.2025 09:50:33,75,77,Zachodniopomorskie,55,Medycyna rodzinna,2025/003109,Pozarezydencki,62.39,3.38,18.03.2025 10:41:45,2,NIE,,
w-2025,13,16.04.2025,16.04.2025 09:50:33,75,77,Zachodniopomorskie,56,Nefrologia,2025/004889,Rezydencki,80.68,4.10,28.02.2025 10:15:06,2,NIE,,
w-2025,13,16.04.2025,16.04.2025 09:50:33,75,77,Zachodniopomorskie,57,Nefrologia,2025/003267,Rezydencki,80.48,4.62,28.02.2025 19:38:44,2,NIE,,
w-2025,13,16.04.2025,16.04.2025 09:50:33,76,77,Zachodniopomorskie,58,Nefrologia,2025/002165,Pozarezydencki,70.91,0.00,21.03.2025 22:17:38,1,NIE,,
w-2025,13,16.04.2025,16.04.2025 09:50:33,76,77,Zachodniopomorskie,59,Neurologia,2025/007183,Rezydencki,77.62,4.07,26.02.2025 23:01:17,4,NIE,,
w-2025,13,16.04.2025,16.04.2025 09:50:33,76,77,Zachodniopomorskie,60,Neurologia,2025/008504,Rezydencki,76.70,0.00,24.03.2025 09:09:26,4,NIE,,
w-2025,13,16.04.2025,16.04.2025 09:50:33,76,77,Zachodniopomorskie,61,Neurologia,2025/006893,Rezydencki,74.29,4.21,26.02.2025 21:39:56,4,NIE,,
w-2025,13,16.04.2025,16.04.2025 09:50:33,76,77,Zachodniopomorskie,62,Neurologia,2025/005537,Rezydencki,62.25,3.85,24.02.2025 16:19:34,4,NIE,,
w-2025,13,16.04.2025,16.04.2025 09:50:33,76,77,Zachodniopomorskie,63,Onkologia i hematologia dziecięca,2025/006408,Pozarezydencki,73.85,4.60,21.03.2025 08:57:35,2,NIE,,
w-2025,13,16.04.2025,16.04.2025 09:50:33,76,77,Zachodniopomorskie,64,Onkologia i hematologia dziecięca,2025/003619,Pozarezydencki,63.64,4.15,18.03.2025 23:05:54,2,NIE,,
w-2025,13,16.04.2025,16.04.2025 09:50:33,76,77,Zachodniopomorskie,65,Onkologia kliniczna,2025/003333,Rezydencki,78.10,4.00,28.02.2025 23:28:02,2,NIE,,
w-2025,13,16.04.2025,16.04.2025 09:50:33,76,77,Zachodniopomorskie,66,Onkologia kliniczna,2025/007051,Rezydencki,67.63,0.00,26.02.2025 20:59:43,2,NIE,,
w-2025,13,16.04.2025,16.04.2025 09:50:33,76,77,Zachodniopomorskie,67,Ortodoncja,2025/003834,Rezydencki,86.67,4.34,11.02.2025 16:06:11,1,NIE,,
w-2025,13,16.04.2025,16.04.2025 09:50:33,76,77,Zachodniopomorskie,68,Ortodoncja,2025/005889,Pozarezydencki,82.34,3.98,14.03.2025 09:17:37,1,NIE,,
w-2025,13,16.04.2025,16.04.2025 09:50:33,76,77,Zachodniopomorskie,69,Ortopedia i traumatologia narządu ruchu,2025/003833,Rezydencki,77.78,3.42,27.02.2025 10:45:05,1,NIE,,
w-2025,13,16.04.2025,16.04.2025 09:50:33,76,77,Zachodniopomorskie,70,Otorynolaryngologia,2025/003376,Rezydencki,86.47,3.68,28.02.2025 16:23:42,1,NIE,,
w-2025,13,16.04.2025,16.04.2025 09:50:33,76,77,Zachodniopomorskie,71,Pediatria,2025/002093,Rezydencki,83.33,4.51,20.03.2025 14:03:49,7,NIE,,
w-2025,13,16.04.2025,16.04.2025 09:50:33,76,77,Zachodniopomorskie,72,Pediatria,2025/001969,Rezydencki,77.94,3.58,18.02.2025 12:15:18,7,NIE,,
w-2025,13,16.04.2025,16.04.2025 09:50:33,76,77,Zachodniopomorskie,73,Pediatria,2025/006146,Rezydencki,74.29,3.63,19.03.2025 10:53:12,7,NIE,,
w-2025,13,16.04.2025,16.04.2025 09:50:33,76,77,Zachodniopomorskie,74,Pediatria,2025/005921,Rezydencki,72.06,4.12,20.03.2025 12:57:25,7,NIE,,
w-2025,13,16.04.2025,16.04.2025 09:50:33,76,77,Zachodniopomorskie,75,Pediatria,2025/007706,Rezydencki,70.95,4.09,28.02.2025 21:07:34,7,NIE,,
w-2025,13,16.04.2025,16.04.2025 09:50:33,76,77,Zachodniopomorskie,76,Pediatria,2025/005956,Rezydencki,69.52,3.84,26.02.2025 21:02:54,7,NIE,,
w-2025,13,16.04.2025,16.04.2025 09:50:33,76,77,Zachodniopomorskie,77,Pediatria,2025/002003,Rezydencki,63.90,3.90,03.02.2025 10:48:38,7,NIE,,
w-2025,13,16.04.2025,16.04.2025 09:50:33,76,77,Zachodniopomorskie,78,Pediatria,2025/007239,Pozarezydencki,74.08,0.00,26.03.2025 13:52:04,1,NIE,,
w-2025,13,16.04.2025,16.04.2025 09:50:33,76,77,Zachodniopomorskie,79,Pediatria metaboliczna,2025/006527,Pozarezydencki,75.45,4.04,25.02.2025 19:47:29,1,NIE,,
w-2025,13,16.04.2025,16.04.2025 09:50:33,76,77,Zachodniopomorskie,80,Położnictwo i ginekologia,2025/006953,Rezydencki,81.64,4.44,28.02.2025 09:24:39,3,NIE,,
w-2025,13,16.04.2025,16.04.2025 09:50:33,76,77,Zachodniopomorskie,81,Położnictwo i ginekologia,2025/003034,Rezydencki,70.00,3.93,18.03.2025 13:35:52,3,NIE,,
w-2025,13,16.04.2025,16.04.2025 09:50:33,76,77,Zachodniopomorskie,82,Położnictwo i ginekologia,2025/002149,Rezydencki,66.67,4.83,20.03.2025 09:25:06,3,NIE,,
w-2025,13,16.04.2025,16.04.2025 09:50:33,76,77,Zachodniopomorskie,83,Psychiatria,2025/006244,Rezydencki,88.89,4.60,23.03.2025 12:13:44,3,NIE,,
w-2025,13,16.04.2025,16.04.2025 09:50:33,76,77,Zachodniopomorskie,84,Psychiatria,2025/006522,Rezydencki,60.39,3.62,17.03.2025 17:46:40,3,NIE,,
w-2025,13,16.04.2025,16.04.2025 09:50:33,76,77,Zachodniopomorskie,85,Psychiatria,2025/006136,Rezydencki,59.31,3.83,24.02.2025 17:54:35,3,NIE,,
w-2025,13,16.04.2025,16.04.2025 09:50:33,76,77,Zachodniopomorskie,86,Psychiatria,2025/002750,Pozarezydencki,80.91,4.60,26.02.2025 20:06:09,1,NIE,,
w-2025,13,16.04.2025,16.04.2025 09:50:33,76,77,Zachodniopomorskie,87,Psychiatria dzieci i młodzieży,2025/001912,Rezydencki,86.83,4.66,01.02.2025 09:52:52,1,NIE,,
w-2025,13,16.04.2025,16.04.2025 09:50:33,76,77,Zachodniopomorskie,88,Radiologia i diagnostyka obrazowa,2025/005399,Rezydencki,91.06,4.40,20.03.2025 16:35:32,3,NIE,,
w-2025,13,16.04.2025,16.04.2025 09:50:33,76,77,Zachodniopomorskie,89,Radiologia i diagnostyka obrazowa,2025/002328,Rezydencki,90.44,4.34,20.03.2025 20:02:16,3,NIE,,
w-2025,13,16.04.2025,16.04.2025 09:50:33,76,77,Zachodniopomorskie,90,Radiologia i diagnostyka obrazowa,2025/006589,Rezydencki,88.41,4.44,20.03.2025 12:09:40,3,NIE,,
w-2025,13,16.04.2025,16.04.2025 09:50:33,76,77,Zachodniopomorskie,91,Radiologia i diagnostyka obrazowa,2025/007453,Pozarezydencki,78.18,3.46,19.03.2025 14:16:25,1,NIE,,
w-2025,13,16.04.2025,16.04.2025 09:50:33,76,77,Zachodniopomorskie,92,Rehabilitacja medyczna,2025/008072,Rezydencki,58.74,3.13,30.03.2025 12:20:00,1,NIE,,
w-2025,13,16.04.2025,16.04.2025 09:50:33,76,77,Zachodniopomorskie,93,Rehabilitacja medyczna,2025/008156,Pozarezydencki,83.25,4.81,28.02.2025 14:06:36,1,NIE,,
w-2025,13,16.04.2025,16.04.2025 09:50:33,76,77,Zachodniopomorskie,94,Reumatologia,2025/005914,Rezydencki,86.23,4.35,27.02.2025 23:35:40,2,NIE,,
w-2025,13,16.04.2025,16.04.2025 09:50:33,76,77,Zachodniopomorskie,95,Reumatologia,2025/005545,Rezydencki,85.05,4.40,28.02.2025 16:36:49,2,NIE,,
w-2025,13,16.04.2025,16.04.2025 09:50:33,77,77,Zachodniopomorskie,96,Transplantologia kliniczna,2025/005191,Pozarezydencki,78.64,4.25,28.03.2025 10:38:42,2,NIE,,
w-2025,13,16.04.2025,16.04.2025 09:50:33,77,77,Zachodniopomorskie,97,Transplantologia kliniczna,2025/006452,Pozarezydencki,74.09,0.00,26.02.2025 13:18:13,2,NIE,,
w-2025,13,16.04.2025,16.04.2025 09:50:33,77,77,Zachodniopomorskie,98,Urologia,2025/007115,Rezydencki,87.86,4.56,21.03.2025 21:26:47,4,NIE,,
w-2025,13,16.04.2025,16.04.2025 09:50:33,77,77,Zachodniopomorskie,99,Urologia,2025/005624,Rezydencki,87.80,4.11,26.02.2025 19:45:04,4,NIE,,
w-2025,13,16.04.2025,16.04.2025 09:50:33,77,77,Zachodniopomorskie,100,Urologia,2025/007048,Rezydencki,84.56,4.36,26.02.2025 20:56:57,4,NIE,,
w-2025,13,16.04.2025,16.04.2025 09:50:33,77,77,Zachodniopomorskie,101,Urologia,2025/006213,Rezydencki,84.31,3.63,08.03.2025 23:48:00,4,NIE,,
