rekrutacja,kolejność_plików,publication_date,print_datetime,page,page_total,wojewodztwo,lp,dziedzina_medycyny,numer_wniosku,tryb_szkolenia,punktacja_proc,srednia_arytmetyczna,data_zlozenia_wniosku,ilość_zakwalifikowanych_w_trybie,czy_miejsca_doktoranckie,doktoranckie_podmiot,doktoranckie_jednostka
w-2023,9,28.04.2023,28.04.2023 12:30:19,1,64,Dolnośląskie,1,Alergologia,2023/004318,Pozarezydencki,66.59,3.48,26.02.2023 22:53:07,1,NIE,,
w-2023,9,28.04.2023,28.04.2023 12:30:19,1,64,Dolnośląskie,2,Anestezjologia i intensywna terapia,2023/002840,Rezydencki,86.27,4.40,27.02.2023 22:58:32,11,NIE,,
w-2023,9,28.04.2023,28.04.2023 12:30:19,1,64,Dolnośląskie,3,Anestezjologia i intensywna terapia,2023/001057,Rezydencki,86.23,3.81,22.02.2023 11:07:47,11,NIE,,
w-2023,9,28.04.2023,28.04.2023 12:30:19,1,64,Dolnośląskie,4,Anestezjologia i intensywna terapia,2023/001521,Rezydencki,85.02,4.47,19.02.2023 14:35:19,11,NIE,,
w-2023,9,28.04.2023,28.04.2023 12:30:19,1,64,Dolnośląskie,5,Anestezjologia i intensywna terapia,2023/003137,Rezydencki,85.02,4.24,28.02.2023 21:36:59,11,NIE,,
w-2023,9,28.04.2023,28.04.2023 12:30:19,1,64,Dolnośląskie,6,Anestezjologia i intensywna terapia,2023/003079,Rezydencki,85.02,3.71,28.02.2023 20:50:14,11,NIE,,
w-2023,9,28.04.2023,28.04.2023 12:30:19,1,64,Dolnośląskie,7,Anestezjologia i intensywna terapia,2023/004546,Rezydencki,84.80,3.89,28.02.2023 13:38:18,11,NIE,,
w-2023,9,28.04.2023,28.04.2023 12:30:19,1,64,Dolnośląskie,8,Anestezjologia i intensywna terapia,2023/001438,Rezydencki,81.64,0.00,05.02.2023 12:15:11,11,NIE,,
w-2023,9,28.04.2023,28.04.2023 12:30:19,1,64,Dolnośląskie,9,Anestezjologia i intensywna terapia,2023/003243,Rezydencki,81.37,3.57,27.02.2023 18:20:09,11,NIE,,
w-2023,9,28.04.2023,28.04.2023 12:30:19,1,64,Dolnośląskie,10,Anestezjologia i intensywna terapia,2023/004322,Rezydencki,80.19,3.84,28.02.2023 17:51:51,11,NIE,,
w-2023,9,28.04.2023,28.04.2023 12:30:19,1,64,Dolnośląskie,11,Anestezjologia i intensywna terapia,2023/000889,Rezydencki,80.00,3.59,01.02.2023 13:42:17,11,NIE,,
w-2023,9,28.04.2023,28.04.2023 12:30:19,1,64,Dolnośląskie,12,Anestezjologia i intensywna terapia,2023/001446,Rezydencki,76.10,0.00,06.03.2023 20:49:52,11,NIE,,
w-2023,9,28.04.2023,28.04.2023 12:30:19,1,64,Dolnośląskie,13,Anestezjologia i intensywna terapia,2023/004578,Pozarezydencki,64.55,0.00,14.03.2023 17:22:47,1,NIE,,
w-2023,9,28.04.2023,28.04.2023 12:30:19,1,64,Dolnośląskie,14,Angiologia,2023/001668,Pozarezydencki,84.55,4.46,26.02.2023 12:03:48,1,NIE,,
w-2023,9,28.04.2023,28.04.2023 12:30:19,1,64,Dolnośląskie,15,Audiologia i foniatria,2023/003947,Rezydencki,74.40,4.03,08.03.2023 23:48:02,1,NIE,,
w-2023,9,28.04.2023,28.04.2023 12:30:19,1,64,Dolnośląskie,16,Audiologia i foniatria,2023/003267,Pozarezydencki,75.45,3.75,28.02.2023 09:47:20,1,NIE,,
w-2023,9,28.04.2023,28.04.2023 12:30:19,1,64,Dolnośląskie,17,Balneologia i medycyna fizykalna,2023/003848,Pozarezydencki,85.41,3.63,27.02.2023 21:54:33,6,NIE,,
w-2023,9,28.04.2023,28.04.2023 12:30:19,1,64,Dolnośląskie,18,Balneologia i medycyna fizykalna,2023/003530,Pozarezydencki,80.68,2.68,23.02.2023 14:52:41,6,NIE,,
w-2023,9,28.04.2023,28.04.2023 12:30:19,1,64,Dolnośląskie,19,Balneologia i medycyna fizykalna,2023/001883,Pozarezydencki,80.00,4.40,09.03.2023 10:49:38,6,NIE,,
w-2023,9,28.04.2023,28.04.2023 12:30:19,1,64,Dolnośląskie,20,Balneologia i medycyna fizykalna,2023/003100,Pozarezydencki,80.00,4.20,09.03.2023 15:21:59,6,NIE,,
w-2023,9,28.04.2023,28.04.2023 12:30:19,1,64,Dolnośląskie,21,Balneologia i medycyna fizykalna,2023/004550,Pozarezydencki,76.91,0.00,27.02.2023 18:52:04,6,NIE,,
w-2023,9,28.04.2023,28.04.2023 12:30:19,1,64,Dolnośląskie,22,Balneologia i medycyna fizykalna,2023/002432,Pozarezydencki,63.64,4.35,20.02.2023 14:31:34,6,NIE,,
w-2023,9,28.04.2023,28.04.2023 12:30:19,1,64,Dolnośląskie,23,Chirurgia dziecięca,2023/004143,Rezydencki,80.19,3.31,26.02.2023 17:53:25,1,NIE,,
w-2023,9,28.04.2023,28.04.2023 12:30:19,1,64,Dolnośląskie,24,Chirurgia klatki piersiowej,2023/002229,Pozarezydencki,70.91,0.00,20.02.2023 11:01:35,2,NIE,,
w-2023,9,28.04.2023,28.04.2023 12:30:19,1,64,Dolnośląskie,25,Chirurgia klatki piersiowej,2023/002740,Pozarezydencki,64.62,3.89,08.03.2023 13:55:46,2,NIE,,
w-2023,9,28.04.2023,28.04.2023 12:30:19,1,64,Dolnośląskie,26,Chirurgia naczyniowa,2023/002027,Pozarezydencki,86.27,3.67,23.02.2023 18:28:47,1,NIE,,
w-2023,9,28.04.2023,28.04.2023 12:30:19,1,64,Dolnośląskie,27,Chirurgia ogólna,2023/002472,Rezydencki,84.78,4.41,16.02.2023 08:53:11,3,NIE,,
w-2023,9,28.04.2023,28.04.2023 12:30:19,1,64,Dolnośląskie,28,Chirurgia ogólna,2023/001674,Rezydencki,67.15,0.00,07.02.2023 10:45:58,3,NIE,,
w-2023,9,28.04.2023,28.04.2023 12:30:19,1,64,Dolnośląskie,29,Chirurgia ogólna,2023/001033,Rezydencki,65.37,0.00,14.02.2023 18:45:24,3,NIE,,
w-2023,9,28.04.2023,28.04.2023 12:30:19,1,64,Dolnośląskie,30,Chirurgia onkologiczna,2023/001819,Pozarezydencki,84.77,4.63,08.03.2023 18:07:24,3,NIE,,
w-2023,9,28.04.2023,28.04.2023 12:30:19,1,64,Dolnośląskie,31,Chirurgia onkologiczna,2023/005023,Pozarezydencki,70.91,3.73,28.02.2023 20:05:18,3,NIE,,
w-2023,9,28.04.2023,28.04.2023 12:30:19,1,64,Dolnośląskie,32,Chirurgia onkologiczna,2023/001837,Pozarezydencki,70.09,3.94,08.02.2023 17:14:48,3,NIE,,
w-2023,9,28.04.2023,28.04.2023 12:30:19,1,64,Dolnośląskie,33,Chirurgia szczękowo-twarzowa,2023/002100,Rezydencki,83.57,3.97,12.02.2023 20:41:01,1,NIE,,
w-2023,9,28.04.2023,28.04.2023 12:30:19,1,64,Dolnośląskie,34,Choroby płuc,2023/005122,Rezydencki,74.88,4.10,28.02.2023 20:35:05,1,NIE,,
w-2023,9,28.04.2023,28.04.2023 12:30:19,1,64,Dolnośląskie,35,Choroby płuc,2023/004875,Pozarezydencki,84.55,4.79,28.02.2023 13:33:50,2,NIE,,
w-2023,9,28.04.2023,28.04.2023 12:30:19,1,64,Dolnośląskie,36,Choroby płuc,2023/003015,Pozarezydencki,82.24,4.50,09.03.2023 13:44:50,2,NIE,,
w-2023,9,28.04.2023,28.04.2023 12:30:19,2,64,Dolnośląskie,37,Choroby płuc dzieci,2023/001288,Rezydencki,88.89,4.56,28.02.2023 21:43:50,1,NIE,,
w-2023,9,28.04.2023,28.04.2023 12:30:19,2,64,Dolnośląskie,38,Choroby wewnętrzne,2023/001477,Rezydencki,88.41,4.13,26.02.2023 18:47:18,13,NIE,,
w-2023,9,28.04.2023,28.04.2023 12:30:19,2,64,Dolnośląskie,39,Choroby wewnętrzne,2023/003371,Rezydencki,88.16,4.56,24.02.2023 09:48:25,13,NIE,,
w-2023,9,28.04.2023,28.04.2023 12:30:19,2,64,Dolnośląskie,40,Choroby wewnętrzne,2023/003323,Rezydencki,87.75,4.02,27.02.2023 16:57:45,13,NIE,,
w-2023,9,28.04.2023,28.04.2023 12:30:19,2,64,Dolnośląskie,41,Choroby wewnętrzne,2023/003340,Rezydencki,85.51,0.00,08.03.2023 20:16:24,13,NIE,,
w-2023,9,28.04.2023,28.04.2023 12:30:19,2,64,Dolnośląskie,42,Choroby wewnętrzne,2023/000988,Rezydencki,85.02,4.33,01.02.2023 20:13:08,13,NIE,,
w-2023,9,28.04.2023,28.04.2023 12:30:19,2,64,Dolnośląskie,43,Choroby wewnętrzne,2023/005161,Rezydencki,84.30,4.35,28.02.2023 20:24:06,13,NIE,,
w-2023,9,28.04.2023,28.04.2023 12:30:19,2,64,Dolnośląskie,44,Choroby wewnętrzne,2023/003414,Rezydencki,79.41,0.00,09.03.2023 11:18:01,13,NIE,,
w-2023,9,28.04.2023,28.04.2023 12:30:19,2,64,Dolnośląskie,45,Choroby wewnętrzne,2023/000774,Rezydencki,79.23,4.16,22.02.2023 22:08:43,13,NIE,,
w-2023,9,28.04.2023,28.04.2023 12:30:19,2,64,Dolnośląskie,46,Choroby wewnętrzne,2023/000858,Rezydencki,76.67,3.82,02.03.2023 14:03:12,13,NIE,,
w-2023,9,28.04.2023,28.04.2023 12:30:19,2,64,Dolnośląskie,47,Choroby wewnętrzne,2023/004211,Rezydencki,73.53,0.00,28.02.2023 18:43:33,13,NIE,,
w-2023,9,28.04.2023,28.04.2023 12:30:19,2,64,Dolnośląskie,48,Choroby wewnętrzne,2023/002219,Rezydencki,68.60,4.26,17.02.2023 15:54:40,13,NIE,,
w-2023,9,28.04.2023,28.04.2023 12:30:19,2,64,Dolnośląskie,49,Choroby wewnętrzne,2023/002362,Rezydencki,61.84,2.78,14.02.2023 15:37:45,13,NIE,,
w-2023,9,28.04.2023,28.04.2023 12:30:19,2,64,Dolnośląskie,50,Choroby wewnętrzne,2023/001412,Rezydencki,56.52,0.00,05.02.2023 08:57:06,13,NIE,,
w-2023,9,28.04.2023,28.04.2023 12:30:19,2,64,Dolnośląskie,51,Choroby wewnętrzne,2023/004030,Pozarezydencki,51.15,4.06,28.02.2023 17:14:00,1,NIE,,
w-2023,9,28.04.2023,28.04.2023 12:30:19,2,64,Dolnośląskie,52,Choroby zakaźne,2023/004269,Rezydencki,88.73,4.53,28.02.2023 23:56:04,2,NIE,,
w-2023,9,28.04.2023,28.04.2023 12:30:19,2,64,Dolnośląskie,53,Choroby zakaźne,2023/000900,Rezydencki,67.65,0.00,28.02.2023 13:30:25,2,NIE,,
w-2023,9,28.04.2023,28.04.2023 12:30:19,2,64,Dolnośląskie,54,Diabetologia,2023/003743,Rezydencki,85.29,3.06,27.02.2023 21:24:05,1,NIE,,
w-2023,9,28.04.2023,28.04.2023 12:30:19,2,64,Dolnośląskie,55,Endokrynologia,2023/004573,Rezydencki,92.16,4.42,28.02.2023 21:21:47,1,NIE,,
w-2023,9,28.04.2023,28.04.2023 12:30:19,2,64,Dolnośląskie,56,Endokrynologia,2023/002977,Pozarezydencki,89.72,4.50,10.03.2023 14:26:54,1,NIE,,
w-2023,9,28.04.2023,28.04.2023 12:30:19,2,64,Dolnośląskie,57,Endokrynologia i diabetologia dziecięca,2023/001295,Pozarezydencki,81.36,4.68,03.02.2023 21:05:22,1,NIE,,
w-2023,9,28.04.2023,28.04.2023 12:30:19,2,64,Dolnośląskie,58,Epidemiologia,2023/002893,Pozarezydencki,68.64,3.22,28.02.2023 14:40:20,1,NIE,,
w-2023,9,28.04.2023,28.04.2023 12:30:19,2,64,Dolnośląskie,59,Gastroenterologia dziecięca,2023/001359,Rezydencki,80.68,3.95,09.03.2023 21:34:56,1,NIE,,
w-2023,9,28.04.2023,28.04.2023 12:30:19,2,64,Dolnośląskie,60,Genetyka kliniczna,2023/001670,Rezydencki,86.96,4.90,12.03.2023 16:22:13,1,NIE,,
w-2023,9,28.04.2023,28.04.2023 12:30:19,2,64,Dolnośląskie,61,Ginekologia onkologiczna,2023/004410,Pozarezydencki,67.76,0.00,27.02.2023 10:54:03,1,NIE,,
w-2023,9,28.04.2023,28.04.2023 12:30:19,2,64,Dolnośląskie,62,Hematologia,2023/001487,Pozarezydencki,66.36,3.65,14.02.2023 11:57:04,1,NIE,,
w-2023,9,28.04.2023,28.04.2023 12:30:19,2,64,Dolnośląskie,63,Immunologia kliniczna,2023/001620,Pozarezydencki,81.45,4.17,13.03.2023 17:13:48,2,NIE,,
w-2023,9,28.04.2023,28.04.2023 12:30:19,2,64,Dolnośląskie,64,Immunologia kliniczna,2023/001748,Pozarezydencki,71.76,3.73,28.02.2023 16:07:23,2,NIE,,
w-2023,9,28.04.2023,28.04.2023 12:30:19,2,64,Dolnośląskie,65,Kardiologia,2023/001801,Rezydencki,87.44,4.35,27.02.2023 22:01:30,2,NIE,,
w-2023,9,28.04.2023,28.04.2023 12:30:19,2,64,Dolnośląskie,66,Kardiologia,2023/001227,Rezydencki,87.44,3.97,10.02.2023 12:23:13,2,NIE,,
w-2023,9,28.04.2023,28.04.2023 12:30:19,2,64,Dolnośląskie,67,Kardiologia,2023/002603,Pozarezydencki,80.00,4.79,17.02.2023 15:05:39,2,NIE,,
w-2023,9,28.04.2023,28.04.2023 12:30:19,2,64,Dolnośląskie,68,Kardiologia,2023/001118,Pozarezydencki,76.82,4.39,23.02.2023 14:10:04,2,NIE,,
w-2023,9,28.04.2023,28.04.2023 12:30:19,2,64,Dolnośląskie,69,Medycyna paliatywna,2023/000861,Pozarezydencki,80.00,4.83,06.03.2023 19:37:18,3,NIE,,
w-2023,9,28.04.2023,28.04.2023 12:30:19,2,64,Dolnośląskie,70,Medycyna paliatywna,2023/004396,Pozarezydencki,67.29,4.12,13.03.2023 20:06:48,3,NIE,,
w-2023,9,28.04.2023,28.04.2023 12:30:19,2,64,Dolnośląskie,71,Medycyna paliatywna,2023/001027,Pozarezydencki,63.64,0.00,06.03.2023 14:16:03,3,NIE,,
w-2023,9,28.04.2023,28.04.2023 12:30:19,2,64,Dolnośląskie,72,Medycyna pracy,2023/001988,Pozarezydencki,80.00,0.00,17.02.2023 12:23:56,6,NIE,,
w-2023,9,28.04.2023,28.04.2023 12:30:19,2,64,Dolnośląskie,73,Medycyna pracy,2023/002145,Pozarezydencki,79.09,0.00,12.02.2023 17:08:44,6,NIE,,
w-2023,9,28.04.2023,28.04.2023 12:30:19,2,64,Dolnośląskie,74,Medycyna pracy,2023/003130,Pozarezydencki,70.91,3.89,21.02.2023 17:37:39,6,NIE,,
w-2023,9,28.04.2023,28.04.2023 12:30:19,3,64,Dolnośląskie,75,Medycyna pracy,2023/001415,Pozarezydencki,63.86,3.70,08.03.2023 23:10:45,6,NIE,,
w-2023,9,28.04.2023,28.04.2023 12:30:19,3,64,Dolnośląskie,76,Medycyna pracy,2023/002291,Pozarezydencki,63.18,3.23,13.02.2023 20:38:43,6,NIE,,
w-2023,9,28.04.2023,28.04.2023 12:30:19,3,64,Dolnośląskie,77,Medycyna pracy,2023/002547,Pozarezydencki,56.42,0.00,16.02.2023 11:47:42,6,NIE,,
w-2023,9,28.04.2023,28.04.2023 12:30:19,3,64,Dolnośląskie,78,Medycyna ratunkowa,2023/003796,Rezydencki,64.25,4.01,28.02.2023 23:18:07,1,NIE,,
w-2023,9,28.04.2023,28.04.2023 12:30:19,3,64,Dolnośląskie,79,Medycyna ratunkowa,2023/002824,Pozarezydencki,89.91,4.56,15.03.2023 12:24:22,10,NIE,,
w-2023,9,28.04.2023,28.04.2023 12:30:19,3,64,Dolnośląskie,80,Medycyna ratunkowa,2023/003695,Pozarezydencki,73.61,0.00,11.03.2023 16:22:53,10,NIE,,
w-2023,9,28.04.2023,28.04.2023 12:30:19,3,64,Dolnośląskie,81,Medycyna ratunkowa,2023/002516,Pozarezydencki,73.18,0.00,26.02.2023 22:07:27,10,NIE,,
w-2023,9,28.04.2023,28.04.2023 12:30:19,3,64,Dolnośląskie,82,Medycyna ratunkowa,2023/003428,Pozarezydencki,72.73,0.00,13.03.2023 14:19:58,10,NIE,,
w-2023,9,28.04.2023,28.04.2023 12:30:19,3,64,Dolnośląskie,83,Medycyna ratunkowa,2023/005186,Pozarezydencki,70.23,0.00,28.02.2023 21:35:54,10,NIE,,
w-2023,9,28.04.2023,28.04.2023 12:30:19,3,64,Dolnośląskie,84,Medycyna ratunkowa,2023/002697,Pozarezydencki,68.18,0.00,18.02.2023 08:37:47,10,NIE,,
w-2023,9,28.04.2023,28.04.2023 12:30:19,3,64,Dolnośląskie,85,Medycyna ratunkowa,2023/002420,Pozarezydencki,63.53,4.03,08.03.2023 14:51:03,10,NIE,,
w-2023,9,28.04.2023,28.04.2023 12:30:19,3,64,Dolnośląskie,86,Medycyna ratunkowa,2023/003115,Pozarezydencki,0.00,2.76,15.03.2023 09:32:07,10,NIE,,
w-2023,9,28.04.2023,28.04.2023 12:30:19,3,64,Dolnośląskie,87,Medycyna ratunkowa,2023/002031,Pozarezydencki,0.00,0.00,28.02.2023 11:08:41,10,NIE,,
w-2023,9,28.04.2023,28.04.2023 12:30:19,3,64,Dolnośląskie,88,Medycyna ratunkowa,2023/004943,Pozarezydencki,0.00,0.00,28.02.2023 12:17:28,10,NIE,,
w-2023,9,28.04.2023,28.04.2023 12:30:19,3,64,Dolnośląskie,89,Medycyna rodzinna,2023/001946,Rezydencki,88.41,3.49,21.02.2023 21:35:42,20,NIE,,
w-2023,9,28.04.2023,28.04.2023 12:30:19,3,64,Dolnośląskie,90,Medycyna rodzinna,2023/003011,Rezydencki,87.25,4.27,28.02.2023 22:24:39,20,NIE,,
w-2023,9,28.04.2023,28.04.2023 12:30:19,3,64,Dolnośląskie,91,Medycyna rodzinna,2023/002839,Rezydencki,86.27,4.44,09.03.2023 13:49:21,20,NIE,,
w-2023,9,28.04.2023,28.04.2023 12:30:19,3,64,Dolnośląskie,92,Medycyna rodzinna,2023/004707,Rezydencki,85.99,4.21,28.02.2023 21:42:31,20,NIE,,
w-2023,9,28.04.2023,28.04.2023 12:30:19,3,64,Dolnośląskie,93,Medycyna rodzinna,2023/000863,Rezydencki,85.37,4.33,06.02.2023 21:46:26,20,NIE,,
w-2023,9,28.04.2023,28.04.2023 12:30:19,3,64,Dolnośląskie,94,Medycyna rodzinna,2023/003783,Rezydencki,84.80,4.51,28.02.2023 21:39:46,20,NIE,,
w-2023,9,28.04.2023,28.04.2023 12:30:19,3,64,Dolnośląskie,95,Medycyna rodzinna,2023/003565,Rezydencki,84.31,0.00,27.02.2023 22:24:38,20,NIE,,
w-2023,9,28.04.2023,28.04.2023 12:30:19,3,64,Dolnośląskie,96,Medycyna rodzinna,2023/002774,Rezydencki,84.06,4.13,09.03.2023 19:32:41,20,NIE,,
w-2023,9,28.04.2023,28.04.2023 12:30:19,3,64,Dolnośląskie,97,Medycyna rodzinna,2023/002668,Rezydencki,82.86,4.03,22.02.2023 23:23:28,20,NIE,,
w-2023,9,28.04.2023,28.04.2023 12:30:19,3,64,Dolnośląskie,98,Medycyna rodzinna,2023/003842,Rezydencki,81.16,3.84,28.02.2023 14:04:51,20,NIE,,
w-2023,9,28.04.2023,28.04.2023 12:30:19,3,64,Dolnośląskie,99,Medycyna rodzinna,2023/001761,Rezydencki,80.68,3.55,21.02.2023 09:29:36,20,NIE,,
w-2023,9,28.04.2023,28.04.2023 12:30:19,3,64,Dolnośląskie,100,Medycyna rodzinna,2023/004848,Rezydencki,78.74,3.59,28.02.2023 23:32:11,20,NIE,,
w-2023,9,28.04.2023,28.04.2023 12:30:19,3,64,Dolnośląskie,101,Medycyna rodzinna,2023/004095,Rezydencki,78.57,3.73,28.02.2023 22:08:44,20,NIE,,
w-2023,9,28.04.2023,28.04.2023 12:30:19,3,64,Dolnośląskie,102,Medycyna rodzinna,2023/003570,Rezydencki,78.43,4.42,28.02.2023 22:01:44,20,NIE,,
w-2023,9,28.04.2023,28.04.2023 12:30:19,3,64,Dolnośląskie,103,Medycyna rodzinna,2023/005172,Rezydencki,78.26,4.12,04.03.2023 09:47:24,20,NIE,,
w-2023,9,28.04.2023,28.04.2023 12:30:19,3,64,Dolnośląskie,104,Medycyna rodzinna,2023/004797,Rezydencki,76.96,3.88,28.02.2023 19:42:38,20,NIE,,
w-2023,9,28.04.2023,28.04.2023 12:30:19,3,64,Dolnośląskie,105,Medycyna rodzinna,2023/003590,Rezydencki,70.00,3.41,25.02.2023 13:07:41,20,NIE,,
w-2023,9,28.04.2023,28.04.2023 12:30:19,3,64,Dolnośląskie,106,Medycyna rodzinna,2023/005124,Rezydencki,67.32,3.69,28.02.2023 19:41:17,20,NIE,,
w-2023,9,28.04.2023,28.04.2023 12:30:19,3,64,Dolnośląskie,107,Medycyna rodzinna,2023/002221,Rezydencki,64.73,3.09,27.02.2023 13:24:23,20,NIE,,
w-2023,9,28.04.2023,28.04.2023 12:30:19,3,64,Dolnośląskie,108,Medycyna rodzinna,2023/003101,Rezydencki,64.71,4.01,25.02.2023 13:53:04,20,NIE,,
w-2023,9,28.04.2023,28.04.2023 12:30:19,3,64,Dolnośląskie,109,Medycyna rodzinna,2023/000798,Pozarezydencki,70.91,4.40,28.02.2023 05:54:28,2,NIE,,
w-2023,9,28.04.2023,28.04.2023 12:30:19,3,64,Dolnośląskie,110,Medycyna rodzinna,2023/001404,Pozarezydencki,64.49,0.00,28.02.2023 10:50:42,2,NIE,,
w-2023,9,28.04.2023,28.04.2023 12:30:19,3,64,Dolnośląskie,111,Medycyna sportowa,2023/002358,Pozarezydencki,82.73,3.38,14.02.2023 17:50:50,2,NIE,,
w-2023,9,28.04.2023,28.04.2023 12:30:19,3,64,Dolnośląskie,112,Medycyna sportowa,2023/002957,Pozarezydencki,79.55,3.57,26.02.2023 17:44:42,2,NIE,,
w-2023,9,28.04.2023,28.04.2023 12:30:19,4,64,Dolnośląskie,113,Nefrologia,2023/002266,Rezydencki,78.26,3.99,28.02.2023 14:49:31,1,NIE,,
w-2023,9,28.04.2023,28.04.2023 12:30:19,4,64,Dolnośląskie,114,Nefrologia,2023/004028,Pozarezydencki,70.91,0.00,09.03.2023 17:50:38,1,NIE,,
w-2023,9,28.04.2023,28.04.2023 12:30:19,4,64,Dolnośląskie,115,Nefrologia dziecięca,2023/001014,Rezydencki,77.94,4.18,28.02.2023 21:15:37,1,NIE,,
w-2023,9,28.04.2023,28.04.2023 12:30:19,4,64,Dolnośląskie,116,Neonatologia,2023/001132,Rezydencki,80.68,3.33,04.02.2023 17:28:11,1,NIE,,
w-2023,9,28.04.2023,28.04.2023 12:30:19,4,64,Dolnośląskie,117,Neonatologia,2023/004828,Pozarezydencki,75.45,0.00,28.02.2023 00:22:21,1,NIE,,
w-2023,9,28.04.2023,28.04.2023 12:30:19,4,64,Dolnośląskie,118,Neurologia,2023/002169,Rezydencki,90.82,4.53,26.02.2023 21:24:25,8,NIE,,
w-2023,9,28.04.2023,28.04.2023 12:30:19,4,64,Dolnośląskie,119,Neurologia,2023/004773,Rezydencki,86.76,4.44,27.02.2023 23:08:02,8,NIE,,
w-2023,9,28.04.2023,28.04.2023 12:30:19,4,64,Dolnośląskie,120,Neurologia,2023/003158,Rezydencki,85.99,3.97,21.02.2023 19:31:54,8,NIE,,
w-2023,9,28.04.2023,28.04.2023 12:30:19,4,64,Dolnośląskie,121,Neurologia,2023/002618,Rezydencki,84.06,3.88,18.02.2023 00:08:31,8,NIE,,
w-2023,9,28.04.2023,28.04.2023 12:30:19,4,64,Dolnośląskie,122,Neurologia,2023/002815,Rezydencki,83.09,4.07,27.02.2023 22:58:49,8,NIE,,
w-2023,9,28.04.2023,28.04.2023 12:30:19,4,64,Dolnośląskie,123,Neurologia,2023/004325,Rezydencki,82.35,3.22,26.02.2023 23:07:43,8,NIE,,
w-2023,9,28.04.2023,28.04.2023 12:30:19,4,64,Dolnośląskie,124,Neurologia,2023/003384,Rezydencki,79.41,0.00,08.03.2023 14:00:55,8,NIE,,
w-2023,9,28.04.2023,28.04.2023 12:30:19,4,64,Dolnośląskie,125,Neurologia,2023/001524,Rezydencki,72.46,3.13,21.02.2023 22:11:36,8,NIE,,
w-2023,9,28.04.2023,28.04.2023 12:30:19,4,64,Dolnośląskie,126,Neurologia,2023/001155,Pozarezydencki,67.43,4.30,15.02.2023 22:57:14,2,NIE,,
w-2023,9,28.04.2023,28.04.2023 12:30:19,4,64,Dolnośląskie,127,Neurologia,2023/002934,Pozarezydencki,59.09,0.00,12.03.2023 20:21:50,2,NIE,,
w-2023,9,28.04.2023,28.04.2023 12:30:19,4,64,Dolnośląskie,128,Okulistyka,2023/005147,Rezydencki,89.46,3.89,28.02.2023 20:45:44,1,NIE,,
w-2023,9,28.04.2023,28.04.2023 12:30:19,4,64,Dolnośląskie,129,Okulistyka,2023/004537,Pozarezydencki,82.73,3.66,27.02.2023 18:19:15,3,NIE,,
w-2023,9,28.04.2023,28.04.2023 12:30:19,4,64,Dolnośląskie,130,Okulistyka,2023/002879,Pozarezydencki,82.24,4.17,08.03.2023 18:52:51,3,NIE,,
w-2023,9,28.04.2023,28.04.2023 12:30:19,4,64,Dolnośląskie,131,Okulistyka,2023/005022,Pozarezydencki,82.24,3.80,13.03.2023 21:46:07,3,NIE,,
w-2023,9,28.04.2023,28.04.2023 12:30:19,4,64,Dolnośląskie,132,Onkologia i hematologia dziecięca,2023/003926,Pozarezydencki,75.45,3.47,12.03.2023 10:44:59,1,NIE,,
w-2023,9,28.04.2023,28.04.2023 12:30:19,4,64,Dolnośląskie,133,Ortodoncja,2023/002850,Rezydencki,86.60,4.73,19.02.2023 20:25:24,4,NIE,,
w-2023,9,28.04.2023,28.04.2023 12:30:19,4,64,Dolnośląskie,134,Ortodoncja,2023/001199,Rezydencki,86.60,4.23,12.02.2023 23:50:41,4,NIE,,
w-2023,9,28.04.2023,28.04.2023 12:30:19,4,64,Dolnośląskie,135,Ortodoncja,2023/000747,Rezydencki,86.47,3.95,03.02.2023 18:13:34,4,NIE,,
w-2023,9,28.04.2023,28.04.2023 12:30:19,4,64,Dolnośląskie,136,Ortodoncja,2023/003906,Rezydencki,86.19,3.96,21.03.2023 11:39:07,4,NIE,,
w-2023,9,28.04.2023,28.04.2023 12:30:19,4,64,Dolnośląskie,137,Ortodoncja,2023/000796,Pozarezydencki,81.82,3.89,28.02.2023 21:01:46,1,NIE,,
w-2023,9,28.04.2023,28.04.2023 12:30:19,4,64,Dolnośląskie,138,Ortopedia i traumatologia narządu ruchu,2023/003141,Rezydencki,86.19,4.30,23.02.2023 23:00:03,3,NIE,,
w-2023,9,28.04.2023,28.04.2023 12:30:19,4,64,Dolnośląskie,139,Ortopedia i traumatologia narządu ruchu,2023/003933,Rezydencki,82.13,0.00,25.02.2023 17:24:09,3,NIE,,
w-2023,9,28.04.2023,28.04.2023 12:30:19,4,64,Dolnośląskie,140,Ortopedia i traumatologia narządu ruchu,2023/002698,Rezydencki,81.64,3.71,27.02.2023 13:56:45,3,NIE,,
w-2023,9,28.04.2023,28.04.2023 12:30:19,4,64,Dolnośląskie,141,Ortopedia i traumatologia narządu ruchu,2023/003485,Pozarezydencki,64.65,3.40,23.02.2023 11:33:58,2,NIE,,
w-2023,9,28.04.2023,28.04.2023 12:30:19,4,64,Dolnośląskie,142,Ortopedia i traumatologia narządu ruchu,2023/000961,Pozarezydencki,58.06,3.40,01.02.2023 18:14:47,2,NIE,,
w-2023,9,28.04.2023,28.04.2023 12:30:19,4,64,Dolnośląskie,143,Otorynolaryngologia,2023/001233,Pozarezydencki,77.27,3.82,03.03.2023 23:13:51,1,NIE,,
w-2023,9,28.04.2023,28.04.2023 12:30:19,4,64,Dolnośląskie,144,Pediatria,2023/003135,Rezydencki,86.96,4.40,28.02.2023 22:16:06,15,NIE,,
w-2023,9,28.04.2023,28.04.2023 12:30:19,4,64,Dolnośląskie,145,Pediatria,2023/004093,Rezydencki,86.96,3.97,28.02.2023 18:54:21,15,NIE,,
w-2023,9,28.04.2023,28.04.2023 12:30:19,4,64,Dolnośląskie,146,Pediatria,2023/004601,Rezydencki,85.99,4.14,28.02.2023 16:34:01,15,NIE,,
w-2023,9,28.04.2023,28.04.2023 12:30:19,4,64,Dolnośląskie,147,Pediatria,2023/004053,Rezydencki,85.51,4.17,27.02.2023 01:16:45,15,NIE,,
w-2023,9,28.04.2023,28.04.2023 12:30:19,4,64,Dolnośląskie,148,Pediatria,2023/001543,Rezydencki,85.51,4.00,27.02.2023 19:21:15,15,NIE,,
w-2023,9,28.04.2023,28.04.2023 12:30:19,4,64,Dolnośląskie,149,Pediatria,2023/001464,Rezydencki,84.54,3.72,19.02.2023 21:57:17,15,NIE,,
w-2023,9,28.04.2023,28.04.2023 12:30:19,4,64,Dolnośląskie,150,Pediatria,2023/003118,Rezydencki,84.31,4.39,27.02.2023 17:18:43,15,NIE,,
w-2023,9,28.04.2023,28.04.2023 12:30:19,5,64,Dolnośląskie,151,Pediatria,2023/000939,Rezydencki,83.90,4.29,01.02.2023 17:05:53,15,NIE,,
w-2023,9,28.04.2023,28.04.2023 12:30:19,5,64,Dolnośląskie,152,Pediatria,2023/001190,Rezydencki,83.09,3.80,02.02.2023 21:30:46,15,NIE,,
w-2023,9,28.04.2023,28.04.2023 12:30:19,5,64,Dolnośląskie,153,Pediatria,2023/003816,Rezydencki,81.95,4.44,24.02.2023 20:22:50,15,NIE,,
w-2023,9,28.04.2023,28.04.2023 12:30:19,5,64,Dolnośląskie,154,Pediatria,2023/003155,Rezydencki,80.98,3.44,16.03.2023 16:36:28,15,NIE,,
w-2023,9,28.04.2023,28.04.2023 12:30:19,5,64,Dolnośląskie,155,Pediatria,2023/005130,Rezydencki,80.88,4.21,28.02.2023 21:46:00,15,NIE,,
w-2023,9,28.04.2023,28.04.2023 12:30:19,5,64,Dolnośląskie,156,Pediatria,2023/005231,Rezydencki,78.74,3.93,28.02.2023 22:04:32,15,NIE,,
w-2023,9,28.04.2023,28.04.2023 12:30:19,5,64,Dolnośląskie,157,Pediatria,2023/003114,Rezydencki,75.85,4.29,28.02.2023 20:34:50,15,NIE,,
w-2023,9,28.04.2023,28.04.2023 12:30:19,5,64,Dolnośląskie,158,Pediatria,2023/001966,Rezydencki,71.90,4.04,08.03.2023 21:05:12,15,NIE,,
w-2023,9,28.04.2023,28.04.2023 12:30:19,5,64,Dolnośląskie,159,Pediatria,2023/003558,Pozarezydencki,0.00,3.25,13.03.2023 19:04:37,1,NIE,,
w-2023,9,28.04.2023,28.04.2023 12:30:19,5,64,Dolnośląskie,160,Perinatologia,2023/001873,Pozarezydencki,76.59,0.00,28.02.2023 21:52:05,1,NIE,,
w-2023,9,28.04.2023,28.04.2023 12:30:19,5,64,Dolnośląskie,161,Periodontologia,2023/001296,Rezydencki,83.25,3.64,05.02.2023 13:39:49,1,NIE,,
w-2023,9,28.04.2023,28.04.2023 12:30:19,5,64,Dolnośląskie,162,Położnictwo i ginekologia,2023/004114,Rezydencki,88.41,3.94,28.02.2023 17:56:06,10,NIE,,
w-2023,9,28.04.2023,28.04.2023 12:30:19,5,64,Dolnośląskie,163,Położnictwo i ginekologia,2023/004428,Rezydencki,81.64,3.62,27.02.2023 14:30:17,10,NIE,,
w-2023,9,28.04.2023,28.04.2023 12:30:19,5,64,Dolnośląskie,164,Położnictwo i ginekologia,2023/004412,Rezydencki,81.13,2.91,27.02.2023 16:49:03,10,NIE,,
w-2023,9,28.04.2023,28.04.2023 12:30:19,5,64,Dolnośląskie,165,Położnictwo i ginekologia,2023/003321,Rezydencki,79.90,4.01,24.02.2023 17:53:40,10,NIE,,
w-2023,9,28.04.2023,28.04.2023 12:30:19,5,64,Dolnośląskie,166,Położnictwo i ginekologia,2023/003522,Rezydencki,78.68,3.29,26.02.2023 16:38:13,10,NIE,,
w-2023,9,28.04.2023,28.04.2023 12:30:19,5,64,Dolnośląskie,167,Położnictwo i ginekologia,2023/003747,Rezydencki,78.43,4.11,28.02.2023 22:00:16,10,NIE,,
w-2023,9,28.04.2023,28.04.2023 12:30:19,5,64,Dolnośląskie,168,Położnictwo i ginekologia,2023/004275,Rezydencki,74.76,4.04,26.02.2023 21:57:57,10,NIE,,
w-2023,9,28.04.2023,28.04.2023 12:30:19,5,64,Dolnośląskie,169,Położnictwo i ginekologia,2023/004409,Rezydencki,69.85,3.98,12.03.2023 20:33:25,10,NIE,,
w-2023,9,28.04.2023,28.04.2023 12:30:19,5,64,Dolnośląskie,170,Położnictwo i ginekologia,2023/002125,Rezydencki,64.08,4.35,14.02.2023 12:48:35,10,NIE,,
w-2023,9,28.04.2023,28.04.2023 12:30:19,5,64,Dolnośląskie,171,Położnictwo i ginekologia,2023/000852,Rezydencki,62.32,3.12,23.02.2023 12:00:05,10,NIE,,
w-2023,9,28.04.2023,28.04.2023 12:30:19,5,64,Dolnośląskie,172,Położnictwo i ginekologia,2023/002010,Pozarezydencki,81.11,3.76,06.03.2023 16:31:56,2,NIE,,
w-2023,9,28.04.2023,28.04.2023 12:30:19,5,64,Dolnośląskie,173,Położnictwo i ginekologia,2023/005371,Pozarezydencki,80.93,4.33,28.02.2023 23:56:19,2,NIE,,
w-2023,9,28.04.2023,28.04.2023 12:30:19,5,64,Dolnośląskie,174,Protetyka stomatologiczna,2023/001583,Rezydencki,82.78,3.54,15.03.2023 10:40:36,1,NIE,,
w-2023,9,28.04.2023,28.04.2023 12:30:19,5,64,Dolnośląskie,175,Psychiatria,2023/000953,Rezydencki,90.20,4.16,27.02.2023 10:04:48,15,NIE,,
w-2023,9,28.04.2023,28.04.2023 12:30:19,5,64,Dolnośląskie,176,Psychiatria,2023/001105,Rezydencki,88.73,3.00,27.02.2023 22:05:53,15,NIE,,
w-2023,9,28.04.2023,28.04.2023 12:30:19,5,64,Dolnośląskie,177,Psychiatria,2023/000815,Rezydencki,86.47,4.11,27.02.2023 15:47:38,15,NIE,,
w-2023,9,28.04.2023,28.04.2023 12:30:19,5,64,Dolnośląskie,178,Psychiatria,2023/000756,Rezydencki,86.34,4.18,01.02.2023 08:34:29,15,NIE,,
w-2023,9,28.04.2023,28.04.2023 12:30:19,5,64,Dolnośląskie,179,Psychiatria,2023/002456,Rezydencki,85.37,3.76,15.02.2023 13:16:01,15,NIE,,
w-2023,9,28.04.2023,28.04.2023 12:30:19,5,64,Dolnośląskie,180,Psychiatria,2023/005333,Rezydencki,85.05,4.13,10.03.2023 02:09:03,15,NIE,,
w-2023,9,28.04.2023,28.04.2023 12:30:19,5,64,Dolnośląskie,181,Psychiatria,2023/003675,Rezydencki,85.02,3.76,28.02.2023 23:15:11,15,NIE,,
w-2023,9,28.04.2023,28.04.2023 12:30:19,5,64,Dolnośląskie,182,Psychiatria,2023/002366,Rezydencki,84.54,3.38,22.02.2023 22:33:38,15,NIE,,
w-2023,9,28.04.2023,28.04.2023 12:30:19,5,64,Dolnośląskie,183,Psychiatria,2023/001735,Rezydencki,84.06,4.01,23.02.2023 21:27:31,15,NIE,,
w-2023,9,28.04.2023,28.04.2023 12:30:19,5,64,Dolnośląskie,184,Psychiatria,2023/001483,Rezydencki,83.90,3.76,24.02.2023 18:34:52,15,NIE,,
w-2023,9,28.04.2023,28.04.2023 12:30:19,5,64,Dolnośląskie,185,Psychiatria,2023/001725,Rezydencki,81.16,3.49,28.02.2023 17:16:32,15,NIE,,
w-2023,9,28.04.2023,28.04.2023 12:30:19,5,64,Dolnośląskie,186,Psychiatria,2023/001140,Rezydencki,80.68,5.00,16.03.2023 16:56:02,15,NIE,,
w-2023,9,28.04.2023,28.04.2023 12:30:19,5,64,Dolnośląskie,187,Psychiatria,2023/003009,Rezydencki,80.68,3.65,20.02.2023 21:05:21,15,NIE,,
w-2023,9,28.04.2023,28.04.2023 12:30:19,5,64,Dolnośląskie,188,Psychiatria,2023/005259,Rezydencki,80.48,3.06,28.02.2023 22:06:45,15,NIE,,
w-2023,9,28.04.2023,28.04.2023 12:30:19,6,64,Dolnośląskie,189,Psychiatria,2023/003735,Rezydencki,79.02,0.00,09.03.2023 10:52:02,15,NIE,,
w-2023,9,28.04.2023,28.04.2023 12:30:19,6,64,Dolnośląskie,190,Psychiatria,2023/004183,Pozarezydencki,85.05,3.93,09.03.2023 14:23:50,6,NIE,,
w-2023,9,28.04.2023,28.04.2023 12:30:19,6,64,Dolnośląskie,191,Psychiatria,2023/004955,Pozarezydencki,72.81,3.41,14.03.2023 08:49:05,6,NIE,,
w-2023,9,28.04.2023,28.04.2023 12:30:19,6,64,Dolnośląskie,192,Psychiatria,2023/004589,Pozarezydencki,70.56,3.34,28.02.2023 18:40:49,6,NIE,,
w-2023,9,28.04.2023,28.04.2023 12:30:19,6,64,Dolnośląskie,193,Psychiatria,2023/001257,Pozarezydencki,69.77,3.50,23.02.2023 11:04:47,6,NIE,,
w-2023,9,28.04.2023,28.04.2023 12:30:19,6,64,Dolnośląskie,194,Psychiatria,2023/002604,Pozarezydencki,69.30,3.91,27.02.2023 23:26:28,6,NIE,,
w-2023,9,28.04.2023,28.04.2023 12:30:19,6,64,Dolnośląskie,195,Psychiatria,2023/004776,Pozarezydencki,60.93,3.72,28.02.2023 09:15:30,6,NIE,,
w-2023,9,28.04.2023,28.04.2023 12:30:19,6,64,Dolnośląskie,196,Psychiatria dzieci i młodzieży,2023/004660,Rezydencki,85.61,3.49,28.02.2023 14:23:44,5,NIE,,
w-2023,9,28.04.2023,28.04.2023 12:30:19,6,64,Dolnośląskie,197,Psychiatria dzieci i młodzieży,2023/002830,Rezydencki,83.09,3.73,27.02.2023 18:22:47,5,NIE,,
w-2023,9,28.04.2023,28.04.2023 12:30:19,6,64,Dolnośląskie,198,Psychiatria dzieci i młodzieży,2023/001599,Rezydencki,78.43,0.00,09.03.2023 08:36:21,5,NIE,,
w-2023,9,28.04.2023,28.04.2023 12:30:19,6,64,Dolnośląskie,199,Psychiatria dzieci i młodzieży,2023/000812,Rezydencki,77.29,3.51,06.02.2023 12:10:05,5,NIE,,
w-2023,9,28.04.2023,28.04.2023 12:30:19,6,64,Dolnośląskie,200,Psychiatria dzieci i młodzieży,2023/004335,Rezydencki,76.96,3.49,26.02.2023 23:43:46,5,NIE,,
w-2023,9,28.04.2023,28.04.2023 12:30:19,6,64,Dolnośląskie,201,Radiologia i diagnostyka obrazowa,2023/002210,Rezydencki,89.37,3.96,20.02.2023 20:50:44,7,NIE,,
w-2023,9,28.04.2023,28.04.2023 12:30:19,6,64,Dolnośląskie,202,Radiologia i diagnostyka obrazowa,2023/004155,Rezydencki,88.97,4.37,27.02.2023 15:48:10,7,NIE,,
w-2023,9,28.04.2023,28.04.2023 12:30:19,6,64,Dolnośląskie,203,Radiologia i diagnostyka obrazowa,2023/003662,Rezydencki,88.48,4.50,28.02.2023 19:03:14,7,NIE,,
w-2023,9,28.04.2023,28.04.2023 12:30:19,6,64,Dolnośląskie,204,Radiologia i diagnostyka obrazowa,2023/000760,Rezydencki,88.41,4.56,28.02.2023 21:55:06,7,NIE,,
w-2023,9,28.04.2023,28.04.2023 12:30:19,6,64,Dolnośląskie,205,Radiologia i diagnostyka obrazowa,2023/000888,Rezydencki,88.41,4.31,09.02.2023 12:17:05,7,NIE,,
w-2023,9,28.04.2023,28.04.2023 12:30:19,6,64,Dolnośląskie,206,Radiologia i diagnostyka obrazowa,2023/001405,Rezydencki,88.41,4.14,04.02.2023 22:42:32,7,NIE,,
w-2023,9,28.04.2023,28.04.2023 12:30:19,6,64,Dolnośląskie,207,Radiologia i diagnostyka obrazowa,2023/004661,Rezydencki,88.16,3.82,16.03.2023 22:40:35,7,NIE,,
w-2023,9,28.04.2023,28.04.2023 12:30:19,6,64,Dolnośląskie,208,Rehabilitacja medyczna,2023/003858,Rezydencki,89.22,3.95,26.02.2023 11:10:59,1,NIE,,
w-2023,9,28.04.2023,28.04.2023 12:30:19,6,64,Dolnośląskie,209,Reumatologia,2023/003449,Rezydencki,91.18,4.74,28.02.2023 23:59:38,1,NIE,,
w-2023,9,28.04.2023,28.04.2023 12:30:19,6,64,Dolnośląskie,210,Reumatologia,2023/002908,Pozarezydencki,84.33,4.22,25.02.2023 12:40:15,3,NIE,,
w-2023,9,28.04.2023,28.04.2023 12:30:19,6,64,Dolnośląskie,211,Reumatologia,2023/000922,Pozarezydencki,81.78,3.64,07.03.2023 16:57:23,3,NIE,,
w-2023,9,28.04.2023,28.04.2023 12:30:19,6,64,Dolnośląskie,212,Reumatologia,2023/002601,Pozarezydencki,71.82,3.41,07.03.2023 18:42:46,3,NIE,,
w-2023,9,28.04.2023,28.04.2023 12:30:19,6,64,Dolnośląskie,213,Stomatologia dziecięca,2023/002228,Rezydencki,86.71,4.47,13.02.2023 12:16:47,3,NIE,,
w-2023,9,28.04.2023,28.04.2023 12:30:19,6,64,Dolnośląskie,214,Stomatologia dziecięca,2023/002972,Rezydencki,84.21,3.95,26.02.2023 21:13:53,3,NIE,,
w-2023,9,28.04.2023,28.04.2023 12:30:19,6,64,Dolnośląskie,215,Stomatologia dziecięca,2023/003380,Rezydencki,83.65,4.07,22.02.2023 21:40:56,3,NIE,,
w-2023,9,28.04.2023,28.04.2023 12:30:19,6,64,Dolnośląskie,216,Stomatologia zachowawcza z endodoncją,2023/003084,Rezydencki,84.69,4.50,09.03.2023 14:51:20,2,NIE,,
w-2023,9,28.04.2023,28.04.2023 12:30:19,6,64,Dolnośląskie,217,Stomatologia zachowawcza z endodoncją,2023/003513,Rezydencki,78.95,4.15,27.02.2023 23:49:30,2,NIE,,
w-2023,9,28.04.2023,28.04.2023 12:30:19,6,64,Dolnośląskie,218,Transplantologia kliniczna,2023/001230,Pozarezydencki,81.36,3.61,28.02.2023 17:32:14,2,NIE,,
w-2023,9,28.04.2023,28.04.2023 12:30:19,6,64,Dolnośląskie,219,Transplantologia kliniczna,2023/001820,Pozarezydencki,66.59,3.05,20.02.2023 12:17:17,2,NIE,,
w-2023,9,28.04.2023,28.04.2023 12:30:19,6,64,Dolnośląskie,220,Urologia,2023/003889,Rezydencki,89.95,4.40,27.02.2023 10:58:13,2,NIE,,
w-2023,9,28.04.2023,28.04.2023 12:30:19,6,64,Dolnośląskie,221,Urologia,2023/001532,Rezydencki,88.24,3.96,28.02.2023 23:16:28,2,NIE,,
w-2023,9,28.04.2023,28.04.2023 12:30:19,7,64,Dolnośląskie,1,Kardiologia,2023/002008,Rezydencki,88.16,3.89,21.02.2023 10:32:30,1,TAK,Uniwersytecki Szpital Kliniczny im. Jana Mikulicza-Radeckiego we Wrocławiu,"Instytut Chorób Serca, Oddział Kliniczny Kardiologii"
w-2023,9,28.04.2023,28.04.2023 12:30:19,7,64,Dolnośląskie,1,Okulistyka,2023/001286,Rezydencki,67.39,4.36,16.02.2023 14:53:22,1,TAK,Uniwersytecki Szpital Kliniczny im. Jana Mikulicza-Radeckiego we Wrocławiu<list>Klinika Okulistyki</list>,Klinika Okulistyki
w-2023,9,28.04.2023,28.04.2023 12:30:19,7,64,Kujawsko-pomorskie,1,Alergologia,2023/001343,Pozarezydencki,74.77,4.28,12.03.2023 11:01:42,2,NIE,,
w-2023,9,28.04.2023,28.04.2023 12:30:19,7,64,Kujawsko-pomorskie,2,Alergologia,2023/004330,Pozarezydencki,58.49,3.01,21.03.2023 23:59:35,2,NIE,,
w-2023,9,28.04.2023,28.04.2023 12:30:19,7,64,Kujawsko-pomorskie,3,Anestezjologia i intensywna terapia,2023/000864,Rezydencki,89.37,4.37,02.02.2023 21:08:47,4,NIE,,
w-2023,9,28.04.2023,28.04.2023 12:30:19,7,64,Kujawsko-pomorskie,4,Anestezjologia i intensywna terapia,2023/002055,Rezydencki,88.89,4.05,19.02.2023 15:19:30,4,NIE,,
w-2023,9,28.04.2023,28.04.2023 12:30:19,7,64,Kujawsko-pomorskie,5,Anestezjologia i intensywna terapia,2023/004596,Rezydencki,82.84,3.64,27.02.2023 20:56:38,4,NIE,,
w-2023,9,28.04.2023,28.04.2023 12:30:19,7,64,Kujawsko-pomorskie,6,Anestezjologia i intensywna terapia,2023/004508,Rezydencki,80.39,3.16,27.02.2023 16:37:03,4,NIE,,
w-2023,9,28.04.2023,28.04.2023 12:30:19,7,64,Kujawsko-pomorskie,7,Anestezjologia i intensywna terapia,2023/001778,Pozarezydencki,72.17,3.68,08.03.2023 23:52:02,1,NIE,,
w-2023,9,28.04.2023,28.04.2023 12:30:19,7,64,Kujawsko-pomorskie,8,Angiologia,2023/002509,Pozarezydencki,80.00,3.41,23.03.2023 14:19:11,2,NIE,,
w-2023,9,28.04.2023,28.04.2023 12:30:19,7,64,Kujawsko-pomorskie,9,Angiologia,2023/003480,Pozarezydencki,77.10,3.82,23.02.2023 12:36:10,2,NIE,,
w-2023,9,28.04.2023,28.04.2023 12:30:19,7,64,Kujawsko-pomorskie,10,Balneologia i medycyna fizykalna,2023/001733,Pozarezydencki,84.55,3.74,26.02.2023 21:58:18,4,NIE,,
w-2023,9,28.04.2023,28.04.2023 12:30:19,7,64,Kujawsko-pomorskie,11,Balneologia i medycyna fizykalna,2023/004962,Pozarezydencki,74.00,0.00,18.03.2023 09:32:42,4,NIE,,
w-2023,9,28.04.2023,28.04.2023 12:30:19,7,64,Kujawsko-pomorskie,12,Balneologia i medycyna fizykalna,2023/004389,Pozarezydencki,70.91,3.22,10.03.2023 11:03:07,4,NIE,,
w-2023,9,28.04.2023,28.04.2023 12:30:19,7,64,Kujawsko-pomorskie,13,Balneologia i medycyna fizykalna,2023/002622,Pozarezydencki,64.81,3.72,22.02.2023 12:54:39,4,NIE,,
w-2023,9,28.04.2023,28.04.2023 12:30:19,7,64,Kujawsko-pomorskie,14,Chirurgia dziecięca,2023/002444,Rezydencki,66.83,2.88,28.02.2023 13:36:54,1,NIE,,
w-2023,9,28.04.2023,28.04.2023 12:30:19,7,64,Kujawsko-pomorskie,15,Chirurgia ogólna,2023/002911,Rezydencki,63.90,3.64,25.02.2023 13:50:29,1,NIE,,
w-2023,9,28.04.2023,28.04.2023 12:30:19,7,64,Kujawsko-pomorskie,16,Chirurgia onkologiczna,2023/001605,Pozarezydencki,76.15,4.09,13.03.2023 19:15:19,1,NIE,,
w-2023,9,28.04.2023,28.04.2023 12:30:19,7,64,Kujawsko-pomorskie,17,Chirurgia plastyczna,2023/001878,Rezydencki,91.67,4.23,28.02.2023 13:46:41,1,NIE,,
w-2023,9,28.04.2023,28.04.2023 12:30:19,7,64,Kujawsko-pomorskie,18,Choroby płuc,2023/005361,Rezydencki,85.02,3.65,08.03.2023 15:09:45,1,NIE,,
w-2023,9,28.04.2023,28.04.2023 12:30:19,7,64,Kujawsko-pomorskie,19,Choroby płuc,2023/003367,Pozarezydencki,65.14,4.22,15.03.2023 21:33:11,2,NIE,,
w-2023,9,28.04.2023,28.04.2023 12:30:19,7,64,Kujawsko-pomorskie,20,Choroby płuc,2023/002493,Pozarezydencki,57.34,3.41,10.03.2023 11:18:42,2,NIE,,
w-2023,9,28.04.2023,28.04.2023 12:30:19,7,64,Kujawsko-pomorskie,21,Choroby wewnętrzne,2023/000775,Rezydencki,83.90,4.24,16.02.2023 18:30:15,2,NIE,,
w-2023,9,28.04.2023,28.04.2023 12:30:19,7,64,Kujawsko-pomorskie,22,Choroby wewnętrzne,2023/003989,Rezydencki,77.78,3.90,28.02.2023 22:59:16,2,NIE,,
w-2023,9,28.04.2023,28.04.2023 12:30:19,7,64,Kujawsko-pomorskie,23,Choroby wewnętrzne,2023/003205,Pozarezydencki,55.96,3.36,16.03.2023 23:24:51,1,NIE,,
w-2023,9,28.04.2023,28.04.2023 12:30:19,7,64,Kujawsko-pomorskie,24,Diabetologia,2023/001134,Rezydencki,88.24,4.12,07.03.2023 19:56:36,1,NIE,,
w-2023,9,28.04.2023,28.04.2023 12:30:19,7,64,Kujawsko-pomorskie,25,Diabetologia,2023/002351,Pozarezydencki,80.00,4.52,09.03.2023 20:36:44,2,NIE,,
w-2023,9,28.04.2023,28.04.2023 12:30:19,7,64,Kujawsko-pomorskie,26,Diabetologia,2023/001879,Pozarezydencki,67.13,3.36,16.03.2023 08:35:01,2,NIE,,
w-2023,9,28.04.2023,28.04.2023 12:30:19,7,64,Kujawsko-pomorskie,27,Endokrynologia ginekologiczna i rozrodczość,2023/003303,Pozarezydencki,87.95,4.09,11.03.2023 21:40:12,1,NIE,,
w-2023,9,28.04.2023,28.04.2023 12:30:19,7,64,Kujawsko-pomorskie,28,Geriatria,2023/002155,Pozarezydencki,74.00,3.89,10.03.2023 13:28:12,1,NIE,,
w-2023,9,28.04.2023,28.04.2023 12:30:19,8,64,Kujawsko-pomorskie,29,Ginekologia onkologiczna,2023/001643,Pozarezydencki,75.45,4.29,17.03.2023 20:54:53,1,NIE,,
w-2023,9,28.04.2023,28.04.2023 12:30:19,8,64,Kujawsko-pomorskie,30,Kardiologia,2023/003561,Rezydencki,86.27,4.45,08.03.2023 11:35:10,10,NIE,,
w-2023,9,28.04.2023,28.04.2023 12:30:19,8,64,Kujawsko-pomorskie,31,Kardiologia,2023/000980,Rezydencki,84.80,4.05,07.03.2023 13:18:36,10,NIE,,
w-2023,9,28.04.2023,28.04.2023 12:30:19,8,64,Kujawsko-pomorskie,32,Kardiologia,2023/003567,Rezydencki,84.31,3.21,24.02.2023 22:29:02,10,NIE,,
w-2023,9,28.04.2023,28.04.2023 12:30:19,8,64,Kujawsko-pomorskie,33,Kardiologia,2023/002294,Rezydencki,83.81,3.60,10.03.2023 17:00:49,10,NIE,,
w-2023,9,28.04.2023,28.04.2023 12:30:19,8,64,Kujawsko-pomorskie,34,Kardiologia,2023/001385,Rezydencki,82.61,3.17,22.02.2023 17:56:05,10,NIE,,
w-2023,9,28.04.2023,28.04.2023 12:30:19,8,64,Kujawsko-pomorskie,35,Kardiologia,2023/002607,Rezydencki,81.90,3.58,10.03.2023 11:58:21,10,NIE,,
w-2023,9,28.04.2023,28.04.2023 12:30:19,8,64,Kujawsko-pomorskie,36,Kardiologia,2023/004403,Rezydencki,81.62,4.56,27.02.2023 10:48:11,10,NIE,,
w-2023,9,28.04.2023,28.04.2023 12:30:19,8,64,Kujawsko-pomorskie,37,Kardiologia,2023/004621,Rezydencki,80.48,3.31,27.02.2023 20:34:43,10,NIE,,
w-2023,9,28.04.2023,28.04.2023 12:30:19,8,64,Kujawsko-pomorskie,38,Kardiologia,2023/003660,Rezydencki,80.19,3.94,22.03.2023 10:48:06,10,NIE,,
w-2023,9,28.04.2023,28.04.2023 12:30:19,8,64,Kujawsko-pomorskie,39,Kardiologia,2023/001167,Rezydencki,78.54,4.29,05.02.2023 10:26:33,10,NIE,,
w-2023,9,28.04.2023,28.04.2023 12:30:19,8,64,Kujawsko-pomorskie,40,Kardiologia,2023/003857,Pozarezydencki,84.55,3.87,08.03.2023 21:58:05,1,NIE,,
w-2023,9,28.04.2023,28.04.2023 12:30:19,8,64,Kujawsko-pomorskie,41,Medycyna paliatywna,2023/000790,Pozarezydencki,75.00,3.33,14.03.2023 14:22:02,3,NIE,,
w-2023,9,28.04.2023,28.04.2023 12:30:19,8,64,Kujawsko-pomorskie,42,Medycyna paliatywna,2023/003552,Pozarezydencki,70.91,3.87,31.03.2023 09:26:52,3,NIE,,
w-2023,9,28.04.2023,28.04.2023 12:30:19,8,64,Kujawsko-pomorskie,43,Medycyna paliatywna,2023/004905,Pozarezydencki,70.91,0.00,09.03.2023 20:33:24,3,NIE,,
w-2023,9,28.04.2023,28.04.2023 12:30:19,8,64,Kujawsko-pomorskie,44,Medycyna pracy,2023/002124,Rezydencki,53.62,0.00,27.03.2023 06:13:49,1,NIE,,
w-2023,9,28.04.2023,28.04.2023 12:30:19,8,64,Kujawsko-pomorskie,45,Medycyna pracy,2023/000836,Pozarezydencki,80.00,0.00,06.03.2023 13:37:38,5,NIE,,
w-2023,9,28.04.2023,28.04.2023 12:30:19,8,64,Kujawsko-pomorskie,46,Medycyna pracy,2023/001322,Pozarezydencki,74.77,3.73,08.03.2023 21:59:17,5,NIE,,
w-2023,9,28.04.2023,28.04.2023 12:30:19,8,64,Kujawsko-pomorskie,47,Medycyna pracy,2023/003640,Pozarezydencki,68.69,3.39,21.03.2023 21:35:58,5,NIE,,
w-2023,9,28.04.2023,28.04.2023 12:30:19,8,64,Kujawsko-pomorskie,48,Medycyna pracy,2023/004958,Pozarezydencki,63.64,0.00,28.02.2023 23:04:03,5,NIE,,
w-2023,9,28.04.2023,28.04.2023 12:30:19,8,64,Kujawsko-pomorskie,49,Medycyna pracy,2023/001938,Pozarezydencki,61.82,0.00,09.02.2023 19:29:05,5,NIE,,
w-2023,9,28.04.2023,28.04.2023 12:30:19,8,64,Kujawsko-pomorskie,50,Medycyna rodzinna,2023/004496,Rezydencki,87.44,4.71,28.02.2023 21:57:01,8,NIE,,
w-2023,9,28.04.2023,28.04.2023 12:30:19,8,64,Kujawsko-pomorskie,51,Medycyna rodzinna,2023/003438,Rezydencki,86.76,3.80,10.03.2023 08:43:31,8,NIE,,
w-2023,9,28.04.2023,28.04.2023 12:30:19,8,64,Kujawsko-pomorskie,52,Medycyna rodzinna,2023/004694,Rezydencki,83.90,3.78,28.02.2023 19:12:14,8,NIE,,
w-2023,9,28.04.2023,28.04.2023 12:30:19,8,64,Kujawsko-pomorskie,53,Medycyna rodzinna,2023/003648,Rezydencki,82.93,3.50,27.02.2023 22:12:21,8,NIE,,
w-2023,9,28.04.2023,28.04.2023 12:30:19,8,64,Kujawsko-pomorskie,54,Medycyna rodzinna,2023/005019,Rezydencki,81.37,4.63,07.03.2023 12:00:43,8,NIE,,
w-2023,9,28.04.2023,28.04.2023 12:30:19,8,64,Kujawsko-pomorskie,55,Medycyna rodzinna,2023/002746,Rezydencki,70.10,3.68,10.03.2023 10:18:10,8,NIE,,
w-2023,9,28.04.2023,28.04.2023 12:30:19,8,64,Kujawsko-pomorskie,56,Medycyna rodzinna,2023/001889,Rezydencki,62.32,0.00,25.03.2023 14:09:14,8,NIE,,
w-2023,9,28.04.2023,28.04.2023 12:30:19,8,64,Kujawsko-pomorskie,57,Medycyna rodzinna,2023/004351,Rezydencki,60.78,2.95,12.03.2023 23:36:08,8,NIE,,
w-2023,9,28.04.2023,28.04.2023 12:30:19,8,64,Kujawsko-pomorskie,58,Medycyna rodzinna,2023/001744,Pozarezydencki,69.59,3.79,14.03.2023 22:01:38,3,NIE,,
w-2023,9,28.04.2023,28.04.2023 12:30:19,8,64,Kujawsko-pomorskie,59,Medycyna rodzinna,2023/003775,Pozarezydencki,66.36,3.40,27.02.2023 23:47:20,3,NIE,,
w-2023,9,28.04.2023,28.04.2023 12:30:19,8,64,Kujawsko-pomorskie,60,Medycyna rodzinna,2023/004560,Pozarezydencki,66.13,2.73,07.03.2023 14:13:16,3,NIE,,
w-2023,9,28.04.2023,28.04.2023 12:30:19,8,64,Kujawsko-pomorskie,61,Neurochirurgia,2023/004180,Rezydencki,82.61,3.62,26.02.2023 22:03:57,1,NIE,,
w-2023,9,28.04.2023,28.04.2023 12:30:19,8,64,Kujawsko-pomorskie,62,Neurologia,2023/002780,Rezydencki,81.46,3.85,20.02.2023 20:35:28,3,NIE,,
w-2023,9,28.04.2023,28.04.2023 12:30:19,8,64,Kujawsko-pomorskie,63,Neurologia,2023/003080,Rezydencki,80.00,3.76,21.03.2023 22:21:03,3,NIE,,
w-2023,9,28.04.2023,28.04.2023 12:30:19,8,64,Kujawsko-pomorskie,64,Neurologia,2023/003939,Rezydencki,77.45,3.77,25.02.2023 18:29:55,3,NIE,,
w-2023,9,28.04.2023,28.04.2023 12:30:19,8,64,Kujawsko-pomorskie,65,Okulistyka,2023/002758,Rezydencki,87.44,4.32,28.02.2023 21:57:24,1,NIE,,
w-2023,9,28.04.2023,28.04.2023 12:30:19,8,64,Kujawsko-pomorskie,66,Okulistyka,2023/004196,Pozarezydencki,82.03,3.93,20.03.2023 12:53:13,2,NIE,,
w-2023,9,28.04.2023,28.04.2023 12:30:19,9,64,Kujawsko-pomorskie,67,Okulistyka,2023/000783,Pozarezydencki,81.54,3.76,03.03.2023 16:32:11,2,NIE,,
w-2023,9,28.04.2023,28.04.2023 12:30:19,9,64,Kujawsko-pomorskie,68,Onkologia i hematologia dziecięca,2023/001106,Pozarezydencki,84.11,4.14,06.03.2023 19:04:58,2,NIE,,
w-2023,9,28.04.2023,28.04.2023 12:30:19,9,64,Kujawsko-pomorskie,69,Onkologia i hematologia dziecięca,2023/000871,Pozarezydencki,72.73,3.83,08.03.2023 12:11:04,2,NIE,,
w-2023,9,28.04.2023,28.04.2023 12:30:19,9,64,Kujawsko-pomorskie,70,Ortopedia i traumatologia narządu ruchu,2023/002174,Rezydencki,84.54,4.03,12.02.2023 20:08:52,3,NIE,,
w-2023,9,28.04.2023,28.04.2023 12:30:19,9,64,Kujawsko-pomorskie,71,Ortopedia i traumatologia narządu ruchu,2023/001960,Rezydencki,84.54,3.67,08.03.2023 08:48:06,3,NIE,,
w-2023,9,28.04.2023,28.04.2023 12:30:19,9,64,Kujawsko-pomorskie,72,Ortopedia i traumatologia narządu ruchu,2023/001962,Rezydencki,84.54,3.48,11.03.2023 18:23:17,3,NIE,,
w-2023,9,28.04.2023,28.04.2023 12:30:19,9,64,Kujawsko-pomorskie,73,Ortopedia i traumatologia narządu ruchu,2023/004591,Pozarezydencki,78.04,3.65,28.02.2023 20:52:49,1,NIE,,
w-2023,9,28.04.2023,28.04.2023 12:30:19,9,64,Kujawsko-pomorskie,74,Otorynolaryngologia,2023/004666,Rezydencki,86.47,4.00,06.03.2023 13:27:54,1,NIE,,
w-2023,9,28.04.2023,28.04.2023 12:30:19,9,64,Kujawsko-pomorskie,75,Patomorfologia,2023/004437,Rezydencki,84.06,4.03,06.03.2023 13:10:53,2,NIE,,
w-2023,9,28.04.2023,28.04.2023 12:30:19,9,64,Kujawsko-pomorskie,76,Patomorfologia,2023/004083,Rezydencki,72.55,4.07,09.03.2023 14:00:30,2,NIE,,
w-2023,9,28.04.2023,28.04.2023 12:30:19,9,64,Kujawsko-pomorskie,77,Pediatria,2023/001216,Rezydencki,88.41,4.23,07.03.2023 12:04:30,5,NIE,,
w-2023,9,28.04.2023,28.04.2023 12:30:19,9,64,Kujawsko-pomorskie,78,Pediatria,2023/003405,Rezydencki,87.99,3.92,28.02.2023 18:33:56,5,NIE,,
w-2023,9,28.04.2023,28.04.2023 12:30:19,9,64,Kujawsko-pomorskie,79,Pediatria,2023/003557,Rezydencki,83.57,4.81,23.02.2023 16:52:23,5,NIE,,
w-2023,9,28.04.2023,28.04.2023 12:30:19,9,64,Kujawsko-pomorskie,80,Pediatria,2023/005066,Rezydencki,81.86,4.04,28.02.2023 17:45:39,5,NIE,,
w-2023,9,28.04.2023,28.04.2023 12:30:19,9,64,Kujawsko-pomorskie,81,Pediatria,2023/003335,Rezydencki,81.64,3.34,24.02.2023 15:52:22,5,NIE,,
w-2023,9,28.04.2023,28.04.2023 12:30:19,9,64,Kujawsko-pomorskie,82,Perinatologia,2023/003400,Pozarezydencki,76.36,0.00,22.02.2023 22:47:00,1,NIE,,
w-2023,9,28.04.2023,28.04.2023 12:30:19,9,64,Kujawsko-pomorskie,83,Położnictwo i ginekologia,2023/002172,Rezydencki,82.84,3.68,28.02.2023 20:39:54,3,NIE,,
w-2023,9,28.04.2023,28.04.2023 12:30:19,9,64,Kujawsko-pomorskie,84,Położnictwo i ginekologia,2023/003410,Rezydencki,80.88,3.55,28.02.2023 23:28:45,3,NIE,,
w-2023,9,28.04.2023,28.04.2023 12:30:19,9,64,Kujawsko-pomorskie,85,Położnictwo i ginekologia,2023/003474,Rezydencki,69.08,4.46,06.03.2023 22:41:16,3,NIE,,
w-2023,9,28.04.2023,28.04.2023 12:30:19,9,64,Kujawsko-pomorskie,86,Protetyka stomatologiczna,2023/001998,Pozarezydencki,75.45,3.78,22.03.2023 09:05:52,1,NIE,,
w-2023,9,28.04.2023,28.04.2023 12:30:19,9,64,Kujawsko-pomorskie,87,Psychiatria,2023/002993,Rezydencki,88.73,0.00,30.03.2023 09:52:17,7,NIE,,
w-2023,9,28.04.2023,28.04.2023 12:30:19,9,64,Kujawsko-pomorskie,88,Psychiatria,2023/004045,Rezydencki,85.78,0.00,27.02.2023 12:51:04,7,NIE,,
w-2023,9,28.04.2023,28.04.2023 12:30:19,9,64,Kujawsko-pomorskie,89,Psychiatria,2023/004021,Rezydencki,82.61,3.70,06.03.2023 10:44:31,7,NIE,,
w-2023,9,28.04.2023,28.04.2023 12:30:19,9,64,Kujawsko-pomorskie,90,Psychiatria,2023/004817,Rezydencki,82.61,3.53,28.02.2023 23:40:22,7,NIE,,
w-2023,9,28.04.2023,28.04.2023 12:30:19,9,64,Kujawsko-pomorskie,91,Psychiatria,2023/003022,Rezydencki,81.86,3.49,08.03.2023 19:49:10,7,NIE,,
w-2023,9,28.04.2023,28.04.2023 12:30:19,9,64,Kujawsko-pomorskie,92,Psychiatria,2023/001382,Rezydencki,75.36,3.63,25.02.2023 18:34:57,7,NIE,,
w-2023,9,28.04.2023,28.04.2023 12:30:19,9,64,Kujawsko-pomorskie,93,Psychiatria,2023/001683,Rezydencki,74.15,3.54,27.02.2023 14:49:00,7,NIE,,
w-2023,9,28.04.2023,28.04.2023 12:30:19,9,64,Kujawsko-pomorskie,94,Psychiatria,2023/004008,Pozarezydencki,63.76,3.95,15.03.2023 13:15:08,1,NIE,,
w-2023,9,28.04.2023,28.04.2023 12:30:19,9,64,Kujawsko-pomorskie,95,Psychiatria dzieci i młodzieży,2023/005045,Rezydencki,61.35,3.22,15.03.2023 12:31:47,1,NIE,,
w-2023,9,28.04.2023,28.04.2023 12:30:19,9,64,Kujawsko-pomorskie,96,Psychiatria dzieci i młodzieży,2023/002609,Pozarezydencki,84.55,4.15,28.02.2023 19:10:14,1,NIE,,
w-2023,9,28.04.2023,28.04.2023 12:30:19,9,64,Kujawsko-pomorskie,97,Radiologia i diagnostyka obrazowa,2023/004112,Rezydencki,88.89,3.70,27.02.2023 22:28:20,4,NIE,,
w-2023,9,28.04.2023,28.04.2023 12:30:19,9,64,Kujawsko-pomorskie,98,Radiologia i diagnostyka obrazowa,2023/002215,Rezydencki,88.41,4.19,22.02.2023 16:45:52,4,NIE,,
w-2023,9,28.04.2023,28.04.2023 12:30:19,9,64,Kujawsko-pomorskie,99,Radiologia i diagnostyka obrazowa,2023/001734,Rezydencki,87.75,4.05,20.03.2023 20:53:40,4,NIE,,
w-2023,9,28.04.2023,28.04.2023 12:30:19,9,64,Kujawsko-pomorskie,100,Radiologia i diagnostyka obrazowa,2023/001342,Rezydencki,87.44,4.00,04.02.2023 14:12:26,4,NIE,,
w-2023,9,28.04.2023,28.04.2023 12:30:19,9,64,Kujawsko-pomorskie,101,Radiologia i diagnostyka obrazowa,2023/003641,Pozarezydencki,85.28,4.23,08.03.2023 17:39:41,2,NIE,,
w-2023,9,28.04.2023,28.04.2023 12:30:19,9,64,Kujawsko-pomorskie,102,Radiologia i diagnostyka obrazowa,2023/004308,Pozarezydencki,83.18,3.57,21.03.2023 19:14:28,2,NIE,,
w-2023,9,28.04.2023,28.04.2023 12:30:19,9,64,Kujawsko-pomorskie,103,Reumatologia,2023/000968,Rezydencki,87.25,4.62,26.02.2023 21:11:40,1,NIE,,
w-2023,9,28.04.2023,28.04.2023 12:30:19,9,64,Kujawsko-pomorskie,104,Seksuologia,2023/003043,Pozarezydencki,57.27,2.89,21.03.2023 14:31:05,1,NIE,,
w-2023,9,28.04.2023,28.04.2023 12:30:19,10,64,Kujawsko-pomorskie,105,Stomatologia zachowawcza z endodoncją,2023/001209,Rezydencki,77.51,3.80,14.03.2023 11:35:51,1,NIE,,
w-2023,9,28.04.2023,28.04.2023 12:30:19,10,64,Kujawsko-pomorskie,106,Transplantologia kliniczna,2023/003230,Pozarezydencki,80.00,4.18,21.03.2023 13:00:15,1,NIE,,
w-2023,9,28.04.2023,28.04.2023 12:30:19,10,64,Kujawsko-pomorskie,107,Urologia,2023/000832,Rezydencki,85.51,4.31,06.03.2023 18:59:04,2,NIE,,
w-2023,9,28.04.2023,28.04.2023 12:30:19,10,64,Kujawsko-pomorskie,108,Urologia,2023/004227,Rezydencki,85.29,3.31,27.02.2023 21:11:58,2,NIE,,
w-2023,9,28.04.2023,28.04.2023 12:30:19,10,64,Lubelskie,1,Alergologia,2023/003280,Rezydencki,87.25,3.63,27.02.2023 21:02:06,1,NIE,,
w-2023,9,28.04.2023,28.04.2023 12:30:19,10,64,Lubelskie,2,Alergologia,2023/004418,Pozarezydencki,80.00,3.60,27.02.2023 11:16:43,1,NIE,,
w-2023,9,28.04.2023,28.04.2023 12:30:19,10,64,Lubelskie,3,Anestezjologia i intensywna terapia,2023/002302,Rezydencki,88.89,4.11,16.02.2023 13:26:20,4,NIE,,
w-2023,9,28.04.2023,28.04.2023 12:30:19,10,64,Lubelskie,4,Anestezjologia i intensywna terapia,2023/003492,Rezydencki,88.73,4.18,02.03.2023 10:06:36,4,NIE,,
w-2023,9,28.04.2023,28.04.2023 12:30:19,10,64,Lubelskie,5,Anestezjologia i intensywna terapia,2023/001804,Rezydencki,81.64,3.97,26.02.2023 21:33:38,4,NIE,,
w-2023,9,28.04.2023,28.04.2023 12:30:19,10,64,Lubelskie,6,Anestezjologia i intensywna terapia,2023/004960,Rezydencki,72.06,4.28,02.03.2023 16:42:18,4,NIE,,
w-2023,9,28.04.2023,28.04.2023 12:30:19,10,64,Lubelskie,7,Anestezjologia i intensywna terapia,2023/003037,Pozarezydencki,83.41,3.81,04.03.2023 10:46:46,1,NIE,,
w-2023,9,28.04.2023,28.04.2023 12:30:19,10,64,Lubelskie,8,Audiologia i foniatria,2023/002648,Pozarezydencki,77.88,4.45,06.03.2023 15:20:26,1,NIE,,
w-2023,9,28.04.2023,28.04.2023 12:30:19,10,64,Lubelskie,9,Chirurgia naczyniowa,2023/004771,Rezydencki,88.24,4.19,09.03.2023 16:25:04,1,NIE,,
w-2023,9,28.04.2023,28.04.2023 12:30:19,10,64,Lubelskie,10,Chirurgia ogólna,2023/005055,Rezydencki,79.90,3.59,07.03.2023 17:14:59,2,NIE,,
w-2023,9,28.04.2023,28.04.2023 12:30:19,10,64,Lubelskie,11,Chirurgia ogólna,2023/001276,Rezydencki,58.05,3.86,03.02.2023 17:59:02,2,NIE,,
w-2023,9,28.04.2023,28.04.2023 12:30:19,10,64,Lubelskie,12,Chirurgia plastyczna,2023/003595,Rezydencki,92.27,4.04,09.03.2023 10:39:56,1,NIE,,
w-2023,9,28.04.2023,28.04.2023 12:30:19,10,64,Lubelskie,13,Chirurgia plastyczna,2023/005314,Pozarezydencki,84.81,4.03,28.02.2023 23:47:52,1,NIE,,
w-2023,9,28.04.2023,28.04.2023 12:30:19,10,64,Lubelskie,14,Chirurgia stomatologiczna,2023/003681,Rezydencki,84.54,4.44,16.03.2023 20:15:07,3,NIE,,
w-2023,9,28.04.2023,28.04.2023 12:30:19,10,64,Lubelskie,15,Chirurgia stomatologiczna,2023/004859,Rezydencki,84.54,3.95,24.03.2023 07:04:37,3,NIE,,
w-2023,9,28.04.2023,28.04.2023 12:30:19,10,64,Lubelskie,16,Chirurgia stomatologiczna,2023/003581,Rezydencki,83.57,3.17,24.03.2023 14:29:09,3,NIE,,
w-2023,9,28.04.2023,28.04.2023 12:30:19,10,64,Lubelskie,17,Chirurgia stomatologiczna,2023/004672,Pozarezydencki,77.42,3.67,27.02.2023 21:39:44,1,NIE,,
w-2023,9,28.04.2023,28.04.2023 12:30:19,10,64,Lubelskie,18,Choroby płuc,2023/003004,Rezydencki,82.61,3.55,09.03.2023 08:46:37,1,NIE,,
w-2023,9,28.04.2023,28.04.2023 12:30:19,10,64,Lubelskie,19,Choroby płuc,2023/002889,Pozarezydencki,80.23,4.22,07.03.2023 12:08:28,1,NIE,,
w-2023,9,28.04.2023,28.04.2023 12:30:19,10,64,Lubelskie,20,Choroby płuc dzieci,2023/000892,Rezydencki,80.88,3.56,24.02.2023 13:00:19,1,NIE,,
w-2023,9,28.04.2023,28.04.2023 12:30:19,10,64,Lubelskie,21,Choroby wewnętrzne,2023/004592,Rezydencki,84.31,3.75,28.02.2023 23:21:40,8,NIE,,
w-2023,9,28.04.2023,28.04.2023 12:30:19,10,64,Lubelskie,22,Choroby wewnętrzne,2023/002049,Rezydencki,83.41,3.77,11.02.2023 14:19:22,8,NIE,,
w-2023,9,28.04.2023,28.04.2023 12:30:19,10,64,Lubelskie,23,Choroby wewnętrzne,2023/003932,Rezydencki,83.33,4.00,13.03.2023 20:26:09,8,NIE,,
w-2023,9,28.04.2023,28.04.2023 12:30:19,10,64,Lubelskie,24,Choroby wewnętrzne,2023/004833,Rezydencki,81.37,4.03,02.03.2023 16:15:38,8,NIE,,
w-2023,9,28.04.2023,28.04.2023 12:30:19,10,64,Lubelskie,25,Choroby wewnętrzne,2023/003793,Rezydencki,78.74,0.00,26.02.2023 19:18:07,8,NIE,,
w-2023,9,28.04.2023,28.04.2023 12:30:19,10,64,Lubelskie,26,Choroby wewnętrzne,2023/001597,Rezydencki,72.46,3.27,02.03.2023 12:23:25,8,NIE,,
w-2023,9,28.04.2023,28.04.2023 12:30:19,10,64,Lubelskie,27,Choroby wewnętrzne,2023/003442,Rezydencki,69.57,3.50,07.03.2023 15:41:10,8,NIE,,
w-2023,9,28.04.2023,28.04.2023 12:30:19,10,64,Lubelskie,28,Choroby wewnętrzne,2023/003760,Rezydencki,69.08,0.00,02.03.2023 12:34:43,8,NIE,,
w-2023,9,28.04.2023,28.04.2023 12:30:19,10,64,Lubelskie,29,Choroby wewnętrzne,2023/002952,Pozarezydencki,83.41,4.48,09.03.2023 13:33:29,3,NIE,,
w-2023,9,28.04.2023,28.04.2023 12:30:19,10,64,Lubelskie,30,Choroby wewnętrzne,2023/002831,Pozarezydencki,78.18,0.00,12.03.2023 11:47:38,3,NIE,,
w-2023,9,28.04.2023,28.04.2023 12:30:19,11,64,Lubelskie,31,Choroby wewnętrzne,2023/002401,Pozarezydencki,66.05,0.00,05.03.2023 15:49:02,3,NIE,,
w-2023,9,28.04.2023,28.04.2023 12:30:19,11,64,Lubelskie,32,Dermatologia i wenerologia,2023/002763,Rezydencki,92.16,4.17,28.02.2023 18:33:25,3,NIE,,
w-2023,9,28.04.2023,28.04.2023 12:30:19,11,64,Lubelskie,33,Dermatologia i wenerologia,2023/002076,Rezydencki,91.79,4.30,28.02.2023 12:05:51,3,NIE,,
w-2023,9,28.04.2023,28.04.2023 12:30:19,11,64,Lubelskie,34,Dermatologia i wenerologia,2023/001048,Rezydencki,91.67,4.56,23.02.2023 19:19:55,3,NIE,,
w-2023,9,28.04.2023,28.04.2023 12:30:19,11,64,Lubelskie,35,Endokrynologia,2023/002253,Pozarezydencki,85.48,3.97,08.03.2023 12:25:22,2,NIE,,
w-2023,9,28.04.2023,28.04.2023 12:30:19,11,64,Lubelskie,36,Endokrynologia,2023/004657,Pozarezydencki,83.64,3.72,28.02.2023 21:03:21,2,NIE,,
w-2023,9,28.04.2023,28.04.2023 12:30:19,11,64,Lubelskie,37,Endokrynologia i diabetologia dziecięca,2023/004624,Rezydencki,86.27,3.94,28.02.2023 22:41:55,1,NIE,,
w-2023,9,28.04.2023,28.04.2023 12:30:19,11,64,Lubelskie,38,Endokrynologia i diabetologia dziecięca,2023/001877,Pozarezydencki,76.42,4.48,05.03.2023 22:03:45,1,NIE,,
w-2023,9,28.04.2023,28.04.2023 12:30:19,11,64,Lubelskie,39,Epidemiologia,2023/002365,Rezydencki,82.06,4.01,14.02.2023 16:05:34,1,NIE,,
w-2023,9,28.04.2023,28.04.2023 12:30:19,11,64,Lubelskie,40,Gastroenterologia,2023/002306,Pozarezydencki,80.00,4.31,07.03.2023 20:39:07,1,NIE,,
w-2023,9,28.04.2023,28.04.2023 12:30:19,11,64,Lubelskie,41,Ginekologia onkologiczna,2023/004945,Pozarezydencki,89.27,0.00,28.02.2023 12:21:33,4,NIE,,
w-2023,9,28.04.2023,28.04.2023 12:30:19,11,64,Lubelskie,42,Ginekologia onkologiczna,2023/002956,Pozarezydencki,77.83,3.94,10.03.2023 17:49:25,4,NIE,,
w-2023,9,28.04.2023,28.04.2023 12:30:19,11,64,Lubelskie,43,Ginekologia onkologiczna,2023/001265,Pozarezydencki,73.64,0.00,03.03.2023 13:00:45,4,NIE,,
w-2023,9,28.04.2023,28.04.2023 12:30:19,11,64,Lubelskie,44,Ginekologia onkologiczna,2023/003424,Pozarezydencki,70.91,3.21,07.03.2023 16:07:04,4,NIE,,
w-2023,9,28.04.2023,28.04.2023 12:30:19,11,64,Lubelskie,45,Hematologia,2023/004627,Pozarezydencki,75.45,3.76,07.03.2023 21:06:11,3,NIE,,
w-2023,9,28.04.2023,28.04.2023 12:30:19,11,64,Lubelskie,46,Hematologia,2023/003785,Pozarezydencki,75.45,0.00,03.03.2023 18:06:06,3,NIE,,
w-2023,9,28.04.2023,28.04.2023 12:30:19,11,64,Lubelskie,47,Hematologia,2023/001468,Pozarezydencki,73.86,0.00,08.03.2023 08:01:09,3,NIE,,
w-2023,9,28.04.2023,28.04.2023 12:30:19,11,64,Lubelskie,48,Kardiologia,2023/004709,Rezydencki,87.25,4.02,07.03.2023 21:05:16,2,NIE,,
w-2023,9,28.04.2023,28.04.2023 12:30:19,11,64,Lubelskie,49,Kardiologia,2023/004331,Rezydencki,85.51,4.00,27.02.2023 16:38:12,2,NIE,,
w-2023,9,28.04.2023,28.04.2023 12:30:19,11,64,Lubelskie,50,Kardiologia,2023/004936,Pozarezydencki,80.00,4.39,14.03.2023 14:37:45,3,NIE,,
w-2023,9,28.04.2023,28.04.2023 12:30:19,11,64,Lubelskie,51,Kardiologia,2023/005207,Pozarezydencki,75.71,4.62,07.03.2023 12:20:26,3,NIE,,
w-2023,9,28.04.2023,28.04.2023 12:30:19,11,64,Lubelskie,52,Kardiologia,2023/002080,Pozarezydencki,75.68,4.11,11.03.2023 18:01:40,3,NIE,,
w-2023,9,28.04.2023,28.04.2023 12:30:19,11,64,Lubelskie,53,Medycyna pracy,2023/004903,Rezydencki,66.18,3.54,13.03.2023 10:43:39,1,NIE,,
w-2023,9,28.04.2023,28.04.2023 12:30:19,11,64,Lubelskie,54,Medycyna pracy,2023/001792,Pozarezydencki,75.45,3.68,14.03.2023 13:33:21,3,NIE,,
w-2023,9,28.04.2023,28.04.2023 12:30:19,11,64,Lubelskie,55,Medycyna pracy,2023/000792,Pozarezydencki,75.45,0.00,16.02.2023 20:13:56,3,NIE,,
w-2023,9,28.04.2023,28.04.2023 12:30:19,11,64,Lubelskie,56,Medycyna pracy,2023/004704,Pozarezydencki,70.91,3.25,13.03.2023 20:45:10,3,NIE,,
w-2023,9,28.04.2023,28.04.2023 12:30:19,11,64,Lubelskie,57,Medycyna rodzinna,2023/003813,Rezydencki,86.27,3.30,10.03.2023 10:41:02,6,NIE,,
w-2023,9,28.04.2023,28.04.2023 12:30:19,11,64,Lubelskie,58,Medycyna rodzinna,2023/004035,Rezydencki,85.51,3.89,26.02.2023 12:47:44,6,NIE,,
w-2023,9,28.04.2023,28.04.2023 12:30:19,11,64,Lubelskie,59,Medycyna rodzinna,2023/000973,Rezydencki,84.39,3.43,01.02.2023 19:07:43,6,NIE,,
w-2023,9,28.04.2023,28.04.2023 12:30:19,11,64,Lubelskie,60,Medycyna rodzinna,2023/005223,Rezydencki,83.57,3.93,28.02.2023 21:35:56,6,NIE,,
w-2023,9,28.04.2023,28.04.2023 12:30:19,11,64,Lubelskie,61,Medycyna rodzinna,2023/005269,Rezydencki,75.36,4.00,04.03.2023 20:02:55,6,NIE,,
w-2023,9,28.04.2023,28.04.2023 12:30:19,11,64,Lubelskie,62,Medycyna rodzinna,2023/003867,Rezydencki,70.05,3.61,07.03.2023 20:48:07,6,NIE,,
w-2023,9,28.04.2023,28.04.2023 12:30:19,11,64,Lubelskie,63,Medycyna rodzinna,2023/004424,Pozarezydencki,71.56,3.79,07.03.2023 22:23:12,5,NIE,,
w-2023,9,28.04.2023,28.04.2023 12:30:19,11,64,Lubelskie,64,Medycyna rodzinna,2023/003846,Pozarezydencki,67.92,3.74,09.03.2023 14:33:58,5,NIE,,
w-2023,9,28.04.2023,28.04.2023 12:30:19,11,64,Lubelskie,65,Medycyna rodzinna,2023/005374,Pozarezydencki,64.95,4.11,08.03.2023 15:44:33,5,NIE,,
w-2023,9,28.04.2023,28.04.2023 12:30:19,11,64,Lubelskie,66,Medycyna rodzinna,2023/004020,Pozarezydencki,60.91,3.42,09.03.2023 09:03:58,5,NIE,,
w-2023,9,28.04.2023,28.04.2023 12:30:19,11,64,Lubelskie,67,Medycyna rodzinna,2023/004122,Pozarezydencki,60.45,0.00,05.03.2023 10:11:48,5,NIE,,
w-2023,9,28.04.2023,28.04.2023 12:30:19,11,64,Lubelskie,68,Mikrobiologia lekarska,2023/004740,Pozarezydencki,2.27,3.54,16.03.2023 07:41:02,1,NIE,,
w-2023,9,28.04.2023,28.04.2023 12:30:19,12,64,Lubelskie,69,Neonatologia,2023/003354,Rezydencki,85.75,4.08,24.02.2023 20:24:00,2,NIE,,
w-2023,9,28.04.2023,28.04.2023 12:30:19,12,64,Lubelskie,70,Neonatologia,2023/004023,Rezydencki,61.84,3.66,06.03.2023 12:59:33,2,NIE,,
w-2023,9,28.04.2023,28.04.2023 12:30:19,12,64,Lubelskie,71,Neurochirurgia,2023/000763,Rezydencki,91.30,3.89,28.02.2023 22:16:50,1,NIE,,
w-2023,9,28.04.2023,28.04.2023 12:30:19,12,64,Lubelskie,72,Neurochirurgia,2023/000744,Pozarezydencki,78.64,3.58,28.02.2023 22:06:03,1,NIE,,
w-2023,9,28.04.2023,28.04.2023 12:30:19,12,64,Lubelskie,73,Neurologia,2023/004569,Rezydencki,57.97,3.40,03.03.2023 21:23:01,1,NIE,,
w-2023,9,28.04.2023,28.04.2023 12:30:19,12,64,Lubelskie,74,Neurologia dziecięca,2023/004129,Rezydencki,88.24,4.20,27.02.2023 22:34:34,1,NIE,,
w-2023,9,28.04.2023,28.04.2023 12:30:19,12,64,Lubelskie,75,Okulistyka,2023/003990,Rezydencki,89.52,4.80,03.03.2023 16:16:53,1,NIE,,
w-2023,9,28.04.2023,28.04.2023 12:30:19,12,64,Lubelskie,76,Okulistyka,2023/002316,Pozarezydencki,81.11,3.89,03.03.2023 11:55:37,1,NIE,,
w-2023,9,28.04.2023,28.04.2023 12:30:19,12,64,Lubelskie,77,Onkologia kliniczna,2023/004532,Rezydencki,80.98,4.08,28.02.2023 19:39:31,1,NIE,,
w-2023,9,28.04.2023,28.04.2023 12:30:19,12,64,Lubelskie,78,Ortopedia i traumatologia narządu ruchu,2023/003958,Rezydencki,84.30,3.49,04.03.2023 16:13:53,4,NIE,,
w-2023,9,28.04.2023,28.04.2023 12:30:19,12,64,Lubelskie,79,Ortopedia i traumatologia narządu ruchu,2023/003391,Rezydencki,83.33,4.20,28.02.2023 20:29:28,4,NIE,,
w-2023,9,28.04.2023,28.04.2023 12:30:19,12,64,Lubelskie,80,Ortopedia i traumatologia narządu ruchu,2023/000804,Rezydencki,81.37,4.05,07.03.2023 23:56:05,4,NIE,,
w-2023,9,28.04.2023,28.04.2023 12:30:19,12,64,Lubelskie,81,Ortopedia i traumatologia narządu ruchu,2023/004201,Rezydencki,76.81,3.40,05.03.2023 12:40:04,4,NIE,,
w-2023,9,28.04.2023,28.04.2023 12:30:19,12,64,Lubelskie,82,Otorynolaryngologia,2023/003579,Rezydencki,85.51,4.00,28.02.2023 22:30:18,1,NIE,,
w-2023,9,28.04.2023,28.04.2023 12:30:19,12,64,Lubelskie,83,Pediatria,2023/005340,Rezydencki,86.76,4.34,03.03.2023 13:42:48,5,NIE,,
w-2023,9,28.04.2023,28.04.2023 12:30:19,12,64,Lubelskie,84,Pediatria,2023/002715,Rezydencki,85.99,3.70,18.02.2023 14:02:39,5,NIE,,
w-2023,9,28.04.2023,28.04.2023 12:30:19,12,64,Lubelskie,85,Pediatria,2023/001980,Rezydencki,85.51,3.89,09.03.2023 13:53:35,5,NIE,,
w-2023,9,28.04.2023,28.04.2023 12:30:19,12,64,Lubelskie,86,Pediatria,2023/002625,Rezydencki,81.95,3.80,03.03.2023 20:40:00,5,NIE,,
w-2023,9,28.04.2023,28.04.2023 12:30:19,12,64,Lubelskie,87,Pediatria,2023/001189,Rezydencki,79.71,2.94,06.03.2023 14:21:22,5,NIE,,
w-2023,9,28.04.2023,28.04.2023 12:30:19,12,64,Lubelskie,88,Pediatria,2023/003509,Pozarezydencki,85.05,3.87,05.03.2023 19:14:49,3,NIE,,
w-2023,9,28.04.2023,28.04.2023 12:30:19,12,64,Lubelskie,89,Pediatria,2023/003095,Pozarezydencki,68.06,4.15,07.03.2023 13:40:18,3,NIE,,
w-2023,9,28.04.2023,28.04.2023 12:30:19,12,64,Lubelskie,90,Pediatria,2023/002445,Pozarezydencki,57.27,0.00,09.03.2023 07:15:14,3,NIE,,
w-2023,9,28.04.2023,28.04.2023 12:30:19,12,64,Lubelskie,91,Periodontologia,2023/002860,Rezydencki,80.86,3.72,22.02.2023 21:00:45,2,NIE,,
w-2023,9,28.04.2023,28.04.2023 12:30:19,12,64,Lubelskie,92,Periodontologia,2023/001871,Rezydencki,79.05,3.83,10.02.2023 21:58:05,2,NIE,,
w-2023,9,28.04.2023,28.04.2023 12:30:19,12,64,Lubelskie,93,Położnictwo i ginekologia,2023/004775,Rezydencki,87.32,4.05,07.03.2023 15:59:20,2,NIE,,
w-2023,9,28.04.2023,28.04.2023 12:30:19,12,64,Lubelskie,94,Położnictwo i ginekologia,2023/001473,Rezydencki,82.84,3.74,26.02.2023 16:32:26,2,NIE,,
w-2023,9,28.04.2023,28.04.2023 12:30:19,12,64,Lubelskie,95,Psychiatria,2023/003379,Rezydencki,86.96,4.19,03.03.2023 12:56:00,3,NIE,,
w-2023,9,28.04.2023,28.04.2023 12:30:19,12,64,Lubelskie,96,Psychiatria,2023/002783,Rezydencki,81.64,3.62,05.03.2023 21:52:02,3,NIE,,
w-2023,9,28.04.2023,28.04.2023 12:30:19,12,64,Lubelskie,97,Psychiatria,2023/004210,Rezydencki,74.40,3.83,27.02.2023 14:23:25,3,NIE,,
w-2023,9,28.04.2023,28.04.2023 12:30:19,12,64,Lubelskie,98,Psychiatria dzieci i młodzieży,2023/003605,Rezydencki,72.22,4.59,23.02.2023 20:05:59,1,NIE,,
w-2023,9,28.04.2023,28.04.2023 12:30:19,12,64,Lubelskie,99,Psychiatria dzieci i młodzieży,2023/003426,Pozarezydencki,73.61,0.00,17.03.2023 00:04:15,5,NIE,,
w-2023,9,28.04.2023,28.04.2023 12:30:19,12,64,Lubelskie,100,Psychiatria dzieci i młodzieży,2023/002760,Pozarezydencki,67.27,3.47,11.03.2023 21:01:02,5,NIE,,
w-2023,9,28.04.2023,28.04.2023 12:30:19,12,64,Lubelskie,101,Psychiatria dzieci i młodzieży,2023/003624,Pozarezydencki,66.59,3.84,19.03.2023 18:29:34,5,NIE,,
w-2023,9,28.04.2023,28.04.2023 12:30:19,12,64,Lubelskie,102,Psychiatria dzieci i młodzieży,2023/004121,Pozarezydencki,66.59,0.00,26.02.2023 17:08:52,5,NIE,,
w-2023,9,28.04.2023,28.04.2023 12:30:19,12,64,Lubelskie,103,Psychiatria dzieci i młodzieży,2023/001669,Pozarezydencki,61.82,3.34,20.03.2023 10:53:07,5,NIE,,
w-2023,9,28.04.2023,28.04.2023 12:30:19,12,64,Lubelskie,104,Radiologia i diagnostyka obrazowa,2023/003466,Rezydencki,92.89,4.31,03.03.2023 17:42:57,6,NIE,,
w-2023,9,28.04.2023,28.04.2023 12:30:19,12,64,Lubelskie,105,Radiologia i diagnostyka obrazowa,2023/004176,Rezydencki,90.34,3.65,03.03.2023 13:15:07,6,NIE,,
w-2023,9,28.04.2023,28.04.2023 12:30:19,12,64,Lubelskie,106,Radiologia i diagnostyka obrazowa,2023/003921,Rezydencki,89.86,4.11,03.03.2023 14:46:03,6,NIE,,
w-2023,9,28.04.2023,28.04.2023 12:30:19,13,64,Lubelskie,107,Radiologia i diagnostyka obrazowa,2023/001036,Rezydencki,89.86,3.70,20.02.2023 09:57:28,6,NIE,,
w-2023,9,28.04.2023,28.04.2023 12:30:19,13,64,Lubelskie,108,Radiologia i diagnostyka obrazowa,2023/000754,Rezydencki,89.37,4.11,01.02.2023 00:18:49,6,NIE,,
w-2023,9,28.04.2023,28.04.2023 12:30:19,13,64,Lubelskie,109,Radiologia i diagnostyka obrazowa,2023/003809,Rezydencki,88.24,4.44,28.02.2023 15:26:02,6,NIE,,
w-2023,9,28.04.2023,28.04.2023 12:30:19,13,64,Lubelskie,110,Radiologia i diagnostyka obrazowa,2023/004452,Pozarezydencki,70.64,4.66,27.02.2023 12:57:05,1,NIE,,
w-2023,9,28.04.2023,28.04.2023 12:30:19,13,64,Lubelskie,111,Rehabilitacja medyczna,2023/002645,Pozarezydencki,0.00,0.00,17.02.2023 12:27:31,1,NIE,,
w-2023,9,28.04.2023,28.04.2023 12:30:19,13,64,Lubelskie,112,Transplantologia kliniczna,2023/002606,Pozarezydencki,86.82,0.00,13.03.2023 13:31:03,1,NIE,,
w-2023,9,28.04.2023,28.04.2023 12:30:19,13,64,Lubelskie,113,Urologia,2023/001439,Rezydencki,88.73,4.24,06.03.2023 16:22:32,1,NIE,,
w-2023,9,28.04.2023,28.04.2023 12:30:19,13,64,Lubuskie,1,Anestezjologia i intensywna terapia,2023/000749,Rezydencki,85.85,4.33,01.02.2023 00:14:57,4,NIE,,
w-2023,9,28.04.2023,28.04.2023 12:30:19,13,64,Lubuskie,2,Anestezjologia i intensywna terapia,2023/001987,Rezydencki,84.88,3.86,14.03.2023 23:15:26,4,NIE,,
w-2023,9,28.04.2023,28.04.2023 12:30:19,13,64,Lubuskie,3,Anestezjologia i intensywna terapia,2023/002646,Rezydencki,80.98,3.71,23.02.2023 13:30:38,4,NIE,,
w-2023,9,28.04.2023,28.04.2023 12:30:19,13,64,Lubuskie,4,Anestezjologia i intensywna terapia,2023/002813,Rezydencki,66.18,3.33,18.03.2023 11:36:38,4,NIE,,
w-2023,9,28.04.2023,28.04.2023 12:30:19,13,64,Lubuskie,5,Choroby wewnętrzne,2023/004094,Rezydencki,70.59,4.88,15.03.2023 08:36:25,1,NIE,,
w-2023,9,28.04.2023,28.04.2023 12:30:19,13,64,Lubuskie,6,Endokrynologia,2023/004937,Rezydencki,89.22,4.05,28.02.2023 12:10:05,2,NIE,,
w-2023,9,28.04.2023,28.04.2023 12:30:19,13,64,Lubuskie,7,Endokrynologia,2023/001028,Rezydencki,88.89,4.05,13.03.2023 20:56:01,2,NIE,,
w-2023,9,28.04.2023,28.04.2023 12:30:19,13,64,Lubuskie,8,Gastroenterologia,2023/002876,Rezydencki,88.78,4.18,19.02.2023 23:06:40,1,NIE,,
w-2023,9,28.04.2023,28.04.2023 12:30:19,13,64,Lubuskie,9,Gastroenterologia,2023/005108,Pozarezydencki,80.00,3.86,17.03.2023 10:24:26,1,NIE,,
w-2023,9,28.04.2023,28.04.2023 12:30:19,13,64,Lubuskie,10,Kardiologia,2023/001169,Rezydencki,68.12,3.98,28.03.2023 16:18:32,1,NIE,,
w-2023,9,28.04.2023,28.04.2023 12:30:19,13,64,Lubuskie,11,Medycyna nuklearna,2023/003016,Rezydencki,75.24,4.40,17.03.2023 08:33:14,1,NIE,,
w-2023,9,28.04.2023,28.04.2023 12:30:19,13,64,Lubuskie,12,Medycyna pracy,2023/001746,Pozarezydencki,66.82,3.50,14.03.2023 20:48:18,2,NIE,,
w-2023,9,28.04.2023,28.04.2023 12:30:19,13,64,Lubuskie,13,Medycyna pracy,2023/001626,Pozarezydencki,55.96,3.79,29.03.2023 09:19:37,2,NIE,,
w-2023,9,28.04.2023,28.04.2023 12:30:19,13,64,Lubuskie,14,Medycyna ratunkowa,2023/004086,Rezydencki,72.46,0.00,26.02.2023 14:53:29,1,NIE,,
w-2023,9,28.04.2023,28.04.2023 12:30:19,13,64,Lubuskie,15,Medycyna sportowa,2023/004461,Pozarezydencki,84.55,4.44,10.03.2023 13:17:35,1,NIE,,
w-2023,9,28.04.2023,28.04.2023 12:30:19,13,64,Lubuskie,16,Neurochirurgia,2023/004334,Rezydencki,54.37,0.00,22.03.2023 14:28:40,1,NIE,,
w-2023,9,28.04.2023,28.04.2023 12:30:19,13,64,Lubuskie,17,Ortopedia i traumatologia narządu ruchu,2023/002185,Rezydencki,86.47,4.50,10.03.2023 12:25:28,2,NIE,,
w-2023,9,28.04.2023,28.04.2023 12:30:19,13,64,Lubuskie,18,Ortopedia i traumatologia narządu ruchu,2023/004480,Rezydencki,71.57,0.00,10.03.2023 17:51:02,2,NIE,,
w-2023,9,28.04.2023,28.04.2023 12:30:19,13,64,Lubuskie,19,Otorynolaryngologia,2023/001021,Rezydencki,84.06,4.00,28.02.2023 22:36:26,1,NIE,,
w-2023,9,28.04.2023,28.04.2023 12:30:19,13,64,Lubuskie,20,Perinatologia,2023/005209,Pozarezydencki,69.09,0.00,19.03.2023 15:53:49,1,NIE,,
w-2023,9,28.04.2023,28.04.2023 12:30:19,13,64,Lubuskie,21,Położnictwo i ginekologia,2023/001939,Rezydencki,78.74,4.00,13.03.2023 12:33:00,1,NIE,,
w-2023,9,28.04.2023,28.04.2023 12:30:19,13,64,Lubuskie,22,Psychiatria,2023/004615,Rezydencki,80.98,3.92,28.02.2023 20:26:46,2,NIE,,
w-2023,9,28.04.2023,28.04.2023 12:30:19,13,64,Lubuskie,23,Psychiatria,2023/005255,Rezydencki,59.22,3.46,28.02.2023 23:56:12,2,NIE,,
w-2023,9,28.04.2023,28.04.2023 12:30:19,13,64,Lubuskie,24,Radiologia i diagnostyka obrazowa,2023/004101,Rezydencki,87.44,4.00,28.02.2023 23:06:05,4,NIE,,
w-2023,9,28.04.2023,28.04.2023 12:30:19,13,64,Lubuskie,25,Radiologia i diagnostyka obrazowa,2023/004867,Rezydencki,86.71,4.10,28.02.2023 19:54:20,4,NIE,,
w-2023,9,28.04.2023,28.04.2023 12:30:19,13,64,Lubuskie,26,Radiologia i diagnostyka obrazowa,2023/005217,Rezydencki,86.47,3.86,29.03.2023 17:07:01,4,NIE,,
w-2023,9,28.04.2023,28.04.2023 12:30:19,13,64,Lubuskie,27,Radiologia i diagnostyka obrazowa,2023/001151,Rezydencki,86.47,3.50,28.02.2023 18:26:30,4,NIE,,
w-2023,9,28.04.2023,28.04.2023 12:30:19,14,64,Lubuskie,28,Radiologia i diagnostyka obrazowa,2023/000993,Pozarezydencki,82.24,4.16,10.03.2023 09:39:13,7,NIE,,
w-2023,9,28.04.2023,28.04.2023 12:30:19,14,64,Lubuskie,29,Radiologia i diagnostyka obrazowa,2023/001098,Pozarezydencki,82.03,3.17,02.02.2023 12:30:07,7,NIE,,
w-2023,9,28.04.2023,28.04.2023 12:30:19,14,64,Lubuskie,30,Radiologia i diagnostyka obrazowa,2023/003525,Pozarezydencki,78.97,4.04,28.02.2023 15:17:36,7,NIE,,
w-2023,9,28.04.2023,28.04.2023 12:30:19,14,64,Lubuskie,31,Radiologia i diagnostyka obrazowa,2023/002484,Pozarezydencki,77.57,4.62,12.03.2023 18:49:16,7,NIE,,
w-2023,9,28.04.2023,28.04.2023 12:30:19,14,64,Lubuskie,32,Radiologia i diagnostyka obrazowa,2023/001540,Pozarezydencki,77.10,3.48,23.02.2023 10:06:10,7,NIE,,
w-2023,9,28.04.2023,28.04.2023 12:30:19,14,64,Lubuskie,33,Radiologia i diagnostyka obrazowa,2023/001557,Pozarezydencki,72.94,3.95,10.03.2023 13:41:15,7,NIE,,
w-2023,9,28.04.2023,28.04.2023 12:30:19,14,64,Lubuskie,34,Radiologia i diagnostyka obrazowa,2023/004618,Pozarezydencki,72.43,3.12,28.02.2023 16:09:26,7,NIE,,
w-2023,9,28.04.2023,28.04.2023 12:30:19,14,64,Lubuskie,35,Rehabilitacja medyczna,2023/004909,Pozarezydencki,0.00,3.05,17.03.2023 14:13:13,1,NIE,,
w-2023,9,28.04.2023,28.04.2023 12:30:19,14,64,Lubuskie,36,Reumatologia,2023/004078,Rezydencki,83.33,3.69,26.02.2023 14:35:15,1,NIE,,
w-2023,9,28.04.2023,28.04.2023 12:30:19,14,64,Lubuskie,37,Urologia,2023/003385,Rezydencki,84.80,3.54,23.02.2023 17:34:33,1,NIE,,
w-2023,9,28.04.2023,28.04.2023 12:30:19,14,64,Lubuskie,38,Urologia,2023/000817,Pozarezydencki,80.65,3.96,09.03.2023 18:50:57,1,NIE,,
w-2023,9,28.04.2023,28.04.2023 12:30:19,14,64,Łódzkie,1,Anestezjologia i intensywna terapia,2023/002999,Rezydencki,87.25,3.69,25.02.2023 13:41:02,5,NIE,,
w-2023,9,28.04.2023,28.04.2023 12:30:19,14,64,Łódzkie,2,Anestezjologia i intensywna terapia,2023/001507,Rezydencki,83.82,3.67,28.02.2023 23:17:22,5,NIE,,
w-2023,9,28.04.2023,28.04.2023 12:30:19,14,64,Łódzkie,3,Anestezjologia i intensywna terapia,2023/002278,Rezydencki,83.57,3.74,22.02.2023 22:31:04,5,NIE,,
w-2023,9,28.04.2023,28.04.2023 12:30:19,14,64,Łódzkie,4,Anestezjologia i intensywna terapia,2023/001013,Rezydencki,82.13,3.26,22.02.2023 18:23:49,5,NIE,,
w-2023,9,28.04.2023,28.04.2023 12:30:19,14,64,Łódzkie,5,Anestezjologia i intensywna terapia,2023/004753,Rezydencki,81.16,4.25,28.02.2023 22:50:42,5,NIE,,
w-2023,9,28.04.2023,28.04.2023 12:30:19,14,64,Łódzkie,6,Anestezjologia i intensywna terapia,2023/004001,Pozarezydencki,65.60,3.68,16.03.2023 00:44:30,1,NIE,,
w-2023,9,28.04.2023,28.04.2023 12:30:19,14,64,Łódzkie,7,Audiologia i foniatria,2023/002526,Pozarezydencki,91.36,0.00,10.03.2023 21:14:06,1,NIE,,
w-2023,9,28.04.2023,28.04.2023 12:30:19,14,64,Łódzkie,8,Balneologia i medycyna fizykalna,2023/002438,Pozarezydencki,58.73,0.00,23.03.2023 13:16:42,1,NIE,,
w-2023,9,28.04.2023,28.04.2023 12:30:19,14,64,Łódzkie,9,Chirurgia naczyniowa,2023/001139,Pozarezydencki,75.45,3.72,02.02.2023 16:34:24,1,NIE,,
w-2023,9,28.04.2023,28.04.2023 12:30:19,14,64,Łódzkie,10,Chirurgia ogólna,2023/001753,Rezydencki,75.85,3.78,28.02.2023 14:59:46,4,NIE,,
w-2023,9,28.04.2023,28.04.2023 12:30:19,14,64,Łódzkie,11,Chirurgia ogólna,2023/004938,Rezydencki,74.88,0.00,28.02.2023 12:10:17,4,NIE,,
w-2023,9,28.04.2023,28.04.2023 12:30:19,14,64,Łódzkie,12,Chirurgia ogólna,2023/000873,Rezydencki,73.04,3.29,23.02.2023 07:43:24,4,NIE,,
w-2023,9,28.04.2023,28.04.2023 12:30:19,14,64,Łódzkie,13,Chirurgia ogólna,2023/003104,Rezydencki,59.62,3.30,08.03.2023 14:44:11,4,NIE,,
w-2023,9,28.04.2023,28.04.2023 12:30:19,14,64,Łódzkie,14,Chirurgia onkologiczna,2023/004323,Pozarezydencki,72.69,4.07,24.03.2023 11:05:22,3,NIE,,
w-2023,9,28.04.2023,28.04.2023 12:30:19,14,64,Łódzkie,15,Chirurgia onkologiczna,2023/004300,Pozarezydencki,70.56,4.02,07.03.2023 17:36:58,3,NIE,,
w-2023,9,28.04.2023,28.04.2023 12:30:19,14,64,Łódzkie,16,Chirurgia onkologiczna,2023/002718,Pozarezydencki,55.56,2.92,09.03.2023 10:42:56,3,NIE,,
w-2023,9,28.04.2023,28.04.2023 12:30:19,14,64,Łódzkie,17,Chirurgia stomatologiczna,2023/002504,Rezydencki,90.67,3.09,15.02.2023 21:27:38,3,NIE,,
w-2023,9,28.04.2023,28.04.2023 12:30:19,14,64,Łódzkie,18,Chirurgia stomatologiczna,2023/004442,Rezydencki,84.21,4.02,27.02.2023 12:54:02,3,NIE,,
w-2023,9,28.04.2023,28.04.2023 12:30:19,14,64,Łódzkie,19,Chirurgia stomatologiczna,2023/004752,Rezydencki,83.57,3.31,27.02.2023 23:35:42,3,NIE,,
w-2023,9,28.04.2023,28.04.2023 12:30:19,14,64,Łódzkie,20,Choroby płuc,2023/003969,Rezydencki,85.78,3.32,08.03.2023 11:37:00,1,NIE,,
w-2023,9,28.04.2023,28.04.2023 12:30:19,14,64,Łódzkie,21,Choroby płuc dzieci,2023/004554,Pozarezydencki,71.59,3.78,07.03.2023 17:46:31,3,NIE,,
w-2023,9,28.04.2023,28.04.2023 12:30:19,14,64,Łódzkie,22,Choroby płuc dzieci,2023/002772,Pozarezydencki,71.36,4.42,22.02.2023 20:26:09,3,NIE,,
w-2023,9,28.04.2023,28.04.2023 12:30:19,14,64,Łódzkie,23,Choroby płuc dzieci,2023/004959,Pozarezydencki,71.06,0.00,07.03.2023 12:05:45,3,NIE,,
w-2023,9,28.04.2023,28.04.2023 12:30:19,15,64,Łódzkie,24,Choroby wewnętrzne,2023/002848,Rezydencki,83.82,3.76,06.03.2023 20:26:28,10,NIE,,
w-2023,9,28.04.2023,28.04.2023 12:30:19,15,64,Łódzkie,25,Choroby wewnętrzne,2023/001858,Rezydencki,80.88,3.46,27.02.2023 01:22:28,10,NIE,,
w-2023,9,28.04.2023,28.04.2023 12:30:19,15,64,Łódzkie,26,Choroby wewnętrzne,2023/003099,Rezydencki,77.78,4.50,22.02.2023 19:17:05,10,NIE,,
w-2023,9,28.04.2023,28.04.2023 12:30:19,15,64,Łódzkie,27,Choroby wewnętrzne,2023/002978,Rezydencki,77.78,3.97,25.02.2023 14:16:37,10,NIE,,
w-2023,9,28.04.2023,28.04.2023 12:30:19,15,64,Łódzkie,28,Choroby wewnętrzne,2023/004193,Rezydencki,75.85,3.53,26.02.2023 19:42:35,10,NIE,,
w-2023,9,28.04.2023,28.04.2023 12:30:19,15,64,Łódzkie,29,Choroby wewnętrzne,2023/004581,Rezydencki,75.49,3.16,13.03.2023 09:19:42,10,NIE,,
w-2023,9,28.04.2023,28.04.2023 12:30:19,15,64,Łódzkie,30,Choroby wewnętrzne,2023/002133,Rezydencki,72.95,3.16,12.02.2023 14:25:50,10,NIE,,
w-2023,9,28.04.2023,28.04.2023 12:30:19,15,64,Łódzkie,31,Choroby wewnętrzne,2023/002237,Rezydencki,71.50,0.00,20.03.2023 15:03:07,10,NIE,,
w-2023,9,28.04.2023,28.04.2023 12:30:19,15,64,Łódzkie,32,Choroby wewnętrzne,2023/001974,Rezydencki,71.22,3.50,08.03.2023 12:31:06,10,NIE,,
w-2023,9,28.04.2023,28.04.2023 12:30:19,15,64,Łódzkie,33,Choroby wewnętrzne,2023/001143,Rezydencki,65.37,3.24,02.02.2023 17:51:21,10,NIE,,
w-2023,9,28.04.2023,28.04.2023 12:30:19,15,64,Łódzkie,34,Choroby wewnętrzne,2023/003740,Pozarezydencki,0.00,0.00,13.03.2023 08:34:39,1,NIE,,
w-2023,9,28.04.2023,28.04.2023 12:30:19,15,64,Łódzkie,35,Diabetologia,2023/005305,Rezydencki,79.90,3.75,28.02.2023 23:18:35,1,NIE,,
w-2023,9,28.04.2023,28.04.2023 12:30:19,15,64,Łódzkie,36,Diabetologia,2023/005046,Pozarezydencki,77.31,0.00,10.03.2023 13:15:07,5,NIE,,
w-2023,9,28.04.2023,28.04.2023 12:30:19,15,64,Łódzkie,37,Diabetologia,2023/001825,Pozarezydencki,72.50,0.00,03.03.2023 08:07:37,5,NIE,,
w-2023,9,28.04.2023,28.04.2023 12:30:19,15,64,Łódzkie,38,Diabetologia,2023/004964,Pozarezydencki,70.91,0.00,28.03.2023 21:24:11,5,NIE,,
w-2023,9,28.04.2023,28.04.2023 12:30:19,15,64,Łódzkie,39,Diabetologia,2023/001450,Pozarezydencki,69.16,4.33,07.03.2023 14:45:59,5,NIE,,
w-2023,9,28.04.2023,28.04.2023 12:30:19,15,64,Łódzkie,40,Diabetologia,2023/005372,Pozarezydencki,63.92,3.69,15.03.2023 13:52:51,5,NIE,,
w-2023,9,28.04.2023,28.04.2023 12:30:19,15,64,Łódzkie,41,Endokrynologia,2023/001772,Rezydencki,90.34,4.41,07.02.2023 23:05:06,1,NIE,,
w-2023,9,28.04.2023,28.04.2023 12:30:19,15,64,Łódzkie,42,Gastroenterologia,2023/004019,Rezydencki,89.71,4.01,26.02.2023 11:13:00,1,NIE,,
w-2023,9,28.04.2023,28.04.2023 12:30:19,15,64,Łódzkie,43,Gastroenterologia,2023/002836,Pozarezydencki,75.45,4.56,17.03.2023 10:12:29,1,NIE,,
w-2023,9,28.04.2023,28.04.2023 12:30:19,15,64,Łódzkie,44,Gastroenterologia dziecięca,2023/003289,Pozarezydencki,76.91,3.58,06.03.2023 16:11:52,2,NIE,,
w-2023,9,28.04.2023,28.04.2023 12:30:19,15,64,Łódzkie,45,Gastroenterologia dziecięca,2023/002032,Pozarezydencki,70.91,4.03,10.03.2023 19:30:46,2,NIE,,
w-2023,9,28.04.2023,28.04.2023 12:30:19,15,64,Łódzkie,46,Hematologia,2023/003789,Pozarezydencki,84.55,0.00,10.03.2023 14:19:34,1,NIE,,
w-2023,9,28.04.2023,28.04.2023 12:30:19,15,64,Łódzkie,47,Hipertensjologia,2023/002510,Pozarezydencki,80.23,0.00,15.02.2023 21:57:34,2,NIE,,
w-2023,9,28.04.2023,28.04.2023 12:30:19,15,64,Łódzkie,48,Hipertensjologia,2023/002500,Pozarezydencki,75.68,0.00,15.02.2023 21:41:12,2,NIE,,
w-2023,9,28.04.2023,28.04.2023 12:30:19,15,64,Łódzkie,49,Immunologia kliniczna,2023/001196,Pozarezydencki,89.09,2.96,08.03.2023 10:07:31,2,NIE,,
w-2023,9,28.04.2023,28.04.2023 12:30:19,15,64,Łódzkie,50,Immunologia kliniczna,2023/001941,Pozarezydencki,76.51,3.85,21.02.2023 16:53:51,2,NIE,,
w-2023,9,28.04.2023,28.04.2023 12:30:19,15,64,Łódzkie,51,Kardiochirurgia,2023/001853,Rezydencki,73.43,3.97,07.03.2023 14:48:56,1,NIE,,
w-2023,9,28.04.2023,28.04.2023 12:30:19,15,64,Łódzkie,52,Kardiologia,2023/003244,Rezydencki,87.25,4.00,27.02.2023 08:26:01,13,NIE,,
w-2023,9,28.04.2023,28.04.2023 12:30:19,15,64,Łódzkie,53,Kardiologia,2023/001091,Rezydencki,87.20,4.19,03.03.2023 16:18:41,13,NIE,,
w-2023,9,28.04.2023,28.04.2023 12:30:19,15,64,Łódzkie,54,Kardiologia,2023/000963,Rezydencki,86.96,4.22,08.03.2023 09:26:19,13,NIE,,
w-2023,9,28.04.2023,28.04.2023 12:30:19,15,64,Łódzkie,55,Kardiologia,2023/001926,Rezydencki,86.27,4.05,24.02.2023 10:33:47,13,NIE,,
w-2023,9,28.04.2023,28.04.2023 12:30:19,15,64,Łódzkie,56,Kardiologia,2023/004408,Rezydencki,85.99,4.49,08.03.2023 08:43:50,13,NIE,,
w-2023,9,28.04.2023,28.04.2023 12:30:19,15,64,Łódzkie,57,Kardiologia,2023/002098,Rezydencki,85.99,4.17,13.02.2023 10:42:08,13,NIE,,
w-2023,9,28.04.2023,28.04.2023 12:30:19,15,64,Łódzkie,58,Kardiologia,2023/004431,Rezydencki,85.99,3.61,28.02.2023 21:58:11,13,NIE,,
w-2023,9,28.04.2023,28.04.2023 12:30:19,15,64,Łódzkie,59,Kardiologia,2023/004042,Rezydencki,85.99,3.57,28.02.2023 17:51:06,13,NIE,,
w-2023,9,28.04.2023,28.04.2023 12:30:19,15,64,Łódzkie,60,Kardiologia,2023/003949,Rezydencki,85.99,0.00,27.02.2023 21:41:08,13,NIE,,
w-2023,9,28.04.2023,28.04.2023 12:30:19,15,64,Łódzkie,61,Kardiologia,2023/005286,Rezydencki,85.78,3.79,28.02.2023 22:55:21,13,NIE,,
w-2023,9,28.04.2023,28.04.2023 12:30:19,16,64,Łódzkie,62,Kardiologia,2023/001284,Rezydencki,85.51,3.91,03.02.2023 19:39:44,13,NIE,,
w-2023,9,28.04.2023,28.04.2023 12:30:19,16,64,Łódzkie,63,Kardiologia,2023/005143,Rezydencki,85.02,3.69,13.03.2023 20:39:07,13,NIE,,
w-2023,9,28.04.2023,28.04.2023 12:30:19,16,64,Łódzkie,64,Kardiologia,2023/004951,Rezydencki,84.54,3.89,28.02.2023 20:35:28,13,NIE,,
w-2023,9,28.04.2023,28.04.2023 12:30:19,16,64,Łódzkie,65,Kardiologia,2023/002931,Pozarezydencki,80.00,4.05,10.03.2023 12:08:37,3,NIE,,
w-2023,9,28.04.2023,28.04.2023 12:30:19,16,64,Łódzkie,66,Kardiologia,2023/005060,Pozarezydencki,77.65,3.72,05.03.2023 23:09:40,3,NIE,,
w-2023,9,28.04.2023,28.04.2023 12:30:19,16,64,Łódzkie,67,Kardiologia,2023/002522,Pozarezydencki,73.18,3.96,16.03.2023 13:40:57,3,NIE,,
w-2023,9,28.04.2023,28.04.2023 12:30:19,16,64,Łódzkie,68,Kardiologia dziecięca,2023/004810,Rezydencki,83.09,4.29,28.02.2023 21:12:48,1,NIE,,
w-2023,9,28.04.2023,28.04.2023 12:30:19,16,64,Łódzkie,69,Kardiologia dziecięca,2023/003898,Pozarezydencki,82.05,3.84,06.03.2023 12:30:46,1,NIE,,
w-2023,9,28.04.2023,28.04.2023 12:30:19,16,64,Łódzkie,70,Medycyna nuklearna,2023/004113,Rezydencki,57.28,2.94,26.03.2023 22:54:02,1,NIE,,
w-2023,9,28.04.2023,28.04.2023 12:30:19,16,64,Łódzkie,71,Medycyna nuklearna,2023/001529,Pozarezydencki,76.61,4.63,09.03.2023 23:49:14,1,NIE,,
w-2023,9,28.04.2023,28.04.2023 12:30:19,16,64,Łódzkie,72,Medycyna paliatywna,2023/001357,Pozarezydencki,84.55,4.43,18.02.2023 13:28:35,1,NIE,,
w-2023,9,28.04.2023,28.04.2023 12:30:19,16,64,Łódzkie,73,Medycyna pracy,2023/001512,Pozarezydencki,72.92,3.79,07.03.2023 18:16:38,6,NIE,,
w-2023,9,28.04.2023,28.04.2023 12:30:19,16,64,Łódzkie,74,Medycyna pracy,2023/005094,Pozarezydencki,70.91,4.26,16.03.2023 12:41:52,6,NIE,,
w-2023,9,28.04.2023,28.04.2023 12:30:19,16,64,Łódzkie,75,Medycyna pracy,2023/002570,Pozarezydencki,70.05,0.00,09.03.2023 10:39:23,6,NIE,,
w-2023,9,28.04.2023,28.04.2023 12:30:19,16,64,Łódzkie,76,Medycyna pracy,2023/004097,Pozarezydencki,69.45,0.00,17.03.2023 12:59:21,6,NIE,,
w-2023,9,28.04.2023,28.04.2023 12:30:19,16,64,Łódzkie,77,Medycyna pracy,2023/005173,Pozarezydencki,64.68,0.00,24.03.2023 11:41:56,6,NIE,,
w-2023,9,28.04.2023,28.04.2023 12:30:19,16,64,Łódzkie,78,Medycyna pracy,2023/001737,Pozarezydencki,61.82,3.05,03.03.2023 17:58:05,6,NIE,,
w-2023,9,28.04.2023,28.04.2023 12:30:19,16,64,Łódzkie,79,Medycyna rodzinna,2023/002096,Rezydencki,89.37,4.33,11.02.2023 22:22:00,16,NIE,,
w-2023,9,28.04.2023,28.04.2023 12:30:19,16,64,Łódzkie,80,Medycyna rodzinna,2023/004571,Rezydencki,87.92,4.24,08.03.2023 12:52:37,16,NIE,,
w-2023,9,28.04.2023,28.04.2023 12:30:19,16,64,Łódzkie,81,Medycyna rodzinna,2023/004237,Rezydencki,86.27,3.54,26.02.2023 20:56:22,16,NIE,,
w-2023,9,28.04.2023,28.04.2023 12:30:19,16,64,Łódzkie,82,Medycyna rodzinna,2023/002045,Rezydencki,85.99,4.31,11.02.2023 19:03:59,16,NIE,,
w-2023,9,28.04.2023,28.04.2023 12:30:19,16,64,Łódzkie,83,Medycyna rodzinna,2023/003553,Rezydencki,85.78,3.84,24.02.2023 17:32:52,16,NIE,,
w-2023,9,28.04.2023,28.04.2023 12:30:19,16,64,Łódzkie,84,Medycyna rodzinna,2023/003224,Rezydencki,85.02,3.91,02.03.2023 12:36:04,16,NIE,,
w-2023,9,28.04.2023,28.04.2023 12:30:19,16,64,Łódzkie,85,Medycyna rodzinna,2023/002990,Rezydencki,84.39,4.10,11.03.2023 10:20:29,16,NIE,,
w-2023,9,28.04.2023,28.04.2023 12:30:19,16,64,Łódzkie,86,Medycyna rodzinna,2023/004724,Rezydencki,84.06,3.22,27.02.2023 22:32:13,16,NIE,,
w-2023,9,28.04.2023,28.04.2023 12:30:19,16,64,Łódzkie,87,Medycyna rodzinna,2023/001600,Rezydencki,83.09,3.74,28.02.2023 15:46:03,16,NIE,,
w-2023,9,28.04.2023,28.04.2023 12:30:19,16,64,Łódzkie,88,Medycyna rodzinna,2023/004031,Rezydencki,82.61,3.61,07.03.2023 21:02:58,16,NIE,,
w-2023,9,28.04.2023,28.04.2023 12:30:19,16,64,Łódzkie,89,Medycyna rodzinna,2023/003251,Rezydencki,82.38,3.43,28.02.2023 14:04:23,16,NIE,,
w-2023,9,28.04.2023,28.04.2023 12:30:19,16,64,Łódzkie,90,Medycyna rodzinna,2023/002194,Rezydencki,81.86,3.74,24.02.2023 10:47:54,16,NIE,,
w-2023,9,28.04.2023,28.04.2023 12:30:19,16,64,Łódzkie,91,Medycyna rodzinna,2023/001467,Rezydencki,74.88,3.39,26.02.2023 00:38:55,16,NIE,,
w-2023,9,28.04.2023,28.04.2023 12:30:19,16,64,Łódzkie,92,Medycyna rodzinna,2023/005185,Rezydencki,74.26,0.00,12.03.2023 20:27:53,16,NIE,,
w-2023,9,28.04.2023,28.04.2023 12:30:19,16,64,Łódzkie,93,Medycyna rodzinna,2023/003275,Rezydencki,72.95,3.14,27.02.2023 15:52:57,16,NIE,,
w-2023,9,28.04.2023,28.04.2023 12:30:19,16,64,Łódzkie,94,Medycyna rodzinna,2023/004670,Rezydencki,69.12,0.00,16.03.2023 22:21:07,16,NIE,,
w-2023,9,28.04.2023,28.04.2023 12:30:19,16,64,Łódzkie,95,Medycyna rodzinna,2023/002317,Pozarezydencki,89.32,3.22,09.03.2023 22:24:34,5,NIE,,
w-2023,9,28.04.2023,28.04.2023 12:30:19,16,64,Łódzkie,96,Medycyna rodzinna,2023/001006,Pozarezydencki,85.81,4.69,01.02.2023 21:13:18,5,NIE,,
w-2023,9,28.04.2023,28.04.2023 12:30:19,16,64,Łódzkie,97,Medycyna rodzinna,2023/000801,Pozarezydencki,77.27,3.38,01.02.2023 08:45:41,5,NIE,,
w-2023,9,28.04.2023,28.04.2023 12:30:19,16,64,Łódzkie,98,Medycyna rodzinna,2023/005136,Pozarezydencki,56.54,0.00,24.03.2023 10:04:17,5,NIE,,
w-2023,9,28.04.2023,28.04.2023 12:30:19,16,64,Łódzkie,99,Medycyna rodzinna,2023/001856,Pozarezydencki,56.22,0.00,11.03.2023 18:13:01,5,NIE,,
w-2023,9,28.04.2023,28.04.2023 12:30:19,17,64,Łódzkie,100,Mikrobiologia lekarska,2023/000793,Rezydencki,71.71,3.36,21.02.2023 20:00:13,1,NIE,,
w-2023,9,28.04.2023,28.04.2023 12:30:19,17,64,Łódzkie,101,Nefrologia,2023/004338,Rezydencki,87.25,4.31,26.02.2023 23:48:06,1,NIE,,
w-2023,9,28.04.2023,28.04.2023 12:30:19,17,64,Łódzkie,102,Nefrologia,2023/003778,Pozarezydencki,75.45,4.24,08.03.2023 15:27:57,3,NIE,,
w-2023,9,28.04.2023,28.04.2023 12:30:19,17,64,Łódzkie,103,Nefrologia,2023/003676,Pozarezydencki,74.55,0.00,15.03.2023 20:56:26,3,NIE,,
w-2023,9,28.04.2023,28.04.2023 12:30:19,17,64,Łódzkie,104,Nefrologia,2023/004048,Pozarezydencki,62.73,3.74,14.03.2023 16:36:49,3,NIE,,
w-2023,9,28.04.2023,28.04.2023 12:30:19,17,64,Łódzkie,105,Neonatologia,2023/005382,Rezydencki,75.00,3.79,28.02.2023 23:57:11,2,NIE,,
w-2023,9,28.04.2023,28.04.2023 12:30:19,17,64,Łódzkie,106,Neonatologia,2023/004667,Rezydencki,59.80,3.93,12.03.2023 08:47:41,2,NIE,,
w-2023,9,28.04.2023,28.04.2023 12:30:19,17,64,Łódzkie,107,Neurologia,2023/003206,Rezydencki,88.73,3.61,27.02.2023 20:50:24,7,NIE,,
w-2023,9,28.04.2023,28.04.2023 12:30:19,17,64,Łódzkie,108,Neurologia,2023/001188,Rezydencki,85.99,4.08,13.02.2023 19:23:23,7,NIE,,
w-2023,9,28.04.2023,28.04.2023 12:30:19,17,64,Łódzkie,109,Neurologia,2023/002723,Rezydencki,85.78,3.69,23.02.2023 17:37:44,7,NIE,,
w-2023,9,28.04.2023,28.04.2023 12:30:19,17,64,Łódzkie,110,Neurologia,2023/001536,Rezydencki,84.54,3.97,15.02.2023 00:47:22,7,NIE,,
w-2023,9,28.04.2023,28.04.2023 12:30:19,17,64,Łódzkie,111,Neurologia,2023/001417,Rezydencki,84.54,3.78,24.02.2023 20:23:33,7,NIE,,
w-2023,9,28.04.2023,28.04.2023 12:30:19,17,64,Łódzkie,112,Neurologia,2023/001633,Rezydencki,70.39,4.57,04.03.2023 11:45:49,7,NIE,,
w-2023,9,28.04.2023,28.04.2023 12:30:19,17,64,Łódzkie,113,Neurologia,2023/002674,Rezydencki,56.52,2.50,23.03.2023 13:27:31,7,NIE,,
w-2023,9,28.04.2023,28.04.2023 12:30:19,17,64,Łódzkie,114,Neurologia,2023/004638,Pozarezydencki,67.95,0.00,27.02.2023 21:03:11,1,NIE,,
w-2023,9,28.04.2023,28.04.2023 12:30:19,17,64,Łódzkie,115,Okulistyka,2023/002175,Rezydencki,87.44,3.88,27.02.2023 19:39:55,1,NIE,,
w-2023,9,28.04.2023,28.04.2023 12:30:19,17,64,Łódzkie,116,Okulistyka,2023/004745,Pozarezydencki,82.71,3.97,15.03.2023 14:06:09,3,NIE,,
w-2023,9,28.04.2023,28.04.2023 12:30:19,17,64,Łódzkie,117,Okulistyka,2023/003479,Pozarezydencki,82.26,4.13,27.02.2023 20:59:08,3,NIE,,
w-2023,9,28.04.2023,28.04.2023 12:30:19,17,64,Łódzkie,118,Okulistyka,2023/004034,Pozarezydencki,82.03,3.60,09.03.2023 11:37:18,3,NIE,,
w-2023,9,28.04.2023,28.04.2023 12:30:19,17,64,Łódzkie,119,Onkologia kliniczna,2023/002132,Pozarezydencki,66.97,4.36,12.03.2023 23:27:18,1,NIE,,
w-2023,9,28.04.2023,28.04.2023 12:30:19,17,64,Łódzkie,120,Ortopedia i traumatologia narządu ruchu,2023/004692,Rezydencki,86.76,3.75,27.02.2023 21:53:10,6,NIE,,
w-2023,9,28.04.2023,28.04.2023 12:30:19,17,64,Łódzkie,121,Ortopedia i traumatologia narządu ruchu,2023/001079,Rezydencki,84.54,3.50,19.02.2023 16:06:32,6,NIE,,
w-2023,9,28.04.2023,28.04.2023 12:30:19,17,64,Łódzkie,122,Ortopedia i traumatologia narządu ruchu,2023/002739,Rezydencki,82.84,3.56,28.02.2023 16:18:48,6,NIE,,
w-2023,9,28.04.2023,28.04.2023 12:30:19,17,64,Łódzkie,123,Ortopedia i traumatologia narządu ruchu,2023/003909,Rezydencki,76.81,3.37,04.03.2023 22:08:13,6,NIE,,
w-2023,9,28.04.2023,28.04.2023 12:30:19,17,64,Łódzkie,124,Ortopedia i traumatologia narządu ruchu,2023/003643,Rezydencki,71.08,3.81,08.03.2023 17:55:37,6,NIE,,
w-2023,9,28.04.2023,28.04.2023 12:30:19,17,64,Łódzkie,125,Ortopedia i traumatologia narządu ruchu,2023/004003,Rezydencki,54.29,3.17,26.02.2023 02:18:29,6,NIE,,
w-2023,9,28.04.2023,28.04.2023 12:30:19,17,64,Łódzkie,126,Ortopedia i traumatologia narządu ruchu,2023/003733,Pozarezydencki,68.64,3.15,27.03.2023 19:05:38,1,NIE,,
w-2023,9,28.04.2023,28.04.2023 12:30:19,17,64,Łódzkie,127,Otorynolaryngologia,2023/004184,Pozarezydencki,80.37,4.02,20.03.2023 17:39:23,1,NIE,,
w-2023,9,28.04.2023,28.04.2023 12:30:19,17,64,Łódzkie,128,Otorynolaryngologia dziecięca,2023/001563,Pozarezydencki,77.98,4.03,04.03.2023 14:02:08,1,NIE,,
w-2023,9,28.04.2023,28.04.2023 12:30:19,17,64,Łódzkie,129,Patomorfologia,2023/003938,Pozarezydencki,71.70,4.68,08.03.2023 14:51:53,1,NIE,,
w-2023,9,28.04.2023,28.04.2023 12:30:19,17,64,Łódzkie,130,Pediatria,2023/002627,Rezydencki,86.67,4.40,14.03.2023 13:28:01,2,NIE,,
w-2023,9,28.04.2023,28.04.2023 12:30:19,17,64,Łódzkie,131,Pediatria,2023/004457,Rezydencki,72.46,3.61,27.02.2023 16:04:46,2,NIE,,
w-2023,9,28.04.2023,28.04.2023 12:30:19,17,64,Łódzkie,132,Perinatologia,2023/002770,Pozarezydencki,80.45,4.18,10.03.2023 12:08:27,2,NIE,,
w-2023,9,28.04.2023,28.04.2023 12:30:19,17,64,Łódzkie,133,Perinatologia,2023/003950,Pozarezydencki,72.05,4.62,09.03.2023 09:00:02,2,NIE,,
w-2023,9,28.04.2023,28.04.2023 12:30:19,17,64,Łódzkie,134,Położnictwo i ginekologia,2023/000818,Rezydencki,90.20,4.11,27.02.2023 16:50:19,14,NIE,,
w-2023,9,28.04.2023,28.04.2023 12:30:19,17,64,Łódzkie,135,Położnictwo i ginekologia,2023/004821,Rezydencki,88.24,4.08,18.03.2023 00:19:06,14,NIE,,
w-2023,9,28.04.2023,28.04.2023 12:30:19,17,64,Łódzkie,136,Położnictwo i ginekologia,2023/003622,Rezydencki,87.75,4.15,09.03.2023 12:19:45,14,NIE,,
w-2023,9,28.04.2023,28.04.2023 12:30:19,17,64,Łódzkie,137,Położnictwo i ginekologia,2023/001822,Rezydencki,86.47,4.15,24.02.2023 21:04:43,14,NIE,,
w-2023,9,28.04.2023,28.04.2023 12:30:19,18,64,Łódzkie,138,Położnictwo i ginekologia,2023/002527,Rezydencki,85.78,3.26,26.02.2023 22:00:38,14,NIE,,
w-2023,9,28.04.2023,28.04.2023 12:30:19,18,64,Łódzkie,139,Położnictwo i ginekologia,2023/003790,Rezydencki,85.29,3.36,03.03.2023 17:15:39,14,NIE,,
w-2023,9,28.04.2023,28.04.2023 12:30:19,18,64,Łódzkie,140,Położnictwo i ginekologia,2023/004125,Rezydencki,84.88,3.66,08.03.2023 09:28:52,14,NIE,,
w-2023,9,28.04.2023,28.04.2023 12:30:19,18,64,Łódzkie,141,Położnictwo i ginekologia,2023/004751,Rezydencki,83.57,3.78,16.03.2023 13:59:12,14,NIE,,
w-2023,9,28.04.2023,28.04.2023 12:30:19,18,64,Łódzkie,142,Położnictwo i ginekologia,2023/002862,Rezydencki,82.84,5.00,25.02.2023 16:29:54,14,NIE,,
w-2023,9,28.04.2023,28.04.2023 12:30:19,18,64,Łódzkie,143,Położnictwo i ginekologia,2023/003096,Rezydencki,82.61,3.60,21.02.2023 13:28:02,14,NIE,,
w-2023,9,28.04.2023,28.04.2023 12:30:19,18,64,Łódzkie,144,Położnictwo i ginekologia,2023/002488,Rezydencki,82.35,3.83,27.02.2023 22:53:54,14,NIE,,
w-2023,9,28.04.2023,28.04.2023 12:30:19,18,64,Łódzkie,145,Położnictwo i ginekologia,2023/004844,Rezydencki,81.16,3.88,28.02.2023 22:56:01,14,NIE,,
w-2023,9,28.04.2023,28.04.2023 12:30:19,18,64,Łódzkie,146,Położnictwo i ginekologia,2023/003000,Rezydencki,80.92,3.44,10.03.2023 11:20:45,14,NIE,,
w-2023,9,28.04.2023,28.04.2023 12:30:19,18,64,Łódzkie,147,Położnictwo i ginekologia,2023/002361,Rezydencki,69.12,4.91,23.02.2023 22:14:17,14,NIE,,
w-2023,9,28.04.2023,28.04.2023 12:30:19,18,64,Łódzkie,148,Protetyka stomatologiczna,2023/002533,Rezydencki,85.51,3.74,20.02.2023 18:10:15,3,NIE,,
w-2023,9,28.04.2023,28.04.2023 12:30:19,18,64,Łódzkie,149,Protetyka stomatologiczna,2023/004781,Rezydencki,84.06,3.89,27.02.2023 23:19:16,3,NIE,,
w-2023,9,28.04.2023,28.04.2023 12:30:19,18,64,Łódzkie,150,Protetyka stomatologiczna,2023/001007,Rezydencki,83.73,3.58,15.03.2023 09:42:47,3,NIE,,
w-2023,9,28.04.2023,28.04.2023 12:30:19,18,64,Łódzkie,151,Psychiatria,2023/002323,Rezydencki,89.37,4.16,21.02.2023 15:05:32,6,NIE,,
w-2023,9,28.04.2023,28.04.2023 12:30:19,18,64,Łódzkie,152,Psychiatria,2023/000979,Rezydencki,89.22,3.89,24.02.2023 11:52:57,6,NIE,,
w-2023,9,28.04.2023,28.04.2023 12:30:19,18,64,Łódzkie,153,Psychiatria,2023/005152,Rezydencki,86.83,3.88,08.03.2023 13:34:24,6,NIE,,
w-2023,9,28.04.2023,28.04.2023 12:30:19,18,64,Łódzkie,154,Psychiatria,2023/002093,Rezydencki,84.31,3.35,06.03.2023 11:21:51,6,NIE,,
w-2023,9,28.04.2023,28.04.2023 12:30:19,18,64,Łódzkie,155,Psychiatria,2023/003131,Rezydencki,81.46,3.86,27.02.2023 17:07:32,6,NIE,,
w-2023,9,28.04.2023,28.04.2023 12:30:19,18,64,Łódzkie,156,Psychiatria,2023/003252,Rezydencki,78.05,3.46,28.02.2023 22:27:36,6,NIE,,
w-2023,9,28.04.2023,28.04.2023 12:30:19,18,64,Łódzkie,157,Psychiatria,2023/002927,Pozarezydencki,76.42,4.28,09.03.2023 12:03:46,2,NIE,,
w-2023,9,28.04.2023,28.04.2023 12:30:19,18,64,Łódzkie,158,Psychiatria,2023/004658,Pozarezydencki,70.91,3.90,10.03.2023 21:27:34,2,NIE,,
w-2023,9,28.04.2023,28.04.2023 12:30:19,18,64,Łódzkie,159,Psychiatria dzieci i młodzieży,2023/002537,Rezydencki,87.25,4.36,22.02.2023 18:03:57,2,NIE,,
w-2023,9,28.04.2023,28.04.2023 12:30:19,18,64,Łódzkie,160,Psychiatria dzieci i młodzieży,2023/001544,Rezydencki,84.06,4.21,28.02.2023 18:10:33,2,NIE,,
w-2023,9,28.04.2023,28.04.2023 12:30:19,18,64,Łódzkie,161,Psychiatria dzieci i młodzieży,2023/002222,Pozarezydencki,69.09,4.39,09.03.2023 11:44:38,1,NIE,,
w-2023,9,28.04.2023,28.04.2023 12:30:19,18,64,Łódzkie,162,Radiologia i diagnostyka obrazowa,2023/004760,Rezydencki,90.69,3.91,27.02.2023 22:56:25,2,NIE,,
w-2023,9,28.04.2023,28.04.2023 12:30:19,18,64,Łódzkie,163,Radiologia i diagnostyka obrazowa,2023/002787,Rezydencki,88.73,3.87,26.02.2023 12:16:49,2,NIE,,
w-2023,9,28.04.2023,28.04.2023 12:30:19,18,64,Łódzkie,164,Rehabilitacja medyczna,2023/003404,Pozarezydencki,69.50,0.00,22.02.2023 23:00:06,1,NIE,,
w-2023,9,28.04.2023,28.04.2023 12:30:19,18,64,Łódzkie,165,Reumatologia,2023/003960,Rezydencki,88.24,3.56,20.03.2023 12:16:57,1,NIE,,
w-2023,9,28.04.2023,28.04.2023 12:30:19,18,64,Łódzkie,166,Stomatologia dziecięca,2023/002430,Rezydencki,82.86,3.82,15.02.2023 10:45:31,1,NIE,,
w-2023,9,28.04.2023,28.04.2023 12:30:19,18,64,Łódzkie,167,Transfuzjologia kliniczna,2023/001335,Pozarezydencki,63.64,3.73,09.03.2023 20:10:27,2,NIE,,
w-2023,9,28.04.2023,28.04.2023 12:30:19,18,64,Łódzkie,168,Transfuzjologia kliniczna,2023/004301,Pozarezydencki,63.18,0.00,11.03.2023 22:55:38,2,NIE,,
w-2023,9,28.04.2023,28.04.2023 12:30:19,18,64,Łódzkie,169,Urologia,2023/003891,Rezydencki,87.44,3.95,25.02.2023 14:59:47,3,NIE,,
w-2023,9,28.04.2023,28.04.2023 12:30:19,18,64,Łódzkie,170,Urologia,2023/003207,Rezydencki,87.25,4.12,27.02.2023 21:00:53,3,NIE,,
w-2023,9,28.04.2023,28.04.2023 12:30:19,18,64,Łódzkie,171,Urologia,2023/001770,Rezydencki,85.02,3.47,13.03.2023 10:09:34,3,NIE,,
w-2023,9,28.04.2023,28.04.2023 12:30:19,18,64,Łódzkie,172,Urologia,2023/002735,Pozarezydencki,66.36,3.96,09.03.2023 21:29:30,1,NIE,,
w-2023,9,28.04.2023,28.04.2023 12:30:19,19,64,Łódzkie,1,Choroby wewnętrzne,2023/000942,Rezydencki,80.68,3.76,03.03.2023 13:58:46,1,TAK,Samodzielny Publiczny Zakład Opieki Zdrowotnej Uniwersytecki Szpital Kliniczny im. Wojskowej Akademii Medycznej Uniwersytetu Medycznego w,Łodzi - Centralny Szpital Weteranów Klinika Chorób Wewnętrznych i Nefrodiabetologii
w-2023,9,28.04.2023,28.04.2023 12:30:19,19,64,Łódzkie,1,Chirurgia stomatologiczna,2023/001616,Rezydencki,66.83,3.19,12.02.2023 21:25:21,1,TAK,Samodzielny Publiczny Zakład Opieki Zdrowotnej Uniwersytecki Szpital Kliniczny im. Wojskowej Akademii Medycznej Uniwersytetu Medycznego w,Łodzi - Centralny Szpital Weteranów<list>Klinika Chirurgii Szczękowo-Twarzowej</list> Klinika Chirurgii Szczękowo-Twarzowej
w-2023,9,28.04.2023,28.04.2023 12:30:19,19,64,Małopolskie,1,Alergologia,2023/004640,Rezydencki,86.67,4.36,20.03.2023 12:43:17,1,NIE,,
w-2023,9,28.04.2023,28.04.2023 12:30:19,19,64,Małopolskie,2,Alergologia,2023/002286,Pozarezydencki,80.00,4.30,14.03.2023 15:27:40,1,NIE,,
w-2023,9,28.04.2023,28.04.2023 12:30:19,19,64,Małopolskie,3,Anestezjologia i intensywna terapia,2023/002875,Rezydencki,92.38,4.44,16.03.2023 13:55:18,16,NIE,,
w-2023,9,28.04.2023,28.04.2023 12:30:19,19,64,Małopolskie,4,Anestezjologia i intensywna terapia,2023/001513,Rezydencki,88.29,3.51,17.03.2023 20:16:23,16,NIE,,
w-2023,9,28.04.2023,28.04.2023 12:30:19,19,64,Małopolskie,5,Anestezjologia i intensywna terapia,2023/004736,Rezydencki,87.25,4.25,28.02.2023 20:02:15,16,NIE,,
w-2023,9,28.04.2023,28.04.2023 12:30:19,19,64,Małopolskie,6,Anestezjologia i intensywna terapia,2023/004261,Rezydencki,86.76,4.10,28.02.2023 22:30:27,16,NIE,,
w-2023,9,28.04.2023,28.04.2023 12:30:19,19,64,Małopolskie,7,Anestezjologia i intensywna terapia,2023/002357,Rezydencki,86.10,3.81,17.03.2023 16:41:07,16,NIE,,
w-2023,9,28.04.2023,28.04.2023 12:30:19,19,64,Małopolskie,8,Anestezjologia i intensywna terapia,2023/004016,Rezydencki,85.99,3.69,28.02.2023 19:09:02,16,NIE,,
w-2023,9,28.04.2023,28.04.2023 12:30:19,19,64,Małopolskie,9,Anestezjologia i intensywna terapia,2023/004542,Rezydencki,84.06,3.51,21.03.2023 10:34:34,16,NIE,,
w-2023,9,28.04.2023,28.04.2023 12:30:19,19,64,Małopolskie,10,Anestezjologia i intensywna terapia,2023/001486,Rezydencki,83.66,3.64,06.02.2023 10:24:02,16,NIE,,
w-2023,9,28.04.2023,28.04.2023 12:30:19,19,64,Małopolskie,11,Anestezjologia i intensywna terapia,2023/001458,Rezydencki,83.33,3.98,16.03.2023 21:06:40,16,NIE,,
w-2023,9,28.04.2023,28.04.2023 12:30:19,19,64,Małopolskie,12,Anestezjologia i intensywna terapia,2023/003883,Rezydencki,82.84,4.33,25.02.2023 14:29:38,16,NIE,,
w-2023,9,28.04.2023,28.04.2023 12:30:19,19,64,Małopolskie,13,Anestezjologia i intensywna terapia,2023/004254,Rezydencki,82.68,3.99,26.02.2023 21:20:43,16,NIE,,
w-2023,9,28.04.2023,28.04.2023 12:30:19,19,64,Małopolskie,14,Anestezjologia i intensywna terapia,2023/001128,Rezydencki,82.61,3.82,16.03.2023 13:54:15,16,NIE,,
w-2023,9,28.04.2023,28.04.2023 12:30:19,19,64,Małopolskie,15,Anestezjologia i intensywna terapia,2023/004316,Rezydencki,81.16,3.59,19.03.2023 20:22:51,16,NIE,,
w-2023,9,28.04.2023,28.04.2023 12:30:19,19,64,Małopolskie,16,Anestezjologia i intensywna terapia,2023/002700,Rezydencki,76.81,3.50,28.02.2023 14:14:39,16,NIE,,
w-2023,9,28.04.2023,28.04.2023 12:30:19,19,64,Małopolskie,17,Anestezjologia i intensywna terapia,2023/002887,Rezydencki,75.12,3.66,23.03.2023 14:57:49,16,NIE,,
w-2023,9,28.04.2023,28.04.2023 12:30:19,19,64,Małopolskie,18,Anestezjologia i intensywna terapia,2023/003241,Rezydencki,74.15,3.67,22.02.2023 12:27:46,16,NIE,,
w-2023,9,28.04.2023,28.04.2023 12:30:19,19,64,Małopolskie,19,Anestezjologia i intensywna terapia,2023/003679,Pozarezydencki,67.45,0.00,24.03.2023 11:53:25,1,NIE,,
w-2023,9,28.04.2023,28.04.2023 12:30:19,19,64,Małopolskie,20,Balneologia i medycyna fizykalna,2023/000960,Pozarezydencki,73.86,3.69,21.03.2023 16:29:19,1,NIE,,
w-2023,9,28.04.2023,28.04.2023 12:30:19,19,64,Małopolskie,21,Chirurgia dziecięca,2023/004399,Rezydencki,78.05,3.98,27.03.2023 09:44:15,1,NIE,,
w-2023,9,28.04.2023,28.04.2023 12:30:19,19,64,Małopolskie,22,Chirurgia naczyniowa,2023/000917,Rezydencki,86.96,3.74,13.02.2023 21:27:48,1,NIE,,
w-2023,9,28.04.2023,28.04.2023 12:30:19,19,64,Małopolskie,23,Chirurgia naczyniowa,2023/000860,Pozarezydencki,68.66,3.39,15.03.2023 13:10:10,1,NIE,,
w-2023,9,28.04.2023,28.04.2023 12:30:19,19,64,Małopolskie,24,Chirurgia ogólna,2023/004443,Rezydencki,88.41,4.05,27.03.2023 11:21:03,4,NIE,,
w-2023,9,28.04.2023,28.04.2023 12:30:19,19,64,Małopolskie,25,Chirurgia ogólna,2023/001751,Rezydencki,85.51,3.79,28.02.2023 20:03:43,4,NIE,,
w-2023,9,28.04.2023,28.04.2023 12:30:19,19,64,Małopolskie,26,Chirurgia ogólna,2023/002188,Rezydencki,79.27,3.53,26.02.2023 10:38:28,4,NIE,,
w-2023,9,28.04.2023,28.04.2023 12:30:19,19,64,Małopolskie,27,Chirurgia ogólna,2023/002835,Rezydencki,57.49,3.10,15.03.2023 12:46:28,4,NIE,,
w-2023,9,28.04.2023,28.04.2023 12:30:19,20,64,Małopolskie,28,Chirurgia onkologiczna,2023/004852,Rezydencki,85.71,0.00,21.03.2023 09:33:50,1,NIE,,
w-2023,9,28.04.2023,28.04.2023 12:30:19,20,64,Małopolskie,29,Chirurgia onkologiczna,2023/002924,Pozarezydencki,80.00,3.73,28.03.2023 14:59:45,3,NIE,,
w-2023,9,28.04.2023,28.04.2023 12:30:19,20,64,Małopolskie,30,Chirurgia onkologiczna,2023/001201,Pozarezydencki,74.53,4.10,20.03.2023 22:13:06,3,NIE,,
w-2023,9,28.04.2023,28.04.2023 12:30:19,20,64,Małopolskie,31,Chirurgia onkologiczna,2023/001791,Pozarezydencki,71.30,3.12,29.03.2023 10:04:33,3,NIE,,
w-2023,9,28.04.2023,28.04.2023 12:30:19,20,64,Małopolskie,32,Chirurgia szczękowo-twarzowa,2023/003918,Rezydencki,84.54,3.57,28.02.2023 20:02:10,2,NIE,,
w-2023,9,28.04.2023,28.04.2023 12:30:19,20,64,Małopolskie,33,Chirurgia szczękowo-twarzowa,2023/004126,Rezydencki,83.82,0.00,28.02.2023 22:49:06,2,NIE,,
w-2023,9,28.04.2023,28.04.2023 12:30:19,20,64,Małopolskie,34,Choroby płuc,2023/003820,Rezydencki,88.97,4.06,28.02.2023 22:16:07,1,NIE,,
w-2023,9,28.04.2023,28.04.2023 12:30:19,20,64,Małopolskie,35,Choroby płuc,2023/004949,Pozarezydencki,75.45,3.88,21.03.2023 16:04:39,3,NIE,,
w-2023,9,28.04.2023,28.04.2023 12:30:19,20,64,Małopolskie,36,Choroby płuc,2023/003107,Pozarezydencki,75.45,0.00,19.03.2023 20:25:03,3,NIE,,
w-2023,9,28.04.2023,28.04.2023 12:30:19,20,64,Małopolskie,37,Choroby płuc,2023/002191,Pozarezydencki,65.00,4.03,06.03.2023 15:18:36,3,NIE,,
w-2023,9,28.04.2023,28.04.2023 12:30:19,20,64,Małopolskie,38,Choroby wewnętrzne,2023/001554,Rezydencki,88.89,4.52,13.03.2023 13:49:31,14,NIE,,
w-2023,9,28.04.2023,28.04.2023 12:30:19,20,64,Małopolskie,39,Choroby wewnętrzne,2023/001172,Rezydencki,86.47,3.70,28.02.2023 17:02:32,14,NIE,,
w-2023,9,28.04.2023,28.04.2023 12:30:19,20,64,Małopolskie,40,Choroby wewnętrzne,2023/002012,Rezydencki,85.29,4.10,28.03.2023 08:46:16,14,NIE,,
w-2023,9,28.04.2023,28.04.2023 12:30:19,20,64,Małopolskie,41,Choroby wewnętrzne,2023/002116,Rezydencki,85.02,3.78,23.02.2023 11:58:31,14,NIE,,
w-2023,9,28.04.2023,28.04.2023 12:30:19,20,64,Małopolskie,42,Choroby wewnętrzne,2023/002258,Rezydencki,84.54,3.53,28.02.2023 19:52:46,14,NIE,,
w-2023,9,28.04.2023,28.04.2023 12:30:19,20,64,Małopolskie,43,Choroby wewnętrzne,2023/004584,Rezydencki,82.44,3.17,22.03.2023 12:46:46,14,NIE,,
w-2023,9,28.04.2023,28.04.2023 12:30:19,20,64,Małopolskie,44,Choroby wewnętrzne,2023/005057,Rezydencki,81.95,3.64,16.03.2023 09:50:49,14,NIE,,
w-2023,9,28.04.2023,28.04.2023 12:30:19,20,64,Małopolskie,45,Choroby wewnętrzne,2023/002580,Rezydencki,81.46,4.03,28.02.2023 18:56:10,14,NIE,,
w-2023,9,28.04.2023,28.04.2023 12:30:19,20,64,Małopolskie,46,Choroby wewnętrzne,2023/003026,Rezydencki,80.98,3.63,15.03.2023 08:33:35,14,NIE,,
w-2023,9,28.04.2023,28.04.2023 12:30:19,20,64,Małopolskie,47,Choroby wewnętrzne,2023/003768,Rezydencki,80.49,4.14,29.03.2023 09:55:33,14,NIE,,
w-2023,9,28.04.2023,28.04.2023 12:30:19,20,64,Małopolskie,48,Choroby wewnętrzne,2023/003247,Rezydencki,80.19,3.65,28.02.2023 17:48:25,14,NIE,,
w-2023,9,28.04.2023,28.04.2023 12:30:19,20,64,Małopolskie,49,Choroby wewnętrzne,2023/002470,Rezydencki,72.95,3.55,25.03.2023 21:10:51,14,NIE,,
w-2023,9,28.04.2023,28.04.2023 12:30:19,20,64,Małopolskie,50,Choroby wewnętrzne,2023/003628,Rezydencki,71.01,4.03,23.02.2023 21:13:10,14,NIE,,
w-2023,9,28.04.2023,28.04.2023 12:30:19,20,64,Małopolskie,51,Choroby wewnętrzne,2023/005080,Rezydencki,69.08,3.75,22.03.2023 19:26:46,14,NIE,,
w-2023,9,28.04.2023,28.04.2023 12:30:19,20,64,Małopolskie,52,Choroby wewnętrzne,2023/003005,Pozarezydencki,74.07,3.80,23.03.2023 14:43:44,2,NIE,,
w-2023,9,28.04.2023,28.04.2023 12:30:19,20,64,Małopolskie,53,Choroby wewnętrzne,2023/004486,Pozarezydencki,73.61,4.43,13.03.2023 22:04:24,2,NIE,,
w-2023,9,28.04.2023,28.04.2023 12:30:19,20,64,Małopolskie,54,Choroby zakaźne,2023/003311,Rezydencki,85.51,4.58,23.02.2023 10:12:25,1,NIE,,
w-2023,9,28.04.2023,28.04.2023 12:30:19,20,64,Małopolskie,55,Choroby zakaźne,2023/001204,Pozarezydencki,80.00,4.32,17.03.2023 13:58:24,2,NIE,,
w-2023,9,28.04.2023,28.04.2023 12:30:19,20,64,Małopolskie,56,Choroby zakaźne,2023/001586,Pozarezydencki,70.91,3.97,17.03.2023 18:45:59,2,NIE,,
w-2023,9,28.04.2023,28.04.2023 12:30:19,20,64,Małopolskie,57,Dermatologia i wenerologia,2023/001377,Rezydencki,92.27,4.18,27.02.2023 22:58:46,5,NIE,,
w-2023,9,28.04.2023,28.04.2023 12:30:19,20,64,Małopolskie,58,Dermatologia i wenerologia,2023/003459,Rezydencki,90.93,4.34,27.02.2023 19:19:24,5,NIE,,
w-2023,9,28.04.2023,28.04.2023 12:30:19,20,64,Małopolskie,59,Dermatologia i wenerologia,2023/002766,Rezydencki,90.69,4.33,23.02.2023 19:36:13,5,NIE,,
w-2023,9,28.04.2023,28.04.2023 12:30:19,20,64,Małopolskie,60,Dermatologia i wenerologia,2023/002912,Rezydencki,90.69,4.27,27.02.2023 17:04:03,5,NIE,,
w-2023,9,28.04.2023,28.04.2023 12:30:19,20,64,Małopolskie,61,Dermatologia i wenerologia,2023/004274,Rezydencki,90.69,4.07,22.03.2023 14:47:59,5,NIE,,
w-2023,9,28.04.2023,28.04.2023 12:30:19,20,64,Małopolskie,62,Endokrynologia i diabetologia dziecięca,2023/001656,Pozarezydencki,82.01,3.99,15.03.2023 12:19:41,2,NIE,,
w-2023,9,28.04.2023,28.04.2023 12:30:19,20,64,Małopolskie,63,Endokrynologia i diabetologia dziecięca,2023/002140,Pozarezydencki,68.52,3.70,23.03.2023 22:36:18,2,NIE,,
w-2023,9,28.04.2023,28.04.2023 12:30:19,20,64,Małopolskie,64,Ginekologia onkologiczna,2023/002742,Pozarezydencki,75.70,4.10,12.03.2023 22:52:37,3,NIE,,
w-2023,9,28.04.2023,28.04.2023 12:30:19,20,64,Małopolskie,65,Ginekologia onkologiczna,2023/003121,Pozarezydencki,75.45,3.91,21.03.2023 12:03:52,3,NIE,,
w-2023,9,28.04.2023,28.04.2023 12:30:19,21,64,Małopolskie,66,Ginekologia onkologiczna,2023/001223,Pozarezydencki,70.91,3.38,20.03.2023 21:24:03,3,NIE,,
w-2023,9,28.04.2023,28.04.2023 12:30:19,21,64,Małopolskie,67,Hipertensjologia,2023/002064,Pozarezydencki,89.09,4.15,27.03.2023 22:03:00,3,NIE,,
w-2023,9,28.04.2023,28.04.2023 12:30:19,21,64,Małopolskie,68,Hipertensjologia,2023/002729,Pozarezydencki,75.47,4.07,12.03.2023 21:35:53,3,NIE,,
w-2023,9,28.04.2023,28.04.2023 12:30:19,21,64,Małopolskie,69,Hipertensjologia,2023/003211,Pozarezydencki,75.45,3.60,15.03.2023 13:55:27,3,NIE,,
w-2023,9,28.04.2023,28.04.2023 12:30:19,21,64,Małopolskie,70,Immunologia kliniczna,2023/003937,Pozarezydencki,81.14,4.09,21.03.2023 15:47:58,3,NIE,,
w-2023,9,28.04.2023,28.04.2023 12:30:19,21,64,Małopolskie,71,Immunologia kliniczna,2023/000896,Pozarezydencki,75.45,4.03,21.03.2023 12:30:30,3,NIE,,
w-2023,9,28.04.2023,28.04.2023 12:30:19,21,64,Małopolskie,72,Immunologia kliniczna,2023/005247,Pozarezydencki,72.95,0.00,28.02.2023 21:54:54,3,NIE,,
w-2023,9,28.04.2023,28.04.2023 12:30:19,21,64,Małopolskie,73,Intensywna terapia,2023/003208,Pozarezydencki,56.60,3.59,29.03.2023 23:50:28,1,NIE,,
w-2023,9,28.04.2023,28.04.2023 12:30:19,21,64,Małopolskie,74,Kardiologia,2023/001632,Rezydencki,87.80,3.83,26.02.2023 10:59:22,5,NIE,,
w-2023,9,28.04.2023,28.04.2023 12:30:19,21,64,Małopolskie,75,Kardiologia,2023/003181,Rezydencki,87.25,4.15,25.02.2023 22:02:26,5,NIE,,
w-2023,9,28.04.2023,28.04.2023 12:30:19,21,64,Małopolskie,76,Kardiologia,2023/005030,Rezydencki,86.27,3.67,28.02.2023 16:38:14,5,NIE,,
w-2023,9,28.04.2023,28.04.2023 12:30:19,21,64,Małopolskie,77,Kardiologia,2023/003961,Rezydencki,85.51,3.76,28.02.2023 22:00:40,5,NIE,,
w-2023,9,28.04.2023,28.04.2023 12:30:19,21,64,Małopolskie,78,Kardiologia,2023/003569,Rezydencki,85.02,4.02,23.02.2023 17:52:19,5,NIE,,
w-2023,9,28.04.2023,28.04.2023 12:30:19,21,64,Małopolskie,79,Kardiologia,2023/000928,Pozarezydencki,76.74,4.32,16.03.2023 15:26:16,5,NIE,,
w-2023,9,28.04.2023,28.04.2023 12:30:19,21,64,Małopolskie,80,Kardiologia,2023/005202,Pozarezydencki,70.91,0.00,16.03.2023 10:44:10,5,NIE,,
w-2023,9,28.04.2023,28.04.2023 12:30:19,21,64,Małopolskie,81,Kardiologia,2023/003237,Pozarezydencki,70.00,0.00,27.03.2023 11:30:29,5,NIE,,
w-2023,9,28.04.2023,28.04.2023 12:30:19,21,64,Małopolskie,82,Kardiologia,2023/004860,Pozarezydencki,61.11,0.00,16.03.2023 10:48:56,5,NIE,,
w-2023,9,28.04.2023,28.04.2023 12:30:19,21,64,Małopolskie,83,Kardiologia,2023/005090,Pozarezydencki,60.00,0.00,21.03.2023 23:40:11,5,NIE,,
w-2023,9,28.04.2023,28.04.2023 12:30:19,21,64,Małopolskie,84,Kardiologia dziecięca,2023/003767,Pozarezydencki,60.55,0.00,14.03.2023 08:33:48,1,NIE,,
w-2023,9,28.04.2023,28.04.2023 12:30:19,21,64,Małopolskie,85,Medycyna nuklearna,2023/001299,Pozarezydencki,79.25,4.37,14.03.2023 13:05:02,1,NIE,,
w-2023,9,28.04.2023,28.04.2023 12:30:19,21,64,Małopolskie,86,Medycyna paliatywna,2023/001023,Pozarezydencki,84.55,4.53,14.03.2023 12:19:18,4,NIE,,
w-2023,9,28.04.2023,28.04.2023 12:30:19,21,64,Małopolskie,87,Medycyna paliatywna,2023/002386,Pozarezydencki,76.42,0.00,23.03.2023 22:15:45,4,NIE,,
w-2023,9,28.04.2023,28.04.2023 12:30:19,21,64,Małopolskie,88,Medycyna paliatywna,2023/002686,Pozarezydencki,70.91,2.97,13.03.2023 17:31:53,4,NIE,,
w-2023,9,28.04.2023,28.04.2023 12:30:19,21,64,Małopolskie,89,Medycyna paliatywna,2023/001303,Pozarezydencki,55.82,0.00,27.03.2023 09:11:26,4,NIE,,
w-2023,9,28.04.2023,28.04.2023 12:30:19,21,64,Małopolskie,90,Medycyna pracy,2023/000967,Rezydencki,83.09,3.50,20.03.2023 15:26:00,1,NIE,,
w-2023,9,28.04.2023,28.04.2023 12:30:19,21,64,Małopolskie,91,Medycyna pracy,2023/001538,Pozarezydencki,89.09,3.44,22.03.2023 11:51:40,5,NIE,,
w-2023,9,28.04.2023,28.04.2023 12:30:19,21,64,Małopolskie,92,Medycyna pracy,2023/003182,Pozarezydencki,80.23,3.67,22.03.2023 22:35:58,5,NIE,,
w-2023,9,28.04.2023,28.04.2023 12:30:19,21,64,Małopolskie,93,Medycyna pracy,2023/002088,Pozarezydencki,76.17,3.57,20.03.2023 11:57:00,5,NIE,,
w-2023,9,28.04.2023,28.04.2023 12:30:19,21,64,Małopolskie,94,Medycyna pracy,2023/005369,Pozarezydencki,74.00,3.24,27.03.2023 13:28:37,5,NIE,,
w-2023,9,28.04.2023,28.04.2023 12:30:19,21,64,Małopolskie,95,Medycyna pracy,2023/004421,Pozarezydencki,62.04,0.00,22.03.2023 08:51:14,5,NIE,,
w-2023,9,28.04.2023,28.04.2023 12:30:19,21,64,Małopolskie,96,Medycyna ratunkowa,2023/003670,Pozarezydencki,60.83,0.00,28.03.2023 23:07:40,2,NIE,,
w-2023,9,28.04.2023,28.04.2023 12:30:19,21,64,Małopolskie,97,Medycyna ratunkowa,2023/003436,Pozarezydencki,51.38,0.00,22.03.2023 10:53:01,2,NIE,,
w-2023,9,28.04.2023,28.04.2023 12:30:19,21,64,Małopolskie,98,Medycyna rodzinna,2023/005353,Rezydencki,89.37,4.32,28.02.2023 23:30:03,14,NIE,,
w-2023,9,28.04.2023,28.04.2023 12:30:19,21,64,Małopolskie,99,Medycyna rodzinna,2023/000839,Rezydencki,86.83,4.38,01.02.2023 10:34:18,14,NIE,,
w-2023,9,28.04.2023,28.04.2023 12:30:19,21,64,Małopolskie,100,Medycyna rodzinna,2023/003248,Rezydencki,86.27,4.84,16.03.2023 12:59:01,14,NIE,,
w-2023,9,28.04.2023,28.04.2023 12:30:19,21,64,Małopolskie,101,Medycyna rodzinna,2023/002706,Rezydencki,85.51,3.93,21.02.2023 10:32:35,14,NIE,,
w-2023,9,28.04.2023,28.04.2023 12:30:19,21,64,Małopolskie,102,Medycyna rodzinna,2023/004295,Rezydencki,85.02,3.47,26.02.2023 22:18:20,14,NIE,,
w-2023,9,28.04.2023,28.04.2023 12:30:19,21,64,Małopolskie,103,Medycyna rodzinna,2023/001724,Rezydencki,84.06,4.30,28.02.2023 18:25:56,14,NIE,,
w-2023,9,28.04.2023,28.04.2023 12:30:19,22,64,Małopolskie,104,Medycyna rodzinna,2023/001332,Rezydencki,82.93,3.95,21.03.2023 13:00:44,14,NIE,,
w-2023,9,28.04.2023,28.04.2023 12:30:19,22,64,Małopolskie,105,Medycyna rodzinna,2023/001347,Rezydencki,80.98,3.73,21.03.2023 14:43:36,14,NIE,,
w-2023,9,28.04.2023,28.04.2023 12:30:19,22,64,Małopolskie,106,Medycyna rodzinna,2023/005043,Rezydencki,78.92,3.87,24.03.2023 09:35:21,14,NIE,,
w-2023,9,28.04.2023,28.04.2023 12:30:19,22,64,Małopolskie,107,Medycyna rodzinna,2023/000978,Rezydencki,76.59,3.69,24.03.2023 11:38:04,14,NIE,,
w-2023,9,28.04.2023,28.04.2023 12:30:19,22,64,Małopolskie,108,Medycyna rodzinna,2023/001004,Rezydencki,74.04,3.86,14.02.2023 21:09:21,14,NIE,,
w-2023,9,28.04.2023,28.04.2023 12:30:19,22,64,Małopolskie,109,Medycyna rodzinna,2023/003556,Rezydencki,70.53,4.36,22.03.2023 16:34:29,14,NIE,,
w-2023,9,28.04.2023,28.04.2023 12:30:19,22,64,Małopolskie,110,Medycyna rodzinna,2023/004680,Rezydencki,66.67,3.96,19.03.2023 21:11:17,14,NIE,,
w-2023,9,28.04.2023,28.04.2023 12:30:19,22,64,Małopolskie,111,Medycyna rodzinna,2023/004609,Rezydencki,0.00,0.00,29.03.2023 13:16:55,14,NIE,,
w-2023,9,28.04.2023,28.04.2023 12:30:19,22,64,Małopolskie,112,Medycyna rodzinna,2023/000767,Pozarezydencki,82.95,4.94,29.03.2023 13:07:30,4,NIE,,
w-2023,9,28.04.2023,28.04.2023 12:30:19,22,64,Małopolskie,113,Medycyna rodzinna,2023/004138,Pozarezydencki,71.10,0.00,27.03.2023 21:22:57,4,NIE,,
w-2023,9,28.04.2023,28.04.2023 12:30:19,22,64,Małopolskie,114,Medycyna rodzinna,2023/004801,Pozarezydencki,70.91,0.00,17.03.2023 11:36:29,4,NIE,,
w-2023,9,28.04.2023,28.04.2023 12:30:19,22,64,Małopolskie,115,Medycyna rodzinna,2023/003818,Pozarezydencki,52.73,3.20,20.03.2023 22:15:08,4,NIE,,
w-2023,9,28.04.2023,28.04.2023 12:30:19,22,64,Małopolskie,116,Mikrobiologia lekarska,2023/002592,Pozarezydencki,68.20,0.00,28.03.2023 12:47:52,1,NIE,,
w-2023,9,28.04.2023,28.04.2023 12:30:19,22,64,Małopolskie,117,Nefrologia,2023/002878,Pozarezydencki,70.91,3.16,21.03.2023 10:46:45,3,NIE,,
w-2023,9,28.04.2023,28.04.2023 12:30:19,22,64,Małopolskie,118,Nefrologia,2023/002909,Pozarezydencki,66.36,0.00,15.03.2023 08:05:48,3,NIE,,
w-2023,9,28.04.2023,28.04.2023 12:30:19,22,64,Małopolskie,119,Nefrologia,2023/001150,Pozarezydencki,62.50,3.70,23.03.2023 10:55:12,3,NIE,,
w-2023,9,28.04.2023,28.04.2023 12:30:19,22,64,Małopolskie,120,Nefrologia dziecięca,2023/001044,Pozarezydencki,78.74,4.05,06.02.2023 13:08:31,1,NIE,,
w-2023,9,28.04.2023,28.04.2023 12:30:19,22,64,Małopolskie,121,Neonatologia,2023/004977,Rezydencki,78.57,3.76,14.03.2023 14:28:51,1,NIE,,
w-2023,9,28.04.2023,28.04.2023 12:30:19,22,64,Małopolskie,122,Neurochirurgia,2023/001452,Pozarezydencki,84.58,4.05,17.03.2023 11:31:29,2,NIE,,
w-2023,9,28.04.2023,28.04.2023 12:30:19,22,64,Małopolskie,123,Neurochirurgia,2023/004648,Pozarezydencki,79.26,3.71,16.03.2023 17:50:17,2,NIE,,
w-2023,9,28.04.2023,28.04.2023 12:30:19,22,64,Małopolskie,124,Neurologia,2023/004525,Rezydencki,88.41,4.47,17.03.2023 08:40:58,6,NIE,,
w-2023,9,28.04.2023,28.04.2023 12:30:19,22,64,Małopolskie,125,Neurologia,2023/003963,Rezydencki,86.27,3.47,20.03.2023 10:23:00,6,NIE,,
w-2023,9,28.04.2023,28.04.2023 12:30:19,22,64,Małopolskie,126,Neurologia,2023/000802,Rezydencki,82.38,3.89,10.02.2023 19:29:07,6,NIE,,
w-2023,9,28.04.2023,28.04.2023 12:30:19,22,64,Małopolskie,127,Neurologia,2023/001305,Rezydencki,81.64,0.00,10.02.2023 11:57:35,6,NIE,,
w-2023,9,28.04.2023,28.04.2023 12:30:19,22,64,Małopolskie,128,Neurologia,2023/003190,Rezydencki,73.53,3.40,27.02.2023 20:19:52,6,NIE,,
w-2023,9,28.04.2023,28.04.2023 12:30:19,22,64,Małopolskie,129,Neurologia,2023/002724,Rezydencki,60.40,2.89,15.03.2023 19:33:29,6,NIE,,
w-2023,9,28.04.2023,28.04.2023 12:30:19,22,64,Małopolskie,130,Neurologia,2023/005326,Pozarezydencki,54.13,3.13,28.02.2023 22:56:32,2,NIE,,
w-2023,9,28.04.2023,28.04.2023 12:30:19,22,64,Małopolskie,131,Neurologia,2023/001876,Pozarezydencki,0.00,0.00,11.02.2023 13:31:52,2,NIE,,
w-2023,9,28.04.2023,28.04.2023 12:30:19,22,64,Małopolskie,132,Okulistyka,2023/003814,Rezydencki,90.69,3.95,24.02.2023 19:32:56,1,NIE,,
w-2023,9,28.04.2023,28.04.2023 12:30:19,22,64,Małopolskie,133,Okulistyka,2023/002757,Pozarezydencki,84.79,3.53,26.02.2023 09:01:07,3,NIE,,
w-2023,9,28.04.2023,28.04.2023 12:30:19,22,64,Małopolskie,134,Okulistyka,2023/004181,Pozarezydencki,73.02,3.73,20.03.2023 15:28:07,3,NIE,,
w-2023,9,28.04.2023,28.04.2023 12:30:19,22,64,Małopolskie,135,Okulistyka,2023/000759,Pozarezydencki,69.12,2.95,01.02.2023 00:32:35,3,NIE,,
w-2023,9,28.04.2023,28.04.2023 12:30:19,22,64,Małopolskie,136,Ortodoncja,2023/004923,Rezydencki,87.68,4.15,28.02.2023 21:20:38,2,NIE,,
w-2023,9,28.04.2023,28.04.2023 12:30:19,22,64,Małopolskie,137,Ortodoncja,2023/001867,Rezydencki,87.44,3.70,20.03.2023 09:35:48,2,NIE,,
w-2023,9,28.04.2023,28.04.2023 12:30:19,22,64,Małopolskie,138,Ortodoncja,2023/001094,Pozarezydencki,91.59,0.00,22.03.2023 13:23:59,1,NIE,,
w-2023,9,28.04.2023,28.04.2023 12:30:19,22,64,Małopolskie,139,Ortopedia i traumatologia narządu ruchu,2023/002788,Rezydencki,91.79,4.55,19.02.2023 13:29:16,7,NIE,,
w-2023,9,28.04.2023,28.04.2023 12:30:19,22,64,Małopolskie,140,Ortopedia i traumatologia narządu ruchu,2023/002287,Rezydencki,86.96,4.29,17.03.2023 12:10:14,7,NIE,,
w-2023,9,28.04.2023,28.04.2023 12:30:19,22,64,Małopolskie,141,Ortopedia i traumatologia narządu ruchu,2023/003547,Rezydencki,82.13,4.08,22.03.2023 09:14:06,7,NIE,,
w-2023,9,28.04.2023,28.04.2023 12:30:19,23,64,Małopolskie,142,Ortopedia i traumatologia narządu ruchu,2023/002841,Rezydencki,80.92,4.00,13.03.2023 23:09:31,7,NIE,,
w-2023,9,28.04.2023,28.04.2023 12:30:19,23,64,Małopolskie,143,Ortopedia i traumatologia narządu ruchu,2023/005366,Rezydencki,78.43,2.92,10.03.2023 13:14:36,7,NIE,,
w-2023,9,28.04.2023,28.04.2023 12:30:19,23,64,Małopolskie,144,Ortopedia i traumatologia narządu ruchu,2023/005093,Rezydencki,75.36,3.75,18.03.2023 23:08:54,7,NIE,,
w-2023,9,28.04.2023,28.04.2023 12:30:19,23,64,Małopolskie,145,Ortopedia i traumatologia narządu ruchu,2023/004423,Rezydencki,56.52,3.17,23.03.2023 14:03:33,7,NIE,,
w-2023,9,28.04.2023,28.04.2023 12:30:19,23,64,Małopolskie,146,Otorynolaryngologia,2023/003564,Rezydencki,88.24,3.76,23.02.2023 17:40:04,1,NIE,,
w-2023,9,28.04.2023,28.04.2023 12:30:19,23,64,Małopolskie,147,Otorynolaryngologia,2023/001647,Pozarezydencki,79.72,3.68,22.03.2023 16:38:02,3,NIE,,
w-2023,9,28.04.2023,28.04.2023 12:30:19,23,64,Małopolskie,148,Otorynolaryngologia,2023/004970,Pozarezydencki,79.72,3.46,27.03.2023 21:14:01,3,NIE,,
w-2023,9,28.04.2023,28.04.2023 12:30:19,23,64,Małopolskie,149,Otorynolaryngologia,2023/003348,Pozarezydencki,79.53,4.10,28.02.2023 18:40:32,3,NIE,,
w-2023,9,28.04.2023,28.04.2023 12:30:19,23,64,Małopolskie,150,Patomorfologia,2023/000932,Rezydencki,78.57,3.64,16.03.2023 10:57:15,1,NIE,,
w-2023,9,28.04.2023,28.04.2023 12:30:19,23,64,Małopolskie,151,Patomorfologia,2023/002218,Pozarezydencki,62.84,3.70,15.03.2023 12:55:13,1,NIE,,
w-2023,9,28.04.2023,28.04.2023 12:30:19,23,64,Małopolskie,152,Pediatria,2023/003945,Rezydencki,90.58,4.48,27.02.2023 18:31:37,19,NIE,,
w-2023,9,28.04.2023,28.04.2023 12:30:19,23,64,Małopolskie,153,Pediatria,2023/003684,Rezydencki,88.73,3.82,24.02.2023 07:53:49,19,NIE,,
w-2023,9,28.04.2023,28.04.2023 12:30:19,23,64,Małopolskie,154,Pediatria,2023/001902,Rezydencki,86.27,3.35,17.03.2023 10:41:16,19,NIE,,
w-2023,9,28.04.2023,28.04.2023 12:30:19,23,64,Małopolskie,155,Pediatria,2023/004199,Rezydencki,84.80,4.31,16.03.2023 22:09:06,19,NIE,,
w-2023,9,28.04.2023,28.04.2023 12:30:19,23,64,Małopolskie,156,Pediatria,2023/004827,Rezydencki,84.80,3.74,28.02.2023 01:14:29,19,NIE,,
w-2023,9,28.04.2023,28.04.2023 12:30:19,23,64,Małopolskie,157,Pediatria,2023/000996,Rezydencki,84.30,3.95,08.02.2023 17:20:19,19,NIE,,
w-2023,9,28.04.2023,28.04.2023 12:30:19,23,64,Małopolskie,158,Pediatria,2023/003421,Rezydencki,84.06,4.23,28.02.2023 00:10:44,19,NIE,,
w-2023,9,28.04.2023,28.04.2023 12:30:19,23,64,Małopolskie,159,Pediatria,2023/003403,Rezydencki,83.57,3.98,10.03.2023 18:32:54,19,NIE,,
w-2023,9,28.04.2023,28.04.2023 12:30:19,23,64,Małopolskie,160,Pediatria,2023/003481,Rezydencki,83.33,3.59,14.03.2023 14:08:56,19,NIE,,
w-2023,9,28.04.2023,28.04.2023 12:30:19,23,64,Małopolskie,161,Pediatria,2023/001929,Rezydencki,82.61,3.74,09.02.2023 18:32:42,19,NIE,,
w-2023,9,28.04.2023,28.04.2023 12:30:19,23,64,Małopolskie,162,Pediatria,2023/001732,Rezydencki,82.13,3.67,15.02.2023 10:06:17,19,NIE,,
w-2023,9,28.04.2023,28.04.2023 12:30:19,23,64,Małopolskie,163,Pediatria,2023/001648,Rezydencki,81.64,3.59,20.02.2023 21:51:42,19,NIE,,
w-2023,9,28.04.2023,28.04.2023 12:30:19,23,64,Małopolskie,164,Pediatria,2023/001131,Rezydencki,80.49,3.89,27.03.2023 11:19:21,19,NIE,,
w-2023,9,28.04.2023,28.04.2023 12:30:19,23,64,Małopolskie,165,Pediatria,2023/005084,Rezydencki,79.23,3.95,28.02.2023 18:44:53,19,NIE,,
w-2023,9,28.04.2023,28.04.2023 12:30:19,23,64,Małopolskie,166,Pediatria,2023/002705,Rezydencki,77.29,0.00,21.03.2023 09:43:23,19,NIE,,
w-2023,9,28.04.2023,28.04.2023 12:30:19,23,64,Małopolskie,167,Pediatria,2023/003776,Rezydencki,75.49,3.95,16.03.2023 20:32:24,19,NIE,,
w-2023,9,28.04.2023,28.04.2023 12:30:19,23,64,Małopolskie,168,Pediatria,2023/002838,Rezydencki,74.76,3.13,26.03.2023 21:21:54,19,NIE,,
w-2023,9,28.04.2023,28.04.2023 12:30:19,23,64,Małopolskie,169,Pediatria,2023/002101,Rezydencki,69.27,2.82,23.03.2023 13:40:57,19,NIE,,
w-2023,9,28.04.2023,28.04.2023 12:30:19,23,64,Małopolskie,170,Pediatria,2023/004568,Rezydencki,66.18,3.05,16.03.2023 19:28:00,19,NIE,,
w-2023,9,28.04.2023,28.04.2023 12:30:19,23,64,Małopolskie,171,Periodontologia,2023/001587,Rezydencki,85.51,4.15,28.02.2023 23:36:53,5,NIE,,
w-2023,9,28.04.2023,28.04.2023 12:30:19,23,64,Małopolskie,172,Periodontologia,2023/002437,Rezydencki,85.17,4.20,22.03.2023 11:13:01,5,NIE,,
w-2023,9,28.04.2023,28.04.2023 12:30:19,23,64,Małopolskie,173,Periodontologia,2023/003134,Rezydencki,84.76,4.35,12.03.2023 22:29:18,5,NIE,,
w-2023,9,28.04.2023,28.04.2023 12:30:19,23,64,Małopolskie,174,Periodontologia,2023/005050,Rezydencki,84.54,4.16,18.03.2023 07:58:08,5,NIE,,
w-2023,9,28.04.2023,28.04.2023 12:30:19,23,64,Małopolskie,175,Periodontologia,2023/002108,Rezydencki,83.73,4.00,20.03.2023 10:59:27,5,NIE,,
w-2023,9,28.04.2023,28.04.2023 12:30:19,23,64,Małopolskie,176,Położnictwo i ginekologia,2023/002777,Rezydencki,83.57,4.34,24.02.2023 19:45:26,4,NIE,,
w-2023,9,28.04.2023,28.04.2023 12:30:19,23,64,Małopolskie,177,Położnictwo i ginekologia,2023/003807,Rezydencki,83.09,4.29,28.02.2023 22:22:55,4,NIE,,
w-2023,9,28.04.2023,28.04.2023 12:30:19,23,64,Małopolskie,178,Położnictwo i ginekologia,2023/003279,Rezydencki,80.98,4.17,26.02.2023 12:24:51,4,NIE,,
w-2023,9,28.04.2023,28.04.2023 12:30:19,23,64,Małopolskie,179,Położnictwo i ginekologia,2023/000909,Rezydencki,75.36,3.95,13.03.2023 21:43:51,4,NIE,,
w-2023,9,28.04.2023,28.04.2023 12:30:19,24,64,Małopolskie,180,Psychiatria,2023/002903,Rezydencki,89.71,4.28,21.03.2023 11:34:14,13,NIE,,
w-2023,9,28.04.2023,28.04.2023 12:30:19,24,64,Małopolskie,181,Psychiatria,2023/001592,Rezydencki,87.92,3.56,16.03.2023 15:41:47,13,NIE,,
w-2023,9,28.04.2023,28.04.2023 12:30:19,24,64,Małopolskie,182,Psychiatria,2023/000868,Rezydencki,87.75,3.92,16.03.2023 11:09:27,13,NIE,,
w-2023,9,28.04.2023,28.04.2023 12:30:19,24,64,Małopolskie,183,Psychiatria,2023/004404,Rezydencki,85.37,3.41,17.03.2023 08:24:00,13,NIE,,
w-2023,9,28.04.2023,28.04.2023 12:30:19,24,64,Małopolskie,184,Psychiatria,2023/001848,Rezydencki,84.39,3.82,13.02.2023 12:53:44,13,NIE,,
w-2023,9,28.04.2023,28.04.2023 12:30:19,24,64,Małopolskie,185,Psychiatria,2023/002938,Rezydencki,82.84,3.65,22.03.2023 14:24:17,13,NIE,,
w-2023,9,28.04.2023,28.04.2023 12:30:19,24,64,Małopolskie,186,Psychiatria,2023/003716,Rezydencki,82.13,4.04,26.02.2023 11:49:39,13,NIE,,
w-2023,9,28.04.2023,28.04.2023 12:30:19,24,64,Małopolskie,187,Psychiatria,2023/003488,Rezydencki,81.40,4.05,23.03.2023 10:57:22,13,NIE,,
w-2023,9,28.04.2023,28.04.2023 12:30:19,24,64,Małopolskie,188,Psychiatria,2023/003847,Rezydencki,78.99,4.19,20.03.2023 18:35:33,13,NIE,,
w-2023,9,28.04.2023,28.04.2023 12:30:19,24,64,Małopolskie,189,Psychiatria,2023/001061,Rezydencki,76.81,4.37,23.03.2023 06:57:25,13,NIE,,
w-2023,9,28.04.2023,28.04.2023 12:30:19,24,64,Małopolskie,190,Psychiatria,2023/005273,Rezydencki,70.05,3.27,20.03.2023 14:11:12,13,NIE,,
w-2023,9,28.04.2023,28.04.2023 12:30:19,24,64,Małopolskie,191,Psychiatria,2023/005215,Rezydencki,69.57,0.00,24.03.2023 15:43:35,13,NIE,,
w-2023,9,28.04.2023,28.04.2023 12:30:19,24,64,Małopolskie,192,Psychiatria,2023/001228,Rezydencki,65.22,3.76,17.03.2023 09:37:59,13,NIE,,
w-2023,9,28.04.2023,28.04.2023 12:30:19,24,64,Małopolskie,193,Psychiatria,2023/001180,Pozarezydencki,69.63,3.67,22.03.2023 22:01:38,2,NIE,,
w-2023,9,28.04.2023,28.04.2023 12:30:19,24,64,Małopolskie,194,Psychiatria,2023/002319,Pozarezydencki,51.89,3.41,27.02.2023 20:51:02,2,NIE,,
w-2023,9,28.04.2023,28.04.2023 12:30:19,24,64,Małopolskie,195,Psychiatria dzieci i młodzieży,2023/004419,Rezydencki,87.25,3.95,27.02.2023 11:35:57,8,NIE,,
w-2023,9,28.04.2023,28.04.2023 12:30:19,24,64,Małopolskie,196,Psychiatria dzieci i młodzieży,2023/003749,Rezydencki,86.47,4.42,27.02.2023 16:00:50,8,NIE,,
w-2023,9,28.04.2023,28.04.2023 12:30:19,24,64,Małopolskie,197,Psychiatria dzieci i młodzieży,2023/004562,Rezydencki,85.78,3.74,27.02.2023 19:11:17,8,NIE,,
w-2023,9,28.04.2023,28.04.2023 12:30:19,24,64,Małopolskie,198,Psychiatria dzieci i młodzieży,2023/005041,Rezydencki,80.43,4.02,14.03.2023 23:01:13,8,NIE,,
w-2023,9,28.04.2023,28.04.2023 12:30:19,24,64,Małopolskie,199,Psychiatria dzieci i młodzieży,2023/002095,Rezydencki,79.23,3.51,11.02.2023 23:20:55,8,NIE,,
w-2023,9,28.04.2023,28.04.2023 12:30:19,24,64,Małopolskie,200,Psychiatria dzieci i młodzieży,2023/005313,Rezydencki,79.23,3.51,20.03.2023 17:59:37,8,NIE,,
w-2023,9,28.04.2023,28.04.2023 12:30:19,24,64,Małopolskie,201,Psychiatria dzieci i młodzieży,2023/002872,Rezydencki,78.26,3.69,22.02.2023 18:43:47,8,NIE,,
w-2023,9,28.04.2023,28.04.2023 12:30:19,24,64,Małopolskie,202,Psychiatria dzieci i młodzieży,2023/005291,Rezydencki,76.70,0.00,28.02.2023 22:57:31,8,NIE,,
w-2023,9,28.04.2023,28.04.2023 12:30:19,24,64,Małopolskie,203,Radiologia i diagnostyka obrazowa,2023/001667,Rezydencki,90.69,4.47,15.03.2023 15:06:27,4,NIE,,
w-2023,9,28.04.2023,28.04.2023 12:30:19,24,64,Małopolskie,204,Radiologia i diagnostyka obrazowa,2023/002941,Rezydencki,89.61,4.34,16.03.2023 22:37:48,4,NIE,,
w-2023,9,28.04.2023,28.04.2023 12:30:19,24,64,Małopolskie,205,Radiologia i diagnostyka obrazowa,2023/000972,Rezydencki,87.92,3.94,01.02.2023 19:03:56,4,NIE,,
w-2023,9,28.04.2023,28.04.2023 12:30:19,24,64,Małopolskie,206,Radiologia i diagnostyka obrazowa,2023/003434,Rezydencki,87.75,4.36,10.03.2023 13:34:57,4,NIE,,
w-2023,9,28.04.2023,28.04.2023 12:30:19,24,64,Małopolskie,207,Radiologia i diagnostyka obrazowa,2023/002473,Pozarezydencki,85.71,4.30,21.03.2023 13:47:03,1,NIE,,
w-2023,9,28.04.2023,28.04.2023 12:30:19,24,64,Małopolskie,208,Radioterapia onkologiczna,2023/001138,Rezydencki,81.64,0.00,16.03.2023 20:18:19,2,NIE,,
w-2023,9,28.04.2023,28.04.2023 12:30:19,24,64,Małopolskie,209,Radioterapia onkologiczna,2023/003781,Rezydencki,74.40,3.36,27.03.2023 15:17:18,2,NIE,,
w-2023,9,28.04.2023,28.04.2023 12:30:19,24,64,Małopolskie,210,Reumatologia,2023/005191,Rezydencki,88.41,4.30,28.02.2023 21:02:37,1,NIE,,
w-2023,9,28.04.2023,28.04.2023 12:30:19,24,64,Małopolskie,211,Stomatologia dziecięca,2023/000791,Rezydencki,71.15,3.80,20.03.2023 12:19:59,3,NIE,,
w-2023,9,28.04.2023,28.04.2023 12:30:19,24,64,Małopolskie,212,Stomatologia dziecięca,2023/005098,Rezydencki,69.90,0.00,28.02.2023 19:04:37,3,NIE,,
w-2023,9,28.04.2023,28.04.2023 12:30:19,24,64,Małopolskie,213,Stomatologia dziecięca,2023/005227,Rezydencki,55.94,0.00,28.03.2023 15:45:24,3,NIE,,
w-2023,9,28.04.2023,28.04.2023 12:30:19,24,64,Małopolskie,214,Stomatologia zachowawcza z endodoncją,2023/004470,Rezydencki,82.86,4.07,27.03.2023 13:37:04,4,NIE,,
w-2023,9,28.04.2023,28.04.2023 12:30:19,24,64,Małopolskie,215,Stomatologia zachowawcza z endodoncją,2023/002435,Rezydencki,82.78,4.66,14.03.2023 12:38:14,4,NIE,,
w-2023,9,28.04.2023,28.04.2023 12:30:19,24,64,Małopolskie,216,Stomatologia zachowawcza z endodoncją,2023/004352,Rezydencki,77.51,4.31,10.03.2023 15:30:47,4,NIE,,
w-2023,9,28.04.2023,28.04.2023 12:30:19,24,64,Małopolskie,217,Stomatologia zachowawcza z endodoncją,2023/001310,Rezydencki,77.51,3.77,14.03.2023 12:49:36,4,NIE,,
w-2023,9,28.04.2023,28.04.2023 12:30:19,25,64,Małopolskie,218,Toksykologia kliniczna,2023/002131,Rezydencki,84.88,3.68,17.03.2023 11:51:42,1,NIE,,
w-2023,9,28.04.2023,28.04.2023 12:30:19,25,64,Małopolskie,219,Transplantologia kliniczna,2023/003223,Pozarezydencki,91.14,4.48,19.03.2023 19:13:07,1,NIE,,
w-2023,9,28.04.2023,28.04.2023 12:30:19,25,64,Małopolskie,220,Zdrowie publiczne,2023/002205,Rezydencki,65.53,4.78,21.03.2023 10:55:08,1,NIE,,
w-2023,9,28.04.2023,28.04.2023 12:30:19,25,64,Małopolskie,1,Endokrynologia,2023/001436,Rezydencki,89.37,4.47,07.02.2023 23:58:19,1,TAK,"Samodzielny Publiczny Zakład Opieki Zdrowotnej Szpital Uniwersytecki w Krakowie<list>Oddział Kliniczny Endokrynologii, Endokrynologii","Onkologicznej i Medycyny Nuklearnej</list> Oddział Kliniczny Endokrynologii, Endokrynologii Onkologicznej i Medycyny Nuklearnej"
w-2023,9,28.04.2023,28.04.2023 12:30:19,25,64,Małopolskie,1,Chirurgia stomatologiczna,2023/001795,Rezydencki,79.52,3.82,08.02.2023 11:51:49,1,TAK,Samodzielny Publiczny Zakład Opieki Zdrowotnej Uniwersytecka Klinika Stomatologiczna w Krakowie,Poradnia Chirurgii Stomatologicznej
w-2023,9,28.04.2023,28.04.2023 12:30:19,25,64,Mazowieckie,1,Alergologia,2023/005089,Rezydencki,87.68,4.40,28.02.2023 18:52:35,1,NIE,,
w-2023,9,28.04.2023,28.04.2023 12:30:19,25,64,Mazowieckie,2,Alergologia,2023/002214,Pozarezydencki,82.27,4.25,06.03.2023 16:29:07,6,NIE,,
w-2023,9,28.04.2023,28.04.2023 12:30:19,25,64,Mazowieckie,3,Alergologia,2023/004340,Pozarezydencki,80.93,4.15,27.02.2023 22:18:31,6,NIE,,
w-2023,9,28.04.2023,28.04.2023 12:30:19,25,64,Mazowieckie,4,Alergologia,2023/002102,Pozarezydencki,80.45,4.28,17.02.2023 22:04:01,6,NIE,,
w-2023,9,28.04.2023,28.04.2023 12:30:19,25,64,Mazowieckie,5,Alergologia,2023/002612,Pozarezydencki,76.42,4.30,26.02.2023 18:06:31,6,NIE,,
w-2023,9,28.04.2023,28.04.2023 12:30:19,25,64,Mazowieckie,6,Alergologia,2023/002147,Pozarezydencki,74.55,4.50,13.02.2023 14:13:40,6,NIE,,
w-2023,9,28.04.2023,28.04.2023 12:30:19,25,64,Mazowieckie,7,Alergologia,2023/002327,Pozarezydencki,74.53,4.20,23.03.2023 10:45:22,6,NIE,,
w-2023,9,28.04.2023,28.04.2023 12:30:19,25,64,Mazowieckie,8,Anestezjologia i intensywna terapia,2023/003430,Rezydencki,90.69,4.32,28.02.2023 23:47:46,25,NIE,,
w-2023,9,28.04.2023,28.04.2023 12:30:19,25,64,Mazowieckie,9,Anestezjologia i intensywna terapia,2023/003664,Rezydencki,87.50,3.81,27.02.2023 23:09:59,25,NIE,,
w-2023,9,28.04.2023,28.04.2023 12:30:19,25,64,Mazowieckie,10,Anestezjologia i intensywna terapia,2023/004060,Rezydencki,87.25,4.46,26.02.2023 13:42:17,25,NIE,,
w-2023,9,28.04.2023,28.04.2023 12:30:19,25,64,Mazowieckie,11,Anestezjologia i intensywna terapia,2023/004317,Rezydencki,86.76,3.94,28.02.2023 16:15:17,25,NIE,,
w-2023,9,28.04.2023,28.04.2023 12:30:19,25,64,Mazowieckie,12,Anestezjologia i intensywna terapia,2023/004483,Rezydencki,86.76,3.88,03.03.2023 12:54:16,25,NIE,,
w-2023,9,28.04.2023,28.04.2023 12:30:19,25,64,Mazowieckie,13,Anestezjologia i intensywna terapia,2023/005070,Rezydencki,86.52,4.13,28.02.2023 23:06:38,25,NIE,,
w-2023,9,28.04.2023,28.04.2023 12:30:19,25,64,Mazowieckie,14,Anestezjologia i intensywna terapia,2023/001689,Rezydencki,86.47,4.40,26.02.2023 10:52:11,25,NIE,,
w-2023,9,28.04.2023,28.04.2023 12:30:19,25,64,Mazowieckie,15,Anestezjologia i intensywna terapia,2023/004572,Rezydencki,86.23,3.81,28.02.2023 16:11:56,25,NIE,,
w-2023,9,28.04.2023,28.04.2023 12:30:19,25,64,Mazowieckie,16,Anestezjologia i intensywna terapia,2023/004899,Rezydencki,85.78,3.77,28.02.2023 10:41:30,25,NIE,,
w-2023,9,28.04.2023,28.04.2023 12:30:19,25,64,Mazowieckie,17,Anestezjologia i intensywna terapia,2023/000890,Rezydencki,85.78,3.43,28.02.2023 11:33:05,25,NIE,,
w-2023,9,28.04.2023,28.04.2023 12:30:19,25,64,Mazowieckie,18,Anestezjologia i intensywna terapia,2023/003667,Rezydencki,85.51,4.18,28.02.2023 09:10:05,25,NIE,,
w-2023,9,28.04.2023,28.04.2023 12:30:19,25,64,Mazowieckie,19,Anestezjologia i intensywna terapia,2023/002307,Rezydencki,85.27,4.09,13.02.2023 22:19:34,25,NIE,,
w-2023,9,28.04.2023,28.04.2023 12:30:19,25,64,Mazowieckie,20,Anestezjologia i intensywna terapia,2023/001373,Rezydencki,85.02,3.72,15.02.2023 22:02:46,25,NIE,,
w-2023,9,28.04.2023,28.04.2023 12:30:19,25,64,Mazowieckie,21,Anestezjologia i intensywna terapia,2023/004741,Rezydencki,84.29,3.74,27.02.2023 22:39:46,25,NIE,,
w-2023,9,28.04.2023,28.04.2023 12:30:19,26,64,Mazowieckie,22,Anestezjologia i intensywna terapia,2023/005005,Rezydencki,83.66,3.65,28.02.2023 15:01:17,25,NIE,,
w-2023,9,28.04.2023,28.04.2023 12:30:19,26,64,Mazowieckie,23,Anestezjologia i intensywna terapia,2023/000927,Rezydencki,82.93,0.00,01.02.2023 16:33:41,25,NIE,,
w-2023,9,28.04.2023,28.04.2023 12:30:19,26,64,Mazowieckie,24,Anestezjologia i intensywna terapia,2023/004968,Rezydencki,82.35,4.27,28.02.2023 13:40:42,25,NIE,,
w-2023,9,28.04.2023,28.04.2023 12:30:19,26,64,Mazowieckie,25,Anestezjologia i intensywna terapia,2023/001868,Rezydencki,81.16,3.90,18.02.2023 10:23:49,25,NIE,,
w-2023,9,28.04.2023,28.04.2023 12:30:19,26,64,Mazowieckie,26,Anestezjologia i intensywna terapia,2023/002284,Rezydencki,78.02,3.61,28.02.2023 21:04:43,25,NIE,,
w-2023,9,28.04.2023,28.04.2023 12:30:19,26,64,Mazowieckie,27,Anestezjologia i intensywna terapia,2023/001501,Rezydencki,77.78,4.18,27.02.2023 21:16:39,25,NIE,,
w-2023,9,28.04.2023,28.04.2023 12:30:19,26,64,Mazowieckie,28,Anestezjologia i intensywna terapia,2023/003741,Rezydencki,75.36,3.22,24.02.2023 17:46:32,25,NIE,,
w-2023,9,28.04.2023,28.04.2023 12:30:19,26,64,Mazowieckie,29,Anestezjologia i intensywna terapia,2023/005237,Rezydencki,72.55,2.94,28.02.2023 22:19:39,25,NIE,,
w-2023,9,28.04.2023,28.04.2023 12:30:19,26,64,Mazowieckie,30,Anestezjologia i intensywna terapia,2023/005007,Rezydencki,72.38,3.58,05.03.2023 21:15:05,25,NIE,,
w-2023,9,28.04.2023,28.04.2023 12:30:19,26,64,Mazowieckie,31,Anestezjologia i intensywna terapia,2023/004712,Rezydencki,63.73,3.04,27.02.2023 22:08:09,25,NIE,,
w-2023,9,28.04.2023,28.04.2023 12:30:19,26,64,Mazowieckie,32,Anestezjologia i intensywna terapia,2023/005343,Rezydencki,59.31,0.00,28.02.2023 23:46:29,25,NIE,,
w-2023,9,28.04.2023,28.04.2023 12:30:19,26,64,Mazowieckie,33,Anestezjologia i intensywna terapia,2023/003563,Pozarezydencki,65.00,0.00,28.02.2023 16:16:37,2,NIE,,
w-2023,9,28.04.2023,28.04.2023 12:30:19,26,64,Mazowieckie,34,Anestezjologia i intensywna terapia,2023/001921,Pozarezydencki,58.99,3.27,13.03.2023 09:49:02,2,NIE,,
w-2023,9,28.04.2023,28.04.2023 12:30:19,26,64,Mazowieckie,35,Audiologia i foniatria,2023/002979,Rezydencki,81.95,3.75,27.02.2023 23:18:54,1,NIE,,
w-2023,9,28.04.2023,28.04.2023 12:30:19,26,64,Mazowieckie,36,Audiologia i foniatria,2023/004897,Pozarezydencki,78.11,3.76,02.03.2023 10:23:09,3,NIE,,
w-2023,9,28.04.2023,28.04.2023 12:30:19,26,64,Mazowieckie,37,Audiologia i foniatria,2023/003334,Pozarezydencki,77.73,3.44,17.03.2023 12:09:56,3,NIE,,
w-2023,9,28.04.2023,28.04.2023 12:30:19,26,64,Mazowieckie,38,Audiologia i foniatria,2023/004490,Pozarezydencki,76.85,0.00,03.03.2023 13:26:01,3,NIE,,
w-2023,9,28.04.2023,28.04.2023 12:30:19,26,64,Mazowieckie,39,Balneologia i medycyna fizykalna,2023/001376,Pozarezydencki,77.73,4.24,15.03.2023 21:30:33,2,NIE,,
w-2023,9,28.04.2023,28.04.2023 12:30:19,26,64,Mazowieckie,40,Balneologia i medycyna fizykalna,2023/002987,Pozarezydencki,66.05,3.71,26.02.2023 13:00:00,2,NIE,,
w-2023,9,28.04.2023,28.04.2023 12:30:19,26,64,Mazowieckie,41,Chirurgia dziecięca,2023/004371,Rezydencki,78.26,3.12,27.02.2023 09:24:06,3,NIE,,
w-2023,9,28.04.2023,28.04.2023 12:30:19,26,64,Mazowieckie,42,Chirurgia dziecięca,2023/005274,Rezydencki,77.29,4.13,28.02.2023 22:19:13,3,NIE,,
w-2023,9,28.04.2023,28.04.2023 12:30:19,26,64,Mazowieckie,43,Chirurgia dziecięca,2023/003210,Rezydencki,73.53,3.49,28.02.2023 23:49:33,3,NIE,,
w-2023,9,28.04.2023,28.04.2023 12:30:19,26,64,Mazowieckie,44,Chirurgia klatki piersiowej,2023/003418,Pozarezydencki,70.91,0.00,25.02.2023 14:35:42,1,NIE,,
w-2023,9,28.04.2023,28.04.2023 12:30:19,26,64,Mazowieckie,45,Chirurgia naczyniowa,2023/001578,Pozarezydencki,83.00,4.28,15.03.2023 14:00:52,2,NIE,,
w-2023,9,28.04.2023,28.04.2023 12:30:19,26,64,Mazowieckie,46,Chirurgia naczyniowa,2023/000918,Pozarezydencki,66.82,2.81,06.03.2023 12:23:52,2,NIE,,
w-2023,9,28.04.2023,28.04.2023 12:30:19,26,64,Mazowieckie,47,Chirurgia ogólna,2023/004861,Rezydencki,81.16,0.00,28.02.2023 08:28:24,9,NIE,,
w-2023,9,28.04.2023,28.04.2023 12:30:19,26,64,Mazowieckie,48,Chirurgia ogólna,2023/003021,Rezydencki,80.68,3.20,20.02.2023 21:56:31,9,NIE,,
w-2023,9,28.04.2023,28.04.2023 12:30:19,26,64,Mazowieckie,49,Chirurgia ogólna,2023/001716,Rezydencki,76.33,3.97,13.02.2023 20:58:18,9,NIE,,
w-2023,9,28.04.2023,28.04.2023 12:30:19,26,64,Mazowieckie,50,Chirurgia ogólna,2023/002730,Rezydencki,75.49,3.46,27.02.2023 08:42:34,9,NIE,,
w-2023,9,28.04.2023,28.04.2023 12:30:19,26,64,Mazowieckie,51,Chirurgia ogólna,2023/001928,Rezydencki,74.29,4.93,09.02.2023 17:44:22,9,NIE,,
w-2023,9,28.04.2023,28.04.2023 12:30:19,26,64,Mazowieckie,52,Chirurgia ogólna,2023/004713,Rezydencki,70.43,3.80,27.02.2023 22:08:40,9,NIE,,
w-2023,9,28.04.2023,28.04.2023 12:30:19,26,64,Mazowieckie,53,Chirurgia ogólna,2023/001999,Rezydencki,65.24,4.03,22.02.2023 21:24:38,9,NIE,,
w-2023,9,28.04.2023,28.04.2023 12:30:19,26,64,Mazowieckie,54,Chirurgia ogólna,2023/003392,Rezydencki,63.29,3.76,26.02.2023 11:28:46,9,NIE,,
w-2023,9,28.04.2023,28.04.2023 12:30:19,26,64,Mazowieckie,55,Chirurgia ogólna,2023/003892,Rezydencki,58.25,3.63,08.03.2023 20:19:17,9,NIE,,
w-2023,9,28.04.2023,28.04.2023 12:30:19,26,64,Mazowieckie,56,Chirurgia ogólna,2023/002487,Pozarezydencki,71.70,4.00,27.02.2023 22:12:07,1,NIE,,
w-2023,9,28.04.2023,28.04.2023 12:30:19,26,64,Mazowieckie,57,Chirurgia onkologiczna,2023/001892,Pozarezydencki,77.73,4.30,27.02.2023 11:17:25,7,NIE,,
w-2023,9,28.04.2023,28.04.2023 12:30:19,26,64,Mazowieckie,58,Chirurgia onkologiczna,2023/003328,Pozarezydencki,77.73,3.75,20.03.2023 09:15:06,7,NIE,,
w-2023,9,28.04.2023,28.04.2023 12:30:19,26,64,Mazowieckie,59,Chirurgia onkologiczna,2023/001844,Pozarezydencki,75.91,3.70,09.02.2023 19:12:18,7,NIE,,
w-2023,9,28.04.2023,28.04.2023 12:30:19,27,64,Mazowieckie,60,Chirurgia onkologiczna,2023/001392,Pozarezydencki,71.82,3.69,22.02.2023 20:05:51,7,NIE,,
w-2023,9,28.04.2023,28.04.2023 12:30:19,27,64,Mazowieckie,61,Chirurgia onkologiczna,2023/002503,Pozarezydencki,71.14,4.35,16.03.2023 13:01:25,7,NIE,,
w-2023,9,28.04.2023,28.04.2023 12:30:19,27,64,Mazowieckie,62,Chirurgia onkologiczna,2023/002130,Pozarezydencki,66.36,0.00,09.03.2023 18:59:39,7,NIE,,
w-2023,9,28.04.2023,28.04.2023 12:30:19,27,64,Mazowieckie,63,Chirurgia onkologiczna,2023/001945,Pozarezydencki,62.85,3.54,10.03.2023 10:32:10,7,NIE,,
w-2023,9,28.04.2023,28.04.2023 12:30:19,27,64,Mazowieckie,64,Chirurgia plastyczna,2023/001250,Pozarezydencki,92.27,3.74,13.03.2023 12:11:11,1,NIE,,
w-2023,9,28.04.2023,28.04.2023 12:30:19,27,64,Mazowieckie,65,Chirurgia stomatologiczna,2023/001699,Rezydencki,85.71,4.29,26.02.2023 12:51:17,2,NIE,,
w-2023,9,28.04.2023,28.04.2023 12:30:19,27,64,Mazowieckie,66,Chirurgia stomatologiczna,2023/004565,Rezydencki,85.65,4.43,27.02.2023 21:40:17,2,NIE,,
w-2023,9,28.04.2023,28.04.2023 12:30:19,27,64,Mazowieckie,67,Chirurgia szczękowo-twarzowa,2023/003052,Rezydencki,87.08,4.21,28.02.2023 08:32:32,1,NIE,,
w-2023,9,28.04.2023,28.04.2023 12:30:19,27,64,Mazowieckie,68,Choroby płuc,2023/004711,Rezydencki,86.71,4.27,28.02.2023 23:12:24,1,NIE,,
w-2023,9,28.04.2023,28.04.2023 12:30:19,27,64,Mazowieckie,69,Choroby płuc,2023/004890,Pozarezydencki,70.28,3.23,02.03.2023 10:56:28,2,NIE,,
w-2023,9,28.04.2023,28.04.2023 12:30:19,27,64,Mazowieckie,70,Choroby płuc,2023/000951,Pozarezydencki,66.36,3.39,13.03.2023 21:19:30,2,NIE,,
w-2023,9,28.04.2023,28.04.2023 12:30:19,27,64,Mazowieckie,71,Choroby płuc dzieci,2023/001076,Rezydencki,86.47,4.26,02.02.2023 11:01:21,1,NIE,,
w-2023,9,28.04.2023,28.04.2023 12:30:19,27,64,Mazowieckie,72,Choroby wewnętrzne,2023/004321,Rezydencki,90.93,4.29,26.02.2023 23:04:24,26,NIE,,
w-2023,9,28.04.2023,28.04.2023 12:30:19,27,64,Mazowieckie,73,Choroby wewnętrzne,2023/000745,Rezydencki,89.37,4.19,01.02.2023 00:11:23,26,NIE,,
w-2023,9,28.04.2023,28.04.2023 12:30:19,27,64,Mazowieckie,74,Choroby wewnętrzne,2023/001965,Rezydencki,88.73,4.21,24.02.2023 11:10:57,26,NIE,,
w-2023,9,28.04.2023,28.04.2023 12:30:19,27,64,Mazowieckie,75,Choroby wewnętrzne,2023/003710,Rezydencki,87.75,3.73,28.02.2023 10:15:52,26,NIE,,
w-2023,9,28.04.2023,28.04.2023 12:30:19,27,64,Mazowieckie,76,Choroby wewnętrzne,2023/003389,Rezydencki,87.01,3.90,28.02.2023 21:08:01,26,NIE,,
w-2023,9,28.04.2023,28.04.2023 12:30:19,27,64,Mazowieckie,77,Choroby wewnętrzne,2023/001003,Rezydencki,86.96,3.51,10.03.2023 16:57:59,26,NIE,,
w-2023,9,28.04.2023,28.04.2023 12:30:19,27,64,Mazowieckie,78,Choroby wewnętrzne,2023/002818,Rezydencki,86.47,4.13,26.02.2023 16:35:03,26,NIE,,
w-2023,9,28.04.2023,28.04.2023 12:30:19,27,64,Mazowieckie,79,Choroby wewnętrzne,2023/001354,Rezydencki,86.27,4.15,27.02.2023 14:30:19,26,NIE,,
w-2023,9,28.04.2023,28.04.2023 12:30:19,27,64,Mazowieckie,80,Choroby wewnętrzne,2023/003319,Rezydencki,85.99,3.81,13.03.2023 14:36:56,26,NIE,,
w-2023,9,28.04.2023,28.04.2023 12:30:19,27,64,Mazowieckie,81,Choroby wewnętrzne,2023/002177,Rezydencki,85.51,4.36,14.02.2023 17:31:46,26,NIE,,
w-2023,9,28.04.2023,28.04.2023 12:30:19,27,64,Mazowieckie,82,Choroby wewnętrzne,2023/003951,Rezydencki,85.29,4.03,28.02.2023 17:53:25,26,NIE,,
w-2023,9,28.04.2023,28.04.2023 12:30:19,27,64,Mazowieckie,83,Choroby wewnętrzne,2023/004058,Rezydencki,85.02,3.89,26.02.2023 13:47:23,26,NIE,,
w-2023,9,28.04.2023,28.04.2023 12:30:19,27,64,Mazowieckie,84,Choroby wewnętrzne,2023/003124,Rezydencki,84.31,3.56,27.02.2023 21:18:47,26,NIE,,
w-2023,9,28.04.2023,28.04.2023 12:30:19,27,64,Mazowieckie,85,Choroby wewnętrzne,2023/004587,Rezydencki,84.31,3.50,28.02.2023 17:47:41,26,NIE,,
w-2023,9,28.04.2023,28.04.2023 12:30:19,27,64,Mazowieckie,86,Choroby wewnętrzne,2023/002599,Rezydencki,84.06,4.16,24.02.2023 10:15:04,26,NIE,,
w-2023,9,28.04.2023,28.04.2023 12:30:19,27,64,Mazowieckie,87,Choroby wewnętrzne,2023/003202,Rezydencki,83.82,3.97,27.02.2023 00:33:16,26,NIE,,
w-2023,9,28.04.2023,28.04.2023 12:30:19,27,64,Mazowieckie,88,Choroby wewnętrzne,2023/003370,Rezydencki,83.57,3.71,22.02.2023 21:06:15,26,NIE,,
w-2023,9,28.04.2023,28.04.2023 12:30:19,27,64,Mazowieckie,89,Choroby wewnętrzne,2023/004433,Rezydencki,83.33,4.33,07.03.2023 20:28:36,26,NIE,,
w-2023,9,28.04.2023,28.04.2023 12:30:19,27,64,Mazowieckie,90,Choroby wewnętrzne,2023/001306,Rezydencki,83.09,4.47,14.02.2023 15:37:14,26,NIE,,
w-2023,9,28.04.2023,28.04.2023 12:30:19,27,64,Mazowieckie,91,Choroby wewnętrzne,2023/005249,Rezydencki,83.09,3.68,28.02.2023 21:57:37,26,NIE,,
w-2023,9,28.04.2023,28.04.2023 12:30:19,27,64,Mazowieckie,92,Choroby wewnętrzne,2023/003375,Rezydencki,82.35,4.21,23.02.2023 08:10:34,26,NIE,,
w-2023,9,28.04.2023,28.04.2023 12:30:19,27,64,Mazowieckie,93,Choroby wewnętrzne,2023/002283,Rezydencki,80.92,3.82,27.02.2023 21:11:27,26,NIE,,
w-2023,9,28.04.2023,28.04.2023 12:30:19,27,64,Mazowieckie,94,Choroby wewnętrzne,2023/004521,Rezydencki,80.19,3.51,27.02.2023 17:58:53,26,NIE,,
w-2023,9,28.04.2023,28.04.2023 12:30:19,27,64,Mazowieckie,95,Choroby wewnętrzne,2023/003727,Rezydencki,79.71,0.00,09.03.2023 10:47:37,26,NIE,,
w-2023,9,28.04.2023,28.04.2023 12:30:19,27,64,Mazowieckie,96,Choroby wewnętrzne,2023/003546,Rezydencki,79.41,3.80,28.02.2023 13:20:59,26,NIE,,
w-2023,9,28.04.2023,28.04.2023 12:30:19,27,64,Mazowieckie,97,Choroby wewnętrzne,2023/003876,Rezydencki,66.18,0.00,25.02.2023 11:07:45,26,NIE,,
w-2023,9,28.04.2023,28.04.2023 12:30:19,28,64,Mazowieckie,98,Choroby wewnętrzne,2023/004342,Pozarezydencki,70.18,3.81,04.03.2023 20:36:36,3,NIE,,
w-2023,9,28.04.2023,28.04.2023 12:30:19,28,64,Mazowieckie,99,Choroby wewnętrzne,2023/003574,Pozarezydencki,67.44,3.43,27.02.2023 11:38:49,3,NIE,,
w-2023,9,28.04.2023,28.04.2023 12:30:19,28,64,Mazowieckie,100,Choroby wewnętrzne,2023/005239,Pozarezydencki,65.57,0.00,28.02.2023 21:50:57,3,NIE,,
w-2023,9,28.04.2023,28.04.2023 12:30:19,28,64,Mazowieckie,101,Choroby zakaźne,2023/003839,Rezydencki,80.68,3.69,24.02.2023 22:22:26,1,NIE,,
w-2023,9,28.04.2023,28.04.2023 12:30:19,28,64,Mazowieckie,102,Choroby zakaźne,2023/001729,Pozarezydencki,67.45,3.50,24.02.2023 21:03:59,2,NIE,,
w-2023,9,28.04.2023,28.04.2023 12:30:19,28,64,Mazowieckie,103,Choroby zakaźne,2023/001051,Pozarezydencki,61.92,3.39,08.03.2023 14:35:00,2,NIE,,
w-2023,9,28.04.2023,28.04.2023 12:30:19,28,64,Mazowieckie,104,Dermatologia i wenerologia,2023/001793,Rezydencki,91.71,4.58,13.02.2023 15:25:08,5,NIE,,
w-2023,9,28.04.2023,28.04.2023 12:30:19,28,64,Mazowieckie,105,Dermatologia i wenerologia,2023/005170,Rezydencki,91.67,4.28,28.02.2023 23:48:58,5,NIE,,
w-2023,9,28.04.2023,28.04.2023 12:30:19,28,64,Mazowieckie,106,Dermatologia i wenerologia,2023/002250,Rezydencki,91.42,4.30,28.02.2023 20:53:20,5,NIE,,
w-2023,9,28.04.2023,28.04.2023 12:30:19,28,64,Mazowieckie,107,Dermatologia i wenerologia,2023/001008,Rezydencki,90.58,4.52,22.02.2023 13:23:49,5,NIE,,
w-2023,9,28.04.2023,28.04.2023 12:30:19,28,64,Mazowieckie,108,Dermatologia i wenerologia,2023/000762,Rezydencki,90.44,4.21,25.02.2023 10:20:10,5,NIE,,
w-2023,9,28.04.2023,28.04.2023 12:30:19,28,64,Mazowieckie,109,Diabetologia,2023/004141,Rezydencki,89.95,4.35,27.02.2023 23:59:24,1,NIE,,
w-2023,9,28.04.2023,28.04.2023 12:30:19,28,64,Mazowieckie,110,Diabetologia,2023/001117,Pozarezydencki,82.95,4.26,07.03.2023 10:31:21,11,NIE,,
w-2023,9,28.04.2023,28.04.2023 12:30:19,28,64,Mazowieckie,111,Diabetologia,2023/004202,Pozarezydencki,80.45,4.33,28.02.2023 17:35:31,11,NIE,,
w-2023,9,28.04.2023,28.04.2023 12:30:19,28,64,Mazowieckie,112,Diabetologia,2023/001197,Pozarezydencki,79.26,3.57,23.02.2023 22:54:48,11,NIE,,
w-2023,9,28.04.2023,28.04.2023 12:30:19,28,64,Mazowieckie,113,Diabetologia,2023/002809,Pozarezydencki,77.06,4.08,20.02.2023 13:32:07,11,NIE,,
w-2023,9,28.04.2023,28.04.2023 12:30:19,28,64,Mazowieckie,114,Diabetologia,2023/004540,Pozarezydencki,77.06,4.03,03.03.2023 19:33:00,11,NIE,,
w-2023,9,28.04.2023,28.04.2023 12:30:19,28,64,Mazowieckie,115,Diabetologia,2023/003150,Pozarezydencki,76.39,3.97,27.02.2023 07:33:58,11,NIE,,
w-2023,9,28.04.2023,28.04.2023 12:30:19,28,64,Mazowieckie,116,Diabetologia,2023/001159,Pozarezydencki,73.83,4.05,03.02.2023 21:39:50,11,NIE,,
w-2023,9,28.04.2023,28.04.2023 12:30:19,28,64,Mazowieckie,117,Diabetologia,2023/004608,Pozarezydencki,70.91,3.74,27.02.2023 20:09:53,11,NIE,,
w-2023,9,28.04.2023,28.04.2023 12:30:19,28,64,Mazowieckie,118,Diabetologia,2023/002404,Pozarezydencki,69.95,4.13,15.03.2023 13:29:05,11,NIE,,
w-2023,9,28.04.2023,28.04.2023 12:30:19,28,64,Mazowieckie,119,Diabetologia,2023/001116,Pozarezydencki,69.34,0.00,02.02.2023 13:56:44,11,NIE,,
w-2023,9,28.04.2023,28.04.2023 12:30:19,28,64,Mazowieckie,120,Diabetologia,2023/000795,Pozarezydencki,62.15,3.91,01.02.2023 08:30:52,11,NIE,,
w-2023,9,28.04.2023,28.04.2023 12:30:19,28,64,Mazowieckie,121,Diagnostyka laboratoryjna,2023/004536,Rezydencki,77.29,0.00,08.03.2023 13:07:33,1,NIE,,
w-2023,9,28.04.2023,28.04.2023 12:30:19,28,64,Mazowieckie,122,Endokrynologia,2023/004047,Pozarezydencki,88.64,4.61,16.03.2023 19:08:02,4,NIE,,
w-2023,9,28.04.2023,28.04.2023 12:30:19,28,64,Mazowieckie,123,Endokrynologia,2023/002575,Pozarezydencki,88.18,4.55,16.02.2023 17:16:40,4,NIE,,
w-2023,9,28.04.2023,28.04.2023 12:30:19,28,64,Mazowieckie,124,Endokrynologia,2023/003571,Pozarezydencki,86.41,4.27,23.02.2023 18:08:27,4,NIE,,
w-2023,9,28.04.2023,28.04.2023 12:30:19,28,64,Mazowieckie,125,Endokrynologia,2023/000751,Pozarezydencki,85.48,4.25,03.03.2023 13:03:07,4,NIE,,
w-2023,9,28.04.2023,28.04.2023 12:30:19,28,64,Mazowieckie,126,Endokrynologia i diabetologia dziecięca,2023/001080,Pozarezydencki,81.82,4.37,28.02.2023 22:59:39,1,NIE,,
w-2023,9,28.04.2023,28.04.2023 12:30:19,28,64,Mazowieckie,127,Epidemiologia,2023/003866,Rezydencki,70.10,3.74,26.02.2023 09:34:05,1,NIE,,
w-2023,9,28.04.2023,28.04.2023 12:30:19,28,64,Mazowieckie,128,Epidemiologia,2023/004477,Pozarezydencki,0.00,0.00,09.03.2023 09:14:36,1,NIE,,
w-2023,9,28.04.2023,28.04.2023 12:30:19,28,64,Mazowieckie,129,Farmakologia kliniczna,2023/001949,Rezydencki,85.02,0.00,27.02.2023 21:53:25,1,NIE,,
w-2023,9,28.04.2023,28.04.2023 12:30:19,28,64,Mazowieckie,130,Gastroenterologia,2023/003194,Rezydencki,92.89,4.45,28.02.2023 22:46:16,1,NIE,,
w-2023,9,28.04.2023,28.04.2023 12:30:19,28,64,Mazowieckie,131,Gastroenterologia dziecięca,2023/004656,Rezydencki,89.37,4.42,28.02.2023 20:32:42,1,NIE,,
w-2023,9,28.04.2023,28.04.2023 12:30:19,28,64,Mazowieckie,132,Genetyka kliniczna,2023/001020,Rezydencki,87.68,4.23,01.02.2023 21:45:46,1,NIE,,
w-2023,9,28.04.2023,28.04.2023 12:30:19,28,64,Mazowieckie,133,Genetyka kliniczna,2023/001555,Pozarezydencki,79.25,4.34,16.03.2023 14:13:33,1,NIE,,
w-2023,9,28.04.2023,28.04.2023 12:30:19,28,64,Mazowieckie,134,Geriatria,2023/003186,Pozarezydencki,85.68,4.68,21.02.2023 22:11:24,4,NIE,,
w-2023,9,28.04.2023,28.04.2023 12:30:19,28,64,Mazowieckie,135,Geriatria,2023/004062,Pozarezydencki,80.00,4.03,10.03.2023 11:13:33,4,NIE,,
w-2023,9,28.04.2023,28.04.2023 12:30:19,29,64,Mazowieckie,136,Geriatria,2023/005355,Pozarezydencki,62.73,3.93,28.02.2023 23:50:53,4,NIE,,
w-2023,9,28.04.2023,28.04.2023 12:30:19,29,64,Mazowieckie,137,Geriatria,2023/001703,Pozarezydencki,61.82,4.05,04.03.2023 10:15:36,4,NIE,,
w-2023,9,28.04.2023,28.04.2023 12:30:19,29,64,Mazowieckie,138,Ginekologia onkologiczna,2023/001955,Pozarezydencki,75.45,4.11,28.02.2023 21:19:51,4,NIE,,
w-2023,9,28.04.2023,28.04.2023 12:30:19,29,64,Mazowieckie,139,Ginekologia onkologiczna,2023/003988,Pozarezydencki,75.45,3.96,27.02.2023 11:31:23,4,NIE,,
w-2023,9,28.04.2023,28.04.2023 12:30:19,29,64,Mazowieckie,140,Ginekologia onkologiczna,2023/001676,Pozarezydencki,75.36,3.48,28.02.2023 11:36:45,4,NIE,,
w-2023,9,28.04.2023,28.04.2023 12:30:19,29,64,Mazowieckie,141,Ginekologia onkologiczna,2023/003982,Pozarezydencki,74.77,4.15,13.03.2023 16:18:11,4,NIE,,
w-2023,9,28.04.2023,28.04.2023 12:30:19,29,64,Mazowieckie,142,Hematologia,2023/004965,Rezydencki,84.80,4.39,28.02.2023 18:58:24,4,NIE,,
w-2023,9,28.04.2023,28.04.2023 12:30:19,29,64,Mazowieckie,143,Hematologia,2023/003663,Rezydencki,83.41,4.03,28.02.2023 23:22:26,4,NIE,,
w-2023,9,28.04.2023,28.04.2023 12:30:19,29,64,Mazowieckie,144,Hematologia,2023/001085,Rezydencki,80.98,3.61,02.02.2023 11:35:47,4,NIE,,
w-2023,9,28.04.2023,28.04.2023 12:30:19,29,64,Mazowieckie,145,Hematologia,2023/001846,Rezydencki,74.40,3.13,19.02.2023 17:44:40,4,NIE,,
w-2023,9,28.04.2023,28.04.2023 12:30:19,29,64,Mazowieckie,146,Immunologia kliniczna,2023/002753,Pozarezydencki,83.09,4.64,27.02.2023 11:05:49,1,NIE,,
w-2023,9,28.04.2023,28.04.2023 12:30:19,29,64,Mazowieckie,147,Kardiologia,2023/003930,Rezydencki,90.44,4.14,28.02.2023 18:41:30,3,NIE,,
w-2023,9,28.04.2023,28.04.2023 12:30:19,29,64,Mazowieckie,148,Kardiologia,2023/004478,Rezydencki,89.22,4.14,28.02.2023 23:01:52,3,NIE,,
w-2023,9,28.04.2023,28.04.2023 12:30:19,29,64,Mazowieckie,149,Kardiologia,2023/003831,Rezydencki,88.97,3.97,28.02.2023 22:33:47,3,NIE,,
w-2023,9,28.04.2023,28.04.2023 12:30:19,29,64,Mazowieckie,150,Kardiologia,2023/001390,Pozarezydencki,82.27,4.08,09.03.2023 10:19:42,10,NIE,,
w-2023,9,28.04.2023,28.04.2023 12:30:19,29,64,Mazowieckie,151,Kardiologia,2023/002479,Pozarezydencki,81.86,4.11,15.02.2023 16:06:17,10,NIE,,
w-2023,9,28.04.2023,28.04.2023 12:30:19,29,64,Mazowieckie,152,Kardiologia,2023/000937,Pozarezydencki,80.00,3.80,27.02.2023 18:30:22,10,NIE,,
w-2023,9,28.04.2023,28.04.2023 12:30:19,29,64,Mazowieckie,153,Kardiologia,2023/001403,Pozarezydencki,80.00,3.73,10.03.2023 10:47:13,10,NIE,,
w-2023,9,28.04.2023,28.04.2023 12:30:19,29,64,Mazowieckie,154,Kardiologia,2023/003074,Pozarezydencki,77.10,4.06,08.03.2023 00:02:21,10,NIE,,
w-2023,9,28.04.2023,28.04.2023 12:30:19,29,64,Mazowieckie,155,Kardiologia,2023/002426,Pozarezydencki,72.43,3.97,09.03.2023 19:22:22,10,NIE,,
w-2023,9,28.04.2023,28.04.2023 12:30:19,29,64,Mazowieckie,156,Kardiologia,2023/003439,Pozarezydencki,70.91,0.00,15.03.2023 08:45:21,10,NIE,,
w-2023,9,28.04.2023,28.04.2023 12:30:19,29,64,Mazowieckie,157,Kardiologia,2023/002768,Pozarezydencki,62.61,3.51,14.03.2023 10:34:12,10,NIE,,
w-2023,9,28.04.2023,28.04.2023 12:30:19,29,64,Mazowieckie,158,Kardiologia,2023/004244,Pozarezydencki,59.91,3.41,22.03.2023 17:24:36,10,NIE,,
w-2023,9,28.04.2023,28.04.2023 12:30:19,29,64,Mazowieckie,159,Kardiologia,2023/004009,Pozarezydencki,6.82,4.31,09.03.2023 13:40:28,10,NIE,,
w-2023,9,28.04.2023,28.04.2023 12:30:19,29,64,Mazowieckie,160,Kardiologia dziecięca,2023/003249,Pozarezydencki,75.91,4.11,28.02.2023 06:33:22,4,NIE,,
w-2023,9,28.04.2023,28.04.2023 12:30:19,29,64,Mazowieckie,161,Kardiologia dziecięca,2023/003408,Pozarezydencki,70.91,3.78,28.02.2023 23:29:28,4,NIE,,
w-2023,9,28.04.2023,28.04.2023 12:30:19,29,64,Mazowieckie,162,Kardiologia dziecięca,2023/005053,Pozarezydencki,70.91,3.59,09.03.2023 17:56:11,4,NIE,,
w-2023,9,28.04.2023,28.04.2023 12:30:19,29,64,Mazowieckie,163,Kardiologia dziecięca,2023/005198,Pozarezydencki,70.91,0.00,10.03.2023 19:17:22,4,NIE,,
w-2023,9,28.04.2023,28.04.2023 12:30:19,29,64,Mazowieckie,164,Medycyna paliatywna,2023/003531,Pozarezydencki,80.00,3.83,23.03.2023 11:01:37,5,NIE,,
w-2023,9,28.04.2023,28.04.2023 12:30:19,29,64,Mazowieckie,165,Medycyna paliatywna,2023/002419,Pozarezydencki,76.91,4.23,20.02.2023 15:42:01,5,NIE,,
w-2023,9,28.04.2023,28.04.2023 12:30:19,29,64,Mazowieckie,166,Medycyna paliatywna,2023/003232,Pozarezydencki,68.69,4.41,14.03.2023 12:44:04,5,NIE,,
w-2023,9,28.04.2023,28.04.2023 12:30:19,29,64,Mazowieckie,167,Medycyna paliatywna,2023/003144,Pozarezydencki,67.43,3.86,13.03.2023 19:39:38,5,NIE,,
w-2023,9,28.04.2023,28.04.2023 12:30:19,29,64,Mazowieckie,168,Medycyna paliatywna,2023/005282,Pozarezydencki,58.99,4.16,28.02.2023 23:19:10,5,NIE,,
w-2023,9,28.04.2023,28.04.2023 12:30:19,29,64,Mazowieckie,169,Medycyna pracy,2023/003132,Pozarezydencki,84.55,4.74,08.03.2023 11:41:18,6,NIE,,
w-2023,9,28.04.2023,28.04.2023 12:30:19,29,64,Mazowieckie,170,Medycyna pracy,2023/001384,Pozarezydencki,65.59,0.00,20.02.2023 14:20:44,6,NIE,,
w-2023,9,28.04.2023,28.04.2023 12:30:19,29,64,Mazowieckie,171,Medycyna pracy,2023/001658,Pozarezydencki,65.14,3.53,07.03.2023 13:58:21,6,NIE,,
w-2023,9,28.04.2023,28.04.2023 12:30:19,29,64,Mazowieckie,172,Medycyna pracy,2023/002920,Pozarezydencki,64.91,3.69,23.03.2023 19:30:18,6,NIE,,
w-2023,9,28.04.2023,28.04.2023 12:30:19,29,64,Mazowieckie,173,Medycyna pracy,2023/004524,Pozarezydencki,54.25,3.26,28.02.2023 20:49:47,6,NIE,,
w-2023,9,28.04.2023,28.04.2023 12:30:19,30,64,Mazowieckie,174,Medycyna pracy,2023/005380,Pozarezydencki,51.85,0.00,08.03.2023 09:57:40,6,NIE,,
w-2023,9,28.04.2023,28.04.2023 12:30:19,30,64,Mazowieckie,175,Medycyna ratunkowa,2023/001234,Pozarezydencki,70.91,3.67,07.03.2023 10:11:33,5,NIE,,
w-2023,9,28.04.2023,28.04.2023 12:30:19,30,64,Mazowieckie,176,Medycyna ratunkowa,2023/004963,Pozarezydencki,67.82,0.00,14.03.2023 14:30:23,5,NIE,,
w-2023,9,28.04.2023,28.04.2023 12:30:19,30,64,Mazowieckie,177,Medycyna ratunkowa,2023/001694,Pozarezydencki,66.51,3.24,15.03.2023 06:42:20,5,NIE,,
w-2023,9,28.04.2023,28.04.2023 12:30:19,30,64,Mazowieckie,178,Medycyna ratunkowa,2023/004292,Pozarezydencki,56.13,0.00,26.02.2023 22:17:48,5,NIE,,
w-2023,9,28.04.2023,28.04.2023 12:30:19,30,64,Mazowieckie,179,Medycyna ratunkowa,2023/001142,Pozarezydencki,0.00,4.51,02.02.2023 17:37:02,5,NIE,,
w-2023,9,28.04.2023,28.04.2023 12:30:19,30,64,Mazowieckie,180,Medycyna rodzinna,2023/002071,Rezydencki,87.92,3.94,11.02.2023 19:07:56,32,NIE,,
w-2023,9,28.04.2023,28.04.2023 12:30:19,30,64,Mazowieckie,181,Medycyna rodzinna,2023/003443,Rezydencki,87.44,4.24,23.02.2023 09:28:51,32,NIE,,
w-2023,9,28.04.2023,28.04.2023 12:30:19,30,64,Mazowieckie,182,Medycyna rodzinna,2023/003836,Rezydencki,87.44,4.24,28.02.2023 22:50:07,32,NIE,,
w-2023,9,28.04.2023,28.04.2023 12:30:19,30,64,Mazowieckie,183,Medycyna rodzinna,2023/002433,Rezydencki,87.38,4.39,22.02.2023 09:14:12,32,NIE,,
w-2023,9,28.04.2023,28.04.2023 12:30:19,30,64,Mazowieckie,184,Medycyna rodzinna,2023/003501,Rezydencki,87.25,3.85,27.02.2023 14:11:28,32,NIE,,
w-2023,9,28.04.2023,28.04.2023 12:30:19,30,64,Mazowieckie,185,Medycyna rodzinna,2023/000983,Rezydencki,86.96,4.10,25.02.2023 10:37:24,32,NIE,,
w-2023,9,28.04.2023,28.04.2023 12:30:19,30,64,Mazowieckie,186,Medycyna rodzinna,2023/003849,Rezydencki,86.96,4.05,09.03.2023 07:37:20,32,NIE,,
w-2023,9,28.04.2023,28.04.2023 12:30:19,30,64,Mazowieckie,187,Medycyna rodzinna,2023/004136,Rezydencki,86.76,4.16,28.02.2023 22:37:22,32,NIE,,
w-2023,9,28.04.2023,28.04.2023 12:30:19,30,64,Mazowieckie,188,Medycyna rodzinna,2023/003028,Rezydencki,86.47,4.05,28.02.2023 22:17:01,32,NIE,,
w-2023,9,28.04.2023,28.04.2023 12:30:19,30,64,Mazowieckie,189,Medycyna rodzinna,2023/001319,Rezydencki,85.99,3.90,08.02.2023 17:45:40,32,NIE,,
w-2023,9,28.04.2023,28.04.2023 12:30:19,30,64,Mazowieckie,190,Medycyna rodzinna,2023/003923,Rezydencki,85.29,3.38,26.02.2023 12:16:01,32,NIE,,
w-2023,9,28.04.2023,28.04.2023 12:30:19,30,64,Mazowieckie,191,Medycyna rodzinna,2023/003178,Rezydencki,84.76,3.76,28.02.2023 22:49:15,32,NIE,,
w-2023,9,28.04.2023,28.04.2023 12:30:19,30,64,Mazowieckie,192,Medycyna rodzinna,2023/004182,Rezydencki,84.31,3.89,28.02.2023 10:49:06,32,NIE,,
w-2023,9,28.04.2023,28.04.2023 12:30:19,30,64,Mazowieckie,193,Medycyna rodzinna,2023/000833,Rezydencki,83.33,3.66,06.03.2023 15:22:52,32,NIE,,
w-2023,9,28.04.2023,28.04.2023 12:30:19,30,64,Mazowieckie,194,Medycyna rodzinna,2023/004907,Rezydencki,82.85,3.76,28.02.2023 21:08:08,32,NIE,,
w-2023,9,28.04.2023,28.04.2023 12:30:19,30,64,Mazowieckie,195,Medycyna rodzinna,2023/004336,Rezydencki,82.61,4.37,12.03.2023 18:01:23,32,NIE,,
w-2023,9,28.04.2023,28.04.2023 12:30:19,30,64,Mazowieckie,196,Medycyna rodzinna,2023/003326,Rezydencki,82.35,3.40,27.02.2023 13:02:15,32,NIE,,
w-2023,9,28.04.2023,28.04.2023 12:30:19,30,64,Mazowieckie,197,Medycyna rodzinna,2023/003506,Rezydencki,79.90,4.22,27.02.2023 23:52:51,32,NIE,,
w-2023,9,28.04.2023,28.04.2023 12:30:19,30,64,Mazowieckie,198,Medycyna rodzinna,2023/002894,Rezydencki,79.23,3.56,20.02.2023 10:53:30,32,NIE,,
w-2023,9,28.04.2023,28.04.2023 12:30:19,30,64,Mazowieckie,199,Medycyna rodzinna,2023/002905,Rezydencki,78.74,0.00,20.02.2023 11:34:52,32,NIE,,
w-2023,9,28.04.2023,28.04.2023 12:30:19,30,64,Mazowieckie,200,Medycyna rodzinna,2023/002892,Rezydencki,78.43,4.11,04.03.2023 13:15:17,32,NIE,,
w-2023,9,28.04.2023,28.04.2023 12:30:19,30,64,Mazowieckie,201,Medycyna rodzinna,2023/004534,Rezydencki,75.36,4.06,28.02.2023 20:55:32,32,NIE,,
w-2023,9,28.04.2023,28.04.2023 12:30:19,30,64,Mazowieckie,202,Medycyna rodzinna,2023/003887,Rezydencki,71.74,3.78,25.02.2023 12:53:54,32,NIE,,
w-2023,9,28.04.2023,28.04.2023 12:30:19,30,64,Mazowieckie,203,Medycyna rodzinna,2023/005346,Rezydencki,71.08,0.00,28.02.2023 23:24:21,32,NIE,,
w-2023,9,28.04.2023,28.04.2023 12:30:19,30,64,Mazowieckie,204,Medycyna rodzinna,2023/002203,Rezydencki,69.08,3.68,12.02.2023 23:16:59,32,NIE,,
w-2023,9,28.04.2023,28.04.2023 12:30:19,30,64,Mazowieckie,205,Medycyna rodzinna,2023/004613,Rezydencki,65.70,3.32,08.03.2023 16:09:44,32,NIE,,
w-2023,9,28.04.2023,28.04.2023 12:30:19,30,64,Mazowieckie,206,Medycyna rodzinna,2023/004931,Rezydencki,65.22,0.00,28.02.2023 19:08:32,32,NIE,,
w-2023,9,28.04.2023,28.04.2023 12:30:19,30,64,Mazowieckie,207,Medycyna rodzinna,2023/004605,Rezydencki,60.78,3.22,27.02.2023 20:06:18,32,NIE,,
w-2023,9,28.04.2023,28.04.2023 12:30:19,30,64,Mazowieckie,208,Medycyna rodzinna,2023/003582,Rezydencki,57.77,4.00,16.03.2023 14:04:34,32,NIE,,
w-2023,9,28.04.2023,28.04.2023 12:30:19,30,64,Mazowieckie,209,Medycyna rodzinna,2023/001860,Rezydencki,57.07,0.00,12.02.2023 19:35:55,32,NIE,,
w-2023,9,28.04.2023,28.04.2023 12:30:19,30,64,Mazowieckie,210,Medycyna rodzinna,2023/001409,Rezydencki,55.07,0.00,06.02.2023 22:26:06,32,NIE,,
w-2023,9,28.04.2023,28.04.2023 12:30:19,30,64,Mazowieckie,211,Medycyna rodzinna,2023/002070,Rezydencki,42.65,3.30,11.02.2023 19:16:12,32,NIE,,
w-2023,9,28.04.2023,28.04.2023 12:30:19,31,64,Mazowieckie,212,Medycyna rodzinna,2023/002558,Pozarezydencki,76.62,4.65,23.02.2023 19:22:56,7,NIE,,
w-2023,9,28.04.2023,28.04.2023 12:30:19,31,64,Mazowieckie,213,Medycyna rodzinna,2023/003610,Pozarezydencki,75.00,3.50,07.03.2023 10:46:41,7,NIE,,
w-2023,9,28.04.2023,28.04.2023 12:30:19,31,64,Mazowieckie,214,Medycyna rodzinna,2023/004961,Pozarezydencki,68.84,0.00,03.03.2023 11:36:01,7,NIE,,
w-2023,9,28.04.2023,28.04.2023 12:30:19,31,64,Mazowieckie,215,Medycyna rodzinna,2023/002584,Pozarezydencki,68.52,3.81,01.03.2023 23:06:27,7,NIE,,
w-2023,9,28.04.2023,28.04.2023 12:30:19,31,64,Mazowieckie,216,Medycyna rodzinna,2023/003172,Pozarezydencki,58.55,3.82,03.03.2023 09:39:59,7,NIE,,
w-2023,9,28.04.2023,28.04.2023 12:30:19,31,64,Mazowieckie,217,Medycyna rodzinna,2023/005348,Pozarezydencki,0.00,0.00,07.03.2023 09:50:42,7,NIE,,
w-2023,9,28.04.2023,28.04.2023 12:30:19,31,64,Mazowieckie,218,Medycyna rodzinna,2023/002281,Pozarezydencki,0.00,0.00,16.03.2023 22:06:24,7,NIE,,
w-2023,9,28.04.2023,28.04.2023 12:30:19,31,64,Mazowieckie,219,Mikrobiologia lekarska,2023/003642,Pozarezydencki,71.10,4.21,21.03.2023 20:12:02,1,NIE,,
w-2023,9,28.04.2023,28.04.2023 12:30:19,31,64,Mazowieckie,220,Nefrologia,2023/003133,Rezydencki,87.44,4.10,26.02.2023 23:16:41,1,NIE,,
w-2023,9,28.04.2023,28.04.2023 12:30:19,31,64,Mazowieckie,221,Nefrologia,2023/003345,Pozarezydencki,70.91,3.77,16.03.2023 16:06:49,3,NIE,,
w-2023,9,28.04.2023,28.04.2023 12:30:19,31,64,Mazowieckie,222,Nefrologia,2023/001678,Pozarezydencki,68.81,4.14,21.02.2023 11:59:42,3,NIE,,
w-2023,9,28.04.2023,28.04.2023 12:30:19,31,64,Mazowieckie,223,Nefrologia,2023/002409,Pozarezydencki,57.27,4.13,15.03.2023 23:20:00,3,NIE,,
w-2023,9,28.04.2023,28.04.2023 12:30:19,31,64,Mazowieckie,224,Nefrologia dziecięca,2023/003999,Rezydencki,83.57,3.97,27.02.2023 22:24:43,1,NIE,,
w-2023,9,28.04.2023,28.04.2023 12:30:19,31,64,Mazowieckie,225,Neonatologia,2023/002490,Rezydencki,74.88,4.14,20.02.2023 16:21:08,1,NIE,,
w-2023,9,28.04.2023,28.04.2023 12:30:19,31,64,Mazowieckie,226,Neonatologia,2023/005179,Pozarezydencki,70.91,3.87,28.02.2023 23:52:53,1,NIE,,
w-2023,9,28.04.2023,28.04.2023 12:30:19,31,64,Mazowieckie,227,Neurochirurgia,2023/002318,Rezydencki,88.16,4.21,14.02.2023 01:55:53,1,NIE,,
w-2023,9,28.04.2023,28.04.2023 12:30:19,31,64,Mazowieckie,228,Neurochirurgia,2023/004878,Pozarezydencki,83.41,4.13,09.03.2023 22:27:54,2,NIE,,
w-2023,9,28.04.2023,28.04.2023 12:30:19,31,64,Mazowieckie,229,Neurochirurgia,2023/004933,Pozarezydencki,0.00,0.00,28.02.2023 12:00:52,2,NIE,,
w-2023,9,28.04.2023,28.04.2023 12:30:19,31,64,Mazowieckie,230,Neurologia,2023/003802,Rezydencki,89.22,4.17,24.02.2023 18:43:48,13,NIE,,
w-2023,9,28.04.2023,28.04.2023 12:30:19,31,64,Mazowieckie,231,Neurologia,2023/004749,Rezydencki,88.24,3.67,28.02.2023 13:45:14,13,NIE,,
w-2023,9,28.04.2023,28.04.2023 12:30:19,31,64,Mazowieckie,232,Neurologia,2023/005067,Rezydencki,87.92,4.26,07.03.2023 13:29:59,13,NIE,,
w-2023,9,28.04.2023,28.04.2023 12:30:19,31,64,Mazowieckie,233,Neurologia,2023/001393,Rezydencki,87.75,4.08,24.02.2023 08:33:31,13,NIE,,
w-2023,9,28.04.2023,28.04.2023 12:30:19,31,64,Mazowieckie,234,Neurologia,2023/000954,Rezydencki,87.44,4.14,20.02.2023 11:47:50,13,NIE,,
w-2023,9,28.04.2023,28.04.2023 12:30:19,31,64,Mazowieckie,235,Neurologia,2023/004189,Rezydencki,85.02,3.91,27.02.2023 21:18:37,13,NIE,,
w-2023,9,28.04.2023,28.04.2023 12:30:19,31,64,Mazowieckie,236,Neurologia,2023/002060,Rezydencki,84.54,4.00,15.02.2023 21:03:05,13,NIE,,
w-2023,9,28.04.2023,28.04.2023 12:30:19,31,64,Mazowieckie,237,Neurologia,2023/003368,Rezydencki,84.54,3.35,28.02.2023 21:57:53,13,NIE,,
w-2023,9,28.04.2023,28.04.2023 12:30:19,31,64,Mazowieckie,238,Neurologia,2023/002994,Rezydencki,83.82,3.45,27.02.2023 19:08:24,13,NIE,,
w-2023,9,28.04.2023,28.04.2023 12:30:19,31,64,Mazowieckie,239,Neurologia,2023/004862,Rezydencki,82.37,4.05,28.02.2023 22:53:33,13,NIE,,
w-2023,9,28.04.2023,28.04.2023 12:30:19,31,64,Mazowieckie,240,Neurologia,2023/002091,Rezydencki,80.92,3.81,18.02.2023 13:10:28,13,NIE,,
w-2023,9,28.04.2023,28.04.2023 12:30:19,31,64,Mazowieckie,241,Neurologia,2023/003877,Rezydencki,77.45,3.64,28.02.2023 17:51:56,13,NIE,,
w-2023,9,28.04.2023,28.04.2023 12:30:19,31,64,Mazowieckie,242,Neurologia,2023/001282,Rezydencki,71.50,4.49,03.02.2023 19:18:47,13,NIE,,
w-2023,9,28.04.2023,28.04.2023 12:30:19,31,64,Mazowieckie,243,Neurologia dziecięca,2023/003655,Rezydencki,85.78,4.11,27.02.2023 21:51:19,1,NIE,,
w-2023,9,28.04.2023,28.04.2023 12:30:19,31,64,Mazowieckie,244,Okulistyka,2023/000916,Pozarezydencki,84.33,4.07,09.02.2023 12:07:47,12,NIE,,
w-2023,9,28.04.2023,28.04.2023 12:30:19,31,64,Mazowieckie,245,Okulistyka,2023/002553,Pozarezydencki,81.80,3.72,28.02.2023 21:40:33,12,NIE,,
w-2023,9,28.04.2023,28.04.2023 12:30:19,31,64,Mazowieckie,246,Okulistyka,2023/004803,Pozarezydencki,81.31,3.65,11.03.2023 11:20:07,12,NIE,,
w-2023,9,28.04.2023,28.04.2023 12:30:19,31,64,Mazowieckie,247,Okulistyka,2023/003977,Pozarezydencki,81.11,4.04,28.02.2023 22:20:45,12,NIE,,
w-2023,9,28.04.2023,28.04.2023 12:30:19,31,64,Mazowieckie,248,Okulistyka,2023/003678,Pozarezydencki,81.11,3.46,27.02.2023 01:15:31,12,NIE,,
w-2023,9,28.04.2023,28.04.2023 12:30:19,31,64,Mazowieckie,249,Okulistyka,2023/004384,Pozarezydencki,78.34,4.04,14.03.2023 16:27:03,12,NIE,,
w-2023,9,28.04.2023,28.04.2023 12:30:19,32,64,Mazowieckie,250,Okulistyka,2023/004575,Pozarezydencki,78.14,4.31,27.02.2023 19:24:18,12,NIE,,
w-2023,9,28.04.2023,28.04.2023 12:30:19,32,64,Mazowieckie,251,Okulistyka,2023/004218,Pozarezydencki,77.88,4.11,26.02.2023 20:23:42,12,NIE,,
w-2023,9,28.04.2023,28.04.2023 12:30:19,32,64,Mazowieckie,252,Okulistyka,2023/004809,Pozarezydencki,76.04,3.75,27.02.2023 23:43:52,12,NIE,,
w-2023,9,28.04.2023,28.04.2023 12:30:19,32,64,Mazowieckie,253,Okulistyka,2023/005071,Pozarezydencki,73.83,3.06,18.03.2023 22:15:06,12,NIE,,
w-2023,9,28.04.2023,28.04.2023 12:30:19,32,64,Mazowieckie,254,Okulistyka,2023/002042,Pozarezydencki,72.27,3.61,13.03.2023 13:03:47,12,NIE,,
w-2023,9,28.04.2023,28.04.2023 12:30:19,32,64,Mazowieckie,255,Okulistyka,2023/001922,Pozarezydencki,65.42,4.54,09.02.2023 17:05:08,12,NIE,,
w-2023,9,28.04.2023,28.04.2023 12:30:19,32,64,Mazowieckie,256,Onkologia i hematologia dziecięca,2023/001564,Pozarezydencki,56.22,3.55,24.02.2023 12:46:42,1,NIE,,
w-2023,9,28.04.2023,28.04.2023 12:30:19,32,64,Mazowieckie,257,Onkologia kliniczna,2023/002448,Rezydencki,87.92,4.22,15.02.2023 20:38:34,4,NIE,,
w-2023,9,28.04.2023,28.04.2023 12:30:19,32,64,Mazowieckie,258,Onkologia kliniczna,2023/003998,Rezydencki,86.47,3.89,25.02.2023 23:42:53,4,NIE,,
w-2023,9,28.04.2023,28.04.2023 12:30:19,32,64,Mazowieckie,259,Onkologia kliniczna,2023/004438,Rezydencki,82.84,4.02,28.02.2023 09:06:08,4,NIE,,
w-2023,9,28.04.2023,28.04.2023 12:30:19,32,64,Mazowieckie,260,Onkologia kliniczna,2023/002325,Rezydencki,77.78,4.00,17.02.2023 11:36:49,4,NIE,,
w-2023,9,28.04.2023,28.04.2023 12:30:19,32,64,Mazowieckie,261,Onkologia kliniczna,2023/001263,Pozarezydencki,85.25,4.82,15.02.2023 20:47:11,1,NIE,,
w-2023,9,28.04.2023,28.04.2023 12:30:19,32,64,Mazowieckie,262,Ortodoncja,2023/003317,Rezydencki,88.57,4.55,28.02.2023 23:59:31,3,NIE,,
w-2023,9,28.04.2023,28.04.2023 12:30:19,32,64,Mazowieckie,263,Ortodoncja,2023/000766,Rezydencki,87.14,4.56,14.02.2023 11:46:22,3,NIE,,
w-2023,9,28.04.2023,28.04.2023 12:30:19,32,64,Mazowieckie,264,Ortodoncja,2023/005021,Rezydencki,86.60,4.38,28.02.2023 16:11:04,3,NIE,,
w-2023,9,28.04.2023,28.04.2023 12:30:19,32,64,Mazowieckie,265,Ortopedia i traumatologia narządu ruchu,2023/004516,Rezydencki,87.25,3.97,07.03.2023 09:02:46,10,NIE,,
w-2023,9,28.04.2023,28.04.2023 12:30:19,32,64,Mazowieckie,266,Ortopedia i traumatologia narządu ruchu,2023/001900,Rezydencki,87.25,3.65,28.02.2023 18:20:55,10,NIE,,
w-2023,9,28.04.2023,28.04.2023 12:30:19,32,64,Mazowieckie,267,Ortopedia i traumatologia narządu ruchu,2023/004997,Rezydencki,85.29,3.07,02.03.2023 14:17:42,10,NIE,,
w-2023,9,28.04.2023,28.04.2023 12:30:19,32,64,Mazowieckie,268,Ortopedia i traumatologia narządu ruchu,2023/001371,Rezydencki,82.37,3.66,04.02.2023 18:04:47,10,NIE,,
w-2023,9,28.04.2023,28.04.2023 12:30:19,32,64,Mazowieckie,269,Ortopedia i traumatologia narządu ruchu,2023/000962,Rezydencki,80.68,3.71,01.02.2023 20:39:47,10,NIE,,
w-2023,9,28.04.2023,28.04.2023 12:30:19,32,64,Mazowieckie,270,Ortopedia i traumatologia narządu ruchu,2023/003293,Rezydencki,80.19,0.00,22.02.2023 17:39:17,10,NIE,,
w-2023,9,28.04.2023,28.04.2023 12:30:19,32,64,Mazowieckie,271,Ortopedia i traumatologia narządu ruchu,2023/005126,Rezydencki,77.78,3.51,28.02.2023 19:45:52,10,NIE,,
w-2023,9,28.04.2023,28.04.2023 12:30:19,32,64,Mazowieckie,272,Ortopedia i traumatologia narządu ruchu,2023/004036,Rezydencki,76.81,3.63,27.02.2023 22:20:51,10,NIE,,
w-2023,9,28.04.2023,28.04.2023 12:30:19,32,64,Mazowieckie,273,Ortopedia i traumatologia narządu ruchu,2023/005265,Rezydencki,75.36,0.00,28.02.2023 22:43:24,10,NIE,,
w-2023,9,28.04.2023,28.04.2023 12:30:19,32,64,Mazowieckie,274,Ortopedia i traumatologia narządu ruchu,2023/004636,Rezydencki,54.59,3.39,28.02.2023 17:58:05,10,NIE,,
w-2023,9,28.04.2023,28.04.2023 12:30:19,32,64,Mazowieckie,275,Otorynolaryngologia,2023/004186,Rezydencki,89.13,4.29,28.02.2023 21:35:16,1,NIE,,
w-2023,9,28.04.2023,28.04.2023 12:30:19,32,64,Mazowieckie,276,Otorynolaryngologia,2023/001358,Pozarezydencki,81.86,4.33,28.02.2023 20:05:22,2,NIE,,
w-2023,9,28.04.2023,28.04.2023 12:30:19,32,64,Mazowieckie,277,Otorynolaryngologia,2023/005027,Pozarezydencki,69.12,3.26,28.02.2023 17:20:06,2,NIE,,
w-2023,9,28.04.2023,28.04.2023 12:30:19,32,64,Mazowieckie,278,Otorynolaryngologia dziecięca,2023/004948,Rezydencki,83.82,3.68,28.02.2023 21:51:36,1,NIE,,
w-2023,9,28.04.2023,28.04.2023 12:30:19,32,64,Mazowieckie,279,Otorynolaryngologia dziecięca,2023/002613,Pozarezydencki,73.38,4.37,08.03.2023 11:10:46,1,NIE,,
w-2023,9,28.04.2023,28.04.2023 12:30:19,32,64,Mazowieckie,280,Patomorfologia,2023/004946,Rezydencki,84.29,0.00,28.02.2023 23:45:21,1,NIE,,
w-2023,9,28.04.2023,28.04.2023 12:30:19,32,64,Mazowieckie,281,Patomorfologia,2023/003054,Pozarezydencki,53.67,3.16,05.03.2023 20:45:46,1,NIE,,
w-2023,9,28.04.2023,28.04.2023 12:30:19,32,64,Mazowieckie,282,Pediatria,2023/000859,Rezydencki,88.48,4.32,27.02.2023 20:49:00,19,NIE,,
w-2023,9,28.04.2023,28.04.2023 12:30:19,32,64,Mazowieckie,283,Pediatria,2023/001253,Rezydencki,88.41,4.03,26.02.2023 22:20:42,19,NIE,,
w-2023,9,28.04.2023,28.04.2023 12:30:19,32,64,Mazowieckie,284,Pediatria,2023/000809,Rezydencki,88.24,4.58,27.02.2023 09:48:14,19,NIE,,
w-2023,9,28.04.2023,28.04.2023 12:30:19,32,64,Mazowieckie,285,Pediatria,2023/002861,Rezydencki,87.75,4.00,27.02.2023 18:45:32,19,NIE,,
w-2023,9,28.04.2023,28.04.2023 12:30:19,32,64,Mazowieckie,286,Pediatria,2023/004643,Rezydencki,87.44,3.62,02.03.2023 11:14:02,19,NIE,,
w-2023,9,28.04.2023,28.04.2023 12:30:19,32,64,Mazowieckie,287,Pediatria,2023/004783,Rezydencki,86.96,3.64,27.02.2023 23:49:30,19,NIE,,
w-2023,9,28.04.2023,28.04.2023 12:30:19,33,64,Mazowieckie,288,Pediatria,2023/003573,Rezydencki,86.47,3.98,27.02.2023 22:43:23,19,NIE,,
w-2023,9,28.04.2023,28.04.2023 12:30:19,33,64,Mazowieckie,289,Pediatria,2023/004345,Rezydencki,86.47,3.95,09.03.2023 10:09:08,19,NIE,,
w-2023,9,28.04.2023,28.04.2023 12:30:19,33,64,Mazowieckie,290,Pediatria,2023/004853,Rezydencki,86.23,4.11,28.02.2023 06:50:24,19,NIE,,
w-2023,9,28.04.2023,28.04.2023 12:30:19,33,64,Mazowieckie,291,Pediatria,2023/005169,Rezydencki,85.99,4.08,28.02.2023 22:16:57,19,NIE,,
w-2023,9,28.04.2023,28.04.2023 12:30:19,33,64,Mazowieckie,292,Pediatria,2023/004206,Rezydencki,85.99,3.89,28.02.2023 19:42:00,19,NIE,,
w-2023,9,28.04.2023,28.04.2023 12:30:19,33,64,Mazowieckie,293,Pediatria,2023/001262,Rezydencki,85.75,3.98,28.02.2023 22:31:45,19,NIE,,
w-2023,9,28.04.2023,28.04.2023 12:30:19,33,64,Mazowieckie,294,Pediatria,2023/003393,Rezydencki,85.51,3.83,28.02.2023 22:40:38,19,NIE,,
w-2023,9,28.04.2023,28.04.2023 12:30:19,33,64,Mazowieckie,295,Pediatria,2023/000919,Rezydencki,85.29,4.24,25.02.2023 23:34:53,19,NIE,,
w-2023,9,28.04.2023,28.04.2023 12:30:19,33,64,Mazowieckie,296,Pediatria,2023/004763,Rezydencki,84.56,3.75,28.02.2023 22:07:55,19,NIE,,
w-2023,9,28.04.2023,28.04.2023 12:30:19,33,64,Mazowieckie,297,Pediatria,2023/004479,Rezydencki,84.54,3.95,27.02.2023 20:04:21,19,NIE,,
w-2023,9,28.04.2023,28.04.2023 12:30:19,33,64,Mazowieckie,298,Pediatria,2023/004806,Rezydencki,84.06,3.28,27.02.2023 23:41:47,19,NIE,,
w-2023,9,28.04.2023,28.04.2023 12:30:19,33,64,Mazowieckie,299,Pediatria,2023/003703,Rezydencki,83.10,4.22,27.02.2023 10:36:41,19,NIE,,
w-2023,9,28.04.2023,28.04.2023 12:30:19,33,64,Mazowieckie,300,Pediatria,2023/003864,Rezydencki,82.93,4.17,25.02.2023 05:07:55,19,NIE,,
w-2023,9,28.04.2023,28.04.2023 12:30:19,33,64,Mazowieckie,301,Pediatria,2023/002578,Pozarezydencki,75.12,3.27,25.03.2023 12:27:20,4,NIE,,
w-2023,9,28.04.2023,28.04.2023 12:30:19,33,64,Mazowieckie,302,Pediatria,2023/003810,Pozarezydencki,73.27,4.18,27.02.2023 20:50:32,4,NIE,,
w-2023,9,28.04.2023,28.04.2023 12:30:19,33,64,Mazowieckie,303,Pediatria,2023/002568,Pozarezydencki,60.42,2.91,08.03.2023 14:48:29,4,NIE,,
w-2023,9,28.04.2023,28.04.2023 12:30:19,33,64,Mazowieckie,304,Pediatria,2023/001053,Pozarezydencki,60.05,4.00,17.02.2023 13:16:16,4,NIE,,
w-2023,9,28.04.2023,28.04.2023 12:30:19,33,64,Mazowieckie,305,Pediatria metaboliczna,2023/003083,Pozarezydencki,69.86,2.36,28.02.2023 14:12:09,1,NIE,,
w-2023,9,28.04.2023,28.04.2023 12:30:19,33,64,Mazowieckie,306,Perinatologia,2023/001168,Pozarezydencki,84.55,4.20,20.02.2023 22:02:27,5,NIE,,
w-2023,9,28.04.2023,28.04.2023 12:30:19,33,64,Mazowieckie,307,Perinatologia,2023/004378,Pozarezydencki,80.91,3.83,16.03.2023 18:02:45,5,NIE,,
w-2023,9,28.04.2023,28.04.2023 12:30:19,33,64,Mazowieckie,308,Perinatologia,2023/002789,Pozarezydencki,80.68,3.77,04.03.2023 12:46:40,5,NIE,,
w-2023,9,28.04.2023,28.04.2023 12:30:19,33,64,Mazowieckie,309,Perinatologia,2023/001635,Pozarezydencki,80.00,3.62,13.02.2023 13:00:49,5,NIE,,
w-2023,9,28.04.2023,28.04.2023 12:30:19,33,64,Mazowieckie,310,Perinatologia,2023/001313,Pozarezydencki,77.73,4.13,06.03.2023 18:12:44,5,NIE,,
w-2023,9,28.04.2023,28.04.2023 12:30:19,33,64,Mazowieckie,311,Periodontologia,2023/004947,Rezydencki,85.51,4.21,28.02.2023 12:47:14,1,NIE,,
w-2023,9,28.04.2023,28.04.2023 12:30:19,33,64,Mazowieckie,312,Położnictwo i ginekologia,2023/004291,Rezydencki,88.48,3.94,28.02.2023 23:14:15,9,NIE,,
w-2023,9,28.04.2023,28.04.2023 12:30:19,33,64,Mazowieckie,313,Położnictwo i ginekologia,2023/000853,Rezydencki,87.25,3.93,24.02.2023 13:11:36,9,NIE,,
w-2023,9,28.04.2023,28.04.2023 12:30:19,33,64,Mazowieckie,314,Położnictwo i ginekologia,2023/002104,Rezydencki,86.76,4.19,26.02.2023 14:18:02,9,NIE,,
w-2023,9,28.04.2023,28.04.2023 12:30:19,33,64,Mazowieckie,315,Położnictwo i ginekologia,2023/004089,Rezydencki,86.23,4.15,27.02.2023 16:06:49,9,NIE,,
w-2023,9,28.04.2023,28.04.2023 12:30:19,33,64,Mazowieckie,316,Położnictwo i ginekologia,2023/004726,Rezydencki,85.99,3.86,27.02.2023 22:53:11,9,NIE,,
w-2023,9,28.04.2023,28.04.2023 12:30:19,33,64,Mazowieckie,317,Położnictwo i ginekologia,2023/002303,Rezydencki,85.85,4.29,17.02.2023 18:08:43,9,NIE,,
w-2023,9,28.04.2023,28.04.2023 12:30:19,33,64,Mazowieckie,318,Położnictwo i ginekologia,2023/002881,Rezydencki,85.78,3.95,28.02.2023 23:47:08,9,NIE,,
w-2023,9,28.04.2023,28.04.2023 12:30:19,33,64,Mazowieckie,319,Położnictwo i ginekologia,2023/003177,Rezydencki,85.51,3.39,28.02.2023 00:14:38,9,NIE,,
w-2023,9,28.04.2023,28.04.2023 12:30:19,33,64,Mazowieckie,320,Położnictwo i ginekologia,2023/002803,Rezydencki,85.02,4.18,08.03.2023 20:53:12,9,NIE,,
w-2023,9,28.04.2023,28.04.2023 12:30:19,33,64,Mazowieckie,321,Położnictwo i ginekologia,2023/003298,Pozarezydencki,82.73,3.95,22.02.2023 17:52:27,6,NIE,,
w-2023,9,28.04.2023,28.04.2023 12:30:19,33,64,Mazowieckie,322,Położnictwo i ginekologia,2023/003934,Pozarezydencki,80.18,3.97,26.02.2023 23:11:36,6,NIE,,
w-2023,9,28.04.2023,28.04.2023 12:30:19,33,64,Mazowieckie,323,Położnictwo i ginekologia,2023/003771,Pozarezydencki,79.44,3.26,27.02.2023 21:28:24,6,NIE,,
w-2023,9,28.04.2023,28.04.2023 12:30:19,33,64,Mazowieckie,324,Położnictwo i ginekologia,2023/003736,Pozarezydencki,78.04,0.00,09.03.2023 10:52:37,6,NIE,,
w-2023,9,28.04.2023,28.04.2023 12:30:19,33,64,Mazowieckie,325,Położnictwo i ginekologia,2023/002046,Pozarezydencki,71.43,3.63,19.02.2023 16:39:53,6,NIE,,
w-2023,9,28.04.2023,28.04.2023 12:30:19,34,64,Mazowieckie,326,Położnictwo i ginekologia,2023/005336,Pozarezydencki,59.63,3.72,28.02.2023 23:11:08,6,NIE,,
w-2023,9,28.04.2023,28.04.2023 12:30:19,34,64,Mazowieckie,327,Protetyka stomatologiczna,2023/001533,Rezydencki,85.58,4.31,20.02.2023 10:03:37,1,NIE,,
w-2023,9,28.04.2023,28.04.2023 12:30:19,34,64,Mazowieckie,328,Psychiatria,2023/002078,Rezydencki,90.10,4.35,11.02.2023 20:28:57,27,NIE,,
w-2023,9,28.04.2023,28.04.2023 12:30:19,34,64,Mazowieckie,329,Psychiatria,2023/004247,Rezydencki,89.86,4.39,26.02.2023 21:25:08,27,NIE,,
w-2023,9,28.04.2023,28.04.2023 12:30:19,34,64,Mazowieckie,330,Psychiatria,2023/004927,Rezydencki,88.97,4.09,28.02.2023 11:46:09,27,NIE,,
w-2023,9,28.04.2023,28.04.2023 12:30:19,34,64,Mazowieckie,331,Psychiatria,2023/003416,Rezydencki,88.24,3.54,27.02.2023 09:53:52,27,NIE,,
w-2023,9,28.04.2023,28.04.2023 12:30:19,34,64,Mazowieckie,332,Psychiatria,2023/005226,Rezydencki,88.16,4.06,13.03.2023 19:26:26,27,NIE,,
w-2023,9,28.04.2023,28.04.2023 12:30:19,34,64,Mazowieckie,333,Psychiatria,2023/003970,Rezydencki,87.01,3.86,25.02.2023 20:32:54,27,NIE,,
w-2023,9,28.04.2023,28.04.2023 12:30:19,34,64,Mazowieckie,334,Psychiatria,2023/004485,Rezydencki,86.76,3.74,03.03.2023 11:04:09,27,NIE,,
w-2023,9,28.04.2023,28.04.2023 12:30:19,34,64,Mazowieckie,335,Psychiatria,2023/003070,Rezydencki,86.52,3.97,23.02.2023 17:34:54,27,NIE,,
w-2023,9,28.04.2023,28.04.2023 12:30:19,34,64,Mazowieckie,336,Psychiatria,2023/004818,Rezydencki,85.78,4.00,28.02.2023 21:55:51,27,NIE,,
w-2023,9,28.04.2023,28.04.2023 12:30:19,34,64,Mazowieckie,337,Psychiatria,2023/005113,Rezydencki,85.75,3.89,28.02.2023 19:38:41,27,NIE,,
w-2023,9,28.04.2023,28.04.2023 12:30:19,34,64,Mazowieckie,338,Psychiatria,2023/002497,Rezydencki,85.02,3.89,22.02.2023 11:56:13,27,NIE,,
w-2023,9,28.04.2023,28.04.2023 12:30:19,34,64,Mazowieckie,339,Psychiatria,2023/004430,Rezydencki,84.80,3.99,27.02.2023 11:44:19,27,NIE,,
w-2023,9,28.04.2023,28.04.2023 12:30:19,34,64,Mazowieckie,340,Psychiatria,2023/001665,Rezydencki,84.54,3.71,26.02.2023 21:15:50,27,NIE,,
w-2023,9,28.04.2023,28.04.2023 12:30:19,34,64,Mazowieckie,341,Psychiatria,2023/002180,Rezydencki,84.54,3.70,12.02.2023 20:52:38,27,NIE,,
w-2023,9,28.04.2023,28.04.2023 12:30:19,34,64,Mazowieckie,342,Psychiatria,2023/001032,Rezydencki,84.39,4.16,26.02.2023 18:22:35,27,NIE,,
w-2023,9,28.04.2023,28.04.2023 12:30:19,34,64,Mazowieckie,343,Psychiatria,2023/001308,Rezydencki,84.15,4.63,15.03.2023 15:52:46,27,NIE,,
w-2023,9,28.04.2023,28.04.2023 12:30:19,34,64,Mazowieckie,344,Psychiatria,2023/003726,Rezydencki,84.06,3.89,28.02.2023 09:01:05,27,NIE,,
w-2023,9,28.04.2023,28.04.2023 12:30:19,34,64,Mazowieckie,345,Psychiatria,2023/004988,Rezydencki,84.06,3.57,28.02.2023 14:58:53,27,NIE,,
w-2023,9,28.04.2023,28.04.2023 12:30:19,34,64,Mazowieckie,346,Psychiatria,2023/004737,Rezydencki,83.90,3.94,27.02.2023 22:36:07,27,NIE,,
w-2023,9,28.04.2023,28.04.2023 12:30:19,34,64,Mazowieckie,347,Psychiatria,2023/004085,Rezydencki,83.57,3.61,28.02.2023 16:38:23,27,NIE,,
w-2023,9,28.04.2023,28.04.2023 12:30:19,34,64,Mazowieckie,348,Psychiatria,2023/004000,Rezydencki,83.33,3.94,25.02.2023 23:54:00,27,NIE,,
w-2023,9,28.04.2023,28.04.2023 12:30:19,34,64,Mazowieckie,349,Psychiatria,2023/004634,Rezydencki,83.33,3.36,27.02.2023 21:35:22,27,NIE,,
w-2023,9,28.04.2023,28.04.2023 12:30:19,34,64,Mazowieckie,350,Psychiatria,2023/001854,Rezydencki,82.61,3.26,11.02.2023 13:07:18,27,NIE,,
w-2023,9,28.04.2023,28.04.2023 12:30:19,34,64,Mazowieckie,351,Psychiatria,2023/001989,Rezydencki,81.90,3.54,25.02.2023 12:37:56,27,NIE,,
w-2023,9,28.04.2023,28.04.2023 12:30:19,34,64,Mazowieckie,352,Psychiatria,2023/002650,Rezydencki,80.00,4.08,17.02.2023 12:49:57,27,NIE,,
w-2023,9,28.04.2023,28.04.2023 12:30:19,34,64,Mazowieckie,353,Psychiatria,2023/002491,Rezydencki,79.71,3.51,27.02.2023 16:30:34,27,NIE,,
w-2023,9,28.04.2023,28.04.2023 12:30:19,34,64,Mazowieckie,354,Psychiatria,2023/002564,Rezydencki,76.23,4.47,26.02.2023 19:34:35,27,NIE,,
w-2023,9,28.04.2023,28.04.2023 12:30:19,34,64,Mazowieckie,355,Psychiatria,2023/003024,Pozarezydencki,74.31,4.37,22.02.2023 18:15:31,5,NIE,,
w-2023,9,28.04.2023,28.04.2023 12:30:19,34,64,Mazowieckie,356,Psychiatria,2023/000981,Pozarezydencki,74.19,4.06,07.03.2023 11:56:45,5,NIE,,
w-2023,9,28.04.2023,28.04.2023 12:30:19,34,64,Mazowieckie,357,Psychiatria,2023/003626,Pozarezydencki,54.32,0.00,13.03.2023 18:02:04,5,NIE,,
w-2023,9,28.04.2023,28.04.2023 12:30:19,34,64,Mazowieckie,358,Psychiatria,2023/000887,Pozarezydencki,39.63,2.82,27.03.2023 22:29:08,5,NIE,,
w-2023,9,28.04.2023,28.04.2023 12:30:19,34,64,Mazowieckie,359,Psychiatria,2023/004375,Pozarezydencki,0.00,0.00,06.03.2023 22:48:34,5,NIE,,
w-2023,9,28.04.2023,28.04.2023 12:30:19,34,64,Mazowieckie,360,Psychiatria dzieci i młodzieży,2023/004051,Rezydencki,85.78,4.16,27.02.2023 19:33:03,5,NIE,,
w-2023,9,28.04.2023,28.04.2023 12:30:19,34,64,Mazowieckie,361,Psychiatria dzieci i młodzieży,2023/004553,Rezydencki,85.78,3.35,09.03.2023 20:23:05,5,NIE,,
w-2023,9,28.04.2023,28.04.2023 12:30:19,34,64,Mazowieckie,362,Psychiatria dzieci i młodzieży,2023/002747,Rezydencki,84.80,4.67,27.02.2023 23:48:36,5,NIE,,
w-2023,9,28.04.2023,28.04.2023 12:30:19,34,64,Mazowieckie,363,Psychiatria dzieci i młodzieży,2023/003900,Rezydencki,84.30,3.25,26.02.2023 17:12:08,5,NIE,,
w-2023,9,28.04.2023,28.04.2023 12:30:19,35,64,Mazowieckie,364,Psychiatria dzieci i młodzieży,2023/003171,Rezydencki,83.81,4.11,21.02.2023 20:47:18,5,NIE,,
w-2023,9,28.04.2023,28.04.2023 12:30:19,35,64,Mazowieckie,365,Psychiatria dzieci i młodzieży,2023/002545,Pozarezydencki,80.00,3.56,07.03.2023 12:05:53,1,NIE,,
w-2023,9,28.04.2023,28.04.2023 12:30:19,35,64,Mazowieckie,366,Radiologia i diagnostyka obrazowa,2023/004819,Rezydencki,92.40,4.61,28.02.2023 19:02:48,10,NIE,,
w-2023,9,28.04.2023,28.04.2023 12:30:19,35,64,Mazowieckie,367,Radiologia i diagnostyka obrazowa,2023/002884,Rezydencki,91.42,4.19,27.02.2023 15:54:43,10,NIE,,
w-2023,9,28.04.2023,28.04.2023 12:30:19,35,64,Mazowieckie,368,Radiologia i diagnostyka obrazowa,2023/001215,Rezydencki,91.18,4.05,28.02.2023 19:27:41,10,NIE,,
w-2023,9,28.04.2023,28.04.2023 12:30:19,35,64,Mazowieckie,369,Radiologia i diagnostyka obrazowa,2023/001936,Rezydencki,90.69,4.74,23.02.2023 21:55:00,10,NIE,,
w-2023,9,28.04.2023,28.04.2023 12:30:19,35,64,Mazowieckie,370,Radiologia i diagnostyka obrazowa,2023/004990,Rezydencki,90.48,4.10,03.03.2023 23:18:13,10,NIE,,
w-2023,9,28.04.2023,28.04.2023 12:30:19,35,64,Mazowieckie,371,Radiologia i diagnostyka obrazowa,2023/000943,Rezydencki,90.20,4.50,28.02.2023 19:06:18,10,NIE,,
w-2023,9,28.04.2023,28.04.2023 12:30:19,35,64,Mazowieckie,372,Radiologia i diagnostyka obrazowa,2023/002408,Rezydencki,90.10,4.09,22.02.2023 20:37:05,10,NIE,,
w-2023,9,28.04.2023,28.04.2023 12:30:19,35,64,Mazowieckie,373,Radiologia i diagnostyka obrazowa,2023/004207,Rezydencki,89.37,3.95,28.02.2023 20:09:10,10,NIE,,
w-2023,9,28.04.2023,28.04.2023 12:30:19,35,64,Mazowieckie,374,Radiologia i diagnostyka obrazowa,2023/003657,Rezydencki,89.22,4.39,10.03.2023 07:44:29,10,NIE,,
w-2023,9,28.04.2023,28.04.2023 12:30:19,35,64,Mazowieckie,375,Radiologia i diagnostyka obrazowa,2023/002764,Rezydencki,88.24,4.47,13.03.2023 09:34:01,10,NIE,,
w-2023,9,28.04.2023,28.04.2023 12:30:19,35,64,Mazowieckie,376,Radiologia i diagnostyka obrazowa,2023/005144,Pozarezydencki,82.48,4.50,09.03.2023 16:27:36,1,NIE,,
w-2023,9,28.04.2023,28.04.2023 12:30:19,35,64,Mazowieckie,377,Radioterapia onkologiczna,2023/002734,Rezydencki,88.24,3.67,26.02.2023 14:28:25,1,NIE,,
w-2023,9,28.04.2023,28.04.2023 12:30:19,35,64,Mazowieckie,378,Radioterapia onkologiczna,2023/004013,Pozarezydencki,73.58,4.02,27.02.2023 19:01:53,1,NIE,,
w-2023,9,28.04.2023,28.04.2023 12:30:19,35,64,Mazowieckie,379,Rehabilitacja medyczna,2023/001338,Rezydencki,83.33,0.00,28.02.2023 19:57:45,1,NIE,,
w-2023,9,28.04.2023,28.04.2023 12:30:19,35,64,Mazowieckie,380,Rehabilitacja medyczna,2023/002954,Pozarezydencki,89.09,4.13,17.03.2023 11:25:53,2,NIE,,
w-2023,9,28.04.2023,28.04.2023 12:30:19,35,64,Mazowieckie,381,Rehabilitacja medyczna,2023/002520,Pozarezydencki,70.91,4.06,09.03.2023 22:31:51,2,NIE,,
w-2023,9,28.04.2023,28.04.2023 12:30:19,35,64,Mazowieckie,382,Reumatologia,2023/001706,Pozarezydencki,59.43,3.40,28.02.2023 07:53:26,2,NIE,,
w-2023,9,28.04.2023,28.04.2023 12:30:19,35,64,Mazowieckie,383,Reumatologia,2023/002930,Pozarezydencki,0.45,3.55,06.03.2023 15:07:45,2,NIE,,
w-2023,9,28.04.2023,28.04.2023 12:30:19,35,64,Mazowieckie,384,Seksuologia,2023/001453,Pozarezydencki,89.09,0.00,05.02.2023 13:56:31,3,NIE,,
w-2023,9,28.04.2023,28.04.2023 12:30:19,35,64,Mazowieckie,385,Seksuologia,2023/004531,Pozarezydencki,80.00,0.00,28.02.2023 10:52:43,3,NIE,,
w-2023,9,28.04.2023,28.04.2023 12:30:19,35,64,Mazowieckie,386,Seksuologia,2023/005327,Pozarezydencki,79.18,3.30,12.03.2023 17:43:43,3,NIE,,
w-2023,9,28.04.2023,28.04.2023 12:30:19,35,64,Mazowieckie,387,Stomatologia dziecięca,2023/003286,Rezydencki,85.02,4.10,26.02.2023 14:35:40,4,NIE,,
w-2023,9,28.04.2023,28.04.2023 12:30:19,35,64,Mazowieckie,388,Stomatologia dziecięca,2023/003173,Rezydencki,83.57,4.49,21.02.2023 21:04:23,4,NIE,,
w-2023,9,28.04.2023,28.04.2023 12:30:19,35,64,Mazowieckie,389,Stomatologia dziecięca,2023/002883,Rezydencki,81.64,4.25,07.03.2023 12:20:35,4,NIE,,
w-2023,9,28.04.2023,28.04.2023 12:30:19,35,64,Mazowieckie,390,Stomatologia dziecięca,2023/005031,Rezydencki,80.19,3.77,28.02.2023 16:59:02,4,NIE,,
w-2023,9,28.04.2023,28.04.2023 12:30:19,35,64,Mazowieckie,391,Stomatologia zachowawcza z endodoncją,2023/002863,Rezydencki,85.58,4.24,22.02.2023 20:34:43,3,NIE,,
w-2023,9,28.04.2023,28.04.2023 12:30:19,35,64,Mazowieckie,392,Stomatologia zachowawcza z endodoncją,2023/005072,Rezydencki,81.34,3.68,28.02.2023 17:55:03,3,NIE,,
w-2023,9,28.04.2023,28.04.2023 12:30:19,35,64,Mazowieckie,393,Stomatologia zachowawcza z endodoncją,2023/002895,Rezydencki,80.86,4.33,27.02.2023 11:54:02,3,NIE,,
w-2023,9,28.04.2023,28.04.2023 12:30:19,35,64,Mazowieckie,394,Toksykologia kliniczna,2023/002107,Rezydencki,66.83,3.99,06.03.2023 12:59:07,1,NIE,,
w-2023,9,28.04.2023,28.04.2023 12:30:19,35,64,Mazowieckie,395,Transfuzjologia kliniczna,2023/004723,Rezydencki,68.63,4.20,28.02.2023 17:39:03,1,NIE,,
w-2023,9,28.04.2023,28.04.2023 12:30:19,35,64,Mazowieckie,396,Transplantologia kliniczna,2023/001063,Pozarezydencki,89.09,0.00,27.02.2023 15:41:50,7,NIE,,
w-2023,9,28.04.2023,28.04.2023 12:30:19,35,64,Mazowieckie,397,Transplantologia kliniczna,2023/004198,Pozarezydencki,84.55,4.20,28.02.2023 17:21:49,7,NIE,,
w-2023,9,28.04.2023,28.04.2023 12:30:19,35,64,Mazowieckie,398,Transplantologia kliniczna,2023/001852,Pozarezydencki,83.64,3.61,02.03.2023 20:32:29,7,NIE,,
w-2023,9,28.04.2023,28.04.2023 12:30:19,35,64,Mazowieckie,399,Transplantologia kliniczna,2023/004454,Pozarezydencki,80.00,4.17,17.03.2023 13:24:47,7,NIE,,
w-2023,9,28.04.2023,28.04.2023 12:30:19,35,64,Mazowieckie,400,Transplantologia kliniczna,2023/001756,Pozarezydencki,80.00,3.73,27.02.2023 22:25:34,7,NIE,,
w-2023,9,28.04.2023,28.04.2023 12:30:19,35,64,Mazowieckie,401,Transplantologia kliniczna,2023/004372,Pozarezydencki,66.82,0.00,15.03.2023 14:41:41,7,NIE,,
w-2023,9,28.04.2023,28.04.2023 12:30:19,36,64,Mazowieckie,402,Transplantologia kliniczna,2023/005222,Pozarezydencki,63.64,3.12,28.02.2023 21:34:52,7,NIE,,
w-2023,9,28.04.2023,28.04.2023 12:30:19,36,64,Mazowieckie,403,Urologia,2023/001141,Rezydencki,88.41,0.00,28.02.2023 18:00:23,7,NIE,,
w-2023,9,28.04.2023,28.04.2023 12:30:19,36,64,Mazowieckie,404,Urologia,2023/004354,Rezydencki,87.75,3.54,28.02.2023 00:35:58,7,NIE,,
w-2023,9,28.04.2023,28.04.2023 12:30:19,36,64,Mazowieckie,405,Urologia,2023/004290,Rezydencki,87.20,4.31,26.02.2023 22:36:47,7,NIE,,
w-2023,9,28.04.2023,28.04.2023 12:30:19,36,64,Mazowieckie,406,Urologia,2023/001459,Rezydencki,86.34,3.93,27.02.2023 23:47:27,7,NIE,,
w-2023,9,28.04.2023,28.04.2023 12:30:19,36,64,Mazowieckie,407,Urologia,2023/003936,Rezydencki,86.23,4.00,27.02.2023 18:28:14,7,NIE,,
w-2023,9,28.04.2023,28.04.2023 12:30:19,36,64,Mazowieckie,408,Urologia,2023/001379,Rezydencki,86.03,4.35,14.03.2023 09:33:49,7,NIE,,
w-2023,9,28.04.2023,28.04.2023 12:30:19,36,64,Mazowieckie,409,Urologia,2023/005105,Rezydencki,85.51,4.08,28.02.2023 20:27:27,7,NIE,,
w-2023,9,28.04.2023,28.04.2023 12:30:19,36,64,Mazowieckie,410,Urologia,2023/002035,Pozarezydencki,76.04,4.03,11.02.2023 23:04:52,1,NIE,,
w-2023,9,28.04.2023,28.04.2023 12:30:19,36,64,Mazowieckie,411,Zdrowie publiczne,2023/002923,Rezydencki,80.00,3.66,20.02.2023 12:56:14,1,NIE,,
w-2023,9,28.04.2023,28.04.2023 12:30:19,36,64,Mazowieckie,412,Zdrowie publiczne,2023/001249,Pozarezydencki,69.27,4.13,08.03.2023 13:58:32,2,NIE,,
w-2023,9,28.04.2023,28.04.2023 12:30:19,36,64,Mazowieckie,413,Zdrowie publiczne,2023/004415,Pozarezydencki,4.55,0.00,16.03.2023 11:09:19,2,NIE,,
w-2023,9,28.04.2023,28.04.2023 12:30:19,36,64,Mazowieckie,1,Nefrologia,2023/000843,Rezydencki,85.85,4.64,04.02.2023 20:14:56,1,TAK,Szpital Kliniczny Dzieciątka Jezus,"Klinika Immunologii, Transplantologii i Chorób Wewnętrznych"
w-2023,9,28.04.2023,28.04.2023 12:30:19,36,64,Mazowieckie,1,Kardiologia,2023/001301,Rezydencki,83.33,3.94,20.02.2023 14:57:33,2,TAK,Uniwersyteckie Centrum Kliniczne Warszawskiego Uniwersytetu Medycznego,Klinika Kardiologii
w-2023,9,28.04.2023,28.04.2023 12:30:19,36,64,Mazowieckie,2,Kardiologia,2023/001738,Rezydencki,87.07,3.84,14.02.2023 20:10:20,2,TAK,Uniwersyteckie Centrum Kliniczne Warszawskiego Uniwersytetu Medycznego,Klinika Kardiologii
w-2023,9,28.04.2023,28.04.2023 12:30:19,36,64,Mazowieckie,1,Położnictwo i ginekologia,2023/001183,Rezydencki,83.10,4.35,26.02.2023 21:29:33,1,TAK,Uniwersyteckie Centrum Zdrowia Kobiety i Noworodka Warszawskiego Uniwersytetu Medycznego Sp. z o.o.,Oddział Położniczy z Traktem Porodowym i Oddział Ginekologii Septycznej
w-2023,9,28.04.2023,28.04.2023 12:30:19,36,64,Opolskie,1,Anestezjologia i intensywna terapia,2023/002785,Rezydencki,88.89,4.09,27.02.2023 19:57:35,1,NIE,,
w-2023,9,28.04.2023,28.04.2023 12:30:19,36,64,Opolskie,2,Chirurgia ogólna,2023/002567,Rezydencki,82.93,0.00,10.03.2023 18:31:40,1,NIE,,
w-2023,9,28.04.2023,28.04.2023 12:30:19,36,64,Opolskie,3,Chirurgia stomatologiczna,2023/001399,Rezydencki,84.54,3.67,07.03.2023 20:12:48,1,NIE,,
w-2023,9,28.04.2023,28.04.2023 12:30:19,36,64,Opolskie,4,Choroby płuc,2023/001274,Pozarezydencki,67.45,0.00,17.03.2023 08:05:04,1,NIE,,
w-2023,9,28.04.2023,28.04.2023 12:30:19,36,64,Opolskie,5,Choroby wewnętrzne,2023/001502,Rezydencki,88.73,4.20,09.03.2023 20:29:39,1,NIE,,
w-2023,9,28.04.2023,28.04.2023 12:30:19,36,64,Opolskie,6,Dermatologia i wenerologia,2023/004363,Rezydencki,91.18,3.60,09.03.2023 09:04:07,1,NIE,,
w-2023,9,28.04.2023,28.04.2023 12:30:19,36,64,Opolskie,7,Diabetologia,2023/002198,Pozarezydencki,89.09,3.26,09.03.2023 21:54:34,3,NIE,,
w-2023,9,28.04.2023,28.04.2023 12:30:19,36,64,Opolskie,8,Diabetologia,2023/003429,Pozarezydencki,81.78,3.85,27.02.2023 21:32:05,3,NIE,,
w-2023,9,28.04.2023,28.04.2023 12:30:19,37,64,Opolskie,9,Diabetologia,2023/002178,Pozarezydencki,80.23,4.13,09.03.2023 14:35:35,3,NIE,,
w-2023,9,28.04.2023,28.04.2023 12:30:19,37,64,Opolskie,10,Gastroenterologia,2023/000776,Rezydencki,93.38,4.83,23.02.2023 17:05:35,1,NIE,,
w-2023,9,28.04.2023,28.04.2023 12:30:19,37,64,Opolskie,11,Geriatria,2023/003030,Pozarezydencki,66.20,3.17,09.03.2023 17:32:13,1,NIE,,
w-2023,9,28.04.2023,28.04.2023 12:30:19,37,64,Opolskie,12,Ginekologia onkologiczna,2023/004770,Pozarezydencki,69.09,0.00,19.03.2023 19:35:32,2,NIE,,
w-2023,9,28.04.2023,28.04.2023 12:30:19,37,64,Opolskie,13,Ginekologia onkologiczna,2023/004346,Pozarezydencki,55.00,0.00,29.03.2023 15:21:52,2,NIE,,
w-2023,9,28.04.2023,28.04.2023 12:30:19,37,64,Opolskie,14,Kardiologia,2023/003351,Rezydencki,84.80,3.61,07.03.2023 11:10:18,1,NIE,,
w-2023,9,28.04.2023,28.04.2023 12:30:19,37,64,Opolskie,15,Medycyna paliatywna,2023/004688,Pozarezydencki,67.27,3.78,14.03.2023 20:15:14,1,NIE,,
w-2023,9,28.04.2023,28.04.2023 12:30:19,37,64,Opolskie,16,Medycyna ratunkowa,2023/002665,Pozarezydencki,80.00,3.53,08.03.2023 08:45:03,3,NIE,,
w-2023,9,28.04.2023,28.04.2023 12:30:19,37,64,Opolskie,17,Medycyna ratunkowa,2023/003373,Pozarezydencki,63.64,3.35,16.03.2023 12:58:03,3,NIE,,
w-2023,9,28.04.2023,28.04.2023 12:30:19,37,64,Opolskie,18,Medycyna ratunkowa,2023/002814,Pozarezydencki,52.29,0.00,09.03.2023 13:43:26,3,NIE,,
w-2023,9,28.04.2023,28.04.2023 12:30:19,37,64,Opolskie,19,Medycyna rodzinna,2023/001283,Rezydencki,78.43,4.20,10.03.2023 11:40:35,1,NIE,,
w-2023,9,28.04.2023,28.04.2023 12:30:19,37,64,Opolskie,20,Medycyna rodzinna,2023/001259,Pozarezydencki,75.45,0.00,08.03.2023 22:52:42,1,NIE,,
w-2023,9,28.04.2023,28.04.2023 12:30:19,37,64,Opolskie,21,Neonatologia,2023/003617,Pozarezydencki,75.45,3.31,09.03.2023 20:18:07,1,NIE,,
w-2023,9,28.04.2023,28.04.2023 12:30:19,37,64,Opolskie,22,Neurochirurgia,2023/004998,Rezydencki,81.16,3.49,06.03.2023 13:25:47,1,NIE,,
w-2023,9,28.04.2023,28.04.2023 12:30:19,37,64,Opolskie,23,Ortopedia i traumatologia narządu ruchu,2023/001367,Rezydencki,81.64,0.00,24.02.2023 12:57:00,2,NIE,,
w-2023,9,28.04.2023,28.04.2023 12:30:19,37,64,Opolskie,24,Ortopedia i traumatologia narządu ruchu,2023/001572,Rezydencki,70.24,3.62,17.03.2023 12:53:55,2,NIE,,
w-2023,9,28.04.2023,28.04.2023 12:30:19,37,64,Opolskie,25,Otorynolaryngologia,2023/002810,Rezydencki,90.20,4.26,28.02.2023 21:19:43,1,NIE,,
w-2023,9,28.04.2023,28.04.2023 12:30:19,37,64,Opolskie,26,Pediatria,2023/000830,Rezydencki,83.57,4.35,12.03.2023 22:34:48,5,NIE,,
w-2023,9,28.04.2023,28.04.2023 12:30:19,37,64,Opolskie,27,Pediatria,2023/001047,Rezydencki,82.84,4.34,24.02.2023 18:31:21,5,NIE,,
w-2023,9,28.04.2023,28.04.2023 12:30:19,37,64,Opolskie,28,Pediatria,2023/003308,Rezydencki,80.68,3.51,28.02.2023 17:18:56,5,NIE,,
w-2023,9,28.04.2023,28.04.2023 12:30:19,37,64,Opolskie,29,Pediatria,2023/003191,Rezydencki,77.56,3.30,08.03.2023 23:15:51,5,NIE,,
w-2023,9,28.04.2023,28.04.2023 12:30:19,37,64,Opolskie,30,Pediatria,2023/001911,Rezydencki,72.46,3.21,10.03.2023 19:24:20,5,NIE,,
w-2023,9,28.04.2023,28.04.2023 12:30:19,37,64,Opolskie,31,Perinatologia,2023/003212,Pozarezydencki,78.18,3.81,07.03.2023 14:11:09,1,NIE,,
w-2023,9,28.04.2023,28.04.2023 12:30:19,37,64,Opolskie,32,Położnictwo i ginekologia,2023/001016,Rezydencki,77.78,4.00,07.03.2023 12:55:02,1,NIE,,
w-2023,9,28.04.2023,28.04.2023 12:30:19,37,64,Opolskie,33,Psychiatria,2023/001745,Rezydencki,85.51,3.65,27.02.2023 18:15:51,2,NIE,,
w-2023,9,28.04.2023,28.04.2023 12:30:19,37,64,Opolskie,34,Psychiatria,2023/004639,Rezydencki,85.37,4.03,27.02.2023 21:04:59,2,NIE,,
w-2023,9,28.04.2023,28.04.2023 12:30:19,37,64,Opolskie,35,Psychiatria,2023/002050,Pozarezydencki,0.00,0.00,10.03.2023 07:54:57,1,NIE,,
w-2023,9,28.04.2023,28.04.2023 12:30:19,37,64,Opolskie,36,Radiologia i diagnostyka obrazowa,2023/002309,Rezydencki,88.16,4.49,22.02.2023 22:29:24,6,NIE,,
w-2023,9,28.04.2023,28.04.2023 12:30:19,37,64,Opolskie,37,Radiologia i diagnostyka obrazowa,2023/004764,Rezydencki,87.75,4.30,10.03.2023 11:40:11,6,NIE,,
w-2023,9,28.04.2023,28.04.2023 12:30:19,37,64,Opolskie,38,Radiologia i diagnostyka obrazowa,2023/000848,Rezydencki,87.75,4.17,23.02.2023 22:17:37,6,NIE,,
w-2023,9,28.04.2023,28.04.2023 12:30:19,37,64,Opolskie,39,Radiologia i diagnostyka obrazowa,2023/000753,Rezydencki,87.75,3.99,28.02.2023 22:34:43,6,NIE,,
w-2023,9,28.04.2023,28.04.2023 12:30:19,37,64,Opolskie,40,Radiologia i diagnostyka obrazowa,2023/001407,Rezydencki,87.68,3.79,28.02.2023 21:59:40,6,NIE,,
w-2023,9,28.04.2023,28.04.2023 12:30:19,37,64,Opolskie,41,Radiologia i diagnostyka obrazowa,2023/002775,Rezydencki,86.96,3.60,07.03.2023 12:14:06,6,NIE,,
w-2023,9,28.04.2023,28.04.2023 12:30:19,37,64,Opolskie,42,Radiologia i diagnostyka obrazowa,2023/005257,Pozarezydencki,80.65,4.12,28.02.2023 22:31:54,1,NIE,,
w-2023,9,28.04.2023,28.04.2023 12:30:19,37,64,Opolskie,43,Stomatologia dziecięca,2023/001764,Rezydencki,76.81,3.39,08.02.2023 07:51:17,1,NIE,,
w-2023,9,28.04.2023,28.04.2023 12:30:19,38,64,Podkarpackie,1,Alergologia,2023/001954,Pozarezydencki,84.77,3.79,21.03.2023 21:10:27,1,NIE,,
w-2023,9,28.04.2023,28.04.2023 12:30:19,38,64,Podkarpackie,2,Anestezjologia i intensywna terapia,2023/004664,Rezydencki,88.89,4.31,28.02.2023 22:37:35,6,NIE,,
w-2023,9,28.04.2023,28.04.2023 12:30:19,38,64,Podkarpackie,3,Anestezjologia i intensywna terapia,2023/001870,Rezydencki,86.96,3.89,15.03.2023 12:07:25,6,NIE,,
w-2023,9,28.04.2023,28.04.2023 12:30:19,38,64,Podkarpackie,4,Anestezjologia i intensywna terapia,2023/003761,Rezydencki,86.27,4.30,24.02.2023 14:49:16,6,NIE,,
w-2023,9,28.04.2023,28.04.2023 12:30:19,38,64,Podkarpackie,5,Anestezjologia i intensywna terapia,2023/005248,Rezydencki,85.99,4.11,24.03.2023 06:24:30,6,NIE,,
w-2023,9,28.04.2023,28.04.2023 12:30:19,38,64,Podkarpackie,6,Anestezjologia i intensywna terapia,2023/004348,Rezydencki,84.29,4.36,21.03.2023 14:59:31,6,NIE,,
w-2023,9,28.04.2023,28.04.2023 12:30:19,38,64,Podkarpackie,7,Anestezjologia i intensywna terapia,2023/004599,Rezydencki,78.10,0.00,28.02.2023 19:59:49,6,NIE,,
w-2023,9,28.04.2023,28.04.2023 12:30:19,38,64,Podkarpackie,8,Chirurgia naczyniowa,2023/005123,Rezydencki,90.82,4.17,28.02.2023 23:58:02,1,NIE,,
w-2023,9,28.04.2023,28.04.2023 12:30:19,38,64,Podkarpackie,9,Chirurgia ogólna,2023/004910,Rezydencki,75.25,3.29,28.02.2023 23:24:54,2,NIE,,
w-2023,9,28.04.2023,28.04.2023 12:30:19,38,64,Podkarpackie,10,Chirurgia ogólna,2023/004695,Rezydencki,74.63,3.41,26.03.2023 23:02:04,2,NIE,,
w-2023,9,28.04.2023,28.04.2023 12:30:19,38,64,Podkarpackie,11,Chirurgia onkologiczna,2023/001653,Pozarezydencki,75.68,3.94,08.03.2023 21:59:30,1,NIE,,
w-2023,9,28.04.2023,28.04.2023 12:30:19,38,64,Podkarpackie,12,Chirurgia stomatologiczna,2023/003184,Pozarezydencki,76.71,3.48,19.03.2023 18:05:52,1,NIE,,
w-2023,9,28.04.2023,28.04.2023 12:30:19,38,64,Podkarpackie,13,Choroby płuc,2023/004710,Rezydencki,82.84,3.97,28.02.2023 21:00:10,1,NIE,,
w-2023,9,28.04.2023,28.04.2023 12:30:19,38,64,Podkarpackie,14,Choroby płuc,2023/004224,Pozarezydencki,70.37,3.69,28.03.2023 01:10:30,2,NIE,,
w-2023,9,28.04.2023,28.04.2023 12:30:19,38,64,Podkarpackie,15,Choroby płuc,2023/004717,Pozarezydencki,61.82,3.82,20.03.2023 21:57:26,2,NIE,,
w-2023,9,28.04.2023,28.04.2023 12:30:19,38,64,Podkarpackie,16,Choroby płuc dzieci,2023/003344,Pozarezydencki,79.91,4.05,10.03.2023 21:27:35,1,NIE,,
w-2023,9,28.04.2023,28.04.2023 12:30:19,38,64,Podkarpackie,17,Choroby wewnętrzne,2023/001834,Rezydencki,90.58,4.50,08.02.2023 16:46:04,8,NIE,,
w-2023,9,28.04.2023,28.04.2023 12:30:19,38,64,Podkarpackie,18,Choroby wewnętrzne,2023/001344,Rezydencki,88.41,4.17,19.03.2023 21:04:20,8,NIE,,
w-2023,9,28.04.2023,28.04.2023 12:30:19,38,64,Podkarpackie,19,Choroby wewnętrzne,2023/003615,Rezydencki,87.44,4.35,13.03.2023 09:23:57,8,NIE,,
w-2023,9,28.04.2023,28.04.2023 12:30:19,38,64,Podkarpackie,20,Choroby wewnętrzne,2023/002921,Rezydencki,85.29,4.03,28.02.2023 12:04:21,8,NIE,,
w-2023,9,28.04.2023,28.04.2023 12:30:19,38,64,Podkarpackie,21,Choroby wewnętrzne,2023/001794,Rezydencki,84.54,4.30,07.03.2023 15:40:51,8,NIE,,
w-2023,9,28.04.2023,28.04.2023 12:30:19,38,64,Podkarpackie,22,Choroby wewnętrzne,2023/003338,Rezydencki,78.74,3.09,13.03.2023 19:18:28,8,NIE,,
w-2023,9,28.04.2023,28.04.2023 12:30:19,38,64,Podkarpackie,23,Choroby wewnętrzne,2023/001480,Rezydencki,70.05,4.38,24.03.2023 12:39:52,8,NIE,,
w-2023,9,28.04.2023,28.04.2023 12:30:19,38,64,Podkarpackie,24,Choroby wewnętrzne,2023/001350,Rezydencki,65.05,4.29,08.03.2023 21:13:04,8,NIE,,
w-2023,9,28.04.2023,28.04.2023 12:30:19,38,64,Podkarpackie,25,Choroby wewnętrzne,2023/002866,Pozarezydencki,75.23,4.41,08.03.2023 15:12:07,2,NIE,,
w-2023,9,28.04.2023,28.04.2023 12:30:19,38,64,Podkarpackie,26,Choroby wewnętrzne,2023/002653,Pozarezydencki,61.57,0.00,13.03.2023 13:09:43,2,NIE,,
w-2023,9,28.04.2023,28.04.2023 12:30:19,38,64,Podkarpackie,27,Choroby zakaźne,2023/002744,Rezydencki,66.50,4.15,09.03.2023 17:26:18,1,NIE,,
w-2023,9,28.04.2023,28.04.2023 12:30:19,38,64,Podkarpackie,28,Dermatologia i wenerologia,2023/002196,Rezydencki,89.86,4.40,12.02.2023 22:39:47,2,NIE,,
w-2023,9,28.04.2023,28.04.2023 12:30:19,38,64,Podkarpackie,29,Dermatologia i wenerologia,2023/001696,Rezydencki,89.71,4.38,23.02.2023 20:54:13,2,NIE,,
w-2023,9,28.04.2023,28.04.2023 12:30:19,38,64,Podkarpackie,30,Diabetologia,2023/003301,Rezydencki,87.68,4.48,12.03.2023 09:35:16,1,NIE,,
w-2023,9,28.04.2023,28.04.2023 12:30:19,38,64,Podkarpackie,31,Diabetologia,2023/004289,Pozarezydencki,74.42,3.79,13.03.2023 09:36:08,4,NIE,,
w-2023,9,28.04.2023,28.04.2023 12:30:19,38,64,Podkarpackie,32,Diabetologia,2023/003691,Pozarezydencki,71.96,4.04,24.02.2023 08:46:38,4,NIE,,
w-2023,9,28.04.2023,28.04.2023 12:30:19,38,64,Podkarpackie,33,Diabetologia,2023/004792,Pozarezydencki,71.82,4.35,28.02.2023 22:00:53,4,NIE,,
w-2023,9,28.04.2023,28.04.2023 12:30:19,38,64,Podkarpackie,34,Diabetologia,2023/002122,Pozarezydencki,70.91,3.74,11.03.2023 17:41:29,4,NIE,,
w-2023,9,28.04.2023,28.04.2023 12:30:19,38,64,Podkarpackie,35,Kardiologia,2023/004242,Rezydencki,86.71,3.85,26.02.2023 21:04:36,2,NIE,,
w-2023,9,28.04.2023,28.04.2023 12:30:19,38,64,Podkarpackie,36,Kardiologia,2023/002670,Rezydencki,86.47,4.38,17.02.2023 16:41:11,2,NIE,,
w-2023,9,28.04.2023,28.04.2023 12:30:19,38,64,Podkarpackie,37,Kardiologia,2023/002963,Pozarezydencki,79.44,4.43,24.03.2023 19:22:04,2,NIE,,
w-2023,9,28.04.2023,28.04.2023 12:30:19,38,64,Podkarpackie,38,Kardiologia,2023/003974,Pozarezydencki,70.91,4.03,27.02.2023 22:35:53,2,NIE,,
w-2023,9,28.04.2023,28.04.2023 12:30:19,39,64,Podkarpackie,39,Kardiologia dziecięca,2023/001214,Pozarezydencki,78.08,0.00,07.03.2023 20:11:49,2,NIE,,
w-2023,9,28.04.2023,28.04.2023 12:30:19,39,64,Podkarpackie,40,Kardiologia dziecięca,2023/001930,Pozarezydencki,70.91,3.88,06.03.2023 12:30:58,2,NIE,,
w-2023,9,28.04.2023,28.04.2023 12:30:19,39,64,Podkarpackie,41,Medycyna pracy,2023/000755,Pozarezydencki,76.91,0.00,01.02.2023 08:16:46,1,NIE,,
w-2023,9,28.04.2023,28.04.2023 12:30:19,39,64,Podkarpackie,42,Medycyna rodzinna,2023/004205,Rezydencki,87.80,4.12,07.03.2023 10:06:22,13,NIE,,
w-2023,9,28.04.2023,28.04.2023 12:30:19,39,64,Podkarpackie,43,Medycyna rodzinna,2023/002058,Rezydencki,85.51,3.89,11.02.2023 16:31:45,13,NIE,,
w-2023,9,28.04.2023,28.04.2023 12:30:19,39,64,Podkarpackie,44,Medycyna rodzinna,2023/004836,Rezydencki,84.76,3.66,28.02.2023 00:55:55,13,NIE,,
w-2023,9,28.04.2023,28.04.2023 12:30:19,39,64,Podkarpackie,45,Medycyna rodzinna,2023/002189,Rezydencki,84.06,3.99,12.02.2023 21:59:49,13,NIE,,
w-2023,9,28.04.2023,28.04.2023 12:30:19,39,64,Podkarpackie,46,Medycyna rodzinna,2023/002163,Rezydencki,83.81,3.57,26.02.2023 20:23:44,13,NIE,,
w-2023,9,28.04.2023,28.04.2023 12:30:19,39,64,Podkarpackie,47,Medycyna rodzinna,2023/005116,Rezydencki,80.00,3.82,28.02.2023 20:07:21,13,NIE,,
w-2023,9,28.04.2023,28.04.2023 12:30:19,39,64,Podkarpackie,48,Medycyna rodzinna,2023/001113,Rezydencki,73.43,3.51,06.03.2023 14:15:05,13,NIE,,
w-2023,9,28.04.2023,28.04.2023 12:30:19,39,64,Podkarpackie,49,Medycyna rodzinna,2023/001435,Rezydencki,72.20,4.26,05.02.2023 13:08:49,13,NIE,,
w-2023,9,28.04.2023,28.04.2023 12:30:19,39,64,Podkarpackie,50,Medycyna rodzinna,2023/001516,Rezydencki,70.95,0.00,16.03.2023 22:16:23,13,NIE,,
w-2023,9,28.04.2023,28.04.2023 12:30:19,39,64,Podkarpackie,51,Medycyna rodzinna,2023/003126,Rezydencki,66.59,3.31,21.02.2023 17:17:12,13,NIE,,
w-2023,9,28.04.2023,28.04.2023 12:30:19,39,64,Podkarpackie,52,Medycyna rodzinna,2023/004090,Rezydencki,59.52,3.85,15.03.2023 17:43:56,13,NIE,,
w-2023,9,28.04.2023,28.04.2023 12:30:19,39,64,Podkarpackie,53,Medycyna rodzinna,2023/005373,Rezydencki,56.59,0.00,15.03.2023 20:53:21,13,NIE,,
w-2023,9,28.04.2023,28.04.2023 12:30:19,39,64,Podkarpackie,54,Medycyna rodzinna,2023/002007,Rezydencki,53.40,3.53,08.03.2023 13:04:14,13,NIE,,
w-2023,9,28.04.2023,28.04.2023 12:30:19,39,64,Podkarpackie,55,Medycyna rodzinna,2023/004879,Pozarezydencki,77.88,4.36,26.03.2023 22:45:08,3,NIE,,
w-2023,9,28.04.2023,28.04.2023 12:30:19,39,64,Podkarpackie,56,Medycyna rodzinna,2023/004789,Pozarezydencki,71.43,0.00,31.03.2023 11:54:29,3,NIE,,
w-2023,9,28.04.2023,28.04.2023 12:30:19,39,64,Podkarpackie,57,Medycyna rodzinna,2023/001972,Pozarezydencki,54.13,0.00,10.03.2023 13:08:03,3,NIE,,
w-2023,9,28.04.2023,28.04.2023 12:30:19,39,64,Podkarpackie,58,Nefrologia,2023/004708,Pozarezydencki,58.88,3.52,10.03.2023 22:25:12,1,NIE,,
w-2023,9,28.04.2023,28.04.2023 12:30:19,39,64,Podkarpackie,59,Neonatologia,2023/004526,Rezydencki,62.80,0.00,27.02.2023 19:56:16,1,NIE,,
w-2023,9,28.04.2023,28.04.2023 12:30:19,39,64,Podkarpackie,60,Neurochirurgia,2023/002118,Rezydencki,72.46,3.42,19.03.2023 08:44:50,1,NIE,,
w-2023,9,28.04.2023,28.04.2023 12:30:19,39,64,Podkarpackie,61,Neurologia,2023/003927,Rezydencki,82.13,4.12,28.02.2023 18:25:15,1,NIE,,
w-2023,9,28.04.2023,28.04.2023 12:30:19,39,64,Podkarpackie,62,Neurologia dziecięca,2023/001149,Pozarezydencki,81.45,0.00,11.03.2023 08:13:56,1,NIE,,
w-2023,9,28.04.2023,28.04.2023 12:30:19,39,64,Podkarpackie,63,Okulistyka,2023/002565,Rezydencki,87.92,3.74,28.02.2023 22:37:39,1,NIE,,
w-2023,9,28.04.2023,28.04.2023 12:30:19,39,64,Podkarpackie,64,Ortopedia i traumatologia narządu ruchu,2023/002257,Rezydencki,87.92,3.86,28.02.2023 20:35:17,4,NIE,,
w-2023,9,28.04.2023,28.04.2023 12:30:19,39,64,Podkarpackie,65,Ortopedia i traumatologia narządu ruchu,2023/001362,Rezydencki,83.09,3.84,16.03.2023 20:44:13,4,NIE,,
w-2023,9,28.04.2023,28.04.2023 12:30:19,39,64,Podkarpackie,66,Ortopedia i traumatologia narządu ruchu,2023/004814,Rezydencki,81.64,4.44,07.03.2023 22:51:39,4,NIE,,
w-2023,9,28.04.2023,28.04.2023 12:30:19,39,64,Podkarpackie,67,Ortopedia i traumatologia narządu ruchu,2023/004805,Rezydencki,75.85,0.00,09.03.2023 23:25:58,4,NIE,,
w-2023,9,28.04.2023,28.04.2023 12:30:19,39,64,Podkarpackie,68,Pediatria,2023/002341,Rezydencki,82.13,3.92,27.02.2023 20:56:16,3,NIE,,
w-2023,9,28.04.2023,28.04.2023 12:30:19,39,64,Podkarpackie,69,Pediatria,2023/003168,Rezydencki,80.24,3.63,26.02.2023 21:24:25,3,NIE,,
w-2023,9,28.04.2023,28.04.2023 12:30:19,39,64,Podkarpackie,70,Pediatria,2023/005329,Rezydencki,70.05,0.00,28.02.2023 23:10:15,3,NIE,,
w-2023,9,28.04.2023,28.04.2023 12:30:19,39,64,Podkarpackie,71,Pediatria,2023/002044,Pozarezydencki,75.12,4.05,14.03.2023 12:05:15,1,NIE,,
w-2023,9,28.04.2023,28.04.2023 12:30:19,39,64,Podkarpackie,72,Periodontologia,2023/003646,Rezydencki,84.21,4.10,23.02.2023 22:06:54,1,NIE,,
w-2023,9,28.04.2023,28.04.2023 12:30:19,39,64,Podkarpackie,73,Położnictwo i ginekologia,2023/005193,Rezydencki,80.19,0.00,28.02.2023 21:06:07,1,NIE,,
w-2023,9,28.04.2023,28.04.2023 12:30:19,39,64,Podkarpackie,74,Psychiatria dzieci i młodzieży,2023/000768,Rezydencki,83.57,3.99,28.02.2023 23:58:49,1,NIE,,
w-2023,9,28.04.2023,28.04.2023 12:30:19,39,64,Podkarpackie,75,Psychiatria dzieci i młodzieży,2023/001608,Pozarezydencki,68.52,4.54,11.03.2023 23:06:36,1,NIE,,
w-2023,9,28.04.2023,28.04.2023 12:30:19,39,64,Podkarpackie,76,Radiologia i diagnostyka obrazowa,2023/004260,Rezydencki,91.18,4.40,23.03.2023 12:33:27,9,NIE,,
w-2023,9,28.04.2023,28.04.2023 12:30:19,40,64,Podkarpackie,77,Radiologia i diagnostyka obrazowa,2023/003957,Rezydencki,89.46,3.85,08.03.2023 18:03:49,9,NIE,,
w-2023,9,28.04.2023,28.04.2023 12:30:19,40,64,Podkarpackie,78,Radiologia i diagnostyka obrazowa,2023/001153,Rezydencki,88.89,4.27,22.02.2023 18:53:19,9,NIE,,
w-2023,9,28.04.2023,28.04.2023 12:30:19,40,64,Podkarpackie,79,Radiologia i diagnostyka obrazowa,2023/002501,Rezydencki,87.92,4.37,20.02.2023 09:49:08,9,NIE,,
w-2023,9,28.04.2023,28.04.2023 12:30:19,40,64,Podkarpackie,80,Radiologia i diagnostyka obrazowa,2023/004178,Rezydencki,87.20,4.43,27.02.2023 20:40:51,9,NIE,,
w-2023,9,28.04.2023,28.04.2023 12:30:19,40,64,Podkarpackie,81,Radiologia i diagnostyka obrazowa,2023/001628,Rezydencki,87.20,4.29,28.02.2023 23:59:30,9,NIE,,
w-2023,9,28.04.2023,28.04.2023 12:30:19,40,64,Podkarpackie,82,Radiologia i diagnostyka obrazowa,2023/003515,Rezydencki,87.01,3.87,25.02.2023 15:49:28,9,NIE,,
w-2023,9,28.04.2023,28.04.2023 12:30:19,40,64,Podkarpackie,83,Radiologia i diagnostyka obrazowa,2023/004214,Rezydencki,86.96,3.74,26.02.2023 21:13:26,9,NIE,,
w-2023,9,28.04.2023,28.04.2023 12:30:19,40,64,Podkarpackie,84,Radiologia i diagnostyka obrazowa,2023/004782,Rezydencki,86.27,3.43,28.02.2023 23:13:06,9,NIE,,
w-2023,9,28.04.2023,28.04.2023 12:30:19,40,64,Podkarpackie,85,Radiologia i diagnostyka obrazowa,2023/004788,Pozarezydencki,81.86,4.20,24.03.2023 14:10:46,2,NIE,,
w-2023,9,28.04.2023,28.04.2023 12:30:19,40,64,Podkarpackie,86,Radiologia i diagnostyka obrazowa,2023/004762,Pozarezydencki,81.31,3.69,21.03.2023 09:06:50,2,NIE,,
w-2023,9,28.04.2023,28.04.2023 12:30:19,40,64,Podkarpackie,87,Radioterapia onkologiczna,2023/001339,Rezydencki,76.81,0.00,23.02.2023 14:25:49,1,NIE,,
w-2023,9,28.04.2023,28.04.2023 12:30:19,40,64,Podkarpackie,88,Rehabilitacja medyczna,2023/003318,Rezydencki,81.90,3.63,27.02.2023 22:35:29,1,NIE,,
w-2023,9,28.04.2023,28.04.2023 12:30:19,40,64,Podkarpackie,89,Reumatologia,2023/001958,Rezydencki,86.96,4.60,09.02.2023 23:02:12,1,NIE,,
w-2023,9,28.04.2023,28.04.2023 12:30:19,40,64,Podkarpackie,90,Stomatologia zachowawcza z endodoncją,2023/003568,Rezydencki,78.47,3.71,23.02.2023 17:47:51,1,NIE,,
w-2023,9,28.04.2023,28.04.2023 12:30:19,40,64,Podkarpackie,91,Transfuzjologia kliniczna,2023/003217,Pozarezydencki,63.30,0.00,22.02.2023 16:54:48,1,NIE,,
w-2023,9,28.04.2023,28.04.2023 12:30:19,40,64,Podkarpackie,92,Urologia,2023/001054,Rezydencki,86.96,3.84,24.02.2023 20:33:31,1,NIE,,
w-2023,9,28.04.2023,28.04.2023 12:30:19,40,64,Podkarpackie,93,Urologia,2023/004107,Pozarezydencki,83.87,4.22,28.02.2023 10:41:48,2,NIE,,
w-2023,9,28.04.2023,28.04.2023 12:30:19,40,64,Podkarpackie,94,Urologia,2023/003382,Pozarezydencki,80.84,3.31,28.02.2023 19:38:43,2,NIE,,
w-2023,9,28.04.2023,28.04.2023 12:30:19,40,64,Podlaskie,1,Anestezjologia i intensywna terapia,2023/002295,Rezydencki,87.44,3.98,13.02.2023 21:53:41,6,NIE,,
w-2023,9,28.04.2023,28.04.2023 12:30:19,40,64,Podlaskie,2,Anestezjologia i intensywna terapia,2023/001261,Rezydencki,83.90,3.93,28.02.2023 21:17:20,6,NIE,,
w-2023,9,28.04.2023,28.04.2023 12:30:19,40,64,Podlaskie,3,Anestezjologia i intensywna terapia,2023/001402,Rezydencki,82.61,3.31,27.02.2023 16:18:37,6,NIE,,
w-2023,9,28.04.2023,28.04.2023 12:30:19,40,64,Podlaskie,4,Anestezjologia i intensywna terapia,2023/002649,Rezydencki,75.12,3.06,29.03.2023 12:16:47,6,NIE,,
w-2023,9,28.04.2023,28.04.2023 12:30:19,40,64,Podlaskie,5,Anestezjologia i intensywna terapia,2023/000788,Rezydencki,58.45,4.20,16.03.2023 12:37:31,6,NIE,,
w-2023,9,28.04.2023,28.04.2023 12:30:19,40,64,Podlaskie,6,Anestezjologia i intensywna terapia,2023/004337,Rezydencki,56.04,3.68,20.03.2023 23:30:11,6,NIE,,
w-2023,9,28.04.2023,28.04.2023 12:30:19,40,64,Podlaskie,7,Chirurgia klatki piersiowej,2023/001880,Pozarezydencki,93.55,0.00,23.03.2023 22:10:26,1,NIE,,
w-2023,9,28.04.2023,28.04.2023 12:30:19,40,64,Podlaskie,8,Chirurgia ogólna,2023/003010,Rezydencki,74.88,3.33,23.03.2023 12:26:03,2,NIE,,
w-2023,9,28.04.2023,28.04.2023 12:30:19,40,64,Podlaskie,9,Chirurgia ogólna,2023/001104,Rezydencki,65.22,3.46,08.03.2023 12:58:32,2,NIE,,
w-2023,9,28.04.2023,28.04.2023 12:30:19,40,64,Podlaskie,10,Chirurgia onkologiczna,2023/001914,Pozarezydencki,70.91,3.44,23.03.2023 19:39:35,1,NIE,,
w-2023,9,28.04.2023,28.04.2023 12:30:19,40,64,Podlaskie,11,Choroby płuc,2023/004590,Rezydencki,84.06,3.77,19.03.2023 22:42:39,1,NIE,,
w-2023,9,28.04.2023,28.04.2023 12:30:19,40,64,Podlaskie,12,Choroby wewnętrzne,2023/004520,Pozarezydencki,75.45,3.31,20.03.2023 14:03:07,1,NIE,,
w-2023,9,28.04.2023,28.04.2023 12:30:19,40,64,Podlaskie,13,Diabetologia,2023/004574,Rezydencki,84.31,3.80,28.02.2023 23:57:39,1,NIE,,
w-2023,9,28.04.2023,28.04.2023 12:30:19,40,64,Podlaskie,14,Diabetologia,2023/003714,Pozarezydencki,78.50,3.58,24.02.2023 11:24:33,3,NIE,,
w-2023,9,28.04.2023,28.04.2023 12:30:19,40,64,Podlaskie,15,Diabetologia,2023/003027,Pozarezydencki,73.85,4.08,22.03.2023 22:33:51,3,NIE,,
w-2023,9,28.04.2023,28.04.2023 12:30:19,40,64,Podlaskie,16,Diabetologia,2023/005038,Pozarezydencki,68.20,4.38,22.03.2023 08:25:41,3,NIE,,
w-2023,9,28.04.2023,28.04.2023 12:30:19,41,64,Podlaskie,17,Endokrynologia i diabetologia dziecięca,2023/004793,Pozarezydencki,74.00,4.24,08.03.2023 09:26:56,1,NIE,,
w-2023,9,28.04.2023,28.04.2023 12:30:19,41,64,Podlaskie,18,Gastroenterologia,2023/003838,Rezydencki,86.76,3.78,28.02.2023 23:39:01,1,NIE,,
w-2023,9,28.04.2023,28.04.2023 12:30:19,41,64,Podlaskie,19,Gastroenterologia,2023/003490,Pozarezydencki,80.00,3.83,24.03.2023 12:15:29,5,NIE,,
w-2023,9,28.04.2023,28.04.2023 12:30:19,41,64,Podlaskie,20,Gastroenterologia,2023/001978,Pozarezydencki,75.91,4.25,23.03.2023 10:21:09,5,NIE,,
w-2023,9,28.04.2023,28.04.2023 12:30:19,41,64,Podlaskie,21,Gastroenterologia,2023/002160,Pozarezydencki,75.45,0.00,21.03.2023 20:46:09,5,NIE,,
w-2023,9,28.04.2023,28.04.2023 12:30:19,41,64,Podlaskie,22,Gastroenterologia,2023/003394,Pozarezydencki,70.91,3.63,15.03.2023 15:56:13,5,NIE,,
w-2023,9,28.04.2023,28.04.2023 12:30:19,41,64,Podlaskie,23,Gastroenterologia,2023/004215,Pozarezydencki,66.36,0.00,14.03.2023 17:08:56,5,NIE,,
w-2023,9,28.04.2023,28.04.2023 12:30:19,41,64,Podlaskie,24,Hematologia,2023/004231,Rezydencki,78.85,4.29,09.03.2023 15:32:21,1,NIE,,
w-2023,9,28.04.2023,28.04.2023 12:30:19,41,64,Podlaskie,25,Kardiologia,2023/001843,Rezydencki,82.13,3.65,16.03.2023 17:48:59,1,NIE,,
w-2023,9,28.04.2023,28.04.2023 12:30:19,41,64,Podlaskie,26,Kardiologia,2023/003366,Pozarezydencki,72.02,4.03,22.03.2023 20:09:22,2,NIE,,
w-2023,9,28.04.2023,28.04.2023 12:30:19,41,64,Podlaskie,27,Kardiologia,2023/002808,Pozarezydencki,71.36,3.86,25.03.2023 13:37:29,2,NIE,,
w-2023,9,28.04.2023,28.04.2023 12:30:19,41,64,Podlaskie,28,Kardiologia dziecięca,2023/003446,Pozarezydencki,75.45,4.36,27.03.2023 10:58:01,1,NIE,,
w-2023,9,28.04.2023,28.04.2023 12:30:19,41,64,Podlaskie,29,Medycyna pracy,2023/004156,Rezydencki,82.84,3.71,09.03.2023 14:09:36,1,NIE,,
w-2023,9,28.04.2023,28.04.2023 12:30:19,41,64,Podlaskie,30,Medycyna rodzinna,2023/003583,Rezydencki,80.88,3.96,23.02.2023 19:10:38,2,NIE,,
w-2023,9,28.04.2023,28.04.2023 12:30:19,41,64,Podlaskie,31,Medycyna rodzinna,2023/004900,Rezydencki,78.74,3.27,13.03.2023 19:02:18,2,NIE,,
w-2023,9,28.04.2023,28.04.2023 12:30:19,41,64,Podlaskie,32,Medycyna rodzinna,2023/000986,Pozarezydencki,75.68,4.29,10.02.2023 10:15:49,4,NIE,,
w-2023,9,28.04.2023,28.04.2023 12:30:19,41,64,Podlaskie,33,Medycyna rodzinna,2023/004194,Pozarezydencki,70.09,4.19,13.03.2023 15:22:33,4,NIE,,
w-2023,9,28.04.2023,28.04.2023 12:30:19,41,64,Podlaskie,34,Medycyna rodzinna,2023/004915,Pozarezydencki,63.64,0.00,28.02.2023 11:13:47,4,NIE,,
w-2023,9,28.04.2023,28.04.2023 12:30:19,41,64,Podlaskie,35,Medycyna rodzinna,2023/002378,Pozarezydencki,53.46,2.75,27.03.2023 14:43:26,4,NIE,,
w-2023,9,28.04.2023,28.04.2023 12:30:19,41,64,Podlaskie,36,Nefrologia,2023/003744,Rezydencki,75.98,3.59,27.02.2023 14:14:35,1,NIE,,
w-2023,9,28.04.2023,28.04.2023 12:30:19,41,64,Podlaskie,37,Okulistyka,2023/004297,Rezydencki,88.73,3.87,09.03.2023 20:40:21,1,NIE,,
w-2023,9,28.04.2023,28.04.2023 12:30:19,41,64,Podlaskie,38,Okulistyka,2023/002285,Pozarezydencki,82.03,3.76,25.02.2023 13:11:35,9,NIE,,
w-2023,9,28.04.2023,28.04.2023 12:30:19,41,64,Podlaskie,39,Okulistyka,2023/003364,Pozarezydencki,81.78,4.52,20.03.2023 20:36:00,9,NIE,,
w-2023,9,28.04.2023,28.04.2023 12:30:19,41,64,Podlaskie,40,Okulistyka,2023/003165,Pozarezydencki,80.65,4.09,20.03.2023 18:59:48,9,NIE,,
w-2023,9,28.04.2023,28.04.2023 12:30:19,41,64,Podlaskie,41,Okulistyka,2023/004747,Pozarezydencki,80.65,3.62,16.03.2023 09:11:26,9,NIE,,
w-2023,9,28.04.2023,28.04.2023 12:30:19,41,64,Podlaskie,42,Okulistyka,2023/004676,Pozarezydencki,80.00,3.78,28.02.2023 22:01:09,9,NIE,,
w-2023,9,28.04.2023,28.04.2023 12:30:19,41,64,Podlaskie,43,Okulistyka,2023/004796,Pozarezydencki,74.09,0.00,27.02.2023 23:52:39,9,NIE,,
w-2023,9,28.04.2023,28.04.2023 12:30:19,41,64,Podlaskie,44,Okulistyka,2023/003594,Pozarezydencki,72.90,0.00,20.03.2023 10:14:27,9,NIE,,
w-2023,9,28.04.2023,28.04.2023 12:30:19,41,64,Podlaskie,45,Okulistyka,2023/005063,Pozarezydencki,71.96,3.53,16.03.2023 18:22:39,9,NIE,,
w-2023,9,28.04.2023,28.04.2023 12:30:19,41,64,Podlaskie,46,Okulistyka,2023/002751,Pozarezydencki,0.00,3.66,30.03.2023 15:51:47,9,NIE,,
w-2023,9,28.04.2023,28.04.2023 12:30:19,41,64,Podlaskie,47,Ortodoncja,2023/001496,Rezydencki,88.89,4.00,22.02.2023 19:40:24,1,NIE,,
w-2023,9,28.04.2023,28.04.2023 12:30:19,41,64,Podlaskie,48,Ortodoncja,2023/003305,Pozarezydencki,89.09,0.00,20.03.2023 19:20:06,1,NIE,,
w-2023,9,28.04.2023,28.04.2023 12:30:19,41,64,Podlaskie,49,Ortopedia i traumatologia narządu ruchu,2023/004759,Rezydencki,83.90,3.72,28.02.2023 22:13:46,4,NIE,,
w-2023,9,28.04.2023,28.04.2023 12:30:19,41,64,Podlaskie,50,Ortopedia i traumatologia narządu ruchu,2023/002015,Rezydencki,81.64,0.00,28.03.2023 15:25:44,4,NIE,,
w-2023,9,28.04.2023,28.04.2023 12:30:19,41,64,Podlaskie,51,Ortopedia i traumatologia narządu ruchu,2023/001049,Rezydencki,79.51,3.35,02.02.2023 17:51:03,4,NIE,,
w-2023,9,28.04.2023,28.04.2023 12:30:19,41,64,Podlaskie,52,Ortopedia i traumatologia narządu ruchu,2023/000945,Rezydencki,77.07,3.34,20.02.2023 17:19:06,4,NIE,,
w-2023,9,28.04.2023,28.04.2023 12:30:19,41,64,Podlaskie,53,Otorynolaryngologia,2023/004245,Rezydencki,80.88,3.94,28.02.2023 19:54:15,1,NIE,,
w-2023,9,28.04.2023,28.04.2023 12:30:19,41,64,Podlaskie,54,Pediatria,2023/004617,Rezydencki,88.89,4.05,09.03.2023 16:51:38,1,NIE,,
w-2023,9,28.04.2023,28.04.2023 12:30:19,42,64,Podlaskie,55,Periodontologia,2023/001314,Rezydencki,84.76,4.13,10.02.2023 12:37:18,1,NIE,,
w-2023,9,28.04.2023,28.04.2023 12:30:19,42,64,Podlaskie,56,Położnictwo i ginekologia,2023/003722,Rezydencki,87.75,4.46,09.03.2023 13:06:37,1,NIE,,
w-2023,9,28.04.2023,28.04.2023 12:30:19,42,64,Podlaskie,57,Protetyka stomatologiczna,2023/002051,Rezydencki,81.82,4.57,26.02.2023 22:32:15,3,NIE,,
w-2023,9,28.04.2023,28.04.2023 12:30:19,42,64,Podlaskie,58,Protetyka stomatologiczna,2023/005264,Rezydencki,80.95,4.26,28.02.2023 22:11:40,3,NIE,,
w-2023,9,28.04.2023,28.04.2023 12:30:19,42,64,Podlaskie,59,Protetyka stomatologiczna,2023/004512,Rezydencki,79.43,3.43,28.02.2023 12:34:37,3,NIE,,
w-2023,9,28.04.2023,28.04.2023 12:30:19,42,64,Podlaskie,60,Psychiatria,2023/004633,Rezydencki,86.47,3.97,28.02.2023 23:08:12,7,NIE,,
w-2023,9,28.04.2023,28.04.2023 12:30:19,42,64,Podlaskie,61,Psychiatria,2023/000970,Rezydencki,85.99,3.83,01.02.2023 19:00:14,7,NIE,,
w-2023,9,28.04.2023,28.04.2023 12:30:19,42,64,Podlaskie,62,Psychiatria,2023/001484,Rezydencki,85.37,3.69,05.02.2023 17:33:05,7,NIE,,
w-2023,9,28.04.2023,28.04.2023 12:30:19,42,64,Podlaskie,63,Psychiatria,2023/001081,Rezydencki,83.41,3.56,17.03.2023 10:49:20,7,NIE,,
w-2023,9,28.04.2023,28.04.2023 12:30:19,42,64,Podlaskie,64,Psychiatria,2023/004850,Rezydencki,79.41,3.95,18.03.2023 12:03:17,7,NIE,,
w-2023,9,28.04.2023,28.04.2023 12:30:19,42,64,Podlaskie,65,Psychiatria,2023/004880,Rezydencki,67.80,3.53,28.02.2023 22:45:50,7,NIE,,
w-2023,9,28.04.2023,28.04.2023 12:30:19,42,64,Podlaskie,66,Psychiatria,2023/004311,Rezydencki,62.32,3.77,20.03.2023 08:53:48,7,NIE,,
w-2023,9,28.04.2023,28.04.2023 12:30:19,42,64,Podlaskie,67,Psychiatria dzieci i młodzieży,2023/001363,Pozarezydencki,71.76,4.03,20.03.2023 22:21:57,1,NIE,,
w-2023,9,28.04.2023,28.04.2023 12:30:19,42,64,Podlaskie,68,Radiologia i diagnostyka obrazowa,2023/001191,Rezydencki,89.86,3.67,03.02.2023 11:54:22,13,NIE,,
w-2023,9,28.04.2023,28.04.2023 12:30:19,42,64,Podlaskie,69,Radiologia i diagnostyka obrazowa,2023/001175,Rezydencki,89.22,4.20,23.02.2023 20:41:31,13,NIE,,
w-2023,9,28.04.2023,28.04.2023 12:30:19,42,64,Podlaskie,70,Radiologia i diagnostyka obrazowa,2023/000910,Rezydencki,88.73,3.80,10.03.2023 10:23:12,13,NIE,,
w-2023,9,28.04.2023,28.04.2023 12:30:19,42,64,Podlaskie,71,Radiologia i diagnostyka obrazowa,2023/004220,Rezydencki,88.41,3.75,27.02.2023 23:08:12,13,NIE,,
w-2023,9,28.04.2023,28.04.2023 12:30:19,42,64,Podlaskie,72,Radiologia i diagnostyka obrazowa,2023/004628,Rezydencki,88.24,3.88,21.03.2023 14:30:18,13,NIE,,
w-2023,9,28.04.2023,28.04.2023 12:30:19,42,64,Podlaskie,73,Radiologia i diagnostyka obrazowa,2023/001451,Rezydencki,87.92,3.80,28.02.2023 21:33:10,13,NIE,,
w-2023,9,28.04.2023,28.04.2023 12:30:19,42,64,Podlaskie,74,Radiologia i diagnostyka obrazowa,2023/002288,Rezydencki,87.92,3.76,13.02.2023 20:05:25,13,NIE,,
w-2023,9,28.04.2023,28.04.2023 12:30:19,42,64,Podlaskie,75,Radiologia i diagnostyka obrazowa,2023/004299,Rezydencki,87.68,4.50,23.03.2023 23:43:01,13,NIE,,
w-2023,9,28.04.2023,28.04.2023 12:30:19,42,64,Podlaskie,76,Radiologia i diagnostyka obrazowa,2023/001222,Rezydencki,87.44,4.27,26.02.2023 20:52:24,13,NIE,,
w-2023,9,28.04.2023,28.04.2023 12:30:19,42,64,Podlaskie,77,Radiologia i diagnostyka obrazowa,2023/004576,Rezydencki,87.32,3.76,11.03.2023 15:39:45,13,NIE,,
w-2023,9,28.04.2023,28.04.2023 12:30:19,42,64,Podlaskie,78,Radiologia i diagnostyka obrazowa,2023/005171,Rezydencki,86.90,4.12,28.02.2023 23:58:08,13,NIE,,
w-2023,9,28.04.2023,28.04.2023 12:30:19,42,64,Podlaskie,79,Radiologia i diagnostyka obrazowa,2023/003698,Rezydencki,86.76,3.70,27.02.2023 21:44:17,13,NIE,,
w-2023,9,28.04.2023,28.04.2023 12:30:19,42,64,Podlaskie,80,Radiologia i diagnostyka obrazowa,2023/004131,Rezydencki,85.99,3.94,26.02.2023 17:36:08,13,NIE,,
w-2023,9,28.04.2023,28.04.2023 12:30:19,42,64,Podlaskie,81,Radioterapia onkologiczna,2023/000879,Rezydencki,77.54,4.47,18.03.2023 00:26:52,1,NIE,,
w-2023,9,28.04.2023,28.04.2023 12:30:19,42,64,Podlaskie,82,Reumatologia,2023/002684,Rezydencki,85.02,3.55,28.02.2023 20:24:17,1,NIE,,
w-2023,9,28.04.2023,28.04.2023 12:30:19,42,64,Podlaskie,83,Stomatologia zachowawcza z endodoncją,2023/002886,Rezydencki,74.64,3.05,28.02.2023 13:48:34,5,NIE,,
w-2023,9,28.04.2023,28.04.2023 12:30:19,42,64,Podlaskie,84,Stomatologia zachowawcza z endodoncją,2023/002446,Rezydencki,70.33,3.63,27.03.2023 09:24:22,5,NIE,,
w-2023,9,28.04.2023,28.04.2023 12:30:19,42,64,Podlaskie,85,Stomatologia zachowawcza z endodoncją,2023/004577,Rezydencki,67.79,4.29,27.02.2023 19:27:43,5,NIE,,
w-2023,9,28.04.2023,28.04.2023 12:30:19,42,64,Podlaskie,86,Stomatologia zachowawcza z endodoncją,2023/002996,Rezydencki,62.38,3.88,16.03.2023 17:54:17,5,NIE,,
w-2023,9,28.04.2023,28.04.2023 12:30:19,42,64,Podlaskie,87,Stomatologia zachowawcza z endodoncją,2023/002314,Rezydencki,59.22,3.35,26.02.2023 21:46:17,5,NIE,,
w-2023,9,28.04.2023,28.04.2023 12:30:19,42,64,Podlaskie,88,Transfuzjologia kliniczna,2023/002396,Pozarezydencki,76.91,0.00,23.03.2023 09:26:21,1,NIE,,
w-2023,9,28.04.2023,28.04.2023 12:30:19,42,64,Podlaskie,89,Zdrowie publiczne,2023/001781,Rezydencki,84.21,3.83,17.02.2023 19:49:50,1,NIE,,
w-2023,9,28.04.2023,28.04.2023 12:30:19,43,64,Podlaskie,1,Urologia,2023/005321,Rezydencki,76.81,3.65,28.02.2023 22:52:39,1,TAK,Uniwersytecki Szpital Kliniczny w Białymstoku,Klinika Urologii
w-2023,9,28.04.2023,28.04.2023 12:30:19,43,64,Podlaskie,1,Choroby wewnętrzne,2023/001326,Rezydencki,78.54,3.36,17.03.2023 16:21:56,1,TAK,Uniwersytecki Szpital Kliniczny w Białymstoku,I Klinika Chorób Płuc i Gruźlicy z Pododdziałem Chemioterapii Nowotworów Płuc
w-2023,9,28.04.2023,28.04.2023 12:30:19,43,64,Podlaskie,1,Dermatologia i wenerologia,2023/000742,Rezydencki,80.98,3.61,14.03.2023 14:47:21,1,TAK,Uniwersytecki Szpital Kliniczny w Białymstoku,Klinika Dermatologii i Wenerologii z Pododdziałem Dermatologii Dziecięcej i Pododdziałem Dermatologicznym Dziennego Pobytu
w-2023,9,28.04.2023,28.04.2023 12:30:19,43,64,Podlaskie,1,Okulistyka,2023/001010,Rezydencki,87.20,3.90,21.03.2023 11:09:20,1,TAK,Uniwersytecki Szpital Kliniczny w Białymstoku,Klinika Okulistyki
w-2023,9,28.04.2023,28.04.2023 12:30:19,43,64,Pomorskie,1,Alergologia,2023/003277,Rezydencki,87.75,3.98,28.02.2023 22:27:14,1,NIE,,
w-2023,9,28.04.2023,28.04.2023 12:30:19,43,64,Pomorskie,2,Alergologia,2023/004304,Pozarezydencki,80.00,4.00,17.03.2023 11:07:06,6,NIE,,
w-2023,9,28.04.2023,28.04.2023 12:30:19,43,64,Pomorskie,3,Alergologia,2023/001559,Pozarezydencki,79.55,3.74,25.03.2023 21:12:33,6,NIE,,
w-2023,9,28.04.2023,28.04.2023 12:30:19,43,64,Pomorskie,4,Alergologia,2023/002945,Pozarezydencki,77.36,4.24,20.03.2023 14:16:00,6,NIE,,
w-2023,9,28.04.2023,28.04.2023 12:30:19,43,64,Pomorskie,5,Alergologia,2023/001773,Pozarezydencki,71.36,3.73,10.03.2023 18:05:30,6,NIE,,
w-2023,9,28.04.2023,28.04.2023 12:30:19,43,64,Pomorskie,6,Alergologia,2023/002114,Pozarezydencki,70.91,3.55,13.03.2023 07:38:01,6,NIE,,
w-2023,9,28.04.2023,28.04.2023 12:30:19,43,64,Pomorskie,7,Alergologia,2023/003730,Pozarezydencki,64.95,3.20,09.03.2023 09:27:16,6,NIE,,
w-2023,9,28.04.2023,28.04.2023 12:30:19,43,64,Pomorskie,8,Anestezjologia i intensywna terapia,2023/001127,Rezydencki,88.24,4.05,24.02.2023 12:07:45,4,NIE,,
w-2023,9,28.04.2023,28.04.2023 12:30:19,43,64,Pomorskie,9,Anestezjologia i intensywna terapia,2023/001466,Rezydencki,87.44,4.45,08.03.2023 19:52:59,4,NIE,,
w-2023,9,28.04.2023,28.04.2023 12:30:19,43,64,Pomorskie,10,Anestezjologia i intensywna terapia,2023/003304,Rezydencki,87.20,3.95,27.02.2023 14:54:47,4,NIE,,
w-2023,9,28.04.2023,28.04.2023 12:30:19,43,64,Pomorskie,11,Anestezjologia i intensywna terapia,2023/001171,Rezydencki,86.71,4.16,13.03.2023 09:20:36,4,NIE,,
w-2023,9,28.04.2023,28.04.2023 12:30:19,43,64,Pomorskie,12,Chirurgia ogólna,2023/003758,Rezydencki,88.24,4.19,26.02.2023 12:08:22,9,NIE,,
w-2023,9,28.04.2023,28.04.2023 12:30:19,43,64,Pomorskie,13,Chirurgia ogólna,2023/003001,Rezydencki,87.44,4.08,23.02.2023 22:12:40,9,NIE,,
w-2023,9,28.04.2023,28.04.2023 12:30:19,43,64,Pomorskie,14,Chirurgia ogólna,2023/004420,Rezydencki,86.76,3.81,17.03.2023 12:22:15,9,NIE,,
w-2023,9,28.04.2023,28.04.2023 12:30:19,43,64,Pomorskie,15,Chirurgia ogólna,2023/002745,Rezydencki,86.47,4.13,18.02.2023 22:17:26,9,NIE,,
w-2023,9,28.04.2023,28.04.2023 12:30:19,43,64,Pomorskie,16,Chirurgia ogólna,2023/004263,Rezydencki,85.78,4.75,28.02.2023 21:10:01,9,NIE,,
w-2023,9,28.04.2023,28.04.2023 12:30:19,43,64,Pomorskie,17,Chirurgia ogólna,2023/003377,Rezydencki,85.27,3.91,13.03.2023 21:34:52,9,NIE,,
w-2023,9,28.04.2023,28.04.2023 12:30:19,43,64,Pomorskie,18,Chirurgia ogólna,2023/005036,Rezydencki,84.54,3.66,23.03.2023 19:17:12,9,NIE,,
w-2023,9,28.04.2023,28.04.2023 12:30:19,43,64,Pomorskie,19,Chirurgia ogólna,2023/004055,Rezydencki,83.90,4.36,27.03.2023 11:37:54,9,NIE,,
w-2023,9,28.04.2023,28.04.2023 12:30:19,43,64,Pomorskie,20,Chirurgia ogólna,2023/003751,Rezydencki,83.82,3.98,24.03.2023 16:18:16,9,NIE,,
w-2023,9,28.04.2023,28.04.2023 12:30:19,43,64,Pomorskie,21,Chirurgia ogólna,2023/004153,Pozarezydencki,76.64,3.27,17.03.2023 13:56:43,1,NIE,,
w-2023,9,28.04.2023,28.04.2023 12:30:19,44,64,Pomorskie,22,Chirurgia onkologiczna,2023/002090,Rezydencki,83.57,3.52,15.03.2023 22:01:50,1,NIE,,
w-2023,9,28.04.2023,28.04.2023 12:30:19,44,64,Pomorskie,23,Chirurgia stomatologiczna,2023/001881,Rezydencki,85.71,3.97,10.02.2023 20:09:40,7,NIE,,
w-2023,9,28.04.2023,28.04.2023 12:30:19,44,64,Pomorskie,24,Chirurgia stomatologiczna,2023/001001,Rezydencki,83.57,4.19,01.02.2023 21:10:33,7,NIE,,
w-2023,9,28.04.2023,28.04.2023 12:30:19,44,64,Pomorskie,25,Chirurgia stomatologiczna,2023/002230,Rezydencki,83.57,3.79,26.02.2023 20:38:09,7,NIE,,
w-2023,9,28.04.2023,28.04.2023 12:30:19,44,64,Pomorskie,26,Chirurgia stomatologiczna,2023/001311,Rezydencki,83.33,3.95,20.03.2023 12:42:15,7,NIE,,
w-2023,9,28.04.2023,28.04.2023 12:30:19,44,64,Pomorskie,27,Chirurgia stomatologiczna,2023/001788,Rezydencki,83.25,4.66,10.02.2023 21:10:04,7,NIE,,
w-2023,9,28.04.2023,28.04.2023 12:30:19,44,64,Pomorskie,28,Chirurgia stomatologiczna,2023/003917,Rezydencki,83.25,4.41,16.03.2023 15:13:45,7,NIE,,
w-2023,9,28.04.2023,28.04.2023 12:30:19,44,64,Pomorskie,29,Chirurgia stomatologiczna,2023/003976,Rezydencki,82.78,4.75,15.03.2023 23:45:26,7,NIE,,
w-2023,9,28.04.2023,28.04.2023 12:30:19,44,64,Pomorskie,30,Chirurgia szczękowo-twarzowa,2023/003759,Rezydencki,88.41,4.38,28.02.2023 20:58:56,2,NIE,,
w-2023,9,28.04.2023,28.04.2023 12:30:19,44,64,Pomorskie,31,Chirurgia szczękowo-twarzowa,2023/004264,Rezydencki,86.27,4.22,26.02.2023 21:39:41,2,NIE,,
w-2023,9,28.04.2023,28.04.2023 12:30:19,44,64,Pomorskie,32,Choroby płuc,2023/001114,Rezydencki,88.41,3.71,07.02.2023 22:17:30,1,NIE,,
w-2023,9,28.04.2023,28.04.2023 12:30:19,44,64,Pomorskie,33,Choroby płuc,2023/004545,Pozarezydencki,69.59,0.00,15.03.2023 22:58:18,2,NIE,,
w-2023,9,28.04.2023,28.04.2023 12:30:19,44,64,Pomorskie,34,Choroby płuc,2023/003518,Pozarezydencki,60.55,3.29,26.02.2023 20:41:39,2,NIE,,
w-2023,9,28.04.2023,28.04.2023 12:30:19,44,64,Pomorskie,35,Choroby wewnętrzne,2023/002453,Rezydencki,88.41,4.20,15.02.2023 13:01:35,16,NIE,,
w-2023,9,28.04.2023,28.04.2023 12:30:19,44,64,Pomorskie,36,Choroby wewnętrzne,2023/003607,Rezydencki,87.62,3.84,23.02.2023 20:11:16,16,NIE,,
w-2023,9,28.04.2023,28.04.2023 12:30:19,44,64,Pomorskie,37,Choroby wewnętrzne,2023/003456,Rezydencki,86.76,3.44,26.02.2023 21:27:29,16,NIE,,
w-2023,9,28.04.2023,28.04.2023 12:30:19,44,64,Pomorskie,38,Choroby wewnętrzne,2023/001445,Rezydencki,85.51,3.96,22.02.2023 11:17:36,16,NIE,,
w-2023,9,28.04.2023,28.04.2023 12:30:19,44,64,Pomorskie,39,Choroby wewnętrzne,2023/001323,Rezydencki,85.37,4.36,08.02.2023 19:10:46,16,NIE,,
w-2023,9,28.04.2023,28.04.2023 12:30:19,44,64,Pomorskie,40,Choroby wewnętrzne,2023/003457,Rezydencki,84.80,3.85,23.02.2023 20:54:59,16,NIE,,
w-2023,9,28.04.2023,28.04.2023 12:30:19,44,64,Pomorskie,41,Choroby wewnętrzne,2023/004549,Rezydencki,84.39,3.57,28.02.2023 17:44:53,16,NIE,,
w-2023,9,28.04.2023,28.04.2023 12:30:19,44,64,Pomorskie,42,Choroby wewnętrzne,2023/003362,Rezydencki,83.90,3.55,22.02.2023 20:50:26,16,NIE,,
w-2023,9,28.04.2023,28.04.2023 12:30:19,44,64,Pomorskie,43,Choroby wewnętrzne,2023/003498,Rezydencki,83.58,3.76,15.03.2023 10:41:07,16,NIE,,
w-2023,9,28.04.2023,28.04.2023 12:30:19,44,64,Pomorskie,44,Choroby wewnętrzne,2023/004185,Rezydencki,83.33,4.06,15.03.2023 09:09:41,16,NIE,,
w-2023,9,28.04.2023,28.04.2023 12:30:19,44,64,Pomorskie,45,Choroby wewnętrzne,2023/001847,Rezydencki,82.37,3.33,15.03.2023 19:18:38,16,NIE,,
w-2023,9,28.04.2023,28.04.2023 12:30:19,44,64,Pomorskie,46,Choroby wewnętrzne,2023/003559,Rezydencki,82.35,4.43,23.03.2023 13:37:33,16,NIE,,
w-2023,9,28.04.2023,28.04.2023 12:30:19,44,64,Pomorskie,47,Choroby wewnętrzne,2023/002784,Rezydencki,80.19,3.86,19.02.2023 12:53:48,16,NIE,,
w-2023,9,28.04.2023,28.04.2023 12:30:19,44,64,Pomorskie,48,Choroby wewnętrzne,2023/002531,Rezydencki,77.07,4.09,16.02.2023 10:18:09,16,NIE,,
w-2023,9,28.04.2023,28.04.2023 12:30:19,44,64,Pomorskie,49,Choroby wewnętrzne,2023/004851,Rezydencki,73.04,3.90,28.02.2023 05:34:05,16,NIE,,
w-2023,9,28.04.2023,28.04.2023 12:30:19,44,64,Pomorskie,50,Choroby wewnętrzne,2023/005012,Rezydencki,64.76,0.00,28.02.2023 15:27:50,16,NIE,,
w-2023,9,28.04.2023,28.04.2023 12:30:19,44,64,Pomorskie,51,Choroby zakaźne,2023/002737,Rezydencki,87.38,4.16,24.02.2023 02:13:03,1,NIE,,
w-2023,9,28.04.2023,28.04.2023 12:30:19,44,64,Pomorskie,52,Dermatologia i wenerologia,2023/001285,Rezydencki,91.18,4.29,23.02.2023 17:48:41,2,NIE,,
w-2023,9,28.04.2023,28.04.2023 12:30:19,44,64,Pomorskie,53,Dermatologia i wenerologia,2023/001024,Rezydencki,90.20,4.25,25.02.2023 14:46:57,2,NIE,,
w-2023,9,28.04.2023,28.04.2023 12:30:19,44,64,Pomorskie,54,Endokrynologia i diabetologia dziecięca,2023/002427,Pozarezydencki,76.14,3.31,27.02.2023 13:20:55,2,NIE,,
w-2023,9,28.04.2023,28.04.2023 12:30:19,44,64,Pomorskie,55,Endokrynologia i diabetologia dziecięca,2023/005221,Pozarezydencki,57.80,0.00,16.03.2023 21:05:42,2,NIE,,
w-2023,9,28.04.2023,28.04.2023 12:30:19,44,64,Pomorskie,56,Farmakologia kliniczna,2023/003216,Pozarezydencki,55.00,2.93,20.03.2023 22:43:01,1,NIE,,
w-2023,9,28.04.2023,28.04.2023 12:30:19,44,64,Pomorskie,57,Gastroenterologia dziecięca,2023/004087,Rezydencki,87.44,4.35,20.03.2023 14:21:18,1,NIE,,
w-2023,9,28.04.2023,28.04.2023 12:30:19,44,64,Pomorskie,58,Genetyka kliniczna,2023/003493,Pozarezydencki,80.00,3.21,23.03.2023 20:44:23,1,NIE,,
w-2023,9,28.04.2023,28.04.2023 12:30:19,44,64,Pomorskie,59,Geriatria,2023/004162,Pozarezydencki,67.27,3.51,08.03.2023 22:49:34,1,NIE,,
w-2023,9,28.04.2023,28.04.2023 12:30:19,45,64,Pomorskie,60,Hematologia,2023/004347,Rezydencki,78.54,0.00,15.03.2023 00:54:55,2,NIE,,
w-2023,9,28.04.2023,28.04.2023 12:30:19,45,64,Pomorskie,61,Hematologia,2023/001915,Rezydencki,75.98,4.93,21.03.2023 22:18:52,2,NIE,,
w-2023,9,28.04.2023,28.04.2023 12:30:19,45,64,Pomorskie,62,Immunologia kliniczna,2023/002395,Pozarezydencki,84.55,4.28,14.02.2023 20:32:04,5,NIE,,
w-2023,9,28.04.2023,28.04.2023 12:30:19,45,64,Pomorskie,63,Immunologia kliniczna,2023/002511,Pozarezydencki,80.00,3.68,28.03.2023 20:25:04,5,NIE,,
w-2023,9,28.04.2023,28.04.2023 12:30:19,45,64,Pomorskie,64,Immunologia kliniczna,2023/001953,Pozarezydencki,79.09,4.16,12.03.2023 15:22:44,5,NIE,,
w-2023,9,28.04.2023,28.04.2023 12:30:19,45,64,Pomorskie,65,Immunologia kliniczna,2023/001018,Pozarezydencki,76.14,4.03,21.03.2023 20:39:49,5,NIE,,
w-2023,9,28.04.2023,28.04.2023 12:30:19,45,64,Pomorskie,66,Immunologia kliniczna,2023/004727,Pozarezydencki,75.45,3.20,23.03.2023 19:09:16,5,NIE,,
w-2023,9,28.04.2023,28.04.2023 12:30:19,45,64,Pomorskie,67,Kardiochirurgia,2023/004135,Rezydencki,83.41,3.98,26.02.2023 18:10:33,1,NIE,,
w-2023,9,28.04.2023,28.04.2023 12:30:19,45,64,Pomorskie,68,Kardiochirurgia,2023/001660,Pozarezydencki,68.69,3.36,28.02.2023 17:23:52,1,NIE,,
w-2023,9,28.04.2023,28.04.2023 12:30:19,45,64,Pomorskie,69,Kardiologia,2023/003967,Rezydencki,88.73,4.05,28.02.2023 14:51:47,3,NIE,,
w-2023,9,28.04.2023,28.04.2023 12:30:19,45,64,Pomorskie,70,Kardiologia,2023/001918,Rezydencki,88.65,4.47,20.02.2023 16:17:17,3,NIE,,
w-2023,9,28.04.2023,28.04.2023 12:30:19,45,64,Pomorskie,71,Kardiologia,2023/004841,Rezydencki,87.92,3.78,28.02.2023 01:43:49,3,NIE,,
w-2023,9,28.04.2023,28.04.2023 12:30:19,45,64,Pomorskie,72,Kardiologia,2023/003489,Pozarezydencki,74.77,3.15,27.02.2023 10:30:06,1,NIE,,
w-2023,9,28.04.2023,28.04.2023 12:30:19,45,64,Pomorskie,73,Medycyna nuklearna,2023/001537,Rezydencki,83.57,4.15,28.02.2023 16:01:20,1,NIE,,
w-2023,9,28.04.2023,28.04.2023 12:30:19,45,64,Pomorskie,74,Medycyna paliatywna,2023/000984,Pozarezydencki,80.00,3.03,12.03.2023 20:45:08,1,NIE,,
w-2023,9,28.04.2023,28.04.2023 12:30:19,45,64,Pomorskie,75,Medycyna ratunkowa,2023/003717,Rezydencki,88.41,4.03,23.03.2023 14:17:55,1,NIE,,
w-2023,9,28.04.2023,28.04.2023 12:30:19,45,64,Pomorskie,76,Medycyna ratunkowa,2023/003007,Pozarezydencki,69.16,3.76,13.03.2023 17:36:02,2,NIE,,
w-2023,9,28.04.2023,28.04.2023 12:30:19,45,64,Pomorskie,77,Medycyna ratunkowa,2023/001818,Pozarezydencki,63.64,3.04,08.02.2023 14:23:13,2,NIE,,
w-2023,9,28.04.2023,28.04.2023 12:30:19,45,64,Pomorskie,78,Medycyna rodzinna,2023/002608,Rezydencki,87.92,3.86,17.02.2023 16:03:42,15,NIE,,
w-2023,9,28.04.2023,28.04.2023 12:30:19,45,64,Pomorskie,79,Medycyna rodzinna,2023/002364,Rezydencki,87.62,4.23,20.02.2023 20:56:40,15,NIE,,
w-2023,9,28.04.2023,28.04.2023 12:30:19,45,64,Pomorskie,80,Medycyna rodzinna,2023/002348,Rezydencki,86.96,4.10,17.02.2023 08:35:19,15,NIE,,
w-2023,9,28.04.2023,28.04.2023 12:30:19,45,64,Pomorskie,81,Medycyna rodzinna,2023/003888,Rezydencki,86.96,3.86,28.02.2023 17:01:20,15,NIE,,
w-2023,9,28.04.2023,28.04.2023 12:30:19,45,64,Pomorskie,82,Medycyna rodzinna,2023/005275,Rezydencki,86.76,4.00,23.03.2023 09:07:06,15,NIE,,
w-2023,9,28.04.2023,28.04.2023 12:30:19,45,64,Pomorskie,83,Medycyna rodzinna,2023/003968,Rezydencki,86.27,4.38,28.02.2023 20:46:36,15,NIE,,
w-2023,9,28.04.2023,28.04.2023 12:30:19,45,64,Pomorskie,84,Medycyna rodzinna,2023/004799,Rezydencki,84.54,3.82,27.02.2023 23:38:07,15,NIE,,
w-2023,9,28.04.2023,28.04.2023 12:30:19,45,64,Pomorskie,85,Medycyna rodzinna,2023/005125,Rezydencki,82.61,0.00,28.02.2023 19:43:12,15,NIE,,
w-2023,9,28.04.2023,28.04.2023 12:30:19,45,64,Pomorskie,86,Medycyna rodzinna,2023/003523,Rezydencki,81.64,3.63,21.03.2023 10:40:38,15,NIE,,
w-2023,9,28.04.2023,28.04.2023 12:30:19,45,64,Pomorskie,87,Medycyna rodzinna,2023/005235,Rezydencki,80.19,3.62,21.03.2023 10:27:12,15,NIE,,
w-2023,9,28.04.2023,28.04.2023 12:30:19,45,64,Pomorskie,88,Medycyna rodzinna,2023/004701,Rezydencki,79.23,3.33,16.03.2023 23:21:16,15,NIE,,
w-2023,9,28.04.2023,28.04.2023 12:30:19,45,64,Pomorskie,89,Medycyna rodzinna,2023/003910,Rezydencki,78.74,4.06,28.02.2023 19:28:52,15,NIE,,
w-2023,9,28.04.2023,28.04.2023 12:30:19,45,64,Pomorskie,90,Medycyna rodzinna,2023/003672,Rezydencki,76.67,3.32,14.03.2023 17:47:05,15,NIE,,
w-2023,9,28.04.2023,28.04.2023 12:30:19,45,64,Pomorskie,91,Medycyna rodzinna,2023/003685,Rezydencki,73.30,3.96,24.02.2023 08:13:05,15,NIE,,
w-2023,9,28.04.2023,28.04.2023 12:30:19,45,64,Pomorskie,92,Medycyna rodzinna,2023/003520,Rezydencki,52.40,0.00,23.02.2023 14:05:08,15,NIE,,
w-2023,9,28.04.2023,28.04.2023 12:30:19,45,64,Pomorskie,93,Medycyna rodzinna,2023/002290,Pozarezydencki,78.18,3.77,21.02.2023 17:32:37,1,NIE,,
w-2023,9,28.04.2023,28.04.2023 12:30:19,45,64,Pomorskie,94,Medycyna sportowa,2023/001917,Pozarezydencki,87.64,4.39,14.03.2023 17:09:21,1,NIE,,
w-2023,9,28.04.2023,28.04.2023 12:30:19,45,64,Pomorskie,95,Nefrologia,2023/003908,Rezydencki,84.54,4.13,15.03.2023 01:32:34,1,NIE,,
w-2023,9,28.04.2023,28.04.2023 12:30:19,45,64,Pomorskie,96,Nefrologia,2023/003784,Pozarezydencki,75.45,3.82,25.02.2023 11:21:58,1,NIE,,
w-2023,9,28.04.2023,28.04.2023 12:30:19,45,64,Pomorskie,97,Neonatologia,2023/001901,Pozarezydencki,75.45,0.00,15.03.2023 21:10:46,1,NIE,,
w-2023,9,28.04.2023,28.04.2023 12:30:19,46,64,Pomorskie,98,Neurologia,2023/004233,Rezydencki,86.27,3.47,26.02.2023 20:48:36,4,NIE,,
w-2023,9,28.04.2023,28.04.2023 12:30:19,46,64,Pomorskie,99,Neurologia,2023/004230,Rezydencki,84.29,3.68,21.03.2023 09:22:29,4,NIE,,
w-2023,9,28.04.2023,28.04.2023 12:30:19,46,64,Pomorskie,100,Neurologia,2023/002959,Rezydencki,83.41,3.13,27.02.2023 17:07:53,4,NIE,,
w-2023,9,28.04.2023,28.04.2023 12:30:19,46,64,Pomorskie,101,Neurologia,2023/003310,Rezydencki,70.67,0.00,30.03.2023 19:27:41,4,NIE,,
w-2023,9,28.04.2023,28.04.2023 12:30:19,46,64,Pomorskie,102,Neurologia dziecięca,2023/003169,Rezydencki,87.92,4.22,27.02.2023 13:47:34,1,NIE,,
w-2023,9,28.04.2023,28.04.2023 12:30:19,46,64,Pomorskie,103,Neurologia dziecięca,2023/003871,Pozarezydencki,64.49,3.85,25.02.2023 10:08:50,1,NIE,,
w-2023,9,28.04.2023,28.04.2023 12:30:19,46,64,Pomorskie,104,Okulistyka,2023/003170,Rezydencki,89.71,4.51,22.03.2023 20:24:08,1,NIE,,
w-2023,9,28.04.2023,28.04.2023 12:30:19,46,64,Pomorskie,105,Okulistyka,2023/004979,Pozarezydencki,84.11,4.33,28.02.2023 23:02:48,3,NIE,,
w-2023,9,28.04.2023,28.04.2023 12:30:19,46,64,Pomorskie,106,Okulistyka,2023/004320,Pozarezydencki,82.71,3.73,26.02.2023 23:24:49,3,NIE,,
w-2023,9,28.04.2023,28.04.2023 12:30:19,46,64,Pomorskie,107,Okulistyka,2023/001400,Pozarezydencki,80.18,3.99,26.02.2023 21:54:16,3,NIE,,
w-2023,9,28.04.2023,28.04.2023 12:30:19,46,64,Pomorskie,108,Onkologia i hematologia dziecięca,2023/005118,Pozarezydencki,80.00,3.86,26.03.2023 11:29:21,3,NIE,,
w-2023,9,28.04.2023,28.04.2023 12:30:19,46,64,Pomorskie,109,Onkologia i hematologia dziecięca,2023/000950,Pozarezydencki,78.55,3.89,08.03.2023 10:38:24,3,NIE,,
w-2023,9,28.04.2023,28.04.2023 12:30:19,46,64,Pomorskie,110,Onkologia i hematologia dziecięca,2023/003425,Pozarezydencki,75.47,3.96,21.03.2023 13:27:59,3,NIE,,
w-2023,9,28.04.2023,28.04.2023 12:30:19,46,64,Pomorskie,111,Ortodoncja,2023/000941,Rezydencki,89.00,4.71,09.02.2023 21:46:43,2,NIE,,
w-2023,9,28.04.2023,28.04.2023 12:30:19,46,64,Pomorskie,112,Ortodoncja,2023/002891,Rezydencki,88.46,4.61,13.03.2023 19:32:38,2,NIE,,
w-2023,9,28.04.2023,28.04.2023 12:30:19,46,64,Pomorskie,113,Ortopedia i traumatologia narządu ruchu,2023/004228,Rezydencki,85.29,4.00,28.02.2023 00:02:29,4,NIE,,
w-2023,9,28.04.2023,28.04.2023 12:30:19,46,64,Pomorskie,114,Ortopedia i traumatologia narządu ruchu,2023/000748,Rezydencki,85.02,3.61,07.03.2023 16:27:26,4,NIE,,
w-2023,9,28.04.2023,28.04.2023 12:30:19,46,64,Pomorskie,115,Ortopedia i traumatologia narządu ruchu,2023/004281,Rezydencki,84.06,3.32,29.03.2023 12:56:14,4,NIE,,
w-2023,9,28.04.2023,28.04.2023 12:30:19,46,64,Pomorskie,116,Ortopedia i traumatologia narządu ruchu,2023/002929,Rezydencki,82.61,3.47,16.03.2023 19:52:20,4,NIE,,
w-2023,9,28.04.2023,28.04.2023 12:30:19,46,64,Pomorskie,117,Ortopedia i traumatologia narządu ruchu,2023/001087,Pozarezydencki,70.51,4.49,23.03.2023 08:46:52,1,NIE,,
w-2023,9,28.04.2023,28.04.2023 12:30:19,46,64,Pomorskie,118,Otorynolaryngologia,2023/001504,Pozarezydencki,82.95,4.52,27.02.2023 09:26:50,1,NIE,,
w-2023,9,28.04.2023,28.04.2023 12:30:19,46,64,Pomorskie,119,Patomorfologia,2023/001070,Rezydencki,84.39,4.09,07.02.2023 20:19:55,1,NIE,,
w-2023,9,28.04.2023,28.04.2023 12:30:19,46,64,Pomorskie,120,Pediatria,2023/003630,Rezydencki,88.41,4.42,27.02.2023 21:57:57,9,NIE,,
w-2023,9,28.04.2023,28.04.2023 12:30:19,46,64,Pomorskie,121,Pediatria,2023/001356,Rezydencki,87.75,4.08,24.02.2023 13:57:44,9,NIE,,
w-2023,9,28.04.2023,28.04.2023 12:30:19,46,64,Pomorskie,122,Pediatria,2023/004514,Rezydencki,86.76,4.26,28.02.2023 23:12:13,9,NIE,,
w-2023,9,28.04.2023,28.04.2023 12:30:19,46,64,Pomorskie,123,Pediatria,2023/001273,Rezydencki,86.03,3.72,28.02.2023 23:09:24,9,NIE,,
w-2023,9,28.04.2023,28.04.2023 12:30:19,46,64,Pomorskie,124,Pediatria,2023/003444,Rezydencki,84.31,3.85,21.03.2023 17:39:08,9,NIE,,
w-2023,9,28.04.2023,28.04.2023 12:30:19,46,64,Pomorskie,125,Pediatria,2023/003606,Rezydencki,83.33,4.04,27.02.2023 23:24:08,9,NIE,,
w-2023,9,28.04.2023,28.04.2023 12:30:19,46,64,Pomorskie,126,Pediatria,2023/002059,Rezydencki,75.60,3.43,28.02.2023 20:59:25,9,NIE,,
w-2023,9,28.04.2023,28.04.2023 12:30:19,46,64,Pomorskie,127,Pediatria,2023/003637,Rezydencki,74.15,3.77,23.02.2023 21:40:16,9,NIE,,
w-2023,9,28.04.2023,28.04.2023 12:30:19,46,64,Pomorskie,128,Pediatria,2023/003462,Rezydencki,72.95,3.42,25.02.2023 12:48:44,9,NIE,,
w-2023,9,28.04.2023,28.04.2023 12:30:19,46,64,Pomorskie,129,Pediatria,2023/002702,Pozarezydencki,75.68,2.49,29.03.2023 13:59:35,1,NIE,,
w-2023,9,28.04.2023,28.04.2023 12:30:19,46,64,Pomorskie,130,Periodontologia,2023/002554,Rezydencki,81.82,4.00,16.02.2023 13:36:21,1,NIE,,
w-2023,9,28.04.2023,28.04.2023 12:30:19,46,64,Pomorskie,131,Periodontologia,2023/002066,Pozarezydencki,75.11,3.66,16.03.2023 21:36:01,1,NIE,,
w-2023,9,28.04.2023,28.04.2023 12:30:19,46,64,Pomorskie,132,Położnictwo i ginekologia,2023/001281,Rezydencki,87.92,4.61,24.02.2023 12:59:00,4,NIE,,
w-2023,9,28.04.2023,28.04.2023 12:30:19,46,64,Pomorskie,133,Położnictwo i ginekologia,2023/003618,Rezydencki,87.32,3.51,20.03.2023 09:59:43,4,NIE,,
w-2023,9,28.04.2023,28.04.2023 12:30:19,46,64,Pomorskie,134,Położnictwo i ginekologia,2023/001624,Rezydencki,86.83,3.77,13.02.2023 21:44:05,4,NIE,,
w-2023,9,28.04.2023,28.04.2023 12:30:19,46,64,Pomorskie,135,Położnictwo i ginekologia,2023/005192,Rezydencki,86.27,4.62,17.03.2023 12:14:07,4,NIE,,
w-2023,9,28.04.2023,28.04.2023 12:30:19,47,64,Pomorskie,136,Położnictwo i ginekologia,2023/000974,Pozarezydencki,71.89,4.13,13.03.2023 19:26:26,1,NIE,,
w-2023,9,28.04.2023,28.04.2023 12:30:19,47,64,Pomorskie,137,Psychiatria,2023/001707,Rezydencki,87.75,3.62,24.02.2023 19:14:31,17,NIE,,
w-2023,9,28.04.2023,28.04.2023 12:30:19,47,64,Pomorskie,138,Psychiatria,2023/002605,Rezydencki,85.99,4.47,28.02.2023 22:56:56,17,NIE,,
w-2023,9,28.04.2023,28.04.2023 12:30:19,47,64,Pomorskie,139,Psychiatria,2023/004262,Rezydencki,85.99,3.48,26.02.2023 21:35:50,17,NIE,,
w-2023,9,28.04.2023,28.04.2023 12:30:19,47,64,Pomorskie,140,Psychiatria,2023/000957,Rezydencki,85.78,3.45,23.02.2023 17:11:41,17,NIE,,
w-2023,9,28.04.2023,28.04.2023 12:30:19,47,64,Pomorskie,141,Psychiatria,2023/003356,Rezydencki,85.75,4.32,22.02.2023 20:43:29,17,NIE,,
w-2023,9,28.04.2023,28.04.2023 12:30:19,47,64,Pomorskie,142,Psychiatria,2023/004011,Rezydencki,85.51,4.36,26.02.2023 10:09:00,17,NIE,,
w-2023,9,28.04.2023,28.04.2023 12:30:19,47,64,Pomorskie,143,Psychiatria,2023/003297,Rezydencki,85.51,4.09,22.02.2023 18:20:48,17,NIE,,
w-2023,9,28.04.2023,28.04.2023 12:30:19,47,64,Pomorskie,144,Psychiatria,2023/002305,Rezydencki,85.51,3.90,27.02.2023 20:10:26,17,NIE,,
w-2023,9,28.04.2023,28.04.2023 12:30:19,47,64,Pomorskie,145,Psychiatria,2023/001601,Rezydencki,84.88,3.90,06.02.2023 18:10:20,17,NIE,,
w-2023,9,28.04.2023,28.04.2023 12:30:19,47,64,Pomorskie,146,Psychiatria,2023/001388,Rezydencki,84.54,3.79,07.03.2023 22:50:46,17,NIE,,
w-2023,9,28.04.2023,28.04.2023 12:30:19,47,64,Pomorskie,147,Psychiatria,2023/004728,Rezydencki,83.09,3.65,18.03.2023 14:03:23,17,NIE,,
w-2023,9,28.04.2023,28.04.2023 12:30:19,47,64,Pomorskie,148,Psychiatria,2023/004840,Rezydencki,82.61,3.47,17.03.2023 12:46:55,17,NIE,,
w-2023,9,28.04.2023,28.04.2023 12:30:19,47,64,Pomorskie,149,Psychiatria,2023/004166,Rezydencki,82.44,3.60,26.02.2023 20:02:12,17,NIE,,
w-2023,9,28.04.2023,28.04.2023 12:30:19,47,64,Pomorskie,150,Psychiatria,2023/003402,Rezydencki,81.86,3.38,27.02.2023 19:06:04,17,NIE,,
w-2023,9,28.04.2023,28.04.2023 12:30:19,47,64,Pomorskie,151,Psychiatria,2023/000915,Rezydencki,81.16,3.33,12.03.2023 21:18:34,17,NIE,,
w-2023,9,28.04.2023,28.04.2023 12:30:19,47,64,Pomorskie,152,Psychiatria,2023/004353,Rezydencki,81.16,3.14,27.02.2023 14:55:57,17,NIE,,
w-2023,9,28.04.2023,28.04.2023 12:30:19,47,64,Pomorskie,153,Psychiatria,2023/002542,Rezydencki,80.19,0.00,21.03.2023 08:05:53,17,NIE,,
w-2023,9,28.04.2023,28.04.2023 12:30:19,47,64,Pomorskie,154,Psychiatria,2023/004543,Pozarezydencki,71.50,3.28,27.02.2023 20:37:12,2,NIE,,
w-2023,9,28.04.2023,28.04.2023 12:30:19,47,64,Pomorskie,155,Psychiatria,2023/004558,Pozarezydencki,67.43,3.65,20.03.2023 09:38:38,2,NIE,,
w-2023,9,28.04.2023,28.04.2023 12:30:19,47,64,Pomorskie,156,Psychiatria dzieci i młodzieży,2023/002988,Rezydencki,88.89,3.97,28.02.2023 20:56:07,2,NIE,,
w-2023,9,28.04.2023,28.04.2023 12:30:19,47,64,Pomorskie,157,Psychiatria dzieci i młodzieży,2023/002588,Rezydencki,87.92,4.08,28.02.2023 19:49:01,2,NIE,,
w-2023,9,28.04.2023,28.04.2023 12:30:19,47,64,Pomorskie,158,Radiologia i diagnostyka obrazowa,2023/003586,Rezydencki,92.16,4.42,11.03.2023 21:27:54,2,NIE,,
w-2023,9,28.04.2023,28.04.2023 12:30:19,47,64,Pomorskie,159,Radiologia i diagnostyka obrazowa,2023/004787,Rezydencki,89.37,4.78,20.03.2023 23:28:47,2,NIE,,
w-2023,9,28.04.2023,28.04.2023 12:30:19,47,64,Pomorskie,160,Rehabilitacja medyczna,2023/003734,Rezydencki,65.70,3.31,24.03.2023 14:54:30,1,NIE,,
w-2023,9,28.04.2023,28.04.2023 12:30:19,47,64,Pomorskie,161,Rehabilitacja medyczna,2023/002585,Pozarezydencki,86.45,4.36,28.02.2023 20:28:33,2,NIE,,
w-2023,9,28.04.2023,28.04.2023 12:30:19,47,64,Pomorskie,162,Rehabilitacja medyczna,2023/005059,Pozarezydencki,58.18,0.00,30.03.2023 11:21:50,2,NIE,,
w-2023,9,28.04.2023,28.04.2023 12:30:19,47,64,Pomorskie,163,Reumatologia,2023/003914,Rezydencki,88.81,4.32,27.02.2023 20:22:09,1,NIE,,
w-2023,9,28.04.2023,28.04.2023 12:30:19,47,64,Pomorskie,164,Reumatologia,2023/000743,Pozarezydencki,75.45,3.97,24.03.2023 11:21:28,1,NIE,,
w-2023,9,28.04.2023,28.04.2023 12:30:19,47,64,Pomorskie,165,Stomatologia dziecięca,2023/002736,Rezydencki,73.81,2.48,18.02.2023 19:02:56,1,NIE,,
w-2023,9,28.04.2023,28.04.2023 12:30:19,47,64,Pomorskie,166,Stomatologia zachowawcza z endodoncją,2023/002632,Rezydencki,58.37,0.00,27.03.2023 15:21:35,1,NIE,,
w-2023,9,28.04.2023,28.04.2023 12:30:19,47,64,Pomorskie,167,Urologia,2023/003166,Rezydencki,88.41,4.10,16.03.2023 21:24:09,3,NIE,,
w-2023,9,28.04.2023,28.04.2023 12:30:19,47,64,Pomorskie,168,Urologia,2023/003701,Rezydencki,85.78,3.53,28.02.2023 12:59:49,3,NIE,,
w-2023,9,28.04.2023,28.04.2023 12:30:19,47,64,Pomorskie,169,Urologia,2023/001337,Rezydencki,84.88,3.93,04.02.2023 13:05:08,3,NIE,,
w-2023,9,28.04.2023,28.04.2023 12:30:19,47,64,Pomorskie,170,Urologia dziecięca,2023/002410,Pozarezydencki,71.14,0.00,15.02.2023 00:24:03,1,NIE,,
w-2023,9,28.04.2023,28.04.2023 12:30:19,47,64,Pomorskie,171,Zdrowie publiczne,2023/002494,Rezydencki,64.11,3.52,15.03.2023 12:52:36,1,NIE,,
w-2023,9,28.04.2023,28.04.2023 12:30:19,48,64,Pomorskie,1,Dermatologia i wenerologia,2023/000805,Rezydencki,86.47,3.88,08.03.2023 15:29:29,1,TAK,Uniwersyteckie Centrum Kliniczne,"Klinika Dermatologii, Wenerologii i Alergologii"
w-2023,9,28.04.2023,28.04.2023 12:30:19,48,64,Śląskie,1,Alergologia,2023/004171,Rezydencki,88.24,3.64,09.03.2023 20:09:01,1,NIE,,
w-2023,9,28.04.2023,28.04.2023 12:30:19,48,64,Śląskie,2,Alergologia,2023/003179,Pozarezydencki,91.36,3.43,21.03.2023 12:01:38,3,NIE,,
w-2023,9,28.04.2023,28.04.2023 12:30:19,48,64,Śląskie,3,Alergologia,2023/002179,Pozarezydencki,78.60,3.90,26.02.2023 10:41:52,3,NIE,,
w-2023,9,28.04.2023,28.04.2023 12:30:19,48,64,Śląskie,4,Alergologia,2023/001316,Pozarezydencki,78.30,4.29,04.02.2023 09:45:01,3,NIE,,
w-2023,9,28.04.2023,28.04.2023 12:30:19,48,64,Śląskie,5,Anestezjologia i intensywna terapia,2023/001449,Rezydencki,89.86,4.18,17.03.2023 10:06:36,3,NIE,,
w-2023,9,28.04.2023,28.04.2023 12:30:19,48,64,Śląskie,6,Anestezjologia i intensywna terapia,2023/001052,Rezydencki,77.29,3.93,28.02.2023 14:34:18,3,NIE,,
w-2023,9,28.04.2023,28.04.2023 12:30:19,48,64,Śląskie,7,Anestezjologia i intensywna terapia,2023/001968,Rezydencki,76.59,0.00,17.03.2023 13:13:41,3,NIE,,
w-2023,9,28.04.2023,28.04.2023 12:30:19,48,64,Śląskie,8,Anestezjologia i intensywna terapia,2023/000877,Pozarezydencki,63.93,3.11,30.03.2023 13:06:05,1,NIE,,
w-2023,9,28.04.2023,28.04.2023 12:30:19,48,64,Śląskie,9,Balneologia i medycyna fizykalna,2023/003587,Pozarezydencki,62.39,4.32,22.03.2023 22:54:35,1,NIE,,
w-2023,9,28.04.2023,28.04.2023 12:30:19,48,64,Śląskie,10,Chirurgia klatki piersiowej,2023/004018,Pozarezydencki,77.27,0.00,21.03.2023 21:18:56,2,NIE,,
w-2023,9,28.04.2023,28.04.2023 12:30:19,48,64,Śląskie,11,Chirurgia klatki piersiowej,2023/003683,Pozarezydencki,72.64,4.33,16.03.2023 17:31:05,2,NIE,,
w-2023,9,28.04.2023,28.04.2023 12:30:19,48,64,Śląskie,12,Chirurgia naczyniowa,2023/001000,Rezydencki,78.26,3.93,07.02.2023 14:38:34,1,NIE,,
w-2023,9,28.04.2023,28.04.2023 12:30:19,48,64,Śląskie,13,Chirurgia naczyniowa,2023/001758,Pozarezydencki,67.92,0.00,17.03.2023 09:34:41,1,NIE,,
w-2023,9,28.04.2023,28.04.2023 12:30:19,48,64,Śląskie,14,Chirurgia ogólna,2023/001920,Rezydencki,84.06,3.46,13.03.2023 10:45:11,4,NIE,,
w-2023,9,28.04.2023,28.04.2023 12:30:19,48,64,Śląskie,15,Chirurgia ogólna,2023/002611,Rezydencki,80.98,4.10,27.02.2023 22:32:04,4,NIE,,
w-2023,9,28.04.2023,28.04.2023 12:30:19,48,64,Śląskie,16,Chirurgia ogólna,2023/004748,Rezydencki,73.04,0.00,13.03.2023 21:24:27,4,NIE,,
w-2023,9,28.04.2023,28.04.2023 12:30:19,48,64,Śląskie,17,Chirurgia ogólna,2023/003822,Rezydencki,44.93,3.70,22.03.2023 10:51:49,4,NIE,,
w-2023,9,28.04.2023,28.04.2023 12:30:19,48,64,Śląskie,18,Chirurgia ogólna,2023/003521,Pozarezydencki,0.00,0.00,13.03.2023 23:03:47,1,NIE,,
w-2023,9,28.04.2023,28.04.2023 12:30:19,48,64,Śląskie,19,Chirurgia onkologiczna,2023/001208,Pozarezydencki,82.50,3.43,15.03.2023 07:58:52,2,NIE,,
w-2023,9,28.04.2023,28.04.2023 12:30:19,48,64,Śląskie,20,Chirurgia onkologiczna,2023/004956,Pozarezydencki,80.00,4.00,17.03.2023 19:42:57,2,NIE,,
w-2023,9,28.04.2023,28.04.2023 12:30:19,48,64,Śląskie,21,Chirurgia stomatologiczna,2023/002701,Rezydencki,87.92,4.56,14.03.2023 08:46:37,1,NIE,,
w-2023,9,28.04.2023,28.04.2023 12:30:19,48,64,Śląskie,22,Chirurgia stomatologiczna,2023/005216,Pozarezydencki,86.59,0.00,28.02.2023 21:26:14,1,NIE,,
w-2023,9,28.04.2023,28.04.2023 12:30:19,48,64,Śląskie,23,Choroby płuc,2023/003872,Rezydencki,90.58,4.40,27.02.2023 23:45:19,2,NIE,,
w-2023,9,28.04.2023,28.04.2023 12:30:19,48,64,Śląskie,24,Choroby płuc,2023/005304,Rezydencki,79.71,3.32,28.02.2023 23:45:25,2,NIE,,
w-2023,9,28.04.2023,28.04.2023 12:30:19,48,64,Śląskie,25,Choroby płuc,2023/002755,Pozarezydencki,66.36,0.00,10.03.2023 10:00:00,1,NIE,,
w-2023,9,28.04.2023,28.04.2023 12:30:19,48,64,Śląskie,26,Choroby wewnętrzne,2023/004052,Rezydencki,87.92,4.52,26.02.2023 17:06:50,6,NIE,,
w-2023,9,28.04.2023,28.04.2023 12:30:19,48,64,Śląskie,27,Choroby wewnętrzne,2023/002312,Rezydencki,87.38,0.00,13.02.2023 23:05:48,6,NIE,,
w-2023,9,28.04.2023,28.04.2023 12:30:19,48,64,Śląskie,28,Choroby wewnętrzne,2023/004559,Rezydencki,83.82,4.31,13.03.2023 16:35:24,6,NIE,,
w-2023,9,28.04.2023,28.04.2023 12:30:19,48,64,Śląskie,29,Choroby wewnętrzne,2023/001850,Rezydencki,80.68,3.95,16.03.2023 15:26:37,6,NIE,,
w-2023,9,28.04.2023,28.04.2023 12:30:19,48,64,Śląskie,30,Choroby wewnętrzne,2023/002997,Rezydencki,80.49,4.34,22.03.2023 10:22:33,6,NIE,,
w-2023,9,28.04.2023,28.04.2023 12:30:19,48,64,Śląskie,31,Choroby wewnętrzne,2023/000841,Rezydencki,78.10,3.41,10.03.2023 08:40:17,6,NIE,,
w-2023,9,28.04.2023,28.04.2023 12:30:19,48,64,Śląskie,32,Dermatologia i wenerologia,2023/005083,Rezydencki,91.30,4.26,13.03.2023 15:35:07,5,NIE,,
w-2023,9,28.04.2023,28.04.2023 12:30:19,49,64,Śląskie,33,Dermatologia i wenerologia,2023/003536,Rezydencki,90.93,4.05,16.03.2023 16:22:09,5,NIE,,
w-2023,9,28.04.2023,28.04.2023 12:30:19,49,64,Śląskie,34,Dermatologia i wenerologia,2023/001755,Rezydencki,90.69,3.82,26.02.2023 22:40:14,5,NIE,,
w-2023,9,28.04.2023,28.04.2023 12:30:19,49,64,Śląskie,35,Dermatologia i wenerologia,2023/005300,Rezydencki,90.34,4.55,23.03.2023 14:11:01,5,NIE,,
w-2023,9,28.04.2023,28.04.2023 12:30:19,49,64,Śląskie,36,Dermatologia i wenerologia,2023/001508,Rezydencki,90.34,3.96,07.02.2023 18:59:16,5,NIE,,
w-2023,9,28.04.2023,28.04.2023 12:30:19,49,64,Śląskie,37,Diabetologia,2023/005087,Rezydencki,86.76,4.54,12.03.2023 22:45:09,1,NIE,,
w-2023,9,28.04.2023,28.04.2023 12:30:19,49,64,Śląskie,38,Diabetologia,2023/000940,Pozarezydencki,86.00,0.00,15.03.2023 21:55:46,9,NIE,,
w-2023,9,28.04.2023,28.04.2023 12:30:19,49,64,Śląskie,39,Diabetologia,2023/001074,Pozarezydencki,84.55,4.36,17.03.2023 08:47:44,9,NIE,,
w-2023,9,28.04.2023,28.04.2023 12:30:19,49,64,Śląskie,40,Diabetologia,2023/003954,Pozarezydencki,80.68,3.23,14.03.2023 20:44:43,9,NIE,,
w-2023,9,28.04.2023,28.04.2023 12:30:19,49,64,Śląskie,41,Diabetologia,2023/004120,Pozarezydencki,80.00,4.00,26.02.2023 17:06:51,9,NIE,,
w-2023,9,28.04.2023,28.04.2023 12:30:19,49,64,Śląskie,42,Diabetologia,2023/002826,Pozarezydencki,76.96,3.63,29.03.2023 14:24:52,9,NIE,,
w-2023,9,28.04.2023,28.04.2023 12:30:19,49,64,Śląskie,43,Diabetologia,2023/002209,Pozarezydencki,75.45,3.89,14.03.2023 13:52:01,9,NIE,,
w-2023,9,28.04.2023,28.04.2023 12:30:19,49,64,Śląskie,44,Diabetologia,2023/004683,Pozarezydencki,68.35,0.00,27.03.2023 21:05:45,9,NIE,,
w-2023,9,28.04.2023,28.04.2023 12:30:19,49,64,Śląskie,45,Diabetologia,2023/002703,Pozarezydencki,60.19,0.00,15.03.2023 22:44:51,9,NIE,,
w-2023,9,28.04.2023,28.04.2023 12:30:19,49,64,Śląskie,46,Diabetologia,2023/004509,Pozarezydencki,59.63,3.12,16.03.2023 10:57:25,9,NIE,,
w-2023,9,28.04.2023,28.04.2023 12:30:19,49,64,Śląskie,47,Endokrynologia,2023/001136,Rezydencki,92.03,4.25,13.03.2023 14:21:46,5,NIE,,
w-2023,9,28.04.2023,28.04.2023 12:30:19,49,64,Śląskie,48,Endokrynologia,2023/001640,Rezydencki,91.55,4.64,07.02.2023 19:40:44,5,NIE,,
w-2023,9,28.04.2023,28.04.2023 12:30:19,49,64,Śląskie,49,Endokrynologia,2023/003003,Rezydencki,91.30,4.54,23.02.2023 20:47:53,5,NIE,,
w-2023,9,28.04.2023,28.04.2023 12:30:19,49,64,Śląskie,50,Endokrynologia,2023/000985,Rezydencki,90.98,4.73,14.03.2023 09:34:03,5,NIE,,
w-2023,9,28.04.2023,28.04.2023 12:30:19,49,64,Śląskie,51,Endokrynologia,2023/005214,Rezydencki,90.34,4.20,07.03.2023 21:55:29,5,NIE,,
w-2023,9,28.04.2023,28.04.2023 12:30:19,49,64,Śląskie,52,Endokrynologia,2023/004209,Pozarezydencki,85.48,4.29,28.02.2023 19:00:37,2,NIE,,
w-2023,9,28.04.2023,28.04.2023 12:30:19,49,64,Śląskie,53,Endokrynologia,2023/004144,Pozarezydencki,84.55,4.74,09.03.2023 18:35:44,2,NIE,,
w-2023,9,28.04.2023,28.04.2023 12:30:19,49,64,Śląskie,54,Endokrynologia i diabetologia dziecięca,2023/003257,Rezydencki,90.34,4.03,27.02.2023 22:15:14,1,NIE,,
w-2023,9,28.04.2023,28.04.2023 12:30:19,49,64,Śląskie,55,Endokrynologia i diabetologia dziecięca,2023/005164,Pozarezydencki,70.91,3.14,22.03.2023 13:28:29,1,NIE,,
w-2023,9,28.04.2023,28.04.2023 12:30:19,49,64,Śląskie,56,Farmakologia kliniczna,2023/003337,Pozarezydencki,81.59,4.33,15.03.2023 09:44:06,1,NIE,,
w-2023,9,28.04.2023,28.04.2023 12:30:19,49,64,Śląskie,57,Gastroenterologia,2023/005129,Rezydencki,89.22,4.06,15.03.2023 16:18:48,1,NIE,,
w-2023,9,28.04.2023,28.04.2023 12:30:19,49,64,Śląskie,58,Gastroenterologia,2023/001810,Pozarezydencki,79.55,4.04,14.03.2023 13:30:06,1,NIE,,
w-2023,9,28.04.2023,28.04.2023 12:30:19,49,64,Śląskie,59,Gastroenterologia dziecięca,2023/004985,Rezydencki,79.90,4.26,28.02.2023 14:13:56,1,NIE,,
w-2023,9,28.04.2023,28.04.2023 12:30:19,49,64,Śląskie,60,Gastroenterologia dziecięca,2023/001957,Pozarezydencki,71.82,3.79,13.03.2023 11:29:22,2,NIE,,
w-2023,9,28.04.2023,28.04.2023 12:30:19,49,64,Śląskie,61,Gastroenterologia dziecięca,2023/004163,Pozarezydencki,61.01,3.11,19.03.2023 21:52:16,2,NIE,,
w-2023,9,28.04.2023,28.04.2023 12:30:19,49,64,Śląskie,62,Genetyka kliniczna,2023/002843,Rezydencki,73.80,3.21,12.03.2023 21:20:16,1,NIE,,
w-2023,9,28.04.2023,28.04.2023 12:30:19,49,64,Śląskie,63,Genetyka kliniczna,2023/003697,Pozarezydencki,80.00,3.77,15.03.2023 22:22:30,1,NIE,,
w-2023,9,28.04.2023,28.04.2023 12:30:19,49,64,Śląskie,64,Geriatria,2023/001241,Rezydencki,84.78,4.37,19.03.2023 20:43:02,1,NIE,,
w-2023,9,28.04.2023,28.04.2023 12:30:19,49,64,Śląskie,65,Geriatria,2023/003329,Pozarezydencki,80.00,3.63,20.03.2023 21:55:58,3,NIE,,
w-2023,9,28.04.2023,28.04.2023 12:30:19,49,64,Śląskie,66,Geriatria,2023/004626,Pozarezydencki,70.91,0.00,15.03.2023 12:27:10,3,NIE,,
w-2023,9,28.04.2023,28.04.2023 12:30:19,49,64,Śląskie,67,Geriatria,2023/002678,Pozarezydencki,66.36,3.25,14.03.2023 21:52:06,3,NIE,,
w-2023,9,28.04.2023,28.04.2023 12:30:19,49,64,Śląskie,68,Ginekologia onkologiczna,2023/002691,Pozarezydencki,76.36,4.29,21.03.2023 14:32:28,1,NIE,,
w-2023,9,28.04.2023,28.04.2023 12:30:19,49,64,Śląskie,69,Immunologia kliniczna,2023/004969,Pozarezydencki,63.13,3.67,28.02.2023 13:40:51,1,NIE,,
w-2023,9,28.04.2023,28.04.2023 12:30:19,49,64,Śląskie,70,Intensywna terapia,2023/004503,Pozarezydencki,84.55,4.76,23.03.2023 13:54:17,6,NIE,,
w-2023,9,28.04.2023,28.04.2023 12:30:19,50,64,Śląskie,71,Intensywna terapia,2023/000971,Pozarezydencki,84.55,4.15,15.03.2023 16:49:26,6,NIE,,
w-2023,9,28.04.2023,28.04.2023 12:30:19,50,64,Śląskie,72,Intensywna terapia,2023/001947,Pozarezydencki,82.03,3.38,16.03.2023 22:10:37,6,NIE,,
w-2023,9,28.04.2023,28.04.2023 12:30:19,50,64,Śląskie,73,Intensywna terapia,2023/001606,Pozarezydencki,76.42,3.68,16.03.2023 21:47:24,6,NIE,,
w-2023,9,28.04.2023,28.04.2023 12:30:19,50,64,Śląskie,74,Intensywna terapia,2023/002819,Pozarezydencki,76.36,3.75,16.03.2023 10:42:34,6,NIE,,
w-2023,9,28.04.2023,28.04.2023 12:30:19,50,64,Śląskie,75,Intensywna terapia,2023/004603,Pozarezydencki,74.55,3.42,15.03.2023 13:35:22,6,NIE,,
w-2023,9,28.04.2023,28.04.2023 12:30:19,50,64,Śląskie,76,Kardiologia,2023/004350,Rezydencki,89.22,3.87,27.02.2023 00:38:29,3,NIE,,
w-2023,9,28.04.2023,28.04.2023 12:30:19,50,64,Śląskie,77,Kardiologia,2023/004800,Rezydencki,88.41,4.10,20.03.2023 12:19:13,3,NIE,,
w-2023,9,28.04.2023,28.04.2023 12:30:19,50,64,Śląskie,78,Kardiologia,2023/000947,Rezydencki,87.75,4.16,25.02.2023 23:28:24,3,NIE,,
w-2023,9,28.04.2023,28.04.2023 12:30:19,50,64,Śląskie,79,Kardiologia,2023/003699,Pozarezydencki,82.95,3.78,14.03.2023 18:35:14,3,NIE,,
w-2023,9,28.04.2023,28.04.2023 12:30:19,50,64,Śląskie,80,Kardiologia,2023/002068,Pozarezydencki,74.06,4.03,16.03.2023 13:01:55,3,NIE,,
w-2023,9,28.04.2023,28.04.2023 12:30:19,50,64,Śląskie,81,Kardiologia,2023/002634,Pozarezydencki,70.74,3.52,16.03.2023 20:55:24,3,NIE,,
w-2023,9,28.04.2023,28.04.2023 12:30:19,50,64,Śląskie,82,Kardiologia dziecięca,2023/003566,Pozarezydencki,75.23,3.41,16.03.2023 16:34:22,1,NIE,,
w-2023,9,28.04.2023,28.04.2023 12:30:19,50,64,Śląskie,83,Medycyna nuklearna,2023/000885,Rezydencki,84.88,4.32,01.02.2023 14:54:45,1,NIE,,
w-2023,9,28.04.2023,28.04.2023 12:30:19,50,64,Śląskie,84,Medycyna nuklearna,2023/003215,Pozarezydencki,74.53,4.57,14.03.2023 10:44:17,3,NIE,,
w-2023,9,28.04.2023,28.04.2023 12:30:19,50,64,Śląskie,85,Medycyna nuklearna,2023/004440,Pozarezydencki,73.39,3.80,24.03.2023 12:20:25,3,NIE,,
w-2023,9,28.04.2023,28.04.2023 12:30:19,50,64,Śląskie,86,Medycyna nuklearna,2023/004411,Pozarezydencki,57.57,3.58,25.03.2023 20:36:01,3,NIE,,
w-2023,9,28.04.2023,28.04.2023 12:30:19,50,64,Śląskie,87,Medycyna paliatywna,2023/005312,Pozarezydencki,63.64,2.57,29.03.2023 11:51:44,1,NIE,,
w-2023,9,28.04.2023,28.04.2023 12:30:19,50,64,Śląskie,88,Medycyna ratunkowa,2023/003017,Pozarezydencki,80.00,4.34,27.03.2023 08:52:54,3,NIE,,
w-2023,9,28.04.2023,28.04.2023 12:30:19,50,64,Śląskie,89,Medycyna ratunkowa,2023/002441,Pozarezydencki,69.27,3.51,12.03.2023 22:08:39,3,NIE,,
w-2023,9,28.04.2023,28.04.2023 12:30:19,50,64,Śląskie,90,Medycyna ratunkowa,2023/002463,Pozarezydencki,0.00,2.59,29.03.2023 09:13:24,3,NIE,,
w-2023,9,28.04.2023,28.04.2023 12:30:19,50,64,Śląskie,91,Medycyna rodzinna,2023/002081,Rezydencki,89.61,3.97,28.02.2023 22:31:34,22,NIE,,
w-2023,9,28.04.2023,28.04.2023 12:30:19,50,64,Śląskie,92,Medycyna rodzinna,2023/002998,Rezydencki,88.41,3.95,28.02.2023 20:57:23,22,NIE,,
w-2023,9,28.04.2023,28.04.2023 12:30:19,50,64,Śląskie,93,Medycyna rodzinna,2023/004165,Rezydencki,87.32,3.88,24.03.2023 07:55:08,22,NIE,,
w-2023,9,28.04.2023,28.04.2023 12:30:19,50,64,Śląskie,94,Medycyna rodzinna,2023/002851,Rezydencki,86.96,4.50,23.03.2023 08:18:32,22,NIE,,
w-2023,9,28.04.2023,28.04.2023 12:30:19,50,64,Śląskie,95,Medycyna rodzinna,2023/000835,Rezydencki,85.99,4.45,23.02.2023 12:54:38,22,NIE,,
w-2023,9,28.04.2023,28.04.2023 12:30:19,50,64,Śląskie,96,Medycyna rodzinna,2023/001927,Rezydencki,85.51,4.40,13.03.2023 15:37:44,22,NIE,,
w-2023,9,28.04.2023,28.04.2023 12:30:19,50,64,Śląskie,97,Medycyna rodzinna,2023/004896,Rezydencki,85.51,3.56,27.03.2023 11:20:23,22,NIE,,
w-2023,9,28.04.2023,28.04.2023 12:30:19,50,64,Śląskie,98,Medycyna rodzinna,2023/001499,Rezydencki,85.37,3.90,27.02.2023 09:50:29,22,NIE,,
w-2023,9,28.04.2023,28.04.2023 12:30:19,50,64,Śląskie,99,Medycyna rodzinna,2023/002986,Rezydencki,85.24,4.05,14.03.2023 10:11:58,22,NIE,,
w-2023,9,28.04.2023,28.04.2023 12:30:19,50,64,Śląskie,100,Medycyna rodzinna,2023/002933,Rezydencki,84.06,4.04,23.03.2023 15:17:04,22,NIE,,
w-2023,9,28.04.2023,28.04.2023 12:30:19,50,64,Śląskie,101,Medycyna rodzinna,2023/002847,Rezydencki,83.82,4.17,08.03.2023 15:43:38,22,NIE,,
w-2023,9,28.04.2023,28.04.2023 12:30:19,50,64,Śląskie,102,Medycyna rodzinna,2023/001799,Rezydencki,81.90,3.77,16.02.2023 19:21:48,22,NIE,,
w-2023,9,28.04.2023,28.04.2023 12:30:19,50,64,Śląskie,103,Medycyna rodzinna,2023/001931,Rezydencki,81.43,4.18,09.02.2023 18:06:34,22,NIE,,
w-2023,9,28.04.2023,28.04.2023 12:30:19,50,64,Śląskie,104,Medycyna rodzinna,2023/003873,Rezydencki,81.37,3.49,27.02.2023 08:57:23,22,NIE,,
w-2023,9,28.04.2023,28.04.2023 12:30:19,50,64,Śląskie,105,Medycyna rodzinna,2023/000838,Rezydencki,81.16,3.77,17.03.2023 10:57:34,22,NIE,,
w-2023,9,28.04.2023,28.04.2023 12:30:19,50,64,Śląskie,106,Medycyna rodzinna,2023/005148,Rezydencki,80.49,0.00,12.03.2023 22:09:15,22,NIE,,
w-2023,9,28.04.2023,28.04.2023 12:30:19,50,64,Śląskie,107,Medycyna rodzinna,2023/003829,Rezydencki,78.02,4.06,24.02.2023 21:16:11,22,NIE,,
w-2023,9,28.04.2023,28.04.2023 12:30:19,50,64,Śląskie,108,Medycyna rodzinna,2023/004364,Rezydencki,77.94,3.37,27.02.2023 08:41:34,22,NIE,,
w-2023,9,28.04.2023,28.04.2023 12:30:19,51,64,Śląskie,109,Medycyna rodzinna,2023/004169,Rezydencki,77.78,3.60,19.03.2023 09:06:50,22,NIE,,
w-2023,9,28.04.2023,28.04.2023 12:30:19,51,64,Śląskie,110,Medycyna rodzinna,2023/000851,Rezydencki,76.19,3.26,14.02.2023 22:06:00,22,NIE,,
w-2023,9,28.04.2023,28.04.2023 12:30:19,51,64,Śląskie,111,Medycyna rodzinna,2023/005149,Rezydencki,73.17,0.00,20.03.2023 10:53:59,22,NIE,,
w-2023,9,28.04.2023,28.04.2023 12:30:19,51,64,Śląskie,112,Medycyna rodzinna,2023/001913,Rezydencki,61.43,3.65,13.03.2023 10:14:53,22,NIE,,
w-2023,9,28.04.2023,28.04.2023 12:30:19,51,64,Śląskie,113,Medycyna rodzinna,2023/004864,Pozarezydencki,75.94,0.00,24.03.2023 18:58:09,5,NIE,,
w-2023,9,28.04.2023,28.04.2023 12:30:19,51,64,Śląskie,114,Medycyna rodzinna,2023/004287,Pozarezydencki,75.45,3.39,20.03.2023 07:49:14,5,NIE,,
w-2023,9,28.04.2023,28.04.2023 12:30:19,51,64,Śląskie,115,Medycyna rodzinna,2023/002041,Pozarezydencki,63.13,0.00,10.03.2023 13:50:35,5,NIE,,
w-2023,9,28.04.2023,28.04.2023 12:30:19,51,64,Śląskie,116,Medycyna rodzinna,2023/004212,Pozarezydencki,2.27,0.00,17.03.2023 17:57:05,5,NIE,,
w-2023,9,28.04.2023,28.04.2023 12:30:19,51,64,Śląskie,117,Medycyna rodzinna,2023/001984,Pozarezydencki,0.00,3.85,29.03.2023 15:03:05,5,NIE,,
w-2023,9,28.04.2023,28.04.2023 12:30:19,51,64,Śląskie,118,Nefrologia,2023/004313,Pozarezydencki,80.23,3.09,29.03.2023 18:17:50,2,NIE,,
w-2023,9,28.04.2023,28.04.2023 12:30:19,51,64,Śląskie,119,Nefrologia,2023/000824,Pozarezydencki,80.00,0.00,09.03.2023 15:26:44,2,NIE,,
w-2023,9,28.04.2023,28.04.2023 12:30:19,51,64,Śląskie,120,Neurologia,2023/003964,Rezydencki,86.47,4.34,27.02.2023 17:04:30,4,NIE,,
w-2023,9,28.04.2023,28.04.2023 12:30:19,51,64,Śląskie,121,Neurologia,2023/002159,Rezydencki,86.34,3.90,12.02.2023 19:00:52,4,NIE,,
w-2023,9,28.04.2023,28.04.2023 12:30:19,51,64,Śląskie,122,Neurologia,2023/004529,Rezydencki,62.32,0.00,28.02.2023 20:12:35,4,NIE,,
w-2023,9,28.04.2023,28.04.2023 12:30:19,51,64,Śląskie,123,Neurologia,2023/001641,Rezydencki,59.90,0.00,27.03.2023 08:43:28,4,NIE,,
w-2023,9,28.04.2023,28.04.2023 12:30:19,51,64,Śląskie,124,Neurologia,2023/002372,Pozarezydencki,61.93,3.49,17.03.2023 07:35:08,1,NIE,,
w-2023,9,28.04.2023,28.04.2023 12:30:19,51,64,Śląskie,125,Okulistyka,2023/002974,Rezydencki,88.41,3.97,22.02.2023 18:46:19,1,NIE,,
w-2023,9,28.04.2023,28.04.2023 12:30:19,51,64,Śląskie,126,Okulistyka,2023/001780,Pozarezydencki,79.91,3.61,21.03.2023 15:31:38,4,NIE,,
w-2023,9,28.04.2023,28.04.2023 12:30:19,51,64,Śląskie,127,Okulistyka,2023/003365,Pozarezydencki,77.88,3.96,13.03.2023 11:40:56,4,NIE,,
w-2023,9,28.04.2023,28.04.2023 12:30:19,51,64,Śląskie,128,Okulistyka,2023/005341,Pozarezydencki,61.75,3.39,27.03.2023 09:57:17,4,NIE,,
w-2023,9,28.04.2023,28.04.2023 12:30:19,51,64,Śląskie,129,Okulistyka,2023/004280,Pozarezydencki,60.37,4.11,18.03.2023 13:20:13,4,NIE,,
w-2023,9,28.04.2023,28.04.2023 12:30:19,51,64,Śląskie,130,Onkologia kliniczna,2023/000982,Rezydencki,80.98,3.80,14.03.2023 05:53:51,2,NIE,,
w-2023,9,28.04.2023,28.04.2023 12:30:19,51,64,Śląskie,131,Onkologia kliniczna,2023/002057,Rezydencki,67.15,2.98,17.03.2023 12:37:18,2,NIE,,
w-2023,9,28.04.2023,28.04.2023 12:30:19,51,64,Śląskie,132,Onkologia kliniczna,2023/001527,Pozarezydencki,75.68,0.00,22.03.2023 21:10:48,2,NIE,,
w-2023,9,28.04.2023,28.04.2023 12:30:19,51,64,Śląskie,133,Onkologia kliniczna,2023/003532,Pozarezydencki,74.53,0.00,17.03.2023 09:11:47,2,NIE,,
w-2023,9,28.04.2023,28.04.2023 12:30:19,51,64,Śląskie,134,Ortodoncja,2023/002773,Rezydencki,86.47,3.95,19.02.2023 12:02:57,2,NIE,,
w-2023,9,28.04.2023,28.04.2023 12:30:19,51,64,Śląskie,135,Ortodoncja,2023/002975,Rezydencki,85.75,4.20,23.03.2023 20:40:37,2,NIE,,
w-2023,9,28.04.2023,28.04.2023 12:30:19,51,64,Śląskie,136,Ortopedia i traumatologia narządu ruchu,2023/004379,Rezydencki,86.96,3.79,27.02.2023 21:22:01,4,NIE,,
w-2023,9,28.04.2023,28.04.2023 12:30:19,51,64,Śląskie,137,Ortopedia i traumatologia narządu ruchu,2023/003631,Rezydencki,86.27,3.58,23.02.2023 21:20:14,4,NIE,,
w-2023,9,28.04.2023,28.04.2023 12:30:19,51,64,Śląskie,138,Ortopedia i traumatologia narządu ruchu,2023/000846,Rezydencki,85.02,3.24,01.02.2023 11:06:13,4,NIE,,
w-2023,9,28.04.2023,28.04.2023 12:30:19,51,64,Śląskie,139,Ortopedia i traumatologia narządu ruchu,2023/004839,Rezydencki,84.29,4.03,20.03.2023 09:53:00,4,NIE,,
w-2023,9,28.04.2023,28.04.2023 12:30:19,51,64,Śląskie,140,Ortopedia i traumatologia narządu ruchu,2023/002868,Pozarezydencki,77.42,3.59,27.02.2023 19:56:54,2,NIE,,
w-2023,9,28.04.2023,28.04.2023 12:30:19,51,64,Śląskie,141,Ortopedia i traumatologia narządu ruchu,2023/003452,Pozarezydencki,74.65,3.28,20.03.2023 12:54:19,2,NIE,,
w-2023,9,28.04.2023,28.04.2023 12:30:19,51,64,Śląskie,142,Otorynolaryngologia,2023/002363,Rezydencki,87.92,4.41,08.03.2023 12:28:42,1,NIE,,
w-2023,9,28.04.2023,28.04.2023 12:30:19,51,64,Śląskie,143,Otorynolaryngologia dziecięca,2023/003975,Rezydencki,84.54,3.69,27.02.2023 21:44:51,1,NIE,,
w-2023,9,28.04.2023,28.04.2023 12:30:19,51,64,Śląskie,144,Patomorfologia,2023/002028,Rezydencki,68.27,3.83,11.02.2023 11:07:20,1,NIE,,
w-2023,9,28.04.2023,28.04.2023 12:30:19,51,64,Śląskie,145,Pediatria,2023/004719,Rezydencki,91.06,4.48,28.02.2023 20:45:00,10,NIE,,
w-2023,9,28.04.2023,28.04.2023 12:30:19,51,64,Śląskie,146,Pediatria,2023/004099,Rezydencki,89.71,4.33,08.03.2023 22:10:21,10,NIE,,
w-2023,9,28.04.2023,28.04.2023 12:30:19,52,64,Śląskie,147,Pediatria,2023/001456,Rezydencki,87.92,3.83,16.03.2023 10:45:33,10,NIE,,
w-2023,9,28.04.2023,28.04.2023 12:30:19,52,64,Śląskie,148,Pediatria,2023/004236,Rezydencki,86.27,3.83,17.03.2023 17:58:17,10,NIE,,
w-2023,9,28.04.2023,28.04.2023 12:30:19,52,64,Śląskie,149,Pediatria,2023/002264,Rezydencki,85.99,4.15,13.03.2023 09:43:00,10,NIE,,
w-2023,9,28.04.2023,28.04.2023 12:30:19,52,64,Śląskie,150,Pediatria,2023/005009,Rezydencki,85.99,3.56,17.03.2023 13:15:39,10,NIE,,
w-2023,9,28.04.2023,28.04.2023 12:30:19,52,64,Śląskie,151,Pediatria,2023/004282,Rezydencki,85.51,3.49,26.02.2023 22:26:37,10,NIE,,
w-2023,9,28.04.2023,28.04.2023 12:30:19,52,64,Śląskie,152,Pediatria,2023/003369,Rezydencki,85.29,3.54,09.03.2023 20:48:22,10,NIE,,
w-2023,9,28.04.2023,28.04.2023 12:30:19,52,64,Śląskie,153,Pediatria,2023/002300,Rezydencki,85.02,4.05,23.02.2023 18:32:52,10,NIE,,
w-2023,9,28.04.2023,28.04.2023 12:30:19,52,64,Śląskie,154,Pediatria,2023/002173,Rezydencki,84.80,4.20,26.02.2023 10:43:04,10,NIE,,
w-2023,9,28.04.2023,28.04.2023 12:30:19,52,64,Śląskie,155,Pediatria,2023/004033,Pozarezydencki,80.37,4.02,19.03.2023 22:29:06,3,NIE,,
w-2023,9,28.04.2023,28.04.2023 12:30:19,52,64,Śląskie,156,Pediatria,2023/003692,Pozarezydencki,63.19,0.00,19.03.2023 20:13:08,3,NIE,,
w-2023,9,28.04.2023,28.04.2023 12:30:19,52,64,Śląskie,157,Pediatria,2023/005068,Pozarezydencki,62.04,3.48,24.03.2023 13:27:44,3,NIE,,
w-2023,9,28.04.2023,28.04.2023 12:30:19,52,64,Śląskie,158,Położnictwo i ginekologia,2023/002980,Rezydencki,80.43,3.74,13.03.2023 18:13:56,2,NIE,,
w-2023,9,28.04.2023,28.04.2023 12:30:19,52,64,Śląskie,159,Położnictwo i ginekologia,2023/004253,Rezydencki,77.78,3.46,15.03.2023 22:52:52,2,NIE,,
w-2023,9,28.04.2023,28.04.2023 12:30:19,52,64,Śląskie,160,Położnictwo i ginekologia,2023/002600,Pozarezydencki,0.00,4.12,27.02.2023 21:12:30,1,NIE,,
w-2023,9,28.04.2023,28.04.2023 12:30:19,52,64,Śląskie,161,Protetyka stomatologiczna,2023/001693,Rezydencki,82.30,3.91,12.03.2023 15:42:44,3,NIE,,
w-2023,9,28.04.2023,28.04.2023 12:30:19,52,64,Śląskie,162,Protetyka stomatologiczna,2023/002120,Rezydencki,80.92,3.76,08.03.2023 16:01:16,3,NIE,,
w-2023,9,28.04.2023,28.04.2023 12:30:19,52,64,Śląskie,163,Protetyka stomatologiczna,2023/000898,Rezydencki,80.86,3.73,01.02.2023 14:07:29,3,NIE,,
w-2023,9,28.04.2023,28.04.2023 12:30:19,52,64,Śląskie,164,Protetyka stomatologiczna,2023/001065,Pozarezydencki,77.19,3.62,24.03.2023 14:56:04,1,NIE,,
w-2023,9,28.04.2023,28.04.2023 12:30:19,52,64,Śląskie,165,Psychiatria,2023/003550,Rezydencki,88.24,4.12,10.03.2023 14:22:19,12,NIE,,
w-2023,9,28.04.2023,28.04.2023 12:30:19,52,64,Śląskie,166,Psychiatria,2023/002495,Rezydencki,87.92,3.83,21.02.2023 11:31:05,12,NIE,,
w-2023,9,28.04.2023,28.04.2023 12:30:19,52,64,Śląskie,167,Psychiatria,2023/000995,Rezydencki,85.85,4.18,06.02.2023 17:29:15,12,NIE,,
w-2023,9,28.04.2023,28.04.2023 12:30:19,52,64,Śląskie,168,Psychiatria,2023/003262,Rezydencki,84.76,4.24,27.02.2023 20:48:04,12,NIE,,
w-2023,9,28.04.2023,28.04.2023 12:30:19,52,64,Śląskie,169,Psychiatria,2023/004511,Rezydencki,84.31,4.05,08.03.2023 20:10:14,12,NIE,,
w-2023,9,28.04.2023,28.04.2023 12:30:19,52,64,Śląskie,170,Psychiatria,2023/003985,Rezydencki,82.35,3.72,28.02.2023 09:38:48,12,NIE,,
w-2023,9,28.04.2023,28.04.2023 12:30:19,52,64,Śląskie,171,Psychiatria,2023/003762,Rezydencki,79.71,3.02,28.02.2023 12:37:50,12,NIE,,
w-2023,9,28.04.2023,28.04.2023 12:30:19,52,64,Śląskie,172,Psychiatria,2023/003837,Rezydencki,78.54,3.55,28.02.2023 23:44:55,12,NIE,,
w-2023,9,28.04.2023,28.04.2023 12:30:19,52,64,Śląskie,173,Psychiatria,2023/002414,Rezydencki,73.53,0.00,24.02.2023 09:37:30,12,NIE,,
w-2023,9,28.04.2023,28.04.2023 12:30:19,52,64,Śląskie,174,Psychiatria,2023/004234,Rezydencki,66.02,3.41,25.03.2023 11:08:23,12,NIE,,
w-2023,9,28.04.2023,28.04.2023 12:30:19,52,64,Śląskie,175,Psychiatria,2023/001520,Rezydencki,65.35,3.83,14.03.2023 19:53:36,12,NIE,,
w-2023,9,28.04.2023,28.04.2023 12:30:19,52,64,Śląskie,176,Psychiatria,2023/001519,Rezydencki,58.17,3.31,14.03.2023 10:31:00,12,NIE,,
w-2023,9,28.04.2023,28.04.2023 12:30:19,52,64,Śląskie,177,Psychiatria,2023/002946,Pozarezydencki,76.64,3.92,20.02.2023 16:04:16,1,NIE,,
w-2023,9,28.04.2023,28.04.2023 12:30:19,52,64,Śląskie,178,Psychiatria dzieci i młodzieży,2023/004698,Rezydencki,83.09,3.73,16.03.2023 21:08:15,2,NIE,,
w-2023,9,28.04.2023,28.04.2023 12:30:19,52,64,Śląskie,179,Psychiatria dzieci i młodzieży,2023/004285,Rezydencki,79.71,3.39,13.03.2023 20:36:21,2,NIE,,
w-2023,9,28.04.2023,28.04.2023 12:30:19,52,64,Śląskie,180,Psychiatria dzieci i młodzieży,2023/003700,Pozarezydencki,82.27,0.00,10.03.2023 15:10:29,3,NIE,,
w-2023,9,28.04.2023,28.04.2023 12:30:19,52,64,Śląskie,181,Psychiatria dzieci i młodzieży,2023/004557,Pozarezydencki,70.91,3.74,17.03.2023 10:15:02,3,NIE,,
w-2023,9,28.04.2023,28.04.2023 12:30:19,52,64,Śląskie,182,Psychiatria dzieci i młodzieży,2023/001832,Pozarezydencki,53.27,3.44,08.02.2023 16:24:32,3,NIE,,
w-2023,9,28.04.2023,28.04.2023 12:30:19,52,64,Śląskie,183,Radiologia i diagnostyka obrazowa,2023/001278,Rezydencki,88.89,4.23,17.02.2023 17:46:53,4,NIE,,
w-2023,9,28.04.2023,28.04.2023 12:30:19,52,64,Śląskie,184,Radiologia i diagnostyka obrazowa,2023/002412,Rezydencki,88.41,3.93,24.02.2023 02:52:53,4,NIE,,
w-2023,9,28.04.2023,28.04.2023 12:30:19,53,64,Śląskie,185,Radiologia i diagnostyka obrazowa,2023/002106,Rezydencki,88.16,4.33,28.02.2023 22:27:23,4,NIE,,
w-2023,9,28.04.2023,28.04.2023 12:30:19,53,64,Śląskie,186,Radiologia i diagnostyka obrazowa,2023/005034,Rezydencki,87.44,3.82,28.02.2023 16:47:13,4,NIE,,
w-2023,9,28.04.2023,28.04.2023 12:30:19,53,64,Śląskie,187,Radiologia i diagnostyka obrazowa,2023/003314,Pozarezydencki,81.31,3.73,10.03.2023 12:55:54,1,NIE,,
w-2023,9,28.04.2023,28.04.2023 12:30:19,53,64,Śląskie,188,Radioterapia onkologiczna,2023/002961,Rezydencki,85.51,3.70,24.03.2023 10:33:23,1,NIE,,
w-2023,9,28.04.2023,28.04.2023 12:30:19,53,64,Śląskie,189,Rehabilitacja medyczna,2023/004893,Pozarezydencki,75.58,3.83,20.03.2023 17:18:46,4,NIE,,
w-2023,9,28.04.2023,28.04.2023 12:30:19,53,64,Śląskie,190,Rehabilitacja medyczna,2023/002688,Pozarezydencki,75.45,0.00,10.03.2023 15:35:58,4,NIE,,
w-2023,9,28.04.2023,28.04.2023 12:30:19,53,64,Śląskie,191,Rehabilitacja medyczna,2023/002340,Pozarezydencki,61.82,0.00,17.03.2023 09:28:51,4,NIE,,
w-2023,9,28.04.2023,28.04.2023 12:30:19,53,64,Śląskie,192,Rehabilitacja medyczna,2023/002009,Pozarezydencki,53.21,3.19,30.03.2023 09:06:44,4,NIE,,
w-2023,9,28.04.2023,28.04.2023 12:30:19,53,64,Śląskie,193,Reumatologia,2023/003453,Rezydencki,88.24,3.39,24.02.2023 13:27:23,1,NIE,,
w-2023,9,28.04.2023,28.04.2023 12:30:19,53,64,Śląskie,194,Reumatologia,2023/003728,Pozarezydencki,86.82,4.70,15.03.2023 23:09:25,5,NIE,,
w-2023,9,28.04.2023,28.04.2023 12:30:19,53,64,Śląskie,195,Reumatologia,2023/003709,Pozarezydencki,82.94,4.36,20.03.2023 21:26:30,5,NIE,,
w-2023,9,28.04.2023,28.04.2023 12:30:19,53,64,Śląskie,196,Reumatologia,2023/001588,Pozarezydencki,75.45,2.70,29.03.2023 10:38:47,5,NIE,,
w-2023,9,28.04.2023,28.04.2023 12:30:19,53,64,Śląskie,197,Reumatologia,2023/004686,Pozarezydencki,73.73,3.62,19.03.2023 17:28:47,5,NIE,,
w-2023,9,28.04.2023,28.04.2023 12:30:19,53,64,Śląskie,198,Reumatologia,2023/003386,Pozarezydencki,66.36,3.73,15.03.2023 22:17:33,5,NIE,,
w-2023,9,28.04.2023,28.04.2023 12:30:19,53,64,Śląskie,199,Stomatologia zachowawcza z endodoncją,2023/004925,Rezydencki,74.04,3.44,28.02.2023 13:39:47,3,NIE,,
w-2023,9,28.04.2023,28.04.2023 12:30:19,53,64,Śląskie,200,Stomatologia zachowawcza z endodoncją,2023/001349,Rezydencki,73.81,3.72,05.03.2023 19:48:01,3,NIE,,
w-2023,9,28.04.2023,28.04.2023 12:30:19,53,64,Śląskie,201,Stomatologia zachowawcza z endodoncją,2023/000875,Rezydencki,63.64,3.08,14.03.2023 20:21:58,3,NIE,,
w-2023,9,28.04.2023,28.04.2023 12:30:19,53,64,Śląskie,202,Stomatologia zachowawcza z endodoncją,2023/001677,Pozarezydencki,60.19,3.52,23.03.2023 21:50:11,1,NIE,,
w-2023,9,28.04.2023,28.04.2023 12:30:19,53,64,Śląskie,203,Transfuzjologia kliniczna,2023/002677,Rezydencki,75.36,3.58,17.02.2023 18:11:03,1,NIE,,
w-2023,9,28.04.2023,28.04.2023 12:30:19,53,64,Śląskie,204,Transfuzjologia kliniczna,2023/003441,Pozarezydencki,70.91,3.26,17.03.2023 10:56:41,1,NIE,,
w-2023,9,28.04.2023,28.04.2023 12:30:19,53,64,Śląskie,205,Transplantologia kliniczna,2023/005297,Pozarezydencki,86.82,4.55,17.03.2023 10:33:25,5,NIE,,
w-2023,9,28.04.2023,28.04.2023 12:30:19,53,64,Śląskie,206,Transplantologia kliniczna,2023/001108,Pozarezydencki,84.55,3.18,28.03.2023 13:10:24,5,NIE,,
w-2023,9,28.04.2023,28.04.2023 12:30:19,53,64,Śląskie,207,Transplantologia kliniczna,2023/002651,Pozarezydencki,84.09,3.66,24.03.2023 14:37:02,5,NIE,,
w-2023,9,28.04.2023,28.04.2023 12:30:19,53,64,Śląskie,208,Transplantologia kliniczna,2023/003713,Pozarezydencki,80.00,4.12,17.03.2023 10:11:30,5,NIE,,
w-2023,9,28.04.2023,28.04.2023 12:30:19,53,64,Śląskie,209,Transplantologia kliniczna,2023/004994,Pozarezydencki,76.18,0.00,31.03.2023 09:02:22,5,NIE,,
w-2023,9,28.04.2023,28.04.2023 12:30:19,53,64,Śląskie,210,Urologia,2023/001177,Pozarezydencki,80.47,4.11,02.02.2023 20:44:16,1,NIE,,
w-2023,9,28.04.2023,28.04.2023 12:30:19,53,64,Śląskie,1,Ortodoncja,2023/000823,Rezydencki,84.93,4.41,01.02.2023 09:40:50,1,TAK,AKADEMICKIE CENTRUM STOMATOLOGII I MEDYCYNY SPECJALISTYCZNEJ SPÓŁKA Z OGRANICZONĄ ODPOWIEDZIALNOŚCIĄ,"Poradnia Ortodoncji (Bytom, pl. Akademicki 17), Poradnia Ortodoncji (Zabrze, Plac Romualda Traugutta 2)"
w-2023,9,28.04.2023,28.04.2023 12:30:19,53,64,Śląskie,1,Dermatologia i wenerologia,2023/001309,Rezydencki,90.10,4.50,10.03.2023 12:36:27,1,TAK,Samodzielny Publiczny Szpital Kliniczny im. Andrzeja Mielęckiego Śląskiego Uniwersytetu Medycznego w Katowicach,Oddział Dermatologii
w-2023,9,28.04.2023,28.04.2023 12:30:19,54,64,Śląskie,1,Gastroenterologia,2023/001736,Rezydencki,88.78,4.47,09.03.2023 20:36:47,1,TAK,SMKSystem Monitorowania Kształcenia,Pracowników Medycznych Status dokumentu Opublikowany Uniwersyteckie Centrum Kliniczne im. prof. K. Gibińskiego Śląskiego Uniwersytetu Medycznego w Katowicach Szpital Ligota-CSK Oddział Gastroenterologii i Hepatologii
w-2023,9,28.04.2023,28.04.2023 12:30:19,54,64,Świętokrzyskie,1,Alergologia,2023/003040,Pozarezydencki,86.68,4.66,23.03.2023 23:12:41,1,NIE,,
w-2023,9,28.04.2023,28.04.2023 12:30:19,54,64,Świętokrzyskie,2,Balneologia i medycyna fizykalna,2023/004110,Pozarezydencki,61.82,3.54,05.03.2023 12:28:26,1,NIE,,
w-2023,9,28.04.2023,28.04.2023 12:30:19,54,64,Świętokrzyskie,3,Chirurgia onkologiczna,2023/002204,Pozarezydencki,70.91,3.79,28.03.2023 10:18:06,1,NIE,,
w-2023,9,28.04.2023,28.04.2023 12:30:19,54,64,Świętokrzyskie,4,Choroby płuc,2023/003806,Rezydencki,82.61,3.93,28.02.2023 09:08:49,1,NIE,,
w-2023,9,28.04.2023,28.04.2023 12:30:19,54,64,Świętokrzyskie,5,Choroby wewnętrzne,2023/000794,Rezydencki,77.29,0.00,16.02.2023 19:10:38,1,NIE,,
w-2023,9,28.04.2023,28.04.2023 12:30:19,54,64,Świętokrzyskie,6,Endokrynologia i diabetologia dziecięca,2023/002383,Pozarezydencki,84.32,4.70,14.02.2023 18:23:54,1,NIE,,
w-2023,9,28.04.2023,28.04.2023 12:30:19,54,64,Świętokrzyskie,7,Kardiologia,2023/004649,Rezydencki,84.06,0.00,29.03.2023 11:12:46,3,NIE,,
w-2023,9,28.04.2023,28.04.2023 12:30:19,54,64,Świętokrzyskie,8,Kardiologia,2023/004974,Rezydencki,81.67,4.06,21.03.2023 10:11:24,3,NIE,,
w-2023,9,28.04.2023,28.04.2023 12:30:19,54,64,Świętokrzyskie,9,Kardiologia,2023/002732,Rezydencki,76.81,3.36,22.02.2023 18:03:16,3,NIE,,
w-2023,9,28.04.2023,28.04.2023 12:30:19,54,64,Świętokrzyskie,10,Kardiologia,2023/004685,Pozarezydencki,69.27,4.33,28.02.2023 17:51:30,1,NIE,,
w-2023,9,28.04.2023,28.04.2023 12:30:19,54,64,Świętokrzyskie,11,Medycyna paliatywna,2023/002782,Pozarezydencki,80.00,0.00,19.02.2023 12:51:12,1,NIE,,
w-2023,9,28.04.2023,28.04.2023 12:30:19,54,64,Świętokrzyskie,12,Medycyna ratunkowa,2023/000799,Pozarezydencki,0.00,0.00,01.02.2023 09:40:16,1,NIE,,
w-2023,9,28.04.2023,28.04.2023 12:30:19,54,64,Świętokrzyskie,13,Medycyna rodzinna,2023/003868,Rezydencki,81.43,3.86,17.03.2023 21:05:14,1,NIE,,
w-2023,9,28.04.2023,28.04.2023 12:30:19,54,64,Świętokrzyskie,14,Medycyna rodzinna,2023/003647,Pozarezydencki,66.82,0.00,23.03.2023 20:32:01,1,NIE,,
w-2023,9,28.04.2023,28.04.2023 12:30:19,54,64,Świętokrzyskie,15,Neonatologia,2023/000876,Rezydencki,85.02,4.06,01.02.2023 13:13:21,1,NIE,,
w-2023,9,28.04.2023,28.04.2023 12:30:19,54,64,Świętokrzyskie,16,Okulistyka,2023/001476,Rezydencki,87.75,4.10,14.03.2023 09:21:06,1,NIE,,
w-2023,9,28.04.2023,28.04.2023 12:30:19,54,64,Świętokrzyskie,17,Okulistyka,2023/000758,Pozarezydencki,64.52,4.28,27.02.2023 07:56:31,1,NIE,,
w-2023,9,28.04.2023,28.04.2023 12:30:19,54,64,Świętokrzyskie,18,Ortopedia i traumatologia narządu ruchu,2023/002748,Rezydencki,81.86,3.98,23.02.2023 16:23:02,1,NIE,,
w-2023,9,28.04.2023,28.04.2023 12:30:19,54,64,Świętokrzyskie,19,Otorynolaryngologia,2023/004780,Rezydencki,85.78,3.61,27.02.2023 23:19:06,1,NIE,,
w-2023,9,28.04.2023,28.04.2023 12:30:19,54,64,Świętokrzyskie,20,Pediatria,2023/003591,Rezydencki,82.61,5.00,23.02.2023 20:53:38,1,NIE,,
w-2023,9,28.04.2023,28.04.2023 12:30:19,54,64,Świętokrzyskie,21,Położnictwo i ginekologia,2023/003336,Rezydencki,80.88,3.84,26.02.2023 13:46:54,1,NIE,,
w-2023,9,28.04.2023,28.04.2023 12:30:19,54,64,Świętokrzyskie,22,Psychiatria,2023/005306,Rezydencki,79.05,3.83,17.03.2023 19:05:56,1,NIE,,
w-2023,9,28.04.2023,28.04.2023 12:30:19,54,64,Świętokrzyskie,23,Psychiatria dzieci i młodzieży,2023/003928,Rezydencki,86.76,4.09,03.03.2023 13:54:08,2,NIE,,
w-2023,9,28.04.2023,28.04.2023 12:30:19,54,64,Świętokrzyskie,24,Psychiatria dzieci i młodzieży,2023/000811,Rezydencki,0.00,3.11,26.02.2023 18:10:47,2,NIE,,
w-2023,9,28.04.2023,28.04.2023 12:30:19,54,64,Świętokrzyskie,25,Radiologia i diagnostyka obrazowa,2023/003231,Rezydencki,86.96,3.81,28.02.2023 23:46:27,2,NIE,,
w-2023,9,28.04.2023,28.04.2023 12:30:19,54,64,Świętokrzyskie,26,Radiologia i diagnostyka obrazowa,2023/003619,Rezydencki,86.47,3.24,24.03.2023 10:52:24,2,NIE,,
w-2023,9,28.04.2023,28.04.2023 12:30:19,54,64,Świętokrzyskie,27,Radiologia i diagnostyka obrazowa,2023/004397,Pozarezydencki,66.82,3.73,15.03.2023 12:19:33,1,NIE,,
w-2023,9,28.04.2023,28.04.2023 12:30:19,54,64,Świętokrzyskie,28,Reumatologia,2023/001320,Rezydencki,87.75,4.02,23.02.2023 16:30:53,1,NIE,,
w-2023,9,28.04.2023,28.04.2023 12:30:19,54,64,Świętokrzyskie,29,Transplantologia kliniczna,2023/002914,Pozarezydencki,66.36,0.00,27.03.2023 20:14:09,1,NIE,,
w-2023,9,28.04.2023,28.04.2023 12:30:19,54,64,Warmińsko-mazurskie,1,Alergologia,2023/000862,Pozarezydencki,70.91,3.83,22.03.2023 15:48:13,3,NIE,,
w-2023,9,28.04.2023,28.04.2023 12:30:19,54,64,Warmińsko-mazurskie,2,Alergologia,2023/001782,Pozarezydencki,65.14,2.91,17.03.2023 14:14:36,3,NIE,,
w-2023,9,28.04.2023,28.04.2023 12:30:19,55,64,Warmińsko-mazurskie,3,Alergologia,2023/002243,Pozarezydencki,61.82,2.87,25.03.2023 22:47:36,3,NIE,,
w-2023,9,28.04.2023,28.04.2023 12:30:19,55,64,Warmińsko-mazurskie,4,Anestezjologia i intensywna terapia,2023/001122,Rezydencki,85.02,4.88,23.03.2023 13:15:53,3,NIE,,
w-2023,9,28.04.2023,28.04.2023 12:30:19,55,64,Warmińsko-mazurskie,5,Anestezjologia i intensywna terapia,2023/003765,Rezydencki,84.80,0.00,20.03.2023 15:03:09,3,NIE,,
w-2023,9,28.04.2023,28.04.2023 12:30:19,55,64,Warmińsko-mazurskie,6,Anestezjologia i intensywna terapia,2023/000771,Rezydencki,80.19,3.40,16.03.2023 14:39:39,3,NIE,,
w-2023,9,28.04.2023,28.04.2023 12:30:19,55,64,Warmińsko-mazurskie,7,Chirurgia naczyniowa,2023/001574,Rezydencki,86.47,4.24,24.03.2023 10:51:06,1,NIE,,
w-2023,9,28.04.2023,28.04.2023 12:30:19,55,64,Warmińsko-mazurskie,8,Chirurgia naczyniowa,2023/005317,Pozarezydencki,2.27,2.78,28.02.2023 22:51:46,1,NIE,,
w-2023,9,28.04.2023,28.04.2023 12:30:19,55,64,Warmińsko-mazurskie,9,Chirurgia ogólna,2023/002845,Rezydencki,86.83,4.01,23.02.2023 22:39:44,3,NIE,,
w-2023,9,28.04.2023,28.04.2023 12:30:19,55,64,Warmińsko-mazurskie,10,Chirurgia ogólna,2023/001270,Rezydencki,71.50,3.85,23.03.2023 20:15:32,3,NIE,,
w-2023,9,28.04.2023,28.04.2023 12:30:19,55,64,Warmińsko-mazurskie,11,Chirurgia ogólna,2023/002926,Rezydencki,67.63,3.32,15.03.2023 16:16:56,3,NIE,,
w-2023,9,28.04.2023,28.04.2023 12:30:19,55,64,Warmińsko-mazurskie,12,Chirurgia stomatologiczna,2023/000806,Rezydencki,83.25,4.23,08.02.2023 19:20:47,1,NIE,,
w-2023,9,28.04.2023,28.04.2023 12:30:19,55,64,Warmińsko-mazurskie,13,Chirurgia szczękowo-twarzowa,2023/004766,Rezydencki,86.27,3.85,27.02.2023 23:33:36,1,NIE,,
w-2023,9,28.04.2023,28.04.2023 12:30:19,55,64,Warmińsko-mazurskie,14,Choroby płuc,2023/000854,Pozarezydencki,67.13,3.37,21.03.2023 17:13:33,1,NIE,,
w-2023,9,28.04.2023,28.04.2023 12:30:19,55,64,Warmińsko-mazurskie,15,Choroby wewnętrzne,2023/001686,Rezydencki,69.08,4.80,15.03.2023 12:21:55,1,NIE,,
w-2023,9,28.04.2023,28.04.2023 12:30:19,55,64,Warmińsko-mazurskie,16,Choroby wewnętrzne,2023/001903,Pozarezydencki,70.09,3.78,23.02.2023 21:57:28,1,NIE,,
w-2023,9,28.04.2023,28.04.2023 12:30:19,55,64,Warmińsko-mazurskie,17,Choroby zakaźne,2023/004528,Pozarezydencki,56.60,0.00,16.03.2023 11:13:53,1,NIE,,
w-2023,9,28.04.2023,28.04.2023 12:30:19,55,64,Warmińsko-mazurskie,18,Dermatologia i wenerologia,2023/000816,Rezydencki,90.69,3.83,24.02.2023 14:35:25,1,NIE,,
w-2023,9,28.04.2023,28.04.2023 12:30:19,55,64,Warmińsko-mazurskie,19,Endokrynologia,2023/001896,Rezydencki,90.20,4.38,23.02.2023 12:31:39,1,NIE,,
w-2023,9,28.04.2023,28.04.2023 12:30:19,55,64,Warmińsko-mazurskie,20,Ginekologia onkologiczna,2023/004646,Pozarezydencki,70.91,4.12,20.03.2023 21:04:35,1,NIE,,
w-2023,9,28.04.2023,28.04.2023 12:30:19,55,64,Warmińsko-mazurskie,21,Kardiologia,2023/003757,Rezydencki,89.37,0.00,28.02.2023 17:20:15,4,NIE,,
w-2023,9,28.04.2023,28.04.2023 12:30:19,55,64,Warmińsko-mazurskie,22,Kardiologia,2023/002681,Rezydencki,84.29,4.28,23.03.2023 23:25:31,4,NIE,,
w-2023,9,28.04.2023,28.04.2023 12:30:19,55,64,Warmińsko-mazurskie,23,Kardiologia,2023/001713,Rezydencki,76.33,3.47,28.02.2023 16:52:24,4,NIE,,
w-2023,9,28.04.2023,28.04.2023 12:30:19,55,64,Warmińsko-mazurskie,24,Kardiologia,2023/001443,Rezydencki,70.05,3.54,27.02.2023 21:17:18,4,NIE,,
w-2023,9,28.04.2023,28.04.2023 12:30:19,55,64,Warmińsko-mazurskie,25,Kardiologia,2023/003076,Pozarezydencki,77.52,4.10,16.03.2023 13:31:16,1,NIE,,
w-2023,9,28.04.2023,28.04.2023 12:30:19,55,64,Warmińsko-mazurskie,26,Medycyna paliatywna,2023/003627,Pozarezydencki,80.00,0.00,30.03.2023 11:03:13,2,NIE,,
w-2023,9,28.04.2023,28.04.2023 12:30:19,55,64,Warmińsko-mazurskie,27,Medycyna paliatywna,2023/003828,Pozarezydencki,61.82,2.40,16.03.2023 20:14:38,2,NIE,,
w-2023,9,28.04.2023,28.04.2023 12:30:19,55,64,Warmińsko-mazurskie,28,Medycyna ratunkowa,2023/005151,Rezydencki,56.52,0.00,29.03.2023 09:24:39,1,NIE,,
w-2023,9,28.04.2023,28.04.2023 12:30:19,55,64,Warmińsko-mazurskie,29,Medycyna ratunkowa,2023/001064,Pozarezydencki,69.12,3.89,22.03.2023 11:31:31,1,NIE,,
w-2023,9,28.04.2023,28.04.2023 12:30:19,55,64,Warmińsko-mazurskie,30,Medycyna rodzinna,2023/003112,Rezydencki,85.99,4.27,21.02.2023 15:43:15,3,NIE,,
w-2023,9,28.04.2023,28.04.2023 12:30:19,55,64,Warmińsko-mazurskie,31,Medycyna rodzinna,2023/000938,Rezydencki,84.06,4.49,01.02.2023 17:12:18,3,NIE,,
w-2023,9,28.04.2023,28.04.2023 12:30:19,55,64,Warmińsko-mazurskie,32,Medycyna rodzinna,2023/001242,Rezydencki,62.02,4.06,24.03.2023 13:05:01,3,NIE,,
w-2023,9,28.04.2023,28.04.2023 12:30:19,55,64,Warmińsko-mazurskie,33,Medycyna rodzinna,2023/000870,Pozarezydencki,83.09,4.10,22.03.2023 08:50:47,2,NIE,,
w-2023,9,28.04.2023,28.04.2023 12:30:19,55,64,Warmińsko-mazurskie,34,Medycyna rodzinna,2023/000866,Pozarezydencki,0.00,0.00,23.03.2023 15:42:24,2,NIE,,
w-2023,9,28.04.2023,28.04.2023 12:30:19,55,64,Warmińsko-mazurskie,35,Nefrologia,2023/001887,Pozarezydencki,77.57,4.17,22.03.2023 12:23:13,1,NIE,,
w-2023,9,28.04.2023,28.04.2023 12:30:19,55,64,Warmińsko-mazurskie,36,Nefrologia dziecięca,2023/003948,Rezydencki,85.78,3.64,20.03.2023 14:14:49,1,NIE,,
w-2023,9,28.04.2023,28.04.2023 12:30:19,55,64,Warmińsko-mazurskie,37,Neonatologia,2023/001634,Rezydencki,79.52,3.57,21.03.2023 12:20:59,1,NIE,,
w-2023,9,28.04.2023,28.04.2023 12:30:19,55,64,Warmińsko-mazurskie,38,Neurologia dziecięca,2023/004388,Pozarezydencki,80.00,0.00,27.02.2023 10:09:29,1,NIE,,
w-2023,9,28.04.2023,28.04.2023 12:30:19,55,64,Warmińsko-mazurskie,39,Okulistyka,2023/003748,Rezydencki,87.75,4.16,28.02.2023 19:32:27,1,NIE,,
w-2023,9,28.04.2023,28.04.2023 12:30:19,55,64,Warmińsko-mazurskie,40,Okulistyka,2023/002683,Pozarezydencki,82.03,3.71,28.02.2023 15:40:02,1,NIE,,
w-2023,9,28.04.2023,28.04.2023 12:30:19,56,64,Warmińsko-mazurskie,41,Ortopedia i traumatologia narządu ruchu,2023/003673,Rezydencki,81.37,2.97,15.03.2023 18:33:13,3,NIE,,
w-2023,9,28.04.2023,28.04.2023 12:30:19,56,64,Warmińsko-mazurskie,42,Ortopedia i traumatologia narządu ruchu,2023/003821,Rezydencki,80.88,4.46,07.03.2023 13:46:34,3,NIE,,
w-2023,9,28.04.2023,28.04.2023 12:30:19,56,64,Warmińsko-mazurskie,43,Ortopedia i traumatologia narządu ruchu,2023/003903,Rezydencki,54.90,3.24,16.03.2023 21:31:13,3,NIE,,
w-2023,9,28.04.2023,28.04.2023 12:30:19,56,64,Warmińsko-mazurskie,44,Otorynolaryngologia,2023/003463,Rezydencki,86.96,4.21,26.02.2023 21:39:14,1,NIE,,
w-2023,9,28.04.2023,28.04.2023 12:30:19,56,64,Warmińsko-mazurskie,45,Pediatria,2023/001861,Rezydencki,86.47,3.59,04.03.2023 12:20:20,3,NIE,,
w-2023,9,28.04.2023,28.04.2023 12:30:19,56,64,Warmińsko-mazurskie,46,Pediatria,2023/004383,Rezydencki,81.16,3.71,14.03.2023 22:12:18,3,NIE,,
w-2023,9,28.04.2023,28.04.2023 12:30:19,56,64,Warmińsko-mazurskie,47,Pediatria,2023/002462,Rezydencki,79.23,3.63,27.02.2023 18:25:33,3,NIE,,
w-2023,9,28.04.2023,28.04.2023 12:30:19,56,64,Warmińsko-mazurskie,48,Pediatria,2023/002801,Pozarezydencki,75.45,0.00,24.02.2023 11:21:03,1,NIE,,
w-2023,9,28.04.2023,28.04.2023 12:30:19,56,64,Warmińsko-mazurskie,49,Periodontologia,2023/004329,Rezydencki,82.61,0.00,17.03.2023 08:27:27,3,NIE,,
w-2023,9,28.04.2023,28.04.2023 12:30:19,56,64,Warmińsko-mazurskie,50,Periodontologia,2023/002224,Rezydencki,80.68,3.91,15.02.2023 16:13:22,3,NIE,,
w-2023,9,28.04.2023,28.04.2023 12:30:19,56,64,Warmińsko-mazurskie,51,Periodontologia,2023/000893,Rezydencki,79.23,0.00,06.02.2023 21:23:16,3,NIE,,
w-2023,9,28.04.2023,28.04.2023 12:30:19,56,64,Warmińsko-mazurskie,52,Położnictwo i ginekologia,2023/003044,Rezydencki,88.73,4.18,17.03.2023 09:56:41,5,NIE,,
w-2023,9,28.04.2023,28.04.2023 12:30:19,56,64,Warmińsko-mazurskie,53,Położnictwo i ginekologia,2023/002476,Rezydencki,85.85,4.18,28.02.2023 08:49:27,5,NIE,,
w-2023,9,28.04.2023,28.04.2023 12:30:19,56,64,Warmińsko-mazurskie,54,Położnictwo i ginekologia,2023/004327,Rezydencki,83.90,3.98,26.02.2023 23:09:10,5,NIE,,
w-2023,9,28.04.2023,28.04.2023 12:30:19,56,64,Warmińsko-mazurskie,55,Położnictwo i ginekologia,2023/004326,Rezydencki,83.82,3.41,28.02.2023 15:24:42,5,NIE,,
w-2023,9,28.04.2023,28.04.2023 12:30:19,56,64,Warmińsko-mazurskie,56,Położnictwo i ginekologia,2023/004381,Rezydencki,75.85,4.20,15.03.2023 06:28:50,5,NIE,,
w-2023,9,28.04.2023,28.04.2023 12:30:19,56,64,Warmińsko-mazurskie,57,Psychiatria,2023/004510,Pozarezydencki,65.14,0.00,19.03.2023 10:56:25,1,NIE,,
w-2023,9,28.04.2023,28.04.2023 12:30:19,56,64,Warmińsko-mazurskie,58,Radiologia i diagnostyka obrazowa,2023/002858,Rezydencki,87.44,3.74,17.03.2023 09:23:59,2,NIE,,
w-2023,9,28.04.2023,28.04.2023 12:30:19,56,64,Warmińsko-mazurskie,59,Radiologia i diagnostyka obrazowa,2023/003355,Rezydencki,86.96,4.19,15.03.2023 16:06:28,2,NIE,,
w-2023,9,28.04.2023,28.04.2023 12:30:19,56,64,Warmińsko-mazurskie,60,Rehabilitacja medyczna,2023/003056,Pozarezydencki,70.91,3.85,21.02.2023 09:52:33,1,NIE,,
w-2023,9,28.04.2023,28.04.2023 12:30:19,56,64,Warmińsko-mazurskie,61,Stomatologia dziecięca,2023/005081,Rezydencki,71.15,3.75,09.03.2023 20:20:52,1,NIE,,
w-2023,9,28.04.2023,28.04.2023 12:30:19,56,64,Warmińsko-mazurskie,62,Stomatologia zachowawcza z endodoncją,2023/003639,Rezydencki,74.27,3.07,20.03.2023 13:31:25,1,NIE,,
w-2023,9,28.04.2023,28.04.2023 12:30:19,56,64,Warmińsko-mazurskie,63,Urologia,2023/004044,Rezydencki,86.76,4.14,26.02.2023 13:20:18,1,NIE,,
w-2023,9,28.04.2023,28.04.2023 12:30:19,56,64,Warmińsko-mazurskie,64,Urologia,2023/003787,Pozarezydencki,81.78,3.58,20.03.2023 17:14:29,1,NIE,,
w-2023,9,28.04.2023,28.04.2023 12:30:19,56,64,Wielkopolskie,1,Alergologia,2023/002240,Pozarezydencki,76.14,4.11,07.03.2023 12:44:06,1,NIE,,
w-2023,9,28.04.2023,28.04.2023 12:30:19,56,64,Wielkopolskie,2,Anestezjologia i intensywna terapia,2023/003325,Rezydencki,87.99,4.33,27.02.2023 16:13:51,10,NIE,,
w-2023,9,28.04.2023,28.04.2023 12:30:19,56,64,Wielkopolskie,3,Anestezjologia i intensywna terapia,2023/005103,Rezydencki,86.34,4.53,28.02.2023 22:33:42,10,NIE,,
w-2023,9,28.04.2023,28.04.2023 12:30:19,56,64,Wielkopolskie,4,Anestezjologia i intensywna terapia,2023/001550,Rezydencki,86.34,4.35,18.02.2023 14:57:15,10,NIE,,
w-2023,9,28.04.2023,28.04.2023 12:30:19,56,64,Wielkopolskie,5,Anestezjologia i intensywna terapia,2023/000908,Rezydencki,85.85,4.37,14.02.2023 19:35:34,10,NIE,,
w-2023,9,28.04.2023,28.04.2023 12:30:19,56,64,Wielkopolskie,6,Anestezjologia i intensywna terapia,2023/000810,Rezydencki,85.51,4.03,19.02.2023 11:35:23,10,NIE,,
w-2023,9,28.04.2023,28.04.2023 12:30:19,56,64,Wielkopolskie,7,Anestezjologia i intensywna terapia,2023/003555,Rezydencki,83.57,3.45,23.02.2023 16:49:18,10,NIE,,
w-2023,9,28.04.2023,28.04.2023 12:30:19,56,64,Wielkopolskie,8,Anestezjologia i intensywna terapia,2023/003142,Rezydencki,83.17,4.09,27.02.2023 21:46:51,10,NIE,,
w-2023,9,28.04.2023,28.04.2023 12:30:19,56,64,Wielkopolskie,9,Anestezjologia i intensywna terapia,2023/004022,Rezydencki,81.37,3.45,28.02.2023 23:46:31,10,NIE,,
w-2023,9,28.04.2023,28.04.2023 12:30:19,56,64,Wielkopolskie,10,Anestezjologia i intensywna terapia,2023/002597,Rezydencki,76.47,3.56,27.02.2023 11:02:32,10,NIE,,
w-2023,9,28.04.2023,28.04.2023 12:30:19,57,64,Wielkopolskie,11,Anestezjologia i intensywna terapia,2023/002767,Rezydencki,74.15,2.96,19.02.2023 11:08:13,10,NIE,,
w-2023,9,28.04.2023,28.04.2023 12:30:19,57,64,Wielkopolskie,12,Anestezjologia i intensywna terapia,2023/004286,Pozarezydencki,74.55,3.85,27.02.2023 18:55:40,1,NIE,,
w-2023,9,28.04.2023,28.04.2023 12:30:19,57,64,Wielkopolskie,13,Chirurgia dziecięca,2023/002381,Rezydencki,82.38,3.82,14.02.2023 18:21:02,2,NIE,,
w-2023,9,28.04.2023,28.04.2023 12:30:19,57,64,Wielkopolskie,14,Chirurgia dziecięca,2023/003517,Rezydencki,60.63,3.46,23.02.2023 13:55:05,2,NIE,,
w-2023,9,28.04.2023,28.04.2023 12:30:19,57,64,Wielkopolskie,15,Chirurgia naczyniowa,2023/002417,Rezydencki,79.71,3.29,26.02.2023 08:16:09,1,NIE,,
w-2023,9,28.04.2023,28.04.2023 12:30:19,57,64,Wielkopolskie,16,Chirurgia ogólna,2023/000752,Rezydencki,84.88,4.28,01.02.2023 00:18:26,3,NIE,,
w-2023,9,28.04.2023,28.04.2023 12:30:19,57,64,Wielkopolskie,17,Chirurgia ogólna,2023/003884,Rezydencki,83.33,4.05,25.02.2023 13:55:01,3,NIE,,
w-2023,9,28.04.2023,28.04.2023 12:30:19,57,64,Wielkopolskie,18,Chirurgia ogólna,2023/004349,Rezydencki,62.80,3.65,27.02.2023 00:34:55,3,NIE,,
w-2023,9,28.04.2023,28.04.2023 12:30:19,57,64,Wielkopolskie,19,Chirurgia ogólna,2023/005042,Pozarezydencki,53.70,3.17,14.03.2023 13:53:53,1,NIE,,
w-2023,9,28.04.2023,28.04.2023 12:30:19,57,64,Wielkopolskie,20,Chirurgia onkologiczna,2023/001075,Pozarezydencki,70.91,3.01,17.02.2023 12:06:38,2,NIE,,
w-2023,9,28.04.2023,28.04.2023 12:30:19,57,64,Wielkopolskie,21,Chirurgia onkologiczna,2023/005189,Pozarezydencki,66.36,0.00,10.03.2023 23:08:06,2,NIE,,
w-2023,9,28.04.2023,28.04.2023 12:30:19,57,64,Wielkopolskie,22,Choroby płuc,2023/004414,Rezydencki,87.44,4.13,23.03.2023 13:34:39,1,NIE,,
w-2023,9,28.04.2023,28.04.2023 12:30:19,57,64,Wielkopolskie,23,Choroby płuc,2023/004213,Pozarezydencki,75.45,0.00,24.03.2023 16:56:57,2,NIE,,
w-2023,9,28.04.2023,28.04.2023 12:30:19,57,64,Wielkopolskie,24,Choroby płuc,2023/004832,Pozarezydencki,50.94,3.52,28.02.2023 20:35:05,2,NIE,,
w-2023,9,28.04.2023,28.04.2023 12:30:19,57,64,Wielkopolskie,25,Choroby wewnętrzne,2023/003482,Rezydencki,87.75,4.10,14.03.2023 10:03:58,16,NIE,,
w-2023,9,28.04.2023,28.04.2023 12:30:19,57,64,Wielkopolskie,26,Choroby wewnętrzne,2023/000808,Rezydencki,87.44,4.02,02.02.2023 13:44:01,16,NIE,,
w-2023,9,28.04.2023,28.04.2023 12:30:19,57,64,Wielkopolskie,27,Choroby wewnętrzne,2023/002298,Rezydencki,87.44,3.85,13.02.2023 21:39:27,16,NIE,,
w-2023,9,28.04.2023,28.04.2023 12:30:19,57,64,Wielkopolskie,28,Choroby wewnętrzne,2023/003885,Rezydencki,87.25,4.48,25.02.2023 12:43:17,16,NIE,,
w-2023,9,28.04.2023,28.04.2023 12:30:19,57,64,Wielkopolskie,29,Choroby wewnętrzne,2023/000998,Rezydencki,86.47,4.29,01.02.2023 20:51:01,16,NIE,,
w-2023,9,28.04.2023,28.04.2023 12:30:19,57,64,Wielkopolskie,30,Choroby wewnętrzne,2023/001830,Rezydencki,86.34,4.18,13.02.2023 14:56:24,16,NIE,,
w-2023,9,28.04.2023,28.04.2023 12:30:19,57,64,Wielkopolskie,31,Choroby wewnętrzne,2023/001498,Rezydencki,85.85,3.77,05.02.2023 20:21:08,16,NIE,,
w-2023,9,28.04.2023,28.04.2023 12:30:19,57,64,Wielkopolskie,32,Choroby wewnętrzne,2023/001408,Rezydencki,84.54,3.85,25.02.2023 12:45:11,16,NIE,,
w-2023,9,28.04.2023,28.04.2023 12:30:19,57,64,Wielkopolskie,33,Choroby wewnętrzne,2023/003859,Rezydencki,84.31,4.12,26.02.2023 22:41:22,16,NIE,,
w-2023,9,28.04.2023,28.04.2023 12:30:19,57,64,Wielkopolskie,34,Choroby wewnętrzne,2023/001759,Rezydencki,84.06,4.15,07.02.2023 21:56:37,16,NIE,,
w-2023,9,28.04.2023,28.04.2023 12:30:19,57,64,Wielkopolskie,35,Choroby wewnętrzne,2023/003103,Rezydencki,83.57,0.00,21.02.2023 14:56:46,16,NIE,,
w-2023,9,28.04.2023,28.04.2023 12:30:19,57,64,Wielkopolskie,36,Choroby wewnętrzne,2023/002657,Rezydencki,82.93,4.16,09.03.2023 20:28:59,16,NIE,,
w-2023,9,28.04.2023,28.04.2023 12:30:19,57,64,Wielkopolskie,37,Choroby wewnętrzne,2023/005310,Rezydencki,82.86,0.00,14.03.2023 19:51:11,16,NIE,,
w-2023,9,28.04.2023,28.04.2023 12:30:19,57,64,Wielkopolskie,38,Choroby wewnętrzne,2023/003654,Rezydencki,79.71,4.35,15.03.2023 22:23:22,16,NIE,,
w-2023,9,28.04.2023,28.04.2023 12:30:19,57,64,Wielkopolskie,39,Choroby wewnętrzne,2023/003686,Rezydencki,77.94,3.28,28.02.2023 20:13:03,16,NIE,,
w-2023,9,28.04.2023,28.04.2023 12:30:19,57,64,Wielkopolskie,40,Choroby wewnętrzne,2023/001145,Rezydencki,74.51,3.23,23.02.2023 17:45:36,16,NIE,,
w-2023,9,28.04.2023,28.04.2023 12:30:19,57,64,Wielkopolskie,41,Choroby wewnętrzne,2023/002967,Pozarezydencki,78.77,0.00,15.03.2023 07:22:22,1,NIE,,
w-2023,9,28.04.2023,28.04.2023 12:30:19,57,64,Wielkopolskie,42,Dermatologia i wenerologia,2023/003331,Pozarezydencki,85.25,4.16,22.02.2023 21:59:52,1,NIE,,
w-2023,9,28.04.2023,28.04.2023 12:30:19,57,64,Wielkopolskie,43,Diabetologia,2023/005345,Rezydencki,88.41,4.08,28.02.2023 23:22:45,1,NIE,,
w-2023,9,28.04.2023,28.04.2023 12:30:19,57,64,Wielkopolskie,44,Diabetologia,2023/004200,Pozarezydencki,82.95,3.58,27.02.2023 18:34:36,2,NIE,,
w-2023,9,28.04.2023,28.04.2023 12:30:19,57,64,Wielkopolskie,45,Diabetologia,2023/002267,Pozarezydencki,80.00,4.42,05.03.2023 12:27:47,2,NIE,,
w-2023,9,28.04.2023,28.04.2023 12:30:19,57,64,Wielkopolskie,46,Endokrynologia,2023/003912,Rezydencki,90.69,3.86,27.02.2023 03:00:24,2,NIE,,
w-2023,9,28.04.2023,28.04.2023 12:30:19,57,64,Wielkopolskie,47,Endokrynologia,2023/005271,Rezydencki,89.86,4.61,01.03.2023 17:43:00,2,NIE,,
w-2023,9,28.04.2023,28.04.2023 12:30:19,57,64,Wielkopolskie,48,Endokrynologia,2023/003502,Pozarezydencki,85.75,4.22,09.03.2023 17:07:40,2,NIE,,
w-2023,9,28.04.2023,28.04.2023 12:30:19,58,64,Wielkopolskie,49,Endokrynologia,2023/004641,Pozarezydencki,84.55,4.27,27.02.2023 21:26:44,2,NIE,,
w-2023,9,28.04.2023,28.04.2023 12:30:19,58,64,Wielkopolskie,50,Endokrynologia i diabetologia dziecięca,2023/002685,Pozarezydencki,75.68,4.61,24.02.2023 16:24:14,1,NIE,,
w-2023,9,28.04.2023,28.04.2023 12:30:19,58,64,Wielkopolskie,51,Gastroenterologia,2023/003671,Pozarezydencki,80.37,3.87,09.03.2023 13:35:51,2,NIE,,
w-2023,9,28.04.2023,28.04.2023 12:30:19,58,64,Wielkopolskie,52,Gastroenterologia,2023/004498,Pozarezydencki,72.43,3.84,10.03.2023 20:13:27,2,NIE,,
w-2023,9,28.04.2023,28.04.2023 12:30:19,58,64,Wielkopolskie,53,Genetyka kliniczna,2023/004935,Rezydencki,88.57,4.03,28.02.2023 22:00:23,1,NIE,,
w-2023,9,28.04.2023,28.04.2023 12:30:19,58,64,Wielkopolskie,54,Geriatria,2023/003956,Pozarezydencki,68.06,3.39,23.03.2023 19:38:11,1,NIE,,
w-2023,9,28.04.2023,28.04.2023 12:30:19,58,64,Wielkopolskie,55,Ginekologia onkologiczna,2023/002407,Pozarezydencki,89.09,4.21,09.03.2023 12:49:25,6,NIE,,
w-2023,9,28.04.2023,28.04.2023 12:30:19,58,64,Wielkopolskie,56,Ginekologia onkologiczna,2023/003265,Pozarezydencki,87.50,3.31,20.03.2023 08:22:06,6,NIE,,
w-2023,9,28.04.2023,28.04.2023 12:30:19,58,64,Wielkopolskie,57,Ginekologia onkologiczna,2023/001777,Pozarezydencki,86.82,0.00,12.03.2023 15:58:37,6,NIE,,
w-2023,9,28.04.2023,28.04.2023 12:30:19,58,64,Wielkopolskie,58,Ginekologia onkologiczna,2023/004606,Pozarezydencki,84.55,4.70,14.03.2023 20:44:32,6,NIE,,
w-2023,9,28.04.2023,28.04.2023 12:30:19,58,64,Wielkopolskie,59,Ginekologia onkologiczna,2023/001482,Pozarezydencki,80.00,4.26,15.02.2023 21:38:43,6,NIE,,
w-2023,9,28.04.2023,28.04.2023 12:30:19,58,64,Wielkopolskie,60,Ginekologia onkologiczna,2023/004270,Pozarezydencki,79.64,3.19,14.03.2023 12:46:24,6,NIE,,
w-2023,9,28.04.2023,28.04.2023 12:30:19,58,64,Wielkopolskie,61,Kardiologia,2023/001406,Rezydencki,90.20,4.58,27.02.2023 00:49:45,2,NIE,,
w-2023,9,28.04.2023,28.04.2023 12:30:19,58,64,Wielkopolskie,62,Kardiologia,2023/004216,Rezydencki,89.37,4.12,28.02.2023 23:18:04,2,NIE,,
w-2023,9,28.04.2023,28.04.2023 12:30:19,58,64,Wielkopolskie,63,Kardiologia,2023/003834,Pozarezydencki,84.55,0.00,08.03.2023 17:57:43,2,NIE,,
w-2023,9,28.04.2023,28.04.2023 12:30:19,58,64,Wielkopolskie,64,Kardiologia,2023/002694,Pozarezydencki,80.00,4.15,26.02.2023 13:19:23,2,NIE,,
w-2023,9,28.04.2023,28.04.2023 12:30:19,58,64,Wielkopolskie,65,Kardiologia dziecięca,2023/003327,Pozarezydencki,83.41,4.76,09.03.2023 13:54:37,1,NIE,,
w-2023,9,28.04.2023,28.04.2023 12:30:19,58,64,Wielkopolskie,66,Medycyna paliatywna,2023/004007,Pozarezydencki,62.05,3.86,13.03.2023 13:02:05,1,NIE,,
w-2023,9,28.04.2023,28.04.2023 12:30:19,58,64,Wielkopolskie,67,Medycyna pracy,2023/002492,Pozarezydencki,84.55,3.06,15.02.2023 19:32:55,3,NIE,,
w-2023,9,28.04.2023,28.04.2023 12:30:19,58,64,Wielkopolskie,68,Medycyna pracy,2023/000933,Pozarezydencki,76.91,3.61,16.03.2023 18:02:05,3,NIE,,
w-2023,9,28.04.2023,28.04.2023 12:30:19,58,64,Wielkopolskie,69,Medycyna pracy,2023/004834,Pozarezydencki,74.55,0.00,28.03.2023 17:29:05,3,NIE,,
w-2023,9,28.04.2023,28.04.2023 12:30:19,58,64,Wielkopolskie,70,Medycyna ratunkowa,2023/001925,Rezydencki,82.93,3.81,27.02.2023 21:25:11,2,NIE,,
w-2023,9,28.04.2023,28.04.2023 12:30:19,58,64,Wielkopolskie,71,Medycyna ratunkowa,2023/004491,Rezydencki,73.17,3.79,27.02.2023 15:22:27,2,NIE,,
w-2023,9,28.04.2023,28.04.2023 12:30:19,58,64,Wielkopolskie,72,Medycyna ratunkowa,2023/002000,Pozarezydencki,75.45,3.40,10.02.2023 17:53:30,3,NIE,,
w-2023,9,28.04.2023,28.04.2023 12:30:19,58,64,Wielkopolskie,73,Medycyna ratunkowa,2023/001068,Pozarezydencki,66.04,3.38,17.03.2023 09:51:08,3,NIE,,
w-2023,9,28.04.2023,28.04.2023 12:30:19,58,64,Wielkopolskie,74,Medycyna ratunkowa,2023/004795,Pozarezydencki,59.26,0.00,27.02.2023 23:55:37,3,NIE,,
w-2023,9,28.04.2023,28.04.2023 12:30:19,58,64,Wielkopolskie,75,Medycyna rodzinna,2023/001590,Rezydencki,88.65,4.88,03.03.2023 09:51:43,16,NIE,,
w-2023,9,28.04.2023,28.04.2023 12:30:19,58,64,Wielkopolskie,76,Medycyna rodzinna,2023/001623,Rezydencki,87.44,4.35,06.02.2023 20:15:05,16,NIE,,
w-2023,9,28.04.2023,28.04.2023 12:30:19,58,64,Wielkopolskie,77,Medycyna rodzinna,2023/004600,Rezydencki,86.96,3.98,27.02.2023 20:03:12,16,NIE,,
w-2023,9,28.04.2023,28.04.2023 12:30:19,58,64,Wielkopolskie,78,Medycyna rodzinna,2023/001258,Rezydencki,86.47,4.06,21.02.2023 19:46:12,16,NIE,,
w-2023,9,28.04.2023,28.04.2023 12:30:19,58,64,Wielkopolskie,79,Medycyna rodzinna,2023/002190,Rezydencki,86.47,3.86,25.02.2023 12:31:18,16,NIE,,
w-2023,9,28.04.2023,28.04.2023 12:30:19,58,64,Wielkopolskie,80,Medycyna rodzinna,2023/004580,Rezydencki,86.34,4.18,27.02.2023 19:34:01,16,NIE,,
w-2023,9,28.04.2023,28.04.2023 12:30:19,58,64,Wielkopolskie,81,Medycyna rodzinna,2023/000827,Rezydencki,85.29,3.05,23.02.2023 08:52:02,16,NIE,,
w-2023,9,28.04.2023,28.04.2023 12:30:19,58,64,Wielkopolskie,82,Medycyna rodzinna,2023/004754,Rezydencki,85.24,4.35,27.02.2023 22:51:01,16,NIE,,
w-2023,9,28.04.2023,28.04.2023 12:30:19,58,64,Wielkopolskie,83,Medycyna rodzinna,2023/003732,Rezydencki,84.88,3.98,26.02.2023 14:18:02,16,NIE,,
w-2023,9,28.04.2023,28.04.2023 12:30:19,58,64,Wielkopolskie,84,Medycyna rodzinna,2023/001567,Rezydencki,84.54,4.03,27.02.2023 03:04:40,16,NIE,,
w-2023,9,28.04.2023,28.04.2023 12:30:19,58,64,Wielkopolskie,85,Medycyna rodzinna,2023/003185,Rezydencki,82.44,3.98,21.02.2023 22:08:26,16,NIE,,
w-2023,9,28.04.2023,28.04.2023 12:30:19,58,64,Wielkopolskie,86,Medycyna rodzinna,2023/003893,Rezydencki,81.37,3.70,19.03.2023 21:40:58,16,NIE,,
w-2023,9,28.04.2023,28.04.2023 12:30:19,59,64,Wielkopolskie,87,Medycyna rodzinna,2023/003636,Rezydencki,78.10,3.50,11.03.2023 19:09:10,16,NIE,,
w-2023,9,28.04.2023,28.04.2023 12:30:19,59,64,Wielkopolskie,88,Medycyna rodzinna,2023/001096,Rezydencki,77.56,3.34,02.02.2023 12:37:19,16,NIE,,
w-2023,9,28.04.2023,28.04.2023 12:30:19,59,64,Wielkopolskie,89,Medycyna rodzinna,2023/005236,Rezydencki,72.60,3.81,20.03.2023 17:59:38,16,NIE,,
w-2023,9,28.04.2023,28.04.2023 12:30:19,59,64,Wielkopolskie,90,Medycyna rodzinna,2023/005188,Rezydencki,69.12,3.16,14.03.2023 23:34:40,16,NIE,,
w-2023,9,28.04.2023,28.04.2023 12:30:19,59,64,Wielkopolskie,91,Medycyna rodzinna,2023/003050,Pozarezydencki,79.72,4.04,27.02.2023 21:41:34,4,NIE,,
w-2023,9,28.04.2023,28.04.2023 12:30:19,59,64,Wielkopolskie,92,Medycyna rodzinna,2023/004366,Pozarezydencki,68.18,0.00,13.03.2023 09:56:01,4,NIE,,
w-2023,9,28.04.2023,28.04.2023 12:30:19,59,64,Wielkopolskie,93,Medycyna rodzinna,2023/003487,Pozarezydencki,56.02,2.90,23.02.2023 11:50:43,4,NIE,,
w-2023,9,28.04.2023,28.04.2023 12:30:19,59,64,Wielkopolskie,94,Medycyna rodzinna,2023/001963,Pozarezydencki,45.62,3.78,10.02.2023 08:37:44,4,NIE,,
w-2023,9,28.04.2023,28.04.2023 12:30:19,59,64,Wielkopolskie,95,Nefrologia,2023/001194,Pozarezydencki,72.22,0.00,03.03.2023 16:52:31,1,NIE,,
w-2023,9,28.04.2023,28.04.2023 12:30:19,59,64,Wielkopolskie,96,Neonatologia,2023/000899,Rezydencki,74.88,0.00,01.02.2023 14:31:42,2,NIE,,
w-2023,9,28.04.2023,28.04.2023 12:30:19,59,64,Wielkopolskie,97,Neonatologia,2023/004734,Rezydencki,69.12,3.87,28.02.2023 15:25:47,2,NIE,,
w-2023,9,28.04.2023,28.04.2023 12:30:19,59,64,Wielkopolskie,98,Neurochirurgia,2023/003058,Rezydencki,82.35,4.44,28.02.2023 15:08:51,1,NIE,,
w-2023,9,28.04.2023,28.04.2023 12:30:19,59,64,Wielkopolskie,99,Neurochirurgia,2023/005280,Pozarezydencki,74.55,0.00,28.02.2023 22:23:04,1,NIE,,
w-2023,9,28.04.2023,28.04.2023 12:30:19,59,64,Wielkopolskie,100,Neurologia,2023/001589,Rezydencki,88.41,4.58,27.02.2023 13:53:17,7,NIE,,
w-2023,9,28.04.2023,28.04.2023 12:30:19,59,64,Wielkopolskie,101,Neurologia,2023/005360,Rezydencki,87.92,4.26,13.03.2023 23:25:33,7,NIE,,
w-2023,9,28.04.2023,28.04.2023 12:30:19,59,64,Wielkopolskie,102,Neurologia,2023/001649,Rezydencki,87.92,4.25,27.02.2023 22:41:55,7,NIE,,
w-2023,9,28.04.2023,28.04.2023 12:30:19,59,64,Wielkopolskie,103,Neurologia,2023/005074,Rezydencki,87.44,3.53,28.02.2023 23:57:20,7,NIE,,
w-2023,9,28.04.2023,28.04.2023 12:30:19,59,64,Wielkopolskie,104,Neurologia,2023/003363,Rezydencki,86.76,4.42,27.02.2023 22:10:46,7,NIE,,
w-2023,9,28.04.2023,28.04.2023 12:30:19,59,64,Wielkopolskie,105,Neurologia,2023/004533,Rezydencki,82.35,3.28,17.03.2023 08:58:36,7,NIE,,
w-2023,9,28.04.2023,28.04.2023 12:30:19,59,64,Wielkopolskie,106,Neurologia,2023/004146,Rezydencki,77.29,3.41,28.02.2023 17:12:15,7,NIE,,
w-2023,9,28.04.2023,28.04.2023 12:30:19,59,64,Wielkopolskie,107,Neurologia dziecięca,2023/002523,Pozarezydencki,75.91,4.19,07.03.2023 13:47:40,1,NIE,,
w-2023,9,28.04.2023,28.04.2023 12:30:19,59,64,Wielkopolskie,108,Okulistyka,2023/003764,Rezydencki,89.95,3.88,27.02.2023 10:55:25,1,NIE,,
w-2023,9,28.04.2023,28.04.2023 12:30:19,59,64,Wielkopolskie,109,Okulistyka,2023/002591,Pozarezydencki,83.26,4.18,28.02.2023 22:33:15,1,NIE,,
w-2023,9,28.04.2023,28.04.2023 12:30:19,59,64,Wielkopolskie,110,Ortodoncja,2023/001082,Rezydencki,89.47,4.45,02.02.2023 12:11:46,3,NIE,,
w-2023,9,28.04.2023,28.04.2023 12:30:19,59,64,Wielkopolskie,111,Ortodoncja,2023/001646,Rezydencki,85.99,3.93,10.02.2023 18:59:17,3,NIE,,
w-2023,9,28.04.2023,28.04.2023 12:30:19,59,64,Wielkopolskie,112,Ortodoncja,2023/002754,Rezydencki,85.51,4.43,20.02.2023 20:40:08,3,NIE,,
w-2023,9,28.04.2023,28.04.2023 12:30:19,59,64,Wielkopolskie,113,Ortopedia i traumatologia narządu ruchu,2023/002617,Rezydencki,87.92,3.78,28.02.2023 23:58:47,5,NIE,,
w-2023,9,28.04.2023,28.04.2023 12:30:19,59,64,Wielkopolskie,114,Ortopedia i traumatologia narządu ruchu,2023/002506,Rezydencki,85.99,3.92,20.02.2023 18:34:11,5,NIE,,
w-2023,9,28.04.2023,28.04.2023 12:30:19,59,64,Wielkopolskie,115,Ortopedia i traumatologia narządu ruchu,2023/003412,Rezydencki,85.02,4.03,22.02.2023 23:17:18,5,NIE,,
w-2023,9,28.04.2023,28.04.2023 12:30:19,59,64,Wielkopolskie,116,Ortopedia i traumatologia narządu ruchu,2023/003577,Rezydencki,84.54,3.84,28.02.2023 23:52:15,5,NIE,,
w-2023,9,28.04.2023,28.04.2023 12:30:19,59,64,Wielkopolskie,117,Ortopedia i traumatologia narządu ruchu,2023/001845,Rezydencki,84.39,3.79,14.02.2023 10:49:45,5,NIE,,
w-2023,9,28.04.2023,28.04.2023 12:30:19,59,64,Wielkopolskie,118,Otorynolaryngologia,2023/003992,Rezydencki,86.76,4.06,10.03.2023 10:46:00,1,NIE,,
w-2023,9,28.04.2023,28.04.2023 12:30:19,59,64,Wielkopolskie,119,Otorynolaryngologia,2023/004161,Pozarezydencki,82.24,4.26,27.02.2023 23:38:32,3,NIE,,
w-2023,9,28.04.2023,28.04.2023 12:30:19,59,64,Wielkopolskie,120,Otorynolaryngologia,2023/002069,Pozarezydencki,80.65,3.53,27.02.2023 21:05:43,3,NIE,,
w-2023,9,28.04.2023,28.04.2023 12:30:19,59,64,Wielkopolskie,121,Otorynolaryngologia,2023/001625,Pozarezydencki,79.26,0.00,06.02.2023 20:28:03,3,NIE,,
w-2023,9,28.04.2023,28.04.2023 12:30:19,59,64,Wielkopolskie,122,Patomorfologia,2023/004025,Rezydencki,78.43,3.93,26.02.2023 11:10:24,1,NIE,,
w-2023,9,28.04.2023,28.04.2023 12:30:19,59,64,Wielkopolskie,123,Pediatria,2023/002696,Rezydencki,90.34,4.83,28.02.2023 23:03:59,10,NIE,,
w-2023,9,28.04.2023,28.04.2023 12:30:19,59,64,Wielkopolskie,124,Pediatria,2023/001370,Rezydencki,88.73,4.01,23.02.2023 23:56:48,10,NIE,,
w-2023,9,28.04.2023,28.04.2023 12:30:19,60,64,Wielkopolskie,125,Pediatria,2023/003417,Rezydencki,88.10,3.95,23.02.2023 00:02:46,10,NIE,,
w-2023,9,28.04.2023,28.04.2023 12:30:19,60,64,Wielkopolskie,126,Pediatria,2023/003407,Rezydencki,86.96,3.65,23.02.2023 09:34:39,10,NIE,,
w-2023,9,28.04.2023,28.04.2023 12:30:19,60,64,Wielkopolskie,127,Pediatria,2023/003851,Rezydencki,84.80,4.12,24.02.2023 23:44:18,10,NIE,,
w-2023,9,28.04.2023,28.04.2023 12:30:19,60,64,Wielkopolskie,128,Pediatria,2023/003529,Rezydencki,83.82,4.38,27.02.2023 19:07:31,10,NIE,,
w-2023,9,28.04.2023,28.04.2023 12:30:19,60,64,Wielkopolskie,129,Pediatria,2023/002792,Rezydencki,81.37,3.27,23.02.2023 20:43:05,10,NIE,,
w-2023,9,28.04.2023,28.04.2023 12:30:19,60,64,Wielkopolskie,130,Pediatria,2023/000920,Rezydencki,79.21,0.00,27.02.2023 22:04:42,10,NIE,,
w-2023,9,28.04.2023,28.04.2023 12:30:19,60,64,Wielkopolskie,131,Pediatria,2023/004887,Rezydencki,78.43,4.23,15.03.2023 11:08:13,10,NIE,,
w-2023,9,28.04.2023,28.04.2023 12:30:19,60,64,Wielkopolskie,132,Pediatria,2023/001720,Rezydencki,75.98,3.58,14.03.2023 14:12:37,10,NIE,,
w-2023,9,28.04.2023,28.04.2023 12:30:19,60,64,Wielkopolskie,133,Pediatria,2023/002367,Pozarezydencki,84.55,4.66,09.03.2023 08:57:17,4,NIE,,
w-2023,9,28.04.2023,28.04.2023 12:30:19,60,64,Wielkopolskie,134,Pediatria,2023/003146,Pozarezydencki,75.45,3.50,26.02.2023 11:17:45,4,NIE,,
w-2023,9,28.04.2023,28.04.2023 12:30:19,60,64,Wielkopolskie,135,Pediatria,2023/002139,Pozarezydencki,66.36,3.26,12.02.2023 15:15:25,4,NIE,,
w-2023,9,28.04.2023,28.04.2023 12:30:19,60,64,Wielkopolskie,136,Pediatria,2023/001985,Pozarezydencki,65.60,0.00,15.03.2023 08:11:54,4,NIE,,
w-2023,9,28.04.2023,28.04.2023 12:30:19,60,64,Wielkopolskie,137,Perinatologia,2023/001525,Pozarezydencki,78.64,4.66,15.03.2023 10:05:39,1,NIE,,
w-2023,9,28.04.2023,28.04.2023 12:30:19,60,64,Wielkopolskie,138,Periodontologia,2023/002800,Rezydencki,82.69,4.05,19.02.2023 15:03:03,1,NIE,,
w-2023,9,28.04.2023,28.04.2023 12:30:19,60,64,Wielkopolskie,139,Periodontologia,2023/001981,Pozarezydencki,75.45,4.28,14.03.2023 19:34:25,1,NIE,,
w-2023,9,28.04.2023,28.04.2023 12:30:19,60,64,Wielkopolskie,140,Położnictwo i ginekologia,2023/003986,Rezydencki,88.73,4.00,27.02.2023 20:09:38,8,NIE,,
w-2023,9,28.04.2023,28.04.2023 12:30:19,60,64,Wielkopolskie,141,Położnictwo i ginekologia,2023/000977,Rezydencki,84.39,4.90,26.02.2023 18:39:17,8,NIE,,
w-2023,9,28.04.2023,28.04.2023 12:30:19,60,64,Wielkopolskie,142,Położnictwo i ginekologia,2023/005182,Rezydencki,83.57,3.67,28.02.2023 21:16:14,8,NIE,,
w-2023,9,28.04.2023,28.04.2023 12:30:19,60,64,Wielkopolskie,143,Położnictwo i ginekologia,2023/004730,Rezydencki,82.13,3.39,27.02.2023 22:29:21,8,NIE,,
w-2023,9,28.04.2023,28.04.2023 12:30:19,60,64,Wielkopolskie,144,Położnictwo i ginekologia,2023/005138,Rezydencki,81.64,3.44,28.02.2023 20:10:24,8,NIE,,
w-2023,9,28.04.2023,28.04.2023 12:30:19,60,64,Wielkopolskie,145,Położnictwo i ginekologia,2023/003854,Rezydencki,80.88,3.74,28.02.2023 23:59:04,8,NIE,,
w-2023,9,28.04.2023,28.04.2023 12:30:19,60,64,Wielkopolskie,146,Położnictwo i ginekologia,2023/003360,Rezydencki,80.64,4.23,24.02.2023 19:25:42,8,NIE,,
w-2023,9,28.04.2023,28.04.2023 12:30:19,60,64,Wielkopolskie,147,Położnictwo i ginekologia,2023/004755,Rezydencki,79.02,3.69,28.02.2023 13:40:53,8,NIE,,
w-2023,9,28.04.2023,28.04.2023 12:30:19,60,64,Wielkopolskie,148,Psychiatria,2023/004145,Rezydencki,89.37,0.00,12.03.2023 16:59:41,15,NIE,,
w-2023,9,28.04.2023,28.04.2023 12:30:19,60,64,Wielkopolskie,149,Psychiatria,2023/003534,Rezydencki,88.73,4.59,23.02.2023 15:26:48,15,NIE,,
w-2023,9,28.04.2023,28.04.2023 12:30:19,60,64,Wielkopolskie,150,Psychiatria,2023/002913,Rezydencki,86.27,3.78,23.02.2023 18:29:59,15,NIE,,
w-2023,9,28.04.2023,28.04.2023 12:30:19,60,64,Wielkopolskie,151,Psychiatria,2023/002508,Rezydencki,85.78,3.88,08.03.2023 10:29:40,15,NIE,,
w-2023,9,28.04.2023,28.04.2023 12:30:19,60,64,Wielkopolskie,152,Psychiatria,2023/004050,Rezydencki,85.54,3.61,12.03.2023 11:44:27,15,NIE,,
w-2023,9,28.04.2023,28.04.2023 12:30:19,60,64,Wielkopolskie,153,Psychiatria,2023/002720,Rezydencki,85.02,3.69,28.02.2023 22:38:47,15,NIE,,
w-2023,9,28.04.2023,28.04.2023 12:30:19,60,64,Wielkopolskie,154,Psychiatria,2023/005048,Rezydencki,84.39,3.41,28.02.2023 17:53:26,15,NIE,,
w-2023,9,28.04.2023,28.04.2023 12:30:19,60,64,Wielkopolskie,155,Psychiatria,2023/005017,Rezydencki,84.31,3.25,28.02.2023 17:08:58,15,NIE,,
w-2023,9,28.04.2023,28.04.2023 12:30:19,60,64,Wielkopolskie,156,Psychiatria,2023/004541,Rezydencki,84.06,4.19,27.02.2023 18:38:27,15,NIE,,
w-2023,9,28.04.2023,28.04.2023 12:30:19,60,64,Wielkopolskie,157,Psychiatria,2023/001421,Rezydencki,83.57,3.97,28.02.2023 12:47:14,15,NIE,,
w-2023,9,28.04.2023,28.04.2023 12:30:19,60,64,Wielkopolskie,158,Psychiatria,2023/003825,Rezydencki,83.33,3.54,27.02.2023 16:22:42,15,NIE,,
w-2023,9,28.04.2023,28.04.2023 12:30:19,60,64,Wielkopolskie,159,Psychiatria,2023/005163,Rezydencki,82.35,0.00,28.02.2023 20:24:35,15,NIE,,
w-2023,9,28.04.2023,28.04.2023 12:30:19,60,64,Wielkopolskie,160,Psychiatria,2023/004092,Rezydencki,80.39,4.05,07.03.2023 14:21:06,15,NIE,,
w-2023,9,28.04.2023,28.04.2023 12:30:19,60,64,Wielkopolskie,161,Psychiatria,2023/004673,Rezydencki,79.71,3.85,28.02.2023 22:58:59,15,NIE,,
w-2023,9,28.04.2023,28.04.2023 12:30:19,60,64,Wielkopolskie,162,Psychiatria,2023/005037,Rezydencki,77.07,3.81,28.02.2023 16:53:55,15,NIE,,
w-2023,9,28.04.2023,28.04.2023 12:30:19,61,64,Wielkopolskie,163,Psychiatria,2023/004984,Pozarezydencki,57.27,3.16,10.03.2023 12:14:14,4,NIE,,
w-2023,9,28.04.2023,28.04.2023 12:30:19,61,64,Wielkopolskie,164,Psychiatria,2023/005160,Pozarezydencki,47.17,4.00,13.03.2023 17:47:00,4,NIE,,
w-2023,9,28.04.2023,28.04.2023 12:30:19,61,64,Wielkopolskie,165,Psychiatria,2023/002731,Pozarezydencki,0.00,3.70,21.03.2023 11:55:47,4,NIE,,
w-2023,9,28.04.2023,28.04.2023 12:30:19,61,64,Wielkopolskie,166,Psychiatria,2023/005111,Pozarezydencki,0.00,2.55,14.03.2023 13:08:45,4,NIE,,
w-2023,9,28.04.2023,28.04.2023 12:30:19,61,64,Wielkopolskie,167,Psychiatria dzieci i młodzieży,2023/001110,Pozarezydencki,86.82,0.00,11.03.2023 12:30:36,2,NIE,,
w-2023,9,28.04.2023,28.04.2023 12:30:19,61,64,Wielkopolskie,168,Psychiatria dzieci i młodzieży,2023/004594,Pozarezydencki,70.91,0.00,27.02.2023 19:52:02,2,NIE,,
w-2023,9,28.04.2023,28.04.2023 12:30:19,61,64,Wielkopolskie,169,Radiologia i diagnostyka obrazowa,2023/003869,Rezydencki,87.68,4.29,27.02.2023 19:37:09,1,NIE,,
w-2023,9,28.04.2023,28.04.2023 12:30:19,61,64,Wielkopolskie,170,Radioterapia onkologiczna,2023/003668,Pozarezydencki,76.15,0.00,23.02.2023 23:38:31,1,NIE,,
w-2023,9,28.04.2023,28.04.2023 12:30:19,61,64,Wielkopolskie,171,Rehabilitacja medyczna,2023/004435,Rezydencki,82.13,3.63,09.03.2023 10:52:37,1,NIE,,
w-2023,9,28.04.2023,28.04.2023 12:30:19,61,64,Wielkopolskie,172,Rehabilitacja medyczna,2023/003023,Pozarezydencki,70.05,3.43,28.02.2023 18:42:33,1,NIE,,
w-2023,9,28.04.2023,28.04.2023 12:30:19,61,64,Wielkopolskie,173,Reumatologia,2023/004644,Rezydencki,88.78,4.20,27.02.2023 21:10:23,1,NIE,,
w-2023,9,28.04.2023,28.04.2023 12:30:19,61,64,Wielkopolskie,174,Reumatologia,2023/002692,Pozarezydencki,78.41,4.00,26.02.2023 20:59:45,1,NIE,,
w-2023,9,28.04.2023,28.04.2023 12:30:19,61,64,Wielkopolskie,175,Seksuologia,2023/003476,Pozarezydencki,71.14,3.63,25.02.2023 21:27:47,1,NIE,,
w-2023,9,28.04.2023,28.04.2023 12:30:19,61,64,Wielkopolskie,176,Stomatologia zachowawcza z endodoncją,2023/004926,Rezydencki,81.34,4.03,28.02.2023 11:58:30,1,NIE,,
w-2023,9,28.04.2023,28.04.2023 12:30:19,61,64,Wielkopolskie,177,Transplantologia kliniczna,2023/004505,Pozarezydencki,83.64,3.22,15.03.2023 19:05:13,3,NIE,,
w-2023,9,28.04.2023,28.04.2023 12:30:19,61,64,Wielkopolskie,178,Transplantologia kliniczna,2023/003835,Pozarezydencki,80.91,4.40,09.03.2023 21:13:02,3,NIE,,
w-2023,9,28.04.2023,28.04.2023 12:30:19,61,64,Wielkopolskie,179,Transplantologia kliniczna,2023/002716,Pozarezydencki,74.06,0.00,09.03.2023 09:18:53,3,NIE,,
w-2023,9,28.04.2023,28.04.2023 12:30:19,61,64,Wielkopolskie,180,Urologia,2023/004137,Rezydencki,88.73,4.18,27.02.2023 17:50:37,2,NIE,,
w-2023,9,28.04.2023,28.04.2023 12:30:19,61,64,Wielkopolskie,181,Urologia,2023/003395,Rezydencki,81.37,4.03,23.02.2023 17:06:37,2,NIE,,
w-2023,9,28.04.2023,28.04.2023 12:30:19,61,64,Wielkopolskie,1,Endokrynologia,2023/000987,Rezydencki,89.86,4.68,15.03.2023 08:55:00,1,TAK,UNIWERSYTECKI SZPITAL KLINICZNY W POZNANIU,"Oddział Kliniczny Endokrynologii, Przemiany Materii i Chorób Wewnętrznych"
w-2023,9,28.04.2023,28.04.2023 12:30:19,61,64,Wielkopolskie,1,Hematologia,2023/002880,Rezydencki,67.31,3.74,19.02.2023 23:40:06,1,TAK,UNIWERSYTECKI SZPITAL KLINICZNY W POZNANIU,Oddział Hematologii i Transplantacji Szpiku
w-2023,9,28.04.2023,28.04.2023 12:30:19,61,64,Zachodniopomorskie,1,Anestezjologia i intensywna terapia,2023/000894,Rezydencki,85.78,4.20,23.02.2023 08:51:59,2,NIE,,
w-2023,9,28.04.2023,28.04.2023 12:30:19,61,64,Zachodniopomorskie,2,Anestezjologia i intensywna terapia,2023/000926,Rezydencki,80.68,3.58,01.02.2023 16:00:12,2,NIE,,
w-2023,9,28.04.2023,28.04.2023 12:30:19,61,64,Zachodniopomorskie,3,Audiologia i foniatria,2023/001986,Rezydencki,57.00,3.49,28.02.2023 22:41:27,1,NIE,,
w-2023,9,28.04.2023,28.04.2023 12:30:19,61,64,Zachodniopomorskie,4,Chirurgia ogólna,2023/002928,Rezydencki,84.80,4.38,28.02.2023 22:47:13,5,NIE,,
w-2023,9,28.04.2023,28.04.2023 12:30:19,61,64,Zachodniopomorskie,5,Chirurgia ogólna,2023/002400,Rezydencki,82.13,3.65,14.02.2023 23:09:03,5,NIE,,
w-2023,9,28.04.2023,28.04.2023 12:30:19,62,64,Zachodniopomorskie,6,Chirurgia ogólna,2023/005121,Rezydencki,70.05,3.80,29.03.2023 11:35:38,5,NIE,,
w-2023,9,28.04.2023,28.04.2023 12:30:19,62,64,Zachodniopomorskie,7,Chirurgia ogólna,2023/001615,Rezydencki,66.99,4.13,30.03.2023 21:34:20,5,NIE,,
w-2023,9,28.04.2023,28.04.2023 12:30:19,62,64,Zachodniopomorskie,8,Chirurgia ogólna,2023/001969,Rezydencki,0.00,2.81,14.03.2023 18:47:21,5,NIE,,
w-2023,9,28.04.2023,28.04.2023 12:30:19,62,64,Zachodniopomorskie,9,Chirurgia ogólna,2023/004894,Pozarezydencki,48.85,0.00,26.03.2023 14:19:27,1,NIE,,
w-2023,9,28.04.2023,28.04.2023 12:30:19,62,64,Zachodniopomorskie,10,Chirurgia onkologiczna,2023/002844,Pozarezydencki,75.68,0.00,20.02.2023 09:37:29,1,NIE,,
w-2023,9,28.04.2023,28.04.2023 12:30:19,62,64,Zachodniopomorskie,11,Chirurgia plastyczna,2023/000842,Rezydencki,89.71,3.94,09.03.2023 14:42:04,1,NIE,,
w-2023,9,28.04.2023,28.04.2023 12:30:19,62,64,Zachodniopomorskie,12,Chirurgia plastyczna,2023/004769,Pozarezydencki,85.05,4.09,28.02.2023 22:39:41,2,NIE,,
w-2023,9,28.04.2023,28.04.2023 12:30:19,62,64,Zachodniopomorskie,13,Chirurgia plastyczna,2023/003018,Pozarezydencki,84.77,3.99,20.02.2023 22:21:27,2,NIE,,
w-2023,9,28.04.2023,28.04.2023 12:30:19,62,64,Zachodniopomorskie,14,Chirurgia szczękowo-twarzowa,2023/004472,Rezydencki,86.60,3.88,27.02.2023 14:19:39,1,NIE,,
w-2023,9,28.04.2023,28.04.2023 12:30:19,62,64,Zachodniopomorskie,15,Choroby wewnętrzne,2023/003361,Rezydencki,84.31,3.82,21.03.2023 10:43:44,9,NIE,,
w-2023,9,28.04.2023,28.04.2023 12:30:19,62,64,Zachodniopomorskie,16,Choroby wewnętrzne,2023/003972,Rezydencki,83.33,4.06,25.02.2023 20:36:04,9,NIE,,
w-2023,9,28.04.2023,28.04.2023 12:30:19,62,64,Zachodniopomorskie,17,Choroby wewnętrzne,2023/005174,Rezydencki,79.71,4.25,29.03.2023 20:18:20,9,NIE,,
w-2023,9,28.04.2023,28.04.2023 12:30:19,62,64,Zachodniopomorskie,18,Choroby wewnętrzne,2023/003278,Rezydencki,72.06,0.00,13.03.2023 15:21:57,9,NIE,,
w-2023,9,28.04.2023,28.04.2023 12:30:19,62,64,Zachodniopomorskie,19,Choroby wewnętrzne,2023/002458,Rezydencki,70.05,3.62,15.02.2023 13:28:10,9,NIE,,
w-2023,9,28.04.2023,28.04.2023 12:30:19,62,64,Zachodniopomorskie,20,Choroby wewnętrzne,2023/003342,Rezydencki,63.83,4.07,16.03.2023 11:07:21,9,NIE,,
w-2023,9,28.04.2023,28.04.2023 12:30:19,62,64,Zachodniopomorskie,21,Choroby wewnętrzne,2023/002644,Rezydencki,63.29,3.62,27.02.2023 17:01:51,9,NIE,,
w-2023,9,28.04.2023,28.04.2023 12:30:19,62,64,Zachodniopomorskie,22,Choroby wewnętrzne,2023/003769,Rezydencki,59.62,0.00,24.02.2023 15:44:55,9,NIE,,
w-2023,9,28.04.2023,28.04.2023 12:30:19,62,64,Zachodniopomorskie,23,Choroby wewnętrzne,2023/002293,Rezydencki,54.63,3.82,26.02.2023 20:59:36,9,NIE,,
w-2023,9,28.04.2023,28.04.2023 12:30:19,62,64,Zachodniopomorskie,24,Dermatologia i wenerologia,2023/004718,Rezydencki,90.20,0.00,28.02.2023 17:30:35,3,NIE,,
w-2023,9,28.04.2023,28.04.2023 12:30:19,62,64,Zachodniopomorskie,25,Dermatologia i wenerologia,2023/002902,Rezydencki,89.95,3.95,17.03.2023 19:07:23,3,NIE,,
w-2023,9,28.04.2023,28.04.2023 12:30:19,62,64,Zachodniopomorskie,26,Dermatologia i wenerologia,2023/003929,Rezydencki,89.71,4.18,15.03.2023 17:15:33,3,NIE,,
w-2023,9,28.04.2023,28.04.2023 12:30:19,62,64,Zachodniopomorskie,27,Diabetologia,2023/002377,Pozarezydencki,66.20,4.45,15.02.2023 12:23:01,2,NIE,,
w-2023,9,28.04.2023,28.04.2023 12:30:19,62,64,Zachodniopomorskie,28,Diabetologia,2023/005128,Pozarezydencki,63.64,0.00,26.03.2023 21:15:22,2,NIE,,
w-2023,9,28.04.2023,28.04.2023 12:30:19,62,64,Zachodniopomorskie,29,Endokrynologia,2023/001121,Rezydencki,92.27,4.86,17.02.2023 18:21:23,2,NIE,,
w-2023,9,28.04.2023,28.04.2023 12:30:19,62,64,Zachodniopomorskie,30,Endokrynologia,2023/003149,Rezydencki,90.10,4.38,23.02.2023 08:31:50,2,NIE,,
w-2023,9,28.04.2023,28.04.2023 12:30:19,62,64,Zachodniopomorskie,31,Gastroenterologia,2023/004192,Rezydencki,85.54,4.09,27.02.2023 22:04:18,1,NIE,,
w-2023,9,28.04.2023,28.04.2023 12:30:19,62,64,Zachodniopomorskie,32,Gastroenterologia,2023/003632,Pozarezydencki,89.09,4.77,16.03.2023 05:59:38,1,NIE,,
w-2023,9,28.04.2023,28.04.2023 12:30:19,62,64,Zachodniopomorskie,33,Ginekologia onkologiczna,2023/003484,Pozarezydencki,84.55,4.35,04.03.2023 14:11:32,1,NIE,,
w-2023,9,28.04.2023,28.04.2023 12:30:19,62,64,Zachodniopomorskie,34,Immunologia kliniczna,2023/002874,Pozarezydencki,89.09,4.63,24.02.2023 09:22:10,1,NIE,,
w-2023,9,28.04.2023,28.04.2023 12:30:19,62,64,Zachodniopomorskie,35,Kardiologia,2023/000999,Rezydencki,88.89,4.38,04.02.2023 23:27:39,1,NIE,,
w-2023,9,28.04.2023,28.04.2023 12:30:19,62,64,Zachodniopomorskie,36,Kardiologia dziecięca,2023/000924,Rezydencki,82.61,3.26,24.03.2023 18:27:07,1,NIE,,
w-2023,9,28.04.2023,28.04.2023 12:30:19,62,64,Zachodniopomorskie,37,Medycyna paliatywna,2023/001990,Pozarezydencki,66.36,3.67,24.02.2023 00:21:00,1,NIE,,
w-2023,9,28.04.2023,28.04.2023 12:30:19,62,64,Zachodniopomorskie,38,Medycyna pracy,2023/002143,Pozarezydencki,89.09,0.00,13.03.2023 18:18:41,2,NIE,,
w-2023,9,28.04.2023,28.04.2023 12:30:19,62,64,Zachodniopomorskie,39,Medycyna pracy,2023/002390,Pozarezydencki,61.82,3.51,23.03.2023 21:41:25,2,NIE,,
w-2023,9,28.04.2023,28.04.2023 12:30:19,62,64,Zachodniopomorskie,40,Medycyna ratunkowa,2023/005016,Pozarezydencki,53.67,0.00,07.03.2023 09:09:17,1,NIE,,
w-2023,9,28.04.2023,28.04.2023 12:30:19,62,64,Zachodniopomorskie,41,Medycyna rodzinna,2023/004484,Rezydencki,86.47,3.92,20.03.2023 19:25:57,5,NIE,,
w-2023,9,28.04.2023,28.04.2023 12:30:19,62,64,Zachodniopomorskie,42,Medycyna rodzinna,2023/000847,Rezydencki,79.05,3.54,16.02.2023 17:37:35,5,NIE,,
w-2023,9,28.04.2023,28.04.2023 12:30:19,62,64,Zachodniopomorskie,43,Medycyna rodzinna,2023/001348,Rezydencki,78.26,3.86,28.02.2023 00:16:16,5,NIE,,
w-2023,9,28.04.2023,28.04.2023 12:30:19,63,64,Zachodniopomorskie,44,Medycyna rodzinna,2023/004026,Rezydencki,70.05,3.75,26.02.2023 13:24:19,5,NIE,,
w-2023,9,28.04.2023,28.04.2023 12:30:19,63,64,Zachodniopomorskie,45,Medycyna rodzinna,2023/003445,Rezydencki,67.65,3.48,23.02.2023 22:57:13,5,NIE,,
w-2023,9,28.04.2023,28.04.2023 12:30:19,63,64,Zachodniopomorskie,46,Medycyna rodzinna,2023/001069,Pozarezydencki,73.49,3.39,29.03.2023 13:34:15,1,NIE,,
w-2023,9,28.04.2023,28.04.2023 12:30:19,63,64,Zachodniopomorskie,47,Nefrologia,2023/000807,Rezydencki,74.40,0.00,27.02.2023 23:23:26,1,NIE,,
w-2023,9,28.04.2023,28.04.2023 12:30:19,63,64,Zachodniopomorskie,48,Nefrologia dziecięca,2023/002255,Pozarezydencki,66.36,3.86,13.02.2023 15:52:23,1,NIE,,
w-2023,9,28.04.2023,28.04.2023 12:30:19,63,64,Zachodniopomorskie,49,Neonatologia,2023/003098,Rezydencki,70.05,3.54,22.02.2023 18:43:03,1,NIE,,
w-2023,9,28.04.2023,28.04.2023 12:30:19,63,64,Zachodniopomorskie,50,Neurologia,2023/003313,Rezydencki,84.31,4.27,25.02.2023 16:06:20,1,NIE,,
w-2023,9,28.04.2023,28.04.2023 12:30:19,63,64,Zachodniopomorskie,51,Neurologia dziecięca,2023/002652,Pozarezydencki,70.45,3.84,20.03.2023 23:27:18,1,NIE,,
w-2023,9,28.04.2023,28.04.2023 12:30:19,63,64,Zachodniopomorskie,52,Okulistyka,2023/001726,Rezydencki,89.71,4.36,23.02.2023 22:06:11,1,NIE,,
w-2023,9,28.04.2023,28.04.2023 12:30:19,63,64,Zachodniopomorskie,53,Okulistyka,2023/001264,Pozarezydencki,82.49,3.83,07.02.2023 21:40:45,2,NIE,,
w-2023,9,28.04.2023,28.04.2023 12:30:19,63,64,Zachodniopomorskie,54,Okulistyka,2023/004406,Pozarezydencki,81.86,3.87,27.02.2023 11:09:26,2,NIE,,
w-2023,9,28.04.2023,28.04.2023 12:30:19,63,64,Zachodniopomorskie,55,Onkologia kliniczna,2023/001816,Pozarezydencki,61.82,0.00,08.03.2023 10:18:07,1,NIE,,
w-2023,9,28.04.2023,28.04.2023 12:30:19,63,64,Zachodniopomorskie,56,Ortodoncja,2023/002778,Rezydencki,85.51,4.41,19.02.2023 12:40:33,1,NIE,,
w-2023,9,28.04.2023,28.04.2023 12:30:19,63,64,Zachodniopomorskie,57,Ortodoncja,2023/002241,Pozarezydencki,83.86,4.33,31.03.2023 12:50:56,1,NIE,,
w-2023,9,28.04.2023,28.04.2023 12:30:19,63,64,Zachodniopomorskie,58,Otorynolaryngologia,2023/001193,Rezydencki,83.57,3.77,13.02.2023 00:20:01,1,NIE,,
w-2023,9,28.04.2023,28.04.2023 12:30:19,63,64,Zachodniopomorskie,59,Otorynolaryngologia dziecięca,2023/003955,Rezydencki,82.13,4.33,27.02.2023 19:11:02,1,NIE,,
w-2023,9,28.04.2023,28.04.2023 12:30:19,63,64,Zachodniopomorskie,60,Patomorfologia,2023/001705,Rezydencki,80.68,3.91,22.02.2023 12:57:02,1,NIE,,
w-2023,9,28.04.2023,28.04.2023 12:30:19,63,64,Zachodniopomorskie,61,Patomorfologia,2023/005033,Pozarezydencki,74.30,4.31,27.03.2023 18:22:22,1,NIE,,
w-2023,9,28.04.2023,28.04.2023 12:30:19,63,64,Zachodniopomorskie,62,Pediatria,2023/001991,Rezydencki,84.78,4.31,10.02.2023 15:51:14,1,NIE,,
w-2023,9,28.04.2023,28.04.2023 12:30:19,63,64,Zachodniopomorskie,63,Perinatologia,2023/003551,Pozarezydencki,78.18,4.64,27.03.2023 00:44:23,1,NIE,,
w-2023,9,28.04.2023,28.04.2023 12:30:19,63,64,Zachodniopomorskie,64,Periodontologia,2023/001457,Rezydencki,80.68,3.39,20.03.2023 17:00:58,1,NIE,,
w-2023,9,28.04.2023,28.04.2023 12:30:19,63,64,Zachodniopomorskie,65,Położnictwo i ginekologia,2023/003819,Rezydencki,84.31,4.35,24.02.2023 20:36:25,3,NIE,,
w-2023,9,28.04.2023,28.04.2023 12:30:19,63,64,Zachodniopomorskie,66,Położnictwo i ginekologia,2023/003724,Rezydencki,82.84,4.34,24.02.2023 12:07:23,3,NIE,,
w-2023,9,28.04.2023,28.04.2023 12:30:19,63,64,Zachodniopomorskie,67,Położnictwo i ginekologia,2023/001639,Rezydencki,81.37,4.08,24.03.2023 13:35:55,3,NIE,,
w-2023,9,28.04.2023,28.04.2023 12:30:19,63,64,Zachodniopomorskie,68,Psychiatria,2023/003980,Rezydencki,85.99,4.00,26.02.2023 23:56:19,4,NIE,,
w-2023,9,28.04.2023,28.04.2023 12:30:19,63,64,Zachodniopomorskie,69,Psychiatria,2023/000803,Rezydencki,79.41,3.90,28.02.2023 21:52:09,4,NIE,,
w-2023,9,28.04.2023,28.04.2023 12:30:19,63,64,Zachodniopomorskie,70,Psychiatria,2023/001089,Rezydencki,74.15,3.57,14.03.2023 15:24:53,4,NIE,,
w-2023,9,28.04.2023,28.04.2023 12:30:19,63,64,Zachodniopomorskie,71,Psychiatria,2023/001932,Rezydencki,71.98,3.94,17.03.2023 12:19:59,4,NIE,,
w-2023,9,28.04.2023,28.04.2023 12:30:19,63,64,Zachodniopomorskie,72,Psychiatria dzieci i młodzieży,2023/003623,Rezydencki,83.82,3.51,15.03.2023 16:40:02,1,NIE,,
w-2023,9,28.04.2023,28.04.2023 12:30:19,63,64,Zachodniopomorskie,73,Radiologia i diagnostyka obrazowa,2023/003731,Rezydencki,88.73,4.06,28.02.2023 17:25:04,5,NIE,,
w-2023,9,28.04.2023,28.04.2023 12:30:19,63,64,Zachodniopomorskie,74,Radiologia i diagnostyka obrazowa,2023/003025,Rezydencki,87.44,3.98,15.03.2023 15:05:56,5,NIE,,
w-2023,9,28.04.2023,28.04.2023 12:30:19,63,64,Zachodniopomorskie,75,Radiologia i diagnostyka obrazowa,2023/000789,Rezydencki,87.25,3.50,10.03.2023 17:05:15,5,NIE,,
w-2023,9,28.04.2023,28.04.2023 12:30:19,63,64,Zachodniopomorskie,76,Radiologia i diagnostyka obrazowa,2023/005086,Rezydencki,86.76,3.43,28.02.2023 23:41:33,5,NIE,,
w-2023,9,28.04.2023,28.04.2023 12:30:19,63,64,Zachodniopomorskie,77,Radiologia i diagnostyka obrazowa,2023/003940,Rezydencki,86.71,3.97,27.02.2023 15:32:49,5,NIE,,
w-2023,9,28.04.2023,28.04.2023 12:30:19,63,64,Zachodniopomorskie,78,Radiologia i diagnostyka obrazowa,2023/003973,Pozarezydencki,80.84,4.00,25.02.2023 20:48:00,1,NIE,,
w-2023,9,28.04.2023,28.04.2023 12:30:19,63,64,Zachodniopomorskie,79,Rehabilitacja medyczna,2023/000930,Rezydencki,89.71,4.09,23.02.2023 22:15:53,2,NIE,,
w-2023,9,28.04.2023,28.04.2023 12:30:19,63,64,Zachodniopomorskie,80,Rehabilitacja medyczna,2023/001045,Rezydencki,54.37,3.79,20.03.2023 10:13:51,2,NIE,,
w-2023,9,28.04.2023,28.04.2023 12:30:19,63,64,Zachodniopomorskie,81,Transplantologia kliniczna,2023/001690,Pozarezydencki,72.90,4.27,08.03.2023 13:01:31,1,NIE,,
