rekrutacja,kolejność_plików,publication_date,print_datetime,page,page_total,wojewodztwo,lp,dziedzina_medycyny,numer_wniosku,tryb_szkolenia,punktacja_proc,srednia_arytmetyczna,data_zlozenia_wniosku,ilość_zakwalifikowanych_w_trybie,czy_miejsca_doktoranckie,doktoranckie_podmiot,doktoranckie_jednostka
w-2026,15,14.04.2026,14.04.2026 12:16:11,1,85,Dolnośląskie,1,Anestezjologia i intensywna terapia,2026/011608,Rezydencki,88.52,4.54,28.02.2026 18:35:45,8,NIE,,
w-2026,15,14.04.2026,14.04.2026 12:16:11,1,85,Dolnośląskie,2,Anestezjologia i intensywna terapia,2026/008356,Rezydencki,87.25,4.35,28.02.2026 23:03:48,8,NIE,,
w-2026,15,14.04.2026,14.04.2026 12:16:11,1,85,Dolnośląskie,3,Anestezjologia i intensywna terapia,2026/004990,Rezydencki,83.65,4.23,16.02.2026 20:51:14,8,NIE,,
w-2026,15,14.04.2026,14.04.2026 12:16:11,1,85,Dolnośląskie,4,Anestezjologia i intensywna terapia,2026/009590,Rezydencki,83.25,4.48,26.02.2026 21:24:07,8,NIE,,
w-2026,15,14.04.2026,14.04.2026 12:16:11,1,85,Dolnośląskie,5,Anestezjologia i intensywna terapia,2026/005320,Rezydencki,83.25,4.21,12.02.2026 21:38:49,8,NIE,,
w-2026,15,14.04.2026,14.04.2026 12:16:11,1,85,Dolnośląskie,6,Anestezjologia i intensywna terapia,2026/008476,Rezydencki,83.09,4.09,27.02.2026 21:08:07,8,NIE,,
w-2026,15,14.04.2026,14.04.2026 12:16:11,1,85,Dolnośląskie,7,Anestezjologia i intensywna terapia,2026/010715,Rezydencki,82.86,3.83,09.03.2026 21:19:28,8,NIE,,
w-2026,15,14.04.2026,14.04.2026 12:16:11,1,85,Dolnośląskie,8,Anestezjologia i intensywna terapia,2026/011026,Rezydencki,82.61,0.00,28.02.2026 20:19:45,8,NIE,,
w-2026,15,14.04.2026,14.04.2026 12:16:11,1,85,Dolnośląskie,9,Audiologia i foniatria,2026/011735,Pozarezydencki,69.59,2.89,05.03.2026 19:01:46,2,NIE,,
w-2026,15,14.04.2026,14.04.2026 12:16:11,1,85,Dolnośląskie,10,Audiologia i foniatria,2026/005751,Pozarezydencki,68.69,4.41,09.03.2026 09:20:04,2,NIE,,
w-2026,15,14.04.2026,14.04.2026 12:16:11,1,85,Dolnośląskie,11,Balneologia i medycyna fizykalna,2026/003604,Rezydencki,65.70,3.86,06.03.2026 11:29:38,1,NIE,,
w-2026,15,14.04.2026,14.04.2026 12:16:11,1,85,Dolnośląskie,12,Chirurgia dziecięca,2026/007471,Rezydencki,81.43,4.22,11.03.2026 15:09:52,2,NIE,,
w-2026,15,14.04.2026,14.04.2026 12:16:11,1,85,Dolnośląskie,13,Chirurgia dziecięca,2026/005037,Rezydencki,80.19,3.31,08.02.2026 14:06:57,2,NIE,,
w-2026,15,14.04.2026,14.04.2026 12:16:11,1,85,Dolnośląskie,14,Chirurgia naczyniowa,2026/004927,Pozarezydencki,81.36,4.00,07.02.2026 16:28:21,1,NIE,,
w-2026,15,14.04.2026,14.04.2026 12:16:11,1,85,Dolnośląskie,15,Chirurgia ogólna,2026/008497,Rezydencki,88.52,4.10,22.02.2026 12:11:47,7,NIE,,
w-2026,15,14.04.2026,14.04.2026 12:16:11,1,85,Dolnośląskie,16,Chirurgia ogólna,2026/009407,Rezydencki,79.43,3.82,11.03.2026 19:30:48,7,NIE,,
w-2026,15,14.04.2026,14.04.2026 12:16:11,1,85,Dolnośląskie,17,Chirurgia ogólna,2026/008361,Rezydencki,73.33,4.83,22.02.2026 20:26:24,7,NIE,,
w-2026,15,14.04.2026,14.04.2026 12:16:11,1,85,Dolnośląskie,18,Chirurgia ogólna,2026/006291,Rezydencki,72.73,3.52,03.03.2026 13:37:04,7,NIE,,
w-2026,15,14.04.2026,14.04.2026 12:16:11,1,85,Dolnośląskie,19,Chirurgia ogólna,2026/010714,Rezydencki,64.90,4.05,04.03.2026 14:26:15,7,NIE,,
w-2026,15,14.04.2026,14.04.2026 12:16:11,1,85,Dolnośląskie,20,Chirurgia ogólna,2026/010704,Rezydencki,59.52,4.57,09.03.2026 22:13:37,7,NIE,,
w-2026,15,14.04.2026,14.04.2026 12:16:11,1,85,Dolnośląskie,21,Chirurgia ogólna,2026/010080,Rezydencki,58.57,4.32,25.02.2026 23:51:26,7,NIE,,
w-2026,15,14.04.2026,14.04.2026 12:16:11,1,85,Dolnośląskie,22,Chirurgia onkologiczna,2026/006762,Rezydencki,61.84,3.59,04.03.2026 14:13:20,1,NIE,,
w-2026,15,14.04.2026,14.04.2026 12:16:11,1,85,Dolnośląskie,23,Chirurgia stomatologiczna,2026/003658,Rezydencki,85.82,4.21,26.02.2026 21:48:59,6,NIE,,
w-2026,15,14.04.2026,14.04.2026 12:16:11,1,85,Dolnośląskie,24,Chirurgia stomatologiczna,2026/010091,Rezydencki,84.69,4.14,26.02.2026 01:30:16,6,NIE,,
w-2026,15,14.04.2026,14.04.2026 12:16:11,1,85,Dolnośląskie,25,Chirurgia stomatologiczna,2026/010110,Rezydencki,83.65,4.35,26.02.2026 14:11:55,6,NIE,,
w-2026,15,14.04.2026,14.04.2026 12:16:11,1,85,Dolnośląskie,26,Chirurgia stomatologiczna,2026/004117,Rezydencki,82.86,4.38,03.02.2026 17:29:35,6,NIE,,
w-2026,15,14.04.2026,14.04.2026 12:16:11,1,85,Dolnośląskie,27,Chirurgia stomatologiczna,2026/005312,Rezydencki,82.78,4.35,26.02.2026 11:35:00,6,NIE,,
w-2026,15,14.04.2026,14.04.2026 12:16:11,1,85,Dolnośląskie,28,Chirurgia stomatologiczna,2026/003731,Rezydencki,82.78,3.75,02.02.2026 14:50:57,6,NIE,,
w-2026,15,14.04.2026,14.04.2026 12:16:11,1,85,Dolnośląskie,29,Chirurgia szczękowo-twarzowa,2026/009834,Pozarezydencki,78.77,4.50,06.03.2026 19:44:47,1,NIE,,
w-2026,15,14.04.2026,14.04.2026 12:16:11,1,85,Dolnośląskie,30,Choroby płuc,2026/010005,Rezydencki,88.04,4.54,25.02.2026 21:23:28,5,NIE,,
w-2026,15,14.04.2026,14.04.2026 12:16:11,1,85,Dolnośląskie,31,Choroby płuc,2026/004164,Rezydencki,85.78,3.88,04.02.2026 07:07:59,5,NIE,,
w-2026,15,14.04.2026,14.04.2026 12:16:11,1,85,Dolnośląskie,32,Choroby płuc,2026/003351,Rezydencki,85.37,4.67,03.03.2026 20:45:50,5,NIE,,
w-2026,15,14.04.2026,14.04.2026 12:16:11,1,85,Dolnośląskie,33,Choroby płuc,2026/008034,Rezydencki,84.78,4.30,05.03.2026 20:36:03,5,NIE,,
w-2026,15,14.04.2026,14.04.2026 12:16:11,1,85,Dolnośląskie,34,Choroby płuc,2026/003298,Rezydencki,77.40,3.38,05.03.2026 13:13:14,5,NIE,,
w-2026,15,14.04.2026,14.04.2026 12:16:11,2,85,Dolnośląskie,35,Choroby płuc,2026/008030,Pozarezydencki,76.27,4.19,04.03.2026 20:27:47,3,NIE,,
w-2026,15,14.04.2026,14.04.2026 12:16:11,2,85,Dolnośląskie,36,Choroby płuc,2026/011685,Pozarezydencki,71.30,4.10,09.03.2026 14:17:47,3,NIE,,
w-2026,15,14.04.2026,14.04.2026 12:16:11,2,85,Dolnośląskie,37,Choroby płuc,2026/008174,Pozarezydencki,65.60,3.89,04.03.2026 17:31:24,3,NIE,,
w-2026,15,14.04.2026,14.04.2026 12:16:11,2,85,Dolnośląskie,38,Choroby wewnętrzne,2026/006642,Rezydencki,88.52,4.27,15.02.2026 14:56:15,17,NIE,,
w-2026,15,14.04.2026,14.04.2026 12:16:11,2,85,Dolnośląskie,39,Choroby wewnętrzne,2026/003626,Rezydencki,86.60,3.80,02.02.2026 11:41:49,17,NIE,,
w-2026,15,14.04.2026,14.04.2026 12:16:11,2,85,Dolnośląskie,40,Choroby wewnętrzne,2026/010037,Rezydencki,84.29,4.29,09.03.2026 12:27:51,17,NIE,,
w-2026,15,14.04.2026,14.04.2026 12:16:11,2,85,Dolnośląskie,41,Choroby wewnętrzne,2026/007022,Rezydencki,82.38,4.70,26.02.2026 21:35:50,17,NIE,,
w-2026,15,14.04.2026,14.04.2026 12:16:11,2,85,Dolnośląskie,42,Choroby wewnętrzne,2026/011638,Rezydencki,80.92,4.08,13.03.2026 16:21:10,17,NIE,,
w-2026,15,14.04.2026,14.04.2026 12:16:11,2,85,Dolnośląskie,43,Choroby wewnętrzne,2026/008931,Rezydencki,79.81,3.92,05.03.2026 08:59:52,17,NIE,,
w-2026,15,14.04.2026,14.04.2026 12:16:11,2,85,Dolnośląskie,44,Choroby wewnętrzne,2026/003778,Rezydencki,79.43,4.62,05.03.2026 17:03:24,17,NIE,,
w-2026,15,14.04.2026,14.04.2026 12:16:11,2,85,Dolnośląskie,45,Choroby wewnętrzne,2026/009531,Rezydencki,79.05,3.41,24.02.2026 22:47:07,17,NIE,,
w-2026,15,14.04.2026,14.04.2026 12:16:11,2,85,Dolnośląskie,46,Choroby wewnętrzne,2026/009155,Rezydencki,77.40,4.05,05.03.2026 21:53:03,17,NIE,,
w-2026,15,14.04.2026,14.04.2026 12:16:11,2,85,Dolnośląskie,47,Choroby wewnętrzne,2026/011080,Rezydencki,75.96,3.61,27.02.2026 19:16:17,17,NIE,,
w-2026,15,14.04.2026,14.04.2026 12:16:11,2,85,Dolnośląskie,48,Choroby wewnętrzne,2026/008930,Rezydencki,75.12,4.12,05.03.2026 09:16:37,17,NIE,,
w-2026,15,14.04.2026,14.04.2026 12:16:11,2,85,Dolnośląskie,49,Choroby wewnętrzne,2026/005970,Rezydencki,73.21,3.79,06.03.2026 12:23:39,17,NIE,,
w-2026,15,14.04.2026,14.04.2026 12:16:11,2,85,Dolnośląskie,50,Choroby wewnętrzne,2026/005130,Rezydencki,73.04,3.75,14.02.2026 21:56:58,17,NIE,,
w-2026,15,14.04.2026,14.04.2026 12:16:11,2,85,Dolnośląskie,51,Choroby wewnętrzne,2026/005021,Rezydencki,69.71,4.08,04.03.2026 14:10:33,17,NIE,,
w-2026,15,14.04.2026,14.04.2026 12:16:11,2,85,Dolnośląskie,52,Choroby wewnętrzne,2026/011734,Rezydencki,69.23,3.50,09.03.2026 22:22:39,17,NIE,,
w-2026,15,14.04.2026,14.04.2026 12:16:11,2,85,Dolnośląskie,53,Choroby wewnętrzne,2026/008650,Rezydencki,67.14,3.66,05.03.2026 21:33:09,17,NIE,,
w-2026,15,14.04.2026,14.04.2026 12:16:11,2,85,Dolnośląskie,54,Choroby wewnętrzne,2026/011182,Rezydencki,59.33,3.73,27.02.2026 21:09:48,17,NIE,,
w-2026,15,14.04.2026,14.04.2026 12:16:11,2,85,Dolnośląskie,55,Choroby wewnętrzne,2026/005680,Pozarezydencki,67.59,0.00,04.03.2026 21:46:21,1,NIE,,
w-2026,15,14.04.2026,14.04.2026 12:16:11,2,85,Dolnośląskie,56,Choroby zakaźne,2026/010079,Rezydencki,85.89,3.85,23.03.2026 20:04:56,3,NIE,,
w-2026,15,14.04.2026,14.04.2026 12:16:11,2,85,Dolnośląskie,57,Choroby zakaźne,2026/008197,Rezydencki,76.19,4.14,05.03.2026 10:34:12,3,NIE,,
w-2026,15,14.04.2026,14.04.2026 12:16:11,2,85,Dolnośląskie,58,Choroby zakaźne,2026/008201,Rezydencki,70.95,3.98,05.03.2026 13:34:58,3,NIE,,
w-2026,15,14.04.2026,14.04.2026 12:16:11,2,85,Dolnośląskie,59,Dermatologia i wenerologia,2026/010652,Rezydencki,93.78,4.29,06.03.2026 10:16:00,3,NIE,,
w-2026,15,14.04.2026,14.04.2026 12:16:11,2,85,Dolnośląskie,60,Dermatologia i wenerologia,2026/011446,Rezydencki,92.75,4.75,07.03.2026 16:59:04,3,NIE,,
w-2026,15,14.04.2026,14.04.2026 12:16:11,2,85,Dolnośląskie,61,Dermatologia i wenerologia,2026/011755,Rezydencki,92.75,4.50,02.03.2026 21:37:06,3,NIE,,
w-2026,15,14.04.2026,14.04.2026 12:16:11,2,85,Dolnośląskie,62,Diabetologia,2026/007647,Pozarezydencki,81.51,4.30,11.03.2026 12:02:25,4,NIE,,
w-2026,15,14.04.2026,14.04.2026 12:16:11,2,85,Dolnośląskie,63,Diabetologia,2026/003321,Pozarezydencki,80.18,3.78,11.03.2026 12:18:06,4,NIE,,
w-2026,15,14.04.2026,14.04.2026 12:16:11,2,85,Dolnośląskie,64,Diabetologia,2026/008602,Pozarezydencki,80.05,4.57,22.02.2026 17:45:29,4,NIE,,
w-2026,15,14.04.2026,14.04.2026 12:16:11,2,85,Dolnośląskie,65,Diabetologia,2026/006407,Pozarezydencki,75.45,3.23,25.02.2026 22:14:42,4,NIE,,
w-2026,15,14.04.2026,14.04.2026 12:16:11,2,85,Dolnośląskie,66,Gastroenterologia dziecięca,2026/010051,Pozarezydencki,80.70,3.21,25.02.2026 22:39:45,1,NIE,,
w-2026,15,14.04.2026,14.04.2026 12:16:11,2,85,Dolnośląskie,67,Geriatria,2026/006285,Rezydencki,84.21,3.82,27.02.2026 21:40:16,1,NIE,,
w-2026,15,14.04.2026,14.04.2026 12:16:11,2,85,Dolnośląskie,68,Geriatria,2026/009992,Pozarezydencki,83.18,0.00,09.03.2026 09:53:02,1,NIE,,
w-2026,15,14.04.2026,14.04.2026 12:16:11,2,85,Dolnośląskie,69,Hematologia,2026/007005,Rezydencki,90.43,4.83,24.02.2026 18:11:56,2,NIE,,
w-2026,15,14.04.2026,14.04.2026 12:16:11,2,85,Dolnośląskie,70,Hematologia,2026/009954,Rezydencki,88.41,3.87,13.03.2026 23:37:59,2,NIE,,
w-2026,15,14.04.2026,14.04.2026 12:16:11,3,85,Dolnośląskie,71,Kardiochirurgia,2026/003339,Rezydencki,82.86,4.19,09.03.2026 12:31:26,1,NIE,,
w-2026,15,14.04.2026,14.04.2026 12:16:11,3,85,Dolnośląskie,72,Kardiochirurgia,2026/010702,Pozarezydencki,69.27,4.04,27.02.2026 00:26:40,2,NIE,,
w-2026,15,14.04.2026,14.04.2026 12:16:11,3,85,Dolnośląskie,73,Kardiochirurgia,2026/010629,Pozarezydencki,65.60,3.86,12.03.2026 22:24:12,2,NIE,,
w-2026,15,14.04.2026,14.04.2026 12:16:11,3,85,Dolnośląskie,74,Kardiologia,2026/008469,Rezydencki,89.95,3.14,10.03.2026 12:31:34,11,NIE,,
w-2026,15,14.04.2026,14.04.2026 12:16:11,3,85,Dolnośląskie,75,Kardiologia,2026/007636,Rezydencki,89.37,4.69,23.02.2026 09:56:50,11,NIE,,
w-2026,15,14.04.2026,14.04.2026 12:16:11,3,85,Dolnośląskie,76,Kardiologia,2026/005086,Rezydencki,89.37,4.22,09.03.2026 21:09:44,11,NIE,,
w-2026,15,14.04.2026,14.04.2026 12:16:11,3,85,Dolnośląskie,77,Kardiologia,2026/003414,Rezydencki,89.13,4.49,04.02.2026 16:29:02,11,NIE,,
w-2026,15,14.04.2026,14.04.2026 12:16:11,3,85,Dolnośląskie,78,Kardiologia,2026/011326,Rezydencki,88.78,3.78,28.02.2026 23:58:29,11,NIE,,
w-2026,15,14.04.2026,14.04.2026 12:16:11,3,85,Dolnośląskie,79,Kardiologia,2026/010617,Rezydencki,88.73,3.85,09.03.2026 14:54:55,11,NIE,,
w-2026,15,14.04.2026,14.04.2026 12:16:11,3,85,Dolnośląskie,80,Kardiologia,2026/007070,Rezydencki,88.28,4.35,16.02.2026 21:49:26,11,NIE,,
w-2026,15,14.04.2026,14.04.2026 12:16:11,3,85,Dolnośląskie,81,Kardiologia,2026/008579,Rezydencki,88.04,4.36,23.02.2026 17:59:47,11,NIE,,
w-2026,15,14.04.2026,14.04.2026 12:16:11,3,85,Dolnośląskie,82,Kardiologia,2026/011126,Rezydencki,87.92,3.87,27.02.2026 19:42:38,11,NIE,,
w-2026,15,14.04.2026,14.04.2026 12:16:11,3,85,Dolnośląskie,83,Kardiologia,2026/008914,Rezydencki,86.67,4.41,24.02.2026 15:52:39,11,NIE,,
w-2026,15,14.04.2026,14.04.2026 12:16:11,3,85,Dolnośląskie,84,Kardiologia,2026/009265,Rezydencki,86.67,3.61,27.02.2026 17:43:27,11,NIE,,
w-2026,15,14.04.2026,14.04.2026 12:16:11,3,85,Dolnośląskie,85,Kardiologia,2026/008535,Pozarezydencki,82.65,4.36,10.03.2026 10:59:29,4,NIE,,
w-2026,15,14.04.2026,14.04.2026 12:16:11,3,85,Dolnośląskie,86,Kardiologia,2026/009393,Pozarezydencki,78.18,0.00,09.03.2026 19:58:43,4,NIE,,
w-2026,15,14.04.2026,14.04.2026 12:16:11,3,85,Dolnośląskie,87,Kardiologia,2026/011459,Pozarezydencki,76.74,3.85,24.03.2026 16:39:00,4,NIE,,
w-2026,15,14.04.2026,14.04.2026 12:16:11,3,85,Dolnośląskie,88,Kardiologia,2026/009699,Pozarezydencki,69.59,4.20,12.03.2026 20:48:07,4,NIE,,
w-2026,15,14.04.2026,14.04.2026 12:16:11,3,85,Dolnośląskie,89,Kardiologia dziecięca,2026/004629,Pozarezydencki,70.91,3.82,10.03.2026 21:59:00,1,NIE,,
w-2026,15,14.04.2026,14.04.2026 12:16:11,3,85,Dolnośląskie,90,Medycyna paliatywna,2026/009925,Rezydencki,83.90,4.10,10.03.2026 12:36:39,2,NIE,,
w-2026,15,14.04.2026,14.04.2026 12:16:11,3,85,Dolnośląskie,91,Medycyna paliatywna,2026/006999,Rezydencki,76.08,4.70,18.02.2026 11:13:25,2,NIE,,
w-2026,15,14.04.2026,14.04.2026 12:16:11,3,85,Dolnośląskie,92,Medycyna paliatywna,2026/010589,Pozarezydencki,84.55,4.56,22.03.2026 21:59:46,5,NIE,,
w-2026,15,14.04.2026,14.04.2026 12:16:11,3,85,Dolnośląskie,93,Medycyna paliatywna,2026/007275,Pozarezydencki,75.45,3.51,11.03.2026 10:32:59,5,NIE,,
w-2026,15,14.04.2026,14.04.2026 12:16:11,3,85,Dolnośląskie,94,Medycyna paliatywna,2026/005340,Pozarezydencki,72.95,3.60,16.03.2026 18:11:10,5,NIE,,
w-2026,15,14.04.2026,14.04.2026 12:16:11,3,85,Dolnośląskie,95,Medycyna paliatywna,2026/011451,Pozarezydencki,72.50,4.91,10.03.2026 19:21:14,5,NIE,,
w-2026,15,14.04.2026,14.04.2026 12:16:11,3,85,Dolnośląskie,96,Medycyna paliatywna,2026/004565,Pozarezydencki,56.68,0.00,24.03.2026 10:49:45,5,NIE,,
w-2026,15,14.04.2026,14.04.2026 12:16:11,3,85,Dolnośląskie,97,Medycyna pracy,2026/003427,Pozarezydencki,79.32,4.57,20.03.2026 01:10:00,1,NIE,,
w-2026,15,14.04.2026,14.04.2026 12:16:11,3,85,Dolnośląskie,98,Medycyna ratunkowa,2026/010551,Rezydencki,74.04,3.56,27.02.2026 18:25:24,3,NIE,,
w-2026,15,14.04.2026,14.04.2026 12:16:11,3,85,Dolnośląskie,99,Medycyna ratunkowa,2026/007575,Rezydencki,67.46,0.00,18.02.2026 12:14:17,3,NIE,,
w-2026,15,14.04.2026,14.04.2026 12:16:11,3,85,Dolnośląskie,100,Medycyna ratunkowa,2026/009905,Rezydencki,66.51,3.81,26.02.2026 13:42:09,3,NIE,,
w-2026,15,14.04.2026,14.04.2026 12:16:11,3,85,Dolnośląskie,101,Medycyna rodzinna,2026/010347,Rezydencki,92.89,4.79,10.03.2026 20:43:22,23,NIE,,
w-2026,15,14.04.2026,14.04.2026 12:16:11,3,85,Dolnośląskie,102,Medycyna rodzinna,2026/004330,Rezydencki,87.68,4.29,05.03.2026 10:49:42,23,NIE,,
w-2026,15,14.04.2026,14.04.2026 12:16:11,3,85,Dolnośląskie,103,Medycyna rodzinna,2026/010167,Rezydencki,86.96,3.91,17.03.2026 13:21:02,23,NIE,,
w-2026,15,14.04.2026,14.04.2026 12:16:11,3,85,Dolnośląskie,104,Medycyna rodzinna,2026/008598,Rezydencki,85.85,4.16,23.02.2026 22:19:56,23,NIE,,
w-2026,15,14.04.2026,14.04.2026 12:16:11,3,85,Dolnośląskie,105,Medycyna rodzinna,2026/007174,Rezydencki,84.69,4.48,26.02.2026 14:42:14,23,NIE,,
w-2026,15,14.04.2026,14.04.2026 12:16:11,3,85,Dolnośląskie,106,Medycyna rodzinna,2026/008134,Rezydencki,82.69,0.00,18.03.2026 20:19:48,23,NIE,,
w-2026,15,14.04.2026,14.04.2026 12:16:11,4,85,Dolnośląskie,107,Medycyna rodzinna,2026/008391,Rezydencki,82.38,4.31,27.02.2026 10:40:04,23,NIE,,
w-2026,15,14.04.2026,14.04.2026 12:16:11,4,85,Dolnośląskie,108,Medycyna rodzinna,2026/006134,Rezydencki,80.86,4.34,05.03.2026 11:05:48,23,NIE,,
w-2026,15,14.04.2026,14.04.2026 12:16:11,4,85,Dolnośląskie,109,Medycyna rodzinna,2026/007827,Rezydencki,78.74,3.08,12.03.2026 12:34:54,23,NIE,,
w-2026,15,14.04.2026,14.04.2026 12:16:11,4,85,Dolnośląskie,110,Medycyna rodzinna,2026/008722,Rezydencki,78.37,4.54,05.03.2026 21:58:21,23,NIE,,
w-2026,15,14.04.2026,14.04.2026 12:16:11,4,85,Dolnośląskie,111,Medycyna rodzinna,2026/005116,Rezydencki,77.88,3.86,10.03.2026 09:18:57,23,NIE,,
w-2026,15,14.04.2026,14.04.2026 12:16:11,4,85,Dolnośląskie,112,Medycyna rodzinna,2026/008596,Rezydencki,77.51,3.90,09.03.2026 21:28:05,23,NIE,,
w-2026,15,14.04.2026,14.04.2026 12:16:11,4,85,Dolnośląskie,113,Medycyna rodzinna,2026/007948,Rezydencki,77.40,4.12,09.03.2026 17:57:24,23,NIE,,
w-2026,15,14.04.2026,14.04.2026 12:16:11,4,85,Dolnośląskie,114,Medycyna rodzinna,2026/011842,Rezydencki,76.10,0.00,11.03.2026 15:07:25,23,NIE,,
w-2026,15,14.04.2026,14.04.2026 12:16:11,4,85,Dolnośląskie,115,Medycyna rodzinna,2026/007900,Rezydencki,75.36,4.17,19.02.2026 23:45:30,23,NIE,,
w-2026,15,14.04.2026,14.04.2026 12:16:11,4,85,Dolnośląskie,116,Medycyna rodzinna,2026/003447,Rezydencki,74.51,3.50,05.03.2026 11:07:38,23,NIE,,
w-2026,15,14.04.2026,14.04.2026 12:16:11,4,85,Dolnośląskie,117,Medycyna rodzinna,2026/011236,Rezydencki,66.51,2.92,28.02.2026 19:38:26,23,NIE,,
w-2026,15,14.04.2026,14.04.2026 12:16:11,4,85,Dolnośląskie,118,Medycyna rodzinna,2026/009390,Rezydencki,63.46,3.10,06.03.2026 14:17:32,23,NIE,,
w-2026,15,14.04.2026,14.04.2026 12:16:11,4,85,Dolnośląskie,119,Medycyna rodzinna,2026/003753,Rezydencki,61.24,4.20,03.03.2026 22:52:39,23,NIE,,
w-2026,15,14.04.2026,14.04.2026 12:16:11,4,85,Dolnośląskie,120,Medycyna rodzinna,2026/004947,Rezydencki,61.24,3.30,20.03.2026 21:53:01,23,NIE,,
w-2026,15,14.04.2026,14.04.2026 12:16:11,4,85,Dolnośląskie,121,Medycyna rodzinna,2026/011629,Rezydencki,56.86,3.30,28.02.2026 18:53:09,23,NIE,,
w-2026,15,14.04.2026,14.04.2026 12:16:11,4,85,Dolnośląskie,122,Medycyna rodzinna,2026/007641,Rezydencki,56.04,3.51,12.03.2026 18:52:04,23,NIE,,
w-2026,15,14.04.2026,14.04.2026 12:16:11,4,85,Dolnośląskie,123,Medycyna rodzinna,2026/011816,Rezydencki,54.81,0.00,13.03.2026 18:57:48,23,NIE,,
w-2026,15,14.04.2026,14.04.2026 12:16:11,4,85,Dolnośląskie,124,Medycyna rodzinna,2026/004322,Pozarezydencki,67.28,4.44,13.03.2026 19:26:49,4,NIE,,
w-2026,15,14.04.2026,14.04.2026 12:16:11,4,85,Dolnośląskie,125,Medycyna rodzinna,2026/003374,Pozarezydencki,66.97,4.04,05.03.2026 13:37:23,4,NIE,,
w-2026,15,14.04.2026,14.04.2026 12:16:11,4,85,Dolnośląskie,126,Medycyna rodzinna,2026/011398,Pozarezydencki,66.04,4.22,19.03.2026 17:31:00,4,NIE,,
w-2026,15,14.04.2026,14.04.2026 12:16:11,4,85,Dolnośląskie,127,Medycyna rodzinna,2026/006695,Pozarezydencki,63.30,0.00,08.03.2026 18:08:02,4,NIE,,
w-2026,15,14.04.2026,14.04.2026 12:16:11,4,85,Dolnośląskie,128,Nefrologia,2026/010032,Rezydencki,84.29,4.40,16.03.2026 23:04:40,2,NIE,,
w-2026,15,14.04.2026,14.04.2026 12:16:11,4,85,Dolnośląskie,129,Nefrologia,2026/005677,Rezydencki,83.81,3.86,06.03.2026 12:41:48,2,NIE,,
w-2026,15,14.04.2026,14.04.2026 12:16:11,4,85,Dolnośląskie,130,Nefrologia,2026/004537,Pozarezydencki,85.05,4.64,05.03.2026 13:14:23,3,NIE,,
w-2026,15,14.04.2026,14.04.2026 12:16:11,4,85,Dolnośląskie,131,Nefrologia,2026/007700,Pozarezydencki,72.81,4.39,05.03.2026 09:04:17,3,NIE,,
w-2026,15,14.04.2026,14.04.2026 12:16:11,4,85,Dolnośląskie,132,Nefrologia,2026/011007,Pozarezydencki,58.18,3.30,06.03.2026 14:22:16,3,NIE,,
w-2026,15,14.04.2026,14.04.2026 12:16:11,4,85,Dolnośląskie,133,Neurologia,2026/011297,Rezydencki,89.23,3.78,04.03.2026 18:53:31,5,NIE,,
w-2026,15,14.04.2026,14.04.2026 12:16:11,4,85,Dolnośląskie,134,Neurologia,2026/003537,Rezydencki,85.10,4.35,04.03.2026 15:26:14,5,NIE,,
w-2026,15,14.04.2026,14.04.2026 12:16:11,4,85,Dolnośląskie,135,Neurologia,2026/003345,Rezydencki,82.14,3.43,27.02.2026 19:28:53,5,NIE,,
w-2026,15,14.04.2026,14.04.2026 12:16:11,4,85,Dolnośląskie,136,Neurologia,2026/011944,Rezydencki,76.70,0.00,28.02.2026 23:53:55,5,NIE,,
w-2026,15,14.04.2026,14.04.2026 12:16:11,4,85,Dolnośląskie,137,Neurologia,2026/011238,Rezydencki,56.86,3.81,11.03.2026 11:29:28,5,NIE,,
w-2026,15,14.04.2026,14.04.2026 12:16:11,4,85,Dolnośląskie,138,Neurologia dziecięca,2026/010939,Pozarezydencki,71.59,4.04,05.03.2026 10:14:55,1,NIE,,
w-2026,15,14.04.2026,14.04.2026 12:16:11,4,85,Dolnośląskie,139,Okulistyka,2026/010670,Rezydencki,89.00,4.30,01.03.2026 18:13:26,5,NIE,,
w-2026,15,14.04.2026,14.04.2026 12:16:11,4,85,Dolnośląskie,140,Okulistyka,2026/009004,Rezydencki,88.52,4.27,27.02.2026 22:20:42,5,NIE,,
w-2026,15,14.04.2026,14.04.2026 12:16:11,4,85,Dolnośląskie,141,Okulistyka,2026/004502,Rezydencki,88.24,3.96,02.03.2026 22:10:38,5,NIE,,
w-2026,15,14.04.2026,14.04.2026 12:16:11,4,85,Dolnośląskie,142,Okulistyka,2026/007106,Rezydencki,87.80,4.04,22.02.2026 20:14:17,5,NIE,,
w-2026,15,14.04.2026,14.04.2026 12:16:11,5,85,Dolnośląskie,143,Okulistyka,2026/005527,Rezydencki,87.56,4.25,06.03.2026 15:16:58,5,NIE,,
w-2026,15,14.04.2026,14.04.2026 12:16:11,5,85,Dolnośląskie,144,Okulistyka,2026/009073,Pozarezydencki,82.50,4.43,10.03.2026 19:26:43,1,NIE,,
w-2026,15,14.04.2026,14.04.2026 12:16:11,5,85,Dolnośląskie,145,Onkologia i hematologia dziecięca,2026/011131,Rezydencki,80.19,4.38,09.03.2026 16:02:25,2,NIE,,
w-2026,15,14.04.2026,14.04.2026 12:16:11,5,85,Dolnośląskie,146,Onkologia i hematologia dziecięca,2026/003560,Rezydencki,76.72,4.76,09.03.2026 13:41:22,2,NIE,,
w-2026,15,14.04.2026,14.04.2026 12:16:11,5,85,Dolnośląskie,147,Onkologia i hematologia dziecięca,2026/003481,Pozarezydencki,77.98,4.51,06.03.2026 14:41:26,1,NIE,,
w-2026,15,14.04.2026,14.04.2026 12:16:11,5,85,Dolnośląskie,148,Onkologia kliniczna,2026/003309,Rezydencki,82.78,4.01,17.03.2026 19:04:17,4,NIE,,
w-2026,15,14.04.2026,14.04.2026 12:16:11,5,85,Dolnośląskie,149,Onkologia kliniczna,2026/009729,Rezydencki,81.43,4.15,14.03.2026 19:56:14,4,NIE,,
w-2026,15,14.04.2026,14.04.2026 12:16:11,5,85,Dolnośląskie,150,Onkologia kliniczna,2026/009961,Rezydencki,74.40,3.81,27.02.2026 23:48:57,4,NIE,,
w-2026,15,14.04.2026,14.04.2026 12:16:11,5,85,Dolnośląskie,151,Onkologia kliniczna,2026/010186,Rezydencki,62.50,3.56,19.03.2026 13:24:24,4,NIE,,
w-2026,15,14.04.2026,14.04.2026 12:16:11,5,85,Dolnośląskie,152,Ortodoncja,2026/009188,Rezydencki,88.52,4.21,24.02.2026 16:43:07,6,NIE,,
w-2026,15,14.04.2026,14.04.2026 12:16:11,5,85,Dolnośląskie,153,Ortodoncja,2026/010698,Rezydencki,87.08,4.05,14.03.2026 10:53:08,6,NIE,,
w-2026,15,14.04.2026,14.04.2026 12:16:11,5,85,Dolnośląskie,154,Ortodoncja,2026/009855,Rezydencki,87.08,3.97,05.03.2026 10:42:33,6,NIE,,
w-2026,15,14.04.2026,14.04.2026 12:16:11,5,85,Dolnośląskie,155,Ortodoncja,2026/004187,Rezydencki,87.02,4.45,03.02.2026 22:49:30,6,NIE,,
w-2026,15,14.04.2026,14.04.2026 12:16:11,5,85,Dolnośląskie,156,Ortodoncja,2026/006006,Rezydencki,86.67,4.09,12.02.2026 10:14:26,6,NIE,,
w-2026,15,14.04.2026,14.04.2026 12:16:11,5,85,Dolnośląskie,157,Ortodoncja,2026/007755,Rezydencki,86.36,4.14,28.02.2026 22:59:10,6,NIE,,
w-2026,15,14.04.2026,14.04.2026 12:16:11,5,85,Dolnośląskie,158,Ortodoncja,2026/005026,Pozarezydencki,84.55,4.32,10.03.2026 12:50:13,1,NIE,,
w-2026,15,14.04.2026,14.04.2026 12:16:11,5,85,Dolnośląskie,159,Ortopedia i traumatologia narządu ruchu,2026/005254,Rezydencki,90.71,4.57,27.02.2026 21:28:35,3,NIE,,
w-2026,15,14.04.2026,14.04.2026 12:16:11,5,85,Dolnośląskie,160,Ortopedia i traumatologia narządu ruchu,2026/008458,Rezydencki,86.30,3.78,26.02.2026 23:32:58,3,NIE,,
w-2026,15,14.04.2026,14.04.2026 12:16:11,5,85,Dolnośląskie,161,Ortopedia i traumatologia narządu ruchu,2026/006286,Rezydencki,85.65,4.42,24.02.2026 09:24:28,3,NIE,,
w-2026,15,14.04.2026,14.04.2026 12:16:11,5,85,Dolnośląskie,162,Ortopedia i traumatologia narządu ruchu,2026/007001,Pozarezydencki,54.21,3.22,19.03.2026 11:48:03,1,NIE,,
w-2026,15,14.04.2026,14.04.2026 12:16:11,5,85,Dolnośląskie,163,Otorynolaryngologia dziecięca,2026/011678,Pozarezydencki,77.27,3.89,12.03.2026 07:43:36,1,NIE,,
w-2026,15,14.04.2026,14.04.2026 12:16:11,5,85,Dolnośląskie,164,Patomorfologia,2026/011524,Rezydencki,68.27,3.46,04.03.2026 02:51:24,1,NIE,,
w-2026,15,14.04.2026,14.04.2026 12:16:11,5,85,Dolnośląskie,165,Pediatria,2026/009959,Rezydencki,85.54,4.08,15.03.2026 19:18:23,10,NIE,,
w-2026,15,14.04.2026,14.04.2026 12:16:11,5,85,Dolnośląskie,166,Pediatria,2026/008529,Rezydencki,82.38,4.05,26.02.2026 13:55:27,10,NIE,,
w-2026,15,14.04.2026,14.04.2026 12:16:11,5,85,Dolnośląskie,167,Pediatria,2026/010612,Rezydencki,82.21,4.10,11.03.2026 19:01:16,10,NIE,,
w-2026,15,14.04.2026,14.04.2026 12:16:11,5,85,Dolnośląskie,168,Pediatria,2026/005018,Rezydencki,80.48,4.86,13.03.2026 08:31:20,10,NIE,,
w-2026,15,14.04.2026,14.04.2026 12:16:11,5,85,Dolnośląskie,169,Pediatria,2026/005995,Rezydencki,79.52,3.40,27.02.2026 03:04:04,10,NIE,,
w-2026,15,14.04.2026,14.04.2026 12:16:11,5,85,Dolnośląskie,170,Pediatria,2026/004079,Rezydencki,77.78,4.33,23.02.2026 11:15:35,10,NIE,,
w-2026,15,14.04.2026,14.04.2026 12:16:11,5,85,Dolnośląskie,171,Pediatria,2026/004328,Rezydencki,73.91,4.33,08.02.2026 13:05:20,10,NIE,,
w-2026,15,14.04.2026,14.04.2026 12:16:11,5,85,Dolnośląskie,172,Pediatria,2026/011669,Rezydencki,73.21,3.74,08.03.2026 18:41:21,10,NIE,,
w-2026,15,14.04.2026,14.04.2026 12:16:11,5,85,Dolnośląskie,173,Pediatria,2026/005503,Rezydencki,66.51,0.00,17.02.2026 08:05:55,10,NIE,,
w-2026,15,14.04.2026,14.04.2026 12:16:11,5,85,Dolnośląskie,174,Pediatria,2026/008005,Rezydencki,64.42,3.37,27.02.2026 20:05:36,10,NIE,,
w-2026,15,14.04.2026,14.04.2026 12:16:11,5,85,Dolnośląskie,175,Pediatria,2026/010701,Pozarezydencki,80.09,4.38,19.03.2026 10:17:23,2,NIE,,
w-2026,15,14.04.2026,14.04.2026 12:16:11,5,85,Dolnośląskie,176,Pediatria,2026/003305,Pozarezydencki,70.91,4.40,22.02.2026 21:54:12,2,NIE,,
w-2026,15,14.04.2026,14.04.2026 12:16:11,5,85,Dolnośląskie,177,Periodontologia,2026/004318,Rezydencki,82.86,0.00,04.02.2026 15:40:57,1,NIE,,
w-2026,15,14.04.2026,14.04.2026 12:16:11,5,85,Dolnośląskie,178,Położnictwo i ginekologia,2026/009414,Rezydencki,88.52,4.43,28.02.2026 23:32:07,12,NIE,,
w-2026,15,14.04.2026,14.04.2026 12:16:11,6,85,Dolnośląskie,179,Położnictwo i ginekologia,2026/007971,Rezydencki,87.56,3.72,18.03.2026 12:49:28,12,NIE,,
w-2026,15,14.04.2026,14.04.2026 12:16:11,6,85,Dolnośląskie,180,Położnictwo i ginekologia,2026/003349,Rezydencki,85.51,3.95,07.03.2026 05:57:42,12,NIE,,
w-2026,15,14.04.2026,14.04.2026 12:16:11,6,85,Dolnośląskie,181,Położnictwo i ginekologia,2026/011922,Rezydencki,83.90,0.00,28.02.2026 23:32:50,12,NIE,,
w-2026,15,14.04.2026,14.04.2026 12:16:11,6,85,Dolnośląskie,182,Położnictwo i ginekologia,2026/007010,Rezydencki,83.73,4.44,18.02.2026 21:01:43,12,NIE,,
w-2026,15,14.04.2026,14.04.2026 12:16:11,6,85,Dolnośląskie,183,Położnictwo i ginekologia,2026/008852,Rezydencki,83.65,4.00,19.03.2026 08:17:18,12,NIE,,
w-2026,15,14.04.2026,14.04.2026 12:16:11,6,85,Dolnośląskie,184,Położnictwo i ginekologia,2026/004924,Rezydencki,83.57,4.24,14.02.2026 09:33:47,12,NIE,,
w-2026,15,14.04.2026,14.04.2026 12:16:11,6,85,Dolnośląskie,185,Położnictwo i ginekologia,2026/011605,Rezydencki,83.57,3.14,16.03.2026 13:59:57,12,NIE,,
w-2026,15,14.04.2026,14.04.2026 12:16:11,6,85,Dolnośląskie,186,Położnictwo i ginekologia,2026/010385,Rezydencki,82.21,0.00,16.03.2026 14:26:37,12,NIE,,
w-2026,15,14.04.2026,14.04.2026 12:16:11,6,85,Dolnośląskie,187,Położnictwo i ginekologia,2026/003432,Rezydencki,80.48,0.00,17.03.2026 13:10:27,12,NIE,,
w-2026,15,14.04.2026,14.04.2026 12:16:11,6,85,Dolnośląskie,188,Położnictwo i ginekologia,2026/005397,Rezydencki,79.81,3.28,24.02.2026 12:30:45,12,NIE,,
w-2026,15,14.04.2026,14.04.2026 12:16:11,6,85,Dolnośląskie,189,Położnictwo i ginekologia,2026/011016,Rezydencki,79.05,3.15,27.02.2026 16:38:04,12,NIE,,
w-2026,15,14.04.2026,14.04.2026 12:16:11,6,85,Dolnośląskie,190,Położnictwo i ginekologia,2026/007924,Pozarezydencki,74.31,3.89,17.03.2026 14:27:03,2,NIE,,
w-2026,15,14.04.2026,14.04.2026 12:16:11,6,85,Dolnośląskie,191,Położnictwo i ginekologia,2026/009610,Pozarezydencki,54.09,4.94,16.03.2026 21:04:48,2,NIE,,
w-2026,15,14.04.2026,14.04.2026 12:16:11,6,85,Dolnośląskie,192,Psychiatria,2026/010352,Rezydencki,90.82,4.43,27.02.2026 19:23:36,9,NIE,,
w-2026,15,14.04.2026,14.04.2026 12:16:11,6,85,Dolnośląskie,193,Psychiatria,2026/010606,Rezydencki,87.32,3.80,09.03.2026 12:37:42,9,NIE,,
w-2026,15,14.04.2026,14.04.2026 12:16:11,6,85,Dolnośląskie,194,Psychiatria,2026/011872,Rezydencki,85.99,3.82,28.02.2026 22:54:24,9,NIE,,
w-2026,15,14.04.2026,14.04.2026 12:16:11,6,85,Dolnośląskie,195,Psychiatria,2026/010593,Rezydencki,85.41,3.90,27.02.2026 21:04:46,9,NIE,,
w-2026,15,14.04.2026,14.04.2026 12:16:11,6,85,Dolnośląskie,196,Psychiatria,2026/011518,Rezydencki,83.97,4.15,28.02.2026 21:23:27,9,NIE,,
w-2026,15,14.04.2026,14.04.2026 12:16:11,6,85,Dolnośląskie,197,Psychiatria,2026/005382,Rezydencki,82.61,4.39,11.02.2026 19:21:49,9,NIE,,
w-2026,15,14.04.2026,14.04.2026 12:16:11,6,85,Dolnośląskie,198,Psychiatria,2026/010694,Rezydencki,81.88,3.62,27.02.2026 00:02:17,9,NIE,,
w-2026,15,14.04.2026,14.04.2026 12:16:11,6,85,Dolnośląskie,199,Psychiatria,2026/006635,Rezydencki,81.34,4.14,28.02.2026 20:22:16,9,NIE,,
w-2026,15,14.04.2026,14.04.2026 12:16:11,6,85,Dolnośląskie,200,Psychiatria,2026/010539,Rezydencki,80.38,3.96,26.02.2026 20:37:49,9,NIE,,
w-2026,15,14.04.2026,14.04.2026 12:16:11,6,85,Dolnośląskie,201,Psychiatria,2026/004917,Pozarezydencki,74.54,4.30,25.03.2026 13:03:28,3,NIE,,
w-2026,15,14.04.2026,14.04.2026 12:16:11,6,85,Dolnośląskie,202,Psychiatria,2026/005337,Pozarezydencki,69.09,4.85,28.02.2026 22:54:07,3,NIE,,
w-2026,15,14.04.2026,14.04.2026 12:16:11,6,85,Dolnośląskie,203,Psychiatria,2026/010660,Pozarezydencki,61.75,3.95,17.03.2026 22:16:37,3,NIE,,
w-2026,15,14.04.2026,14.04.2026 12:16:11,6,85,Dolnośląskie,204,Psychiatria dzieci i młodzieży,2026/007239,Rezydencki,81.73,3.67,26.02.2026 13:36:57,3,NIE,,
w-2026,15,14.04.2026,14.04.2026 12:16:11,6,85,Dolnośląskie,205,Psychiatria dzieci i młodzieży,2026/011871,Rezydencki,80.88,3.64,02.03.2026 23:54:08,3,NIE,,
w-2026,15,14.04.2026,14.04.2026 12:16:11,6,85,Dolnośląskie,206,Psychiatria dzieci i młodzieży,2026/006612,Rezydencki,79.19,3.88,15.02.2026 12:31:01,3,NIE,,
w-2026,15,14.04.2026,14.04.2026 12:16:11,6,85,Dolnośląskie,207,Psychiatria dzieci i młodzieży,2026/009085,Pozarezydencki,89.09,0.00,10.03.2026 17:43:02,2,NIE,,
w-2026,15,14.04.2026,14.04.2026 12:16:11,6,85,Dolnośląskie,208,Psychiatria dzieci i młodzieży,2026/003328,Pozarezydencki,80.00,4.15,09.03.2026 10:48:32,2,NIE,,
w-2026,15,14.04.2026,14.04.2026 12:16:11,6,85,Dolnośląskie,209,Radiologia i diagnostyka obrazowa,2026/006529,Rezydencki,91.63,4.64,19.02.2026 17:52:31,6,NIE,,
w-2026,15,14.04.2026,14.04.2026 12:16:11,6,85,Dolnośląskie,210,Radiologia i diagnostyka obrazowa,2026/011343,Rezydencki,89.37,3.92,28.02.2026 02:06:15,6,NIE,,
w-2026,15,14.04.2026,14.04.2026 12:16:11,6,85,Dolnośląskie,211,Radiologia i diagnostyka obrazowa,2026/003822,Rezydencki,88.28,4.03,12.02.2026 21:41:52,6,NIE,,
w-2026,15,14.04.2026,14.04.2026 12:16:11,6,85,Dolnośląskie,212,Radiologia i diagnostyka obrazowa,2026/006257,Rezydencki,87.56,3.91,02.03.2026 22:17:36,6,NIE,,
w-2026,15,14.04.2026,14.04.2026 12:16:11,6,85,Dolnośląskie,213,Radiologia i diagnostyka obrazowa,2026/008397,Rezydencki,87.56,3.88,28.02.2026 22:33:13,6,NIE,,
w-2026,15,14.04.2026,14.04.2026 12:16:11,6,85,Dolnośląskie,214,Radiologia i diagnostyka obrazowa,2026/009967,Rezydencki,86.96,4.03,25.02.2026 20:42:25,6,NIE,,
w-2026,15,14.04.2026,14.04.2026 12:16:11,7,85,Dolnośląskie,215,Radiologia i diagnostyka obrazowa,2026/010934,Pozarezydencki,81.74,4.27,27.02.2026 18:19:18,1,NIE,,
w-2026,15,14.04.2026,14.04.2026 12:16:11,7,85,Dolnośląskie,216,Rehabilitacja medyczna,2026/010093,Rezydencki,89.27,0.00,15.03.2026 23:51:03,2,NIE,,
w-2026,15,14.04.2026,14.04.2026 12:16:11,7,85,Dolnośląskie,217,Rehabilitacja medyczna,2026/011430,Rezydencki,79.52,3.93,30.03.2026 17:11:09,2,NIE,,
w-2026,15,14.04.2026,14.04.2026 12:16:11,7,85,Dolnośląskie,218,Rehabilitacja medyczna,2026/006637,Pozarezydencki,69.04,4.61,17.03.2026 19:46:40,1,NIE,,
w-2026,15,14.04.2026,14.04.2026 12:16:11,7,85,Dolnośląskie,219,Reumatologia,2026/008979,Rezydencki,90.43,4.30,12.03.2026 14:34:33,1,NIE,,
w-2026,15,14.04.2026,14.04.2026 12:16:11,7,85,Dolnośląskie,220,Reumatologia,2026/011699,Pozarezydencki,66.36,0.00,28.02.2026 20:20:54,2,NIE,,
w-2026,15,14.04.2026,14.04.2026 12:16:11,7,85,Dolnośląskie,221,Reumatologia,2026/011610,Pozarezydencki,58.99,3.99,25.03.2026 18:28:57,2,NIE,,
w-2026,15,14.04.2026,14.04.2026 12:16:11,7,85,Dolnośląskie,222,Stomatologia dziecięca,2026/008537,Rezydencki,77.75,4.05,16.03.2026 18:13:54,1,NIE,,
w-2026,15,14.04.2026,14.04.2026 12:16:11,7,85,Dolnośląskie,223,Stomatologia zachowawcza z endodoncją,2026/009060,Rezydencki,79.52,3.93,27.02.2026 19:23:52,5,NIE,,
w-2026,15,14.04.2026,14.04.2026 12:16:11,7,85,Dolnośląskie,224,Stomatologia zachowawcza z endodoncją,2026/008547,Rezydencki,78.64,0.00,04.03.2026 19:38:39,5,NIE,,
w-2026,15,14.04.2026,14.04.2026 12:16:11,7,85,Dolnośląskie,225,Stomatologia zachowawcza z endodoncją,2026/008495,Rezydencki,78.47,3.48,13.03.2026 09:56:17,5,NIE,,
w-2026,15,14.04.2026,14.04.2026 12:16:11,7,85,Dolnośląskie,226,Stomatologia zachowawcza z endodoncją,2026/003342,Rezydencki,77.40,4.28,01.02.2026 10:40:00,5,NIE,,
w-2026,15,14.04.2026,14.04.2026 12:16:11,7,85,Dolnośląskie,227,Stomatologia zachowawcza z endodoncją,2026/009732,Rezydencki,74.40,4.13,25.02.2026 11:15:35,5,NIE,,
w-2026,15,14.04.2026,14.04.2026 12:16:11,7,85,Dolnośląskie,228,Transfuzjologia kliniczna,2026/009697,Pozarezydencki,84.55,4.39,20.03.2026 06:32:06,2,NIE,,
w-2026,15,14.04.2026,14.04.2026 12:16:11,7,85,Dolnośląskie,229,Transfuzjologia kliniczna,2026/005100,Pozarezydencki,64.22,3.36,08.02.2026 19:06:08,2,NIE,,
w-2026,15,14.04.2026,14.04.2026 12:16:11,7,85,Dolnośląskie,230,Transplantologia kliniczna,2026/003734,Pozarezydencki,61.82,0.00,04.02.2026 10:14:59,1,NIE,,
w-2026,15,14.04.2026,14.04.2026 12:16:11,7,85,Dolnośląskie,231,Urologia dziecięca,2026/011152,Pozarezydencki,71.36,3.67,18.03.2026 06:46:34,1,NIE,,
w-2026,15,14.04.2026,14.04.2026 12:16:11,7,85,Dolnośląskie,1,Reumatologia,2026/003296,Rezydencki,90.49,4.40,01.02.2026 01:16:24,1,TAK,Uniwersytecki Szpital Kliniczny im. Jana Mikulicza-Radeckiego we Wrocławiu,"Oddział Kliniczny Reumatologii i Chorób Wewnętrznych, Klinika Reumatologii i Chorób Wewnętrznych"
w-2026,15,14.04.2026,14.04.2026 12:16:11,7,85,Kujawsko-pomorskie,1,Alergologia,2026/005413,Rezydencki,90.43,4.38,27.02.2026 00:07:31,2,NIE,,
w-2026,15,14.04.2026,14.04.2026 12:16:11,7,85,Kujawsko-pomorskie,2,Alergologia,2026/009223,Rezydencki,87.92,4.46,28.02.2026 07:04:31,2,NIE,,
w-2026,15,14.04.2026,14.04.2026 12:16:11,7,85,Kujawsko-pomorskie,3,Alergologia,2026/007378,Pozarezydencki,84.55,4.48,10.03.2026 20:50:10,1,NIE,,
w-2026,15,14.04.2026,14.04.2026 12:16:11,7,85,Kujawsko-pomorskie,4,Anestezjologia i intensywna terapia,2026/003464,Rezydencki,85.02,3.87,02.02.2026 18:26:04,8,NIE,,
w-2026,15,14.04.2026,14.04.2026 12:16:11,7,85,Kujawsko-pomorskie,5,Anestezjologia i intensywna terapia,2026/008013,Rezydencki,83.17,4.05,17.03.2026 15:12:02,8,NIE,,
w-2026,15,14.04.2026,14.04.2026 12:16:11,7,85,Kujawsko-pomorskie,6,Anestezjologia i intensywna terapia,2026/009586,Rezydencki,82.86,4.04,13.03.2026 15:04:06,8,NIE,,
w-2026,15,14.04.2026,14.04.2026 12:16:11,7,85,Kujawsko-pomorskie,7,Anestezjologia i intensywna terapia,2026/011028,Rezydencki,80.77,3.59,17.03.2026 14:39:46,8,NIE,,
w-2026,15,14.04.2026,14.04.2026 12:16:11,7,85,Kujawsko-pomorskie,8,Anestezjologia i intensywna terapia,2026/009118,Rezydencki,79.23,3.95,10.03.2026 17:47:51,8,NIE,,
w-2026,15,14.04.2026,14.04.2026 12:16:11,7,85,Kujawsko-pomorskie,9,Anestezjologia i intensywna terapia,2026/007097,Rezydencki,78.85,3.92,20.03.2026 22:15:06,8,NIE,,
w-2026,15,14.04.2026,14.04.2026 12:16:11,8,85,Kujawsko-pomorskie,10,Anestezjologia i intensywna terapia,2026/007063,Rezydencki,78.81,4.14,25.02.2026 11:28:40,8,NIE,,
w-2026,15,14.04.2026,14.04.2026 12:16:11,8,85,Kujawsko-pomorskie,11,Anestezjologia i intensywna terapia,2026/008415,Rezydencki,76.56,4.50,19.03.2026 10:51:16,8,NIE,,
w-2026,15,14.04.2026,14.04.2026 12:16:11,8,85,Kujawsko-pomorskie,12,Audiologia i foniatria,2026/009452,Pozarezydencki,66.59,3.61,19.03.2026 20:32:47,1,NIE,,
w-2026,15,14.04.2026,14.04.2026 12:16:11,8,85,Kujawsko-pomorskie,13,Chirurgia dziecięca,2026/006578,Rezydencki,73.53,4.98,14.02.2026 21:41:41,1,NIE,,
w-2026,15,14.04.2026,14.04.2026 12:16:11,8,85,Kujawsko-pomorskie,14,Chirurgia klatki piersiowej,2026/010003,Pozarezydencki,56.82,3.15,26.02.2026 16:09:54,1,NIE,,
w-2026,15,14.04.2026,14.04.2026 12:16:11,8,85,Kujawsko-pomorskie,15,Chirurgia ogólna,2026/004148,Rezydencki,82.84,4.27,27.02.2026 22:29:56,3,NIE,,
w-2026,15,14.04.2026,14.04.2026 12:16:11,8,85,Kujawsko-pomorskie,16,Chirurgia ogólna,2026/007687,Rezydencki,73.43,3.65,16.03.2026 11:26:17,3,NIE,,
w-2026,15,14.04.2026,14.04.2026 12:16:11,8,85,Kujawsko-pomorskie,17,Chirurgia ogólna,2026/004398,Rezydencki,63.16,4.43,04.02.2026 22:28:21,3,NIE,,
w-2026,15,14.04.2026,14.04.2026 12:16:11,8,85,Kujawsko-pomorskie,18,Chirurgia onkologiczna,2026/008983,Rezydencki,86.60,3.95,16.03.2026 20:16:29,3,NIE,,
w-2026,15,14.04.2026,14.04.2026 12:16:11,8,85,Kujawsko-pomorskie,19,Chirurgia onkologiczna,2026/011811,Rezydencki,79.33,3.57,28.02.2026 22:01:53,3,NIE,,
w-2026,15,14.04.2026,14.04.2026 12:16:11,8,85,Kujawsko-pomorskie,20,Chirurgia onkologiczna,2026/011482,Rezydencki,73.43,3.88,21.03.2026 21:36:49,3,NIE,,
w-2026,15,14.04.2026,14.04.2026 12:16:11,8,85,Kujawsko-pomorskie,21,Chirurgia onkologiczna,2026/008376,Pozarezydencki,66.36,3.92,17.03.2026 12:59:02,2,NIE,,
w-2026,15,14.04.2026,14.04.2026 12:16:11,8,85,Kujawsko-pomorskie,22,Chirurgia onkologiczna,2026/004904,Pozarezydencki,63.68,2.48,07.02.2026 12:14:38,2,NIE,,
w-2026,15,14.04.2026,14.04.2026 12:16:11,8,85,Kujawsko-pomorskie,23,Chirurgia stomatologiczna,2026/010971,Rezydencki,84.76,4.36,09.03.2026 19:27:07,1,NIE,,
w-2026,15,14.04.2026,14.04.2026 12:16:11,8,85,Kujawsko-pomorskie,24,Choroby płuc,2026/008510,Rezydencki,88.76,4.59,23.02.2026 20:48:33,10,NIE,,
w-2026,15,14.04.2026,14.04.2026 12:16:11,8,85,Kujawsko-pomorskie,25,Choroby płuc,2026/009170,Rezydencki,86.96,4.03,23.02.2026 23:30:07,10,NIE,,
w-2026,15,14.04.2026,14.04.2026 12:16:11,8,85,Kujawsko-pomorskie,26,Choroby płuc,2026/009604,Rezydencki,84.06,4.29,26.02.2026 10:41:36,10,NIE,,
w-2026,15,14.04.2026,14.04.2026 12:16:11,8,85,Kujawsko-pomorskie,27,Choroby płuc,2026/004617,Rezydencki,84.06,3.79,12.03.2026 07:25:51,10,NIE,,
w-2026,15,14.04.2026,14.04.2026 12:16:11,8,85,Kujawsko-pomorskie,28,Choroby płuc,2026/004128,Rezydencki,81.64,3.86,13.03.2026 13:20:29,10,NIE,,
w-2026,15,14.04.2026,14.04.2026 12:16:11,8,85,Kujawsko-pomorskie,29,Choroby płuc,2026/011477,Rezydencki,80.49,4.11,06.03.2026 12:49:42,10,NIE,,
w-2026,15,14.04.2026,14.04.2026 12:16:11,8,85,Kujawsko-pomorskie,30,Choroby płuc,2026/006754,Rezydencki,78.85,4.54,25.02.2026 22:47:22,10,NIE,,
w-2026,15,14.04.2026,14.04.2026 12:16:11,8,85,Kujawsko-pomorskie,31,Choroby płuc,2026/005348,Rezydencki,77.56,3.41,09.02.2026 14:12:22,10,NIE,,
w-2026,15,14.04.2026,14.04.2026 12:16:11,8,85,Kujawsko-pomorskie,32,Choroby płuc,2026/008678,Rezydencki,68.27,4.22,26.02.2026 20:36:25,10,NIE,,
w-2026,15,14.04.2026,14.04.2026 12:16:11,8,85,Kujawsko-pomorskie,33,Choroby płuc,2026/010331,Rezydencki,68.27,4.04,26.02.2026 12:37:54,10,NIE,,
w-2026,15,14.04.2026,14.04.2026 12:16:11,8,85,Kujawsko-pomorskie,34,Choroby płuc,2026/009396,Pozarezydencki,71.89,0.00,24.02.2026 19:06:52,1,NIE,,
w-2026,15,14.04.2026,14.04.2026 12:16:11,8,85,Kujawsko-pomorskie,35,Choroby płuc dzieci,2026/004134,Rezydencki,85.99,3.60,27.02.2026 14:25:47,1,NIE,,
w-2026,15,14.04.2026,14.04.2026 12:16:11,8,85,Kujawsko-pomorskie,36,Choroby płuc dzieci,2026/009991,Pozarezydencki,75.45,4.22,23.03.2026 01:12:15,1,NIE,,
w-2026,15,14.04.2026,14.04.2026 12:16:11,8,85,Kujawsko-pomorskie,37,Choroby wewnętrzne,2026/010938,Rezydencki,76.67,3.07,27.02.2026 13:14:34,1,NIE,,
w-2026,15,14.04.2026,14.04.2026 12:16:11,8,85,Kujawsko-pomorskie,38,Choroby wewnętrzne,2026/004713,Pozarezydencki,75.70,4.11,18.03.2026 12:32:24,2,NIE,,
w-2026,15,14.04.2026,14.04.2026 12:16:11,8,85,Kujawsko-pomorskie,39,Choroby wewnętrzne,2026/007938,Pozarezydencki,56.02,4.38,17.03.2026 10:06:13,2,NIE,,
w-2026,15,14.04.2026,14.04.2026 12:16:11,8,85,Kujawsko-pomorskie,40,Diabetologia,2026/003294,Rezydencki,84.06,3.90,28.02.2026 17:54:36,2,NIE,,
w-2026,15,14.04.2026,14.04.2026 12:16:11,8,85,Kujawsko-pomorskie,41,Diabetologia,2026/008730,Rezydencki,82.78,3.94,28.02.2026 21:12:24,2,NIE,,
w-2026,15,14.04.2026,14.04.2026 12:16:11,8,85,Kujawsko-pomorskie,42,Diabetologia,2026/007295,Pozarezydencki,79.45,3.50,16.03.2026 08:33:58,3,NIE,,
w-2026,15,14.04.2026,14.04.2026 12:16:11,8,85,Kujawsko-pomorskie,43,Diabetologia,2026/011996,Pozarezydencki,74.53,0.00,01.03.2026 20:53:17,3,NIE,,
w-2026,15,14.04.2026,14.04.2026 12:16:11,8,85,Kujawsko-pomorskie,44,Diabetologia,2026/005485,Pozarezydencki,73.18,4.16,10.02.2026 09:37:16,3,NIE,,
w-2026,15,14.04.2026,14.04.2026 12:16:11,8,85,Kujawsko-pomorskie,45,Gastroenterologia dziecięca,2026/005256,Pozarezydencki,95.09,4.13,19.03.2026 00:29:38,5,NIE,,
w-2026,15,14.04.2026,14.04.2026 12:16:11,9,85,Kujawsko-pomorskie,46,Gastroenterologia dziecięca,2026/004222,Pozarezydencki,80.23,4.11,13.03.2026 17:57:04,5,NIE,,
w-2026,15,14.04.2026,14.04.2026 12:16:11,9,85,Kujawsko-pomorskie,47,Gastroenterologia dziecięca,2026/008949,Pozarezydencki,77.73,4.00,11.03.2026 14:41:02,5,NIE,,
w-2026,15,14.04.2026,14.04.2026 12:16:11,9,85,Kujawsko-pomorskie,48,Gastroenterologia dziecięca,2026/011662,Pozarezydencki,71.56,4.31,17.03.2026 11:02:49,5,NIE,,
w-2026,15,14.04.2026,14.04.2026 12:16:11,9,85,Kujawsko-pomorskie,49,Gastroenterologia dziecięca,2026/009508,Pozarezydencki,67.27,3.46,14.03.2026 14:40:59,5,NIE,,
w-2026,15,14.04.2026,14.04.2026 12:16:11,9,85,Kujawsko-pomorskie,50,Genetyka kliniczna,2026/009754,Pozarezydencki,80.00,0.00,18.03.2026 13:45:28,3,NIE,,
w-2026,15,14.04.2026,14.04.2026 12:16:11,9,85,Kujawsko-pomorskie,51,Genetyka kliniczna,2026/011196,Pozarezydencki,80.00,0.00,20.03.2026 19:02:21,3,NIE,,
w-2026,15,14.04.2026,14.04.2026 12:16:11,9,85,Kujawsko-pomorskie,52,Genetyka kliniczna,2026/009378,Pozarezydencki,72.02,4.27,24.02.2026 16:57:26,3,NIE,,
w-2026,15,14.04.2026,14.04.2026 12:16:11,9,85,Kujawsko-pomorskie,53,Geriatria,2026/004875,Rezydencki,56.19,3.30,25.02.2026 19:22:54,2,NIE,,
w-2026,15,14.04.2026,14.04.2026 12:16:11,9,85,Kujawsko-pomorskie,54,Geriatria,2026/011839,Rezydencki,55.98,3.41,21.03.2026 21:36:48,2,NIE,,
w-2026,15,14.04.2026,14.04.2026 12:16:11,9,85,Kujawsko-pomorskie,55,Ginekologia onkologiczna,2026/009436,Pozarezydencki,70.91,3.86,21.03.2026 16:34:52,1,NIE,,
w-2026,15,14.04.2026,14.04.2026 12:16:11,9,85,Kujawsko-pomorskie,56,Hematologia,2026/005401,Rezydencki,79.95,3.75,16.02.2026 17:26:52,2,NIE,,
w-2026,15,14.04.2026,14.04.2026 12:16:11,9,85,Kujawsko-pomorskie,57,Hematologia,2026/009054,Rezydencki,72.14,4.10,23.02.2026 21:05:32,2,NIE,,
w-2026,15,14.04.2026,14.04.2026 12:16:11,9,85,Kujawsko-pomorskie,58,Kardiochirurgia,2026/011925,Rezydencki,84.54,4.09,19.03.2026 23:03:44,1,NIE,,
w-2026,15,14.04.2026,14.04.2026 12:16:11,9,85,Kujawsko-pomorskie,59,Kardiologia,2026/010942,Rezydencki,91.87,4.47,20.03.2026 20:39:11,6,NIE,,
w-2026,15,14.04.2026,14.04.2026 12:16:11,9,85,Kujawsko-pomorskie,60,Kardiologia,2026/010044,Rezydencki,89.00,4.18,27.02.2026 17:28:57,6,NIE,,
w-2026,15,14.04.2026,14.04.2026 12:16:11,9,85,Kujawsko-pomorskie,61,Kardiologia,2026/009023,Rezydencki,88.41,4.58,13.03.2026 17:45:30,6,NIE,,
w-2026,15,14.04.2026,14.04.2026 12:16:11,9,85,Kujawsko-pomorskie,62,Kardiologia,2026/005666,Rezydencki,88.24,4.46,10.02.2026 20:48:59,6,NIE,,
w-2026,15,14.04.2026,14.04.2026 12:16:11,9,85,Kujawsko-pomorskie,63,Kardiologia,2026/006709,Rezydencki,87.75,3.81,09.03.2026 22:17:21,6,NIE,,
w-2026,15,14.04.2026,14.04.2026 12:16:11,9,85,Kujawsko-pomorskie,64,Kardiologia,2026/006233,Rezydencki,87.20,4.14,17.02.2026 22:23:11,6,NIE,,
w-2026,15,14.04.2026,14.04.2026 12:16:11,9,85,Kujawsko-pomorskie,65,Kardiologia,2026/010935,Pozarezydencki,79.95,4.13,27.02.2026 18:33:48,2,NIE,,
w-2026,15,14.04.2026,14.04.2026 12:16:11,9,85,Kujawsko-pomorskie,66,Kardiologia,2026/008912,Pozarezydencki,61.82,3.36,19.03.2026 09:54:44,2,NIE,,
w-2026,15,14.04.2026,14.04.2026 12:16:11,9,85,Kujawsko-pomorskie,67,Medycyna nuklearna,2026/010543,Pozarezydencki,76.61,4.56,15.03.2026 17:11:46,1,NIE,,
w-2026,15,14.04.2026,14.04.2026 12:16:11,9,85,Kujawsko-pomorskie,68,Medycyna paliatywna,2026/008523,Pozarezydencki,81.14,4.48,17.03.2026 17:30:36,1,NIE,,
w-2026,15,14.04.2026,14.04.2026 12:16:11,9,85,Kujawsko-pomorskie,69,Medycyna rodzinna,2026/005695,Rezydencki,86.76,4.32,12.02.2026 23:35:12,9,NIE,,
w-2026,15,14.04.2026,14.04.2026 12:16:11,9,85,Kujawsko-pomorskie,70,Medycyna rodzinna,2026/006577,Rezydencki,86.12,3.57,18.03.2026 10:45:34,9,NIE,,
w-2026,15,14.04.2026,14.04.2026 12:16:11,9,85,Kujawsko-pomorskie,71,Medycyna rodzinna,2026/011360,Rezydencki,81.90,0.00,28.02.2026 07:40:35,9,NIE,,
w-2026,15,14.04.2026,14.04.2026 12:16:11,9,85,Kujawsko-pomorskie,72,Medycyna rodzinna,2026/011691,Rezydencki,80.68,4.15,28.02.2026 20:18:33,9,NIE,,
w-2026,15,14.04.2026,14.04.2026 12:16:11,9,85,Kujawsko-pomorskie,73,Medycyna rodzinna,2026/009793,Rezydencki,79.71,3.80,28.02.2026 17:17:52,9,NIE,,
w-2026,15,14.04.2026,14.04.2026 12:16:11,9,85,Kujawsko-pomorskie,74,Medycyna rodzinna,2026/004710,Rezydencki,75.12,3.15,27.02.2026 18:26:12,9,NIE,,
w-2026,15,14.04.2026,14.04.2026 12:16:11,9,85,Kujawsko-pomorskie,75,Medycyna rodzinna,2026/008433,Rezydencki,74.40,0.00,21.02.2026 20:54:34,9,NIE,,
w-2026,15,14.04.2026,14.04.2026 12:16:11,9,85,Kujawsko-pomorskie,76,Medycyna rodzinna,2026/011169,Rezydencki,73.08,4.38,27.02.2026 20:53:17,9,NIE,,
w-2026,15,14.04.2026,14.04.2026 12:16:11,9,85,Kujawsko-pomorskie,77,Medycyna rodzinna,2026/010869,Rezydencki,57.42,3.91,27.02.2026 11:41:46,9,NIE,,
w-2026,15,14.04.2026,14.04.2026 12:16:11,9,85,Kujawsko-pomorskie,78,Medycyna rodzinna,2026/011567,Pozarezydencki,65.45,3.44,16.03.2026 10:24:06,1,NIE,,
w-2026,15,14.04.2026,14.04.2026 12:16:11,9,85,Kujawsko-pomorskie,79,Medycyna sportowa,2026/003303,Rezydencki,70.24,0.00,27.02.2026 08:08:40,1,NIE,,
w-2026,15,14.04.2026,14.04.2026 12:16:11,9,85,Kujawsko-pomorskie,80,Medycyna sportowa,2026/009052,Pozarezydencki,83.41,4.43,16.03.2026 17:06:03,1,NIE,,
w-2026,15,14.04.2026,14.04.2026 12:16:11,9,85,Kujawsko-pomorskie,81,Nefrologia,2026/009946,Rezydencki,77.14,4.06,25.02.2026 19:38:29,1,NIE,,
w-2026,15,14.04.2026,14.04.2026 12:16:11,10,85,Kujawsko-pomorskie,82,Neonatologia,2026/006538,Rezydencki,82.86,4.48,14.02.2026 14:24:00,1,NIE,,
w-2026,15,14.04.2026,14.04.2026 12:16:11,10,85,Kujawsko-pomorskie,83,Neurochirurgia,2026/010386,Rezydencki,89.00,3.39,28.02.2026 19:40:32,1,NIE,,
w-2026,15,14.04.2026,14.04.2026 12:16:11,10,85,Kujawsko-pomorskie,84,Neurologia,2026/004113,Rezydencki,87.56,4.14,28.02.2026 18:43:20,3,NIE,,
w-2026,15,14.04.2026,14.04.2026 12:16:11,10,85,Kujawsko-pomorskie,85,Neurologia,2026/003747,Rezydencki,65.14,4.17,12.03.2026 17:47:51,3,NIE,,
w-2026,15,14.04.2026,14.04.2026 12:16:11,10,85,Kujawsko-pomorskie,86,Neurologia,2026/005423,Rezydencki,62.20,3.92,12.03.2026 14:13:02,3,NIE,,
w-2026,15,14.04.2026,14.04.2026 12:16:11,10,85,Kujawsko-pomorskie,87,Neurologia dziecięca,2026/006606,Rezydencki,88.41,4.43,15.02.2026 11:20:27,1,NIE,,
w-2026,15,14.04.2026,14.04.2026 12:16:11,10,85,Kujawsko-pomorskie,88,Neurologia dziecięca,2026/011703,Pozarezydencki,69.63,4.08,20.03.2026 17:48:57,1,NIE,,
w-2026,15,14.04.2026,14.04.2026 12:16:11,10,85,Kujawsko-pomorskie,89,Okulistyka,2026/009150,Rezydencki,90.43,4.12,23.02.2026 22:28:36,4,NIE,,
w-2026,15,14.04.2026,14.04.2026 12:16:11,10,85,Kujawsko-pomorskie,90,Okulistyka,2026/006241,Rezydencki,90.24,4.26,11.03.2026 21:22:38,4,NIE,,
w-2026,15,14.04.2026,14.04.2026 12:16:11,10,85,Kujawsko-pomorskie,91,Okulistyka,2026/009012,Rezydencki,89.00,4.10,28.02.2026 22:43:44,4,NIE,,
w-2026,15,14.04.2026,14.04.2026 12:16:11,10,85,Kujawsko-pomorskie,92,Okulistyka,2026/004732,Rezydencki,88.52,4.00,27.02.2026 18:22:55,4,NIE,,
w-2026,15,14.04.2026,14.04.2026 12:16:11,10,85,Kujawsko-pomorskie,93,Okulistyka,2026/011457,Pozarezydencki,79.91,3.90,28.02.2026 23:26:18,3,NIE,,
w-2026,15,14.04.2026,14.04.2026 12:16:11,10,85,Kujawsko-pomorskie,94,Okulistyka,2026/010414,Pozarezydencki,78.64,3.95,15.03.2026 13:18:32,3,NIE,,
w-2026,15,14.04.2026,14.04.2026 12:16:11,10,85,Kujawsko-pomorskie,95,Okulistyka,2026/009888,Pozarezydencki,78.44,0.00,19.03.2026 14:18:50,3,NIE,,
w-2026,15,14.04.2026,14.04.2026 12:16:11,10,85,Kujawsko-pomorskie,96,Onkologia kliniczna,2026/011770,Pozarezydencki,73.83,0.00,18.03.2026 20:41:26,1,NIE,,
w-2026,15,14.04.2026,14.04.2026 12:16:11,10,85,Kujawsko-pomorskie,97,Ortodoncja,2026/009952,Pozarezydencki,82.50,4.00,20.03.2026 10:33:09,1,NIE,,
w-2026,15,14.04.2026,14.04.2026 12:16:11,10,85,Kujawsko-pomorskie,98,Ortopedia i traumatologia narządu ruchu,2026/011851,Rezydencki,87.44,3.81,21.03.2026 19:32:13,3,NIE,,
w-2026,15,14.04.2026,14.04.2026 12:16:11,10,85,Kujawsko-pomorskie,99,Ortopedia i traumatologia narządu ruchu,2026/005762,Rezydencki,84.76,5.00,11.02.2026 10:36:06,3,NIE,,
w-2026,15,14.04.2026,14.04.2026 12:16:11,10,85,Kujawsko-pomorskie,100,Ortopedia i traumatologia narządu ruchu,2026/004111,Rezydencki,81.64,3.40,03.02.2026 17:12:02,3,NIE,,
w-2026,15,14.04.2026,14.04.2026 12:16:11,10,85,Kujawsko-pomorskie,101,Otorynolaryngologia,2026/008938,Rezydencki,87.02,4.02,27.02.2026 18:42:28,1,NIE,,
w-2026,15,14.04.2026,14.04.2026 12:16:11,10,85,Kujawsko-pomorskie,102,Otorynolaryngologia,2026/005422,Pozarezydencki,81.40,3.71,09.02.2026 20:13:15,2,NIE,,
w-2026,15,14.04.2026,14.04.2026 12:16:11,10,85,Kujawsko-pomorskie,103,Otorynolaryngologia,2026/011037,Pozarezydencki,80.50,3.66,10.03.2026 16:43:31,2,NIE,,
w-2026,15,14.04.2026,14.04.2026 12:16:11,10,85,Kujawsko-pomorskie,104,Patomorfologia,2026/005747,Rezydencki,80.38,4.51,11.02.2026 10:40:32,1,NIE,,
w-2026,15,14.04.2026,14.04.2026 12:16:11,10,85,Kujawsko-pomorskie,105,Pediatria,2026/009112,Rezydencki,86.96,4.63,23.02.2026 21:25:40,6,NIE,,
w-2026,15,14.04.2026,14.04.2026 12:16:11,10,85,Kujawsko-pomorskie,106,Pediatria,2026/011901,Rezydencki,84.88,4.12,28.02.2026 23:22:20,6,NIE,,
w-2026,15,14.04.2026,14.04.2026 12:16:11,10,85,Kujawsko-pomorskie,107,Pediatria,2026/006946,Rezydencki,83.73,4.50,13.03.2026 07:22:22,6,NIE,,
w-2026,15,14.04.2026,14.04.2026 12:16:11,10,85,Kujawsko-pomorskie,108,Pediatria,2026/009030,Rezydencki,79.67,4.17,14.03.2026 19:16:24,6,NIE,,
w-2026,15,14.04.2026,14.04.2026 12:16:11,10,85,Kujawsko-pomorskie,109,Pediatria,2026/009801,Rezydencki,66.67,4.37,11.03.2026 11:23:21,6,NIE,,
w-2026,15,14.04.2026,14.04.2026 12:16:11,10,85,Kujawsko-pomorskie,110,Pediatria,2026/011281,Rezydencki,55.77,3.24,13.03.2026 11:44:35,6,NIE,,
w-2026,15,14.04.2026,14.04.2026 12:16:11,10,85,Kujawsko-pomorskie,111,Pediatria,2026/006699,Pozarezydencki,80.00,4.84,15.02.2026 18:37:16,1,NIE,,
w-2026,15,14.04.2026,14.04.2026 12:16:11,10,85,Kujawsko-pomorskie,112,Położnictwo i ginekologia,2026/003542,Rezydencki,85.51,4.33,01.02.2026 22:11:32,5,NIE,,
w-2026,15,14.04.2026,14.04.2026 12:16:11,10,85,Kujawsko-pomorskie,113,Położnictwo i ginekologia,2026/010442,Rezydencki,85.17,3.92,28.02.2026 20:15:36,5,NIE,,
w-2026,15,14.04.2026,14.04.2026 12:16:11,10,85,Kujawsko-pomorskie,114,Położnictwo i ginekologia,2026/009114,Rezydencki,84.69,0.00,13.03.2026 14:29:41,5,NIE,,
w-2026,15,14.04.2026,14.04.2026 12:16:11,10,85,Kujawsko-pomorskie,115,Położnictwo i ginekologia,2026/003318,Rezydencki,83.73,4.34,18.03.2026 14:06:35,5,NIE,,
w-2026,15,14.04.2026,14.04.2026 12:16:11,10,85,Kujawsko-pomorskie,116,Położnictwo i ginekologia,2026/005965,Rezydencki,82.06,4.31,23.03.2026 09:55:39,5,NIE,,
w-2026,15,14.04.2026,14.04.2026 12:16:11,10,85,Kujawsko-pomorskie,117,Położnictwo i ginekologia,2026/010713,Pozarezydencki,70.32,4.70,20.03.2026 11:55:54,2,NIE,,
w-2026,15,14.04.2026,14.04.2026 12:16:11,11,85,Kujawsko-pomorskie,118,Położnictwo i ginekologia,2026/006516,Pozarezydencki,67.58,4.04,12.03.2026 09:26:40,2,NIE,,
w-2026,15,14.04.2026,14.04.2026 12:16:11,11,85,Kujawsko-pomorskie,119,Protetyka stomatologiczna,2026/004228,Rezydencki,81.97,4.12,04.02.2026 10:22:37,2,NIE,,
w-2026,15,14.04.2026,14.04.2026 12:16:11,11,85,Kujawsko-pomorskie,120,Protetyka stomatologiczna,2026/009440,Rezydencki,81.82,4.10,28.02.2026 20:12:09,2,NIE,,
w-2026,15,14.04.2026,14.04.2026 12:16:11,11,85,Kujawsko-pomorskie,121,Psychiatria,2026/007957,Rezydencki,91.06,4.34,12.03.2026 14:34:10,3,NIE,,
w-2026,15,14.04.2026,14.04.2026 12:16:11,11,85,Kujawsko-pomorskie,122,Psychiatria,2026/011266,Rezydencki,86.60,3.63,18.03.2026 22:35:15,3,NIE,,
w-2026,15,14.04.2026,14.04.2026 12:16:11,11,85,Kujawsko-pomorskie,123,Psychiatria,2026/010055,Rezydencki,85.99,3.88,20.03.2026 16:23:24,3,NIE,,
w-2026,15,14.04.2026,14.04.2026 12:16:11,11,85,Kujawsko-pomorskie,124,Psychiatria,2026/003693,Pozarezydencki,2.27,0.00,23.02.2026 14:05:07,1,NIE,,
w-2026,15,14.04.2026,14.04.2026 12:16:11,11,85,Kujawsko-pomorskie,125,Radiologia i diagnostyka obrazowa,2026/003361,Rezydencki,91.87,4.58,01.02.2026 11:30:37,2,NIE,,
w-2026,15,14.04.2026,14.04.2026 12:16:11,11,85,Kujawsko-pomorskie,126,Radiologia i diagnostyka obrazowa,2026/003375,Rezydencki,90.43,3.55,01.02.2026 12:27:04,2,NIE,,
w-2026,15,14.04.2026,14.04.2026 12:16:11,11,85,Kujawsko-pomorskie,127,Radiologia i diagnostyka obrazowa,2026/008630,Pozarezydencki,78.50,3.91,26.02.2026 19:09:06,2,NIE,,
w-2026,15,14.04.2026,14.04.2026 12:16:11,11,85,Kujawsko-pomorskie,128,Radiologia i diagnostyka obrazowa,2026/011225,Pozarezydencki,67.13,3.63,22.03.2026 21:24:33,2,NIE,,
w-2026,15,14.04.2026,14.04.2026 12:16:11,11,85,Kujawsko-pomorskie,129,Radioterapia onkologiczna,2026/011738,Rezydencki,89.27,4.47,22.03.2026 12:05:21,1,NIE,,
w-2026,15,14.04.2026,14.04.2026 12:16:11,11,85,Kujawsko-pomorskie,130,Rehabilitacja medyczna,2026/010273,Rezydencki,55.77,0.00,17.03.2026 03:52:25,1,NIE,,
w-2026,15,14.04.2026,14.04.2026 12:16:11,11,85,Kujawsko-pomorskie,131,Stomatologia dziecięca,2026/006505,Rezydencki,79.43,3.45,13.02.2026 22:42:48,1,NIE,,
w-2026,15,14.04.2026,14.04.2026 12:16:11,11,85,Kujawsko-pomorskie,132,Transplantologia kliniczna,2026/003354,Pozarezydencki,75.45,0.00,10.03.2026 20:45:12,3,NIE,,
w-2026,15,14.04.2026,14.04.2026 12:16:11,11,85,Kujawsko-pomorskie,133,Transplantologia kliniczna,2026/008032,Pozarezydencki,70.91,4.26,19.02.2026 22:55:56,3,NIE,,
w-2026,15,14.04.2026,14.04.2026 12:16:11,11,85,Kujawsko-pomorskie,134,Transplantologia kliniczna,2026/007734,Pozarezydencki,61.82,4.09,16.03.2026 21:52:07,3,NIE,,
w-2026,15,14.04.2026,14.04.2026 12:16:11,11,85,Kujawsko-pomorskie,135,Urologia,2026/008515,Rezydencki,90.43,4.40,23.02.2026 20:34:33,2,NIE,,
w-2026,15,14.04.2026,14.04.2026 12:16:11,11,85,Kujawsko-pomorskie,136,Urologia,2026/009463,Rezydencki,88.52,4.10,25.02.2026 20:01:16,2,NIE,,
w-2026,15,14.04.2026,14.04.2026 12:16:11,11,85,Kujawsko-pomorskie,137,Urologia,2026/010578,Pozarezydencki,83.88,4.25,17.03.2026 12:58:35,2,NIE,,
w-2026,15,14.04.2026,14.04.2026 12:16:11,11,85,Kujawsko-pomorskie,138,Urologia,2026/011344,Pozarezydencki,79.45,4.53,13.03.2026 12:59:14,2,NIE,,
w-2026,15,14.04.2026,14.04.2026 12:16:11,11,85,Kujawsko-pomorskie,1,Urologia,2026/009143,Rezydencki,77.14,3.95,23.02.2026 22:11:46,1,TAK,Szpital Uniwersytecki Nr 2 im. dr. Jana Biziela w Bydgoszczy,Klinika Urologii
w-2026,15,14.04.2026,14.04.2026 12:16:11,11,85,Lubelskie,1,Alergologia,2026/010732,Pozarezydencki,72.25,2.89,21.03.2026 22:57:03,1,NIE,,
w-2026,15,14.04.2026,14.04.2026 12:16:11,11,85,Lubelskie,2,Anestezjologia i intensywna terapia,2026/009405,Rezydencki,88.04,4.80,16.03.2026 10:22:08,5,NIE,,
w-2026,15,14.04.2026,14.04.2026 12:16:11,11,85,Lubelskie,3,Anestezjologia i intensywna terapia,2026/008440,Rezydencki,84.80,4.09,21.02.2026 21:31:20,5,NIE,,
w-2026,15,14.04.2026,14.04.2026 12:16:11,11,85,Lubelskie,4,Anestezjologia i intensywna terapia,2026/011258,Rezydencki,83.17,3.73,10.03.2026 14:35:15,5,NIE,,
w-2026,15,14.04.2026,14.04.2026 12:16:11,11,85,Lubelskie,5,Anestezjologia i intensywna terapia,2026/007909,Rezydencki,82.21,4.38,27.02.2026 14:13:30,5,NIE,,
w-2026,15,14.04.2026,14.04.2026 12:16:11,12,85,Lubelskie,6,Anestezjologia i intensywna terapia,2026/005292,Rezydencki,79.71,0.00,26.02.2026 16:30:53,5,NIE,,
w-2026,15,14.04.2026,14.04.2026 12:16:11,12,85,Lubelskie,7,Audiologia i foniatria,2026/010723,Pozarezydencki,81.28,3.84,05.03.2026 22:58:16,2,NIE,,
w-2026,15,14.04.2026,14.04.2026 12:16:11,12,85,Lubelskie,8,Audiologia i foniatria,2026/004323,Pozarezydencki,65.14,3.44,09.03.2026 14:40:54,2,NIE,,
w-2026,15,14.04.2026,14.04.2026 12:16:11,12,85,Lubelskie,9,Chirurgia naczyniowa,2026/009478,Pozarezydencki,82.72,4.18,24.02.2026 21:04:37,1,NIE,,
w-2026,15,14.04.2026,14.04.2026 12:16:11,12,85,Lubelskie,10,Chirurgia ogólna,2026/007093,Rezydencki,89.47,4.36,16.03.2026 22:57:18,5,NIE,,
w-2026,15,14.04.2026,14.04.2026 12:16:11,12,85,Lubelskie,11,Chirurgia ogólna,2026/011967,Rezydencki,83.41,3.76,02.03.2026 01:03:03,5,NIE,,
w-2026,15,14.04.2026,14.04.2026 12:16:11,12,85,Lubelskie,12,Chirurgia ogólna,2026/003794,Rezydencki,82.38,3.66,19.02.2026 18:32:13,5,NIE,,
w-2026,15,14.04.2026,14.04.2026 12:16:11,12,85,Lubelskie,13,Chirurgia ogólna,2026/007676,Rezydencki,80.86,3.51,23.02.2026 09:09:14,5,NIE,,
w-2026,15,14.04.2026,14.04.2026 12:16:11,12,85,Lubelskie,14,Chirurgia ogólna,2026/010064,Rezydencki,78.85,3.63,05.03.2026 23:08:31,5,NIE,,
w-2026,15,14.04.2026,14.04.2026 12:16:11,12,85,Lubelskie,15,Chirurgia stomatologiczna,2026/010441,Rezydencki,84.86,4.45,19.03.2026 11:39:54,6,NIE,,
w-2026,15,14.04.2026,14.04.2026 12:16:11,12,85,Lubelskie,16,Chirurgia stomatologiczna,2026/008136,Rezydencki,84.69,4.04,23.02.2026 13:29:45,6,NIE,,
w-2026,15,14.04.2026,14.04.2026 12:16:11,12,85,Lubelskie,17,Chirurgia stomatologiczna,2026/003975,Rezydencki,84.29,4.14,17.03.2026 20:53:57,6,NIE,,
w-2026,15,14.04.2026,14.04.2026 12:16:11,12,85,Lubelskie,18,Chirurgia stomatologiczna,2026/005119,Rezydencki,83.33,4.32,17.03.2026 19:53:12,6,NIE,,
w-2026,15,14.04.2026,14.04.2026 12:16:11,12,85,Lubelskie,19,Chirurgia stomatologiczna,2026/009070,Rezydencki,83.25,4.04,17.03.2026 19:26:34,6,NIE,,
w-2026,15,14.04.2026,14.04.2026 12:16:11,12,85,Lubelskie,20,Chirurgia stomatologiczna,2026/003360,Rezydencki,83.17,4.37,01.02.2026 11:14:02,6,NIE,,
w-2026,15,14.04.2026,14.04.2026 12:16:11,12,85,Lubelskie,21,Choroby płuc,2026/007743,Rezydencki,81.58,2.94,04.03.2026 14:40:19,2,NIE,,
w-2026,15,14.04.2026,14.04.2026 12:16:11,12,85,Lubelskie,22,Choroby płuc,2026/008409,Rezydencki,81.16,4.29,06.03.2026 06:38:40,2,NIE,,
w-2026,15,14.04.2026,14.04.2026 12:16:11,12,85,Lubelskie,23,Choroby wewnętrzne,2026/009125,Rezydencki,87.80,3.91,09.03.2026 14:38:37,4,NIE,,
w-2026,15,14.04.2026,14.04.2026 12:16:11,12,85,Lubelskie,24,Choroby wewnętrzne,2026/007066,Rezydencki,80.77,0.00,20.03.2026 11:38:03,4,NIE,,
w-2026,15,14.04.2026,14.04.2026 12:16:11,12,85,Lubelskie,25,Choroby wewnętrzne,2026/006560,Rezydencki,79.90,3.60,09.03.2026 09:45:38,4,NIE,,
w-2026,15,14.04.2026,14.04.2026 12:16:11,12,85,Lubelskie,26,Choroby wewnętrzne,2026/011614,Rezydencki,74.15,3.82,13.03.2026 07:41:16,4,NIE,,
w-2026,15,14.04.2026,14.04.2026 12:16:11,12,85,Lubelskie,27,Dermatologia i wenerologia,2026/011442,Rezydencki,92.65,4.29,28.02.2026 16:47:38,1,NIE,,
w-2026,15,14.04.2026,14.04.2026 12:16:11,12,85,Lubelskie,28,Dermatologia i wenerologia,2026/006636,Pozarezydencki,87.91,4.30,28.02.2026 22:22:45,1,NIE,,
w-2026,15,14.04.2026,14.04.2026 12:16:11,12,85,Lubelskie,29,Diabetologia,2026/006683,Rezydencki,89.95,4.05,15.02.2026 17:58:44,2,NIE,,
w-2026,15,14.04.2026,14.04.2026 12:16:11,12,85,Lubelskie,30,Diabetologia,2026/005655,Rezydencki,89.37,3.50,04.03.2026 11:38:34,2,NIE,,
w-2026,15,14.04.2026,14.04.2026 12:16:11,12,85,Lubelskie,31,Genetyka kliniczna,2026/008990,Pozarezydencki,71.14,3.82,19.03.2026 10:34:49,2,NIE,,
w-2026,15,14.04.2026,14.04.2026 12:16:11,12,85,Lubelskie,32,Genetyka kliniczna,2026/007280,Pozarezydencki,62.50,3.61,16.03.2026 13:28:01,2,NIE,,
w-2026,15,14.04.2026,14.04.2026 12:16:11,12,85,Lubelskie,33,Ginekologia onkologiczna,2026/006598,Pozarezydencki,66.36,3.97,16.03.2026 11:52:34,1,NIE,,
w-2026,15,14.04.2026,14.04.2026 12:16:11,12,85,Lubelskie,34,Hematologia,2026/009451,Rezydencki,74.64,0.00,19.03.2026 19:25:16,2,NIE,,
w-2026,15,14.04.2026,14.04.2026 12:16:11,12,85,Lubelskie,35,Hematologia,2026/011118,Rezydencki,65.55,3.75,09.03.2026 12:22:15,2,NIE,,
w-2026,15,14.04.2026,14.04.2026 12:16:11,12,85,Lubelskie,36,Immunologia kliniczna,2026/011969,Pozarezydencki,78.84,0.00,23.03.2026 16:54:52,2,NIE,,
w-2026,15,14.04.2026,14.04.2026 12:16:11,12,85,Lubelskie,37,Immunologia kliniczna,2026/005163,Pozarezydencki,75.45,4.07,18.03.2026 14:42:06,2,NIE,,
w-2026,15,14.04.2026,14.04.2026 12:16:11,12,85,Lubelskie,38,Kardiologia,2026/010086,Rezydencki,90.43,4.40,27.02.2026 10:11:19,7,NIE,,
w-2026,15,14.04.2026,14.04.2026 12:16:11,12,85,Lubelskie,39,Kardiologia,2026/009803,Rezydencki,90.34,3.65,10.03.2026 18:06:14,7,NIE,,
w-2026,15,14.04.2026,14.04.2026 12:16:11,12,85,Lubelskie,40,Kardiologia,2026/010547,Rezydencki,89.00,3.85,28.02.2026 11:30:08,7,NIE,,
w-2026,15,14.04.2026,14.04.2026 12:16:11,12,85,Lubelskie,41,Kardiologia,2026/004870,Rezydencki,88.70,4.07,07.03.2026 16:09:29,7,NIE,,
w-2026,15,14.04.2026,14.04.2026 12:16:11,13,85,Lubelskie,42,Kardiologia,2026/006623,Rezydencki,88.52,3.95,25.02.2026 11:34:59,7,NIE,,
w-2026,15,14.04.2026,14.04.2026 12:16:11,13,85,Lubelskie,43,Kardiologia,2026/005294,Rezydencki,88.41,4.52,04.03.2026 22:39:16,7,NIE,,
w-2026,15,14.04.2026,14.04.2026 12:16:11,13,85,Lubelskie,44,Kardiologia,2026/008541,Rezydencki,87.08,4.29,09.03.2026 08:41:18,7,NIE,,
w-2026,15,14.04.2026,14.04.2026 12:16:11,13,85,Lubelskie,45,Kardiologia,2026/010901,Pozarezydencki,83.56,4.52,05.03.2026 15:07:50,5,NIE,,
w-2026,15,14.04.2026,14.04.2026 12:16:11,13,85,Lubelskie,46,Kardiologia,2026/006202,Pozarezydencki,83.33,4.20,14.03.2026 23:06:34,5,NIE,,
w-2026,15,14.04.2026,14.04.2026 12:16:11,13,85,Lubelskie,47,Kardiologia,2026/003295,Pozarezydencki,82.49,3.68,05.03.2026 09:43:10,5,NIE,,
w-2026,15,14.04.2026,14.04.2026 12:16:11,13,85,Lubelskie,48,Kardiologia,2026/007708,Pozarezydencki,80.00,0.00,05.03.2026 13:11:35,5,NIE,,
w-2026,15,14.04.2026,14.04.2026 12:16:11,13,85,Lubelskie,49,Kardiologia,2026/009392,Pozarezydencki,70.91,3.68,11.03.2026 08:07:43,5,NIE,,
w-2026,15,14.04.2026,14.04.2026 12:16:11,13,85,Lubelskie,50,Medycyna pracy,2026/010383,Pozarezydencki,80.00,0.00,09.03.2026 13:02:33,1,NIE,,
w-2026,15,14.04.2026,14.04.2026 12:16:11,13,85,Lubelskie,51,Medycyna rodzinna,2026/004274,Rezydencki,89.00,4.29,17.03.2026 09:02:55,9,NIE,,
w-2026,15,14.04.2026,14.04.2026 12:16:11,13,85,Lubelskie,52,Medycyna rodzinna,2026/011502,Rezydencki,88.54,4.13,16.03.2026 21:30:20,9,NIE,,
w-2026,15,14.04.2026,14.04.2026 12:16:11,13,85,Lubelskie,53,Medycyna rodzinna,2026/004105,Rezydencki,86.12,3.94,25.02.2026 23:23:23,9,NIE,,
w-2026,15,14.04.2026,14.04.2026 12:16:11,13,85,Lubelskie,54,Medycyna rodzinna,2026/003317,Rezydencki,79.52,0.00,18.03.2026 11:31:41,9,NIE,,
w-2026,15,14.04.2026,14.04.2026 12:16:11,13,85,Lubelskie,55,Medycyna rodzinna,2026/007580,Rezydencki,77.62,3.87,19.03.2026 08:56:58,9,NIE,,
w-2026,15,14.04.2026,14.04.2026 12:16:11,13,85,Lubelskie,56,Medycyna rodzinna,2026/010354,Rezydencki,76.47,3.64,25.03.2026 11:50:22,9,NIE,,
w-2026,15,14.04.2026,14.04.2026 12:16:11,13,85,Lubelskie,57,Medycyna rodzinna,2026/009037,Rezydencki,72.73,3.95,15.03.2026 20:02:43,9,NIE,,
w-2026,15,14.04.2026,14.04.2026 12:16:11,13,85,Lubelskie,58,Medycyna rodzinna,2026/011679,Rezydencki,69.52,3.36,24.03.2026 22:43:06,9,NIE,,
w-2026,15,14.04.2026,14.04.2026 12:16:11,13,85,Lubelskie,59,Medycyna rodzinna,2026/011312,Rezydencki,55.34,0.00,19.03.2026 07:56:37,9,NIE,,
w-2026,15,14.04.2026,14.04.2026 12:16:11,13,85,Lubelskie,60,Medycyna rodzinna,2026/010172,Pozarezydencki,81.25,4.60,27.02.2026 17:13:41,5,NIE,,
w-2026,15,14.04.2026,14.04.2026 12:16:11,13,85,Lubelskie,61,Medycyna rodzinna,2026/009357,Pozarezydencki,74.43,4.07,21.03.2026 20:01:59,5,NIE,,
w-2026,15,14.04.2026,14.04.2026 12:16:11,13,85,Lubelskie,62,Medycyna rodzinna,2026/009960,Pozarezydencki,69.27,4.20,19.03.2026 17:48:09,5,NIE,,
w-2026,15,14.04.2026,14.04.2026 12:16:11,13,85,Lubelskie,63,Medycyna rodzinna,2026/010945,Pozarezydencki,68.32,3.50,10.03.2026 19:42:58,5,NIE,,
w-2026,15,14.04.2026,14.04.2026 12:16:11,13,85,Lubelskie,64,Medycyna rodzinna,2026/011148,Pozarezydencki,66.51,3.63,19.03.2026 09:53:28,5,NIE,,
w-2026,15,14.04.2026,14.04.2026 12:16:11,13,85,Lubelskie,65,Nefrologia,2026/009214,Rezydencki,83.73,3.86,28.02.2026 21:33:17,1,NIE,,
w-2026,15,14.04.2026,14.04.2026 12:16:11,13,85,Lubelskie,66,Nefrologia dziecięca,2026/005681,Rezydencki,83.25,0.00,17.03.2026 11:23:13,1,NIE,,
w-2026,15,14.04.2026,14.04.2026 12:16:11,13,85,Lubelskie,67,Neonatologia,2026/004210,Pozarezydencki,62.56,0.00,18.03.2026 09:03:10,1,NIE,,
w-2026,15,14.04.2026,14.04.2026 12:16:11,13,85,Lubelskie,68,Neurochirurgia,2026/008620,Pozarezydencki,81.54,4.30,27.02.2026 18:34:27,1,NIE,,
w-2026,15,14.04.2026,14.04.2026 12:16:11,13,85,Lubelskie,69,Neurologia,2026/004905,Rezydencki,81.37,4.11,13.03.2026 10:40:28,2,NIE,,
w-2026,15,14.04.2026,14.04.2026 12:16:11,13,85,Lubelskie,70,Neurologia,2026/009719,Rezydencki,68.66,3.48,27.02.2026 14:21:52,2,NIE,,
w-2026,15,14.04.2026,14.04.2026 12:16:11,13,85,Lubelskie,71,Okulistyka,2026/003279,Rezydencki,89.00,4.28,13.03.2026 13:53:56,3,NIE,,
w-2026,15,14.04.2026,14.04.2026 12:16:11,13,85,Lubelskie,72,Okulistyka,2026/004329,Rezydencki,88.52,4.55,04.02.2026 23:38:09,3,NIE,,
w-2026,15,14.04.2026,14.04.2026 12:16:11,13,85,Lubelskie,73,Okulistyka,2026/003423,Rezydencki,88.52,4.32,01.02.2026 14:34:49,3,NIE,,
w-2026,15,14.04.2026,14.04.2026 12:16:11,13,85,Lubelskie,74,Ortodoncja,2026/008310,Rezydencki,86.30,4.26,09.03.2026 11:22:35,1,NIE,,
w-2026,15,14.04.2026,14.04.2026 12:16:11,13,85,Lubelskie,75,Ortopedia i traumatologia narządu ruchu,2026/007356,Rezydencki,86.12,3.69,17.03.2026 21:18:34,5,NIE,,
w-2026,15,14.04.2026,14.04.2026 12:16:11,13,85,Lubelskie,76,Ortopedia i traumatologia narządu ruchu,2026/006592,Rezydencki,85.58,4.02,27.02.2026 22:00:29,5,NIE,,
w-2026,15,14.04.2026,14.04.2026 12:16:11,13,85,Lubelskie,77,Ortopedia i traumatologia narządu ruchu,2026/011300,Rezydencki,84.21,3.89,06.03.2026 18:32:15,5,NIE,,
w-2026,15,14.04.2026,14.04.2026 12:16:11,14,85,Lubelskie,78,Ortopedia i traumatologia narządu ruchu,2026/009928,Rezydencki,84.21,3.39,25.02.2026 19:31:11,5,NIE,,
w-2026,15,14.04.2026,14.04.2026 12:16:11,14,85,Lubelskie,79,Ortopedia i traumatologia narządu ruchu,2026/011137,Rezydencki,84.06,3.74,05.03.2026 18:12:53,5,NIE,,
w-2026,15,14.04.2026,14.04.2026 12:16:11,14,85,Lubelskie,80,Otorynolaryngologia,2026/008322,Rezydencki,88.29,4.27,11.03.2026 21:08:01,2,NIE,,
w-2026,15,14.04.2026,14.04.2026 12:16:11,14,85,Lubelskie,81,Otorynolaryngologia,2026/011179,Rezydencki,87.14,4.06,02.03.2026 16:08:26,2,NIE,,
w-2026,15,14.04.2026,14.04.2026 12:16:11,14,85,Lubelskie,82,Pediatria,2026/004367,Rezydencki,87.32,4.19,20.03.2026 10:39:49,3,NIE,,
w-2026,15,14.04.2026,14.04.2026 12:16:11,14,85,Lubelskie,83,Pediatria,2026/008904,Rezydencki,86.59,3.97,28.02.2026 17:20:22,3,NIE,,
w-2026,15,14.04.2026,14.04.2026 12:16:11,14,85,Lubelskie,84,Pediatria,2026/010432,Rezydencki,86.47,4.02,26.02.2026 16:54:12,3,NIE,,
w-2026,15,14.04.2026,14.04.2026 12:16:11,14,85,Lubelskie,85,Pediatria,2026/011280,Pozarezydencki,89.09,4.50,11.03.2026 10:00:55,1,NIE,,
w-2026,15,14.04.2026,14.04.2026 12:16:11,14,85,Lubelskie,86,Perinatologia,2026/003773,Pozarezydencki,80.45,0.00,05.02.2026 12:48:23,1,NIE,,
w-2026,15,14.04.2026,14.04.2026 12:16:11,14,85,Lubelskie,87,Położnictwo i ginekologia,2026/011270,Rezydencki,87.44,3.57,27.02.2026 23:08:42,8,NIE,,
w-2026,15,14.04.2026,14.04.2026 12:16:11,14,85,Lubelskie,88,Położnictwo i ginekologia,2026/011745,Rezydencki,84.69,3.93,09.03.2026 08:34:11,8,NIE,,
w-2026,15,14.04.2026,14.04.2026 12:16:11,14,85,Lubelskie,89,Położnictwo i ginekologia,2026/011250,Rezydencki,84.06,4.02,26.03.2026 08:23:22,8,NIE,,
w-2026,15,14.04.2026,14.04.2026 12:16:11,14,85,Lubelskie,90,Położnictwo i ginekologia,2026/004399,Rezydencki,82.30,3.93,27.02.2026 14:08:14,8,NIE,,
w-2026,15,14.04.2026,14.04.2026 12:16:11,14,85,Lubelskie,91,Położnictwo i ginekologia,2026/005416,Rezydencki,82.30,3.40,05.03.2026 12:09:23,8,NIE,,
w-2026,15,14.04.2026,14.04.2026 12:16:11,14,85,Lubelskie,92,Położnictwo i ginekologia,2026/003337,Rezydencki,81.46,4.18,12.03.2026 20:15:17,8,NIE,,
w-2026,15,14.04.2026,14.04.2026 12:16:11,14,85,Lubelskie,93,Położnictwo i ginekologia,2026/009842,Rezydencki,81.34,4.00,26.02.2026 19:10:45,8,NIE,,
w-2026,15,14.04.2026,14.04.2026 12:16:11,14,85,Lubelskie,94,Położnictwo i ginekologia,2026/006055,Rezydencki,80.19,3.41,06.03.2026 08:18:42,8,NIE,,
w-2026,15,14.04.2026,14.04.2026 12:16:11,14,85,Lubelskie,95,Protetyka stomatologiczna,2026/003803,Rezydencki,82.86,4.10,19.03.2026 16:30:49,1,NIE,,
w-2026,15,14.04.2026,14.04.2026 12:16:11,14,85,Lubelskie,96,Psychiatria,2026/010185,Rezydencki,84.93,3.64,27.02.2026 12:07:05,4,NIE,,
w-2026,15,14.04.2026,14.04.2026 12:16:11,14,85,Lubelskie,97,Psychiatria,2026/010102,Rezydencki,81.16,3.78,02.03.2026 19:48:18,4,NIE,,
w-2026,15,14.04.2026,14.04.2026 12:16:11,14,85,Lubelskie,98,Psychiatria,2026/003983,Rezydencki,75.00,3.81,27.02.2026 10:38:27,4,NIE,,
w-2026,15,14.04.2026,14.04.2026 12:16:11,14,85,Lubelskie,99,Psychiatria,2026/010961,Rezydencki,68.42,3.07,13.03.2026 12:46:20,4,NIE,,
w-2026,15,14.04.2026,14.04.2026 12:16:11,14,85,Lubelskie,100,Psychiatria,2026/009987,Pozarezydencki,76.64,4.38,17.03.2026 18:49:00,2,NIE,,
w-2026,15,14.04.2026,14.04.2026 12:16:11,14,85,Lubelskie,101,Psychiatria,2026/008410,Pozarezydencki,56.62,0.00,11.03.2026 06:56:54,2,NIE,,
w-2026,15,14.04.2026,14.04.2026 12:16:11,14,85,Lubelskie,102,Radiologia i diagnostyka obrazowa,2026/010404,Rezydencki,91.30,4.13,18.03.2026 11:20:43,5,NIE,,
w-2026,15,14.04.2026,14.04.2026 12:16:11,14,85,Lubelskie,103,Radiologia i diagnostyka obrazowa,2026/008551,Rezydencki,90.95,4.19,23.02.2026 19:16:50,5,NIE,,
w-2026,15,14.04.2026,14.04.2026 12:16:11,14,85,Lubelskie,104,Radiologia i diagnostyka obrazowa,2026/009836,Rezydencki,88.28,4.29,04.03.2026 10:10:05,5,NIE,,
w-2026,15,14.04.2026,14.04.2026 12:16:11,14,85,Lubelskie,105,Radiologia i diagnostyka obrazowa,2026/010376,Rezydencki,87.56,4.25,26.02.2026 22:12:42,5,NIE,,
w-2026,15,14.04.2026,14.04.2026 12:16:11,14,85,Lubelskie,106,Radiologia i diagnostyka obrazowa,2026/008275,Rezydencki,87.56,3.94,28.02.2026 22:24:42,5,NIE,,
w-2026,15,14.04.2026,14.04.2026 12:16:11,14,85,Lubelskie,107,Radioterapia onkologiczna,2026/008611,Rezydencki,79.67,3.90,27.02.2026 16:54:36,1,NIE,,
w-2026,15,14.04.2026,14.04.2026 12:16:11,14,85,Lubelskie,108,Radioterapia onkologiczna,2026/010817,Pozarezydencki,57.05,3.24,04.03.2026 15:01:28,1,NIE,,
w-2026,15,14.04.2026,14.04.2026 12:16:11,14,85,Lubelskie,109,Rehabilitacja medyczna,2026/011453,Rezydencki,78.47,3.90,09.03.2026 19:33:36,1,NIE,,
w-2026,15,14.04.2026,14.04.2026 12:16:11,14,85,Lubelskie,110,Rehabilitacja medyczna,2026/006283,Pozarezydencki,54.67,0.00,23.03.2026 09:15:10,1,NIE,,
w-2026,15,14.04.2026,14.04.2026 12:16:11,14,85,Lubelskie,111,Transfuzjologia kliniczna,2026/005518,Pozarezydencki,66.36,3.02,04.03.2026 11:05:38,1,NIE,,
w-2026,15,14.04.2026,14.04.2026 12:16:11,14,85,Lubelskie,112,Urologia,2026/004362,Pozarezydencki,82.88,3.83,17.03.2026 22:52:59,4,NIE,,
w-2026,15,14.04.2026,14.04.2026 12:16:11,14,85,Lubelskie,113,Urologia,2026/011168,Pozarezydencki,80.65,3.92,12.03.2026 11:24:09,4,NIE,,
w-2026,15,14.04.2026,14.04.2026 12:16:11,15,85,Lubelskie,114,Urologia,2026/011315,Pozarezydencki,77.44,3.41,12.03.2026 22:43:51,4,NIE,,
w-2026,15,14.04.2026,14.04.2026 12:16:11,15,85,Lubelskie,115,Urologia,2026/009136,Pozarezydencki,70.91,4.18,28.02.2026 18:21:21,4,NIE,,
w-2026,15,14.04.2026,14.04.2026 12:16:11,15,85,Lubelskie,1,Radiologia i diagnostyka obrazowa,2026/004670,Rezydencki,85.85,4.26,18.02.2026 17:32:32,1,TAK,Uniwersytecki Szpital Dziecięcy w Lublinie,Zakład Diagnostyki Obrazowej
w-2026,15,14.04.2026,14.04.2026 12:16:11,15,85,Lubuskie,1,Anestezjologia i intensywna terapia,2026/004299,Rezydencki,83.33,4.40,12.02.2026 16:41:01,4,NIE,,
w-2026,15,14.04.2026,14.04.2026 12:16:11,15,85,Lubuskie,2,Anestezjologia i intensywna terapia,2026/005501,Rezydencki,82.45,4.18,25.02.2026 17:55:37,4,NIE,,
w-2026,15,14.04.2026,14.04.2026 12:16:11,15,85,Lubuskie,3,Anestezjologia i intensywna terapia,2026/006272,Rezydencki,81.73,3.56,23.03.2026 08:40:01,4,NIE,,
w-2026,15,14.04.2026,14.04.2026 12:16:11,15,85,Lubuskie,4,Anestezjologia i intensywna terapia,2026/008355,Rezydencki,81.25,0.00,26.02.2026 21:11:02,4,NIE,,
w-2026,15,14.04.2026,14.04.2026 12:16:11,15,85,Lubuskie,5,Anestezjologia i intensywna terapia,2026/008530,Pozarezydencki,61.82,3.50,27.02.2026 22:49:10,1,NIE,,
w-2026,15,14.04.2026,14.04.2026 12:16:11,15,85,Lubuskie,6,Chirurgia ogólna,2026/011860,Pozarezydencki,63.30,3.13,23.03.2026 16:03:31,2,NIE,,
w-2026,15,14.04.2026,14.04.2026 12:16:11,15,85,Lubuskie,7,Chirurgia ogólna,2026/007451,Pozarezydencki,0.00,4.17,15.03.2026 22:25:40,2,NIE,,
w-2026,15,14.04.2026,14.04.2026 12:16:11,15,85,Lubuskie,8,Chirurgia onkologiczna,2026/009272,Pozarezydencki,66.36,3.48,12.03.2026 13:58:04,1,NIE,,
w-2026,15,14.04.2026,14.04.2026 12:16:11,15,85,Lubuskie,9,Choroby płuc,2026/011990,Rezydencki,83.57,4.31,10.03.2026 13:58:36,4,NIE,,
w-2026,15,14.04.2026,14.04.2026 12:16:11,15,85,Lubuskie,10,Choroby płuc,2026/008653,Rezydencki,82.20,4.08,11.03.2026 22:16:49,4,NIE,,
w-2026,15,14.04.2026,14.04.2026 12:16:11,15,85,Lubuskie,11,Choroby płuc,2026/006219,Rezydencki,79.41,3.95,18.03.2026 11:02:05,4,NIE,,
w-2026,15,14.04.2026,14.04.2026 12:16:11,15,85,Lubuskie,12,Choroby płuc,2026/006416,Rezydencki,61.65,4.10,13.03.2026 02:10:36,4,NIE,,
w-2026,15,14.04.2026,14.04.2026 12:16:11,15,85,Lubuskie,13,Choroby płuc,2026/006016,Pozarezydencki,70.91,4.00,11.03.2026 16:36:48,1,NIE,,
w-2026,15,14.04.2026,14.04.2026 12:16:11,15,85,Lubuskie,14,Choroby wewnętrzne,2026/006575,Rezydencki,68.60,3.99,14.02.2026 21:03:27,2,NIE,,
w-2026,15,14.04.2026,14.04.2026 12:16:11,15,85,Lubuskie,15,Choroby wewnętrzne,2026/006262,Rezydencki,64.59,3.70,12.02.2026 21:31:15,2,NIE,,
w-2026,15,14.04.2026,14.04.2026 12:16:11,15,85,Lubuskie,16,Kardiologia,2026/003507,Rezydencki,87.68,4.51,13.03.2026 09:44:09,3,NIE,,
w-2026,15,14.04.2026,14.04.2026 12:16:11,15,85,Lubuskie,17,Kardiologia,2026/008329,Rezydencki,86.84,3.77,28.02.2026 23:38:04,3,NIE,,
w-2026,15,14.04.2026,14.04.2026 12:16:11,15,85,Lubuskie,18,Kardiologia,2026/007722,Rezydencki,85.71,4.10,20.02.2026 18:54:58,3,NIE,,
w-2026,15,14.04.2026,14.04.2026 12:16:11,15,85,Lubuskie,19,Medycyna nuklearna,2026/007791,Pozarezydencki,64.38,4.78,23.02.2026 08:43:40,1,NIE,,
w-2026,15,14.04.2026,14.04.2026 12:16:11,15,85,Lubuskie,20,Medycyna ratunkowa,2026/009035,Pozarezydencki,60.91,3.21,24.02.2026 17:36:41,2,NIE,,
w-2026,15,14.04.2026,14.04.2026 12:16:11,15,85,Lubuskie,21,Medycyna ratunkowa,2026/010370,Pozarezydencki,0.00,0.00,16.03.2026 10:02:46,2,NIE,,
w-2026,15,14.04.2026,14.04.2026 12:16:11,15,85,Lubuskie,22,Medycyna rodzinna,2026/010848,Rezydencki,86.76,4.50,28.02.2026 23:59:17,5,NIE,,
w-2026,15,14.04.2026,14.04.2026 12:16:11,15,85,Lubuskie,23,Medycyna rodzinna,2026/006794,Rezydencki,82.85,4.35,24.02.2026 13:40:02,5,NIE,,
w-2026,15,14.04.2026,14.04.2026 12:16:11,15,85,Lubuskie,24,Medycyna rodzinna,2026/005356,Rezydencki,73.33,4.02,12.02.2026 17:59:38,5,NIE,,
w-2026,15,14.04.2026,14.04.2026 12:16:11,16,85,Lubuskie,25,Medycyna rodzinna,2026/003524,Rezydencki,70.00,4.00,10.03.2026 12:22:29,5,NIE,,
w-2026,15,14.04.2026,14.04.2026 12:16:11,16,85,Lubuskie,26,Medycyna rodzinna,2026/007748,Rezydencki,62.38,0.00,25.02.2026 13:02:30,5,NIE,,
w-2026,15,14.04.2026,14.04.2026 12:16:11,16,85,Lubuskie,27,Nefrologia,2026/008450,Rezydencki,82.93,4.26,24.02.2026 12:07:37,1,NIE,,
w-2026,15,14.04.2026,14.04.2026 12:16:11,16,85,Lubuskie,28,Nefrologia,2026/004653,Pozarezydencki,68.18,0.00,13.03.2026 10:12:54,1,NIE,,
w-2026,15,14.04.2026,14.04.2026 12:16:11,16,85,Lubuskie,29,Okulistyka,2026/008655,Rezydencki,88.04,3.76,22.03.2026 08:57:25,3,NIE,,
w-2026,15,14.04.2026,14.04.2026 12:16:11,16,85,Lubuskie,30,Okulistyka,2026/007939,Rezydencki,87.50,4.00,19.02.2026 17:43:56,3,NIE,,
w-2026,15,14.04.2026,14.04.2026 12:16:11,16,85,Lubuskie,31,Okulistyka,2026/004991,Rezydencki,86.84,3.94,18.02.2026 20:48:03,3,NIE,,
w-2026,15,14.04.2026,14.04.2026 12:16:11,16,85,Lubuskie,32,Onkologia kliniczna,2026/010503,Pozarezydencki,58.64,4.49,19.03.2026 22:05:26,1,NIE,,
w-2026,15,14.04.2026,14.04.2026 12:16:11,16,85,Lubuskie,33,Ortopedia i traumatologia narządu ruchu,2026/005129,Rezydencki,77.38,4.05,18.02.2026 11:31:26,2,NIE,,
w-2026,15,14.04.2026,14.04.2026 12:16:11,16,85,Lubuskie,34,Ortopedia i traumatologia narządu ruchu,2026/005956,Rezydencki,74.16,0.00,16.03.2026 13:32:49,2,NIE,,
w-2026,15,14.04.2026,14.04.2026 12:16:11,16,85,Lubuskie,35,Pediatria,2026/006622,Rezydencki,70.33,0.00,18.03.2026 10:40:08,1,NIE,,
w-2026,15,14.04.2026,14.04.2026 12:16:11,16,85,Lubuskie,36,Położnictwo i ginekologia,2026/011379,Rezydencki,82.86,3.87,28.02.2026 09:42:30,5,NIE,,
w-2026,15,14.04.2026,14.04.2026 12:16:11,16,85,Lubuskie,37,Położnictwo i ginekologia,2026/010022,Rezydencki,77.40,4.25,10.03.2026 12:05:03,5,NIE,,
w-2026,15,14.04.2026,14.04.2026 12:16:11,16,85,Lubuskie,38,Położnictwo i ginekologia,2026/009067,Rezydencki,74.51,4.00,23.02.2026 20:17:50,5,NIE,,
w-2026,15,14.04.2026,14.04.2026 12:16:11,16,85,Lubuskie,39,Położnictwo i ginekologia,2026/005633,Rezydencki,70.81,3.36,10.02.2026 17:31:58,5,NIE,,
w-2026,15,14.04.2026,14.04.2026 12:16:11,16,85,Lubuskie,40,Położnictwo i ginekologia,2026/010712,Rezydencki,67.46,4.75,17.03.2026 08:42:09,5,NIE,,
w-2026,15,14.04.2026,14.04.2026 12:16:11,16,85,Lubuskie,41,Położnictwo i ginekologia,2026/011076,Pozarezydencki,60.38,0.00,27.02.2026 18:34:37,1,NIE,,
w-2026,15,14.04.2026,14.04.2026 12:16:11,16,85,Lubuskie,42,Psychiatria,2026/008809,Rezydencki,81.16,3.97,26.02.2026 13:08:44,5,NIE,,
w-2026,15,14.04.2026,14.04.2026 12:16:11,16,85,Lubuskie,43,Psychiatria,2026/007108,Rezydencki,78.85,3.98,22.02.2026 21:51:50,5,NIE,,
w-2026,15,14.04.2026,14.04.2026 12:16:11,16,85,Lubuskie,44,Psychiatria,2026/010683,Rezydencki,72.73,3.24,17.03.2026 08:41:50,5,NIE,,
w-2026,15,14.04.2026,14.04.2026 12:16:11,16,85,Lubuskie,45,Psychiatria,2026/004586,Rezydencki,69.52,3.54,06.02.2026 22:17:11,5,NIE,,
w-2026,15,14.04.2026,14.04.2026 12:16:11,16,85,Lubuskie,46,Psychiatria,2026/009055,Rezydencki,66.67,3.76,18.03.2026 15:36:29,5,NIE,,
w-2026,15,14.04.2026,14.04.2026 12:16:11,16,85,Lubuskie,47,Psychiatria dzieci i młodzieży,2026/004872,Rezydencki,74.40,3.24,17.03.2026 11:39:57,2,NIE,,
w-2026,15,14.04.2026,14.04.2026 12:16:11,16,85,Lubuskie,48,Psychiatria dzieci i młodzieży,2026/004287,Rezydencki,71.77,3.25,11.03.2026 11:20:14,2,NIE,,
w-2026,15,14.04.2026,14.04.2026 12:16:11,16,85,Lubuskie,49,Radiologia i diagnostyka obrazowa,2026/007072,Rezydencki,88.41,4.53,27.02.2026 20:09:11,1,NIE,,
w-2026,15,14.04.2026,14.04.2026 12:16:11,16,85,Lubuskie,50,Transfuzjologia kliniczna,2026/005693,Pozarezydencki,82.27,3.08,10.03.2026 14:15:41,1,NIE,,
w-2026,15,14.04.2026,14.04.2026 12:16:11,16,85,Lubuskie,51,Urologia,2026/008696,Rezydencki,90.48,4.36,28.02.2026 21:51:38,1,NIE,,
w-2026,15,14.04.2026,14.04.2026 12:16:11,16,85,Lubuskie,52,Urologia,2026/011318,Pozarezydencki,67.81,4.25,27.02.2026 23:44:18,1,NIE,,
w-2026,15,14.04.2026,14.04.2026 12:16:11,16,85,Łódzkie,1,Anestezjologia i intensywna terapia,2026/007601,Rezydencki,83.65,3.74,09.03.2026 09:39:12,3,NIE,,
w-2026,15,14.04.2026,14.04.2026 12:16:11,16,85,Łódzkie,2,Anestezjologia i intensywna terapia,2026/011394,Rezydencki,83.09,3.60,28.02.2026 17:11:35,3,NIE,,
w-2026,15,14.04.2026,14.04.2026 12:16:11,16,85,Łódzkie,3,Anestezjologia i intensywna terapia,2026/011073,Rezydencki,82.85,4.17,27.02.2026 23:31:16,3,NIE,,
w-2026,15,14.04.2026,14.04.2026 12:16:11,16,85,Łódzkie,4,Anestezjologia i intensywna terapia,2026/010628,Pozarezydencki,64.84,4.90,27.02.2026 15:05:35,1,NIE,,
w-2026,15,14.04.2026,14.04.2026 12:16:11,17,85,Łódzkie,5,Chirurgia dziecięca,2026/009974,Rezydencki,79.33,3.75,26.02.2026 09:17:18,1,NIE,,
w-2026,15,14.04.2026,14.04.2026 12:16:11,17,85,Łódzkie,6,Chirurgia ogólna,2026/010189,Rezydencki,66.03,4.17,26.02.2026 11:24:07,3,NIE,,
w-2026,15,14.04.2026,14.04.2026 12:16:11,17,85,Łódzkie,7,Chirurgia ogólna,2026/006626,Rezydencki,64.59,4.18,26.02.2026 17:16:08,3,NIE,,
w-2026,15,14.04.2026,14.04.2026 12:16:11,17,85,Łódzkie,8,Chirurgia ogólna,2026/004138,Rezydencki,60.29,4.06,25.02.2026 10:47:42,3,NIE,,
w-2026,15,14.04.2026,14.04.2026 12:16:11,17,85,Łódzkie,9,Chirurgia onkologiczna,2026/008668,Rezydencki,83.97,3.96,11.03.2026 09:23:33,3,NIE,,
w-2026,15,14.04.2026,14.04.2026 12:16:11,17,85,Łódzkie,10,Chirurgia onkologiczna,2026/006079,Rezydencki,83.81,3.34,27.02.2026 01:56:05,3,NIE,,
w-2026,15,14.04.2026,14.04.2026 12:16:11,17,85,Łódzkie,11,Chirurgia onkologiczna,2026/011000,Rezydencki,79.90,4.16,27.02.2026 15:56:04,3,NIE,,
w-2026,15,14.04.2026,14.04.2026 12:16:11,17,85,Łódzkie,12,Chirurgia onkologiczna,2026/010299,Pozarezydencki,72.35,3.69,16.03.2026 11:36:45,4,NIE,,
w-2026,15,14.04.2026,14.04.2026 12:16:11,17,85,Łódzkie,13,Chirurgia onkologiczna,2026/012151,Pozarezydencki,71.36,4.06,26.03.2026 20:11:36,4,NIE,,
w-2026,15,14.04.2026,14.04.2026 12:16:11,17,85,Łódzkie,14,Chirurgia onkologiczna,2026/011283,Pozarezydencki,70.91,3.47,09.03.2026 09:12:12,4,NIE,,
w-2026,15,14.04.2026,14.04.2026 12:16:11,17,85,Łódzkie,15,Chirurgia onkologiczna,2026/011299,Pozarezydencki,66.36,3.72,19.03.2026 11:10:02,4,NIE,,
w-2026,15,14.04.2026,14.04.2026 12:16:11,17,85,Łódzkie,16,Chirurgia plastyczna,2026/011420,Rezydencki,94.23,4.26,06.03.2026 08:50:56,1,NIE,,
w-2026,15,14.04.2026,14.04.2026 12:16:11,17,85,Łódzkie,17,Chirurgia stomatologiczna,2026/006660,Rezydencki,85.17,4.20,17.02.2026 01:45:06,2,NIE,,
w-2026,15,14.04.2026,14.04.2026 12:16:11,17,85,Łódzkie,18,Chirurgia stomatologiczna,2026/008080,Rezydencki,84.62,3.87,06.03.2026 11:28:39,2,NIE,,
w-2026,15,14.04.2026,14.04.2026 12:16:11,17,85,Łódzkie,19,Chirurgia szczękowo-twarzowa,2026/003356,Rezydencki,89.00,3.72,10.03.2026 11:51:44,2,NIE,,
w-2026,15,14.04.2026,14.04.2026 12:16:11,17,85,Łódzkie,20,Chirurgia szczękowo-twarzowa,2026/009607,Rezydencki,86.60,3.89,28.02.2026 17:45:49,2,NIE,,
w-2026,15,14.04.2026,14.04.2026 12:16:11,17,85,Łódzkie,21,Choroby płuc,2026/011095,Rezydencki,83.09,4.21,27.02.2026 19:10:24,2,NIE,,
w-2026,15,14.04.2026,14.04.2026 12:16:11,17,85,Łódzkie,22,Choroby płuc,2026/009608,Rezydencki,79.19,3.71,09.03.2026 13:40:57,2,NIE,,
w-2026,15,14.04.2026,14.04.2026 12:16:11,17,85,Łódzkie,23,Choroby płuc dzieci,2026/011729,Rezydencki,68.10,3.27,28.02.2026 21:11:07,1,NIE,,
w-2026,15,14.04.2026,14.04.2026 12:16:11,17,85,Łódzkie,24,Choroby płuc dzieci,2026/006893,Pozarezydencki,73.60,4.11,22.02.2026 12:49:26,2,NIE,,
w-2026,15,14.04.2026,14.04.2026 12:16:11,17,85,Łódzkie,25,Choroby płuc dzieci,2026/004919,Pozarezydencki,70.91,3.85,14.03.2026 14:48:20,2,NIE,,
w-2026,15,14.04.2026,14.04.2026 12:16:11,17,85,Łódzkie,26,Choroby wewnętrzne,2026/011127,Rezydencki,89.37,4.00,27.02.2026 19:54:59,6,NIE,,
w-2026,15,14.04.2026,14.04.2026 12:16:11,17,85,Łódzkie,27,Choroby wewnętrzne,2026/010673,Rezydencki,81.73,0.00,27.02.2026 16:46:44,6,NIE,,
w-2026,15,14.04.2026,14.04.2026 12:16:11,17,85,Łódzkie,28,Choroby wewnętrzne,2026/006708,Rezydencki,80.38,3.47,05.03.2026 17:18:52,6,NIE,,
w-2026,15,14.04.2026,14.04.2026 12:16:11,17,85,Łódzkie,29,Choroby wewnętrzne,2026/003394,Rezydencki,76.90,4.93,13.03.2026 20:59:51,6,NIE,,
w-2026,15,14.04.2026,14.04.2026 12:16:11,17,85,Łódzkie,30,Choroby wewnętrzne,2026/009986,Rezydencki,68.99,3.69,26.02.2026 08:43:47,6,NIE,,
w-2026,15,14.04.2026,14.04.2026 12:16:11,17,85,Łódzkie,31,Choroby wewnętrzne,2026/006535,Rezydencki,58.85,4.77,26.02.2026 19:25:38,6,NIE,,
w-2026,15,14.04.2026,14.04.2026 12:16:11,17,85,Łódzkie,32,Choroby wewnętrzne,2026/003518,Pozarezydencki,53.21,3.55,04.03.2026 16:06:55,1,NIE,,
w-2026,15,14.04.2026,14.04.2026 12:16:11,17,85,Łódzkie,33,Dermatologia i wenerologia,2026/003808,Rezydencki,93.14,4.25,02.02.2026 20:43:49,2,NIE,,
w-2026,15,14.04.2026,14.04.2026 12:16:11,17,85,Łódzkie,34,Dermatologia i wenerologia,2026/010164,Rezydencki,92.27,4.16,26.02.2026 10:56:37,2,NIE,,
w-2026,15,14.04.2026,14.04.2026 12:16:11,17,85,Łódzkie,35,Diabetologia,2026/008185,Rezydencki,88.52,4.35,25.02.2026 14:22:39,2,NIE,,
w-2026,15,14.04.2026,14.04.2026 12:16:11,17,85,Łódzkie,36,Diabetologia,2026/009544,Rezydencki,86.47,4.19,18.03.2026 12:55:15,2,NIE,,
w-2026,15,14.04.2026,14.04.2026 12:16:11,17,85,Łódzkie,37,Diabetologia,2026/006652,Pozarezydencki,82.27,3.62,11.03.2026 21:48:20,1,NIE,,
w-2026,15,14.04.2026,14.04.2026 12:16:11,17,85,Łódzkie,38,Endokrynologia,2026/008358,Rezydencki,93.78,4.04,10.03.2026 12:38:31,2,NIE,,
w-2026,15,14.04.2026,14.04.2026 12:16:11,17,85,Łódzkie,39,Endokrynologia,2026/011171,Rezydencki,93.30,4.47,27.02.2026 23:30:23,2,NIE,,
w-2026,15,14.04.2026,14.04.2026 12:16:11,17,85,Łódzkie,40,Endokrynologia,2026/007842,Pozarezydencki,87.85,4.37,02.03.2026 23:57:01,1,NIE,,
w-2026,15,14.04.2026,14.04.2026 12:16:11,18,85,Łódzkie,41,Gastroenterologia,2026/003424,Rezydencki,91.79,4.33,02.03.2026 23:37:47,1,NIE,,
w-2026,15,14.04.2026,14.04.2026 12:16:11,18,85,Łódzkie,42,Gastroenterologia,2026/011620,Pozarezydencki,83.72,3.63,15.03.2026 16:34:35,1,NIE,,
w-2026,15,14.04.2026,14.04.2026 12:16:11,18,85,Łódzkie,43,Genetyka kliniczna,2026/004792,Rezydencki,87.44,3.91,11.03.2026 16:40:45,1,NIE,,
w-2026,15,14.04.2026,14.04.2026 12:16:11,18,85,Łódzkie,44,Genetyka kliniczna,2026/006800,Pozarezydencki,81.45,4.35,10.03.2026 12:59:20,1,NIE,,
w-2026,15,14.04.2026,14.04.2026 12:16:11,18,85,Łódzkie,45,Geriatria,2026/011276,Pozarezydencki,75.45,3.55,27.02.2026 23:05:07,3,NIE,,
w-2026,15,14.04.2026,14.04.2026 12:16:11,18,85,Łódzkie,46,Geriatria,2026/011214,Pozarezydencki,75.45,0.00,08.03.2026 20:37:24,3,NIE,,
w-2026,15,14.04.2026,14.04.2026 12:16:11,18,85,Łódzkie,47,Geriatria,2026/008383,Pozarezydencki,66.59,3.94,11.03.2026 21:28:26,3,NIE,,
w-2026,15,14.04.2026,14.04.2026 12:16:11,18,85,Łódzkie,48,Ginekologia onkologiczna,2026/005542,Pozarezydencki,84.55,3.50,18.03.2026 14:18:58,3,NIE,,
w-2026,15,14.04.2026,14.04.2026 12:16:11,18,85,Łódzkie,49,Ginekologia onkologiczna,2026/009015,Pozarezydencki,73.41,3.37,13.03.2026 20:13:27,3,NIE,,
w-2026,15,14.04.2026,14.04.2026 12:16:11,18,85,Łódzkie,50,Ginekologia onkologiczna,2026/011628,Pozarezydencki,61.82,0.00,06.03.2026 15:45:05,3,NIE,,
w-2026,15,14.04.2026,14.04.2026 12:16:11,18,85,Łódzkie,51,Immunologia kliniczna,2026/009209,Rezydencki,87.14,3.69,07.03.2026 08:17:05,1,NIE,,
w-2026,15,14.04.2026,14.04.2026 12:16:11,18,85,Łódzkie,52,Kardiochirurgia,2026/010563,Rezydencki,80.77,3.41,27.02.2026 22:05:46,1,NIE,,
w-2026,15,14.04.2026,14.04.2026 12:16:11,18,85,Łódzkie,53,Kardiologia,2026/010924,Rezydencki,92.58,4.54,28.02.2026 18:49:16,6,NIE,,
w-2026,15,14.04.2026,14.04.2026 12:16:11,18,85,Łódzkie,54,Kardiologia,2026/009122,Rezydencki,90.82,4.70,23.02.2026 21:45:38,6,NIE,,
w-2026,15,14.04.2026,14.04.2026 12:16:11,18,85,Łódzkie,55,Kardiologia,2026/005089,Rezydencki,90.63,4.38,21.02.2026 19:47:19,6,NIE,,
w-2026,15,14.04.2026,14.04.2026 12:16:11,18,85,Łódzkie,56,Kardiologia,2026/003475,Rezydencki,89.47,4.34,22.02.2026 13:46:03,6,NIE,,
w-2026,15,14.04.2026,14.04.2026 12:16:11,18,85,Łódzkie,57,Kardiologia,2026/003426,Rezydencki,89.37,4.19,04.03.2026 14:32:33,6,NIE,,
w-2026,15,14.04.2026,14.04.2026 12:16:11,18,85,Łódzkie,58,Kardiologia,2026/010594,Rezydencki,89.37,4.17,26.02.2026 21:47:38,6,NIE,,
w-2026,15,14.04.2026,14.04.2026 12:16:11,18,85,Łódzkie,59,Kardiologia,2026/003399,Pozarezydencki,84.93,4.02,01.02.2026 13:14:33,9,NIE,,
w-2026,15,14.04.2026,14.04.2026 12:16:11,18,85,Łódzkie,60,Kardiologia,2026/009853,Pozarezydencki,82.55,0.00,05.03.2026 20:59:55,9,NIE,,
w-2026,15,14.04.2026,14.04.2026 12:16:11,18,85,Łódzkie,61,Kardiologia,2026/011603,Pozarezydencki,81.11,3.89,05.03.2026 21:29:01,9,NIE,,
w-2026,15,14.04.2026,14.04.2026 12:16:11,18,85,Łódzkie,62,Kardiologia,2026/011906,Pozarezydencki,77.42,4.19,20.03.2026 06:29:10,9,NIE,,
w-2026,15,14.04.2026,14.04.2026 12:16:11,18,85,Łódzkie,63,Kardiologia,2026/011411,Pozarezydencki,77.40,3.79,16.03.2026 21:30:48,9,NIE,,
w-2026,15,14.04.2026,14.04.2026 12:16:11,18,85,Łódzkie,64,Kardiologia,2026/007508,Pozarezydencki,75.45,0.00,05.03.2026 09:40:18,9,NIE,,
w-2026,15,14.04.2026,14.04.2026 12:16:11,18,85,Łódzkie,65,Kardiologia,2026/009779,Pozarezydencki,72.48,0.00,10.03.2026 22:53:15,9,NIE,,
w-2026,15,14.04.2026,14.04.2026 12:16:11,18,85,Łódzkie,66,Kardiologia,2026/009105,Pozarezydencki,66.36,0.00,10.03.2026 16:54:39,9,NIE,,
w-2026,15,14.04.2026,14.04.2026 12:16:11,18,85,Łódzkie,67,Kardiologia,2026/007447,Pozarezydencki,60.32,4.27,11.03.2026 22:26:44,9,NIE,,
w-2026,15,14.04.2026,14.04.2026 12:16:11,18,85,Łódzkie,68,Kardiologia dziecięca,2026/008466,Rezydencki,85.17,3.74,01.03.2026 21:18:05,1,NIE,,
w-2026,15,14.04.2026,14.04.2026 12:16:11,18,85,Łódzkie,69,Medycyna nuklearna,2026/006554,Rezydencki,83.90,4.37,14.02.2026 16:12:38,1,NIE,,
w-2026,15,14.04.2026,14.04.2026 12:16:11,18,85,Łódzkie,70,Medycyna paliatywna,2026/007213,Pozarezydencki,63.13,4.07,10.03.2026 14:38:46,2,NIE,,
w-2026,15,14.04.2026,14.04.2026 12:16:11,18,85,Łódzkie,71,Medycyna paliatywna,2026/010765,Pozarezydencki,55.14,3.33,14.03.2026 08:03:29,2,NIE,,
w-2026,15,14.04.2026,14.04.2026 12:16:11,18,85,Łódzkie,72,Medycyna pracy,2026/011716,Rezydencki,88.41,3.70,28.02.2026 20:31:49,2,NIE,,
w-2026,15,14.04.2026,14.04.2026 12:16:11,18,85,Łódzkie,73,Medycyna pracy,2026/009523,Rezydencki,73.68,4.17,26.02.2026 22:22:06,2,NIE,,
w-2026,15,14.04.2026,14.04.2026 12:16:11,18,85,Łódzkie,74,Medycyna pracy,2026/009168,Pozarezydencki,66.36,3.03,18.03.2026 08:01:34,4,NIE,,
w-2026,15,14.04.2026,14.04.2026 12:16:11,18,85,Łódzkie,75,Medycyna pracy,2026/011547,Pozarezydencki,61.82,0.00,10.03.2026 08:52:53,4,NIE,,
w-2026,15,14.04.2026,14.04.2026 12:16:11,18,85,Łódzkie,76,Medycyna pracy,2026/004390,Pozarezydencki,2.50,3.80,19.03.2026 23:04:26,4,NIE,,
w-2026,15,14.04.2026,14.04.2026 12:16:11,19,85,Łódzkie,77,Medycyna pracy,2026/011999,Pozarezydencki,0.00,0.00,27.03.2026 09:32:32,4,NIE,,
w-2026,15,14.04.2026,14.04.2026 12:16:11,19,85,Łódzkie,78,Medycyna ratunkowa,2026/010964,Rezydencki,80.95,3.48,27.02.2026 14:19:10,3,NIE,,
w-2026,15,14.04.2026,14.04.2026 12:16:11,19,85,Łódzkie,79,Medycyna ratunkowa,2026/003470,Rezydencki,72.60,4.04,25.02.2026 22:30:24,3,NIE,,
w-2026,15,14.04.2026,14.04.2026 12:16:11,19,85,Łódzkie,80,Medycyna ratunkowa,2026/005631,Rezydencki,60.58,3.07,19.02.2026 10:35:10,3,NIE,,
w-2026,15,14.04.2026,14.04.2026 12:16:11,19,85,Łódzkie,81,Medycyna rodzinna,2026/011356,Rezydencki,89.37,3.77,14.03.2026 18:13:23,19,NIE,,
w-2026,15,14.04.2026,14.04.2026 12:16:11,19,85,Łódzkie,82,Medycyna rodzinna,2026/009819,Rezydencki,87.80,4.02,07.03.2026 19:32:16,19,NIE,,
w-2026,15,14.04.2026,14.04.2026 12:16:11,19,85,Łódzkie,83,Medycyna rodzinna,2026/009945,Rezydencki,87.56,4.06,17.03.2026 13:48:54,19,NIE,,
w-2026,15,14.04.2026,14.04.2026 12:16:11,19,85,Łódzkie,84,Medycyna rodzinna,2026/011888,Rezydencki,85.89,4.20,08.03.2026 21:56:03,19,NIE,,
w-2026,15,14.04.2026,14.04.2026 12:16:11,19,85,Łódzkie,85,Medycyna rodzinna,2026/011130,Rezydencki,85.41,3.81,27.02.2026 19:53:40,19,NIE,,
w-2026,15,14.04.2026,14.04.2026 12:16:11,19,85,Łódzkie,86,Medycyna rodzinna,2026/008856,Rezydencki,85.37,4.17,25.03.2026 07:37:56,19,NIE,,
w-2026,15,14.04.2026,14.04.2026 12:16:11,19,85,Łódzkie,87,Medycyna rodzinna,2026/003456,Rezydencki,85.29,3.75,27.02.2026 17:26:40,19,NIE,,
w-2026,15,14.04.2026,14.04.2026 12:16:11,19,85,Łódzkie,88,Medycyna rodzinna,2026/009256,Rezydencki,84.31,3.73,24.03.2026 11:54:44,19,NIE,,
w-2026,15,14.04.2026,14.04.2026 12:16:11,19,85,Łódzkie,89,Medycyna rodzinna,2026/006619,Rezydencki,83.90,3.79,09.03.2026 10:58:38,19,NIE,,
w-2026,15,14.04.2026,14.04.2026 12:16:11,19,85,Łódzkie,90,Medycyna rodzinna,2026/004130,Rezydencki,77.88,3.72,28.02.2026 13:01:56,19,NIE,,
w-2026,15,14.04.2026,14.04.2026 12:16:11,19,85,Łódzkie,91,Medycyna rodzinna,2026/011515,Rezydencki,76.56,4.03,12.03.2026 10:55:23,19,NIE,,
w-2026,15,14.04.2026,14.04.2026 12:16:11,19,85,Łódzkie,92,Medycyna rodzinna,2026/009419,Rezydencki,75.24,3.39,09.03.2026 13:44:59,19,NIE,,
w-2026,15,14.04.2026,14.04.2026 12:16:11,19,85,Łódzkie,93,Medycyna rodzinna,2026/008300,Rezydencki,73.17,3.95,12.03.2026 08:37:30,19,NIE,,
w-2026,15,14.04.2026,14.04.2026 12:16:11,19,85,Łódzkie,94,Medycyna rodzinna,2026/003700,Rezydencki,71.98,3.95,23.02.2026 22:56:41,19,NIE,,
w-2026,15,14.04.2026,14.04.2026 12:16:11,19,85,Łódzkie,95,Medycyna rodzinna,2026/003749,Rezydencki,71.43,4.00,02.02.2026 16:12:37,19,NIE,,
w-2026,15,14.04.2026,14.04.2026 12:16:11,19,85,Łódzkie,96,Medycyna rodzinna,2026/011108,Rezydencki,69.23,4.23,27.02.2026 19:18:11,19,NIE,,
w-2026,15,14.04.2026,14.04.2026 12:16:11,19,85,Łódzkie,97,Medycyna rodzinna,2026/010925,Rezydencki,68.57,4.15,27.02.2026 12:45:47,19,NIE,,
w-2026,15,14.04.2026,14.04.2026 12:16:11,19,85,Łódzkie,98,Medycyna rodzinna,2026/010535,Rezydencki,61.43,4.15,26.02.2026 20:35:41,19,NIE,,
w-2026,15,14.04.2026,14.04.2026 12:16:11,19,85,Łódzkie,99,Medycyna rodzinna,2026/008270,Rezydencki,55.07,3.18,26.02.2026 20:13:42,19,NIE,,
w-2026,15,14.04.2026,14.04.2026 12:16:11,19,85,Łódzkie,100,Medycyna rodzinna,2026/009077,Pozarezydencki,74.30,3.10,09.03.2026 19:39:57,5,NIE,,
w-2026,15,14.04.2026,14.04.2026 12:16:11,19,85,Łódzkie,101,Medycyna rodzinna,2026/005507,Pozarezydencki,70.91,3.40,20.03.2026 21:12:47,5,NIE,,
w-2026,15,14.04.2026,14.04.2026 12:16:11,19,85,Łódzkie,102,Medycyna rodzinna,2026/010900,Pozarezydencki,63.64,0.00,10.03.2026 09:56:02,5,NIE,,
w-2026,15,14.04.2026,14.04.2026 12:16:11,19,85,Łódzkie,103,Medycyna rodzinna,2026/005667,Pozarezydencki,56.71,3.74,10.02.2026 20:52:07,5,NIE,,
w-2026,15,14.04.2026,14.04.2026 12:16:11,19,85,Łódzkie,104,Medycyna rodzinna,2026/011161,Pozarezydencki,0.00,0.00,05.03.2026 19:05:20,5,NIE,,
w-2026,15,14.04.2026,14.04.2026 12:16:11,19,85,Łódzkie,105,Nefrologia,2026/007441,Rezydencki,89.95,3.71,22.02.2026 19:57:37,1,NIE,,
w-2026,15,14.04.2026,14.04.2026 12:16:11,19,85,Łódzkie,106,Nefrologia,2026/004553,Pozarezydencki,81.59,4.59,17.03.2026 13:36:27,3,NIE,,
w-2026,15,14.04.2026,14.04.2026 12:16:11,19,85,Łódzkie,107,Nefrologia,2026/011598,Pozarezydencki,71.03,3.85,09.03.2026 22:16:14,3,NIE,,
w-2026,15,14.04.2026,14.04.2026 12:16:11,19,85,Łódzkie,108,Nefrologia,2026/008012,Pozarezydencki,59.45,3.79,17.03.2026 13:32:15,3,NIE,,
w-2026,15,14.04.2026,14.04.2026 12:16:11,19,85,Łódzkie,109,Neonatologia,2026/009892,Rezydencki,57.69,4.53,28.02.2026 19:36:57,1,NIE,,
w-2026,15,14.04.2026,14.04.2026 12:16:11,19,85,Łódzkie,110,Neurologia,2026/008283,Rezydencki,89.02,4.33,28.02.2026 00:07:42,3,NIE,,
w-2026,15,14.04.2026,14.04.2026 12:16:11,19,85,Łódzkie,111,Neurologia,2026/003398,Rezydencki,85.85,4.31,02.03.2026 12:26:14,3,NIE,,
w-2026,15,14.04.2026,14.04.2026 12:16:11,19,85,Łódzkie,112,Neurologia,2026/011650,Rezydencki,83.73,3.65,16.03.2026 11:34:33,3,NIE,,
w-2026,15,14.04.2026,14.04.2026 12:16:11,20,85,Łódzkie,113,Neurologia,2026/005985,Pozarezydencki,71.23,3.34,05.03.2026 17:29:58,1,NIE,,
w-2026,15,14.04.2026,14.04.2026 12:16:11,20,85,Łódzkie,114,Neurologia dziecięca,2026/006214,Pozarezydencki,76.82,0.00,05.03.2026 17:34:02,1,NIE,,
w-2026,15,14.04.2026,14.04.2026 12:16:11,20,85,Łódzkie,115,Okulistyka,2026/008453,Rezydencki,89.47,4.21,12.03.2026 15:15:39,4,NIE,,
w-2026,15,14.04.2026,14.04.2026 12:16:11,20,85,Łódzkie,116,Okulistyka,2026/011510,Rezydencki,88.46,3.98,02.03.2026 18:29:54,4,NIE,,
w-2026,15,14.04.2026,14.04.2026 12:16:11,20,85,Łódzkie,117,Okulistyka,2026/010681,Rezydencki,88.04,4.11,26.02.2026 23:25:21,4,NIE,,
w-2026,15,14.04.2026,14.04.2026 12:16:11,20,85,Łódzkie,118,Okulistyka,2026/009345,Rezydencki,88.04,4.02,25.02.2026 12:20:08,4,NIE,,
w-2026,15,14.04.2026,14.04.2026 12:16:11,20,85,Łódzkie,119,Okulistyka,2026/003971,Pozarezydencki,79.91,3.82,22.02.2026 20:26:29,1,NIE,,
w-2026,15,14.04.2026,14.04.2026 12:16:11,20,85,Łódzkie,120,Onkologia kliniczna,2026/011113,Rezydencki,78.10,4.19,27.02.2026 19:26:31,1,NIE,,
w-2026,15,14.04.2026,14.04.2026 12:16:11,20,85,Łódzkie,121,Ortopedia i traumatologia narządu ruchu,2026/009706,Rezydencki,87.44,4.52,24.03.2026 10:13:24,3,NIE,,
w-2026,15,14.04.2026,14.04.2026 12:16:11,20,85,Łódzkie,122,Ortopedia i traumatologia narządu ruchu,2026/006127,Rezydencki,86.96,4.23,06.03.2026 10:52:21,3,NIE,,
w-2026,15,14.04.2026,14.04.2026 12:16:11,20,85,Łódzkie,123,Ortopedia i traumatologia narządu ruchu,2026/010439,Rezydencki,86.96,4.05,27.02.2026 17:07:23,3,NIE,,
w-2026,15,14.04.2026,14.04.2026 12:16:11,20,85,Łódzkie,124,Ortopedia i traumatologia narządu ruchu,2026/010999,Pozarezydencki,77.73,3.87,28.02.2026 13:11:20,4,NIE,,
w-2026,15,14.04.2026,14.04.2026 12:16:11,20,85,Łódzkie,125,Ortopedia i traumatologia narządu ruchu,2026/010967,Pozarezydencki,74.20,3.67,07.03.2026 15:05:54,4,NIE,,
w-2026,15,14.04.2026,14.04.2026 12:16:11,20,85,Łódzkie,126,Ortopedia i traumatologia narządu ruchu,2026/003336,Pozarezydencki,72.83,3.19,07.03.2026 18:19:16,4,NIE,,
w-2026,15,14.04.2026,14.04.2026 12:16:11,20,85,Łódzkie,127,Ortopedia i traumatologia narządu ruchu,2026/010378,Pozarezydencki,68.69,0.00,24.03.2026 13:11:39,4,NIE,,
w-2026,15,14.04.2026,14.04.2026 12:16:11,20,85,Łódzkie,128,Otorynolaryngologia,2026/007511,Rezydencki,88.76,4.27,11.03.2026 17:35:56,2,NIE,,
w-2026,15,14.04.2026,14.04.2026 12:16:11,20,85,Łódzkie,129,Otorynolaryngologia,2026/010525,Rezydencki,87.02,3.88,26.02.2026 20:25:31,2,NIE,,
w-2026,15,14.04.2026,14.04.2026 12:16:11,20,85,Łódzkie,130,Otorynolaryngologia dziecięca,2026/010092,Pozarezydencki,75.23,3.36,27.02.2026 12:54:03,1,NIE,,
w-2026,15,14.04.2026,14.04.2026 12:16:11,20,85,Łódzkie,131,Patomorfologia,2026/011441,Rezydencki,89.90,3.72,02.03.2026 22:42:45,1,NIE,,
w-2026,15,14.04.2026,14.04.2026 12:16:11,20,85,Łódzkie,132,Pediatria,2026/011286,Rezydencki,86.19,3.95,27.02.2026 23:13:59,3,NIE,,
w-2026,15,14.04.2026,14.04.2026 12:16:11,20,85,Łódzkie,133,Pediatria,2026/009951,Rezydencki,86.12,4.04,25.02.2026 20:55:05,3,NIE,,
w-2026,15,14.04.2026,14.04.2026 12:16:11,20,85,Łódzkie,134,Pediatria,2026/008709,Rezydencki,78.54,3.97,25.02.2026 00:28:54,3,NIE,,
w-2026,15,14.04.2026,14.04.2026 12:16:11,20,85,Łódzkie,135,Położnictwo i ginekologia,2026/008480,Rezydencki,92.34,4.15,27.02.2026 16:28:21,6,NIE,,
w-2026,15,14.04.2026,14.04.2026 12:16:11,20,85,Łódzkie,136,Położnictwo i ginekologia,2026/004057,Rezydencki,90.43,4.07,12.02.2026 23:42:03,6,NIE,,
w-2026,15,14.04.2026,14.04.2026 12:16:11,20,85,Łódzkie,137,Położnictwo i ginekologia,2026/003810,Rezydencki,88.89,3.75,04.03.2026 17:06:21,6,NIE,,
w-2026,15,14.04.2026,14.04.2026 12:16:11,20,85,Łódzkie,138,Położnictwo i ginekologia,2026/006970,Rezydencki,88.41,3.76,27.02.2026 14:18:27,6,NIE,,
w-2026,15,14.04.2026,14.04.2026 12:16:11,20,85,Łódzkie,139,Położnictwo i ginekologia,2026/009435,Rezydencki,87.56,4.61,24.02.2026 19:19:57,6,NIE,,
w-2026,15,14.04.2026,14.04.2026 12:16:11,20,85,Łódzkie,140,Położnictwo i ginekologia,2026/009737,Rezydencki,87.26,4.30,28.02.2026 00:01:28,6,NIE,,
w-2026,15,14.04.2026,14.04.2026 12:16:11,20,85,Łódzkie,141,Położnictwo i ginekologia,2026/003737,Pozarezydencki,81.74,3.91,12.02.2026 06:25:55,2,NIE,,
w-2026,15,14.04.2026,14.04.2026 12:16:11,20,85,Łódzkie,142,Położnictwo i ginekologia,2026/007183,Pozarezydencki,64.68,4.96,17.02.2026 12:39:29,2,NIE,,
w-2026,15,14.04.2026,14.04.2026 12:16:11,20,85,Łódzkie,143,Protetyka stomatologiczna,2026/004686,Rezydencki,87.86,4.06,12.02.2026 17:31:03,1,NIE,,
w-2026,15,14.04.2026,14.04.2026 12:16:11,20,85,Łódzkie,144,Protetyka stomatologiczna,2026/010915,Pozarezydencki,84.09,3.19,04.03.2026 21:59:26,1,NIE,,
w-2026,15,14.04.2026,14.04.2026 12:16:11,20,85,Łódzkie,145,Psychiatria,2026/005338,Rezydencki,90.43,4.62,09.03.2026 11:22:07,12,NIE,,
w-2026,15,14.04.2026,14.04.2026 12:16:11,20,85,Łódzkie,146,Psychiatria,2026/009996,Rezydencki,88.52,3.72,27.02.2026 00:53:02,12,NIE,,
w-2026,15,14.04.2026,14.04.2026 12:16:11,20,85,Łódzkie,147,Psychiatria,2026/007720,Rezydencki,87.56,4.93,20.02.2026 18:03:55,12,NIE,,
w-2026,15,14.04.2026,14.04.2026 12:16:11,20,85,Łódzkie,148,Psychiatria,2026/007075,Rezydencki,87.01,4.15,24.02.2026 16:15:15,12,NIE,,
w-2026,15,14.04.2026,14.04.2026 12:16:11,21,85,Łódzkie,149,Psychiatria,2026/009438,Rezydencki,83.82,4.08,24.02.2026 19:43:43,12,NIE,,
w-2026,15,14.04.2026,14.04.2026 12:16:11,21,85,Łódzkie,150,Psychiatria,2026/006114,Rezydencki,81.25,3.49,17.03.2026 22:25:53,12,NIE,,
w-2026,15,14.04.2026,14.04.2026 12:16:11,21,85,Łódzkie,151,Psychiatria,2026/006934,Rezydencki,80.77,3.27,11.03.2026 14:28:26,12,NIE,,
w-2026,15,14.04.2026,14.04.2026 12:16:11,21,85,Łódzkie,152,Psychiatria,2026/006698,Rezydencki,79.90,3.83,15.02.2026 19:04:32,12,NIE,,
w-2026,15,14.04.2026,14.04.2026 12:16:11,21,85,Łódzkie,153,Psychiatria,2026/010978,Rezydencki,78.47,3.72,27.02.2026 15:20:22,12,NIE,,
w-2026,15,14.04.2026,14.04.2026 12:16:11,21,85,Łódzkie,154,Psychiatria,2026/004677,Rezydencki,76.67,3.77,08.02.2026 21:26:46,12,NIE,,
w-2026,15,14.04.2026,14.04.2026 12:16:11,21,85,Łódzkie,155,Psychiatria,2026/008974,Rezydencki,73.33,0.00,24.02.2026 20:46:45,12,NIE,,
w-2026,15,14.04.2026,14.04.2026 12:16:11,21,85,Łódzkie,156,Psychiatria,2026/010664,Rezydencki,71.29,4.19,25.03.2026 10:27:43,12,NIE,,
w-2026,15,14.04.2026,14.04.2026 12:16:11,21,85,Łódzkie,157,Psychiatria,2026/011690,Pozarezydencki,71.89,4.52,28.02.2026 20:22:29,5,NIE,,
w-2026,15,14.04.2026,14.04.2026 12:16:11,21,85,Łódzkie,158,Psychiatria,2026/011361,Pozarezydencki,71.53,3.83,23.03.2026 23:57:44,5,NIE,,
w-2026,15,14.04.2026,14.04.2026 12:16:11,21,85,Łódzkie,159,Psychiatria,2026/011242,Pozarezydencki,66.44,3.24,02.03.2026 21:46:38,5,NIE,,
w-2026,15,14.04.2026,14.04.2026 12:16:11,21,85,Łódzkie,160,Psychiatria,2026/006041,Pozarezydencki,62.56,3.75,16.03.2026 17:54:06,5,NIE,,
w-2026,15,14.04.2026,14.04.2026 12:16:11,21,85,Łódzkie,161,Psychiatria,2026/010073,Pozarezydencki,58.41,3.85,28.02.2026 15:19:02,5,NIE,,
w-2026,15,14.04.2026,14.04.2026 12:16:11,21,85,Łódzkie,162,Psychiatria dzieci i młodzieży,2026/007336,Rezydencki,84.21,3.35,28.02.2026 23:41:48,1,NIE,,
w-2026,15,14.04.2026,14.04.2026 12:16:11,21,85,Łódzkie,163,Psychiatria dzieci i młodzieży,2026/009556,Pozarezydencki,89.09,4.44,19.03.2026 13:57:47,1,NIE,,
w-2026,15,14.04.2026,14.04.2026 12:16:11,21,85,Łódzkie,164,Radiologia i diagnostyka obrazowa,2026/003746,Rezydencki,91.67,4.56,09.02.2026 12:05:24,2,NIE,,
w-2026,15,14.04.2026,14.04.2026 12:16:11,21,85,Łódzkie,165,Radiologia i diagnostyka obrazowa,2026/010410,Rezydencki,90.82,4.17,26.02.2026 17:13:27,2,NIE,,
w-2026,15,14.04.2026,14.04.2026 12:16:11,21,85,Łódzkie,166,Radiologia i diagnostyka obrazowa,2026/003812,Pozarezydencki,78.08,4.90,24.02.2026 00:25:45,4,NIE,,
w-2026,15,14.04.2026,14.04.2026 12:16:11,21,85,Łódzkie,167,Radiologia i diagnostyka obrazowa,2026/010781,Pozarezydencki,72.15,4.04,13.03.2026 10:08:24,4,NIE,,
w-2026,15,14.04.2026,14.04.2026 12:16:11,21,85,Łódzkie,168,Radiologia i diagnostyka obrazowa,2026/010403,Pozarezydencki,70.64,3.98,20.03.2026 09:49:25,4,NIE,,
w-2026,15,14.04.2026,14.04.2026 12:16:11,21,85,Łódzkie,169,Radiologia i diagnostyka obrazowa,2026/011766,Pozarezydencki,60.83,3.13,28.02.2026 22:30:21,4,NIE,,
w-2026,15,14.04.2026,14.04.2026 12:16:11,21,85,Łódzkie,170,Reumatologia,2026/008907,Rezydencki,92.34,4.00,02.03.2026 23:34:24,1,NIE,,
w-2026,15,14.04.2026,14.04.2026 12:16:11,21,85,Łódzkie,171,Seksuologia,2026/010690,Pozarezydencki,83.09,3.66,26.02.2026 23:51:00,1,NIE,,
w-2026,15,14.04.2026,14.04.2026 12:16:11,21,85,Łódzkie,172,Stomatologia dziecięca,2026/008545,Rezydencki,86.19,3.94,22.02.2026 15:04:40,1,NIE,,
w-2026,15,14.04.2026,14.04.2026 12:16:11,21,85,Łódzkie,173,Transplantologia kliniczna,2026/009977,Pozarezydencki,84.55,4.59,12.03.2026 03:56:06,4,NIE,,
w-2026,15,14.04.2026,14.04.2026 12:16:11,21,85,Łódzkie,174,Transplantologia kliniczna,2026/005611,Pozarezydencki,84.09,4.39,05.03.2026 11:54:24,4,NIE,,
w-2026,15,14.04.2026,14.04.2026 12:16:11,21,85,Łódzkie,175,Transplantologia kliniczna,2026/010970,Pozarezydencki,76.96,0.00,27.03.2026 08:47:36,4,NIE,,
w-2026,15,14.04.2026,14.04.2026 12:16:11,21,85,Łódzkie,176,Transplantologia kliniczna,2026/006744,Pozarezydencki,74.55,0.00,09.03.2026 20:44:03,4,NIE,,
w-2026,15,14.04.2026,14.04.2026 12:16:11,21,85,Łódzkie,177,Urologia,2026/008648,Rezydencki,90.24,4.15,26.02.2026 18:52:05,1,NIE,,
w-2026,15,14.04.2026,14.04.2026 12:16:11,21,85,Łódzkie,178,Urologia,2026/007012,Pozarezydencki,79.95,3.98,22.02.2026 18:40:26,1,NIE,,
w-2026,15,14.04.2026,14.04.2026 12:16:11,21,85,Łódzkie,1,Dermatologia i wenerologia,2026/006539,Rezydencki,84.54,4.44,17.02.2026 22:38:21,2,TAK,SAMODZIELNY PUBLICZNY ZAKŁAD OPIEKI ZDROWOTNEJ UNIWERSYTECKI SZPITAL KLINICZNY NR 2 UNIWERSYTETU MEDYCZNEGO W ŁODZI,Klinika Dermatologii i Wenerologii
w-2026,15,14.04.2026,14.04.2026 12:16:11,22,85,Łódzkie,1,Neurochirurgia,2026/008572,Rezydencki,87.68,4.37,23.02.2026 11:34:39,1,TAK,Status dokumentu Opublikowanie wyników,"SAMODZIELNY PUBLICZNY ZAKŁAD OPIEKI ZDROWOTNEJ UNIWERSYTECKI SZPITAL KLINICZNY NR 2 UNIWERSYTETU MEDYCZNEGO W ŁODZI Klinika Neurochirurgii, Chirurgii Kręgosłupa i Nerwów Obwodowych"
w-2026,15,14.04.2026,14.04.2026 12:16:11,22,85,Łódzkie,1,Kardiologia,2026/010075,Rezydencki,86.96,4.34,24.03.2026 19:48:11,1,TAK,Samodzielny Publiczny Zakład Opieki Zdrowotnej Centralny Szpital Kliniczny Uniwersytetu Medycznego w Łodzi,Szpital CKD Klinika Kardiologii
w-2026,15,14.04.2026,14.04.2026 12:16:11,22,85,Łódzkie,1,Dermatologia i wenerologia,2026/003770,Rezydencki,89.27,4.52,25.02.2026 22:11:23,2,TAK,Samodzielny Publiczny Zakład Opieki Zdrowotnej Centralny Szpital Kliniczny Uniwersytetu Medycznego w Łodzi,"Pododdział Dermatologii, Pododdział Dermatologii Dziecięcej i Onkologicznej"
w-2026,15,14.04.2026,14.04.2026 12:16:11,22,85,Małopolskie,1,Alergologia,2026/010651,Rezydencki,90.19,4.55,16.03.2026 15:47:04,1,NIE,,
w-2026,15,14.04.2026,14.04.2026 12:16:11,22,85,Małopolskie,2,Anestezjologia i intensywna terapia,2026/005972,Rezydencki,89.37,4.52,11.02.2026 18:19:17,14,NIE,,
w-2026,15,14.04.2026,14.04.2026 12:16:11,22,85,Małopolskie,3,Anestezjologia i intensywna terapia,2026/010674,Rezydencki,89.18,3.87,27.02.2026 19:37:45,14,NIE,,
w-2026,15,14.04.2026,14.04.2026 12:16:11,22,85,Małopolskie,4,Anestezjologia i intensywna terapia,2026/007041,Rezydencki,89.00,3.73,27.02.2026 17:19:27,14,NIE,,
w-2026,15,14.04.2026,14.04.2026 12:16:11,22,85,Małopolskie,5,Anestezjologia i intensywna terapia,2026/007584,Rezydencki,88.52,3.92,19.02.2026 14:57:40,14,NIE,,
w-2026,15,14.04.2026,14.04.2026 12:16:11,22,85,Małopolskie,6,Anestezjologia i intensywna terapia,2026/005310,Rezydencki,88.04,3.73,18.03.2026 12:08:57,14,NIE,,
w-2026,15,14.04.2026,14.04.2026 12:16:11,22,85,Małopolskie,7,Anestezjologia i intensywna terapia,2026/005986,Rezydencki,87.92,4.32,11.03.2026 18:07:02,14,NIE,,
w-2026,15,14.04.2026,14.04.2026 12:16:11,22,85,Małopolskie,8,Anestezjologia i intensywna terapia,2026/007478,Rezydencki,87.75,4.64,19.02.2026 09:57:56,14,NIE,,
w-2026,15,14.04.2026,14.04.2026 12:16:11,22,85,Małopolskie,9,Anestezjologia i intensywna terapia,2026/010450,Rezydencki,87.44,3.72,28.02.2026 14:57:08,14,NIE,,
w-2026,15,14.04.2026,14.04.2026 12:16:11,22,85,Małopolskie,10,Anestezjologia i intensywna terapia,2026/009509,Rezydencki,87.02,4.15,25.02.2026 23:27:16,14,NIE,,
w-2026,15,14.04.2026,14.04.2026 12:16:11,22,85,Małopolskie,11,Anestezjologia i intensywna terapia,2026/008292,Rezydencki,86.19,3.97,27.03.2026 14:19:11,14,NIE,,
w-2026,15,14.04.2026,14.04.2026 12:16:11,22,85,Małopolskie,12,Anestezjologia i intensywna terapia,2026/007941,Rezydencki,86.12,3.83,26.02.2026 19:37:57,14,NIE,,
w-2026,15,14.04.2026,14.04.2026 12:16:11,22,85,Małopolskie,13,Anestezjologia i intensywna terapia,2026/011818,Rezydencki,84.69,4.55,28.02.2026 23:34:28,14,NIE,,
w-2026,15,14.04.2026,14.04.2026 12:16:11,22,85,Małopolskie,14,Anestezjologia i intensywna terapia,2026/005317,Rezydencki,84.69,4.04,14.02.2026 09:26:31,14,NIE,,
w-2026,15,14.04.2026,14.04.2026 12:16:11,22,85,Małopolskie,15,Anestezjologia i intensywna terapia,2026/006736,Rezydencki,84.21,3.67,13.03.2026 14:36:17,14,NIE,,
w-2026,15,14.04.2026,14.04.2026 12:16:11,22,85,Małopolskie,16,Anestezjologia i intensywna terapia,2026/005648,Pozarezydencki,82.72,4.42,16.03.2026 12:45:26,5,NIE,,
w-2026,15,14.04.2026,14.04.2026 12:16:11,22,85,Małopolskie,17,Anestezjologia i intensywna terapia,2026/009096,Pozarezydencki,81.78,4.31,21.03.2026 07:35:48,5,NIE,,
w-2026,15,14.04.2026,14.04.2026 12:16:11,22,85,Małopolskie,18,Anestezjologia i intensywna terapia,2026/007042,Pozarezydencki,79.77,4.02,17.02.2026 21:00:18,5,NIE,,
w-2026,15,14.04.2026,14.04.2026 12:16:11,22,85,Małopolskie,19,Anestezjologia i intensywna terapia,2026/009998,Pozarezydencki,77.73,3.98,02.03.2026 14:56:10,5,NIE,,
w-2026,15,14.04.2026,14.04.2026 12:16:11,22,85,Małopolskie,20,Anestezjologia i intensywna terapia,2026/007048,Pozarezydencki,75.34,3.22,17.02.2026 19:01:05,5,NIE,,
w-2026,15,14.04.2026,14.04.2026 12:16:11,22,85,Małopolskie,21,Angiologia,2026/010822,Pozarezydencki,83.18,4.09,24.03.2026 23:20:54,1,NIE,,
w-2026,15,14.04.2026,14.04.2026 12:16:11,22,85,Małopolskie,22,Balneologia i medycyna fizykalna,2026/010862,Pozarezydencki,90.00,3.30,25.03.2026 22:04:36,2,NIE,,
w-2026,15,14.04.2026,14.04.2026 12:16:11,22,85,Małopolskie,23,Balneologia i medycyna fizykalna,2026/011081,Pozarezydencki,74.55,4.00,26.03.2026 16:48:27,2,NIE,,
w-2026,15,14.04.2026,14.04.2026 12:16:11,22,85,Małopolskie,24,Chirurgia dziecięca,2026/008953,Rezydencki,77.40,3.95,24.02.2026 15:05:30,3,NIE,,
w-2026,15,14.04.2026,14.04.2026 12:16:11,22,85,Małopolskie,25,Chirurgia dziecięca,2026/011490,Rezydencki,71.50,0.00,20.03.2026 13:02:21,3,NIE,,
w-2026,15,14.04.2026,14.04.2026 12:16:11,23,85,Małopolskie,26,Chirurgia dziecięca,2026/005976,Rezydencki,66.19,4.73,18.03.2026 12:32:22,3,NIE,,
w-2026,15,14.04.2026,14.04.2026 12:16:11,23,85,Małopolskie,27,Chirurgia klatki piersiowej,2026/005126,Pozarezydencki,84.55,3.18,20.03.2026 11:40:28,1,NIE,,
w-2026,15,14.04.2026,14.04.2026 12:16:11,23,85,Małopolskie,28,Chirurgia naczyniowa,2026/011773,Rezydencki,89.00,4.89,28.02.2026 21:54:14,1,NIE,,
w-2026,15,14.04.2026,14.04.2026 12:16:11,23,85,Małopolskie,29,Chirurgia ogólna,2026/011264,Rezydencki,80.68,3.68,23.03.2026 14:23:34,4,NIE,,
w-2026,15,14.04.2026,14.04.2026 12:16:11,23,85,Małopolskie,30,Chirurgia ogólna,2026/006707,Rezydencki,76.56,4.05,23.03.2026 15:46:10,4,NIE,,
w-2026,15,14.04.2026,14.04.2026 12:16:11,23,85,Małopolskie,31,Chirurgia ogólna,2026/011160,Rezydencki,75.85,3.50,28.02.2026 21:36:58,4,NIE,,
w-2026,15,14.04.2026,14.04.2026 12:16:11,23,85,Małopolskie,32,Chirurgia ogólna,2026/006115,Rezydencki,73.68,3.53,26.02.2026 23:03:53,4,NIE,,
w-2026,15,14.04.2026,14.04.2026 12:16:11,23,85,Małopolskie,33,Chirurgia onkologiczna,2026/005017,Rezydencki,88.04,4.05,15.02.2026 15:55:08,2,NIE,,
w-2026,15,14.04.2026,14.04.2026 12:16:11,23,85,Małopolskie,34,Chirurgia onkologiczna,2026/008006,Rezydencki,87.14,3.97,20.03.2026 12:33:26,2,NIE,,
w-2026,15,14.04.2026,14.04.2026 12:16:11,23,85,Małopolskie,35,Chirurgia onkologiczna,2026/004665,Pozarezydencki,75.00,4.19,16.03.2026 21:18:09,2,NIE,,
w-2026,15,14.04.2026,14.04.2026 12:16:11,23,85,Małopolskie,36,Chirurgia onkologiczna,2026/011724,Pozarezydencki,70.91,3.18,20.03.2026 15:55:40,2,NIE,,
w-2026,15,14.04.2026,14.04.2026 12:16:11,23,85,Małopolskie,37,Chirurgia stomatologiczna,2026/009623,Rezydencki,87.08,4.43,26.02.2026 19:09:45,2,NIE,,
w-2026,15,14.04.2026,14.04.2026 12:16:11,23,85,Małopolskie,38,Chirurgia stomatologiczna,2026/011226,Rezydencki,86.67,4.61,02.03.2026 21:31:25,2,NIE,,
w-2026,15,14.04.2026,14.04.2026 12:16:11,23,85,Małopolskie,39,Chirurgia szczękowo-twarzowa,2026/005085,Rezydencki,93.27,3.90,20.03.2026 12:13:59,2,NIE,,
w-2026,15,14.04.2026,14.04.2026 12:16:11,23,85,Małopolskie,40,Chirurgia szczękowo-twarzowa,2026/007512,Rezydencki,85.41,3.85,20.03.2026 21:39:21,2,NIE,,
w-2026,15,14.04.2026,14.04.2026 12:16:11,23,85,Małopolskie,41,Choroby płuc,2026/010571,Rezydencki,87.01,4.15,21.03.2026 14:04:28,2,NIE,,
w-2026,15,14.04.2026,14.04.2026 12:16:11,23,85,Małopolskie,42,Choroby płuc,2026/003957,Rezydencki,81.64,3.72,26.02.2026 10:04:45,2,NIE,,
w-2026,15,14.04.2026,14.04.2026 12:16:11,23,85,Małopolskie,43,Choroby płuc,2026/008629,Pozarezydencki,76.64,3.99,27.03.2026 13:28:53,1,NIE,,
w-2026,15,14.04.2026,14.04.2026 12:16:11,23,85,Małopolskie,44,Choroby płuc dzieci,2026/003482,Rezydencki,87.44,4.10,01.02.2026 19:09:37,1,NIE,,
w-2026,15,14.04.2026,14.04.2026 12:16:11,23,85,Małopolskie,45,Choroby płuc dzieci,2026/009734,Pozarezydencki,66.36,0.00,25.02.2026 22:45:07,1,NIE,,
w-2026,15,14.04.2026,14.04.2026 12:16:11,23,85,Małopolskie,46,Choroby wewnętrzne,2026/011162,Rezydencki,85.65,4.03,27.02.2026 20:36:56,5,NIE,,
w-2026,15,14.04.2026,14.04.2026 12:16:11,23,85,Małopolskie,47,Choroby wewnętrzne,2026/005141,Rezydencki,76.56,4.98,18.03.2026 22:48:55,5,NIE,,
w-2026,15,14.04.2026,14.04.2026 12:16:11,23,85,Małopolskie,48,Choroby wewnętrzne,2026/011696,Rezydencki,72.38,3.26,24.03.2026 08:58:45,5,NIE,,
w-2026,15,14.04.2026,14.04.2026 12:16:11,23,85,Małopolskie,49,Choroby wewnętrzne,2026/006189,Rezydencki,71.15,4.02,11.03.2026 15:07:11,5,NIE,,
w-2026,15,14.04.2026,14.04.2026 12:16:11,23,85,Małopolskie,50,Choroby wewnętrzne,2026/008559,Rezydencki,70.95,0.00,23.03.2026 13:19:46,5,NIE,,
w-2026,15,14.04.2026,14.04.2026 12:16:11,23,85,Małopolskie,51,Choroby wewnętrzne,2026/008662,Pozarezydencki,72.48,0.00,15.03.2026 19:29:30,3,NIE,,
w-2026,15,14.04.2026,14.04.2026 12:16:11,23,85,Małopolskie,52,Choroby wewnętrzne,2026/011005,Pozarezydencki,72.48,0.00,22.03.2026 23:36:58,3,NIE,,
w-2026,15,14.04.2026,14.04.2026 12:16:11,23,85,Małopolskie,53,Choroby wewnętrzne,2026/011454,Pozarezydencki,55.05,0.00,23.03.2026 10:11:24,3,NIE,,
w-2026,15,14.04.2026,14.04.2026 12:16:11,23,85,Małopolskie,54,Choroby zakaźne,2026/008419,Pozarezydencki,72.66,4.00,13.03.2026 23:05:34,3,NIE,,
w-2026,15,14.04.2026,14.04.2026 12:16:11,23,85,Małopolskie,55,Choroby zakaźne,2026/005315,Pozarezydencki,67.74,0.00,11.03.2026 11:43:33,3,NIE,,
w-2026,15,14.04.2026,14.04.2026 12:16:11,23,85,Małopolskie,56,Choroby zakaźne,2026/009051,Pozarezydencki,66.36,4.03,13.03.2026 14:17:29,3,NIE,,
w-2026,15,14.04.2026,14.04.2026 12:16:11,23,85,Małopolskie,57,Dermatologia i wenerologia,2026/007644,Rezydencki,92.65,4.08,16.03.2026 13:16:56,1,NIE,,
w-2026,15,14.04.2026,14.04.2026 12:16:11,23,85,Małopolskie,58,Endokrynologia,2026/003733,Rezydencki,92.34,4.50,25.02.2026 21:21:39,1,NIE,,
w-2026,15,14.04.2026,14.04.2026 12:16:11,23,85,Małopolskie,59,Endokrynologia i diabetologia dziecięca,2026/005095,Pozarezydencki,80.23,4.42,20.03.2026 21:20:34,2,NIE,,
w-2026,15,14.04.2026,14.04.2026 12:16:11,23,85,Małopolskie,60,Endokrynologia i diabetologia dziecięca,2026/009934,Pozarezydencki,78.54,3.32,19.03.2026 15:58:39,2,NIE,,
w-2026,15,14.04.2026,14.04.2026 12:16:11,23,85,Małopolskie,61,Gastroenterologia,2026/011639,Rezydencki,90.48,3.77,23.03.2026 22:34:19,2,NIE,,
w-2026,15,14.04.2026,14.04.2026 12:16:11,24,85,Małopolskie,62,Gastroenterologia,2026/003293,Rezydencki,90.34,3.47,09.03.2026 11:43:10,2,NIE,,
w-2026,15,14.04.2026,14.04.2026 12:16:11,24,85,Małopolskie,63,Geriatria,2026/003842,Rezydencki,87.92,4.23,15.03.2026 22:41:11,2,NIE,,
w-2026,15,14.04.2026,14.04.2026 12:16:11,24,85,Małopolskie,64,Geriatria,2026/009769,Rezydencki,87.08,4.26,26.02.2026 13:24:04,2,NIE,,
w-2026,15,14.04.2026,14.04.2026 12:16:11,24,85,Małopolskie,65,Geriatria,2026/009566,Pozarezydencki,76.36,4.27,14.03.2026 17:35:02,1,NIE,,
w-2026,15,14.04.2026,14.04.2026 12:16:11,24,85,Małopolskie,66,Ginekologia onkologiczna,2026/008268,Pozarezydencki,89.77,4.70,23.03.2026 20:49:15,2,NIE,,
w-2026,15,14.04.2026,14.04.2026 12:16:11,24,85,Małopolskie,67,Ginekologia onkologiczna,2026/009723,Pozarezydencki,61.82,3.09,27.03.2026 00:41:44,2,NIE,,
w-2026,15,14.04.2026,14.04.2026 12:16:11,24,85,Małopolskie,68,Hematologia,2026/007539,Rezydencki,89.00,4.35,24.02.2026 22:52:04,4,NIE,,
w-2026,15,14.04.2026,14.04.2026 12:16:11,24,85,Małopolskie,69,Hematologia,2026/008308,Rezydencki,85.75,3.56,11.03.2026 11:09:37,4,NIE,,
w-2026,15,14.04.2026,14.04.2026 12:16:11,24,85,Małopolskie,70,Hematologia,2026/003532,Rezydencki,81.34,4.68,19.03.2026 13:29:46,4,NIE,,
w-2026,15,14.04.2026,14.04.2026 12:16:11,24,85,Małopolskie,71,Hematologia,2026/006927,Rezydencki,78.85,3.41,18.03.2026 14:30:39,4,NIE,,
w-2026,15,14.04.2026,14.04.2026 12:16:11,24,85,Małopolskie,72,Kardiochirurgia,2026/006593,Rezydencki,83.97,3.64,18.03.2026 21:35:33,2,NIE,,
w-2026,15,14.04.2026,14.04.2026 12:16:11,24,85,Małopolskie,73,Kardiochirurgia,2026/008666,Rezydencki,80.29,3.72,28.02.2026 14:50:33,2,NIE,,
w-2026,15,14.04.2026,14.04.2026 12:16:11,24,85,Małopolskie,74,Kardiologia,2026/003519,Rezydencki,91.87,4.35,03.02.2026 20:53:40,10,NIE,,
w-2026,15,14.04.2026,14.04.2026 12:16:11,24,85,Małopolskie,75,Kardiologia,2026/008125,Rezydencki,90.58,4.83,02.03.2026 13:46:53,10,NIE,,
w-2026,15,14.04.2026,14.04.2026 12:16:11,24,85,Małopolskie,76,Kardiologia,2026/009033,Rezydencki,89.95,4.48,25.02.2026 21:38:20,10,NIE,,
w-2026,15,14.04.2026,14.04.2026 12:16:11,24,85,Małopolskie,77,Kardiologia,2026/009688,Rezydencki,89.37,3.98,19.03.2026 16:14:04,10,NIE,,
w-2026,15,14.04.2026,14.04.2026 12:16:11,24,85,Małopolskie,78,Kardiologia,2026/009916,Rezydencki,88.89,4.28,27.02.2026 19:51:10,10,NIE,,
w-2026,15,14.04.2026,14.04.2026 12:16:11,24,85,Małopolskie,79,Kardiologia,2026/006121,Rezydencki,88.52,4.45,12.02.2026 15:23:51,10,NIE,,
w-2026,15,14.04.2026,14.04.2026 12:16:11,24,85,Małopolskie,80,Kardiologia,2026/007449,Rezydencki,87.92,4.06,18.03.2026 16:35:54,10,NIE,,
w-2026,15,14.04.2026,14.04.2026 12:16:11,24,85,Małopolskie,81,Kardiologia,2026/010478,Rezydencki,87.92,3.58,19.03.2026 00:00:13,10,NIE,,
w-2026,15,14.04.2026,14.04.2026 12:16:11,24,85,Małopolskie,82,Kardiologia,2026/005004,Rezydencki,87.80,3.68,18.03.2026 10:38:30,10,NIE,,
w-2026,15,14.04.2026,14.04.2026 12:16:11,24,85,Małopolskie,83,Kardiologia,2026/011590,Rezydencki,87.44,3.27,28.02.2026 23:59:24,10,NIE,,
w-2026,15,14.04.2026,14.04.2026 12:16:11,24,85,Małopolskie,84,Kardiologia,2026/009979,Pozarezydencki,83.79,3.92,18.03.2026 19:44:25,4,NIE,,
w-2026,15,14.04.2026,14.04.2026 12:16:11,24,85,Małopolskie,85,Kardiologia,2026/011951,Pozarezydencki,77.64,4.07,20.03.2026 12:31:11,4,NIE,,
w-2026,15,14.04.2026,14.04.2026 12:16:11,24,85,Małopolskie,86,Kardiologia,2026/003276,Pozarezydencki,76.96,3.77,17.03.2026 13:38:53,4,NIE,,
w-2026,15,14.04.2026,14.04.2026 12:16:11,24,85,Małopolskie,87,Kardiologia,2026/005955,Pozarezydencki,75.45,4.21,18.03.2026 19:25:47,4,NIE,,
w-2026,15,14.04.2026,14.04.2026 12:16:11,24,85,Małopolskie,88,Kardiologia dziecięca,2026/010564,Pozarezydencki,80.91,4.42,16.03.2026 11:19:15,2,NIE,,
w-2026,15,14.04.2026,14.04.2026 12:16:11,24,85,Małopolskie,89,Kardiologia dziecięca,2026/009358,Pozarezydencki,74.55,3.71,19.03.2026 10:13:31,2,NIE,,
w-2026,15,14.04.2026,14.04.2026 12:16:11,24,85,Małopolskie,90,Medycyna nuklearna,2026/009420,Rezydencki,86.47,4.31,26.02.2026 17:47:41,2,NIE,,
w-2026,15,14.04.2026,14.04.2026 12:16:11,24,85,Małopolskie,91,Medycyna nuklearna,2026/011382,Rezydencki,80.86,3.95,16.03.2026 18:06:30,2,NIE,,
w-2026,15,14.04.2026,14.04.2026 12:16:11,24,85,Małopolskie,92,Medycyna paliatywna,2026/005435,Pozarezydencki,86.82,4.53,23.03.2026 19:04:42,6,NIE,,
w-2026,15,14.04.2026,14.04.2026 12:16:11,24,85,Małopolskie,93,Medycyna paliatywna,2026/004989,Pozarezydencki,82.27,4.20,17.03.2026 16:16:44,6,NIE,,
w-2026,15,14.04.2026,14.04.2026 12:16:11,24,85,Małopolskie,94,Medycyna paliatywna,2026/010034,Pozarezydencki,75.45,0.00,13.03.2026 16:57:11,6,NIE,,
w-2026,15,14.04.2026,14.04.2026 12:16:11,24,85,Małopolskie,95,Medycyna paliatywna,2026/009919,Pozarezydencki,71.89,3.88,20.03.2026 09:30:48,6,NIE,,
w-2026,15,14.04.2026,14.04.2026 12:16:11,24,85,Małopolskie,96,Medycyna paliatywna,2026/003491,Pozarezydencki,70.91,3.34,17.03.2026 19:24:45,6,NIE,,
w-2026,15,14.04.2026,14.04.2026 12:16:11,24,85,Małopolskie,97,Medycyna paliatywna,2026/011680,Pozarezydencki,66.36,3.56,28.02.2026 20:04:25,6,NIE,,
w-2026,15,14.04.2026,14.04.2026 12:16:11,25,85,Małopolskie,98,Medycyna ratunkowa,2026/008379,Pozarezydencki,77.42,0.00,21.02.2026 14:38:06,4,NIE,,
w-2026,15,14.04.2026,14.04.2026 12:16:11,25,85,Małopolskie,99,Medycyna ratunkowa,2026/006706,Pozarezydencki,66.36,0.00,24.03.2026 19:31:01,4,NIE,,
w-2026,15,14.04.2026,14.04.2026 12:16:11,25,85,Małopolskie,100,Medycyna ratunkowa,2026/007452,Pozarezydencki,61.82,3.63,23.03.2026 23:06:01,4,NIE,,
w-2026,15,14.04.2026,14.04.2026 12:16:11,25,85,Małopolskie,101,Medycyna ratunkowa,2026/006599,Pozarezydencki,54.09,1.67,27.02.2026 16:55:29,4,NIE,,
w-2026,15,14.04.2026,14.04.2026 12:16:11,25,85,Małopolskie,102,Medycyna rodzinna,2026/008509,Rezydencki,91.15,4.55,15.03.2026 13:01:17,29,NIE,,
w-2026,15,14.04.2026,14.04.2026 12:16:11,25,85,Małopolskie,103,Medycyna rodzinna,2026/010947,Rezydencki,87.56,3.82,12.03.2026 17:22:31,29,NIE,,
w-2026,15,14.04.2026,14.04.2026 12:16:11,25,85,Małopolskie,104,Medycyna rodzinna,2026/005607,Rezydencki,87.44,4.03,12.02.2026 17:50:09,29,NIE,,
w-2026,15,14.04.2026,14.04.2026 12:16:11,25,85,Małopolskie,105,Medycyna rodzinna,2026/004504,Rezydencki,85.78,3.89,18.03.2026 08:17:08,29,NIE,,
w-2026,15,14.04.2026,14.04.2026 12:16:11,25,85,Małopolskie,106,Medycyna rodzinna,2026/007571,Rezydencki,85.65,4.21,17.03.2026 21:58:12,29,NIE,,
w-2026,15,14.04.2026,14.04.2026 12:16:11,25,85,Małopolskie,107,Medycyna rodzinna,2026/008506,Rezydencki,85.24,3.54,16.03.2026 22:48:08,29,NIE,,
w-2026,15,14.04.2026,14.04.2026 12:16:11,25,85,Małopolskie,108,Medycyna rodzinna,2026/005432,Rezydencki,84.31,3.90,24.03.2026 12:22:20,29,NIE,,
w-2026,15,14.04.2026,14.04.2026 12:16:11,25,85,Małopolskie,109,Medycyna rodzinna,2026/008663,Rezydencki,83.81,3.93,20.03.2026 12:52:43,29,NIE,,
w-2026,15,14.04.2026,14.04.2026 12:16:11,25,85,Małopolskie,110,Medycyna rodzinna,2026/007928,Rezydencki,83.09,3.87,20.03.2026 15:15:19,29,NIE,,
w-2026,15,14.04.2026,14.04.2026 12:16:11,25,85,Małopolskie,111,Medycyna rodzinna,2026/011387,Rezydencki,83.09,3.84,28.02.2026 10:15:53,29,NIE,,
w-2026,15,14.04.2026,14.04.2026 12:16:11,25,85,Małopolskie,112,Medycyna rodzinna,2026/011098,Rezydencki,82.30,4.15,19.03.2026 16:11:50,29,NIE,,
w-2026,15,14.04.2026,14.04.2026 12:16:11,25,85,Małopolskie,113,Medycyna rodzinna,2026/011531,Rezydencki,81.82,4.09,28.02.2026 23:54:55,29,NIE,,
w-2026,15,14.04.2026,14.04.2026 12:16:11,25,85,Małopolskie,114,Medycyna rodzinna,2026/011421,Rezydencki,80.38,4.77,17.03.2026 18:06:59,29,NIE,,
w-2026,15,14.04.2026,14.04.2026 12:16:11,25,85,Małopolskie,115,Medycyna rodzinna,2026/004346,Rezydencki,79.90,3.56,12.03.2026 13:25:35,29,NIE,,
w-2026,15,14.04.2026,14.04.2026 12:16:11,25,85,Małopolskie,116,Medycyna rodzinna,2026/011227,Rezydencki,79.33,3.47,27.02.2026 22:14:32,29,NIE,,
w-2026,15,14.04.2026,14.04.2026 12:16:11,25,85,Małopolskie,117,Medycyna rodzinna,2026/003620,Rezydencki,78.26,3.53,24.03.2026 11:51:21,29,NIE,,
w-2026,15,14.04.2026,14.04.2026 12:16:11,25,85,Małopolskie,118,Medycyna rodzinna,2026/011529,Rezydencki,77.88,3.80,28.02.2026 21:13:33,29,NIE,,
w-2026,15,14.04.2026,14.04.2026 12:16:11,25,85,Małopolskie,119,Medycyna rodzinna,2026/006701,Rezydencki,77.40,3.80,25.02.2026 21:04:15,29,NIE,,
w-2026,15,14.04.2026,14.04.2026 12:16:11,25,85,Małopolskie,120,Medycyna rodzinna,2026/010458,Rezydencki,77.03,3.18,30.03.2026 09:01:59,29,NIE,,
w-2026,15,14.04.2026,14.04.2026 12:16:11,25,85,Małopolskie,121,Medycyna rodzinna,2026/010917,Rezydencki,75.85,3.85,20.03.2026 13:10:30,29,NIE,,
w-2026,15,14.04.2026,14.04.2026 12:16:11,25,85,Małopolskie,122,Medycyna rodzinna,2026/008605,Rezydencki,73.81,3.97,22.02.2026 21:34:52,29,NIE,,
w-2026,15,14.04.2026,14.04.2026 12:16:11,25,85,Małopolskie,123,Medycyna rodzinna,2026/009622,Rezydencki,73.81,3.71,25.03.2026 20:40:21,29,NIE,,
w-2026,15,14.04.2026,14.04.2026 12:16:11,25,85,Małopolskie,124,Medycyna rodzinna,2026/003471,Rezydencki,72.68,3.76,28.02.2026 15:20:22,29,NIE,,
w-2026,15,14.04.2026,14.04.2026 12:16:11,25,85,Małopolskie,125,Medycyna rodzinna,2026/010816,Rezydencki,68.60,3.28,16.03.2026 16:16:14,29,NIE,,
w-2026,15,14.04.2026,14.04.2026 12:16:11,25,85,Małopolskie,126,Medycyna rodzinna,2026/011501,Rezydencki,68.27,3.22,26.03.2026 19:56:17,29,NIE,,
w-2026,15,14.04.2026,14.04.2026 12:16:11,25,85,Małopolskie,127,Medycyna rodzinna,2026/009385,Rezydencki,64.25,3.86,22.03.2026 10:35:16,29,NIE,,
w-2026,15,14.04.2026,14.04.2026 12:16:11,25,85,Małopolskie,128,Medycyna rodzinna,2026/009042,Rezydencki,62.75,2.83,20.03.2026 21:09:01,29,NIE,,
w-2026,15,14.04.2026,14.04.2026 12:16:11,25,85,Małopolskie,129,Medycyna rodzinna,2026/009109,Rezydencki,59.13,3.67,18.03.2026 16:02:14,29,NIE,,
w-2026,15,14.04.2026,14.04.2026 12:16:11,25,85,Małopolskie,130,Medycyna rodzinna,2026/008022,Rezydencki,54.29,3.20,19.02.2026 21:58:35,29,NIE,,
w-2026,15,14.04.2026,14.04.2026 12:16:11,25,85,Małopolskie,131,Medycyna rodzinna,2026/007465,Pozarezydencki,76.15,0.00,17.03.2026 00:12:25,2,NIE,,
w-2026,15,14.04.2026,14.04.2026 12:16:11,25,85,Małopolskie,132,Medycyna rodzinna,2026/003659,Pozarezydencki,73.36,0.00,26.03.2026 12:22:18,2,NIE,,
w-2026,15,14.04.2026,14.04.2026 12:16:11,25,85,Małopolskie,133,Nefrologia,2026/008478,Rezydencki,80.62,3.10,18.03.2026 18:46:11,1,NIE,,
w-2026,15,14.04.2026,14.04.2026 12:16:11,26,85,Małopolskie,134,Nefrologia,2026/005678,Pozarezydencki,72.56,4.10,17.02.2026 21:45:35,3,NIE,,
w-2026,15,14.04.2026,14.04.2026 12:16:11,26,85,Małopolskie,135,Nefrologia,2026/009497,Pozarezydencki,70.91,0.00,26.03.2026 12:12:14,3,NIE,,
w-2026,15,14.04.2026,14.04.2026 12:16:11,26,85,Małopolskie,136,Nefrologia,2026/011212,Pozarezydencki,66.36,3.89,27.02.2026 22:49:14,3,NIE,,
w-2026,15,14.04.2026,14.04.2026 12:16:11,26,85,Małopolskie,137,Neonatologia,2026/011800,Rezydencki,82.68,4.06,26.03.2026 11:48:07,1,NIE,,
w-2026,15,14.04.2026,14.04.2026 12:16:11,26,85,Małopolskie,138,Neurochirurgia,2026/003687,Rezydencki,89.00,3.89,13.03.2026 12:34:49,2,NIE,,
w-2026,15,14.04.2026,14.04.2026 12:16:11,26,85,Małopolskie,139,Neurochirurgia,2026/010721,Rezydencki,87.75,4.23,28.02.2026 23:19:31,2,NIE,,
w-2026,15,14.04.2026,14.04.2026 12:16:11,26,85,Małopolskie,140,Neurologia,2026/010052,Rezydencki,91.79,4.34,16.03.2026 14:09:12,5,NIE,,
w-2026,15,14.04.2026,14.04.2026 12:16:11,26,85,Małopolskie,141,Neurologia,2026/010009,Rezydencki,88.52,4.21,28.02.2026 21:32:08,5,NIE,,
w-2026,15,14.04.2026,14.04.2026 12:16:11,26,85,Małopolskie,142,Neurologia,2026/006379,Rezydencki,81.73,3.66,19.02.2026 12:24:43,5,NIE,,
w-2026,15,14.04.2026,14.04.2026 12:16:11,26,85,Małopolskie,143,Neurologia,2026/007219,Rezydencki,78.10,3.95,17.02.2026 11:43:38,5,NIE,,
w-2026,15,14.04.2026,14.04.2026 12:16:11,26,85,Małopolskie,144,Neurologia,2026/011838,Rezydencki,76.10,3.22,28.02.2026 23:30:03,5,NIE,,
w-2026,15,14.04.2026,14.04.2026 12:16:11,26,85,Małopolskie,145,Neurologia,2026/010368,Pozarezydencki,70.18,4.56,15.03.2026 19:33:11,2,NIE,,
w-2026,15,14.04.2026,14.04.2026 12:16:11,26,85,Małopolskie,146,Neurologia,2026/011277,Pozarezydencki,54.13,3.13,27.02.2026 22:59:52,2,NIE,,
w-2026,15,14.04.2026,14.04.2026 12:16:11,26,85,Małopolskie,147,Okulistyka,2026/011694,Rezydencki,90.91,3.83,28.02.2026 22:07:03,2,NIE,,
w-2026,15,14.04.2026,14.04.2026 12:16:11,26,85,Małopolskie,148,Okulistyka,2026/009900,Rezydencki,90.48,4.30,26.02.2026 21:23:46,2,NIE,,
w-2026,15,14.04.2026,14.04.2026 12:16:11,26,85,Małopolskie,149,Onkologia kliniczna,2026/008298,Rezydencki,71.57,3.36,23.03.2026 13:56:18,1,NIE,,
w-2026,15,14.04.2026,14.04.2026 12:16:11,26,85,Małopolskie,150,Onkologia kliniczna,2026/008285,Pozarezydencki,58.41,3.56,13.03.2026 13:20:57,1,NIE,,
w-2026,15,14.04.2026,14.04.2026 12:16:11,26,85,Małopolskie,151,Ortopedia i traumatologia narządu ruchu,2026/003437,Rezydencki,89.71,3.95,17.02.2026 18:30:44,5,NIE,,
w-2026,15,14.04.2026,14.04.2026 12:16:11,26,85,Małopolskie,152,Ortopedia i traumatologia narządu ruchu,2026/006038,Rezydencki,89.46,4.53,12.03.2026 22:12:15,5,NIE,,
w-2026,15,14.04.2026,14.04.2026 12:16:11,26,85,Małopolskie,153,Ortopedia i traumatologia narządu ruchu,2026/003792,Rezydencki,89.00,4.42,25.02.2026 13:27:01,5,NIE,,
w-2026,15,14.04.2026,14.04.2026 12:16:11,26,85,Małopolskie,154,Ortopedia i traumatologia narządu ruchu,2026/004946,Rezydencki,88.76,4.39,15.02.2026 11:26:00,5,NIE,,
w-2026,15,14.04.2026,14.04.2026 12:16:11,26,85,Małopolskie,155,Ortopedia i traumatologia narządu ruchu,2026/011804,Rezydencki,87.80,3.73,16.03.2026 20:58:10,5,NIE,,
w-2026,15,14.04.2026,14.04.2026 12:16:11,26,85,Małopolskie,156,Ortopedia i traumatologia narządu ruchu,2026/011845,Pozarezydencki,84.58,4.31,13.03.2026 14:09:11,4,NIE,,
w-2026,15,14.04.2026,14.04.2026 12:16:11,26,85,Małopolskie,157,Ortopedia i traumatologia narządu ruchu,2026/008445,Pozarezydencki,73.97,3.90,12.03.2026 21:27:13,4,NIE,,
w-2026,15,14.04.2026,14.04.2026 12:16:11,26,85,Małopolskie,158,Ortopedia i traumatologia narządu ruchu,2026/005456,Pozarezydencki,61.93,3.62,21.03.2026 02:14:13,4,NIE,,
w-2026,15,14.04.2026,14.04.2026 12:16:11,26,85,Małopolskie,159,Ortopedia i traumatologia narządu ruchu,2026/010998,Pozarezydencki,54.09,3.41,18.03.2026 21:48:43,4,NIE,,
w-2026,15,14.04.2026,14.04.2026 12:16:11,26,85,Małopolskie,160,Otorynolaryngologia,2026/009377,Rezydencki,91.67,4.41,25.02.2026 11:15:56,2,NIE,,
w-2026,15,14.04.2026,14.04.2026 12:16:11,26,85,Małopolskie,161,Otorynolaryngologia,2026/007736,Rezydencki,90.43,4.68,21.02.2026 01:20:54,2,NIE,,
w-2026,15,14.04.2026,14.04.2026 12:16:11,26,85,Małopolskie,162,Patomorfologia,2026/004361,Rezydencki,89.95,3.94,19.03.2026 13:50:11,3,NIE,,
w-2026,15,14.04.2026,14.04.2026 12:16:11,26,85,Małopolskie,163,Patomorfologia,2026/009110,Rezydencki,83.73,3.64,24.03.2026 13:40:17,3,NIE,,
w-2026,15,14.04.2026,14.04.2026 12:16:11,26,85,Małopolskie,164,Patomorfologia,2026/006943,Rezydencki,73.56,4.11,17.03.2026 18:18:50,3,NIE,,
w-2026,15,14.04.2026,14.04.2026 12:16:11,26,85,Małopolskie,165,Pediatria,2026/003288,Rezydencki,90.43,4.17,27.02.2026 00:17:58,4,NIE,,
w-2026,15,14.04.2026,14.04.2026 12:16:11,26,85,Małopolskie,166,Pediatria,2026/009972,Rezydencki,83.97,4.22,28.02.2026 12:20:48,4,NIE,,
w-2026,15,14.04.2026,14.04.2026 12:16:11,26,85,Małopolskie,167,Pediatria,2026/005978,Rezydencki,81.37,4.28,14.02.2026 17:19:25,4,NIE,,
w-2026,15,14.04.2026,14.04.2026 12:16:11,26,85,Małopolskie,168,Pediatria,2026/007707,Rezydencki,56.52,3.39,17.03.2026 10:39:56,4,NIE,,
w-2026,15,14.04.2026,14.04.2026 12:16:11,26,85,Małopolskie,169,Periodontologia,2026/009031,Rezydencki,85.65,4.18,24.02.2026 21:35:38,2,NIE,,
w-2026,15,14.04.2026,14.04.2026 12:16:11,27,85,Małopolskie,170,Periodontologia,2026/009565,Rezydencki,82.86,3.97,24.02.2026 22:14:22,2,NIE,,
w-2026,15,14.04.2026,14.04.2026 12:16:11,27,85,Małopolskie,171,Położnictwo i ginekologia,2026/010351,Rezydencki,94.63,0.00,18.03.2026 08:39:37,15,NIE,,
w-2026,15,14.04.2026,14.04.2026 12:16:11,27,85,Małopolskie,172,Położnictwo i ginekologia,2026/005647,Rezydencki,87.56,4.13,12.02.2026 23:29:28,15,NIE,,
w-2026,15,14.04.2026,14.04.2026 12:16:11,27,85,Małopolskie,173,Położnictwo i ginekologia,2026/004273,Rezydencki,82.30,3.61,14.02.2026 10:53:56,15,NIE,,
w-2026,15,14.04.2026,14.04.2026 12:16:11,27,85,Małopolskie,174,Położnictwo i ginekologia,2026/011736,Rezydencki,81.34,3.70,19.03.2026 14:03:41,15,NIE,,
w-2026,15,14.04.2026,14.04.2026 12:16:11,27,85,Małopolskie,175,Położnictwo i ginekologia,2026/009776,Rezydencki,80.48,3.59,25.03.2026 12:24:14,15,NIE,,
w-2026,15,14.04.2026,14.04.2026 12:16:11,27,85,Małopolskie,176,Położnictwo i ginekologia,2026/008589,Rezydencki,80.29,3.89,10.03.2026 15:38:48,15,NIE,,
w-2026,15,14.04.2026,14.04.2026 12:16:11,27,85,Małopolskie,177,Położnictwo i ginekologia,2026/008467,Rezydencki,80.29,3.41,04.03.2026 12:56:47,15,NIE,,
w-2026,15,14.04.2026,14.04.2026 12:16:11,27,85,Małopolskie,178,Położnictwo i ginekologia,2026/006249,Rezydencki,79.43,3.87,26.03.2026 16:52:37,15,NIE,,
w-2026,15,14.04.2026,14.04.2026 12:16:11,27,85,Małopolskie,179,Położnictwo i ginekologia,2026/010707,Rezydencki,79.09,3.77,28.02.2026 19:12:12,15,NIE,,
w-2026,15,14.04.2026,14.04.2026 12:16:11,27,85,Małopolskie,180,Położnictwo i ginekologia,2026/008622,Rezydencki,78.37,4.54,12.03.2026 12:30:41,15,NIE,,
w-2026,15,14.04.2026,14.04.2026 12:16:11,27,85,Małopolskie,181,Położnictwo i ginekologia,2026/008891,Rezydencki,78.37,3.28,25.02.2026 11:19:40,15,NIE,,
w-2026,15,14.04.2026,14.04.2026 12:16:11,27,85,Małopolskie,182,Położnictwo i ginekologia,2026/004385,Rezydencki,77.78,3.76,19.03.2026 18:31:31,15,NIE,,
w-2026,15,14.04.2026,14.04.2026 12:16:11,27,85,Małopolskie,183,Położnictwo i ginekologia,2026/007906,Rezydencki,77.03,3.54,16.03.2026 12:40:51,15,NIE,,
w-2026,15,14.04.2026,14.04.2026 12:16:11,27,85,Małopolskie,184,Położnictwo i ginekologia,2026/008588,Rezydencki,76.44,4.18,22.02.2026 21:04:56,15,NIE,,
w-2026,15,14.04.2026,14.04.2026 12:16:11,27,85,Małopolskie,185,Położnictwo i ginekologia,2026/007237,Rezydencki,75.84,3.83,19.03.2026 13:03:54,15,NIE,,
w-2026,15,14.04.2026,14.04.2026 12:16:11,27,85,Małopolskie,186,Położnictwo i ginekologia,2026/010966,Pozarezydencki,27.10,0.00,27.03.2026 09:31:45,1,NIE,,
w-2026,15,14.04.2026,14.04.2026 12:16:11,27,85,Małopolskie,187,Protetyka stomatologiczna,2026/009990,Rezydencki,85.65,4.00,27.02.2026 22:37:04,2,NIE,,
w-2026,15,14.04.2026,14.04.2026 12:16:11,27,85,Małopolskie,188,Protetyka stomatologiczna,2026/008390,Rezydencki,84.21,4.37,18.03.2026 09:04:03,2,NIE,,
w-2026,15,14.04.2026,14.04.2026 12:16:11,27,85,Małopolskie,189,Psychiatria,2026/007664,Rezydencki,86.12,3.62,18.02.2026 17:07:11,6,NIE,,
w-2026,15,14.04.2026,14.04.2026 12:16:11,27,85,Małopolskie,190,Psychiatria,2026/009856,Rezydencki,84.62,3.78,28.02.2026 19:44:05,6,NIE,,
w-2026,15,14.04.2026,14.04.2026 12:16:11,27,85,Małopolskie,191,Psychiatria,2026/008540,Rezydencki,84.21,4.25,19.03.2026 13:36:13,6,NIE,,
w-2026,15,14.04.2026,14.04.2026 12:16:11,27,85,Małopolskie,192,Psychiatria,2026/011404,Rezydencki,83.81,3.96,25.03.2026 13:10:53,6,NIE,,
w-2026,15,14.04.2026,14.04.2026 12:16:11,27,85,Małopolskie,193,Psychiatria,2026/011124,Rezydencki,83.17,3.74,17.03.2026 15:47:20,6,NIE,,
w-2026,15,14.04.2026,14.04.2026 12:16:11,27,85,Małopolskie,194,Psychiatria,2026/005099,Rezydencki,82.30,4.46,19.03.2026 20:11:06,6,NIE,,
w-2026,15,14.04.2026,14.04.2026 12:16:11,27,85,Małopolskie,195,Radiologia i diagnostyka obrazowa,2026/010894,Rezydencki,88.41,4.56,23.03.2026 16:21:02,5,NIE,,
w-2026,15,14.04.2026,14.04.2026 12:16:11,27,85,Małopolskie,196,Radiologia i diagnostyka obrazowa,2026/008279,Rezydencki,88.41,3.89,17.03.2026 20:54:22,5,NIE,,
w-2026,15,14.04.2026,14.04.2026 12:16:11,27,85,Małopolskie,197,Radiologia i diagnostyka obrazowa,2026/009596,Rezydencki,88.28,4.54,23.03.2026 09:41:31,5,NIE,,
w-2026,15,14.04.2026,14.04.2026 12:16:11,27,85,Małopolskie,198,Radiologia i diagnostyka obrazowa,2026/009311,Rezydencki,88.04,3.95,26.02.2026 14:19:57,5,NIE,,
w-2026,15,14.04.2026,14.04.2026 12:16:11,27,85,Małopolskie,199,Radiologia i diagnostyka obrazowa,2026/011437,Rezydencki,87.62,3.59,28.02.2026 13:29:32,5,NIE,,
w-2026,15,14.04.2026,14.04.2026 12:16:11,27,85,Małopolskie,200,Radiologia i diagnostyka obrazowa,2026/008286,Pozarezydencki,82.19,0.00,27.02.2026 17:39:36,8,NIE,,
w-2026,15,14.04.2026,14.04.2026 12:16:11,27,85,Małopolskie,201,Radiologia i diagnostyka obrazowa,2026/010394,Pozarezydencki,81.42,3.70,28.02.2026 19:08:00,8,NIE,,
w-2026,15,14.04.2026,14.04.2026 12:16:11,27,85,Małopolskie,202,Radiologia i diagnostyka obrazowa,2026/007742,Pozarezydencki,80.37,0.00,27.02.2026 23:37:24,8,NIE,,
w-2026,15,14.04.2026,14.04.2026 12:16:11,27,85,Małopolskie,203,Radiologia i diagnostyka obrazowa,2026/008281,Pozarezydencki,79.26,4.19,25.02.2026 11:42:39,8,NIE,,
w-2026,15,14.04.2026,14.04.2026 12:16:11,27,85,Małopolskie,204,Radiologia i diagnostyka obrazowa,2026/006973,Pozarezydencki,78.54,3.60,19.03.2026 14:10:09,8,NIE,,
w-2026,15,14.04.2026,14.04.2026 12:16:11,27,85,Małopolskie,205,Radiologia i diagnostyka obrazowa,2026/010134,Pozarezydencki,77.63,4.08,23.03.2026 21:59:33,8,NIE,,
w-2026,15,14.04.2026,14.04.2026 12:16:11,28,85,Małopolskie,206,Radiologia i diagnostyka obrazowa,2026/011513,Pozarezydencki,76.26,4.26,16.03.2026 15:21:17,8,NIE,,
w-2026,15,14.04.2026,14.04.2026 12:16:11,28,85,Małopolskie,207,Radiologia i diagnostyka obrazowa,2026/006502,Pozarezydencki,52.07,0.00,13.02.2026 21:51:07,8,NIE,,
w-2026,15,14.04.2026,14.04.2026 12:16:11,28,85,Małopolskie,208,Radioterapia onkologiczna,2026/011701,Rezydencki,74.40,0.00,27.03.2026 09:11:44,1,NIE,,
w-2026,15,14.04.2026,14.04.2026 12:16:11,28,85,Małopolskie,209,Rehabilitacja medyczna,2026/003562,Rezydencki,84.21,4.24,20.03.2026 11:02:07,2,NIE,,
w-2026,15,14.04.2026,14.04.2026 12:16:11,28,85,Małopolskie,210,Rehabilitacja medyczna,2026/004860,Rezydencki,63.33,4.09,24.03.2026 11:57:57,2,NIE,,
w-2026,15,14.04.2026,14.04.2026 12:16:11,28,85,Małopolskie,211,Rehabilitacja medyczna,2026/010948,Pozarezydencki,80.00,3.91,17.03.2026 23:33:49,3,NIE,,
w-2026,15,14.04.2026,14.04.2026 12:16:11,28,85,Małopolskie,212,Rehabilitacja medyczna,2026/010554,Pozarezydencki,69.86,3.42,26.02.2026 20:59:30,3,NIE,,
w-2026,15,14.04.2026,14.04.2026 12:16:11,28,85,Małopolskie,213,Rehabilitacja medyczna,2026/008291,Pozarezydencki,60.19,0.00,18.03.2026 22:37:38,3,NIE,,
w-2026,15,14.04.2026,14.04.2026 12:16:11,28,85,Małopolskie,214,Stomatologia dziecięca,2026/006488,Rezydencki,85.34,4.43,11.03.2026 13:24:21,2,NIE,,
w-2026,15,14.04.2026,14.04.2026 12:16:11,28,85,Małopolskie,215,Stomatologia dziecięca,2026/003508,Rezydencki,85.24,4.21,19.03.2026 12:16:44,2,NIE,,
w-2026,15,14.04.2026,14.04.2026 12:16:11,28,85,Małopolskie,216,Stomatologia zachowawcza z endodoncją,2026/007455,Rezydencki,83.98,4.61,25.03.2026 13:15:34,3,NIE,,
w-2026,15,14.04.2026,14.04.2026 12:16:11,28,85,Małopolskie,217,Stomatologia zachowawcza z endodoncją,2026/008694,Rezydencki,81.34,3.60,18.03.2026 07:32:13,3,NIE,,
w-2026,15,14.04.2026,14.04.2026 12:16:11,28,85,Małopolskie,218,Stomatologia zachowawcza z endodoncją,2026/011193,Rezydencki,81.01,4.05,26.03.2026 14:35:01,3,NIE,,
w-2026,15,14.04.2026,14.04.2026 12:16:11,28,85,Małopolskie,219,Transfuzjologia kliniczna,2026/011561,Pozarezydencki,67.99,3.78,28.02.2026 17:31:27,1,NIE,,
w-2026,15,14.04.2026,14.04.2026 12:16:11,28,85,Małopolskie,220,Transplantologia kliniczna,2026/011249,Pozarezydencki,61.82,3.01,27.02.2026 22:25:45,1,NIE,,
w-2026,15,14.04.2026,14.04.2026 12:16:11,28,85,Małopolskie,221,Urologia,2026/011826,Rezydencki,90.43,4.09,22.03.2026 23:06:20,1,NIE,,
w-2026,15,14.04.2026,14.04.2026 12:16:11,28,85,Małopolskie,1,Dermatologia i wenerologia,2026/004364,Rezydencki,87.38,4.45,12.03.2026 14:44:44,1,TAK,Samodzielny Publiczny Zakład Opieki Zdrowotnej Szpital Uniwersytecki w Krakowie,Oddział Kliniczny Dermatologii i Alergologii
w-2026,15,14.04.2026,14.04.2026 12:16:11,28,85,Mazowieckie,1,Anestezjologia i intensywna terapia,2026/006519,Rezydencki,93.63,4.92,27.02.2026 22:55:53,20,NIE,,
w-2026,15,14.04.2026,14.04.2026 12:16:11,28,85,Mazowieckie,2,Anestezjologia i intensywna terapia,2026/005136,Rezydencki,91.67,3.57,08.02.2026 23:07:30,20,NIE,,
w-2026,15,14.04.2026,14.04.2026 12:16:11,28,85,Mazowieckie,3,Anestezjologia i intensywna terapia,2026/009812,Rezydencki,90.91,4.27,25.02.2026 14:08:48,20,NIE,,
w-2026,15,14.04.2026,14.04.2026 12:16:11,28,85,Mazowieckie,4,Anestezjologia i intensywna terapia,2026/009433,Rezydencki,90.43,4.40,27.02.2026 19:04:05,20,NIE,,
w-2026,15,14.04.2026,14.04.2026 12:16:11,28,85,Mazowieckie,5,Anestezjologia i intensywna terapia,2026/011324,Rezydencki,88.94,4.20,02.03.2026 21:22:16,20,NIE,,
w-2026,15,14.04.2026,14.04.2026 12:16:11,28,85,Mazowieckie,6,Anestezjologia i intensywna terapia,2026/007030,Rezydencki,88.81,4.47,22.02.2026 18:27:33,20,NIE,,
w-2026,15,14.04.2026,14.04.2026 12:16:11,28,85,Mazowieckie,7,Anestezjologia i intensywna terapia,2026/011010,Rezydencki,88.65,4.30,17.03.2026 08:26:05,20,NIE,,
w-2026,15,14.04.2026,14.04.2026 12:16:11,28,85,Mazowieckie,8,Anestezjologia i intensywna terapia,2026/004143,Rezydencki,88.29,4.56,18.03.2026 16:07:15,20,NIE,,
w-2026,15,14.04.2026,14.04.2026 12:16:11,28,85,Mazowieckie,9,Anestezjologia i intensywna terapia,2026/009619,Rezydencki,88.24,3.74,04.03.2026 21:48:21,20,NIE,,
w-2026,15,14.04.2026,14.04.2026 12:16:11,28,85,Mazowieckie,10,Anestezjologia i intensywna terapia,2026/009489,Rezydencki,87.50,4.19,27.02.2026 14:44:26,20,NIE,,
w-2026,15,14.04.2026,14.04.2026 12:16:11,29,85,Mazowieckie,11,Anestezjologia i intensywna terapia,2026/003389,Rezydencki,86.60,4.14,01.02.2026 12:45:07,20,NIE,,
w-2026,15,14.04.2026,14.04.2026 12:16:11,29,85,Mazowieckie,12,Anestezjologia i intensywna terapia,2026/008527,Rezydencki,86.12,3.64,26.02.2026 20:10:04,20,NIE,,
w-2026,15,14.04.2026,14.04.2026 12:16:11,29,85,Mazowieckie,13,Anestezjologia i intensywna terapia,2026/009713,Rezydencki,85.95,4.11,27.02.2026 11:01:59,20,NIE,,
w-2026,15,14.04.2026,14.04.2026 12:16:11,29,85,Mazowieckie,14,Anestezjologia i intensywna terapia,2026/004810,Rezydencki,85.65,3.80,11.02.2026 16:09:58,20,NIE,,
w-2026,15,14.04.2026,14.04.2026 12:16:11,29,85,Mazowieckie,15,Anestezjologia i intensywna terapia,2026/011825,Rezydencki,85.48,4.08,28.02.2026 22:15:28,20,NIE,,
w-2026,15,14.04.2026,14.04.2026 12:16:11,29,85,Mazowieckie,16,Anestezjologia i intensywna terapia,2026/007404,Rezydencki,85.24,4.60,23.02.2026 21:37:14,20,NIE,,
w-2026,15,14.04.2026,14.04.2026 12:16:11,29,85,Mazowieckie,17,Anestezjologia i intensywna terapia,2026/010675,Rezydencki,85.24,4.19,26.02.2026 23:19:44,20,NIE,,
w-2026,15,14.04.2026,14.04.2026 12:16:11,29,85,Mazowieckie,18,Anestezjologia i intensywna terapia,2026/006783,Rezydencki,85.17,4.23,25.02.2026 22:01:22,20,NIE,,
w-2026,15,14.04.2026,14.04.2026 12:16:11,29,85,Mazowieckie,19,Anestezjologia i intensywna terapia,2026/009921,Rezydencki,85.17,4.04,25.02.2026 19:30:07,20,NIE,,
w-2026,15,14.04.2026,14.04.2026 12:16:11,29,85,Mazowieckie,20,Anestezjologia i intensywna terapia,2026/011201,Rezydencki,85.17,3.65,27.02.2026 21:57:10,20,NIE,,
w-2026,15,14.04.2026,14.04.2026 12:16:11,29,85,Mazowieckie,21,Audiologia i foniatria,2026/005082,Pozarezydencki,74.43,4.47,26.02.2026 18:51:21,3,NIE,,
w-2026,15,14.04.2026,14.04.2026 12:16:11,29,85,Mazowieckie,22,Audiologia i foniatria,2026/006971,Pozarezydencki,71.36,4.13,13.03.2026 21:15:20,3,NIE,,
w-2026,15,14.04.2026,14.04.2026 12:16:11,29,85,Mazowieckie,23,Audiologia i foniatria,2026/011100,Pozarezydencki,55.96,3.45,16.03.2026 09:47:49,3,NIE,,
w-2026,15,14.04.2026,14.04.2026 12:16:11,29,85,Mazowieckie,24,Balneologia i medycyna fizykalna,2026/005108,Pozarezydencki,63.64,3.10,09.03.2026 18:56:28,3,NIE,,
w-2026,15,14.04.2026,14.04.2026 12:16:11,29,85,Mazowieckie,25,Balneologia i medycyna fizykalna,2026/003704,Pozarezydencki,62.61,3.65,19.03.2026 15:14:39,3,NIE,,
w-2026,15,14.04.2026,14.04.2026 12:16:11,29,85,Mazowieckie,26,Balneologia i medycyna fizykalna,2026/010695,Pozarezydencki,58.99,4.16,31.03.2026 12:19:22,3,NIE,,
w-2026,15,14.04.2026,14.04.2026 12:16:11,29,85,Mazowieckie,27,Chirurgia dziecięca,2026/010486,Rezydencki,89.52,4.29,28.02.2026 18:33:36,3,NIE,,
w-2026,15,14.04.2026,14.04.2026 12:16:11,29,85,Mazowieckie,28,Chirurgia dziecięca,2026/009704,Rezydencki,88.94,4.33,25.02.2026 20:19:23,3,NIE,,
w-2026,15,14.04.2026,14.04.2026 12:16:11,29,85,Mazowieckie,29,Chirurgia dziecięca,2026/008305,Rezydencki,80.77,4.04,09.03.2026 14:12:11,3,NIE,,
w-2026,15,14.04.2026,14.04.2026 12:16:11,29,85,Mazowieckie,30,Chirurgia klatki piersiowej,2026/003533,Rezydencki,86.12,3.55,02.02.2026 19:02:31,1,NIE,,
w-2026,15,14.04.2026,14.04.2026 12:16:11,29,85,Mazowieckie,31,Chirurgia naczyniowa,2026/010708,Rezydencki,81.25,3.77,27.02.2026 21:20:48,2,NIE,,
w-2026,15,14.04.2026,14.04.2026 12:16:11,29,85,Mazowieckie,32,Chirurgia naczyniowa,2026/010315,Rezydencki,77.88,3.72,28.02.2026 17:19:44,2,NIE,,
w-2026,15,14.04.2026,14.04.2026 12:16:11,29,85,Mazowieckie,33,Chirurgia naczyniowa,2026/010555,Pozarezydencki,75.70,4.56,27.02.2026 21:35:48,2,NIE,,
w-2026,15,14.04.2026,14.04.2026 12:16:11,29,85,Mazowieckie,34,Chirurgia naczyniowa,2026/011642,Pozarezydencki,55.50,0.00,11.03.2026 14:24:31,2,NIE,,
w-2026,15,14.04.2026,14.04.2026 12:16:11,29,85,Mazowieckie,35,Chirurgia ogólna,2026/004997,Rezydencki,88.76,3.86,10.03.2026 14:34:25,15,NIE,,
w-2026,15,14.04.2026,14.04.2026 12:16:11,29,85,Mazowieckie,36,Chirurgia ogólna,2026/004929,Rezydencki,86.12,3.81,12.02.2026 18:18:10,15,NIE,,
w-2026,15,14.04.2026,14.04.2026 12:16:11,29,85,Mazowieckie,37,Chirurgia ogólna,2026/006436,Rezydencki,84.69,3.95,05.03.2026 13:23:00,15,NIE,,
w-2026,15,14.04.2026,14.04.2026 12:16:11,29,85,Mazowieckie,38,Chirurgia ogólna,2026/007464,Rezydencki,80.14,4.75,26.02.2026 13:09:11,15,NIE,,
w-2026,15,14.04.2026,14.04.2026 12:16:11,29,85,Mazowieckie,39,Chirurgia ogólna,2026/008672,Rezydencki,79.19,3.98,27.02.2026 16:22:11,15,NIE,,
w-2026,15,14.04.2026,14.04.2026 12:16:11,29,85,Mazowieckie,40,Chirurgia ogólna,2026/005980,Rezydencki,77.99,4.52,11.02.2026 18:27:14,15,NIE,,
w-2026,15,14.04.2026,14.04.2026 12:16:11,29,85,Mazowieckie,41,Chirurgia ogólna,2026/004620,Rezydencki,74.52,4.68,01.03.2026 21:34:51,15,NIE,,
w-2026,15,14.04.2026,14.04.2026 12:16:11,29,85,Mazowieckie,42,Chirurgia ogólna,2026/010002,Rezydencki,74.52,4.58,27.02.2026 21:07:38,15,NIE,,
w-2026,15,14.04.2026,14.04.2026 12:16:11,29,85,Mazowieckie,43,Chirurgia ogólna,2026/006555,Rezydencki,74.40,4.02,28.02.2026 12:23:41,15,NIE,,
w-2026,15,14.04.2026,14.04.2026 12:16:11,29,85,Mazowieckie,44,Chirurgia ogólna,2026/009146,Rezydencki,71.63,3.85,27.02.2026 18:14:02,15,NIE,,
w-2026,15,14.04.2026,14.04.2026 12:16:11,29,85,Mazowieckie,45,Chirurgia ogólna,2026/007346,Rezydencki,70.79,0.00,06.03.2026 13:18:38,15,NIE,,
w-2026,15,14.04.2026,14.04.2026 12:16:11,29,85,Mazowieckie,46,Chirurgia ogólna,2026/004688,Rezydencki,69.57,3.91,05.02.2026 23:19:15,15,NIE,,
w-2026,15,14.04.2026,14.04.2026 12:16:11,30,85,Mazowieckie,47,Chirurgia ogólna,2026/007611,Rezydencki,68.27,4.31,10.03.2026 15:51:32,15,NIE,,
w-2026,15,14.04.2026,14.04.2026 12:16:11,30,85,Mazowieckie,48,Chirurgia ogólna,2026/006049,Rezydencki,63.33,0.00,20.03.2026 12:58:20,15,NIE,,
w-2026,15,14.04.2026,14.04.2026 12:16:11,30,85,Mazowieckie,49,Chirurgia ogólna,2026/009985,Rezydencki,56.25,3.52,25.02.2026 21:02:42,15,NIE,,
w-2026,15,14.04.2026,14.04.2026 12:16:11,30,85,Mazowieckie,50,Chirurgia onkologiczna,2026/009020,Rezydencki,84.29,4.29,23.02.2026 19:19:22,6,NIE,,
w-2026,15,14.04.2026,14.04.2026 12:16:11,30,85,Mazowieckie,51,Chirurgia onkologiczna,2026/008448,Rezydencki,80.29,4.12,28.02.2026 11:37:35,6,NIE,,
w-2026,15,14.04.2026,14.04.2026 12:16:11,30,85,Mazowieckie,52,Chirurgia onkologiczna,2026/009606,Rezydencki,74.64,3.33,26.02.2026 22:55:11,6,NIE,,
w-2026,15,14.04.2026,14.04.2026 12:16:11,30,85,Mazowieckie,53,Chirurgia onkologiczna,2026/011472,Rezydencki,71.15,3.37,05.03.2026 19:41:49,6,NIE,,
w-2026,15,14.04.2026,14.04.2026 12:16:11,30,85,Mazowieckie,54,Chirurgia onkologiczna,2026/007916,Rezydencki,69.05,3.69,20.02.2026 14:34:05,6,NIE,,
w-2026,15,14.04.2026,14.04.2026 12:16:11,30,85,Mazowieckie,55,Chirurgia onkologiczna,2026/011868,Rezydencki,63.94,0.00,28.02.2026 22:51:56,6,NIE,,
w-2026,15,14.04.2026,14.04.2026 12:16:11,30,85,Mazowieckie,56,Chirurgia onkologiczna,2026/011476,Pozarezydencki,75.45,3.58,18.03.2026 18:28:27,3,NIE,,
w-2026,15,14.04.2026,14.04.2026 12:16:11,30,85,Mazowieckie,57,Chirurgia onkologiczna,2026/008923,Pozarezydencki,71.14,3.35,05.03.2026 15:21:54,3,NIE,,
w-2026,15,14.04.2026,14.04.2026 12:16:11,30,85,Mazowieckie,58,Chirurgia onkologiczna,2026/011462,Pozarezydencki,68.64,0.00,16.03.2026 13:43:20,3,NIE,,
w-2026,15,14.04.2026,14.04.2026 12:16:11,30,85,Mazowieckie,59,Chirurgia stomatologiczna,2026/003615,Rezydencki,87.02,4.26,02.02.2026 10:11:07,2,NIE,,
w-2026,15,14.04.2026,14.04.2026 12:16:11,30,85,Mazowieckie,60,Chirurgia stomatologiczna,2026/008737,Rezydencki,86.12,4.12,25.02.2026 11:29:37,2,NIE,,
w-2026,15,14.04.2026,14.04.2026 12:16:11,30,85,Mazowieckie,61,Chirurgia stomatologiczna,2026/003438,Pozarezydencki,79.00,4.11,19.02.2026 18:23:08,1,NIE,,
w-2026,15,14.04.2026,14.04.2026 12:16:11,30,85,Mazowieckie,62,Chirurgia szczękowo-twarzowa,2026/008717,Rezydencki,89.71,3.98,27.02.2026 23:05:19,2,NIE,,
w-2026,15,14.04.2026,14.04.2026 12:16:11,30,85,Mazowieckie,63,Chirurgia szczękowo-twarzowa,2026/008865,Rezydencki,85.17,4.09,27.02.2026 21:34:17,2,NIE,,
w-2026,15,14.04.2026,14.04.2026 12:16:11,30,85,Mazowieckie,64,Choroby płuc,2026/011675,Rezydencki,91.87,4.41,28.02.2026 23:47:49,5,NIE,,
w-2026,15,14.04.2026,14.04.2026 12:16:11,30,85,Mazowieckie,65,Choroby płuc,2026/009526,Rezydencki,89.00,3.47,27.02.2026 10:44:30,5,NIE,,
w-2026,15,14.04.2026,14.04.2026 12:16:11,30,85,Mazowieckie,66,Choroby płuc,2026/009111,Rezydencki,88.24,3.96,23.02.2026 21:24:51,5,NIE,,
w-2026,15,14.04.2026,14.04.2026 12:16:11,30,85,Mazowieckie,67,Choroby płuc,2026/006717,Rezydencki,87.50,4.32,15.02.2026 20:13:28,5,NIE,,
w-2026,15,14.04.2026,14.04.2026 12:16:11,30,85,Mazowieckie,68,Choroby płuc,2026/009277,Rezydencki,85.89,4.45,28.02.2026 13:37:41,5,NIE,,
w-2026,15,14.04.2026,14.04.2026 12:16:11,30,85,Mazowieckie,69,Choroby płuc,2026/006540,Pozarezydencki,82.19,3.64,22.02.2026 19:16:48,7,NIE,,
w-2026,15,14.04.2026,14.04.2026 12:16:11,30,85,Mazowieckie,70,Choroby płuc,2026/011166,Pozarezydencki,80.37,4.36,28.02.2026 16:49:33,7,NIE,,
w-2026,15,14.04.2026,14.04.2026 12:16:11,30,85,Mazowieckie,71,Choroby płuc,2026/006026,Pozarezydencki,80.00,4.27,15.03.2026 21:30:26,7,NIE,,
w-2026,15,14.04.2026,14.04.2026 12:16:11,30,85,Mazowieckie,72,Choroby płuc,2026/009624,Pozarezydencki,76.17,3.77,25.02.2026 06:47:12,7,NIE,,
w-2026,15,14.04.2026,14.04.2026 12:16:11,30,85,Mazowieckie,73,Choroby płuc,2026/010789,Pozarezydencki,67.73,3.48,27.02.2026 09:49:29,7,NIE,,
w-2026,15,14.04.2026,14.04.2026 12:16:11,30,85,Mazowieckie,74,Choroby płuc,2026/010077,Pozarezydencki,66.36,3.61,25.02.2026 23:43:28,7,NIE,,
w-2026,15,14.04.2026,14.04.2026 12:16:11,30,85,Mazowieckie,75,Choroby płuc,2026/010991,Pozarezydencki,64.09,2.67,18.03.2026 14:11:54,7,NIE,,
w-2026,15,14.04.2026,14.04.2026 12:16:11,30,85,Mazowieckie,76,Choroby płuc dzieci,2026/006550,Pozarezydencki,80.00,4.43,26.02.2026 09:02:19,1,NIE,,
w-2026,15,14.04.2026,14.04.2026 12:16:11,30,85,Mazowieckie,77,Choroby wewnętrzne,2026/004168,Rezydencki,88.65,4.71,27.02.2026 22:38:37,23,NIE,,
w-2026,15,14.04.2026,14.04.2026 12:16:11,30,85,Mazowieckie,78,Choroby wewnętrzne,2026/009536,Rezydencki,88.52,4.34,24.02.2026 21:40:30,23,NIE,,
w-2026,15,14.04.2026,14.04.2026 12:16:11,30,85,Mazowieckie,79,Choroby wewnętrzne,2026/007424,Rezydencki,87.25,4.48,26.02.2026 07:44:29,23,NIE,,
w-2026,15,14.04.2026,14.04.2026 12:16:11,30,85,Mazowieckie,80,Choroby wewnętrzne,2026/003809,Rezydencki,86.83,3.99,19.03.2026 16:57:28,23,NIE,,
w-2026,15,14.04.2026,14.04.2026 12:16:11,30,85,Mazowieckie,81,Choroby wewnętrzne,2026/008378,Rezydencki,85.51,4.03,25.02.2026 14:46:19,23,NIE,,
w-2026,15,14.04.2026,14.04.2026 12:16:11,30,85,Mazowieckie,82,Choroby wewnętrzne,2026/009685,Rezydencki,85.37,4.40,27.02.2026 16:48:24,23,NIE,,
w-2026,15,14.04.2026,14.04.2026 12:16:11,31,85,Mazowieckie,83,Choroby wewnętrzne,2026/006859,Rezydencki,85.29,3.94,27.02.2026 17:17:44,23,NIE,,
w-2026,15,14.04.2026,14.04.2026 12:16:11,31,85,Mazowieckie,84,Choroby wewnętrzne,2026/011484,Rezydencki,85.02,3.88,16.03.2026 12:29:08,23,NIE,,
w-2026,15,14.04.2026,14.04.2026 12:16:11,31,85,Mazowieckie,85,Choroby wewnętrzne,2026/008741,Rezydencki,84.52,4.47,25.02.2026 18:37:37,23,NIE,,
w-2026,15,14.04.2026,14.04.2026 12:16:11,31,85,Mazowieckie,86,Choroby wewnętrzne,2026/006493,Rezydencki,84.21,3.89,26.02.2026 17:59:39,23,NIE,,
w-2026,15,14.04.2026,14.04.2026 12:16:11,31,85,Mazowieckie,87,Choroby wewnętrzne,2026/006513,Rezydencki,83.57,3.73,24.02.2026 21:22:59,23,NIE,,
w-2026,15,14.04.2026,14.04.2026 12:16:11,31,85,Mazowieckie,88,Choroby wewnętrzne,2026/007869,Rezydencki,83.41,3.49,05.03.2026 08:08:30,23,NIE,,
w-2026,15,14.04.2026,14.04.2026 12:16:11,31,85,Mazowieckie,89,Choroby wewnętrzne,2026/006218,Rezydencki,83.10,3.88,25.02.2026 13:55:41,23,NIE,,
w-2026,15,14.04.2026,14.04.2026 12:16:11,31,85,Mazowieckie,90,Choroby wewnętrzne,2026/010719,Rezydencki,82.69,4.23,27.02.2026 01:42:53,23,NIE,,
w-2026,15,14.04.2026,14.04.2026 12:16:11,31,85,Mazowieckie,91,Choroby wewnętrzne,2026/006197,Rezydencki,80.95,0.00,16.02.2026 14:46:43,23,NIE,,
w-2026,15,14.04.2026,14.04.2026 12:16:11,31,85,Mazowieckie,92,Choroby wewnętrzne,2026/011578,Rezydencki,79.41,3.76,28.02.2026 17:49:50,23,NIE,,
w-2026,15,14.04.2026,14.04.2026 12:16:11,31,85,Mazowieckie,93,Choroby wewnętrzne,2026/007286,Rezydencki,76.56,4.22,28.02.2026 18:28:15,23,NIE,,
w-2026,15,14.04.2026,14.04.2026 12:16:11,31,85,Mazowieckie,94,Choroby wewnętrzne,2026/008404,Rezydencki,75.00,3.81,21.02.2026 18:30:58,23,NIE,,
w-2026,15,14.04.2026,14.04.2026 12:16:11,31,85,Mazowieckie,95,Choroby wewnętrzne,2026/004662,Rezydencki,73.81,4.24,18.03.2026 21:22:27,23,NIE,,
w-2026,15,14.04.2026,14.04.2026 12:16:11,31,85,Mazowieckie,96,Choroby wewnętrzne,2026/006654,Rezydencki,72.60,3.98,25.02.2026 19:12:16,23,NIE,,
w-2026,15,14.04.2026,14.04.2026 12:16:11,31,85,Mazowieckie,97,Choroby wewnętrzne,2026/011532,Rezydencki,72.46,3.95,28.02.2026 17:43:51,23,NIE,,
w-2026,15,14.04.2026,14.04.2026 12:16:11,31,85,Mazowieckie,98,Choroby wewnętrzne,2026/007918,Rezydencki,70.24,3.34,04.03.2026 18:54:30,23,NIE,,
w-2026,15,14.04.2026,14.04.2026 12:16:11,31,85,Mazowieckie,99,Choroby wewnętrzne,2026/010626,Rezydencki,70.19,3.92,27.02.2026 19:02:14,23,NIE,,
w-2026,15,14.04.2026,14.04.2026 12:16:11,31,85,Mazowieckie,100,Choroby wewnętrzne,2026/009929,Pozarezydencki,69.95,4.13,26.02.2026 14:21:54,3,NIE,,
w-2026,15,14.04.2026,14.04.2026 12:16:11,31,85,Mazowieckie,101,Choroby wewnętrzne,2026/011516,Pozarezydencki,68.43,3.97,18.03.2026 15:56:51,3,NIE,,
w-2026,15,14.04.2026,14.04.2026 12:16:11,31,85,Mazowieckie,102,Choroby wewnętrzne,2026/007952,Pozarezydencki,53.46,3.96,09.03.2026 17:34:23,3,NIE,,
w-2026,15,14.04.2026,14.04.2026 12:16:11,31,85,Mazowieckie,103,Choroby zakaźne,2026/007637,Rezydencki,77.99,4.24,16.03.2026 18:48:46,3,NIE,,
w-2026,15,14.04.2026,14.04.2026 12:16:11,31,85,Mazowieckie,104,Choroby zakaźne,2026/006936,Rezydencki,75.48,3.68,05.03.2026 14:47:43,3,NIE,,
w-2026,15,14.04.2026,14.04.2026 12:16:11,31,85,Mazowieckie,105,Choroby zakaźne,2026/008944,Rezydencki,66.03,3.84,27.02.2026 19:48:25,3,NIE,,
w-2026,15,14.04.2026,14.04.2026 12:16:11,31,85,Mazowieckie,106,Dermatologia i wenerologia,2026/009180,Rezydencki,94.74,4.65,28.02.2026 09:57:23,6,NIE,,
w-2026,15,14.04.2026,14.04.2026 12:16:11,31,85,Mazowieckie,107,Dermatologia i wenerologia,2026/003364,Rezydencki,93.72,4.59,28.02.2026 18:11:53,6,NIE,,
w-2026,15,14.04.2026,14.04.2026 12:16:11,31,85,Mazowieckie,108,Dermatologia i wenerologia,2026/010867,Rezydencki,93.63,4.32,28.02.2026 16:45:37,6,NIE,,
w-2026,15,14.04.2026,14.04.2026 12:16:11,31,85,Mazowieckie,109,Dermatologia i wenerologia,2026/004301,Rezydencki,93.30,4.02,27.02.2026 19:56:11,6,NIE,,
w-2026,15,14.04.2026,14.04.2026 12:16:11,31,85,Mazowieckie,110,Dermatologia i wenerologia,2026/005065,Rezydencki,92.82,4.43,08.02.2026 16:23:50,6,NIE,,
w-2026,15,14.04.2026,14.04.2026 12:16:11,31,85,Mazowieckie,111,Dermatologia i wenerologia,2026/003380,Rezydencki,92.82,4.24,05.02.2026 09:00:23,6,NIE,,
w-2026,15,14.04.2026,14.04.2026 12:16:11,31,85,Mazowieckie,112,Diabetologia,2026/008554,Rezydencki,90.95,4.17,28.02.2026 21:12:46,3,NIE,,
w-2026,15,14.04.2026,14.04.2026 12:16:11,31,85,Mazowieckie,113,Diabetologia,2026/006666,Rezydencki,90.91,4.36,26.02.2026 18:52:25,3,NIE,,
w-2026,15,14.04.2026,14.04.2026 12:16:11,31,85,Mazowieckie,114,Diabetologia,2026/009920,Rezydencki,89.86,4.57,26.02.2026 21:34:26,3,NIE,,
w-2026,15,14.04.2026,14.04.2026 12:16:11,31,85,Mazowieckie,115,Diabetologia,2026/008570,Pozarezydencki,80.00,4.43,22.02.2026 16:48:02,5,NIE,,
w-2026,15,14.04.2026,14.04.2026 12:16:11,31,85,Mazowieckie,116,Diabetologia,2026/011350,Pozarezydencki,80.00,3.70,28.02.2026 02:43:43,5,NIE,,
w-2026,15,14.04.2026,14.04.2026 12:16:11,31,85,Mazowieckie,117,Diabetologia,2026/009149,Pozarezydencki,77.98,3.78,23.03.2026 22:16:41,5,NIE,,
w-2026,15,14.04.2026,14.04.2026 12:16:11,31,85,Mazowieckie,118,Diabetologia,2026/009703,Pozarezydencki,76.15,3.87,27.02.2026 06:11:41,5,NIE,,
w-2026,15,14.04.2026,14.04.2026 12:16:11,32,85,Mazowieckie,119,Diabetologia,2026/008676,Pozarezydencki,75.00,3.36,09.03.2026 20:46:51,5,NIE,,
w-2026,15,14.04.2026,14.04.2026 12:16:11,32,85,Mazowieckie,120,Endokrynologia,2026/006572,Rezydencki,92.75,4.55,02.03.2026 23:18:16,1,NIE,,
w-2026,15,14.04.2026,14.04.2026 12:16:11,32,85,Mazowieckie,121,Endokrynologia ginekologiczna i rozrodczość,2026/004660,Pozarezydencki,87.05,4.40,17.03.2026 22:11:53,4,NIE,,
w-2026,15,14.04.2026,14.04.2026 12:16:11,32,85,Mazowieckie,122,Endokrynologia ginekologiczna i rozrodczość,2026/005548,Pozarezydencki,86.82,4.22,27.03.2026 14:26:54,4,NIE,,
w-2026,15,14.04.2026,14.04.2026 12:16:11,32,85,Mazowieckie,123,Endokrynologia ginekologiczna i rozrodczość,2026/003284,Pozarezydencki,84.55,4.05,01.02.2026 00:17:02,4,NIE,,
w-2026,15,14.04.2026,14.04.2026 12:16:11,32,85,Mazowieckie,124,Endokrynologia ginekologiczna i rozrodczość,2026/004536,Pozarezydencki,83.41,0.00,09.03.2026 15:57:36,4,NIE,,
w-2026,15,14.04.2026,14.04.2026 12:16:11,32,85,Mazowieckie,125,Endokrynologia i diabetologia dziecięca,2026/007433,Rezydencki,87.44,4.36,28.02.2026 17:20:47,2,NIE,,
w-2026,15,14.04.2026,14.04.2026 12:16:11,32,85,Mazowieckie,126,Endokrynologia i diabetologia dziecięca,2026/009533,Rezydencki,86.30,3.97,27.02.2026 16:16:35,2,NIE,,
w-2026,15,14.04.2026,14.04.2026 12:16:11,32,85,Mazowieckie,127,Endokrynologia i diabetologia dziecięca,2026/009546,Pozarezydencki,84.55,4.27,28.02.2026 00:21:05,1,NIE,,
w-2026,15,14.04.2026,14.04.2026 12:16:11,32,85,Mazowieckie,128,Farmakologia kliniczna,2026/005362,Pozarezydencki,67.43,4.39,27.03.2026 08:47:45,1,NIE,,
w-2026,15,14.04.2026,14.04.2026 12:16:11,32,85,Mazowieckie,129,Gastroenterologia,2026/003353,Rezydencki,93.78,4.58,03.02.2026 14:47:01,2,NIE,,
w-2026,15,14.04.2026,14.04.2026 12:16:11,32,85,Mazowieckie,130,Gastroenterologia,2026/006748,Rezydencki,92.82,4.03,19.02.2026 22:07:49,2,NIE,,
w-2026,15,14.04.2026,14.04.2026 12:16:11,32,85,Mazowieckie,131,Gastroenterologia,2026/008025,Pozarezydencki,87.73,4.12,19.02.2026 22:13:01,2,NIE,,
w-2026,15,14.04.2026,14.04.2026 12:16:11,32,85,Mazowieckie,132,Gastroenterologia,2026/008362,Pozarezydencki,85.91,4.39,26.02.2026 20:20:51,2,NIE,,
w-2026,15,14.04.2026,14.04.2026 12:16:11,32,85,Mazowieckie,133,Gastroenterologia dziecięca,2026/011109,Rezydencki,90.43,4.11,02.03.2026 21:28:37,1,NIE,,
w-2026,15,14.04.2026,14.04.2026 12:16:11,32,85,Mazowieckie,134,Gastroenterologia dziecięca,2026/007098,Pozarezydencki,75.45,3.71,20.02.2026 13:17:43,3,NIE,,
w-2026,15,14.04.2026,14.04.2026 12:16:11,32,85,Mazowieckie,135,Gastroenterologia dziecięca,2026/010030,Pozarezydencki,70.91,4.03,09.03.2026 21:18:28,3,NIE,,
w-2026,15,14.04.2026,14.04.2026 12:16:11,32,85,Mazowieckie,136,Gastroenterologia dziecięca,2026/007405,Pozarezydencki,64.38,3.53,17.02.2026 20:29:16,3,NIE,,
w-2026,15,14.04.2026,14.04.2026 12:16:11,32,85,Mazowieckie,137,Geriatria,2026/009165,Rezydencki,75.71,3.73,18.03.2026 13:08:20,1,NIE,,
w-2026,15,14.04.2026,14.04.2026 12:16:11,32,85,Mazowieckie,138,Geriatria,2026/004928,Pozarezydencki,81.82,3.82,25.02.2026 14:30:37,4,NIE,,
w-2026,15,14.04.2026,14.04.2026 12:16:11,32,85,Mazowieckie,139,Geriatria,2026/004226,Pozarezydencki,75.45,4.38,04.02.2026 10:07:48,4,NIE,,
w-2026,15,14.04.2026,14.04.2026 12:16:11,32,85,Mazowieckie,140,Geriatria,2026/004211,Pozarezydencki,68.06,3.80,09.02.2026 09:56:00,4,NIE,,
w-2026,15,14.04.2026,14.04.2026 12:16:11,32,85,Mazowieckie,141,Geriatria,2026/011777,Pozarezydencki,60.91,0.00,28.02.2026 21:19:36,4,NIE,,
w-2026,15,14.04.2026,14.04.2026 12:16:11,32,85,Mazowieckie,142,Ginekologia onkologiczna,2026/003557,Pozarezydencki,67.52,4.78,11.03.2026 06:18:08,1,NIE,,
w-2026,15,14.04.2026,14.04.2026 12:16:11,32,85,Mazowieckie,143,Hematologia,2026/006456,Rezydencki,84.86,0.00,04.03.2026 11:05:12,4,NIE,,
w-2026,15,14.04.2026,14.04.2026 12:16:11,32,85,Mazowieckie,144,Hematologia,2026/010496,Rezydencki,84.69,3.82,27.02.2026 23:18:59,4,NIE,,
w-2026,15,14.04.2026,14.04.2026 12:16:11,32,85,Mazowieckie,145,Hematologia,2026/011577,Rezydencki,74.16,3.73,28.02.2026 18:01:40,4,NIE,,
w-2026,15,14.04.2026,14.04.2026 12:16:11,32,85,Mazowieckie,146,Hematologia,2026/010178,Rezydencki,73.08,3.81,26.02.2026 11:03:10,4,NIE,,
w-2026,15,14.04.2026,14.04.2026 12:16:11,32,85,Mazowieckie,147,Hematologia,2026/004999,Pozarezydencki,80.23,4.66,17.03.2026 13:38:21,3,NIE,,
w-2026,15,14.04.2026,14.04.2026 12:16:11,32,85,Mazowieckie,148,Hematologia,2026/004280,Pozarezydencki,76.50,4.26,12.03.2026 13:06:15,3,NIE,,
w-2026,15,14.04.2026,14.04.2026 12:16:11,32,85,Mazowieckie,149,Hematologia,2026/006631,Pozarezydencki,70.91,4.00,15.02.2026 14:21:21,3,NIE,,
w-2026,15,14.04.2026,14.04.2026 12:16:11,32,85,Mazowieckie,150,Hipertensjologia,2026/009465,Pozarezydencki,74.30,3.59,12.03.2026 14:22:30,1,NIE,,
w-2026,15,14.04.2026,14.04.2026 12:16:11,32,85,Mazowieckie,151,Immunologia kliniczna,2026/011112,Pozarezydencki,66.82,3.50,31.03.2026 14:40:06,2,NIE,,
w-2026,15,14.04.2026,14.04.2026 12:16:11,32,85,Mazowieckie,152,Immunologia kliniczna,2026/010799,Pozarezydencki,4.55,4.43,16.03.2026 07:49:10,2,NIE,,
w-2026,15,14.04.2026,14.04.2026 12:16:11,32,85,Mazowieckie,153,Intensywna terapia,2026/005990,Pozarezydencki,81.23,4.00,21.02.2026 08:10:31,2,NIE,,
w-2026,15,14.04.2026,14.04.2026 12:16:11,32,85,Mazowieckie,154,Intensywna terapia,2026/010060,Pozarezydencki,75.00,4.40,25.03.2026 07:38:00,2,NIE,,
w-2026,15,14.04.2026,14.04.2026 12:16:11,33,85,Mazowieckie,155,Kardiochirurgia,2026/005060,Rezydencki,85.17,3.67,02.03.2026 13:32:14,2,NIE,,
w-2026,15,14.04.2026,14.04.2026 12:16:11,33,85,Mazowieckie,156,Kardiochirurgia,2026/006721,Rezydencki,79.19,3.57,15.02.2026 20:34:42,2,NIE,,
w-2026,15,14.04.2026,14.04.2026 12:16:11,33,85,Mazowieckie,157,Kardiologia,2026/011895,Rezydencki,91.67,3.84,09.03.2026 17:37:46,25,NIE,,
w-2026,15,14.04.2026,14.04.2026 12:16:11,33,85,Mazowieckie,158,Kardiologia,2026/010965,Rezydencki,90.91,4.05,13.03.2026 20:12:51,25,NIE,,
w-2026,15,14.04.2026,14.04.2026 12:16:11,33,85,Mazowieckie,159,Kardiologia,2026/003493,Rezydencki,90.69,4.33,01.02.2026 20:04:43,25,NIE,,
w-2026,15,14.04.2026,14.04.2026 12:16:11,33,85,Mazowieckie,160,Kardiologia,2026/009010,Rezydencki,89.52,4.50,25.02.2026 22:16:55,25,NIE,,
w-2026,15,14.04.2026,14.04.2026 12:16:11,33,85,Mazowieckie,161,Kardiologia,2026/006614,Rezydencki,89.47,4.23,27.02.2026 21:43:51,25,NIE,,
w-2026,15,14.04.2026,14.04.2026 12:16:11,33,85,Mazowieckie,162,Kardiologia,2026/010534,Rezydencki,89.47,4.21,27.02.2026 21:48:00,25,NIE,,
w-2026,15,14.04.2026,14.04.2026 12:16:11,33,85,Mazowieckie,163,Kardiologia,2026/006552,Rezydencki,89.37,4.03,15.03.2026 14:35:27,25,NIE,,
w-2026,15,14.04.2026,14.04.2026 12:16:11,33,85,Mazowieckie,164,Kardiologia,2026/004888,Rezydencki,89.00,4.35,15.02.2026 15:55:51,25,NIE,,
w-2026,15,14.04.2026,14.04.2026 12:16:11,33,85,Mazowieckie,165,Kardiologia,2026/009877,Rezydencki,89.00,4.29,27.02.2026 13:22:29,25,NIE,,
w-2026,15,14.04.2026,14.04.2026 12:16:11,33,85,Mazowieckie,166,Kardiologia,2026/003476,Rezydencki,88.78,3.48,11.03.2026 22:36:11,25,NIE,,
w-2026,15,14.04.2026,14.04.2026 12:16:11,33,85,Mazowieckie,167,Kardiologia,2026/008627,Rezydencki,88.52,4.03,22.02.2026 18:42:42,25,NIE,,
w-2026,15,14.04.2026,14.04.2026 12:16:11,33,85,Mazowieckie,168,Kardiologia,2026/006030,Rezydencki,88.41,4.00,14.02.2026 22:02:54,25,NIE,,
w-2026,15,14.04.2026,14.04.2026 12:16:11,33,85,Mazowieckie,169,Kardiologia,2026/010633,Rezydencki,88.10,4.18,28.02.2026 18:14:04,25,NIE,,
w-2026,15,14.04.2026,14.04.2026 12:16:11,33,85,Mazowieckie,170,Kardiologia,2026/008659,Rezydencki,87.92,4.00,22.02.2026 22:09:23,25,NIE,,
w-2026,15,14.04.2026,14.04.2026 12:16:11,33,85,Mazowieckie,171,Kardiologia,2026/004012,Rezydencki,87.68,4.34,03.02.2026 12:11:25,25,NIE,,
w-2026,15,14.04.2026,14.04.2026 12:16:11,33,85,Mazowieckie,172,Kardiologia,2026/009584,Rezydencki,87.62,4.15,25.02.2026 19:43:55,25,NIE,,
w-2026,15,14.04.2026,14.04.2026 12:16:11,33,85,Mazowieckie,173,Kardiologia,2026/004449,Rezydencki,87.56,4.18,05.02.2026 09:08:54,25,NIE,,
w-2026,15,14.04.2026,14.04.2026 12:16:11,33,85,Mazowieckie,174,Kardiologia,2026/008311,Rezydencki,87.38,4.51,20.02.2026 21:07:36,25,NIE,,
w-2026,15,14.04.2026,14.04.2026 12:16:11,33,85,Mazowieckie,175,Kardiologia,2026/006739,Rezydencki,87.32,4.29,18.02.2026 23:15:02,25,NIE,,
w-2026,15,14.04.2026,14.04.2026 12:16:11,33,85,Mazowieckie,176,Kardiologia,2026/003478,Rezydencki,87.01,3.90,02.02.2026 20:56:38,25,NIE,,
w-2026,15,14.04.2026,14.04.2026 12:16:11,33,85,Mazowieckie,177,Kardiologia,2026/003313,Rezydencki,86.96,4.30,07.02.2026 19:07:30,25,NIE,,
w-2026,15,14.04.2026,14.04.2026 12:16:11,33,85,Mazowieckie,178,Kardiologia,2026/011172,Rezydencki,86.76,4.41,27.02.2026 22:17:57,25,NIE,,
w-2026,15,14.04.2026,14.04.2026 12:16:11,33,85,Mazowieckie,179,Kardiologia,2026/011074,Rezydencki,86.76,3.77,27.02.2026 18:30:49,25,NIE,,
w-2026,15,14.04.2026,14.04.2026 12:16:11,33,85,Mazowieckie,180,Kardiologia,2026/010995,Rezydencki,86.71,4.37,27.02.2026 16:32:17,25,NIE,,
w-2026,15,14.04.2026,14.04.2026 12:16:11,33,85,Mazowieckie,181,Kardiologia,2026/005106,Rezydencki,86.71,4.13,08.02.2026 19:40:08,25,NIE,,
w-2026,15,14.04.2026,14.04.2026 12:16:11,33,85,Mazowieckie,182,Kardiologia,2026/011684,Pozarezydencki,84.56,4.00,28.02.2026 20:06:48,10,NIE,,
w-2026,15,14.04.2026,14.04.2026 12:16:11,33,85,Mazowieckie,183,Kardiologia,2026/006267,Pozarezydencki,84.55,3.93,23.02.2026 21:33:35,10,NIE,,
w-2026,15,14.04.2026,14.04.2026 12:16:11,33,85,Mazowieckie,184,Kardiologia,2026/004334,Pozarezydencki,84.47,3.47,23.02.2026 16:51:41,10,NIE,,
w-2026,15,14.04.2026,14.04.2026 12:16:11,33,85,Mazowieckie,185,Kardiologia,2026/004327,Pozarezydencki,74.77,4.11,16.03.2026 12:37:22,10,NIE,,
w-2026,15,14.04.2026,14.04.2026 12:16:11,33,85,Mazowieckie,186,Kardiologia,2026/011153,Pozarezydencki,71.10,4.23,06.03.2026 13:28:09,10,NIE,,
w-2026,15,14.04.2026,14.04.2026 12:16:11,33,85,Mazowieckie,187,Kardiologia,2026/011042,Pozarezydencki,70.91,4.11,27.02.2026 17:32:14,10,NIE,,
w-2026,15,14.04.2026,14.04.2026 12:16:11,33,85,Mazowieckie,188,Kardiologia,2026/011687,Pozarezydencki,70.51,4.06,28.02.2026 20:08:14,10,NIE,,
w-2026,15,14.04.2026,14.04.2026 12:16:11,33,85,Mazowieckie,189,Kardiologia,2026/010389,Pozarezydencki,65.90,3.98,26.02.2026 22:09:08,10,NIE,,
w-2026,15,14.04.2026,14.04.2026 12:16:11,33,85,Mazowieckie,190,Kardiologia,2026/011116,Pozarezydencki,65.00,3.36,27.02.2026 19:31:44,10,NIE,,
w-2026,15,14.04.2026,14.04.2026 12:16:11,34,85,Mazowieckie,191,Kardiologia,2026/010537,Pozarezydencki,55.76,3.68,27.03.2026 14:12:32,10,NIE,,
w-2026,15,14.04.2026,14.04.2026 12:16:11,34,85,Mazowieckie,192,Kardiologia dziecięca,2026/011550,Pozarezydencki,80.00,4.03,11.03.2026 17:04:56,1,NIE,,
w-2026,15,14.04.2026,14.04.2026 12:16:11,34,85,Mazowieckie,193,Medycyna nuklearna,2026/009342,Rezydencki,86.10,3.81,24.02.2026 14:39:03,5,NIE,,
w-2026,15,14.04.2026,14.04.2026 12:16:11,34,85,Mazowieckie,194,Medycyna nuklearna,2026/008616,Rezydencki,80.77,3.34,23.02.2026 12:11:27,5,NIE,,
w-2026,15,14.04.2026,14.04.2026 12:16:11,34,85,Mazowieckie,195,Medycyna nuklearna,2026/011240,Rezydencki,79.90,3.68,28.02.2026 20:44:37,5,NIE,,
w-2026,15,14.04.2026,14.04.2026 12:16:11,34,85,Mazowieckie,196,Medycyna nuklearna,2026/011265,Rezydencki,77.51,4.01,27.02.2026 22:45:51,5,NIE,,
w-2026,15,14.04.2026,14.04.2026 12:16:11,34,85,Mazowieckie,197,Medycyna nuklearna,2026/009879,Rezydencki,77.40,3.87,25.02.2026 17:16:51,5,NIE,,
w-2026,15,14.04.2026,14.04.2026 12:16:11,34,85,Mazowieckie,198,Medycyna nuklearna,2026/009886,Pozarezydencki,76.73,3.47,09.03.2026 14:26:40,2,NIE,,
w-2026,15,14.04.2026,14.04.2026 12:16:11,34,85,Mazowieckie,199,Medycyna nuklearna,2026/004615,Pozarezydencki,73.61,3.00,20.03.2026 09:50:23,2,NIE,,
w-2026,15,14.04.2026,14.04.2026 12:16:11,34,85,Mazowieckie,200,Medycyna paliatywna,2026/009873,Rezydencki,78.95,4.23,26.02.2026 17:13:20,1,NIE,,
w-2026,15,14.04.2026,14.04.2026 12:16:11,34,85,Mazowieckie,201,Medycyna paliatywna,2026/011033,Pozarezydencki,76.74,0.00,30.03.2026 10:29:46,9,NIE,,
w-2026,15,14.04.2026,14.04.2026 12:16:11,34,85,Mazowieckie,202,Medycyna paliatywna,2026/005758,Pozarezydencki,75.45,3.76,20.02.2026 22:44:28,9,NIE,,
w-2026,15,14.04.2026,14.04.2026 12:16:11,34,85,Mazowieckie,203,Medycyna paliatywna,2026/003743,Pozarezydencki,74.31,4.50,06.03.2026 14:17:37,9,NIE,,
w-2026,15,14.04.2026,14.04.2026 12:16:11,34,85,Mazowieckie,204,Medycyna paliatywna,2026/008903,Pozarezydencki,73.64,4.16,27.03.2026 17:57:57,9,NIE,,
w-2026,15,14.04.2026,14.04.2026 12:16:11,34,85,Mazowieckie,205,Medycyna paliatywna,2026/005764,Pozarezydencki,73.64,3.86,06.03.2026 16:11:09,9,NIE,,
w-2026,15,14.04.2026,14.04.2026 12:16:11,34,85,Mazowieckie,206,Medycyna paliatywna,2026/003751,Pozarezydencki,71.14,3.67,11.03.2026 07:53:09,9,NIE,,
w-2026,15,14.04.2026,14.04.2026 12:16:11,34,85,Mazowieckie,207,Medycyna paliatywna,2026/006518,Pozarezydencki,70.91,3.29,14.02.2026 09:22:36,9,NIE,,
w-2026,15,14.04.2026,14.04.2026 12:16:11,34,85,Mazowieckie,208,Medycyna paliatywna,2026/011055,Pozarezydencki,66.67,3.86,04.03.2026 21:54:31,9,NIE,,
w-2026,15,14.04.2026,14.04.2026 12:16:11,34,85,Mazowieckie,209,Medycyna paliatywna,2026/006668,Pozarezydencki,66.36,3.05,31.03.2026 15:11:44,9,NIE,,
w-2026,15,14.04.2026,14.04.2026 12:16:11,34,85,Mazowieckie,210,Medycyna pracy,2026/006287,Rezydencki,73.21,3.66,18.02.2026 16:24:36,1,NIE,,
w-2026,15,14.04.2026,14.04.2026 12:16:11,34,85,Mazowieckie,211,Medycyna pracy,2026/010293,Pozarezydencki,74.55,4.27,24.03.2026 12:53:52,1,NIE,,
w-2026,15,14.04.2026,14.04.2026 12:16:11,34,85,Mazowieckie,212,Medycyna ratunkowa,2026/003721,Rezydencki,77.88,3.57,27.02.2026 22:34:49,5,NIE,,
w-2026,15,14.04.2026,14.04.2026 12:16:11,34,85,Mazowieckie,213,Medycyna ratunkowa,2026/003621,Rezydencki,77.78,4.14,10.02.2026 13:02:55,5,NIE,,
w-2026,15,14.04.2026,14.04.2026 12:16:11,34,85,Mazowieckie,214,Medycyna ratunkowa,2026/009099,Rezydencki,72.60,0.00,17.03.2026 15:11:15,5,NIE,,
w-2026,15,14.04.2026,14.04.2026 12:16:11,34,85,Mazowieckie,215,Medycyna ratunkowa,2026/009063,Rezydencki,59.31,3.56,11.03.2026 12:31:19,5,NIE,,
w-2026,15,14.04.2026,14.04.2026 12:16:11,34,85,Mazowieckie,216,Medycyna ratunkowa,2026/008609,Rezydencki,59.13,3.54,25.02.2026 22:06:29,5,NIE,,
w-2026,15,14.04.2026,14.04.2026 12:16:11,34,85,Mazowieckie,217,Medycyna ratunkowa,2026/006256,Pozarezydencki,86.82,4.54,19.03.2026 12:23:50,12,NIE,,
w-2026,15,14.04.2026,14.04.2026 12:16:11,34,85,Mazowieckie,218,Medycyna ratunkowa,2026/008840,Pozarezydencki,80.18,3.40,10.03.2026 13:03:32,12,NIE,,
w-2026,15,14.04.2026,14.04.2026 12:16:11,34,85,Mazowieckie,219,Medycyna ratunkowa,2026/005954,Pozarezydencki,80.00,4.22,18.03.2026 10:22:44,12,NIE,,
w-2026,15,14.04.2026,14.04.2026 12:16:11,34,85,Mazowieckie,220,Medycyna ratunkowa,2026/010960,Pozarezydencki,80.00,0.00,25.03.2026 23:56:26,12,NIE,,
w-2026,15,14.04.2026,14.04.2026 12:16:11,34,85,Mazowieckie,221,Medycyna ratunkowa,2026/005365,Pozarezydencki,70.91,4.19,15.03.2026 21:08:20,12,NIE,,
w-2026,15,14.04.2026,14.04.2026 12:16:11,34,85,Mazowieckie,222,Medycyna ratunkowa,2026/010472,Pozarezydencki,70.91,3.60,09.03.2026 19:52:30,12,NIE,,
w-2026,15,14.04.2026,14.04.2026 12:16:11,34,85,Mazowieckie,223,Medycyna ratunkowa,2026/010977,Pozarezydencki,70.91,0.00,27.03.2026 17:38:43,12,NIE,,
w-2026,15,14.04.2026,14.04.2026 12:16:11,34,85,Mazowieckie,224,Medycyna ratunkowa,2026/008909,Pozarezydencki,67.43,3.86,17.03.2026 15:44:20,12,NIE,,
w-2026,15,14.04.2026,14.04.2026 12:16:11,34,85,Mazowieckie,225,Medycyna ratunkowa,2026/008591,Pozarezydencki,61.82,0.00,24.03.2026 14:41:08,12,NIE,,
w-2026,15,14.04.2026,14.04.2026 12:16:11,34,85,Mazowieckie,226,Medycyna ratunkowa,2026/009479,Pozarezydencki,57.14,0.00,24.02.2026 20:14:27,12,NIE,,
w-2026,15,14.04.2026,14.04.2026 12:16:11,35,85,Mazowieckie,227,Medycyna ratunkowa,2026/004908,Pozarezydencki,38.53,0.00,23.03.2026 14:57:57,12,NIE,,
w-2026,15,14.04.2026,14.04.2026 12:16:11,35,85,Mazowieckie,228,Medycyna ratunkowa,2026/009811,Pozarezydencki,0.00,0.00,25.02.2026 14:03:48,12,NIE,,
w-2026,15,14.04.2026,14.04.2026 12:16:11,35,85,Mazowieckie,229,Medycyna rodzinna,2026/010692,Rezydencki,92.82,4.57,27.02.2026 20:43:36,54,NIE,,
w-2026,15,14.04.2026,14.04.2026 12:16:11,35,85,Mazowieckie,230,Medycyna rodzinna,2026/009583,Rezydencki,90.34,4.33,24.02.2026 22:44:20,54,NIE,,
w-2026,15,14.04.2026,14.04.2026 12:16:11,35,85,Mazowieckie,231,Medycyna rodzinna,2026/003884,Rezydencki,89.00,3.93,03.02.2026 07:10:01,54,NIE,,
w-2026,15,14.04.2026,14.04.2026 12:16:11,35,85,Mazowieckie,232,Medycyna rodzinna,2026/010336,Rezydencki,88.52,4.31,27.02.2026 10:34:23,54,NIE,,
w-2026,15,14.04.2026,14.04.2026 12:16:11,35,85,Mazowieckie,233,Medycyna rodzinna,2026/003480,Rezydencki,88.24,3.95,07.02.2026 14:27:52,54,NIE,,
w-2026,15,14.04.2026,14.04.2026 12:16:11,35,85,Mazowieckie,234,Medycyna rodzinna,2026/010010,Rezydencki,88.24,3.42,19.03.2026 11:41:53,54,NIE,,
w-2026,15,14.04.2026,14.04.2026 12:16:11,35,85,Mazowieckie,235,Medycyna rodzinna,2026/009080,Rezydencki,87.92,4.32,28.02.2026 23:57:57,54,NIE,,
w-2026,15,14.04.2026,14.04.2026 12:16:11,35,85,Mazowieckie,236,Medycyna rodzinna,2026/011966,Rezydencki,87.68,3.55,01.03.2026 05:35:26,54,NIE,,
w-2026,15,14.04.2026,14.04.2026 12:16:11,35,85,Mazowieckie,237,Medycyna rodzinna,2026/005951,Rezydencki,86.96,3.59,25.03.2026 17:00:38,54,NIE,,
w-2026,15,14.04.2026,14.04.2026 12:16:11,35,85,Mazowieckie,238,Medycyna rodzinna,2026/010911,Rezydencki,86.60,3.70,27.02.2026 19:02:07,54,NIE,,
w-2026,15,14.04.2026,14.04.2026 12:16:11,35,85,Mazowieckie,239,Medycyna rodzinna,2026/010895,Rezydencki,85.17,4.35,28.02.2026 16:10:01,54,NIE,,
w-2026,15,14.04.2026,14.04.2026 12:16:11,35,85,Mazowieckie,240,Medycyna rodzinna,2026/008971,Rezydencki,85.17,4.09,26.02.2026 15:02:17,54,NIE,,
w-2026,15,14.04.2026,14.04.2026 12:16:11,35,85,Mazowieckie,241,Medycyna rodzinna,2026/009859,Rezydencki,85.17,3.50,28.02.2026 18:49:31,54,NIE,,
w-2026,15,14.04.2026,14.04.2026 12:16:11,35,85,Mazowieckie,242,Medycyna rodzinna,2026/011067,Rezydencki,85.02,3.97,28.02.2026 14:44:26,54,NIE,,
w-2026,15,14.04.2026,14.04.2026 12:16:11,35,85,Mazowieckie,243,Medycyna rodzinna,2026/006040,Rezydencki,84.69,4.69,27.02.2026 10:03:15,54,NIE,,
w-2026,15,14.04.2026,14.04.2026 12:16:11,35,85,Mazowieckie,244,Medycyna rodzinna,2026/010693,Rezydencki,84.69,3.95,27.02.2026 20:43:03,54,NIE,,
w-2026,15,14.04.2026,14.04.2026 12:16:11,35,85,Mazowieckie,245,Medycyna rodzinna,2026/005056,Rezydencki,84.39,3.51,24.02.2026 23:04:28,54,NIE,,
w-2026,15,14.04.2026,14.04.2026 12:16:11,35,85,Mazowieckie,246,Medycyna rodzinna,2026/009768,Rezydencki,84.29,3.98,28.02.2026 10:11:00,54,NIE,,
w-2026,15,14.04.2026,14.04.2026 12:16:11,35,85,Mazowieckie,247,Medycyna rodzinna,2026/011504,Rezydencki,84.06,3.92,02.03.2026 22:01:47,54,NIE,,
w-2026,15,14.04.2026,14.04.2026 12:16:11,35,85,Mazowieckie,248,Medycyna rodzinna,2026/010428,Rezydencki,83.49,3.38,05.03.2026 21:25:03,54,NIE,,
w-2026,15,14.04.2026,14.04.2026 12:16:11,35,85,Mazowieckie,249,Medycyna rodzinna,2026/007937,Rezydencki,83.33,4.80,09.03.2026 10:24:55,54,NIE,,
w-2026,15,14.04.2026,14.04.2026 12:16:11,35,85,Mazowieckie,250,Medycyna rodzinna,2026/006854,Rezydencki,83.25,4.11,16.02.2026 12:29:53,54,NIE,,
w-2026,15,14.04.2026,14.04.2026 12:16:11,35,85,Mazowieckie,251,Medycyna rodzinna,2026/006551,Rezydencki,82.78,3.98,15.02.2026 08:46:11,54,NIE,,
w-2026,15,14.04.2026,14.04.2026 12:16:11,35,85,Mazowieckie,252,Medycyna rodzinna,2026/009160,Rezydencki,82.78,3.60,23.02.2026 22:47:18,54,NIE,,
w-2026,15,14.04.2026,14.04.2026 12:16:11,35,85,Mazowieckie,253,Medycyna rodzinna,2026/011820,Rezydencki,81.25,4.28,28.02.2026 22:49:55,54,NIE,,
w-2026,15,14.04.2026,14.04.2026 12:16:11,35,85,Mazowieckie,254,Medycyna rodzinna,2026/004945,Rezydencki,80.98,3.99,05.03.2026 09:34:57,54,NIE,,
w-2026,15,14.04.2026,14.04.2026 12:16:11,35,85,Mazowieckie,255,Medycyna rodzinna,2026/008578,Rezydencki,80.68,3.20,22.02.2026 16:51:49,54,NIE,,
w-2026,15,14.04.2026,14.04.2026 12:16:11,35,85,Mazowieckie,256,Medycyna rodzinna,2026/007574,Rezydencki,79.81,3.54,27.02.2026 18:03:23,54,NIE,,
w-2026,15,14.04.2026,14.04.2026 12:16:11,35,85,Mazowieckie,257,Medycyna rodzinna,2026/010541,Rezydencki,79.43,3.37,28.02.2026 12:59:45,54,NIE,,
w-2026,15,14.04.2026,14.04.2026 12:16:11,35,85,Mazowieckie,258,Medycyna rodzinna,2026/011600,Rezydencki,79.41,4.13,28.02.2026 18:25:46,54,NIE,,
w-2026,15,14.04.2026,14.04.2026 12:16:11,35,85,Mazowieckie,259,Medycyna rodzinna,2026/006289,Rezydencki,79.33,3.63,10.03.2026 13:13:11,54,NIE,,
w-2026,15,14.04.2026,14.04.2026 12:16:11,35,85,Mazowieckie,260,Medycyna rodzinna,2026/011275,Rezydencki,78.99,3.87,02.03.2026 18:10:18,54,NIE,,
w-2026,15,14.04.2026,14.04.2026 12:16:11,35,85,Mazowieckie,261,Medycyna rodzinna,2026/006549,Rezydencki,78.57,4.63,06.03.2026 10:26:13,54,NIE,,
w-2026,15,14.04.2026,14.04.2026 12:16:11,35,85,Mazowieckie,262,Medycyna rodzinna,2026/005058,Rezydencki,78.57,3.90,09.03.2026 19:57:04,54,NIE,,
w-2026,15,14.04.2026,14.04.2026 12:16:11,36,85,Mazowieckie,263,Medycyna rodzinna,2026/008118,Rezydencki,78.54,3.59,03.03.2026 14:15:30,54,NIE,,
w-2026,15,14.04.2026,14.04.2026 12:16:11,36,85,Mazowieckie,264,Medycyna rodzinna,2026/010565,Rezydencki,77.56,3.95,28.02.2026 22:26:56,54,NIE,,
w-2026,15,14.04.2026,14.04.2026 12:16:11,36,85,Mazowieckie,265,Medycyna rodzinna,2026/009487,Rezydencki,77.51,3.75,24.02.2026 20:21:31,54,NIE,,
w-2026,15,14.04.2026,14.04.2026 12:16:11,36,85,Mazowieckie,266,Medycyna rodzinna,2026/008671,Rezydencki,75.60,3.76,22.02.2026 21:35:32,54,NIE,,
w-2026,15,14.04.2026,14.04.2026 12:16:11,36,85,Mazowieckie,267,Medycyna rodzinna,2026/007402,Rezydencki,74.16,4.27,17.02.2026 20:09:08,54,NIE,,
w-2026,15,14.04.2026,14.04.2026 12:16:11,36,85,Mazowieckie,268,Medycyna rodzinna,2026/004008,Rezydencki,73.68,3.50,03.02.2026 12:05:18,54,NIE,,
w-2026,15,14.04.2026,14.04.2026 12:16:11,36,85,Mazowieckie,269,Medycyna rodzinna,2026/009598,Rezydencki,72.86,3.68,25.02.2026 22:23:13,54,NIE,,
w-2026,15,14.04.2026,14.04.2026 12:16:11,36,85,Mazowieckie,270,Medycyna rodzinna,2026/010750,Rezydencki,72.49,3.61,12.03.2026 22:45:00,54,NIE,,
w-2026,15,14.04.2026,14.04.2026 12:16:11,36,85,Mazowieckie,271,Medycyna rodzinna,2026/011566,Rezydencki,71.53,3.64,10.03.2026 20:20:49,54,NIE,,
w-2026,15,14.04.2026,14.04.2026 12:16:11,36,85,Mazowieckie,272,Medycyna rodzinna,2026/011374,Rezydencki,70.24,4.17,28.02.2026 17:36:07,54,NIE,,
w-2026,15,14.04.2026,14.04.2026 12:16:11,36,85,Mazowieckie,273,Medycyna rodzinna,2026/008324,Rezydencki,70.19,4.07,24.02.2026 12:38:27,54,NIE,,
w-2026,15,14.04.2026,14.04.2026 12:16:11,36,85,Mazowieckie,274,Medycyna rodzinna,2026/011163,Rezydencki,69.05,0.00,28.02.2026 16:35:24,54,NIE,,
w-2026,15,14.04.2026,14.04.2026 12:16:11,36,85,Mazowieckie,275,Medycyna rodzinna,2026/009372,Rezydencki,68.57,3.88,24.02.2026 16:20:35,54,NIE,,
w-2026,15,14.04.2026,14.04.2026 12:16:11,36,85,Mazowieckie,276,Medycyna rodzinna,2026/009144,Rezydencki,67.46,4.35,23.02.2026 22:11:58,54,NIE,,
w-2026,15,14.04.2026,14.04.2026 12:16:11,36,85,Mazowieckie,277,Medycyna rodzinna,2026/003710,Rezydencki,63.33,0.00,02.02.2026 14:04:14,54,NIE,,
w-2026,15,14.04.2026,14.04.2026 12:16:11,36,85,Mazowieckie,278,Medycyna rodzinna,2026/011953,Rezydencki,63.04,3.75,28.02.2026 23:58:30,54,NIE,,
w-2026,15,14.04.2026,14.04.2026 12:16:11,36,85,Mazowieckie,279,Medycyna rodzinna,2026/003800,Rezydencki,62.38,4.21,02.02.2026 20:01:08,54,NIE,,
w-2026,15,14.04.2026,14.04.2026 12:16:11,36,85,Mazowieckie,280,Medycyna rodzinna,2026/010913,Rezydencki,60.92,3.88,27.02.2026 13:47:29,54,NIE,,
w-2026,15,14.04.2026,14.04.2026 12:16:11,36,85,Mazowieckie,281,Medycyna rodzinna,2026/009513,Rezydencki,59.56,3.50,05.03.2026 06:54:37,54,NIE,,
w-2026,15,14.04.2026,14.04.2026 12:16:11,36,85,Mazowieckie,282,Medycyna rodzinna,2026/004019,Rezydencki,59.52,2.95,18.03.2026 10:09:02,54,NIE,,
w-2026,15,14.04.2026,14.04.2026 12:16:11,36,85,Mazowieckie,283,Medycyna rodzinna,2026/011396,Pozarezydencki,79.91,3.42,09.03.2026 13:36:43,14,NIE,,
w-2026,15,14.04.2026,14.04.2026 12:16:11,36,85,Mazowieckie,284,Medycyna rodzinna,2026/005802,Pozarezydencki,76.91,4.28,11.02.2026 12:15:21,14,NIE,,
w-2026,15,14.04.2026,14.04.2026 12:16:11,36,85,Mazowieckie,285,Medycyna rodzinna,2026/009365,Pozarezydencki,75.23,3.80,04.03.2026 10:38:29,14,NIE,,
w-2026,15,14.04.2026,14.04.2026 12:16:11,36,85,Mazowieckie,286,Medycyna rodzinna,2026/009131,Pozarezydencki,72.48,0.00,26.02.2026 16:59:17,14,NIE,,
w-2026,15,14.04.2026,14.04.2026 12:16:11,36,85,Mazowieckie,287,Medycyna rodzinna,2026/003461,Pozarezydencki,70.91,4.25,11.03.2026 17:42:37,14,NIE,,
w-2026,15,14.04.2026,14.04.2026 12:16:11,36,85,Mazowieckie,288,Medycyna rodzinna,2026/011452,Pozarezydencki,70.91,3.94,28.02.2026 13:26:16,14,NIE,,
w-2026,15,14.04.2026,14.04.2026 12:16:11,36,85,Mazowieckie,289,Medycyna rodzinna,2026/005399,Pozarezydencki,70.56,3.70,09.02.2026 17:40:24,14,NIE,,
w-2026,15,14.04.2026,14.04.2026 12:16:11,36,85,Mazowieckie,290,Medycyna rodzinna,2026/003308,Pozarezydencki,69.72,4.08,05.03.2026 16:57:28,14,NIE,,
w-2026,15,14.04.2026,14.04.2026 12:16:11,36,85,Mazowieckie,291,Medycyna rodzinna,2026/005953,Pozarezydencki,69.39,3.73,12.03.2026 17:50:24,14,NIE,,
w-2026,15,14.04.2026,14.04.2026 12:16:11,36,85,Mazowieckie,292,Medycyna rodzinna,2026/011801,Pozarezydencki,65.80,4.38,12.03.2026 20:49:29,14,NIE,,
w-2026,15,14.04.2026,14.04.2026 12:16:11,36,85,Mazowieckie,293,Medycyna rodzinna,2026/007572,Pozarezydencki,61.21,3.25,17.03.2026 14:00:29,14,NIE,,
w-2026,15,14.04.2026,14.04.2026 12:16:11,36,85,Mazowieckie,294,Medycyna rodzinna,2026/007343,Pozarezydencki,59.55,0.00,22.03.2026 22:25:36,14,NIE,,
w-2026,15,14.04.2026,14.04.2026 12:16:11,36,85,Mazowieckie,295,Medycyna rodzinna,2026/005074,Pozarezydencki,58.41,0.00,17.02.2026 12:41:52,14,NIE,,
w-2026,15,14.04.2026,14.04.2026 12:16:11,36,85,Mazowieckie,296,Medycyna rodzinna,2026/010430,Pozarezydencki,52.73,0.00,17.03.2026 13:32:56,14,NIE,,
w-2026,15,14.04.2026,14.04.2026 12:16:11,36,85,Mazowieckie,297,Medycyna sportowa,2026/008372,Rezydencki,80.68,4.00,10.03.2026 11:30:16,1,NIE,,
w-2026,15,14.04.2026,14.04.2026 12:16:11,36,85,Mazowieckie,298,Medycyna sądowa,2026/005372,Pozarezydencki,58.96,3.57,19.03.2026 11:11:47,1,NIE,,
w-2026,15,14.04.2026,14.04.2026 12:16:11,37,85,Mazowieckie,299,Mikrobiologia lekarska,2026/009330,Rezydencki,57.97,3.18,24.02.2026 14:09:45,1,NIE,,
w-2026,15,14.04.2026,14.04.2026 12:16:11,37,85,Mazowieckie,300,Nefrologia,2026/009383,Rezydencki,87.80,4.02,24.02.2026 17:09:56,5,NIE,,
w-2026,15,14.04.2026,14.04.2026 12:16:11,37,85,Mazowieckie,301,Nefrologia,2026/011558,Rezydencki,85.48,3.95,28.02.2026 17:24:54,5,NIE,,
w-2026,15,14.04.2026,14.04.2026 12:16:11,37,85,Mazowieckie,302,Nefrologia,2026/011865,Rezydencki,78.26,4.07,22.03.2026 22:21:43,5,NIE,,
w-2026,15,14.04.2026,14.04.2026 12:16:11,37,85,Mazowieckie,303,Nefrologia,2026/003322,Rezydencki,76.44,3.88,27.02.2026 08:27:49,5,NIE,,
w-2026,15,14.04.2026,14.04.2026 12:16:11,37,85,Mazowieckie,304,Nefrologia,2026/011424,Rezydencki,59.33,3.08,08.03.2026 20:35:25,5,NIE,,
w-2026,15,14.04.2026,14.04.2026 12:16:11,37,85,Mazowieckie,305,Nefrologia,2026/010054,Pozarezydencki,80.00,4.24,13.03.2026 11:36:57,2,NIE,,
w-2026,15,14.04.2026,14.04.2026 12:16:11,37,85,Mazowieckie,306,Nefrologia,2026/010642,Pozarezydencki,70.91,3.22,27.02.2026 22:26:33,2,NIE,,
w-2026,15,14.04.2026,14.04.2026 12:16:11,37,85,Mazowieckie,307,Nefrologia dziecięca,2026/011132,Pozarezydencki,73.18,3.94,10.03.2026 14:15:37,1,NIE,,
w-2026,15,14.04.2026,14.04.2026 12:16:11,37,85,Mazowieckie,308,Neonatologia,2026/003748,Rezydencki,87.74,4.38,24.02.2026 23:44:44,2,NIE,,
w-2026,15,14.04.2026,14.04.2026 12:16:11,37,85,Mazowieckie,309,Neonatologia,2026/004913,Rezydencki,69.38,4.93,26.02.2026 15:23:54,2,NIE,,
w-2026,15,14.04.2026,14.04.2026 12:16:11,37,85,Mazowieckie,310,Neonatologia,2026/011782,Pozarezydencki,75.45,3.69,20.03.2026 09:56:36,1,NIE,,
w-2026,15,14.04.2026,14.04.2026 12:16:11,37,85,Mazowieckie,311,Neurochirurgia,2026/011314,Rezydencki,89.95,3.85,19.03.2026 23:05:50,2,NIE,,
w-2026,15,14.04.2026,14.04.2026 12:16:11,37,85,Mazowieckie,312,Neurochirurgia,2026/008273,Rezydencki,89.37,3.88,25.02.2026 12:10:56,2,NIE,,
w-2026,15,14.04.2026,14.04.2026 12:16:11,37,85,Mazowieckie,313,Neurochirurgia,2026/011683,Pozarezydencki,83.41,4.34,28.02.2026 20:05:44,1,NIE,,
w-2026,15,14.04.2026,14.04.2026 12:16:11,37,85,Mazowieckie,314,Neurologia,2026/010094,Rezydencki,90.34,4.45,26.02.2026 04:29:56,16,NIE,,
w-2026,15,14.04.2026,14.04.2026 12:16:11,37,85,Mazowieckie,315,Neurologia,2026/010304,Rezydencki,90.34,4.41,11.03.2026 11:46:02,16,NIE,,
w-2026,15,14.04.2026,14.04.2026 12:16:11,37,85,Mazowieckie,316,Neurologia,2026/009530,Rezydencki,89.52,4.48,28.02.2026 22:55:38,16,NIE,,
w-2026,15,14.04.2026,14.04.2026 12:16:11,37,85,Mazowieckie,317,Neurologia,2026/007821,Rezydencki,86.47,4.43,10.03.2026 12:43:43,16,NIE,,
w-2026,15,14.04.2026,14.04.2026 12:16:11,37,85,Mazowieckie,318,Neurologia,2026/010174,Rezydencki,85.48,3.98,27.02.2026 21:52:59,16,NIE,,
w-2026,15,14.04.2026,14.04.2026 12:16:11,37,85,Mazowieckie,319,Neurologia,2026/004082,Rezydencki,83.73,3.92,23.02.2026 12:35:00,16,NIE,,
w-2026,15,14.04.2026,14.04.2026 12:16:11,37,85,Mazowieckie,320,Neurologia,2026/008869,Rezydencki,83.65,4.13,20.03.2026 09:38:57,16,NIE,,
w-2026,15,14.04.2026,14.04.2026 12:16:11,37,85,Mazowieckie,321,Neurologia,2026/010470,Rezydencki,83.01,4.10,28.02.2026 23:59:00,16,NIE,,
w-2026,15,14.04.2026,14.04.2026 12:16:11,37,85,Mazowieckie,322,Neurologia,2026/010556,Rezydencki,82.13,3.43,28.02.2026 23:04:35,16,NIE,,
w-2026,15,14.04.2026,14.04.2026 12:16:11,37,85,Mazowieckie,323,Neurologia,2026/003784,Rezydencki,80.98,3.15,23.02.2026 18:00:21,16,NIE,,
w-2026,15,14.04.2026,14.04.2026 12:16:11,37,85,Mazowieckie,324,Neurologia,2026/004538,Rezydencki,80.86,4.07,12.03.2026 14:52:21,16,NIE,,
w-2026,15,14.04.2026,14.04.2026 12:16:11,37,85,Mazowieckie,325,Neurologia,2026/011133,Rezydencki,80.29,4.29,14.03.2026 17:53:53,16,NIE,,
w-2026,15,14.04.2026,14.04.2026 12:16:11,37,85,Mazowieckie,326,Neurologia,2026/010931,Rezydencki,79.33,3.78,28.02.2026 10:19:31,16,NIE,,
w-2026,15,14.04.2026,14.04.2026 12:16:11,37,85,Mazowieckie,327,Neurologia,2026/009387,Rezydencki,77.99,3.28,27.02.2026 13:03:44,16,NIE,,
w-2026,15,14.04.2026,14.04.2026 12:16:11,37,85,Mazowieckie,328,Neurologia,2026/007727,Rezydencki,77.40,3.96,13.03.2026 19:22:57,16,NIE,,
w-2026,15,14.04.2026,14.04.2026 12:16:11,37,85,Mazowieckie,329,Neurologia,2026/005941,Rezydencki,76.67,0.00,10.03.2026 11:55:47,16,NIE,,
w-2026,15,14.04.2026,14.04.2026 12:16:11,37,85,Mazowieckie,330,Neurologia,2026/011097,Pozarezydencki,76.64,4.39,27.02.2026 20:41:30,2,NIE,,
w-2026,15,14.04.2026,14.04.2026 12:16:11,37,85,Mazowieckie,331,Neurologia,2026/010586,Pozarezydencki,56.42,3.68,27.02.2026 17:50:25,2,NIE,,
w-2026,15,14.04.2026,14.04.2026 12:16:11,37,85,Mazowieckie,332,Neurologia dziecięca,2026/007446,Rezydencki,89.13,4.25,27.02.2026 23:05:05,1,NIE,,
w-2026,15,14.04.2026,14.04.2026 12:16:11,37,85,Mazowieckie,333,Neuropatologia,2026/011652,Pozarezydencki,84.55,4.54,18.03.2026 18:01:35,1,NIE,,
w-2026,15,14.04.2026,14.04.2026 12:16:11,37,85,Mazowieckie,334,Okulistyka,2026/008519,Rezydencki,92.34,4.57,26.02.2026 21:17:14,7,NIE,,
w-2026,15,14.04.2026,14.04.2026 12:16:11,38,85,Mazowieckie,335,Okulistyka,2026/007891,Rezydencki,91.43,4.74,27.02.2026 12:49:38,7,NIE,,
w-2026,15,14.04.2026,14.04.2026 12:16:11,38,85,Mazowieckie,336,Okulistyka,2026/003688,Rezydencki,91.39,3.98,02.03.2026 15:55:09,7,NIE,,
w-2026,15,14.04.2026,14.04.2026 12:16:11,38,85,Mazowieckie,337,Okulistyka,2026/011146,Rezydencki,90.67,3.48,27.02.2026 21:18:12,7,NIE,,
w-2026,15,14.04.2026,14.04.2026 12:16:11,38,85,Mazowieckie,338,Okulistyka,2026/007739,Rezydencki,90.10,3.86,19.02.2026 00:04:24,7,NIE,,
w-2026,15,14.04.2026,14.04.2026 12:16:11,38,85,Mazowieckie,339,Okulistyka,2026/006955,Rezydencki,89.47,3.83,24.02.2026 00:50:39,7,NIE,,
w-2026,15,14.04.2026,14.04.2026 12:16:11,38,85,Mazowieckie,340,Okulistyka,2026/008021,Rezydencki,89.37,4.05,19.02.2026 21:49:57,7,NIE,,
w-2026,15,14.04.2026,14.04.2026 12:16:11,38,85,Mazowieckie,341,Okulistyka,2026/010072,Pozarezydencki,84.02,3.76,28.02.2026 20:28:21,28,NIE,,
w-2026,15,14.04.2026,14.04.2026 12:16:11,38,85,Mazowieckie,342,Okulistyka,2026/011445,Pozarezydencki,83.33,4.13,10.03.2026 10:01:32,28,NIE,,
w-2026,15,14.04.2026,14.04.2026 12:16:11,38,85,Mazowieckie,343,Okulistyka,2026/009050,Pozarezydencki,83.03,4.24,23.02.2026 20:29:13,28,NIE,,
w-2026,15,14.04.2026,14.04.2026 12:16:11,38,85,Mazowieckie,344,Okulistyka,2026/008973,Pozarezydencki,82.65,4.01,28.02.2026 22:57:43,28,NIE,,
w-2026,15,14.04.2026,14.04.2026 12:16:11,38,85,Mazowieckie,345,Okulistyka,2026/009578,Pozarezydencki,82.33,3.81,27.02.2026 17:11:12,28,NIE,,
w-2026,15,14.04.2026,14.04.2026 12:16:11,38,85,Mazowieckie,346,Okulistyka,2026/008233,Pozarezydencki,82.11,3.81,27.02.2026 16:48:17,28,NIE,,
w-2026,15,14.04.2026,14.04.2026 12:16:11,38,85,Mazowieckie,347,Okulistyka,2026/003307,Pozarezydencki,81.28,3.78,24.02.2026 20:43:54,28,NIE,,
w-2026,15,14.04.2026,14.04.2026 12:16:11,38,85,Mazowieckie,348,Okulistyka,2026/007334,Pozarezydencki,80.82,4.13,04.03.2026 10:42:01,28,NIE,,
w-2026,15,14.04.2026,14.04.2026 12:16:11,38,85,Mazowieckie,349,Okulistyka,2026/011697,Pozarezydencki,80.82,3.68,28.02.2026 20:59:11,28,NIE,,
w-2026,15,14.04.2026,14.04.2026 12:16:11,38,85,Mazowieckie,350,Okulistyka,2026/006641,Pozarezydencki,80.65,3.36,28.02.2026 18:13:05,28,NIE,,
w-2026,15,14.04.2026,14.04.2026 12:16:11,38,85,Mazowieckie,351,Okulistyka,2026/004294,Pozarezydencki,79.45,4.64,16.02.2026 21:48:53,28,NIE,,
w-2026,15,14.04.2026,14.04.2026 12:16:11,38,85,Mazowieckie,352,Okulistyka,2026/009521,Pozarezydencki,79.45,4.21,27.02.2026 19:21:21,28,NIE,,
w-2026,15,14.04.2026,14.04.2026 12:16:11,38,85,Mazowieckie,353,Okulistyka,2026/006329,Pozarezydencki,79.36,3.53,10.03.2026 13:23:25,28,NIE,,
w-2026,15,14.04.2026,14.04.2026 12:16:11,38,85,Mazowieckie,354,Okulistyka,2026/010523,Pozarezydencki,79.09,3.89,27.02.2026 14:24:12,28,NIE,,
w-2026,15,14.04.2026,14.04.2026 12:16:11,38,85,Mazowieckie,355,Okulistyka,2026/009809,Pozarezydencki,78.60,4.11,25.02.2026 14:02:48,28,NIE,,
w-2026,15,14.04.2026,14.04.2026 12:16:11,38,85,Mazowieckie,356,Okulistyka,2026/011433,Pozarezydencki,78.54,3.26,28.02.2026 12:39:16,28,NIE,,
w-2026,15,14.04.2026,14.04.2026 12:16:11,38,85,Mazowieckie,357,Okulistyka,2026/003959,Pozarezydencki,78.44,4.33,27.02.2026 17:44:30,28,NIE,,
w-2026,15,14.04.2026,14.04.2026 12:16:11,38,85,Mazowieckie,358,Okulistyka,2026/009194,Pozarezydencki,77.98,3.54,28.02.2026 21:45:40,28,NIE,,
w-2026,15,14.04.2026,14.04.2026 12:16:11,38,85,Mazowieckie,359,Okulistyka,2026/010682,Pozarezydencki,77.73,3.85,18.03.2026 13:05:20,28,NIE,,
w-2026,15,14.04.2026,14.04.2026 12:16:11,38,85,Mazowieckie,360,Okulistyka,2026/011809,Pozarezydencki,77.73,3.58,07.03.2026 13:20:24,28,NIE,,
w-2026,15,14.04.2026,14.04.2026 12:16:11,38,85,Mazowieckie,361,Okulistyka,2026/011406,Pozarezydencki,77.52,4.27,02.03.2026 17:27:11,28,NIE,,
w-2026,15,14.04.2026,14.04.2026 12:16:11,38,85,Mazowieckie,362,Okulistyka,2026/012136,Pozarezydencki,77.42,4.21,02.03.2026 22:11:16,28,NIE,,
w-2026,15,14.04.2026,14.04.2026 12:16:11,38,85,Mazowieckie,363,Okulistyka,2026/003358,Pozarezydencki,76.82,4.98,17.02.2026 10:29:56,28,NIE,,
w-2026,15,14.04.2026,14.04.2026 12:16:11,38,85,Mazowieckie,364,Okulistyka,2026/003416,Pozarezydencki,76.04,3.28,25.02.2026 21:23:31,28,NIE,,
w-2026,15,14.04.2026,14.04.2026 12:16:11,38,85,Mazowieckie,365,Okulistyka,2026/003407,Pozarezydencki,75.35,3.80,27.02.2026 13:27:06,28,NIE,,
w-2026,15,14.04.2026,14.04.2026 12:16:11,38,85,Mazowieckie,366,Okulistyka,2026/009141,Pozarezydencki,74.66,3.70,02.03.2026 23:48:43,28,NIE,,
w-2026,15,14.04.2026,14.04.2026 12:16:11,38,85,Mazowieckie,367,Okulistyka,2026/004619,Pozarezydencki,73.06,0.00,08.03.2026 11:54:44,28,NIE,,
w-2026,15,14.04.2026,14.04.2026 12:16:11,38,85,Mazowieckie,368,Okulistyka,2026/007955,Pozarezydencki,72.94,4.10,26.02.2026 21:48:20,28,NIE,,
w-2026,15,14.04.2026,14.04.2026 12:16:11,38,85,Mazowieckie,369,Onkologia i hematologia dziecięca,2026/008350,Pozarezydencki,76.85,4.71,09.03.2026 12:56:32,1,NIE,,
w-2026,15,14.04.2026,14.04.2026 12:16:11,38,85,Mazowieckie,370,Onkologia kliniczna,2026/010609,Rezydencki,84.29,4.38,28.02.2026 13:02:44,6,NIE,,
w-2026,15,14.04.2026,14.04.2026 12:16:11,39,85,Mazowieckie,371,Onkologia kliniczna,2026/011877,Rezydencki,81.82,0.00,28.02.2026 23:31:53,6,NIE,,
w-2026,15,14.04.2026,14.04.2026 12:16:11,39,85,Mazowieckie,372,Onkologia kliniczna,2026/008457,Rezydencki,81.16,4.52,21.02.2026 22:51:57,6,NIE,,
w-2026,15,14.04.2026,14.04.2026 12:16:11,39,85,Mazowieckie,373,Onkologia kliniczna,2026/008532,Rezydencki,75.48,4.30,09.03.2026 21:14:34,6,NIE,,
w-2026,15,14.04.2026,14.04.2026 12:16:11,39,85,Mazowieckie,374,Onkologia kliniczna,2026/006229,Rezydencki,72.12,3.73,13.03.2026 11:14:29,6,NIE,,
w-2026,15,14.04.2026,14.04.2026 12:16:11,39,85,Mazowieckie,375,Onkologia kliniczna,2026/005255,Rezydencki,71.90,3.50,22.02.2026 19:07:42,6,NIE,,
w-2026,15,14.04.2026,14.04.2026 12:16:11,39,85,Mazowieckie,376,Onkologia kliniczna,2026/009316,Pozarezydencki,73.36,0.00,12.03.2026 19:59:02,1,NIE,,
w-2026,15,14.04.2026,14.04.2026 12:16:11,39,85,Mazowieckie,377,Ortodoncja,2026/008288,Rezydencki,90.43,4.93,23.02.2026 21:27:26,4,NIE,,
w-2026,15,14.04.2026,14.04.2026 12:16:11,39,85,Mazowieckie,378,Ortodoncja,2026/009350,Rezydencki,88.52,4.64,24.02.2026 15:24:53,4,NIE,,
w-2026,15,14.04.2026,14.04.2026 12:16:11,39,85,Mazowieckie,379,Ortodoncja,2026/003517,Rezydencki,87.14,4.07,11.03.2026 20:10:12,4,NIE,,
w-2026,15,14.04.2026,14.04.2026 12:16:11,39,85,Mazowieckie,380,Ortodoncja,2026/009589,Rezydencki,87.08,4.18,24.02.2026 23:43:14,4,NIE,,
w-2026,15,14.04.2026,14.04.2026 12:16:11,39,85,Mazowieckie,381,Ortopedia i traumatologia narządu ruchu,2026/010574,Rezydencki,88.28,3.75,27.02.2026 21:43:16,14,NIE,,
w-2026,15,14.04.2026,14.04.2026 12:16:11,39,85,Mazowieckie,382,Ortopedia i traumatologia narządu ruchu,2026/008608,Rezydencki,88.10,4.16,02.03.2026 21:28:50,14,NIE,,
w-2026,15,14.04.2026,14.04.2026 12:16:11,39,85,Mazowieckie,383,Ortopedia i traumatologia narządu ruchu,2026/010545,Rezydencki,87.80,3.72,12.03.2026 14:25:28,14,NIE,,
w-2026,15,14.04.2026,14.04.2026 12:16:11,39,85,Mazowieckie,384,Ortopedia i traumatologia narządu ruchu,2026/010039,Rezydencki,87.56,4.10,25.02.2026 23:10:45,14,NIE,,
w-2026,15,14.04.2026,14.04.2026 12:16:11,39,85,Mazowieckie,385,Ortopedia i traumatologia narządu ruchu,2026/008050,Rezydencki,87.50,3.86,27.02.2026 21:18:06,14,NIE,,
w-2026,15,14.04.2026,14.04.2026 12:16:11,39,85,Mazowieckie,386,Ortopedia i traumatologia narządu ruchu,2026/009978,Rezydencki,86.76,4.27,05.03.2026 14:35:26,14,NIE,,
w-2026,15,14.04.2026,14.04.2026 12:16:11,39,85,Mazowieckie,387,Ortopedia i traumatologia narządu ruchu,2026/011399,Rezydencki,86.71,0.00,28.02.2026 10:51:24,14,NIE,,
w-2026,15,14.04.2026,14.04.2026 12:16:11,39,85,Mazowieckie,388,Ortopedia i traumatologia narządu ruchu,2026/008426,Rezydencki,86.60,4.60,27.02.2026 21:02:04,14,NIE,,
w-2026,15,14.04.2026,14.04.2026 12:16:11,39,85,Mazowieckie,389,Ortopedia i traumatologia narządu ruchu,2026/004525,Rezydencki,85.99,3.60,27.02.2026 16:53:07,14,NIE,,
w-2026,15,14.04.2026,14.04.2026 12:16:11,39,85,Mazowieckie,390,Ortopedia i traumatologia narządu ruchu,2026/007914,Rezydencki,85.58,3.85,25.02.2026 23:05:41,14,NIE,,
w-2026,15,14.04.2026,14.04.2026 12:16:11,39,85,Mazowieckie,391,Ortopedia i traumatologia narządu ruchu,2026/011427,Rezydencki,85.17,3.82,28.02.2026 12:20:24,14,NIE,,
w-2026,15,14.04.2026,14.04.2026 12:16:11,39,85,Mazowieckie,392,Ortopedia i traumatologia narządu ruchu,2026/005039,Rezydencki,84.78,4.18,20.02.2026 20:28:29,14,NIE,,
w-2026,15,14.04.2026,14.04.2026 12:16:11,39,85,Mazowieckie,393,Ortopedia i traumatologia narządu ruchu,2026/010487,Rezydencki,84.69,4.22,28.02.2026 18:30:32,14,NIE,,
w-2026,15,14.04.2026,14.04.2026 12:16:11,39,85,Mazowieckie,394,Ortopedia i traumatologia narządu ruchu,2026/009582,Rezydencki,84.29,3.69,18.03.2026 12:04:03,14,NIE,,
w-2026,15,14.04.2026,14.04.2026 12:16:11,39,85,Mazowieckie,395,Ortopedia i traumatologia narządu ruchu,2026/006013,Pozarezydencki,78.77,3.54,11.03.2026 18:27:43,5,NIE,,
w-2026,15,14.04.2026,14.04.2026 12:16:11,39,85,Mazowieckie,396,Ortopedia i traumatologia narządu ruchu,2026/005509,Pozarezydencki,76.61,3.68,11.03.2026 00:17:16,5,NIE,,
w-2026,15,14.04.2026,14.04.2026 12:16:11,39,85,Mazowieckie,397,Ortopedia i traumatologia narządu ruchu,2026/011483,Pozarezydencki,67.58,0.00,28.02.2026 14:51:08,5,NIE,,
w-2026,15,14.04.2026,14.04.2026 12:16:11,39,85,Mazowieckie,398,Ortopedia i traumatologia narządu ruchu,2026/006093,Pozarezydencki,67.29,3.13,17.02.2026 10:49:02,5,NIE,,
w-2026,15,14.04.2026,14.04.2026 12:16:11,39,85,Mazowieckie,399,Ortopedia i traumatologia narządu ruchu,2026/011727,Pozarezydencki,61.11,2.92,12.03.2026 15:43:55,5,NIE,,
w-2026,15,14.04.2026,14.04.2026 12:16:11,39,85,Mazowieckie,400,Otorynolaryngologia,2026/006174,Rezydencki,88.52,3.89,12.02.2026 13:42:28,7,NIE,,
w-2026,15,14.04.2026,14.04.2026 12:16:11,39,85,Mazowieckie,401,Otorynolaryngologia,2026/011553,Rezydencki,88.41,4.18,28.02.2026 23:15:34,7,NIE,,
w-2026,15,14.04.2026,14.04.2026 12:16:11,39,85,Mazowieckie,402,Otorynolaryngologia,2026/006245,Rezydencki,88.16,4.69,12.02.2026 19:17:15,7,NIE,,
w-2026,15,14.04.2026,14.04.2026 12:16:11,39,85,Mazowieckie,403,Otorynolaryngologia,2026/011551,Rezydencki,88.04,4.24,28.02.2026 17:14:59,7,NIE,,
w-2026,15,14.04.2026,14.04.2026 12:16:11,39,85,Mazowieckie,404,Otorynolaryngologia,2026/011458,Rezydencki,86.36,3.96,28.02.2026 20:52:48,7,NIE,,
w-2026,15,14.04.2026,14.04.2026 12:16:11,39,85,Mazowieckie,405,Otorynolaryngologia,2026/009142,Rezydencki,86.27,4.08,27.02.2026 00:21:44,7,NIE,,
w-2026,15,14.04.2026,14.04.2026 12:16:11,39,85,Mazowieckie,406,Otorynolaryngologia,2026/011061,Rezydencki,86.12,3.79,16.03.2026 11:08:07,7,NIE,,
w-2026,15,14.04.2026,14.04.2026 12:16:11,40,85,Mazowieckie,407,Otorynolaryngologia dziecięca,2026/006655,Rezydencki,86.27,4.26,19.03.2026 11:34:06,3,NIE,,
w-2026,15,14.04.2026,14.04.2026 12:16:11,40,85,Mazowieckie,408,Otorynolaryngologia dziecięca,2026/007372,Rezydencki,85.41,3.76,27.02.2026 08:32:36,3,NIE,,
w-2026,15,14.04.2026,14.04.2026 12:16:11,40,85,Mazowieckie,409,Otorynolaryngologia dziecięca,2026/008873,Rezydencki,85.10,3.79,27.02.2026 22:00:28,3,NIE,,
w-2026,15,14.04.2026,14.04.2026 12:16:11,40,85,Mazowieckie,410,Otorynolaryngologia dziecięca,2026/011078,Pozarezydencki,79.55,3.73,27.03.2026 12:03:41,6,NIE,,
w-2026,15,14.04.2026,14.04.2026 12:16:11,40,85,Mazowieckie,411,Otorynolaryngologia dziecięca,2026/007462,Pozarezydencki,75.34,0.00,24.02.2026 23:30:49,6,NIE,,
w-2026,15,14.04.2026,14.04.2026 12:16:11,40,85,Mazowieckie,412,Otorynolaryngologia dziecięca,2026/005500,Pozarezydencki,70.79,4.17,11.03.2026 20:17:39,6,NIE,,
w-2026,15,14.04.2026,14.04.2026 12:16:11,40,85,Mazowieckie,413,Otorynolaryngologia dziecięca,2026/006674,Pozarezydencki,66.51,4.25,16.03.2026 16:18:19,6,NIE,,
w-2026,15,14.04.2026,14.04.2026 12:16:11,40,85,Mazowieckie,414,Otorynolaryngologia dziecięca,2026/008436,Pozarezydencki,58.41,0.00,21.02.2026 21:17:17,6,NIE,,
w-2026,15,14.04.2026,14.04.2026 12:16:11,40,85,Mazowieckie,415,Otorynolaryngologia dziecięca,2026/008951,Pozarezydencki,58.02,3.26,24.02.2026 10:56:17,6,NIE,,
w-2026,15,14.04.2026,14.04.2026 12:16:11,40,85,Mazowieckie,416,Patomorfologia,2026/003723,Rezydencki,88.97,4.56,12.03.2026 14:41:22,2,NIE,,
w-2026,15,14.04.2026,14.04.2026 12:16:11,40,85,Mazowieckie,417,Patomorfologia,2026/010679,Rezydencki,76.56,3.67,27.02.2026 10:39:25,2,NIE,,
w-2026,15,14.04.2026,14.04.2026 12:16:11,40,85,Mazowieckie,418,Pediatria,2026/010100,Rezydencki,91.67,4.14,26.02.2026 08:14:34,14,NIE,,
w-2026,15,14.04.2026,14.04.2026 12:16:11,40,85,Mazowieckie,419,Pediatria,2026/009324,Rezydencki,87.08,3.80,28.02.2026 20:37:10,14,NIE,,
w-2026,15,14.04.2026,14.04.2026 12:16:11,40,85,Mazowieckie,420,Pediatria,2026/007439,Rezydencki,86.76,4.31,17.03.2026 16:54:11,14,NIE,,
w-2026,15,14.04.2026,14.04.2026 12:16:11,40,85,Mazowieckie,421,Pediatria,2026/006899,Rezydencki,86.76,4.17,16.02.2026 13:46:38,14,NIE,,
w-2026,15,14.04.2026,14.04.2026 12:16:11,40,85,Mazowieckie,422,Pediatria,2026/007945,Rezydencki,86.47,3.94,24.02.2026 21:07:52,14,NIE,,
w-2026,15,14.04.2026,14.04.2026 12:16:11,40,85,Mazowieckie,423,Pediatria,2026/011601,Rezydencki,85.65,3.87,28.02.2026 23:06:38,14,NIE,,
w-2026,15,14.04.2026,14.04.2026 12:16:11,40,85,Mazowieckie,424,Pediatria,2026/010944,Rezydencki,83.90,4.23,27.02.2026 13:46:41,14,NIE,,
w-2026,15,14.04.2026,14.04.2026 12:16:11,40,85,Mazowieckie,425,Pediatria,2026/008727,Rezydencki,83.73,4.05,12.03.2026 22:23:01,14,NIE,,
w-2026,15,14.04.2026,14.04.2026 12:16:11,40,85,Mazowieckie,426,Pediatria,2026/003670,Rezydencki,83.33,4.32,27.02.2026 22:40:12,14,NIE,,
w-2026,15,14.04.2026,14.04.2026 12:16:11,40,85,Mazowieckie,427,Pediatria,2026/011043,Rezydencki,80.29,3.85,27.02.2026 18:07:28,14,NIE,,
w-2026,15,14.04.2026,14.04.2026 12:16:11,40,85,Mazowieckie,428,Pediatria,2026/008313,Rezydencki,77.88,4.30,26.02.2026 22:53:38,14,NIE,,
w-2026,15,14.04.2026,14.04.2026 12:16:11,40,85,Mazowieckie,429,Pediatria,2026/011279,Rezydencki,74.64,3.71,27.02.2026 23:10:50,14,NIE,,
w-2026,15,14.04.2026,14.04.2026 12:16:11,40,85,Mazowieckie,430,Pediatria,2026/012063,Rezydencki,67.31,3.58,02.03.2026 21:17:13,14,NIE,,
w-2026,15,14.04.2026,14.04.2026 12:16:11,40,85,Mazowieckie,431,Pediatria,2026/006165,Rezydencki,66.35,4.83,26.02.2026 08:13:30,14,NIE,,
w-2026,15,14.04.2026,14.04.2026 12:16:11,40,85,Mazowieckie,432,Pediatria,2026/010599,Pozarezydencki,0.00,0.00,26.02.2026 21:52:36,1,NIE,,
w-2026,15,14.04.2026,14.04.2026 12:16:11,40,85,Mazowieckie,433,Pediatria metaboliczna,2026/003664,Pozarezydencki,80.00,3.18,06.03.2026 12:42:32,1,NIE,,
w-2026,15,14.04.2026,14.04.2026 12:16:11,40,85,Mazowieckie,434,Perinatologia,2026/007096,Pozarezydencki,91.36,4.27,27.02.2026 17:33:45,7,NIE,,
w-2026,15,14.04.2026,14.04.2026 12:16:11,40,85,Mazowieckie,435,Perinatologia,2026/003391,Pozarezydencki,80.45,3.90,01.02.2026 12:50:00,7,NIE,,
w-2026,15,14.04.2026,14.04.2026 12:16:11,40,85,Mazowieckie,436,Perinatologia,2026/007090,Pozarezydencki,75.68,4.08,17.03.2026 23:00:52,7,NIE,,
w-2026,15,14.04.2026,14.04.2026 12:16:11,40,85,Mazowieckie,437,Perinatologia,2026/004022,Pozarezydencki,74.31,3.75,12.03.2026 12:09:18,7,NIE,,
w-2026,15,14.04.2026,14.04.2026 12:16:11,40,85,Mazowieckie,438,Perinatologia,2026/006775,Pozarezydencki,67.13,4.24,16.03.2026 13:27:03,7,NIE,,
w-2026,15,14.04.2026,14.04.2026 12:16:11,40,85,Mazowieckie,439,Perinatologia,2026/006671,Pozarezydencki,66.20,0.00,30.03.2026 17:10:05,7,NIE,,
w-2026,15,14.04.2026,14.04.2026 12:16:11,40,85,Mazowieckie,440,Perinatologia,2026/011474,Pozarezydencki,65.09,3.32,18.03.2026 20:41:45,7,NIE,,
w-2026,15,14.04.2026,14.04.2026 12:16:11,40,85,Mazowieckie,441,Periodontologia,2026/011190,Rezydencki,87.08,4.12,27.02.2026 21:24:23,2,NIE,,
w-2026,15,14.04.2026,14.04.2026 12:16:11,40,85,Mazowieckie,442,Periodontologia,2026/008851,Rezydencki,85.48,3.91,25.02.2026 12:21:45,2,NIE,,
w-2026,15,14.04.2026,14.04.2026 12:16:11,41,85,Mazowieckie,443,Położnictwo i ginekologia,2026/008446,Rezydencki,90.63,4.00,27.02.2026 22:10:10,26,NIE,,
w-2026,15,14.04.2026,14.04.2026 12:16:11,41,85,Mazowieckie,444,Położnictwo i ginekologia,2026/008999,Rezydencki,89.00,4.16,23.02.2026 17:42:40,26,NIE,,
w-2026,15,14.04.2026,14.04.2026 12:16:11,41,85,Mazowieckie,445,Położnictwo i ginekologia,2026/007509,Rezydencki,88.52,3.70,09.03.2026 16:41:39,26,NIE,,
w-2026,15,14.04.2026,14.04.2026 12:16:11,41,85,Mazowieckie,446,Położnictwo i ginekologia,2026/008462,Rezydencki,88.28,3.87,02.03.2026 20:49:13,26,NIE,,
w-2026,15,14.04.2026,14.04.2026 12:16:11,41,85,Mazowieckie,447,Położnictwo i ginekologia,2026/011057,Rezydencki,88.10,4.19,27.02.2026 18:26:43,26,NIE,,
w-2026,15,14.04.2026,14.04.2026 12:16:11,41,85,Mazowieckie,448,Położnictwo i ginekologia,2026/006281,Rezydencki,87.98,3.60,25.02.2026 13:38:55,26,NIE,,
w-2026,15,14.04.2026,14.04.2026 12:16:11,41,85,Mazowieckie,449,Położnictwo i ginekologia,2026/011322,Rezydencki,87.86,4.52,27.02.2026 23:48:10,26,NIE,,
w-2026,15,14.04.2026,14.04.2026 12:16:11,41,85,Mazowieckie,450,Położnictwo i ginekologia,2026/008991,Rezydencki,87.08,3.77,02.03.2026 13:57:08,26,NIE,,
w-2026,15,14.04.2026,14.04.2026 12:16:11,41,85,Mazowieckie,451,Położnictwo i ginekologia,2026/006246,Rezydencki,87.08,3.76,14.02.2026 18:28:36,26,NIE,,
w-2026,15,14.04.2026,14.04.2026 12:16:11,41,85,Mazowieckie,452,Położnictwo i ginekologia,2026/009572,Rezydencki,86.60,3.80,28.02.2026 23:02:34,26,NIE,,
w-2026,15,14.04.2026,14.04.2026 12:16:11,41,85,Mazowieckie,453,Położnictwo i ginekologia,2026/009084,Rezydencki,86.36,3.89,27.02.2026 23:19:02,26,NIE,,
w-2026,15,14.04.2026,14.04.2026 12:16:11,41,85,Mazowieckie,454,Położnictwo i ginekologia,2026/004901,Rezydencki,85.89,3.95,23.02.2026 19:31:55,26,NIE,,
w-2026,15,14.04.2026,14.04.2026 12:16:11,41,85,Mazowieckie,455,Położnictwo i ginekologia,2026/009240,Rezydencki,85.58,4.09,26.02.2026 11:34:18,26,NIE,,
w-2026,15,14.04.2026,14.04.2026 12:16:11,41,85,Mazowieckie,456,Położnictwo i ginekologia,2026/010645,Rezydencki,85.24,3.98,26.02.2026 22:41:50,26,NIE,,
w-2026,15,14.04.2026,14.04.2026 12:16:11,41,85,Mazowieckie,457,Położnictwo i ginekologia,2026/008607,Rezydencki,85.17,4.19,22.02.2026 18:23:05,26,NIE,,
w-2026,15,14.04.2026,14.04.2026 12:16:11,41,85,Mazowieckie,458,Położnictwo i ginekologia,2026/008621,Rezydencki,85.00,3.95,26.02.2026 15:54:22,26,NIE,,
w-2026,15,14.04.2026,14.04.2026 12:16:11,41,85,Mazowieckie,459,Położnictwo i ginekologia,2026/008689,Rezydencki,84.39,3.76,22.02.2026 21:44:07,26,NIE,,
w-2026,15,14.04.2026,14.04.2026 12:16:11,41,85,Mazowieckie,460,Położnictwo i ginekologia,2026/006605,Rezydencki,84.30,4.43,15.02.2026 11:12:06,26,NIE,,
w-2026,15,14.04.2026,14.04.2026 12:16:11,41,85,Mazowieckie,461,Położnictwo i ginekologia,2026/011290,Rezydencki,84.29,3.84,27.02.2026 23:19:08,26,NIE,,
w-2026,15,14.04.2026,14.04.2026 12:16:11,41,85,Mazowieckie,462,Położnictwo i ginekologia,2026/007080,Rezydencki,84.13,4.35,22.02.2026 19:15:57,26,NIE,,
w-2026,15,14.04.2026,14.04.2026 12:16:11,41,85,Mazowieckie,463,Położnictwo i ginekologia,2026/006443,Rezydencki,83.81,4.00,22.02.2026 10:20:42,26,NIE,,
w-2026,15,14.04.2026,14.04.2026 12:16:11,41,85,Mazowieckie,464,Położnictwo i ginekologia,2026/009950,Rezydencki,83.33,3.26,25.02.2026 19:45:44,26,NIE,,
w-2026,15,14.04.2026,14.04.2026 12:16:11,41,85,Mazowieckie,465,Położnictwo i ginekologia,2026/009913,Rezydencki,81.34,4.08,27.02.2026 20:47:54,26,NIE,,
w-2026,15,14.04.2026,14.04.2026 12:16:11,41,85,Mazowieckie,466,Położnictwo i ginekologia,2026/007714,Rezydencki,79.90,3.93,28.02.2026 20:36:52,26,NIE,,
w-2026,15,14.04.2026,14.04.2026 12:16:11,41,85,Mazowieckie,467,Położnictwo i ginekologia,2026/009510,Rezydencki,79.90,3.76,24.02.2026 20:48:06,26,NIE,,
w-2026,15,14.04.2026,14.04.2026 12:16:11,41,85,Mazowieckie,468,Położnictwo i ginekologia,2026/010667,Rezydencki,77.99,4.15,27.02.2026 14:18:41,26,NIE,,
w-2026,15,14.04.2026,14.04.2026 12:16:11,41,85,Mazowieckie,469,Położnictwo i ginekologia,2026/011134,Pozarezydencki,74.19,4.59,20.03.2026 20:23:56,3,NIE,,
w-2026,15,14.04.2026,14.04.2026 12:16:11,41,85,Mazowieckie,470,Położnictwo i ginekologia,2026/009176,Pozarezydencki,72.02,3.96,23.02.2026 23:55:20,3,NIE,,
w-2026,15,14.04.2026,14.04.2026 12:16:11,41,85,Mazowieckie,471,Położnictwo i ginekologia,2026/004142,Pozarezydencki,62.27,3.74,13.03.2026 19:57:14,3,NIE,,
w-2026,15,14.04.2026,14.04.2026 12:16:11,41,85,Mazowieckie,472,Protetyka stomatologiczna,2026/005841,Rezydencki,83.82,4.53,18.02.2026 13:13:56,5,NIE,,
w-2026,15,14.04.2026,14.04.2026 12:16:11,41,85,Mazowieckie,473,Protetyka stomatologiczna,2026/009752,Rezydencki,82.78,4.05,18.03.2026 08:34:25,5,NIE,,
w-2026,15,14.04.2026,14.04.2026 12:16:11,41,85,Mazowieckie,474,Protetyka stomatologiczna,2026/008183,Rezydencki,82.38,3.84,25.02.2026 09:43:05,5,NIE,,
w-2026,15,14.04.2026,14.04.2026 12:16:11,41,85,Mazowieckie,475,Protetyka stomatologiczna,2026/005654,Rezydencki,82.13,4.34,10.02.2026 19:21:24,5,NIE,,
w-2026,15,14.04.2026,14.04.2026 12:16:11,41,85,Mazowieckie,476,Protetyka stomatologiczna,2026/004191,Rezydencki,81.90,3.73,06.02.2026 17:20:41,5,NIE,,
w-2026,15,14.04.2026,14.04.2026 12:16:11,41,85,Mazowieckie,477,Psychiatria,2026/011998,Rezydencki,90.43,4.08,02.03.2026 23:14:46,29,NIE,,
w-2026,15,14.04.2026,14.04.2026 12:16:11,41,85,Mazowieckie,478,Psychiatria,2026/004887,Rezydencki,89.47,3.91,11.02.2026 21:22:40,29,NIE,,
w-2026,15,14.04.2026,14.04.2026 12:16:11,42,85,Mazowieckie,479,Psychiatria,2026/007278,Rezydencki,87.92,3.94,26.02.2026 12:18:41,29,NIE,,
w-2026,15,14.04.2026,14.04.2026 12:16:11,42,85,Mazowieckie,480,Psychiatria,2026/010852,Rezydencki,86.27,3.71,27.02.2026 11:01:34,29,NIE,,
w-2026,15,14.04.2026,14.04.2026 12:16:11,42,85,Mazowieckie,481,Psychiatria,2026/008043,Rezydencki,86.19,4.28,25.02.2026 13:44:40,29,NIE,,
w-2026,15,14.04.2026,14.04.2026 12:16:11,42,85,Mazowieckie,482,Psychiatria,2026/008925,Rezydencki,86.12,4.09,24.02.2026 20:11:10,29,NIE,,
w-2026,15,14.04.2026,14.04.2026 12:16:11,42,85,Mazowieckie,483,Psychiatria,2026/010720,Rezydencki,85.51,4.00,27.02.2026 01:48:46,29,NIE,,
w-2026,15,14.04.2026,14.04.2026 12:16:11,42,85,Mazowieckie,484,Psychiatria,2026/005436,Rezydencki,85.27,4.53,21.02.2026 10:52:09,29,NIE,,
w-2026,15,14.04.2026,14.04.2026 12:16:11,42,85,Mazowieckie,485,Psychiatria,2026/004822,Rezydencki,85.02,4.42,24.02.2026 19:48:06,29,NIE,,
w-2026,15,14.04.2026,14.04.2026 12:16:11,42,85,Mazowieckie,486,Psychiatria,2026/005408,Rezydencki,84.69,4.13,27.02.2026 10:15:27,29,NIE,,
w-2026,15,14.04.2026,14.04.2026 12:16:11,42,85,Mazowieckie,487,Psychiatria,2026/007678,Rezydencki,84.56,4.25,18.02.2026 18:42:25,29,NIE,,
w-2026,15,14.04.2026,14.04.2026 12:16:11,42,85,Mazowieckie,488,Psychiatria,2026/007418,Rezydencki,84.45,3.53,02.03.2026 17:39:40,29,NIE,,
w-2026,15,14.04.2026,14.04.2026 12:16:11,42,85,Mazowieckie,489,Psychiatria,2026/003299,Rezydencki,84.30,4.06,23.02.2026 14:02:05,29,NIE,,
w-2026,15,14.04.2026,14.04.2026 12:16:11,42,85,Mazowieckie,490,Psychiatria,2026/006231,Rezydencki,84.29,4.15,27.02.2026 19:44:35,29,NIE,,
w-2026,15,14.04.2026,14.04.2026 12:16:11,42,85,Mazowieckie,491,Psychiatria,2026/006470,Rezydencki,83.65,4.23,28.02.2026 12:29:37,29,NIE,,
w-2026,15,14.04.2026,14.04.2026 12:16:11,42,85,Mazowieckie,492,Psychiatria,2026/003297,Rezydencki,82.78,3.74,04.02.2026 00:00:14,29,NIE,,
w-2026,15,14.04.2026,14.04.2026 12:16:11,42,85,Mazowieckie,493,Psychiatria,2026/009384,Rezydencki,82.78,3.60,27.02.2026 13:03:44,29,NIE,,
w-2026,15,14.04.2026,14.04.2026 12:16:11,42,85,Mazowieckie,494,Psychiatria,2026/003757,Rezydencki,82.78,3.24,28.02.2026 22:04:07,29,NIE,,
w-2026,15,14.04.2026,14.04.2026 12:16:11,42,85,Mazowieckie,495,Psychiatria,2026/005690,Rezydencki,82.44,3.85,11.02.2026 17:51:56,29,NIE,,
w-2026,15,14.04.2026,14.04.2026 12:16:11,42,85,Mazowieckie,496,Psychiatria,2026/011363,Rezydencki,82.35,3.81,28.02.2026 13:53:17,29,NIE,,
w-2026,15,14.04.2026,14.04.2026 12:16:11,42,85,Mazowieckie,497,Psychiatria,2026/011823,Rezydencki,82.06,3.59,28.02.2026 22:06:35,29,NIE,,
w-2026,15,14.04.2026,14.04.2026 12:16:11,42,85,Mazowieckie,498,Psychiatria,2026/008491,Rezydencki,81.97,4.11,27.02.2026 22:19:03,29,NIE,,
w-2026,15,14.04.2026,14.04.2026 12:16:11,42,85,Mazowieckie,499,Psychiatria,2026/011552,Rezydencki,81.86,4.06,28.02.2026 17:15:43,29,NIE,,
w-2026,15,14.04.2026,14.04.2026 12:16:11,42,85,Mazowieckie,500,Psychiatria,2026/007726,Rezydencki,81.43,3.79,09.03.2026 15:22:23,29,NIE,,
w-2026,15,14.04.2026,14.04.2026 12:16:11,42,85,Mazowieckie,501,Psychiatria,2026/008417,Rezydencki,81.25,3.76,21.02.2026 19:00:32,29,NIE,,
w-2026,15,14.04.2026,14.04.2026 12:16:11,42,85,Mazowieckie,502,Psychiatria,2026/011009,Rezydencki,80.48,4.03,28.02.2026 13:58:56,29,NIE,,
w-2026,15,14.04.2026,14.04.2026 12:16:11,42,85,Mazowieckie,503,Psychiatria,2026/007082,Rezydencki,79.33,4.19,25.02.2026 18:09:00,29,NIE,,
w-2026,15,14.04.2026,14.04.2026 12:16:11,42,85,Mazowieckie,504,Psychiatria,2026/010678,Rezydencki,79.33,3.37,27.02.2026 19:45:33,29,NIE,,
w-2026,15,14.04.2026,14.04.2026 12:16:11,42,85,Mazowieckie,505,Psychiatria,2026/006760,Rezydencki,78.54,0.00,15.02.2026 22:50:09,29,NIE,,
w-2026,15,14.04.2026,14.04.2026 12:16:11,42,85,Mazowieckie,506,Psychiatria,2026/010016,Pozarezydencki,75.34,3.22,02.03.2026 10:05:41,4,NIE,,
w-2026,15,14.04.2026,14.04.2026 12:16:11,42,85,Mazowieckie,507,Psychiatria,2026/003790,Pozarezydencki,73.73,3.85,19.02.2026 13:53:05,4,NIE,,
w-2026,15,14.04.2026,14.04.2026 12:16:11,42,85,Mazowieckie,508,Psychiatria,2026/009529,Pozarezydencki,73.36,3.65,06.03.2026 08:57:02,4,NIE,,
w-2026,15,14.04.2026,14.04.2026 12:16:11,42,85,Mazowieckie,509,Psychiatria,2026/010391,Pozarezydencki,73.13,3.93,26.02.2026 15:58:54,4,NIE,,
w-2026,15,14.04.2026,14.04.2026 12:16:11,42,85,Mazowieckie,510,Psychiatria dzieci i młodzieży,2026/010505,Rezydencki,90.82,4.21,28.02.2026 15:25:36,12,NIE,,
w-2026,15,14.04.2026,14.04.2026 12:16:11,42,85,Mazowieckie,511,Psychiatria dzieci i młodzieży,2026/008309,Rezydencki,90.34,4.57,20.02.2026 20:43:42,12,NIE,,
w-2026,15,14.04.2026,14.04.2026 12:16:11,42,85,Mazowieckie,512,Psychiatria dzieci i młodzieży,2026/009909,Rezydencki,90.34,4.05,28.02.2026 23:26:03,12,NIE,,
w-2026,15,14.04.2026,14.04.2026 12:16:11,42,85,Mazowieckie,513,Psychiatria dzieci i młodzieży,2026/007683,Rezydencki,86.12,3.97,02.03.2026 21:11:07,12,NIE,,
w-2026,15,14.04.2026,14.04.2026 12:16:11,42,85,Mazowieckie,514,Psychiatria dzieci i młodzieży,2026/009790,Rezydencki,85.89,4.07,25.02.2026 13:42:00,12,NIE,,
w-2026,15,14.04.2026,14.04.2026 12:16:11,43,85,Mazowieckie,515,Psychiatria dzieci i młodzieży,2026/005428,Rezydencki,85.71,3.74,22.02.2026 12:35:04,12,NIE,,
w-2026,15,14.04.2026,14.04.2026 12:16:11,43,85,Mazowieckie,516,Psychiatria dzieci i młodzieży,2026/009259,Rezydencki,85.17,3.44,24.02.2026 11:00:46,12,NIE,,
w-2026,15,14.04.2026,14.04.2026 12:16:11,43,85,Mazowieckie,517,Psychiatria dzieci i młodzieży,2026/005989,Rezydencki,84.93,3.61,27.02.2026 21:07:53,12,NIE,,
w-2026,15,14.04.2026,14.04.2026 12:16:11,43,85,Mazowieckie,518,Psychiatria dzieci i młodzieży,2026/009426,Rezydencki,84.13,3.96,26.02.2026 19:58:46,12,NIE,,
w-2026,15,14.04.2026,14.04.2026 12:16:11,43,85,Mazowieckie,519,Psychiatria dzieci i młodzieży,2026/011204,Rezydencki,82.93,3.95,13.03.2026 06:25:43,12,NIE,,
w-2026,15,14.04.2026,14.04.2026 12:16:11,43,85,Mazowieckie,520,Psychiatria dzieci i młodzieży,2026/008889,Rezydencki,82.30,4.04,27.02.2026 17:25:19,12,NIE,,
w-2026,15,14.04.2026,14.04.2026 12:16:11,43,85,Mazowieckie,521,Psychiatria dzieci i młodzieży,2026/010509,Rezydencki,81.16,4.11,26.02.2026 20:02:23,12,NIE,,
w-2026,15,14.04.2026,14.04.2026 12:16:11,43,85,Mazowieckie,522,Radiologia i diagnostyka obrazowa,2026/007242,Rezydencki,91.39,4.16,17.02.2026 13:25:23,5,NIE,,
w-2026,15,14.04.2026,14.04.2026 12:16:11,43,85,Mazowieckie,523,Radiologia i diagnostyka obrazowa,2026/003622,Rezydencki,91.30,4.03,19.03.2026 18:32:17,5,NIE,,
w-2026,15,14.04.2026,14.04.2026 12:16:11,43,85,Mazowieckie,524,Radiologia i diagnostyka obrazowa,2026/010202,Rezydencki,89.95,4.20,02.03.2026 19:15:29,5,NIE,,
w-2026,15,14.04.2026,14.04.2026 12:16:11,43,85,Mazowieckie,525,Radiologia i diagnostyka obrazowa,2026/008002,Rezydencki,89.61,4.61,28.02.2026 21:25:39,5,NIE,,
w-2026,15,14.04.2026,14.04.2026 12:16:11,43,85,Mazowieckie,526,Radiologia i diagnostyka obrazowa,2026/008633,Rezydencki,89.52,3.43,22.02.2026 19:16:41,5,NIE,,
w-2026,15,14.04.2026,14.04.2026 12:16:11,43,85,Mazowieckie,527,Radiologia i diagnostyka obrazowa,2026/008035,Pozarezydencki,82.27,4.18,24.02.2026 12:35:42,10,NIE,,
w-2026,15,14.04.2026,14.04.2026 12:16:11,43,85,Mazowieckie,528,Radiologia i diagnostyka obrazowa,2026/006567,Pozarezydencki,81.19,4.62,28.02.2026 21:36:20,10,NIE,,
w-2026,15,14.04.2026,14.04.2026 12:16:11,43,85,Mazowieckie,529,Radiologia i diagnostyka obrazowa,2026/009348,Pozarezydencki,80.65,3.77,27.02.2026 12:43:35,10,NIE,,
w-2026,15,14.04.2026,14.04.2026 12:16:11,43,85,Mazowieckie,530,Radiologia i diagnostyka obrazowa,2026/009994,Pozarezydencki,79.09,3.90,28.02.2026 08:36:37,10,NIE,,
w-2026,15,14.04.2026,14.04.2026 12:16:11,43,85,Mazowieckie,531,Radiologia i diagnostyka obrazowa,2026/006199,Pozarezydencki,76.26,3.78,27.02.2026 21:20:49,10,NIE,,
w-2026,15,14.04.2026,14.04.2026 12:16:11,43,85,Mazowieckie,532,Radiologia i diagnostyka obrazowa,2026/011503,Pozarezydencki,73.39,4.19,28.02.2026 15:21:40,10,NIE,,
w-2026,15,14.04.2026,14.04.2026 12:16:11,43,85,Mazowieckie,533,Radiologia i diagnostyka obrazowa,2026/011261,Pozarezydencki,70.18,4.57,27.02.2026 22:40:07,10,NIE,,
w-2026,15,14.04.2026,14.04.2026 12:16:11,43,85,Mazowieckie,534,Radiologia i diagnostyka obrazowa,2026/005705,Pozarezydencki,68.58,0.00,30.03.2026 16:30:20,10,NIE,,
w-2026,15,14.04.2026,14.04.2026 12:16:11,43,85,Mazowieckie,535,Radiologia i diagnostyka obrazowa,2026/010697,Pozarezydencki,59.63,3.72,27.02.2026 00:06:46,10,NIE,,
w-2026,15,14.04.2026,14.04.2026 12:16:11,43,85,Mazowieckie,536,Radiologia i diagnostyka obrazowa,2026/011589,Pozarezydencki,52.75,3.92,13.03.2026 13:32:31,10,NIE,,
w-2026,15,14.04.2026,14.04.2026 12:16:11,43,85,Mazowieckie,537,Radioterapia onkologiczna,2026/008732,Rezydencki,88.41,4.23,27.02.2026 18:53:03,2,NIE,,
w-2026,15,14.04.2026,14.04.2026 12:16:11,43,85,Mazowieckie,538,Radioterapia onkologiczna,2026/009065,Rezydencki,78.47,4.07,23.02.2026 20:00:19,2,NIE,,
w-2026,15,14.04.2026,14.04.2026 12:16:11,43,85,Mazowieckie,539,Rehabilitacja medyczna,2026/007749,Rezydencki,81.90,4.26,19.02.2026 13:38:36,4,NIE,,
w-2026,15,14.04.2026,14.04.2026 12:16:11,43,85,Mazowieckie,540,Rehabilitacja medyczna,2026/005412,Rezydencki,80.29,4.31,28.02.2026 11:20:24,4,NIE,,
w-2026,15,14.04.2026,14.04.2026 12:16:11,43,85,Mazowieckie,541,Rehabilitacja medyczna,2026/003500,Rezydencki,80.00,3.96,06.03.2026 12:01:50,4,NIE,,
w-2026,15,14.04.2026,14.04.2026 12:16:11,43,85,Mazowieckie,542,Rehabilitacja medyczna,2026/008719,Rezydencki,66.51,4.05,25.02.2026 01:18:30,4,NIE,,
w-2026,15,14.04.2026,14.04.2026 12:16:11,43,85,Mazowieckie,543,Rehabilitacja medyczna,2026/009684,Pozarezydencki,76.39,3.91,23.03.2026 22:41:26,6,NIE,,
w-2026,15,14.04.2026,14.04.2026 12:16:11,43,85,Mazowieckie,544,Rehabilitacja medyczna,2026/004380,Pozarezydencki,75.00,4.57,17.02.2026 18:50:35,6,NIE,,
w-2026,15,14.04.2026,14.04.2026 12:16:11,43,85,Mazowieckie,545,Rehabilitacja medyczna,2026/009233,Pozarezydencki,70.91,3.60,24.03.2026 13:59:48,6,NIE,,
w-2026,15,14.04.2026,14.04.2026 12:16:11,43,85,Mazowieckie,546,Rehabilitacja medyczna,2026/011971,Pozarezydencki,70.91,0.00,01.03.2026 12:52:30,6,NIE,,
w-2026,15,14.04.2026,14.04.2026 12:16:11,43,85,Mazowieckie,547,Rehabilitacja medyczna,2026/007081,Pozarezydencki,70.64,3.83,30.03.2026 09:44:02,6,NIE,,
w-2026,15,14.04.2026,14.04.2026 12:16:11,43,85,Mazowieckie,548,Rehabilitacja medyczna,2026/005517,Pozarezydencki,67.43,4.18,18.03.2026 08:56:36,6,NIE,,
w-2026,15,14.04.2026,14.04.2026 12:16:11,43,85,Mazowieckie,549,Reumatologia,2026/008892,Rezydencki,92.31,3.72,23.02.2026 18:38:27,5,NIE,,
w-2026,15,14.04.2026,14.04.2026 12:16:11,43,85,Mazowieckie,550,Reumatologia,2026/009593,Rezydencki,91.87,4.52,26.02.2026 21:34:26,5,NIE,,
w-2026,15,14.04.2026,14.04.2026 12:16:11,44,85,Mazowieckie,551,Reumatologia,2026/003549,Rezydencki,90.69,4.52,12.02.2026 10:06:38,5,NIE,,
w-2026,15,14.04.2026,14.04.2026 12:16:11,44,85,Mazowieckie,552,Reumatologia,2026/008040,Rezydencki,90.67,4.38,28.02.2026 20:18:17,5,NIE,,
w-2026,15,14.04.2026,14.04.2026 12:16:11,44,85,Mazowieckie,553,Reumatologia,2026/010125,Rezydencki,90.19,4.02,28.02.2026 21:39:19,5,NIE,,
w-2026,15,14.04.2026,14.04.2026 12:16:11,44,85,Mazowieckie,554,Reumatologia,2026/004716,Pozarezydencki,80.84,4.27,24.02.2026 09:41:27,1,NIE,,
w-2026,15,14.04.2026,14.04.2026 12:16:11,44,85,Mazowieckie,555,Stomatologia dziecięca,2026/003726,Rezydencki,84.29,4.19,05.02.2026 22:40:34,2,NIE,,
w-2026,15,14.04.2026,14.04.2026 12:16:11,44,85,Mazowieckie,556,Stomatologia dziecięca,2026/008636,Rezydencki,84.13,4.34,22.02.2026 19:56:41,2,NIE,,
w-2026,15,14.04.2026,14.04.2026 12:16:11,44,85,Mazowieckie,557,Stomatologia zachowawcza z endodoncją,2026/009762,Rezydencki,80.38,3.67,26.02.2026 22:23:13,4,NIE,,
w-2026,15,14.04.2026,14.04.2026 12:16:11,44,85,Mazowieckie,558,Stomatologia zachowawcza z endodoncją,2026/008661,Rezydencki,79.90,4.80,24.02.2026 12:30:22,4,NIE,,
w-2026,15,14.04.2026,14.04.2026 12:16:11,44,85,Mazowieckie,559,Stomatologia zachowawcza z endodoncją,2026/006737,Rezydencki,79.52,4.05,15.02.2026 22:02:16,4,NIE,,
w-2026,15,14.04.2026,14.04.2026 12:16:11,44,85,Mazowieckie,560,Stomatologia zachowawcza z endodoncją,2026/009355,Rezydencki,79.05,3.98,24.02.2026 15:19:26,4,NIE,,
w-2026,15,14.04.2026,14.04.2026 12:16:11,44,85,Mazowieckie,561,Transfuzjologia kliniczna,2026/006621,Pozarezydencki,80.00,4.03,20.03.2026 12:46:44,3,NIE,,
w-2026,15,14.04.2026,14.04.2026 12:16:11,44,85,Mazowieckie,562,Transfuzjologia kliniczna,2026/010796,Pozarezydencki,73.73,4.30,24.03.2026 14:32:59,3,NIE,,
w-2026,15,14.04.2026,14.04.2026 12:16:11,44,85,Mazowieckie,563,Transfuzjologia kliniczna,2026/005253,Pozarezydencki,66.36,0.00,17.03.2026 12:28:26,3,NIE,,
w-2026,15,14.04.2026,14.04.2026 12:16:11,44,85,Mazowieckie,564,Transplantologia kliniczna,2026/011494,Pozarezydencki,90.45,3.71,28.02.2026 22:08:31,16,NIE,,
w-2026,15,14.04.2026,14.04.2026 12:16:11,44,85,Mazowieckie,565,Transplantologia kliniczna,2026/005396,Pozarezydencki,89.55,4.24,19.02.2026 17:37:53,16,NIE,,
w-2026,15,14.04.2026,14.04.2026 12:16:11,44,85,Mazowieckie,566,Transplantologia kliniczna,2026/010066,Pozarezydencki,88.00,4.53,25.03.2026 22:06:33,16,NIE,,
w-2026,15,14.04.2026,14.04.2026 12:16:11,44,85,Mazowieckie,567,Transplantologia kliniczna,2026/003678,Pozarezydencki,87.50,4.61,19.03.2026 14:53:04,16,NIE,,
w-2026,15,14.04.2026,14.04.2026 12:16:11,44,85,Mazowieckie,568,Transplantologia kliniczna,2026/003445,Pozarezydencki,84.55,4.50,19.03.2026 19:42:33,16,NIE,,
w-2026,15,14.04.2026,14.04.2026 12:16:11,44,85,Mazowieckie,569,Transplantologia kliniczna,2026/012051,Pozarezydencki,84.55,0.00,12.03.2026 12:59:21,16,NIE,,
w-2026,15,14.04.2026,14.04.2026 12:16:11,44,85,Mazowieckie,570,Transplantologia kliniczna,2026/004944,Pozarezydencki,82.27,3.49,22.02.2026 19:53:20,16,NIE,,
w-2026,15,14.04.2026,14.04.2026 12:16:11,44,85,Mazowieckie,571,Transplantologia kliniczna,2026/003964,Pozarezydencki,81.36,4.40,20.03.2026 09:45:52,16,NIE,,
w-2026,15,14.04.2026,14.04.2026 12:16:11,44,85,Mazowieckie,572,Transplantologia kliniczna,2026/011717,Pozarezydencki,81.36,0.00,28.02.2026 20:31:56,16,NIE,,
w-2026,15,14.04.2026,14.04.2026 12:16:11,44,85,Mazowieckie,573,Transplantologia kliniczna,2026/004580,Pozarezydencki,75.91,3.95,18.03.2026 10:25:22,16,NIE,,
w-2026,15,14.04.2026,14.04.2026 12:16:11,44,85,Mazowieckie,574,Transplantologia kliniczna,2026/009507,Pozarezydencki,73.64,4.51,27.02.2026 23:07:39,16,NIE,,
w-2026,15,14.04.2026,14.04.2026 12:16:11,44,85,Mazowieckie,575,Transplantologia kliniczna,2026/004883,Pozarezydencki,73.41,3.27,23.03.2026 13:11:41,16,NIE,,
w-2026,15,14.04.2026,14.04.2026 12:16:11,44,85,Mazowieckie,576,Transplantologia kliniczna,2026/003559,Pozarezydencki,70.91,3.26,31.03.2026 09:06:34,16,NIE,,
w-2026,15,14.04.2026,14.04.2026 12:16:11,44,85,Mazowieckie,577,Transplantologia kliniczna,2026/011830,Pozarezydencki,70.91,3.22,17.03.2026 19:11:28,16,NIE,,
w-2026,15,14.04.2026,14.04.2026 12:16:11,44,85,Mazowieckie,578,Transplantologia kliniczna,2026/009780,Pozarezydencki,69.95,3.89,31.03.2026 11:18:21,16,NIE,,
w-2026,15,14.04.2026,14.04.2026 12:16:11,44,85,Mazowieckie,579,Transplantologia kliniczna,2026/004197,Pozarezydencki,68.64,3.73,19.03.2026 18:06:33,16,NIE,,
w-2026,15,14.04.2026,14.04.2026 12:16:11,44,85,Mazowieckie,580,Urologia,2026/003845,Rezydencki,90.00,4.32,28.02.2026 13:52:02,4,NIE,,
w-2026,15,14.04.2026,14.04.2026 12:16:11,44,85,Mazowieckie,581,Urologia,2026/008024,Rezydencki,89.52,4.14,13.03.2026 10:34:31,4,NIE,,
w-2026,15,14.04.2026,14.04.2026 12:16:11,44,85,Mazowieckie,582,Urologia,2026/006220,Rezydencki,88.89,4.34,12.02.2026 19:01:16,4,NIE,,
w-2026,15,14.04.2026,14.04.2026 12:16:11,44,85,Mazowieckie,583,Urologia,2026/011416,Rezydencki,88.52,3.73,28.02.2026 11:46:06,4,NIE,,
w-2026,15,14.04.2026,14.04.2026 12:16:11,44,85,Mazowieckie,584,Urologia,2026/010530,Pozarezydencki,83.87,3.64,28.02.2026 21:57:09,2,NIE,,
w-2026,15,14.04.2026,14.04.2026 12:16:11,44,85,Mazowieckie,585,Urologia,2026/011417,Pozarezydencki,81.96,4.15,28.02.2026 13:22:56,2,NIE,,
w-2026,15,14.04.2026,14.04.2026 12:16:11,44,85,Mazowieckie,586,Zdrowie publiczne,2026/003837,Rezydencki,83.73,4.02,24.02.2026 09:38:34,1,NIE,,
w-2026,15,14.04.2026,14.04.2026 12:16:11,45,85,Mazowieckie,587,Zdrowie publiczne,2026/003479,Pozarezydencki,72.48,4.39,08.02.2026 18:03:15,1,NIE,,
w-2026,15,14.04.2026,14.04.2026 12:16:11,45,85,Mazowieckie,1,Periodontologia,2026/004293,Rezydencki,83.09,3.89,04.02.2026 13:51:23,1,TAK,"""CENTRUM MEDYCZNE WARSZAWSKIEGO UNIWERSYTETU MEDYCZNEGO"" SPÓŁKA Z OGRANICZONĄ ODPOWIEDZIALNOŚCIĄ","Uniwersyteckie Centrum Stomatologii, Zakład Chorób Błony Śluzowej i Przyzębia"
w-2026,15,14.04.2026,14.04.2026 12:16:11,45,85,Mazowieckie,1,Kardiologia,2026/003390,Rezydencki,86.27,4.19,01.02.2026 12:45:09,3,TAK,Mazowiecki Szpital Bródnowski Spółka z ograniczoną odpowiedzialnością,"Zespół Oddziałów Chorób Wewnętrznych, Kardiologii i Nadciśnienia Tętniczego, Katedra i Klinika Kardiologii, Nadciśnienia Tętniczego i Chorób Wewnętrznych Wydziału Lekarskiego WUM"
w-2026,15,14.04.2026,14.04.2026 12:16:11,45,85,Mazowieckie,1,Endokrynologia,2026/007049,Rezydencki,88.41,4.38,18.02.2026 12:39:13,1,TAK,Mazowiecki Szpital Bródnowski Spółka z ograniczoną odpowiedzialnością,"Zespół Oddziałów Chorób Wewnętrznych, Endokrynologii i Diabetologii, Katedra i Klinika Chorób Wewnętrznych, Endokrynologii i Diabetologii WUM"
w-2026,15,14.04.2026,14.04.2026 12:16:11,45,85,Mazowieckie,1,Kardiologia,2026/003541,Rezydencki,88.73,4.61,26.02.2026 15:39:27,3,TAK,Międzyleski Szpital Specjalistyczny w Warszawie,Oddział kardiologii i chorób wewnętrznych
w-2026,15,14.04.2026,14.04.2026 12:16:11,45,85,Mazowieckie,1,Okulistyka,2026/011094,Rezydencki,88.52,4.26,27.02.2026 19:06:57,4,TAK,Samodzielny Publiczny Kliniczny Szpital Okulistyczny w Warszawie,"Oddział okulistyczny, Katedra i Klinika Okulistyki Wydział Lekarski Warszawski Uniwersytet Medyczny"
w-2026,15,14.04.2026,14.04.2026 12:16:11,45,85,Mazowieckie,2,Okulistyka,2026/007047,Rezydencki,88.04,4.42,24.02.2026 18:07:56,4,TAK,Samodzielny Publiczny Kliniczny Szpital Okulistyczny w Warszawie,"Oddział okulistyczny, Katedra i Klinika Okulistyki Wydział Lekarski Warszawski Uniwersytet Medyczny"
w-2026,15,14.04.2026,14.04.2026 12:16:11,45,85,Mazowieckie,3,Okulistyka,2026/009177,Rezydencki,86.60,3.85,24.02.2026 00:02:16,4,TAK,Samodzielny Publiczny Kliniczny Szpital Okulistyczny w Warszawie,"Oddział okulistyczny, Katedra i Klinika Okulistyki Wydział Lekarski Warszawski Uniwersytet Medyczny"
w-2026,15,14.04.2026,14.04.2026 12:16:11,45,85,Mazowieckie,4,Okulistyka,2026/004978,Rezydencki,68.10,3.41,16.03.2026 20:24:13,4,TAK,Samodzielny Publiczny Kliniczny Szpital Okulistyczny w Warszawie,"Oddział okulistyczny, Katedra i Klinika Okulistyki Wydział Lekarski Warszawski Uniwersytet Medyczny"
w-2026,15,14.04.2026,14.04.2026 12:16:11,45,85,Mazowieckie,1,Urologia,2026/004308,Rezydencki,82.69,4.26,27.02.2026 17:13:38,1,TAK,UNIWERSYTECKIE CENTRUM KLINICZNE WARSZAWSKIEGO UNIWERSYTETU MEDYCZNEGO,Oddział Urologiczny (A i B)
w-2026,15,14.04.2026,14.04.2026 12:16:11,45,85,Mazowieckie,1,Położnictwo i ginekologia,2026/009098,Rezydencki,81.10,3.80,28.02.2026 21:12:53,1,TAK,UNIWERSYTECKIE CENTRUM KLINICZNE WARSZAWSKIEGO UNIWERSYTETU MEDYCZNEGO,"Dziecięcy Szpital Kliniczny im. Józefa Polikarpa Brudzińskiego w Warszawie, Oddział Kliniczny Położnictwa, Perinatologii, Ginekologii i Rozrodczości; Poradnia Ginekologiczno-Położnicza"
w-2026,15,14.04.2026,14.04.2026 12:16:11,46,85,Mazowieckie,1,Kardiologia dziecięca,2026/005073,Rezydencki,89.86,4.30,05.03.2026 13:24:54,1,TAK,Status dokumentu Opublikowanie wyników,UNIWERSYTECKIE CENTRUM KLINICZNE WARSZAWSKIEGO UNIWERSYTETU MEDYCZNEGO Oddział Kliniczny Kardiologii Dziecięcej i Pediatrii
w-2026,15,14.04.2026,14.04.2026 12:16:11,46,85,Mazowieckie,1,Ortopedia i traumatologia narządu ruchu,2026/003762,Rezydencki,86.43,3.80,15.02.2026 16:52:45,1,TAK,UNIWERSYTECKIE CENTRUM KLINICZNE WARSZAWSKIEGO UNIWERSYTETU MEDYCZNEGO,Oddział Ortopedii i Traumatologii Narządu Ruchu
w-2026,15,14.04.2026,14.04.2026 12:16:11,46,85,Mazowieckie,1,Kardiologia,2026/003468,Rezydencki,75.24,5.00,18.02.2026 12:00:26,3,TAK,Uniwersyteckie Centrum Kliniczne Warszawskiego Uniwersytetu Medycznego,Klinika Kardiologii
w-2026,15,14.04.2026,14.04.2026 12:16:11,46,85,Opolskie,1,Alergologia,2026/010063,Pozarezydencki,80.00,4.31,17.03.2026 12:14:50,3,NIE,,
w-2026,15,14.04.2026,14.04.2026 12:16:11,46,85,Opolskie,2,Alergologia,2026/007024,Pozarezydencki,80.00,3.85,19.03.2026 13:08:27,3,NIE,,
w-2026,15,14.04.2026,14.04.2026 12:16:11,46,85,Opolskie,3,Alergologia,2026/005676,Pozarezydencki,79.00,3.77,10.03.2026 21:54:13,3,NIE,,
w-2026,15,14.04.2026,14.04.2026 12:16:11,46,85,Opolskie,4,Anestezjologia i intensywna terapia,2026/006224,Rezydencki,77.51,4.79,09.03.2026 08:39:20,3,NIE,,
w-2026,15,14.04.2026,14.04.2026 12:16:11,46,85,Opolskie,5,Anestezjologia i intensywna terapia,2026/006773,Rezydencki,77.40,3.43,12.03.2026 21:15:28,3,NIE,,
w-2026,15,14.04.2026,14.04.2026 12:16:11,46,85,Opolskie,6,Anestezjologia i intensywna terapia,2026/010412,Rezydencki,74.04,3.78,26.02.2026 16:18:17,3,NIE,,
w-2026,15,14.04.2026,14.04.2026 12:16:11,46,85,Opolskie,7,Audiologia i foniatria,2026/011301,Pozarezydencki,91.59,3.03,19.03.2026 23:31:29,1,NIE,,
w-2026,15,14.04.2026,14.04.2026 12:16:11,46,85,Opolskie,8,Chirurgia naczyniowa,2026/008336,Rezydencki,79.19,3.57,09.03.2026 13:21:03,1,NIE,,
w-2026,15,14.04.2026,14.04.2026 12:16:11,46,85,Opolskie,9,Choroby płuc,2026/008514,Rezydencki,82.30,3.90,16.03.2026 09:25:26,3,NIE,,
w-2026,15,14.04.2026,14.04.2026 12:16:11,46,85,Opolskie,10,Choroby płuc,2026/007468,Rezydencki,81.82,4.35,18.02.2026 21:57:19,3,NIE,,
w-2026,15,14.04.2026,14.04.2026 12:16:11,46,85,Opolskie,11,Choroby płuc,2026/007153,Rezydencki,80.68,4.55,22.02.2026 20:14:17,3,NIE,,
w-2026,15,14.04.2026,14.04.2026 12:16:11,46,85,Opolskie,12,Choroby płuc,2026/010583,Pozarezydencki,76.38,4.26,22.03.2026 14:58:21,1,NIE,,
w-2026,15,14.04.2026,14.04.2026 12:16:11,46,85,Opolskie,13,Choroby wewnętrzne,2026/011329,Rezydencki,64.22,3.03,28.02.2026 00:04:59,1,NIE,,
w-2026,15,14.04.2026,14.04.2026 12:16:11,46,85,Opolskie,14,Choroby wewnętrzne,2026/006465,Pozarezydencki,69.63,0.00,05.03.2026 14:51:58,2,NIE,,
w-2026,15,14.04.2026,14.04.2026 12:16:11,46,85,Opolskie,15,Choroby wewnętrzne,2026/007417,Pozarezydencki,52.78,3.01,17.02.2026 21:03:47,2,NIE,,
w-2026,15,14.04.2026,14.04.2026 12:16:11,46,85,Opolskie,16,Choroby zakaźne,2026/011346,Rezydencki,87.44,4.26,28.02.2026 01:22:35,2,NIE,,
w-2026,15,14.04.2026,14.04.2026 12:16:11,46,85,Opolskie,17,Choroby zakaźne,2026/010703,Rezydencki,76.44,0.00,27.02.2026 21:38:54,2,NIE,,
w-2026,15,14.04.2026,14.04.2026 12:16:11,46,85,Opolskie,18,Diabetologia,2026/003628,Pozarezydencki,79.26,3.34,16.03.2026 16:18:59,1,NIE,,
w-2026,15,14.04.2026,14.04.2026 12:16:11,46,85,Opolskie,19,Endokrynologia,2026/007675,Rezydencki,92.82,4.20,23.02.2026 23:37:38,1,NIE,,
w-2026,15,14.04.2026,14.04.2026 12:16:11,46,85,Opolskie,20,Gastroenterologia,2026/010097,Rezydencki,90.24,4.35,28.02.2026 21:20:48,1,NIE,,
w-2026,15,14.04.2026,14.04.2026 12:16:11,46,85,Opolskie,21,Geriatria,2026/004879,Rezydencki,91.30,4.84,24.02.2026 18:23:12,1,NIE,,
w-2026,15,14.04.2026,14.04.2026 12:16:11,46,85,Opolskie,22,Geriatria,2026/009984,Pozarezydencki,78.80,3.96,12.03.2026 11:07:14,2,NIE,,
w-2026,15,14.04.2026,14.04.2026 12:16:11,46,85,Opolskie,23,Geriatria,2026/004895,Pozarezydencki,70.91,4.24,04.03.2026 12:37:28,2,NIE,,
w-2026,15,14.04.2026,14.04.2026 12:16:11,46,85,Opolskie,24,Kardiochirurgia,2026/007051,Pozarezydencki,62.10,3.98,25.03.2026 08:43:24,2,NIE,,
w-2026,15,14.04.2026,14.04.2026 12:16:11,46,85,Opolskie,25,Kardiochirurgia,2026/004103,Pozarezydencki,55.91,3.09,03.02.2026 16:15:52,2,NIE,,
w-2026,15,14.04.2026,14.04.2026 12:16:11,47,85,Opolskie,26,Kardiologia,2026/007930,Rezydencki,86.06,4.25,24.03.2026 23:30:58,5,NIE,,
w-2026,15,14.04.2026,14.04.2026 12:16:11,47,85,Opolskie,27,Kardiologia,2026/003312,Rezydencki,84.31,4.26,28.02.2026 09:40:00,5,NIE,,
w-2026,15,14.04.2026,14.04.2026 12:16:11,47,85,Opolskie,28,Kardiologia,2026/007998,Rezydencki,83.25,4.48,26.02.2026 21:15:36,5,NIE,,
w-2026,15,14.04.2026,14.04.2026 12:16:11,47,85,Opolskie,29,Kardiologia,2026/007467,Rezydencki,83.25,4.20,26.02.2026 23:15:10,5,NIE,,
w-2026,15,14.04.2026,14.04.2026 12:16:11,47,85,Opolskie,30,Kardiologia,2026/008711,Rezydencki,82.78,3.49,26.02.2026 21:48:17,5,NIE,,
w-2026,15,14.04.2026,14.04.2026 12:16:11,47,85,Opolskie,31,Medycyna pracy,2026/008654,Pozarezydencki,75.68,3.23,24.03.2026 20:51:16,2,NIE,,
w-2026,15,14.04.2026,14.04.2026 12:16:11,47,85,Opolskie,32,Medycyna pracy,2026/009597,Pozarezydencki,72.94,3.87,25.03.2026 11:37:36,2,NIE,,
w-2026,15,14.04.2026,14.04.2026 12:16:11,47,85,Opolskie,33,Medycyna ratunkowa,2026/009469,Rezydencki,87.68,3.53,09.03.2026 14:52:04,1,NIE,,
w-2026,15,14.04.2026,14.04.2026 12:16:11,47,85,Opolskie,34,Medycyna ratunkowa,2026/009175,Pozarezydencki,75.45,4.10,23.03.2026 09:14:45,1,NIE,,
w-2026,15,14.04.2026,14.04.2026 12:16:11,47,85,Opolskie,35,Medycyna rodzinna,2026/008658,Rezydencki,88.52,4.06,27.02.2026 09:27:51,8,NIE,,
w-2026,15,14.04.2026,14.04.2026 12:16:11,47,85,Opolskie,36,Medycyna rodzinna,2026/009864,Rezydencki,86.84,4.35,16.03.2026 18:34:25,8,NIE,,
w-2026,15,14.04.2026,14.04.2026 12:16:11,47,85,Opolskie,37,Medycyna rodzinna,2026/007427,Rezydencki,86.27,4.70,19.02.2026 21:25:44,8,NIE,,
w-2026,15,14.04.2026,14.04.2026 12:16:11,47,85,Opolskie,38,Medycyna rodzinna,2026/007730,Rezydencki,85.99,4.03,26.02.2026 21:49:18,8,NIE,,
w-2026,15,14.04.2026,14.04.2026 12:16:11,47,85,Opolskie,39,Medycyna rodzinna,2026/007443,Rezydencki,84.54,4.43,17.02.2026 22:10:49,8,NIE,,
w-2026,15,14.04.2026,14.04.2026 12:16:11,47,85,Opolskie,40,Medycyna rodzinna,2026/010480,Rezydencki,79.41,0.00,28.02.2026 23:46:34,8,NIE,,
w-2026,15,14.04.2026,14.04.2026 12:16:11,47,85,Opolskie,41,Medycyna rodzinna,2026/003483,Rezydencki,71.43,3.98,10.03.2026 18:57:43,8,NIE,,
w-2026,15,14.04.2026,14.04.2026 12:16:11,47,85,Opolskie,42,Medycyna rodzinna,2026/010350,Rezydencki,68.75,3.31,13.03.2026 09:18:45,8,NIE,,
w-2026,15,14.04.2026,14.04.2026 12:16:11,47,85,Opolskie,43,Medycyna rodzinna,2026/003421,Pozarezydencki,64.09,4.57,16.03.2026 14:53:41,2,NIE,,
w-2026,15,14.04.2026,14.04.2026 12:16:11,47,85,Opolskie,44,Medycyna rodzinna,2026/010069,Pozarezydencki,53.74,3.82,19.03.2026 23:22:35,2,NIE,,
w-2026,15,14.04.2026,14.04.2026 12:16:11,47,85,Opolskie,45,Neonatologia,2026/003728,Rezydencki,62.86,4.65,11.03.2026 22:42:02,1,NIE,,
w-2026,15,14.04.2026,14.04.2026 12:16:11,47,85,Opolskie,46,Neurologia,2026/009970,Rezydencki,90.43,4.52,13.03.2026 15:56:11,2,NIE,,
w-2026,15,14.04.2026,14.04.2026 12:16:11,47,85,Opolskie,47,Neurologia,2026/005007,Rezydencki,58.33,4.78,26.03.2026 18:46:26,2,NIE,,
w-2026,15,14.04.2026,14.04.2026 12:16:11,47,85,Opolskie,48,Okulistyka,2026/008504,Pozarezydencki,83.11,4.54,27.02.2026 22:51:39,1,NIE,,
w-2026,15,14.04.2026,14.04.2026 12:16:11,47,85,Opolskie,49,Ortodoncja,2026/009865,Pozarezydencki,86.18,3.79,18.03.2026 17:25:47,1,NIE,,
w-2026,15,14.04.2026,14.04.2026 12:16:11,47,85,Opolskie,50,Ortopedia i traumatologia narządu ruchu,2026/003750,Rezydencki,82.61,4.00,27.02.2026 16:56:19,1,NIE,,
w-2026,15,14.04.2026,14.04.2026 12:16:11,47,85,Opolskie,51,Ortopedia i traumatologia narządu ruchu,2026/009936,Pozarezydencki,72.94,4.21,26.02.2026 23:15:42,1,NIE,,
w-2026,15,14.04.2026,14.04.2026 12:16:11,47,85,Opolskie,52,Patomorfologia,2026/003587,Pozarezydencki,82.57,4.40,13.03.2026 10:38:37,1,NIE,,
w-2026,15,14.04.2026,14.04.2026 12:16:11,47,85,Opolskie,53,Pediatria,2026/009976,Rezydencki,87.44,4.59,26.02.2026 23:59:35,1,NIE,,
w-2026,15,14.04.2026,14.04.2026 12:16:11,47,85,Opolskie,54,Perinatologia,2026/011937,Pozarezydencki,70.91,0.00,28.02.2026 23:47:10,1,NIE,,
w-2026,15,14.04.2026,14.04.2026 12:16:11,47,85,Opolskie,55,Położnictwo i ginekologia,2026/010018,Rezydencki,84.52,4.19,23.03.2026 20:57:58,2,NIE,,
w-2026,15,14.04.2026,14.04.2026 12:16:11,47,85,Opolskie,56,Położnictwo i ginekologia,2026/011358,Rezydencki,83.82,4.09,28.02.2026 07:18:22,2,NIE,,
w-2026,15,14.04.2026,14.04.2026 12:16:11,47,85,Opolskie,57,Psychiatria,2026/010027,Rezydencki,87.92,4.50,19.03.2026 21:52:15,4,NIE,,
w-2026,15,14.04.2026,14.04.2026 12:16:11,47,85,Opolskie,58,Psychiatria,2026/008406,Rezydencki,86.47,4.34,17.03.2026 13:15:14,4,NIE,,
w-2026,15,14.04.2026,14.04.2026 12:16:11,47,85,Opolskie,59,Psychiatria,2026/007940,Rezydencki,82.35,3.80,19.02.2026 17:40:58,4,NIE,,
w-2026,15,14.04.2026,14.04.2026 12:16:11,47,85,Opolskie,60,Psychiatria,2026/009126,Rezydencki,78.85,3.69,12.03.2026 10:47:56,4,NIE,,
w-2026,15,14.04.2026,14.04.2026 12:16:11,47,85,Opolskie,61,Psychiatria,2026/008485,Pozarezydencki,77.63,4.45,26.02.2026 21:58:49,3,NIE,,
w-2026,15,14.04.2026,14.04.2026 12:16:11,48,85,Opolskie,62,Psychiatria,2026/009401,Pozarezydencki,67.12,3.74,16.03.2026 15:18:36,3,NIE,,
w-2026,15,14.04.2026,14.04.2026 12:16:11,48,85,Opolskie,63,Psychiatria,2026/008524,Pozarezydencki,62.10,3.91,28.02.2026 11:49:02,3,NIE,,
w-2026,15,14.04.2026,14.04.2026 12:16:11,48,85,Opolskie,64,Radiologia i diagnostyka obrazowa,2026/006014,Rezydencki,88.89,4.27,19.02.2026 20:47:17,3,NIE,,
w-2026,15,14.04.2026,14.04.2026 12:16:11,48,85,Opolskie,65,Radiologia i diagnostyka obrazowa,2026/009948,Rezydencki,86.96,4.31,11.03.2026 14:10:08,3,NIE,,
w-2026,15,14.04.2026,14.04.2026 12:16:11,48,85,Opolskie,66,Radiologia i diagnostyka obrazowa,2026/007387,Rezydencki,86.47,4.44,28.02.2026 22:43:57,3,NIE,,
w-2026,15,14.04.2026,14.04.2026 12:16:11,48,85,Opolskie,67,Radiologia i diagnostyka obrazowa,2026/010950,Pozarezydencki,74.89,3.34,27.02.2026 13:32:09,2,NIE,,
w-2026,15,14.04.2026,14.04.2026 12:16:11,48,85,Opolskie,68,Radiologia i diagnostyka obrazowa,2026/005321,Pozarezydencki,61.01,3.58,17.03.2026 21:18:00,2,NIE,,
w-2026,15,14.04.2026,14.04.2026 12:16:11,48,85,Opolskie,69,Radioterapia onkologiczna,2026/008758,Pozarezydencki,55.56,0.00,31.03.2026 10:39:58,1,NIE,,
w-2026,15,14.04.2026,14.04.2026 12:16:11,48,85,Opolskie,70,Rehabilitacja medyczna,2026/004920,Pozarezydencki,68.18,3.72,12.03.2026 19:17:08,1,NIE,,
w-2026,15,14.04.2026,14.04.2026 12:16:11,48,85,Podkarpackie,1,Alergologia,2026/010518,Pozarezydencki,77.06,3.93,28.02.2026 16:36:01,1,NIE,,
w-2026,15,14.04.2026,14.04.2026 12:16:11,48,85,Podkarpackie,2,Anestezjologia i intensywna terapia,2026/011850,Rezydencki,86.12,3.96,28.02.2026 22:43:46,5,NIE,,
w-2026,15,14.04.2026,14.04.2026 12:16:11,48,85,Podkarpackie,3,Anestezjologia i intensywna terapia,2026/011720,Rezydencki,83.09,3.72,28.02.2026 20:46:35,5,NIE,,
w-2026,15,14.04.2026,14.04.2026 12:16:11,48,85,Podkarpackie,4,Anestezjologia i intensywna terapia,2026/007018,Rezydencki,82.86,3.98,28.02.2026 18:57:55,5,NIE,,
w-2026,15,14.04.2026,14.04.2026 12:16:11,48,85,Podkarpackie,5,Anestezjologia i intensywna terapia,2026/011719,Rezydencki,80.68,4.10,28.02.2026 23:25:04,5,NIE,,
w-2026,15,14.04.2026,14.04.2026 12:16:11,48,85,Podkarpackie,6,Anestezjologia i intensywna terapia,2026/006209,Rezydencki,80.38,3.98,25.02.2026 08:10:39,5,NIE,,
w-2026,15,14.04.2026,14.04.2026 12:16:11,48,85,Podkarpackie,7,Anestezjologia i intensywna terapia,2026/006481,Pozarezydencki,73.06,3.84,12.03.2026 15:50:50,1,NIE,,
w-2026,15,14.04.2026,14.04.2026 12:16:11,48,85,Podkarpackie,8,Chirurgia ogólna,2026/011271,Rezydencki,82.13,4.03,27.02.2026 23:12:19,2,NIE,,
w-2026,15,14.04.2026,14.04.2026 12:16:11,48,85,Podkarpackie,9,Chirurgia ogólna,2026/007824,Rezydencki,81.46,3.83,27.02.2026 10:29:30,2,NIE,,
w-2026,15,14.04.2026,14.04.2026 12:16:11,48,85,Podkarpackie,10,Chirurgia szczękowo-twarzowa,2026/003420,Rezydencki,86.12,4.33,26.02.2026 17:54:09,1,NIE,,
w-2026,15,14.04.2026,14.04.2026 12:16:11,48,85,Podkarpackie,11,Choroby płuc dzieci,2026/011302,Pozarezydencki,58.26,3.60,17.03.2026 11:03:52,1,NIE,,
w-2026,15,14.04.2026,14.04.2026 12:16:11,48,85,Podkarpackie,12,Choroby wewnętrzne,2026/006871,Rezydencki,86.43,4.25,25.02.2026 18:59:19,4,NIE,,
w-2026,15,14.04.2026,14.04.2026 12:16:11,48,85,Podkarpackie,13,Choroby wewnętrzne,2026/008612,Rezydencki,75.12,4.48,26.02.2026 20:21:42,4,NIE,,
w-2026,15,14.04.2026,14.04.2026 12:16:11,48,85,Podkarpackie,14,Choroby wewnętrzne,2026/008343,Rezydencki,74.52,3.98,21.03.2026 09:55:42,4,NIE,,
w-2026,15,14.04.2026,14.04.2026 12:16:11,48,85,Podkarpackie,15,Choroby wewnętrzne,2026/003409,Rezydencki,66.67,4.00,12.03.2026 10:02:47,4,NIE,,
w-2026,15,14.04.2026,14.04.2026 12:16:11,48,85,Podkarpackie,16,Choroby wewnętrzne,2026/011216,Pozarezydencki,86.82,4.30,22.03.2026 16:16:23,3,NIE,,
w-2026,15,14.04.2026,14.04.2026 12:16:11,48,85,Podkarpackie,17,Choroby wewnętrzne,2026/009354,Pozarezydencki,60.55,3.38,28.02.2026 07:43:36,3,NIE,,
w-2026,15,14.04.2026,14.04.2026 12:16:11,48,85,Podkarpackie,18,Choroby wewnętrzne,2026/004232,Pozarezydencki,58.06,0.00,05.02.2026 12:37:57,3,NIE,,
w-2026,15,14.04.2026,14.04.2026 12:16:11,48,85,Podkarpackie,19,Choroby zakaźne,2026/011177,Rezydencki,87.80,4.44,27.02.2026 21:03:50,1,NIE,,
w-2026,15,14.04.2026,14.04.2026 12:16:11,48,85,Podkarpackie,20,Dermatologia i wenerologia,2026/011751,Rezydencki,92.34,4.23,28.02.2026 21:18:28,2,NIE,,
w-2026,15,14.04.2026,14.04.2026 12:16:11,48,85,Podkarpackie,21,Dermatologia i wenerologia,2026/007444,Rezydencki,92.31,4.70,17.02.2026 22:13:14,2,NIE,,
w-2026,15,14.04.2026,14.04.2026 12:16:11,48,85,Podkarpackie,22,Dermatologia i wenerologia,2026/009116,Pozarezydencki,87.21,4.28,27.02.2026 15:07:18,1,NIE,,
w-2026,15,14.04.2026,14.04.2026 12:16:11,48,85,Podkarpackie,23,Diabetologia,2026/009678,Rezydencki,84.69,3.84,27.02.2026 23:48:38,1,NIE,,
w-2026,15,14.04.2026,14.04.2026 12:16:11,49,85,Podkarpackie,24,Endokrynologia,2026/008056,Rezydencki,92.34,4.08,28.02.2026 20:24:09,1,NIE,,
w-2026,15,14.04.2026,14.04.2026 12:16:11,49,85,Podkarpackie,25,Gastroenterologia,2026/008708,Pozarezydencki,84.70,4.13,27.02.2026 20:06:03,1,NIE,,
w-2026,15,14.04.2026,14.04.2026 12:16:11,49,85,Podkarpackie,26,Ginekologia onkologiczna,2026/011337,Pozarezydencki,84.55,4.66,14.03.2026 15:41:08,1,NIE,,
w-2026,15,14.04.2026,14.04.2026 12:16:11,49,85,Podkarpackie,27,Kardiologia,2026/004755,Rezydencki,89.46,4.27,09.03.2026 13:24:25,5,NIE,,
w-2026,15,14.04.2026,14.04.2026 12:16:11,49,85,Podkarpackie,28,Kardiologia,2026/004746,Rezydencki,89.02,4.13,09.03.2026 13:26:50,5,NIE,,
w-2026,15,14.04.2026,14.04.2026 12:16:11,49,85,Podkarpackie,29,Kardiologia,2026/005979,Rezydencki,88.04,4.50,26.02.2026 22:15:12,5,NIE,,
w-2026,15,14.04.2026,14.04.2026 12:16:11,49,85,Podkarpackie,30,Kardiologia,2026/003791,Rezydencki,88.04,3.97,04.03.2026 14:55:53,5,NIE,,
w-2026,15,14.04.2026,14.04.2026 12:16:11,49,85,Podkarpackie,31,Kardiologia,2026/006939,Rezydencki,87.32,4.08,04.03.2026 18:30:05,5,NIE,,
w-2026,15,14.04.2026,14.04.2026 12:16:11,49,85,Podkarpackie,32,Kardiologia,2026/011158,Pozarezydencki,74.89,3.57,17.03.2026 19:05:13,6,NIE,,
w-2026,15,14.04.2026,14.04.2026 12:16:11,49,85,Podkarpackie,33,Kardiologia,2026/010573,Pozarezydencki,73.39,4.78,12.03.2026 20:44:32,6,NIE,,
w-2026,15,14.04.2026,14.04.2026 12:16:11,49,85,Podkarpackie,34,Kardiologia,2026/007166,Pozarezydencki,70.91,0.00,29.03.2026 12:15:46,6,NIE,,
w-2026,15,14.04.2026,14.04.2026 12:16:11,49,85,Podkarpackie,35,Kardiologia,2026/011119,Pozarezydencki,67.82,0.00,20.03.2026 15:05:45,6,NIE,,
w-2026,15,14.04.2026,14.04.2026 12:16:11,49,85,Podkarpackie,36,Kardiologia,2026/006584,Pozarezydencki,66.59,3.57,16.03.2026 14:49:36,6,NIE,,
w-2026,15,14.04.2026,14.04.2026 12:16:11,49,85,Podkarpackie,37,Kardiologia,2026/009797,Pozarezydencki,56.54,3.61,20.03.2026 07:58:12,6,NIE,,
w-2026,15,14.04.2026,14.04.2026 12:16:11,49,85,Podkarpackie,38,Medycyna nuklearna,2026/011726,Pozarezydencki,73.64,3.24,23.03.2026 14:36:36,1,NIE,,
w-2026,15,14.04.2026,14.04.2026 12:16:11,49,85,Podkarpackie,39,Medycyna paliatywna,2026/007705,Rezydencki,86.83,0.00,18.03.2026 17:36:35,1,NIE,,
w-2026,15,14.04.2026,14.04.2026 12:16:11,49,85,Podkarpackie,40,Medycyna paliatywna,2026/007060,Pozarezydencki,73.17,3.42,27.03.2026 19:59:03,3,NIE,,
w-2026,15,14.04.2026,14.04.2026 12:16:11,49,85,Podkarpackie,41,Medycyna paliatywna,2026/009179,Pozarezydencki,69.34,4.08,22.03.2026 23:23:42,3,NIE,,
w-2026,15,14.04.2026,14.04.2026 12:16:11,49,85,Podkarpackie,42,Medycyna paliatywna,2026/005333,Pozarezydencki,61.82,2.71,27.03.2026 21:28:16,3,NIE,,
w-2026,15,14.04.2026,14.04.2026 12:16:11,49,85,Podkarpackie,43,Medycyna pracy,2026/005426,Pozarezydencki,80.00,3.50,09.02.2026 20:25:18,1,NIE,,
w-2026,15,14.04.2026,14.04.2026 12:16:11,49,85,Podkarpackie,44,Medycyna ratunkowa,2026/008123,Pozarezydencki,51.38,0.00,27.03.2026 11:38:41,1,NIE,,
w-2026,15,14.04.2026,14.04.2026 12:16:11,49,85,Podkarpackie,45,Medycyna rodzinna,2026/009057,Rezydencki,86.71,3.68,13.03.2026 11:17:36,9,NIE,,
w-2026,15,14.04.2026,14.04.2026 12:16:11,49,85,Podkarpackie,46,Medycyna rodzinna,2026/011101,Rezydencki,84.29,4.18,23.03.2026 16:43:55,9,NIE,,
w-2026,15,14.04.2026,14.04.2026 12:16:11,49,85,Podkarpackie,47,Medycyna rodzinna,2026/010445,Rezydencki,81.73,4.76,27.02.2026 20:07:23,9,NIE,,
w-2026,15,14.04.2026,14.04.2026 12:16:11,49,85,Podkarpackie,48,Medycyna rodzinna,2026/006755,Rezydencki,80.39,3.85,27.03.2026 13:02:24,9,NIE,,
w-2026,15,14.04.2026,14.04.2026 12:16:11,49,85,Podkarpackie,49,Medycyna rodzinna,2026/011832,Rezydencki,76.96,3.40,26.03.2026 21:43:26,9,NIE,,
w-2026,15,14.04.2026,14.04.2026 12:16:11,49,85,Podkarpackie,50,Medycyna rodzinna,2026/009095,Rezydencki,75.85,5.00,24.02.2026 17:55:25,9,NIE,,
w-2026,15,14.04.2026,14.04.2026 12:16:11,49,85,Podkarpackie,51,Medycyna rodzinna,2026/007407,Rezydencki,71.22,4.05,11.03.2026 17:04:24,9,NIE,,
w-2026,15,14.04.2026,14.04.2026 12:16:11,49,85,Podkarpackie,52,Medycyna rodzinna,2026/007454,Rezydencki,63.81,3.79,27.03.2026 11:33:42,9,NIE,,
w-2026,15,14.04.2026,14.04.2026 12:16:11,49,85,Podkarpackie,53,Medycyna rodzinna,2026/007633,Rezydencki,0.00,3.30,06.03.2026 11:02:01,9,NIE,,
w-2026,15,14.04.2026,14.04.2026 12:16:11,49,85,Podkarpackie,54,Medycyna rodzinna,2026/010436,Pozarezydencki,64.84,3.18,25.03.2026 08:40:07,1,NIE,,
w-2026,15,14.04.2026,14.04.2026 12:16:11,49,85,Podkarpackie,55,Nefrologia,2026/006812,Rezydencki,60.95,0.00,13.03.2026 11:13:35,1,NIE,,
w-2026,15,14.04.2026,14.04.2026 12:16:11,49,85,Podkarpackie,56,Nefrologia,2026/009081,Pozarezydencki,66.36,0.00,19.03.2026 20:37:33,1,NIE,,
w-2026,15,14.04.2026,14.04.2026 12:16:11,49,85,Podkarpackie,57,Neonatologia,2026/011912,Rezydencki,81.34,3.86,28.02.2026 23:24:48,1,NIE,,
w-2026,15,14.04.2026,14.04.2026 12:16:11,49,85,Podkarpackie,58,Neurologia,2026/010506,Rezydencki,90.91,4.55,26.02.2026 20:07:38,1,NIE,,
w-2026,15,14.04.2026,14.04.2026 12:16:11,49,85,Podkarpackie,59,Neurologia dziecięca,2026/006411,Pozarezydencki,66.36,3.51,19.03.2026 10:59:27,1,NIE,,
w-2026,15,14.04.2026,14.04.2026 12:16:11,50,85,Podkarpackie,60,Okulistyka,2026/005005,Rezydencki,88.10,4.00,14.02.2026 09:20:32,3,NIE,,
w-2026,15,14.04.2026,14.04.2026 12:16:11,50,85,Podkarpackie,61,Okulistyka,2026/003406,Rezydencki,88.04,4.40,17.02.2026 20:41:55,3,NIE,,
w-2026,15,14.04.2026,14.04.2026 12:16:11,50,85,Podkarpackie,62,Okulistyka,2026/011400,Rezydencki,87.68,4.06,19.03.2026 18:38:09,3,NIE,,
w-2026,15,14.04.2026,14.04.2026 12:16:11,50,85,Podkarpackie,63,Onkologia kliniczna,2026/009093,Rezydencki,73.56,3.48,19.03.2026 09:38:49,2,NIE,,
w-2026,15,14.04.2026,14.04.2026 12:16:11,50,85,Podkarpackie,64,Onkologia kliniczna,2026/004062,Rezydencki,63.94,3.82,10.03.2026 11:48:46,2,NIE,,
w-2026,15,14.04.2026,14.04.2026 12:16:11,50,85,Podkarpackie,65,Ortopedia i traumatologia narządu ruchu,2026/006515,Rezydencki,85.17,3.78,16.03.2026 17:14:26,3,NIE,,
w-2026,15,14.04.2026,14.04.2026 12:16:11,50,85,Podkarpackie,66,Ortopedia i traumatologia narządu ruchu,2026/010013,Rezydencki,82.38,3.88,18.03.2026 16:30:33,3,NIE,,
w-2026,15,14.04.2026,14.04.2026 12:16:11,50,85,Podkarpackie,67,Ortopedia i traumatologia narządu ruchu,2026/004430,Rezydencki,79.51,3.09,22.02.2026 20:03:12,3,NIE,,
w-2026,15,14.04.2026,14.04.2026 12:16:11,50,85,Podkarpackie,68,Ortopedia i traumatologia narządu ruchu,2026/006111,Pozarezydencki,74.19,3.94,11.03.2026 14:07:45,3,NIE,,
w-2026,15,14.04.2026,14.04.2026 12:16:11,50,85,Podkarpackie,69,Ortopedia i traumatologia narządu ruchu,2026/009550,Pozarezydencki,72.83,4.03,19.03.2026 10:55:35,3,NIE,,
w-2026,15,14.04.2026,14.04.2026 12:16:11,50,85,Podkarpackie,70,Ortopedia i traumatologia narządu ruchu,2026/004805,Pozarezydencki,69.59,4.00,15.03.2026 11:15:00,3,NIE,,
w-2026,15,14.04.2026,14.04.2026 12:16:11,50,85,Podkarpackie,71,Pediatria,2026/008169,Rezydencki,89.61,4.30,28.02.2026 12:48:10,2,NIE,,
w-2026,15,14.04.2026,14.04.2026 12:16:11,50,85,Podkarpackie,72,Pediatria,2026/009741,Rezydencki,59.52,3.85,16.03.2026 21:27:09,2,NIE,,
w-2026,15,14.04.2026,14.04.2026 12:16:11,50,85,Podkarpackie,73,Periodontologia,2026/008652,Rezydencki,82.30,4.13,23.02.2026 21:05:02,2,NIE,,
w-2026,15,14.04.2026,14.04.2026 12:16:11,50,85,Podkarpackie,74,Periodontologia,2026/003357,Rezydencki,81.55,4.27,01.02.2026 11:38:22,2,NIE,,
w-2026,15,14.04.2026,14.04.2026 12:16:11,50,85,Podkarpackie,75,Położnictwo i ginekologia,2026/009503,Rezydencki,75.24,3.29,25.02.2026 20:07:15,3,NIE,,
w-2026,15,14.04.2026,14.04.2026 12:16:11,50,85,Podkarpackie,76,Położnictwo i ginekologia,2026/011762,Rezydencki,58.94,3.20,18.03.2026 23:38:26,3,NIE,,
w-2026,15,14.04.2026,14.04.2026 12:16:11,50,85,Podkarpackie,77,Położnictwo i ginekologia,2026/007440,Rezydencki,58.57,3.48,19.03.2026 23:54:09,3,NIE,,
w-2026,15,14.04.2026,14.04.2026 12:16:11,50,85,Podkarpackie,78,Położnictwo i ginekologia,2026/009121,Pozarezydencki,0.00,3.16,21.03.2026 16:14:34,1,NIE,,
w-2026,15,14.04.2026,14.04.2026 12:16:11,50,85,Podkarpackie,79,Protetyka stomatologiczna,2026/010879,Rezydencki,80.48,4.07,02.03.2026 14:41:55,1,NIE,,
w-2026,15,14.04.2026,14.04.2026 12:16:11,50,85,Podkarpackie,80,Psychiatria,2026/011936,Rezydencki,83.09,3.78,16.03.2026 18:29:05,5,NIE,,
w-2026,15,14.04.2026,14.04.2026 12:16:11,50,85,Podkarpackie,81,Psychiatria,2026/003709,Rezydencki,79.23,3.76,09.03.2026 20:26:45,5,NIE,,
w-2026,15,14.04.2026,14.04.2026 12:16:11,50,85,Podkarpackie,82,Psychiatria,2026/009304,Rezydencki,68.12,2.84,13.03.2026 10:49:33,5,NIE,,
w-2026,15,14.04.2026,14.04.2026 12:16:11,50,85,Podkarpackie,83,Psychiatria,2026/005433,Rezydencki,67.79,4.43,27.02.2026 08:23:58,5,NIE,,
w-2026,15,14.04.2026,14.04.2026 12:16:11,50,85,Podkarpackie,84,Psychiatria,2026/005034,Rezydencki,66.67,3.38,18.03.2026 17:48:31,5,NIE,,
w-2026,15,14.04.2026,14.04.2026 12:16:11,50,85,Podkarpackie,85,Psychiatria dzieci i młodzieży,2026/006204,Rezydencki,85.65,4.84,27.02.2026 15:45:24,2,NIE,,
w-2026,15,14.04.2026,14.04.2026 12:16:11,50,85,Podkarpackie,86,Psychiatria dzieci i młodzieży,2026/010014,Rezydencki,73.04,0.00,28.02.2026 21:16:51,2,NIE,,
w-2026,15,14.04.2026,14.04.2026 12:16:11,50,85,Podkarpackie,87,Radiologia i diagnostyka obrazowa,2026/011229,Rezydencki,89.95,4.06,17.03.2026 11:07:26,6,NIE,,
w-2026,15,14.04.2026,14.04.2026 12:16:11,50,85,Podkarpackie,88,Radiologia i diagnostyka obrazowa,2026/009962,Rezydencki,89.61,4.34,27.02.2026 23:57:12,6,NIE,,
w-2026,15,14.04.2026,14.04.2026 12:16:11,50,85,Podkarpackie,89,Radiologia i diagnostyka obrazowa,2026/005127,Rezydencki,88.29,4.29,12.02.2026 21:52:20,6,NIE,,
w-2026,15,14.04.2026,14.04.2026 12:16:11,50,85,Podkarpackie,90,Radiologia i diagnostyka obrazowa,2026/011304,Rezydencki,87.92,4.02,28.02.2026 16:19:57,6,NIE,,
w-2026,15,14.04.2026,14.04.2026 12:16:11,50,85,Podkarpackie,91,Radiologia i diagnostyka obrazowa,2026/011862,Rezydencki,87.44,4.46,28.02.2026 22:54:05,6,NIE,,
w-2026,15,14.04.2026,14.04.2026 12:16:11,50,85,Podkarpackie,92,Radiologia i diagnostyka obrazowa,2026/003641,Rezydencki,87.08,3.84,02.02.2026 11:32:35,6,NIE,,
w-2026,15,14.04.2026,14.04.2026 12:16:11,50,85,Podkarpackie,93,Radiologia i diagnostyka obrazowa,2026/011357,Pozarezydencki,81.57,3.91,28.02.2026 23:52:25,2,NIE,,
w-2026,15,14.04.2026,14.04.2026 12:16:11,50,85,Podkarpackie,94,Radiologia i diagnostyka obrazowa,2026/007385,Pozarezydencki,78.97,4.03,19.03.2026 18:00:05,2,NIE,,
w-2026,15,14.04.2026,14.04.2026 12:16:11,50,85,Podkarpackie,95,Reumatologia,2026/011511,Rezydencki,90.67,4.18,18.03.2026 22:00:48,1,NIE,,
w-2026,15,14.04.2026,14.04.2026 12:16:11,51,85,Podkarpackie,96,Reumatologia,2026/008613,Pozarezydencki,81.86,4.22,20.03.2026 08:23:27,2,NIE,,
w-2026,15,14.04.2026,14.04.2026 12:16:11,51,85,Podkarpackie,97,Reumatologia,2026/008702,Pozarezydencki,80.00,4.63,25.03.2026 10:57:27,2,NIE,,
w-2026,15,14.04.2026,14.04.2026 12:16:11,51,85,Podkarpackie,98,Urologia,2026/003503,Rezydencki,91.39,4.48,01.02.2026 20:05:35,1,NIE,,
w-2026,15,14.04.2026,14.04.2026 12:16:11,51,85,Podkarpackie,1,Dermatologia i wenerologia,2026/003831,Rezydencki,88.41,3.73,10.02.2026 15:50:20,1,TAK,UNIWERSYTECKI SZPITAL KLINICZNY IM.FRYDERYKA CHOPINA W RZESZOWIE,Klinika Dermatologii
w-2026,15,14.04.2026,14.04.2026 12:16:11,51,85,Podlaskie,1,Alergologia,2026/011377,Pozarezydencki,68.29,4.35,27.03.2026 10:35:57,1,NIE,,
w-2026,15,14.04.2026,14.04.2026 12:16:11,51,85,Podlaskie,2,Anestezjologia i intensywna terapia,2026/008623,Rezydencki,83.73,3.70,27.02.2026 09:28:12,3,NIE,,
w-2026,15,14.04.2026,14.04.2026 12:16:11,51,85,Podlaskie,3,Anestezjologia i intensywna terapia,2026/004020,Rezydencki,79.43,3.31,16.03.2026 12:39:55,3,NIE,,
w-2026,15,14.04.2026,14.04.2026 12:16:11,51,85,Podlaskie,4,Anestezjologia i intensywna terapia,2026/009716,Rezydencki,76.43,3.79,16.03.2026 21:11:35,3,NIE,,
w-2026,15,14.04.2026,14.04.2026 12:16:11,51,85,Podlaskie,5,Balneologia i medycyna fizykalna,2026/003459,Pozarezydencki,66.36,2.83,23.03.2026 09:52:57,2,NIE,,
w-2026,15,14.04.2026,14.04.2026 12:16:11,51,85,Podlaskie,6,Balneologia i medycyna fizykalna,2026/006784,Pozarezydencki,59.63,3.81,16.03.2026 14:14:21,2,NIE,,
w-2026,15,14.04.2026,14.04.2026 12:16:11,51,85,Podlaskie,7,Chirurgia ogólna,2026/004155,Rezydencki,81.86,3.40,10.03.2026 11:41:47,3,NIE,,
w-2026,15,14.04.2026,14.04.2026 12:16:11,51,85,Podlaskie,8,Chirurgia ogólna,2026/008988,Rezydencki,78.85,3.89,23.02.2026 17:26:12,3,NIE,,
w-2026,15,14.04.2026,14.04.2026 12:16:11,51,85,Podlaskie,9,Chirurgia ogólna,2026/003711,Rezydencki,70.81,4.41,12.03.2026 15:46:13,3,NIE,,
w-2026,15,14.04.2026,14.04.2026 12:16:11,51,85,Podlaskie,10,Chirurgia ogólna,2026/010668,Pozarezydencki,74.77,0.00,17.03.2026 21:10:58,2,NIE,,
w-2026,15,14.04.2026,14.04.2026 12:16:11,51,85,Podlaskie,11,Chirurgia ogólna,2026/011368,Pozarezydencki,59.36,3.20,28.02.2026 09:20:41,2,NIE,,
w-2026,15,14.04.2026,14.04.2026 12:16:11,51,85,Podlaskie,12,Chirurgia onkologiczna,2026/008434,Pozarezydencki,75.45,3.74,21.02.2026 21:32:58,1,NIE,,
w-2026,15,14.04.2026,14.04.2026 12:16:11,51,85,Podlaskie,13,Chirurgia stomatologiczna,2026/008294,Rezydencki,86.60,4.21,09.03.2026 12:20:58,2,NIE,,
w-2026,15,14.04.2026,14.04.2026 12:16:11,51,85,Podlaskie,14,Chirurgia stomatologiczna,2026/008307,Rezydencki,83.82,3.44,21.02.2026 09:58:37,2,NIE,,
w-2026,15,14.04.2026,14.04.2026 12:16:11,51,85,Podlaskie,15,Choroby płuc,2026/007006,Pozarezydencki,59.35,3.73,16.03.2026 11:20:56,1,NIE,,
w-2026,15,14.04.2026,14.04.2026 12:16:11,51,85,Podlaskie,16,Choroby wewnętrzne,2026/006005,Rezydencki,75.60,3.60,13.03.2026 17:49:18,4,NIE,,
w-2026,15,14.04.2026,14.04.2026 12:16:11,51,85,Podlaskie,17,Choroby wewnętrzne,2026/009635,Rezydencki,73.21,3.37,27.02.2026 20:45:29,4,NIE,,
w-2026,15,14.04.2026,14.04.2026 12:16:11,51,85,Podlaskie,18,Choroby wewnętrzne,2026/006250,Rezydencki,69.38,3.29,26.02.2026 18:58:55,4,NIE,,
w-2026,15,14.04.2026,14.04.2026 12:16:11,51,85,Podlaskie,19,Choroby wewnętrzne,2026/004974,Rezydencki,62.20,4.66,16.03.2026 18:21:23,4,NIE,,
w-2026,15,14.04.2026,14.04.2026 12:16:11,51,85,Podlaskie,20,Choroby wewnętrzne,2026/009453,Pozarezydencki,69.91,0.00,25.02.2026 15:57:04,1,NIE,,
w-2026,15,14.04.2026,14.04.2026 12:16:11,51,85,Podlaskie,21,Choroby zakaźne,2026/006031,Rezydencki,75.48,3.18,24.02.2026 01:47:32,1,NIE,,
w-2026,15,14.04.2026,14.04.2026 12:16:11,51,85,Podlaskie,22,Choroby zakaźne,2026/006749,Pozarezydencki,73.58,4.31,24.03.2026 13:27:49,1,NIE,,
w-2026,15,14.04.2026,14.04.2026 12:16:11,51,85,Podlaskie,23,Diabetologia,2026/011584,Rezydencki,91.67,4.25,28.02.2026 18:49:51,2,NIE,,
w-2026,15,14.04.2026,14.04.2026 12:16:11,52,85,Podlaskie,24,Diabetologia,2026/006879,Rezydencki,88.57,3.48,23.03.2026 14:14:28,2,NIE,,
w-2026,15,14.04.2026,14.04.2026 12:16:11,52,85,Podlaskie,25,Diabetologia,2026/007595,Pozarezydencki,80.00,4.06,28.02.2026 23:20:09,2,NIE,,
w-2026,15,14.04.2026,14.04.2026 12:16:11,52,85,Podlaskie,26,Diabetologia,2026/005484,Pozarezydencki,80.00,4.02,12.03.2026 17:36:31,2,NIE,,
w-2026,15,14.04.2026,14.04.2026 12:16:11,52,85,Podlaskie,27,Endokrynologia,2026/009427,Rezydencki,94.20,4.50,25.02.2026 16:53:05,1,NIE,,
w-2026,15,14.04.2026,14.04.2026 12:16:11,52,85,Podlaskie,28,Endokrynologia i diabetologia dziecięca,2026/008576,Pozarezydencki,78.24,3.49,20.03.2026 11:36:32,1,NIE,,
w-2026,15,14.04.2026,14.04.2026 12:16:11,52,85,Podlaskie,29,Gastroenterologia,2026/003457,Rezydencki,90.10,4.16,10.02.2026 20:37:21,1,NIE,,
w-2026,15,14.04.2026,14.04.2026 12:16:11,52,85,Podlaskie,30,Gastroenterologia,2026/009887,Pozarezydencki,79.21,4.03,17.03.2026 20:31:37,1,NIE,,
w-2026,15,14.04.2026,14.04.2026 12:16:11,52,85,Podlaskie,31,Geriatria,2026/009068,Rezydencki,82.30,4.17,28.02.2026 22:34:08,3,NIE,,
w-2026,15,14.04.2026,14.04.2026 12:16:11,52,85,Podlaskie,32,Geriatria,2026/009014,Rezydencki,79.23,4.38,10.03.2026 11:19:23,3,NIE,,
w-2026,15,14.04.2026,14.04.2026 12:16:11,52,85,Podlaskie,33,Geriatria,2026/010171,Rezydencki,73.08,0.00,26.02.2026 10:34:03,3,NIE,,
w-2026,15,14.04.2026,14.04.2026 12:16:11,52,85,Podlaskie,34,Kardiologia,2026/003385,Rezydencki,91.39,4.25,14.03.2026 23:18:56,2,NIE,,
w-2026,15,14.04.2026,14.04.2026 12:16:11,52,85,Podlaskie,35,Kardiologia,2026/003285,Rezydencki,87.08,3.74,01.02.2026 00:14:04,2,NIE,,
w-2026,15,14.04.2026,14.04.2026 12:16:11,52,85,Podlaskie,36,Kardiologia,2026/005829,Pozarezydencki,74.43,0.00,15.02.2026 18:33:15,2,NIE,,
w-2026,15,14.04.2026,14.04.2026 12:16:11,52,85,Podlaskie,37,Kardiologia,2026/006735,Pozarezydencki,58.45,4.50,15.03.2026 21:28:05,2,NIE,,
w-2026,15,14.04.2026,14.04.2026 12:16:11,52,85,Podlaskie,38,Medycyna nuklearna,2026/007615,Pozarezydencki,71.20,3.92,11.03.2026 17:15:02,2,NIE,,
w-2026,15,14.04.2026,14.04.2026 12:16:11,52,85,Podlaskie,39,Medycyna nuklearna,2026/010215,Pozarezydencki,68.81,0.00,26.02.2026 11:40:26,2,NIE,,
w-2026,15,14.04.2026,14.04.2026 12:16:11,52,85,Podlaskie,40,Medycyna ratunkowa,2026/007089,Pozarezydencki,66.51,0.00,16.03.2026 21:10:37,1,NIE,,
w-2026,15,14.04.2026,14.04.2026 12:16:11,52,85,Podlaskie,41,Medycyna rodzinna,2026/003439,Rezydencki,85.17,3.93,16.03.2026 12:40:57,8,NIE,,
w-2026,15,14.04.2026,14.04.2026 12:16:11,52,85,Podlaskie,42,Medycyna rodzinna,2026/011186,Rezydencki,83.25,3.72,27.02.2026 21:11:05,8,NIE,,
w-2026,15,14.04.2026,14.04.2026 12:16:11,52,85,Podlaskie,43,Medycyna rodzinna,2026/006942,Rezydencki,81.37,4.15,16.03.2026 10:53:37,8,NIE,,
w-2026,15,14.04.2026,14.04.2026 12:16:11,52,85,Podlaskie,44,Medycyna rodzinna,2026/011188,Rezydencki,78.57,3.12,28.02.2026 18:15:42,8,NIE,,
w-2026,15,14.04.2026,14.04.2026 12:16:11,52,85,Podlaskie,45,Medycyna rodzinna,2026/008943,Rezydencki,75.98,0.00,27.02.2026 01:48:34,8,NIE,,
w-2026,15,14.04.2026,14.04.2026 12:16:11,52,85,Podlaskie,46,Medycyna rodzinna,2026/010454,Rezydencki,68.75,3.62,27.02.2026 20:12:19,8,NIE,,
w-2026,15,14.04.2026,14.04.2026 12:16:11,52,85,Podlaskie,47,Medycyna rodzinna,2026/005717,Rezydencki,63.81,3.43,16.03.2026 12:56:12,8,NIE,,
w-2026,15,14.04.2026,14.04.2026 12:16:11,52,85,Podlaskie,48,Medycyna rodzinna,2026/009500,Rezydencki,61.43,3.49,26.03.2026 14:09:16,8,NIE,,
w-2026,15,14.04.2026,14.04.2026 12:16:11,52,85,Podlaskie,49,Medycyna rodzinna,2026/007670,Pozarezydencki,62.33,3.97,16.03.2026 18:09:39,1,NIE,,
w-2026,15,14.04.2026,14.04.2026 12:16:11,52,85,Podlaskie,50,Medycyna sportowa,2026/004601,Pozarezydencki,72.73,4.10,16.03.2026 15:56:53,2,NIE,,
w-2026,15,14.04.2026,14.04.2026 12:16:11,52,85,Podlaskie,51,Medycyna sportowa,2026/010317,Pozarezydencki,66.97,0.00,26.02.2026 14:24:10,2,NIE,,
w-2026,15,14.04.2026,14.04.2026 12:16:11,52,85,Podlaskie,52,Nefrologia,2026/003764,Pozarezydencki,70.91,0.00,25.02.2026 20:48:20,1,NIE,,
w-2026,15,14.04.2026,14.04.2026 12:16:11,52,85,Podlaskie,53,Nefrologia dziecięca,2026/008037,Pozarezydencki,69.55,3.24,15.03.2026 21:51:07,1,NIE,,
w-2026,15,14.04.2026,14.04.2026 12:16:11,52,85,Podlaskie,54,Neurochirurgia,2026/009845,Pozarezydencki,77.67,4.15,25.03.2026 15:27:55,2,NIE,,
w-2026,15,14.04.2026,14.04.2026 12:16:11,52,85,Podlaskie,55,Neurochirurgia,2026/011307,Pozarezydencki,77.29,3.59,23.03.2026 12:33:53,2,NIE,,
w-2026,15,14.04.2026,14.04.2026 12:16:11,52,85,Podlaskie,56,Neurologia,2026/009082,Rezydencki,80.62,3.76,26.02.2026 19:09:35,1,NIE,,
w-2026,15,14.04.2026,14.04.2026 12:16:11,52,85,Podlaskie,57,Okulistyka,2026/007410,Rezydencki,87.80,3.58,17.02.2026 20:49:19,2,NIE,,
w-2026,15,14.04.2026,14.04.2026 12:16:11,52,85,Podlaskie,58,Okulistyka,2026/010170,Rezydencki,87.56,3.50,26.02.2026 10:59:47,2,NIE,,
w-2026,15,14.04.2026,14.04.2026 12:16:11,52,85,Podlaskie,59,Okulistyka,2026/008557,Pozarezydencki,73.97,4.05,22.02.2026 17:13:15,2,NIE,,
w-2026,15,14.04.2026,14.04.2026 12:16:11,53,85,Podlaskie,60,Okulistyka,2026/008533,Pozarezydencki,73.39,3.83,24.02.2026 13:01:23,2,NIE,,
w-2026,15,14.04.2026,14.04.2026 12:16:11,53,85,Podlaskie,61,Onkologia kliniczna,2026/008479,Rezydencki,77.62,3.43,22.02.2026 10:30:11,1,NIE,,
w-2026,15,14.04.2026,14.04.2026 12:16:11,53,85,Podlaskie,62,Ortodoncja,2026/005033,Rezydencki,86.54,4.48,25.02.2026 11:51:25,1,NIE,,
w-2026,15,14.04.2026,14.04.2026 12:16:11,53,85,Podlaskie,63,Ortopedia i traumatologia narządu ruchu,2026/004672,Rezydencki,88.04,4.17,06.02.2026 15:06:12,2,NIE,,
w-2026,15,14.04.2026,14.04.2026 12:16:11,53,85,Podlaskie,64,Ortopedia i traumatologia narządu ruchu,2026/009246,Rezydencki,85.65,3.65,27.02.2026 23:45:48,2,NIE,,
w-2026,15,14.04.2026,14.04.2026 12:16:11,53,85,Podlaskie,65,Ortopedia i traumatologia narządu ruchu,2026/007655,Pozarezydencki,64.84,3.33,28.02.2026 11:34:52,2,NIE,,
w-2026,15,14.04.2026,14.04.2026 12:16:11,53,85,Podlaskie,66,Ortopedia i traumatologia narządu ruchu,2026/007671,Pozarezydencki,61.36,0.00,25.02.2026 17:07:13,2,NIE,,
w-2026,15,14.04.2026,14.04.2026 12:16:11,53,85,Podlaskie,67,Otorynolaryngologia,2026/009949,Rezydencki,87.92,4.17,09.03.2026 21:27:40,1,NIE,,
w-2026,15,14.04.2026,14.04.2026 12:16:11,53,85,Podlaskie,68,Pediatria,2026/011623,Rezydencki,85.51,3.97,18.03.2026 10:39:18,3,NIE,,
w-2026,15,14.04.2026,14.04.2026 12:16:11,53,85,Podlaskie,69,Pediatria,2026/011013,Rezydencki,81.73,4.02,27.02.2026 17:10:06,3,NIE,,
w-2026,15,14.04.2026,14.04.2026 12:16:11,53,85,Podlaskie,70,Pediatria,2026/004006,Rezydencki,71.29,3.98,15.02.2026 20:41:13,3,NIE,,
w-2026,15,14.04.2026,14.04.2026 12:16:11,53,85,Podlaskie,71,Perinatologia,2026/007667,Pozarezydencki,70.91,3.75,18.02.2026 17:29:23,1,NIE,,
w-2026,15,14.04.2026,14.04.2026 12:16:11,53,85,Podlaskie,72,Periodontologia,2026/005851,Pozarezydencki,81.82,4.04,12.03.2026 15:11:26,1,NIE,,
w-2026,15,14.04.2026,14.04.2026 12:16:11,53,85,Podlaskie,73,Położnictwo i ginekologia,2026/008538,Rezydencki,85.99,3.48,22.02.2026 14:39:37,2,NIE,,
w-2026,15,14.04.2026,14.04.2026 12:16:11,53,85,Podlaskie,74,Położnictwo i ginekologia,2026/009498,Rezydencki,66.83,4.60,27.02.2026 13:36:04,2,NIE,,
w-2026,15,14.04.2026,14.04.2026 12:16:11,53,85,Podlaskie,75,Protetyka stomatologiczna,2026/010648,Rezydencki,81.25,4.17,27.02.2026 22:32:16,1,NIE,,
w-2026,15,14.04.2026,14.04.2026 12:16:11,53,85,Podlaskie,76,Psychiatria,2026/006290,Rezydencki,83.33,3.38,16.02.2026 13:20:07,8,NIE,,
w-2026,15,14.04.2026,14.04.2026 12:16:11,53,85,Podlaskie,77,Psychiatria,2026/010639,Rezydencki,82.78,3.81,28.02.2026 07:40:33,8,NIE,,
w-2026,15,14.04.2026,14.04.2026 12:16:11,53,85,Podlaskie,78,Psychiatria,2026/011989,Rezydencki,82.13,3.61,02.03.2026 13:32:50,8,NIE,,
w-2026,15,14.04.2026,14.04.2026 12:16:11,53,85,Podlaskie,79,Psychiatria,2026/010536,Rezydencki,81.90,3.61,28.02.2026 21:36:36,8,NIE,,
w-2026,15,14.04.2026,14.04.2026 12:16:11,53,85,Podlaskie,80,Psychiatria,2026/007466,Rezydencki,81.73,3.95,28.02.2026 18:36:18,8,NIE,,
w-2026,15,14.04.2026,14.04.2026 12:16:11,53,85,Podlaskie,81,Psychiatria,2026/006703,Rezydencki,81.25,4.56,20.02.2026 22:13:15,8,NIE,,
w-2026,15,14.04.2026,14.04.2026 12:16:11,53,85,Podlaskie,82,Psychiatria,2026/008230,Rezydencki,75.60,0.00,24.02.2026 21:48:33,8,NIE,,
w-2026,15,14.04.2026,14.04.2026 12:16:11,53,85,Podlaskie,83,Psychiatria,2026/010405,Rezydencki,66.83,3.95,27.02.2026 12:58:12,8,NIE,,
w-2026,15,14.04.2026,14.04.2026 12:16:11,53,85,Podlaskie,84,Psychiatria,2026/008566,Pozarezydencki,70.78,3.60,16.03.2026 13:35:48,1,NIE,,
w-2026,15,14.04.2026,14.04.2026 12:16:11,53,85,Podlaskie,85,Psychiatria dzieci i młodzieży,2026/008000,Rezydencki,89.22,4.60,26.02.2026 21:04:43,1,NIE,,
w-2026,15,14.04.2026,14.04.2026 12:16:11,53,85,Podlaskie,86,Radiologia i diagnostyka obrazowa,2026/007409,Rezydencki,91.87,3.92,28.02.2026 16:05:17,4,NIE,,
w-2026,15,14.04.2026,14.04.2026 12:16:11,53,85,Podlaskie,87,Radiologia i diagnostyka obrazowa,2026/008972,Rezydencki,91.39,3.83,28.02.2026 19:46:35,4,NIE,,
w-2026,15,14.04.2026,14.04.2026 12:16:11,53,85,Podlaskie,88,Radiologia i diagnostyka obrazowa,2026/003498,Rezydencki,90.20,4.31,01.02.2026 19:59:35,4,NIE,,
w-2026,15,14.04.2026,14.04.2026 12:16:11,53,85,Podlaskie,89,Radiologia i diagnostyka obrazowa,2026/004628,Rezydencki,89.71,4.17,28.02.2026 21:51:52,4,NIE,,
w-2026,15,14.04.2026,14.04.2026 12:16:11,53,85,Podlaskie,90,Radiologia i diagnostyka obrazowa,2026/011781,Pozarezydencki,79.91,3.50,28.02.2026 21:49:03,2,NIE,,
w-2026,15,14.04.2026,14.04.2026 12:16:11,53,85,Podlaskie,91,Radiologia i diagnostyka obrazowa,2026/007025,Pozarezydencki,79.91,3.32,26.02.2026 01:59:57,2,NIE,,
w-2026,15,14.04.2026,14.04.2026 12:16:11,53,85,Podlaskie,92,Rehabilitacja medyczna,2026/010217,Rezydencki,76.92,4.02,26.02.2026 16:03:30,1,NIE,,
w-2026,15,14.04.2026,14.04.2026 12:16:11,53,85,Podlaskie,93,Reumatologia,2026/004150,Pozarezydencki,77.88,5.00,23.02.2026 18:24:05,2,NIE,,
w-2026,15,14.04.2026,14.04.2026 12:16:11,53,85,Podlaskie,94,Reumatologia,2026/009922,Pozarezydencki,71.82,3.72,12.03.2026 17:27:45,2,NIE,,
w-2026,15,14.04.2026,14.04.2026 12:16:11,53,85,Podlaskie,95,Stomatologia zachowawcza z endodoncją,2026/007963,Rezydencki,80.38,3.59,19.03.2026 10:44:17,3,NIE,,
w-2026,15,14.04.2026,14.04.2026 12:16:11,54,85,Podlaskie,96,Stomatologia zachowawcza z endodoncją,2026/009481,Rezydencki,77.40,3.96,24.02.2026 20:17:00,3,NIE,,
w-2026,15,14.04.2026,14.04.2026 12:16:11,54,85,Podlaskie,97,Stomatologia zachowawcza z endodoncją,2026/005062,Rezydencki,68.75,4.15,18.03.2026 20:41:25,3,NIE,,
w-2026,15,14.04.2026,14.04.2026 12:16:11,54,85,Podlaskie,98,Urologia,2026/006625,Pozarezydencki,84.93,4.03,28.02.2026 15:41:13,1,NIE,,
w-2026,15,14.04.2026,14.04.2026 12:16:11,54,85,Podlaskie,1,Położnictwo i ginekologia,2026/010290,Rezydencki,86.84,3.67,26.02.2026 12:28:35,1,TAK,Uniwersytecki Szpital Kliniczny w Białymstoku,"Klinika Ginekologii i Ginekologii Onkologicznej, Klinika Perinatologii i Położnictwa"
w-2026,15,14.04.2026,14.04.2026 12:16:11,54,85,Podlaskie,1,Kardiologia,2026/004921,Rezydencki,88.28,3.22,24.02.2026 22:22:59,2,TAK,Uniwersytecki Szpital Kliniczny w Białymstoku,Klinika Kardiologii i Chorób Wewnętrznych z OINK
w-2026,15,14.04.2026,14.04.2026 12:16:11,54,85,Podlaskie,2,Kardiologia,2026/004351,Rezydencki,79.71,3.64,04.02.2026 19:17:29,2,TAK,Uniwersytecki Szpital Kliniczny w Białymstoku,Klinika Kardiologii i Chorób Wewnętrznych z OINK
w-2026,15,14.04.2026,14.04.2026 12:16:11,54,85,Podlaskie,1,Gastroenterologia,2026/003789,Rezydencki,88.81,4.36,02.02.2026 21:40:26,1,TAK,Uniwersytecki Szpital Kliniczny w Białymstoku,Klinika Gastroenterologii i Chorób Wewnętrznych
w-2026,15,14.04.2026,14.04.2026 12:16:11,54,85,Pomorskie,1,Alergologia,2026/010785,Rezydencki,88.52,4.53,16.03.2026 16:06:01,2,NIE,,
w-2026,15,14.04.2026,14.04.2026 12:16:11,54,85,Pomorskie,2,Alergologia,2026/011371,Rezydencki,87.44,4.05,28.02.2026 09:07:37,2,NIE,,
w-2026,15,14.04.2026,14.04.2026 12:16:11,54,85,Pomorskie,3,Alergologia,2026/010020,Pozarezydencki,82.11,3.82,11.03.2026 12:21:22,1,NIE,,
w-2026,15,14.04.2026,14.04.2026 12:16:11,54,85,Pomorskie,4,Anestezjologia i intensywna terapia,2026/009075,Rezydencki,86.84,3.74,28.02.2026 21:25:38,5,NIE,,
w-2026,15,14.04.2026,14.04.2026 12:16:11,54,85,Pomorskie,5,Anestezjologia i intensywna terapia,2026/008863,Rezydencki,85.89,3.49,10.03.2026 23:22:40,5,NIE,,
w-2026,15,14.04.2026,14.04.2026 12:16:11,54,85,Pomorskie,6,Anestezjologia i intensywna terapia,2026/004867,Rezydencki,85.51,4.14,04.03.2026 11:20:35,5,NIE,,
w-2026,15,14.04.2026,14.04.2026 12:16:11,54,85,Pomorskie,7,Anestezjologia i intensywna terapia,2026/011170,Rezydencki,84.45,3.87,16.03.2026 11:56:38,5,NIE,,
w-2026,15,14.04.2026,14.04.2026 12:16:11,54,85,Pomorskie,8,Anestezjologia i intensywna terapia,2026/005640,Rezydencki,83.33,4.27,10.02.2026 18:02:33,5,NIE,,
w-2026,15,14.04.2026,14.04.2026 12:16:11,54,85,Pomorskie,9,Audiologia i foniatria,2026/010716,Pozarezydencki,58.26,3.22,19.03.2026 11:46:01,1,NIE,,
w-2026,15,14.04.2026,14.04.2026 12:16:11,54,85,Pomorskie,10,Chirurgia dziecięca,2026/007411,Rezydencki,84.30,4.21,27.02.2026 19:12:57,2,NIE,,
w-2026,15,14.04.2026,14.04.2026 12:16:11,54,85,Pomorskie,11,Chirurgia dziecięca,2026/009686,Rezydencki,83.25,4.25,09.03.2026 21:57:34,2,NIE,,
w-2026,15,14.04.2026,14.04.2026 12:16:11,54,85,Pomorskie,12,Chirurgia naczyniowa,2026/007364,Rezydencki,84.69,3.69,21.02.2026 17:08:22,1,NIE,,
w-2026,15,14.04.2026,14.04.2026 12:16:11,54,85,Pomorskie,13,Chirurgia ogólna,2026/009299,Rezydencki,87.14,3.95,27.02.2026 21:04:00,6,NIE,,
w-2026,15,14.04.2026,14.04.2026 12:16:11,54,85,Pomorskie,14,Chirurgia ogólna,2026/011403,Rezydencki,82.06,3.58,28.02.2026 20:45:32,6,NIE,,
w-2026,15,14.04.2026,14.04.2026 12:16:11,54,85,Pomorskie,15,Chirurgia ogólna,2026/009366,Rezydencki,81.97,4.38,16.03.2026 17:45:44,6,NIE,,
w-2026,15,14.04.2026,14.04.2026 12:16:11,55,85,Pomorskie,16,Chirurgia ogólna,2026/009964,Rezydencki,73.81,0.00,15.03.2026 20:28:35,6,NIE,,
w-2026,15,14.04.2026,14.04.2026 12:16:11,55,85,Pomorskie,17,Chirurgia ogólna,2026/008901,Rezydencki,72.38,4.34,05.03.2026 12:53:37,6,NIE,,
w-2026,15,14.04.2026,14.04.2026 12:16:11,55,85,Pomorskie,18,Chirurgia ogólna,2026/008029,Rezydencki,69.23,4.74,23.02.2026 14:14:03,6,NIE,,
w-2026,15,14.04.2026,14.04.2026 12:16:11,55,85,Pomorskie,19,Chirurgia onkologiczna,2026/007283,Pozarezydencki,75.45,3.42,18.03.2026 15:14:25,2,NIE,,
w-2026,15,14.04.2026,14.04.2026 12:16:11,55,85,Pomorskie,20,Chirurgia onkologiczna,2026/007768,Pozarezydencki,70.91,3.25,17.03.2026 20:42:59,2,NIE,,
w-2026,15,14.04.2026,14.04.2026 12:16:11,55,85,Pomorskie,21,Chirurgia stomatologiczna,2026/009868,Pozarezydencki,80.00,4.14,12.03.2026 21:36:10,3,NIE,,
w-2026,15,14.04.2026,14.04.2026 12:16:11,55,85,Pomorskie,22,Chirurgia stomatologiczna,2026/011389,Pozarezydencki,79.00,3.27,17.03.2026 23:22:53,3,NIE,,
w-2026,15,14.04.2026,14.04.2026 12:16:11,55,85,Pomorskie,23,Chirurgia stomatologiczna,2026/006798,Pozarezydencki,78.21,3.84,25.02.2026 22:45:09,3,NIE,,
w-2026,15,14.04.2026,14.04.2026 12:16:11,55,85,Pomorskie,24,Chirurgia szczękowo-twarzowa,2026/007324,Rezydencki,83.81,4.13,24.02.2026 08:29:33,2,NIE,,
w-2026,15,14.04.2026,14.04.2026 12:16:11,55,85,Pomorskie,25,Chirurgia szczękowo-twarzowa,2026/007731,Rezydencki,83.65,3.39,15.03.2026 17:46:32,2,NIE,,
w-2026,15,14.04.2026,14.04.2026 12:16:11,55,85,Pomorskie,26,Choroby płuc,2026/003684,Rezydencki,87.08,3.79,16.02.2026 16:48:23,2,NIE,,
w-2026,15,14.04.2026,14.04.2026 12:16:11,55,85,Pomorskie,27,Choroby płuc,2026/009930,Rezydencki,81.73,3.31,26.02.2026 19:16:23,2,NIE,,
w-2026,15,14.04.2026,14.04.2026 12:16:11,55,85,Pomorskie,28,Choroby płuc,2026/011088,Pozarezydencki,69.16,4.02,27.02.2026 18:46:43,1,NIE,,
w-2026,15,14.04.2026,14.04.2026 12:16:11,55,85,Pomorskie,29,Choroby wewnętrzne,2026/011039,Rezydencki,89.86,3.96,27.02.2026 17:29:12,21,NIE,,
w-2026,15,14.04.2026,14.04.2026 12:16:11,55,85,Pomorskie,30,Choroby wewnętrzne,2026/006818,Rezydencki,88.41,3.74,18.03.2026 13:27:40,21,NIE,,
w-2026,15,14.04.2026,14.04.2026 12:16:11,55,85,Pomorskie,31,Choroby wewnętrzne,2026/007737,Rezydencki,87.56,4.19,11.03.2026 10:36:38,21,NIE,,
w-2026,15,14.04.2026,14.04.2026 12:16:11,55,85,Pomorskie,32,Choroby wewnętrzne,2026/010065,Rezydencki,87.56,3.77,13.03.2026 12:43:37,21,NIE,,
w-2026,15,14.04.2026,14.04.2026 12:16:11,55,85,Pomorskie,33,Choroby wewnętrzne,2026/003515,Rezydencki,85.17,4.23,18.02.2026 19:20:06,21,NIE,,
w-2026,15,14.04.2026,14.04.2026 12:16:11,55,85,Pomorskie,34,Choroby wewnętrzne,2026/010661,Rezydencki,84.93,4.27,11.03.2026 20:42:51,21,NIE,,
w-2026,15,14.04.2026,14.04.2026 12:16:11,55,85,Pomorskie,35,Choroby wewnętrzne,2026/005775,Rezydencki,83.73,3.86,12.02.2026 11:14:54,21,NIE,,
w-2026,15,14.04.2026,14.04.2026 12:16:11,55,85,Pomorskie,36,Choroby wewnętrzne,2026/005962,Rezydencki,83.65,4.07,21.02.2026 22:46:54,21,NIE,,
w-2026,15,14.04.2026,14.04.2026 12:16:11,55,85,Pomorskie,37,Choroby wewnętrzne,2026/009605,Rezydencki,82.93,3.26,06.03.2026 10:41:56,21,NIE,,
w-2026,15,14.04.2026,14.04.2026 12:16:11,55,85,Pomorskie,38,Choroby wewnętrzne,2026/007273,Rezydencki,82.38,3.88,05.03.2026 10:17:34,21,NIE,,
w-2026,15,14.04.2026,14.04.2026 12:16:11,55,85,Pomorskie,39,Choroby wewnętrzne,2026/006492,Rezydencki,79.09,3.65,28.02.2026 17:07:21,21,NIE,,
w-2026,15,14.04.2026,14.04.2026 12:16:11,55,85,Pomorskie,40,Choroby wewnętrzne,2026/010588,Rezydencki,78.85,3.39,15.03.2026 20:46:36,21,NIE,,
w-2026,15,14.04.2026,14.04.2026 12:16:11,55,85,Pomorskie,41,Choroby wewnętrzne,2026/011905,Rezydencki,77.45,3.93,23.03.2026 15:08:13,21,NIE,,
w-2026,15,14.04.2026,14.04.2026 12:16:11,55,85,Pomorskie,42,Choroby wewnętrzne,2026/008284,Rezydencki,76.92,3.93,20.02.2026 22:53:29,21,NIE,,
w-2026,15,14.04.2026,14.04.2026 12:16:11,55,85,Pomorskie,43,Choroby wewnętrzne,2026/009484,Rezydencki,72.12,4.74,24.02.2026 20:18:05,21,NIE,,
w-2026,15,14.04.2026,14.04.2026 12:16:11,55,85,Pomorskie,44,Choroby wewnętrzne,2026/011121,Rezydencki,71.63,4.21,18.03.2026 09:21:35,21,NIE,,
w-2026,15,14.04.2026,14.04.2026 12:16:11,55,85,Pomorskie,45,Choroby wewnętrzne,2026/011072,Rezydencki,71.29,4.08,10.03.2026 11:04:39,21,NIE,,
w-2026,15,14.04.2026,14.04.2026 12:16:11,55,85,Pomorskie,46,Choroby wewnętrzne,2026/006143,Rezydencki,66.35,3.85,05.03.2026 10:40:41,21,NIE,,
w-2026,15,14.04.2026,14.04.2026 12:16:11,55,85,Pomorskie,47,Choroby wewnętrzne,2026/009890,Rezydencki,66.19,3.22,12.03.2026 19:35:27,21,NIE,,
w-2026,15,14.04.2026,14.04.2026 12:16:11,55,85,Pomorskie,48,Choroby wewnętrzne,2026/007997,Rezydencki,64.90,4.25,05.03.2026 10:29:04,21,NIE,,
w-2026,15,14.04.2026,14.04.2026 12:16:11,55,85,Pomorskie,49,Choroby wewnętrzne,2026/010151,Rezydencki,54.81,0.00,23.03.2026 23:12:00,21,NIE,,
w-2026,15,14.04.2026,14.04.2026 12:16:11,55,85,Pomorskie,50,Choroby wewnętrzne,2026/011012,Pozarezydencki,75.58,4.30,27.02.2026 16:30:24,3,NIE,,
w-2026,15,14.04.2026,14.04.2026 12:16:11,55,85,Pomorskie,51,Choroby wewnętrzne,2026/011018,Pozarezydencki,72.73,0.00,27.02.2026 16:45:14,3,NIE,,
w-2026,15,14.04.2026,14.04.2026 12:16:11,55,85,Pomorskie,52,Choroby wewnętrzne,2026/006266,Pozarezydencki,70.64,0.00,15.03.2026 23:28:19,3,NIE,,
w-2026,15,14.04.2026,14.04.2026 12:16:11,56,85,Pomorskie,53,Choroby zakaźne,2026/003486,Rezydencki,90.00,4.17,19.02.2026 22:04:01,2,NIE,,
w-2026,15,14.04.2026,14.04.2026 12:16:11,56,85,Pomorskie,54,Choroby zakaźne,2026/005415,Rezydencki,69.57,4.06,13.02.2026 15:26:03,2,NIE,,
w-2026,15,14.04.2026,14.04.2026 12:16:11,56,85,Pomorskie,55,Endokrynologia ginekologiczna i rozrodczość,2026/009040,Pozarezydencki,80.00,3.91,23.02.2026 19:15:14,1,NIE,,
w-2026,15,14.04.2026,14.04.2026 12:16:11,56,85,Pomorskie,56,Gastroenterologia,2026/006120,Pozarezydencki,81.78,4.05,16.03.2026 19:43:42,1,NIE,,
w-2026,15,14.04.2026,14.04.2026 12:16:11,56,85,Pomorskie,57,Genetyka kliniczna,2026/005052,Pozarezydencki,66.97,0.00,23.02.2026 11:23:51,2,NIE,,
w-2026,15,14.04.2026,14.04.2026 12:16:11,56,85,Pomorskie,58,Genetyka kliniczna,2026/006494,Pozarezydencki,0.00,3.43,26.03.2026 10:42:40,2,NIE,,
w-2026,15,14.04.2026,14.04.2026 12:16:11,56,85,Pomorskie,59,Geriatria,2026/003469,Pozarezydencki,71.14,3.99,19.03.2026 12:29:54,1,NIE,,
w-2026,15,14.04.2026,14.04.2026 12:16:11,56,85,Pomorskie,60,Hematologia,2026/005767,Rezydencki,86.96,4.02,06.03.2026 10:13:53,2,NIE,,
w-2026,15,14.04.2026,14.04.2026 12:16:11,56,85,Pomorskie,61,Hematologia,2026/008563,Rezydencki,80.86,4.80,22.02.2026 19:49:05,2,NIE,,
w-2026,15,14.04.2026,14.04.2026 12:16:11,56,85,Pomorskie,62,Immunologia kliniczna,2026/008333,Rezydencki,82.62,3.41,18.03.2026 19:19:23,1,NIE,,
w-2026,15,14.04.2026,14.04.2026 12:16:11,56,85,Pomorskie,63,Kardiologia,2026/004417,Rezydencki,89.95,3.88,17.03.2026 18:56:38,12,NIE,,
w-2026,15,14.04.2026,14.04.2026 12:16:11,56,85,Pomorskie,64,Kardiologia,2026/010663,Rezydencki,89.86,4.22,14.03.2026 16:41:03,12,NIE,,
w-2026,15,14.04.2026,14.04.2026 12:16:11,56,85,Pomorskie,65,Kardiologia,2026/009802,Rezydencki,89.47,4.17,13.03.2026 11:21:38,12,NIE,,
w-2026,15,14.04.2026,14.04.2026 12:16:11,56,85,Pomorskie,66,Kardiologia,2026/005434,Rezydencki,89.29,4.42,02.03.2026 14:24:14,12,NIE,,
w-2026,15,14.04.2026,14.04.2026 12:16:11,56,85,Pomorskie,67,Kardiologia,2026/003759,Rezydencki,89.00,4.13,09.03.2026 17:40:43,12,NIE,,
w-2026,15,14.04.2026,14.04.2026 12:16:11,56,85,Pomorskie,68,Kardiologia,2026/007651,Rezydencki,87.92,3.78,25.02.2026 16:19:34,12,NIE,,
w-2026,15,14.04.2026,14.04.2026 12:16:11,56,85,Pomorskie,69,Kardiologia,2026/003780,Rezydencki,87.56,3.60,02.02.2026 18:46:50,12,NIE,,
w-2026,15,14.04.2026,14.04.2026 12:16:11,56,85,Pomorskie,70,Kardiologia,2026/004119,Rezydencki,87.38,3.64,03.02.2026 17:32:55,12,NIE,,
w-2026,15,14.04.2026,14.04.2026 12:16:11,56,85,Pomorskie,71,Kardiologia,2026/007396,Rezydencki,87.02,4.34,28.02.2026 18:07:41,12,NIE,,
w-2026,15,14.04.2026,14.04.2026 12:16:11,56,85,Pomorskie,72,Kardiologia,2026/004300,Rezydencki,87.02,4.30,23.02.2026 13:45:05,12,NIE,,
w-2026,15,14.04.2026,14.04.2026 12:16:11,56,85,Pomorskie,73,Kardiologia,2026/009611,Rezydencki,86.47,3.65,12.03.2026 17:23:56,12,NIE,,
w-2026,15,14.04.2026,14.04.2026 12:16:11,56,85,Pomorskie,74,Kardiologia,2026/007293,Rezydencki,85.34,4.07,28.02.2026 13:21:32,12,NIE,,
w-2026,15,14.04.2026,14.04.2026 12:16:11,56,85,Pomorskie,75,Kardiologia,2026/006814,Pozarezydencki,80.00,4.00,11.03.2026 13:12:22,2,NIE,,
w-2026,15,14.04.2026,14.04.2026 12:16:11,56,85,Pomorskie,76,Kardiologia,2026/003458,Pozarezydencki,71.23,4.52,07.02.2026 10:08:40,2,NIE,,
w-2026,15,14.04.2026,14.04.2026 12:16:11,56,85,Pomorskie,77,Medycyna morska i tropikalna,2026/007366,Pozarezydencki,89.09,3.78,21.03.2026 10:16:46,1,NIE,,
w-2026,15,14.04.2026,14.04.2026 12:16:11,56,85,Pomorskie,78,Medycyna paliatywna,2026/004339,Pozarezydencki,75.45,3.07,04.03.2026 16:41:00,2,NIE,,
w-2026,15,14.04.2026,14.04.2026 12:16:11,56,85,Pomorskie,79,Medycyna paliatywna,2026/004081,Pozarezydencki,66.36,3.14,25.03.2026 18:43:39,2,NIE,,
w-2026,15,14.04.2026,14.04.2026 12:16:11,56,85,Pomorskie,80,Medycyna ratunkowa,2026/006504,Rezydencki,75.96,4.00,12.03.2026 19:39:50,1,NIE,,
w-2026,15,14.04.2026,14.04.2026 12:16:11,56,85,Pomorskie,81,Medycyna ratunkowa,2026/004616,Pozarezydencki,81.57,0.00,12.03.2026 23:10:58,5,NIE,,
w-2026,15,14.04.2026,14.04.2026 12:16:11,56,85,Pomorskie,82,Medycyna ratunkowa,2026/004847,Pozarezydencki,80.00,0.00,13.03.2026 11:38:20,5,NIE,,
w-2026,15,14.04.2026,14.04.2026 12:16:11,56,85,Pomorskie,83,Medycyna ratunkowa,2026/010955,Pozarezydencki,77.05,4.32,13.03.2026 12:57:47,5,NIE,,
w-2026,15,14.04.2026,14.04.2026 12:16:11,56,85,Pomorskie,84,Medycyna ratunkowa,2026/008980,Pozarezydencki,63.64,3.57,09.03.2026 19:50:00,5,NIE,,
w-2026,15,14.04.2026,14.04.2026 12:16:11,56,85,Pomorskie,85,Medycyna ratunkowa,2026/010360,Pozarezydencki,57.99,4.13,18.03.2026 10:57:43,5,NIE,,
w-2026,15,14.04.2026,14.04.2026 12:16:11,56,85,Pomorskie,86,Medycyna rodzinna,2026/003776,Rezydencki,87.92,4.70,21.02.2026 18:54:22,19,NIE,,
w-2026,15,14.04.2026,14.04.2026 12:16:11,56,85,Pomorskie,87,Medycyna rodzinna,2026/011008,Rezydencki,85.99,4.32,12.03.2026 15:23:34,19,NIE,,
w-2026,15,14.04.2026,14.04.2026 12:16:11,56,85,Pomorskie,88,Medycyna rodzinna,2026/006609,Rezydencki,85.65,4.10,10.03.2026 23:07:09,19,NIE,,
w-2026,15,14.04.2026,14.04.2026 12:16:11,56,85,Pomorskie,89,Medycyna rodzinna,2026/007084,Rezydencki,85.29,3.56,16.02.2026 22:14:02,19,NIE,,
w-2026,15,14.04.2026,14.04.2026 12:16:11,57,85,Pomorskie,90,Medycyna rodzinna,2026/005787,Rezydencki,84.69,4.34,10.03.2026 16:15:19,19,NIE,,
w-2026,15,14.04.2026,14.04.2026 12:16:11,57,85,Pomorskie,91,Medycyna rodzinna,2026/003527,Rezydencki,84.21,3.55,28.02.2026 16:05:15,19,NIE,,
w-2026,15,14.04.2026,14.04.2026 12:16:11,57,85,Pomorskie,92,Medycyna rodzinna,2026/011069,Rezydencki,82.78,3.95,12.03.2026 14:19:57,19,NIE,,
w-2026,15,14.04.2026,14.04.2026 12:16:11,57,85,Pomorskie,93,Medycyna rodzinna,2026/003522,Rezydencki,82.38,4.26,25.02.2026 20:54:21,19,NIE,,
w-2026,15,14.04.2026,14.04.2026 12:16:11,57,85,Pomorskie,94,Medycyna rodzinna,2026/006003,Rezydencki,79.90,3.97,24.03.2026 21:51:41,19,NIE,,
w-2026,15,14.04.2026,14.04.2026 12:16:11,57,85,Pomorskie,95,Medycyna rodzinna,2026/009911,Rezydencki,79.90,3.53,25.02.2026 18:37:00,19,NIE,,
w-2026,15,14.04.2026,14.04.2026 12:16:11,57,85,Pomorskie,96,Medycyna rodzinna,2026/011221,Rezydencki,76.33,3.60,27.02.2026 21:54:39,19,NIE,,
w-2026,15,14.04.2026,14.04.2026 12:16:11,57,85,Pomorskie,97,Medycyna rodzinna,2026/008463,Rezydencki,72.12,4.41,24.02.2026 16:46:35,19,NIE,,
w-2026,15,14.04.2026,14.04.2026 12:16:11,57,85,Pomorskie,98,Medycyna rodzinna,2026/011466,Rezydencki,70.10,3.61,28.02.2026 14:16:20,19,NIE,,
w-2026,15,14.04.2026,14.04.2026 12:16:11,57,85,Pomorskie,99,Medycyna rodzinna,2026/008542,Rezydencki,69.90,4.09,15.03.2026 20:52:42,19,NIE,,
w-2026,15,14.04.2026,14.04.2026 12:16:11,57,85,Pomorskie,100,Medycyna rodzinna,2026/008380,Rezydencki,69.86,4.26,21.02.2026 14:44:44,19,NIE,,
w-2026,15,14.04.2026,14.04.2026 12:16:11,57,85,Pomorskie,101,Medycyna rodzinna,2026/010650,Rezydencki,68.12,0.00,20.03.2026 06:45:52,19,NIE,,
w-2026,15,14.04.2026,14.04.2026 12:16:11,57,85,Pomorskie,102,Medycyna rodzinna,2026/007155,Rezydencki,66.51,0.00,05.03.2026 09:01:42,19,NIE,,
w-2026,15,14.04.2026,14.04.2026 12:16:11,57,85,Pomorskie,103,Medycyna rodzinna,2026/003331,Rezydencki,61.27,0.00,03.03.2026 14:58:47,19,NIE,,
w-2026,15,14.04.2026,14.04.2026 12:16:11,57,85,Pomorskie,104,Medycyna rodzinna,2026/004585,Rezydencki,59.81,3.94,03.03.2026 22:22:35,19,NIE,,
w-2026,15,14.04.2026,14.04.2026 12:16:11,57,85,Pomorskie,105,Medycyna rodzinna,2026/012105,Pozarezydencki,67.74,0.00,20.03.2026 22:59:03,2,NIE,,
w-2026,15,14.04.2026,14.04.2026 12:16:11,57,85,Pomorskie,106,Medycyna rodzinna,2026/011272,Pozarezydencki,52.07,3.92,19.03.2026 22:32:36,2,NIE,,
w-2026,15,14.04.2026,14.04.2026 12:16:11,57,85,Pomorskie,107,Nefrologia,2026/009710,Rezydencki,91.55,4.35,27.02.2026 19:21:43,1,NIE,,
w-2026,15,14.04.2026,14.04.2026 12:16:11,57,85,Pomorskie,108,Nefrologia dziecięca,2026/009134,Pozarezydencki,70.91,3.56,10.03.2026 18:10:45,1,NIE,,
w-2026,15,14.04.2026,14.04.2026 12:16:11,57,85,Pomorskie,109,Neonatologia,2026/006405,Rezydencki,75.60,3.71,16.02.2026 09:46:24,1,NIE,,
w-2026,15,14.04.2026,14.04.2026 12:16:11,57,85,Pomorskie,110,Neurologia,2026/005105,Rezydencki,87.80,4.11,22.02.2026 19:29:57,5,NIE,,
w-2026,15,14.04.2026,14.04.2026 12:16:11,57,85,Pomorskie,111,Neurologia,2026/011554,Rezydencki,83.65,4.02,28.02.2026 23:16:10,5,NIE,,
w-2026,15,14.04.2026,14.04.2026 12:16:11,57,85,Pomorskie,112,Neurologia,2026/008438,Rezydencki,81.10,3.57,24.02.2026 21:51:04,5,NIE,,
w-2026,15,14.04.2026,14.04.2026 12:16:11,57,85,Pomorskie,113,Neurologia,2026/004386,Rezydencki,74.64,3.52,04.02.2026 21:13:01,5,NIE,,
w-2026,15,14.04.2026,14.04.2026 12:16:11,57,85,Pomorskie,114,Neurologia,2026/008600,Rezydencki,74.52,3.79,22.02.2026 19:07:38,5,NIE,,
w-2026,15,14.04.2026,14.04.2026 12:16:11,57,85,Pomorskie,115,Okulistyka,2026/008595,Rezydencki,90.67,3.90,02.03.2026 20:39:05,7,NIE,,
w-2026,15,14.04.2026,14.04.2026 12:16:11,57,85,Pomorskie,116,Okulistyka,2026/003280,Rezydencki,90.43,4.11,05.03.2026 10:56:46,7,NIE,,
w-2026,15,14.04.2026,14.04.2026 12:16:11,57,85,Pomorskie,117,Okulistyka,2026/009545,Rezydencki,90.24,4.33,17.03.2026 20:34:18,7,NIE,,
w-2026,15,14.04.2026,14.04.2026 12:16:11,57,85,Pomorskie,118,Okulistyka,2026/006098,Rezydencki,89.86,4.10,20.02.2026 11:19:53,7,NIE,,
w-2026,15,14.04.2026,14.04.2026 12:16:11,57,85,Pomorskie,119,Okulistyka,2026/010676,Rezydencki,89.86,3.97,28.02.2026 16:36:22,7,NIE,,
w-2026,15,14.04.2026,14.04.2026 12:16:11,57,85,Pomorskie,120,Okulistyka,2026/010344,Rezydencki,89.47,3.92,26.02.2026 13:01:45,7,NIE,,
w-2026,15,14.04.2026,14.04.2026 12:16:11,57,85,Pomorskie,121,Okulistyka,2026/006247,Rezydencki,89.00,3.98,25.02.2026 19:52:03,7,NIE,,
w-2026,15,14.04.2026,14.04.2026 12:16:11,57,85,Pomorskie,122,Okulistyka,2026/007639,Pozarezydencki,82.65,3.71,23.02.2026 20:05:07,3,NIE,,
w-2026,15,14.04.2026,14.04.2026 12:16:11,57,85,Pomorskie,123,Okulistyka,2026/009411,Pozarezydencki,82.27,3.58,26.03.2026 14:05:49,3,NIE,,
w-2026,15,14.04.2026,14.04.2026 12:16:11,57,85,Pomorskie,124,Okulistyka,2026/006588,Pozarezydencki,81.28,3.53,26.02.2026 19:18:36,3,NIE,,
w-2026,15,14.04.2026,14.04.2026 12:16:11,57,85,Pomorskie,125,Onkologia kliniczna,2026/004297,Rezydencki,89.95,4.52,03.03.2026 12:41:37,1,NIE,,
w-2026,15,14.04.2026,14.04.2026 12:16:11,57,85,Pomorskie,126,Ortodoncja,2026/009965,Rezydencki,87.56,4.59,09.03.2026 12:56:54,1,NIE,,
w-2026,15,14.04.2026,14.04.2026 12:16:11,58,85,Pomorskie,127,Ortopedia i traumatologia narządu ruchu,2026/010413,Rezydencki,84.21,4.02,28.02.2026 23:09:15,1,NIE,,
w-2026,15,14.04.2026,14.04.2026 12:16:11,58,85,Pomorskie,128,Otorynolaryngologia,2026/010603,Rezydencki,90.34,4.78,26.02.2026 22:26:13,2,NIE,,
w-2026,15,14.04.2026,14.04.2026 12:16:11,58,85,Pomorskie,129,Otorynolaryngologia,2026/003526,Rezydencki,89.95,3.72,25.02.2026 23:01:26,2,NIE,,
w-2026,15,14.04.2026,14.04.2026 12:16:11,58,85,Pomorskie,130,Patomorfologia,2026/003378,Rezydencki,85.89,3.75,07.03.2026 11:49:44,3,NIE,,
w-2026,15,14.04.2026,14.04.2026 12:16:11,58,85,Pomorskie,131,Patomorfologia,2026/010440,Rezydencki,85.71,3.80,11.03.2026 19:12:34,3,NIE,,
w-2026,15,14.04.2026,14.04.2026 12:16:11,58,85,Pomorskie,132,Patomorfologia,2026/003618,Rezydencki,83.09,3.44,23.02.2026 17:09:11,3,NIE,,
w-2026,15,14.04.2026,14.04.2026 12:16:11,58,85,Pomorskie,133,Pediatria,2026/007929,Rezydencki,91.22,4.27,23.02.2026 16:37:49,9,NIE,,
w-2026,15,14.04.2026,14.04.2026 12:16:11,58,85,Pomorskie,134,Pediatria,2026/009115,Rezydencki,89.05,4.36,24.02.2026 14:01:54,9,NIE,,
w-2026,15,14.04.2026,14.04.2026 12:16:11,58,85,Pomorskie,135,Pediatria,2026/010946,Rezydencki,88.24,4.23,28.02.2026 13:29:20,9,NIE,,
w-2026,15,14.04.2026,14.04.2026 12:16:11,58,85,Pomorskie,136,Pediatria,2026/005137,Rezydencki,82.93,3.85,05.03.2026 09:55:10,9,NIE,,
w-2026,15,14.04.2026,14.04.2026 12:16:11,58,85,Pomorskie,137,Pediatria,2026/007052,Rezydencki,82.78,4.62,01.03.2026 22:49:38,9,NIE,,
w-2026,15,14.04.2026,14.04.2026 12:16:11,58,85,Pomorskie,138,Pediatria,2026/006627,Rezydencki,79.90,4.35,16.03.2026 19:08:17,9,NIE,,
w-2026,15,14.04.2026,14.04.2026 12:16:11,58,85,Pomorskie,139,Pediatria,2026/004754,Rezydencki,75.12,4.89,04.03.2026 12:09:52,9,NIE,,
w-2026,15,14.04.2026,14.04.2026 12:16:11,58,85,Pomorskie,140,Pediatria,2026/005599,Rezydencki,72.73,4.23,05.03.2026 13:44:42,9,NIE,,
w-2026,15,14.04.2026,14.04.2026 12:16:11,58,85,Pomorskie,141,Pediatria,2026/004229,Rezydencki,67.15,4.11,14.03.2026 18:50:05,9,NIE,,
w-2026,15,14.04.2026,14.04.2026 12:16:11,58,85,Pomorskie,142,Pediatria,2026/011643,Pozarezydencki,82.27,4.23,28.02.2026 19:15:32,1,NIE,,
w-2026,15,14.04.2026,14.04.2026 12:16:11,58,85,Pomorskie,143,Periodontologia,2026/008757,Rezydencki,84.95,4.67,10.03.2026 11:53:49,1,NIE,,
w-2026,15,14.04.2026,14.04.2026 12:16:11,58,85,Pomorskie,144,Położnictwo i ginekologia,2026/009571,Rezydencki,87.20,4.05,28.02.2026 10:37:47,8,NIE,,
w-2026,15,14.04.2026,14.04.2026 12:16:11,58,85,Pomorskie,145,Położnictwo i ginekologia,2026/009621,Rezydencki,86.12,3.97,25.02.2026 01:11:11,8,NIE,,
w-2026,15,14.04.2026,14.04.2026 12:16:11,58,85,Pomorskie,146,Położnictwo i ginekologia,2026/011136,Rezydencki,85.89,4.05,20.03.2026 09:04:57,8,NIE,,
w-2026,15,14.04.2026,14.04.2026 12:16:11,58,85,Pomorskie,147,Położnictwo i ginekologia,2026/006607,Rezydencki,85.65,3.38,04.03.2026 10:37:18,8,NIE,,
w-2026,15,14.04.2026,14.04.2026 12:16:11,58,85,Pomorskie,148,Położnictwo i ginekologia,2026/003428,Rezydencki,84.21,3.71,11.03.2026 21:38:40,8,NIE,,
w-2026,15,14.04.2026,14.04.2026 12:16:11,58,85,Pomorskie,149,Położnictwo i ginekologia,2026/007008,Rezydencki,84.13,3.64,05.03.2026 15:47:18,8,NIE,,
w-2026,15,14.04.2026,14.04.2026 12:16:11,58,85,Pomorskie,150,Położnictwo i ginekologia,2026/007374,Rezydencki,83.41,3.82,24.02.2026 17:52:47,8,NIE,,
w-2026,15,14.04.2026,14.04.2026 12:16:11,58,85,Pomorskie,151,Położnictwo i ginekologia,2026/011035,Rezydencki,82.38,3.54,27.02.2026 17:19:43,8,NIE,,
w-2026,15,14.04.2026,14.04.2026 12:16:11,58,85,Pomorskie,152,Protetyka stomatologiczna,2026/004083,Rezydencki,84.54,4.10,09.03.2026 19:33:13,1,NIE,,
w-2026,15,14.04.2026,14.04.2026 12:16:11,58,85,Pomorskie,153,Psychiatria,2026/009796,Rezydencki,89.00,4.14,28.02.2026 22:33:12,5,NIE,,
w-2026,15,14.04.2026,14.04.2026 12:16:11,58,85,Pomorskie,154,Psychiatria,2026/005657,Rezydencki,88.52,3.66,04.03.2026 17:01:01,5,NIE,,
w-2026,15,14.04.2026,14.04.2026 12:16:11,58,85,Pomorskie,155,Psychiatria,2026/003435,Rezydencki,87.44,4.35,06.03.2026 12:08:15,5,NIE,,
w-2026,15,14.04.2026,14.04.2026 12:16:11,58,85,Pomorskie,156,Psychiatria,2026/010922,Rezydencki,86.60,3.72,17.03.2026 14:28:41,5,NIE,,
w-2026,15,14.04.2026,14.04.2026 12:16:11,58,85,Pomorskie,157,Psychiatria,2026/006511,Rezydencki,84.76,4.33,21.02.2026 06:20:45,5,NIE,,
w-2026,15,14.04.2026,14.04.2026 12:16:11,58,85,Pomorskie,158,Psychiatria,2026/011889,Pozarezydencki,82.71,3.43,28.02.2026 23:07:13,6,NIE,,
w-2026,15,14.04.2026,14.04.2026 12:16:11,58,85,Pomorskie,159,Psychiatria,2026/010058,Pozarezydencki,81.28,4.00,25.02.2026 23:02:15,6,NIE,,
w-2026,15,14.04.2026,14.04.2026 12:16:11,58,85,Pomorskie,160,Psychiatria,2026/009501,Pozarezydencki,79.32,3.84,26.02.2026 11:21:09,6,NIE,,
w-2026,15,14.04.2026,14.04.2026 12:16:11,58,85,Pomorskie,161,Psychiatria,2026/009047,Pozarezydencki,77.06,3.89,24.02.2026 08:21:47,6,NIE,,
w-2026,15,14.04.2026,14.04.2026 12:16:11,58,85,Pomorskie,162,Psychiatria,2026/007355,Pozarezydencki,76.50,3.46,12.03.2026 16:45:22,6,NIE,,
w-2026,15,14.04.2026,14.04.2026 12:16:11,58,85,Pomorskie,163,Psychiatria,2026/011634,Pozarezydencki,70.32,4.03,16.03.2026 11:05:22,6,NIE,,
w-2026,15,14.04.2026,14.04.2026 12:16:11,59,85,Pomorskie,164,Radiologia i diagnostyka obrazowa,2026/003346,Rezydencki,91.87,4.36,03.03.2026 15:30:08,7,NIE,,
w-2026,15,14.04.2026,14.04.2026 12:16:11,59,85,Pomorskie,165,Radiologia i diagnostyka obrazowa,2026/007715,Rezydencki,89.95,4.19,18.02.2026 21:05:13,7,NIE,,
w-2026,15,14.04.2026,14.04.2026 12:16:11,59,85,Pomorskie,166,Radiologia i diagnostyka obrazowa,2026/006815,Rezydencki,89.47,3.51,13.03.2026 11:14:15,7,NIE,,
w-2026,15,14.04.2026,14.04.2026 12:16:11,59,85,Pomorskie,167,Radiologia i diagnostyka obrazowa,2026/003452,Rezydencki,89.23,4.72,24.02.2026 18:01:13,7,NIE,,
w-2026,15,14.04.2026,14.04.2026 12:16:11,59,85,Pomorskie,168,Radiologia i diagnostyka obrazowa,2026/003376,Rezydencki,89.13,3.65,02.02.2026 08:49:32,7,NIE,,
w-2026,15,14.04.2026,14.04.2026 12:16:11,59,85,Pomorskie,169,Radiologia i diagnostyka obrazowa,2026/006603,Rezydencki,88.76,4.03,23.02.2026 20:53:14,7,NIE,,
w-2026,15,14.04.2026,14.04.2026 12:16:11,59,85,Pomorskie,170,Radiologia i diagnostyka obrazowa,2026/009863,Rezydencki,88.54,3.83,10.03.2026 13:49:10,7,NIE,,
w-2026,15,14.04.2026,14.04.2026 12:16:11,59,85,Pomorskie,171,Radiologia i diagnostyka obrazowa,2026/009356,Pozarezydencki,82.11,4.09,13.03.2026 03:21:29,4,NIE,,
w-2026,15,14.04.2026,14.04.2026 12:16:11,59,85,Pomorskie,172,Radiologia i diagnostyka obrazowa,2026/011338,Pozarezydencki,79.22,3.85,18.03.2026 08:56:05,4,NIE,,
w-2026,15,14.04.2026,14.04.2026 12:16:11,59,85,Pomorskie,173,Radiologia i diagnostyka obrazowa,2026/009374,Pozarezydencki,77.63,3.82,17.03.2026 18:58:48,4,NIE,,
w-2026,15,14.04.2026,14.04.2026 12:16:11,59,85,Pomorskie,174,Radiologia i diagnostyka obrazowa,2026/003833,Pozarezydencki,70.75,3.69,31.03.2026 12:17:17,4,NIE,,
w-2026,15,14.04.2026,14.04.2026 12:16:11,59,85,Pomorskie,175,Rehabilitacja medyczna,2026/004124,Rezydencki,87.08,4.78,24.02.2026 19:55:24,4,NIE,,
w-2026,15,14.04.2026,14.04.2026 12:16:11,59,85,Pomorskie,176,Rehabilitacja medyczna,2026/009561,Rezydencki,86.27,4.29,20.03.2026 08:52:05,4,NIE,,
w-2026,15,14.04.2026,14.04.2026 12:16:11,59,85,Pomorskie,177,Rehabilitacja medyczna,2026/011426,Rezydencki,85.17,4.95,18.03.2026 15:39:34,4,NIE,,
w-2026,15,14.04.2026,14.04.2026 12:16:11,59,85,Pomorskie,178,Rehabilitacja medyczna,2026/006991,Rezydencki,70.05,4.00,17.03.2026 19:48:21,4,NIE,,
w-2026,15,14.04.2026,14.04.2026 12:16:11,59,85,Pomorskie,179,Rehabilitacja medyczna,2026/008052,Pozarezydencki,74.77,0.00,24.03.2026 10:00:18,2,NIE,,
w-2026,15,14.04.2026,14.04.2026 12:16:11,59,85,Pomorskie,180,Rehabilitacja medyczna,2026/008342,Pozarezydencki,53.30,0.00,24.02.2026 10:12:01,2,NIE,,
w-2026,15,14.04.2026,14.04.2026 12:16:11,59,85,Pomorskie,181,Reumatologia,2026/011319,Pozarezydencki,75.45,3.93,27.02.2026 23:44:51,2,NIE,,
w-2026,15,14.04.2026,14.04.2026 12:16:11,59,85,Pomorskie,182,Reumatologia,2026/009483,Pozarezydencki,75.45,3.33,10.03.2026 16:11:40,2,NIE,,
w-2026,15,14.04.2026,14.04.2026 12:16:11,59,85,Pomorskie,183,Stomatologia dziecięca,2026/005846,Rezydencki,85.58,4.61,09.03.2026 16:06:45,2,NIE,,
w-2026,15,14.04.2026,14.04.2026 12:16:11,59,85,Pomorskie,184,Stomatologia dziecięca,2026/006051,Rezydencki,83.17,4.00,16.02.2026 01:21:26,2,NIE,,
w-2026,15,14.04.2026,14.04.2026 12:16:11,59,85,Pomorskie,185,Transplantologia kliniczna,2026/005451,Pozarezydencki,82.27,3.76,23.03.2026 15:08:54,3,NIE,,
w-2026,15,14.04.2026,14.04.2026 12:16:11,59,85,Pomorskie,186,Transplantologia kliniczna,2026/007087,Pozarezydencki,75.91,0.00,04.03.2026 22:44:17,3,NIE,,
w-2026,15,14.04.2026,14.04.2026 12:16:11,59,85,Pomorskie,187,Transplantologia kliniczna,2026/008435,Pozarezydencki,75.68,0.00,11.03.2026 15:38:28,3,NIE,,
w-2026,15,14.04.2026,14.04.2026 12:16:11,59,85,Pomorskie,188,Urologia,2026/010993,Rezydencki,90.14,4.40,28.02.2026 00:06:07,1,NIE,,
w-2026,15,14.04.2026,14.04.2026 12:16:11,59,85,Pomorskie,189,Urologia,2026/011423,Pozarezydencki,78.64,3.69,28.02.2026 18:35:13,1,NIE,,
w-2026,15,14.04.2026,14.04.2026 12:16:11,59,85,Pomorskie,190,Urologia dziecięca,2026/008850,Pozarezydencki,89.09,4.00,09.03.2026 21:39:07,2,NIE,,
w-2026,15,14.04.2026,14.04.2026 12:16:11,59,85,Pomorskie,191,Urologia dziecięca,2026/008459,Pozarezydencki,80.00,3.97,09.03.2026 15:15:20,2,NIE,,
w-2026,15,14.04.2026,14.04.2026 12:16:11,59,85,Pomorskie,192,Zdrowie publiczne,2026/009532,Pozarezydencki,72.15,3.97,10.03.2026 11:33:23,2,NIE,,
w-2026,15,14.04.2026,14.04.2026 12:16:11,59,85,Pomorskie,193,Zdrowie publiczne,2026/011252,Pozarezydencki,51.42,3.86,13.03.2026 11:46:55,2,NIE,,
w-2026,15,14.04.2026,14.04.2026 12:16:11,59,85,Śląskie,1,Anestezjologia i intensywna terapia,2026/008883,Rezydencki,88.41,3.89,16.03.2026 10:17:15,14,NIE,,
w-2026,15,14.04.2026,14.04.2026 12:16:11,59,85,Śląskie,2,Anestezjologia i intensywna terapia,2026/007841,Rezydencki,87.92,4.16,12.03.2026 12:12:30,14,NIE,,
w-2026,15,14.04.2026,14.04.2026 12:16:11,59,85,Śląskie,3,Anestezjologia i intensywna terapia,2026/010465,Rezydencki,87.56,4.57,28.02.2026 13:52:28,14,NIE,,
w-2026,15,14.04.2026,14.04.2026 12:16:11,60,85,Śląskie,4,Anestezjologia i intensywna terapia,2026/011191,Rezydencki,86.60,4.09,17.03.2026 18:55:08,14,NIE,,
w-2026,15,14.04.2026,14.04.2026 12:16:11,60,85,Śląskie,5,Anestezjologia i intensywna terapia,2026/008956,Rezydencki,85.99,4.45,26.02.2026 16:00:05,14,NIE,,
w-2026,15,14.04.2026,14.04.2026 12:16:11,60,85,Śląskie,6,Anestezjologia i intensywna terapia,2026/007059,Rezydencki,85.99,3.97,16.02.2026 21:03:46,14,NIE,,
w-2026,15,14.04.2026,14.04.2026 12:16:11,60,85,Śląskie,7,Anestezjologia i intensywna terapia,2026/006027,Rezydencki,85.17,3.89,12.03.2026 10:16:55,14,NIE,,
w-2026,15,14.04.2026,14.04.2026 12:16:11,60,85,Śląskie,8,Anestezjologia i intensywna terapia,2026/010561,Rezydencki,84.88,3.21,14.03.2026 15:46:44,14,NIE,,
w-2026,15,14.04.2026,14.04.2026 12:16:11,60,85,Śląskie,9,Anestezjologia i intensywna terapia,2026/006472,Rezydencki,84.21,4.24,27.02.2026 18:29:42,14,NIE,,
w-2026,15,14.04.2026,14.04.2026 12:16:11,60,85,Śląskie,10,Anestezjologia i intensywna terapia,2026/007358,Rezydencki,84.06,4.31,25.02.2026 20:40:31,14,NIE,,
w-2026,15,14.04.2026,14.04.2026 12:16:11,60,85,Śląskie,11,Anestezjologia i intensywna terapia,2026/005988,Rezydencki,84.06,4.26,11.02.2026 19:14:05,14,NIE,,
w-2026,15,14.04.2026,14.04.2026 12:16:11,60,85,Śląskie,12,Anestezjologia i intensywna terapia,2026/011866,Rezydencki,83.73,3.71,16.03.2026 11:27:39,14,NIE,,
w-2026,15,14.04.2026,14.04.2026 12:16:11,60,85,Śląskie,13,Anestezjologia i intensywna terapia,2026/010502,Rezydencki,83.73,3.61,18.03.2026 15:02:39,14,NIE,,
w-2026,15,14.04.2026,14.04.2026 12:16:11,60,85,Śląskie,14,Anestezjologia i intensywna terapia,2026/003612,Rezydencki,83.33,3.85,05.02.2026 12:44:53,14,NIE,,
w-2026,15,14.04.2026,14.04.2026 12:16:11,60,85,Śląskie,15,Anestezjologia i intensywna terapia,2026/005694,Pozarezydencki,77.63,0.00,16.03.2026 16:31:02,6,NIE,,
w-2026,15,14.04.2026,14.04.2026 12:16:11,60,85,Śląskie,16,Anestezjologia i intensywna terapia,2026/011151,Pozarezydencki,76.94,3.54,12.03.2026 18:53:38,6,NIE,,
w-2026,15,14.04.2026,14.04.2026 12:16:11,60,85,Śląskie,17,Anestezjologia i intensywna terapia,2026/004682,Pozarezydencki,75.80,0.00,11.03.2026 19:24:51,6,NIE,,
w-2026,15,14.04.2026,14.04.2026 12:16:11,60,85,Śląskie,18,Anestezjologia i intensywna terapia,2026/003410,Pozarezydencki,75.34,3.78,28.02.2026 20:41:41,6,NIE,,
w-2026,15,14.04.2026,14.04.2026 12:16:11,60,85,Śląskie,19,Anestezjologia i intensywna terapia,2026/005363,Pozarezydencki,70.91,3.90,12.03.2026 12:45:01,6,NIE,,
w-2026,15,14.04.2026,14.04.2026 12:16:11,60,85,Śląskie,20,Anestezjologia i intensywna terapia,2026/006833,Pozarezydencki,69.09,3.58,10.03.2026 11:06:38,6,NIE,,
w-2026,15,14.04.2026,14.04.2026 12:16:11,60,85,Śląskie,21,Angiologia,2026/006758,Pozarezydencki,93.64,0.00,17.03.2026 17:41:04,3,NIE,,
w-2026,15,14.04.2026,14.04.2026 12:16:11,60,85,Śląskie,22,Angiologia,2026/008682,Pozarezydencki,72.64,3.49,25.03.2026 17:36:19,3,NIE,,
w-2026,15,14.04.2026,14.04.2026 12:16:11,60,85,Śląskie,23,Angiologia,2026/006882,Pozarezydencki,66.82,0.00,18.03.2026 12:30:51,3,NIE,,
w-2026,15,14.04.2026,14.04.2026 12:16:11,60,85,Śląskie,24,Balneologia i medycyna fizykalna,2026/004344,Rezydencki,64.29,2.94,11.03.2026 16:20:49,1,NIE,,
w-2026,15,14.04.2026,14.04.2026 12:16:11,60,85,Śląskie,25,Balneologia i medycyna fizykalna,2026/009394,Pozarezydencki,82.27,0.00,21.03.2026 16:35:54,2,NIE,,
w-2026,15,14.04.2026,14.04.2026 12:16:11,60,85,Śląskie,26,Balneologia i medycyna fizykalna,2026/011507,Pozarezydencki,61.82,0.00,30.03.2026 15:10:54,2,NIE,,
w-2026,15,14.04.2026,14.04.2026 12:16:11,60,85,Śląskie,27,Chirurgia dziecięca,2026/010398,Rezydencki,89.76,4.36,26.02.2026 15:36:36,2,NIE,,
w-2026,15,14.04.2026,14.04.2026 12:16:11,60,85,Śląskie,28,Chirurgia dziecięca,2026/004983,Rezydencki,85.27,3.87,11.02.2026 22:43:44,2,NIE,,
w-2026,15,14.04.2026,14.04.2026 12:16:11,60,85,Śląskie,29,Chirurgia klatki piersiowej,2026/007907,Pozarezydencki,76.71,3.50,18.03.2026 19:08:20,3,NIE,,
w-2026,15,14.04.2026,14.04.2026 12:16:11,60,85,Śląskie,30,Chirurgia klatki piersiowej,2026/004333,Pozarezydencki,70.91,4.41,06.02.2026 21:26:47,3,NIE,,
w-2026,15,14.04.2026,14.04.2026 12:16:11,60,85,Śląskie,31,Chirurgia klatki piersiowej,2026/010402,Pozarezydencki,56.02,0.00,24.03.2026 12:52:55,3,NIE,,
w-2026,15,14.04.2026,14.04.2026 12:16:11,60,85,Śląskie,32,Chirurgia naczyniowa,2026/008010,Rezydencki,86.23,4.16,19.03.2026 06:58:30,2,NIE,,
w-2026,15,14.04.2026,14.04.2026 12:16:11,60,85,Śląskie,33,Chirurgia naczyniowa,2026/005178,Rezydencki,84.88,3.50,09.02.2026 10:01:03,2,NIE,,
w-2026,15,14.04.2026,14.04.2026 12:16:11,60,85,Śląskie,34,Chirurgia naczyniowa,2026/005057,Pozarezydencki,62.05,3.08,08.02.2026 16:08:41,2,NIE,,
w-2026,15,14.04.2026,14.04.2026 12:16:11,60,85,Śląskie,35,Chirurgia naczyniowa,2026/011234,Pozarezydencki,54.01,0.00,25.03.2026 14:25:41,2,NIE,,
w-2026,15,14.04.2026,14.04.2026 12:16:11,60,85,Śląskie,36,Chirurgia ogólna,2026/006787,Rezydencki,84.13,0.00,11.03.2026 20:38:23,5,NIE,,
w-2026,15,14.04.2026,14.04.2026 12:16:11,60,85,Śląskie,37,Chirurgia ogólna,2026/003408,Rezydencki,80.48,3.86,03.02.2026 14:04:58,5,NIE,,
w-2026,15,14.04.2026,14.04.2026 12:16:11,60,85,Śląskie,38,Chirurgia ogólna,2026/010653,Rezydencki,73.43,0.00,14.03.2026 21:43:09,5,NIE,,
w-2026,15,14.04.2026,14.04.2026 12:16:11,60,85,Śląskie,39,Chirurgia ogólna,2026/009475,Rezydencki,66.18,3.19,23.03.2026 08:57:31,5,NIE,,
w-2026,15,14.04.2026,14.04.2026 12:16:11,61,85,Śląskie,40,Chirurgia ogólna,2026/006387,Rezydencki,64.35,3.74,22.03.2026 22:34:30,5,NIE,,
w-2026,15,14.04.2026,14.04.2026 12:16:11,61,85,Śląskie,41,Chirurgia ogólna,2026/010517,Pozarezydencki,62.73,3.58,24.03.2026 16:37:35,1,NIE,,
w-2026,15,14.04.2026,14.04.2026 12:16:11,61,85,Śląskie,42,Chirurgia onkologiczna,2026/009542,Pozarezydencki,75.68,3.12,17.03.2026 20:58:35,1,NIE,,
w-2026,15,14.04.2026,14.04.2026 12:16:11,61,85,Śląskie,43,Chirurgia plastyczna,2026/004508,Pozarezydencki,90.23,4.04,26.03.2026 10:17:08,1,NIE,,
w-2026,15,14.04.2026,14.04.2026 12:16:11,61,85,Śląskie,44,Chirurgia stomatologiczna,2026/009514,Rezydencki,86.12,4.29,28.02.2026 19:29:52,2,NIE,,
w-2026,15,14.04.2026,14.04.2026 12:16:11,61,85,Śląskie,45,Chirurgia stomatologiczna,2026/009181,Rezydencki,84.21,3.77,28.02.2026 01:23:50,2,NIE,,
w-2026,15,14.04.2026,14.04.2026 12:16:11,61,85,Śląskie,46,Chirurgia szczękowo-twarzowa,2026/005778,Rezydencki,85.65,4.33,20.03.2026 10:15:21,3,NIE,,
w-2026,15,14.04.2026,14.04.2026 12:16:11,61,85,Śląskie,47,Chirurgia szczękowo-twarzowa,2026/004177,Rezydencki,84.80,3.19,12.02.2026 19:36:37,3,NIE,,
w-2026,15,14.04.2026,14.04.2026 12:16:11,61,85,Śląskie,48,Chirurgia szczękowo-twarzowa,2026/006130,Rezydencki,83.65,3.47,12.02.2026 12:20:07,3,NIE,,
w-2026,15,14.04.2026,14.04.2026 12:16:11,61,85,Śląskie,49,Choroby płuc,2026/005121,Rezydencki,89.86,4.48,09.02.2026 21:26:34,3,NIE,,
w-2026,15,14.04.2026,14.04.2026 12:16:11,61,85,Śląskie,50,Choroby płuc,2026/004697,Rezydencki,88.29,4.13,28.02.2026 23:02:47,3,NIE,,
w-2026,15,14.04.2026,14.04.2026 12:16:11,61,85,Śląskie,51,Choroby płuc,2026/006816,Rezydencki,85.65,4.11,24.03.2026 11:32:48,3,NIE,,
w-2026,15,14.04.2026,14.04.2026 12:16:11,61,85,Śląskie,52,Choroby płuc,2026/010630,Pozarezydencki,77.67,3.93,27.03.2026 07:16:19,3,NIE,,
w-2026,15,14.04.2026,14.04.2026 12:16:11,61,85,Śląskie,53,Choroby płuc,2026/003463,Pozarezydencki,66.36,3.32,01.02.2026 17:15:02,3,NIE,,
w-2026,15,14.04.2026,14.04.2026 12:16:11,61,85,Śląskie,54,Choroby płuc,2026/008911,Pozarezydencki,2.27,2.82,16.03.2026 11:55:59,3,NIE,,
w-2026,15,14.04.2026,14.04.2026 12:16:11,61,85,Śląskie,55,Choroby wewnętrzne,2026/005263,Rezydencki,88.41,4.22,13.03.2026 14:54:48,9,NIE,,
w-2026,15,14.04.2026,14.04.2026 12:16:11,61,85,Śląskie,56,Choroby wewnętrzne,2026/006759,Rezydencki,86.96,4.35,02.03.2026 21:20:49,9,NIE,,
w-2026,15,14.04.2026,14.04.2026 12:16:11,61,85,Śląskie,57,Choroby wewnętrzne,2026/010513,Rezydencki,84.62,4.39,19.03.2026 20:35:22,9,NIE,,
w-2026,15,14.04.2026,14.04.2026 12:16:11,61,85,Śląskie,58,Choroby wewnętrzne,2026/011187,Rezydencki,84.31,3.94,02.03.2026 22:22:11,9,NIE,,
w-2026,15,14.04.2026,14.04.2026 12:16:11,61,85,Śląskie,59,Choroby wewnętrzne,2026/008266,Rezydencki,79.43,4.34,12.03.2026 16:14:37,9,NIE,,
w-2026,15,14.04.2026,14.04.2026 12:16:11,61,85,Śląskie,60,Choroby wewnętrzne,2026/011855,Rezydencki,78.95,0.00,28.02.2026 22:58:40,9,NIE,,
w-2026,15,14.04.2026,14.04.2026 12:16:11,61,85,Śląskie,61,Choroby wewnętrzne,2026/006408,Rezydencki,78.26,4.08,22.02.2026 08:10:26,9,NIE,,
w-2026,15,14.04.2026,14.04.2026 12:16:11,61,85,Śląskie,62,Choroby wewnętrzne,2026/009938,Rezydencki,68.42,0.00,19.03.2026 12:31:39,9,NIE,,
w-2026,15,14.04.2026,14.04.2026 12:16:11,61,85,Śląskie,63,Choroby wewnętrzne,2026/009193,Rezydencki,59.05,4.00,16.03.2026 14:28:49,9,NIE,,
w-2026,15,14.04.2026,14.04.2026 12:16:11,61,85,Śląskie,64,Choroby wewnętrzne,2026/003381,Pozarezydencki,76.15,0.00,27.03.2026 19:24:59,2,NIE,,
w-2026,15,14.04.2026,14.04.2026 12:16:11,61,85,Śląskie,65,Choroby wewnętrzne,2026/006782,Pozarezydencki,65.75,4.99,26.03.2026 09:39:57,2,NIE,,
w-2026,15,14.04.2026,14.04.2026 12:16:11,61,85,Śląskie,66,Choroby zakaźne,2026/005313,Pozarezydencki,65.75,0.00,25.03.2026 22:00:40,1,NIE,,
w-2026,15,14.04.2026,14.04.2026 12:16:11,61,85,Śląskie,67,Dermatologia i wenerologia,2026/011239,Rezydencki,92.75,4.46,09.03.2026 18:40:18,2,NIE,,
w-2026,15,14.04.2026,14.04.2026 12:16:11,61,85,Śląskie,68,Dermatologia i wenerologia,2026/003509,Rezydencki,92.34,4.11,12.03.2026 22:14:49,2,NIE,,
w-2026,15,14.04.2026,14.04.2026 12:16:11,61,85,Śląskie,69,Diabetologia,2026/006696,Rezydencki,91.79,4.41,25.02.2026 20:49:14,5,NIE,,
w-2026,15,14.04.2026,14.04.2026 12:16:11,61,85,Śląskie,70,Diabetologia,2026/004336,Rezydencki,89.00,4.41,26.02.2026 19:34:31,5,NIE,,
w-2026,15,14.04.2026,14.04.2026 12:16:11,61,85,Śląskie,71,Diabetologia,2026/011611,Rezydencki,86.60,3.84,02.03.2026 19:07:34,5,NIE,,
w-2026,15,14.04.2026,14.04.2026 12:16:11,61,85,Śląskie,72,Diabetologia,2026/010012,Rezydencki,85.41,3.79,26.03.2026 11:11:45,5,NIE,,
w-2026,15,14.04.2026,14.04.2026 12:16:11,61,85,Śląskie,73,Diabetologia,2026/010585,Rezydencki,85.24,4.02,28.02.2026 19:03:52,5,NIE,,
w-2026,15,14.04.2026,14.04.2026 12:16:11,61,85,Śląskie,74,Diabetologia,2026/009135,Pozarezydencki,83.26,4.22,24.02.2026 22:27:36,3,NIE,,
w-2026,15,14.04.2026,14.04.2026 12:16:11,61,85,Śląskie,75,Diabetologia,2026/005010,Pozarezydencki,75.91,3.95,11.02.2026 18:16:24,3,NIE,,
w-2026,15,14.04.2026,14.04.2026 12:16:11,62,85,Śląskie,76,Diabetologia,2026/006047,Pozarezydencki,75.45,0.00,10.03.2026 23:26:44,3,NIE,,
w-2026,15,14.04.2026,14.04.2026 12:16:11,62,85,Śląskie,77,Endokrynologia,2026/003730,Rezydencki,95.69,4.26,03.02.2026 14:52:41,3,NIE,,
w-2026,15,14.04.2026,14.04.2026 12:16:11,62,85,Śląskie,78,Endokrynologia,2026/007969,Rezydencki,93.54,4.62,02.03.2026 15:58:26,3,NIE,,
w-2026,15,14.04.2026,14.04.2026 12:16:11,62,85,Śląskie,79,Endokrynologia,2026/008729,Rezydencki,92.82,4.59,11.03.2026 03:02:24,3,NIE,,
w-2026,15,14.04.2026,14.04.2026 12:16:11,62,85,Śląskie,80,Endokrynologia,2026/009137,Pozarezydencki,87.67,4.20,26.02.2026 22:34:55,1,NIE,,
w-2026,15,14.04.2026,14.04.2026 12:16:11,62,85,Śląskie,81,Endokrynologia ginekologiczna i rozrodczość,2026/008028,Pozarezydencki,83.95,4.49,18.03.2026 22:17:27,2,NIE,,
w-2026,15,14.04.2026,14.04.2026 12:16:11,62,85,Śląskie,82,Endokrynologia ginekologiczna i rozrodczość,2026/011688,Pozarezydencki,82.73,0.00,28.02.2026 20:08:16,2,NIE,,
w-2026,15,14.04.2026,14.04.2026 12:16:11,62,85,Śląskie,83,Gastroenterologia,2026/010710,Rezydencki,92.82,4.25,19.03.2026 21:30:57,2,NIE,,
w-2026,15,14.04.2026,14.04.2026 12:16:11,62,85,Śląskie,84,Gastroenterologia,2026/009881,Rezydencki,92.11,4.55,27.02.2026 14:54:33,2,NIE,,
w-2026,15,14.04.2026,14.04.2026 12:16:11,62,85,Śląskie,85,Gastroenterologia dziecięca,2026/008568,Pozarezydencki,78.97,3.91,23.02.2026 20:27:33,2,NIE,,
w-2026,15,14.04.2026,14.04.2026 12:16:11,62,85,Śląskie,86,Gastroenterologia dziecięca,2026/006105,Pozarezydencki,77.52,4.26,19.02.2026 13:08:14,2,NIE,,
w-2026,15,14.04.2026,14.04.2026 12:16:11,62,85,Śląskie,87,Geriatria,2026/008364,Rezydencki,80.95,3.70,21.02.2026 13:02:40,3,NIE,,
w-2026,15,14.04.2026,14.04.2026 12:16:11,62,85,Śląskie,88,Geriatria,2026/009048,Rezydencki,78.37,3.37,02.03.2026 22:49:41,3,NIE,,
w-2026,15,14.04.2026,14.04.2026 12:16:11,62,85,Śląskie,89,Geriatria,2026/011015,Rezydencki,68.63,4.20,08.03.2026 18:46:05,3,NIE,,
w-2026,15,14.04.2026,14.04.2026 12:16:11,62,85,Śląskie,90,Geriatria,2026/005982,Pozarezydencki,80.00,0.00,09.03.2026 18:26:10,2,NIE,,
w-2026,15,14.04.2026,14.04.2026 12:16:11,62,85,Śląskie,91,Geriatria,2026/004595,Pozarezydencki,71.76,0.00,31.03.2026 09:51:57,2,NIE,,
w-2026,15,14.04.2026,14.04.2026 12:16:11,62,85,Śląskie,92,Ginekologia onkologiczna,2026/005637,Pozarezydencki,84.55,2.95,22.03.2026 20:15:16,3,NIE,,
w-2026,15,14.04.2026,14.04.2026 12:16:11,62,85,Śląskie,93,Ginekologia onkologiczna,2026/003369,Pozarezydencki,81.82,0.00,11.03.2026 18:02:38,3,NIE,,
w-2026,15,14.04.2026,14.04.2026 12:16:11,62,85,Śląskie,94,Ginekologia onkologiczna,2026/011943,Pozarezydencki,76.27,0.00,28.02.2026 23:52:41,3,NIE,,
w-2026,15,14.04.2026,14.04.2026 12:16:11,62,85,Śląskie,95,Hematologia,2026/011114,Rezydencki,84.21,3.96,28.02.2026 16:49:26,1,NIE,,
w-2026,15,14.04.2026,14.04.2026 12:16:11,62,85,Śląskie,96,Intensywna terapia,2026/006829,Pozarezydencki,77.31,4.00,26.02.2026 16:06:50,1,NIE,,
w-2026,15,14.04.2026,14.04.2026 12:16:11,62,85,Śląskie,97,Kardiochirurgia,2026/010047,Rezydencki,85.65,3.69,26.02.2026 13:31:16,3,NIE,,
w-2026,15,14.04.2026,14.04.2026 12:16:11,62,85,Śląskie,98,Kardiochirurgia,2026/010076,Rezydencki,82.06,3.97,28.02.2026 20:35:13,3,NIE,,
w-2026,15,14.04.2026,14.04.2026 12:16:11,62,85,Śląskie,99,Kardiochirurgia,2026/008695,Rezydencki,79.05,3.97,30.03.2026 11:21:00,3,NIE,,
w-2026,15,14.04.2026,14.04.2026 12:16:11,62,85,Śląskie,100,Kardiochirurgia,2026/006848,Pozarezydencki,78.77,3.48,18.03.2026 11:27:30,2,NIE,,
w-2026,15,14.04.2026,14.04.2026 12:16:11,62,85,Śląskie,101,Kardiochirurgia,2026/008444,Pozarezydencki,72.90,4.18,27.03.2026 13:13:14,2,NIE,,
w-2026,15,14.04.2026,14.04.2026 12:16:11,62,85,Śląskie,102,Kardiologia,2026/005974,Rezydencki,91.22,4.40,27.02.2026 22:35:25,10,NIE,,
w-2026,15,14.04.2026,14.04.2026 12:16:11,62,85,Śląskie,103,Kardiologia,2026/008447,Rezydencki,89.86,4.75,19.03.2026 21:38:57,10,NIE,,
w-2026,15,14.04.2026,14.04.2026 12:16:11,62,85,Śląskie,104,Kardiologia,2026/004366,Rezydencki,89.61,4.28,07.02.2026 13:20:22,10,NIE,,
w-2026,15,14.04.2026,14.04.2026 12:16:11,62,85,Śląskie,105,Kardiologia,2026/005403,Rezydencki,89.37,4.21,17.02.2026 09:39:33,10,NIE,,
w-2026,15,14.04.2026,14.04.2026 12:16:11,62,85,Śląskie,106,Kardiologia,2026/011102,Rezydencki,89.22,4.51,28.02.2026 20:23:41,10,NIE,,
w-2026,15,14.04.2026,14.04.2026 12:16:11,62,85,Śląskie,107,Kardiologia,2026/003446,Rezydencki,88.52,4.41,09.03.2026 14:55:08,10,NIE,,
w-2026,15,14.04.2026,14.04.2026 12:16:11,62,85,Śląskie,108,Kardiologia,2026/005973,Rezydencki,88.52,4.23,13.02.2026 12:02:01,10,NIE,,
w-2026,15,14.04.2026,14.04.2026 12:16:11,62,85,Śląskie,109,Kardiologia,2026/007393,Rezydencki,88.04,3.73,28.02.2026 19:44:18,10,NIE,,
w-2026,15,14.04.2026,14.04.2026 12:16:11,62,85,Śląskie,110,Kardiologia,2026/003460,Rezydencki,87.56,4.28,06.02.2026 20:45:18,10,NIE,,
w-2026,15,14.04.2026,14.04.2026 12:16:11,62,85,Śląskie,111,Kardiologia,2026/009883,Rezydencki,87.44,3.89,26.02.2026 22:04:13,10,NIE,,
w-2026,15,14.04.2026,14.04.2026 12:16:11,63,85,Śląskie,112,Kardiologia,2026/005446,Pozarezydencki,80.00,4.23,17.03.2026 22:53:49,6,NIE,,
w-2026,15,14.04.2026,14.04.2026 12:16:11,63,85,Śląskie,113,Kardiologia,2026/010024,Pozarezydencki,77.80,3.68,21.03.2026 11:30:57,6,NIE,,
w-2026,15,14.04.2026,14.04.2026 12:16:11,63,85,Śląskie,114,Kardiologia,2026/006547,Pozarezydencki,77.17,3.48,13.03.2026 09:36:19,6,NIE,,
w-2026,15,14.04.2026,14.04.2026 12:16:11,63,85,Śląskie,115,Kardiologia,2026/008001,Pozarezydencki,66.67,4.13,19.02.2026 21:39:08,6,NIE,,
w-2026,15,14.04.2026,14.04.2026 12:16:11,63,85,Śląskie,116,Kardiologia,2026/010982,Pozarezydencki,66.36,0.00,30.03.2026 13:38:26,6,NIE,,
w-2026,15,14.04.2026,14.04.2026 12:16:11,63,85,Śląskie,117,Kardiologia,2026/007766,Pozarezydencki,62.84,3.45,13.03.2026 20:20:39,6,NIE,,
w-2026,15,14.04.2026,14.04.2026 12:16:11,63,85,Śląskie,118,Medycyna nuklearna,2026/003315,Rezydencki,62.80,0.00,07.02.2026 16:05:51,1,NIE,,
w-2026,15,14.04.2026,14.04.2026 12:16:11,63,85,Śląskie,119,Medycyna nuklearna,2026/009361,Pozarezydencki,81.40,4.41,12.03.2026 13:43:27,1,NIE,,
w-2026,15,14.04.2026,14.04.2026 12:16:11,63,85,Śląskie,120,Medycyna paliatywna,2026/003327,Rezydencki,78.95,3.75,12.03.2026 19:29:14,1,NIE,,
w-2026,15,14.04.2026,14.04.2026 12:16:11,63,85,Śląskie,121,Medycyna paliatywna,2026/003995,Pozarezydencki,80.37,4.19,12.03.2026 16:50:53,6,NIE,,
w-2026,15,14.04.2026,14.04.2026 12:16:11,63,85,Śląskie,122,Medycyna paliatywna,2026/004574,Pozarezydencki,75.45,3.38,13.03.2026 13:57:56,6,NIE,,
w-2026,15,14.04.2026,14.04.2026 12:16:11,63,85,Śląskie,123,Medycyna paliatywna,2026/010006,Pozarezydencki,70.91,0.00,02.03.2026 20:00:52,6,NIE,,
w-2026,15,14.04.2026,14.04.2026 12:16:11,63,85,Śląskie,124,Medycyna paliatywna,2026/004084,Pozarezydencki,69.34,0.00,11.03.2026 22:11:44,6,NIE,,
w-2026,15,14.04.2026,14.04.2026 12:16:11,63,85,Śląskie,125,Medycyna paliatywna,2026/011159,Pozarezydencki,57.27,2.93,27.02.2026 20:30:54,6,NIE,,
w-2026,15,14.04.2026,14.04.2026 12:16:11,63,85,Śląskie,126,Medycyna paliatywna,2026/010644,Pozarezydencki,0.00,3.18,28.02.2026 22:34:20,6,NIE,,
w-2026,15,14.04.2026,14.04.2026 12:16:11,63,85,Śląskie,127,Medycyna pracy,2026/004135,Rezydencki,85.99,3.98,23.03.2026 11:14:25,2,NIE,,
w-2026,15,14.04.2026,14.04.2026 12:16:11,63,85,Śląskie,128,Medycyna pracy,2026/005061,Rezydencki,64.59,2.87,17.03.2026 09:22:51,2,NIE,,
w-2026,15,14.04.2026,14.04.2026 12:16:11,63,85,Śląskie,129,Medycyna pracy,2026/010968,Pozarezydencki,80.00,3.59,20.03.2026 08:49:47,2,NIE,,
w-2026,15,14.04.2026,14.04.2026 12:16:11,63,85,Śląskie,130,Medycyna pracy,2026/007685,Pozarezydencki,80.00,0.00,18.02.2026 19:12:01,2,NIE,,
w-2026,15,14.04.2026,14.04.2026 12:16:11,63,85,Śląskie,131,Medycyna ratunkowa,2026/004938,Rezydencki,79.43,3.39,07.02.2026 18:32:13,1,NIE,,
w-2026,15,14.04.2026,14.04.2026 12:16:11,63,85,Śląskie,132,Medycyna ratunkowa,2026/011668,Pozarezydencki,0.00,0.00,28.02.2026 19:49:08,1,NIE,,
w-2026,15,14.04.2026,14.04.2026 12:16:11,63,85,Śląskie,133,Medycyna rodzinna,2026/008330,Rezydencki,88.41,4.21,20.02.2026 23:18:47,27,NIE,,
w-2026,15,14.04.2026,14.04.2026 12:16:11,63,85,Śląskie,134,Medycyna rodzinna,2026/010514,Rezydencki,85.54,3.58,28.02.2026 14:17:48,27,NIE,,
w-2026,15,14.04.2026,14.04.2026 12:16:11,63,85,Śląskie,135,Medycyna rodzinna,2026/011220,Rezydencki,85.37,3.65,19.03.2026 19:11:20,27,NIE,,
w-2026,15,14.04.2026,14.04.2026 12:16:11,63,85,Śląskie,136,Medycyna rodzinna,2026/010618,Rezydencki,85.17,3.70,26.02.2026 22:10:38,27,NIE,,
w-2026,15,14.04.2026,14.04.2026 12:16:11,63,85,Śląskie,137,Medycyna rodzinna,2026/009731,Rezydencki,84.93,4.36,12.03.2026 20:36:55,27,NIE,,
w-2026,15,14.04.2026,14.04.2026 12:16:11,63,85,Śląskie,138,Medycyna rodzinna,2026/006524,Rezydencki,83.82,4.35,17.02.2026 11:46:48,27,NIE,,
w-2026,15,14.04.2026,14.04.2026 12:16:11,63,85,Śląskie,139,Medycyna rodzinna,2026/007398,Rezydencki,83.81,4.36,17.02.2026 19:58:22,27,NIE,,
w-2026,15,14.04.2026,14.04.2026 12:16:11,63,85,Śląskie,140,Medycyna rodzinna,2026/003443,Rezydencki,83.09,4.07,18.02.2026 14:07:07,27,NIE,,
w-2026,15,14.04.2026,14.04.2026 12:16:11,63,85,Śląskie,141,Medycyna rodzinna,2026/004886,Rezydencki,82.13,3.85,12.03.2026 15:56:06,27,NIE,,
w-2026,15,14.04.2026,14.04.2026 12:16:11,63,85,Śląskie,142,Medycyna rodzinna,2026/009425,Rezydencki,80.95,3.23,16.03.2026 15:25:22,27,NIE,,
w-2026,15,14.04.2026,14.04.2026 12:16:11,63,85,Śląskie,143,Medycyna rodzinna,2026/009173,Rezydencki,79.90,4.29,26.03.2026 21:18:33,27,NIE,,
w-2026,15,14.04.2026,14.04.2026 12:16:11,63,85,Śląskie,144,Medycyna rodzinna,2026/011388,Rezydencki,79.90,3.53,28.02.2026 19:11:51,27,NIE,,
w-2026,15,14.04.2026,14.04.2026 12:16:11,63,85,Śląskie,145,Medycyna rodzinna,2026/011489,Rezydencki,79.71,4.07,13.03.2026 14:18:11,27,NIE,,
w-2026,15,14.04.2026,14.04.2026 12:16:11,63,85,Śląskie,146,Medycyna rodzinna,2026/011354,Rezydencki,79.05,3.24,26.03.2026 01:59:55,27,NIE,,
w-2026,15,14.04.2026,14.04.2026 12:16:11,63,85,Śląskie,147,Medycyna rodzinna,2026/011091,Rezydencki,78.95,3.84,27.02.2026 18:55:06,27,NIE,,
w-2026,15,14.04.2026,14.04.2026 12:16:11,64,85,Śląskie,148,Medycyna rodzinna,2026/007912,Rezydencki,78.92,3.98,19.02.2026 14:59:41,27,NIE,,
w-2026,15,14.04.2026,14.04.2026 12:16:11,64,85,Śląskie,149,Medycyna rodzinna,2026/011251,Rezydencki,78.47,3.56,28.02.2026 16:23:10,27,NIE,,
w-2026,15,14.04.2026,14.04.2026 12:16:11,64,85,Śląskie,150,Medycyna rodzinna,2026/008899,Rezydencki,78.10,3.85,23.02.2026 13:46:09,27,NIE,,
w-2026,15,14.04.2026,14.04.2026 12:16:11,64,85,Śląskie,151,Medycyna rodzinna,2026/009784,Rezydencki,77.75,3.67,26.02.2026 16:44:05,27,NIE,,
w-2026,15,14.04.2026,14.04.2026 12:16:11,64,85,Śląskie,152,Medycyna rodzinna,2026/011176,Rezydencki,76.08,3.04,19.03.2026 14:15:00,27,NIE,,
w-2026,15,14.04.2026,14.04.2026 12:16:11,64,85,Śląskie,153,Medycyna rodzinna,2026/009261,Rezydencki,75.96,0.00,25.02.2026 06:58:54,27,NIE,,
w-2026,15,14.04.2026,14.04.2026 12:16:11,64,85,Śląskie,154,Medycyna rodzinna,2026/007917,Rezydencki,75.60,4.08,19.02.2026 15:05:21,27,NIE,,
w-2026,15,14.04.2026,14.04.2026 12:16:11,64,85,Śląskie,155,Medycyna rodzinna,2026/004325,Rezydencki,75.49,0.00,15.03.2026 11:21:20,27,NIE,,
w-2026,15,14.04.2026,14.04.2026 12:16:11,64,85,Śląskie,156,Medycyna rodzinna,2026/010568,Rezydencki,73.56,4.03,25.03.2026 09:28:21,27,NIE,,
w-2026,15,14.04.2026,14.04.2026 12:16:11,64,85,Śląskie,157,Medycyna rodzinna,2026/009013,Rezydencki,73.21,3.69,23.02.2026 18:13:08,27,NIE,,
w-2026,15,14.04.2026,14.04.2026 12:16:11,64,85,Śląskie,158,Medycyna rodzinna,2026/007329,Rezydencki,70.81,3.33,12.03.2026 11:40:21,27,NIE,,
w-2026,15,14.04.2026,14.04.2026 12:16:11,64,85,Śląskie,159,Medycyna rodzinna,2026/011480,Rezydencki,69.08,0.00,12.03.2026 01:13:09,27,NIE,,
w-2026,15,14.04.2026,14.04.2026 12:16:11,64,85,Śląskie,160,Medycyna rodzinna,2026/009375,Pozarezydencki,79.44,3.05,18.03.2026 16:22:48,8,NIE,,
w-2026,15,14.04.2026,14.04.2026 12:16:11,64,85,Śląskie,161,Medycyna rodzinna,2026/011439,Pozarezydencki,75.45,3.84,23.03.2026 19:40:51,8,NIE,,
w-2026,15,14.04.2026,14.04.2026 12:16:11,64,85,Śląskie,162,Medycyna rodzinna,2026/007360,Pozarezydencki,70.91,3.78,17.03.2026 19:23:10,8,NIE,,
w-2026,15,14.04.2026,14.04.2026 12:16:11,64,85,Śląskie,163,Medycyna rodzinna,2026/011625,Pozarezydencki,66.36,0.00,27.03.2026 14:04:30,8,NIE,,
w-2026,15,14.04.2026,14.04.2026 12:16:11,64,85,Śląskie,164,Medycyna rodzinna,2026/010726,Pozarezydencki,64.38,3.13,11.03.2026 21:29:56,8,NIE,,
w-2026,15,14.04.2026,14.04.2026 12:16:11,64,85,Śląskie,165,Medycyna rodzinna,2026/011198,Pozarezydencki,60.38,0.00,22.03.2026 17:57:02,8,NIE,,
w-2026,15,14.04.2026,14.04.2026 12:16:11,64,85,Śląskie,166,Medycyna rodzinna,2026/006685,Pozarezydencki,60.09,3.47,12.03.2026 16:34:42,8,NIE,,
w-2026,15,14.04.2026,14.04.2026 12:16:11,64,85,Śląskie,167,Medycyna rodzinna,2026/011022,Pozarezydencki,57.08,4.12,26.03.2026 13:52:45,8,NIE,,
w-2026,15,14.04.2026,14.04.2026 12:16:11,64,85,Śląskie,168,Nefrologia,2026/004918,Rezydencki,78.47,3.85,20.02.2026 10:02:47,2,NIE,,
w-2026,15,14.04.2026,14.04.2026 12:16:11,64,85,Śląskie,169,Nefrologia,2026/011599,Rezydencki,76.32,4.48,28.02.2026 21:06:41,2,NIE,,
w-2026,15,14.04.2026,14.04.2026 12:16:11,64,85,Śląskie,170,Nefrologia,2026/010038,Pozarezydencki,74.77,4.14,17.03.2026 21:28:23,2,NIE,,
w-2026,15,14.04.2026,14.04.2026 12:16:11,64,85,Śląskie,171,Nefrologia,2026/006498,Pozarezydencki,70.91,3.66,17.03.2026 12:16:15,2,NIE,,
w-2026,15,14.04.2026,14.04.2026 12:16:11,64,85,Śląskie,172,Nefrologia dziecięca,2026/004401,Rezydencki,87.80,4.71,13.03.2026 09:07:18,1,NIE,,
w-2026,15,14.04.2026,14.04.2026 12:16:11,64,85,Śląskie,173,Nefrologia dziecięca,2026/011661,Pozarezydencki,75.45,0.00,24.03.2026 10:04:18,1,NIE,,
w-2026,15,14.04.2026,14.04.2026 12:16:11,64,85,Śląskie,174,Neonatologia,2026/006282,Rezydencki,75.24,4.32,21.02.2026 15:02:24,2,NIE,,
w-2026,15,14.04.2026,14.04.2026 12:16:11,64,85,Śląskie,175,Neonatologia,2026/008011,Rezydencki,68.75,3.11,24.03.2026 07:43:21,2,NIE,,
w-2026,15,14.04.2026,14.04.2026 12:16:11,64,85,Śląskie,176,Neurochirurgia,2026/009871,Rezydencki,90.43,4.36,28.02.2026 19:08:23,2,NIE,,
w-2026,15,14.04.2026,14.04.2026 12:16:11,64,85,Śląskie,177,Neurochirurgia,2026/004679,Rezydencki,87.75,3.56,10.03.2026 16:03:02,2,NIE,,
w-2026,15,14.04.2026,14.04.2026 12:16:11,64,85,Śląskie,178,Neurochirurgia,2026/008377,Pozarezydencki,83.41,4.00,21.02.2026 14:19:27,1,NIE,,
w-2026,15,14.04.2026,14.04.2026 12:16:11,64,85,Śląskie,179,Neurologia,2026/004127,Rezydencki,85.99,4.06,28.02.2026 19:49:52,8,NIE,,
w-2026,15,14.04.2026,14.04.2026 12:16:11,64,85,Śląskie,180,Neurologia,2026/006716,Rezydencki,83.65,4.08,27.02.2026 00:31:30,8,NIE,,
w-2026,15,14.04.2026,14.04.2026 12:16:11,64,85,Śląskie,181,Neurologia,2026/008590,Rezydencki,82.69,4.18,11.03.2026 10:55:31,8,NIE,,
w-2026,15,14.04.2026,14.04.2026 12:16:11,64,85,Śląskie,182,Neurologia,2026/006480,Rezydencki,81.82,3.59,13.03.2026 11:05:03,8,NIE,,
w-2026,15,14.04.2026,14.04.2026 12:16:11,64,85,Śląskie,183,Neurologia,2026/005032,Rezydencki,79.90,3.95,25.02.2026 20:10:29,8,NIE,,
w-2026,15,14.04.2026,14.04.2026 12:16:11,65,85,Śląskie,184,Neurologia,2026/011918,Rezydencki,78.10,3.34,20.03.2026 12:18:54,8,NIE,,
w-2026,15,14.04.2026,14.04.2026 12:16:11,65,85,Śląskie,185,Neurologia,2026/003338,Rezydencki,75.00,3.65,23.02.2026 15:52:35,8,NIE,,
w-2026,15,14.04.2026,14.04.2026 12:16:11,65,85,Śląskie,186,Neurologia,2026/008503,Rezydencki,64.39,0.00,11.03.2026 11:59:06,8,NIE,,
w-2026,15,14.04.2026,14.04.2026 12:16:11,65,85,Śląskie,187,Neurologia,2026/010623,Pozarezydencki,72.48,4.02,26.02.2026 22:18:47,1,NIE,,
w-2026,15,14.04.2026,14.04.2026 12:16:11,65,85,Śląskie,188,Neurologia dziecięca,2026/005424,Pozarezydencki,88.18,2.97,10.03.2026 19:25:48,3,NIE,,
w-2026,15,14.04.2026,14.04.2026 12:16:11,65,85,Śląskie,189,Neurologia dziecięca,2026/007156,Pozarezydencki,75.69,3.98,27.02.2026 23:06:19,3,NIE,,
w-2026,15,14.04.2026,14.04.2026 12:16:11,65,85,Śląskie,190,Neurologia dziecięca,2026/008098,Pozarezydencki,72.02,3.44,20.02.2026 09:28:20,3,NIE,,
w-2026,15,14.04.2026,14.04.2026 12:16:11,65,85,Śląskie,191,Okulistyka,2026/010469,Rezydencki,91.18,4.34,12.03.2026 18:41:25,8,NIE,,
w-2026,15,14.04.2026,14.04.2026 12:16:11,65,85,Śląskie,192,Okulistyka,2026/003656,Rezydencki,90.82,4.39,09.02.2026 12:08:48,8,NIE,,
w-2026,15,14.04.2026,14.04.2026 12:16:11,65,85,Śląskie,193,Okulistyka,2026/010508,Rezydencki,90.82,4.23,11.03.2026 16:33:03,8,NIE,,
w-2026,15,14.04.2026,14.04.2026 12:16:11,65,85,Śląskie,194,Okulistyka,2026/003350,Rezydencki,89.86,4.33,16.03.2026 14:35:53,8,NIE,,
w-2026,15,14.04.2026,14.04.2026 12:16:11,65,85,Śląskie,195,Okulistyka,2026/006243,Rezydencki,89.37,3.80,09.03.2026 17:50:18,8,NIE,,
w-2026,15,14.04.2026,14.04.2026 12:16:11,65,85,Śląskie,196,Okulistyka,2026/007046,Rezydencki,89.23,4.10,25.02.2026 21:20:19,8,NIE,,
w-2026,15,14.04.2026,14.04.2026 12:16:11,65,85,Śląskie,197,Okulistyka,2026/004668,Rezydencki,89.13,4.22,23.02.2026 14:21:20,8,NIE,,
w-2026,15,14.04.2026,14.04.2026 12:16:11,65,85,Śląskie,198,Okulistyka,2026/011789,Rezydencki,89.00,3.60,28.02.2026 21:45:34,8,NIE,,
w-2026,15,14.04.2026,14.04.2026 12:16:11,65,85,Śląskie,199,Okulistyka,2026/009897,Pozarezydencki,81.36,3.97,28.02.2026 14:37:09,8,NIE,,
w-2026,15,14.04.2026,14.04.2026 12:16:11,65,85,Śląskie,200,Okulistyka,2026/011876,Pozarezydencki,80.82,3.84,16.03.2026 10:13:41,8,NIE,,
w-2026,15,14.04.2026,14.04.2026 12:16:11,65,85,Śląskie,201,Okulistyka,2026/010017,Pozarezydencki,80.14,4.00,28.02.2026 13:25:11,8,NIE,,
w-2026,15,14.04.2026,14.04.2026 12:16:11,65,85,Śląskie,202,Okulistyka,2026/011327,Pozarezydencki,77.85,4.64,28.02.2026 23:21:26,8,NIE,,
w-2026,15,14.04.2026,14.04.2026 12:16:11,65,85,Śląskie,203,Okulistyka,2026/009353,Pozarezydencki,72.60,3.46,17.03.2026 16:00:12,8,NIE,,
w-2026,15,14.04.2026,14.04.2026 12:16:11,65,85,Śląskie,204,Okulistyka,2026/010366,Pozarezydencki,71.46,3.83,28.02.2026 17:40:43,8,NIE,,
w-2026,15,14.04.2026,14.04.2026 12:16:11,65,85,Śląskie,205,Okulistyka,2026/010614,Pozarezydencki,70.97,3.89,25.03.2026 09:50:01,8,NIE,,
w-2026,15,14.04.2026,14.04.2026 12:16:11,65,85,Śląskie,206,Okulistyka,2026/010611,Pozarezydencki,70.18,3.57,27.02.2026 22:58:04,8,NIE,,
w-2026,15,14.04.2026,14.04.2026 12:16:11,65,85,Śląskie,207,Onkologia kliniczna,2026/005437,Pozarezydencki,93.64,4.13,19.03.2026 14:45:45,2,NIE,,
w-2026,15,14.04.2026,14.04.2026 12:16:11,65,85,Śląskie,208,Onkologia kliniczna,2026/005367,Pozarezydencki,80.73,4.27,19.03.2026 16:57:24,2,NIE,,
w-2026,15,14.04.2026,14.04.2026 12:16:11,65,85,Śląskie,209,Ortodoncja,2026/007831,Rezydencki,88.81,4.43,27.02.2026 20:44:04,4,NIE,,
w-2026,15,14.04.2026,14.04.2026 12:16:11,65,85,Śląskie,210,Ortodoncja,2026/011783,Rezydencki,87.56,4.66,28.02.2026 21:52:38,4,NIE,,
w-2026,15,14.04.2026,14.04.2026 12:16:11,65,85,Śląskie,211,Ortodoncja,2026/008387,Rezydencki,87.08,3.84,24.02.2026 21:15:49,4,NIE,,
w-2026,15,14.04.2026,14.04.2026 12:16:11,65,85,Śląskie,212,Ortodoncja,2026/006602,Rezydencki,86.60,4.17,24.02.2026 22:16:26,4,NIE,,
w-2026,15,14.04.2026,14.04.2026 12:16:11,65,85,Śląskie,213,Ortopedia i traumatologia narządu ruchu,2026/005945,Rezydencki,87.92,4.40,17.03.2026 15:18:19,12,NIE,,
w-2026,15,14.04.2026,14.04.2026 12:16:11,65,85,Śląskie,214,Ortopedia i traumatologia narządu ruchu,2026/006580,Rezydencki,87.92,4.06,14.02.2026 22:02:07,12,NIE,,
w-2026,15,14.04.2026,14.04.2026 12:16:11,65,85,Śląskie,215,Ortopedia i traumatologia narządu ruchu,2026/009730,Rezydencki,86.12,3.62,15.03.2026 22:16:32,12,NIE,,
w-2026,15,14.04.2026,14.04.2026 12:16:11,65,85,Śląskie,216,Ortopedia i traumatologia narządu ruchu,2026/011576,Rezydencki,85.95,3.68,28.02.2026 17:47:32,12,NIE,,
w-2026,15,14.04.2026,14.04.2026 12:16:11,65,85,Śląskie,217,Ortopedia i traumatologia narządu ruchu,2026/007576,Rezydencki,85.78,3.86,10.03.2026 09:49:36,12,NIE,,
w-2026,15,14.04.2026,14.04.2026 12:16:11,65,85,Śląskie,218,Ortopedia i traumatologia narządu ruchu,2026/011292,Rezydencki,85.65,3.94,27.02.2026 23:14:41,12,NIE,,
w-2026,15,14.04.2026,14.04.2026 12:16:11,65,85,Śląskie,219,Ortopedia i traumatologia narządu ruchu,2026/008312,Rezydencki,85.65,3.62,02.03.2026 21:10:40,12,NIE,,
w-2026,15,14.04.2026,14.04.2026 12:16:11,66,85,Śląskie,220,Ortopedia i traumatologia narządu ruchu,2026/003824,Rezydencki,84.29,4.17,26.02.2026 22:10:44,12,NIE,,
w-2026,15,14.04.2026,14.04.2026 12:16:11,66,85,Śląskie,221,Ortopedia i traumatologia narządu ruchu,2026/006017,Rezydencki,84.21,4.06,25.02.2026 14:34:48,12,NIE,,
w-2026,15,14.04.2026,14.04.2026 12:16:11,66,85,Śląskie,222,Ortopedia i traumatologia narządu ruchu,2026/003775,Rezydencki,83.73,3.85,28.02.2026 18:51:15,12,NIE,,
w-2026,15,14.04.2026,14.04.2026 12:16:11,66,85,Śląskie,223,Ortopedia i traumatologia narządu ruchu,2026/009549,Rezydencki,83.65,3.82,27.02.2026 18:51:01,12,NIE,,
w-2026,15,14.04.2026,14.04.2026 12:16:11,66,85,Śląskie,224,Ortopedia i traumatologia narządu ruchu,2026/003383,Rezydencki,83.57,3.89,09.03.2026 14:13:14,12,NIE,,
w-2026,15,14.04.2026,14.04.2026 12:16:11,66,85,Śląskie,225,Ortopedia i traumatologia narządu ruchu,2026/005109,Pozarezydencki,79.45,4.05,02.03.2026 21:26:28,8,NIE,,
w-2026,15,14.04.2026,14.04.2026 12:16:11,66,85,Śląskie,226,Ortopedia i traumatologia narządu ruchu,2026/011776,Pozarezydencki,78.64,3.68,23.03.2026 12:52:18,8,NIE,,
w-2026,15,14.04.2026,14.04.2026 12:16:11,66,85,Śląskie,227,Ortopedia i traumatologia narządu ruchu,2026/008489,Pozarezydencki,77.27,4.10,25.02.2026 19:37:49,8,NIE,,
w-2026,15,14.04.2026,14.04.2026 12:16:11,66,85,Śląskie,228,Ortopedia i traumatologia narządu ruchu,2026/004684,Pozarezydencki,74.43,0.00,11.03.2026 19:19:40,8,NIE,,
w-2026,15,14.04.2026,14.04.2026 12:16:11,66,85,Śląskie,229,Ortopedia i traumatologia narządu ruchu,2026/003564,Pozarezydencki,72.60,3.57,18.03.2026 09:26:34,8,NIE,,
w-2026,15,14.04.2026,14.04.2026 12:16:11,66,85,Śląskie,230,Ortopedia i traumatologia narządu ruchu,2026/007065,Pozarezydencki,68.49,4.90,19.02.2026 22:47:38,8,NIE,,
w-2026,15,14.04.2026,14.04.2026 12:16:11,66,85,Śląskie,231,Ortopedia i traumatologia narządu ruchu,2026/008354,Pozarezydencki,65.00,3.37,25.02.2026 17:23:43,8,NIE,,
w-2026,15,14.04.2026,14.04.2026 12:16:11,66,85,Śląskie,232,Ortopedia i traumatologia narządu ruchu,2026/011817,Pozarezydencki,61.36,4.10,30.03.2026 11:55:55,8,NIE,,
w-2026,15,14.04.2026,14.04.2026 12:16:11,66,85,Śląskie,233,Otorynolaryngologia,2026/009933,Rezydencki,92.82,3.91,18.03.2026 19:15:33,4,NIE,,
w-2026,15,14.04.2026,14.04.2026 12:16:11,66,85,Śląskie,234,Otorynolaryngologia,2026/005513,Rezydencki,92.27,4.02,10.02.2026 20:01:32,4,NIE,,
w-2026,15,14.04.2026,14.04.2026 12:16:11,66,85,Śląskie,235,Otorynolaryngologia,2026/006571,Rezydencki,91.87,3.96,21.02.2026 16:20:44,4,NIE,,
w-2026,15,14.04.2026,14.04.2026 12:16:11,66,85,Śląskie,236,Otorynolaryngologia,2026/011129,Rezydencki,91.30,4.41,12.03.2026 18:47:06,4,NIE,,
w-2026,15,14.04.2026,14.04.2026 12:16:11,66,85,Śląskie,237,Otorynolaryngologia,2026/004667,Pozarezydencki,85.25,4.24,19.03.2026 15:24:36,1,NIE,,
w-2026,15,14.04.2026,14.04.2026 12:16:11,66,85,Śląskie,238,Otorynolaryngologia dziecięca,2026/011473,Rezydencki,89.52,4.14,02.03.2026 20:21:33,1,NIE,,
w-2026,15,14.04.2026,14.04.2026 12:16:11,66,85,Śląskie,239,Otorynolaryngologia dziecięca,2026/009581,Pozarezydencki,71.20,4.03,11.03.2026 22:47:43,1,NIE,,
w-2026,15,14.04.2026,14.04.2026 12:16:11,66,85,Śląskie,240,Patomorfologia,2026/004048,Rezydencki,64.59,3.84,08.02.2026 15:21:35,1,NIE,,
w-2026,15,14.04.2026,14.04.2026 12:16:11,66,85,Śląskie,241,Pediatria,2026/004304,Rezydencki,92.27,3.74,28.02.2026 20:35:20,7,NIE,,
w-2026,15,14.04.2026,14.04.2026 12:16:11,66,85,Śląskie,242,Pediatria,2026/008550,Rezydencki,86.90,4.33,28.02.2026 13:26:43,7,NIE,,
w-2026,15,14.04.2026,14.04.2026 12:16:11,66,85,Śląskie,243,Pediatria,2026/011946,Rezydencki,83.81,4.18,28.02.2026 23:57:56,7,NIE,,
w-2026,15,14.04.2026,14.04.2026 12:16:11,66,85,Śląskie,244,Pediatria,2026/007461,Rezydencki,83.01,3.97,17.02.2026 23:18:59,7,NIE,,
w-2026,15,14.04.2026,14.04.2026 12:16:11,66,85,Śląskie,245,Pediatria,2026/006907,Rezydencki,80.38,4.05,10.03.2026 19:18:04,7,NIE,,
w-2026,15,14.04.2026,14.04.2026 12:16:11,66,85,Śląskie,246,Pediatria,2026/007436,Rezydencki,78.95,4.29,10.03.2026 17:22:32,7,NIE,,
w-2026,15,14.04.2026,14.04.2026 12:16:11,66,85,Śląskie,247,Pediatria,2026/010479,Rezydencki,63.94,3.64,26.02.2026 18:54:43,7,NIE,,
w-2026,15,14.04.2026,14.04.2026 12:16:11,66,85,Śląskie,248,Pediatria,2026/006610,Pozarezydencki,80.00,4.06,23.03.2026 12:07:04,1,NIE,,
w-2026,15,14.04.2026,14.04.2026 12:16:11,66,85,Śląskie,249,Perinatologia,2026/004934,Pozarezydencki,89.09,3.82,17.03.2026 22:00:46,1,NIE,,
w-2026,15,14.04.2026,14.04.2026 12:16:11,66,85,Śląskie,250,Periodontologia,2026/006872,Rezydencki,85.58,4.60,18.03.2026 10:14:39,2,NIE,,
w-2026,15,14.04.2026,14.04.2026 12:16:11,66,85,Śląskie,251,Periodontologia,2026/003967,Rezydencki,83.97,4.57,17.03.2026 22:00:24,2,NIE,,
w-2026,15,14.04.2026,14.04.2026 12:16:11,66,85,Śląskie,252,Położnictwo i ginekologia,2026/008536,Rezydencki,87.62,4.03,23.03.2026 09:19:03,13,NIE,,
w-2026,15,14.04.2026,14.04.2026 12:16:11,66,85,Śląskie,253,Położnictwo i ginekologia,2026/007088,Rezydencki,87.08,3.75,16.02.2026 22:30:58,13,NIE,,
w-2026,15,14.04.2026,14.04.2026 12:16:11,66,85,Śląskie,254,Położnictwo i ginekologia,2026/008392,Rezydencki,86.54,4.02,28.02.2026 14:45:35,13,NIE,,
w-2026,15,14.04.2026,14.04.2026 12:16:11,66,85,Śląskie,255,Położnictwo i ginekologia,2026/007693,Rezydencki,86.12,4.38,20.03.2026 09:43:23,13,NIE,,
w-2026,15,14.04.2026,14.04.2026 12:16:11,67,85,Śląskie,256,Położnictwo i ginekologia,2026/010607,Rezydencki,86.12,3.70,28.02.2026 21:23:59,13,NIE,,
w-2026,15,14.04.2026,14.04.2026 12:16:11,67,85,Śląskie,257,Położnictwo i ginekologia,2026/008528,Rezydencki,86.06,3.73,18.03.2026 08:42:19,13,NIE,,
w-2026,15,14.04.2026,14.04.2026 12:16:11,67,85,Śląskie,258,Położnictwo i ginekologia,2026/004384,Rezydencki,85.24,4.26,12.03.2026 21:23:14,13,NIE,,
w-2026,15,14.04.2026,14.04.2026 12:16:11,67,85,Śląskie,259,Położnictwo i ginekologia,2026/010636,Rezydencki,84.80,3.65,26.02.2026 22:30:08,13,NIE,,
w-2026,15,14.04.2026,14.04.2026 12:16:11,67,85,Śląskie,260,Położnictwo i ginekologia,2026/009471,Rezydencki,84.69,3.93,27.02.2026 16:57:27,13,NIE,,
w-2026,15,14.04.2026,14.04.2026 12:16:11,67,85,Śląskie,261,Położnictwo i ginekologia,2026/007431,Rezydencki,84.69,3.91,28.02.2026 16:23:56,13,NIE,,
w-2026,15,14.04.2026,14.04.2026 12:16:11,67,85,Śląskie,262,Położnictwo i ginekologia,2026/008698,Rezydencki,84.45,4.25,27.02.2026 23:14:35,13,NIE,,
w-2026,15,14.04.2026,14.04.2026 12:16:11,67,85,Śląskie,263,Położnictwo i ginekologia,2026/007260,Rezydencki,84.21,4.36,25.02.2026 12:22:28,13,NIE,,
w-2026,15,14.04.2026,14.04.2026 12:16:11,67,85,Śląskie,264,Położnictwo i ginekologia,2026/006964,Rezydencki,84.13,4.25,17.02.2026 19:16:28,13,NIE,,
w-2026,15,14.04.2026,14.04.2026 12:16:11,67,85,Śląskie,265,Położnictwo i ginekologia,2026/011273,Pozarezydencki,63.93,3.82,27.02.2026 22:56:49,1,NIE,,
w-2026,15,14.04.2026,14.04.2026 12:16:11,67,85,Śląskie,266,Protetyka stomatologiczna,2026/003546,Rezydencki,82.14,3.93,24.02.2026 14:09:15,3,NIE,,
w-2026,15,14.04.2026,14.04.2026 12:16:11,67,85,Śląskie,267,Protetyka stomatologiczna,2026/004528,Rezydencki,81.90,3.83,19.02.2026 13:50:49,3,NIE,,
w-2026,15,14.04.2026,14.04.2026 12:16:11,67,85,Śląskie,268,Protetyka stomatologiczna,2026/009585,Rezydencki,81.73,0.00,26.02.2026 22:13:33,3,NIE,,
w-2026,15,14.04.2026,14.04.2026 12:16:11,67,85,Śląskie,269,Psychiatria,2026/010722,Rezydencki,89.47,4.40,11.03.2026 05:16:08,18,NIE,,
w-2026,15,14.04.2026,14.04.2026 12:16:11,67,85,Śląskie,270,Psychiatria,2026/008269,Rezydencki,89.29,4.28,10.03.2026 13:17:56,18,NIE,,
w-2026,15,14.04.2026,14.04.2026 12:16:11,67,85,Śląskie,271,Psychiatria,2026/011869,Rezydencki,86.60,4.23,24.03.2026 18:58:38,18,NIE,,
w-2026,15,14.04.2026,14.04.2026 12:16:11,67,85,Śląskie,272,Psychiatria,2026/006495,Rezydencki,85.99,4.41,21.02.2026 01:34:55,18,NIE,,
w-2026,15,14.04.2026,14.04.2026 12:16:11,67,85,Śląskie,273,Psychiatria,2026/009898,Rezydencki,85.71,3.98,12.03.2026 20:47:09,18,NIE,,
w-2026,15,14.04.2026,14.04.2026 12:16:11,67,85,Śląskie,274,Psychiatria,2026/006532,Rezydencki,85.65,3.98,18.02.2026 20:01:37,18,NIE,,
w-2026,15,14.04.2026,14.04.2026 12:16:11,67,85,Śląskie,275,Psychiatria,2026/010409,Rezydencki,85.65,3.68,27.02.2026 09:38:48,18,NIE,,
w-2026,15,14.04.2026,14.04.2026 12:16:11,67,85,Śląskie,276,Psychiatria,2026/004166,Rezydencki,84.62,0.00,28.02.2026 20:12:36,18,NIE,,
w-2026,15,14.04.2026,14.04.2026 12:16:11,67,85,Śląskie,277,Psychiatria,2026/005620,Rezydencki,83.82,4.04,16.03.2026 12:57:27,18,NIE,,
w-2026,15,14.04.2026,14.04.2026 12:16:11,67,85,Śląskie,278,Psychiatria,2026/003287,Rezydencki,83.73,3.50,11.03.2026 13:13:50,18,NIE,,
w-2026,15,14.04.2026,14.04.2026 12:16:11,67,85,Śląskie,279,Psychiatria,2026/009386,Rezydencki,83.73,3.39,13.03.2026 12:12:21,18,NIE,,
w-2026,15,14.04.2026,14.04.2026 12:16:11,67,85,Śląskie,280,Psychiatria,2026/005996,Rezydencki,82.54,3.94,23.02.2026 22:08:49,18,NIE,,
w-2026,15,14.04.2026,14.04.2026 12:16:11,67,85,Śląskie,281,Psychiatria,2026/008360,Rezydencki,82.13,4.93,18.03.2026 16:47:16,18,NIE,,
w-2026,15,14.04.2026,14.04.2026 12:16:11,67,85,Śląskie,282,Psychiatria,2026/007463,Rezydencki,82.13,3.94,23.02.2026 00:21:58,18,NIE,,
w-2026,15,14.04.2026,14.04.2026 12:16:11,67,85,Śląskie,283,Psychiatria,2026/006136,Rezydencki,81.25,4.39,28.02.2026 13:28:55,18,NIE,,
w-2026,15,14.04.2026,14.04.2026 12:16:11,67,85,Śląskie,284,Psychiatria,2026/010810,Rezydencki,80.92,3.70,27.02.2026 10:23:16,18,NIE,,
w-2026,15,14.04.2026,14.04.2026 12:16:11,67,85,Śląskie,285,Psychiatria,2026/011334,Rezydencki,80.68,4.30,12.03.2026 22:14:38,18,NIE,,
w-2026,15,14.04.2026,14.04.2026 12:16:11,67,85,Śląskie,286,Psychiatria,2026/005377,Rezydencki,80.68,4.05,09.02.2026 16:27:51,18,NIE,,
w-2026,15,14.04.2026,14.04.2026 12:16:11,67,85,Śląskie,287,Psychiatria,2026/010724,Pozarezydencki,61.93,0.00,19.03.2026 06:38:24,4,NIE,,
w-2026,15,14.04.2026,14.04.2026 12:16:11,67,85,Śląskie,288,Psychiatria,2026/011538,Pozarezydencki,61.01,0.00,28.02.2026 17:09:55,4,NIE,,
w-2026,15,14.04.2026,14.04.2026 12:16:11,67,85,Śląskie,289,Psychiatria,2026/007485,Pozarezydencki,52.83,3.39,25.03.2026 11:36:12,4,NIE,,
w-2026,15,14.04.2026,14.04.2026 12:16:11,67,85,Śląskie,290,Psychiatria,2026/005632,Pozarezydencki,0.00,2.73,16.03.2026 12:37:11,4,NIE,,
w-2026,15,14.04.2026,14.04.2026 12:16:11,67,85,Śląskie,291,Psychiatria dzieci i młodzieży,2026/006201,Rezydencki,85.99,4.05,10.03.2026 13:04:36,5,NIE,,
w-2026,15,14.04.2026,14.04.2026 12:16:11,68,85,Śląskie,292,Psychiatria dzieci i młodzieży,2026/009464,Rezydencki,80.68,4.36,27.02.2026 20:29:48,5,NIE,,
w-2026,15,14.04.2026,14.04.2026 12:16:11,68,85,Śląskie,293,Psychiatria dzieci i młodzieży,2026/007617,Rezydencki,80.48,3.63,28.02.2026 12:44:17,5,NIE,,
w-2026,15,14.04.2026,14.04.2026 12:16:11,68,85,Śląskie,294,Psychiatria dzieci i młodzieży,2026/003595,Rezydencki,80.14,3.64,02.02.2026 21:01:45,5,NIE,,
w-2026,15,14.04.2026,14.04.2026 12:16:11,68,85,Śląskie,295,Psychiatria dzieci i młodzieży,2026/005686,Rezydencki,79.19,3.47,02.03.2026 20:31:19,5,NIE,,
w-2026,15,14.04.2026,14.04.2026 12:16:11,68,85,Śląskie,296,Radiologia i diagnostyka obrazowa,2026/009273,Rezydencki,92.27,3.44,28.02.2026 22:59:40,10,NIE,,
w-2026,15,14.04.2026,14.04.2026 12:16:11,68,85,Śląskie,297,Radiologia i diagnostyka obrazowa,2026/010522,Rezydencki,91.39,4.64,02.03.2026 20:25:26,10,NIE,,
w-2026,15,14.04.2026,14.04.2026 12:16:11,68,85,Śląskie,298,Radiologia i diagnostyka obrazowa,2026/005110,Rezydencki,90.91,4.10,24.02.2026 16:34:29,10,NIE,,
w-2026,15,14.04.2026,14.04.2026 12:16:11,68,85,Śląskie,299,Radiologia i diagnostyka obrazowa,2026/011156,Rezydencki,89.00,4.37,27.02.2026 20:23:08,10,NIE,,
w-2026,15,14.04.2026,14.04.2026 12:16:11,68,85,Śląskie,300,Radiologia i diagnostyka obrazowa,2026/010169,Rezydencki,88.94,3.97,27.02.2026 16:33:24,10,NIE,,
w-2026,15,14.04.2026,14.04.2026 12:16:11,68,85,Śląskie,301,Radiologia i diagnostyka obrazowa,2026/005920,Rezydencki,88.04,4.02,27.02.2026 15:53:50,10,NIE,,
w-2026,15,14.04.2026,14.04.2026 12:16:11,68,85,Śląskie,302,Radiologia i diagnostyka obrazowa,2026/008878,Rezydencki,87.56,4.38,27.02.2026 22:37:17,10,NIE,,
w-2026,15,14.04.2026,14.04.2026 12:16:11,68,85,Śląskie,303,Radiologia i diagnostyka obrazowa,2026/008880,Rezydencki,86.96,4.32,11.03.2026 18:38:24,10,NIE,,
w-2026,15,14.04.2026,14.04.2026 12:16:11,68,85,Śląskie,304,Radiologia i diagnostyka obrazowa,2026/007422,Rezydencki,86.96,4.05,17.02.2026 21:19:02,10,NIE,,
w-2026,15,14.04.2026,14.04.2026 12:16:11,68,85,Śląskie,305,Radiologia i diagnostyka obrazowa,2026/008669,Rezydencki,86.96,3.76,28.02.2026 18:22:03,10,NIE,,
w-2026,15,14.04.2026,14.04.2026 12:16:11,68,85,Śląskie,306,Radiologia i diagnostyka obrazowa,2026/008369,Pozarezydencki,82.95,3.28,30.03.2026 15:40:32,11,NIE,,
w-2026,15,14.04.2026,14.04.2026 12:16:11,68,85,Śląskie,307,Radiologia i diagnostyka obrazowa,2026/011254,Pozarezydencki,79.91,3.80,28.02.2026 20:57:40,11,NIE,,
w-2026,15,14.04.2026,14.04.2026 12:16:11,68,85,Śląskie,308,Radiologia i diagnostyka obrazowa,2026/006237,Pozarezydencki,79.36,3.59,10.03.2026 16:28:24,11,NIE,,
w-2026,15,14.04.2026,14.04.2026 12:16:11,68,85,Śląskie,309,Radiologia i diagnostyka obrazowa,2026/011183,Pozarezydencki,78.80,3.67,23.03.2026 13:27:57,11,NIE,,
w-2026,15,14.04.2026,14.04.2026 12:16:11,68,85,Śląskie,310,Radiologia i diagnostyka obrazowa,2026/011847,Pozarezydencki,76.04,3.98,13.03.2026 11:04:49,11,NIE,,
w-2026,15,14.04.2026,14.04.2026 12:16:11,68,85,Śląskie,311,Radiologia i diagnostyka obrazowa,2026/011864,Pozarezydencki,72.60,4.16,28.02.2026 22:47:01,11,NIE,,
w-2026,15,14.04.2026,14.04.2026 12:16:11,68,85,Śląskie,312,Radiologia i diagnostyka obrazowa,2026/009011,Pozarezydencki,71.10,3.13,11.03.2026 16:59:26,11,NIE,,
w-2026,15,14.04.2026,14.04.2026 12:16:11,68,85,Śląskie,313,Radiologia i diagnostyka obrazowa,2026/011218,Pozarezydencki,68.12,3.65,20.03.2026 16:06:28,11,NIE,,
w-2026,15,14.04.2026,14.04.2026 12:16:11,68,85,Śląskie,314,Radiologia i diagnostyka obrazowa,2026/005419,Pozarezydencki,67.58,2.98,13.03.2026 09:30:13,11,NIE,,
w-2026,15,14.04.2026,14.04.2026 12:16:11,68,85,Śląskie,315,Radiologia i diagnostyka obrazowa,2026/004025,Pozarezydencki,60.32,3.19,12.03.2026 18:45:55,11,NIE,,
w-2026,15,14.04.2026,14.04.2026 12:16:11,68,85,Śląskie,316,Radiologia i diagnostyka obrazowa,2026/010926,Pozarezydencki,52.51,3.08,27.03.2026 04:49:13,11,NIE,,
w-2026,15,14.04.2026,14.04.2026 12:16:11,68,85,Śląskie,317,Radioterapia onkologiczna,2026/004681,Rezydencki,66.03,3.75,12.03.2026 13:34:50,2,NIE,,
w-2026,15,14.04.2026,14.04.2026 12:16:11,68,85,Śląskie,318,Radioterapia onkologiczna,2026/009367,Rezydencki,65.14,3.46,21.03.2026 16:39:22,2,NIE,,
w-2026,15,14.04.2026,14.04.2026 12:16:11,68,85,Śląskie,319,Rehabilitacja medyczna,2026/004866,Pozarezydencki,80.00,3.28,12.02.2026 19:26:00,7,NIE,,
w-2026,15,14.04.2026,14.04.2026 12:16:11,68,85,Śląskie,320,Rehabilitacja medyczna,2026/004752,Pozarezydencki,75.68,2.89,18.03.2026 08:48:25,7,NIE,,
w-2026,15,14.04.2026,14.04.2026 12:16:11,68,85,Śląskie,321,Rehabilitacja medyczna,2026/005135,Pozarezydencki,70.91,0.00,22.03.2026 21:38:49,7,NIE,,
w-2026,15,14.04.2026,14.04.2026 12:16:11,68,85,Śląskie,322,Rehabilitacja medyczna,2026/009524,Pozarezydencki,69.91,0.00,16.03.2026 09:11:27,7,NIE,,
w-2026,15,14.04.2026,14.04.2026 12:16:11,68,85,Śląskie,323,Rehabilitacja medyczna,2026/011079,Pozarezydencki,65.60,0.00,24.03.2026 15:06:25,7,NIE,,
w-2026,15,14.04.2026,14.04.2026 12:16:11,68,85,Śląskie,324,Rehabilitacja medyczna,2026/009969,Pozarezydencki,64.72,3.24,23.03.2026 09:51:07,7,NIE,,
w-2026,15,14.04.2026,14.04.2026 12:16:11,68,85,Śląskie,325,Rehabilitacja medyczna,2026/011591,Pozarezydencki,0.68,3.11,28.02.2026 18:41:24,7,NIE,,
w-2026,15,14.04.2026,14.04.2026 12:16:11,68,85,Śląskie,326,Reumatologia,2026/008581,Rezydencki,91.87,4.50,24.02.2026 21:09:17,2,NIE,,
w-2026,15,14.04.2026,14.04.2026 12:16:11,68,85,Śląskie,327,Reumatologia,2026/004107,Rezydencki,91.63,4.27,19.03.2026 11:19:17,2,NIE,,
w-2026,15,14.04.2026,14.04.2026 12:16:11,69,85,Śląskie,328,Reumatologia,2026/011197,Pozarezydencki,75.68,4.22,26.03.2026 19:43:23,3,NIE,,
w-2026,15,14.04.2026,14.04.2026 12:16:11,69,85,Śląskie,329,Reumatologia,2026/005132,Pozarezydencki,74.88,4.13,11.03.2026 21:24:09,3,NIE,,
w-2026,15,14.04.2026,14.04.2026 12:16:11,69,85,Śląskie,330,Reumatologia,2026/010647,Pozarezydencki,73.13,3.73,26.02.2026 22:53:51,3,NIE,,
w-2026,15,14.04.2026,14.04.2026 12:16:11,69,85,Śląskie,331,Seksuologia,2026/003431,Pozarezydencki,89.09,3.88,09.03.2026 22:03:42,1,NIE,,
w-2026,15,14.04.2026,14.04.2026 12:16:11,69,85,Śląskie,332,Stomatologia dziecięca,2026/011537,Rezydencki,84.76,4.40,10.03.2026 21:12:54,2,NIE,,
w-2026,15,14.04.2026,14.04.2026 12:16:11,69,85,Śląskie,333,Stomatologia dziecięca,2026/008577,Rezydencki,80.62,3.94,16.03.2026 12:36:17,2,NIE,,
w-2026,15,14.04.2026,14.04.2026 12:16:11,69,85,Śląskie,334,Stomatologia zachowawcza z endodoncją,2026/005494,Rezydencki,80.86,3.55,12.03.2026 09:46:55,2,NIE,,
w-2026,15,14.04.2026,14.04.2026 12:16:11,69,85,Śląskie,335,Stomatologia zachowawcza z endodoncją,2026/011006,Rezydencki,76.08,3.75,27.02.2026 16:06:06,2,NIE,,
w-2026,15,14.04.2026,14.04.2026 12:16:11,69,85,Śląskie,336,Transplantologia kliniczna,2026/008494,Pozarezydencki,80.68,4.25,23.03.2026 03:20:32,1,NIE,,
w-2026,15,14.04.2026,14.04.2026 12:16:11,69,85,Śląskie,337,Urologia,2026/011149,Pozarezydencki,82.49,3.74,27.02.2026 20:13:47,4,NIE,,
w-2026,15,14.04.2026,14.04.2026 12:16:11,69,85,Śląskie,338,Urologia,2026/011528,Pozarezydencki,79.91,3.90,28.02.2026 16:35:38,4,NIE,,
w-2026,15,14.04.2026,14.04.2026 12:16:11,69,85,Śląskie,339,Urologia,2026/011658,Pozarezydencki,78.54,4.33,28.02.2026 19:46:25,4,NIE,,
w-2026,15,14.04.2026,14.04.2026 12:16:11,69,85,Śląskie,340,Urologia,2026/009364,Pozarezydencki,72.81,3.31,22.03.2026 22:19:37,4,NIE,,
w-2026,15,14.04.2026,14.04.2026 12:16:11,69,85,Śląskie,1,Okulistyka,2026/010132,Rezydencki,81.64,3.32,26.02.2026 12:43:25,3,TAK,Okręgowy Szpital Kolejowy w Katowicach S.P.Z.O.Z.,Oddział Kliniczny Okulistyki z Pododdziałem Okulistyki Dziecięcej
w-2026,15,14.04.2026,14.04.2026 12:16:11,69,85,Śląskie,2,Okulistyka,2026/009174,Rezydencki,81.43,3.95,16.03.2026 08:29:17,3,TAK,Okręgowy Szpital Kolejowy w Katowicach S.P.Z.O.Z.,Oddział Kliniczny Okulistyki z Pododdziałem Okulistyki Dziecięcej
w-2026,15,14.04.2026,14.04.2026 12:16:11,69,85,Śląskie,1,Okulistyka,2026/004980,Rezydencki,86.34,4.03,02.03.2026 19:15:38,3,TAK,Uniwersyteckie Centrum Kliniczne im. prof. K. Gibińskiego Śląskiego Uniwersytetu Medycznego w Katowicach,Oddział Okulistyki Dorosłych
w-2026,15,14.04.2026,14.04.2026 12:16:11,69,85,Śląskie,1,Neurochirurgia,2026/004403,Rezydencki,86.67,4.22,05.02.2026 13:59:43,1,TAK,Wojewódzki Szpital Specjalistyczny Nr 5 im. Św. Barbary w Sosnowcu,Kliniczny Oddział Neurochirurgiczny
w-2026,15,14.04.2026,14.04.2026 12:16:11,69,85,Świętokrzyskie,1,Alergologia,2026/010641,Pozarezydencki,75.58,0.00,14.03.2026 12:39:39,2,NIE,,
w-2026,15,14.04.2026,14.04.2026 12:16:11,69,85,Świętokrzyskie,2,Alergologia,2026/011665,Pozarezydencki,71.36,3.82,19.03.2026 15:07:18,2,NIE,,
w-2026,15,14.04.2026,14.04.2026 12:16:11,69,85,Świętokrzyskie,3,Anestezjologia i intensywna terapia,2026/005053,Rezydencki,86.12,3.81,20.03.2026 18:47:44,6,NIE,,
w-2026,15,14.04.2026,14.04.2026 12:16:11,69,85,Świętokrzyskie,4,Anestezjologia i intensywna terapia,2026/010953,Rezydencki,84.62,3.27,03.03.2026 16:18:34,6,NIE,,
w-2026,15,14.04.2026,14.04.2026 12:16:11,69,85,Świętokrzyskie,5,Anestezjologia i intensywna terapia,2026/006288,Rezydencki,80.38,3.93,15.02.2026 10:39:42,6,NIE,,
w-2026,15,14.04.2026,14.04.2026 12:16:11,70,85,Świętokrzyskie,6,Anestezjologia i intensywna terapia,2026/010572,Rezydencki,77.14,3.98,26.02.2026 21:45:24,6,NIE,,
w-2026,15,14.04.2026,14.04.2026 12:16:11,70,85,Świętokrzyskie,7,Anestezjologia i intensywna terapia,2026/007640,Rezydencki,76.92,3.29,19.02.2026 15:05:30,6,NIE,,
w-2026,15,14.04.2026,14.04.2026 12:16:11,70,85,Świętokrzyskie,8,Anestezjologia i intensywna terapia,2026/011730,Rezydencki,76.67,3.82,22.03.2026 21:57:27,6,NIE,,
w-2026,15,14.04.2026,14.04.2026 12:16:11,70,85,Świętokrzyskie,9,Chirurgia ogólna,2026/011106,Rezydencki,80.62,3.60,27.02.2026 19:15:41,1,NIE,,
w-2026,15,14.04.2026,14.04.2026 12:16:11,70,85,Świętokrzyskie,10,Chirurgia stomatologiczna,2026/008549,Rezydencki,83.01,3.33,24.02.2026 13:56:47,2,NIE,,
w-2026,15,14.04.2026,14.04.2026 12:16:11,70,85,Świętokrzyskie,11,Chirurgia stomatologiczna,2026/010524,Rezydencki,82.86,3.77,26.02.2026 20:20:54,2,NIE,,
w-2026,15,14.04.2026,14.04.2026 12:16:11,70,85,Świętokrzyskie,12,Choroby płuc,2026/006226,Rezydencki,85.37,3.99,27.02.2026 20:28:35,2,NIE,,
w-2026,15,14.04.2026,14.04.2026 12:16:11,70,85,Świętokrzyskie,13,Choroby płuc,2026/011189,Rezydencki,81.86,3.82,18.03.2026 19:44:10,2,NIE,,
w-2026,15,14.04.2026,14.04.2026 12:16:11,70,85,Świętokrzyskie,14,Choroby płuc dzieci,2026/010801,Rezydencki,81.34,3.73,28.02.2026 10:08:43,1,NIE,,
w-2026,15,14.04.2026,14.04.2026 12:16:11,70,85,Świętokrzyskie,15,Choroby wewnętrzne,2026/007007,Rezydencki,81.82,4.37,19.03.2026 18:09:48,2,NIE,,
w-2026,15,14.04.2026,14.04.2026 12:16:11,70,85,Świętokrzyskie,16,Choroby wewnętrzne,2026/004902,Rezydencki,74.02,4.55,25.03.2026 10:21:31,2,NIE,,
w-2026,15,14.04.2026,14.04.2026 12:16:11,70,85,Świętokrzyskie,17,Choroby zakaźne,2026/004342,Rezydencki,62.32,4.56,16.03.2026 11:12:23,1,NIE,,
w-2026,15,14.04.2026,14.04.2026 12:16:11,70,85,Świętokrzyskie,18,Diabetologia,2026/009878,Rezydencki,82.38,3.93,07.03.2026 09:11:34,1,NIE,,
w-2026,15,14.04.2026,14.04.2026 12:16:11,70,85,Świętokrzyskie,19,Geriatria,2026/005662,Pozarezydencki,71.10,4.14,11.03.2026 11:33:01,1,NIE,,
w-2026,15,14.04.2026,14.04.2026 12:16:11,70,85,Świętokrzyskie,20,Hematologia,2026/006369,Rezydencki,87.92,4.38,18.02.2026 18:09:30,1,NIE,,
w-2026,15,14.04.2026,14.04.2026 12:16:11,70,85,Świętokrzyskie,21,Immunologia kliniczna,2026/005766,Pozarezydencki,84.55,4.00,19.03.2026 21:30:41,1,NIE,,
w-2026,15,14.04.2026,14.04.2026 12:16:11,70,85,Świętokrzyskie,22,Kardiologia,2026/009389,Rezydencki,89.00,4.34,24.02.2026 17:29:43,4,NIE,,
w-2026,15,14.04.2026,14.04.2026 12:16:11,70,85,Świętokrzyskie,23,Kardiologia,2026/010657,Rezydencki,88.57,4.18,02.03.2026 22:41:41,4,NIE,,
w-2026,15,14.04.2026,14.04.2026 12:16:11,70,85,Świętokrzyskie,24,Kardiologia,2026/005601,Rezydencki,87.92,4.20,12.03.2026 14:58:40,4,NIE,,
w-2026,15,14.04.2026,14.04.2026 12:16:11,70,85,Świętokrzyskie,25,Kardiologia,2026/008631,Rezydencki,86.47,3.86,26.02.2026 23:14:07,4,NIE,,
w-2026,15,14.04.2026,14.04.2026 12:16:11,70,85,Świętokrzyskie,26,Kardiologia,2026/010050,Pozarezydencki,76.17,3.91,28.02.2026 19:05:11,3,NIE,,
w-2026,15,14.04.2026,14.04.2026 12:16:11,70,85,Świętokrzyskie,27,Kardiologia,2026/006048,Pozarezydencki,71.36,4.58,27.02.2026 22:09:40,3,NIE,,
w-2026,15,14.04.2026,14.04.2026 12:16:11,70,85,Świętokrzyskie,28,Kardiologia,2026/008128,Pozarezydencki,70.91,0.00,27.02.2026 16:20:54,3,NIE,,
w-2026,15,14.04.2026,14.04.2026 12:16:11,70,85,Świętokrzyskie,29,Medycyna paliatywna,2026/006453,Pozarezydencki,80.00,3.69,13.02.2026 14:13:09,3,NIE,,
w-2026,15,14.04.2026,14.04.2026 12:16:11,70,85,Świętokrzyskie,30,Medycyna paliatywna,2026/009939,Pozarezydencki,72.35,0.00,11.03.2026 12:52:42,3,NIE,,
w-2026,15,14.04.2026,14.04.2026 12:16:11,70,85,Świętokrzyskie,31,Medycyna paliatywna,2026/009570,Pozarezydencki,70.91,3.64,05.03.2026 21:12:11,3,NIE,,
w-2026,15,14.04.2026,14.04.2026 12:16:11,70,85,Świętokrzyskie,32,Medycyna pracy,2026/007983,Pozarezydencki,72.94,3.82,19.02.2026 20:14:43,1,NIE,,
w-2026,15,14.04.2026,14.04.2026 12:16:11,70,85,Świętokrzyskie,33,Medycyna ratunkowa,2026/007361,Rezydencki,78.95,4.17,18.02.2026 14:53:25,1,NIE,,
w-2026,15,14.04.2026,14.04.2026 12:16:11,70,85,Świętokrzyskie,34,Medycyna rodzinna,2026/006752,Rezydencki,83.09,4.13,18.02.2026 22:36:31,6,NIE,,
w-2026,15,14.04.2026,14.04.2026 12:16:11,70,85,Świętokrzyskie,35,Medycyna rodzinna,2026/009573,Rezydencki,80.68,4.08,27.02.2026 21:47:59,6,NIE,,
w-2026,15,14.04.2026,14.04.2026 12:16:11,70,85,Świętokrzyskie,36,Medycyna rodzinna,2026/011373,Rezydencki,75.85,3.88,11.03.2026 22:23:47,6,NIE,,
w-2026,15,14.04.2026,14.04.2026 12:16:11,70,85,Świętokrzyskie,37,Medycyna rodzinna,2026/007011,Rezydencki,75.36,4.87,16.02.2026 18:44:04,6,NIE,,
w-2026,15,14.04.2026,14.04.2026 12:16:11,70,85,Świętokrzyskie,38,Medycyna rodzinna,2026/009290,Rezydencki,73.43,3.69,12.03.2026 20:31:33,6,NIE,,
w-2026,15,14.04.2026,14.04.2026 12:16:11,70,85,Świętokrzyskie,39,Medycyna rodzinna,2026/003332,Rezydencki,71.77,3.44,19.03.2026 12:33:22,6,NIE,,
w-2026,15,14.04.2026,14.04.2026 12:16:11,70,85,Świętokrzyskie,40,Medycyna rodzinna,2026/007397,Pozarezydencki,71.96,0.00,17.02.2026 19:55:27,5,NIE,,
w-2026,15,14.04.2026,14.04.2026 12:16:11,70,85,Świętokrzyskie,41,Medycyna rodzinna,2026/008351,Pozarezydencki,70.91,0.00,12.03.2026 21:20:04,5,NIE,,
w-2026,15,14.04.2026,14.04.2026 12:16:11,70,85,Świętokrzyskie,42,Medycyna rodzinna,2026/006616,Pozarezydencki,68.64,3.68,12.03.2026 10:43:54,5,NIE,,
w-2026,15,14.04.2026,14.04.2026 12:16:11,71,85,Świętokrzyskie,43,Medycyna rodzinna,2026/008989,Pozarezydencki,68.37,3.83,23.02.2026 17:26:12,5,NIE,,
w-2026,15,14.04.2026,14.04.2026 12:16:11,71,85,Świętokrzyskie,44,Medycyna rodzinna,2026/011070,Pozarezydencki,66.20,0.00,23.03.2026 10:06:38,5,NIE,,
w-2026,15,14.04.2026,14.04.2026 12:16:11,71,85,Świętokrzyskie,45,Nefrologia,2026/005071,Rezydencki,83.09,4.14,12.03.2026 09:25:10,1,NIE,,
w-2026,15,14.04.2026,14.04.2026 12:16:11,71,85,Świętokrzyskie,46,Nefrologia,2026/005379,Pozarezydencki,75.45,0.00,12.03.2026 10:12:57,2,NIE,,
w-2026,15,14.04.2026,14.04.2026 12:16:11,71,85,Świętokrzyskie,47,Nefrologia,2026/009347,Pozarezydencki,57.27,3.04,13.03.2026 10:21:36,2,NIE,,
w-2026,15,14.04.2026,14.04.2026 12:16:11,71,85,Świętokrzyskie,48,Neurologia,2026/009026,Rezydencki,89.23,4.31,26.02.2026 22:17:51,1,NIE,,
w-2026,15,14.04.2026,14.04.2026 12:16:11,71,85,Świętokrzyskie,49,Onkologia i hematologia dziecięca,2026/009575,Pozarezydencki,80.00,4.13,24.02.2026 22:29:46,1,NIE,,
w-2026,15,14.04.2026,14.04.2026 12:16:11,71,85,Świętokrzyskie,50,Onkologia kliniczna,2026/006634,Rezydencki,74.64,3.49,28.02.2026 21:54:23,1,NIE,,
w-2026,15,14.04.2026,14.04.2026 12:16:11,71,85,Świętokrzyskie,51,Ortopedia i traumatologia narządu ruchu,2026/004932,Rezydencki,85.37,3.75,07.02.2026 17:09:08,2,NIE,,
w-2026,15,14.04.2026,14.04.2026 12:16:11,71,85,Świętokrzyskie,52,Ortopedia i traumatologia narządu ruchu,2026/010954,Rezydencki,83.89,3.51,27.02.2026 13:40:01,2,NIE,,
w-2026,15,14.04.2026,14.04.2026 12:16:11,71,85,Świętokrzyskie,53,Ortopedia i traumatologia narządu ruchu,2026/008411,Pozarezydencki,72.48,3.57,23.02.2026 21:02:02,2,NIE,,
w-2026,15,14.04.2026,14.04.2026 12:16:11,71,85,Świętokrzyskie,54,Ortopedia i traumatologia narządu ruchu,2026/011509,Pozarezydencki,63.64,0.00,02.03.2026 19:38:44,2,NIE,,
w-2026,15,14.04.2026,14.04.2026 12:16:11,71,85,Świętokrzyskie,55,Patomorfologia,2026/009076,Rezydencki,92.27,4.57,01.03.2026 22:31:52,1,NIE,,
w-2026,15,14.04.2026,14.04.2026 12:16:11,71,85,Świętokrzyskie,56,Położnictwo i ginekologia,2026/010640,Rezydencki,87.08,4.30,27.02.2026 20:30:52,5,NIE,,
w-2026,15,14.04.2026,14.04.2026 12:16:11,71,85,Świętokrzyskie,57,Położnictwo i ginekologia,2026/009759,Rezydencki,78.37,3.91,27.02.2026 21:13:59,5,NIE,,
w-2026,15,14.04.2026,14.04.2026 12:16:11,71,85,Świętokrzyskie,58,Położnictwo i ginekologia,2026/009101,Rezydencki,74.76,3.97,27.02.2026 09:40:47,5,NIE,,
w-2026,15,14.04.2026,14.04.2026 12:16:11,71,85,Świętokrzyskie,59,Położnictwo i ginekologia,2026/006689,Rezydencki,72.73,4.45,27.02.2026 18:12:56,5,NIE,,
w-2026,15,14.04.2026,14.04.2026 12:16:11,71,85,Świętokrzyskie,60,Położnictwo i ginekologia,2026/011025,Rezydencki,66.83,4.28,27.02.2026 17:00:41,5,NIE,,
w-2026,15,14.04.2026,14.04.2026 12:16:11,71,85,Świętokrzyskie,61,Położnictwo i ginekologia,2026/005748,Pozarezydencki,59.13,4.87,17.02.2026 09:56:38,2,NIE,,
w-2026,15,14.04.2026,14.04.2026 12:16:11,71,85,Świętokrzyskie,62,Położnictwo i ginekologia,2026/010576,Pozarezydencki,51.60,3.52,26.02.2026 21:21:55,2,NIE,,
w-2026,15,14.04.2026,14.04.2026 12:16:11,71,85,Świętokrzyskie,63,Protetyka stomatologiczna,2026/011546,Rezydencki,81.34,3.78,11.03.2026 15:08:35,1,NIE,,
w-2026,15,14.04.2026,14.04.2026 12:16:11,71,85,Świętokrzyskie,64,Psychiatria,2026/008693,Rezydencki,91.79,4.15,28.02.2026 13:47:11,4,NIE,,
w-2026,15,14.04.2026,14.04.2026 12:16:11,71,85,Świętokrzyskie,65,Psychiatria,2026/010983,Rezydencki,83.33,4.24,27.02.2026 15:14:56,4,NIE,,
w-2026,15,14.04.2026,14.04.2026 12:16:11,71,85,Świętokrzyskie,66,Psychiatria,2026/009091,Rezydencki,75.48,3.44,28.02.2026 16:30:44,4,NIE,,
w-2026,15,14.04.2026,14.04.2026 12:16:11,71,85,Świętokrzyskie,67,Psychiatria,2026/004923,Rezydencki,62.25,3.95,06.03.2026 15:08:57,4,NIE,,
w-2026,15,14.04.2026,14.04.2026 12:16:11,71,85,Świętokrzyskie,68,Radiologia i diagnostyka obrazowa,2026/004406,Rezydencki,89.95,4.08,04.02.2026 23:37:27,2,NIE,,
w-2026,15,14.04.2026,14.04.2026 12:16:11,71,85,Świętokrzyskie,69,Radiologia i diagnostyka obrazowa,2026/010426,Rezydencki,89.47,3.97,28.02.2026 15:23:40,2,NIE,,
w-2026,15,14.04.2026,14.04.2026 12:16:11,71,85,Świętokrzyskie,70,Radiologia i diagnostyka obrazowa,2026/009943,Pozarezydencki,82.19,3.92,25.02.2026 19:38:04,2,NIE,,
w-2026,15,14.04.2026,14.04.2026 12:16:11,71,85,Świętokrzyskie,71,Radiologia i diagnostyka obrazowa,2026/010081,Pozarezydencki,68.95,0.00,27.02.2026 10:51:07,2,NIE,,
w-2026,15,14.04.2026,14.04.2026 12:16:11,71,85,Świętokrzyskie,72,Reumatologia,2026/009727,Rezydencki,90.19,4.15,28.02.2026 21:45:42,2,NIE,,
w-2026,15,14.04.2026,14.04.2026 12:16:11,71,85,Świętokrzyskie,73,Reumatologia,2026/009442,Rezydencki,88.29,4.09,28.02.2026 22:23:32,2,NIE,,
w-2026,15,14.04.2026,14.04.2026 12:16:11,71,85,Świętokrzyskie,74,Urologia,2026/008280,Pozarezydencki,79.91,3.56,20.02.2026 17:32:13,3,NIE,,
w-2026,15,14.04.2026,14.04.2026 12:16:11,71,85,Świętokrzyskie,75,Urologia,2026/009090,Pozarezydencki,76.17,4.24,26.02.2026 08:33:01,3,NIE,,
w-2026,15,14.04.2026,14.04.2026 12:16:11,71,85,Świętokrzyskie,76,Urologia,2026/006982,Pozarezydencki,71.82,3.85,24.03.2026 10:13:44,3,NIE,,
w-2026,15,14.04.2026,14.04.2026 12:16:11,72,85,Warmińsko-mazurskie,1,Alergologia,2026/009320,Pozarezydencki,66.13,3.49,14.03.2026 22:26:06,1,NIE,,
w-2026,15,14.04.2026,14.04.2026 12:16:11,72,85,Warmińsko-mazurskie,2,Anestezjologia i intensywna terapia,2026/007055,Rezydencki,83.97,4.06,16.02.2026 20:49:28,7,NIE,,
w-2026,15,14.04.2026,14.04.2026 12:16:11,72,85,Warmińsko-mazurskie,3,Anestezjologia i intensywna terapia,2026/005668,Rezydencki,83.09,4.24,18.03.2026 14:09:54,7,NIE,,
w-2026,15,14.04.2026,14.04.2026 12:16:11,72,85,Warmińsko-mazurskie,4,Anestezjologia i intensywna terapia,2026/006044,Rezydencki,82.86,4.50,28.02.2026 19:04:16,7,NIE,,
w-2026,15,14.04.2026,14.04.2026 12:16:11,72,85,Warmińsko-mazurskie,5,Anestezjologia i intensywna terapia,2026/006230,Rezydencki,82.86,3.84,20.02.2026 19:36:44,7,NIE,,
w-2026,15,14.04.2026,14.04.2026 12:16:11,72,85,Warmińsko-mazurskie,6,Anestezjologia i intensywna terapia,2026/010979,Rezydencki,82.30,3.69,09.03.2026 18:44:41,7,NIE,,
w-2026,15,14.04.2026,14.04.2026 12:16:11,72,85,Warmińsko-mazurskie,7,Anestezjologia i intensywna terapia,2026/011774,Rezydencki,82.30,3.54,20.03.2026 14:55:21,7,NIE,,
w-2026,15,14.04.2026,14.04.2026 12:16:11,72,85,Warmińsko-mazurskie,8,Anestezjologia i intensywna terapia,2026/004676,Rezydencki,81.90,3.73,10.02.2026 18:12:08,7,NIE,,
w-2026,15,14.04.2026,14.04.2026 12:16:11,72,85,Warmińsko-mazurskie,9,Anestezjologia i intensywna terapia,2026/009995,Pozarezydencki,83.11,5.00,06.03.2026 23:42:07,1,NIE,,
w-2026,15,14.04.2026,14.04.2026 12:16:11,72,85,Warmińsko-mazurskie,10,Chirurgia naczyniowa,2026/011802,Rezydencki,70.81,4.14,22.03.2026 18:58:44,1,NIE,,
w-2026,15,14.04.2026,14.04.2026 12:16:11,72,85,Warmińsko-mazurskie,11,Chirurgia ogólna,2026/008839,Rezydencki,82.78,4.85,23.02.2026 10:53:52,3,NIE,,
w-2026,15,14.04.2026,14.04.2026 12:16:11,72,85,Warmińsko-mazurskie,12,Chirurgia ogólna,2026/003782,Rezydencki,68.42,0.00,08.03.2026 15:30:53,3,NIE,,
w-2026,15,14.04.2026,14.04.2026 12:16:11,72,85,Warmińsko-mazurskie,13,Chirurgia ogólna,2026/010905,Rezydencki,64.90,4.33,27.02.2026 18:39:05,3,NIE,,
w-2026,15,14.04.2026,14.04.2026 12:16:11,72,85,Warmińsko-mazurskie,14,Chirurgia onkologiczna,2026/004703,Pozarezydencki,71.43,0.00,17.03.2026 12:58:27,1,NIE,,
w-2026,15,14.04.2026,14.04.2026 12:16:11,72,85,Warmińsko-mazurskie,15,Chirurgia szczękowo-twarzowa,2026/009837,Rezydencki,87.56,3.74,28.02.2026 17:24:13,3,NIE,,
w-2026,15,14.04.2026,14.04.2026 12:16:11,72,85,Warmińsko-mazurskie,16,Chirurgia szczękowo-twarzowa,2026/010484,Rezydencki,83.73,3.52,28.02.2026 00:04:53,3,NIE,,
w-2026,15,14.04.2026,14.04.2026 12:16:11,72,85,Warmińsko-mazurskie,17,Chirurgia szczękowo-twarzowa,2026/009828,Rezydencki,83.09,3.82,25.02.2026 21:03:55,3,NIE,,
w-2026,15,14.04.2026,14.04.2026 12:16:11,72,85,Warmińsko-mazurskie,18,Choroby płuc,2026/010963,Pozarezydencki,76.26,0.00,18.03.2026 11:00:18,1,NIE,,
w-2026,15,14.04.2026,14.04.2026 12:16:11,72,85,Warmińsko-mazurskie,19,Choroby wewnętrzne,2026/011700,Rezydencki,84.21,4.19,28.02.2026 20:36:28,5,NIE,,
w-2026,15,14.04.2026,14.04.2026 12:16:11,72,85,Warmińsko-mazurskie,20,Choroby wewnętrzne,2026/005014,Rezydencki,83.73,5.00,12.02.2026 10:05:15,5,NIE,,
w-2026,15,14.04.2026,14.04.2026 12:16:11,72,85,Warmińsko-mazurskie,21,Choroby wewnętrzne,2026/009569,Rezydencki,81.43,3.67,26.02.2026 22:00:44,5,NIE,,
w-2026,15,14.04.2026,14.04.2026 12:16:11,72,85,Warmińsko-mazurskie,22,Choroby wewnętrzne,2026/011001,Rezydencki,78.95,0.00,08.03.2026 16:13:32,5,NIE,,
w-2026,15,14.04.2026,14.04.2026 12:16:11,72,85,Warmińsko-mazurskie,23,Choroby wewnętrzne,2026/011173,Rezydencki,55.29,0.00,26.03.2026 18:27:30,5,NIE,,
w-2026,15,14.04.2026,14.04.2026 12:16:11,72,85,Warmińsko-mazurskie,24,Dermatologia i wenerologia,2026/005993,Pozarezydencki,88.48,3.93,23.02.2026 20:14:53,1,NIE,,
w-2026,15,14.04.2026,14.04.2026 12:16:11,72,85,Warmińsko-mazurskie,25,Diabetologia,2026/003355,Rezydencki,85.02,4.08,01.02.2026 11:32:52,1,NIE,,
w-2026,15,14.04.2026,14.04.2026 12:16:11,72,85,Warmińsko-mazurskie,26,Diabetologia,2026/012072,Pozarezydencki,74.08,4.09,16.03.2026 13:31:25,1,NIE,,
w-2026,15,14.04.2026,14.04.2026 12:16:11,72,85,Warmińsko-mazurskie,27,Gastroenterologia,2026/010461,Pozarezydencki,81.34,3.96,26.02.2026 19:10:17,2,NIE,,
w-2026,15,14.04.2026,14.04.2026 12:16:11,72,85,Warmińsko-mazurskie,28,Gastroenterologia,2026/010620,Pozarezydencki,79.13,4.41,10.03.2026 22:20:12,2,NIE,,
w-2026,15,14.04.2026,14.04.2026 12:16:11,72,85,Warmińsko-mazurskie,29,Hematologia,2026/007403,Rezydencki,75.60,5.00,19.02.2026 21:45:56,1,NIE,,
w-2026,15,14.04.2026,14.04.2026 12:16:11,72,85,Warmińsko-mazurskie,30,Kardiologia,2026/010490,Rezydencki,86.36,4.06,28.02.2026 22:47:46,6,NIE,,
w-2026,15,14.04.2026,14.04.2026 12:16:11,72,85,Warmińsko-mazurskie,31,Kardiologia,2026/008656,Rezydencki,85.75,3.96,23.02.2026 20:12:30,6,NIE,,
w-2026,15,14.04.2026,14.04.2026 12:16:11,72,85,Warmińsko-mazurskie,32,Kardiologia,2026/011572,Rezydencki,85.65,4.48,19.03.2026 20:20:08,6,NIE,,
w-2026,15,14.04.2026,14.04.2026 12:16:11,72,85,Warmińsko-mazurskie,33,Kardiologia,2026/009931,Rezydencki,84.54,4.16,26.02.2026 12:55:22,6,NIE,,
w-2026,15,14.04.2026,14.04.2026 12:16:11,72,85,Warmińsko-mazurskie,34,Kardiologia,2026/011256,Rezydencki,84.21,3.61,13.03.2026 16:53:22,6,NIE,,
w-2026,15,14.04.2026,14.04.2026 12:16:11,72,85,Warmińsko-mazurskie,35,Kardiologia,2026/006718,Rezydencki,83.09,4.50,13.03.2026 19:38:43,6,NIE,,
w-2026,15,14.04.2026,14.04.2026 12:16:11,72,85,Warmińsko-mazurskie,36,Kardiologia,2026/011640,Pozarezydencki,80.00,3.90,19.03.2026 09:44:01,2,NIE,,
w-2026,15,14.04.2026,14.04.2026 12:16:11,73,85,Warmińsko-mazurskie,37,Kardiologia,2026/006252,Pozarezydencki,66.67,0.00,13.03.2026 08:35:40,2,NIE,,
w-2026,15,14.04.2026,14.04.2026 12:16:11,73,85,Warmińsko-mazurskie,38,Kardiologia dziecięca,2026/011712,Pozarezydencki,81.11,3.57,28.02.2026 20:43:31,2,NIE,,
w-2026,15,14.04.2026,14.04.2026 12:16:11,73,85,Warmińsko-mazurskie,39,Kardiologia dziecięca,2026/009980,Pozarezydencki,75.45,3.39,24.03.2026 11:29:57,2,NIE,,
w-2026,15,14.04.2026,14.04.2026 12:16:11,73,85,Warmińsko-mazurskie,40,Medycyna paliatywna,2026/005784,Pozarezydencki,60.28,3.07,20.03.2026 11:20:52,1,NIE,,
w-2026,15,14.04.2026,14.04.2026 12:16:11,73,85,Warmińsko-mazurskie,41,Medycyna pracy,2026/006489,Pozarezydencki,80.28,3.94,23.02.2026 12:48:45,2,NIE,,
w-2026,15,14.04.2026,14.04.2026 12:16:11,73,85,Warmińsko-mazurskie,42,Medycyna pracy,2026/005117,Pozarezydencki,69.41,3.86,08.02.2026 21:22:11,2,NIE,,
w-2026,15,14.04.2026,14.04.2026 12:16:11,73,85,Warmińsko-mazurskie,43,Medycyna ratunkowa,2026/011793,Pozarezydencki,84.33,3.58,28.02.2026 21:37:07,1,NIE,,
w-2026,15,14.04.2026,14.04.2026 12:16:11,73,85,Warmińsko-mazurskie,44,Medycyna rodzinna,2026/007716,Rezydencki,84.31,3.63,21.02.2026 21:54:06,8,NIE,,
w-2026,15,14.04.2026,14.04.2026 12:16:11,73,85,Warmińsko-mazurskie,45,Medycyna rodzinna,2026/006756,Rezydencki,83.90,4.00,28.02.2026 21:11:48,8,NIE,,
w-2026,15,14.04.2026,14.04.2026 12:16:11,73,85,Warmińsko-mazurskie,46,Medycyna rodzinna,2026/006011,Rezydencki,82.13,4.16,25.02.2026 19:22:42,8,NIE,,
w-2026,15,14.04.2026,14.04.2026 12:16:11,73,85,Warmińsko-mazurskie,47,Medycyna rodzinna,2026/009528,Rezydencki,79.71,3.55,27.02.2026 17:06:44,8,NIE,,
w-2026,15,14.04.2026,14.04.2026 12:16:11,73,85,Warmińsko-mazurskie,48,Medycyna rodzinna,2026/008667,Rezydencki,79.52,3.60,22.02.2026 21:01:26,8,NIE,,
w-2026,15,14.04.2026,14.04.2026 12:16:11,73,85,Warmińsko-mazurskie,49,Medycyna rodzinna,2026/008575,Rezydencki,75.61,3.84,25.02.2026 22:37:10,8,NIE,,
w-2026,15,14.04.2026,14.04.2026 12:16:11,73,85,Warmińsko-mazurskie,50,Medycyna rodzinna,2026/009485,Rezydencki,69.23,3.58,25.02.2026 16:09:02,8,NIE,,
w-2026,15,14.04.2026,14.04.2026 12:16:11,73,85,Warmińsko-mazurskie,51,Medycyna rodzinna,2026/004217,Rezydencki,55.34,2.85,12.03.2026 13:52:26,8,NIE,,
w-2026,15,14.04.2026,14.04.2026 12:16:11,73,85,Warmińsko-mazurskie,52,Medycyna rodzinna,2026/011021,Pozarezydencki,61.82,0.00,18.03.2026 18:13:17,2,NIE,,
w-2026,15,14.04.2026,14.04.2026 12:16:11,73,85,Warmińsko-mazurskie,53,Medycyna rodzinna,2026/010689,Pozarezydencki,59.63,0.00,19.03.2026 20:24:15,2,NIE,,
w-2026,15,14.04.2026,14.04.2026 12:16:11,73,85,Warmińsko-mazurskie,54,Nefrologia dziecięca,2026/006811,Pozarezydencki,71.73,4.40,06.03.2026 21:13:50,1,NIE,,
w-2026,15,14.04.2026,14.04.2026 12:16:11,73,85,Warmińsko-mazurskie,55,Neonatologia,2026/010401,Rezydencki,82.13,3.26,27.02.2026 13:36:41,1,NIE,,
w-2026,15,14.04.2026,14.04.2026 12:16:11,73,85,Warmińsko-mazurskie,56,Neurochirurgia,2026/006039,Pozarezydencki,84.55,3.06,27.02.2026 03:19:30,1,NIE,,
w-2026,15,14.04.2026,14.04.2026 12:16:11,73,85,Warmińsko-mazurskie,57,Neurologia,2026/010699,Rezydencki,87.56,3.14,09.03.2026 13:25:13,1,NIE,,
w-2026,15,14.04.2026,14.04.2026 12:16:11,73,85,Warmińsko-mazurskie,58,Neurologia,2026/010600,Pozarezydencki,50.23,0.00,12.03.2026 22:21:13,1,NIE,,
w-2026,15,14.04.2026,14.04.2026 12:16:11,73,85,Warmińsko-mazurskie,59,Neurologia dziecięca,2026/003714,Pozarezydencki,70.91,0.00,17.03.2026 09:59:54,2,NIE,,
w-2026,15,14.04.2026,14.04.2026 12:16:11,73,85,Warmińsko-mazurskie,60,Neurologia dziecięca,2026/006128,Pozarezydencki,68.81,3.32,18.03.2026 17:20:33,2,NIE,,
w-2026,15,14.04.2026,14.04.2026 12:16:11,73,85,Warmińsko-mazurskie,61,Okulistyka,2026/009869,Rezydencki,88.28,3.81,23.03.2026 13:25:35,3,NIE,,
w-2026,15,14.04.2026,14.04.2026 12:16:11,73,85,Warmińsko-mazurskie,62,Okulistyka,2026/008646,Rezydencki,88.04,4.00,27.02.2026 23:25:55,3,NIE,,
w-2026,15,14.04.2026,14.04.2026 12:16:11,73,85,Warmińsko-mazurskie,63,Okulistyka,2026/009053,Rezydencki,87.92,3.95,27.02.2026 19:40:41,3,NIE,,
w-2026,15,14.04.2026,14.04.2026 12:16:11,73,85,Warmińsko-mazurskie,64,Ortopedia i traumatologia narządu ruchu,2026/010028,Rezydencki,81.90,0.00,14.03.2026 04:52:05,4,NIE,,
w-2026,15,14.04.2026,14.04.2026 12:16:11,73,85,Warmińsko-mazurskie,65,Ortopedia i traumatologia narządu ruchu,2026/006086,Rezydencki,80.00,3.54,21.02.2026 16:07:42,4,NIE,,
w-2026,15,14.04.2026,14.04.2026 12:16:11,73,85,Warmińsko-mazurskie,66,Ortopedia i traumatologia narządu ruchu,2026/008430,Rezydencki,78.10,3.23,27.02.2026 16:48:10,4,NIE,,
w-2026,15,14.04.2026,14.04.2026 12:16:11,73,85,Warmińsko-mazurskie,67,Ortopedia i traumatologia narządu ruchu,2026/004183,Rezydencki,77.03,3.91,28.02.2026 21:40:29,4,NIE,,
w-2026,15,14.04.2026,14.04.2026 12:16:11,73,85,Warmińsko-mazurskie,68,Otorynolaryngologia,2026/008295,Pozarezydencki,79.45,4.00,25.02.2026 23:06:56,1,NIE,,
w-2026,15,14.04.2026,14.04.2026 12:16:11,73,85,Warmińsko-mazurskie,69,Pediatria,2026/009981,Rezydencki,80.77,4.50,25.02.2026 20:57:53,2,NIE,,
w-2026,15,14.04.2026,14.04.2026 12:16:11,73,85,Warmińsko-mazurskie,70,Pediatria,2026/007570,Rezydencki,73.56,0.00,17.03.2026 14:13:15,2,NIE,,
w-2026,15,14.04.2026,14.04.2026 12:16:11,73,85,Warmińsko-mazurskie,71,Pediatria,2026/011470,Pozarezydencki,66.36,3.92,19.03.2026 09:30:13,2,NIE,,
w-2026,15,14.04.2026,14.04.2026 12:16:11,73,85,Warmińsko-mazurskie,72,Pediatria,2026/008210,Pozarezydencki,65.14,3.23,26.02.2026 19:25:03,2,NIE,,
w-2026,15,14.04.2026,14.04.2026 12:16:11,74,85,Warmińsko-mazurskie,73,Periodontologia,2026/008276,Rezydencki,84.06,3.80,13.03.2026 12:49:39,2,NIE,,
w-2026,15,14.04.2026,14.04.2026 12:16:11,74,85,Warmińsko-mazurskie,74,Periodontologia,2026/008452,Rezydencki,83.81,0.00,21.02.2026 22:42:59,2,NIE,,
w-2026,15,14.04.2026,14.04.2026 12:16:11,74,85,Warmińsko-mazurskie,75,Położnictwo i ginekologia,2026/011054,Rezydencki,80.88,3.58,27.02.2026 20:43:40,4,NIE,,
w-2026,15,14.04.2026,14.04.2026 12:16:11,74,85,Warmińsko-mazurskie,76,Położnictwo i ginekologia,2026/008191,Rezydencki,75.00,0.00,17.03.2026 20:33:44,4,NIE,,
w-2026,15,14.04.2026,14.04.2026 12:16:11,74,85,Warmińsko-mazurskie,77,Położnictwo i ginekologia,2026/008226,Rezydencki,74.76,0.00,10.03.2026 13:50:48,4,NIE,,
w-2026,15,14.04.2026,14.04.2026 12:16:11,74,85,Warmińsko-mazurskie,78,Położnictwo i ginekologia,2026/006768,Rezydencki,73.68,4.09,23.02.2026 14:42:30,4,NIE,,
w-2026,15,14.04.2026,14.04.2026 12:16:11,74,85,Warmińsko-mazurskie,79,Położnictwo i ginekologia,2026/006746,Pozarezydencki,73.06,4.75,25.02.2026 21:00:03,1,NIE,,
w-2026,15,14.04.2026,14.04.2026 12:16:11,74,85,Warmińsko-mazurskie,80,Protetyka stomatologiczna,2026/009555,Rezydencki,84.93,4.13,27.02.2026 23:24:29,1,NIE,,
w-2026,15,14.04.2026,14.04.2026 12:16:11,74,85,Warmińsko-mazurskie,81,Psychiatria,2026/006432,Rezydencki,83.25,0.00,10.03.2026 15:48:39,4,NIE,,
w-2026,15,14.04.2026,14.04.2026 12:16:11,74,85,Warmińsko-mazurskie,82,Psychiatria,2026/012117,Rezydencki,80.86,3.42,02.03.2026 20:05:50,4,NIE,,
w-2026,15,14.04.2026,14.04.2026 12:16:11,74,85,Warmińsko-mazurskie,83,Psychiatria,2026/006711,Rezydencki,79.51,3.95,15.02.2026 19:46:27,4,NIE,,
w-2026,15,14.04.2026,14.04.2026 12:16:11,74,85,Warmińsko-mazurskie,84,Psychiatria,2026/008664,Rezydencki,79.33,4.02,05.03.2026 16:38:28,4,NIE,,
w-2026,15,14.04.2026,14.04.2026 12:16:11,74,85,Warmińsko-mazurskie,85,Psychiatria dzieci i młodzieży,2026/009025,Rezydencki,81.90,3.85,27.03.2026 08:10:32,1,NIE,,
w-2026,15,14.04.2026,14.04.2026 12:16:11,74,85,Warmińsko-mazurskie,86,Radiologia i diagnostyka obrazowa,2026/011082,Rezydencki,88.52,3.80,27.02.2026 19:31:45,3,NIE,,
w-2026,15,14.04.2026,14.04.2026 12:16:11,74,85,Warmińsko-mazurskie,87,Radiologia i diagnostyka obrazowa,2026/008349,Rezydencki,87.62,4.11,21.02.2026 11:02:52,3,NIE,,
w-2026,15,14.04.2026,14.04.2026 12:16:11,74,85,Warmińsko-mazurskie,88,Radiologia i diagnostyka obrazowa,2026/011571,Rezydencki,86.71,4.31,19.03.2026 20:20:09,3,NIE,,
w-2026,15,14.04.2026,14.04.2026 12:16:11,74,85,Warmińsko-mazurskie,89,Radiologia i diagnostyka obrazowa,2026/008496,Pozarezydencki,73.97,0.00,22.02.2026 11:34:00,2,NIE,,
w-2026,15,14.04.2026,14.04.2026 12:16:11,74,85,Warmińsko-mazurskie,90,Radiologia i diagnostyka obrazowa,2026/004708,Pozarezydencki,59.63,4.50,17.02.2026 09:32:39,2,NIE,,
w-2026,15,14.04.2026,14.04.2026 12:16:11,74,85,Warmińsko-mazurskie,91,Radioterapia onkologiczna,2026/010975,Rezydencki,89.71,4.63,27.02.2026 14:50:30,2,NIE,,
w-2026,15,14.04.2026,14.04.2026 12:16:11,74,85,Warmińsko-mazurskie,92,Radioterapia onkologiczna,2026/006203,Rezydencki,66.99,0.00,12.02.2026 15:05:45,2,NIE,,
w-2026,15,14.04.2026,14.04.2026 12:16:11,74,85,Warmińsko-mazurskie,93,Reumatologia,2026/010501,Rezydencki,91.39,3.76,28.02.2026 18:06:49,1,NIE,,
w-2026,15,14.04.2026,14.04.2026 12:16:11,74,85,Warmińsko-mazurskie,94,Stomatologia zachowawcza z endodoncją,2026/009044,Rezydencki,76.19,3.97,23.02.2026 19:10:28,1,NIE,,
w-2026,15,14.04.2026,14.04.2026 12:16:11,74,85,Warmińsko-mazurskie,1,Dermatologia i wenerologia,2026/009506,Rezydencki,91.63,4.46,24.02.2026 21:23:26,2,TAK,Miejski Szpital Zespolony w Olsztynie,"Klinika Dermatologii, Chorób Przenoszonych Drogą Płciową i Immunologii Klinicznej"
w-2026,15,14.04.2026,14.04.2026 12:16:11,74,85,Warmińsko-mazurskie,2,Dermatologia i wenerologia,2026/003625,Rezydencki,91.30,4.60,02.02.2026 16:20:01,2,TAK,Miejski Szpital Zespolony w Olsztynie,"Klinika Dermatologii, Chorób Przenoszonych Drogą Płciową i Immunologii Klinicznej"
w-2026,15,14.04.2026,14.04.2026 12:16:11,74,85,Warmińsko-mazurskie,1,Endokrynologia,2026/008705,Rezydencki,85.51,3.86,27.02.2026 11:58:50,1,TAK,Wojewódzki Szpital Specjalistyczny w Olsztynie,"Oddział Kliniczny Endokrynologiczny, Diabetologiczny i Chorób Wewnętrznych"
w-2026,15,14.04.2026,14.04.2026 12:16:11,75,85,Wielkopolskie,1,Anestezjologia i intensywna terapia,2026/008366,Rezydencki,87.20,4.49,23.02.2026 15:08:04,7,NIE,,
w-2026,15,14.04.2026,14.04.2026 12:16:11,75,85,Wielkopolskie,2,Anestezjologia i intensywna terapia,2026/010474,Rezydencki,86.60,4.49,28.02.2026 23:57:56,7,NIE,,
w-2026,15,14.04.2026,14.04.2026 12:16:11,75,85,Wielkopolskie,3,Anestezjologia i intensywna terapia,2026/009120,Rezydencki,86.47,3.90,28.02.2026 19:25:48,7,NIE,,
w-2026,15,14.04.2026,14.04.2026 12:16:11,75,85,Wielkopolskie,4,Anestezjologia i intensywna terapia,2026/005649,Rezydencki,86.12,4.57,10.02.2026 18:45:41,7,NIE,,
w-2026,15,14.04.2026,14.04.2026 12:16:11,75,85,Wielkopolskie,5,Anestezjologia i intensywna terapia,2026/004986,Rezydencki,86.12,3.47,26.02.2026 18:49:29,7,NIE,,
w-2026,15,14.04.2026,14.04.2026 12:16:11,75,85,Wielkopolskie,6,Anestezjologia i intensywna terapia,2026/011854,Rezydencki,85.48,4.15,14.03.2026 21:03:14,7,NIE,,
w-2026,15,14.04.2026,14.04.2026 12:16:11,75,85,Wielkopolskie,7,Anestezjologia i intensywna terapia,2026/007353,Rezydencki,84.06,4.32,28.02.2026 18:05:45,7,NIE,,
w-2026,15,14.04.2026,14.04.2026 12:16:11,75,85,Wielkopolskie,8,Anestezjologia i intensywna terapia,2026/009395,Pozarezydencki,76.36,4.05,25.02.2026 18:56:41,3,NIE,,
w-2026,15,14.04.2026,14.04.2026 12:16:11,75,85,Wielkopolskie,9,Anestezjologia i intensywna terapia,2026/006255,Pozarezydencki,73.97,4.30,14.03.2026 11:28:59,3,NIE,,
w-2026,15,14.04.2026,14.04.2026 12:16:11,75,85,Wielkopolskie,10,Anestezjologia i intensywna terapia,2026/009133,Pozarezydencki,60.27,3.50,18.03.2026 17:52:23,3,NIE,,
w-2026,15,14.04.2026,14.04.2026 12:16:11,75,85,Wielkopolskie,11,Chirurgia dziecięca,2026/012093,Pozarezydencki,77.73,3.78,02.03.2026 15:46:45,2,NIE,,
w-2026,15,14.04.2026,14.04.2026 12:16:11,75,85,Wielkopolskie,12,Chirurgia dziecięca,2026/008567,Pozarezydencki,74.77,3.99,10.03.2026 20:44:59,2,NIE,,
w-2026,15,14.04.2026,14.04.2026 12:16:11,75,85,Wielkopolskie,13,Chirurgia naczyniowa,2026/010512,Rezydencki,83.65,3.76,26.02.2026 20:18:37,1,NIE,,
w-2026,15,14.04.2026,14.04.2026 12:16:11,75,85,Wielkopolskie,14,Chirurgia ogólna,2026/006469,Rezydencki,89.71,4.10,23.02.2026 13:56:00,15,NIE,,
w-2026,15,14.04.2026,14.04.2026 12:16:11,75,85,Wielkopolskie,15,Chirurgia ogólna,2026/009963,Rezydencki,87.20,4.54,27.02.2026 10:54:30,15,NIE,,
w-2026,15,14.04.2026,14.04.2026 12:16:11,75,85,Wielkopolskie,16,Chirurgia ogólna,2026/007107,Rezydencki,85.65,4.09,24.03.2026 23:46:28,15,NIE,,
w-2026,15,14.04.2026,14.04.2026 12:16:11,75,85,Wielkopolskie,17,Chirurgia ogólna,2026/004376,Rezydencki,85.48,4.09,08.02.2026 18:27:19,15,NIE,,
w-2026,15,14.04.2026,14.04.2026 12:16:11,75,85,Wielkopolskie,18,Chirurgia ogólna,2026/007634,Rezydencki,84.69,3.73,19.02.2026 20:16:13,15,NIE,,
w-2026,15,14.04.2026,14.04.2026 12:16:11,75,85,Wielkopolskie,19,Chirurgia ogólna,2026/008182,Rezydencki,83.01,4.08,11.03.2026 11:32:01,15,NIE,,
w-2026,15,14.04.2026,14.04.2026 12:16:11,75,85,Wielkopolskie,20,Chirurgia ogólna,2026/009066,Rezydencki,79.81,4.01,17.03.2026 08:17:58,15,NIE,,
w-2026,15,14.04.2026,14.04.2026 12:16:11,75,85,Wielkopolskie,21,Chirurgia ogólna,2026/009157,Rezydencki,77.88,4.42,27.02.2026 22:36:37,15,NIE,,
w-2026,15,14.04.2026,14.04.2026 12:16:11,75,85,Wielkopolskie,22,Chirurgia ogólna,2026/006200,Rezydencki,77.40,3.95,10.03.2026 22:24:49,15,NIE,,
w-2026,15,14.04.2026,14.04.2026 12:16:11,75,85,Wielkopolskie,23,Chirurgia ogólna,2026/011321,Rezydencki,76.08,4.47,27.02.2026 23:47:24,15,NIE,,
w-2026,15,14.04.2026,14.04.2026 12:16:11,75,85,Wielkopolskie,24,Chirurgia ogólna,2026/003371,Rezydencki,75.71,3.68,01.02.2026 11:53:19,15,NIE,,
w-2026,15,14.04.2026,14.04.2026 12:16:11,75,85,Wielkopolskie,25,Chirurgia ogólna,2026/007947,Rezydencki,75.24,3.05,26.02.2026 23:52:53,15,NIE,,
w-2026,15,14.04.2026,14.04.2026 12:16:11,75,85,Wielkopolskie,26,Chirurgia ogólna,2026/011921,Rezydencki,73.08,0.00,15.03.2026 20:39:11,15,NIE,,
w-2026,15,14.04.2026,14.04.2026 12:16:11,75,85,Wielkopolskie,27,Chirurgia ogólna,2026/011165,Rezydencki,72.73,3.75,27.02.2026 20:45:59,15,NIE,,
w-2026,15,14.04.2026,14.04.2026 12:16:11,75,85,Wielkopolskie,28,Chirurgia ogólna,2026/010289,Rezydencki,69.71,3.89,26.02.2026 12:18:24,15,NIE,,
w-2026,15,14.04.2026,14.04.2026 12:16:11,75,85,Wielkopolskie,29,Chirurgia ogólna,2026/010476,Pozarezydencki,54.63,0.00,27.03.2026 13:26:34,1,NIE,,
w-2026,15,14.04.2026,14.04.2026 12:16:11,75,85,Wielkopolskie,30,Chirurgia onkologiczna,2026/008441,Rezydencki,86.60,3.83,11.03.2026 14:51:15,1,NIE,,
w-2026,15,14.04.2026,14.04.2026 12:16:11,75,85,Wielkopolskie,31,Chirurgia onkologiczna,2026/004046,Pozarezydencki,80.00,3.21,06.02.2026 10:59:29,1,NIE,,
w-2026,15,14.04.2026,14.04.2026 12:16:11,75,85,Wielkopolskie,32,Chirurgia stomatologiczna,2026/009577,Rezydencki,85.17,3.74,13.03.2026 12:45:40,1,NIE,,
w-2026,15,14.04.2026,14.04.2026 12:16:11,75,85,Wielkopolskie,33,Choroby płuc,2026/008685,Rezydencki,87.32,4.22,10.03.2026 19:09:28,7,NIE,,
w-2026,15,14.04.2026,14.04.2026 12:16:11,75,85,Wielkopolskie,34,Choroby płuc,2026/011064,Rezydencki,86.47,3.82,28.02.2026 16:52:06,7,NIE,,
w-2026,15,14.04.2026,14.04.2026 12:16:11,75,85,Wielkopolskie,35,Choroby płuc,2026/008332,Rezydencki,84.56,3.80,11.03.2026 20:45:45,7,NIE,,
w-2026,15,14.04.2026,14.04.2026 12:16:11,75,85,Wielkopolskie,36,Choroby płuc,2026/011267,Rezydencki,84.13,3.85,27.02.2026 22:55:16,7,NIE,,
w-2026,15,14.04.2026,14.04.2026 12:16:11,76,85,Wielkopolskie,37,Choroby płuc,2026/006528,Rezydencki,75.48,4.10,22.02.2026 15:41:36,7,NIE,,
w-2026,15,14.04.2026,14.04.2026 12:16:11,76,85,Wielkopolskie,38,Choroby płuc,2026/009156,Rezydencki,73.21,4.26,12.03.2026 15:28:38,7,NIE,,
w-2026,15,14.04.2026,14.04.2026 12:16:11,76,85,Wielkopolskie,39,Choroby płuc,2026/011644,Rezydencki,67.94,4.26,19.03.2026 19:11:26,7,NIE,,
w-2026,15,14.04.2026,14.04.2026 12:16:11,76,85,Wielkopolskie,40,Choroby płuc,2026/004002,Pozarezydencki,66.98,3.86,13.03.2026 12:08:41,1,NIE,,
w-2026,15,14.04.2026,14.04.2026 12:16:11,76,85,Wielkopolskie,41,Choroby wewnętrzne,2026/007415,Rezydencki,90.34,4.29,17.02.2026 21:09:45,9,NIE,,
w-2026,15,14.04.2026,14.04.2026 12:16:11,76,85,Wielkopolskie,42,Choroby wewnętrzne,2026/011512,Rezydencki,89.95,4.38,12.03.2026 22:48:33,9,NIE,,
w-2026,15,14.04.2026,14.04.2026 12:16:11,76,85,Wielkopolskie,43,Choroby wewnętrzne,2026/008823,Rezydencki,89.76,4.28,05.03.2026 13:23:11,9,NIE,,
w-2026,15,14.04.2026,14.04.2026 12:16:11,76,85,Wielkopolskie,44,Choroby wewnętrzne,2026/011893,Rezydencki,84.45,3.73,23.03.2026 15:23:50,9,NIE,,
w-2026,15,14.04.2026,14.04.2026 12:16:11,76,85,Wielkopolskie,45,Choroby wewnętrzne,2026/004192,Rezydencki,78.26,3.56,04.02.2026 00:38:28,9,NIE,,
w-2026,15,14.04.2026,14.04.2026 12:16:11,76,85,Wielkopolskie,46,Choroby wewnętrzne,2026/008690,Rezydencki,77.51,3.79,22.02.2026 21:49:41,9,NIE,,
w-2026,15,14.04.2026,14.04.2026 12:16:11,76,85,Wielkopolskie,47,Choroby wewnętrzne,2026/003531,Rezydencki,76.56,3.04,18.03.2026 16:17:41,9,NIE,,
w-2026,15,14.04.2026,14.04.2026 12:16:11,76,85,Wielkopolskie,48,Choroby wewnętrzne,2026/008618,Rezydencki,74.64,3.75,23.02.2026 11:19:37,9,NIE,,
w-2026,15,14.04.2026,14.04.2026 12:16:11,76,85,Wielkopolskie,49,Choroby wewnętrzne,2026/011844,Rezydencki,72.86,4.38,16.03.2026 13:54:44,9,NIE,,
w-2026,15,14.04.2026,14.04.2026 12:16:11,76,85,Wielkopolskie,50,Choroby wewnętrzne,2026/007905,Pozarezydencki,75.58,4.86,17.03.2026 17:29:21,2,NIE,,
w-2026,15,14.04.2026,14.04.2026 12:16:11,76,85,Wielkopolskie,51,Choroby wewnętrzne,2026/011090,Pozarezydencki,73.95,3.71,25.03.2026 19:23:58,2,NIE,,
w-2026,15,14.04.2026,14.04.2026 12:16:11,76,85,Wielkopolskie,52,Choroby zakaźne,2026/007741,Pozarezydencki,70.91,4.25,26.02.2026 02:40:09,1,NIE,,
w-2026,15,14.04.2026,14.04.2026 12:16:11,76,85,Wielkopolskie,53,Diabetologia,2026/010634,Pozarezydencki,77.73,0.00,26.02.2026 22:57:34,1,NIE,,
w-2026,15,14.04.2026,14.04.2026 12:16:11,76,85,Wielkopolskie,54,Diagnostyka laboratoryjna,2026/010443,Pozarezydencki,57.80,3.76,17.03.2026 13:16:55,2,NIE,,
w-2026,15,14.04.2026,14.04.2026 12:16:11,76,85,Wielkopolskie,55,Diagnostyka laboratoryjna,2026/011672,Pozarezydencki,4.55,4.00,18.03.2026 09:19:21,2,NIE,,
w-2026,15,14.04.2026,14.04.2026 12:16:11,76,85,Wielkopolskie,56,Endokrynologia,2026/008642,Rezydencki,92.82,4.02,24.02.2026 22:18:26,1,NIE,,
w-2026,15,14.04.2026,14.04.2026 12:16:11,76,85,Wielkopolskie,57,Gastroenterologia,2026/003547,Rezydencki,91.87,4.16,07.03.2026 17:20:25,1,NIE,,
w-2026,15,14.04.2026,14.04.2026 12:16:11,76,85,Wielkopolskie,58,Gastroenterologia,2026/006280,Pozarezydencki,87.38,0.00,27.02.2026 00:17:05,1,NIE,,
w-2026,15,14.04.2026,14.04.2026 12:16:11,76,85,Wielkopolskie,59,Gastroenterologia dziecięca,2026/007717,Pozarezydencki,66.59,3.24,09.03.2026 23:03:33,1,NIE,,
w-2026,15,14.04.2026,14.04.2026 12:16:11,76,85,Wielkopolskie,60,Genetyka kliniczna,2026/006561,Pozarezydencki,85.62,4.61,09.03.2026 15:07:48,2,NIE,,
w-2026,15,14.04.2026,14.04.2026 12:16:11,76,85,Wielkopolskie,61,Genetyka kliniczna,2026/011891,Pozarezydencki,84.55,4.70,02.03.2026 18:44:15,2,NIE,,
w-2026,15,14.04.2026,14.04.2026 12:16:11,76,85,Wielkopolskie,62,Geriatria,2026/010996,Pozarezydencki,84.55,0.00,27.02.2026 15:56:50,3,NIE,,
w-2026,15,14.04.2026,14.04.2026 12:16:11,76,85,Wielkopolskie,63,Geriatria,2026/011496,Pozarezydencki,77.98,4.39,13.03.2026 19:01:56,3,NIE,,
w-2026,15,14.04.2026,14.04.2026 12:16:11,76,85,Wielkopolskie,64,Geriatria,2026/006786,Pozarezydencki,67.82,0.00,17.02.2026 17:31:48,3,NIE,,
w-2026,15,14.04.2026,14.04.2026 12:16:11,76,85,Wielkopolskie,65,Ginekologia onkologiczna,2026/007690,Pozarezydencki,81.14,3.72,17.03.2026 23:54:37,2,NIE,,
w-2026,15,14.04.2026,14.04.2026 12:16:11,76,85,Wielkopolskie,66,Ginekologia onkologiczna,2026/011415,Pozarezydencki,68.64,3.61,18.03.2026 14:18:39,2,NIE,,
w-2026,15,14.04.2026,14.04.2026 12:16:11,76,85,Wielkopolskie,67,Hematologia,2026/007056,Rezydencki,85.99,4.14,11.03.2026 13:34:05,1,NIE,,
w-2026,15,14.04.2026,14.04.2026 12:16:11,76,85,Wielkopolskie,68,Kardiologia,2026/008321,Rezydencki,93.00,4.69,25.02.2026 20:44:04,8,NIE,,
w-2026,15,14.04.2026,14.04.2026 12:16:11,76,85,Wielkopolskie,69,Kardiologia,2026/007838,Rezydencki,92.68,4.58,10.03.2026 12:52:17,8,NIE,,
w-2026,15,14.04.2026,14.04.2026 12:16:11,76,85,Wielkopolskie,70,Kardiologia,2026/011900,Rezydencki,91.39,4.26,21.03.2026 03:01:13,8,NIE,,
w-2026,15,14.04.2026,14.04.2026 12:16:11,76,85,Wielkopolskie,71,Kardiologia,2026/003788,Rezydencki,91.15,4.12,03.02.2026 15:06:28,8,NIE,,
w-2026,15,14.04.2026,14.04.2026 12:16:11,76,85,Wielkopolskie,72,Kardiologia,2026/007923,Rezydencki,91.06,4.69,19.02.2026 15:34:29,8,NIE,,
w-2026,15,14.04.2026,14.04.2026 12:16:11,77,85,Wielkopolskie,73,Kardiologia,2026/010087,Rezydencki,90.43,4.17,28.02.2026 14:46:12,8,NIE,,
w-2026,15,14.04.2026,14.04.2026 12:16:11,77,85,Wielkopolskie,74,Kardiologia,2026/004971,Rezydencki,90.34,4.33,27.02.2026 19:43:28,8,NIE,,
w-2026,15,14.04.2026,14.04.2026 12:16:11,77,85,Wielkopolskie,75,Kardiologia,2026/005994,Rezydencki,90.10,4.34,09.03.2026 22:44:01,8,NIE,,
w-2026,15,14.04.2026,14.04.2026 12:16:11,77,85,Wielkopolskie,76,Kardiologia,2026/006536,Pozarezydencki,84.79,4.48,14.02.2026 14:04:15,8,NIE,,
w-2026,15,14.04.2026,14.04.2026 12:16:11,77,85,Wielkopolskie,77,Kardiologia,2026/007925,Pozarezydencki,83.64,4.35,19.02.2026 15:42:13,8,NIE,,
w-2026,15,14.04.2026,14.04.2026 12:16:11,77,85,Wielkopolskie,78,Kardiologia,2026/006248,Pozarezydencki,80.96,4.08,10.03.2026 15:03:34,8,NIE,,
w-2026,15,14.04.2026,14.04.2026 12:16:11,77,85,Wielkopolskie,79,Kardiologia,2026/005125,Pozarezydencki,80.00,3.68,27.02.2026 20:43:01,8,NIE,,
w-2026,15,14.04.2026,14.04.2026 12:16:11,77,85,Wielkopolskie,80,Kardiologia,2026/011913,Pozarezydencki,77.63,3.27,01.03.2026 11:55:25,8,NIE,,
w-2026,15,14.04.2026,14.04.2026 12:16:11,77,85,Wielkopolskie,81,Kardiologia,2026/005139,Pozarezydencki,76.82,3.02,22.02.2026 18:28:34,8,NIE,,
w-2026,15,14.04.2026,14.04.2026 12:16:11,77,85,Wielkopolskie,82,Kardiologia,2026/008393,Pozarezydencki,73.58,3.87,05.03.2026 17:06:30,8,NIE,,
w-2026,15,14.04.2026,14.04.2026 12:16:11,77,85,Wielkopolskie,83,Kardiologia,2026/009380,Pozarezydencki,72.15,4.00,25.02.2026 14:38:48,8,NIE,,
w-2026,15,14.04.2026,14.04.2026 12:16:11,77,85,Wielkopolskie,84,Kardiologia dziecięca,2026/011935,Pozarezydencki,80.00,3.72,16.03.2026 01:07:46,4,NIE,,
w-2026,15,14.04.2026,14.04.2026 12:16:11,77,85,Wielkopolskie,85,Kardiologia dziecięca,2026/009458,Pozarezydencki,77.27,3.50,08.03.2026 22:37:06,4,NIE,,
w-2026,15,14.04.2026,14.04.2026 12:16:11,77,85,Wielkopolskie,86,Kardiologia dziecięca,2026/012020,Pozarezydencki,71.30,4.50,02.03.2026 10:20:03,4,NIE,,
w-2026,15,14.04.2026,14.04.2026 12:16:11,77,85,Wielkopolskie,87,Kardiologia dziecięca,2026/008449,Pozarezydencki,66.51,3.42,06.03.2026 17:57:45,4,NIE,,
w-2026,15,14.04.2026,14.04.2026 12:16:11,77,85,Wielkopolskie,88,Medycyna morska i tropikalna,2026/010691,Pozarezydencki,80.45,4.15,27.02.2026 00:00:33,2,NIE,,
w-2026,15,14.04.2026,14.04.2026 12:16:11,77,85,Wielkopolskie,89,Medycyna morska i tropikalna,2026/010598,Pozarezydencki,77.73,4.08,28.02.2026 19:06:23,2,NIE,,
w-2026,15,14.04.2026,14.04.2026 12:16:11,77,85,Wielkopolskie,90,Medycyna nuklearna,2026/011047,Pozarezydencki,89.09,4.82,12.03.2026 21:27:38,1,NIE,,
w-2026,15,14.04.2026,14.04.2026 12:16:11,77,85,Wielkopolskie,91,Medycyna paliatywna,2026/005088,Pozarezydencki,72.48,0.00,08.02.2026 18:27:22,1,NIE,,
w-2026,15,14.04.2026,14.04.2026 12:16:11,77,85,Wielkopolskie,92,Medycyna pracy,2026/007757,Pozarezydencki,76.91,3.90,11.03.2026 13:26:18,2,NIE,,
w-2026,15,14.04.2026,14.04.2026 12:16:11,77,85,Wielkopolskie,93,Medycyna pracy,2026/009117,Pozarezydencki,52.29,0.00,23.02.2026 21:35:55,2,NIE,,
w-2026,15,14.04.2026,14.04.2026 12:16:11,77,85,Wielkopolskie,94,Medycyna ratunkowa,2026/004410,Rezydencki,79.90,4.01,11.03.2026 16:32:56,2,NIE,,
w-2026,15,14.04.2026,14.04.2026 12:16:11,77,85,Wielkopolskie,95,Medycyna ratunkowa,2026/006216,Rezydencki,78.43,4.07,14.03.2026 11:37:52,2,NIE,,
w-2026,15,14.04.2026,14.04.2026 12:16:11,77,85,Wielkopolskie,96,Medycyna ratunkowa,2026/009617,Pozarezydencki,75.12,3.24,28.02.2026 12:22:33,3,NIE,,
w-2026,15,14.04.2026,14.04.2026 12:16:11,77,85,Wielkopolskie,97,Medycyna ratunkowa,2026/010059,Pozarezydencki,68.87,0.00,21.03.2026 22:24:05,3,NIE,,
w-2026,15,14.04.2026,14.04.2026 12:16:11,77,85,Wielkopolskie,98,Medycyna ratunkowa,2026/004064,Pozarezydencki,64.84,0.00,03.02.2026 14:07:02,3,NIE,,
w-2026,15,14.04.2026,14.04.2026 12:16:11,77,85,Wielkopolskie,99,Medycyna rodzinna,2026/009094,Rezydencki,90.67,4.27,23.02.2026 21:01:33,25,NIE,,
w-2026,15,14.04.2026,14.04.2026 12:16:11,77,85,Wielkopolskie,100,Medycyna rodzinna,2026/011559,Rezydencki,87.92,3.81,11.03.2026 12:26:53,25,NIE,,
w-2026,15,14.04.2026,14.04.2026 12:16:11,77,85,Wielkopolskie,101,Medycyna rodzinna,2026/011478,Rezydencki,87.56,3.80,28.02.2026 14:36:55,25,NIE,,
w-2026,15,14.04.2026,14.04.2026 12:16:11,77,85,Wielkopolskie,102,Medycyna rodzinna,2026/006384,Rezydencki,87.50,4.75,27.02.2026 15:43:53,25,NIE,,
w-2026,15,14.04.2026,14.04.2026 12:16:11,77,85,Wielkopolskie,103,Medycyna rodzinna,2026/010610,Rezydencki,86.84,3.79,12.03.2026 21:35:28,25,NIE,,
w-2026,15,14.04.2026,14.04.2026 12:16:11,77,85,Wielkopolskie,104,Medycyna rodzinna,2026/009957,Rezydencki,85.99,4.41,27.02.2026 21:52:40,25,NIE,,
w-2026,15,14.04.2026,14.04.2026 12:16:11,77,85,Wielkopolskie,105,Medycyna rodzinna,2026/008565,Rezydencki,85.51,4.27,22.02.2026 16:07:36,25,NIE,,
w-2026,15,14.04.2026,14.04.2026 12:16:11,77,85,Wielkopolskie,106,Medycyna rodzinna,2026/011024,Rezydencki,83.57,3.98,27.02.2026 16:58:08,25,NIE,,
w-2026,15,14.04.2026,14.04.2026 12:16:11,77,85,Wielkopolskie,107,Medycyna rodzinna,2026/006586,Rezydencki,82.93,4.47,09.03.2026 22:03:48,25,NIE,,
w-2026,15,14.04.2026,14.04.2026 12:16:11,77,85,Wielkopolskie,108,Medycyna rodzinna,2026/007389,Rezydencki,82.30,3.61,24.03.2026 11:52:00,25,NIE,,
w-2026,15,14.04.2026,14.04.2026 12:16:11,78,85,Wielkopolskie,109,Medycyna rodzinna,2026/011223,Rezydencki,80.95,3.94,28.02.2026 10:23:58,25,NIE,,
w-2026,15,14.04.2026,14.04.2026 12:16:11,78,85,Wielkopolskie,110,Medycyna rodzinna,2026/009677,Rezydencki,80.38,4.06,11.03.2026 17:42:40,25,NIE,,
w-2026,15,14.04.2026,14.04.2026 12:16:11,78,85,Wielkopolskie,111,Medycyna rodzinna,2026/005050,Rezydencki,78.47,4.24,22.02.2026 13:45:45,25,NIE,,
w-2026,15,14.04.2026,14.04.2026 12:16:11,78,85,Wielkopolskie,112,Medycyna rodzinna,2026/011829,Rezydencki,78.43,2.92,31.03.2026 10:07:29,25,NIE,,
w-2026,15,14.04.2026,14.04.2026 12:16:11,78,85,Wielkopolskie,113,Medycyna rodzinna,2026/008981,Rezydencki,77.03,4.21,06.03.2026 13:55:17,25,NIE,,
w-2026,15,14.04.2026,14.04.2026 12:16:11,78,85,Wielkopolskie,114,Medycyna rodzinna,2026/005120,Rezydencki,76.67,3.96,15.03.2026 22:08:59,25,NIE,,
w-2026,15,14.04.2026,14.04.2026 12:16:11,78,85,Wielkopolskie,115,Medycyna rodzinna,2026/011713,Rezydencki,75.61,4.18,17.03.2026 20:58:35,25,NIE,,
w-2026,15,14.04.2026,14.04.2026 12:16:11,78,85,Wielkopolskie,116,Medycyna rodzinna,2026/007382,Rezydencki,75.61,4.05,09.03.2026 18:46:12,25,NIE,,
w-2026,15,14.04.2026,14.04.2026 12:16:11,78,85,Wielkopolskie,117,Medycyna rodzinna,2026/009327,Rezydencki,75.00,4.17,25.02.2026 15:43:43,25,NIE,,
w-2026,15,14.04.2026,14.04.2026 12:16:11,78,85,Wielkopolskie,118,Medycyna rodzinna,2026/010411,Rezydencki,74.40,3.27,28.02.2026 19:48:26,25,NIE,,
w-2026,15,14.04.2026,14.04.2026 12:16:11,78,85,Wielkopolskie,119,Medycyna rodzinna,2026/006808,Rezydencki,74.16,3.65,16.02.2026 11:15:17,25,NIE,,
w-2026,15,14.04.2026,14.04.2026 12:16:11,78,85,Wielkopolskie,120,Medycyna rodzinna,2026/008003,Rezydencki,73.68,0.00,19.02.2026 21:02:36,25,NIE,,
w-2026,15,14.04.2026,14.04.2026 12:16:11,78,85,Wielkopolskie,121,Medycyna rodzinna,2026/012004,Rezydencki,67.63,3.95,12.03.2026 11:46:26,25,NIE,,
w-2026,15,14.04.2026,14.04.2026 12:16:11,78,85,Wielkopolskie,122,Medycyna rodzinna,2026/006188,Rezydencki,61.24,3.58,17.03.2026 09:52:36,25,NIE,,
w-2026,15,14.04.2026,14.04.2026 12:16:11,78,85,Wielkopolskie,123,Medycyna rodzinna,2026/011287,Rezydencki,56.73,3.87,27.02.2026 23:12:14,25,NIE,,
w-2026,15,14.04.2026,14.04.2026 12:16:11,78,85,Wielkopolskie,124,Medycyna rodzinna,2026/005417,Pozarezydencki,80.00,4.13,11.03.2026 10:25:14,5,NIE,,
w-2026,15,14.04.2026,14.04.2026 12:16:11,78,85,Wielkopolskie,125,Medycyna rodzinna,2026/008422,Pozarezydencki,75.94,0.00,09.03.2026 10:15:13,5,NIE,,
w-2026,15,14.04.2026,14.04.2026 12:16:11,78,85,Wielkopolskie,126,Medycyna rodzinna,2026/009422,Pozarezydencki,70.91,0.00,24.02.2026 19:08:25,5,NIE,,
w-2026,15,14.04.2026,14.04.2026 12:16:11,78,85,Wielkopolskie,127,Medycyna rodzinna,2026/010341,Pozarezydencki,59.63,3.38,11.03.2026 15:58:55,5,NIE,,
w-2026,15,14.04.2026,14.04.2026 12:16:11,78,85,Wielkopolskie,128,Medycyna rodzinna,2026/006460,Pozarezydencki,54.84,3.93,07.03.2026 15:30:57,5,NIE,,
w-2026,15,14.04.2026,14.04.2026 12:16:11,78,85,Wielkopolskie,129,Medycyna sportowa,2026/006644,Pozarezydencki,70.37,3.41,15.02.2026 15:03:30,1,NIE,,
w-2026,15,14.04.2026,14.04.2026 12:16:11,78,85,Wielkopolskie,130,Nefrologia,2026/008560,Pozarezydencki,80.00,4.57,27.02.2026 08:53:12,2,NIE,,
w-2026,15,14.04.2026,14.04.2026 12:16:11,78,85,Wielkopolskie,131,Nefrologia,2026/010111,Pozarezydencki,73.27,3.54,10.03.2026 14:31:40,2,NIE,,
w-2026,15,14.04.2026,14.04.2026 12:16:11,78,85,Wielkopolskie,132,Nefrologia dziecięca,2026/009558,Pozarezydencki,70.91,4.39,12.03.2026 23:59:24,2,NIE,,
w-2026,15,14.04.2026,14.04.2026 12:16:11,78,85,Wielkopolskie,133,Nefrologia dziecięca,2026/011939,Pozarezydencki,70.91,0.00,26.03.2026 22:17:28,2,NIE,,
w-2026,15,14.04.2026,14.04.2026 12:16:11,78,85,Wielkopolskie,134,Neonatologia,2026/009441,Rezydencki,65.07,3.75,25.02.2026 18:02:13,2,NIE,,
w-2026,15,14.04.2026,14.04.2026 12:16:11,78,85,Wielkopolskie,135,Neonatologia,2026/007185,Rezydencki,61.27,4.17,17.02.2026 10:51:54,2,NIE,,
w-2026,15,14.04.2026,14.04.2026 12:16:11,78,85,Wielkopolskie,136,Neurologia,2026/011117,Rezydencki,89.95,4.28,19.03.2026 22:41:02,7,NIE,,
w-2026,15,14.04.2026,14.04.2026 12:16:11,78,85,Wielkopolskie,137,Neurologia,2026/009021,Rezydencki,87.14,4.36,23.02.2026 18:32:09,7,NIE,,
w-2026,15,14.04.2026,14.04.2026 12:16:11,78,85,Wielkopolskie,138,Neurologia,2026/008004,Rezydencki,85.85,4.04,19.02.2026 21:12:59,7,NIE,,
w-2026,15,14.04.2026,14.04.2026 12:16:11,78,85,Wielkopolskie,139,Neurologia,2026/006278,Rezydencki,84.06,3.84,07.03.2026 15:04:40,7,NIE,,
w-2026,15,14.04.2026,14.04.2026 12:16:11,78,85,Wielkopolskie,140,Neurologia,2026/011060,Rezydencki,82.38,3.84,27.02.2026 19:44:34,7,NIE,,
w-2026,15,14.04.2026,14.04.2026 12:16:11,78,85,Wielkopolskie,141,Neurologia,2026/003668,Rezydencki,75.12,4.13,27.02.2026 14:19:04,7,NIE,,
w-2026,15,14.04.2026,14.04.2026 12:16:11,78,85,Wielkopolskie,142,Neurologia,2026/008710,Rezydencki,74.76,4.81,22.02.2026 22:50:34,7,NIE,,
w-2026,15,14.04.2026,14.04.2026 12:16:11,78,85,Wielkopolskie,143,Neurologia,2026/009472,Pozarezydencki,68.18,4.08,24.02.2026 20:09:44,2,NIE,,
w-2026,15,14.04.2026,14.04.2026 12:16:11,78,85,Wielkopolskie,144,Neurologia,2026/003955,Pozarezydencki,67.12,4.51,16.03.2026 15:10:51,2,NIE,,
w-2026,15,14.04.2026,14.04.2026 12:16:11,79,85,Wielkopolskie,145,Neurologia dziecięca,2026/007352,Rezydencki,79.33,4.67,28.02.2026 00:08:08,1,NIE,,
w-2026,15,14.04.2026,14.04.2026 12:16:11,79,85,Wielkopolskie,146,Okulistyka,2026/005103,Rezydencki,92.16,4.18,06.03.2026 13:35:47,3,NIE,,
w-2026,15,14.04.2026,14.04.2026 12:16:11,79,85,Wielkopolskie,147,Okulistyka,2026/011390,Rezydencki,89.86,4.52,28.02.2026 10:24:29,3,NIE,,
w-2026,15,14.04.2026,14.04.2026 12:16:11,79,85,Wielkopolskie,148,Okulistyka,2026/010685,Rezydencki,89.37,4.45,12.03.2026 13:58:38,3,NIE,,
w-2026,15,14.04.2026,14.04.2026 12:16:11,79,85,Wielkopolskie,149,Onkologia kliniczna,2026/006582,Rezydencki,81.46,4.00,14.02.2026 22:17:33,2,NIE,,
w-2026,15,14.04.2026,14.04.2026 12:16:11,79,85,Wielkopolskie,150,Onkologia kliniczna,2026/007038,Rezydencki,69.71,3.93,16.02.2026 19:46:29,2,NIE,,
w-2026,15,14.04.2026,14.04.2026 12:16:11,79,85,Wielkopolskie,151,Onkologia kliniczna,2026/011543,Pozarezydencki,67.59,3.26,18.03.2026 23:58:03,2,NIE,,
w-2026,15,14.04.2026,14.04.2026 12:16:11,79,85,Wielkopolskie,152,Onkologia kliniczna,2026/004190,Pozarezydencki,59.55,0.00,26.02.2026 19:00:55,2,NIE,,
w-2026,15,14.04.2026,14.04.2026 12:16:11,79,85,Wielkopolskie,153,Ortodoncja,2026/009681,Rezydencki,87.74,4.25,25.02.2026 08:51:26,1,NIE,,
w-2026,15,14.04.2026,14.04.2026 12:16:11,79,85,Wielkopolskie,154,Ortodoncja,2026/007434,Pozarezydencki,82.49,4.62,17.02.2026 21:47:42,1,NIE,,
w-2026,15,14.04.2026,14.04.2026 12:16:11,79,85,Wielkopolskie,155,Ortopedia i traumatologia narządu ruchu,2026/010074,Rezydencki,90.20,3.80,26.02.2026 00:28:01,6,NIE,,
w-2026,15,14.04.2026,14.04.2026 12:16:11,79,85,Wielkopolskie,156,Ortopedia i traumatologia narządu ruchu,2026/006474,Rezydencki,89.86,4.27,09.03.2026 21:13:02,6,NIE,,
w-2026,15,14.04.2026,14.04.2026 12:16:11,79,85,Wielkopolskie,157,Ortopedia i traumatologia narządu ruchu,2026/005275,Rezydencki,88.73,4.26,09.02.2026 11:39:30,6,NIE,,
w-2026,15,14.04.2026,14.04.2026 12:16:11,79,85,Wielkopolskie,158,Ortopedia i traumatologia narządu ruchu,2026/007015,Rezydencki,88.57,4.17,28.02.2026 11:29:32,6,NIE,,
w-2026,15,14.04.2026,14.04.2026 12:16:11,79,85,Wielkopolskie,159,Ortopedia i traumatologia narządu ruchu,2026/005665,Rezydencki,87.92,4.15,28.02.2026 23:28:40,6,NIE,,
w-2026,15,14.04.2026,14.04.2026 12:16:11,79,85,Wielkopolskie,160,Ortopedia i traumatologia narządu ruchu,2026/011257,Rezydencki,87.80,3.91,11.03.2026 17:41:44,6,NIE,,
w-2026,15,14.04.2026,14.04.2026 12:16:11,79,85,Wielkopolskie,161,Ortopedia i traumatologia narządu ruchu,2026/003544,Pozarezydencki,81.57,4.00,09.02.2026 12:07:56,3,NIE,,
w-2026,15,14.04.2026,14.04.2026 12:16:11,79,85,Wielkopolskie,162,Ortopedia i traumatologia narządu ruchu,2026/003558,Pozarezydencki,77.75,3.84,27.02.2026 18:34:11,3,NIE,,
w-2026,15,14.04.2026,14.04.2026 12:16:11,79,85,Wielkopolskie,163,Ortopedia i traumatologia narządu ruchu,2026/007078,Pozarezydencki,67.29,3.84,27.02.2026 20:26:51,3,NIE,,
w-2026,15,14.04.2026,14.04.2026 12:16:11,79,85,Wielkopolskie,164,Otorynolaryngologia,2026/011263,Rezydencki,89.47,3.84,28.02.2026 17:41:42,1,NIE,,
w-2026,15,14.04.2026,14.04.2026 12:16:11,79,85,Wielkopolskie,165,Otorynolaryngologia,2026/008271,Pozarezydencki,84.70,4.48,26.02.2026 22:16:27,2,NIE,,
w-2026,15,14.04.2026,14.04.2026 12:16:11,79,85,Wielkopolskie,166,Otorynolaryngologia,2026/011617,Pozarezydencki,79.95,3.91,28.02.2026 22:12:57,2,NIE,,
w-2026,15,14.04.2026,14.04.2026 12:16:11,79,85,Wielkopolskie,167,Patomorfologia,2026/008995,Rezydencki,80.19,3.90,26.02.2026 20:27:33,4,NIE,,
w-2026,15,14.04.2026,14.04.2026 12:16:11,79,85,Wielkopolskie,168,Patomorfologia,2026/006533,Rezydencki,76.81,4.06,14.02.2026 13:37:41,4,NIE,,
w-2026,15,14.04.2026,14.04.2026 12:16:11,79,85,Wielkopolskie,169,Patomorfologia,2026/006205,Rezydencki,76.47,4.23,12.03.2026 10:55:13,4,NIE,,
w-2026,15,14.04.2026,14.04.2026 12:16:11,79,85,Wielkopolskie,170,Patomorfologia,2026/005981,Rezydencki,61.72,0.00,19.02.2026 20:09:12,4,NIE,,
w-2026,15,14.04.2026,14.04.2026 12:16:11,79,85,Wielkopolskie,171,Pediatria,2026/010399,Rezydencki,86.67,4.07,07.03.2026 09:13:11,9,NIE,,
w-2026,15,14.04.2026,14.04.2026 12:16:11,79,85,Wielkopolskie,172,Pediatria,2026/011044,Rezydencki,84.52,4.07,05.03.2026 09:15:59,9,NIE,,
w-2026,15,14.04.2026,14.04.2026 12:16:11,79,85,Wielkopolskie,173,Pediatria,2026/006678,Rezydencki,83.41,3.89,26.02.2026 20:21:43,9,NIE,,
w-2026,15,14.04.2026,14.04.2026 12:16:11,79,85,Wielkopolskie,174,Pediatria,2026/006258,Rezydencki,82.85,4.10,27.02.2026 08:13:16,9,NIE,,
w-2026,15,14.04.2026,14.04.2026 12:16:11,79,85,Wielkopolskie,175,Pediatria,2026/010393,Rezydencki,82.78,3.86,28.02.2026 11:31:19,9,NIE,,
w-2026,15,14.04.2026,14.04.2026 12:16:11,79,85,Wielkopolskie,176,Pediatria,2026/006476,Rezydencki,82.38,3.89,21.02.2026 12:14:11,9,NIE,,
w-2026,15,14.04.2026,14.04.2026 12:16:11,79,85,Wielkopolskie,177,Pediatria,2026/006649,Rezydencki,77.80,3.63,11.03.2026 21:51:51,9,NIE,,
w-2026,15,14.04.2026,14.04.2026 12:16:11,79,85,Wielkopolskie,178,Pediatria,2026/005704,Rezydencki,75.48,3.92,17.02.2026 17:38:29,9,NIE,,
w-2026,15,14.04.2026,14.04.2026 12:16:11,79,85,Wielkopolskie,179,Pediatria,2026/005605,Rezydencki,69.38,3.92,23.02.2026 10:52:37,9,NIE,,
w-2026,15,14.04.2026,14.04.2026 12:16:11,79,85,Wielkopolskie,180,Pediatria,2026/009904,Pozarezydencki,73.61,4.32,25.02.2026 17:59:35,1,NIE,,
w-2026,15,14.04.2026,14.04.2026 12:16:11,80,85,Wielkopolskie,181,Perinatologia,2026/009410,Pozarezydencki,81.54,3.64,14.03.2026 09:39:16,2,NIE,,
w-2026,15,14.04.2026,14.04.2026 12:16:11,80,85,Wielkopolskie,182,Perinatologia,2026/011710,Pozarezydencki,77.73,4.06,12.03.2026 22:50:37,2,NIE,,
w-2026,15,14.04.2026,14.04.2026 12:16:11,80,85,Wielkopolskie,183,Periodontologia,2026/005560,Rezydencki,85.58,4.21,10.02.2026 12:48:47,1,NIE,,
w-2026,15,14.04.2026,14.04.2026 12:16:11,80,85,Wielkopolskie,184,Położnictwo i ginekologia,2026/009263,Rezydencki,91.39,4.00,26.02.2026 20:49:11,9,NIE,,
w-2026,15,14.04.2026,14.04.2026 12:16:11,80,85,Wielkopolskie,185,Położnictwo i ginekologia,2026/010095,Rezydencki,88.52,4.02,26.02.2026 04:38:10,9,NIE,,
w-2026,15,14.04.2026,14.04.2026 12:16:11,80,85,Wielkopolskie,186,Położnictwo i ginekologia,2026/009104,Rezydencki,88.04,4.41,23.02.2026 21:05:20,9,NIE,,
w-2026,15,14.04.2026,14.04.2026 12:16:11,80,85,Wielkopolskie,187,Położnictwo i ginekologia,2026/006804,Rezydencki,87.08,3.98,28.02.2026 13:08:23,9,NIE,,
w-2026,15,14.04.2026,14.04.2026 12:16:11,80,85,Wielkopolskie,188,Położnictwo i ginekologia,2026/007377,Rezydencki,86.60,3.93,18.02.2026 15:24:17,9,NIE,,
w-2026,15,14.04.2026,14.04.2026 12:16:11,80,85,Wielkopolskie,189,Położnictwo i ginekologia,2026/010035,Rezydencki,84.80,4.02,28.02.2026 12:18:49,9,NIE,,
w-2026,15,14.04.2026,14.04.2026 12:16:11,80,85,Wielkopolskie,190,Położnictwo i ginekologia,2026/008626,Rezydencki,84.45,3.77,22.02.2026 18:41:41,9,NIE,,
w-2026,15,14.04.2026,14.04.2026 12:16:11,80,85,Wielkopolskie,191,Położnictwo i ginekologia,2026/007133,Rezydencki,82.35,3.60,10.03.2026 21:45:53,9,NIE,,
w-2026,15,14.04.2026,14.04.2026 12:16:11,80,85,Wielkopolskie,192,Położnictwo i ginekologia,2026/011372,Rezydencki,81.43,3.53,28.02.2026 09:11:21,9,NIE,,
w-2026,15,14.04.2026,14.04.2026 12:16:11,80,85,Wielkopolskie,193,Położnictwo i ginekologia,2026/003825,Pozarezydencki,65.00,0.00,14.02.2026 18:17:25,1,NIE,,
w-2026,15,14.04.2026,14.04.2026 12:16:11,80,85,Wielkopolskie,194,Protetyka stomatologiczna,2026/003347,Rezydencki,85.17,4.07,25.02.2026 20:34:10,1,NIE,,
w-2026,15,14.04.2026,14.04.2026 12:16:11,80,85,Wielkopolskie,195,Psychiatria,2026/007152,Rezydencki,90.00,4.28,27.02.2026 09:40:12,12,NIE,,
w-2026,15,14.04.2026,14.04.2026 12:16:11,80,85,Wielkopolskie,196,Psychiatria,2026/007079,Rezydencki,88.76,4.18,24.02.2026 11:40:42,12,NIE,,
w-2026,15,14.04.2026,14.04.2026 12:16:11,80,85,Wielkopolskie,197,Psychiatria,2026/010029,Rezydencki,88.04,4.05,25.02.2026 22:25:36,12,NIE,,
w-2026,15,14.04.2026,14.04.2026 12:16:11,80,85,Wielkopolskie,198,Psychiatria,2026/011365,Rezydencki,87.86,4.31,02.03.2026 09:46:55,12,NIE,,
w-2026,15,14.04.2026,14.04.2026 12:16:11,80,85,Wielkopolskie,199,Psychiatria,2026/005671,Rezydencki,87.08,4.24,12.02.2026 15:21:58,12,NIE,,
w-2026,15,14.04.2026,14.04.2026 12:16:11,80,85,Wielkopolskie,200,Psychiatria,2026/011253,Rezydencki,85.82,3.65,27.02.2026 22:33:31,12,NIE,,
w-2026,15,14.04.2026,14.04.2026 12:16:11,80,85,Wielkopolskie,201,Psychiatria,2026/007019,Rezydencki,84.93,4.41,28.02.2026 16:25:16,12,NIE,,
w-2026,15,14.04.2026,14.04.2026 12:16:11,80,85,Wielkopolskie,202,Psychiatria,2026/005656,Rezydencki,84.54,4.07,16.02.2026 22:08:50,12,NIE,,
w-2026,15,14.04.2026,14.04.2026 12:16:11,80,85,Wielkopolskie,203,Psychiatria,2026/011626,Rezydencki,84.54,3.78,11.03.2026 11:32:05,12,NIE,,
w-2026,15,14.04.2026,14.04.2026 12:16:11,80,85,Wielkopolskie,204,Psychiatria,2026/009022,Rezydencki,84.39,3.67,10.03.2026 17:23:15,12,NIE,,
w-2026,15,14.04.2026,14.04.2026 12:16:11,80,85,Wielkopolskie,205,Psychiatria,2026/003343,Rezydencki,83.81,3.57,11.02.2026 22:47:23,12,NIE,,
w-2026,15,14.04.2026,14.04.2026 12:16:11,80,85,Wielkopolskie,206,Psychiatria,2026/008038,Rezydencki,83.73,4.03,28.02.2026 23:41:08,12,NIE,,
w-2026,15,14.04.2026,14.04.2026 12:16:11,80,85,Wielkopolskie,207,Psychiatria,2026/011145,Pozarezydencki,69.72,3.69,27.02.2026 20:11:21,1,NIE,,
w-2026,15,14.04.2026,14.04.2026 12:16:11,80,85,Wielkopolskie,208,Psychiatria dzieci i młodzieży,2026/005609,Rezydencki,88.89,3.80,26.02.2026 22:52:59,3,NIE,,
w-2026,15,14.04.2026,14.04.2026 12:16:11,80,85,Wielkopolskie,209,Psychiatria dzieci i młodzieży,2026/008637,Rezydencki,85.27,3.55,22.02.2026 19:38:11,3,NIE,,
w-2026,15,14.04.2026,14.04.2026 12:16:11,80,85,Wielkopolskie,210,Psychiatria dzieci i młodzieży,2026/009595,Rezydencki,85.17,3.74,11.03.2026 10:08:05,3,NIE,,
w-2026,15,14.04.2026,14.04.2026 12:16:11,80,85,Wielkopolskie,211,Radiologia i diagnostyka obrazowa,2026/010986,Rezydencki,92.11,4.26,27.02.2026 15:22:29,9,NIE,,
w-2026,15,14.04.2026,14.04.2026 12:16:11,80,85,Wielkopolskie,212,Radiologia i diagnostyka obrazowa,2026/003465,Rezydencki,90.43,4.50,09.03.2026 12:18:24,9,NIE,,
w-2026,15,14.04.2026,14.04.2026 12:16:11,80,85,Wielkopolskie,213,Radiologia i diagnostyka obrazowa,2026/011706,Rezydencki,89.47,4.29,02.03.2026 23:52:53,9,NIE,,
w-2026,15,14.04.2026,14.04.2026 12:16:11,80,85,Wielkopolskie,214,Radiologia i diagnostyka obrazowa,2026/009778,Rezydencki,89.00,4.56,24.03.2026 08:11:45,9,NIE,,
w-2026,15,14.04.2026,14.04.2026 12:16:11,80,85,Wielkopolskie,215,Radiologia i diagnostyka obrazowa,2026/011352,Rezydencki,88.89,4.65,17.03.2026 16:47:19,9,NIE,,
w-2026,15,14.04.2026,14.04.2026 12:16:11,80,85,Wielkopolskie,216,Radiologia i diagnostyka obrazowa,2026/003434,Rezydencki,87.75,4.33,04.02.2026 17:30:39,9,NIE,,
w-2026,15,14.04.2026,14.04.2026 12:16:11,81,85,Wielkopolskie,217,Radiologia i diagnostyka obrazowa,2026/006835,Rezydencki,87.32,3.30,28.02.2026 10:13:26,9,NIE,,
w-2026,15,14.04.2026,14.04.2026 12:16:11,81,85,Wielkopolskie,218,Radiologia i diagnostyka obrazowa,2026/008508,Rezydencki,86.47,3.83,22.02.2026 12:45:03,9,NIE,,
w-2026,15,14.04.2026,14.04.2026 12:16:11,81,85,Wielkopolskie,219,Radiologia i diagnostyka obrazowa,2026/004768,Rezydencki,86.27,3.94,28.02.2026 23:30:17,9,NIE,,
w-2026,15,14.04.2026,14.04.2026 12:16:11,81,85,Wielkopolskie,220,Radiologia i diagnostyka obrazowa,2026/003387,Pozarezydencki,83.56,4.45,19.03.2026 17:36:28,10,NIE,,
w-2026,15,14.04.2026,14.04.2026 12:16:11,81,85,Wielkopolskie,221,Radiologia i diagnostyka obrazowa,2026/005700,Pozarezydencki,80.93,4.23,17.02.2026 16:31:40,10,NIE,,
w-2026,15,14.04.2026,14.04.2026 12:16:11,81,85,Wielkopolskie,222,Radiologia i diagnostyka obrazowa,2026/010153,Pozarezydencki,80.82,3.83,28.02.2026 15:53:29,10,NIE,,
w-2026,15,14.04.2026,14.04.2026 12:16:11,81,85,Wielkopolskie,223,Radiologia i diagnostyka obrazowa,2026/009966,Pozarezydencki,78.80,4.04,12.03.2026 11:00:30,10,NIE,,
w-2026,15,14.04.2026,14.04.2026 12:16:11,81,85,Wielkopolskie,224,Radiologia i diagnostyka obrazowa,2026/009968,Pozarezydencki,78.18,3.09,25.02.2026 20:43:40,10,NIE,,
w-2026,15,14.04.2026,14.04.2026 12:16:11,81,85,Wielkopolskie,225,Radiologia i diagnostyka obrazowa,2026/010053,Pozarezydencki,78.08,0.00,26.03.2026 14:08:38,10,NIE,,
w-2026,15,14.04.2026,14.04.2026 12:16:11,81,85,Wielkopolskie,226,Radiologia i diagnostyka obrazowa,2026/010455,Pozarezydencki,75.47,0.00,11.03.2026 12:42:55,10,NIE,,
w-2026,15,14.04.2026,14.04.2026 12:16:11,81,85,Wielkopolskie,227,Radiologia i diagnostyka obrazowa,2026/010569,Pozarezydencki,72.94,0.00,26.03.2026 22:56:37,10,NIE,,
w-2026,15,14.04.2026,14.04.2026 12:16:11,81,85,Wielkopolskie,228,Radiologia i diagnostyka obrazowa,2026/004995,Pozarezydencki,72.17,0.00,08.02.2026 22:12:05,10,NIE,,
w-2026,15,14.04.2026,14.04.2026 12:16:11,81,85,Wielkopolskie,229,Radiologia i diagnostyka obrazowa,2026/010686,Pozarezydencki,71.63,0.00,15.03.2026 20:46:01,10,NIE,,
w-2026,15,14.04.2026,14.04.2026 12:16:11,81,85,Wielkopolskie,230,Rehabilitacja medyczna,2026/003306,Rezydencki,66.51,0.00,28.02.2026 18:23:04,1,NIE,,
w-2026,15,14.04.2026,14.04.2026 12:16:11,81,85,Wielkopolskie,231,Reumatologia,2026/004909,Rezydencki,91.87,3.61,16.02.2026 20:52:53,1,NIE,,
w-2026,15,14.04.2026,14.04.2026 12:16:11,81,85,Wielkopolskie,232,Reumatologia,2026/010493,Pozarezydencki,84.33,4.10,10.03.2026 20:19:56,1,NIE,,
w-2026,15,14.04.2026,14.04.2026 12:16:11,81,85,Wielkopolskie,233,Stomatologia dziecięca,2026/011184,Rezydencki,84.30,4.00,27.02.2026 21:09:45,4,NIE,,
w-2026,15,14.04.2026,14.04.2026 12:16:11,81,85,Wielkopolskie,234,Stomatologia dziecięca,2026/008314,Rezydencki,82.30,4.03,25.02.2026 11:19:43,4,NIE,,
w-2026,15,14.04.2026,14.04.2026 12:16:11,81,85,Wielkopolskie,235,Stomatologia dziecięca,2026/008706,Rezydencki,80.95,4.03,23.03.2026 23:16:34,4,NIE,,
w-2026,15,14.04.2026,14.04.2026 12:16:11,81,85,Wielkopolskie,236,Stomatologia dziecięca,2026/008113,Rezydencki,80.00,4.00,20.02.2026 09:51:46,4,NIE,,
w-2026,15,14.04.2026,14.04.2026 12:16:11,81,85,Wielkopolskie,237,Stomatologia zachowawcza z endodoncją,2026/006534,Rezydencki,79.05,3.87,10.03.2026 15:26:46,1,NIE,,
w-2026,15,14.04.2026,14.04.2026 12:16:11,81,85,Wielkopolskie,238,Transplantologia kliniczna,2026/004074,Pozarezydencki,80.00,3.69,19.03.2026 15:18:09,1,NIE,,
w-2026,15,14.04.2026,14.04.2026 12:16:11,81,85,Wielkopolskie,239,Urologia,2026/011615,Rezydencki,88.46,3.73,18.03.2026 19:20:36,1,NIE,,
w-2026,15,14.04.2026,14.04.2026 12:16:11,81,85,Wielkopolskie,240,Urologia,2026/005092,Pozarezydencki,83.41,3.62,26.02.2026 22:02:18,1,NIE,,
w-2026,15,14.04.2026,14.04.2026 12:16:11,81,85,Wielkopolskie,1,Kardiologia,2026/008683,Rezydencki,92.03,4.10,15.03.2026 20:39:15,2,TAK,UNIWERSYTECKI SZPITAL KLINICZNY W POZNANIU,Klinika Intensywnej Terapii Kardiologicznej i Chorób Wewnętrznych
w-2026,15,14.04.2026,14.04.2026 12:16:11,81,85,Wielkopolskie,1,Kardiologia,2026/007999,Rezydencki,87.32,4.26,19.02.2026 20:43:29,2,TAK,UNIWERSYTECKI SZPITAL KLINICZNY W POZNANIU,"Oddział Kardiologii z Pododdziałem Kardiologii ""F"" i Pododdziałem Kardiologi ""G"""
w-2026,15,14.04.2026,14.04.2026 12:16:11,82,85,Wielkopolskie,1,Okulistyka,2026/003433,Rezydencki,89.95,4.22,13.02.2026 09:28:22,1,TAK,Status dokumentu Opublikowanie wyników,UNIWERSYTECKI SZPITAL KLINICZNY W POZNANIU Klinika Chorób Oczu
w-2026,15,14.04.2026,14.04.2026 12:16:11,82,85,Zachodniopomorskie,1,Anestezjologia i intensywna terapia,2026/007320,Rezydencki,89.71,4.09,24.02.2026 22:19:39,5,NIE,,
w-2026,15,14.04.2026,14.04.2026 12:16:11,82,85,Zachodniopomorskie,2,Anestezjologia i intensywna terapia,2026/006772,Rezydencki,85.24,4.37,23.02.2026 20:40:28,5,NIE,,
w-2026,15,14.04.2026,14.04.2026 12:16:11,82,85,Zachodniopomorskie,3,Anestezjologia i intensywna terapia,2026/010286,Rezydencki,83.25,4.59,21.03.2026 23:03:32,5,NIE,,
w-2026,15,14.04.2026,14.04.2026 12:16:11,82,85,Zachodniopomorskie,4,Anestezjologia i intensywna terapia,2026/006284,Rezydencki,83.25,3.18,13.02.2026 00:14:57,5,NIE,,
w-2026,15,14.04.2026,14.04.2026 12:16:11,82,85,Zachodniopomorskie,5,Anestezjologia i intensywna terapia,2026/009862,Rezydencki,82.21,4.33,02.03.2026 14:12:17,5,NIE,,
w-2026,15,14.04.2026,14.04.2026 12:16:11,82,85,Zachodniopomorskie,6,Anestezjologia i intensywna terapia,2026/006763,Pozarezydencki,78.08,3.59,23.02.2026 20:37:42,1,NIE,,
w-2026,15,14.04.2026,14.04.2026 12:16:11,82,85,Zachodniopomorskie,7,Chirurgia dziecięca,2026/009059,Rezydencki,84.93,4.17,24.02.2026 21:09:34,1,NIE,,
w-2026,15,14.04.2026,14.04.2026 12:16:11,82,85,Zachodniopomorskie,8,Chirurgia klatki piersiowej,2026/008481,Pozarezydencki,70.91,0.00,31.03.2026 13:43:06,1,NIE,,
w-2026,15,14.04.2026,14.04.2026 12:16:11,82,85,Zachodniopomorskie,9,Chirurgia naczyniowa,2026/005659,Pozarezydencki,65.75,3.38,27.02.2026 13:18:53,1,NIE,,
w-2026,15,14.04.2026,14.04.2026 12:16:11,82,85,Zachodniopomorskie,10,Chirurgia ogólna,2026/004894,Rezydencki,80.92,3.77,25.02.2026 19:45:53,7,NIE,,
w-2026,15,14.04.2026,14.04.2026 12:16:11,82,85,Zachodniopomorskie,11,Chirurgia ogólna,2026/011581,Rezydencki,80.29,4.12,13.03.2026 14:36:44,7,NIE,,
w-2026,15,14.04.2026,14.04.2026 12:16:11,82,85,Zachodniopomorskie,12,Chirurgia ogólna,2026/003613,Rezydencki,77.99,4.31,06.03.2026 12:52:27,7,NIE,,
w-2026,15,14.04.2026,14.04.2026 12:16:11,82,85,Zachodniopomorskie,13,Chirurgia ogólna,2026/006566,Rezydencki,74.29,4.62,25.02.2026 17:44:29,7,NIE,,
w-2026,15,14.04.2026,14.04.2026 12:16:11,82,85,Zachodniopomorskie,14,Chirurgia ogólna,2026/011586,Rezydencki,71.63,4.48,06.03.2026 13:32:33,7,NIE,,
w-2026,15,14.04.2026,14.04.2026 12:16:11,82,85,Zachodniopomorskie,15,Chirurgia ogólna,2026/006776,Rezydencki,67.94,3.24,10.03.2026 13:35:11,7,NIE,,
w-2026,15,14.04.2026,14.04.2026 12:16:11,82,85,Zachodniopomorskie,16,Chirurgia ogólna,2026/009781,Rezydencki,66.99,3.62,12.03.2026 15:06:35,7,NIE,,
w-2026,15,14.04.2026,14.04.2026 12:16:11,82,85,Zachodniopomorskie,17,Chirurgia onkologiczna,2026/004208,Pozarezydencki,70.83,4.53,12.03.2026 01:56:16,1,NIE,,
w-2026,15,14.04.2026,14.04.2026 12:16:11,82,85,Zachodniopomorskie,18,Chirurgia plastyczna,2026/003997,Pozarezydencki,88.79,4.96,03.02.2026 11:17:55,1,NIE,,
w-2026,15,14.04.2026,14.04.2026 12:16:11,82,85,Zachodniopomorskie,19,Chirurgia szczękowo-twarzowa,2026/009880,Rezydencki,82.78,3.56,28.02.2026 08:05:19,1,NIE,,
w-2026,15,14.04.2026,14.04.2026 12:16:11,82,85,Zachodniopomorskie,20,Choroby wewnętrzne,2026/007299,Rezydencki,89.86,4.66,13.03.2026 13:35:49,4,NIE,,
w-2026,15,14.04.2026,14.04.2026 12:16:11,82,85,Zachodniopomorskie,21,Choroby wewnętrzne,2026/003755,Rezydencki,69.71,4.00,12.03.2026 09:46:27,4,NIE,,
w-2026,15,14.04.2026,14.04.2026 12:16:11,82,85,Zachodniopomorskie,22,Choroby wewnętrzne,2026/006680,Rezydencki,55.83,3.37,07.03.2026 18:40:34,4,NIE,,
w-2026,15,14.04.2026,14.04.2026 12:16:11,82,85,Zachodniopomorskie,23,Choroby wewnętrzne,2026/005959,Rezydencki,55.34,3.72,11.03.2026 18:27:15,4,NIE,,
w-2026,15,14.04.2026,14.04.2026 12:16:11,82,85,Zachodniopomorskie,24,Choroby wewnętrzne,2026/011708,Pozarezydencki,84.55,0.00,17.03.2026 08:36:04,1,NIE,,
w-2026,15,14.04.2026,14.04.2026 12:16:11,82,85,Zachodniopomorskie,25,Choroby zakaźne,2026/005635,Rezydencki,69.86,4.15,10.02.2026 18:26:03,1,NIE,,
w-2026,15,14.04.2026,14.04.2026 12:16:11,82,85,Zachodniopomorskie,26,Dermatologia i wenerologia,2026/007300,Rezydencki,92.31,3.35,28.02.2026 23:48:29,1,NIE,,
w-2026,15,14.04.2026,14.04.2026 12:16:11,82,85,Zachodniopomorskie,27,Dermatologia i wenerologia,2026/009554,Pozarezydencki,87.27,4.42,27.02.2026 21:48:58,1,NIE,,
w-2026,15,14.04.2026,14.04.2026 12:16:11,82,85,Zachodniopomorskie,28,Endokrynologia,2026/010818,Pozarezydencki,87.21,4.17,27.02.2026 22:14:45,1,NIE,,
w-2026,15,14.04.2026,14.04.2026 12:16:11,82,85,Zachodniopomorskie,29,Gastroenterologia,2026/003289,Rezydencki,91.87,3.93,13.02.2026 11:59:16,2,NIE,,
w-2026,15,14.04.2026,14.04.2026 12:16:11,82,85,Zachodniopomorskie,30,Gastroenterologia,2026/004683,Rezydencki,91.39,4.32,20.02.2026 00:18:59,2,NIE,,
w-2026,15,14.04.2026,14.04.2026 12:16:11,82,85,Zachodniopomorskie,31,Geriatria,2026/008421,Pozarezydencki,70.91,3.29,27.02.2026 18:01:18,1,NIE,,
w-2026,15,14.04.2026,14.04.2026 12:16:11,82,85,Zachodniopomorskie,32,Hematologia,2026/007460,Rezydencki,67.14,3.75,23.03.2026 11:28:55,1,NIE,,
w-2026,15,14.04.2026,14.04.2026 12:16:11,83,85,Zachodniopomorskie,33,Immunologia kliniczna,2026/007073,Pozarezydencki,71.14,0.00,15.03.2026 13:35:14,1,NIE,,
w-2026,15,14.04.2026,14.04.2026 12:16:11,83,85,Zachodniopomorskie,34,Kardiologia,2026/009937,Rezydencki,88.52,4.02,27.02.2026 19:53:30,2,NIE,,
w-2026,15,14.04.2026,14.04.2026 12:16:11,83,85,Zachodniopomorskie,35,Kardiologia,2026/011059,Rezydencki,81.34,4.14,27.02.2026 18:15:09,2,NIE,,
w-2026,15,14.04.2026,14.04.2026 12:16:11,83,85,Zachodniopomorskie,36,Kardiologia,2026/008192,Pozarezydencki,70.91,4.06,09.03.2026 09:13:38,1,NIE,,
w-2026,15,14.04.2026,14.04.2026 12:16:11,83,85,Zachodniopomorskie,37,Kardiologia dziecięca,2026/003850,Pozarezydencki,77.88,4.02,05.03.2026 08:52:08,1,NIE,,
w-2026,15,14.04.2026,14.04.2026 12:16:11,83,85,Zachodniopomorskie,38,Medycyna paliatywna,2026/008365,Rezydencki,64.42,3.44,05.03.2026 11:53:43,1,NIE,,
w-2026,15,14.04.2026,14.04.2026 12:16:11,83,85,Zachodniopomorskie,39,Medycyna pracy,2026/006587,Pozarezydencki,70.91,3.49,14.02.2026 23:22:05,1,NIE,,
w-2026,15,14.04.2026,14.04.2026 12:16:11,83,85,Zachodniopomorskie,40,Medycyna ratunkowa,2026/007668,Rezydencki,84.54,4.32,20.02.2026 13:31:59,2,NIE,,
w-2026,15,14.04.2026,14.04.2026 12:16:11,83,85,Zachodniopomorskie,41,Medycyna ratunkowa,2026/007220,Rezydencki,69.71,4.58,24.02.2026 10:55:26,2,NIE,,
w-2026,15,14.04.2026,14.04.2026 12:16:11,83,85,Zachodniopomorskie,42,Medycyna ratunkowa,2026/011034,Pozarezydencki,58.99,2.99,27.02.2026 17:48:41,2,NIE,,
w-2026,15,14.04.2026,14.04.2026 12:16:11,83,85,Zachodniopomorskie,43,Medycyna ratunkowa,2026/008968,Pozarezydencki,51.38,3.71,10.03.2026 07:20:07,2,NIE,,
w-2026,15,14.04.2026,14.04.2026 12:16:11,83,85,Zachodniopomorskie,44,Medycyna rodzinna,2026/008670,Rezydencki,86.36,3.93,27.02.2026 22:22:58,10,NIE,,
w-2026,15,14.04.2026,14.04.2026 12:16:11,83,85,Zachodniopomorskie,45,Medycyna rodzinna,2026/005425,Rezydencki,85.99,4.75,28.02.2026 14:02:27,10,NIE,,
w-2026,15,14.04.2026,14.04.2026 12:16:11,83,85,Zachodniopomorskie,46,Medycyna rodzinna,2026/010734,Rezydencki,83.90,4.33,28.02.2026 22:32:12,10,NIE,,
w-2026,15,14.04.2026,14.04.2026 12:16:11,83,85,Zachodniopomorskie,47,Medycyna rodzinna,2026/010592,Rezydencki,82.44,3.99,10.03.2026 00:16:05,10,NIE,,
w-2026,15,14.04.2026,14.04.2026 12:16:11,83,85,Zachodniopomorskie,48,Medycyna rodzinna,2026/007279,Rezydencki,80.88,0.00,24.02.2026 11:01:53,10,NIE,,
w-2026,15,14.04.2026,14.04.2026 12:16:11,83,85,Zachodniopomorskie,49,Medycyna rodzinna,2026/011269,Rezydencki,80.39,0.00,12.03.2026 22:32:54,10,NIE,,
w-2026,15,14.04.2026,14.04.2026 12:16:11,83,85,Zachodniopomorskie,50,Medycyna rodzinna,2026/011449,Rezydencki,76.57,3.44,28.02.2026 13:21:44,10,NIE,,
w-2026,15,14.04.2026,14.04.2026 12:16:11,83,85,Zachodniopomorskie,51,Medycyna rodzinna,2026/004326,Rezydencki,73.43,3.88,12.03.2026 11:24:17,10,NIE,,
w-2026,15,14.04.2026,14.04.2026 12:16:11,83,85,Zachodniopomorskie,52,Medycyna rodzinna,2026/006661,Rezydencki,72.06,0.00,27.02.2026 23:52:37,10,NIE,,
w-2026,15,14.04.2026,14.04.2026 12:16:11,83,85,Zachodniopomorskie,53,Medycyna rodzinna,2026/011115,Rezydencki,70.19,3.87,27.02.2026 23:29:15,10,NIE,,
w-2026,15,14.04.2026,14.04.2026 12:16:11,83,85,Zachodniopomorskie,54,Medycyna rodzinna,2026/007849,Pozarezydencki,70.91,0.00,19.02.2026 13:15:28,4,NIE,,
w-2026,15,14.04.2026,14.04.2026 12:16:11,83,85,Zachodniopomorskie,55,Medycyna rodzinna,2026/010624,Pozarezydencki,58.45,4.55,25.03.2026 18:04:36,4,NIE,,
w-2026,15,14.04.2026,14.04.2026 12:16:11,83,85,Zachodniopomorskie,56,Medycyna rodzinna,2026/005646,Pozarezydencki,56.88,0.00,10.02.2026 18:14:33,4,NIE,,
w-2026,15,14.04.2026,14.04.2026 12:16:11,83,85,Zachodniopomorskie,57,Medycyna rodzinna,2026/004507,Pozarezydencki,2.27,3.20,11.03.2026 19:10:43,4,NIE,,
w-2026,15,14.04.2026,14.04.2026 12:16:11,83,85,Zachodniopomorskie,58,Nefrologia,2026/009382,Pozarezydencki,68.64,4.16,09.03.2026 12:06:11,1,NIE,,
w-2026,15,14.04.2026,14.04.2026 12:16:11,83,85,Zachodniopomorskie,59,Nefrologia dziecięca,2026/010825,Pozarezydencki,80.00,4.39,10.03.2026 20:10:15,1,NIE,,
w-2026,15,14.04.2026,14.04.2026 12:16:11,83,85,Zachodniopomorskie,60,Neurochirurgia,2026/010863,Pozarezydencki,81.59,4.22,16.03.2026 15:16:01,2,NIE,,
w-2026,15,14.04.2026,14.04.2026 12:16:11,83,85,Zachodniopomorskie,61,Neurochirurgia,2026/009476,Pozarezydencki,74.31,4.46,09.03.2026 13:49:24,2,NIE,,
w-2026,15,14.04.2026,14.04.2026 12:16:11,83,85,Zachodniopomorskie,62,Neurologia,2026/007858,Rezydencki,83.73,4.94,25.02.2026 19:54:05,1,NIE,,
w-2026,15,14.04.2026,14.04.2026 12:16:11,83,85,Zachodniopomorskie,63,Neurologia dziecięca,2026/007709,Pozarezydencki,63.64,4.15,18.02.2026 20:46:33,1,NIE,,
w-2026,15,14.04.2026,14.04.2026 12:16:11,83,85,Zachodniopomorskie,64,Okulistyka,2026/004317,Rezydencki,91.39,4.70,04.02.2026 15:40:16,2,NIE,,
w-2026,15,14.04.2026,14.04.2026 12:16:11,83,85,Zachodniopomorskie,65,Okulistyka,2026/008492,Rezydencki,89.47,4.31,06.03.2026 10:54:49,2,NIE,,
w-2026,15,14.04.2026,14.04.2026 12:16:11,83,85,Zachodniopomorskie,66,Okulistyka,2026/010483,Pozarezydencki,77.98,3.77,28.02.2026 00:01:20,1,NIE,,
w-2026,15,14.04.2026,14.04.2026 12:16:11,83,85,Zachodniopomorskie,67,Ortopedia i traumatologia narządu ruchu,2026/009689,Rezydencki,79.43,4.06,26.02.2026 18:02:29,2,NIE,,
w-2026,15,14.04.2026,14.04.2026 12:16:11,83,85,Zachodniopomorskie,68,Ortopedia i traumatologia narządu ruchu,2026/010367,Rezydencki,75.00,3.15,23.03.2026 21:34:37,2,NIE,,
w-2026,15,14.04.2026,14.04.2026 12:16:11,84,85,Zachodniopomorskie,69,Ortopedia i traumatologia narządu ruchu,2026/009953,Pozarezydencki,56.62,3.27,12.03.2026 20:19:42,1,NIE,,
w-2026,15,14.04.2026,14.04.2026 12:16:11,84,85,Zachodniopomorskie,70,Pediatria,2026/008958,Rezydencki,89.22,0.00,23.02.2026 16:02:50,2,NIE,,
w-2026,15,14.04.2026,14.04.2026 12:16:11,84,85,Zachodniopomorskie,71,Pediatria,2026/006012,Rezydencki,61.35,3.83,18.02.2026 03:11:20,2,NIE,,
w-2026,15,14.04.2026,14.04.2026 12:16:11,84,85,Zachodniopomorskie,72,Położnictwo i ginekologia,2026/007567,Rezydencki,86.96,3.94,26.02.2026 09:53:24,7,NIE,,
w-2026,15,14.04.2026,14.04.2026 12:16:11,84,85,Zachodniopomorskie,73,Położnictwo i ginekologia,2026/003787,Rezydencki,85.17,4.14,05.02.2026 21:43:58,7,NIE,,
w-2026,15,14.04.2026,14.04.2026 12:16:11,84,85,Zachodniopomorskie,74,Położnictwo i ginekologia,2026/003436,Rezydencki,85.02,4.59,04.02.2026 19:25:05,7,NIE,,
w-2026,15,14.04.2026,14.04.2026 12:16:11,84,85,Zachodniopomorskie,75,Położnictwo i ginekologia,2026/008274,Rezydencki,83.25,4.33,06.03.2026 15:51:46,7,NIE,,
w-2026,15,14.04.2026,14.04.2026 12:16:11,84,85,Zachodniopomorskie,76,Położnictwo i ginekologia,2026/003676,Rezydencki,82.61,3.88,06.03.2026 11:14:22,7,NIE,,
w-2026,15,14.04.2026,14.04.2026 12:16:11,84,85,Zachodniopomorskie,77,Położnictwo i ginekologia,2026/010416,Rezydencki,79.33,0.00,26.02.2026 16:02:27,7,NIE,,
w-2026,15,14.04.2026,14.04.2026 12:16:11,84,85,Zachodniopomorskie,78,Położnictwo i ginekologia,2026/010184,Rezydencki,78.57,0.00,26.02.2026 16:08:39,7,NIE,,
w-2026,15,14.04.2026,14.04.2026 12:16:11,84,85,Zachodniopomorskie,79,Psychiatria,2026/006913,Rezydencki,76.44,4.00,16.02.2026 14:07:41,6,NIE,,
w-2026,15,14.04.2026,14.04.2026 12:16:11,84,85,Zachodniopomorskie,80,Psychiatria,2026/003451,Rezydencki,74.64,4.09,12.03.2026 01:31:38,6,NIE,,
w-2026,15,14.04.2026,14.04.2026 12:16:11,84,85,Zachodniopomorskie,81,Psychiatria,2026/007412,Rezydencki,70.95,4.09,12.03.2026 14:08:43,6,NIE,,
w-2026,15,14.04.2026,14.04.2026 12:16:11,84,85,Zachodniopomorskie,82,Psychiatria,2026/007347,Rezydencki,70.81,3.56,17.03.2026 15:37:44,6,NIE,,
w-2026,15,14.04.2026,14.04.2026 12:16:11,84,85,Zachodniopomorskie,83,Psychiatria,2026/007014,Rezydencki,70.05,0.00,16.02.2026 18:28:35,6,NIE,,
w-2026,15,14.04.2026,14.04.2026 12:16:11,84,85,Zachodniopomorskie,84,Psychiatria,2026/011409,Rezydencki,64.88,3.63,09.03.2026 15:28:47,6,NIE,,
w-2026,15,14.04.2026,14.04.2026 12:16:11,84,85,Zachodniopomorskie,85,Radiologia i diagnostyka obrazowa,2026/011723,Rezydencki,89.37,4.18,28.02.2026 23:02:00,4,NIE,,
w-2026,15,14.04.2026,14.04.2026 12:16:11,84,85,Zachodniopomorskie,86,Radiologia i diagnostyka obrazowa,2026/003487,Rezydencki,89.22,4.52,01.02.2026 20:14:46,4,NIE,,
w-2026,15,14.04.2026,14.04.2026 12:16:11,84,85,Zachodniopomorskie,87,Radiologia i diagnostyka obrazowa,2026/006693,Rezydencki,88.52,4.47,15.02.2026 18:21:39,4,NIE,,
w-2026,15,14.04.2026,14.04.2026 12:16:11,84,85,Zachodniopomorskie,88,Radiologia i diagnostyka obrazowa,2026/006682,Rezydencki,88.10,4.55,15.02.2026 18:07:45,4,NIE,,
w-2026,15,14.04.2026,14.04.2026 12:16:11,84,85,Zachodniopomorskie,89,Radiologia i diagnostyka obrazowa,2026/007702,Pozarezydencki,83.56,4.09,24.02.2026 16:34:26,3,NIE,,
w-2026,15,14.04.2026,14.04.2026 12:16:11,84,85,Zachodniopomorskie,90,Radiologia i diagnostyka obrazowa,2026/009849,Pozarezydencki,82.03,4.34,28.02.2026 10:34:56,3,NIE,,
w-2026,15,14.04.2026,14.04.2026 12:16:11,84,85,Zachodniopomorskie,91,Radiologia i diagnostyka obrazowa,2026/003302,Pozarezydencki,3.86,3.01,12.03.2026 22:47:46,3,NIE,,
w-2026,15,14.04.2026,14.04.2026 12:16:11,84,85,Zachodniopomorskie,92,Rehabilitacja medyczna,2026/005756,Rezydencki,60.58,4.62,23.03.2026 16:19:37,1,NIE,,
w-2026,15,14.04.2026,14.04.2026 12:16:11,84,85,Zachodniopomorskie,93,Rehabilitacja medyczna,2026/007919,Pozarezydencki,70.91,0.00,23.03.2026 14:15:48,3,NIE,,
w-2026,15,14.04.2026,14.04.2026 12:16:11,84,85,Zachodniopomorskie,94,Rehabilitacja medyczna,2026/007479,Pozarezydencki,67.29,3.90,09.03.2026 20:29:58,3,NIE,,
w-2026,15,14.04.2026,14.04.2026 12:16:11,84,85,Zachodniopomorskie,95,Rehabilitacja medyczna,2026/010154,Pozarezydencki,64.09,0.00,26.03.2026 11:20:59,3,NIE,,
w-2026,15,14.04.2026,14.04.2026 12:16:11,84,85,Zachodniopomorskie,96,Reumatologia,2026/003766,Rezydencki,88.89,4.73,02.02.2026 18:44:24,1,NIE,,
w-2026,15,14.04.2026,14.04.2026 12:16:11,84,85,Zachodniopomorskie,97,Urologia,2026/010988,Rezydencki,88.04,4.05,27.02.2026 15:31:36,1,NIE,,
w-2026,15,14.04.2026,14.04.2026 12:16:11,84,85,Zachodniopomorskie,1,Kardiologia,2026/007426,Rezydencki,80.19,4.12,10.03.2026 08:33:39,1,TAK,UNIWERSYTECKI SZPITAL KLINICZNY NR 2 PUM W SZCZECINIE,Klinika Kardiologii z Intensywnym Nadzorem Kardiologicznym
w-2026,15,14.04.2026,14.04.2026 12:16:11,85,85,Zachodniopomorskie,1,Ortodoncja,2026/003781,Rezydencki,85.24,0.00,09.03.2026 09:18:52,1,TAK,Status dokumentu Opublikowanie wyników,Uniwersytecka Klinika Stomatologiczna PUM Spółka z ograniczoną odpowiedzialnością Poradnia Stomatologii Ogólnej
w-2026,15,14.04.2026,14.04.2026 12:16:11,85,85,Zachodniopomorskie,1,Dermatologia i wenerologia,2026/004076,Rezydencki,86.67,4.13,05.03.2026 13:16:47,1,TAK,Uniwersytecki Szpital Kliniczny nr 1 im. prof. Tadeusza Sokołowskiego PUM w Szczecinie,Klinika Chorób Skórnych i Wenerycznych
w-2026,15,14.04.2026,14.04.2026 12:16:11,85,85,Zachodniopomorskie,1,Neurochirurgia,2026/004549,Rezydencki,85.99,4.30,16.02.2026 22:27:09,1,TAK,Uniwersytecki Szpital Kliniczny nr 1 im. prof. Tadeusza Sokołowskiego PUM w Szczecinie,Klinika Neurochirurgii i Neurochirurgii Dziecięcej
