rekrutacja,kolejność_plików,publication_date,print_datetime,page,page_total,wojewodztwo,lp,dziedzina_medycyny,numer_wniosku,tryb_szkolenia,punktacja_proc,srednia_arytmetyczna,data_zlozenia_wniosku,ilość_zakwalifikowanych_w_trybie,czy_miejsca_doktoranckie,doktoranckie_podmiot,doktoranckie_jednostka
w-2024,11,16.04.2024,16.04.2024 12:44:26,1,62,Dolnośląskie,1,Anestezjologia i intensywna terapia,2024/005888,Rezydencki,88.24,4.07,26.02.2024 21:39:40,8,NIE,,
w-2024,11,16.04.2024,16.04.2024 12:44:26,1,62,Dolnośląskie,2,Anestezjologia i intensywna terapia,2024/007110,Rezydencki,86.96,3.86,06.03.2024 19:34:14,8,NIE,,
w-2024,11,16.04.2024,16.04.2024 12:44:26,1,62,Dolnośląskie,3,Anestezjologia i intensywna terapia,2024/005081,Rezydencki,86.47,4.29,28.02.2024 00:44:53,8,NIE,,
w-2024,11,16.04.2024,16.04.2024 12:44:26,1,62,Dolnośląskie,4,Anestezjologia i intensywna terapia,2024/002801,Rezydencki,85.02,3.71,28.02.2024 20:04:49,8,NIE,,
w-2024,11,16.04.2024,16.04.2024 12:44:26,1,62,Dolnośląskie,5,Anestezjologia i intensywna terapia,2024/002109,Rezydencki,84.54,4.10,01.02.2024 13:00:32,8,NIE,,
w-2024,11,16.04.2024,16.04.2024 12:44:26,1,62,Dolnośląskie,6,Anestezjologia i intensywna terapia,2024/004612,Rezydencki,81.37,3.88,21.02.2024 15:51:15,8,NIE,,
w-2024,11,16.04.2024,16.04.2024 12:44:26,1,62,Dolnośląskie,7,Anestezjologia i intensywna terapia,2024/006503,Rezydencki,74.88,3.90,02.03.2024 02:06:14,8,NIE,,
w-2024,11,16.04.2024,16.04.2024 12:44:26,1,62,Dolnośląskie,8,Anestezjologia i intensywna terapia,2024/005855,Rezydencki,73.91,0.00,20.03.2024 19:28:21,8,NIE,,
w-2024,11,16.04.2024,16.04.2024 12:44:26,1,62,Dolnośląskie,9,Angiologia,2024/002640,Rezydencki,67.65,4.10,27.02.2024 23:13:31,1,NIE,,
w-2024,11,16.04.2024,16.04.2024 12:44:26,1,62,Dolnośląskie,10,Balneologia i medycyna fizykalna,2024/002429,Pozarezydencki,63.64,0.00,07.03.2024 16:20:55,1,NIE,,
w-2024,11,16.04.2024,16.04.2024 12:44:26,1,62,Dolnośląskie,11,Chirurgia klatki piersiowej,2024/006549,Rezydencki,75.98,3.51,28.02.2024 23:21:27,1,NIE,,
w-2024,11,16.04.2024,16.04.2024 12:44:26,1,62,Dolnośląskie,12,Chirurgia ogólna,2024/004943,Rezydencki,89.22,4.68,27.02.2024 22:26:03,6,NIE,,
w-2024,11,16.04.2024,16.04.2024 12:44:26,1,62,Dolnośląskie,13,Chirurgia ogólna,2024/004615,Rezydencki,83.90,4.57,21.02.2024 23:14:02,6,NIE,,
w-2024,11,16.04.2024,16.04.2024 12:44:26,1,62,Dolnośląskie,14,Chirurgia ogólna,2024/005608,Rezydencki,78.57,3.51,28.02.2024 09:12:38,6,NIE,,
w-2024,11,16.04.2024,16.04.2024 12:44:26,1,62,Dolnośląskie,15,Chirurgia ogólna,2024/006900,Rezydencki,78.26,3.67,16.03.2024 22:41:21,6,NIE,,
w-2024,11,16.04.2024,16.04.2024 12:44:26,1,62,Dolnośląskie,16,Chirurgia ogólna,2024/005575,Rezydencki,77.78,4.11,28.02.2024 19:44:02,6,NIE,,
w-2024,11,16.04.2024,16.04.2024 12:44:26,1,62,Dolnośląskie,17,Chirurgia ogólna,2024/002681,Rezydencki,77.14,3.29,05.02.2024 15:35:12,6,NIE,,
w-2024,11,16.04.2024,16.04.2024 12:44:26,1,62,Dolnośląskie,18,Chirurgia onkologiczna,2024/006053,Rezydencki,82.61,3.09,28.02.2024 19:16:43,1,NIE,,
w-2024,11,16.04.2024,16.04.2024 12:44:26,1,62,Dolnośląskie,19,Chirurgia onkologiczna,2024/006212,Pozarezydencki,75.45,0.00,27.02.2024 18:31:18,2,NIE,,
w-2024,11,16.04.2024,16.04.2024 12:44:26,1,62,Dolnośląskie,20,Chirurgia onkologiczna,2024/007311,Pozarezydencki,71.70,4.46,28.02.2024 22:26:04,2,NIE,,
w-2024,11,16.04.2024,16.04.2024 12:44:26,1,62,Dolnośląskie,21,Chirurgia plastyczna,2024/003038,Pozarezydencki,84.79,4.11,28.02.2024 14:30:24,1,NIE,,
w-2024,11,16.04.2024,16.04.2024 12:44:26,1,62,Dolnośląskie,22,Chirurgia stomatologiczna,2024/006201,Pozarezydencki,84.55,4.62,07.03.2024 18:10:14,2,NIE,,
w-2024,11,16.04.2024,16.04.2024 12:44:26,1,62,Dolnośląskie,23,Chirurgia stomatologiczna,2024/004207,Pozarezydencki,81.71,4.17,16.02.2024 20:14:20,2,NIE,,
w-2024,11,16.04.2024,16.04.2024 12:44:26,1,62,Dolnośląskie,24,Choroby płuc,2024/004428,Rezydencki,83.57,3.68,26.02.2024 00:47:57,1,NIE,,
w-2024,11,16.04.2024,16.04.2024 12:44:26,1,62,Dolnośląskie,25,Choroby wewnętrzne,2024/002057,Rezydencki,88.16,4.73,01.02.2024 00:20:49,7,NIE,,
w-2024,11,16.04.2024,16.04.2024 12:44:26,1,62,Dolnośląskie,26,Choroby wewnętrzne,2024/004916,Rezydencki,84.88,3.44,21.03.2024 10:17:55,7,NIE,,
w-2024,11,16.04.2024,16.04.2024 12:44:26,1,62,Dolnośląskie,27,Choroby wewnętrzne,2024/004955,Rezydencki,84.78,3.93,21.02.2024 21:37:20,7,NIE,,
w-2024,11,16.04.2024,16.04.2024 12:44:26,1,62,Dolnośląskie,28,Choroby wewnętrzne,2024/004530,Rezydencki,80.49,4.04,21.02.2024 21:41:31,7,NIE,,
w-2024,11,16.04.2024,16.04.2024 12:44:26,1,62,Dolnośląskie,29,Choroby wewnętrzne,2024/007101,Rezydencki,79.47,0.00,28.02.2024 22:02:43,7,NIE,,
w-2024,11,16.04.2024,16.04.2024 12:44:26,1,62,Dolnośląskie,30,Choroby wewnętrzne,2024/003644,Rezydencki,74.40,4.81,28.02.2024 20:55:35,7,NIE,,
w-2024,11,16.04.2024,16.04.2024 12:44:26,1,62,Dolnośląskie,31,Choroby wewnętrzne,2024/002353,Rezydencki,65.85,4.11,28.02.2024 18:11:16,7,NIE,,
w-2024,11,16.04.2024,16.04.2024 12:44:26,1,62,Dolnośląskie,32,Choroby zakaźne,2024/007054,Rezydencki,81.43,4.20,18.03.2024 14:18:11,1,NIE,,
w-2024,11,16.04.2024,16.04.2024 12:44:26,1,62,Dolnośląskie,33,Choroby zakaźne,2024/004320,Pozarezydencki,75.24,0.00,19.03.2024 10:41:57,1,NIE,,
w-2024,11,16.04.2024,16.04.2024 12:44:26,1,62,Dolnośląskie,34,Diabetologia,2024/003348,Rezydencki,88.73,4.27,28.02.2024 23:59:18,1,NIE,,
w-2024,11,16.04.2024,16.04.2024 12:44:26,1,62,Dolnośląskie,35,Diabetologia,2024/002896,Pozarezydencki,81.80,3.14,13.03.2024 13:48:55,3,NIE,,
w-2024,11,16.04.2024,16.04.2024 12:44:26,1,62,Dolnośląskie,36,Diabetologia,2024/005820,Pozarezydencki,80.00,3.10,26.02.2024 19:28:11,3,NIE,,
w-2024,11,16.04.2024,16.04.2024 12:44:26,2,62,Dolnośląskie,37,Diabetologia,2024/005552,Pozarezydencki,75.45,0.00,26.02.2024 18:43:49,3,NIE,,
w-2024,11,16.04.2024,16.04.2024 12:44:26,2,62,Dolnośląskie,38,Endokrynologia,2024/007388,Rezydencki,92.75,4.61,28.02.2024 23:55:39,2,NIE,,
w-2024,11,16.04.2024,16.04.2024 12:44:26,2,62,Dolnośląskie,39,Endokrynologia,2024/006127,Rezydencki,90.82,4.42,08.03.2024 18:38:56,2,NIE,,
w-2024,11,16.04.2024,16.04.2024 12:44:26,2,62,Dolnośląskie,40,Gastroenterologia,2024/006845,Pozarezydencki,72.48,4.30,25.03.2024 16:12:14,1,NIE,,
w-2024,11,16.04.2024,16.04.2024 12:44:26,2,62,Dolnośląskie,41,Genetyka kliniczna,2024/002470,Rezydencki,82.44,3.73,28.02.2024 09:13:39,1,NIE,,
w-2024,11,16.04.2024,16.04.2024 12:44:26,2,62,Dolnośląskie,42,Genetyka kliniczna,2024/005307,Pozarezydencki,75.45,4.09,24.02.2024 17:04:37,1,NIE,,
w-2024,11,16.04.2024,16.04.2024 12:44:26,2,62,Dolnośląskie,43,Ginekologia onkologiczna,2024/004899,Pozarezydencki,81.00,2.75,21.02.2024 16:20:34,1,NIE,,
w-2024,11,16.04.2024,16.04.2024 12:44:26,2,62,Dolnośląskie,44,Hematologia,2024/006626,Rezydencki,81.22,4.07,28.02.2024 23:17:09,2,NIE,,
w-2024,11,16.04.2024,16.04.2024 12:44:26,2,62,Dolnośląskie,45,Hematologia,2024/003417,Rezydencki,79.13,0.00,27.02.2024 17:48:38,2,NIE,,
w-2024,11,16.04.2024,16.04.2024 12:44:26,2,62,Dolnośląskie,46,Hematologia,2024/003470,Pozarezydencki,89.09,4.51,23.02.2024 22:15:44,1,NIE,,
w-2024,11,16.04.2024,16.04.2024 12:44:26,2,62,Dolnośląskie,47,Kardiochirurgia,2024/006157,Pozarezydencki,64.52,3.17,27.02.2024 16:05:42,1,NIE,,
w-2024,11,16.04.2024,16.04.2024 12:44:26,2,62,Dolnośląskie,48,Kardiologia,2024/005400,Rezydencki,87.44,4.63,27.02.2024 18:38:23,6,NIE,,
w-2024,11,16.04.2024,16.04.2024 12:44:26,2,62,Dolnośląskie,49,Kardiologia,2024/005116,Rezydencki,87.44,4.41,28.02.2024 20:14:36,6,NIE,,
w-2024,11,16.04.2024,16.04.2024 12:44:26,2,62,Dolnośląskie,50,Kardiologia,2024/004988,Rezydencki,87.44,4.12,11.03.2024 19:24:40,6,NIE,,
w-2024,11,16.04.2024,16.04.2024 12:44:26,2,62,Dolnośląskie,51,Kardiologia,2024/002529,Rezydencki,86.83,3.58,21.03.2024 19:33:36,6,NIE,,
w-2024,11,16.04.2024,16.04.2024 12:44:26,2,62,Dolnośląskie,52,Kardiologia,2024/007343,Rezydencki,82.44,3.65,28.02.2024 22:48:48,6,NIE,,
w-2024,11,16.04.2024,16.04.2024 12:44:26,2,62,Dolnośląskie,53,Kardiologia,2024/006404,Rezydencki,81.64,3.39,09.03.2024 08:58:32,6,NIE,,
w-2024,11,16.04.2024,16.04.2024 12:44:26,2,62,Dolnośląskie,54,Kardiologia,2024/004393,Pozarezydencki,73.02,3.93,08.03.2024 15:41:50,2,NIE,,
w-2024,11,16.04.2024,16.04.2024 12:44:26,2,62,Dolnośląskie,55,Kardiologia,2024/004390,Pozarezydencki,72.05,3.99,28.02.2024 08:38:55,2,NIE,,
w-2024,11,16.04.2024,16.04.2024 12:44:26,2,62,Dolnośląskie,56,Kardiologia dziecięca,2024/006387,Rezydencki,87.92,4.17,18.03.2024 19:36:57,1,NIE,,
w-2024,11,16.04.2024,16.04.2024 12:44:26,2,62,Dolnośląskie,57,Kardiologia dziecięca,2024/006879,Pozarezydencki,77.42,4.15,28.02.2024 22:43:12,2,NIE,,
w-2024,11,16.04.2024,16.04.2024 12:44:26,2,62,Dolnośląskie,58,Kardiologia dziecięca,2024/002345,Pozarezydencki,73.18,3.15,22.02.2024 17:51:38,2,NIE,,
w-2024,11,16.04.2024,16.04.2024 12:44:26,2,62,Dolnośląskie,59,Medycyna paliatywna,2024/004696,Pozarezydencki,89.09,4.64,19.03.2024 02:26:23,3,NIE,,
w-2024,11,16.04.2024,16.04.2024 12:44:26,2,62,Dolnośląskie,60,Medycyna paliatywna,2024/002242,Pozarezydencki,76.91,3.75,22.02.2024 16:05:28,3,NIE,,
w-2024,11,16.04.2024,16.04.2024 12:44:26,2,62,Dolnośląskie,61,Medycyna paliatywna,2024/007290,Pozarezydencki,66.51,3.73,14.03.2024 19:10:06,3,NIE,,
w-2024,11,16.04.2024,16.04.2024 12:44:26,2,62,Dolnośląskie,62,Medycyna pracy,2024/003063,Pozarezydencki,79.91,4.02,18.03.2024 21:34:15,2,NIE,,
w-2024,11,16.04.2024,16.04.2024 12:44:26,2,62,Dolnośląskie,63,Medycyna pracy,2024/003416,Pozarezydencki,70.91,3.31,14.03.2024 09:40:46,2,NIE,,
w-2024,11,16.04.2024,16.04.2024 12:44:26,2,62,Dolnośląskie,64,Medycyna ratunkowa,2024/004706,Pozarezydencki,4.55,3.36,20.02.2024 15:34:13,1,NIE,,
w-2024,11,16.04.2024,16.04.2024 12:44:26,2,62,Dolnośląskie,65,Medycyna rodzinna,2024/003475,Rezydencki,89.71,4.60,26.02.2024 22:26:16,16,NIE,,
w-2024,11,16.04.2024,16.04.2024 12:44:26,2,62,Dolnośląskie,66,Medycyna rodzinna,2024/005854,Rezydencki,89.37,4.43,26.02.2024 20:50:54,16,NIE,,
w-2024,11,16.04.2024,16.04.2024 12:44:26,2,62,Dolnośląskie,67,Medycyna rodzinna,2024/006481,Rezydencki,86.71,4.21,28.02.2024 23:46:02,16,NIE,,
w-2024,11,16.04.2024,16.04.2024 12:44:26,2,62,Dolnośląskie,68,Medycyna rodzinna,2024/002324,Rezydencki,84.88,4.11,15.02.2024 09:20:30,16,NIE,,
w-2024,11,16.04.2024,16.04.2024 12:44:26,2,62,Dolnośląskie,69,Medycyna rodzinna,2024/004438,Rezydencki,82.93,4.75,28.02.2024 14:03:09,16,NIE,,
w-2024,11,16.04.2024,16.04.2024 12:44:26,2,62,Dolnośląskie,70,Medycyna rodzinna,2024/003611,Rezydencki,81.95,4.41,22.02.2024 15:18:31,16,NIE,,
w-2024,11,16.04.2024,16.04.2024 12:44:26,2,62,Dolnośląskie,71,Medycyna rodzinna,2024/005470,Rezydencki,81.95,4.17,25.02.2024 17:13:31,16,NIE,,
w-2024,11,16.04.2024,16.04.2024 12:44:26,2,62,Dolnośląskie,72,Medycyna rodzinna,2024/004807,Rezydencki,80.98,3.62,20.02.2024 22:20:19,16,NIE,,
w-2024,11,16.04.2024,16.04.2024 12:44:26,2,62,Dolnośląskie,73,Medycyna rodzinna,2024/002442,Rezydencki,80.48,3.06,03.02.2024 01:32:23,16,NIE,,
w-2024,11,16.04.2024,16.04.2024 12:44:26,2,62,Dolnośląskie,74,Medycyna rodzinna,2024/002863,Rezydencki,79.51,0.00,25.03.2024 15:37:57,16,NIE,,
w-2024,11,16.04.2024,16.04.2024 12:44:26,3,62,Dolnośląskie,75,Medycyna rodzinna,2024/002603,Rezydencki,79.23,3.28,04.02.2024 19:03:54,16,NIE,,
w-2024,11,16.04.2024,16.04.2024 12:44:26,3,62,Dolnośląskie,76,Medycyna rodzinna,2024/005292,Rezydencki,78.54,3.54,28.02.2024 07:01:29,16,NIE,,
w-2024,11,16.04.2024,16.04.2024 12:44:26,3,62,Dolnośląskie,77,Medycyna rodzinna,2024/005444,Rezydencki,77.94,4.18,27.02.2024 20:12:47,16,NIE,,
w-2024,11,16.04.2024,16.04.2024 12:44:26,3,62,Dolnośląskie,78,Medycyna rodzinna,2024/006853,Rezydencki,74.29,4.10,28.02.2024 16:27:04,16,NIE,,
w-2024,11,16.04.2024,16.04.2024 12:44:26,3,62,Dolnośląskie,79,Medycyna rodzinna,2024/007372,Rezydencki,71.01,0.00,23.03.2024 18:29:57,16,NIE,,
w-2024,11,16.04.2024,16.04.2024 12:44:26,3,62,Dolnośląskie,80,Medycyna rodzinna,2024/002661,Rezydencki,0.00,4.83,06.02.2024 10:48:31,16,NIE,,
w-2024,11,16.04.2024,16.04.2024 12:44:26,3,62,Dolnośląskie,81,Medycyna rodzinna,2024/003855,Pozarezydencki,67.59,0.00,14.02.2024 09:05:44,1,NIE,,
w-2024,11,16.04.2024,16.04.2024 12:44:26,3,62,Dolnośląskie,82,Medycyna sportowa,2024/004260,Pozarezydencki,61.21,3.87,19.02.2024 12:38:33,1,NIE,,
w-2024,11,16.04.2024,16.04.2024 12:44:26,3,62,Dolnośląskie,83,Medycyna sądowa,2024/004373,Rezydencki,74.40,3.52,19.03.2024 12:37:58,1,NIE,,
w-2024,11,16.04.2024,16.04.2024 12:44:26,3,62,Dolnośląskie,84,Nefrologia dziecięca,2024/006538,Rezydencki,87.44,4.26,28.02.2024 23:39:16,1,NIE,,
w-2024,11,16.04.2024,16.04.2024 12:44:26,3,62,Dolnośląskie,85,Neonatologia,2024/004968,Rezydencki,75.85,3.20,15.03.2024 21:58:31,1,NIE,,
w-2024,11,16.04.2024,16.04.2024 12:44:26,3,62,Dolnośląskie,86,Neurologia,2024/002558,Rezydencki,82.44,4.15,04.02.2024 15:16:15,3,NIE,,
w-2024,11,16.04.2024,16.04.2024 12:44:26,3,62,Dolnośląskie,87,Neurologia,2024/002277,Rezydencki,82.37,3.99,28.02.2024 22:38:47,3,NIE,,
w-2024,11,16.04.2024,16.04.2024 12:44:26,3,62,Dolnośląskie,88,Neurologia,2024/006126,Rezydencki,78.74,3.70,28.02.2024 19:39:43,3,NIE,,
w-2024,11,16.04.2024,16.04.2024 12:44:26,3,62,Dolnośląskie,89,Neurologia,2024/004096,Pozarezydencki,0.00,3.22,15.02.2024 21:05:54,1,NIE,,
w-2024,11,16.04.2024,16.04.2024 12:44:26,3,62,Dolnośląskie,90,Okulistyka,2024/005815,Rezydencki,89.13,4.52,16.03.2024 12:16:11,5,NIE,,
w-2024,11,16.04.2024,16.04.2024 12:44:26,3,62,Dolnośląskie,91,Okulistyka,2024/004837,Rezydencki,88.48,4.21,27.02.2024 22:15:28,5,NIE,,
w-2024,11,16.04.2024,16.04.2024 12:44:26,3,62,Dolnośląskie,92,Okulistyka,2024/006977,Rezydencki,88.29,4.28,28.02.2024 19:49:53,5,NIE,,
w-2024,11,16.04.2024,16.04.2024 12:44:26,3,62,Dolnośląskie,93,Okulistyka,2024/002268,Rezydencki,87.80,4.00,01.02.2024 19:06:07,5,NIE,,
w-2024,11,16.04.2024,16.04.2024 12:44:26,3,62,Dolnośląskie,94,Okulistyka,2024/002533,Rezydencki,86.83,3.60,11.02.2024 19:46:01,5,NIE,,
w-2024,11,16.04.2024,16.04.2024 12:44:26,3,62,Dolnośląskie,95,Okulistyka,2024/006530,Pozarezydencki,82.03,3.54,12.03.2024 12:21:13,2,NIE,,
w-2024,11,16.04.2024,16.04.2024 12:44:26,3,62,Dolnośląskie,96,Okulistyka,2024/006506,Pozarezydencki,79.26,3.76,27.02.2024 23:40:33,2,NIE,,
w-2024,11,16.04.2024,16.04.2024 12:44:26,3,62,Dolnośląskie,97,Onkologia i hematologia dziecięca,2024/005209,Pozarezydencki,74.31,3.79,14.03.2024 10:51:02,1,NIE,,
w-2024,11,16.04.2024,16.04.2024 12:44:26,3,62,Dolnośląskie,98,Ortopedia i traumatologia narządu ruchu,2024/003074,Rezydencki,81.64,3.66,07.02.2024 20:20:41,10,NIE,,
w-2024,11,16.04.2024,16.04.2024 12:44:26,3,62,Dolnośląskie,99,Ortopedia i traumatologia narządu ruchu,2024/002233,Rezydencki,79.71,4.14,01.02.2024 17:28:17,10,NIE,,
w-2024,11,16.04.2024,16.04.2024 12:44:26,3,62,Dolnośląskie,100,Ortopedia i traumatologia narządu ruchu,2024/005924,Rezydencki,79.41,0.00,28.02.2024 19:51:56,10,NIE,,
w-2024,11,16.04.2024,16.04.2024 12:44:26,3,62,Dolnośląskie,101,Ortopedia i traumatologia narządu ruchu,2024/005561,Rezydencki,79.23,3.59,27.02.2024 20:07:14,10,NIE,,
w-2024,11,16.04.2024,16.04.2024 12:44:26,3,62,Dolnośląskie,102,Ortopedia i traumatologia narządu ruchu,2024/003838,Rezydencki,79.02,3.53,20.02.2024 19:40:27,10,NIE,,
w-2024,11,16.04.2024,16.04.2024 12:44:26,3,62,Dolnośląskie,103,Ortopedia i traumatologia narządu ruchu,2024/006947,Rezydencki,76.33,3.23,15.03.2024 10:49:26,10,NIE,,
w-2024,11,16.04.2024,16.04.2024 12:44:26,3,62,Dolnośląskie,104,Ortopedia i traumatologia narządu ruchu,2024/007264,Rezydencki,75.36,3.24,28.02.2024 22:02:42,10,NIE,,
w-2024,11,16.04.2024,16.04.2024 12:44:26,3,62,Dolnośląskie,105,Ortopedia i traumatologia narządu ruchu,2024/005782,Rezydencki,60.87,3.40,26.02.2024 17:40:47,10,NIE,,
w-2024,11,16.04.2024,16.04.2024 12:44:26,3,62,Dolnośląskie,106,Ortopedia i traumatologia narządu ruchu,2024/006565,Rezydencki,56.31,0.00,28.02.2024 08:17:57,10,NIE,,
w-2024,11,16.04.2024,16.04.2024 12:44:26,3,62,Dolnośląskie,107,Ortopedia i traumatologia narządu ruchu,2024/002258,Rezydencki,56.04,3.60,14.03.2024 19:20:28,10,NIE,,
w-2024,11,16.04.2024,16.04.2024 12:44:26,3,62,Dolnośląskie,108,Otorynolaryngologia,2024/006129,Rezydencki,87.20,3.80,28.02.2024 22:42:12,1,NIE,,
w-2024,11,16.04.2024,16.04.2024 12:44:26,3,62,Dolnośląskie,109,Pediatria,2024/005390,Rezydencki,86.76,4.07,28.02.2024 16:31:14,6,NIE,,
w-2024,11,16.04.2024,16.04.2024 12:44:26,3,62,Dolnośląskie,110,Pediatria,2024/003489,Rezydencki,85.37,4.87,25.02.2024 18:55:28,6,NIE,,
w-2024,11,16.04.2024,16.04.2024 12:44:26,3,62,Dolnośląskie,111,Pediatria,2024/003717,Rezydencki,83.09,4.69,18.03.2024 15:37:40,6,NIE,,
w-2024,11,16.04.2024,16.04.2024 12:44:26,3,62,Dolnośląskie,112,Pediatria,2024/006760,Rezydencki,80.19,4.31,28.02.2024 14:27:55,6,NIE,,
w-2024,11,16.04.2024,16.04.2024 12:44:26,4,62,Dolnośląskie,113,Pediatria,2024/002091,Rezydencki,78.74,4.73,28.02.2024 18:43:09,6,NIE,,
w-2024,11,16.04.2024,16.04.2024 12:44:26,4,62,Dolnośląskie,114,Pediatria,2024/006320,Rezydencki,61.35,3.56,28.02.2024 18:50:19,6,NIE,,
w-2024,11,16.04.2024,16.04.2024 12:44:26,4,62,Dolnośląskie,115,Pediatria,2024/002120,Pozarezydencki,75.45,0.00,01.02.2024 11:06:57,3,NIE,,
w-2024,11,16.04.2024,16.04.2024 12:44:26,4,62,Dolnośląskie,116,Pediatria,2024/005278,Pozarezydencki,62.39,4.01,27.02.2024 17:53:01,3,NIE,,
w-2024,11,16.04.2024,16.04.2024 12:44:26,4,62,Dolnośląskie,117,Pediatria,2024/007370,Pozarezydencki,0.23,3.21,24.03.2024 19:53:12,3,NIE,,
w-2024,11,16.04.2024,16.04.2024 12:44:26,4,62,Dolnośląskie,118,Periodontologia,2024/007058,Rezydencki,83.65,4.54,28.02.2024 22:59:06,2,NIE,,
w-2024,11,16.04.2024,16.04.2024 12:44:26,4,62,Dolnośląskie,119,Periodontologia,2024/003699,Rezydencki,83.57,4.20,26.02.2024 23:34:56,2,NIE,,
w-2024,11,16.04.2024,16.04.2024 12:44:26,4,62,Dolnośląskie,120,Położnictwo i ginekologia,2024/004366,Rezydencki,87.32,4.82,18.02.2024 16:36:54,13,NIE,,
w-2024,11,16.04.2024,16.04.2024 12:44:26,4,62,Dolnośląskie,121,Położnictwo i ginekologia,2024/005770,Rezydencki,86.83,4.70,28.02.2024 18:41:59,13,NIE,,
w-2024,11,16.04.2024,16.04.2024 12:44:26,4,62,Dolnośląskie,122,Położnictwo i ginekologia,2024/002612,Rezydencki,85.51,3.60,18.03.2024 14:55:30,13,NIE,,
w-2024,11,16.04.2024,16.04.2024 12:44:26,4,62,Dolnośląskie,123,Położnictwo i ginekologia,2024/007352,Rezydencki,83.90,3.61,21.03.2024 14:06:08,13,NIE,,
w-2024,11,16.04.2024,16.04.2024 12:44:26,4,62,Dolnośląskie,124,Położnictwo i ginekologia,2024/002183,Rezydencki,82.93,3.82,01.02.2024 14:06:25,13,NIE,,
w-2024,11,16.04.2024,16.04.2024 12:44:26,4,62,Dolnośląskie,125,Położnictwo i ginekologia,2024/006361,Rezydencki,81.88,3.88,27.02.2024 21:29:19,13,NIE,,
w-2024,11,16.04.2024,16.04.2024 12:44:26,4,62,Dolnośląskie,126,Położnictwo i ginekologia,2024/004873,Rezydencki,80.98,3.81,28.02.2024 17:24:43,13,NIE,,
w-2024,11,16.04.2024,16.04.2024 12:44:26,4,62,Dolnośląskie,127,Położnictwo i ginekologia,2024/006910,Rezydencki,80.68,4.72,28.02.2024 23:36:40,13,NIE,,
w-2024,11,16.04.2024,16.04.2024 12:44:26,4,62,Dolnośląskie,128,Położnictwo i ginekologia,2024/005367,Rezydencki,78.74,4.60,28.02.2024 17:47:49,13,NIE,,
w-2024,11,16.04.2024,16.04.2024 12:44:26,4,62,Dolnośląskie,129,Położnictwo i ginekologia,2024/005781,Rezydencki,77.45,0.00,27.02.2024 16:53:52,13,NIE,,
w-2024,11,16.04.2024,16.04.2024 12:44:26,4,62,Dolnośląskie,130,Położnictwo i ginekologia,2024/006774,Rezydencki,76.33,4.31,20.03.2024 08:17:03,13,NIE,,
w-2024,11,16.04.2024,16.04.2024 12:44:26,4,62,Dolnośląskie,131,Położnictwo i ginekologia,2024/007297,Rezydencki,71.50,4.04,14.03.2024 23:52:12,13,NIE,,
w-2024,11,16.04.2024,16.04.2024 12:44:26,4,62,Dolnośląskie,132,Położnictwo i ginekologia,2024/005130,Rezydencki,61.95,3.78,28.02.2024 23:03:54,13,NIE,,
w-2024,11,16.04.2024,16.04.2024 12:44:26,4,62,Dolnośląskie,133,Protetyka stomatologiczna,2024/004587,Rezydencki,85.99,4.28,19.02.2024 21:06:49,2,NIE,,
w-2024,11,16.04.2024,16.04.2024 12:44:26,4,62,Dolnośląskie,134,Protetyka stomatologiczna,2024/007445,Rezydencki,83.17,0.00,28.02.2024 23:57:35,2,NIE,,
w-2024,11,16.04.2024,16.04.2024 12:44:26,4,62,Dolnośląskie,135,Psychiatria,2024/002066,Rezydencki,86.96,3.79,18.03.2024 18:27:15,8,NIE,,
w-2024,11,16.04.2024,16.04.2024 12:44:26,4,62,Dolnośląskie,136,Psychiatria,2024/006076,Rezydencki,86.71,3.74,18.03.2024 17:12:55,8,NIE,,
w-2024,11,16.04.2024,16.04.2024 12:44:26,4,62,Dolnośląskie,137,Psychiatria,2024/004276,Rezydencki,86.27,4.26,23.02.2024 20:49:37,8,NIE,,
w-2024,11,16.04.2024,16.04.2024 12:44:26,4,62,Dolnośląskie,138,Psychiatria,2024/005423,Rezydencki,86.27,3.94,27.02.2024 09:51:21,8,NIE,,
w-2024,11,16.04.2024,16.04.2024 12:44:26,4,62,Dolnośląskie,139,Psychiatria,2024/003813,Rezydencki,85.99,3.97,28.02.2024 23:14:59,8,NIE,,
w-2024,11,16.04.2024,16.04.2024 12:44:26,4,62,Dolnośląskie,140,Psychiatria,2024/005609,Rezydencki,85.78,3.98,26.02.2024 06:23:09,8,NIE,,
w-2024,11,16.04.2024,16.04.2024 12:44:26,4,62,Dolnośląskie,141,Psychiatria,2024/002401,Rezydencki,85.78,3.76,22.02.2024 16:32:17,8,NIE,,
w-2024,11,16.04.2024,16.04.2024 12:44:26,4,62,Dolnośląskie,142,Psychiatria,2024/005704,Rezydencki,85.51,3.98,26.02.2024 13:06:46,8,NIE,,
w-2024,11,16.04.2024,16.04.2024 12:44:26,4,62,Dolnośląskie,143,Psychiatria,2024/003438,Pozarezydencki,83.72,3.88,14.02.2024 09:21:22,3,NIE,,
w-2024,11,16.04.2024,16.04.2024 12:44:26,4,62,Dolnośląskie,144,Psychiatria,2024/006393,Pozarezydencki,70.56,3.34,27.02.2024 21:56:41,3,NIE,,
w-2024,11,16.04.2024,16.04.2024 12:44:26,4,62,Dolnośląskie,145,Psychiatria,2024/005468,Pozarezydencki,44.44,3.63,25.02.2024 17:20:20,3,NIE,,
w-2024,11,16.04.2024,16.04.2024 12:44:26,4,62,Dolnośląskie,146,Psychiatria dzieci i młodzieży,2024/002793,Rezydencki,88.89,3.86,27.02.2024 01:01:48,2,NIE,,
w-2024,11,16.04.2024,16.04.2024 12:44:26,4,62,Dolnośląskie,147,Psychiatria dzieci i młodzieży,2024/006184,Rezydencki,88.24,3.86,28.02.2024 21:16:02,2,NIE,,
w-2024,11,16.04.2024,16.04.2024 12:44:26,4,62,Dolnośląskie,148,Psychiatria dzieci i młodzieży,2024/004036,Pozarezydencki,83.18,4.19,22.02.2024 11:33:59,3,NIE,,
w-2024,11,16.04.2024,16.04.2024 12:44:26,4,62,Dolnośląskie,149,Psychiatria dzieci i młodzieży,2024/004947,Pozarezydencki,78.97,3.70,22.02.2024 12:25:51,3,NIE,,
w-2024,11,16.04.2024,16.04.2024 12:44:26,4,62,Dolnośląskie,150,Psychiatria dzieci i młodzieży,2024/004402,Pozarezydencki,75.45,3.39,19.02.2024 12:32:44,3,NIE,,
w-2024,11,16.04.2024,16.04.2024 12:44:26,5,62,Dolnośląskie,151,Radiologia i diagnostyka obrazowa,2024/003034,Rezydencki,88.89,3.92,11.03.2024 10:39:06,5,NIE,,
w-2024,11,16.04.2024,16.04.2024 12:44:26,5,62,Dolnośląskie,152,Radiologia i diagnostyka obrazowa,2024/005701,Rezydencki,87.44,4.78,11.03.2024 08:58:22,5,NIE,,
w-2024,11,16.04.2024,16.04.2024 12:44:26,5,62,Dolnośląskie,153,Radiologia i diagnostyka obrazowa,2024/007236,Rezydencki,87.32,4.04,16.03.2024 21:16:16,5,NIE,,
w-2024,11,16.04.2024,16.04.2024 12:44:26,5,62,Dolnośląskie,154,Radiologia i diagnostyka obrazowa,2024/005926,Rezydencki,86.34,3.47,28.02.2024 18:29:14,5,NIE,,
w-2024,11,16.04.2024,16.04.2024 12:44:26,5,62,Dolnośląskie,155,Radiologia i diagnostyka obrazowa,2024/006288,Rezydencki,85.75,3.92,27.02.2024 20:20:31,5,NIE,,
w-2024,11,16.04.2024,16.04.2024 12:44:26,5,62,Dolnośląskie,156,Radiologia i diagnostyka obrazowa,2024/002282,Pozarezydencki,81.78,3.99,11.03.2024 15:24:24,4,NIE,,
w-2024,11,16.04.2024,16.04.2024 12:44:26,5,62,Dolnośląskie,157,Radiologia i diagnostyka obrazowa,2024/004429,Pozarezydencki,78.04,4.37,28.02.2024 07:52:34,4,NIE,,
w-2024,11,16.04.2024,16.04.2024 12:44:26,5,62,Dolnośląskie,158,Radiologia i diagnostyka obrazowa,2024/005128,Pozarezydencki,75.81,4.09,23.02.2024 08:28:49,4,NIE,,
w-2024,11,16.04.2024,16.04.2024 12:44:26,5,62,Dolnośląskie,159,Radiologia i diagnostyka obrazowa,2024/006354,Pozarezydencki,72.35,4.29,28.02.2024 18:31:16,4,NIE,,
w-2024,11,16.04.2024,16.04.2024 12:44:26,5,62,Dolnośląskie,160,Rehabilitacja medyczna,2024/004750,Rezydencki,70.19,4.05,25.02.2024 19:31:36,1,NIE,,
w-2024,11,16.04.2024,16.04.2024 12:44:26,5,62,Dolnośląskie,161,Rehabilitacja medyczna,2024/003128,Pozarezydencki,89.09,5.00,22.02.2024 10:38:08,1,NIE,,
w-2024,11,16.04.2024,16.04.2024 12:44:26,5,62,Dolnośląskie,162,Reumatologia,2024/002500,Rezydencki,90.73,4.26,28.02.2024 11:24:48,1,NIE,,
w-2024,11,16.04.2024,16.04.2024 12:44:26,5,62,Dolnośląskie,163,Reumatologia,2024/002993,Pozarezydencki,76.59,4.43,21.02.2024 11:12:45,2,NIE,,
w-2024,11,16.04.2024,16.04.2024 12:44:26,5,62,Dolnośląskie,164,Reumatologia,2024/005071,Pozarezydencki,71.56,4.45,22.02.2024 16:30:54,2,NIE,,
w-2024,11,16.04.2024,16.04.2024 12:44:26,5,62,Dolnośląskie,165,Stomatologia dziecięca,2024/002528,Rezydencki,80.38,3.85,04.02.2024 12:06:23,2,NIE,,
w-2024,11,16.04.2024,16.04.2024 12:44:26,5,62,Dolnośląskie,166,Stomatologia dziecięca,2024/005439,Rezydencki,78.95,4.15,25.02.2024 15:17:15,2,NIE,,
w-2024,11,16.04.2024,16.04.2024 12:44:26,5,62,Dolnośląskie,167,Stomatologia dziecięca,2024/007295,Pozarezydencki,69.09,3.95,28.02.2024 22:15:56,2,NIE,,
w-2024,11,16.04.2024,16.04.2024 12:44:26,5,62,Dolnośląskie,168,Stomatologia dziecięca,2024/003590,Pozarezydencki,59.63,0.00,13.03.2024 23:10:50,2,NIE,,
w-2024,11,16.04.2024,16.04.2024 12:44:26,5,62,Dolnośląskie,169,Stomatologia zachowawcza z endodoncją,2024/004050,Rezydencki,71.15,0.00,15.02.2024 14:02:37,2,NIE,,
w-2024,11,16.04.2024,16.04.2024 12:44:26,5,62,Dolnośląskie,170,Stomatologia zachowawcza z endodoncją,2024/005838,Rezydencki,66.67,3.80,26.02.2024 20:20:22,2,NIE,,
w-2024,11,16.04.2024,16.04.2024 12:44:26,5,62,Dolnośląskie,171,Transplantologia kliniczna,2024/002148,Pozarezydencki,80.00,0.00,02.02.2024 07:21:36,2,NIE,,
w-2024,11,16.04.2024,16.04.2024 12:44:26,5,62,Dolnośląskie,172,Transplantologia kliniczna,2024/004957,Pozarezydencki,70.91,3.46,28.02.2024 23:11:14,2,NIE,,
w-2024,11,16.04.2024,16.04.2024 12:44:26,5,62,Dolnośląskie,173,Urologia,2024/007235,Rezydencki,85.99,3.82,25.03.2024 12:44:32,3,NIE,,
w-2024,11,16.04.2024,16.04.2024 12:44:26,5,62,Dolnośląskie,174,Urologia,2024/005353,Rezydencki,84.54,3.96,04.03.2024 19:23:08,3,NIE,,
w-2024,11,16.04.2024,16.04.2024 12:44:26,5,62,Dolnośląskie,175,Urologia,2024/006269,Rezydencki,84.54,3.84,18.03.2024 15:45:51,3,NIE,,
w-2024,11,16.04.2024,16.04.2024 12:44:26,5,62,Dolnośląskie,1,Stomatologia dziecięca,2024/006223,Rezydencki,58.89,0.00,27.02.2024 18:49:25,1,TAK,"""STOMATOLOGICZNE CENTRUM TRANSFERU TECHNOLOGII"" SPÓŁKA Z OGRANICZONĄ ODPOWIEDZIALNOŚCIĄ",NZOZ Akademicka Poliklinika Stomatologiczna Poradnia Stomatologiczna
w-2024,11,16.04.2024,16.04.2024 12:44:26,5,62,Dolnośląskie,1,Dermatologia i wenerologia,2024/002480,Rezydencki,87.20,3.64,28.02.2024 14:41:15,1,TAK,Uniwersytecki Szpital Kliniczny im. Jana Mikulicza-Radeckiego we Wrocławiu,"Klinika Dermatologii, Wenerologii i Alergologii"
w-2024,11,16.04.2024,16.04.2024 12:44:26,5,62,Dolnośląskie,1,Psychiatria,2024/006352,Rezydencki,89.86,4.34,27.02.2024 21:24:34,1,TAK,Uniwersytecki Szpital Kliniczny im. Jana Mikulicza-Radeckiego we Wrocławiu,Klinika Psychiatrii Oddział Kliniczny Psychiatryczny i Psychogeriatryczny
w-2024,11,16.04.2024,16.04.2024 12:44:26,6,62,Kujawsko-pomorskie,1,Alergologia,2024/004853,Rezydencki,87.99,4.05,28.02.2024 19:47:57,1,NIE,,
w-2024,11,16.04.2024,16.04.2024 12:44:26,6,62,Kujawsko-pomorskie,2,Alergologia,2024/004300,Pozarezydencki,70.91,3.85,19.02.2024 19:51:32,1,NIE,,
w-2024,11,16.04.2024,16.04.2024 12:44:26,6,62,Kujawsko-pomorskie,3,Anestezjologia i intensywna terapia,2024/004337,Rezydencki,86.34,4.32,13.03.2024 11:00:13,2,NIE,,
w-2024,11,16.04.2024,16.04.2024 12:44:26,6,62,Kujawsko-pomorskie,4,Anestezjologia i intensywna terapia,2024/006206,Rezydencki,83.09,3.53,28.02.2024 19:31:53,2,NIE,,
w-2024,11,16.04.2024,16.04.2024 12:44:26,6,62,Kujawsko-pomorskie,5,Anestezjologia i intensywna terapia,2024/005486,Pozarezydencki,78.14,3.76,27.02.2024 23:23:18,2,NIE,,
w-2024,11,16.04.2024,16.04.2024 12:44:26,6,62,Kujawsko-pomorskie,6,Anestezjologia i intensywna terapia,2024/002478,Pozarezydencki,55.50,3.51,22.03.2024 10:39:12,2,NIE,,
w-2024,11,16.04.2024,16.04.2024 12:44:26,6,62,Kujawsko-pomorskie,7,Chirurgia dziecięca,2024/006372,Rezydencki,73.53,4.01,17.03.2024 20:34:44,1,NIE,,
w-2024,11,16.04.2024,16.04.2024 12:44:26,6,62,Kujawsko-pomorskie,8,Chirurgia klatki piersiowej,2024/002156,Rezydencki,87.92,4.03,19.02.2024 14:19:51,1,NIE,,
w-2024,11,16.04.2024,16.04.2024 12:44:26,6,62,Kujawsko-pomorskie,9,Chirurgia naczyniowa,2024/004350,Pozarezydencki,70.91,3.55,08.03.2024 12:17:56,1,NIE,,
w-2024,11,16.04.2024,16.04.2024 12:44:26,6,62,Kujawsko-pomorskie,10,Chirurgia ogólna,2024/005304,Rezydencki,79.05,3.35,20.03.2024 13:22:29,2,NIE,,
w-2024,11,16.04.2024,16.04.2024 12:44:26,6,62,Kujawsko-pomorskie,11,Chirurgia ogólna,2024/002095,Rezydencki,60.87,3.11,13.03.2024 10:36:57,2,NIE,,
w-2024,11,16.04.2024,16.04.2024 12:44:26,6,62,Kujawsko-pomorskie,12,Chirurgia onkologiczna,2024/002195,Pozarezydencki,77.14,3.37,18.03.2024 06:29:07,3,NIE,,
w-2024,11,16.04.2024,16.04.2024 12:44:26,6,62,Kujawsko-pomorskie,13,Chirurgia onkologiczna,2024/004944,Pozarezydencki,70.91,3.34,28.02.2024 19:42:39,3,NIE,,
w-2024,11,16.04.2024,16.04.2024 12:44:26,6,62,Kujawsko-pomorskie,14,Chirurgia onkologiczna,2024/002912,Pozarezydencki,70.91,0.00,13.03.2024 14:40:39,3,NIE,,
w-2024,11,16.04.2024,16.04.2024 12:44:26,6,62,Kujawsko-pomorskie,15,Chirurgia stomatologiczna,2024/006966,Rezydencki,86.19,4.59,13.03.2024 18:03:22,1,NIE,,
w-2024,11,16.04.2024,16.04.2024 12:44:26,6,62,Kujawsko-pomorskie,16,Choroby płuc,2024/004567,Rezydencki,88.16,4.15,25.02.2024 20:15:58,3,NIE,,
w-2024,11,16.04.2024,16.04.2024 12:44:26,6,62,Kujawsko-pomorskie,17,Choroby płuc,2024/006311,Rezydencki,85.27,4.39,28.02.2024 21:57:04,3,NIE,,
w-2024,11,16.04.2024,16.04.2024 12:44:26,6,62,Kujawsko-pomorskie,18,Choroby płuc,2024/006062,Rezydencki,82.13,3.57,28.02.2024 23:02:16,3,NIE,,
w-2024,11,16.04.2024,16.04.2024 12:44:26,6,62,Kujawsko-pomorskie,19,Choroby płuc dzieci,2024/003996,Pozarezydencki,72.90,4.31,20.03.2024 11:19:23,1,NIE,,
w-2024,11,16.04.2024,16.04.2024 12:44:26,6,62,Kujawsko-pomorskie,20,Choroby wewnętrzne,2024/004042,Rezydencki,80.49,4.14,15.02.2024 13:42:45,1,NIE,,
w-2024,11,16.04.2024,16.04.2024 12:44:26,6,62,Kujawsko-pomorskie,21,Choroby wewnętrzne,2024/005837,Pozarezydencki,76.64,3.85,28.02.2024 16:31:49,2,NIE,,
w-2024,11,16.04.2024,16.04.2024 12:44:26,6,62,Kujawsko-pomorskie,22,Choroby wewnętrzne,2024/006672,Pozarezydencki,71.73,3.88,13.03.2024 14:04:43,2,NIE,,
w-2024,11,16.04.2024,16.04.2024 12:44:26,6,62,Kujawsko-pomorskie,23,Endokrynologia,2024/004479,Rezydencki,90.82,4.12,19.02.2024 10:47:36,2,NIE,,
w-2024,11,16.04.2024,16.04.2024 12:44:26,6,62,Kujawsko-pomorskie,24,Endokrynologia,2024/007346,Rezydencki,90.34,4.20,08.03.2024 20:58:09,2,NIE,,
w-2024,11,16.04.2024,16.04.2024 12:44:26,6,62,Kujawsko-pomorskie,25,Farmakologia kliniczna,2024/004476,Pozarezydencki,78.18,3.67,18.03.2024 08:55:17,1,NIE,,
w-2024,11,16.04.2024,16.04.2024 12:44:26,6,62,Kujawsko-pomorskie,26,Gastroenterologia dziecięca,2024/003462,Pozarezydencki,80.00,4.48,18.03.2024 21:25:26,2,NIE,,
w-2024,11,16.04.2024,16.04.2024 12:44:26,6,62,Kujawsko-pomorskie,27,Gastroenterologia dziecięca,2024/006293,Pozarezydencki,80.00,0.00,15.03.2024 17:59:14,2,NIE,,
w-2024,11,16.04.2024,16.04.2024 12:44:26,6,62,Kujawsko-pomorskie,28,Genetyka kliniczna,2024/003730,Pozarezydencki,75.45,3.24,13.03.2024 11:58:19,1,NIE,,
w-2024,11,16.04.2024,16.04.2024 12:44:26,6,62,Kujawsko-pomorskie,29,Hematologia,2024/003461,Pozarezydencki,64.49,3.12,18.02.2024 19:07:08,1,NIE,,
w-2024,11,16.04.2024,16.04.2024 12:44:26,6,62,Kujawsko-pomorskie,30,Kardiologia,2024/007102,Rezydencki,85.99,3.34,07.03.2024 15:30:49,1,NIE,,
w-2024,11,16.04.2024,16.04.2024 12:44:26,6,62,Kujawsko-pomorskie,31,Kardiologia,2024/005166,Pozarezydencki,84.55,4.22,19.03.2024 17:40:21,2,NIE,,
w-2024,11,16.04.2024,16.04.2024 12:44:26,6,62,Kujawsko-pomorskie,32,Kardiologia,2024/007336,Pozarezydencki,73.27,3.34,28.02.2024 22:41:16,2,NIE,,
w-2024,11,16.04.2024,16.04.2024 12:44:26,6,62,Kujawsko-pomorskie,33,Medycyna paliatywna,2024/005604,Rezydencki,78.74,4.13,28.02.2024 19:45:47,1,NIE,,
w-2024,11,16.04.2024,16.04.2024 12:44:26,6,62,Kujawsko-pomorskie,34,Medycyna paliatywna,2024/003157,Pozarezydencki,66.36,3.21,26.03.2024 08:37:43,2,NIE,,
w-2024,11,16.04.2024,16.04.2024 12:44:26,6,62,Kujawsko-pomorskie,35,Medycyna paliatywna,2024/004488,Pozarezydencki,6.14,3.00,25.03.2024 09:48:14,2,NIE,,
w-2024,11,16.04.2024,16.04.2024 12:44:26,6,62,Kujawsko-pomorskie,36,Medycyna pracy,2024/005535,Pozarezydencki,80.00,3.85,25.02.2024 20:40:16,5,NIE,,
w-2024,11,16.04.2024,16.04.2024 12:44:26,6,62,Kujawsko-pomorskie,37,Medycyna pracy,2024/002409,Pozarezydencki,73.61,4.42,20.03.2024 08:41:47,5,NIE,,
w-2024,11,16.04.2024,16.04.2024 12:44:26,6,62,Kujawsko-pomorskie,38,Medycyna pracy,2024/002482,Pozarezydencki,67.89,3.03,19.03.2024 15:56:54,5,NIE,,
w-2024,11,16.04.2024,16.04.2024 12:44:26,7,62,Kujawsko-pomorskie,39,Medycyna pracy,2024/006604,Pozarezydencki,61.82,2.94,12.03.2024 09:41:42,5,NIE,,
w-2024,11,16.04.2024,16.04.2024 12:44:26,7,62,Kujawsko-pomorskie,40,Medycyna pracy,2024/003015,Pozarezydencki,61.82,0.00,07.02.2024 13:47:43,5,NIE,,
w-2024,11,16.04.2024,16.04.2024 12:44:26,7,62,Kujawsko-pomorskie,41,Medycyna rodzinna,2024/005731,Rezydencki,87.92,4.03,06.03.2024 22:33:24,7,NIE,,
w-2024,11,16.04.2024,16.04.2024 12:44:26,7,62,Kujawsko-pomorskie,42,Medycyna rodzinna,2024/007130,Rezydencki,87.44,3.98,07.03.2024 15:41:15,7,NIE,,
w-2024,11,16.04.2024,16.04.2024 12:44:26,7,62,Kujawsko-pomorskie,43,Medycyna rodzinna,2024/003969,Rezydencki,86.96,4.22,26.02.2024 23:07:55,7,NIE,,
w-2024,11,16.04.2024,16.04.2024 12:44:26,7,62,Kujawsko-pomorskie,44,Medycyna rodzinna,2024/005790,Rezydencki,80.68,3.66,21.03.2024 08:17:01,7,NIE,,
w-2024,11,16.04.2024,16.04.2024 12:44:26,7,62,Kujawsko-pomorskie,45,Medycyna rodzinna,2024/004623,Rezydencki,69.08,3.49,15.03.2024 08:48:18,7,NIE,,
w-2024,11,16.04.2024,16.04.2024 12:44:26,7,62,Kujawsko-pomorskie,46,Medycyna rodzinna,2024/002417,Rezydencki,54.63,4.28,14.03.2024 20:22:45,7,NIE,,
w-2024,11,16.04.2024,16.04.2024 12:44:26,7,62,Kujawsko-pomorskie,47,Medycyna rodzinna,2024/004314,Rezydencki,54.59,3.70,15.03.2024 20:52:40,7,NIE,,
w-2024,11,16.04.2024,16.04.2024 12:44:26,7,62,Kujawsko-pomorskie,48,Medycyna rodzinna,2024/005480,Pozarezydencki,75.91,3.78,17.03.2024 18:18:10,3,NIE,,
w-2024,11,16.04.2024,16.04.2024 12:44:26,7,62,Kujawsko-pomorskie,49,Medycyna rodzinna,2024/002492,Pozarezydencki,62.84,0.00,19.03.2024 12:45:06,3,NIE,,
w-2024,11,16.04.2024,16.04.2024 12:44:26,7,62,Kujawsko-pomorskie,50,Medycyna rodzinna,2024/005362,Pozarezydencki,55.61,3.21,25.03.2024 10:09:51,3,NIE,,
w-2024,11,16.04.2024,16.04.2024 12:44:26,7,62,Kujawsko-pomorskie,51,Nefrologia,2024/003583,Pozarezydencki,75.45,3.16,15.03.2024 05:19:23,1,NIE,,
w-2024,11,16.04.2024,16.04.2024 12:44:26,7,62,Kujawsko-pomorskie,52,Neonatologia,2024/006834,Pozarezydencki,68.64,3.55,13.03.2024 08:12:45,1,NIE,,
w-2024,11,16.04.2024,16.04.2024 12:44:26,7,62,Kujawsko-pomorskie,53,Neurologia,2024/006796,Rezydencki,84.06,3.37,14.03.2024 21:44:49,2,NIE,,
w-2024,11,16.04.2024,16.04.2024 12:44:26,7,62,Kujawsko-pomorskie,54,Neurologia,2024/006409,Rezydencki,68.12,3.60,18.03.2024 15:17:41,2,NIE,,
w-2024,11,16.04.2024,16.04.2024 12:44:26,7,62,Kujawsko-pomorskie,55,Neurologia,2024/004975,Pozarezydencki,77.88,3.66,27.03.2024 08:37:12,1,NIE,,
w-2024,11,16.04.2024,16.04.2024 12:44:26,7,62,Kujawsko-pomorskie,56,Neurologia dziecięca,2024/006675,Pozarezydencki,64.15,3.37,07.03.2024 10:20:27,1,NIE,,
w-2024,11,16.04.2024,16.04.2024 12:44:26,7,62,Kujawsko-pomorskie,57,Okulistyka,2024/007446,Rezydencki,86.47,4.17,28.02.2024 23:59:20,1,NIE,,
w-2024,11,16.04.2024,16.04.2024 12:44:26,7,62,Kujawsko-pomorskie,58,Okulistyka,2024/002453,Pozarezydencki,82.49,3.82,03.02.2024 12:24:50,1,NIE,,
w-2024,11,16.04.2024,16.04.2024 12:44:26,7,62,Kujawsko-pomorskie,59,Ortopedia i traumatologia narządu ruchu,2024/006572,Rezydencki,88.24,4.27,04.03.2024 10:36:52,4,NIE,,
w-2024,11,16.04.2024,16.04.2024 12:44:26,7,62,Kujawsko-pomorskie,60,Ortopedia i traumatologia narządu ruchu,2024/003961,Rezydencki,82.35,3.58,14.02.2024 18:34:19,4,NIE,,
w-2024,11,16.04.2024,16.04.2024 12:44:26,7,62,Kujawsko-pomorskie,61,Ortopedia i traumatologia narządu ruchu,2024/002631,Rezydencki,80.88,3.55,04.02.2024 21:55:52,4,NIE,,
w-2024,11,16.04.2024,16.04.2024 12:44:26,7,62,Kujawsko-pomorskie,62,Ortopedia i traumatologia narządu ruchu,2024/005501,Rezydencki,79.71,3.25,28.02.2024 21:00:17,4,NIE,,
w-2024,11,16.04.2024,16.04.2024 12:44:26,7,62,Kujawsko-pomorskie,63,Patomorfologia,2024/003816,Rezydencki,84.54,4.48,27.03.2024 13:14:03,1,NIE,,
w-2024,11,16.04.2024,16.04.2024 12:44:26,7,62,Kujawsko-pomorskie,64,Pediatria,2024/004302,Rezydencki,87.44,4.62,28.02.2024 21:52:15,3,NIE,,
w-2024,11,16.04.2024,16.04.2024 12:44:26,7,62,Kujawsko-pomorskie,65,Pediatria,2024/004894,Rezydencki,85.51,4.13,12.03.2024 19:39:12,3,NIE,,
w-2024,11,16.04.2024,16.04.2024 12:44:26,7,62,Kujawsko-pomorskie,66,Pediatria,2024/005508,Rezydencki,80.68,4.22,28.02.2024 18:44:53,3,NIE,,
w-2024,11,16.04.2024,16.04.2024 12:44:26,7,62,Kujawsko-pomorskie,67,Położnictwo i ginekologia,2024/004094,Rezydencki,86.47,4.45,28.02.2024 19:26:26,2,NIE,,
w-2024,11,16.04.2024,16.04.2024 12:44:26,7,62,Kujawsko-pomorskie,68,Położnictwo i ginekologia,2024/005685,Rezydencki,70.10,4.28,18.03.2024 12:25:31,2,NIE,,
w-2024,11,16.04.2024,16.04.2024 12:44:26,7,62,Kujawsko-pomorskie,69,Protetyka stomatologiczna,2024/002586,Rezydencki,81.64,4.30,18.03.2024 08:59:48,2,NIE,,
w-2024,11,16.04.2024,16.04.2024 12:44:26,7,62,Kujawsko-pomorskie,70,Protetyka stomatologiczna,2024/002551,Rezydencki,80.38,3.86,28.02.2024 19:38:09,2,NIE,,
w-2024,11,16.04.2024,16.04.2024 12:44:26,7,62,Kujawsko-pomorskie,71,Protetyka stomatologiczna,2024/006808,Pozarezydencki,67.05,3.69,28.02.2024 15:45:23,1,NIE,,
w-2024,11,16.04.2024,16.04.2024 12:44:26,7,62,Kujawsko-pomorskie,72,Psychiatria,2024/002802,Rezydencki,89.86,4.23,28.02.2024 19:29:25,7,NIE,,
w-2024,11,16.04.2024,16.04.2024 12:44:26,7,62,Kujawsko-pomorskie,73,Psychiatria,2024/007014,Rezydencki,86.83,4.60,15.03.2024 11:02:43,7,NIE,,
w-2024,11,16.04.2024,16.04.2024 12:44:26,7,62,Kujawsko-pomorskie,74,Psychiatria,2024/003845,Rezydencki,85.99,3.92,13.03.2024 23:53:10,7,NIE,,
w-2024,11,16.04.2024,16.04.2024 12:44:26,7,62,Kujawsko-pomorskie,75,Psychiatria,2024/004310,Rezydencki,85.37,3.88,28.02.2024 20:18:01,7,NIE,,
w-2024,11,16.04.2024,16.04.2024 12:44:26,7,62,Kujawsko-pomorskie,76,Psychiatria,2024/002542,Rezydencki,81.64,3.70,19.03.2024 12:06:30,7,NIE,,
w-2024,11,16.04.2024,16.04.2024 12:44:26,8,62,Kujawsko-pomorskie,77,Psychiatria,2024/006235,Rezydencki,76.33,3.85,13.03.2024 12:20:49,7,NIE,,
w-2024,11,16.04.2024,16.04.2024 12:44:26,8,62,Kujawsko-pomorskie,78,Psychiatria,2024/002906,Rezydencki,72.46,3.63,04.03.2024 12:25:47,7,NIE,,
w-2024,11,16.04.2024,16.04.2024 12:44:26,8,62,Kujawsko-pomorskie,79,Psychiatria,2024/005494,Pozarezydencki,74.53,3.72,13.03.2024 09:16:28,1,NIE,,
w-2024,11,16.04.2024,16.04.2024 12:44:26,8,62,Kujawsko-pomorskie,80,Psychiatria dzieci i młodzieży,2024/004561,Rezydencki,87.92,4.43,27.02.2024 18:17:33,1,NIE,,
w-2024,11,16.04.2024,16.04.2024 12:44:26,8,62,Kujawsko-pomorskie,81,Radiologia i diagnostyka obrazowa,2024/002838,Rezydencki,89.46,4.58,27.02.2024 22:30:11,5,NIE,,
w-2024,11,16.04.2024,16.04.2024 12:44:26,8,62,Kujawsko-pomorskie,82,Radiologia i diagnostyka obrazowa,2024/005686,Rezydencki,88.41,3.84,12.03.2024 15:11:13,5,NIE,,
w-2024,11,16.04.2024,16.04.2024 12:44:26,8,62,Kujawsko-pomorskie,83,Radiologia i diagnostyka obrazowa,2024/002284,Rezydencki,87.92,4.28,28.02.2024 21:16:43,5,NIE,,
w-2024,11,16.04.2024,16.04.2024 12:44:26,8,62,Kujawsko-pomorskie,84,Radiologia i diagnostyka obrazowa,2024/003980,Rezydencki,87.44,3.71,12.03.2024 17:24:19,5,NIE,,
w-2024,11,16.04.2024,16.04.2024 12:44:26,8,62,Kujawsko-pomorskie,85,Radiologia i diagnostyka obrazowa,2024/006401,Rezydencki,87.44,3.39,13.03.2024 08:57:26,5,NIE,,
w-2024,11,16.04.2024,16.04.2024 12:44:26,8,62,Kujawsko-pomorskie,86,Radiologia i diagnostyka obrazowa,2024/006262,Pozarezydencki,82.24,3.89,15.03.2024 16:52:51,2,NIE,,
w-2024,11,16.04.2024,16.04.2024 12:44:26,8,62,Kujawsko-pomorskie,87,Radiologia i diagnostyka obrazowa,2024/007300,Pozarezydencki,65.00,0.00,07.03.2024 23:35:11,2,NIE,,
w-2024,11,16.04.2024,16.04.2024 12:44:26,8,62,Kujawsko-pomorskie,88,Reumatologia,2024/003389,Rezydencki,89.37,4.07,28.02.2024 19:31:17,1,NIE,,
w-2024,11,16.04.2024,16.04.2024 12:44:26,8,62,Kujawsko-pomorskie,89,Reumatologia,2024/003561,Pozarezydencki,82.95,4.31,28.02.2024 17:02:35,1,NIE,,
w-2024,11,16.04.2024,16.04.2024 12:44:26,8,62,Kujawsko-pomorskie,90,Stomatologia dziecięca,2024/004764,Rezydencki,73.81,3.18,15.03.2024 11:40:26,2,NIE,,
w-2024,11,16.04.2024,16.04.2024 12:44:26,8,62,Kujawsko-pomorskie,91,Stomatologia dziecięca,2024/003739,Rezydencki,73.79,3.12,14.03.2024 23:29:47,2,NIE,,
w-2024,11,16.04.2024,16.04.2024 12:44:26,8,62,Kujawsko-pomorskie,92,Stomatologia zachowawcza z endodoncją,2024/007381,Rezydencki,67.79,3.30,19.03.2024 23:25:47,1,NIE,,
w-2024,11,16.04.2024,16.04.2024 12:44:26,8,62,Kujawsko-pomorskie,1,Chirurgia naczyniowa,2024/002660,Rezydencki,89.27,3.86,13.03.2024 20:00:27,1,TAK,Szpital Uniwersytecki nr 1 im. dr. A. Jurasza w Bydgoszczy,Klinika Chirurgii Naczyniowej i Angiologii
w-2024,11,16.04.2024,16.04.2024 12:44:26,8,62,Lubelskie,1,Alergologia,2024/006298,Rezydencki,90.34,3.98,28.02.2024 18:18:18,1,NIE,,
w-2024,11,16.04.2024,16.04.2024 12:44:26,8,62,Lubelskie,2,Anestezjologia i intensywna terapia,2024/007260,Rezydencki,91.79,4.16,20.03.2024 12:23:09,5,NIE,,
w-2024,11,16.04.2024,16.04.2024 12:44:26,8,62,Lubelskie,3,Anestezjologia i intensywna terapia,2024/006734,Rezydencki,87.92,4.29,28.02.2024 20:22:14,5,NIE,,
w-2024,11,16.04.2024,16.04.2024 12:44:26,8,62,Lubelskie,4,Anestezjologia i intensywna terapia,2024/003802,Rezydencki,87.92,3.69,04.03.2024 10:03:46,5,NIE,,
w-2024,11,16.04.2024,16.04.2024 12:44:26,8,62,Lubelskie,5,Anestezjologia i intensywna terapia,2024/005240,Rezydencki,87.44,3.69,04.03.2024 19:18:42,5,NIE,,
w-2024,11,16.04.2024,16.04.2024 12:44:26,8,62,Lubelskie,6,Anestezjologia i intensywna terapia,2024/004321,Rezydencki,86.03,3.91,12.03.2024 18:48:06,5,NIE,,
w-2024,11,16.04.2024,16.04.2024 12:44:26,8,62,Lubelskie,7,Anestezjologia i intensywna terapia,2024/006825,Pozarezydencki,58.96,0.00,06.03.2024 15:05:31,1,NIE,,
w-2024,11,16.04.2024,16.04.2024 12:44:26,8,62,Lubelskie,8,Chirurgia naczyniowa,2024/006491,Rezydencki,84.80,3.56,07.03.2024 21:42:32,1,NIE,,
w-2024,11,16.04.2024,16.04.2024 12:44:26,8,62,Lubelskie,9,Chirurgia ogólna,2024/003601,Rezydencki,87.32,4.56,04.03.2024 13:30:40,3,NIE,,
w-2024,11,16.04.2024,16.04.2024 12:44:26,8,62,Lubelskie,10,Chirurgia ogólna,2024/005374,Rezydencki,68.60,3.42,28.02.2024 17:07:08,3,NIE,,
w-2024,11,16.04.2024,16.04.2024 12:44:26,8,62,Lubelskie,11,Chirurgia ogólna,2024/006147,Rezydencki,65.53,3.32,17.03.2024 10:59:44,3,NIE,,
w-2024,11,16.04.2024,16.04.2024 12:44:26,8,62,Lubelskie,12,Chirurgia onkologiczna,2024/003476,Pozarezydencki,84.55,4.17,07.03.2024 19:30:11,3,NIE,,
w-2024,11,16.04.2024,16.04.2024 12:44:26,9,62,Lubelskie,13,Chirurgia onkologiczna,2024/003556,Pozarezydencki,75.45,0.00,13.03.2024 19:19:36,3,NIE,,
w-2024,11,16.04.2024,16.04.2024 12:44:26,9,62,Lubelskie,14,Chirurgia onkologiczna,2024/002164,Pozarezydencki,66.67,3.46,06.03.2024 09:08:51,3,NIE,,
w-2024,11,16.04.2024,16.04.2024 12:44:26,9,62,Lubelskie,15,Chirurgia plastyczna,2024/006984,Rezydencki,89.76,3.84,15.03.2024 16:00:10,1,NIE,,
w-2024,11,16.04.2024,16.04.2024 12:44:26,9,62,Lubelskie,16,Chirurgia plastyczna,2024/002050,Pozarezydencki,84.33,4.20,04.03.2024 16:12:02,1,NIE,,
w-2024,11,16.04.2024,16.04.2024 12:44:26,9,62,Lubelskie,17,Chirurgia stomatologiczna,2024/002059,Rezydencki,88.89,4.72,07.03.2024 16:05:03,1,NIE,,
w-2024,11,16.04.2024,16.04.2024 12:44:26,9,62,Lubelskie,18,Choroby płuc,2024/007129,Rezydencki,66.67,3.49,08.03.2024 00:37:12,1,NIE,,
w-2024,11,16.04.2024,16.04.2024 12:44:26,9,62,Lubelskie,19,Choroby wewnętrzne,2024/004954,Rezydencki,89.76,0.00,21.02.2024 21:34:12,2,NIE,,
w-2024,11,16.04.2024,16.04.2024 12:44:26,9,62,Lubelskie,20,Choroby wewnętrzne,2024/006134,Rezydencki,79.02,3.25,06.03.2024 09:48:03,2,NIE,,
w-2024,11,16.04.2024,16.04.2024 12:44:26,9,62,Lubelskie,21,Choroby wewnętrzne,2024/003932,Pozarezydencki,73.85,4.36,13.03.2024 11:26:03,2,NIE,,
w-2024,11,16.04.2024,16.04.2024 12:44:26,9,62,Lubelskie,22,Choroby wewnętrzne,2024/004308,Pozarezydencki,54.63,0.00,22.03.2024 15:29:44,2,NIE,,
w-2024,11,16.04.2024,16.04.2024 12:44:26,9,62,Lubelskie,23,Choroby zakaźne,2024/005185,Pozarezydencki,64.58,2.92,13.03.2024 14:14:38,1,NIE,,
w-2024,11,16.04.2024,16.04.2024 12:44:26,9,62,Lubelskie,24,Dermatologia i wenerologia,2024/003287,Rezydencki,94.20,4.71,26.02.2024 09:59:12,3,NIE,,
w-2024,11,16.04.2024,16.04.2024 12:44:26,9,62,Lubelskie,25,Dermatologia i wenerologia,2024/007441,Rezydencki,91.30,4.29,04.03.2024 19:59:06,3,NIE,,
w-2024,11,16.04.2024,16.04.2024 12:44:26,9,62,Lubelskie,26,Dermatologia i wenerologia,2024/006763,Rezydencki,91.22,3.60,15.03.2024 11:55:49,3,NIE,,
w-2024,11,16.04.2024,16.04.2024 12:44:26,9,62,Lubelskie,27,Diabetologia,2024/003725,Pozarezydencki,89.09,4.34,08.03.2024 17:49:06,1,NIE,,
w-2024,11,16.04.2024,16.04.2024 12:44:26,9,62,Lubelskie,28,Endokrynologia,2024/005452,Rezydencki,93.72,4.43,27.02.2024 23:28:18,1,NIE,,
w-2024,11,16.04.2024,16.04.2024 12:44:26,9,62,Lubelskie,29,Gastroenterologia,2024/003620,Pozarezydencki,78.60,3.88,07.03.2024 22:37:55,1,NIE,,
w-2024,11,16.04.2024,16.04.2024 12:44:26,9,62,Lubelskie,30,Gastroenterologia dziecięca,2024/002626,Pozarezydencki,71.14,0.00,11.03.2024 10:44:35,1,NIE,,
w-2024,11,16.04.2024,16.04.2024 12:44:26,9,62,Lubelskie,31,Geriatria,2024/005048,Rezydencki,67.96,3.94,07.03.2024 10:44:10,1,NIE,,
w-2024,11,16.04.2024,16.04.2024 12:44:26,9,62,Lubelskie,32,Geriatria,2024/005482,Pozarezydencki,79.86,4.16,08.03.2024 18:13:43,1,NIE,,
w-2024,11,16.04.2024,16.04.2024 12:44:26,9,62,Lubelskie,33,Ginekologia onkologiczna,2024/005871,Pozarezydencki,73.86,3.30,15.03.2024 19:03:37,1,NIE,,
w-2024,11,16.04.2024,16.04.2024 12:44:26,9,62,Lubelskie,34,Hematologia,2024/006207,Rezydencki,89.13,4.47,05.03.2024 20:42:38,1,NIE,,
w-2024,11,16.04.2024,16.04.2024 12:44:26,9,62,Lubelskie,35,Hematologia,2024/006430,Pozarezydencki,75.45,4.29,07.03.2024 21:26:39,2,NIE,,
w-2024,11,16.04.2024,16.04.2024 12:44:26,9,62,Lubelskie,36,Hematologia,2024/003400,Pozarezydencki,65.89,3.56,10.02.2024 20:15:56,2,NIE,,
w-2024,11,16.04.2024,16.04.2024 12:44:26,9,62,Lubelskie,37,Hipertensjologia,2024/005601,Pozarezydencki,74.09,3.42,22.03.2024 16:18:15,1,NIE,,
w-2024,11,16.04.2024,16.04.2024 12:44:26,9,62,Lubelskie,38,Kardiologia,2024/006116,Rezydencki,89.27,4.41,06.03.2024 10:05:05,5,NIE,,
w-2024,11,16.04.2024,16.04.2024 12:44:26,9,62,Lubelskie,39,Kardiologia,2024/006050,Rezydencki,85.51,3.38,15.03.2024 13:31:04,5,NIE,,
w-2024,11,16.04.2024,16.04.2024 12:44:26,9,62,Lubelskie,40,Kardiologia,2024/005939,Rezydencki,85.29,3.98,28.02.2024 22:21:17,5,NIE,,
w-2024,11,16.04.2024,16.04.2024 12:44:26,9,62,Lubelskie,41,Kardiologia,2024/006908,Rezydencki,84.15,3.87,07.03.2024 16:34:11,5,NIE,,
w-2024,11,16.04.2024,16.04.2024 12:44:26,9,62,Lubelskie,42,Kardiologia,2024/007423,Rezydencki,80.98,4.00,07.03.2024 22:34:38,5,NIE,,
w-2024,11,16.04.2024,16.04.2024 12:44:26,9,62,Lubelskie,43,Kardiologia,2024/006471,Pozarezydencki,80.00,0.00,04.03.2024 13:21:13,1,NIE,,
w-2024,11,16.04.2024,16.04.2024 12:44:26,9,62,Lubelskie,44,Medycyna paliatywna,2024/007201,Pozarezydencki,70.91,0.00,08.03.2024 09:58:25,2,NIE,,
w-2024,11,16.04.2024,16.04.2024 12:44:26,9,62,Lubelskie,45,Medycyna paliatywna,2024/007041,Pozarezydencki,61.82,4.18,24.03.2024 11:11:36,2,NIE,,
w-2024,11,16.04.2024,16.04.2024 12:44:26,9,62,Lubelskie,46,Medycyna pracy,2024/002203,Rezydencki,84.80,4.60,04.03.2024 12:12:04,1,NIE,,
w-2024,11,16.04.2024,16.04.2024 12:44:26,9,62,Lubelskie,47,Medycyna rodzinna,2024/004614,Rezydencki,89.76,4.45,20.02.2024 19:05:03,3,NIE,,
w-2024,11,16.04.2024,16.04.2024 12:44:26,9,62,Lubelskie,48,Medycyna rodzinna,2024/006324,Rezydencki,86.52,3.96,04.03.2024 20:23:06,3,NIE,,
w-2024,11,16.04.2024,16.04.2024 12:44:26,9,62,Lubelskie,49,Medycyna rodzinna,2024/004528,Rezydencki,68.29,3.07,19.02.2024 13:23:44,3,NIE,,
w-2024,11,16.04.2024,16.04.2024 12:44:26,9,62,Lubelskie,50,Medycyna rodzinna,2024/004301,Pozarezydencki,90.55,4.46,06.03.2024 17:14:41,2,NIE,,
w-2024,11,16.04.2024,16.04.2024 12:44:26,10,62,Lubelskie,51,Medycyna rodzinna,2024/004781,Pozarezydencki,84.55,4.31,08.03.2024 09:01:16,2,NIE,,
w-2024,11,16.04.2024,16.04.2024 12:44:26,10,62,Lubelskie,52,Medycyna sądowa,2024/003309,Rezydencki,62.93,3.60,28.02.2024 18:35:25,1,NIE,,
w-2024,11,16.04.2024,16.04.2024 12:44:26,10,62,Lubelskie,53,Mikrobiologia lekarska,2024/006464,Pozarezydencki,66.59,4.30,07.03.2024 22:33:42,1,NIE,,
w-2024,11,16.04.2024,16.04.2024 12:44:26,10,62,Lubelskie,54,Nefrologia,2024/005057,Pozarezydencki,70.91,0.00,11.03.2024 12:33:00,1,NIE,,
w-2024,11,16.04.2024,16.04.2024 12:44:26,10,62,Lubelskie,55,Nefrologia dziecięca,2024/006974,Rezydencki,82.35,3.45,28.02.2024 22:49:52,1,NIE,,
w-2024,11,16.04.2024,16.04.2024 12:44:26,10,62,Lubelskie,56,Neurochirurgia,2024/002362,Rezydencki,82.38,3.53,08.03.2024 11:30:17,1,NIE,,
w-2024,11,16.04.2024,16.04.2024 12:44:26,10,62,Lubelskie,57,Neurologia,2024/002207,Rezydencki,90.69,4.55,27.02.2024 11:22:52,3,NIE,,
w-2024,11,16.04.2024,16.04.2024 12:44:26,10,62,Lubelskie,58,Neurologia,2024/005187,Rezydencki,88.41,4.96,06.03.2024 21:40:04,3,NIE,,
w-2024,11,16.04.2024,16.04.2024 12:44:26,10,62,Lubelskie,59,Neurologia,2024/005065,Rezydencki,80.00,3.46,27.02.2024 10:51:51,3,NIE,,
w-2024,11,16.04.2024,16.04.2024 12:44:26,10,62,Lubelskie,60,Okulistyka,2024/005875,Rezydencki,89.95,4.63,28.02.2024 18:01:07,3,NIE,,
w-2024,11,16.04.2024,16.04.2024 12:44:26,10,62,Lubelskie,61,Okulistyka,2024/006458,Rezydencki,89.86,3.97,07.03.2024 10:50:35,3,NIE,,
w-2024,11,16.04.2024,16.04.2024 12:44:26,10,62,Lubelskie,62,Okulistyka,2024/004720,Rezydencki,89.71,3.95,07.03.2024 21:27:30,3,NIE,,
w-2024,11,16.04.2024,16.04.2024 12:44:26,10,62,Lubelskie,63,Okulistyka,2024/008327,Pozarezydencki,78.97,3.74,27.03.2024 14:08:10,2,NIE,,
w-2024,11,16.04.2024,16.04.2024 12:44:26,10,62,Lubelskie,64,Okulistyka,2024/006306,Pozarezydencki,67.28,3.23,07.03.2024 22:08:14,2,NIE,,
w-2024,11,16.04.2024,16.04.2024 12:44:26,10,62,Lubelskie,65,Onkologia kliniczna,2024/005415,Rezydencki,88.73,4.21,08.03.2024 12:10:15,2,NIE,,
w-2024,11,16.04.2024,16.04.2024 12:44:26,10,62,Lubelskie,66,Onkologia kliniczna,2024/003419,Rezydencki,78.05,3.58,07.03.2024 12:36:02,2,NIE,,
w-2024,11,16.04.2024,16.04.2024 12:44:26,10,62,Lubelskie,67,Ortodoncja,2024/002398,Rezydencki,89.86,4.07,02.02.2024 17:42:45,1,NIE,,
w-2024,11,16.04.2024,16.04.2024 12:44:26,10,62,Lubelskie,68,Ortopedia i traumatologia narządu ruchu,2024/003028,Rezydencki,83.09,0.00,28.02.2024 19:11:38,4,NIE,,
w-2024,11,16.04.2024,16.04.2024 12:44:26,10,62,Lubelskie,69,Ortopedia i traumatologia narządu ruchu,2024/005442,Rezydencki,81.37,3.95,14.03.2024 20:50:48,4,NIE,,
w-2024,11,16.04.2024,16.04.2024 12:44:26,10,62,Lubelskie,70,Ortopedia i traumatologia narządu ruchu,2024/007208,Rezydencki,79.41,3.64,06.03.2024 15:57:43,4,NIE,,
w-2024,11,16.04.2024,16.04.2024 12:44:26,10,62,Lubelskie,71,Ortopedia i traumatologia narządu ruchu,2024/006253,Rezydencki,75.12,0.00,06.03.2024 21:51:43,4,NIE,,
w-2024,11,16.04.2024,16.04.2024 12:44:26,10,62,Lubelskie,72,Otorynolaryngologia,2024/002300,Pozarezydencki,72.35,3.43,04.03.2024 13:57:00,1,NIE,,
w-2024,11,16.04.2024,16.04.2024 12:44:26,10,62,Lubelskie,73,Patomorfologia,2024/005394,Rezydencki,68.12,3.85,27.02.2024 18:59:57,1,NIE,,
w-2024,11,16.04.2024,16.04.2024 12:44:26,10,62,Lubelskie,74,Patomorfologia,2024/003112,Pozarezydencki,72.81,4.21,04.03.2024 17:39:09,1,NIE,,
w-2024,11,16.04.2024,16.04.2024 12:44:26,10,62,Lubelskie,75,Pediatria,2024/004319,Rezydencki,93.24,4.43,21.02.2024 20:26:01,4,NIE,,
w-2024,11,16.04.2024,16.04.2024 12:44:26,10,62,Lubelskie,76,Pediatria,2024/002400,Rezydencki,89.02,4.80,08.02.2024 14:18:06,4,NIE,,
w-2024,11,16.04.2024,16.04.2024 12:44:26,10,62,Lubelskie,77,Pediatria,2024/005872,Rezydencki,84.54,3.53,26.02.2024 21:16:33,4,NIE,,
w-2024,11,16.04.2024,16.04.2024 12:44:26,10,62,Lubelskie,78,Pediatria,2024/003335,Rezydencki,63.46,0.00,06.03.2024 15:44:26,4,NIE,,
w-2024,11,16.04.2024,16.04.2024 12:44:26,10,62,Lubelskie,79,Pediatria,2024/005006,Pozarezydencki,57.48,0.00,07.03.2024 09:00:32,1,NIE,,
w-2024,11,16.04.2024,16.04.2024 12:44:26,10,62,Lubelskie,80,Periodontologia,2024/003446,Rezydencki,84.62,3.87,11.02.2024 15:54:13,2,NIE,,
w-2024,11,16.04.2024,16.04.2024 12:44:26,10,62,Lubelskie,81,Periodontologia,2024/002629,Rezydencki,83.81,4.18,04.02.2024 21:41:00,2,NIE,,
w-2024,11,16.04.2024,16.04.2024 12:44:26,10,62,Lubelskie,82,Położnictwo i ginekologia,2024/003700,Rezydencki,88.16,4.03,28.02.2024 19:38:27,7,NIE,,
w-2024,11,16.04.2024,16.04.2024 12:44:26,10,62,Lubelskie,83,Położnictwo i ginekologia,2024/005349,Rezydencki,87.07,4.27,07.03.2024 16:47:45,7,NIE,,
w-2024,11,16.04.2024,16.04.2024 12:44:26,10,62,Lubelskie,84,Położnictwo i ginekologia,2024/006373,Rezydencki,82.93,3.21,07.03.2024 20:07:47,7,NIE,,
w-2024,11,16.04.2024,16.04.2024 12:44:26,10,62,Lubelskie,85,Położnictwo i ginekologia,2024/005803,Rezydencki,77.56,3.51,06.03.2024 13:51:30,7,NIE,,
w-2024,11,16.04.2024,16.04.2024 12:44:26,10,62,Lubelskie,86,Położnictwo i ginekologia,2024/006818,Rezydencki,76.96,3.60,28.02.2024 15:36:46,7,NIE,,
w-2024,11,16.04.2024,16.04.2024 12:44:26,10,62,Lubelskie,87,Położnictwo i ginekologia,2024/006170,Rezydencki,71.98,3.67,05.03.2024 12:08:40,7,NIE,,
w-2024,11,16.04.2024,16.04.2024 12:44:26,10,62,Lubelskie,88,Położnictwo i ginekologia,2024/005836,Rezydencki,66.83,3.59,24.03.2024 22:19:41,7,NIE,,
w-2024,11,16.04.2024,16.04.2024 12:44:26,11,62,Lubelskie,89,Psychiatria,2024/007140,Rezydencki,83.33,3.44,15.03.2024 13:52:08,3,NIE,,
w-2024,11,16.04.2024,16.04.2024 12:44:26,11,62,Lubelskie,90,Psychiatria,2024/004824,Rezydencki,82.60,3.56,28.02.2024 16:36:20,3,NIE,,
w-2024,11,16.04.2024,16.04.2024 12:44:26,11,62,Lubelskie,91,Psychiatria,2024/007380,Rezydencki,79.71,3.73,07.03.2024 23:37:12,3,NIE,,
w-2024,11,16.04.2024,16.04.2024 12:44:26,11,62,Lubelskie,92,Psychiatria,2024/002963,Pozarezydencki,70.45,3.14,20.03.2024 07:41:20,1,NIE,,
w-2024,11,16.04.2024,16.04.2024 12:44:26,11,62,Lubelskie,93,Psychiatria dzieci i młodzieży,2024/007143,Rezydencki,85.02,3.50,08.03.2024 11:36:56,1,NIE,,
w-2024,11,16.04.2024,16.04.2024 12:44:26,11,62,Lubelskie,94,Psychiatria dzieci i młodzieży,2024/004886,Pozarezydencki,75.45,0.00,21.02.2024 14:31:29,1,NIE,,
w-2024,11,16.04.2024,16.04.2024 12:44:26,11,62,Lubelskie,95,Radiologia i diagnostyka obrazowa,2024/002404,Rezydencki,92.27,4.64,04.03.2024 16:55:57,11,NIE,,
w-2024,11,16.04.2024,16.04.2024 12:44:26,11,62,Lubelskie,96,Radiologia i diagnostyka obrazowa,2024/006859,Rezydencki,91.71,4.25,28.02.2024 23:25:09,11,NIE,,
w-2024,11,16.04.2024,16.04.2024 12:44:26,11,62,Lubelskie,97,Radiologia i diagnostyka obrazowa,2024/007263,Rezydencki,90.34,3.73,05.03.2024 10:42:23,11,NIE,,
w-2024,11,16.04.2024,16.04.2024 12:44:26,11,62,Lubelskie,98,Radiologia i diagnostyka obrazowa,2024/007268,Rezydencki,87.75,4.50,28.02.2024 23:55:46,11,NIE,,
w-2024,11,16.04.2024,16.04.2024 12:44:26,11,62,Lubelskie,99,Radiologia i diagnostyka obrazowa,2024/002162,Rezydencki,87.75,4.41,19.03.2024 18:00:20,11,NIE,,
w-2024,11,16.04.2024,16.04.2024 12:44:26,11,62,Lubelskie,100,Radiologia i diagnostyka obrazowa,2024/005631,Rezydencki,87.32,3.91,05.03.2024 00:03:43,11,NIE,,
w-2024,11,16.04.2024,16.04.2024 12:44:26,11,62,Lubelskie,101,Radiologia i diagnostyka obrazowa,2024/003129,Rezydencki,86.76,3.37,05.03.2024 19:26:08,11,NIE,,
w-2024,11,16.04.2024,16.04.2024 12:44:26,11,62,Lubelskie,102,Radiologia i diagnostyka obrazowa,2024/007180,Rezydencki,86.52,4.50,28.02.2024 21:20:00,11,NIE,,
w-2024,11,16.04.2024,16.04.2024 12:44:26,11,62,Lubelskie,103,Radiologia i diagnostyka obrazowa,2024/006073,Rezydencki,86.27,3.80,28.02.2024 20:09:11,11,NIE,,
w-2024,11,16.04.2024,16.04.2024 12:44:26,11,62,Lubelskie,104,Radiologia i diagnostyka obrazowa,2024/007169,Rezydencki,85.99,3.96,28.02.2024 21:15:34,11,NIE,,
w-2024,11,16.04.2024,16.04.2024 12:44:26,11,62,Lubelskie,105,Radiologia i diagnostyka obrazowa,2024/003427,Rezydencki,85.99,3.28,05.03.2024 14:29:46,11,NIE,,
w-2024,11,16.04.2024,16.04.2024 12:44:26,11,62,Lubelskie,106,Radiologia i diagnostyka obrazowa,2024/004327,Pozarezydencki,79.67,3.75,18.02.2024 11:23:41,2,NIE,,
w-2024,11,16.04.2024,16.04.2024 12:44:26,11,62,Lubelskie,107,Radiologia i diagnostyka obrazowa,2024/003691,Pozarezydencki,62.15,0.00,16.03.2024 10:26:07,2,NIE,,
w-2024,11,16.04.2024,16.04.2024 12:44:26,11,62,Lubelskie,108,Rehabilitacja medyczna,2024/004755,Pozarezydencki,65.90,3.31,08.03.2024 20:27:43,2,NIE,,
w-2024,11,16.04.2024,16.04.2024 12:44:26,11,62,Lubelskie,109,Rehabilitacja medyczna,2024/003940,Pozarezydencki,58.64,0.00,05.03.2024 09:57:49,2,NIE,,
w-2024,11,16.04.2024,16.04.2024 12:44:26,11,62,Lubelskie,110,Reumatologia,2024/006694,Rezydencki,86.76,4.16,28.02.2024 18:13:03,1,NIE,,
w-2024,11,16.04.2024,16.04.2024 12:44:26,11,62,Lubelskie,111,Stomatologia zachowawcza z endodoncją,2024/004490,Rezydencki,80.48,3.73,05.03.2024 17:14:17,1,NIE,,
w-2024,11,16.04.2024,16.04.2024 12:44:26,11,62,Lubelskie,112,Transplantologia kliniczna,2024/002144,Pozarezydencki,87.64,3.43,06.03.2024 11:49:54,1,NIE,,
w-2024,11,16.04.2024,16.04.2024 12:44:26,11,62,Lubelskie,113,Zdrowie publiczne,2024/006077,Rezydencki,78.85,3.98,07.03.2024 10:59:36,1,NIE,,
w-2024,11,16.04.2024,16.04.2024 12:44:26,11,62,Lubelskie,1,Okulistyka,2024/002732,Rezydencki,76.10,3.57,06.03.2024 14:17:48,1,TAK,UNIWERSYTECKI SZPITAL KLINICZNY NR 1 W LUBLINIE,Klinika Okulistyki Ogolnej
w-2024,11,16.04.2024,16.04.2024 12:44:26,11,62,Lubuskie,1,Anestezjologia i intensywna terapia,2024/002225,Rezydencki,84.80,4.02,01.02.2024 17:03:34,3,NIE,,
w-2024,11,16.04.2024,16.04.2024 12:44:26,11,62,Lubuskie,2,Anestezjologia i intensywna terapia,2024/005454,Rezydencki,81.16,3.50,15.03.2024 16:18:44,3,NIE,,
w-2024,11,16.04.2024,16.04.2024 12:44:26,11,62,Lubuskie,3,Anestezjologia i intensywna terapia,2024/007167,Rezydencki,80.00,3.88,28.02.2024 21:14:45,3,NIE,,
w-2024,11,16.04.2024,16.04.2024 12:44:26,12,62,Lubuskie,4,Chirurgia naczyniowa,2024/002960,Pozarezydencki,75.45,4.55,14.03.2024 14:41:50,2,NIE,,
w-2024,11,16.04.2024,16.04.2024 12:44:26,12,62,Lubuskie,5,Chirurgia naczyniowa,2024/004558,Pozarezydencki,70.91,4.14,11.03.2024 17:34:37,2,NIE,,
w-2024,11,16.04.2024,16.04.2024 12:44:26,12,62,Lubuskie,6,Chirurgia ogólna,2024/004891,Rezydencki,74.02,3.70,13.03.2024 18:42:11,1,NIE,,
w-2024,11,16.04.2024,16.04.2024 12:44:26,12,62,Lubuskie,7,Chirurgia onkologiczna,2024/004840,Pozarezydencki,70.64,4.42,25.03.2024 12:15:35,1,NIE,,
w-2024,11,16.04.2024,16.04.2024 12:44:26,12,62,Lubuskie,8,Choroby płuc,2024/002554,Rezydencki,85.78,3.26,19.02.2024 20:33:45,1,NIE,,
w-2024,11,16.04.2024,16.04.2024 12:44:26,12,62,Lubuskie,9,Choroby wewnętrzne,2024/004251,Rezydencki,87.75,0.00,27.02.2024 16:48:57,1,NIE,,
w-2024,11,16.04.2024,16.04.2024 12:44:26,12,62,Lubuskie,10,Choroby wewnętrzne,2024/003819,Pozarezydencki,70.91,3.23,17.03.2024 21:42:53,1,NIE,,
w-2024,11,16.04.2024,16.04.2024 12:44:26,12,62,Lubuskie,11,Diabetologia,2024/006237,Rezydencki,82.44,4.94,06.03.2024 18:28:46,1,NIE,,
w-2024,11,16.04.2024,16.04.2024 12:44:26,12,62,Lubuskie,12,Diabetologia,2024/004422,Pozarezydencki,85.45,4.61,14.03.2024 21:10:36,2,NIE,,
w-2024,11,16.04.2024,16.04.2024 12:44:26,12,62,Lubuskie,13,Diabetologia,2024/004815,Pozarezydencki,76.91,3.34,15.03.2024 22:57:50,2,NIE,,
w-2024,11,16.04.2024,16.04.2024 12:44:26,12,62,Lubuskie,14,Gastroenterologia,2024/006008,Rezydencki,89.86,3.89,12.03.2024 14:02:31,1,NIE,,
w-2024,11,16.04.2024,16.04.2024 12:44:26,12,62,Lubuskie,15,Gastroenterologia,2024/006788,Pozarezydencki,80.00,4.16,28.02.2024 15:09:03,1,NIE,,
w-2024,11,16.04.2024,16.04.2024 12:44:26,12,62,Lubuskie,16,Medycyna pracy,2024/006637,Rezydencki,84.39,4.02,07.03.2024 14:17:03,2,NIE,,
w-2024,11,16.04.2024,16.04.2024 12:44:26,12,62,Lubuskie,17,Medycyna pracy,2024/007095,Rezydencki,81.62,4.05,11.03.2024 19:59:40,2,NIE,,
w-2024,11,16.04.2024,16.04.2024 12:44:26,12,62,Lubuskie,18,Medycyna pracy,2024/003378,Pozarezydencki,89.55,3.90,10.02.2024 14:28:30,2,NIE,,
w-2024,11,16.04.2024,16.04.2024 12:44:26,12,62,Lubuskie,19,Medycyna pracy,2024/003425,Pozarezydencki,70.91,3.33,07.03.2024 21:07:05,2,NIE,,
w-2024,11,16.04.2024,16.04.2024 12:44:26,12,62,Lubuskie,20,Medycyna rodzinna,2024/004871,Pozarezydencki,0.00,2.52,21.02.2024 13:07:13,1,NIE,,
w-2024,11,16.04.2024,16.04.2024 12:44:26,12,62,Lubuskie,21,Neurochirurgia,2024/006490,Pozarezydencki,80.45,3.41,27.02.2024 23:40:01,2,NIE,,
w-2024,11,16.04.2024,16.04.2024 12:44:26,12,62,Lubuskie,22,Neurochirurgia,2024/006715,Pozarezydencki,76.50,3.89,28.02.2024 16:47:47,2,NIE,,
w-2024,11,16.04.2024,16.04.2024 12:44:26,12,62,Lubuskie,23,Okulistyka,2024/006233,Rezydencki,88.89,4.31,27.02.2024 19:36:45,1,NIE,,
w-2024,11,16.04.2024,16.04.2024 12:44:26,12,62,Lubuskie,24,Okulistyka,2024/006591,Pozarezydencki,81.11,3.84,11.03.2024 11:12:04,1,NIE,,
w-2024,11,16.04.2024,16.04.2024 12:44:26,12,62,Lubuskie,25,Onkologia kliniczna,2024/006806,Pozarezydencki,74.18,0.00,15.03.2024 18:37:29,1,NIE,,
w-2024,11,16.04.2024,16.04.2024 12:44:26,12,62,Lubuskie,26,Ortopedia i traumatologia narządu ruchu,2024/005426,Rezydencki,82.44,3.77,06.03.2024 19:20:24,3,NIE,,
w-2024,11,16.04.2024,16.04.2024 12:44:26,12,62,Lubuskie,27,Ortopedia i traumatologia narządu ruchu,2024/004787,Rezydencki,78.50,3.79,22.02.2024 22:58:42,3,NIE,,
w-2024,11,16.04.2024,16.04.2024 12:44:26,12,62,Lubuskie,28,Ortopedia i traumatologia narządu ruchu,2024/004714,Rezydencki,71.50,0.00,28.02.2024 18:54:43,3,NIE,,
w-2024,11,16.04.2024,16.04.2024 12:44:26,12,62,Lubuskie,29,Pediatria,2024/004283,Rezydencki,85.99,4.04,12.03.2024 14:04:35,3,NIE,,
w-2024,11,16.04.2024,16.04.2024 12:44:26,12,62,Lubuskie,30,Pediatria,2024/007209,Rezydencki,74.40,3.83,28.02.2024 21:46:31,3,NIE,,
w-2024,11,16.04.2024,16.04.2024 12:44:26,12,62,Lubuskie,31,Pediatria,2024/005579,Rezydencki,63.29,3.96,27.02.2024 20:54:28,3,NIE,,
w-2024,11,16.04.2024,16.04.2024 12:44:26,12,62,Lubuskie,32,Pediatria,2024/004418,Pozarezydencki,58.96,3.82,07.03.2024 14:25:19,1,NIE,,
w-2024,11,16.04.2024,16.04.2024 12:44:26,12,62,Lubuskie,33,Periodontologia,2024/002676,Rezydencki,78.10,3.39,06.03.2024 16:35:00,1,NIE,,
w-2024,11,16.04.2024,16.04.2024 12:44:26,12,62,Lubuskie,34,Położnictwo i ginekologia,2024/002763,Rezydencki,85.85,4.04,05.02.2024 18:55:23,2,NIE,,
w-2024,11,16.04.2024,16.04.2024 12:44:26,12,62,Lubuskie,35,Położnictwo i ginekologia,2024/004729,Rezydencki,79.02,0.00,20.02.2024 15:06:57,2,NIE,,
w-2024,11,16.04.2024,16.04.2024 12:44:26,12,62,Lubuskie,36,Położnictwo i ginekologia,2024/004065,Pozarezydencki,64.09,0.00,26.03.2024 14:16:40,1,NIE,,
w-2024,11,16.04.2024,16.04.2024 12:44:26,12,62,Lubuskie,37,Psychiatria,2024/003279,Rezydencki,87.92,4.41,28.02.2024 21:42:55,3,NIE,,
w-2024,11,16.04.2024,16.04.2024 12:44:26,12,62,Lubuskie,38,Psychiatria,2024/005983,Rezydencki,83.33,3.78,28.02.2024 18:15:56,3,NIE,,
w-2024,11,16.04.2024,16.04.2024 12:44:26,12,62,Lubuskie,39,Psychiatria,2024/005754,Rezydencki,54.37,0.00,26.02.2024 15:39:37,3,NIE,,
w-2024,11,16.04.2024,16.04.2024 12:44:26,12,62,Lubuskie,40,Psychiatria dzieci i młodzieży,2024/004099,Rezydencki,82.93,4.14,12.03.2024 14:53:35,1,NIE,,
w-2024,11,16.04.2024,16.04.2024 12:44:26,12,62,Lubuskie,41,Psychiatria dzieci i młodzieży,2024/002616,Pozarezydencki,77.21,3.46,04.02.2024 20:14:59,1,NIE,,
w-2024,11,16.04.2024,16.04.2024 12:44:26,13,62,Lubuskie,42,Radiologia i diagnostyka obrazowa,2024/006877,Pozarezydencki,82.26,3.85,28.02.2024 19:57:30,1,NIE,,
w-2024,11,16.04.2024,16.04.2024 12:44:26,13,62,Lubuskie,43,Urologia,2024/005569,Rezydencki,84.80,4.25,28.02.2024 21:47:53,1,NIE,,
w-2024,11,16.04.2024,16.04.2024 12:44:26,13,62,Lubuskie,44,Urologia,2024/005337,Pozarezydencki,79.26,3.80,28.02.2024 21:20:27,1,NIE,,
w-2024,11,16.04.2024,16.04.2024 12:44:26,13,62,Łódzkie,1,Alergologia,2024/006795,Rezydencki,90.24,3.93,13.03.2024 18:58:15,1,NIE,,
w-2024,11,16.04.2024,16.04.2024 12:44:26,13,62,Łódzkie,2,Alergologia,2024/006627,Pozarezydencki,91.91,4.67,07.03.2024 11:15:11,3,NIE,,
w-2024,11,16.04.2024,16.04.2024 12:44:26,13,62,Łódzkie,3,Alergologia,2024/002114,Pozarezydencki,89.09,4.41,22.03.2024 07:48:47,3,NIE,,
w-2024,11,16.04.2024,16.04.2024 12:44:26,13,62,Łódzkie,4,Alergologia,2024/006893,Pozarezydencki,84.33,0.00,06.03.2024 20:23:05,3,NIE,,
w-2024,11,16.04.2024,16.04.2024 12:44:26,13,62,Łódzkie,5,Anestezjologia i intensywna terapia,2024/003422,Rezydencki,86.47,4.06,11.02.2024 12:00:50,5,NIE,,
w-2024,11,16.04.2024,16.04.2024 12:44:26,13,62,Łódzkie,6,Anestezjologia i intensywna terapia,2024/003843,Rezydencki,83.82,3.82,13.02.2024 22:25:01,5,NIE,,
w-2024,11,16.04.2024,16.04.2024 12:44:26,13,62,Łódzkie,7,Anestezjologia i intensywna terapia,2024/002460,Rezydencki,83.57,3.94,03.02.2024 13:55:21,5,NIE,,
w-2024,11,16.04.2024,16.04.2024 12:44:26,13,62,Łódzkie,8,Anestezjologia i intensywna terapia,2024/006999,Rezydencki,75.61,3.26,01.03.2024 20:48:40,5,NIE,,
w-2024,11,16.04.2024,16.04.2024 12:44:26,13,62,Łódzkie,9,Anestezjologia i intensywna terapia,2024/006587,Rezydencki,71.98,3.49,08.03.2024 09:50:45,5,NIE,,
w-2024,11,16.04.2024,16.04.2024 12:44:26,13,62,Łódzkie,10,Audiologia i foniatria,2024/004198,Pozarezydencki,74.09,0.00,05.03.2024 20:53:49,2,NIE,,
w-2024,11,16.04.2024,16.04.2024 12:44:26,13,62,Łódzkie,11,Audiologia i foniatria,2024/005864,Pozarezydencki,64.09,3.48,07.03.2024 20:34:00,2,NIE,,
w-2024,11,16.04.2024,16.04.2024 12:44:26,13,62,Łódzkie,12,Balneologia i medycyna fizykalna,2024/004315,Pozarezydencki,80.00,3.56,15.03.2024 18:03:29,1,NIE,,
w-2024,11,16.04.2024,16.04.2024 12:44:26,13,62,Łódzkie,13,Chirurgia ogólna,2024/004254,Rezydencki,79.02,3.34,07.03.2024 13:28:05,2,NIE,,
w-2024,11,16.04.2024,16.04.2024 12:44:26,13,62,Łódzkie,14,Chirurgia ogólna,2024/003379,Rezydencki,61.46,3.33,06.03.2024 13:43:17,2,NIE,,
w-2024,11,16.04.2024,16.04.2024 12:44:26,13,62,Łódzkie,15,Chirurgia onkologiczna,2024/004690,Rezydencki,82.13,3.04,21.02.2024 18:35:03,2,NIE,,
w-2024,11,16.04.2024,16.04.2024 12:44:26,13,62,Łódzkie,16,Chirurgia onkologiczna,2024/002088,Rezydencki,81.16,3.47,23.02.2024 09:53:26,2,NIE,,
w-2024,11,16.04.2024,16.04.2024 12:44:26,13,62,Łódzkie,17,Chirurgia onkologiczna,2024/005722,Pozarezydencki,68.86,0.00,28.02.2024 11:31:21,2,NIE,,
w-2024,11,16.04.2024,16.04.2024 12:44:26,13,62,Łódzkie,18,Chirurgia onkologiczna,2024/003663,Pozarezydencki,61.82,3.77,07.03.2024 09:39:48,2,NIE,,
w-2024,11,16.04.2024,16.04.2024 12:44:26,13,62,Łódzkie,19,Chirurgia plastyczna,2024/005984,Rezydencki,91.18,3.75,28.02.2024 22:17:33,1,NIE,,
w-2024,11,16.04.2024,16.04.2024 12:44:26,13,62,Łódzkie,20,Chirurgia stomatologiczna,2024/006539,Rezydencki,86.54,3.37,08.03.2024 18:44:55,1,NIE,,
w-2024,11,16.04.2024,16.04.2024 12:44:26,13,62,Łódzkie,21,Chirurgia stomatologiczna,2024/004712,Pozarezydencki,80.00,4.13,26.03.2024 11:28:38,1,NIE,,
w-2024,11,16.04.2024,16.04.2024 12:44:26,13,62,Łódzkie,22,Chirurgia szczękowo-twarzowa,2024/003492,Rezydencki,84.86,4.11,15.03.2024 15:03:35,2,NIE,,
w-2024,11,16.04.2024,16.04.2024 12:44:26,13,62,Łódzkie,23,Chirurgia szczękowo-twarzowa,2024/003059,Rezydencki,83.97,4.19,18.02.2024 20:22:20,2,NIE,,
w-2024,11,16.04.2024,16.04.2024 12:44:26,13,62,Łódzkie,24,Choroby płuc,2024/006193,Rezydencki,80.88,3.53,28.02.2024 17:55:12,1,NIE,,
w-2024,11,16.04.2024,16.04.2024 12:44:26,13,62,Łódzkie,25,Choroby płuc dzieci,2024/004191,Pozarezydencki,84.55,4.41,11.03.2024 15:00:13,3,NIE,,
w-2024,11,16.04.2024,16.04.2024 12:44:26,13,62,Łódzkie,26,Choroby płuc dzieci,2024/002924,Pozarezydencki,74.31,3.82,15.03.2024 09:04:42,3,NIE,,
w-2024,11,16.04.2024,16.04.2024 12:44:26,13,62,Łódzkie,27,Choroby płuc dzieci,2024/002318,Pozarezydencki,73.60,4.04,12.02.2024 18:49:49,3,NIE,,
w-2024,11,16.04.2024,16.04.2024 12:44:26,13,62,Łódzkie,28,Choroby wewnętrzne,2024/004330,Rezydencki,78.92,4.43,28.02.2024 14:56:38,3,NIE,,
w-2024,11,16.04.2024,16.04.2024 12:44:26,13,62,Łódzkie,29,Choroby wewnętrzne,2024/002089,Rezydencki,78.85,3.95,07.03.2024 09:50:52,3,NIE,,
w-2024,11,16.04.2024,16.04.2024 12:44:26,13,62,Łódzkie,30,Choroby wewnętrzne,2024/006888,Rezydencki,64.88,3.62,28.02.2024 18:04:49,3,NIE,,
w-2024,11,16.04.2024,16.04.2024 12:44:26,13,62,Łódzkie,31,Choroby zakaźne,2024/006093,Pozarezydencki,64.35,0.00,09.03.2024 19:34:49,1,NIE,,
w-2024,11,16.04.2024,16.04.2024 12:44:26,14,62,Łódzkie,32,Dermatologia i wenerologia,2024/004867,Rezydencki,91.22,4.00,28.02.2024 20:32:04,1,NIE,,
w-2024,11,16.04.2024,16.04.2024 12:44:26,14,62,Łódzkie,33,Diabetologia,2024/006198,Rezydencki,85.51,4.33,28.02.2024 19:40:15,3,NIE,,
w-2024,11,16.04.2024,16.04.2024 12:44:26,14,62,Łódzkie,34,Diabetologia,2024/002562,Rezydencki,84.39,3.95,14.03.2024 08:37:04,3,NIE,,
w-2024,11,16.04.2024,16.04.2024 12:44:26,14,62,Łódzkie,35,Diabetologia,2024/007195,Rezydencki,82.84,3.28,06.03.2024 18:56:09,3,NIE,,
w-2024,11,16.04.2024,16.04.2024 12:44:26,14,62,Łódzkie,36,Diabetologia,2024/007228,Pozarezydencki,84.33,0.00,28.02.2024 21:59:25,4,NIE,,
w-2024,11,16.04.2024,16.04.2024 12:44:26,14,62,Łódzkie,37,Diabetologia,2024/003485,Pozarezydencki,77.52,4.37,06.03.2024 17:38:19,4,NIE,,
w-2024,11,16.04.2024,16.04.2024 12:44:26,14,62,Łódzkie,38,Diabetologia,2024/005093,Pozarezydencki,77.08,4.19,07.03.2024 13:53:54,4,NIE,,
w-2024,11,16.04.2024,16.04.2024 12:44:26,14,62,Łódzkie,39,Diabetologia,2024/003934,Pozarezydencki,74.53,4.19,23.03.2024 06:55:47,4,NIE,,
w-2024,11,16.04.2024,16.04.2024 12:44:26,14,62,Łódzkie,40,Endokrynologia,2024/003118,Rezydencki,91.22,3.87,08.02.2024 11:18:15,1,NIE,,
w-2024,11,16.04.2024,16.04.2024 12:44:26,14,62,Łódzkie,41,Gastroenterologia,2024/003986,Rezydencki,91.30,4.32,28.02.2024 19:17:30,5,NIE,,
w-2024,11,16.04.2024,16.04.2024 12:44:26,14,62,Łódzkie,42,Gastroenterologia,2024/003648,Rezydencki,88.78,4.17,22.02.2024 18:39:02,5,NIE,,
w-2024,11,16.04.2024,16.04.2024 12:44:26,14,62,Łódzkie,43,Gastroenterologia,2024/002590,Rezydencki,88.73,4.11,04.02.2024 17:44:55,5,NIE,,
w-2024,11,16.04.2024,16.04.2024 12:44:26,14,62,Łódzkie,44,Gastroenterologia,2024/003697,Rezydencki,88.73,3.83,28.02.2024 23:59:13,5,NIE,,
w-2024,11,16.04.2024,16.04.2024 12:44:26,14,62,Łódzkie,45,Gastroenterologia,2024/007106,Rezydencki,87.44,4.12,28.02.2024 20:47:54,5,NIE,,
w-2024,11,16.04.2024,16.04.2024 12:44:26,14,62,Łódzkie,46,Gastroenterologia,2024/002526,Pozarezydencki,82.72,4.46,04.03.2024 14:39:41,4,NIE,,
w-2024,11,16.04.2024,16.04.2024 12:44:26,14,62,Łódzkie,47,Gastroenterologia,2024/002434,Pozarezydencki,80.00,3.84,02.02.2024 22:14:30,4,NIE,,
w-2024,11,16.04.2024,16.04.2024 12:44:26,14,62,Łódzkie,48,Gastroenterologia,2024/005437,Pozarezydencki,71.82,4.16,25.02.2024 14:59:39,4,NIE,,
w-2024,11,16.04.2024,16.04.2024 12:44:26,14,62,Łódzkie,49,Gastroenterologia,2024/005266,Pozarezydencki,70.91,0.00,15.03.2024 14:41:34,4,NIE,,
w-2024,11,16.04.2024,16.04.2024 12:44:26,14,62,Łódzkie,50,Geriatria,2024/004855,Pozarezydencki,89.09,0.00,11.03.2024 14:28:02,2,NIE,,
w-2024,11,16.04.2024,16.04.2024 12:44:26,14,62,Łódzkie,51,Geriatria,2024/004918,Pozarezydencki,81.78,0.00,29.02.2024 19:13:25,2,NIE,,
w-2024,11,16.04.2024,16.04.2024 12:44:26,14,62,Łódzkie,52,Ginekologia onkologiczna,2024/005831,Pozarezydencki,85.45,3.74,10.03.2024 14:48:48,4,NIE,,
w-2024,11,16.04.2024,16.04.2024 12:44:26,14,62,Łódzkie,53,Ginekologia onkologiczna,2024/003285,Pozarezydencki,80.23,4.62,08.03.2024 00:11:38,4,NIE,,
w-2024,11,16.04.2024,16.04.2024 12:44:26,14,62,Łódzkie,54,Ginekologia onkologiczna,2024/005163,Pozarezydencki,77.27,3.32,11.03.2024 09:54:28,4,NIE,,
w-2024,11,16.04.2024,16.04.2024 12:44:26,14,62,Łódzkie,55,Ginekologia onkologiczna,2024/005248,Pozarezydencki,75.45,4.10,11.03.2024 17:42:26,4,NIE,,
w-2024,11,16.04.2024,16.04.2024 12:44:26,14,62,Łódzkie,56,Intensywna terapia,2024/003981,Pozarezydencki,82.27,4.17,26.02.2024 22:04:45,1,NIE,,
w-2024,11,16.04.2024,16.04.2024 12:44:26,14,62,Łódzkie,57,Kardiologia,2024/002320,Rezydencki,85.99,4.10,28.02.2024 21:34:01,5,NIE,,
w-2024,11,16.04.2024,16.04.2024 12:44:26,14,62,Łódzkie,58,Kardiologia,2024/007349,Rezydencki,85.02,3.53,13.03.2024 10:46:29,5,NIE,,
w-2024,11,16.04.2024,16.04.2024 12:44:26,14,62,Łódzkie,59,Kardiologia,2024/005929,Rezydencki,84.06,3.24,26.03.2024 10:05:29,5,NIE,,
w-2024,11,16.04.2024,16.04.2024 12:44:26,14,62,Łódzkie,60,Kardiologia,2024/006381,Rezydencki,82.44,3.44,27.02.2024 21:47:27,5,NIE,,
w-2024,11,16.04.2024,16.04.2024 12:44:26,14,62,Łódzkie,61,Kardiologia,2024/005916,Rezydencki,82.13,3.30,28.02.2024 14:10:31,5,NIE,,
w-2024,11,16.04.2024,16.04.2024 12:44:26,14,62,Łódzkie,62,Kardiologia,2024/004203,Pozarezydencki,77.67,3.72,07.03.2024 18:24:57,2,NIE,,
w-2024,11,16.04.2024,16.04.2024 12:44:26,14,62,Łódzkie,63,Kardiologia,2024/005399,Pozarezydencki,71.36,4.03,06.03.2024 12:14:13,2,NIE,,
w-2024,11,16.04.2024,16.04.2024 12:44:26,14,62,Łódzkie,64,Kardiologia dziecięca,2024/006313,Pozarezydencki,66.06,4.26,21.03.2024 09:00:46,1,NIE,,
w-2024,11,16.04.2024,16.04.2024 12:44:26,14,62,Łódzkie,65,Medycyna paliatywna,2024/003311,Pozarezydencki,71.82,3.44,14.03.2024 11:28:51,1,NIE,,
w-2024,11,16.04.2024,16.04.2024 12:44:26,14,62,Łódzkie,66,Medycyna pracy,2024/006661,Pozarezydencki,89.09,3.81,07.03.2024 11:14:34,8,NIE,,
w-2024,11,16.04.2024,16.04.2024 12:44:26,14,62,Łódzkie,67,Medycyna pracy,2024/002281,Pozarezydencki,80.00,3.65,14.03.2024 21:20:04,8,NIE,,
w-2024,11,16.04.2024,16.04.2024 12:44:26,14,62,Łódzkie,68,Medycyna pracy,2024/006402,Pozarezydencki,73.27,4.06,04.03.2024 22:28:13,8,NIE,,
w-2024,11,16.04.2024,16.04.2024 12:44:26,14,62,Łódzkie,69,Medycyna pracy,2024/004834,Pozarezydencki,72.73,3.62,21.03.2024 09:35:28,8,NIE,,
w-2024,11,16.04.2024,16.04.2024 12:44:26,15,62,Łódzkie,70,Medycyna pracy,2024/003885,Pozarezydencki,67.89,3.84,24.02.2024 16:03:39,8,NIE,,
w-2024,11,16.04.2024,16.04.2024 12:44:26,15,62,Łódzkie,71,Medycyna pracy,2024/006644,Pozarezydencki,62.14,3.64,11.03.2024 21:45:40,8,NIE,,
w-2024,11,16.04.2024,16.04.2024 12:44:26,15,62,Łódzkie,72,Medycyna pracy,2024/003410,Pozarezydencki,57.34,3.40,21.03.2024 19:59:43,8,NIE,,
w-2024,11,16.04.2024,16.04.2024 12:44:26,15,62,Łódzkie,73,Medycyna pracy,2024/002583,Pozarezydencki,48.11,0.00,05.03.2024 20:35:09,8,NIE,,
w-2024,11,16.04.2024,16.04.2024 12:44:26,15,62,Łódzkie,74,Medycyna ratunkowa,2024/006546,Pozarezydencki,75.45,3.25,11.03.2024 21:05:18,2,NIE,,
w-2024,11,16.04.2024,16.04.2024 12:44:26,15,62,Łódzkie,75,Medycyna ratunkowa,2024/005743,Pozarezydencki,70.09,3.77,14.03.2024 23:04:40,2,NIE,,
w-2024,11,16.04.2024,16.04.2024 12:44:26,15,62,Łódzkie,76,Medycyna rodzinna,2024/007124,Rezydencki,88.41,3.70,28.02.2024 20:45:50,6,NIE,,
w-2024,11,16.04.2024,16.04.2024 12:44:26,15,62,Łódzkie,77,Medycyna rodzinna,2024/004595,Rezydencki,86.34,3.67,28.02.2024 16:34:13,6,NIE,,
w-2024,11,16.04.2024,16.04.2024 12:44:26,15,62,Łódzkie,78,Medycyna rodzinna,2024/002522,Rezydencki,85.99,4.47,05.03.2024 18:39:36,6,NIE,,
w-2024,11,16.04.2024,16.04.2024 12:44:26,15,62,Łódzkie,79,Medycyna rodzinna,2024/003463,Rezydencki,84.06,3.72,08.03.2024 21:51:51,6,NIE,,
w-2024,11,16.04.2024,16.04.2024 12:44:26,15,62,Łódzkie,80,Medycyna rodzinna,2024/006411,Rezydencki,84.06,3.22,27.02.2024 22:06:48,6,NIE,,
w-2024,11,16.04.2024,16.04.2024 12:44:26,15,62,Łódzkie,81,Medycyna rodzinna,2024/006113,Rezydencki,80.68,4.13,27.02.2024 22:24:22,6,NIE,,
w-2024,11,16.04.2024,16.04.2024 12:44:26,15,62,Łódzkie,82,Medycyna rodzinna,2024/005835,Pozarezydencki,71.16,3.73,11.03.2024 14:52:16,4,NIE,,
w-2024,11,16.04.2024,16.04.2024 12:44:26,15,62,Łódzkie,83,Medycyna rodzinna,2024/004768,Pozarezydencki,70.23,3.35,20.02.2024 19:07:44,4,NIE,,
w-2024,11,16.04.2024,16.04.2024 12:44:26,15,62,Łódzkie,84,Medycyna rodzinna,2024/004130,Pozarezydencki,61.57,3.23,26.03.2024 13:10:51,4,NIE,,
w-2024,11,16.04.2024,16.04.2024 12:44:26,15,62,Łódzkie,85,Medycyna rodzinna,2024/006251,Pozarezydencki,55.96,2.90,11.03.2024 17:20:47,4,NIE,,
w-2024,11,16.04.2024,16.04.2024 12:44:26,15,62,Łódzkie,86,Nefrologia,2024/006850,Pozarezydencki,71.03,0.00,08.03.2024 22:17:45,1,NIE,,
w-2024,11,16.04.2024,16.04.2024 12:44:26,15,62,Łódzkie,87,Nefrologia dziecięca,2024/006380,Pozarezydencki,60.14,3.24,27.02.2024 21:47:17,1,NIE,,
w-2024,11,16.04.2024,16.04.2024 12:44:26,15,62,Łódzkie,88,Neonatologia,2024/002468,Rezydencki,90.73,4.89,13.02.2024 17:31:28,2,NIE,,
w-2024,11,16.04.2024,16.04.2024 12:44:26,15,62,Łódzkie,89,Neonatologia,2024/006728,Rezydencki,75.12,3.30,28.02.2024 13:48:56,2,NIE,,
w-2024,11,16.04.2024,16.04.2024 12:44:26,15,62,Łódzkie,90,Neurologia,2024/007281,Rezydencki,88.89,0.00,12.03.2024 16:10:09,5,NIE,,
w-2024,11,16.04.2024,16.04.2024 12:44:26,15,62,Łódzkie,91,Neurologia,2024/002337,Rezydencki,87.44,4.15,28.02.2024 18:30:12,5,NIE,,
w-2024,11,16.04.2024,16.04.2024 12:44:26,15,62,Łódzkie,92,Neurologia,2024/006143,Rezydencki,87.44,3.65,28.02.2024 22:07:01,5,NIE,,
w-2024,11,16.04.2024,16.04.2024 12:44:26,15,62,Łódzkie,93,Neurologia,2024/002367,Rezydencki,85.78,3.89,28.02.2024 00:39:13,5,NIE,,
w-2024,11,16.04.2024,16.04.2024 12:44:26,15,62,Łódzkie,94,Neurologia,2024/006261,Rezydencki,85.78,3.32,04.03.2024 21:04:28,5,NIE,,
w-2024,11,16.04.2024,16.04.2024 12:44:26,15,62,Łódzkie,95,Neurologia dziecięca,2024/006731,Pozarezydencki,82.03,3.75,07.03.2024 13:32:58,1,NIE,,
w-2024,11,16.04.2024,16.04.2024 12:44:26,15,62,Łódzkie,96,Neuropatologia,2024/003341,Rezydencki,71.71,3.36,25.02.2024 02:08:49,1,NIE,,
w-2024,11,16.04.2024,16.04.2024 12:44:26,15,62,Łódzkie,97,Okulistyka,2024/006415,Rezydencki,88.41,3.81,15.03.2024 21:47:55,4,NIE,,
w-2024,11,16.04.2024,16.04.2024 12:44:26,15,62,Łódzkie,98,Okulistyka,2024/004352,Rezydencki,87.99,4.33,07.03.2024 19:20:58,4,NIE,,
w-2024,11,16.04.2024,16.04.2024 12:44:26,15,62,Łódzkie,99,Okulistyka,2024/006518,Rezydencki,87.75,3.70,04.03.2024 23:16:12,4,NIE,,
w-2024,11,16.04.2024,16.04.2024 12:44:26,15,62,Łódzkie,100,Okulistyka,2024/005042,Rezydencki,87.68,4.18,22.02.2024 13:28:13,4,NIE,,
w-2024,11,16.04.2024,16.04.2024 12:44:26,15,62,Łódzkie,101,Okulistyka,2024/007355,Pozarezydencki,81.40,3.58,14.03.2024 08:10:48,10,NIE,,
w-2024,11,16.04.2024,16.04.2024 12:44:26,15,62,Łódzkie,102,Okulistyka,2024/007408,Pozarezydencki,80.93,3.62,12.03.2024 09:51:40,10,NIE,,
w-2024,11,16.04.2024,16.04.2024 12:44:26,15,62,Łódzkie,103,Okulistyka,2024/006607,Pozarezydencki,80.65,3.41,25.03.2024 09:42:28,10,NIE,,
w-2024,11,16.04.2024,16.04.2024 12:44:26,15,62,Łódzkie,104,Okulistyka,2024/007412,Pozarezydencki,79.26,3.34,14.03.2024 17:56:04,10,NIE,,
w-2024,11,16.04.2024,16.04.2024 12:44:26,15,62,Łódzkie,105,Okulistyka,2024/006648,Pozarezydencki,78.34,3.02,28.02.2024 23:04:10,10,NIE,,
w-2024,11,16.04.2024,16.04.2024 12:44:26,15,62,Łódzkie,106,Okulistyka,2024/005044,Pozarezydencki,75.70,3.63,28.02.2024 16:22:01,10,NIE,,
w-2024,11,16.04.2024,16.04.2024 12:44:26,15,62,Łódzkie,107,Okulistyka,2024/006559,Pozarezydencki,74.42,3.74,13.03.2024 19:46:49,10,NIE,,
w-2024,11,16.04.2024,16.04.2024 12:44:26,16,62,Łódzkie,108,Okulistyka,2024/006997,Pozarezydencki,74.09,0.00,09.03.2024 22:55:23,10,NIE,,
w-2024,11,16.04.2024,16.04.2024 12:44:26,16,62,Łódzkie,109,Okulistyka,2024/002584,Pozarezydencki,64.98,0.00,13.02.2024 12:34:44,10,NIE,,
w-2024,11,16.04.2024,16.04.2024 12:44:26,16,62,Łódzkie,110,Okulistyka,2024/002593,Pozarezydencki,63.59,3.96,08.02.2024 21:54:14,10,NIE,,
w-2024,11,16.04.2024,16.04.2024 12:44:26,16,62,Łódzkie,111,Onkologia kliniczna,2024/006239,Rezydencki,86.76,3.76,04.03.2024 15:02:16,1,NIE,,
w-2024,11,16.04.2024,16.04.2024 12:44:26,16,62,Łódzkie,112,Onkologia kliniczna,2024/005046,Pozarezydencki,71.03,4.40,05.03.2024 17:50:47,1,NIE,,
w-2024,11,16.04.2024,16.04.2024 12:44:26,16,62,Łódzkie,113,Ortodoncja,2024/005928,Rezydencki,88.70,4.43,26.02.2024 22:29:05,1,NIE,,
w-2024,11,16.04.2024,16.04.2024 12:44:26,16,62,Łódzkie,114,Ortopedia i traumatologia narządu ruchu,2024/006881,Rezydencki,87.25,4.05,12.03.2024 12:04:55,4,NIE,,
w-2024,11,16.04.2024,16.04.2024 12:44:26,16,62,Łódzkie,115,Ortopedia i traumatologia narządu ruchu,2024/002655,Rezydencki,86.27,4.10,27.02.2024 16:33:18,4,NIE,,
w-2024,11,16.04.2024,16.04.2024 12:44:26,16,62,Łódzkie,116,Ortopedia i traumatologia narządu ruchu,2024/006544,Rezydencki,81.64,3.28,06.03.2024 21:40:23,4,NIE,,
w-2024,11,16.04.2024,16.04.2024 12:44:26,16,62,Łódzkie,117,Ortopedia i traumatologia narządu ruchu,2024/004383,Rezydencki,77.29,3.15,06.03.2024 19:30:47,4,NIE,,
w-2024,11,16.04.2024,16.04.2024 12:44:26,16,62,Łódzkie,118,Otorynolaryngologia,2024/003200,Rezydencki,86.71,3.80,06.03.2024 16:41:20,2,NIE,,
w-2024,11,16.04.2024,16.04.2024 12:44:26,16,62,Łódzkie,119,Otorynolaryngologia,2024/006735,Rezydencki,85.51,4.30,18.03.2024 16:59:11,2,NIE,,
w-2024,11,16.04.2024,16.04.2024 12:44:26,16,62,Łódzkie,120,Otorynolaryngologia,2024/005829,Pozarezydencki,78.64,3.43,04.03.2024 18:44:50,1,NIE,,
w-2024,11,16.04.2024,16.04.2024 12:44:26,16,62,Łódzkie,121,Otorynolaryngologia dziecięca,2024/006224,Rezydencki,75.36,3.08,19.03.2024 15:06:04,1,NIE,,
w-2024,11,16.04.2024,16.04.2024 12:44:26,16,62,Łódzkie,122,Pediatria,2024/006985,Rezydencki,80.48,3.49,28.02.2024 19:05:28,2,NIE,,
w-2024,11,16.04.2024,16.04.2024 12:44:26,16,62,Łódzkie,123,Pediatria,2024/006921,Rezydencki,57.00,3.57,12.03.2024 16:59:27,2,NIE,,
w-2024,11,16.04.2024,16.04.2024 12:44:26,16,62,Łódzkie,124,Pediatria,2024/003126,Pozarezydencki,73.18,0.00,11.03.2024 11:46:49,1,NIE,,
w-2024,11,16.04.2024,16.04.2024 12:44:26,16,62,Łódzkie,125,Perinatologia,2024/004305,Pozarezydencki,84.55,4.11,12.03.2024 11:41:01,3,NIE,,
w-2024,11,16.04.2024,16.04.2024 12:44:26,16,62,Łódzkie,126,Perinatologia,2024/006613,Pozarezydencki,83.86,0.00,07.03.2024 06:07:30,3,NIE,,
w-2024,11,16.04.2024,16.04.2024 12:44:26,16,62,Łódzkie,127,Perinatologia,2024/003809,Pozarezydencki,77.95,3.23,12.03.2024 14:19:56,3,NIE,,
w-2024,11,16.04.2024,16.04.2024 12:44:26,16,62,Łódzkie,128,Położnictwo i ginekologia,2024/006802,Rezydencki,86.83,4.43,11.03.2024 19:41:07,5,NIE,,
w-2024,11,16.04.2024,16.04.2024 12:44:26,16,62,Łódzkie,129,Położnictwo i ginekologia,2024/006295,Rezydencki,86.76,4.05,28.02.2024 17:36:47,5,NIE,,
w-2024,11,16.04.2024,16.04.2024 12:44:26,16,62,Łódzkie,130,Położnictwo i ginekologia,2024/004686,Rezydencki,85.51,3.95,28.02.2024 19:06:44,5,NIE,,
w-2024,11,16.04.2024,16.04.2024 12:44:26,16,62,Łódzkie,131,Położnictwo i ginekologia,2024/006504,Rezydencki,83.90,3.27,10.03.2024 23:09:24,5,NIE,,
w-2024,11,16.04.2024,16.04.2024 12:44:26,16,62,Łódzkie,132,Położnictwo i ginekologia,2024/003196,Rezydencki,66.67,3.54,24.02.2024 14:38:56,5,NIE,,
w-2024,11,16.04.2024,16.04.2024 12:44:26,16,62,Łódzkie,133,Psychiatria,2024/006329,Rezydencki,89.86,3.95,27.02.2024 20:53:41,13,NIE,,
w-2024,11,16.04.2024,16.04.2024 12:44:26,16,62,Łódzkie,134,Psychiatria,2024/005952,Rezydencki,87.32,3.95,08.03.2024 13:53:54,13,NIE,,
w-2024,11,16.04.2024,16.04.2024 12:44:26,16,62,Łódzkie,135,Psychiatria,2024/003614,Rezydencki,86.34,4.08,28.02.2024 12:59:54,13,NIE,,
w-2024,11,16.04.2024,16.04.2024 12:44:26,16,62,Łódzkie,136,Psychiatria,2024/007259,Rezydencki,85.78,3.92,28.02.2024 22:15:34,13,NIE,,
w-2024,11,16.04.2024,16.04.2024 12:44:26,16,62,Łódzkie,137,Psychiatria,2024/007043,Rezydencki,85.51,3.76,05.03.2024 14:17:52,13,NIE,,
w-2024,11,16.04.2024,16.04.2024 12:44:26,16,62,Łódzkie,138,Psychiatria,2024/006123,Rezydencki,84.54,3.89,05.03.2024 14:44:43,13,NIE,,
w-2024,11,16.04.2024,16.04.2024 12:44:26,16,62,Łódzkie,139,Psychiatria,2024/003933,Rezydencki,84.52,3.79,28.02.2024 20:02:38,13,NIE,,
w-2024,11,16.04.2024,16.04.2024 12:44:26,16,62,Łódzkie,140,Psychiatria,2024/005513,Rezydencki,83.41,4.22,28.02.2024 20:00:35,13,NIE,,
w-2024,11,16.04.2024,16.04.2024 12:44:26,16,62,Łódzkie,141,Psychiatria,2024/006938,Rezydencki,82.84,3.84,28.02.2024 18:03:41,13,NIE,,
w-2024,11,16.04.2024,16.04.2024 12:44:26,16,62,Łódzkie,142,Psychiatria,2024/007079,Rezydencki,81.88,3.50,28.02.2024 20:23:41,13,NIE,,
w-2024,11,16.04.2024,16.04.2024 12:44:26,16,62,Łódzkie,143,Psychiatria,2024/006869,Rezydencki,80.68,3.73,28.02.2024 19:53:42,13,NIE,,
w-2024,11,16.04.2024,16.04.2024 12:44:26,16,62,Łódzkie,144,Psychiatria,2024/006510,Rezydencki,80.68,2.96,28.02.2024 18:50:05,13,NIE,,
w-2024,11,16.04.2024,16.04.2024 12:44:26,16,62,Łódzkie,145,Psychiatria,2024/004571,Rezydencki,80.49,3.24,19.02.2024 19:42:37,13,NIE,,
w-2024,11,16.04.2024,16.04.2024 12:44:26,17,62,Łódzkie,146,Psychiatria,2024/007147,Pozarezydencki,81.57,0.00,11.03.2024 21:55:11,2,NIE,,
w-2024,11,16.04.2024,16.04.2024 12:44:26,17,62,Łódzkie,147,Psychiatria,2024/007070,Pozarezydencki,63.76,3.99,12.03.2024 05:52:11,2,NIE,,
w-2024,11,16.04.2024,16.04.2024 12:44:26,17,62,Łódzkie,148,Psychiatria dzieci i młodzieży,2024/007121,Rezydencki,87.99,3.74,28.02.2024 22:37:07,1,NIE,,
w-2024,11,16.04.2024,16.04.2024 12:44:26,17,62,Łódzkie,149,Radiologia i diagnostyka obrazowa,2024/006146,Rezydencki,89.37,4.63,12.03.2024 17:02:08,2,NIE,,
w-2024,11,16.04.2024,16.04.2024 12:44:26,17,62,Łódzkie,150,Radiologia i diagnostyka obrazowa,2024/007233,Rezydencki,88.41,3.69,07.03.2024 12:20:17,2,NIE,,
w-2024,11,16.04.2024,16.04.2024 12:44:26,17,62,Łódzkie,151,Radiologia i diagnostyka obrazowa,2024/003061,Pozarezydencki,84.35,4.35,08.02.2024 21:53:00,6,NIE,,
w-2024,11,16.04.2024,16.04.2024 12:44:26,17,62,Łódzkie,152,Radiologia i diagnostyka obrazowa,2024/002547,Pozarezydencki,81.11,4.00,07.02.2024 19:40:57,6,NIE,,
w-2024,11,16.04.2024,16.04.2024 12:44:26,17,62,Łódzkie,153,Radiologia i diagnostyka obrazowa,2024/007435,Pozarezydencki,76.50,3.26,10.03.2024 21:59:11,6,NIE,,
w-2024,11,16.04.2024,16.04.2024 12:44:26,17,62,Łódzkie,154,Radiologia i diagnostyka obrazowa,2024/005779,Pozarezydencki,71.89,3.42,28.02.2024 23:46:24,6,NIE,,
w-2024,11,16.04.2024,16.04.2024 12:44:26,17,62,Łódzkie,155,Radiologia i diagnostyka obrazowa,2024/003833,Pozarezydencki,63.68,3.76,12.03.2024 13:52:32,6,NIE,,
w-2024,11,16.04.2024,16.04.2024 12:44:26,17,62,Łódzkie,156,Radiologia i diagnostyka obrazowa,2024/003846,Pozarezydencki,61.92,3.31,18.02.2024 11:02:51,6,NIE,,
w-2024,11,16.04.2024,16.04.2024 12:44:26,17,62,Łódzkie,157,Reumatologia,2024/005479,Rezydencki,89.37,4.33,07.03.2024 10:12:47,1,NIE,,
w-2024,11,16.04.2024,16.04.2024 12:44:26,17,62,Łódzkie,158,Reumatologia,2024/004734,Pozarezydencki,67.43,3.77,04.03.2024 19:25:56,1,NIE,,
w-2024,11,16.04.2024,16.04.2024 12:44:26,17,62,Łódzkie,159,Seksuologia,2024/004584,Pozarezydencki,80.91,3.72,08.03.2024 14:06:55,3,NIE,,
w-2024,11,16.04.2024,16.04.2024 12:44:26,17,62,Łódzkie,160,Seksuologia,2024/002596,Pozarezydencki,80.00,4.15,04.03.2024 12:04:48,3,NIE,,
w-2024,11,16.04.2024,16.04.2024 12:44:26,17,62,Łódzkie,161,Seksuologia,2024/002140,Pozarezydencki,66.36,3.16,01.03.2024 12:22:56,3,NIE,,
w-2024,11,16.04.2024,16.04.2024 12:44:26,17,62,Łódzkie,162,Stomatologia dziecięca,2024/004792,Rezydencki,82.78,3.78,04.03.2024 14:02:27,2,NIE,,
w-2024,11,16.04.2024,16.04.2024 12:44:26,17,62,Łódzkie,163,Stomatologia dziecięca,2024/002243,Rezydencki,82.13,4.34,11.02.2024 22:18:49,2,NIE,,
w-2024,11,16.04.2024,16.04.2024 12:44:26,17,62,Łódzkie,164,Stomatologia zachowawcza z endodoncją,2024/003471,Rezydencki,82.78,4.30,11.02.2024 18:45:37,1,NIE,,
w-2024,11,16.04.2024,16.04.2024 12:44:26,17,62,Łódzkie,165,Transplantologia kliniczna,2024/007440,Pozarezydencki,91.36,0.00,18.03.2024 19:21:53,1,NIE,,
w-2024,11,16.04.2024,16.04.2024 12:44:26,17,62,Łódzkie,166,Urologia,2024/003359,Rezydencki,87.32,3.84,27.02.2024 23:03:38,3,NIE,,
w-2024,11,16.04.2024,16.04.2024 12:44:26,17,62,Łódzkie,167,Urologia,2024/006478,Rezydencki,87.25,3.55,28.02.2024 15:11:23,3,NIE,,
w-2024,11,16.04.2024,16.04.2024 12:44:26,17,62,Łódzkie,168,Urologia,2024/003985,Rezydencki,86.71,4.11,14.02.2024 23:38:00,3,NIE,,
w-2024,11,16.04.2024,16.04.2024 12:44:26,17,62,Łódzkie,169,Urologia dziecięca,2024/002642,Pozarezydencki,80.00,4.21,11.03.2024 22:40:48,1,NIE,,
w-2024,11,16.04.2024,16.04.2024 12:44:26,17,62,Łódzkie,1,Radiologia i diagnostyka obrazowa,2024/002049,Rezydencki,79.17,3.81,11.03.2024 13:34:27,1,TAK,Samodzielny Publiczny Zakład Opieki Zdrowotnej Centralny Szpital Kliniczny Uniwersytetu Medycznego w Łodzi,Szpital CKD Zakład Diagnostyki Obrazowej
w-2024,11,16.04.2024,16.04.2024 12:44:26,17,62,Łódzkie,1,Chirurgia plastyczna,2024/003201,Rezydencki,85.48,4.26,07.03.2024 16:26:16,1,TAK,Samodzielny Publiczny Zakład Opieki Zdrowotnej Uniwersytecki Szpital Kliniczny Nr 1 im. Norberta Barlickiego Uniwersytetu Medycznego w Łodzi,"Oddział Kliniczny Chirurgii Plastycznej, Rekonstrukcyjnej i Estetycznej z Odcinkiem dla Dzieci"
w-2024,11,16.04.2024,16.04.2024 12:44:26,17,62,Łódzkie,1,Dermatologia i wenerologia,2024/002776,Rezydencki,91.06,4.14,28.02.2024 21:47:22,2,TAK,Samodzielny Publiczny Zakład Opieki Zdrowotnej Uniwersytecki Szpital Kliniczny im. Wojskowej Akademii Medycznej Uniwersytetu Medycznego w,Łodzi - Centralny Szpital Weteranów Klinika Dermatologii i Wenerologii
w-2024,11,16.04.2024,16.04.2024 12:44:26,18,62,Łódzkie,1,Dermatologia i wenerologia,2024/002073,Rezydencki,81.16,3.39,01.02.2024 07:25:36,2,TAK,SMKSystem Monitorowania Kształcenia,"Pracowników Medycznych Status dokumentu Opublikowanie wyników Wojewódzki Specjalistyczny Szpital im. dr Wł. Biegańskiego w Łodzi Oddział Dermatologii, Dermatologii Dziecięcej i Onkologicznej / Klinika Dermatologii, Dermatologii Dziecięcej i Onkologicznej UM"
w-2024,11,16.04.2024,16.04.2024 12:44:26,18,62,Małopolskie,1,Anestezjologia i intensywna terapia,2024/002917,Rezydencki,88.29,4.47,13.03.2024 22:39:00,2,NIE,,
w-2024,11,16.04.2024,16.04.2024 12:44:26,18,62,Małopolskie,2,Anestezjologia i intensywna terapia,2024/006192,Rezydencki,85.61,4.77,19.03.2024 16:37:42,2,NIE,,
w-2024,11,16.04.2024,16.04.2024 12:44:26,18,62,Małopolskie,3,Anestezjologia i intensywna terapia,2024/005363,Pozarezydencki,76.74,4.62,19.03.2024 14:30:14,1,NIE,,
w-2024,11,16.04.2024,16.04.2024 12:44:26,18,62,Małopolskie,4,Balneologia i medycyna fizykalna,2024/004082,Pozarezydencki,80.79,4.27,13.03.2024 22:39:33,2,NIE,,
w-2024,11,16.04.2024,16.04.2024 12:44:26,18,62,Małopolskie,5,Balneologia i medycyna fizykalna,2024/006558,Pozarezydencki,80.45,0.00,29.03.2024 06:26:24,2,NIE,,
w-2024,11,16.04.2024,16.04.2024 12:44:26,18,62,Małopolskie,6,Chirurgia dziecięca,2024/006308,Rezydencki,85.37,3.65,25.03.2024 12:26:55,2,NIE,,
w-2024,11,16.04.2024,16.04.2024 12:44:26,18,62,Małopolskie,7,Chirurgia dziecięca,2024/002519,Rezydencki,72.06,3.72,16.03.2024 10:41:30,2,NIE,,
w-2024,11,16.04.2024,16.04.2024 12:44:26,18,62,Małopolskie,8,Chirurgia ogólna,2024/003799,Rezydencki,86.96,4.29,20.02.2024 18:04:19,7,NIE,,
w-2024,11,16.04.2024,16.04.2024 12:44:26,18,62,Małopolskie,9,Chirurgia ogólna,2024/005942,Rezydencki,83.81,3.48,16.03.2024 16:42:25,7,NIE,,
w-2024,11,16.04.2024,16.04.2024 12:44:26,18,62,Małopolskie,10,Chirurgia ogólna,2024/005969,Rezydencki,79.23,4.39,20.03.2024 10:49:52,7,NIE,,
w-2024,11,16.04.2024,16.04.2024 12:44:26,18,62,Małopolskie,11,Chirurgia ogólna,2024/005766,Rezydencki,79.23,4.01,23.03.2024 06:39:20,7,NIE,,
w-2024,11,16.04.2024,16.04.2024 12:44:26,18,62,Małopolskie,12,Chirurgia ogólna,2024/003376,Rezydencki,77.29,3.26,17.03.2024 14:38:22,7,NIE,,
w-2024,11,16.04.2024,16.04.2024 12:44:26,18,62,Małopolskie,13,Chirurgia ogólna,2024/005863,Rezydencki,67.15,0.00,28.02.2024 17:08:23,7,NIE,,
w-2024,11,16.04.2024,16.04.2024 12:44:26,18,62,Małopolskie,14,Chirurgia ogólna,2024/006602,Rezydencki,65.22,3.70,18.03.2024 16:27:46,7,NIE,,
w-2024,11,16.04.2024,16.04.2024 12:44:26,18,62,Małopolskie,15,Chirurgia ogólna,2024/002639,Pozarezydencki,74.30,0.00,25.02.2024 14:05:30,1,NIE,,
w-2024,11,16.04.2024,16.04.2024 12:44:26,18,62,Małopolskie,16,Chirurgia onkologiczna,2024/002297,Rezydencki,79.41,3.36,14.03.2024 13:35:06,1,NIE,,
w-2024,11,16.04.2024,16.04.2024 12:44:26,18,62,Małopolskie,17,Chirurgia onkologiczna,2024/003650,Pozarezydencki,89.09,4.23,20.03.2024 10:53:31,1,NIE,,
w-2024,11,16.04.2024,16.04.2024 12:44:26,18,62,Małopolskie,18,Chirurgia plastyczna,2024/004583,Rezydencki,89.61,4.30,11.03.2024 20:21:37,2,NIE,,
w-2024,11,16.04.2024,16.04.2024 12:44:26,18,62,Małopolskie,19,Chirurgia plastyczna,2024/005989,Rezydencki,89.27,4.29,27.02.2024 03:59:04,2,NIE,,
w-2024,11,16.04.2024,16.04.2024 12:44:26,18,62,Małopolskie,20,Chirurgia szczękowo-twarzowa,2024/002941,Rezydencki,83.57,3.79,24.02.2024 21:22:09,1,NIE,,
w-2024,11,16.04.2024,16.04.2024 12:44:26,18,62,Małopolskie,21,Choroby płuc,2024/002785,Pozarezydencki,80.00,3.59,18.03.2024 17:59:39,2,NIE,,
w-2024,11,16.04.2024,16.04.2024 12:44:26,18,62,Małopolskie,22,Choroby płuc,2024/007439,Pozarezydencki,74.30,4.23,21.03.2024 13:56:00,2,NIE,,
w-2024,11,16.04.2024,16.04.2024 12:44:26,18,62,Małopolskie,23,Choroby płuc dzieci,2024/002474,Rezydencki,88.16,4.02,28.02.2024 19:34:56,1,NIE,,
w-2024,11,16.04.2024,16.04.2024 12:44:26,18,62,Małopolskie,24,Choroby płuc dzieci,2024/003275,Pozarezydencki,80.23,3.95,26.03.2024 22:15:25,4,NIE,,
w-2024,11,16.04.2024,16.04.2024 12:44:26,18,62,Małopolskie,25,Choroby płuc dzieci,2024/006186,Pozarezydencki,75.45,3.91,20.03.2024 11:52:40,4,NIE,,
w-2024,11,16.04.2024,16.04.2024 12:44:26,18,62,Małopolskie,26,Choroby płuc dzieci,2024/003689,Pozarezydencki,70.91,4.18,17.03.2024 22:42:36,4,NIE,,
w-2024,11,16.04.2024,16.04.2024 12:44:26,18,62,Małopolskie,27,Choroby płuc dzieci,2024/005795,Pozarezydencki,66.36,3.31,26.03.2024 09:53:53,4,NIE,,
w-2024,11,16.04.2024,16.04.2024 12:44:26,18,62,Małopolskie,28,Choroby wewnętrzne,2024/003852,Rezydencki,84.06,4.21,17.02.2024 21:09:55,3,NIE,,
w-2024,11,16.04.2024,16.04.2024 12:44:26,18,62,Małopolskie,29,Choroby wewnętrzne,2024/004941,Rezydencki,73.91,3.19,19.03.2024 16:44:33,3,NIE,,
w-2024,11,16.04.2024,16.04.2024 12:44:26,18,62,Małopolskie,30,Choroby wewnętrzne,2024/002143,Rezydencki,62.75,3.83,18.03.2024 12:14:07,3,NIE,,
w-2024,11,16.04.2024,16.04.2024 12:44:26,18,62,Małopolskie,31,Choroby wewnętrzne,2024/005912,Pozarezydencki,84.55,0.00,15.03.2024 22:07:28,3,NIE,,
w-2024,11,16.04.2024,16.04.2024 12:44:26,18,62,Małopolskie,32,Choroby wewnętrzne,2024/004938,Pozarezydencki,77.78,0.00,25.03.2024 11:01:12,3,NIE,,
w-2024,11,16.04.2024,16.04.2024 12:44:26,18,62,Małopolskie,33,Choroby wewnętrzne,2024/002481,Pozarezydencki,76.61,4.54,09.03.2024 23:53:39,3,NIE,,
w-2024,11,16.04.2024,16.04.2024 12:44:26,18,62,Małopolskie,34,Choroby zakaźne,2024/006779,Pozarezydencki,81.82,4.73,15.03.2024 15:04:08,3,NIE,,
w-2024,11,16.04.2024,16.04.2024 12:44:26,18,62,Małopolskie,35,Choroby zakaźne,2024/003332,Pozarezydencki,75.45,3.84,22.03.2024 09:22:25,3,NIE,,
w-2024,11,16.04.2024,16.04.2024 12:44:26,19,62,Małopolskie,36,Choroby zakaźne,2024/005778,Pozarezydencki,70.91,0.00,26.02.2024 17:02:04,3,NIE,,
w-2024,11,16.04.2024,16.04.2024 12:44:26,19,62,Małopolskie,37,Dermatologia i wenerologia,2024/002607,Rezydencki,92.65,4.47,19.03.2024 15:43:24,2,NIE,,
w-2024,11,16.04.2024,16.04.2024 12:44:26,19,62,Małopolskie,38,Dermatologia i wenerologia,2024/006861,Rezydencki,91.30,3.24,25.03.2024 16:12:00,2,NIE,,
w-2024,11,16.04.2024,16.04.2024 12:44:26,19,62,Małopolskie,39,Farmakologia kliniczna,2024/005471,Pozarezydencki,62.39,0.00,27.03.2024 10:25:00,1,NIE,,
w-2024,11,16.04.2024,16.04.2024 12:44:26,19,62,Małopolskie,40,Gastroenterologia,2024/006803,Rezydencki,89.13,3.79,28.02.2024 19:48:33,1,NIE,,
w-2024,11,16.04.2024,16.04.2024 12:44:26,19,62,Małopolskie,41,Geriatria,2024/003574,Pozarezydencki,84.55,4.73,14.03.2024 12:11:52,1,NIE,,
w-2024,11,16.04.2024,16.04.2024 12:44:26,19,62,Małopolskie,42,Ginekologia onkologiczna,2024/004842,Pozarezydencki,84.77,4.21,21.02.2024 10:41:36,4,NIE,,
w-2024,11,16.04.2024,16.04.2024 12:44:26,19,62,Małopolskie,43,Ginekologia onkologiczna,2024/003331,Pozarezydencki,84.55,3.88,19.03.2024 13:46:34,4,NIE,,
w-2024,11,16.04.2024,16.04.2024 12:44:26,19,62,Małopolskie,44,Ginekologia onkologiczna,2024/002601,Pozarezydencki,75.24,4.39,04.02.2024 19:59:27,4,NIE,,
w-2024,11,16.04.2024,16.04.2024 12:44:26,19,62,Małopolskie,45,Ginekologia onkologiczna,2024/003149,Pozarezydencki,70.91,3.21,20.03.2024 14:53:29,4,NIE,,
w-2024,11,16.04.2024,16.04.2024 12:44:26,19,62,Małopolskie,46,Hematologia,2024/003837,Rezydencki,88.16,4.23,20.03.2024 16:25:17,1,NIE,,
w-2024,11,16.04.2024,16.04.2024 12:44:26,19,62,Małopolskie,47,Immunologia kliniczna,2024/002581,Rezydencki,87.25,4.18,17.03.2024 20:15:25,1,NIE,,
w-2024,11,16.04.2024,16.04.2024 12:44:26,19,62,Małopolskie,48,Immunologia kliniczna,2024/003529,Pozarezydencki,84.23,4.32,21.03.2024 14:10:20,2,NIE,,
w-2024,11,16.04.2024,16.04.2024 12:44:26,19,62,Małopolskie,49,Immunologia kliniczna,2024/004484,Pozarezydencki,80.00,3.91,17.03.2024 23:47:54,2,NIE,,
w-2024,11,16.04.2024,16.04.2024 12:44:26,19,62,Małopolskie,50,Kardiologia,2024/005981,Rezydencki,89.71,4.42,28.02.2024 23:53:42,10,NIE,,
w-2024,11,16.04.2024,16.04.2024 12:44:26,19,62,Małopolskie,51,Kardiologia,2024/005154,Rezydencki,88.73,3.97,25.02.2024 23:05:03,10,NIE,,
w-2024,11,16.04.2024,16.04.2024 12:44:26,19,62,Małopolskie,52,Kardiologia,2024/005551,Rezydencki,88.16,4.05,22.03.2024 12:02:55,10,NIE,,
w-2024,11,16.04.2024,16.04.2024 12:44:26,19,62,Małopolskie,53,Kardiologia,2024/006954,Rezydencki,87.92,4.24,28.02.2024 19:54:01,10,NIE,,
w-2024,11,16.04.2024,16.04.2024 12:44:26,19,62,Małopolskie,54,Kardiologia,2024/006327,Rezydencki,87.44,4.36,19.03.2024 18:58:27,10,NIE,,
w-2024,11,16.04.2024,16.04.2024 12:44:26,19,62,Małopolskie,55,Kardiologia,2024/007024,Rezydencki,87.44,3.79,20.03.2024 16:06:21,10,NIE,,
w-2024,11,16.04.2024,16.04.2024 12:44:26,19,62,Małopolskie,56,Kardiologia,2024/003508,Rezydencki,86.27,2.94,24.02.2024 14:43:32,10,NIE,,
w-2024,11,16.04.2024,16.04.2024 12:44:26,19,62,Małopolskie,57,Kardiologia,2024/004549,Rezydencki,86.23,3.62,20.03.2024 00:04:16,10,NIE,,
w-2024,11,16.04.2024,16.04.2024 12:44:26,19,62,Małopolskie,58,Kardiologia,2024/005295,Rezydencki,85.85,4.16,24.02.2024 15:04:14,10,NIE,,
w-2024,11,16.04.2024,16.04.2024 12:44:26,19,62,Małopolskie,59,Kardiologia,2024/004313,Rezydencki,83.82,3.90,18.02.2024 00:33:36,10,NIE,,
w-2024,11,16.04.2024,16.04.2024 12:44:26,19,62,Małopolskie,60,Kardiologia,2024/002393,Pozarezydencki,75.23,0.00,21.03.2024 08:33:57,3,NIE,,
w-2024,11,16.04.2024,16.04.2024 12:44:26,19,62,Małopolskie,61,Kardiologia,2024/006142,Pozarezydencki,68.52,4.06,26.03.2024 16:07:32,3,NIE,,
w-2024,11,16.04.2024,16.04.2024 12:44:26,19,62,Małopolskie,62,Kardiologia,2024/005136,Pozarezydencki,66.51,4.14,25.03.2024 10:29:06,3,NIE,,
w-2024,11,16.04.2024,16.04.2024 12:44:26,19,62,Małopolskie,63,Kardiologia dziecięca,2024/002598,Rezydencki,75.73,4.07,17.03.2024 20:43:12,1,NIE,,
w-2024,11,16.04.2024,16.04.2024 12:44:26,19,62,Małopolskie,64,Medycyna paliatywna,2024/005432,Pozarezydencki,80.00,4.27,21.03.2024 18:15:41,1,NIE,,
w-2024,11,16.04.2024,16.04.2024 12:44:26,19,62,Małopolskie,65,Medycyna pracy,2024/004570,Pozarezydencki,89.09,3.66,19.02.2024 19:17:49,1,NIE,,
w-2024,11,16.04.2024,16.04.2024 12:44:26,19,62,Małopolskie,66,Medycyna ratunkowa,2024/002172,Rezydencki,84.06,3.91,19.03.2024 15:48:46,3,NIE,,
w-2024,11,16.04.2024,16.04.2024 12:44:26,19,62,Małopolskie,67,Medycyna ratunkowa,2024/003154,Rezydencki,75.85,3.29,20.03.2024 13:23:37,3,NIE,,
w-2024,11,16.04.2024,16.04.2024 12:44:26,19,62,Małopolskie,68,Medycyna ratunkowa,2024/002907,Rezydencki,60.78,3.51,21.03.2024 08:27:54,3,NIE,,
w-2024,11,16.04.2024,16.04.2024 12:44:26,19,62,Małopolskie,69,Medycyna ratunkowa,2024/005909,Pozarezydencki,72.81,3.94,21.03.2024 10:31:07,1,NIE,,
w-2024,11,16.04.2024,16.04.2024 12:44:26,19,62,Małopolskie,70,Medycyna rodzinna,2024/002254,Rezydencki,90.34,4.66,14.03.2024 16:55:41,20,NIE,,
w-2024,11,16.04.2024,16.04.2024 12:44:26,19,62,Małopolskie,71,Medycyna rodzinna,2024/005629,Rezydencki,87.75,4.04,28.02.2024 20:24:14,20,NIE,,
w-2024,11,16.04.2024,16.04.2024 12:44:26,19,62,Małopolskie,72,Medycyna rodzinna,2024/004297,Rezydencki,86.47,4.14,14.03.2024 21:34:37,20,NIE,,
w-2024,11,16.04.2024,16.04.2024 12:44:26,19,62,Małopolskie,73,Medycyna rodzinna,2024/005379,Rezydencki,85.51,3.79,25.02.2024 09:16:12,20,NIE,,
w-2024,11,16.04.2024,16.04.2024 12:44:26,19,62,Małopolskie,74,Medycyna rodzinna,2024/006109,Rezydencki,84.54,3.63,13.03.2024 15:53:10,20,NIE,,
w-2024,11,16.04.2024,16.04.2024 12:44:26,20,62,Małopolskie,75,Medycyna rodzinna,2024/005288,Rezydencki,84.06,3.84,26.02.2024 17:45:35,20,NIE,,
w-2024,11,16.04.2024,16.04.2024 12:44:26,20,62,Małopolskie,76,Medycyna rodzinna,2024/003796,Rezydencki,83.90,4.27,26.02.2024 12:17:30,20,NIE,,
w-2024,11,16.04.2024,16.04.2024 12:44:26,20,62,Małopolskie,77,Medycyna rodzinna,2024/007199,Rezydencki,83.90,3.92,15.03.2024 14:43:18,20,NIE,,
w-2024,11,16.04.2024,16.04.2024 12:44:26,20,62,Małopolskie,78,Medycyna rodzinna,2024/006054,Rezydencki,82.13,3.58,19.03.2024 11:53:51,20,NIE,,
w-2024,11,16.04.2024,16.04.2024 12:44:26,20,62,Małopolskie,79,Medycyna rodzinna,2024/002407,Rezydencki,81.16,3.79,02.02.2024 18:07:54,20,NIE,,
w-2024,11,16.04.2024,16.04.2024 12:44:26,20,62,Małopolskie,80,Medycyna rodzinna,2024/003946,Rezydencki,80.49,4.05,18.03.2024 14:42:18,20,NIE,,
w-2024,11,16.04.2024,16.04.2024 12:44:26,20,62,Małopolskie,81,Medycyna rodzinna,2024/006939,Rezydencki,80.00,2.99,26.03.2024 15:23:53,20,NIE,,
w-2024,11,16.04.2024,16.04.2024 12:44:26,20,62,Małopolskie,82,Medycyna rodzinna,2024/005303,Rezydencki,75.24,4.25,15.03.2024 07:59:24,20,NIE,,
w-2024,11,16.04.2024,16.04.2024 12:44:26,20,62,Małopolskie,83,Medycyna rodzinna,2024/004905,Rezydencki,74.51,3.59,26.03.2024 09:45:26,20,NIE,,
w-2024,11,16.04.2024,16.04.2024 12:44:26,20,62,Małopolskie,84,Medycyna rodzinna,2024/007341,Rezydencki,73.91,3.75,24.03.2024 00:50:02,20,NIE,,
w-2024,11,16.04.2024,16.04.2024 12:44:26,20,62,Małopolskie,85,Medycyna rodzinna,2024/003104,Rezydencki,69.27,3.77,21.03.2024 17:13:02,20,NIE,,
w-2024,11,16.04.2024,16.04.2024 12:44:26,20,62,Małopolskie,86,Medycyna rodzinna,2024/004765,Rezydencki,68.75,4.00,14.03.2024 13:59:25,20,NIE,,
w-2024,11,16.04.2024,16.04.2024 12:44:26,20,62,Małopolskie,87,Medycyna rodzinna,2024/004735,Rezydencki,67.16,3.05,28.02.2024 19:58:20,20,NIE,,
w-2024,11,16.04.2024,16.04.2024 12:44:26,20,62,Małopolskie,88,Medycyna rodzinna,2024/003688,Rezydencki,65.85,0.00,26.03.2024 13:47:28,20,NIE,,
w-2024,11,16.04.2024,16.04.2024 12:44:26,20,62,Małopolskie,89,Medycyna rodzinna,2024/006424,Rezydencki,56.73,3.86,19.03.2024 21:32:45,20,NIE,,
w-2024,11,16.04.2024,16.04.2024 12:44:26,20,62,Małopolskie,90,Medycyna rodzinna,2024/004934,Pozarezydencki,75.45,4.29,26.03.2024 09:51:42,3,NIE,,
w-2024,11,16.04.2024,16.04.2024 12:44:26,20,62,Małopolskie,91,Medycyna rodzinna,2024/005603,Pozarezydencki,73.18,0.00,16.03.2024 01:51:01,3,NIE,,
w-2024,11,16.04.2024,16.04.2024 12:44:26,20,62,Małopolskie,92,Medycyna rodzinna,2024/005132,Pozarezydencki,56.54,0.00,27.03.2024 09:12:14,3,NIE,,
w-2024,11,16.04.2024,16.04.2024 12:44:26,20,62,Małopolskie,93,Nefrologia,2024/003638,Pozarezydencki,82.95,4.24,15.03.2024 08:29:00,2,NIE,,
w-2024,11,16.04.2024,16.04.2024 12:44:26,20,62,Małopolskie,94,Nefrologia,2024/006074,Pozarezydencki,71.56,4.37,12.03.2024 14:09:31,2,NIE,,
w-2024,11,16.04.2024,16.04.2024 12:44:26,20,62,Małopolskie,95,Neonatologia,2024/003956,Pozarezydencki,75.45,3.67,14.03.2024 12:06:38,1,NIE,,
w-2024,11,16.04.2024,16.04.2024 12:44:26,20,62,Małopolskie,96,Neurochirurgia,2024/002683,Rezydencki,94.12,4.43,27.02.2024 12:51:25,2,NIE,,
w-2024,11,16.04.2024,16.04.2024 12:44:26,20,62,Małopolskie,97,Neurochirurgia,2024/006752,Rezydencki,79.47,3.71,07.03.2024 17:00:49,2,NIE,,
w-2024,11,16.04.2024,16.04.2024 12:44:26,20,62,Małopolskie,98,Neurochirurgia,2024/005324,Pozarezydencki,56.74,0.00,25.03.2024 09:21:46,1,NIE,,
w-2024,11,16.04.2024,16.04.2024 12:44:26,20,62,Małopolskie,99,Neurologia,2024/005882,Rezydencki,83.57,3.82,27.02.2024 21:13:31,3,NIE,,
w-2024,11,16.04.2024,16.04.2024 12:44:26,20,62,Małopolskie,100,Neurologia,2024/003884,Rezydencki,81.64,3.72,27.02.2024 08:23:21,3,NIE,,
w-2024,11,16.04.2024,16.04.2024 12:44:26,20,62,Małopolskie,101,Neurologia,2024/004967,Rezydencki,64.42,0.00,21.03.2024 15:08:02,3,NIE,,
w-2024,11,16.04.2024,16.04.2024 12:44:26,20,62,Małopolskie,102,Neuropatologia,2024/004166,Pozarezydencki,87.64,4.08,15.03.2024 07:18:17,1,NIE,,
w-2024,11,16.04.2024,16.04.2024 12:44:26,20,62,Małopolskie,103,Okulistyka,2024/006317,Rezydencki,88.73,4.28,28.03.2024 10:40:14,3,NIE,,
w-2024,11,16.04.2024,16.04.2024 12:44:26,20,62,Małopolskie,104,Okulistyka,2024/004140,Rezydencki,88.24,4.02,13.03.2024 11:25:19,3,NIE,,
w-2024,11,16.04.2024,16.04.2024 12:44:26,20,62,Małopolskie,105,Okulistyka,2024/002056,Rezydencki,87.44,3.64,07.03.2024 11:16:41,3,NIE,,
w-2024,11,16.04.2024,16.04.2024 12:44:26,20,62,Małopolskie,106,Okulistyka,2024/006321,Pozarezydencki,81.57,4.08,15.03.2024 14:21:20,2,NIE,,
w-2024,11,16.04.2024,16.04.2024 12:44:26,20,62,Małopolskie,107,Okulistyka,2024/004822,Pozarezydencki,79.07,3.60,28.02.2024 21:41:19,2,NIE,,
w-2024,11,16.04.2024,16.04.2024 12:44:26,20,62,Małopolskie,108,Onkologia kliniczna,2024/007401,Rezydencki,69.12,3.65,26.03.2024 12:27:01,1,NIE,,
w-2024,11,16.04.2024,16.04.2024 12:44:26,20,62,Małopolskie,109,Ortopedia i traumatologia narządu ruchu,2024/006088,Rezydencki,84.80,4.00,19.03.2024 21:10:27,15,NIE,,
w-2024,11,16.04.2024,16.04.2024 12:44:26,20,62,Małopolskie,110,Ortopedia i traumatologia narządu ruchu,2024/006768,Rezydencki,84.78,3.60,21.03.2024 15:17:06,15,NIE,,
w-2024,11,16.04.2024,16.04.2024 12:44:26,20,62,Małopolskie,111,Ortopedia i traumatologia narządu ruchu,2024/006067,Rezydencki,83.57,3.89,14.03.2024 14:08:28,15,NIE,,
w-2024,11,16.04.2024,16.04.2024 12:44:26,20,62,Małopolskie,112,Ortopedia i traumatologia narządu ruchu,2024/006903,Rezydencki,83.09,3.57,20.03.2024 12:53:52,15,NIE,,
w-2024,11,16.04.2024,16.04.2024 12:44:26,21,62,Małopolskie,113,Ortopedia i traumatologia narządu ruchu,2024/005967,Rezydencki,81.64,4.27,18.03.2024 10:54:56,15,NIE,,
w-2024,11,16.04.2024,16.04.2024 12:44:26,21,62,Małopolskie,114,Ortopedia i traumatologia narządu ruchu,2024/005706,Rezydencki,76.81,3.73,26.02.2024 13:07:31,15,NIE,,
w-2024,11,16.04.2024,16.04.2024 12:44:26,21,62,Małopolskie,115,Ortopedia i traumatologia narządu ruchu,2024/005510,Rezydencki,76.33,3.33,16.03.2024 10:59:55,15,NIE,,
w-2024,11,16.04.2024,16.04.2024 12:44:26,21,62,Małopolskie,116,Ortopedia i traumatologia narządu ruchu,2024/006383,Rezydencki,75.36,3.62,28.02.2024 21:27:02,15,NIE,,
w-2024,11,16.04.2024,16.04.2024 12:44:26,21,62,Małopolskie,117,Ortopedia i traumatologia narządu ruchu,2024/006767,Rezydencki,74.88,2.89,25.03.2024 12:32:58,15,NIE,,
w-2024,11,16.04.2024,16.04.2024 12:44:26,21,62,Małopolskie,118,Ortopedia i traumatologia narządu ruchu,2024/005317,Rezydencki,74.40,3.34,18.03.2024 22:06:17,15,NIE,,
w-2024,11,16.04.2024,16.04.2024 12:44:26,21,62,Małopolskie,119,Ortopedia i traumatologia narządu ruchu,2024/005245,Rezydencki,73.43,3.34,25.03.2024 17:14:03,15,NIE,,
w-2024,11,16.04.2024,16.04.2024 12:44:26,21,62,Małopolskie,120,Ortopedia i traumatologia narządu ruchu,2024/003222,Rezydencki,71.71,3.90,08.02.2024 23:11:57,15,NIE,,
w-2024,11,16.04.2024,16.04.2024 12:44:26,21,62,Małopolskie,121,Ortopedia i traumatologia narządu ruchu,2024/007027,Rezydencki,71.50,4.06,15.03.2024 14:40:24,15,NIE,,
w-2024,11,16.04.2024,16.04.2024 12:44:26,21,62,Małopolskie,122,Ortopedia i traumatologia narządu ruchu,2024/006987,Rezydencki,68.57,3.49,17.03.2024 23:31:38,15,NIE,,
w-2024,11,16.04.2024,16.04.2024 12:44:26,21,62,Małopolskie,123,Ortopedia i traumatologia narządu ruchu,2024/006431,Rezydencki,55.56,3.27,28.02.2024 13:48:47,15,NIE,,
w-2024,11,16.04.2024,16.04.2024 12:44:26,21,62,Małopolskie,124,Otorynolaryngologia,2024/004930,Rezydencki,92.03,4.71,28.03.2024 10:06:14,2,NIE,,
w-2024,11,16.04.2024,16.04.2024 12:44:26,21,62,Małopolskie,125,Otorynolaryngologia,2024/007298,Rezydencki,87.92,3.76,14.03.2024 12:27:30,2,NIE,,
w-2024,11,16.04.2024,16.04.2024 12:44:26,21,62,Małopolskie,126,Otorynolaryngologia,2024/002532,Pozarezydencki,82.49,3.73,28.02.2024 18:10:29,3,NIE,,
w-2024,11,16.04.2024,16.04.2024 12:44:26,21,62,Małopolskie,127,Otorynolaryngologia,2024/007383,Pozarezydencki,77.27,3.89,28.02.2024 23:12:48,3,NIE,,
w-2024,11,16.04.2024,16.04.2024 12:44:26,21,62,Małopolskie,128,Otorynolaryngologia,2024/006852,Pozarezydencki,75.58,3.32,28.02.2024 17:09:45,3,NIE,,
w-2024,11,16.04.2024,16.04.2024 12:44:26,21,62,Małopolskie,129,Pediatria,2024/002139,Rezydencki,89.86,4.43,08.02.2024 17:41:33,6,NIE,,
w-2024,11,16.04.2024,16.04.2024 12:44:26,21,62,Małopolskie,130,Pediatria,2024/002464,Rezydencki,89.71,4.02,18.02.2024 19:05:27,6,NIE,,
w-2024,11,16.04.2024,16.04.2024 12:44:26,21,62,Małopolskie,131,Pediatria,2024/005943,Rezydencki,85.51,3.46,18.03.2024 14:08:03,6,NIE,,
w-2024,11,16.04.2024,16.04.2024 12:44:26,21,62,Małopolskie,132,Pediatria,2024/007266,Rezydencki,84.80,3.70,28.02.2024 22:07:05,6,NIE,,
w-2024,11,16.04.2024,16.04.2024 12:44:26,21,62,Małopolskie,133,Pediatria,2024/003328,Rezydencki,84.06,3.58,28.02.2024 19:01:18,6,NIE,,
w-2024,11,16.04.2024,16.04.2024 12:44:26,21,62,Małopolskie,134,Pediatria,2024/004409,Rezydencki,82.93,3.57,20.02.2024 18:52:58,6,NIE,,
w-2024,11,16.04.2024,16.04.2024 12:44:26,21,62,Małopolskie,135,Pediatria,2024/006520,Pozarezydencki,75.45,2.94,19.03.2024 09:29:11,2,NIE,,
w-2024,11,16.04.2024,16.04.2024 12:44:26,21,62,Małopolskie,136,Pediatria,2024/002299,Pozarezydencki,56.54,0.00,22.03.2024 18:25:44,2,NIE,,
w-2024,11,16.04.2024,16.04.2024 12:44:26,21,62,Małopolskie,137,Perinatologia,2024/005862,Pozarezydencki,75.45,0.00,26.02.2024 21:00:27,1,NIE,,
w-2024,11,16.04.2024,16.04.2024 12:44:26,21,62,Małopolskie,138,Periodontologia,2024/002410,Rezydencki,82.30,0.00,26.03.2024 11:52:07,1,NIE,,
w-2024,11,16.04.2024,16.04.2024 12:44:26,21,62,Małopolskie,139,Położnictwo i ginekologia,2024/005827,Rezydencki,86.59,3.65,26.02.2024 20:03:09,5,NIE,,
w-2024,11,16.04.2024,16.04.2024 12:44:26,21,62,Małopolskie,140,Położnictwo i ginekologia,2024/004560,Rezydencki,86.23,3.83,21.03.2024 10:04:38,5,NIE,,
w-2024,11,16.04.2024,16.04.2024 12:44:26,21,62,Małopolskie,141,Położnictwo i ginekologia,2024/002394,Rezydencki,85.99,4.14,18.03.2024 06:03:58,5,NIE,,
w-2024,11,16.04.2024,16.04.2024 12:44:26,21,62,Małopolskie,142,Położnictwo i ginekologia,2024/005066,Rezydencki,80.49,3.51,15.03.2024 09:47:57,5,NIE,,
w-2024,11,16.04.2024,16.04.2024 12:44:26,21,62,Małopolskie,143,Położnictwo i ginekologia,2024/006784,Rezydencki,80.19,3.08,19.03.2024 21:03:34,5,NIE,,
w-2024,11,16.04.2024,16.04.2024 12:44:26,21,62,Małopolskie,144,Protetyka stomatologiczna,2024/002046,Rezydencki,82.30,3.95,13.03.2024 19:43:33,3,NIE,,
w-2024,11,16.04.2024,16.04.2024 12:44:26,21,62,Małopolskie,145,Protetyka stomatologiczna,2024/007377,Rezydencki,82.04,3.84,13.03.2024 22:28:44,3,NIE,,
w-2024,11,16.04.2024,16.04.2024 12:44:26,21,62,Małopolskie,146,Protetyka stomatologiczna,2024/005586,Rezydencki,81.82,4.39,23.03.2024 00:40:52,3,NIE,,
w-2024,11,16.04.2024,16.04.2024 12:44:26,21,62,Małopolskie,147,Psychiatria,2024/007082,Rezydencki,89.61,3.92,22.03.2024 14:23:05,9,NIE,,
w-2024,11,16.04.2024,16.04.2024 12:44:26,21,62,Małopolskie,148,Psychiatria,2024/007315,Rezydencki,89.13,3.75,14.03.2024 23:45:22,9,NIE,,
w-2024,11,16.04.2024,16.04.2024 12:44:26,21,62,Małopolskie,149,Psychiatria,2024/005506,Rezydencki,86.96,3.97,26.03.2024 12:29:16,9,NIE,,
w-2024,11,16.04.2024,16.04.2024 12:44:26,21,62,Małopolskie,150,Psychiatria,2024/005966,Rezydencki,84.88,4.44,14.03.2024 19:11:51,9,NIE,,
w-2024,11,16.04.2024,16.04.2024 12:44:26,22,62,Małopolskie,151,Psychiatria,2024/005440,Rezydencki,83.57,4.04,21.03.2024 09:55:37,9,NIE,,
w-2024,11,16.04.2024,16.04.2024 12:44:26,22,62,Małopolskie,152,Psychiatria,2024/002864,Rezydencki,82.93,3.50,16.02.2024 20:10:43,9,NIE,,
w-2024,11,16.04.2024,16.04.2024 12:44:26,22,62,Małopolskie,153,Psychiatria,2024/006836,Rezydencki,82.61,3.64,20.03.2024 11:42:12,9,NIE,,
w-2024,11,16.04.2024,16.04.2024 12:44:26,22,62,Małopolskie,154,Psychiatria,2024/004812,Rezydencki,82.44,4.50,13.03.2024 22:16:15,9,NIE,,
w-2024,11,16.04.2024,16.04.2024 12:44:26,22,62,Małopolskie,155,Psychiatria,2024/005456,Rezydencki,81.64,3.47,25.03.2024 11:03:03,9,NIE,,
w-2024,11,16.04.2024,16.04.2024 12:44:26,22,62,Małopolskie,156,Psychiatria,2024/004460,Pozarezydencki,66.51,0.00,19.03.2024 10:39:04,1,NIE,,
w-2024,11,16.04.2024,16.04.2024 12:44:26,22,62,Małopolskie,157,Psychiatria dzieci i młodzieży,2024/002445,Pozarezydencki,75.45,3.19,14.03.2024 19:41:33,1,NIE,,
w-2024,11,16.04.2024,16.04.2024 12:44:26,22,62,Małopolskie,158,Radiologia i diagnostyka obrazowa,2024/005949,Rezydencki,89.86,4.30,26.02.2024 23:13:39,7,NIE,,
w-2024,11,16.04.2024,16.04.2024 12:44:26,22,62,Małopolskie,159,Radiologia i diagnostyka obrazowa,2024/005492,Rezydencki,87.75,4.03,18.03.2024 20:06:00,7,NIE,,
w-2024,11,16.04.2024,16.04.2024 12:44:26,22,62,Małopolskie,160,Radiologia i diagnostyka obrazowa,2024/002455,Rezydencki,86.96,4.60,05.02.2024 11:36:07,7,NIE,,
w-2024,11,16.04.2024,16.04.2024 12:44:26,22,62,Małopolskie,161,Radiologia i diagnostyka obrazowa,2024/007134,Rezydencki,86.83,4.53,18.03.2024 09:39:24,7,NIE,,
w-2024,11,16.04.2024,16.04.2024 12:44:26,22,62,Małopolskie,162,Radiologia i diagnostyka obrazowa,2024/005082,Rezydencki,86.83,3.75,22.02.2024 18:25:02,7,NIE,,
w-2024,11,16.04.2024,16.04.2024 12:44:26,22,62,Małopolskie,163,Radiologia i diagnostyka obrazowa,2024/005431,Rezydencki,86.71,3.81,28.02.2024 23:41:22,7,NIE,,
w-2024,11,16.04.2024,16.04.2024 12:44:26,22,62,Małopolskie,164,Radiologia i diagnostyka obrazowa,2024/004921,Rezydencki,86.47,4.15,19.03.2024 12:29:14,7,NIE,,
w-2024,11,16.04.2024,16.04.2024 12:44:26,22,62,Małopolskie,165,Radiologia i diagnostyka obrazowa,2024/006786,Pozarezydencki,81.11,3.01,20.03.2024 13:19:54,4,NIE,,
w-2024,11,16.04.2024,16.04.2024 12:44:26,22,62,Małopolskie,166,Radiologia i diagnostyka obrazowa,2024/003337,Pozarezydencki,76.96,4.68,28.02.2024 20:37:57,4,NIE,,
w-2024,11,16.04.2024,16.04.2024 12:44:26,22,62,Małopolskie,167,Radiologia i diagnostyka obrazowa,2024/006209,Pozarezydencki,73.02,3.73,28.02.2024 17:44:50,4,NIE,,
w-2024,11,16.04.2024,16.04.2024 12:44:26,22,62,Małopolskie,168,Radiologia i diagnostyka obrazowa,2024/005364,Pozarezydencki,72.33,3.30,21.03.2024 19:07:03,4,NIE,,
w-2024,11,16.04.2024,16.04.2024 12:44:26,22,62,Małopolskie,169,Radioterapia onkologiczna,2024/007366,Pozarezydencki,54.13,3.13,15.03.2024 05:31:16,1,NIE,,
w-2024,11,16.04.2024,16.04.2024 12:44:26,22,62,Małopolskie,170,Rehabilitacja medyczna,2024/002665,Rezydencki,77.94,3.49,22.03.2024 12:31:09,2,NIE,,
w-2024,11,16.04.2024,16.04.2024 12:44:26,22,62,Małopolskie,171,Rehabilitacja medyczna,2024/003840,Rezydencki,77.88,4.78,16.02.2024 20:43:38,2,NIE,,
w-2024,11,16.04.2024,16.04.2024 12:44:26,22,62,Małopolskie,172,Rehabilitacja medyczna,2024/003604,Pozarezydencki,78.55,4.44,26.03.2024 13:14:15,2,NIE,,
w-2024,11,16.04.2024,16.04.2024 12:44:26,22,62,Małopolskie,173,Rehabilitacja medyczna,2024/003355,Pozarezydencki,69.27,3.86,22.03.2024 20:32:41,2,NIE,,
w-2024,11,16.04.2024,16.04.2024 12:44:26,22,62,Małopolskie,174,Reumatologia,2024/005284,Rezydencki,90.20,3.46,22.03.2024 18:46:58,1,NIE,,
w-2024,11,16.04.2024,16.04.2024 12:44:26,22,62,Małopolskie,175,Stomatologia dziecięca,2024/003204,Rezydencki,80.48,3.84,16.03.2024 07:39:07,2,NIE,,
w-2024,11,16.04.2024,16.04.2024 12:44:26,22,62,Małopolskie,176,Stomatologia dziecięca,2024/002262,Rezydencki,79.90,3.60,14.03.2024 11:09:50,2,NIE,,
w-2024,11,16.04.2024,16.04.2024 12:44:26,22,62,Małopolskie,177,Stomatologia zachowawcza z endodoncją,2024/003330,Rezydencki,82.52,3.52,25.03.2024 13:37:14,6,NIE,,
w-2024,11,16.04.2024,16.04.2024 12:44:26,22,62,Małopolskie,178,Stomatologia zachowawcza z endodoncją,2024/002437,Rezydencki,79.52,4.41,18.03.2024 09:03:43,6,NIE,,
w-2024,11,16.04.2024,16.04.2024 12:44:26,22,62,Małopolskie,179,Stomatologia zachowawcza z endodoncją,2024/002538,Rezydencki,78.74,3.89,13.03.2024 19:03:38,6,NIE,,
w-2024,11,16.04.2024,16.04.2024 12:44:26,22,62,Małopolskie,180,Stomatologia zachowawcza z endodoncją,2024/002654,Rezydencki,76.67,4.10,14.03.2024 09:53:44,6,NIE,,
w-2024,11,16.04.2024,16.04.2024 12:44:26,22,62,Małopolskie,181,Stomatologia zachowawcza z endodoncją,2024/003685,Rezydencki,75.85,0.00,20.03.2024 09:04:09,6,NIE,,
w-2024,11,16.04.2024,16.04.2024 12:44:26,22,62,Małopolskie,182,Stomatologia zachowawcza z endodoncją,2024/006278,Rezydencki,70.87,2.94,20.03.2024 17:12:46,6,NIE,,
w-2024,11,16.04.2024,16.04.2024 12:44:26,22,62,Małopolskie,183,Toksykologia kliniczna,2024/006399,Rezydencki,74.40,4.00,19.03.2024 22:21:38,1,NIE,,
w-2024,11,16.04.2024,16.04.2024 12:44:26,22,62,Małopolskie,184,Transplantologia kliniczna,2024/002236,Pozarezydencki,90.55,4.55,23.03.2024 00:41:31,3,NIE,,
w-2024,11,16.04.2024,16.04.2024 12:44:26,22,62,Małopolskie,185,Transplantologia kliniczna,2024/007190,Pozarezydencki,80.68,0.00,28.03.2024 06:34:50,3,NIE,,
w-2024,11,16.04.2024,16.04.2024 12:44:26,22,62,Małopolskie,186,Transplantologia kliniczna,2024/006107,Pozarezydencki,75.45,3.84,20.03.2024 13:57:20,3,NIE,,
w-2024,11,16.04.2024,16.04.2024 12:44:26,22,62,Małopolskie,187,Urologia,2024/002065,Rezydencki,84.88,4.11,08.02.2024 17:08:19,1,NIE,,
w-2024,11,16.04.2024,16.04.2024 12:44:26,22,62,Małopolskie,188,Urologia,2024/007409,Pozarezydencki,66.98,3.95,28.02.2024 23:40:13,1,NIE,,
w-2024,11,16.04.2024,16.04.2024 12:44:26,23,62,Małopolskie,1,Angiologia,2024/002502,Rezydencki,75.24,4.65,25.03.2024 00:10:37,1,TAK,Samodzielny Publiczny Zakład Opieki Zdrowotnej Szpital Uniwersytecki w Krakowie,Oddział Kliniczny Angiologii i Chorób Wewnętrznych
w-2024,11,16.04.2024,16.04.2024 12:44:26,23,62,Małopolskie,1,Endokrynologia,2024/002283,Rezydencki,91.55,4.88,24.02.2024 09:30:42,1,TAK,Samodzielny Publiczny Zakład Opieki Zdrowotnej Szpital Uniwersytecki w Krakowie,"Oddział Kliniczny Endokrynologii, Endokrynologii Onkologicznej, Medycyny Nuklearnej i Chorób Wewnętrznych"
w-2024,11,16.04.2024,16.04.2024 12:44:26,23,62,Małopolskie,1,Neurochirurgia,2024/002472,Rezydencki,90.10,4.52,28.02.2024 19:45:32,1,TAK,Samodzielny Publiczny Zakład Opieki Zdrowotnej Szpital Uniwersytecki w Krakowie,Oddział Kliniczny Neurochirurgii i Neurotraumatologii
w-2024,11,16.04.2024,16.04.2024 12:44:26,23,62,Małopolskie,1,Protetyka stomatologiczna,2024/002256,Rezydencki,82.30,4.17,01.02.2024 18:26:07,1,TAK,Samodzielny Publiczny Zakład Opieki Zdrowotnej Uniwersytecka Klinika Stomatologiczna w Krakowie,Poradnia Protetyki Stomatologicznej
w-2024,11,16.04.2024,16.04.2024 12:44:26,23,62,Małopolskie,1,Endokrynologia i diabetologia dziecięca,2024/004606,Rezydencki,86.03,3.79,21.02.2024 19:13:10,1,TAK,Uniwersytecki Szpital Dziecięcy w Krakowie,Klinika Endokrynologii Dzieci i Młodzieży
w-2024,11,16.04.2024,16.04.2024 12:44:26,23,62,Mazowieckie,1,Alergologia,2024/005361,Rezydencki,90.10,4.02,05.03.2024 11:36:17,1,NIE,,
w-2024,11,16.04.2024,16.04.2024 12:44:26,23,62,Mazowieckie,2,Alergologia,2024/002641,Pozarezydencki,83.86,4.31,07.03.2024 22:17:44,2,NIE,,
w-2024,11,16.04.2024,16.04.2024 12:44:26,23,62,Mazowieckie,3,Alergologia,2024/005306,Pozarezydencki,82.27,0.00,15.03.2024 14:25:36,2,NIE,,
w-2024,11,16.04.2024,16.04.2024 12:44:26,23,62,Mazowieckie,4,Anestezjologia i intensywna terapia,2024/005988,Rezydencki,90.69,4.32,28.02.2024 23:53:51,31,NIE,,
w-2024,11,16.04.2024,16.04.2024 12:44:26,23,62,Mazowieckie,5,Anestezjologia i intensywna terapia,2024/006178,Rezydencki,89.86,4.16,28.02.2024 18:31:57,31,NIE,,
w-2024,11,16.04.2024,16.04.2024 12:44:26,23,62,Mazowieckie,6,Anestezjologia i intensywna terapia,2024/004385,Rezydencki,87.75,0.00,28.02.2024 20:39:56,31,NIE,,
w-2024,11,16.04.2024,16.04.2024 12:44:26,23,62,Mazowieckie,7,Anestezjologia i intensywna terapia,2024/004666,Rezydencki,87.68,4.39,22.02.2024 21:45:10,31,NIE,,
w-2024,11,16.04.2024,16.04.2024 12:44:26,23,62,Mazowieckie,8,Anestezjologia i intensywna terapia,2024/004193,Rezydencki,87.50,3.94,06.03.2024 17:37:14,31,NIE,,
w-2024,11,16.04.2024,16.04.2024 12:44:26,23,62,Mazowieckie,9,Anestezjologia i intensywna terapia,2024/002614,Rezydencki,87.44,4.11,28.02.2024 19:49:20,31,NIE,,
w-2024,11,16.04.2024,16.04.2024 12:44:26,23,62,Mazowieckie,10,Anestezjologia i intensywna terapia,2024/005446,Rezydencki,87.44,3.95,28.02.2024 18:44:28,31,NIE,,
w-2024,11,16.04.2024,16.04.2024 12:44:26,23,62,Mazowieckie,11,Anestezjologia i intensywna terapia,2024/006610,Rezydencki,87.32,4.25,28.02.2024 21:29:19,31,NIE,,
w-2024,11,16.04.2024,16.04.2024 12:44:26,23,62,Mazowieckie,12,Anestezjologia i intensywna terapia,2024/002097,Rezydencki,86.47,4.00,28.02.2024 19:00:10,31,NIE,,
w-2024,11,16.04.2024,16.04.2024 12:44:26,23,62,Mazowieckie,13,Anestezjologia i intensywna terapia,2024/006883,Rezydencki,85.99,4.22,28.02.2024 18:35:14,31,NIE,,
w-2024,11,16.04.2024,16.04.2024 12:44:26,23,62,Mazowieckie,14,Anestezjologia i intensywna terapia,2024/006817,Rezydencki,85.51,0.00,28.02.2024 20:27:41,31,NIE,,
w-2024,11,16.04.2024,16.04.2024 12:44:26,23,62,Mazowieckie,15,Anestezjologia i intensywna terapia,2024/005715,Rezydencki,85.29,3.92,26.02.2024 13:23:28,31,NIE,,
w-2024,11,16.04.2024,16.04.2024 12:44:26,23,62,Mazowieckie,16,Anestezjologia i intensywna terapia,2024/003931,Rezydencki,85.02,3.70,28.02.2024 13:24:27,31,NIE,,
w-2024,11,16.04.2024,16.04.2024 12:44:26,23,62,Mazowieckie,17,Anestezjologia i intensywna terapia,2024/005534,Rezydencki,84.78,3.74,05.03.2024 12:10:25,31,NIE,,
w-2024,11,16.04.2024,16.04.2024 12:44:26,24,62,Mazowieckie,18,Anestezjologia i intensywna terapia,2024/004698,Rezydencki,84.54,4.03,27.02.2024 21:11:53,31,NIE,,
w-2024,11,16.04.2024,16.04.2024 12:44:26,24,62,Mazowieckie,19,Anestezjologia i intensywna terapia,2024/004426,Rezydencki,83.33,3.58,28.02.2024 23:23:57,31,NIE,,
w-2024,11,16.04.2024,16.04.2024 12:44:26,24,62,Mazowieckie,20,Anestezjologia i intensywna terapia,2024/002279,Rezydencki,83.09,4.06,01.02.2024 20:08:53,31,NIE,,
w-2024,11,16.04.2024,16.04.2024 12:44:26,24,62,Mazowieckie,21,Anestezjologia i intensywna terapia,2024/003349,Rezydencki,81.46,4.06,28.02.2024 20:52:23,31,NIE,,
w-2024,11,16.04.2024,16.04.2024 12:44:26,24,62,Mazowieckie,22,Anestezjologia i intensywna terapia,2024/005094,Rezydencki,81.37,3.76,28.02.2024 20:01:18,31,NIE,,
w-2024,11,16.04.2024,16.04.2024 12:44:26,24,62,Mazowieckie,23,Anestezjologia i intensywna terapia,2024/002319,Rezydencki,80.00,0.00,23.02.2024 21:27:33,31,NIE,,
w-2024,11,16.04.2024,16.04.2024 12:44:26,24,62,Mazowieckie,24,Anestezjologia i intensywna terapia,2024/005270,Rezydencki,79.23,3.13,28.02.2024 19:20:21,31,NIE,,
w-2024,11,16.04.2024,16.04.2024 12:44:26,24,62,Mazowieckie,25,Anestezjologia i intensywna terapia,2024/006709,Rezydencki,78.74,3.64,28.02.2024 16:32:18,31,NIE,,
w-2024,11,16.04.2024,16.04.2024 12:44:26,24,62,Mazowieckie,26,Anestezjologia i intensywna terapia,2024/002135,Rezydencki,78.54,3.89,13.02.2024 20:51:47,31,NIE,,
w-2024,11,16.04.2024,16.04.2024 12:44:26,24,62,Mazowieckie,27,Anestezjologia i intensywna terapia,2024/002067,Rezydencki,77.94,4.24,16.02.2024 00:22:46,31,NIE,,
w-2024,11,16.04.2024,16.04.2024 12:44:26,24,62,Mazowieckie,28,Anestezjologia i intensywna terapia,2024/002063,Rezydencki,77.29,3.82,28.02.2024 18:28:50,31,NIE,,
w-2024,11,16.04.2024,16.04.2024 12:44:26,24,62,Mazowieckie,29,Anestezjologia i intensywna terapia,2024/002226,Rezydencki,77.07,4.22,01.02.2024 17:05:56,31,NIE,,
w-2024,11,16.04.2024,16.04.2024 12:44:26,24,62,Mazowieckie,30,Anestezjologia i intensywna terapia,2024/004115,Rezydencki,77.07,0.00,16.02.2024 00:44:33,31,NIE,,
w-2024,11,16.04.2024,16.04.2024 12:44:26,24,62,Mazowieckie,31,Anestezjologia i intensywna terapia,2024/006641,Rezydencki,76.59,2.94,28.02.2024 11:05:32,31,NIE,,
w-2024,11,16.04.2024,16.04.2024 12:44:26,24,62,Mazowieckie,32,Anestezjologia i intensywna terapia,2024/007181,Rezydencki,73.66,3.41,06.03.2024 07:52:29,31,NIE,,
w-2024,11,16.04.2024,16.04.2024 12:44:26,24,62,Mazowieckie,33,Anestezjologia i intensywna terapia,2024/002817,Rezydencki,68.78,4.04,06.02.2024 13:26:42,31,NIE,,
w-2024,11,16.04.2024,16.04.2024 12:44:26,24,62,Mazowieckie,34,Anestezjologia i intensywna terapia,2024/007123,Rezydencki,58.45,3.24,28.02.2024 20:51:37,31,NIE,,
w-2024,11,16.04.2024,16.04.2024 12:44:26,24,62,Mazowieckie,35,Anestezjologia i intensywna terapia,2024/005405,Pozarezydencki,77.73,4.54,29.03.2024 12:17:43,3,NIE,,
w-2024,11,16.04.2024,16.04.2024 12:44:26,24,62,Mazowieckie,36,Anestezjologia i intensywna terapia,2024/002391,Pozarezydencki,74.55,0.00,25.03.2024 21:20:26,3,NIE,,
w-2024,11,16.04.2024,16.04.2024 12:44:26,24,62,Mazowieckie,37,Anestezjologia i intensywna terapia,2024/002430,Pozarezydencki,0.00,0.00,07.03.2024 07:42:07,3,NIE,,
w-2024,11,16.04.2024,16.04.2024 12:44:26,24,62,Mazowieckie,38,Angiologia,2024/005874,Pozarezydencki,76.59,3.38,07.03.2024 15:52:50,1,NIE,,
w-2024,11,16.04.2024,16.04.2024 12:44:26,24,62,Mazowieckie,39,Audiologia i foniatria,2024/005507,Rezydencki,82.13,4.10,28.02.2024 19:53:40,1,NIE,,
w-2024,11,16.04.2024,16.04.2024 12:44:26,24,62,Mazowieckie,40,Audiologia i foniatria,2024/004573,Pozarezydencki,72.95,3.49,20.03.2024 09:56:50,3,NIE,,
w-2024,11,16.04.2024,16.04.2024 12:44:26,24,62,Mazowieckie,41,Audiologia i foniatria,2024/005745,Pozarezydencki,61.82,3.11,07.03.2024 10:26:48,3,NIE,,
w-2024,11,16.04.2024,16.04.2024 12:44:26,24,62,Mazowieckie,42,Audiologia i foniatria,2024/005599,Pozarezydencki,52.09,4.17,27.02.2024 21:38:10,3,NIE,,
w-2024,11,16.04.2024,16.04.2024 12:44:26,24,62,Mazowieckie,43,Balneologia i medycyna fizykalna,2024/004406,Pozarezydencki,89.18,3.79,23.02.2024 23:10:19,2,NIE,,
w-2024,11,16.04.2024,16.04.2024 12:44:26,24,62,Mazowieckie,44,Balneologia i medycyna fizykalna,2024/005224,Pozarezydencki,87.45,4.39,23.02.2024 14:33:04,2,NIE,,
w-2024,11,16.04.2024,16.04.2024 12:44:26,24,62,Mazowieckie,45,Chirurgia dziecięca,2024/006220,Rezydencki,86.47,3.67,28.02.2024 17:16:42,1,NIE,,
w-2024,11,16.04.2024,16.04.2024 12:44:26,24,62,Mazowieckie,46,Chirurgia naczyniowa,2024/006094,Rezydencki,78.05,3.93,17.03.2024 14:20:28,2,NIE,,
w-2024,11,16.04.2024,16.04.2024 12:44:26,24,62,Mazowieckie,47,Chirurgia naczyniowa,2024/004401,Rezydencki,72.46,4.05,28.02.2024 20:44:10,2,NIE,,
w-2024,11,16.04.2024,16.04.2024 12:44:26,24,62,Mazowieckie,48,Chirurgia naczyniowa,2024/003848,Pozarezydencki,75.35,3.34,24.02.2024 13:34:11,3,NIE,,
w-2024,11,16.04.2024,16.04.2024 12:44:26,24,62,Mazowieckie,49,Chirurgia naczyniowa,2024/004150,Pozarezydencki,67.50,3.43,11.03.2024 09:06:05,3,NIE,,
w-2024,11,16.04.2024,16.04.2024 12:44:26,24,62,Mazowieckie,50,Chirurgia naczyniowa,2024/002325,Pozarezydencki,62.27,3.16,11.03.2024 15:51:39,3,NIE,,
w-2024,11,16.04.2024,16.04.2024 12:44:26,24,62,Mazowieckie,51,Chirurgia ogólna,2024/003388,Rezydencki,83.09,3.62,29.02.2024 10:59:12,3,NIE,,
w-2024,11,16.04.2024,16.04.2024 12:44:26,24,62,Mazowieckie,52,Chirurgia ogólna,2024/004510,Rezydencki,60.49,3.70,28.02.2024 18:21:02,3,NIE,,
w-2024,11,16.04.2024,16.04.2024 12:44:26,24,62,Mazowieckie,53,Chirurgia ogólna,2024/007373,Rezydencki,59.90,4.20,28.02.2024 23:16:21,3,NIE,,
w-2024,11,16.04.2024,16.04.2024 12:44:26,24,62,Mazowieckie,54,Chirurgia ogólna,2024/005793,Pozarezydencki,77.21,0.00,26.02.2024 17:48:46,3,NIE,,
w-2024,11,16.04.2024,16.04.2024 12:44:26,24,62,Mazowieckie,55,Chirurgia ogólna,2024/002949,Pozarezydencki,64.35,3.55,11.03.2024 19:21:53,3,NIE,,
w-2024,11,16.04.2024,16.04.2024 12:44:26,25,62,Mazowieckie,56,Chirurgia ogólna,2024/002392,Pozarezydencki,61.82,3.01,08.03.2024 14:26:19,3,NIE,,
w-2024,11,16.04.2024,16.04.2024 12:44:26,25,62,Mazowieckie,57,Chirurgia onkologiczna,2024/007229,Rezydencki,79.02,3.86,28.02.2024 22:15:22,2,NIE,,
w-2024,11,16.04.2024,16.04.2024 12:44:26,25,62,Mazowieckie,58,Chirurgia onkologiczna,2024/007251,Rezydencki,77.80,3.92,28.02.2024 22:00:32,2,NIE,,
w-2024,11,16.04.2024,16.04.2024 12:44:26,25,62,Mazowieckie,59,Chirurgia onkologiczna,2024/007165,Pozarezydencki,79.91,3.82,06.03.2024 23:30:55,8,NIE,,
w-2024,11,16.04.2024,16.04.2024 12:44:26,25,62,Mazowieckie,60,Chirurgia onkologiczna,2024/004388,Pozarezydencki,74.77,3.93,07.03.2024 13:23:18,8,NIE,,
w-2024,11,16.04.2024,16.04.2024 12:44:26,25,62,Mazowieckie,61,Chirurgia onkologiczna,2024/004029,Pozarezydencki,74.55,4.37,27.03.2024 10:38:14,8,NIE,,
w-2024,11,16.04.2024,16.04.2024 12:44:26,25,62,Mazowieckie,62,Chirurgia onkologiczna,2024/006583,Pozarezydencki,73.27,3.62,28.02.2024 21:07:46,8,NIE,,
w-2024,11,16.04.2024,16.04.2024 12:44:26,25,62,Mazowieckie,63,Chirurgia onkologiczna,2024/006331,Pozarezydencki,70.91,3.92,27.02.2024 21:44:38,8,NIE,,
w-2024,11,16.04.2024,16.04.2024 12:44:26,25,62,Mazowieckie,64,Chirurgia onkologiczna,2024/004277,Pozarezydencki,65.83,0.00,17.02.2024 15:29:17,8,NIE,,
w-2024,11,16.04.2024,16.04.2024 12:44:26,25,62,Mazowieckie,65,Chirurgia onkologiczna,2024/006125,Pozarezydencki,63.30,0.00,27.02.2024 14:35:19,8,NIE,,
w-2024,11,16.04.2024,16.04.2024 12:44:26,25,62,Mazowieckie,66,Chirurgia onkologiczna,2024/002893,Pozarezydencki,52.95,3.06,17.03.2024 10:13:44,8,NIE,,
w-2024,11,16.04.2024,16.04.2024 12:44:26,25,62,Mazowieckie,67,Chirurgia stomatologiczna,2024/006965,Rezydencki,86.19,4.67,07.03.2024 18:37:59,1,NIE,,
w-2024,11,16.04.2024,16.04.2024 12:44:26,25,62,Mazowieckie,68,Chirurgia szczękowo-twarzowa,2024/006375,Rezydencki,83.17,4.66,26.03.2024 13:03:33,1,NIE,,
w-2024,11,16.04.2024,16.04.2024 12:44:26,25,62,Mazowieckie,69,Choroby płuc,2024/006304,Rezydencki,87.92,4.33,28.02.2024 17:53:14,1,NIE,,
w-2024,11,16.04.2024,16.04.2024 12:44:26,25,62,Mazowieckie,70,Choroby płuc,2024/004212,Pozarezydencki,76.00,0.00,28.02.2024 22:38:50,4,NIE,,
w-2024,11,16.04.2024,16.04.2024 12:44:26,25,62,Mazowieckie,71,Choroby płuc,2024/006732,Pozarezydencki,73.73,3.69,09.03.2024 10:28:20,4,NIE,,
w-2024,11,16.04.2024,16.04.2024 12:44:26,25,62,Mazowieckie,72,Choroby płuc,2024/003520,Pozarezydencki,72.90,4.44,07.03.2024 12:59:25,4,NIE,,
w-2024,11,16.04.2024,16.04.2024 12:44:26,25,62,Mazowieckie,73,Choroby płuc,2024/003570,Pozarezydencki,57.27,3.25,10.03.2024 22:23:59,4,NIE,,
w-2024,11,16.04.2024,16.04.2024 12:44:26,25,62,Mazowieckie,74,Choroby płuc dzieci,2024/006640,Rezydencki,76.09,3.44,28.02.2024 21:53:48,1,NIE,,
w-2024,11,16.04.2024,16.04.2024 12:44:26,25,62,Mazowieckie,75,Choroby płuc dzieci,2024/002866,Pozarezydencki,61.82,3.55,23.02.2024 14:18:13,1,NIE,,
w-2024,11,16.04.2024,16.04.2024 12:44:26,25,62,Mazowieckie,76,Choroby wewnętrzne,2024/002564,Rezydencki,87.44,3.80,25.02.2024 16:50:37,7,NIE,,
w-2024,11,16.04.2024,16.04.2024 12:44:26,25,62,Mazowieckie,77,Choroby wewnętrzne,2024/002870,Rezydencki,87.32,4.30,07.02.2024 13:38:30,7,NIE,,
w-2024,11,16.04.2024,16.04.2024 12:44:26,25,62,Mazowieckie,78,Choroby wewnętrzne,2024/007400,Rezydencki,84.78,3.88,19.03.2024 22:42:39,7,NIE,,
w-2024,11,16.04.2024,16.04.2024 12:44:26,25,62,Mazowieckie,79,Choroby wewnętrzne,2024/004845,Rezydencki,83.82,3.68,28.02.2024 21:46:20,7,NIE,,
w-2024,11,16.04.2024,16.04.2024 12:44:26,25,62,Mazowieckie,80,Choroby wewnętrzne,2024/006868,Rezydencki,83.57,3.50,28.02.2024 17:32:40,7,NIE,,
w-2024,11,16.04.2024,16.04.2024 12:44:26,25,62,Mazowieckie,81,Choroby wewnętrzne,2024/004363,Rezydencki,78.74,0.00,08.03.2024 12:16:20,7,NIE,,
w-2024,11,16.04.2024,16.04.2024 12:44:26,25,62,Mazowieckie,82,Choroby wewnętrzne,2024/002159,Rezydencki,64.76,3.69,01.03.2024 14:36:31,7,NIE,,
w-2024,11,16.04.2024,16.04.2024 12:44:26,25,62,Mazowieckie,83,Choroby wewnętrzne,2024/006527,Pozarezydencki,83.88,4.37,17.03.2024 00:21:45,2,NIE,,
w-2024,11,16.04.2024,16.04.2024 12:44:26,25,62,Mazowieckie,84,Choroby wewnętrzne,2024/005156,Pozarezydencki,80.56,4.42,23.02.2024 09:18:31,2,NIE,,
w-2024,11,16.04.2024,16.04.2024 12:44:26,25,62,Mazowieckie,85,Choroby zakaźne,2024/007151,Rezydencki,83.09,4.34,28.02.2024 21:37:54,3,NIE,,
w-2024,11,16.04.2024,16.04.2024 12:44:26,25,62,Mazowieckie,86,Choroby zakaźne,2024/007261,Rezydencki,82.13,3.68,28.02.2024 22:00:35,3,NIE,,
w-2024,11,16.04.2024,16.04.2024 12:44:26,25,62,Mazowieckie,87,Choroby zakaźne,2024/007365,Rezydencki,70.48,0.00,28.02.2024 23:00:19,3,NIE,,
w-2024,11,16.04.2024,16.04.2024 12:44:26,25,62,Mazowieckie,88,Choroby zakaźne,2024/005635,Pozarezydencki,80.00,4.63,28.02.2024 13:48:53,4,NIE,,
w-2024,11,16.04.2024,16.04.2024 12:44:26,25,62,Mazowieckie,89,Choroby zakaźne,2024/003105,Pozarezydencki,70.91,3.80,10.03.2024 14:52:26,4,NIE,,
w-2024,11,16.04.2024,16.04.2024 12:44:26,25,62,Mazowieckie,90,Choroby zakaźne,2024/006717,Pozarezydencki,66.06,3.65,28.02.2024 13:36:53,4,NIE,,
w-2024,11,16.04.2024,16.04.2024 12:44:26,25,62,Mazowieckie,91,Choroby zakaźne,2024/003045,Pozarezydencki,54.25,0.00,01.03.2024 14:14:11,4,NIE,,
w-2024,11,16.04.2024,16.04.2024 12:44:26,25,62,Mazowieckie,92,Dermatologia i wenerologia,2024/004267,Rezydencki,91.79,4.68,22.02.2024 12:02:40,3,NIE,,
w-2024,11,16.04.2024,16.04.2024 12:44:26,25,62,Mazowieckie,93,Dermatologia i wenerologia,2024/002540,Rezydencki,91.22,4.28,04.02.2024 13:24:32,3,NIE,,
w-2024,11,16.04.2024,16.04.2024 12:44:26,26,62,Mazowieckie,94,Dermatologia i wenerologia,2024/004233,Rezydencki,90.93,4.38,28.02.2024 22:55:26,3,NIE,,
w-2024,11,16.04.2024,16.04.2024 12:44:26,26,62,Mazowieckie,95,Diabetologia,2024/007107,Rezydencki,89.27,4.54,28.02.2024 23:56:37,4,NIE,,
w-2024,11,16.04.2024,16.04.2024 12:44:26,26,62,Mazowieckie,96,Diabetologia,2024/003469,Rezydencki,88.24,4.60,16.03.2024 11:37:18,4,NIE,,
w-2024,11,16.04.2024,16.04.2024 12:44:26,26,62,Mazowieckie,97,Diabetologia,2024/005844,Rezydencki,87.68,4.40,28.02.2024 23:48:30,4,NIE,,
w-2024,11,16.04.2024,16.04.2024 12:44:26,26,62,Mazowieckie,98,Diabetologia,2024/005914,Rezydencki,84.31,3.70,28.02.2024 19:10:52,4,NIE,,
w-2024,11,16.04.2024,16.04.2024 12:44:26,26,62,Mazowieckie,99,Diabetologia,2024/006245,Pozarezydencki,80.18,4.11,28.02.2024 20:17:33,3,NIE,,
w-2024,11,16.04.2024,16.04.2024 12:44:26,26,62,Mazowieckie,100,Diabetologia,2024/003766,Pozarezydencki,80.18,3.81,07.03.2024 16:41:40,3,NIE,,
w-2024,11,16.04.2024,16.04.2024 12:44:26,26,62,Mazowieckie,101,Diabetologia,2024/003698,Pozarezydencki,78.67,4.65,27.02.2024 14:02:39,3,NIE,,
w-2024,11,16.04.2024,16.04.2024 12:44:26,26,62,Mazowieckie,102,Endokrynologia,2024/005500,Rezydencki,94.69,4.61,28.02.2024 23:43:59,4,NIE,,
w-2024,11,16.04.2024,16.04.2024 12:44:26,26,62,Mazowieckie,103,Endokrynologia,2024/004226,Rezydencki,91.71,3.88,28.02.2024 22:11:38,4,NIE,,
w-2024,11,16.04.2024,16.04.2024 12:44:26,26,62,Mazowieckie,104,Endokrynologia,2024/004769,Rezydencki,91.22,4.39,21.02.2024 14:07:50,4,NIE,,
w-2024,11,16.04.2024,16.04.2024 12:44:26,26,62,Mazowieckie,105,Endokrynologia,2024/005257,Rezydencki,91.18,4.63,27.02.2024 14:54:44,4,NIE,,
w-2024,11,16.04.2024,16.04.2024 12:44:26,26,62,Mazowieckie,106,Endokrynologia,2024/003437,Pozarezydencki,89.09,4.09,08.03.2024 09:56:24,3,NIE,,
w-2024,11,16.04.2024,16.04.2024 12:44:26,26,62,Mazowieckie,107,Endokrynologia,2024/002552,Pozarezydencki,88.84,4.03,07.03.2024 11:14:23,3,NIE,,
w-2024,11,16.04.2024,16.04.2024 12:44:26,26,62,Mazowieckie,108,Endokrynologia,2024/002435,Pozarezydencki,88.71,4.34,28.02.2024 20:53:55,3,NIE,,
w-2024,11,16.04.2024,16.04.2024 12:44:26,26,62,Mazowieckie,109,Endokrynologia i diabetologia dziecięca,2024/006266,Rezydencki,89.27,3.40,27.02.2024 23:08:56,3,NIE,,
w-2024,11,16.04.2024,16.04.2024 12:44:26,26,62,Mazowieckie,110,Endokrynologia i diabetologia dziecięca,2024/002217,Rezydencki,87.32,3.95,01.02.2024 16:04:41,3,NIE,,
w-2024,11,16.04.2024,16.04.2024 12:44:26,26,62,Mazowieckie,111,Endokrynologia i diabetologia dziecięca,2024/003386,Rezydencki,86.96,3.96,22.02.2024 13:04:25,3,NIE,,
w-2024,11,16.04.2024,16.04.2024 12:44:26,26,62,Mazowieckie,112,Endokrynologia i diabetologia dziecięca,2024/003203,Pozarezydencki,89.09,4.53,04.03.2024 20:32:29,3,NIE,,
w-2024,11,16.04.2024,16.04.2024 12:44:26,26,62,Mazowieckie,113,Endokrynologia i diabetologia dziecięca,2024/005355,Pozarezydencki,85.91,4.73,29.02.2024 16:56:30,3,NIE,,
w-2024,11,16.04.2024,16.04.2024 12:44:26,26,62,Mazowieckie,114,Endokrynologia i diabetologia dziecięca,2024/002288,Pozarezydencki,80.00,4.20,29.02.2024 20:03:47,3,NIE,,
w-2024,11,16.04.2024,16.04.2024 12:44:26,26,62,Mazowieckie,115,Epidemiologia,2024/006824,Rezydencki,72.60,4.13,28.02.2024 15:44:34,3,NIE,,
w-2024,11,16.04.2024,16.04.2024 12:44:26,26,62,Mazowieckie,116,Epidemiologia,2024/003478,Rezydencki,63.46,3.93,11.03.2024 14:36:16,3,NIE,,
w-2024,11,16.04.2024,16.04.2024 12:44:26,26,62,Mazowieckie,117,Epidemiologia,2024/002228,Rezydencki,60.58,3.47,28.02.2024 10:36:53,3,NIE,,
w-2024,11,16.04.2024,16.04.2024 12:44:26,26,62,Mazowieckie,118,Epidemiologia,2024/004025,Pozarezydencki,80.45,0.00,08.03.2024 09:48:05,1,NIE,,
w-2024,11,16.04.2024,16.04.2024 12:44:26,26,62,Mazowieckie,119,Farmakologia kliniczna,2024/004538,Pozarezydencki,78.64,3.31,28.03.2024 12:08:13,1,NIE,,
w-2024,11,16.04.2024,16.04.2024 12:44:26,26,62,Mazowieckie,120,Gastroenterologia,2024/004078,Rezydencki,93.00,4.63,28.02.2024 13:49:19,5,NIE,,
w-2024,11,16.04.2024,16.04.2024 12:44:26,26,62,Mazowieckie,121,Gastroenterologia,2024/002424,Rezydencki,90.24,4.63,02.02.2024 20:58:30,5,NIE,,
w-2024,11,16.04.2024,16.04.2024 12:44:26,26,62,Mazowieckie,122,Gastroenterologia,2024/006325,Rezydencki,89.27,4.16,27.02.2024 21:02:14,5,NIE,,
w-2024,11,16.04.2024,16.04.2024 12:44:26,26,62,Mazowieckie,123,Gastroenterologia,2024/004070,Rezydencki,88.97,3.90,23.02.2024 19:07:49,5,NIE,,
w-2024,11,16.04.2024,16.04.2024 12:44:26,26,62,Mazowieckie,124,Gastroenterologia,2024/007319,Rezydencki,88.48,3.76,22.03.2024 10:41:06,5,NIE,,
w-2024,11,16.04.2024,16.04.2024 12:44:26,26,62,Mazowieckie,125,Gastroenterologia,2024/002473,Pozarezydencki,85.45,4.55,08.03.2024 20:32:31,12,NIE,,
w-2024,11,16.04.2024,16.04.2024 12:44:26,26,62,Mazowieckie,126,Gastroenterologia,2024/005625,Pozarezydencki,84.55,4.42,26.02.2024 09:23:34,12,NIE,,
w-2024,11,16.04.2024,16.04.2024 12:44:26,26,62,Mazowieckie,127,Gastroenterologia,2024/002520,Pozarezydencki,84.55,4.05,28.02.2024 15:30:40,12,NIE,,
w-2024,11,16.04.2024,16.04.2024 12:44:26,26,62,Mazowieckie,128,Gastroenterologia,2024/006392,Pozarezydencki,80.65,4.17,12.03.2024 23:13:34,12,NIE,,
w-2024,11,16.04.2024,16.04.2024 12:44:26,26,62,Mazowieckie,129,Gastroenterologia,2024/006036,Pozarezydencki,80.65,3.88,08.03.2024 16:32:59,12,NIE,,
w-2024,11,16.04.2024,16.04.2024 12:44:26,26,62,Mazowieckie,130,Gastroenterologia,2024/005817,Pozarezydencki,77.42,3.63,20.03.2024 11:44:16,12,NIE,,
w-2024,11,16.04.2024,16.04.2024 12:44:26,26,62,Mazowieckie,131,Gastroenterologia,2024/006358,Pozarezydencki,76.04,3.26,09.03.2024 12:46:32,12,NIE,,
w-2024,11,16.04.2024,16.04.2024 12:44:26,27,62,Mazowieckie,132,Gastroenterologia,2024/004926,Pozarezydencki,75.45,3.75,14.03.2024 15:53:52,12,NIE,,
w-2024,11,16.04.2024,16.04.2024 12:44:26,27,62,Mazowieckie,133,Gastroenterologia,2024/006932,Pozarezydencki,75.45,0.00,29.02.2024 16:29:16,12,NIE,,
w-2024,11,16.04.2024,16.04.2024 12:44:26,27,62,Mazowieckie,134,Gastroenterologia,2024/003396,Pozarezydencki,72.81,4.08,25.03.2024 05:51:14,12,NIE,,
w-2024,11,16.04.2024,16.04.2024 12:44:26,27,62,Mazowieckie,135,Gastroenterologia,2024/004576,Pozarezydencki,72.81,3.13,15.03.2024 12:33:44,12,NIE,,
w-2024,11,16.04.2024,16.04.2024 12:44:26,27,62,Mazowieckie,136,Gastroenterologia,2024/007421,Pozarezydencki,72.66,3.97,18.03.2024 21:56:40,12,NIE,,
w-2024,11,16.04.2024,16.04.2024 12:44:26,27,62,Mazowieckie,137,Genetyka kliniczna,2024/002131,Rezydencki,94.15,0.00,07.02.2024 23:54:41,2,NIE,,
w-2024,11,16.04.2024,16.04.2024 12:44:26,27,62,Mazowieckie,138,Genetyka kliniczna,2024/005129,Rezydencki,87.92,4.23,15.03.2024 11:32:24,2,NIE,,
w-2024,11,16.04.2024,16.04.2024 12:44:26,27,62,Mazowieckie,139,Genetyka kliniczna,2024/004323,Pozarezydencki,84.65,4.18,18.02.2024 10:58:34,2,NIE,,
w-2024,11,16.04.2024,16.04.2024 12:44:26,27,62,Mazowieckie,140,Genetyka kliniczna,2024/004541,Pozarezydencki,84.55,0.00,27.02.2024 17:49:29,2,NIE,,
w-2024,11,16.04.2024,16.04.2024 12:44:26,27,62,Mazowieckie,141,Ginekologia onkologiczna,2024/003336,Pozarezydencki,87.05,4.67,11.03.2024 09:49:12,3,NIE,,
w-2024,11,16.04.2024,16.04.2024 12:44:26,27,62,Mazowieckie,142,Ginekologia onkologiczna,2024/003455,Pozarezydencki,76.42,4.31,28.02.2024 09:31:59,3,NIE,,
w-2024,11,16.04.2024,16.04.2024 12:44:26,27,62,Mazowieckie,143,Ginekologia onkologiczna,2024/006875,Pozarezydencki,72.43,4.03,06.03.2024 11:55:09,3,NIE,,
w-2024,11,16.04.2024,16.04.2024 12:44:26,27,62,Mazowieckie,144,Hematologia,2024/002765,Rezydencki,88.89,4.66,06.02.2024 19:36:35,3,NIE,,
w-2024,11,16.04.2024,16.04.2024 12:44:26,27,62,Mazowieckie,145,Hematologia,2024/005898,Rezydencki,87.44,4.52,28.02.2024 21:06:25,3,NIE,,
w-2024,11,16.04.2024,16.04.2024 12:44:26,27,62,Mazowieckie,146,Hematologia,2024/006608,Rezydencki,85.85,4.63,28.02.2024 17:29:33,3,NIE,,
w-2024,11,16.04.2024,16.04.2024 12:44:26,27,62,Mazowieckie,147,Hipertensjologia,2024/005623,Pozarezydencki,70.91,3.91,23.03.2024 19:04:36,1,NIE,,
w-2024,11,16.04.2024,16.04.2024 12:44:26,27,62,Mazowieckie,148,Immunologia kliniczna,2024/002145,Pozarezydencki,86.36,4.91,24.02.2024 21:28:08,3,NIE,,
w-2024,11,16.04.2024,16.04.2024 12:44:26,27,62,Mazowieckie,149,Immunologia kliniczna,2024/005730,Pozarezydencki,83.18,4.36,05.03.2024 09:41:16,3,NIE,,
w-2024,11,16.04.2024,16.04.2024 12:44:26,27,62,Mazowieckie,150,Immunologia kliniczna,2024/005290,Pozarezydencki,72.95,0.00,24.02.2024 13:47:34,3,NIE,,
w-2024,11,16.04.2024,16.04.2024 12:44:26,27,62,Mazowieckie,151,Kardiochirurgia,2024/004391,Rezydencki,77.56,3.37,18.02.2024 19:07:01,2,NIE,,
w-2024,11,16.04.2024,16.04.2024 12:44:26,27,62,Mazowieckie,152,Kardiochirurgia,2024/002622,Rezydencki,76.81,4.28,28.02.2024 19:57:55,2,NIE,,
w-2024,11,16.04.2024,16.04.2024 12:44:26,27,62,Mazowieckie,153,Kardiologia,2024/006289,Rezydencki,90.34,4.45,04.03.2024 20:53:15,1,NIE,,
w-2024,11,16.04.2024,16.04.2024 12:44:26,27,62,Mazowieckie,154,Kardiologia,2024/005548,Pozarezydencki,83.87,4.31,27.02.2024 22:41:09,8,NIE,,
w-2024,11,16.04.2024,16.04.2024 12:44:26,27,62,Mazowieckie,155,Kardiologia,2024/004257,Pozarezydencki,77.06,4.50,11.03.2024 22:20:11,8,NIE,,
w-2024,11,16.04.2024,16.04.2024 12:44:26,27,62,Mazowieckie,156,Kardiologia,2024/007153,Pozarezydencki,76.28,3.61,28.02.2024 21:08:34,8,NIE,,
w-2024,11,16.04.2024,16.04.2024 12:44:26,27,62,Mazowieckie,157,Kardiologia,2024/005488,Pozarezydencki,73.62,3.84,25.02.2024 18:45:43,8,NIE,,
w-2024,11,16.04.2024,16.04.2024 12:44:26,27,62,Mazowieckie,158,Kardiologia,2024/003130,Pozarezydencki,71.10,4.56,06.03.2024 19:24:14,8,NIE,,
w-2024,11,16.04.2024,16.04.2024 12:44:26,27,62,Mazowieckie,159,Kardiologia,2024/005341,Pozarezydencki,61.47,0.00,26.02.2024 17:31:17,8,NIE,,
w-2024,11,16.04.2024,16.04.2024 12:44:26,27,62,Mazowieckie,160,Kardiologia,2024/003152,Pozarezydencki,57.78,2.88,26.03.2024 13:29:17,8,NIE,,
w-2024,11,16.04.2024,16.04.2024 12:44:26,27,62,Mazowieckie,161,Kardiologia,2024/006165,Pozarezydencki,0.00,4.64,11.03.2024 16:18:08,8,NIE,,
w-2024,11,16.04.2024,16.04.2024 12:44:26,27,62,Mazowieckie,162,Kardiologia dziecięca,2024/002946,Rezydencki,90.34,4.25,27.02.2024 13:50:26,1,NIE,,
w-2024,11,16.04.2024,16.04.2024 12:44:26,27,62,Mazowieckie,163,Medycyna nuklearna,2024/006956,Rezydencki,85.51,4.11,28.02.2024 23:05:45,1,NIE,,
w-2024,11,16.04.2024,16.04.2024 12:44:26,27,62,Mazowieckie,164,Medycyna nuklearna,2024/003505,Pozarezydencki,3.64,4.65,07.03.2024 22:05:38,1,NIE,,
w-2024,11,16.04.2024,16.04.2024 12:44:26,27,62,Mazowieckie,165,Medycyna paliatywna,2024/004216,Rezydencki,74.52,4.43,16.02.2024 22:38:38,1,NIE,,
w-2024,11,16.04.2024,16.04.2024 12:44:26,27,62,Mazowieckie,166,Medycyna paliatywna,2024/004756,Pozarezydencki,80.68,4.43,20.02.2024 17:02:58,2,NIE,,
w-2024,11,16.04.2024,16.04.2024 12:44:26,27,62,Mazowieckie,167,Medycyna paliatywna,2024/006247,Pozarezydencki,80.00,4.19,09.03.2024 09:33:39,2,NIE,,
w-2024,11,16.04.2024,16.04.2024 12:44:26,27,62,Mazowieckie,168,Medycyna pracy,2024/005804,Rezydencki,71.50,4.30,28.02.2024 22:40:30,1,NIE,,
w-2024,11,16.04.2024,16.04.2024 12:44:26,27,62,Mazowieckie,169,Medycyna pracy,2024/007020,Pozarezydencki,80.00,3.64,28.02.2024 19:36:49,4,NIE,,
w-2024,11,16.04.2024,16.04.2024 12:44:26,28,62,Mazowieckie,170,Medycyna pracy,2024/007145,Pozarezydencki,70.28,4.04,20.03.2024 09:48:40,4,NIE,,
w-2024,11,16.04.2024,16.04.2024 12:44:26,28,62,Mazowieckie,171,Medycyna pracy,2024/005436,Pozarezydencki,58.18,0.00,25.02.2024 14:59:16,4,NIE,,
w-2024,11,16.04.2024,16.04.2024 12:44:26,28,62,Mazowieckie,172,Medycyna pracy,2024/006842,Pozarezydencki,53.46,0.00,28.02.2024 16:08:51,4,NIE,,
w-2024,11,16.04.2024,16.04.2024 12:44:26,28,62,Mazowieckie,173,Medycyna ratunkowa,2024/005457,Rezydencki,71.12,3.85,10.03.2024 12:36:04,1,NIE,,
w-2024,11,16.04.2024,16.04.2024 12:44:26,28,62,Mazowieckie,174,Medycyna ratunkowa,2024/003713,Pozarezydencki,63.43,3.03,19.03.2024 12:35:30,3,NIE,,
w-2024,11,16.04.2024,16.04.2024 12:44:26,28,62,Mazowieckie,175,Medycyna ratunkowa,2024/006913,Pozarezydencki,54.13,3.45,12.03.2024 09:30:45,3,NIE,,
w-2024,11,16.04.2024,16.04.2024 12:44:26,28,62,Mazowieckie,176,Medycyna ratunkowa,2024/005565,Pozarezydencki,0.00,0.00,22.03.2024 08:44:57,3,NIE,,
w-2024,11,16.04.2024,16.04.2024 12:44:26,28,62,Mazowieckie,177,Medycyna rodzinna,2024/005927,Rezydencki,88.78,4.35,27.02.2024 19:23:20,37,NIE,,
w-2024,11,16.04.2024,16.04.2024 12:44:26,28,62,Mazowieckie,178,Medycyna rodzinna,2024/002766,Rezydencki,87.44,4.06,28.02.2024 19:40:26,37,NIE,,
w-2024,11,16.04.2024,16.04.2024 12:44:26,28,62,Mazowieckie,179,Medycyna rodzinna,2024/005571,Rezydencki,87.32,4.98,28.02.2024 17:57:28,37,NIE,,
w-2024,11,16.04.2024,16.04.2024 12:44:26,28,62,Mazowieckie,180,Medycyna rodzinna,2024/003433,Rezydencki,87.25,3.91,11.02.2024 14:07:16,37,NIE,,
w-2024,11,16.04.2024,16.04.2024 12:44:26,28,62,Mazowieckie,181,Medycyna rodzinna,2024/005357,Rezydencki,86.96,4.00,28.02.2024 20:20:55,37,NIE,,
w-2024,11,16.04.2024,16.04.2024 12:44:26,28,62,Mazowieckie,182,Medycyna rodzinna,2024/006276,Rezydencki,86.83,3.58,28.02.2024 19:37:35,37,NIE,,
w-2024,11,16.04.2024,16.04.2024 12:44:26,28,62,Mazowieckie,183,Medycyna rodzinna,2024/007072,Rezydencki,86.47,4.23,28.02.2024 22:47:19,37,NIE,,
w-2024,11,16.04.2024,16.04.2024 12:44:26,28,62,Mazowieckie,184,Medycyna rodzinna,2024/004019,Rezydencki,86.34,4.05,15.02.2024 11:16:03,37,NIE,,
w-2024,11,16.04.2024,16.04.2024 12:44:26,28,62,Mazowieckie,185,Medycyna rodzinna,2024/003042,Rezydencki,86.10,3.77,09.03.2024 09:11:29,37,NIE,,
w-2024,11,16.04.2024,16.04.2024 12:44:26,28,62,Mazowieckie,186,Medycyna rodzinna,2024/004959,Rezydencki,85.51,4.13,28.02.2024 06:39:26,37,NIE,,
w-2024,11,16.04.2024,16.04.2024 12:44:26,28,62,Mazowieckie,187,Medycyna rodzinna,2024/005746,Rezydencki,84.06,3.92,28.02.2024 23:28:30,37,NIE,,
w-2024,11,16.04.2024,16.04.2024 12:44:26,28,62,Mazowieckie,188,Medycyna rodzinna,2024/005311,Rezydencki,83.09,3.84,28.02.2024 19:12:01,37,NIE,,
w-2024,11,16.04.2024,16.04.2024 12:44:26,28,62,Mazowieckie,189,Medycyna rodzinna,2024/005407,Rezydencki,82.84,3.84,28.02.2024 20:27:26,37,NIE,,
w-2024,11,16.04.2024,16.04.2024 12:44:26,28,62,Mazowieckie,190,Medycyna rodzinna,2024/006993,Rezydencki,82.44,4.37,28.02.2024 19:13:25,37,NIE,,
w-2024,11,16.04.2024,16.04.2024 12:44:26,28,62,Mazowieckie,191,Medycyna rodzinna,2024/005242,Rezydencki,82.44,3.82,26.02.2024 14:42:02,37,NIE,,
w-2024,11,16.04.2024,16.04.2024 12:44:26,28,62,Mazowieckie,192,Medycyna rodzinna,2024/004759,Rezydencki,82.13,4.04,26.02.2024 16:05:59,37,NIE,,
w-2024,11,16.04.2024,16.04.2024 12:44:26,28,62,Mazowieckie,193,Medycyna rodzinna,2024/007302,Rezydencki,81.71,3.66,28.02.2024 22:18:27,37,NIE,,
w-2024,11,16.04.2024,16.04.2024 12:44:26,28,62,Mazowieckie,194,Medycyna rodzinna,2024/004865,Rezydencki,80.92,4.11,28.02.2024 00:03:50,37,NIE,,
w-2024,11,16.04.2024,16.04.2024 12:44:26,28,62,Mazowieckie,195,Medycyna rodzinna,2024/004281,Rezydencki,80.68,3.77,26.03.2024 08:44:27,37,NIE,,
w-2024,11,16.04.2024,16.04.2024 12:44:26,28,62,Mazowieckie,196,Medycyna rodzinna,2024/006772,Rezydencki,80.68,3.49,28.02.2024 16:06:09,37,NIE,,
w-2024,11,16.04.2024,16.04.2024 12:44:26,28,62,Mazowieckie,197,Medycyna rodzinna,2024/002399,Rezydencki,80.00,4.34,28.02.2024 15:57:33,37,NIE,,
w-2024,11,16.04.2024,16.04.2024 12:44:26,28,62,Mazowieckie,198,Medycyna rodzinna,2024/005370,Rezydencki,79.71,3.61,27.02.2024 21:33:48,37,NIE,,
w-2024,11,16.04.2024,16.04.2024 12:44:26,28,62,Mazowieckie,199,Medycyna rodzinna,2024/002458,Rezydencki,79.71,0.00,01.03.2024 18:16:50,37,NIE,,
w-2024,11,16.04.2024,16.04.2024 12:44:26,28,62,Mazowieckie,200,Medycyna rodzinna,2024/006258,Rezydencki,79.27,3.91,27.02.2024 19:48:17,37,NIE,,
w-2024,11,16.04.2024,16.04.2024 12:44:26,28,62,Mazowieckie,201,Medycyna rodzinna,2024/003773,Rezydencki,78.26,4.02,28.02.2024 16:00:35,37,NIE,,
w-2024,11,16.04.2024,16.04.2024 12:44:26,28,62,Mazowieckie,202,Medycyna rodzinna,2024/006248,Rezydencki,77.07,4.20,05.03.2024 17:33:40,37,NIE,,
w-2024,11,16.04.2024,16.04.2024 12:44:26,28,62,Mazowieckie,203,Medycyna rodzinna,2024/003199,Rezydencki,77.07,0.00,08.02.2024 19:46:20,37,NIE,,
w-2024,11,16.04.2024,16.04.2024 12:44:26,28,62,Mazowieckie,204,Medycyna rodzinna,2024/007274,Rezydencki,75.36,4.20,28.02.2024 22:35:07,37,NIE,,
w-2024,11,16.04.2024,16.04.2024 12:44:26,28,62,Mazowieckie,205,Medycyna rodzinna,2024/006841,Rezydencki,73.66,4.20,28.02.2024 16:48:48,37,NIE,,
w-2024,11,16.04.2024,16.04.2024 12:44:26,28,62,Mazowieckie,206,Medycyna rodzinna,2024/004640,Rezydencki,73.56,0.00,06.03.2024 16:18:58,37,NIE,,
w-2024,11,16.04.2024,16.04.2024 12:44:26,28,62,Mazowieckie,207,Medycyna rodzinna,2024/003836,Rezydencki,73.17,3.62,07.03.2024 17:41:51,37,NIE,,
w-2024,11,16.04.2024,16.04.2024 12:44:26,29,62,Mazowieckie,208,Medycyna rodzinna,2024/007403,Rezydencki,71.22,4.63,28.02.2024 23:59:02,37,NIE,,
w-2024,11,16.04.2024,16.04.2024 12:44:26,29,62,Mazowieckie,209,Medycyna rodzinna,2024/006096,Rezydencki,67.15,3.44,12.03.2024 16:06:06,37,NIE,,
w-2024,11,16.04.2024,16.04.2024 12:44:26,29,62,Mazowieckie,210,Medycyna rodzinna,2024/004898,Rezydencki,66.34,3.37,18.03.2024 15:01:32,37,NIE,,
w-2024,11,16.04.2024,16.04.2024 12:44:26,29,62,Mazowieckie,211,Medycyna rodzinna,2024/006562,Rezydencki,62.93,3.96,28.02.2024 17:44:52,37,NIE,,
w-2024,11,16.04.2024,16.04.2024 12:44:26,29,62,Mazowieckie,212,Medycyna rodzinna,2024/006443,Rezydencki,59.02,3.79,27.02.2024 22:28:14,37,NIE,,
w-2024,11,16.04.2024,16.04.2024 12:44:26,29,62,Mazowieckie,213,Medycyna rodzinna,2024/004970,Rezydencki,0.48,3.38,21.02.2024 22:59:39,37,NIE,,
w-2024,11,16.04.2024,16.04.2024 12:44:26,29,62,Mazowieckie,214,Medycyna rodzinna,2024/003602,Pozarezydencki,85.00,0.00,13.03.2024 07:11:55,12,NIE,,
w-2024,11,16.04.2024,16.04.2024 12:44:26,29,62,Mazowieckie,215,Medycyna rodzinna,2024/005839,Pozarezydencki,78.57,3.64,28.02.2024 20:25:00,12,NIE,,
w-2024,11,16.04.2024,16.04.2024 12:44:26,29,62,Mazowieckie,216,Medycyna rodzinna,2024/004556,Pozarezydencki,76.96,3.46,28.02.2024 16:44:39,12,NIE,,
w-2024,11,16.04.2024,16.04.2024 12:44:26,29,62,Mazowieckie,217,Medycyna rodzinna,2024/004974,Pozarezydencki,70.91,4.10,27.02.2024 21:20:31,12,NIE,,
w-2024,11,16.04.2024,16.04.2024 12:44:26,29,62,Mazowieckie,218,Medycyna rodzinna,2024/006314,Pozarezydencki,70.51,4.08,11.03.2024 11:37:02,12,NIE,,
w-2024,11,16.04.2024,16.04.2024 12:44:26,29,62,Mazowieckie,219,Medycyna rodzinna,2024/004068,Pozarezydencki,65.42,3.62,21.02.2024 19:47:23,12,NIE,,
w-2024,11,16.04.2024,16.04.2024 12:44:26,29,62,Mazowieckie,220,Medycyna rodzinna,2024/004585,Pozarezydencki,62.50,3.67,18.03.2024 20:11:22,12,NIE,,
w-2024,11,16.04.2024,16.04.2024 12:44:26,29,62,Mazowieckie,221,Medycyna rodzinna,2024/006849,Pozarezydencki,61.21,0.00,20.03.2024 18:58:52,12,NIE,,
w-2024,11,16.04.2024,16.04.2024 12:44:26,29,62,Mazowieckie,222,Medycyna rodzinna,2024/005280,Pozarezydencki,60.55,3.73,13.03.2024 18:07:32,12,NIE,,
w-2024,11,16.04.2024,16.04.2024 12:44:26,29,62,Mazowieckie,223,Medycyna rodzinna,2024/004439,Pozarezydencki,58.18,0.00,18.02.2024 22:58:43,12,NIE,,
w-2024,11,16.04.2024,16.04.2024 12:44:26,29,62,Mazowieckie,224,Medycyna rodzinna,2024/005079,Pozarezydencki,56.68,3.24,22.02.2024 17:33:29,12,NIE,,
w-2024,11,16.04.2024,16.04.2024 12:44:26,29,62,Mazowieckie,225,Medycyna rodzinna,2024/002649,Pozarezydencki,51.87,0.00,02.03.2024 07:19:49,12,NIE,,
w-2024,11,16.04.2024,16.04.2024 12:44:26,29,62,Mazowieckie,226,Medycyna sportowa,2024/003825,Rezydencki,78.64,0.00,04.03.2024 23:14:13,1,NIE,,
w-2024,11,16.04.2024,16.04.2024 12:44:26,29,62,Mazowieckie,227,Medycyna sportowa,2024/007030,Pozarezydencki,67.51,3.89,15.03.2024 09:24:39,1,NIE,,
w-2024,11,16.04.2024,16.04.2024 12:44:26,29,62,Mazowieckie,228,Nefrologia,2024/002249,Rezydencki,83.82,3.89,05.02.2024 18:38:00,2,NIE,,
w-2024,11,16.04.2024,16.04.2024 12:44:26,29,62,Mazowieckie,229,Nefrologia,2024/006465,Rezydencki,72.95,3.85,28.02.2024 23:23:54,2,NIE,,
w-2024,11,16.04.2024,16.04.2024 12:44:26,29,62,Mazowieckie,230,Nefrologia,2024/005259,Pozarezydencki,71.10,3.77,01.03.2024 15:56:53,1,NIE,,
w-2024,11,16.04.2024,16.04.2024 12:44:26,29,62,Mazowieckie,231,Nefrologia dziecięca,2024/006969,Rezydencki,88.73,3.83,28.02.2024 18:37:12,1,NIE,,
w-2024,11,16.04.2024,16.04.2024 12:44:26,29,62,Mazowieckie,232,Neonatologia,2024/002285,Rezydencki,83.41,4.37,01.02.2024 20:08:56,4,NIE,,
w-2024,11,16.04.2024,16.04.2024 12:44:26,29,62,Mazowieckie,233,Neonatologia,2024/005064,Rezydencki,83.33,3.45,26.02.2024 22:39:16,4,NIE,,
w-2024,11,16.04.2024,16.04.2024 12:44:26,29,62,Mazowieckie,234,Neonatologia,2024/007048,Rezydencki,82.37,3.77,28.02.2024 19:53:49,4,NIE,,
w-2024,11,16.04.2024,16.04.2024 12:44:26,29,62,Mazowieckie,235,Neonatologia,2024/004515,Rezydencki,80.19,4.24,28.02.2024 20:03:40,4,NIE,,
w-2024,11,16.04.2024,16.04.2024 12:44:26,29,62,Mazowieckie,236,Neonatologia,2024/006647,Pozarezydencki,84.55,4.50,12.03.2024 20:11:03,2,NIE,,
w-2024,11,16.04.2024,16.04.2024 12:44:26,29,62,Mazowieckie,237,Neonatologia,2024/002272,Pozarezydencki,80.56,4.70,11.03.2024 12:09:02,2,NIE,,
w-2024,11,16.04.2024,16.04.2024 12:44:26,29,62,Mazowieckie,238,Neurochirurgia,2024/002348,Rezydencki,88.65,4.42,28.02.2024 23:17:35,3,NIE,,
w-2024,11,16.04.2024,16.04.2024 12:44:26,29,62,Mazowieckie,239,Neurochirurgia,2024/006994,Rezydencki,87.50,4.13,28.02.2024 19:13:52,3,NIE,,
w-2024,11,16.04.2024,16.04.2024 12:44:26,29,62,Mazowieckie,240,Neurochirurgia,2024/004286,Rezydencki,86.83,3.98,22.02.2024 15:19:35,3,NIE,,
w-2024,11,16.04.2024,16.04.2024 12:44:26,29,62,Mazowieckie,241,Neurologia,2024/004270,Rezydencki,90.20,4.02,25.02.2024 23:01:51,15,NIE,,
w-2024,11,16.04.2024,16.04.2024 12:44:26,29,62,Mazowieckie,242,Neurologia,2024/003067,Rezydencki,87.25,4.31,27.02.2024 22:54:38,15,NIE,,
w-2024,11,16.04.2024,16.04.2024 12:44:26,29,62,Mazowieckie,243,Neurologia,2024/005808,Rezydencki,86.47,4.21,29.03.2024 11:59:43,15,NIE,,
w-2024,11,16.04.2024,16.04.2024 12:44:26,29,62,Mazowieckie,244,Neurologia,2024/005564,Rezydencki,85.29,3.65,26.02.2024 18:47:47,15,NIE,,
w-2024,11,16.04.2024,16.04.2024 12:44:26,29,62,Mazowieckie,245,Neurologia,2024/006995,Rezydencki,84.88,4.79,28.02.2024 19:18:34,15,NIE,,
w-2024,11,16.04.2024,16.04.2024 12:44:26,30,62,Mazowieckie,246,Neurologia,2024/006488,Rezydencki,84.80,3.83,27.02.2024 23:06:59,15,NIE,,
w-2024,11,16.04.2024,16.04.2024 12:44:26,30,62,Mazowieckie,247,Neurologia,2024/004256,Rezydencki,84.30,4.29,25.02.2024 16:54:48,15,NIE,,
w-2024,11,16.04.2024,16.04.2024 12:44:26,30,62,Mazowieckie,248,Neurologia,2024/004089,Rezydencki,79.51,4.53,28.02.2024 17:02:48,15,NIE,,
w-2024,11,16.04.2024,16.04.2024 12:44:26,30,62,Mazowieckie,249,Neurologia,2024/006425,Rezydencki,79.51,3.91,28.02.2024 15:51:28,15,NIE,,
w-2024,11,16.04.2024,16.04.2024 12:44:26,30,62,Mazowieckie,250,Neurologia,2024/003454,Rezydencki,79.23,3.90,14.03.2024 09:33:11,15,NIE,,
w-2024,11,16.04.2024,16.04.2024 12:44:26,30,62,Mazowieckie,251,Neurologia,2024/004235,Rezydencki,78.74,3.50,24.02.2024 12:05:50,15,NIE,,
w-2024,11,16.04.2024,16.04.2024 12:44:26,30,62,Mazowieckie,252,Neurologia,2024/007326,Rezydencki,77.94,3.73,28.02.2024 22:44:47,15,NIE,,
w-2024,11,16.04.2024,16.04.2024 12:44:26,30,62,Mazowieckie,253,Neurologia,2024/003900,Rezydencki,71.98,4.52,28.02.2024 18:38:12,15,NIE,,
w-2024,11,16.04.2024,16.04.2024 12:44:26,30,62,Mazowieckie,254,Neurologia,2024/005056,Rezydencki,64.73,0.00,28.02.2024 00:30:09,15,NIE,,
w-2024,11,16.04.2024,16.04.2024 12:44:26,30,62,Mazowieckie,255,Neurologia,2024/007444,Rezydencki,62.14,0.00,28.02.2024 23:57:31,15,NIE,,
w-2024,11,16.04.2024,16.04.2024 12:44:26,30,62,Mazowieckie,256,Neurologia dziecięca,2024/002381,Rezydencki,88.16,3.81,28.02.2024 18:21:50,2,NIE,,
w-2024,11,16.04.2024,16.04.2024 12:44:26,30,62,Mazowieckie,257,Neurologia dziecięca,2024/005933,Rezydencki,87.44,4.40,28.02.2024 16:26:21,2,NIE,,
w-2024,11,16.04.2024,16.04.2024 12:44:26,30,62,Mazowieckie,258,Neurologia dziecięca,2024/006334,Pozarezydencki,81.16,3.76,28.02.2024 22:09:29,2,NIE,,
w-2024,11,16.04.2024,16.04.2024 12:44:26,30,62,Mazowieckie,259,Neurologia dziecięca,2024/004271,Pozarezydencki,79.07,3.96,17.02.2024 14:31:52,2,NIE,,
w-2024,11,16.04.2024,16.04.2024 12:44:26,30,62,Mazowieckie,260,Okulistyka,2024/003080,Rezydencki,93.00,4.46,08.02.2024 19:59:08,7,NIE,,
w-2024,11,16.04.2024,16.04.2024 12:44:26,30,62,Mazowieckie,261,Okulistyka,2024/005083,Rezydencki,90.24,4.20,28.02.2024 22:04:24,7,NIE,,
w-2024,11,16.04.2024,16.04.2024 12:44:26,30,62,Mazowieckie,262,Okulistyka,2024/002633,Rezydencki,90.10,4.34,08.03.2024 17:16:13,7,NIE,,
w-2024,11,16.04.2024,16.04.2024 12:44:26,30,62,Mazowieckie,263,Okulistyka,2024/003497,Rezydencki,89.37,3.82,14.03.2024 17:57:35,7,NIE,,
w-2024,11,16.04.2024,16.04.2024 12:44:26,30,62,Mazowieckie,264,Okulistyka,2024/003176,Rezydencki,89.13,4.39,08.02.2024 16:35:04,7,NIE,,
w-2024,11,16.04.2024,16.04.2024 12:44:26,30,62,Mazowieckie,265,Okulistyka,2024/007080,Rezydencki,88.73,3.92,28.02.2024 22:16:05,7,NIE,,
w-2024,11,16.04.2024,16.04.2024 12:44:26,30,62,Mazowieckie,266,Okulistyka,2024/006337,Rezydencki,88.65,4.06,27.02.2024 20:58:50,7,NIE,,
w-2024,11,16.04.2024,16.04.2024 12:44:26,30,62,Mazowieckie,267,Okulistyka,2024/004581,Pozarezydencki,81.78,4.16,28.03.2024 19:42:26,2,NIE,,
w-2024,11,16.04.2024,16.04.2024 12:44:26,30,62,Mazowieckie,268,Okulistyka,2024/007087,Pozarezydencki,81.63,3.98,04.03.2024 12:27:45,2,NIE,,
w-2024,11,16.04.2024,16.04.2024 12:44:26,30,62,Mazowieckie,269,Onkologia i hematologia dziecięca,2024/003539,Pozarezydencki,80.68,4.31,12.03.2024 12:17:01,2,NIE,,
w-2024,11,16.04.2024,16.04.2024 12:44:26,30,62,Mazowieckie,270,Onkologia i hematologia dziecięca,2024/003167,Pozarezydencki,75.45,4.31,05.03.2024 21:01:50,2,NIE,,
w-2024,11,16.04.2024,16.04.2024 12:44:26,30,62,Mazowieckie,271,Onkologia kliniczna,2024/006300,Rezydencki,86.47,3.81,28.02.2024 18:57:52,5,NIE,,
w-2024,11,16.04.2024,16.04.2024 12:44:26,30,62,Mazowieckie,272,Onkologia kliniczna,2024/006823,Rezydencki,83.57,4.67,28.02.2024 18:54:24,5,NIE,,
w-2024,11,16.04.2024,16.04.2024 12:44:26,30,62,Mazowieckie,273,Onkologia kliniczna,2024/003500,Rezydencki,72.06,3.29,27.02.2024 19:29:47,5,NIE,,
w-2024,11,16.04.2024,16.04.2024 12:44:26,30,62,Mazowieckie,274,Onkologia kliniczna,2024/006851,Rezydencki,70.05,2.81,14.03.2024 17:19:52,5,NIE,,
w-2024,11,16.04.2024,16.04.2024 12:44:26,30,62,Mazowieckie,275,Onkologia kliniczna,2024/005965,Rezydencki,65.69,3.85,06.03.2024 11:59:42,5,NIE,,
w-2024,11,16.04.2024,16.04.2024 12:44:26,30,62,Mazowieckie,276,Onkologia kliniczna,2024/003776,Pozarezydencki,60.19,3.86,19.02.2024 11:55:02,1,NIE,,
w-2024,11,16.04.2024,16.04.2024 12:44:26,30,62,Mazowieckie,277,Ortodoncja,2024/003434,Rezydencki,90.38,3.80,21.02.2024 13:29:17,1,NIE,,
w-2024,11,16.04.2024,16.04.2024 12:44:26,30,62,Mazowieckie,278,Ortopedia i traumatologia narządu ruchu,2024/006529,Rezydencki,90.69,4.10,28.02.2024 10:53:33,13,NIE,,
w-2024,11,16.04.2024,16.04.2024 12:44:26,30,62,Mazowieckie,279,Ortopedia i traumatologia narządu ruchu,2024/005594,Rezydencki,87.92,4.00,28.02.2024 20:27:39,13,NIE,,
w-2024,11,16.04.2024,16.04.2024 12:44:26,30,62,Mazowieckie,280,Ortopedia i traumatologia narządu ruchu,2024/005434,Rezydencki,85.02,3.45,28.02.2024 23:41:16,13,NIE,,
w-2024,11,16.04.2024,16.04.2024 12:44:26,30,62,Mazowieckie,281,Ortopedia i traumatologia narządu ruchu,2024/004821,Rezydencki,84.54,3.67,28.02.2024 17:50:08,13,NIE,,
w-2024,11,16.04.2024,16.04.2024 12:44:26,30,62,Mazowieckie,282,Ortopedia i traumatologia narządu ruchu,2024/004232,Rezydencki,83.57,4.46,28.02.2024 16:00:01,13,NIE,,
w-2024,11,16.04.2024,16.04.2024 12:44:26,30,62,Mazowieckie,283,Ortopedia i traumatologia narządu ruchu,2024/007278,Rezydencki,82.13,0.00,14.03.2024 18:43:41,13,NIE,,
w-2024,11,16.04.2024,16.04.2024 12:44:26,31,62,Mazowieckie,284,Ortopedia i traumatologia narządu ruchu,2024/002255,Rezydencki,79.23,3.25,28.02.2024 22:03:07,13,NIE,,
w-2024,11,16.04.2024,16.04.2024 12:44:26,31,62,Mazowieckie,285,Ortopedia i traumatologia narządu ruchu,2024/005546,Rezydencki,78.74,3.30,28.02.2024 23:31:00,13,NIE,,
w-2024,11,16.04.2024,16.04.2024 12:44:26,31,62,Mazowieckie,286,Ortopedia i traumatologia narządu ruchu,2024/004309,Rezydencki,77.45,4.05,17.02.2024 22:39:50,13,NIE,,
w-2024,11,16.04.2024,16.04.2024 12:44:26,31,62,Mazowieckie,287,Ortopedia i traumatologia narządu ruchu,2024/007179,Rezydencki,76.67,3.54,13.03.2024 07:06:31,13,NIE,,
w-2024,11,16.04.2024,16.04.2024 12:44:26,31,62,Mazowieckie,288,Ortopedia i traumatologia narządu ruchu,2024/004259,Rezydencki,62.14,3.76,08.03.2024 10:15:33,13,NIE,,
w-2024,11,16.04.2024,16.04.2024 12:44:26,31,62,Mazowieckie,289,Ortopedia i traumatologia narządu ruchu,2024/007069,Rezydencki,61.90,3.53,11.03.2024 10:25:09,13,NIE,,
w-2024,11,16.04.2024,16.04.2024 12:44:26,31,62,Mazowieckie,290,Ortopedia i traumatologia narządu ruchu,2024/004060,Rezydencki,59.42,4.76,28.02.2024 18:46:21,13,NIE,,
w-2024,11,16.04.2024,16.04.2024 12:44:26,31,62,Mazowieckie,291,Otorynolaryngologia,2024/007402,Rezydencki,88.29,4.48,14.03.2024 22:13:41,9,NIE,,
w-2024,11,16.04.2024,16.04.2024 12:44:26,31,62,Mazowieckie,292,Otorynolaryngologia,2024/003674,Rezydencki,87.68,4.17,28.02.2024 20:04:12,9,NIE,,
w-2024,11,16.04.2024,16.04.2024 12:44:26,31,62,Mazowieckie,293,Otorynolaryngologia,2024/003440,Rezydencki,87.01,4.71,27.02.2024 10:04:36,9,NIE,,
w-2024,11,16.04.2024,16.04.2024 12:44:26,31,62,Mazowieckie,294,Otorynolaryngologia,2024/006132,Rezydencki,86.96,4.07,28.02.2024 23:11:29,9,NIE,,
w-2024,11,16.04.2024,16.04.2024 12:44:26,31,62,Mazowieckie,295,Otorynolaryngologia,2024/003464,Rezydencki,86.96,0.00,11.03.2024 19:33:02,9,NIE,,
w-2024,11,16.04.2024,16.04.2024 12:44:26,31,62,Mazowieckie,296,Otorynolaryngologia,2024/004343,Rezydencki,85.99,4.23,07.03.2024 11:08:27,9,NIE,,
w-2024,11,16.04.2024,16.04.2024 12:44:26,31,62,Mazowieckie,297,Otorynolaryngologia,2024/005901,Rezydencki,85.99,3.86,28.02.2024 23:56:37,9,NIE,,
w-2024,11,16.04.2024,16.04.2024 12:44:26,31,62,Mazowieckie,298,Otorynolaryngologia,2024/005566,Rezydencki,85.85,4.11,07.03.2024 16:17:20,9,NIE,,
w-2024,11,16.04.2024,16.04.2024 12:44:26,31,62,Mazowieckie,299,Otorynolaryngologia,2024/002292,Rezydencki,85.51,4.05,28.03.2024 08:10:29,9,NIE,,
w-2024,11,16.04.2024,16.04.2024 12:44:26,31,62,Mazowieckie,300,Otorynolaryngologia,2024/003191,Pozarezydencki,81.63,0.00,18.03.2024 10:40:28,2,NIE,,
w-2024,11,16.04.2024,16.04.2024 12:44:26,31,62,Mazowieckie,301,Otorynolaryngologia,2024/005881,Pozarezydencki,73.73,3.94,28.02.2024 18:07:02,2,NIE,,
w-2024,11,16.04.2024,16.04.2024 12:44:26,31,62,Mazowieckie,302,Otorynolaryngologia dziecięca,2024/005385,Rezydencki,86.83,3.97,28.02.2024 14:12:53,1,NIE,,
w-2024,11,16.04.2024,16.04.2024 12:44:26,31,62,Mazowieckie,303,Patomorfologia,2024/002134,Rezydencki,80.88,3.63,01.02.2024 11:33:25,2,NIE,,
w-2024,11,16.04.2024,16.04.2024 12:44:26,31,62,Mazowieckie,304,Patomorfologia,2024/005484,Rezydencki,72.95,3.95,28.02.2024 20:44:16,2,NIE,,
w-2024,11,16.04.2024,16.04.2024 12:44:26,31,62,Mazowieckie,305,Pediatria,2024/006256,Rezydencki,90.34,4.73,27.02.2024 19:34:55,13,NIE,,
w-2024,11,16.04.2024,16.04.2024 12:44:26,31,62,Mazowieckie,306,Pediatria,2024/002559,Rezydencki,89.61,4.19,24.02.2024 12:35:40,13,NIE,,
w-2024,11,16.04.2024,16.04.2024 12:44:26,31,62,Mazowieckie,307,Pediatria,2024/003217,Rezydencki,89.37,4.19,28.02.2024 19:05:57,13,NIE,,
w-2024,11,16.04.2024,16.04.2024 12:44:26,31,62,Mazowieckie,308,Pediatria,2024/003806,Rezydencki,87.68,3.76,08.03.2024 10:15:20,13,NIE,,
w-2024,11,16.04.2024,16.04.2024 12:44:26,31,62,Mazowieckie,309,Pediatria,2024/005448,Rezydencki,86.47,3.90,28.02.2024 22:23:08,13,NIE,,
w-2024,11,16.04.2024,16.04.2024 12:44:26,31,62,Mazowieckie,310,Pediatria,2024/002503,Rezydencki,85.99,3.75,28.02.2024 20:51:15,13,NIE,,
w-2024,11,16.04.2024,16.04.2024 12:44:26,31,62,Mazowieckie,311,Pediatria,2024/006914,Rezydencki,85.51,4.41,28.02.2024 23:04:33,13,NIE,,
w-2024,11,16.04.2024,16.04.2024 12:44:26,31,62,Mazowieckie,312,Pediatria,2024/002248,Rezydencki,84.54,3.98,18.02.2024 19:33:32,13,NIE,,
w-2024,11,16.04.2024,16.04.2024 12:44:26,31,62,Mazowieckie,313,Pediatria,2024/005738,Rezydencki,81.90,4.08,26.02.2024 15:21:55,13,NIE,,
w-2024,11,16.04.2024,16.04.2024 12:44:26,31,62,Mazowieckie,314,Pediatria,2024/002241,Rezydencki,79.23,3.46,28.02.2024 19:05:39,13,NIE,,
w-2024,11,16.04.2024,16.04.2024 12:44:26,31,62,Mazowieckie,315,Pediatria,2024/004100,Rezydencki,77.78,3.86,28.02.2024 19:16:31,13,NIE,,
w-2024,11,16.04.2024,16.04.2024 12:44:26,31,62,Mazowieckie,316,Pediatria,2024/005849,Rezydencki,67.15,3.90,28.02.2024 17:47:23,13,NIE,,
w-2024,11,16.04.2024,16.04.2024 12:44:26,31,62,Mazowieckie,317,Pediatria,2024/004843,Rezydencki,63.90,3.90,25.02.2024 13:25:10,13,NIE,,
w-2024,11,16.04.2024,16.04.2024 12:44:26,31,62,Mazowieckie,318,Pediatria,2024/005920,Pozarezydencki,80.00,4.59,26.02.2024 22:51:12,5,NIE,,
w-2024,11,16.04.2024,16.04.2024 12:44:26,31,62,Mazowieckie,319,Pediatria,2024/002214,Pozarezydencki,75.45,0.00,07.03.2024 16:15:31,5,NIE,,
w-2024,11,16.04.2024,16.04.2024 12:44:26,31,62,Mazowieckie,320,Pediatria,2024/002900,Pozarezydencki,69.44,0.00,06.02.2024 16:05:57,5,NIE,,
w-2024,11,16.04.2024,16.04.2024 12:44:26,31,62,Mazowieckie,321,Pediatria,2024/004437,Pozarezydencki,64.49,3.73,23.02.2024 09:06:09,5,NIE,,
w-2024,11,16.04.2024,16.04.2024 12:44:26,32,62,Mazowieckie,322,Pediatria,2024/004557,Pozarezydencki,61.68,3.44,15.03.2024 15:53:05,5,NIE,,
w-2024,11,16.04.2024,16.04.2024 12:44:26,32,62,Mazowieckie,323,Pediatria metaboliczna,2024/006799,Pozarezydencki,70.91,3.69,15.03.2024 14:23:24,1,NIE,,
w-2024,11,16.04.2024,16.04.2024 12:44:26,32,62,Mazowieckie,324,Perinatologia,2024/006749,Pozarezydencki,80.00,4.11,28.02.2024 15:31:38,2,NIE,,
w-2024,11,16.04.2024,16.04.2024 12:44:26,32,62,Mazowieckie,325,Perinatologia,2024/005371,Pozarezydencki,80.00,3.62,27.02.2024 18:49:27,2,NIE,,
w-2024,11,16.04.2024,16.04.2024 12:44:26,32,62,Mazowieckie,326,Periodontologia,2024/003363,Rezydencki,87.92,4.64,25.02.2024 17:00:58,4,NIE,,
w-2024,11,16.04.2024,16.04.2024 12:44:26,32,62,Mazowieckie,327,Periodontologia,2024/002053,Rezydencki,87.50,4.57,01.02.2024 00:16:56,4,NIE,,
w-2024,11,16.04.2024,16.04.2024 12:44:26,32,62,Mazowieckie,328,Periodontologia,2024/003997,Rezydencki,86.47,4.09,15.02.2024 08:40:06,4,NIE,,
w-2024,11,16.04.2024,16.04.2024 12:44:26,32,62,Mazowieckie,329,Periodontologia,2024/002330,Rezydencki,85.02,4.22,02.02.2024 11:09:43,4,NIE,,
w-2024,11,16.04.2024,16.04.2024 12:44:26,32,62,Mazowieckie,330,Położnictwo i ginekologia,2024/006450,Rezydencki,91.71,4.41,27.02.2024 22:33:50,4,NIE,,
w-2024,11,16.04.2024,16.04.2024 12:44:26,32,62,Mazowieckie,331,Położnictwo i ginekologia,2024/003488,Rezydencki,89.76,3.74,11.02.2024 20:21:40,4,NIE,,
w-2024,11,16.04.2024,16.04.2024 12:44:26,32,62,Mazowieckie,332,Położnictwo i ginekologia,2024/003841,Rezydencki,88.29,4.45,13.02.2024 22:00:04,4,NIE,,
w-2024,11,16.04.2024,16.04.2024 12:44:26,32,62,Mazowieckie,333,Położnictwo i ginekologia,2024/006516,Rezydencki,88.29,4.27,27.02.2024 23:59:37,4,NIE,,
w-2024,11,16.04.2024,16.04.2024 12:44:26,32,62,Mazowieckie,334,Położnictwo i ginekologia,2024/005021,Pozarezydencki,82.03,4.03,20.03.2024 06:45:15,3,NIE,,
w-2024,11,16.04.2024,16.04.2024 12:44:26,32,62,Mazowieckie,335,Położnictwo i ginekologia,2024/007025,Pozarezydencki,81.11,0.00,28.02.2024 19:39:29,3,NIE,,
w-2024,11,16.04.2024,16.04.2024 12:44:26,32,62,Mazowieckie,336,Położnictwo i ginekologia,2024/007100,Pozarezydencki,72.35,3.63,28.02.2024 23:32:03,3,NIE,,
w-2024,11,16.04.2024,16.04.2024 12:44:26,32,62,Mazowieckie,337,Protetyka stomatologiczna,2024/004377,Rezydencki,85.24,4.10,26.02.2024 18:23:29,2,NIE,,
w-2024,11,16.04.2024,16.04.2024 12:44:26,32,62,Mazowieckie,338,Protetyka stomatologiczna,2024/006690,Rezydencki,85.17,3.98,28.02.2024 12:53:42,2,NIE,,
w-2024,11,16.04.2024,16.04.2024 12:44:26,32,62,Mazowieckie,339,Protetyka stomatologiczna,2024/004594,Pozarezydencki,75.93,3.62,22.02.2024 23:39:09,2,NIE,,
w-2024,11,16.04.2024,16.04.2024 12:44:26,32,62,Mazowieckie,340,Protetyka stomatologiczna,2024/004287,Pozarezydencki,62.62,3.22,06.03.2024 22:42:11,2,NIE,,
w-2024,11,16.04.2024,16.04.2024 12:44:26,32,62,Mazowieckie,341,Psychiatria,2024/006420,Rezydencki,92.27,4.47,28.02.2024 21:52:45,11,NIE,,
w-2024,11,16.04.2024,16.04.2024 12:44:26,32,62,Mazowieckie,342,Psychiatria,2024/006349,Rezydencki,91.71,4.77,27.02.2024 21:20:06,11,NIE,,
w-2024,11,16.04.2024,16.04.2024 12:44:26,32,62,Mazowieckie,343,Psychiatria,2024/004725,Rezydencki,89.37,4.33,28.02.2024 23:11:55,11,NIE,,
w-2024,11,16.04.2024,16.04.2024 12:44:26,32,62,Mazowieckie,344,Psychiatria,2024/002218,Rezydencki,88.73,3.76,01.02.2024 15:58:39,11,NIE,,
w-2024,11,16.04.2024,16.04.2024 12:44:26,32,62,Mazowieckie,345,Psychiatria,2024/003525,Rezydencki,88.54,4.53,08.03.2024 13:44:29,11,NIE,,
w-2024,11,16.04.2024,16.04.2024 12:44:26,32,62,Mazowieckie,346,Psychiatria,2024/002495,Rezydencki,87.80,3.94,15.02.2024 16:15:26,11,NIE,,
w-2024,11,16.04.2024,16.04.2024 12:44:26,32,62,Mazowieckie,347,Psychiatria,2024/004662,Rezydencki,87.80,3.65,21.02.2024 18:50:53,11,NIE,,
w-2024,11,16.04.2024,16.04.2024 12:44:26,32,62,Mazowieckie,348,Psychiatria,2024/004341,Rezydencki,87.50,4.20,18.02.2024 13:41:22,11,NIE,,
w-2024,11,16.04.2024,16.04.2024 12:44:26,32,62,Mazowieckie,349,Psychiatria,2024/002652,Rezydencki,87.07,4.07,06.02.2024 11:17:40,11,NIE,,
w-2024,11,16.04.2024,16.04.2024 12:44:26,32,62,Mazowieckie,350,Psychiatria,2024/006975,Rezydencki,86.71,4.05,28.02.2024 18:45:16,11,NIE,,
w-2024,11,16.04.2024,16.04.2024 12:44:26,32,62,Mazowieckie,351,Psychiatria,2024/002714,Rezydencki,86.27,3.82,05.02.2024 13:25:44,11,NIE,,
w-2024,11,16.04.2024,16.04.2024 12:44:26,32,62,Mazowieckie,352,Psychiatria,2024/005894,Pozarezydencki,81.59,4.57,06.03.2024 22:39:35,9,NIE,,
w-2024,11,16.04.2024,16.04.2024 12:44:26,32,62,Mazowieckie,353,Psychiatria,2024/007017,Pozarezydencki,81.59,4.45,12.03.2024 20:09:53,9,NIE,,
w-2024,11,16.04.2024,16.04.2024 12:44:26,32,62,Mazowieckie,354,Psychiatria,2024/004828,Pozarezydencki,80.37,0.00,18.03.2024 16:34:25,9,NIE,,
w-2024,11,16.04.2024,16.04.2024 12:44:26,32,62,Mazowieckie,355,Psychiatria,2024/002269,Pozarezydencki,78.14,3.26,28.02.2024 19:55:49,9,NIE,,
w-2024,11,16.04.2024,16.04.2024 12:44:26,32,62,Mazowieckie,356,Psychiatria,2024/005938,Pozarezydencki,75.45,3.86,24.03.2024 21:38:04,9,NIE,,
w-2024,11,16.04.2024,16.04.2024 12:44:26,32,62,Mazowieckie,357,Psychiatria,2024/007420,Pozarezydencki,74.42,3.47,18.03.2024 11:38:06,9,NIE,,
w-2024,11,16.04.2024,16.04.2024 12:44:26,32,62,Mazowieckie,358,Psychiatria,2024/006482,Pozarezydencki,72.60,4.16,28.02.2024 01:24:19,9,NIE,,
w-2024,11,16.04.2024,16.04.2024 12:44:26,32,62,Mazowieckie,359,Psychiatria,2024/004825,Pozarezydencki,59.36,3.82,22.03.2024 02:14:11,9,NIE,,
w-2024,11,16.04.2024,16.04.2024 12:44:26,33,62,Mazowieckie,360,Psychiatria,2024/007003,Pozarezydencki,39.63,2.82,28.02.2024 19:23:39,9,NIE,,
w-2024,11,16.04.2024,16.04.2024 12:44:26,33,62,Mazowieckie,361,Psychiatria dzieci i młodzieży,2024/005075,Rezydencki,89.22,4.32,22.02.2024 17:11:16,3,NIE,,
w-2024,11,16.04.2024,16.04.2024 12:44:26,33,62,Mazowieckie,362,Psychiatria dzieci i młodzieży,2024/007368,Rezydencki,88.89,4.18,28.02.2024 23:55:54,3,NIE,,
w-2024,11,16.04.2024,16.04.2024 12:44:26,33,62,Mazowieckie,363,Psychiatria dzieci i młodzieży,2024/004378,Rezydencki,88.65,4.29,28.02.2024 21:49:34,3,NIE,,
w-2024,11,16.04.2024,16.04.2024 12:44:26,33,62,Mazowieckie,364,Psychiatria dzieci i młodzieży,2024/004104,Pozarezydencki,82.33,0.00,08.03.2024 13:22:12,6,NIE,,
w-2024,11,16.04.2024,16.04.2024 12:44:26,33,62,Mazowieckie,365,Psychiatria dzieci i młodzieży,2024/002932,Pozarezydencki,80.00,4.23,10.03.2024 12:20:52,6,NIE,,
w-2024,11,16.04.2024,16.04.2024 12:44:26,33,62,Mazowieckie,366,Psychiatria dzieci i młodzieży,2024/004546,Pozarezydencki,79.72,3.50,19.03.2024 12:30:28,6,NIE,,
w-2024,11,16.04.2024,16.04.2024 12:44:26,33,62,Mazowieckie,367,Psychiatria dzieci i młodzieży,2024/005239,Pozarezydencki,79.53,3.88,28.02.2024 10:58:25,6,NIE,,
w-2024,11,16.04.2024,16.04.2024 12:44:26,33,62,Mazowieckie,368,Psychiatria dzieci i młodzieży,2024/005339,Pozarezydencki,76.91,4.12,24.02.2024 20:07:43,6,NIE,,
w-2024,11,16.04.2024,16.04.2024 12:44:26,33,62,Mazowieckie,369,Psychiatria dzieci i młodzieży,2024/007037,Pozarezydencki,75.81,3.53,28.02.2024 23:58:05,6,NIE,,
w-2024,11,16.04.2024,16.04.2024 12:44:26,33,62,Mazowieckie,370,Radiologia i diagnostyka obrazowa,2024/006397,Rezydencki,92.03,4.42,28.02.2024 23:02:38,11,NIE,,
w-2024,11,16.04.2024,16.04.2024 12:44:26,33,62,Mazowieckie,371,Radiologia i diagnostyka obrazowa,2024/002295,Rezydencki,89.86,4.10,28.02.2024 20:26:48,11,NIE,,
w-2024,11,16.04.2024,16.04.2024 12:44:26,33,62,Mazowieckie,372,Radiologia i diagnostyka obrazowa,2024/005091,Rezydencki,89.37,4.58,22.02.2024 19:17:53,11,NIE,,
w-2024,11,16.04.2024,16.04.2024 12:44:26,33,62,Mazowieckie,373,Radiologia i diagnostyka obrazowa,2024/007217,Rezydencki,89.37,4.48,28.02.2024 22:18:26,11,NIE,,
w-2024,11,16.04.2024,16.04.2024 12:44:26,33,62,Mazowieckie,374,Radiologia i diagnostyka obrazowa,2024/007028,Rezydencki,89.37,4.45,28.02.2024 19:50:47,11,NIE,,
w-2024,11,16.04.2024,16.04.2024 12:44:26,33,62,Mazowieckie,375,Radiologia i diagnostyka obrazowa,2024/006663,Rezydencki,89.13,4.13,12.03.2024 16:21:07,11,NIE,,
w-2024,11,16.04.2024,16.04.2024 12:44:26,33,62,Mazowieckie,376,Radiologia i diagnostyka obrazowa,2024/004904,Rezydencki,88.41,4.34,21.02.2024 17:12:08,11,NIE,,
w-2024,11,16.04.2024,16.04.2024 12:44:26,33,62,Mazowieckie,377,Radiologia i diagnostyka obrazowa,2024/006447,Rezydencki,88.24,3.71,27.02.2024 22:30:26,11,NIE,,
w-2024,11,16.04.2024,16.04.2024 12:44:26,33,62,Mazowieckie,378,Radiologia i diagnostyka obrazowa,2024/003905,Rezydencki,88.05,4.27,26.02.2024 11:34:56,11,NIE,,
w-2024,11,16.04.2024,16.04.2024 12:44:26,33,62,Mazowieckie,379,Radiologia i diagnostyka obrazowa,2024/005372,Rezydencki,87.80,3.49,19.03.2024 22:51:02,11,NIE,,
w-2024,11,16.04.2024,16.04.2024 12:44:26,33,62,Mazowieckie,380,Radiologia i diagnostyka obrazowa,2024/003329,Rezydencki,87.75,3.94,09.02.2024 17:44:30,11,NIE,,
w-2024,11,16.04.2024,16.04.2024 12:44:26,33,62,Mazowieckie,381,Radiologia i diagnostyka obrazowa,2024/007272,Pozarezydencki,82.95,4.16,28.02.2024 22:06:56,4,NIE,,
w-2024,11,16.04.2024,16.04.2024 12:44:26,33,62,Mazowieckie,382,Radiologia i diagnostyka obrazowa,2024/006326,Pozarezydencki,81.57,4.34,08.03.2024 12:02:14,4,NIE,,
w-2024,11,16.04.2024,16.04.2024 12:44:26,33,62,Mazowieckie,383,Radiologia i diagnostyka obrazowa,2024/003351,Pozarezydencki,80.18,4.10,28.02.2024 22:18:46,4,NIE,,
w-2024,11,16.04.2024,16.04.2024 12:44:26,33,62,Mazowieckie,384,Radiologia i diagnostyka obrazowa,2024/007088,Pozarezydencki,78.14,3.51,28.02.2024 20:22:44,4,NIE,,
w-2024,11,16.04.2024,16.04.2024 12:44:26,33,62,Mazowieckie,385,Radioterapia onkologiczna,2024/007076,Rezydencki,80.68,3.40,28.02.2024 20:38:41,1,NIE,,
w-2024,11,16.04.2024,16.04.2024 12:44:26,33,62,Mazowieckie,386,Rehabilitacja medyczna,2024/006885,Rezydencki,86.47,4.28,28.02.2024 18:32:43,1,NIE,,
w-2024,11,16.04.2024,16.04.2024 12:44:26,33,62,Mazowieckie,387,Rehabilitacja medyczna,2024/002962,Pozarezydencki,73.18,0.00,25.03.2024 21:38:40,1,NIE,,
w-2024,11,16.04.2024,16.04.2024 12:44:26,33,62,Mazowieckie,388,Reumatologia,2024/006335,Rezydencki,90.58,4.78,28.02.2024 19:59:39,4,NIE,,
w-2024,11,16.04.2024,16.04.2024 12:44:26,33,62,Mazowieckie,389,Reumatologia,2024/004798,Rezydencki,90.00,3.89,11.03.2024 18:27:41,4,NIE,,
w-2024,11,16.04.2024,16.04.2024 12:44:26,33,62,Mazowieckie,390,Reumatologia,2024/004421,Rezydencki,89.76,4.29,27.02.2024 23:37:16,4,NIE,,
w-2024,11,16.04.2024,16.04.2024 12:44:26,33,62,Mazowieckie,391,Reumatologia,2024/005463,Rezydencki,89.51,4.22,25.02.2024 16:48:38,4,NIE,,
w-2024,11,16.04.2024,16.04.2024 12:44:26,33,62,Mazowieckie,392,Reumatologia,2024/005679,Pozarezydencki,82.95,4.22,26.02.2024 13:34:28,3,NIE,,
w-2024,11,16.04.2024,16.04.2024 12:44:26,33,62,Mazowieckie,393,Reumatologia,2024/002890,Pozarezydencki,76.14,4.13,21.03.2024 11:43:14,3,NIE,,
w-2024,11,16.04.2024,16.04.2024 12:44:26,33,62,Mazowieckie,394,Reumatologia,2024/007192,Pozarezydencki,72.94,3.74,11.03.2024 01:20:43,3,NIE,,
w-2024,11,16.04.2024,16.04.2024 12:44:26,33,62,Mazowieckie,395,Seksuologia,2024/003675,Pozarezydencki,75.45,0.00,12.02.2024 20:41:40,3,NIE,,
w-2024,11,16.04.2024,16.04.2024 12:44:26,33,62,Mazowieckie,396,Seksuologia,2024/003911,Pozarezydencki,70.91,3.76,25.03.2024 10:38:10,3,NIE,,
w-2024,11,16.04.2024,16.04.2024 12:44:26,33,62,Mazowieckie,397,Seksuologia,2024/003187,Pozarezydencki,63.64,5.00,07.03.2024 12:17:50,3,NIE,,
w-2024,11,16.04.2024,16.04.2024 12:44:26,34,62,Mazowieckie,398,Stomatologia dziecięca,2024/003218,Rezydencki,82.61,3.95,08.02.2024 22:34:15,5,NIE,,
w-2024,11,16.04.2024,16.04.2024 12:44:26,34,62,Mazowieckie,399,Stomatologia dziecięca,2024/002064,Rezydencki,81.43,3.93,01.02.2024 00:52:57,5,NIE,,
w-2024,11,16.04.2024,16.04.2024 12:44:26,34,62,Mazowieckie,400,Stomatologia dziecięca,2024/002931,Rezydencki,80.10,3.62,28.02.2024 23:32:53,5,NIE,,
w-2024,11,16.04.2024,16.04.2024 12:44:26,34,62,Mazowieckie,401,Stomatologia dziecięca,2024/005447,Rezydencki,78.85,3.86,01.03.2024 19:10:09,5,NIE,,
w-2024,11,16.04.2024,16.04.2024 12:44:26,34,62,Mazowieckie,402,Stomatologia dziecięca,2024/002608,Rezydencki,78.64,3.83,27.02.2024 12:55:34,5,NIE,,
w-2024,11,16.04.2024,16.04.2024 12:44:26,34,62,Mazowieckie,403,Stomatologia dziecięca,2024/005841,Pozarezydencki,72.45,3.46,18.03.2024 14:38:38,2,NIE,,
w-2024,11,16.04.2024,16.04.2024 12:44:26,34,62,Mazowieckie,404,Stomatologia dziecięca,2024/005840,Pozarezydencki,71.76,3.12,14.03.2024 11:47:56,2,NIE,,
w-2024,11,16.04.2024,16.04.2024 12:44:26,34,62,Mazowieckie,405,Stomatologia zachowawcza z endodoncją,2024/003395,Rezydencki,87.92,4.35,10.02.2024 19:11:19,3,NIE,,
w-2024,11,16.04.2024,16.04.2024 12:44:26,34,62,Mazowieckie,406,Stomatologia zachowawcza z endodoncją,2024/003913,Rezydencki,84.06,4.00,14.02.2024 13:00:05,3,NIE,,
w-2024,11,16.04.2024,16.04.2024 12:44:26,34,62,Mazowieckie,407,Stomatologia zachowawcza z endodoncją,2024/002121,Rezydencki,81.43,3.98,27.02.2024 12:20:16,3,NIE,,
w-2024,11,16.04.2024,16.04.2024 12:44:26,34,62,Mazowieckie,408,Stomatologia zachowawcza z endodoncją,2024/003509,Pozarezydencki,73.39,3.89,22.02.2024 11:00:21,2,NIE,,
w-2024,11,16.04.2024,16.04.2024 12:44:26,34,62,Mazowieckie,409,Stomatologia zachowawcza z endodoncją,2024/007279,Pozarezydencki,64.68,3.05,19.03.2024 14:48:05,2,NIE,,
w-2024,11,16.04.2024,16.04.2024 12:44:26,34,62,Mazowieckie,410,Transfuzjologia kliniczna,2024/002720,Pozarezydencki,73.61,0.00,05.02.2024 14:06:54,1,NIE,,
w-2024,11,16.04.2024,16.04.2024 12:44:26,34,62,Mazowieckie,411,Transplantologia kliniczna,2024/006916,Pozarezydencki,88.86,0.00,25.03.2024 09:16:22,11,NIE,,
w-2024,11,16.04.2024,16.04.2024 12:44:26,34,62,Mazowieckie,412,Transplantologia kliniczna,2024/006112,Pozarezydencki,85.98,4.88,08.03.2024 11:07:12,11,NIE,,
w-2024,11,16.04.2024,16.04.2024 12:44:26,34,62,Mazowieckie,413,Transplantologia kliniczna,2024/002585,Pozarezydencki,81.36,0.00,06.03.2024 09:18:06,11,NIE,,
w-2024,11,16.04.2024,16.04.2024 12:44:26,34,62,Mazowieckie,414,Transplantologia kliniczna,2024/002112,Pozarezydencki,80.88,4.36,28.02.2024 15:08:36,11,NIE,,
w-2024,11,16.04.2024,16.04.2024 12:44:26,34,62,Mazowieckie,415,Transplantologia kliniczna,2024/006047,Pozarezydencki,75.45,0.00,27.03.2024 10:04:31,11,NIE,,
w-2024,11,16.04.2024,16.04.2024 12:44:26,34,62,Mazowieckie,416,Transplantologia kliniczna,2024/006114,Pozarezydencki,74.55,4.02,27.02.2024 18:38:43,11,NIE,,
w-2024,11,16.04.2024,16.04.2024 12:44:26,34,62,Mazowieckie,417,Transplantologia kliniczna,2024/005941,Pozarezydencki,70.91,3.03,26.02.2024 22:57:10,11,NIE,,
w-2024,11,16.04.2024,16.04.2024 12:44:26,34,62,Mazowieckie,418,Transplantologia kliniczna,2024/007073,Pozarezydencki,70.91,0.00,05.03.2024 17:50:27,11,NIE,,
w-2024,11,16.04.2024,16.04.2024 12:44:26,34,62,Mazowieckie,419,Transplantologia kliniczna,2024/002096,Pozarezydencki,70.91,0.00,14.03.2024 13:46:16,11,NIE,,
w-2024,11,16.04.2024,16.04.2024 12:44:26,34,62,Mazowieckie,420,Transplantologia kliniczna,2024/006347,Pozarezydencki,66.36,0.00,25.03.2024 08:52:05,11,NIE,,
w-2024,11,16.04.2024,16.04.2024 12:44:26,34,62,Mazowieckie,421,Transplantologia kliniczna,2024/002958,Pozarezydencki,61.00,0.00,13.03.2024 14:19:09,11,NIE,,
w-2024,11,16.04.2024,16.04.2024 12:44:26,34,62,Mazowieckie,422,Urologia,2024/006512,Rezydencki,88.41,4.18,08.03.2024 21:11:24,4,NIE,,
w-2024,11,16.04.2024,16.04.2024 12:44:26,34,62,Mazowieckie,423,Urologia,2024/005348,Rezydencki,88.41,4.16,28.02.2024 23:28:09,4,NIE,,
w-2024,11,16.04.2024,16.04.2024 12:44:26,34,62,Mazowieckie,424,Urologia,2024/005099,Rezydencki,87.80,4.52,04.03.2024 14:16:52,4,NIE,,
w-2024,11,16.04.2024,16.04.2024 12:44:26,34,62,Mazowieckie,425,Urologia,2024/007050,Rezydencki,86.96,4.23,28.02.2024 19:54:10,4,NIE,,
w-2024,11,16.04.2024,16.04.2024 12:44:26,34,62,Mazowieckie,426,Urologia,2024/006267,Pozarezydencki,84.65,4.48,07.03.2024 12:25:27,1,NIE,,
w-2024,11,16.04.2024,16.04.2024 12:44:26,34,62,Mazowieckie,427,Urologia dziecięca,2024/002211,Pozarezydencki,73.82,3.79,08.03.2024 13:26:45,2,NIE,,
w-2024,11,16.04.2024,16.04.2024 12:44:26,34,62,Mazowieckie,428,Urologia dziecięca,2024/006160,Pozarezydencki,70.91,3.90,28.02.2024 14:07:07,2,NIE,,
w-2024,11,16.04.2024,16.04.2024 12:44:26,34,62,Mazowieckie,429,Zdrowie publiczne,2024/005759,Rezydencki,73.32,3.35,27.02.2024 22:50:59,1,NIE,,
w-2024,11,16.04.2024,16.04.2024 12:44:26,34,62,Mazowieckie,430,Zdrowie publiczne,2024/007004,Pozarezydencki,67.69,3.70,19.03.2024 12:52:58,3,NIE,,
w-2024,11,16.04.2024,16.04.2024 12:44:26,34,62,Mazowieckie,431,Zdrowie publiczne,2024/002836,Pozarezydencki,65.14,4.50,14.03.2024 20:42:35,3,NIE,,
w-2024,11,16.04.2024,16.04.2024 12:44:26,34,62,Mazowieckie,432,Zdrowie publiczne,2024/006058,Pozarezydencki,0.00,0.00,20.03.2024 06:51:06,3,NIE,,
w-2024,11,16.04.2024,16.04.2024 12:44:26,35,62,Mazowieckie,1,Kardiologia,2024/003660,Rezydencki,71.26,3.81,19.02.2024 16:51:51,1,TAK,Mazowiecki Szpital Bródnowski Spółka z ograniczoną odpowiedzialnością,"Zespół Oddziałów Chorób Wewnętrznych, Kardiologii i Nadciśnienia Tętniczego, Katedra i Klinika Kardiologii, Nadciśnienia Tętniczego i Chorób Wewnętrznych Wydziału Lekarskiego WUM"
w-2024,11,16.04.2024,16.04.2024 12:44:26,35,62,Mazowieckie,1,Psychiatria,2024/003782,Rezydencki,85.99,3.81,28.02.2024 23:55:16,2,TAK,Mazowieckie Specjalistyczne Centrum Zdrowia im. Prof. Jana Mazurkiewicza w Pruszkowie,
w-2024,11,16.04.2024,16.04.2024 12:44:26,35,62,Mazowieckie,1,Psychiatria,2024/002336,Rezydencki,84.78,3.45,24.02.2024 12:58:50,2,TAK,Samodzielny Wojewódzki Zespół Publicznych Zakładów Psychiatrycznej Opieki Zdrowotnej w Warszawie,Katedra i Klinika Psychiatryczna
w-2024,11,16.04.2024,16.04.2024 12:44:26,35,62,Mazowieckie,1,Urologia,2024/002487,Rezydencki,73.91,3.76,22.02.2024 14:48:06,1,TAK,UNIWERSYTECKIE CENTRUM KLINICZNE WARSZAWSKIEGO UNIWERSYTETU MEDYCZNEGO,Oddział Urologiczny (A i B)
w-2024,11,16.04.2024,16.04.2024 12:44:26,35,62,Mazowieckie,1,Kardiologia dziecięca,2024/002606,Rezydencki,86.96,4.06,04.02.2024 19:21:18,1,TAK,UNIWERSYTECKIE CENTRUM KLINICZNE WARSZAWSKIEGO UNIWERSYTETU MEDYCZNEGO,Oddział Kliniczny Kardiologii i Pediatrii
w-2024,11,16.04.2024,16.04.2024 12:44:26,35,62,Mazowieckie,1,Radiologia i diagnostyka obrazowa,2024/004204,Rezydencki,85.78,4.02,26.02.2024 20:17:53,1,TAK,Uniwersyteckie Centrum Kliniczne Warszawskiego Uniwersytetu Medycznego,II Zakład Radiologii Klinicznej
w-2024,11,16.04.2024,16.04.2024 12:44:26,35,62,Mazowieckie,1,Endokrynologia,2024/002565,Rezydencki,89.46,4.78,08.02.2024 09:33:02,1,TAK,Uniwersyteckie Centrum Kliniczne Warszawskiego Uniwersytetu Medycznego,Klinika Chorób Wewnętrznych i Endokrynologii
w-2024,11,16.04.2024,16.04.2024 12:44:26,35,62,Mazowieckie,1,Położnictwo i ginekologia,2024/002440,Rezydencki,87.01,4.26,25.02.2024 19:09:49,1,TAK,Uniwersyteckie Centrum Zdrowia Kobiety i Noworodka Warszawskiego Uniwersytetu Medycznego Sp. z o.o.,Oddział Położniczy z Traktem Porodowym i Oddział Ginekologii Septycznej
w-2024,11,16.04.2024,16.04.2024 12:44:26,35,62,Opolskie,1,Alergologia,2024/004442,Pozarezydencki,84.65,3.96,25.02.2024 23:32:07,1,NIE,,
w-2024,11,16.04.2024,16.04.2024 12:44:26,35,62,Opolskie,2,Chirurgia dziecięca,2024/005077,Rezydencki,80.68,4.40,07.03.2024 16:25:04,1,NIE,,
w-2024,11,16.04.2024,16.04.2024 12:44:26,35,62,Opolskie,3,Chirurgia stomatologiczna,2024/005035,Rezydencki,84.29,4.31,22.02.2024 13:00:27,1,NIE,,
w-2024,11,16.04.2024,16.04.2024 12:44:26,35,62,Opolskie,4,Choroby płuc,2024/007442,Pozarezydencki,80.00,0.00,14.03.2024 20:23:12,3,NIE,,
w-2024,11,16.04.2024,16.04.2024 12:44:26,35,62,Opolskie,5,Choroby płuc,2024/005907,Pozarezydencki,77.65,3.93,13.03.2024 19:09:20,3,NIE,,
w-2024,11,16.04.2024,16.04.2024 12:44:26,35,62,Opolskie,6,Choroby płuc,2024/005997,Pozarezydencki,0.00,3.42,27.02.2024 08:50:45,3,NIE,,
w-2024,11,16.04.2024,16.04.2024 12:44:26,36,62,Opolskie,7,Choroby wewnętrzne,2024/004336,Rezydencki,82.44,4.35,18.02.2024 12:54:03,2,NIE,,
w-2024,11,16.04.2024,16.04.2024 12:44:26,36,62,Opolskie,8,Choroby wewnętrzne,2024/006807,Rezydencki,75.85,4.25,18.03.2024 10:22:35,2,NIE,,
w-2024,11,16.04.2024,16.04.2024 12:44:26,36,62,Opolskie,9,Choroby wewnętrzne,2024/007256,Pozarezydencki,80.00,0.00,11.03.2024 08:30:12,3,NIE,,
w-2024,11,16.04.2024,16.04.2024 12:44:26,36,62,Opolskie,10,Choroby wewnętrzne,2024/006090,Pozarezydencki,73.15,4.22,19.03.2024 12:00:41,3,NIE,,
w-2024,11,16.04.2024,16.04.2024 12:44:26,36,62,Opolskie,11,Choroby wewnętrzne,2024/005061,Pozarezydencki,71.56,4.41,07.03.2024 14:25:22,3,NIE,,
w-2024,11,16.04.2024,16.04.2024 12:44:26,36,62,Opolskie,12,Diabetologia,2024/007289,Pozarezydencki,78.80,3.50,08.03.2024 12:59:28,1,NIE,,
w-2024,11,16.04.2024,16.04.2024 12:44:26,36,62,Opolskie,13,Ginekologia onkologiczna,2024/005611,Pozarezydencki,70.91,0.00,21.03.2024 23:18:40,2,NIE,,
w-2024,11,16.04.2024,16.04.2024 12:44:26,36,62,Opolskie,14,Ginekologia onkologiczna,2024/003409,Pozarezydencki,57.27,0.00,06.03.2024 08:51:37,2,NIE,,
w-2024,11,16.04.2024,16.04.2024 12:44:26,36,62,Opolskie,15,Kardiologia,2024/004627,Rezydencki,85.78,3.44,20.02.2024 22:32:52,4,NIE,,
w-2024,11,16.04.2024,16.04.2024 12:44:26,36,62,Opolskie,16,Kardiologia,2024/007104,Rezydencki,83.57,3.60,10.03.2024 23:24:31,4,NIE,,
w-2024,11,16.04.2024,16.04.2024 12:44:26,36,62,Opolskie,17,Kardiologia,2024/006231,Rezydencki,83.09,4.15,28.02.2024 18:08:36,4,NIE,,
w-2024,11,16.04.2024,16.04.2024 12:44:26,36,62,Opolskie,18,Kardiologia,2024/005640,Rezydencki,77.29,4.60,25.03.2024 13:14:30,4,NIE,,
w-2024,11,16.04.2024,16.04.2024 12:44:26,36,62,Opolskie,19,Medycyna rodzinna,2024/003954,Rezydencki,86.27,4.35,06.03.2024 03:30:18,6,NIE,,
w-2024,11,16.04.2024,16.04.2024 12:44:26,36,62,Opolskie,20,Medycyna rodzinna,2024/006097,Rezydencki,85.02,3.87,07.03.2024 22:54:55,6,NIE,,
w-2024,11,16.04.2024,16.04.2024 12:44:26,36,62,Opolskie,21,Medycyna rodzinna,2024/007161,Rezydencki,82.44,3.65,07.03.2024 21:25:50,6,NIE,,
w-2024,11,16.04.2024,16.04.2024 12:44:26,36,62,Opolskie,22,Medycyna rodzinna,2024/003959,Rezydencki,80.19,3.78,07.03.2024 00:27:38,6,NIE,,
w-2024,11,16.04.2024,16.04.2024 12:44:26,36,62,Opolskie,23,Medycyna rodzinna,2024/006533,Rezydencki,70.05,3.65,10.03.2024 23:26:22,6,NIE,,
w-2024,11,16.04.2024,16.04.2024 12:44:26,36,62,Opolskie,24,Medycyna rodzinna,2024/007342,Rezydencki,64.22,3.19,12.03.2024 14:27:53,6,NIE,,
w-2024,11,16.04.2024,16.04.2024 12:44:26,36,62,Opolskie,25,Medycyna rodzinna,2024/004265,Pozarezydencki,70.64,3.94,07.03.2024 16:41:44,1,NIE,,
w-2024,11,16.04.2024,16.04.2024 12:44:26,36,62,Opolskie,26,Neonatologia,2024/003631,Rezydencki,82.44,4.20,07.03.2024 16:39:54,1,NIE,,
w-2024,11,16.04.2024,16.04.2024 12:44:26,36,62,Opolskie,27,Neurologia dziecięca,2024/006867,Rezydencki,87.92,4.13,07.03.2024 18:01:14,1,NIE,,
w-2024,11,16.04.2024,16.04.2024 12:44:26,36,62,Opolskie,28,Ortopedia i traumatologia narządu ruchu,2024/006108,Rezydencki,80.39,4.15,13.03.2024 20:08:14,1,NIE,,
w-2024,11,16.04.2024,16.04.2024 12:44:26,36,62,Opolskie,29,Pediatria,2024/004229,Rezydencki,84.07,4.39,08.03.2024 17:53:33,1,NIE,,
w-2024,11,16.04.2024,16.04.2024 12:44:26,36,62,Opolskie,30,Położnictwo i ginekologia,2024/003041,Rezydencki,87.80,4.93,11.03.2024 16:07:21,1,NIE,,
w-2024,11,16.04.2024,16.04.2024 12:44:26,36,62,Opolskie,31,Psychiatria,2024/006408,Rezydencki,84.56,3.46,22.03.2024 17:14:33,2,NIE,,
w-2024,11,16.04.2024,16.04.2024 12:44:26,36,62,Opolskie,32,Psychiatria,2024/006366,Rezydencki,55.07,3.94,06.03.2024 17:43:49,2,NIE,,
w-2024,11,16.04.2024,16.04.2024 12:44:26,36,62,Opolskie,33,Radiologia i diagnostyka obrazowa,2024/005429,Rezydencki,85.85,4.15,28.02.2024 23:50:52,1,NIE,,
w-2024,11,16.04.2024,16.04.2024 12:44:26,36,62,Opolskie,34,Radiologia i diagnostyka obrazowa,2024/007144,Pozarezydencki,69.12,3.63,28.02.2024 21:04:54,1,NIE,,
w-2024,11,16.04.2024,16.04.2024 12:44:26,36,62,Opolskie,35,Reumatologia,2024/005373,Rezydencki,88.78,4.36,20.03.2024 17:14:21,1,NIE,,
w-2024,11,16.04.2024,16.04.2024 12:44:26,36,62,Opolskie,36,Reumatologia,2024/002913,Pozarezydencki,80.00,4.43,12.02.2024 15:14:25,2,NIE,,
w-2024,11,16.04.2024,16.04.2024 12:44:26,36,62,Opolskie,37,Reumatologia,2024/007007,Pozarezydencki,79.72,4.36,14.03.2024 23:24:29,2,NIE,,
w-2024,11,16.04.2024,16.04.2024 12:44:26,36,62,Podkarpackie,1,Alergologia,2024/002137,Pozarezydencki,80.00,3.95,20.03.2024 12:21:47,2,NIE,,
w-2024,11,16.04.2024,16.04.2024 12:44:26,36,62,Podkarpackie,2,Alergologia,2024/002251,Pozarezydencki,75.45,3.88,12.03.2024 10:42:21,2,NIE,,
w-2024,11,16.04.2024,16.04.2024 12:44:26,36,62,Podkarpackie,3,Anestezjologia i intensywna terapia,2024/002087,Rezydencki,87.01,4.39,27.02.2024 13:34:04,2,NIE,,
w-2024,11,16.04.2024,16.04.2024 12:44:26,37,62,Podkarpackie,4,Anestezjologia i intensywna terapia,2024/002579,Rezydencki,83.57,4.07,07.03.2024 15:59:25,2,NIE,,
w-2024,11,16.04.2024,16.04.2024 12:44:26,37,62,Podkarpackie,5,Chirurgia naczyniowa,2024/005856,Pozarezydencki,57.41,0.00,26.02.2024 20:52:21,1,NIE,,
w-2024,11,16.04.2024,16.04.2024 12:44:26,37,62,Podkarpackie,6,Chirurgia ogólna,2024/006967,Rezydencki,83.57,3.70,15.03.2024 16:05:59,3,NIE,,
w-2024,11,16.04.2024,16.04.2024 12:44:26,37,62,Podkarpackie,7,Chirurgia ogólna,2024/004208,Rezydencki,83.41,4.24,12.03.2024 12:58:54,3,NIE,,
w-2024,11,16.04.2024,16.04.2024 12:44:26,37,62,Podkarpackie,8,Chirurgia ogólna,2024/005345,Rezydencki,72.06,0.00,28.02.2024 17:29:29,3,NIE,,
w-2024,11,16.04.2024,16.04.2024 12:44:26,37,62,Podkarpackie,9,Chirurgia ogólna,2024/005600,Pozarezydencki,74.88,0.00,26.02.2024 16:45:03,1,NIE,,
w-2024,11,16.04.2024,16.04.2024 12:44:26,37,62,Podkarpackie,10,Chirurgia onkologiczna,2024/004964,Pozarezydencki,72.02,4.00,06.03.2024 10:27:22,1,NIE,,
w-2024,11,16.04.2024,16.04.2024 12:44:26,37,62,Podkarpackie,11,Choroby płuc,2024/004782,Pozarezydencki,80.00,3.43,22.03.2024 19:11:23,1,NIE,,
w-2024,11,16.04.2024,16.04.2024 12:44:26,37,62,Podkarpackie,12,Choroby wewnętrzne,2024/004278,Pozarezydencki,70.83,4.00,13.03.2024 09:32:48,1,NIE,,
w-2024,11,16.04.2024,16.04.2024 12:44:26,37,62,Podkarpackie,13,Choroby zakaźne,2024/005526,Pozarezydencki,67.74,3.06,18.03.2024 11:01:07,1,NIE,,
w-2024,11,16.04.2024,16.04.2024 12:44:26,37,62,Podkarpackie,14,Dermatologia i wenerologia,2024/002486,Rezydencki,90.93,4.10,27.02.2024 23:59:59,2,NIE,,
w-2024,11,16.04.2024,16.04.2024 12:44:26,37,62,Podkarpackie,15,Dermatologia i wenerologia,2024/002051,Rezydencki,90.82,4.18,28.02.2024 23:35:08,2,NIE,,
w-2024,11,16.04.2024,16.04.2024 12:44:26,37,62,Podkarpackie,16,Diabetologia,2024/002378,Pozarezydencki,80.00,0.00,29.03.2024 13:15:35,1,NIE,,
w-2024,11,16.04.2024,16.04.2024 12:44:26,37,62,Podkarpackie,17,Gastroenterologia,2024/002471,Pozarezydencki,71.82,3.50,13.03.2024 08:50:12,1,NIE,,
w-2024,11,16.04.2024,16.04.2024 12:44:26,37,62,Podkarpackie,18,Geriatria,2024/004210,Pozarezydencki,56.48,4.21,21.03.2024 09:07:54,1,NIE,,
w-2024,11,16.04.2024,16.04.2024 12:44:26,37,62,Podkarpackie,19,Ginekologia onkologiczna,2024/005460,Pozarezydencki,92.18,0.00,26.03.2024 21:59:00,1,NIE,,
w-2024,11,16.04.2024,16.04.2024 12:44:26,37,62,Podkarpackie,20,Kardiologia,2024/007174,Rezydencki,79.90,4.26,28.02.2024 23:59:39,1,NIE,,
w-2024,11,16.04.2024,16.04.2024 12:44:26,37,62,Podkarpackie,21,Medycyna pracy,2024/006014,Pozarezydencki,81.40,3.78,07.03.2024 22:25:58,1,NIE,,
w-2024,11,16.04.2024,16.04.2024 12:44:26,37,62,Podkarpackie,22,Medycyna rodzinna,2024/002188,Rezydencki,86.47,4.33,01.02.2024 14:10:45,6,NIE,,
w-2024,11,16.04.2024,16.04.2024 12:44:26,37,62,Podkarpackie,23,Medycyna rodzinna,2024/004135,Rezydencki,84.06,4.08,21.02.2024 12:26:45,6,NIE,,
w-2024,11,16.04.2024,16.04.2024 12:44:26,37,62,Podkarpackie,24,Medycyna rodzinna,2024/003175,Rezydencki,82.93,3.67,07.03.2024 20:14:58,6,NIE,,
w-2024,11,16.04.2024,16.04.2024 12:44:26,37,62,Podkarpackie,25,Medycyna rodzinna,2024/002403,Rezydencki,76.33,3.70,25.02.2024 13:34:01,6,NIE,,
w-2024,11,16.04.2024,16.04.2024 12:44:26,37,62,Podkarpackie,26,Medycyna rodzinna,2024/003286,Rezydencki,75.71,3.61,19.02.2024 17:10:25,6,NIE,,
w-2024,11,16.04.2024,16.04.2024 12:44:26,37,62,Podkarpackie,27,Medycyna rodzinna,2024/007340,Rezydencki,65.70,3.43,26.03.2024 15:07:04,6,NIE,,
w-2024,11,16.04.2024,16.04.2024 12:44:26,37,62,Podkarpackie,28,Medycyna rodzinna,2024/005908,Pozarezydencki,86.64,4.35,14.03.2024 07:50:36,5,NIE,,
w-2024,11,16.04.2024,16.04.2024 12:44:26,37,62,Podkarpackie,29,Medycyna rodzinna,2024/004740,Pozarezydencki,79.26,0.00,08.03.2024 13:49:01,5,NIE,,
w-2024,11,16.04.2024,16.04.2024 12:44:26,37,62,Podkarpackie,30,Medycyna rodzinna,2024/007407,Pozarezydencki,70.91,0.00,28.02.2024 23:29:21,5,NIE,,
w-2024,11,16.04.2024,16.04.2024 12:44:26,37,62,Podkarpackie,31,Medycyna rodzinna,2024/006435,Pozarezydencki,65.14,0.00,27.02.2024 22:23:53,5,NIE,,
w-2024,11,16.04.2024,16.04.2024 12:44:26,37,62,Podkarpackie,32,Medycyna rodzinna,2024/006740,Pozarezydencki,57.34,3.00,28.02.2024 14:04:53,5,NIE,,
w-2024,11,16.04.2024,16.04.2024 12:44:26,37,62,Podkarpackie,33,Neurochirurgia,2024/002789,Rezydencki,80.68,3.85,13.03.2024 09:39:03,1,NIE,,
w-2024,11,16.04.2024,16.04.2024 12:44:26,37,62,Podkarpackie,34,Neurologia,2024/007090,Rezydencki,88.73,4.26,14.03.2024 13:25:37,7,NIE,,
w-2024,11,16.04.2024,16.04.2024 12:44:26,37,62,Podkarpackie,35,Neurologia,2024/005744,Rezydencki,87.25,4.02,08.03.2024 12:04:44,7,NIE,,
w-2024,11,16.04.2024,16.04.2024 12:44:26,37,62,Podkarpackie,36,Neurologia,2024/004338,Rezydencki,86.96,3.84,28.02.2024 16:58:01,7,NIE,,
w-2024,11,16.04.2024,16.04.2024 12:44:26,37,62,Podkarpackie,37,Neurologia,2024/003368,Rezydencki,85.99,4.55,28.02.2024 02:15:23,7,NIE,,
w-2024,11,16.04.2024,16.04.2024 12:44:26,37,62,Podkarpackie,38,Neurologia,2024/004209,Rezydencki,83.90,3.80,11.03.2024 13:21:15,7,NIE,,
w-2024,11,16.04.2024,16.04.2024 12:44:26,37,62,Podkarpackie,39,Neurologia,2024/006280,Rezydencki,73.43,3.39,06.03.2024 20:13:41,7,NIE,,
w-2024,11,16.04.2024,16.04.2024 12:44:26,37,62,Podkarpackie,40,Neurologia,2024/006271,Rezydencki,65.70,3.40,07.03.2024 09:49:40,7,NIE,,
w-2024,11,16.04.2024,16.04.2024 12:44:26,37,62,Podkarpackie,41,Neurologia,2024/004249,Pozarezydencki,61.36,3.03,15.03.2024 11:06:23,1,NIE,,
w-2024,11,16.04.2024,16.04.2024 12:44:26,38,62,Podkarpackie,42,Okulistyka,2024/003049,Rezydencki,87.25,3.36,27.02.2024 20:33:00,1,NIE,,
w-2024,11,16.04.2024,16.04.2024 12:44:26,38,62,Podkarpackie,43,Ortopedia i traumatologia narządu ruchu,2024/004966,Rezydencki,88.73,4.02,25.02.2024 11:47:22,5,NIE,,
w-2024,11,16.04.2024,16.04.2024 12:44:26,38,62,Podkarpackie,44,Ortopedia i traumatologia narządu ruchu,2024/003360,Rezydencki,84.88,4.09,28.02.2024 23:19:29,5,NIE,,
w-2024,11,16.04.2024,16.04.2024 12:44:26,38,62,Podkarpackie,45,Ortopedia i traumatologia narządu ruchu,2024/007267,Rezydencki,82.44,3.41,28.02.2024 22:04:30,5,NIE,,
w-2024,11,16.04.2024,16.04.2024 12:44:26,38,62,Podkarpackie,46,Ortopedia i traumatologia narządu ruchu,2024/003212,Rezydencki,74.88,3.70,13.03.2024 13:57:51,5,NIE,,
w-2024,11,16.04.2024,16.04.2024 12:44:26,38,62,Podkarpackie,47,Ortopedia i traumatologia narządu ruchu,2024/004231,Rezydencki,64.71,4.00,07.03.2024 19:06:11,5,NIE,,
w-2024,11,16.04.2024,16.04.2024 12:44:26,38,62,Podkarpackie,48,Ortopedia i traumatologia narządu ruchu,2024/004499,Pozarezydencki,61.82,2.76,08.03.2024 09:59:14,1,NIE,,
w-2024,11,16.04.2024,16.04.2024 12:44:26,38,62,Podkarpackie,49,Otorynolaryngologia,2024/002512,Rezydencki,85.37,4.60,05.02.2024 16:33:04,2,NIE,,
w-2024,11,16.04.2024,16.04.2024 12:44:26,38,62,Podkarpackie,50,Otorynolaryngologia,2024/005509,Rezydencki,85.02,3.26,13.03.2024 14:58:04,2,NIE,,
w-2024,11,16.04.2024,16.04.2024 12:44:26,38,62,Podkarpackie,51,Patomorfologia,2024/005512,Rezydencki,86.83,3.89,25.02.2024 19:47:08,1,NIE,,
w-2024,11,16.04.2024,16.04.2024 12:44:26,38,62,Podkarpackie,52,Perinatologia,2024/004852,Pozarezydencki,71.36,4.13,26.03.2024 06:24:59,1,NIE,,
w-2024,11,16.04.2024,16.04.2024 12:44:26,38,62,Podkarpackie,53,Periodontologia,2024/003596,Rezydencki,84.78,3.60,11.03.2024 10:11:31,1,NIE,,
w-2024,11,16.04.2024,16.04.2024 12:44:26,38,62,Podkarpackie,54,Położnictwo i ginekologia,2024/004306,Rezydencki,87.92,3.77,24.02.2024 08:40:30,2,NIE,,
w-2024,11,16.04.2024,16.04.2024 12:44:26,38,62,Podkarpackie,55,Położnictwo i ginekologia,2024/005780,Rezydencki,73.43,3.33,28.02.2024 21:22:29,2,NIE,,
w-2024,11,16.04.2024,16.04.2024 12:44:26,38,62,Podkarpackie,56,Psychiatria,2024/003473,Rezydencki,87.32,3.81,26.02.2024 23:27:18,4,NIE,,
w-2024,11,16.04.2024,16.04.2024 12:44:26,38,62,Podkarpackie,57,Psychiatria,2024/007155,Rezydencki,85.02,3.96,26.03.2024 14:43:59,4,NIE,,
w-2024,11,16.04.2024,16.04.2024 12:44:26,38,62,Podkarpackie,58,Psychiatria,2024/006208,Rezydencki,81.95,4.03,08.03.2024 09:16:47,4,NIE,,
w-2024,11,16.04.2024,16.04.2024 12:44:26,38,62,Podkarpackie,59,Psychiatria,2024/005694,Rezydencki,80.98,3.83,05.03.2024 14:18:49,4,NIE,,
w-2024,11,16.04.2024,16.04.2024 12:44:26,38,62,Podkarpackie,60,Psychiatria,2024/002494,Pozarezydencki,72.09,3.75,08.03.2024 08:25:02,1,NIE,,
w-2024,11,16.04.2024,16.04.2024 12:44:26,38,62,Podkarpackie,61,Psychiatria dzieci i młodzieży,2024/002105,Rezydencki,83.57,4.08,28.02.2024 19:57:09,2,NIE,,
w-2024,11,16.04.2024,16.04.2024 12:44:26,38,62,Podkarpackie,62,Psychiatria dzieci i młodzieży,2024/006897,Rezydencki,80.00,3.88,14.03.2024 05:57:11,2,NIE,,
w-2024,11,16.04.2024,16.04.2024 12:44:26,38,62,Podkarpackie,63,Radiologia i diagnostyka obrazowa,2024/004222,Rezydencki,89.86,3.97,28.02.2024 20:30:51,4,NIE,,
w-2024,11,16.04.2024,16.04.2024 12:44:26,38,62,Podkarpackie,64,Radiologia i diagnostyka obrazowa,2024/005799,Rezydencki,89.37,4.48,26.02.2024 18:28:29,4,NIE,,
w-2024,11,16.04.2024,16.04.2024 12:44:26,38,62,Podkarpackie,65,Radiologia i diagnostyka obrazowa,2024/005455,Rezydencki,88.41,4.18,25.02.2024 16:35:35,4,NIE,,
w-2024,11,16.04.2024,16.04.2024 12:44:26,38,62,Podkarpackie,66,Radiologia i diagnostyka obrazowa,2024/002116,Rezydencki,88.41,3.94,07.03.2024 17:29:12,4,NIE,,
w-2024,11,16.04.2024,16.04.2024 12:44:26,38,62,Podkarpackie,67,Radiologia i diagnostyka obrazowa,2024/005588,Pozarezydencki,80.00,3.57,24.03.2024 22:06:22,2,NIE,,
w-2024,11,16.04.2024,16.04.2024 12:44:26,38,62,Podkarpackie,68,Radiologia i diagnostyka obrazowa,2024/003073,Pozarezydencki,79.44,4.45,24.02.2024 21:03:53,2,NIE,,
w-2024,11,16.04.2024,16.04.2024 12:44:26,38,62,Podkarpackie,69,Reumatologia,2024/004972,Pozarezydencki,80.47,4.58,11.03.2024 20:33:01,1,NIE,,
w-2024,11,16.04.2024,16.04.2024 12:44:26,38,62,Podkarpackie,70,Transfuzjologia kliniczna,2024/003824,Rezydencki,79.23,3.74,28.02.2024 18:37:58,1,NIE,,
w-2024,11,16.04.2024,16.04.2024 12:44:26,38,62,Podkarpackie,71,Urologia,2024/006486,Rezydencki,84.80,4.05,18.03.2024 23:17:01,1,NIE,,
w-2024,11,16.04.2024,16.04.2024 12:44:26,38,62,Podkarpackie,72,Urologia,2024/006820,Pozarezydencki,69.12,3.42,28.02.2024 15:44:42,1,NIE,,
w-2024,11,16.04.2024,16.04.2024 12:44:26,38,62,Podkarpackie,1,Dermatologia i wenerologia,2024/005602,Rezydencki,89.27,4.10,21.03.2024 16:39:58,1,TAK,UNIWERSYTECKI SZPITAL KLINICZNY IM.FRYDERYKA CHOPINA W RZESZOWIE,Klinika Dermatologii
w-2024,11,16.04.2024,16.04.2024 12:44:26,39,62,Podlaskie,1,Alergologia,2024/003145,Pozarezydencki,77.73,2.88,27.02.2024 11:31:01,2,NIE,,
w-2024,11,16.04.2024,16.04.2024 12:44:26,39,62,Podlaskie,2,Alergologia,2024/005520,Pozarezydencki,75.45,3.76,14.03.2024 22:25:17,2,NIE,,
w-2024,11,16.04.2024,16.04.2024 12:44:26,39,62,Podlaskie,3,Balneologia i medycyna fizykalna,2024/006711,Pozarezydencki,71.56,0.00,28.02.2024 13:31:50,1,NIE,,
w-2024,11,16.04.2024,16.04.2024 12:44:26,39,62,Podlaskie,4,Chirurgia stomatologiczna,2024/005310,Rezydencki,89.61,4.13,19.03.2024 20:34:17,2,NIE,,
w-2024,11,16.04.2024,16.04.2024 12:44:26,39,62,Podlaskie,5,Chirurgia stomatologiczna,2024/002043,Rezydencki,87.92,4.02,27.03.2024 11:24:14,2,NIE,,
w-2024,11,16.04.2024,16.04.2024 12:44:26,39,62,Podlaskie,6,Choroby płuc,2024/005422,Rezydencki,88.16,4.27,20.03.2024 21:59:06,2,NIE,,
w-2024,11,16.04.2024,16.04.2024 12:44:26,39,62,Podlaskie,7,Choroby płuc,2024/005522,Rezydencki,87.44,4.11,26.02.2024 20:04:25,2,NIE,,
w-2024,11,16.04.2024,16.04.2024 12:44:26,39,62,Podlaskie,8,Choroby wewnętrzne,2024/002880,Rezydencki,82.61,3.73,21.03.2024 14:10:04,1,NIE,,
w-2024,11,16.04.2024,16.04.2024 12:44:26,39,62,Podlaskie,9,Dermatologia i wenerologia,2024/003839,Rezydencki,90.82,4.06,07.03.2024 12:00:45,1,NIE,,
w-2024,11,16.04.2024,16.04.2024 12:44:26,39,62,Podlaskie,10,Diabetologia,2024/006292,Rezydencki,86.47,4.00,28.02.2024 21:13:13,1,NIE,,
w-2024,11,16.04.2024,16.04.2024 12:44:26,39,62,Podlaskie,11,Diabetologia,2024/003952,Pozarezydencki,78.67,4.82,14.02.2024 16:57:30,2,NIE,,
w-2024,11,16.04.2024,16.04.2024 12:44:26,39,62,Podlaskie,12,Diabetologia,2024/007307,Pozarezydencki,68.18,0.00,29.03.2024 09:55:12,2,NIE,,
w-2024,11,16.04.2024,16.04.2024 12:44:26,39,62,Podlaskie,13,Endokrynologia ginekologiczna i rozrodczość,2024/007156,Pozarezydencki,84.42,3.56,28.02.2024 21:09:01,1,NIE,,
w-2024,11,16.04.2024,16.04.2024 12:44:26,39,62,Podlaskie,14,Endokrynologia i diabetologia dziecięca,2024/006477,Rezydencki,86.52,3.76,28.02.2024 21:39:50,3,NIE,,
w-2024,11,16.04.2024,16.04.2024 12:44:26,39,62,Podlaskie,15,Endokrynologia i diabetologia dziecięca,2024/005122,Rezydencki,85.37,3.80,04.03.2024 14:22:33,3,NIE,,
w-2024,11,16.04.2024,16.04.2024 12:44:26,39,62,Podlaskie,16,Endokrynologia i diabetologia dziecięca,2024/007353,Rezydencki,84.39,4.66,28.02.2024 22:55:02,3,NIE,,
w-2024,11,16.04.2024,16.04.2024 12:44:26,39,62,Podlaskie,17,Gastroenterologia,2024/002808,Rezydencki,85.78,4.50,15.03.2024 22:36:21,1,NIE,,
w-2024,11,16.04.2024,16.04.2024 12:44:26,39,62,Podlaskie,18,Gastroenterologia,2024/006753,Pozarezydencki,80.00,3.66,11.03.2024 15:19:54,1,NIE,,
w-2024,11,16.04.2024,16.04.2024 12:44:26,39,62,Podlaskie,19,Gastroenterologia dziecięca,2024/005160,Pozarezydencki,68.64,4.01,28.02.2024 15:58:02,1,NIE,,
w-2024,11,16.04.2024,16.04.2024 12:44:26,39,62,Podlaskie,20,Geriatria,2024/002084,Pozarezydencki,70.91,3.95,20.03.2024 15:20:41,2,NIE,,
w-2024,11,16.04.2024,16.04.2024 12:44:26,39,62,Podlaskie,21,Geriatria,2024/007033,Pozarezydencki,61.82,0.00,28.02.2024 19:42:58,2,NIE,,
w-2024,11,16.04.2024,16.04.2024 12:44:26,39,62,Podlaskie,22,Ginekologia onkologiczna,2024/004732,Pozarezydencki,67.52,0.00,19.03.2024 09:09:19,1,NIE,,
w-2024,11,16.04.2024,16.04.2024 12:44:26,39,62,Podlaskie,23,Immunologia kliniczna,2024/006828,Pozarezydencki,79.26,3.60,14.03.2024 18:19:29,1,NIE,,
w-2024,11,16.04.2024,16.04.2024 12:44:26,39,62,Podlaskie,24,Kardiologia,2024/002571,Rezydencki,89.86,4.08,04.02.2024 16:09:02,1,NIE,,
w-2024,11,16.04.2024,16.04.2024 12:44:26,39,62,Podlaskie,25,Kardiologia,2024/003106,Pozarezydencki,82.95,4.30,11.02.2024 17:06:08,3,NIE,,
w-2024,11,16.04.2024,16.04.2024 12:44:26,39,62,Podlaskie,26,Kardiologia,2024/007246,Pozarezydencki,70.91,0.00,28.02.2024 21:57:24,3,NIE,,
w-2024,11,16.04.2024,16.04.2024 12:44:26,39,62,Podlaskie,27,Kardiologia,2024/007193,Pozarezydencki,61.93,0.00,18.03.2024 22:14:42,3,NIE,,
w-2024,11,16.04.2024,16.04.2024 12:44:26,39,62,Podlaskie,28,Medycyna paliatywna,2024/005287,Pozarezydencki,66.36,3.41,22.03.2024 14:22:12,1,NIE,,
w-2024,11,16.04.2024,16.04.2024 12:44:26,39,62,Podlaskie,29,Medycyna ratunkowa,2024/004394,Pozarezydencki,80.23,3.26,12.03.2024 12:29:05,1,NIE,,
w-2024,11,16.04.2024,16.04.2024 12:44:26,39,62,Podlaskie,30,Medycyna rodzinna,2024/004836,Rezydencki,90.34,4.53,21.02.2024 10:19:23,3,NIE,,
w-2024,11,16.04.2024,16.04.2024 12:44:26,39,62,Podlaskie,31,Medycyna rodzinna,2024/002239,Rezydencki,85.78,4.13,06.02.2024 07:01:15,3,NIE,,
w-2024,11,16.04.2024,16.04.2024 12:44:26,39,62,Podlaskie,32,Medycyna rodzinna,2024/003380,Rezydencki,82.93,3.63,12.02.2024 15:20:24,3,NIE,,
w-2024,11,16.04.2024,16.04.2024 12:44:26,39,62,Podlaskie,33,Medycyna rodzinna,2024/005383,Pozarezydencki,75.68,4.03,26.02.2024 09:55:39,1,NIE,,
w-2024,11,16.04.2024,16.04.2024 12:44:26,39,62,Podlaskie,34,Medycyna sportowa,2024/005421,Pozarezydencki,75.23,3.77,26.02.2024 19:23:21,1,NIE,,
w-2024,11,16.04.2024,16.04.2024 12:44:26,39,62,Podlaskie,35,Nefrologia dziecięca,2024/002910,Pozarezydencki,76.15,4.24,21.03.2024 09:37:40,1,NIE,,
w-2024,11,16.04.2024,16.04.2024 12:44:26,39,62,Podlaskie,36,Neurologia,2024/003999,Pozarezydencki,76.39,4.53,19.03.2024 12:11:34,1,NIE,,
w-2024,11,16.04.2024,16.04.2024 12:44:26,39,62,Podlaskie,37,Okulistyka,2024/004282,Rezydencki,88.48,4.39,28.02.2024 23:58:13,1,NIE,,
w-2024,11,16.04.2024,16.04.2024 12:44:26,40,62,Podlaskie,38,Okulistyka,2024/003367,Pozarezydencki,82.33,3.82,25.03.2024 09:26:45,2,NIE,,
w-2024,11,16.04.2024,16.04.2024 12:44:26,40,62,Podlaskie,39,Okulistyka,2024/004699,Pozarezydencki,81.11,3.67,22.03.2024 17:51:06,2,NIE,,
w-2024,11,16.04.2024,16.04.2024 12:44:26,40,62,Podlaskie,40,Onkologia kliniczna,2024/002781,Pozarezydencki,71.50,4.46,28.02.2024 11:56:28,1,NIE,,
w-2024,11,16.04.2024,16.04.2024 12:44:26,40,62,Podlaskie,41,Ortopedia i traumatologia narządu ruchu,2024/004043,Rezydencki,85.85,4.02,15.03.2024 14:39:54,2,NIE,,
w-2024,11,16.04.2024,16.04.2024 12:44:26,40,62,Podlaskie,42,Ortopedia i traumatologia narządu ruchu,2024/003617,Rezydencki,74.88,2.82,28.02.2024 14:57:00,2,NIE,,
w-2024,11,16.04.2024,16.04.2024 12:44:26,40,62,Podlaskie,43,Otorynolaryngologia,2024/007040,Rezydencki,85.51,3.34,28.03.2024 10:05:19,1,NIE,,
w-2024,11,16.04.2024,16.04.2024 12:44:26,40,62,Podlaskie,44,Otorynolaryngologia dziecięca,2024/007009,Rezydencki,60.00,4.33,28.02.2024 19:27:01,1,NIE,,
w-2024,11,16.04.2024,16.04.2024 12:44:26,40,62,Podlaskie,45,Otorynolaryngologia dziecięca,2024/002715,Pozarezydencki,79.55,4.57,26.03.2024 15:34:22,2,NIE,,
w-2024,11,16.04.2024,16.04.2024 12:44:26,40,62,Podlaskie,46,Otorynolaryngologia dziecięca,2024/003299,Pozarezydencki,78.18,4.38,24.03.2024 17:48:14,2,NIE,,
w-2024,11,16.04.2024,16.04.2024 12:44:26,40,62,Podlaskie,47,Periodontologia,2024/004914,Pozarezydencki,81.36,4.39,28.03.2024 08:52:15,1,NIE,,
w-2024,11,16.04.2024,16.04.2024 12:44:26,40,62,Podlaskie,48,Położnictwo i ginekologia,2024/006257,Rezydencki,76.81,4.26,28.02.2024 21:36:33,1,NIE,,
w-2024,11,16.04.2024,16.04.2024 12:44:26,40,62,Podlaskie,49,Protetyka stomatologiczna,2024/005403,Rezydencki,81.64,3.81,19.03.2024 11:50:55,1,NIE,,
w-2024,11,16.04.2024,16.04.2024 12:44:26,40,62,Podlaskie,50,Psychiatria,2024/003810,Rezydencki,86.10,3.57,13.02.2024 19:10:52,6,NIE,,
w-2024,11,16.04.2024,16.04.2024 12:44:26,40,62,Podlaskie,51,Psychiatria,2024/005816,Rezydencki,83.57,3.49,28.02.2024 23:43:09,6,NIE,,
w-2024,11,16.04.2024,16.04.2024 12:44:26,40,62,Podlaskie,52,Psychiatria,2024/003664,Rezydencki,83.41,3.98,22.03.2024 15:26:31,6,NIE,,
w-2024,11,16.04.2024,16.04.2024 12:44:26,40,62,Podlaskie,53,Psychiatria,2024/006211,Rezydencki,82.84,3.96,26.03.2024 15:45:38,6,NIE,,
w-2024,11,16.04.2024,16.04.2024 12:44:26,40,62,Podlaskie,54,Psychiatria,2024/006991,Rezydencki,75.12,3.89,28.02.2024 19:09:42,6,NIE,,
w-2024,11,16.04.2024,16.04.2024 12:44:26,40,62,Podlaskie,55,Psychiatria,2024/005477,Rezydencki,59.90,0.00,25.03.2024 11:55:15,6,NIE,,
w-2024,11,16.04.2024,16.04.2024 12:44:26,40,62,Podlaskie,56,Psychiatria dzieci i młodzieży,2024/002128,Rezydencki,90.69,4.38,16.02.2024 12:31:40,1,NIE,,
w-2024,11,16.04.2024,16.04.2024 12:44:26,40,62,Podlaskie,57,Radiologia i diagnostyka obrazowa,2024/002055,Rezydencki,85.78,3.83,19.03.2024 10:55:54,2,NIE,,
w-2024,11,16.04.2024,16.04.2024 12:44:26,40,62,Podlaskie,58,Radiologia i diagnostyka obrazowa,2024/005910,Rezydencki,85.78,3.78,08.03.2024 20:07:59,2,NIE,,
w-2024,11,16.04.2024,16.04.2024 12:44:26,40,62,Podlaskie,59,Radiologia i diagnostyka obrazowa,2024/003651,Pozarezydencki,80.00,3.62,21.03.2024 19:07:16,2,NIE,,
w-2024,11,16.04.2024,16.04.2024 12:44:26,40,62,Podlaskie,60,Radiologia i diagnostyka obrazowa,2024/003467,Pozarezydencki,66.51,3.18,28.02.2024 22:56:04,2,NIE,,
w-2024,11,16.04.2024,16.04.2024 12:44:26,40,62,Podlaskie,61,Reumatologia,2024/006344,Rezydencki,80.68,3.56,28.02.2024 16:01:44,1,NIE,,
w-2024,11,16.04.2024,16.04.2024 12:44:26,40,62,Podlaskie,62,Stomatologia dziecięca,2024/005879,Rezydencki,82.85,3.61,22.03.2024 12:28:46,1,NIE,,
w-2024,11,16.04.2024,16.04.2024 12:44:26,40,62,Podlaskie,63,Stomatologia zachowawcza z endodoncją,2024/002761,Rezydencki,85.02,3.98,05.02.2024 18:50:12,3,NIE,,
w-2024,11,16.04.2024,16.04.2024 12:44:26,40,62,Podlaskie,64,Stomatologia zachowawcza z endodoncją,2024/005012,Rezydencki,62.20,2.78,28.02.2024 21:55:41,3,NIE,,
w-2024,11,16.04.2024,16.04.2024 12:44:26,40,62,Podlaskie,65,Stomatologia zachowawcza z endodoncją,2024/006581,Rezydencki,53.43,0.00,28.02.2024 20:06:14,3,NIE,,
w-2024,11,16.04.2024,16.04.2024 12:44:26,40,62,Podlaskie,66,Urologia,2024/005236,Rezydencki,87.44,4.47,28.02.2024 21:58:23,1,NIE,,
w-2024,11,16.04.2024,16.04.2024 12:44:26,40,62,Podlaskie,1,Kardiologia,2024/005610,Rezydencki,88.24,4.31,26.02.2024 12:15:33,1,TAK,Uniwersytecki Szpital Kliniczny w Białymstoku,Klinika Kardiologii i Chorób Wewnętrznych z OINK
w-2024,11,16.04.2024,16.04.2024 12:44:26,41,62,Podlaskie,1,Okulistyka,2024/003695,Rezydencki,85.51,4.88,12.02.2024 23:06:29,1,TAK,SMKSystem Monitorowania Kształcenia,Pracowników Medycznych Status dokumentu Opublikowanie wyników Uniwersytecki Szpital Kliniczny w Białymstoku Klinika Okulistyki
w-2024,11,16.04.2024,16.04.2024 12:44:26,41,62,Pomorskie,1,Alergologia,2024/005314,Rezydencki,90.24,4.33,28.02.2024 20:47:45,2,NIE,,
w-2024,11,16.04.2024,16.04.2024 12:44:26,41,62,Pomorskie,2,Alergologia,2024/007221,Rezydencki,85.37,3.79,22.03.2024 11:08:47,2,NIE,,
w-2024,11,16.04.2024,16.04.2024 12:44:26,41,62,Pomorskie,3,Anestezjologia i intensywna terapia,2024/004090,Rezydencki,92.03,4.03,13.03.2024 11:28:24,6,NIE,,
w-2024,11,16.04.2024,16.04.2024 12:44:26,41,62,Pomorskie,4,Anestezjologia i intensywna terapia,2024/006556,Rezydencki,88.41,3.58,20.03.2024 10:14:51,6,NIE,,
w-2024,11,16.04.2024,16.04.2024 12:44:26,41,62,Pomorskie,5,Anestezjologia i intensywna terapia,2024/004789,Rezydencki,88.29,3.77,25.03.2024 15:22:03,6,NIE,,
w-2024,11,16.04.2024,16.04.2024 12:44:26,41,62,Pomorskie,6,Anestezjologia i intensywna terapia,2024/007089,Rezydencki,87.44,4.05,28.02.2024 20:24:12,6,NIE,,
w-2024,11,16.04.2024,16.04.2024 12:44:26,41,62,Pomorskie,7,Anestezjologia i intensywna terapia,2024/006924,Rezydencki,86.27,4.63,28.02.2024 23:59:08,6,NIE,,
w-2024,11,16.04.2024,16.04.2024 12:44:26,41,62,Pomorskie,8,Anestezjologia i intensywna terapia,2024/007234,Rezydencki,86.23,3.88,25.03.2024 09:51:59,6,NIE,,
w-2024,11,16.04.2024,16.04.2024 12:44:26,41,62,Pomorskie,9,Audiologia i foniatria,2024/006863,Rezydencki,76.10,4.02,15.03.2024 19:29:40,1,NIE,,
w-2024,11,16.04.2024,16.04.2024 12:44:26,41,62,Pomorskie,10,Chirurgia naczyniowa,2024/004285,Rezydencki,86.96,4.44,04.03.2024 13:11:18,2,NIE,,
w-2024,11,16.04.2024,16.04.2024 12:44:26,41,62,Pomorskie,11,Chirurgia naczyniowa,2024/005414,Rezydencki,85.29,3.41,28.02.2024 19:20:15,2,NIE,,
w-2024,11,16.04.2024,16.04.2024 12:44:26,41,62,Pomorskie,12,Chirurgia naczyniowa,2024/004392,Pozarezydencki,79.07,3.57,07.03.2024 08:59:58,1,NIE,,
w-2024,11,16.04.2024,16.04.2024 12:44:26,41,62,Pomorskie,13,Chirurgia ogólna,2024/005402,Rezydencki,88.24,4.09,28.02.2024 21:59:03,3,NIE,,
w-2024,11,16.04.2024,16.04.2024 12:44:26,41,62,Pomorskie,14,Chirurgia ogólna,2024/007056,Rezydencki,83.17,4.13,28.02.2024 19:59:50,3,NIE,,
w-2024,11,16.04.2024,16.04.2024 12:44:26,41,62,Pomorskie,15,Chirurgia ogólna,2024/005095,Rezydencki,70.10,3.75,22.02.2024 19:42:39,3,NIE,,
w-2024,11,16.04.2024,16.04.2024 12:44:26,41,62,Pomorskie,16,Chirurgia onkologiczna,2024/006398,Rezydencki,81.16,4.31,16.03.2024 13:17:22,1,NIE,,
w-2024,11,16.04.2024,16.04.2024 12:44:26,41,62,Pomorskie,17,Chirurgia szczękowo-twarzowa,2024/004634,Rezydencki,83.65,0.00,04.03.2024 09:18:54,3,NIE,,
w-2024,11,16.04.2024,16.04.2024 12:44:26,41,62,Pomorskie,18,Chirurgia szczękowo-twarzowa,2024/002158,Rezydencki,83.57,4.21,01.02.2024 13:25:15,3,NIE,,
w-2024,11,16.04.2024,16.04.2024 12:44:26,41,62,Pomorskie,19,Chirurgia szczękowo-twarzowa,2024/002294,Rezydencki,83.33,4.26,06.03.2024 15:12:55,3,NIE,,
w-2024,11,16.04.2024,16.04.2024 12:44:26,41,62,Pomorskie,20,Choroby płuc,2024/005389,Rezydencki,84.06,3.29,14.03.2024 09:07:51,1,NIE,,
w-2024,11,16.04.2024,16.04.2024 12:44:26,41,62,Pomorskie,21,Choroby płuc,2024/004052,Pozarezydencki,71.14,3.61,19.03.2024 10:47:58,1,NIE,,
w-2024,11,16.04.2024,16.04.2024 12:44:26,41,62,Pomorskie,22,Choroby płuc dzieci,2024/003019,Rezydencki,90.34,4.69,28.02.2024 16:29:39,3,NIE,,
w-2024,11,16.04.2024,16.04.2024 12:44:26,41,62,Pomorskie,23,Choroby płuc dzieci,2024/006297,Rezydencki,90.20,4.11,28.02.2024 20:11:22,3,NIE,,
w-2024,11,16.04.2024,16.04.2024 12:44:26,41,62,Pomorskie,24,Choroby płuc dzieci,2024/004266,Rezydencki,85.75,3.59,11.03.2024 14:56:52,3,NIE,,
w-2024,11,16.04.2024,16.04.2024 12:44:26,41,62,Pomorskie,25,Choroby wewnętrzne,2024/003456,Rezydencki,88.41,4.20,11.02.2024 17:31:43,5,NIE,,
w-2024,11,16.04.2024,16.04.2024 12:44:26,41,62,Pomorskie,26,Choroby wewnętrzne,2024/006494,Rezydencki,84.54,3.14,19.03.2024 13:25:01,5,NIE,,
w-2024,11,16.04.2024,16.04.2024 12:44:26,41,62,Pomorskie,27,Choroby wewnętrzne,2024/005653,Rezydencki,83.33,3.29,26.02.2024 10:48:33,5,NIE,,
w-2024,11,16.04.2024,16.04.2024 12:44:26,41,62,Pomorskie,28,Choroby wewnętrzne,2024/006285,Rezydencki,76.96,3.30,28.02.2024 19:23:50,5,NIE,,
w-2024,11,16.04.2024,16.04.2024 12:44:26,41,62,Pomorskie,29,Choroby wewnętrzne,2024/002167,Rezydencki,0.00,2.66,04.03.2024 23:59:54,5,NIE,,
w-2024,11,16.04.2024,16.04.2024 12:44:26,41,62,Pomorskie,30,Choroby wewnętrzne,2024/005453,Pozarezydencki,72.94,3.72,11.03.2024 15:41:25,1,NIE,,
w-2024,11,16.04.2024,16.04.2024 12:44:26,41,62,Pomorskie,31,Choroby zakaźne,2024/006534,Rezydencki,89.61,4.33,07.03.2024 10:23:02,1,NIE,,
w-2024,11,16.04.2024,16.04.2024 12:44:26,41,62,Pomorskie,32,Dermatologia i wenerologia,2024/002296,Rezydencki,91.79,4.36,28.02.2024 23:19:01,1,NIE,,
w-2024,11,16.04.2024,16.04.2024 12:44:26,41,62,Pomorskie,33,Dermatologia i wenerologia,2024/003637,Pozarezydencki,85.94,4.36,28.02.2024 21:20:16,1,NIE,,
w-2024,11,16.04.2024,16.04.2024 12:44:26,41,62,Pomorskie,34,Endokrynologia,2024/006148,Rezydencki,91.42,4.42,28.02.2024 21:21:36,2,NIE,,
w-2024,11,16.04.2024,16.04.2024 12:44:26,41,62,Pomorskie,35,Endokrynologia,2024/006034,Rezydencki,91.18,4.32,28.02.2024 23:01:40,2,NIE,,
w-2024,11,16.04.2024,16.04.2024 12:44:26,42,62,Pomorskie,36,Endokrynologia,2024/002274,Pozarezydencki,90.55,3.56,12.02.2024 17:28:12,1,NIE,,
w-2024,11,16.04.2024,16.04.2024 12:44:26,42,62,Pomorskie,37,Farmakologia kliniczna,2024/002674,Pozarezydencki,79.09,3.78,07.03.2024 22:36:59,1,NIE,,
w-2024,11,16.04.2024,16.04.2024 12:44:26,42,62,Pomorskie,38,Gastroenterologia dziecięca,2024/006051,Pozarezydencki,76.14,3.54,11.03.2024 16:32:13,1,NIE,,
w-2024,11,16.04.2024,16.04.2024 12:44:26,42,62,Pomorskie,39,Geriatria,2024/005787,Pozarezydencki,66.36,3.73,18.03.2024 08:40:36,1,NIE,,
w-2024,11,16.04.2024,16.04.2024 12:44:26,42,62,Pomorskie,40,Hematologia,2024/006496,Rezydencki,69.57,3.17,18.03.2024 10:56:15,1,NIE,,
w-2024,11,16.04.2024,16.04.2024 12:44:26,42,62,Pomorskie,41,Immunologia kliniczna,2024/005449,Pozarezydencki,81.45,0.00,27.02.2024 01:17:02,3,NIE,,
w-2024,11,16.04.2024,16.04.2024 12:44:26,42,62,Pomorskie,42,Immunologia kliniczna,2024/005261,Pozarezydencki,75.45,3.79,19.03.2024 20:27:37,3,NIE,,
w-2024,11,16.04.2024,16.04.2024 12:44:26,42,62,Pomorskie,43,Immunologia kliniczna,2024/003953,Pozarezydencki,70.91,3.60,14.02.2024 17:05:14,3,NIE,,
w-2024,11,16.04.2024,16.04.2024 12:44:26,42,62,Pomorskie,44,Kardiochirurgia,2024/005256,Rezydencki,71.71,3.33,17.03.2024 22:25:50,1,NIE,,
w-2024,11,16.04.2024,16.04.2024 12:44:26,42,62,Pomorskie,45,Kardiologia,2024/006886,Rezydencki,87.92,4.39,07.03.2024 21:08:39,5,NIE,,
w-2024,11,16.04.2024,16.04.2024 12:44:26,42,62,Pomorskie,46,Kardiologia,2024/002415,Rezydencki,87.92,3.96,27.02.2024 23:16:15,5,NIE,,
w-2024,11,16.04.2024,16.04.2024 12:44:26,42,62,Pomorskie,47,Kardiologia,2024/005029,Rezydencki,86.71,4.31,22.02.2024 12:36:19,5,NIE,,
w-2024,11,16.04.2024,16.04.2024 12:44:26,42,62,Pomorskie,48,Kardiologia,2024/007322,Rezydencki,86.47,3.87,28.03.2024 09:19:49,5,NIE,,
w-2024,11,16.04.2024,16.04.2024 12:44:26,42,62,Pomorskie,49,Kardiologia,2024/007094,Rezydencki,85.78,3.87,14.03.2024 14:36:00,5,NIE,,
w-2024,11,16.04.2024,16.04.2024 12:44:26,42,62,Pomorskie,50,Kardiologia,2024/004862,Pozarezydencki,76.96,3.61,15.03.2024 19:34:01,2,NIE,,
w-2024,11,16.04.2024,16.04.2024 12:44:26,42,62,Pomorskie,51,Kardiologia,2024/006819,Pozarezydencki,72.20,4.16,28.02.2024 15:37:33,2,NIE,,
w-2024,11,16.04.2024,16.04.2024 12:44:26,42,62,Pomorskie,52,Kardiologia dziecięca,2024/004727,Pozarezydencki,75.00,3.64,08.03.2024 10:55:32,2,NIE,,
w-2024,11,16.04.2024,16.04.2024 12:44:26,42,62,Pomorskie,53,Kardiologia dziecięca,2024/006236,Pozarezydencki,67.89,4.07,19.03.2024 20:19:30,2,NIE,,
w-2024,11,16.04.2024,16.04.2024 12:44:26,42,62,Pomorskie,54,Medycyna nuklearna,2024/003224,Rezydencki,85.99,3.81,28.02.2024 20:50:51,4,NIE,,
w-2024,11,16.04.2024,16.04.2024 12:44:26,42,62,Pomorskie,55,Medycyna nuklearna,2024/004311,Rezydencki,83.90,3.39,25.03.2024 20:33:58,4,NIE,,
w-2024,11,16.04.2024,16.04.2024 12:44:26,42,62,Pomorskie,56,Medycyna nuklearna,2024/003974,Rezydencki,82.35,3.82,14.03.2024 16:26:36,4,NIE,,
w-2024,11,16.04.2024,16.04.2024 12:44:26,42,62,Pomorskie,57,Medycyna nuklearna,2024/005639,Rezydencki,79.52,4.30,26.02.2024 10:13:51,4,NIE,,
w-2024,11,16.04.2024,16.04.2024 12:44:26,42,62,Pomorskie,58,Medycyna pracy,2024/004937,Rezydencki,71.50,0.00,04.03.2024 13:21:33,1,NIE,,
w-2024,11,16.04.2024,16.04.2024 12:44:26,42,62,Pomorskie,59,Medycyna ratunkowa,2024/003914,Rezydencki,59.90,3.88,06.03.2024 15:38:43,1,NIE,,
w-2024,11,16.04.2024,16.04.2024 12:44:26,42,62,Pomorskie,60,Medycyna ratunkowa,2024/005931,Pozarezydencki,85.36,0.00,08.03.2024 22:06:55,6,NIE,,
w-2024,11,16.04.2024,16.04.2024 12:44:26,42,62,Pomorskie,61,Medycyna ratunkowa,2024/002999,Pozarezydencki,70.91,0.00,02.03.2024 16:36:52,6,NIE,,
w-2024,11,16.04.2024,16.04.2024 12:44:26,42,62,Pomorskie,62,Medycyna ratunkowa,2024/007327,Pozarezydencki,68.98,0.00,13.03.2024 14:51:23,6,NIE,,
w-2024,11,16.04.2024,16.04.2024 12:44:26,42,62,Pomorskie,63,Medycyna ratunkowa,2024/004344,Pozarezydencki,68.64,0.00,17.03.2024 21:07:12,6,NIE,,
w-2024,11,16.04.2024,16.04.2024 12:44:26,42,62,Pomorskie,64,Medycyna ratunkowa,2024/002644,Pozarezydencki,2.27,0.00,28.03.2024 13:05:46,6,NIE,,
w-2024,11,16.04.2024,16.04.2024 12:44:26,42,62,Pomorskie,65,Medycyna ratunkowa,2024/005852,Pozarezydencki,0.00,2.44,11.03.2024 07:08:59,6,NIE,,
w-2024,11,16.04.2024,16.04.2024 12:44:26,42,62,Pomorskie,66,Medycyna rodzinna,2024/005784,Rezydencki,90.24,3.94,07.03.2024 14:50:22,20,NIE,,
w-2024,11,16.04.2024,16.04.2024 12:44:26,42,62,Pomorskie,67,Medycyna rodzinna,2024/004948,Rezydencki,89.27,4.47,28.02.2024 21:57:58,20,NIE,,
w-2024,11,16.04.2024,16.04.2024 12:44:26,42,62,Pomorskie,68,Medycyna rodzinna,2024/004519,Rezydencki,88.41,3.81,28.02.2024 16:10:43,20,NIE,,
w-2024,11,16.04.2024,16.04.2024 12:44:26,42,62,Pomorskie,69,Medycyna rodzinna,2024/005112,Rezydencki,87.25,4.08,04.03.2024 18:02:50,20,NIE,,
w-2024,11,16.04.2024,16.04.2024 12:44:26,42,62,Pomorskie,70,Medycyna rodzinna,2024/005911,Rezydencki,85.99,3.91,28.02.2024 11:41:38,20,NIE,,
w-2024,11,16.04.2024,16.04.2024 12:44:26,42,62,Pomorskie,71,Medycyna rodzinna,2024/002560,Rezydencki,85.85,3.60,04.02.2024 16:17:25,20,NIE,,
w-2024,11,16.04.2024,16.04.2024 12:44:26,42,62,Pomorskie,72,Medycyna rodzinna,2024/005251,Rezydencki,85.75,3.89,06.03.2024 17:02:35,20,NIE,,
w-2024,11,16.04.2024,16.04.2024 12:44:26,42,62,Pomorskie,73,Medycyna rodzinna,2024/004434,Rezydencki,84.88,4.03,19.03.2024 22:26:26,20,NIE,,
w-2024,11,16.04.2024,16.04.2024 12:44:26,42,62,Pomorskie,74,Medycyna rodzinna,2024/003641,Rezydencki,84.06,4.95,28.02.2024 19:30:13,20,NIE,,
w-2024,11,16.04.2024,16.04.2024 12:44:26,43,62,Pomorskie,75,Medycyna rodzinna,2024/006721,Rezydencki,83.57,3.02,07.03.2024 19:53:49,20,NIE,,
w-2024,11,16.04.2024,16.04.2024 12:44:26,43,62,Pomorskie,76,Medycyna rodzinna,2024/005559,Rezydencki,83.41,0.00,27.02.2024 21:10:08,20,NIE,,
w-2024,11,16.04.2024,16.04.2024 12:44:26,43,62,Pomorskie,77,Medycyna rodzinna,2024/007125,Rezydencki,82.61,4.62,28.02.2024 22:21:53,20,NIE,,
w-2024,11,16.04.2024,16.04.2024 12:44:26,43,62,Pomorskie,78,Medycyna rodzinna,2024/007119,Rezydencki,80.68,3.69,28.02.2024 20:41:31,20,NIE,,
w-2024,11,16.04.2024,16.04.2024 12:44:26,43,62,Pomorskie,79,Medycyna rodzinna,2024/004582,Rezydencki,78.74,3.69,06.03.2024 12:56:27,20,NIE,,
w-2024,11,16.04.2024,16.04.2024 12:44:26,43,62,Pomorskie,80,Medycyna rodzinna,2024/004225,Rezydencki,78.54,3.45,26.02.2024 21:08:50,20,NIE,,
w-2024,11,16.04.2024,16.04.2024 12:44:26,43,62,Pomorskie,81,Medycyna rodzinna,2024/002758,Rezydencki,78.26,3.66,15.03.2024 18:41:16,20,NIE,,
w-2024,11,16.04.2024,16.04.2024 12:44:26,43,62,Pomorskie,82,Medycyna rodzinna,2024/002182,Rezydencki,76.59,3.70,05.03.2024 20:56:00,20,NIE,,
w-2024,11,16.04.2024,16.04.2024 12:44:26,43,62,Pomorskie,83,Medycyna rodzinna,2024/007133,Rezydencki,74.76,4.04,28.02.2024 20:53:18,20,NIE,,
w-2024,11,16.04.2024,16.04.2024 12:44:26,43,62,Pomorskie,84,Medycyna rodzinna,2024/002280,Rezydencki,74.51,4.11,16.03.2024 11:14:39,20,NIE,,
w-2024,11,16.04.2024,16.04.2024 12:44:26,43,62,Pomorskie,85,Medycyna rodzinna,2024/006469,Rezydencki,56.86,4.03,07.03.2024 14:07:01,20,NIE,,
w-2024,11,16.04.2024,16.04.2024 12:44:26,43,62,Pomorskie,86,Medycyna rodzinna,2024/002177,Pozarezydencki,73.85,3.59,06.03.2024 11:52:35,1,NIE,,
w-2024,11,16.04.2024,16.04.2024 12:44:26,43,62,Pomorskie,87,Nefrologia,2024/003918,Pozarezydencki,82.94,3.79,05.03.2024 18:12:47,3,NIE,,
w-2024,11,16.04.2024,16.04.2024 12:44:26,43,62,Pomorskie,88,Nefrologia,2024/005634,Pozarezydencki,70.91,0.00,19.03.2024 19:34:26,3,NIE,,
w-2024,11,16.04.2024,16.04.2024 12:44:26,43,62,Pomorskie,89,Nefrologia,2024/002204,Pozarezydencki,61.82,3.05,25.02.2024 10:46:01,3,NIE,,
w-2024,11,16.04.2024,16.04.2024 12:44:26,43,62,Pomorskie,90,Neurochirurgia,2024/004809,Pozarezydencki,75.23,3.72,27.02.2024 11:29:31,1,NIE,,
w-2024,11,16.04.2024,16.04.2024 12:44:26,43,62,Pomorskie,91,Neurologia,2024/002467,Rezydencki,85.02,4.59,09.02.2024 18:18:38,4,NIE,,
w-2024,11,16.04.2024,16.04.2024 12:44:26,43,62,Pomorskie,92,Neurologia,2024/005887,Rezydencki,84.15,4.05,27.02.2024 00:36:24,4,NIE,,
w-2024,11,16.04.2024,16.04.2024 12:44:26,43,62,Pomorskie,93,Neurologia,2024/002163,Rezydencki,84.06,3.69,28.02.2024 19:13:12,4,NIE,,
w-2024,11,16.04.2024,16.04.2024 12:44:26,43,62,Pomorskie,94,Neurologia,2024/007131,Rezydencki,81.95,3.81,19.03.2024 12:15:37,4,NIE,,
w-2024,11,16.04.2024,16.04.2024 12:44:26,43,62,Pomorskie,95,Neurologia,2024/007244,Pozarezydencki,69.09,3.59,20.03.2024 09:15:00,1,NIE,,
w-2024,11,16.04.2024,16.04.2024 12:44:26,43,62,Pomorskie,96,Neurologia dziecięca,2024/005693,Rezydencki,87.99,4.03,28.02.2024 11:38:15,1,NIE,,
w-2024,11,16.04.2024,16.04.2024 12:44:26,43,62,Pomorskie,97,Okulistyka,2024/006535,Rezydencki,86.96,4.49,15.03.2024 00:26:24,1,NIE,,
w-2024,11,16.04.2024,16.04.2024 12:44:26,43,62,Pomorskie,98,Okulistyka,2024/006537,Pozarezydencki,81.11,4.10,28.02.2024 22:33:50,2,NIE,,
w-2024,11,16.04.2024,16.04.2024 12:44:26,43,62,Pomorskie,99,Okulistyka,2024/007164,Pozarezydencki,73.58,4.23,06.03.2024 09:08:30,2,NIE,,
w-2024,11,16.04.2024,16.04.2024 12:44:26,43,62,Pomorskie,100,Onkologia kliniczna,2024/004632,Rezydencki,78.43,3.89,20.02.2024 16:32:41,1,NIE,,
w-2024,11,16.04.2024,16.04.2024 12:44:26,43,62,Pomorskie,101,Ortodoncja,2024/002770,Rezydencki,87.92,4.56,06.03.2024 17:55:58,1,NIE,,
w-2024,11,16.04.2024,16.04.2024 12:44:26,43,62,Pomorskie,102,Ortopedia i traumatologia narządu ruchu,2024/005330,Rezydencki,85.99,4.29,10.03.2024 17:14:39,3,NIE,,
w-2024,11,16.04.2024,16.04.2024 12:44:26,43,62,Pomorskie,103,Ortopedia i traumatologia narządu ruchu,2024/005300,Rezydencki,84.06,4.43,28.02.2024 17:01:05,3,NIE,,
w-2024,11,16.04.2024,16.04.2024 12:44:26,43,62,Pomorskie,104,Ortopedia i traumatologia narządu ruchu,2024/007227,Rezydencki,83.33,3.64,13.03.2024 22:12:24,3,NIE,,
w-2024,11,16.04.2024,16.04.2024 12:44:26,43,62,Pomorskie,105,Otorynolaryngologia,2024/002959,Rezydencki,86.90,4.52,18.02.2024 16:29:35,1,NIE,,
w-2024,11,16.04.2024,16.04.2024 12:44:26,43,62,Pomorskie,106,Otorynolaryngologia,2024/005554,Pozarezydencki,80.37,4.93,25.03.2024 08:44:01,1,NIE,,
w-2024,11,16.04.2024,16.04.2024 12:44:26,43,62,Pomorskie,107,Patomorfologia,2024/002244,Rezydencki,83.41,4.03,08.03.2024 18:56:42,2,NIE,,
w-2024,11,16.04.2024,16.04.2024 12:44:26,43,62,Pomorskie,108,Patomorfologia,2024/002061,Rezydencki,69.02,3.83,01.02.2024 01:14:02,2,NIE,,
w-2024,11,16.04.2024,16.04.2024 12:44:26,43,62,Pomorskie,109,Pediatria,2024/005696,Rezydencki,89.22,4.19,26.02.2024 12:34:01,3,NIE,,
w-2024,11,16.04.2024,16.04.2024 12:44:26,43,62,Pomorskie,110,Pediatria,2024/006682,Rezydencki,85.51,4.09,13.03.2024 14:41:05,3,NIE,,
w-2024,11,16.04.2024,16.04.2024 12:44:26,43,62,Pomorskie,111,Pediatria,2024/003613,Rezydencki,82.61,0.00,27.02.2024 18:32:24,3,NIE,,
w-2024,11,16.04.2024,16.04.2024 12:44:26,43,62,Pomorskie,112,Pediatria,2024/004165,Pozarezydencki,66.59,3.18,07.03.2024 10:54:25,1,NIE,,
w-2024,11,16.04.2024,16.04.2024 12:44:26,44,62,Pomorskie,113,Położnictwo i ginekologia,2024/005325,Rezydencki,87.75,4.02,24.02.2024 19:54:10,5,NIE,,
w-2024,11,16.04.2024,16.04.2024 12:44:26,44,62,Pomorskie,114,Położnictwo i ginekologia,2024/007035,Rezydencki,83.41,3.18,15.03.2024 20:54:23,5,NIE,,
w-2024,11,16.04.2024,16.04.2024 12:44:26,44,62,Pomorskie,115,Położnictwo i ginekologia,2024/006865,Rezydencki,81.95,4.49,28.02.2024 16:36:55,5,NIE,,
w-2024,11,16.04.2024,16.04.2024 12:44:26,44,62,Pomorskie,116,Położnictwo i ginekologia,2024/006979,Rezydencki,79.23,0.00,11.03.2024 16:46:39,5,NIE,,
w-2024,11,16.04.2024,16.04.2024 12:44:26,44,62,Pomorskie,117,Położnictwo i ginekologia,2024/005124,Rezydencki,78.26,3.91,07.03.2024 10:47:05,5,NIE,,
w-2024,11,16.04.2024,16.04.2024 12:44:26,44,62,Pomorskie,118,Protetyka stomatologiczna,2024/002630,Rezydencki,89.05,4.87,06.03.2024 17:01:52,2,NIE,,
w-2024,11,16.04.2024,16.04.2024 12:44:26,44,62,Pomorskie,119,Protetyka stomatologiczna,2024/002790,Rezydencki,85.24,4.15,06.03.2024 21:52:45,2,NIE,,
w-2024,11,16.04.2024,16.04.2024 12:44:26,44,62,Pomorskie,120,Psychiatria,2024/007429,Rezydencki,86.76,3.43,28.02.2024 23:47:28,7,NIE,,
w-2024,11,16.04.2024,16.04.2024 12:44:26,44,62,Pomorskie,121,Psychiatria,2024/003643,Rezydencki,85.29,4.03,28.02.2024 20:19:52,7,NIE,,
w-2024,11,16.04.2024,16.04.2024 12:44:26,44,62,Pomorskie,122,Psychiatria,2024/007091,Rezydencki,82.13,3.73,28.02.2024 20:31:14,7,NIE,,
w-2024,11,16.04.2024,16.04.2024 12:44:26,44,62,Pomorskie,123,Psychiatria,2024/005748,Rezydencki,79.23,4.20,28.02.2024 18:43:03,7,NIE,,
w-2024,11,16.04.2024,16.04.2024 12:44:26,44,62,Pomorskie,124,Psychiatria,2024/005213,Rezydencki,75.71,3.54,23.02.2024 22:10:26,7,NIE,,
w-2024,11,16.04.2024,16.04.2024 12:44:26,44,62,Pomorskie,125,Psychiatria,2024/006762,Rezydencki,75.00,0.00,28.02.2024 14:32:48,7,NIE,,
w-2024,11,16.04.2024,16.04.2024 12:44:26,44,62,Pomorskie,126,Psychiatria,2024/006770,Rezydencki,69.57,3.61,11.03.2024 16:29:22,7,NIE,,
w-2024,11,16.04.2024,16.04.2024 12:44:26,44,62,Pomorskie,127,Radiologia i diagnostyka obrazowa,2024/002210,Rezydencki,89.71,3.41,23.02.2024 11:30:40,9,NIE,,
w-2024,11,16.04.2024,16.04.2024 12:44:26,44,62,Pomorskie,128,Radiologia i diagnostyka obrazowa,2024/002359,Rezydencki,89.37,3.78,13.03.2024 18:03:24,9,NIE,,
w-2024,11,16.04.2024,16.04.2024 12:44:26,44,62,Pomorskie,129,Radiologia i diagnostyka obrazowa,2024/006290,Rezydencki,88.48,4.29,28.02.2024 14:50:14,9,NIE,,
w-2024,11,16.04.2024,16.04.2024 12:44:26,44,62,Pomorskie,130,Radiologia i diagnostyka obrazowa,2024/005711,Rezydencki,88.41,4.33,26.02.2024 16:27:28,9,NIE,,
w-2024,11,16.04.2024,16.04.2024 12:44:26,44,62,Pomorskie,131,Radiologia i diagnostyka obrazowa,2024/004339,Rezydencki,87.92,3.93,28.02.2024 21:20:28,9,NIE,,
w-2024,11,16.04.2024,16.04.2024 12:44:26,44,62,Pomorskie,132,Radiologia i diagnostyka obrazowa,2024/004533,Rezydencki,87.92,3.92,18.03.2024 20:24:34,9,NIE,,
w-2024,11,16.04.2024,16.04.2024 12:44:26,44,62,Pomorskie,133,Radiologia i diagnostyka obrazowa,2024/005424,Rezydencki,87.92,3.74,11.03.2024 12:47:26,9,NIE,,
w-2024,11,16.04.2024,16.04.2024 12:44:26,44,62,Pomorskie,134,Radiologia i diagnostyka obrazowa,2024/006514,Rezydencki,87.92,3.50,28.02.2024 16:37:44,9,NIE,,
w-2024,11,16.04.2024,16.04.2024 12:44:26,44,62,Pomorskie,135,Radiologia i diagnostyka obrazowa,2024/006463,Rezydencki,86.96,4.41,28.02.2024 21:13:17,9,NIE,,
w-2024,11,16.04.2024,16.04.2024 12:44:26,44,62,Pomorskie,136,Radiologia i diagnostyka obrazowa,2024/002380,Pozarezydencki,82.95,4.45,13.03.2024 12:36:35,3,NIE,,
w-2024,11,16.04.2024,16.04.2024 12:44:26,44,62,Pomorskie,137,Radiologia i diagnostyka obrazowa,2024/003804,Pozarezydencki,82.73,3.92,28.02.2024 23:08:11,3,NIE,,
w-2024,11,16.04.2024,16.04.2024 12:44:26,44,62,Pomorskie,138,Radiologia i diagnostyka obrazowa,2024/006811,Pozarezydencki,82.26,4.31,16.03.2024 19:45:49,3,NIE,,
w-2024,11,16.04.2024,16.04.2024 12:44:26,44,62,Pomorskie,139,Rehabilitacja medyczna,2024/003640,Rezydencki,64.39,0.00,28.02.2024 16:46:12,1,NIE,,
w-2024,11,16.04.2024,16.04.2024 12:44:26,44,62,Pomorskie,140,Reumatologia,2024/005536,Rezydencki,88.78,4.00,28.02.2024 22:13:28,1,NIE,,
w-2024,11,16.04.2024,16.04.2024 12:44:26,44,62,Pomorskie,141,Stomatologia zachowawcza z endodoncją,2024/007269,Rezydencki,68.27,3.81,28.02.2024 23:53:55,1,NIE,,
w-2024,11,16.04.2024,16.04.2024 12:44:26,44,62,Pomorskie,142,Transplantologia kliniczna,2024/005015,Pozarezydencki,80.00,3.83,27.03.2024 09:15:51,1,NIE,,
w-2024,11,16.04.2024,16.04.2024 12:44:26,44,62,Pomorskie,143,Urologia,2024/006218,Rezydencki,90.34,3.89,12.03.2024 22:54:49,2,NIE,,
w-2024,11,16.04.2024,16.04.2024 12:44:26,44,62,Pomorskie,144,Urologia,2024/004430,Rezydencki,85.05,3.43,20.02.2024 19:56:51,2,NIE,,
w-2024,11,16.04.2024,16.04.2024 12:44:26,44,62,Pomorskie,1,Dermatologia i wenerologia,2024/002466,Rezydencki,91.91,4.63,16.02.2024 08:49:17,2,TAK,Uniwersyteckie Centrum Kliniczne,"Klinika Dermatologii, Wenerologii i Alergologii"
w-2024,11,16.04.2024,16.04.2024 12:44:26,45,62,Pomorskie,2,Dermatologia i wenerologia,2024/002524,Rezydencki,89.27,3.89,04.02.2024 11:49:24,2,TAK,Uniwersyteckie Centrum Kliniczne,"Klinika Dermatologii, Wenerologii i Alergologii"
w-2024,11,16.04.2024,16.04.2024 12:44:26,45,62,Śląskie,1,Alergologia,2024/007075,Pozarezydencki,80.00,0.00,15.03.2024 15:12:35,1,NIE,,
w-2024,11,16.04.2024,16.04.2024 12:44:26,45,62,Śląskie,2,Anestezjologia i intensywna terapia,2024/004230,Rezydencki,88.16,4.74,25.02.2024 17:43:55,11,NIE,,
w-2024,11,16.04.2024,16.04.2024 12:44:26,45,62,Śląskie,3,Anestezjologia i intensywna terapia,2024/005550,Rezydencki,87.32,4.03,15.03.2024 22:25:40,11,NIE,,
w-2024,11,16.04.2024,16.04.2024 12:44:26,45,62,Śląskie,4,Anestezjologia i intensywna terapia,2024/002627,Rezydencki,86.76,3.54,15.03.2024 15:46:15,11,NIE,,
w-2024,11,16.04.2024,16.04.2024 12:44:26,45,62,Śląskie,5,Anestezjologia i intensywna terapia,2024/003083,Rezydencki,85.75,4.17,14.03.2024 18:09:24,11,NIE,,
w-2024,11,16.04.2024,16.04.2024 12:44:26,45,62,Śląskie,6,Anestezjologia i intensywna terapia,2024/003687,Rezydencki,84.07,4.30,18.02.2024 22:06:41,11,NIE,,
w-2024,11,16.04.2024,16.04.2024 12:44:26,45,62,Śląskie,7,Anestezjologia i intensywna terapia,2024/006522,Rezydencki,83.82,3.69,13.03.2024 18:57:54,11,NIE,,
w-2024,11,16.04.2024,16.04.2024 12:44:26,45,62,Śląskie,8,Anestezjologia i intensywna terapia,2024/007162,Rezydencki,83.17,3.21,24.03.2024 22:07:54,11,NIE,,
w-2024,11,16.04.2024,16.04.2024 12:44:26,45,62,Śląskie,9,Anestezjologia i intensywna terapia,2024/007248,Rezydencki,83.09,3.62,28.02.2024 22:00:38,11,NIE,,
w-2024,11,16.04.2024,16.04.2024 12:44:26,45,62,Śląskie,10,Anestezjologia i intensywna terapia,2024/007166,Rezydencki,81.64,0.00,28.02.2024 21:13:29,11,NIE,,
w-2024,11,16.04.2024,16.04.2024 12:44:26,45,62,Śląskie,11,Anestezjologia i intensywna terapia,2024/005644,Rezydencki,81.22,3.51,26.02.2024 10:42:29,11,NIE,,
w-2024,11,16.04.2024,16.04.2024 12:44:26,45,62,Śląskie,12,Anestezjologia i intensywna terapia,2024/005159,Rezydencki,64.25,3.13,23.02.2024 11:37:44,11,NIE,,
w-2024,11,16.04.2024,16.04.2024 12:44:26,45,62,Śląskie,13,Balneologia i medycyna fizykalna,2024/006426,Pozarezydencki,80.00,4.08,26.03.2024 14:43:06,1,NIE,,
w-2024,11,16.04.2024,16.04.2024 12:44:26,45,62,Śląskie,14,Chirurgia dziecięca,2024/005262,Rezydencki,82.35,4.00,27.02.2024 17:30:17,1,NIE,,
w-2024,11,16.04.2024,16.04.2024 12:44:26,45,62,Śląskie,15,Chirurgia dziecięca,2024/003807,Pozarezydencki,65.60,0.00,19.03.2024 11:52:41,1,NIE,,
w-2024,11,16.04.2024,16.04.2024 12:44:26,45,62,Śląskie,16,Chirurgia naczyniowa,2024/007120,Rezydencki,75.36,3.51,16.03.2024 14:27:36,3,NIE,,
w-2024,11,16.04.2024,16.04.2024 12:44:26,45,62,Śląskie,17,Chirurgia naczyniowa,2024/002930,Rezydencki,74.63,2.89,13.03.2024 18:40:07,3,NIE,,
w-2024,11,16.04.2024,16.04.2024 12:44:26,45,62,Śląskie,18,Chirurgia naczyniowa,2024/007303,Rezydencki,69.27,0.00,20.03.2024 08:41:11,3,NIE,,
w-2024,11,16.04.2024,16.04.2024 12:44:26,45,62,Śląskie,19,Chirurgia naczyniowa,2024/004116,Pozarezydencki,67.73,3.82,15.03.2024 08:48:27,1,NIE,,
w-2024,11,16.04.2024,16.04.2024 12:44:26,45,62,Śląskie,20,Chirurgia ogólna,2024/007438,Rezydencki,85.02,3.97,14.03.2024 20:19:32,8,NIE,,
w-2024,11,16.04.2024,16.04.2024 12:44:26,45,62,Śląskie,21,Chirurgia ogólna,2024/005904,Rezydencki,79.51,3.26,27.02.2024 21:44:51,8,NIE,,
w-2024,11,16.04.2024,16.04.2024 12:44:26,45,62,Śląskie,22,Chirurgia ogólna,2024/004818,Rezydencki,79.41,3.75,15.03.2024 15:39:29,8,NIE,,
w-2024,11,16.04.2024,16.04.2024 12:44:26,45,62,Śląskie,23,Chirurgia ogólna,2024/007005,Rezydencki,74.40,3.51,28.02.2024 19:24:34,8,NIE,,
w-2024,11,16.04.2024,16.04.2024 12:44:26,45,62,Śląskie,24,Chirurgia ogólna,2024/003398,Rezydencki,74.02,4.02,28.02.2024 11:09:31,8,NIE,,
w-2024,11,16.04.2024,16.04.2024 12:44:26,45,62,Śląskie,25,Chirurgia ogólna,2024/007202,Rezydencki,71.50,3.41,28.02.2024 21:31:33,8,NIE,,
w-2024,11,16.04.2024,16.04.2024 12:44:26,45,62,Śląskie,26,Chirurgia ogólna,2024/005249,Rezydencki,68.78,3.73,23.02.2024 19:44:00,8,NIE,,
w-2024,11,16.04.2024,16.04.2024 12:44:26,45,62,Śląskie,27,Chirurgia ogólna,2024/005853,Rezydencki,67.80,4.04,19.03.2024 09:39:38,8,NIE,,
w-2024,11,16.04.2024,16.04.2024 12:44:26,45,62,Śląskie,28,Chirurgia ogólna,2024/007387,Pozarezydencki,76.96,3.49,28.03.2024 23:37:56,1,NIE,,
w-2024,11,16.04.2024,16.04.2024 12:44:26,45,62,Śląskie,29,Chirurgia onkologiczna,2024/006305,Rezydencki,86.19,0.00,18.03.2024 15:17:44,1,NIE,,
w-2024,11,16.04.2024,16.04.2024 12:44:26,45,62,Śląskie,30,Chirurgia onkologiczna,2024/003426,Pozarezydencki,75.45,3.37,14.03.2024 16:32:57,5,NIE,,
w-2024,11,16.04.2024,16.04.2024 12:44:26,45,62,Śląskie,31,Chirurgia onkologiczna,2024/005568,Pozarezydencki,70.91,3.65,14.03.2024 22:53:29,5,NIE,,
w-2024,11,16.04.2024,16.04.2024 12:44:26,45,62,Śląskie,32,Chirurgia onkologiczna,2024/005396,Pozarezydencki,70.91,3.65,19.03.2024 18:39:54,5,NIE,,
w-2024,11,16.04.2024,16.04.2024 12:44:26,46,62,Śląskie,33,Chirurgia onkologiczna,2024/003350,Pozarezydencki,70.91,3.36,17.03.2024 15:18:34,5,NIE,,
w-2024,11,16.04.2024,16.04.2024 12:44:26,46,62,Śląskie,34,Chirurgia onkologiczna,2024/005204,Pozarezydencki,68.06,4.09,21.03.2024 11:00:48,5,NIE,,
w-2024,11,16.04.2024,16.04.2024 12:44:26,46,62,Śląskie,35,Chirurgia stomatologiczna,2024/002544,Rezydencki,85.51,4.70,04.02.2024 15:10:28,3,NIE,,
w-2024,11,16.04.2024,16.04.2024 12:44:26,46,62,Śląskie,36,Chirurgia stomatologiczna,2024/002518,Rezydencki,85.17,4.41,04.02.2024 11:07:42,3,NIE,,
w-2024,11,16.04.2024,16.04.2024 12:44:26,46,62,Śląskie,37,Chirurgia stomatologiczna,2024/005503,Rezydencki,85.10,4.48,25.02.2024 19:31:07,3,NIE,,
w-2024,11,16.04.2024,16.04.2024 12:44:26,46,62,Śląskie,38,Choroby płuc,2024/002772,Rezydencki,82.61,3.41,28.02.2024 21:16:46,1,NIE,,
w-2024,11,16.04.2024,16.04.2024 12:44:26,46,62,Śląskie,39,Choroby płuc,2024/004371,Pozarezydencki,81.36,3.95,20.02.2024 22:58:16,4,NIE,,
w-2024,11,16.04.2024,16.04.2024 12:44:26,46,62,Śląskie,40,Choroby płuc,2024/005328,Pozarezydencki,71.56,3.87,18.03.2024 20:58:29,4,NIE,,
w-2024,11,16.04.2024,16.04.2024 12:44:26,46,62,Śląskie,41,Choroby płuc,2024/004139,Pozarezydencki,71.50,3.67,13.03.2024 13:46:10,4,NIE,,
w-2024,11,16.04.2024,16.04.2024 12:44:26,46,62,Śląskie,42,Choroby płuc,2024/002141,Pozarezydencki,67.82,0.00,19.03.2024 09:57:25,4,NIE,,
w-2024,11,16.04.2024,16.04.2024 12:44:26,46,62,Śląskie,43,Choroby wewnętrzne,2024/006154,Rezydencki,86.96,4.54,27.02.2024 15:47:22,7,NIE,,
w-2024,11,16.04.2024,16.04.2024 12:44:26,46,62,Śląskie,44,Choroby wewnętrzne,2024/004920,Rezydencki,86.96,4.36,27.02.2024 19:28:12,7,NIE,,
w-2024,11,16.04.2024,16.04.2024 12:44:26,46,62,Śląskie,45,Choroby wewnętrzne,2024/004563,Rezydencki,86.27,4.23,15.03.2024 09:47:09,7,NIE,,
w-2024,11,16.04.2024,16.04.2024 12:44:26,46,62,Śląskie,46,Choroby wewnętrzne,2024/004384,Rezydencki,84.80,3.65,18.02.2024 20:18:21,7,NIE,,
w-2024,11,16.04.2024,16.04.2024 12:44:26,46,62,Śląskie,47,Choroby wewnętrzne,2024/003967,Rezydencki,84.80,3.40,14.03.2024 14:38:26,7,NIE,,
w-2024,11,16.04.2024,16.04.2024 12:44:26,46,62,Śląskie,48,Choroby wewnętrzne,2024/002605,Rezydencki,84.54,4.58,28.02.2024 18:37:25,7,NIE,,
w-2024,11,16.04.2024,16.04.2024 12:44:26,46,62,Śląskie,49,Choroby wewnętrzne,2024/005811,Rezydencki,74.63,3.54,14.03.2024 15:03:06,7,NIE,,
w-2024,11,16.04.2024,16.04.2024 12:44:26,46,62,Śląskie,50,Choroby wewnętrzne,2024/004924,Pozarezydencki,75.45,0.00,14.03.2024 23:25:47,1,NIE,,
w-2024,11,16.04.2024,16.04.2024 12:44:26,46,62,Śląskie,51,Choroby zakaźne,2024/004213,Rezydencki,61.35,3.29,27.02.2024 19:55:00,1,NIE,,
w-2024,11,16.04.2024,16.04.2024 12:44:26,46,62,Śląskie,52,Diabetologia,2024/002068,Rezydencki,90.34,4.45,01.02.2024 03:19:58,3,NIE,,
w-2024,11,16.04.2024,16.04.2024 12:44:26,46,62,Śląskie,53,Diabetologia,2024/005824,Rezydencki,88.78,4.47,26.03.2024 16:15:03,3,NIE,,
w-2024,11,16.04.2024,16.04.2024 12:44:26,46,62,Śląskie,54,Diabetologia,2024/006489,Rezydencki,87.92,3.80,18.03.2024 11:44:30,3,NIE,,
w-2024,11,16.04.2024,16.04.2024 12:44:26,46,62,Śląskie,55,Diabetologia,2024/007184,Pozarezydencki,84.55,3.93,18.03.2024 20:47:37,2,NIE,,
w-2024,11,16.04.2024,16.04.2024 12:44:26,46,62,Śląskie,56,Diabetologia,2024/006925,Pozarezydencki,83.64,3.92,25.03.2024 11:09:42,2,NIE,,
w-2024,11,16.04.2024,16.04.2024 12:44:26,46,62,Śląskie,57,Endokrynologia,2024/005186,Rezydencki,92.65,4.25,28.02.2024 18:49:02,6,NIE,,
w-2024,11,16.04.2024,16.04.2024 12:44:26,46,62,Śląskie,58,Endokrynologia,2024/004518,Rezydencki,92.44,4.61,19.02.2024 13:00:56,6,NIE,,
w-2024,11,16.04.2024,16.04.2024 12:44:26,46,62,Śląskie,59,Endokrynologia,2024/005757,Rezydencki,92.27,4.62,28.02.2024 22:09:56,6,NIE,,
w-2024,11,16.04.2024,16.04.2024 12:44:26,46,62,Śląskie,60,Endokrynologia,2024/006204,Rezydencki,91.79,4.33,13.03.2024 17:53:55,6,NIE,,
w-2024,11,16.04.2024,16.04.2024 12:44:26,46,62,Śląskie,61,Endokrynologia,2024/006158,Rezydencki,91.30,3.82,28.02.2024 23:36:04,6,NIE,,
w-2024,11,16.04.2024,16.04.2024 12:44:26,46,62,Śląskie,62,Endokrynologia,2024/005244,Rezydencki,91.22,4.55,27.02.2024 12:49:06,6,NIE,,
w-2024,11,16.04.2024,16.04.2024 12:44:26,46,62,Śląskie,63,Endokrynologia,2024/002493,Pozarezydencki,85.58,4.90,14.02.2024 16:09:16,8,NIE,,
w-2024,11,16.04.2024,16.04.2024 12:44:26,46,62,Śląskie,64,Endokrynologia,2024/004566,Pozarezydencki,85.12,4.14,05.03.2024 20:05:30,8,NIE,,
w-2024,11,16.04.2024,16.04.2024 12:44:26,46,62,Śląskie,65,Endokrynologia,2024/003406,Pozarezydencki,85.02,4.42,14.03.2024 06:30:07,8,NIE,,
w-2024,11,16.04.2024,16.04.2024 12:44:26,46,62,Śląskie,66,Endokrynologia,2024/002739,Pozarezydencki,85.02,4.32,28.02.2024 22:41:03,8,NIE,,
w-2024,11,16.04.2024,16.04.2024 12:44:26,46,62,Śląskie,67,Endokrynologia,2024/002514,Pozarezydencki,84.79,3.95,28.02.2024 23:08:02,8,NIE,,
w-2024,11,16.04.2024,16.04.2024 12:44:26,46,62,Śląskie,68,Endokrynologia,2024/007038,Pozarezydencki,84.79,0.00,28.02.2024 19:47:08,8,NIE,,
w-2024,11,16.04.2024,16.04.2024 12:44:26,46,62,Śląskie,69,Endokrynologia,2024/003466,Pozarezydencki,84.55,3.26,14.03.2024 22:16:46,8,NIE,,
w-2024,11,16.04.2024,16.04.2024 12:44:26,46,62,Śląskie,70,Endokrynologia,2024/007077,Pozarezydencki,84.11,4.45,28.02.2024 20:16:32,8,NIE,,
w-2024,11,16.04.2024,16.04.2024 12:44:26,47,62,Śląskie,71,Endokrynologia i diabetologia dziecięca,2024/002264,Rezydencki,91.55,4.45,14.03.2024 13:43:59,3,NIE,,
w-2024,11,16.04.2024,16.04.2024 12:44:26,47,62,Śląskie,72,Endokrynologia i diabetologia dziecięca,2024/002618,Rezydencki,91.18,4.10,27.02.2024 17:25:06,3,NIE,,
w-2024,11,16.04.2024,16.04.2024 12:44:26,47,62,Śląskie,73,Endokrynologia i diabetologia dziecięca,2024/006376,Rezydencki,90.34,3.74,11.03.2024 18:20:12,3,NIE,,
w-2024,11,16.04.2024,16.04.2024 12:44:26,47,62,Śląskie,74,Gastroenterologia,2024/007010,Rezydencki,88.89,3.41,28.02.2024 20:16:35,2,NIE,,
w-2024,11,16.04.2024,16.04.2024 12:44:26,47,62,Śląskie,75,Gastroenterologia,2024/006839,Rezydencki,87.44,4.11,19.03.2024 12:16:39,2,NIE,,
w-2024,11,16.04.2024,16.04.2024 12:44:26,47,62,Śląskie,76,Gastroenterologia,2024/002231,Pozarezydencki,75.47,3.86,29.03.2024 07:33:44,3,NIE,,
w-2024,11,16.04.2024,16.04.2024 12:44:26,47,62,Śląskie,77,Gastroenterologia,2024/004799,Pozarezydencki,75.45,3.93,13.03.2024 23:36:09,3,NIE,,
w-2024,11,16.04.2024,16.04.2024 12:44:26,47,62,Śląskie,78,Gastroenterologia,2024/004553,Pozarezydencki,73.73,0.00,20.03.2024 09:27:33,3,NIE,,
w-2024,11,16.04.2024,16.04.2024 12:44:26,47,62,Śląskie,79,Gastroenterologia dziecięca,2024/006693,Pozarezydencki,86.82,4.20,27.03.2024 15:33:49,1,NIE,,
w-2024,11,16.04.2024,16.04.2024 12:44:26,47,62,Śląskie,80,Geriatria,2024/005794,Pozarezydencki,80.18,3.88,28.02.2024 18:58:21,3,NIE,,
w-2024,11,16.04.2024,16.04.2024 12:44:26,47,62,Śląskie,81,Geriatria,2024/004779,Pozarezydencki,75.45,3.88,13.03.2024 15:59:56,3,NIE,,
w-2024,11,16.04.2024,16.04.2024 12:44:26,47,62,Śląskie,82,Geriatria,2024/006332,Pozarezydencki,67.59,4.10,27.02.2024 20:55:04,3,NIE,,
w-2024,11,16.04.2024,16.04.2024 12:44:26,47,62,Śląskie,83,Ginekologia onkologiczna,2024/004101,Pozarezydencki,80.23,0.00,19.03.2024 21:04:24,1,NIE,,
w-2024,11,16.04.2024,16.04.2024 12:44:26,47,62,Śląskie,84,Hematologia,2024/004361,Pozarezydencki,79.32,3.67,16.03.2024 19:45:48,1,NIE,,
w-2024,11,16.04.2024,16.04.2024 12:44:26,47,62,Śląskie,85,Hipertensjologia,2024/004936,Pozarezydencki,78.04,0.00,13.03.2024 23:48:21,1,NIE,,
w-2024,11,16.04.2024,16.04.2024 12:44:26,47,62,Śląskie,86,Immunologia kliniczna,2024/002997,Pozarezydencki,82.55,3.33,07.02.2024 12:36:11,1,NIE,,
w-2024,11,16.04.2024,16.04.2024 12:44:26,47,62,Śląskie,87,Kardiochirurgia,2024/002811,Rezydencki,73.91,3.80,13.03.2024 19:33:39,1,NIE,,
w-2024,11,16.04.2024,16.04.2024 12:44:26,47,62,Śląskie,88,Kardiologia,2024/005752,Rezydencki,89.95,4.33,15.03.2024 23:06:10,4,NIE,,
w-2024,11,16.04.2024,16.04.2024 12:44:26,47,62,Śląskie,89,Kardiologia,2024/006781,Rezydencki,89.71,4.31,14.03.2024 21:21:08,4,NIE,,
w-2024,11,16.04.2024,16.04.2024 12:44:26,47,62,Śląskie,90,Kardiologia,2024/004949,Rezydencki,88.89,4.03,14.03.2024 10:03:01,4,NIE,,
w-2024,11,16.04.2024,16.04.2024 12:44:26,47,62,Śląskie,91,Kardiologia,2024/007206,Rezydencki,80.49,0.00,28.02.2024 21:45:05,4,NIE,,
w-2024,11,16.04.2024,16.04.2024 12:44:26,47,62,Śląskie,92,Kardiologia,2024/002625,Pozarezydencki,84.79,4.08,28.02.2024 12:27:30,15,NIE,,
w-2024,11,16.04.2024,16.04.2024 12:44:26,47,62,Śląskie,93,Kardiologia,2024/002876,Pozarezydencki,81.86,3.58,21.02.2024 19:12:45,15,NIE,,
w-2024,11,16.04.2024,16.04.2024 12:44:26,47,62,Śląskie,94,Kardiologia,2024/003582,Pozarezydencki,80.18,4.20,19.03.2024 13:21:51,15,NIE,,
w-2024,11,16.04.2024,16.04.2024 12:44:26,47,62,Śląskie,95,Kardiologia,2024/002555,Pozarezydencki,80.00,4.66,04.02.2024 15:00:35,15,NIE,,
w-2024,11,16.04.2024,16.04.2024 12:44:26,47,62,Śląskie,96,Kardiologia,2024/002350,Pozarezydencki,80.00,3.87,17.03.2024 10:05:04,15,NIE,,
w-2024,11,16.04.2024,16.04.2024 12:44:26,47,62,Śląskie,97,Kardiologia,2024/005741,Pozarezydencki,79.49,3.71,28.02.2024 17:15:00,15,NIE,,
w-2024,11,16.04.2024,16.04.2024 12:44:26,47,62,Śląskie,98,Kardiologia,2024/004098,Pozarezydencki,78.04,3.56,22.02.2024 21:14:23,15,NIE,,
w-2024,11,16.04.2024,16.04.2024 12:44:26,47,62,Śląskie,99,Kardiologia,2024/006310,Pozarezydencki,76.64,3.71,27.02.2024 20:35:30,15,NIE,,
w-2024,11,16.04.2024,16.04.2024 12:44:26,47,62,Śląskie,100,Kardiologia,2024/007249,Pozarezydencki,76.15,4.00,28.02.2024 21:55:32,15,NIE,,
w-2024,11,16.04.2024,16.04.2024 12:44:26,47,62,Śląskie,101,Kardiologia,2024/003941,Pozarezydencki,75.68,4.19,14.03.2024 10:02:35,15,NIE,,
w-2024,11,16.04.2024,16.04.2024 12:44:26,47,62,Śląskie,102,Kardiologia,2024/007203,Pozarezydencki,75.58,4.30,28.02.2024 21:31:39,15,NIE,,
w-2024,11,16.04.2024,16.04.2024 12:44:26,47,62,Śląskie,103,Kardiologia,2024/004047,Pozarezydencki,73.39,4.32,21.03.2024 13:46:07,15,NIE,,
w-2024,11,16.04.2024,16.04.2024 12:44:26,47,62,Śląskie,104,Kardiologia,2024/007211,Pozarezydencki,72.09,3.53,27.03.2024 13:34:18,15,NIE,,
w-2024,11,16.04.2024,16.04.2024 12:44:26,47,62,Śląskie,105,Kardiologia,2024/003526,Pozarezydencki,71.03,3.81,15.03.2024 12:49:42,15,NIE,,
w-2024,11,16.04.2024,16.04.2024 12:44:26,47,62,Śląskie,106,Kardiologia,2024/004086,Pozarezydencki,67.43,0.00,26.03.2024 11:35:09,15,NIE,,
w-2024,11,16.04.2024,16.04.2024 12:44:26,47,62,Śląskie,107,Kardiologia dziecięca,2024/005865,Rezydencki,87.56,4.33,28.02.2024 17:20:45,1,NIE,,
w-2024,11,16.04.2024,16.04.2024 12:44:26,47,62,Śląskie,108,Kardiologia dziecięca,2024/005789,Pozarezydencki,80.65,3.66,18.03.2024 22:53:50,1,NIE,,
w-2024,11,16.04.2024,16.04.2024 12:44:26,48,62,Śląskie,109,Medycyna paliatywna,2024/004370,Pozarezydencki,80.00,3.87,18.03.2024 16:15:54,7,NIE,,
w-2024,11,16.04.2024,16.04.2024 12:44:26,48,62,Śląskie,110,Medycyna paliatywna,2024/006001,Pozarezydencki,76.91,3.23,19.03.2024 11:16:44,7,NIE,,
w-2024,11,16.04.2024,16.04.2024 12:44:26,48,62,Śląskie,111,Medycyna paliatywna,2024/006169,Pozarezydencki,68.49,4.05,22.03.2024 10:09:27,7,NIE,,
w-2024,11,16.04.2024,16.04.2024 12:44:26,48,62,Śląskie,112,Medycyna paliatywna,2024/003784,Pozarezydencki,66.36,4.20,13.02.2024 15:49:50,7,NIE,,
w-2024,11,16.04.2024,16.04.2024 12:44:26,48,62,Śląskie,113,Medycyna paliatywna,2024/004151,Pozarezydencki,62.50,0.00,14.03.2024 08:53:35,7,NIE,,
w-2024,11,16.04.2024,16.04.2024 12:44:26,48,62,Śląskie,114,Medycyna paliatywna,2024/004890,Pozarezydencki,57.27,0.00,14.03.2024 12:41:27,7,NIE,,
w-2024,11,16.04.2024,16.04.2024 12:44:26,48,62,Śląskie,115,Medycyna paliatywna,2024/005598,Pozarezydencki,0.00,0.00,21.03.2024 09:36:12,7,NIE,,
w-2024,11,16.04.2024,16.04.2024 12:44:26,48,62,Śląskie,116,Medycyna ratunkowa,2024/002069,Rezydencki,83.57,3.95,20.03.2024 22:42:14,1,NIE,,
w-2024,11,16.04.2024,16.04.2024 12:44:26,48,62,Śląskie,117,Medycyna ratunkowa,2024/004132,Pozarezydencki,84.55,0.00,27.03.2024 15:09:04,3,NIE,,
w-2024,11,16.04.2024,16.04.2024 12:44:26,48,62,Śląskie,118,Medycyna ratunkowa,2024/007304,Pozarezydencki,56.48,4.19,22.03.2024 17:43:37,3,NIE,,
w-2024,11,16.04.2024,16.04.2024 12:44:26,48,62,Śląskie,119,Medycyna ratunkowa,2024/007241,Pozarezydencki,52.73,0.00,25.03.2024 13:43:18,3,NIE,,
w-2024,11,16.04.2024,16.04.2024 12:44:26,48,62,Śląskie,120,Medycyna rodzinna,2024/006847,Rezydencki,90.69,4.17,18.03.2024 12:49:07,7,NIE,,
w-2024,11,16.04.2024,16.04.2024 12:44:26,48,62,Śląskie,121,Medycyna rodzinna,2024/006210,Rezydencki,87.99,4.18,20.03.2024 09:52:17,7,NIE,,
w-2024,11,16.04.2024,16.04.2024 12:44:26,48,62,Śląskie,122,Medycyna rodzinna,2024/002071,Rezydencki,81.95,4.05,23.03.2024 09:06:48,7,NIE,,
w-2024,11,16.04.2024,16.04.2024 12:44:26,48,62,Śląskie,123,Medycyna rodzinna,2024/003428,Rezydencki,80.19,3.83,13.02.2024 20:35:13,7,NIE,,
w-2024,11,16.04.2024,16.04.2024 12:44:26,48,62,Śląskie,124,Medycyna rodzinna,2024/004057,Rezydencki,80.00,3.95,14.03.2024 10:15:50,7,NIE,,
w-2024,11,16.04.2024,16.04.2024 12:44:26,48,62,Śląskie,125,Medycyna rodzinna,2024/003828,Rezydencki,57.77,3.63,14.03.2024 11:31:49,7,NIE,,
w-2024,11,16.04.2024,16.04.2024 12:44:26,48,62,Śląskie,126,Medycyna rodzinna,2024/003528,Rezydencki,56.25,3.11,15.03.2024 14:21:44,7,NIE,,
w-2024,11,16.04.2024,16.04.2024 12:44:26,48,62,Śląskie,127,Medycyna rodzinna,2024/004358,Pozarezydencki,75.81,3.86,16.03.2024 18:50:30,2,NIE,,
w-2024,11,16.04.2024,16.04.2024 12:44:26,48,62,Śląskie,128,Medycyna rodzinna,2024/002413,Pozarezydencki,71.63,4.05,14.03.2024 15:54:23,2,NIE,,
w-2024,11,16.04.2024,16.04.2024 12:44:26,48,62,Śląskie,129,Medycyna sportowa,2024/004796,Pozarezydencki,77.14,3.93,14.03.2024 23:32:27,1,NIE,,
w-2024,11,16.04.2024,16.04.2024 12:44:26,48,62,Śląskie,130,Nefrologia,2024/007378,Rezydencki,83.09,3.61,28.02.2024 23:29:23,2,NIE,,
w-2024,11,16.04.2024,16.04.2024 12:44:26,48,62,Śląskie,131,Nefrologia,2024/002189,Rezydencki,66.67,3.27,17.02.2024 22:29:46,2,NIE,,
w-2024,11,16.04.2024,16.04.2024 12:44:26,48,62,Śląskie,132,Nefrologia,2024/005964,Pozarezydencki,80.73,4.81,26.02.2024 23:48:15,3,NIE,,
w-2024,11,16.04.2024,16.04.2024 12:44:26,48,62,Śląskie,133,Nefrologia,2024/003123,Pozarezydencki,75.45,3.27,21.03.2024 09:45:20,3,NIE,,
w-2024,11,16.04.2024,16.04.2024 12:44:26,48,62,Śląskie,134,Nefrologia,2024/003665,Pozarezydencki,69.34,4.00,21.03.2024 20:09:23,3,NIE,,
w-2024,11,16.04.2024,16.04.2024 12:44:26,48,62,Śląskie,135,Neonatologia,2024/005115,Rezydencki,92.27,4.22,19.03.2024 08:56:07,2,NIE,,
w-2024,11,16.04.2024,16.04.2024 12:44:26,48,62,Śląskie,136,Neonatologia,2024/004389,Rezydencki,81.37,3.64,26.02.2024 14:39:19,2,NIE,,
w-2024,11,16.04.2024,16.04.2024 12:44:26,48,62,Śląskie,137,Neurochirurgia,2024/002388,Rezydencki,85.99,3.47,14.03.2024 14:55:11,1,NIE,,
w-2024,11,16.04.2024,16.04.2024 12:44:26,48,62,Śląskie,138,Neurologia,2024/002987,Rezydencki,85.29,3.92,07.02.2024 12:10:35,5,NIE,,
w-2024,11,16.04.2024,16.04.2024 12:44:26,48,62,Śląskie,139,Neurologia,2024/003190,Rezydencki,84.54,4.23,27.03.2024 09:28:30,5,NIE,,
w-2024,11,16.04.2024,16.04.2024 12:44:26,48,62,Śląskie,140,Neurologia,2024/002161,Rezydencki,80.68,3.63,24.02.2024 12:53:49,5,NIE,,
w-2024,11,16.04.2024,16.04.2024 12:44:26,48,62,Śląskie,141,Neurologia,2024/006362,Rezydencki,68.60,3.41,28.02.2024 20:49:45,5,NIE,,
w-2024,11,16.04.2024,16.04.2024 12:44:26,48,62,Śląskie,142,Neurologia,2024/005335,Rezydencki,65.37,3.33,27.02.2024 17:08:14,5,NIE,,
w-2024,11,16.04.2024,16.04.2024 12:44:26,48,62,Śląskie,143,Neurologia dziecięca,2024/005905,Rezydencki,85.02,3.65,18.03.2024 09:52:37,1,NIE,,
w-2024,11,16.04.2024,16.04.2024 12:44:26,48,62,Śląskie,144,Okulistyka,2024/005074,Rezydencki,93.72,4.33,15.03.2024 08:04:21,7,NIE,,
w-2024,11,16.04.2024,16.04.2024 12:44:26,48,62,Śląskie,145,Okulistyka,2024/005435,Rezydencki,92.16,4.23,14.03.2024 17:35:44,7,NIE,,
w-2024,11,16.04.2024,16.04.2024 12:44:26,48,62,Śląskie,146,Okulistyka,2024/006798,Rezydencki,90.34,3.81,13.03.2024 14:08:28,7,NIE,,
w-2024,11,16.04.2024,16.04.2024 12:44:26,49,62,Śląskie,147,Okulistyka,2024/006950,Rezydencki,88.65,4.08,28.02.2024 22:59:02,7,NIE,,
w-2024,11,16.04.2024,16.04.2024 12:44:26,49,62,Śląskie,148,Okulistyka,2024/006442,Rezydencki,87.25,3.36,18.03.2024 14:27:42,7,NIE,,
w-2024,11,16.04.2024,16.04.2024 12:44:26,49,62,Śląskie,149,Okulistyka,2024/007337,Rezydencki,87.20,4.16,18.03.2024 17:56:22,7,NIE,,
w-2024,11,16.04.2024,16.04.2024 12:44:26,49,62,Śląskie,150,Okulistyka,2024/002431,Rezydencki,86.47,3.84,28.02.2024 18:31:25,7,NIE,,
w-2024,11,16.04.2024,16.04.2024 12:44:26,49,62,Śląskie,151,Okulistyka,2024/006166,Pozarezydencki,82.24,3.67,14.03.2024 18:32:22,5,NIE,,
w-2024,11,16.04.2024,16.04.2024 12:44:26,49,62,Śląskie,152,Okulistyka,2024/007067,Pozarezydencki,79.72,3.10,15.03.2024 15:38:08,5,NIE,,
w-2024,11,16.04.2024,16.04.2024 12:44:26,49,62,Śląskie,153,Okulistyka,2024/006453,Pozarezydencki,78.14,3.84,27.02.2024 23:11:14,5,NIE,,
w-2024,11,16.04.2024,16.04.2024 12:44:26,49,62,Śląskie,154,Okulistyka,2024/005968,Pozarezydencki,77.42,4.23,16.03.2024 19:38:40,5,NIE,,
w-2024,11,16.04.2024,16.04.2024 12:44:26,49,62,Śląskie,155,Okulistyka,2024/005585,Pozarezydencki,76.04,3.14,19.03.2024 14:13:53,5,NIE,,
w-2024,11,16.04.2024,16.04.2024 12:44:26,49,62,Śląskie,156,Onkologia i hematologia dziecięca,2024/004511,Pozarezydencki,70.91,3.20,21.03.2024 13:52:38,1,NIE,,
w-2024,11,16.04.2024,16.04.2024 12:44:26,49,62,Śląskie,157,Onkologia kliniczna,2024/003662,Rezydencki,86.47,3.91,27.02.2024 19:48:29,4,NIE,,
w-2024,11,16.04.2024,16.04.2024 12:44:26,49,62,Śląskie,158,Onkologia kliniczna,2024/005570,Rezydencki,75.12,4.03,25.02.2024 21:56:27,4,NIE,,
w-2024,11,16.04.2024,16.04.2024 12:44:26,49,62,Śląskie,159,Onkologia kliniczna,2024/003079,Rezydencki,65.35,3.41,20.03.2024 21:35:07,4,NIE,,
w-2024,11,16.04.2024,16.04.2024 12:44:26,49,62,Śląskie,160,Onkologia kliniczna,2024/006238,Rezydencki,59.22,3.04,22.03.2024 10:49:49,4,NIE,,
w-2024,11,16.04.2024,16.04.2024 12:44:26,49,62,Śląskie,161,Onkologia kliniczna,2024/003292,Pozarezydencki,67.50,0.00,19.03.2024 08:54:38,1,NIE,,
w-2024,11,16.04.2024,16.04.2024 12:44:26,49,62,Śląskie,162,Ortodoncja,2024/003516,Rezydencki,87.98,3.74,12.02.2024 22:57:18,1,NIE,,
w-2024,11,16.04.2024,16.04.2024 12:44:26,49,62,Śląskie,163,Ortodoncja,2024/002610,Pozarezydencki,92.50,3.54,24.03.2024 17:42:12,1,NIE,,
w-2024,11,16.04.2024,16.04.2024 12:44:26,49,62,Śląskie,164,Ortopedia i traumatologia narządu ruchu,2024/003661,Rezydencki,85.51,4.10,25.02.2024 21:56:17,4,NIE,,
w-2024,11,16.04.2024,16.04.2024 12:44:26,49,62,Śląskie,165,Ortopedia i traumatologia narządu ruchu,2024/004201,Rezydencki,85.51,3.65,18.03.2024 11:11:26,4,NIE,,
w-2024,11,16.04.2024,16.04.2024 12:44:26,49,62,Śląskie,166,Ortopedia i traumatologia narządu ruchu,2024/002873,Rezydencki,84.54,3.56,14.03.2024 17:31:26,4,NIE,,
w-2024,11,16.04.2024,16.04.2024 12:44:26,49,62,Śląskie,167,Ortopedia i traumatologia narządu ruchu,2024/004325,Rezydencki,84.54,3.42,21.03.2024 14:07:30,4,NIE,,
w-2024,11,16.04.2024,16.04.2024 12:44:26,49,62,Śląskie,168,Ortopedia i traumatologia narządu ruchu,2024/005597,Pozarezydencki,76.96,3.54,26.02.2024 22:14:08,2,NIE,,
w-2024,11,16.04.2024,16.04.2024 12:44:26,49,62,Śląskie,169,Ortopedia i traumatologia narządu ruchu,2024/005760,Pozarezydencki,75.12,3.63,28.02.2024 10:57:50,2,NIE,,
w-2024,11,16.04.2024,16.04.2024 12:44:26,49,62,Śląskie,170,Otorynolaryngologia dziecięca,2024/005955,Rezydencki,85.99,3.87,22.03.2024 13:30:03,2,NIE,,
w-2024,11,16.04.2024,16.04.2024 12:44:26,49,62,Śląskie,171,Otorynolaryngologia dziecięca,2024/006882,Rezydencki,85.02,3.68,18.03.2024 14:00:51,2,NIE,,
w-2024,11,16.04.2024,16.04.2024 12:44:26,49,62,Śląskie,172,Patomorfologia,2024/006958,Rezydencki,83.82,4.45,28.02.2024 23:24:38,1,NIE,,
w-2024,11,16.04.2024,16.04.2024 12:44:26,49,62,Śląskie,173,Pediatria,2024/002498,Rezydencki,88.89,4.38,12.02.2024 09:18:17,6,NIE,,
w-2024,11,16.04.2024,16.04.2024 12:44:26,49,62,Śląskie,174,Pediatria,2024/006386,Rezydencki,88.89,3.79,25.03.2024 23:40:18,6,NIE,,
w-2024,11,16.04.2024,16.04.2024 12:44:26,49,62,Śląskie,175,Pediatria,2024/007001,Rezydencki,88.41,4.21,28.02.2024 19:22:31,6,NIE,,
w-2024,11,16.04.2024,16.04.2024 12:44:26,49,62,Śląskie,176,Pediatria,2024/004870,Rezydencki,87.75,4.37,23.02.2024 21:45:04,6,NIE,,
w-2024,11,16.04.2024,16.04.2024 12:44:26,49,62,Śląskie,177,Pediatria,2024/002303,Rezydencki,84.06,4.12,29.03.2024 14:11:02,6,NIE,,
w-2024,11,16.04.2024,16.04.2024 12:44:26,49,62,Śląskie,178,Pediatria,2024/002420,Rezydencki,81.16,3.50,14.03.2024 10:22:06,6,NIE,,
w-2024,11,16.04.2024,16.04.2024 12:44:26,49,62,Śląskie,179,Pediatria,2024/004961,Pozarezydencki,75.23,0.00,17.03.2024 21:59:21,2,NIE,,
w-2024,11,16.04.2024,16.04.2024 12:44:26,49,62,Śląskie,180,Pediatria,2024/006588,Pozarezydencki,64.55,3.86,24.03.2024 21:56:59,2,NIE,,
w-2024,11,16.04.2024,16.04.2024 12:44:26,49,62,Śląskie,181,Położnictwo i ginekologia,2024/004987,Rezydencki,87.92,3.83,19.03.2024 10:58:36,12,NIE,,
w-2024,11,16.04.2024,16.04.2024 12:44:26,49,62,Śląskie,182,Położnictwo i ginekologia,2024/002489,Rezydencki,85.37,4.31,18.02.2024 20:44:15,12,NIE,,
w-2024,11,16.04.2024,16.04.2024 12:44:26,49,62,Śląskie,183,Położnictwo i ginekologia,2024/005975,Rezydencki,84.88,4.41,27.02.2024 01:35:37,12,NIE,,
w-2024,11,16.04.2024,16.04.2024 12:44:26,49,62,Śląskie,184,Położnictwo i ginekologia,2024/002412,Rezydencki,81.46,3.82,12.02.2024 19:31:05,12,NIE,,
w-2024,11,16.04.2024,16.04.2024 12:44:26,50,62,Śląskie,185,Położnictwo i ginekologia,2024/005515,Rezydencki,80.88,3.33,28.02.2024 20:09:27,12,NIE,,
w-2024,11,16.04.2024,16.04.2024 12:44:26,50,62,Śląskie,186,Położnictwo i ginekologia,2024/004318,Rezydencki,79.71,3.46,22.03.2024 11:31:16,12,NIE,,
w-2024,11,16.04.2024,16.04.2024 12:44:26,50,62,Śląskie,187,Położnictwo i ginekologia,2024/002744,Rezydencki,78.74,3.74,21.03.2024 20:37:14,12,NIE,,
w-2024,11,16.04.2024,16.04.2024 12:44:26,50,62,Śląskie,188,Położnictwo i ginekologia,2024/006777,Rezydencki,77.29,3.55,25.03.2024 09:24:47,12,NIE,,
w-2024,11,16.04.2024,16.04.2024 12:44:26,50,62,Śląskie,189,Położnictwo i ginekologia,2024/007374,Rezydencki,77.07,3.30,14.03.2024 15:52:18,12,NIE,,
w-2024,11,16.04.2024,16.04.2024 12:44:26,50,62,Śląskie,190,Położnictwo i ginekologia,2024/007317,Rezydencki,74.88,3.09,20.03.2024 17:39:14,12,NIE,,
w-2024,11,16.04.2024,16.04.2024 12:44:26,50,62,Śląskie,191,Położnictwo i ginekologia,2024/002278,Rezydencki,57.07,2.95,04.02.2024 21:27:17,12,NIE,,
w-2024,11,16.04.2024,16.04.2024 12:44:26,50,62,Śląskie,192,Położnictwo i ginekologia,2024/005285,Rezydencki,0.00,4.12,24.02.2024 12:29:46,12,NIE,,
w-2024,11,16.04.2024,16.04.2024 12:44:26,50,62,Śląskie,193,Protetyka stomatologiczna,2024/004163,Rezydencki,83.25,4.02,16.02.2024 13:00:17,3,NIE,,
w-2024,11,16.04.2024,16.04.2024 12:44:26,50,62,Śląskie,194,Protetyka stomatologiczna,2024/005114,Rezydencki,81.34,4.22,28.02.2024 21:26:37,3,NIE,,
w-2024,11,16.04.2024,16.04.2024 12:44:26,50,62,Śląskie,195,Protetyka stomatologiczna,2024/005131,Rezydencki,80.71,3.68,22.02.2024 23:59:02,3,NIE,,
w-2024,11,16.04.2024,16.04.2024 12:44:26,50,62,Śląskie,196,Psychiatria,2024/002516,Rezydencki,88.29,3.79,28.02.2024 21:28:38,12,NIE,,
w-2024,11,16.04.2024,16.04.2024 12:44:26,50,62,Śląskie,197,Psychiatria,2024/002737,Rezydencki,85.99,4.05,28.02.2024 18:54:53,12,NIE,,
w-2024,11,16.04.2024,16.04.2024 12:44:26,50,62,Śląskie,198,Psychiatria,2024/005868,Rezydencki,84.54,4.50,18.03.2024 19:53:18,12,NIE,,
w-2024,11,16.04.2024,16.04.2024 12:44:26,50,62,Śląskie,199,Psychiatria,2024/005883,Rezydencki,81.90,4.60,17.03.2024 18:20:16,12,NIE,,
w-2024,11,16.04.2024,16.04.2024 12:44:26,50,62,Śląskie,200,Psychiatria,2024/004274,Rezydencki,81.46,0.00,28.02.2024 22:44:59,12,NIE,,
w-2024,11,16.04.2024,16.04.2024 12:44:26,50,62,Śląskie,201,Psychiatria,2024/006287,Rezydencki,79.51,3.41,27.02.2024 20:10:27,12,NIE,,
w-2024,11,16.04.2024,16.04.2024 12:44:26,50,62,Śląskie,202,Psychiatria,2024/005418,Rezydencki,78.78,4.04,18.03.2024 13:21:29,12,NIE,,
w-2024,11,16.04.2024,16.04.2024 12:44:26,50,62,Śląskie,203,Psychiatria,2024/005294,Rezydencki,77.54,3.70,14.03.2024 12:01:33,12,NIE,,
w-2024,11,16.04.2024,16.04.2024 12:44:26,50,62,Śląskie,204,Psychiatria,2024/003677,Rezydencki,77.45,3.63,19.03.2024 09:21:13,12,NIE,,
w-2024,11,16.04.2024,16.04.2024 12:44:26,50,62,Śląskie,205,Psychiatria,2024/002463,Rezydencki,75.98,3.72,21.03.2024 18:47:43,12,NIE,,
w-2024,11,16.04.2024,16.04.2024 12:44:26,50,62,Śląskie,206,Psychiatria,2024/007163,Rezydencki,73.91,3.53,27.03.2024 09:05:36,12,NIE,,
w-2024,11,16.04.2024,16.04.2024 12:44:26,50,62,Śląskie,207,Psychiatria,2024/003673,Rezydencki,66.35,0.00,23.02.2024 19:37:59,12,NIE,,
w-2024,11,16.04.2024,16.04.2024 12:44:26,50,62,Śląskie,208,Psychiatria,2024/005616,Pozarezydencki,62.84,3.14,15.03.2024 13:52:19,1,NIE,,
w-2024,11,16.04.2024,16.04.2024 12:44:26,50,62,Śląskie,209,Psychiatria dzieci i młodzieży,2024/004605,Rezydencki,91.30,4.34,19.02.2024 21:51:53,2,NIE,,
w-2024,11,16.04.2024,16.04.2024 12:44:26,50,62,Śląskie,210,Psychiatria dzieci i młodzieży,2024/005451,Rezydencki,88.65,3.86,15.03.2024 10:18:39,2,NIE,,
w-2024,11,16.04.2024,16.04.2024 12:44:26,50,62,Śląskie,211,Psychiatria dzieci i młodzieży,2024/002160,Pozarezydencki,78.64,3.95,22.03.2024 11:28:38,1,NIE,,
w-2024,11,16.04.2024,16.04.2024 12:44:26,50,62,Śląskie,212,Radiologia i diagnostyka obrazowa,2024/006650,Rezydencki,90.10,3.43,18.03.2024 17:41:55,10,NIE,,
w-2024,11,16.04.2024,16.04.2024 12:44:26,50,62,Śląskie,213,Radiologia i diagnostyka obrazowa,2024/005593,Rezydencki,88.24,4.13,25.02.2024 23:21:46,10,NIE,,
w-2024,11,16.04.2024,16.04.2024 12:44:26,50,62,Śląskie,214,Radiologia i diagnostyka obrazowa,2024/006403,Rezydencki,88.16,3.33,28.02.2024 18:28:01,10,NIE,,
w-2024,11,16.04.2024,16.04.2024 12:44:26,50,62,Śląskie,215,Radiologia i diagnostyka obrazowa,2024/006434,Rezydencki,87.92,4.05,28.02.2024 19:31:49,10,NIE,,
w-2024,11,16.04.2024,16.04.2024 12:44:26,50,62,Śląskie,216,Radiologia i diagnostyka obrazowa,2024/005308,Rezydencki,86.96,4.20,14.03.2024 19:53:14,10,NIE,,
w-2024,11,16.04.2024,16.04.2024 12:44:26,50,62,Śląskie,217,Radiologia i diagnostyka obrazowa,2024/007253,Rezydencki,86.96,3.77,20.03.2024 13:46:37,10,NIE,,
w-2024,11,16.04.2024,16.04.2024 12:44:26,50,62,Śląskie,218,Radiologia i diagnostyka obrazowa,2024/007197,Rezydencki,86.76,4.32,19.03.2024 08:39:32,10,NIE,,
w-2024,11,16.04.2024,16.04.2024 12:44:26,50,62,Śląskie,219,Radiologia i diagnostyka obrazowa,2024/004861,Rezydencki,86.59,3.98,21.02.2024 12:08:42,10,NIE,,
w-2024,11,16.04.2024,16.04.2024 12:44:26,50,62,Śląskie,220,Radiologia i diagnostyka obrazowa,2024/004901,Rezydencki,85.99,4.06,28.02.2024 19:10:09,10,NIE,,
w-2024,11,16.04.2024,16.04.2024 12:44:26,50,62,Śląskie,221,Radiologia i diagnostyka obrazowa,2024/006790,Rezydencki,85.99,3.45,14.03.2024 09:56:59,10,NIE,,
w-2024,11,16.04.2024,16.04.2024 12:44:26,50,62,Śląskie,222,Radiologia i diagnostyka obrazowa,2024/006296,Pozarezydencki,82.03,0.00,25.03.2024 19:04:58,9,NIE,,
w-2024,11,16.04.2024,16.04.2024 12:44:26,51,62,Śląskie,223,Radiologia i diagnostyka obrazowa,2024/006195,Pozarezydencki,79.07,2.97,20.03.2024 17:22:43,9,NIE,,
w-2024,11,16.04.2024,16.04.2024 12:44:26,51,62,Śląskie,224,Radiologia i diagnostyka obrazowa,2024/006942,Pozarezydencki,78.80,4.00,28.02.2024 18:07:00,9,NIE,,
w-2024,11,16.04.2024,16.04.2024 12:44:26,51,62,Śląskie,225,Radiologia i diagnostyka obrazowa,2024/007008,Pozarezydencki,77.88,3.83,20.03.2024 10:16:22,9,NIE,,
w-2024,11,16.04.2024,16.04.2024 12:44:26,51,62,Śląskie,226,Radiologia i diagnostyka obrazowa,2024/005126,Pozarezydencki,76.74,3.33,18.03.2024 08:39:25,9,NIE,,
w-2024,11,16.04.2024,16.04.2024 12:44:26,51,62,Śląskie,227,Radiologia i diagnostyka obrazowa,2024/007011,Pozarezydencki,73.83,3.16,28.02.2024 19:29:59,9,NIE,,
w-2024,11,16.04.2024,16.04.2024 12:44:26,51,62,Śląskie,228,Radiologia i diagnostyka obrazowa,2024/006144,Pozarezydencki,71.43,4.30,20.03.2024 15:02:06,9,NIE,,
w-2024,11,16.04.2024,16.04.2024 12:44:26,51,62,Śląskie,229,Radiologia i diagnostyka obrazowa,2024/005985,Pozarezydencki,62.39,4.32,14.03.2024 10:36:50,9,NIE,,
w-2024,11,16.04.2024,16.04.2024 12:44:26,51,62,Śląskie,230,Radiologia i diagnostyka obrazowa,2024/006843,Pozarezydencki,58.53,2.98,28.02.2024 21:01:18,9,NIE,,
w-2024,11,16.04.2024,16.04.2024 12:44:26,51,62,Śląskie,231,Radioterapia onkologiczna,2024/004322,Rezydencki,83.57,4.52,26.02.2024 13:28:50,1,NIE,,
w-2024,11,16.04.2024,16.04.2024 12:44:26,51,62,Śląskie,232,Rehabilitacja medyczna,2024/005417,Rezydencki,82.93,3.90,25.02.2024 13:27:36,2,NIE,,
w-2024,11,16.04.2024,16.04.2024 12:44:26,51,62,Śląskie,233,Rehabilitacja medyczna,2024/007118,Rezydencki,58.74,3.13,18.03.2024 17:00:34,2,NIE,,
w-2024,11,16.04.2024,16.04.2024 12:44:26,51,62,Śląskie,234,Rehabilitacja medyczna,2024/006445,Pozarezydencki,86.95,0.00,29.03.2024 13:17:21,1,NIE,,
w-2024,11,16.04.2024,16.04.2024 12:44:26,51,62,Śląskie,235,Reumatologia,2024/006202,Rezydencki,91.79,4.39,14.03.2024 18:39:43,3,NIE,,
w-2024,11,16.04.2024,16.04.2024 12:44:26,51,62,Śląskie,236,Reumatologia,2024/003779,Rezydencki,90.10,3.86,28.02.2024 23:05:19,3,NIE,,
w-2024,11,16.04.2024,16.04.2024 12:44:26,51,62,Śląskie,237,Reumatologia,2024/002117,Rezydencki,89.86,4.41,22.02.2024 10:14:50,3,NIE,,
w-2024,11,16.04.2024,16.04.2024 12:44:26,51,62,Śląskie,238,Reumatologia,2024/004435,Pozarezydencki,80.00,4.68,18.03.2024 07:56:27,10,NIE,,
w-2024,11,16.04.2024,16.04.2024 12:44:26,51,62,Śląskie,239,Reumatologia,2024/002094,Pozarezydencki,78.90,4.39,25.02.2024 11:34:51,10,NIE,,
w-2024,11,16.04.2024,16.04.2024 12:44:26,51,62,Śląskie,240,Reumatologia,2024/006449,Pozarezydencki,75.45,3.77,13.03.2024 19:18:26,10,NIE,,
w-2024,11,16.04.2024,16.04.2024 12:44:26,51,62,Śląskie,241,Reumatologia,2024/007059,Pozarezydencki,75.45,2.94,17.03.2024 20:45:43,10,NIE,,
w-2024,11,16.04.2024,16.04.2024 12:44:26,51,62,Śląskie,242,Reumatologia,2024/006444,Pozarezydencki,71.82,0.00,28.02.2024 22:10:52,10,NIE,,
w-2024,11,16.04.2024,16.04.2024 12:44:26,51,62,Śląskie,243,Reumatologia,2024/006189,Pozarezydencki,71.59,4.00,20.03.2024 09:21:26,10,NIE,,
w-2024,11,16.04.2024,16.04.2024 12:44:26,51,62,Śląskie,244,Reumatologia,2024/005591,Pozarezydencki,71.14,4.23,28.02.2024 18:29:55,10,NIE,,
w-2024,11,16.04.2024,16.04.2024 12:44:26,51,62,Śląskie,245,Reumatologia,2024/006953,Pozarezydencki,70.91,3.66,19.03.2024 14:11:04,10,NIE,,
w-2024,11,16.04.2024,16.04.2024 12:44:26,51,62,Śląskie,246,Reumatologia,2024/005276,Pozarezydencki,66.36,3.53,28.02.2024 10:01:50,10,NIE,,
w-2024,11,16.04.2024,16.04.2024 12:44:26,51,62,Śląskie,247,Reumatologia,2024/004925,Pozarezydencki,61.82,3.58,21.03.2024 20:33:44,10,NIE,,
w-2024,11,16.04.2024,16.04.2024 12:44:26,51,62,Śląskie,248,Stomatologia dziecięca,2024/006927,Rezydencki,78.57,3.95,18.03.2024 14:13:39,2,NIE,,
w-2024,11,16.04.2024,16.04.2024 12:44:26,51,62,Śląskie,249,Stomatologia dziecięca,2024/006286,Rezydencki,77.62,3.15,27.02.2024 20:08:29,2,NIE,,
w-2024,11,16.04.2024,16.04.2024 12:44:26,51,62,Śląskie,250,Stomatologia zachowawcza z endodoncją,2024/006360,Rezydencki,67.48,0.00,16.03.2024 19:57:30,2,NIE,,
w-2024,11,16.04.2024,16.04.2024 12:44:26,51,62,Śląskie,251,Stomatologia zachowawcza z endodoncją,2024/007081,Rezydencki,59.22,0.00,28.02.2024 20:28:49,2,NIE,,
w-2024,11,16.04.2024,16.04.2024 12:44:26,51,62,Śląskie,252,Toksykologia kliniczna,2024/006316,Rezydencki,88.89,4.47,27.02.2024 20:39:33,1,NIE,,
w-2024,11,16.04.2024,16.04.2024 12:44:26,51,62,Śląskie,253,Toksykologia kliniczna,2024/004850,Pozarezydencki,80.00,0.00,18.03.2024 09:44:32,1,NIE,,
w-2024,11,16.04.2024,16.04.2024 12:44:26,51,62,Śląskie,254,Transfuzjologia kliniczna,2024/005948,Pozarezydencki,84.55,3.96,19.03.2024 14:12:32,1,NIE,,
w-2024,11,16.04.2024,16.04.2024 12:44:26,51,62,Śląskie,255,Transplantologia kliniczna,2024/002807,Pozarezydencki,74.43,4.02,22.03.2024 08:30:08,1,NIE,,
w-2024,11,16.04.2024,16.04.2024 12:44:26,51,62,Śląskie,256,Urologia,2024/005309,Rezydencki,88.73,3.49,15.03.2024 17:07:27,2,NIE,,
w-2024,11,16.04.2024,16.04.2024 12:44:26,51,62,Śląskie,257,Urologia,2024/005514,Rezydencki,88.41,4.35,27.02.2024 21:02:06,2,NIE,,
w-2024,11,16.04.2024,16.04.2024 12:44:26,51,62,Śląskie,258,Urologia,2024/002550,Pozarezydencki,80.00,0.00,18.03.2024 21:35:24,1,NIE,,
w-2024,11,16.04.2024,16.04.2024 12:44:26,52,62,Śląskie,1,Dermatologia i wenerologia,2024/002726,Rezydencki,88.97,4.18,19.03.2024 19:06:06,1,TAK,Samodzielny Publiczny Szpital Kliniczny im. Andrzeja Mielęckiego Śląskiego Uniwersytetu Medycznego w Katowicach,Oddział Dermatologii
w-2024,11,16.04.2024,16.04.2024 12:44:26,52,62,Śląskie,1,Okulistyka,2024/003050,Rezydencki,68.84,3.32,13.03.2024 15:23:14,1,TAK,Uniwersyteckie Centrum Kliniczne im. prof. K. Gibińskiego Śląskiego Uniwersytetu Medycznego w Katowicach,Oddział Okulistyki Dorosłych
w-2024,11,16.04.2024,16.04.2024 12:44:26,52,62,Świętokrzyskie,1,Anestezjologia i intensywna terapia,2024/003065,Rezydencki,84.54,3.82,19.02.2024 19:28:31,1,NIE,,
w-2024,11,16.04.2024,16.04.2024 12:44:26,52,62,Świętokrzyskie,2,Angiologia,2024/007105,Pozarezydencki,76.42,0.00,07.03.2024 21:48:02,1,NIE,,
w-2024,11,16.04.2024,16.04.2024 12:44:26,52,62,Świętokrzyskie,3,Chirurgia naczyniowa,2024/003354,Pozarezydencki,82.41,4.41,07.03.2024 23:10:04,1,NIE,,
w-2024,11,16.04.2024,16.04.2024 12:44:26,52,62,Świętokrzyskie,4,Chirurgia ogólna,2024/006155,Rezydencki,88.78,4.07,27.02.2024 16:01:40,1,NIE,,
w-2024,11,16.04.2024,16.04.2024 12:44:26,52,62,Świętokrzyskie,5,Chirurgia stomatologiczna,2024/005200,Rezydencki,85.10,4.19,28.02.2024 13:36:17,1,NIE,,
w-2024,11,16.04.2024,16.04.2024 12:44:26,52,62,Świętokrzyskie,6,Choroby wewnętrzne,2024/005354,Rezydencki,81.86,3.68,11.03.2024 14:49:10,1,NIE,,
w-2024,11,16.04.2024,16.04.2024 12:44:26,52,62,Świętokrzyskie,7,Choroby zakaźne,2024/004147,Pozarezydencki,70.91,0.00,08.03.2024 15:49:48,1,NIE,,
w-2024,11,16.04.2024,16.04.2024 12:44:26,52,62,Świętokrzyskie,8,Dermatologia i wenerologia,2024/006968,Rezydencki,90.82,3.60,28.02.2024 18:33:25,1,NIE,,
w-2024,11,16.04.2024,16.04.2024 12:44:26,52,62,Świętokrzyskie,9,Intensywna terapia,2024/004600,Pozarezydencki,70.91,0.00,29.03.2024 10:19:25,1,NIE,,
w-2024,11,16.04.2024,16.04.2024 12:44:26,52,62,Świętokrzyskie,10,Kardiologia,2024/004953,Rezydencki,84.88,3.34,23.02.2024 21:50:38,4,NIE,,
w-2024,11,16.04.2024,16.04.2024 12:44:26,52,62,Świętokrzyskie,11,Kardiologia,2024/007109,Rezydencki,83.57,0.00,28.02.2024 20:35:12,4,NIE,,
w-2024,11,16.04.2024,16.04.2024 12:44:26,52,62,Świętokrzyskie,12,Kardiologia,2024/007039,Rezydencki,82.11,3.58,28.02.2024 19:47:31,4,NIE,,
w-2024,11,16.04.2024,16.04.2024 12:44:26,52,62,Świętokrzyskie,13,Kardiologia,2024/007415,Rezydencki,75.25,3.31,11.03.2024 19:52:29,4,NIE,,
w-2024,11,16.04.2024,16.04.2024 12:44:26,52,62,Świętokrzyskie,14,Medycyna pracy,2024/002187,Pozarezydencki,61.82,3.98,27.03.2024 10:13:09,1,NIE,,
w-2024,11,16.04.2024,16.04.2024 12:44:26,52,62,Świętokrzyskie,15,Medycyna rodzinna,2024/006937,Rezydencki,88.89,3.68,28.02.2024 18:01:31,6,NIE,,
w-2024,11,16.04.2024,16.04.2024 12:44:26,52,62,Świętokrzyskie,16,Medycyna rodzinna,2024/003670,Rezydencki,87.44,4.29,18.02.2024 10:00:27,6,NIE,,
w-2024,11,16.04.2024,16.04.2024 12:44:26,52,62,Świętokrzyskie,17,Medycyna rodzinna,2024/005858,Rezydencki,87.44,3.89,11.03.2024 19:18:21,6,NIE,,
w-2024,11,16.04.2024,16.04.2024 12:44:26,52,62,Świętokrzyskie,18,Medycyna rodzinna,2024/002771,Rezydencki,80.95,3.75,05.02.2024 19:58:07,6,NIE,,
w-2024,11,16.04.2024,16.04.2024 12:44:26,52,62,Świętokrzyskie,19,Medycyna rodzinna,2024/003071,Rezydencki,79.17,4.06,18.02.2024 00:56:06,6,NIE,,
w-2024,11,16.04.2024,16.04.2024 12:44:26,52,62,Świętokrzyskie,20,Medycyna rodzinna,2024/006048,Rezydencki,78.74,5.00,05.03.2024 19:28:04,6,NIE,,
w-2024,11,16.04.2024,16.04.2024 12:44:26,52,62,Świętokrzyskie,21,Medycyna rodzinna,2024/003795,Pozarezydencki,67.92,4.16,07.03.2024 08:00:08,1,NIE,,
w-2024,11,16.04.2024,16.04.2024 12:44:26,52,62,Świętokrzyskie,22,Neonatologia,2024/005660,Rezydencki,75.36,3.93,07.03.2024 20:29:44,1,NIE,,
w-2024,11,16.04.2024,16.04.2024 12:44:26,52,62,Świętokrzyskie,23,Neurochirurgia,2024/007430,Rezydencki,84.06,4.00,28.02.2024 23:54:30,1,NIE,,
w-2024,11,16.04.2024,16.04.2024 12:44:26,52,62,Świętokrzyskie,24,Neurologia,2024/003114,Rezydencki,86.76,4.31,16.02.2024 13:08:38,2,NIE,,
w-2024,11,16.04.2024,16.04.2024 12:44:26,52,62,Świętokrzyskie,25,Neurologia,2024/007224,Rezydencki,72.20,0.00,06.03.2024 10:42:33,2,NIE,,
w-2024,11,16.04.2024,16.04.2024 12:44:26,52,62,Świętokrzyskie,26,Okulistyka,2024/005762,Rezydencki,86.83,3.37,28.02.2024 19:05:02,1,NIE,,
w-2024,11,16.04.2024,16.04.2024 12:44:26,52,62,Świętokrzyskie,27,Okulistyka,2024/002302,Pozarezydencki,81.57,3.96,07.03.2024 20:05:21,1,NIE,,
w-2024,11,16.04.2024,16.04.2024 12:44:26,52,62,Świętokrzyskie,28,Ortopedia i traumatologia narządu ruchu,2024/006149,Rezydencki,79.71,3.28,28.02.2024 21:39:27,1,NIE,,
w-2024,11,16.04.2024,16.04.2024 12:44:26,53,62,Świętokrzyskie,29,Położnictwo i ginekologia,2024/002508,Rezydencki,82.61,5.00,03.02.2024 22:23:07,3,NIE,,
w-2024,11,16.04.2024,16.04.2024 12:44:26,53,62,Świętokrzyskie,30,Położnictwo i ginekologia,2024/002428,Rezydencki,81.86,3.30,05.02.2024 18:34:25,3,NIE,,
w-2024,11,16.04.2024,16.04.2024 12:44:26,53,62,Świętokrzyskie,31,Położnictwo i ginekologia,2024/006664,Rezydencki,68.12,3.26,21.03.2024 10:44:45,3,NIE,,
w-2024,11,16.04.2024,16.04.2024 12:44:26,53,62,Świętokrzyskie,32,Psychiatria dzieci i młodzieży,2024/006547,Rezydencki,78.54,0.00,28.02.2024 22:03:07,1,NIE,,
w-2024,11,16.04.2024,16.04.2024 12:44:26,53,62,Świętokrzyskie,33,Radiologia i diagnostyka obrazowa,2024/002301,Pozarezydencki,82.49,3.50,07.03.2024 20:04:01,1,NIE,,
w-2024,11,16.04.2024,16.04.2024 12:44:26,53,62,Świętokrzyskie,34,Rehabilitacja medyczna,2024/002379,Pozarezydencki,80.00,3.33,29.03.2024 12:21:43,1,NIE,,
w-2024,11,16.04.2024,16.04.2024 12:44:26,53,62,Świętokrzyskie,35,Reumatologia,2024/006225,Rezydencki,87.92,3.53,28.02.2024 22:10:51,1,NIE,,
w-2024,11,16.04.2024,16.04.2024 12:44:26,53,62,Świętokrzyskie,36,Reumatologia,2024/004365,Pozarezydencki,70.91,4.15,03.03.2024 19:21:28,1,NIE,,
w-2024,11,16.04.2024,16.04.2024 12:44:26,53,62,Świętokrzyskie,1,Dermatologia i wenerologia,2024/002199,Rezydencki,88.73,4.03,28.02.2024 22:54:35,1,TAK,Wojewódzki Szpital Zespolony w Kielcach,Klinika Dermatologii
w-2024,11,16.04.2024,16.04.2024 12:44:26,53,62,Warmińsko-mazurskie,1,Anestezjologia i intensywna terapia,2024/004989,Rezydencki,86.96,3.93,25.02.2024 22:57:46,1,NIE,,
w-2024,11,16.04.2024,16.04.2024 12:44:26,53,62,Warmińsko-mazurskie,2,Chirurgia stomatologiczna,2024/004611,Rezydencki,84.06,4.29,20.02.2024 15:09:03,2,NIE,,
w-2024,11,16.04.2024,16.04.2024 12:44:26,53,62,Warmińsko-mazurskie,3,Chirurgia stomatologiczna,2024/004061,Rezydencki,84.06,0.00,15.03.2024 20:05:21,2,NIE,,
w-2024,11,16.04.2024,16.04.2024 12:44:26,53,62,Warmińsko-mazurskie,4,Chirurgia szczękowo-twarzowa,2024/005135,Rezydencki,82.61,3.92,26.02.2024 06:38:48,2,NIE,,
w-2024,11,16.04.2024,16.04.2024 12:44:26,53,62,Warmińsko-mazurskie,5,Chirurgia szczękowo-twarzowa,2024/003681,Rezydencki,82.38,4.35,13.02.2024 20:01:37,2,NIE,,
w-2024,11,16.04.2024,16.04.2024 12:44:26,53,62,Warmińsko-mazurskie,6,Choroby płuc,2024/005699,Pozarezydencki,68.81,3.83,26.02.2024 13:04:49,1,NIE,,
w-2024,11,16.04.2024,16.04.2024 12:44:26,53,62,Warmińsko-mazurskie,7,Choroby wewnętrzne,2024/004722,Rezydencki,79.02,3.58,06.03.2024 12:21:50,1,NIE,,
w-2024,11,16.04.2024,16.04.2024 12:44:26,53,62,Warmińsko-mazurskie,8,Choroby wewnętrzne,2024/003383,Pozarezydencki,76.42,4.35,26.02.2024 20:19:46,1,NIE,,
w-2024,11,16.04.2024,16.04.2024 12:44:26,53,62,Warmińsko-mazurskie,9,Diabetologia,2024/007222,Rezydencki,80.68,4.75,28.02.2024 21:43:40,1,NIE,,
w-2024,11,16.04.2024,16.04.2024 12:44:26,53,62,Warmińsko-mazurskie,10,Diabetologia,2024/005283,Pozarezydencki,72.69,4.20,27.02.2024 19:38:34,1,NIE,,
w-2024,11,16.04.2024,16.04.2024 12:44:26,53,62,Warmińsko-mazurskie,11,Endokrynologia,2024/006423,Rezydencki,90.73,4.37,28.02.2024 13:25:31,1,NIE,,
w-2024,11,16.04.2024,16.04.2024 12:44:26,53,62,Warmińsko-mazurskie,12,Endokrynologia,2024/003197,Pozarezydencki,89.09,4.02,21.02.2024 22:05:50,1,NIE,,
w-2024,11,16.04.2024,16.04.2024 12:44:26,53,62,Warmińsko-mazurskie,13,Ginekologia onkologiczna,2024/006844,Pozarezydencki,80.45,4.18,13.03.2024 18:02:57,2,NIE,,
w-2024,11,16.04.2024,16.04.2024 12:44:26,53,62,Warmińsko-mazurskie,14,Ginekologia onkologiczna,2024/002602,Pozarezydencki,72.27,3.16,18.03.2024 20:36:29,2,NIE,,
w-2024,11,16.04.2024,16.04.2024 12:44:26,53,62,Warmińsko-mazurskie,15,Kardiologia,2024/003220,Rezydencki,80.00,3.47,28.02.2024 14:32:02,1,NIE,,
w-2024,11,16.04.2024,16.04.2024 12:44:26,53,62,Warmińsko-mazurskie,16,Medycyna paliatywna,2024/003609,Pozarezydencki,70.91,0.00,13.03.2024 10:32:38,1,NIE,,
w-2024,11,16.04.2024,16.04.2024 12:44:26,53,62,Warmińsko-mazurskie,17,Medycyna pracy,2024/005117,Pozarezydencki,64.91,0.00,21.03.2024 19:23:59,1,NIE,,
w-2024,11,16.04.2024,16.04.2024 12:44:26,53,62,Warmińsko-mazurskie,18,Medycyna ratunkowa,2024/002349,Rezydencki,57.00,3.61,04.02.2024 14:43:17,1,NIE,,
w-2024,11,16.04.2024,16.04.2024 12:44:26,53,62,Warmińsko-mazurskie,19,Medycyna ratunkowa,2024/004744,Pozarezydencki,73.85,4.24,18.03.2024 10:46:49,1,NIE,,
w-2024,11,16.04.2024,16.04.2024 12:44:26,53,62,Warmińsko-mazurskie,20,Medycyna rodzinna,2024/005327,Rezydencki,89.86,4.73,24.02.2024 19:26:31,4,NIE,,
w-2024,11,16.04.2024,16.04.2024 12:44:26,54,62,Warmińsko-mazurskie,21,Medycyna rodzinna,2024/004133,Rezydencki,89.37,4.37,17.02.2024 20:09:47,4,NIE,,
w-2024,11,16.04.2024,16.04.2024 12:44:26,54,62,Warmińsko-mazurskie,22,Medycyna rodzinna,2024/007086,Rezydencki,85.85,3.39,28.02.2024 20:39:15,4,NIE,,
w-2024,11,16.04.2024,16.04.2024 12:44:26,54,62,Warmińsko-mazurskie,23,Medycyna rodzinna,2024/006294,Rezydencki,81.37,0.00,28.02.2024 15:52:28,4,NIE,,
w-2024,11,16.04.2024,16.04.2024 12:44:26,54,62,Warmińsko-mazurskie,24,Neonatologia,2024/002406,Rezydencki,79.90,3.95,12.03.2024 19:21:14,1,NIE,,
w-2024,11,16.04.2024,16.04.2024 12:44:26,54,62,Warmińsko-mazurskie,25,Neurologia dziecięca,2024/005119,Rezydencki,84.06,3.94,13.03.2024 18:10:04,1,NIE,,
w-2024,11,16.04.2024,16.04.2024 12:44:26,54,62,Warmińsko-mazurskie,26,Okulistyka,2024/005053,Rezydencki,87.44,4.03,28.02.2024 19:29:47,2,NIE,,
w-2024,11,16.04.2024,16.04.2024 12:44:26,54,62,Warmińsko-mazurskie,27,Okulistyka,2024/004548,Rezydencki,86.96,4.19,25.02.2024 11:17:54,2,NIE,,
w-2024,11,16.04.2024,16.04.2024 12:44:26,54,62,Warmińsko-mazurskie,28,Okulistyka,2024/004613,Pozarezydencki,82.33,3.52,27.02.2024 10:24:27,1,NIE,,
w-2024,11,16.04.2024,16.04.2024 12:44:26,54,62,Warmińsko-mazurskie,29,Onkologia kliniczna,2024/003018,Pozarezydencki,56.60,0.00,04.03.2024 13:25:50,1,NIE,,
w-2024,11,16.04.2024,16.04.2024 12:44:26,54,62,Warmińsko-mazurskie,30,Ortopedia i traumatologia narządu ruchu,2024/005226,Rezydencki,65.69,3.88,13.03.2024 18:18:40,1,NIE,,
w-2024,11,16.04.2024,16.04.2024 12:44:26,54,62,Warmińsko-mazurskie,31,Otorynolaryngologia,2024/006350,Rezydencki,88.89,3.90,18.03.2024 12:43:22,1,NIE,,
w-2024,11,16.04.2024,16.04.2024 12:44:26,54,62,Warmińsko-mazurskie,32,Otorynolaryngologia dziecięca,2024/003972,Pozarezydencki,77.36,3.66,19.02.2024 11:52:47,1,NIE,,
w-2024,11,16.04.2024,16.04.2024 12:44:26,54,62,Warmińsko-mazurskie,33,Patomorfologia,2024/005054,Pozarezydencki,75.91,0.00,13.03.2024 22:23:05,1,NIE,,
w-2024,11,16.04.2024,16.04.2024 12:44:26,54,62,Warmińsko-mazurskie,34,Pediatria,2024/002717,Rezydencki,86.47,3.64,28.02.2024 18:37:10,2,NIE,,
w-2024,11,16.04.2024,16.04.2024 12:44:26,54,62,Warmińsko-mazurskie,35,Pediatria,2024/006382,Rezydencki,69.27,0.00,27.02.2024 21:48:35,2,NIE,,
w-2024,11,16.04.2024,16.04.2024 12:44:26,54,62,Warmińsko-mazurskie,36,Pediatria,2024/002535,Pozarezydencki,84.55,0.00,19.03.2024 20:47:45,1,NIE,,
w-2024,11,16.04.2024,16.04.2024 12:44:26,54,62,Warmińsko-mazurskie,37,Położnictwo i ginekologia,2024/004431,Rezydencki,86.67,3.95,18.02.2024 22:12:29,3,NIE,,
w-2024,11,16.04.2024,16.04.2024 12:44:26,54,62,Warmińsko-mazurskie,38,Położnictwo i ginekologia,2024/004200,Rezydencki,76.81,4.46,28.02.2024 20:34:38,3,NIE,,
w-2024,11,16.04.2024,16.04.2024 12:44:26,54,62,Warmińsko-mazurskie,39,Położnictwo i ginekologia,2024/005805,Rezydencki,71.22,0.00,26.02.2024 18:37:33,3,NIE,,
w-2024,11,16.04.2024,16.04.2024 12:44:26,54,62,Warmińsko-mazurskie,40,Protetyka stomatologiczna,2024/007335,Rezydencki,70.67,0.00,28.02.2024 23:35:48,1,NIE,,
w-2024,11,16.04.2024,16.04.2024 12:44:26,54,62,Warmińsko-mazurskie,41,Psychiatria,2024/006736,Pozarezydencki,55.71,0.00,28.02.2024 13:59:04,1,NIE,,
w-2024,11,16.04.2024,16.04.2024 12:44:26,54,62,Warmińsko-mazurskie,42,Psychiatria dzieci i młodzieży,2024/002072,Rezydencki,86.83,3.82,15.02.2024 14:56:44,1,NIE,,
w-2024,11,16.04.2024,16.04.2024 12:44:26,54,62,Warmińsko-mazurskie,43,Radiologia i diagnostyka obrazowa,2024/006279,Rezydencki,87.44,4.02,28.02.2024 22:21:48,2,NIE,,
w-2024,11,16.04.2024,16.04.2024 12:44:26,54,62,Warmińsko-mazurskie,44,Radiologia i diagnostyka obrazowa,2024/002854,Rezydencki,87.25,4.31,28.02.2024 15:40:18,2,NIE,,
w-2024,11,16.04.2024,16.04.2024 12:44:26,54,62,Warmińsko-mazurskie,45,Radiologia i diagnostyka obrazowa,2024/005764,Pozarezydencki,84.65,3.45,26.02.2024 16:31:06,1,NIE,,
w-2024,11,16.04.2024,16.04.2024 12:44:26,54,62,Warmińsko-mazurskie,46,Radioterapia onkologiczna,2024/005930,Rezydencki,76.96,0.00,27.02.2024 20:33:56,1,NIE,,
w-2024,11,16.04.2024,16.04.2024 12:44:26,54,62,Warmińsko-mazurskie,47,Reumatologia,2024/002799,Rezydencki,89.13,4.21,28.02.2024 18:29:33,1,NIE,,
w-2024,11,16.04.2024,16.04.2024 12:44:26,54,62,Warmińsko-mazurskie,48,Stomatologia zachowawcza z endodoncją,2024/003381,Rezydencki,79.61,3.52,10.02.2024 23:42:11,1,NIE,,
w-2024,11,16.04.2024,16.04.2024 12:44:26,54,62,Warmińsko-mazurskie,49,Urologia,2024/006493,Rezydencki,86.47,3.87,28.02.2024 23:46:09,2,NIE,,
w-2024,11,16.04.2024,16.04.2024 12:44:26,54,62,Warmińsko-mazurskie,50,Urologia,2024/006414,Rezydencki,85.99,3.53,27.02.2024 22:08:52,2,NIE,,
w-2024,11,16.04.2024,16.04.2024 12:44:26,54,62,Wielkopolskie,1,Alergologia,2024/006920,Rezydencki,87.80,3.84,18.03.2024 15:23:35,1,NIE,,
w-2024,11,16.04.2024,16.04.2024 12:44:26,54,62,Wielkopolskie,2,Alergologia,2024/002604,Pozarezydencki,74.09,0.00,15.03.2024 09:29:34,1,NIE,,
w-2024,11,16.04.2024,16.04.2024 12:44:26,54,62,Wielkopolskie,3,Anestezjologia i intensywna terapia,2024/002923,Rezydencki,85.02,3.77,28.02.2024 18:55:57,10,NIE,,
w-2024,11,16.04.2024,16.04.2024 12:44:26,54,62,Wielkopolskie,4,Anestezjologia i intensywna terapia,2024/007398,Rezydencki,83.41,3.88,28.02.2024 23:22:57,10,NIE,,
w-2024,11,16.04.2024,16.04.2024 12:44:26,55,62,Wielkopolskie,5,Anestezjologia i intensywna terapia,2024/002915,Rezydencki,83.09,0.00,20.02.2024 08:44:45,10,NIE,,
w-2024,11,16.04.2024,16.04.2024 12:44:26,55,62,Wielkopolskie,6,Anestezjologia i intensywna terapia,2024/004708,Rezydencki,82.61,3.95,21.02.2024 11:22:24,10,NIE,,
w-2024,11,16.04.2024,16.04.2024 12:44:26,55,62,Wielkopolskie,7,Anestezjologia i intensywna terapia,2024/007186,Rezydencki,81.64,4.39,28.02.2024 21:21:21,10,NIE,,
w-2024,11,16.04.2024,16.04.2024 12:44:26,55,62,Wielkopolskie,8,Anestezjologia i intensywna terapia,2024/005866,Rezydencki,80.88,3.95,26.02.2024 21:09:52,10,NIE,,
w-2024,11,16.04.2024,16.04.2024 12:44:26,55,62,Wielkopolskie,9,Anestezjologia i intensywna terapia,2024/004110,Rezydencki,78.54,3.90,28.02.2024 11:02:20,10,NIE,,
w-2024,11,16.04.2024,16.04.2024 12:44:26,55,62,Wielkopolskie,10,Anestezjologia i intensywna terapia,2024/004250,Rezydencki,76.96,4.80,18.02.2024 11:43:58,10,NIE,,
w-2024,11,16.04.2024,16.04.2024 12:44:26,55,62,Wielkopolskie,11,Anestezjologia i intensywna terapia,2024/006934,Rezydencki,76.33,3.61,19.03.2024 10:19:04,10,NIE,,
w-2024,11,16.04.2024,16.04.2024 12:44:26,55,62,Wielkopolskie,12,Anestezjologia i intensywna terapia,2024/005870,Rezydencki,69.12,3.37,26.02.2024 21:16:00,10,NIE,,
w-2024,11,16.04.2024,16.04.2024 12:44:26,55,62,Wielkopolskie,13,Anestezjologia i intensywna terapia,2024/006616,Pozarezydencki,77.31,4.00,28.02.2024 19:13:24,1,NIE,,
w-2024,11,16.04.2024,16.04.2024 12:44:26,55,62,Wielkopolskie,14,Angiologia,2024/004869,Pozarezydencki,83.18,4.79,28.02.2024 21:18:14,1,NIE,,
w-2024,11,16.04.2024,16.04.2024 12:44:26,55,62,Wielkopolskie,15,Audiologia i foniatria,2024/006998,Pozarezydencki,69.59,2.89,07.03.2024 16:10:53,1,NIE,,
w-2024,11,16.04.2024,16.04.2024 12:44:26,55,62,Wielkopolskie,16,Chirurgia dziecięca,2024/003439,Rezydencki,84.39,3.90,11.02.2024 15:02:02,2,NIE,,
w-2024,11,16.04.2024,16.04.2024 12:44:26,55,62,Wielkopolskie,17,Chirurgia dziecięca,2024/006833,Rezydencki,71.01,4.15,18.03.2024 11:35:51,2,NIE,,
w-2024,11,16.04.2024,16.04.2024 12:44:26,55,62,Wielkopolskie,18,Chirurgia dziecięca,2024/006905,Pozarezydencki,83.64,4.18,28.02.2024 17:28:04,1,NIE,,
w-2024,11,16.04.2024,16.04.2024 12:44:26,55,62,Wielkopolskie,19,Chirurgia naczyniowa,2024/002060,Rezydencki,89.37,4.28,28.02.2024 18:44:56,1,NIE,,
w-2024,11,16.04.2024,16.04.2024 12:44:26,55,62,Wielkopolskie,20,Chirurgia ogólna,2024/007210,Rezydencki,88.41,4.03,13.03.2024 20:02:35,5,NIE,,
w-2024,11,16.04.2024,16.04.2024 12:44:26,55,62,Wielkopolskie,21,Chirurgia ogólna,2024/007023,Rezydencki,84.54,3.75,28.02.2024 20:50:24,5,NIE,,
w-2024,11,16.04.2024,16.04.2024 12:44:26,55,62,Wielkopolskie,22,Chirurgia ogólna,2024/006568,Rezydencki,79.71,3.29,28.02.2024 08:57:27,5,NIE,,
w-2024,11,16.04.2024,16.04.2024 12:44:26,55,62,Wielkopolskie,23,Chirurgia ogólna,2024/006242,Rezydencki,78.43,3.65,27.02.2024 19:18:46,5,NIE,,
w-2024,11,16.04.2024,16.04.2024 12:44:26,55,62,Wielkopolskie,24,Chirurgia ogólna,2024/006662,Rezydencki,68.12,3.65,08.03.2024 09:58:11,5,NIE,,
w-2024,11,16.04.2024,16.04.2024 12:44:26,55,62,Wielkopolskie,25,Chirurgia ogólna,2024/004963,Pozarezydencki,68.75,0.00,18.03.2024 10:19:03,1,NIE,,
w-2024,11,16.04.2024,16.04.2024 12:44:26,55,62,Wielkopolskie,26,Chirurgia onkologiczna,2024/003680,Rezydencki,86.34,4.16,12.02.2024 21:25:46,2,NIE,,
w-2024,11,16.04.2024,16.04.2024 12:44:26,55,62,Wielkopolskie,27,Chirurgia onkologiczna,2024/003951,Rezydencki,80.19,3.33,28.02.2024 23:19:35,2,NIE,,
w-2024,11,16.04.2024,16.04.2024 12:44:26,55,62,Wielkopolskie,28,Chirurgia szczękowo-twarzowa,2024/005103,Rezydencki,85.10,3.97,13.03.2024 14:12:11,1,NIE,,
w-2024,11,16.04.2024,16.04.2024 12:44:26,55,62,Wielkopolskie,29,Choroby płuc,2024/005822,Rezydencki,86.83,3.89,26.02.2024 19:46:09,3,NIE,,
w-2024,11,16.04.2024,16.04.2024 12:44:26,55,62,Wielkopolskie,30,Choroby płuc,2024/005776,Rezydencki,86.71,3.76,28.02.2024 22:07:35,3,NIE,,
w-2024,11,16.04.2024,16.04.2024 12:44:26,55,62,Wielkopolskie,31,Choroby płuc,2024/003965,Rezydencki,85.85,3.81,27.02.2024 23:33:32,3,NIE,,
w-2024,11,16.04.2024,16.04.2024 12:44:26,55,62,Wielkopolskie,32,Choroby płuc,2024/007432,Pozarezydencki,77.95,3.77,28.02.2024 23:49:19,2,NIE,,
w-2024,11,16.04.2024,16.04.2024 12:44:26,55,62,Wielkopolskie,33,Choroby płuc,2024/005544,Pozarezydencki,58.33,3.49,13.03.2024 22:45:35,2,NIE,,
w-2024,11,16.04.2024,16.04.2024 12:44:26,55,62,Wielkopolskie,34,Choroby płuc dzieci,2024/002421,Rezydencki,82.61,3.89,07.02.2024 17:19:27,1,NIE,,
w-2024,11,16.04.2024,16.04.2024 12:44:26,55,62,Wielkopolskie,35,Choroby wewnętrzne,2024/003327,Rezydencki,88.78,4.43,24.02.2024 19:21:44,9,NIE,,
w-2024,11,16.04.2024,16.04.2024 12:44:26,55,62,Wielkopolskie,36,Choroby wewnętrzne,2024/005543,Rezydencki,87.99,4.52,26.02.2024 20:41:18,9,NIE,,
w-2024,11,16.04.2024,16.04.2024 12:44:26,55,62,Wielkopolskie,37,Choroby wewnętrzne,2024/007146,Rezydencki,87.44,3.53,28.02.2024 21:05:12,9,NIE,,
w-2024,11,16.04.2024,16.04.2024 12:44:26,55,62,Wielkopolskie,38,Choroby wewnętrzne,2024/006421,Rezydencki,87.07,4.27,06.03.2024 22:19:45,9,NIE,,
w-2024,11,16.04.2024,16.04.2024 12:44:26,55,62,Wielkopolskie,39,Choroby wewnętrzne,2024/002800,Rezydencki,86.47,4.08,05.02.2024 22:23:03,9,NIE,,
w-2024,11,16.04.2024,16.04.2024 12:44:26,55,62,Wielkopolskie,40,Choroby wewnętrzne,2024/002396,Rezydencki,82.35,3.81,02.02.2024 17:15:54,9,NIE,,
w-2024,11,16.04.2024,16.04.2024 12:44:26,55,62,Wielkopolskie,41,Choroby wewnętrzne,2024/006980,Rezydencki,81.16,3.84,28.02.2024 19:00:53,9,NIE,,
w-2024,11,16.04.2024,16.04.2024 12:44:26,55,62,Wielkopolskie,42,Choroby wewnętrzne,2024/004080,Rezydencki,76.81,3.54,05.03.2024 18:25:53,9,NIE,,
w-2024,11,16.04.2024,16.04.2024 12:44:26,56,62,Wielkopolskie,43,Choroby wewnętrzne,2024/004751,Rezydencki,73.43,3.84,15.03.2024 12:36:52,9,NIE,,
w-2024,11,16.04.2024,16.04.2024 12:44:26,56,62,Wielkopolskie,44,Diabetologia,2024/004024,Pozarezydencki,89.09,4.74,15.02.2024 12:03:23,4,NIE,,
w-2024,11,16.04.2024,16.04.2024 12:44:26,56,62,Wielkopolskie,45,Diabetologia,2024/005315,Pozarezydencki,83.64,4.29,06.03.2024 18:47:59,4,NIE,,
w-2024,11,16.04.2024,16.04.2024 12:44:26,56,62,Wielkopolskie,46,Diabetologia,2024/003733,Pozarezydencki,82.95,4.32,06.03.2024 14:16:58,4,NIE,,
w-2024,11,16.04.2024,16.04.2024 12:44:26,56,62,Wielkopolskie,47,Diabetologia,2024/002791,Pozarezydencki,82.27,4.44,26.02.2024 22:09:58,4,NIE,,
w-2024,11,16.04.2024,16.04.2024 12:44:26,56,62,Wielkopolskie,48,Endokrynologia,2024/006071,Rezydencki,91.71,4.60,27.02.2024 23:00:00,2,NIE,,
w-2024,11,16.04.2024,16.04.2024 12:44:26,56,62,Wielkopolskie,49,Endokrynologia,2024/006391,Rezydencki,90.48,4.08,28.02.2024 23:57:26,2,NIE,,
w-2024,11,16.04.2024,16.04.2024 12:44:26,56,62,Wielkopolskie,50,Endokrynologia,2024/002553,Pozarezydencki,93.64,4.77,07.03.2024 17:32:50,1,NIE,,
w-2024,11,16.04.2024,16.04.2024 12:44:26,56,62,Wielkopolskie,51,Endokrynologia i diabetologia dziecięca,2024/007092,Pozarezydencki,77.78,4.65,15.03.2024 12:29:00,2,NIE,,
w-2024,11,16.04.2024,16.04.2024 12:44:26,56,62,Wielkopolskie,52,Endokrynologia i diabetologia dziecięca,2024/004375,Pozarezydencki,75.94,3.92,11.03.2024 22:38:47,2,NIE,,
w-2024,11,16.04.2024,16.04.2024 12:44:26,56,62,Wielkopolskie,53,Farmakologia kliniczna,2024/002869,Pozarezydencki,79.09,0.00,06.03.2024 14:44:31,2,NIE,,
w-2024,11,16.04.2024,16.04.2024 12:44:26,56,62,Wielkopolskie,54,Farmakologia kliniczna,2024/005080,Pozarezydencki,75.45,3.96,08.03.2024 10:35:49,2,NIE,,
w-2024,11,16.04.2024,16.04.2024 12:44:26,56,62,Wielkopolskie,55,Gastroenterologia dziecięca,2024/004625,Pozarezydencki,79.26,3.60,07.03.2024 12:36:55,1,NIE,,
w-2024,11,16.04.2024,16.04.2024 12:44:26,56,62,Wielkopolskie,56,Geriatria,2024/003465,Pozarezydencki,77.98,4.84,08.03.2024 16:36:13,2,NIE,,
w-2024,11,16.04.2024,16.04.2024 12:44:26,56,62,Wielkopolskie,57,Geriatria,2024/007188,Pozarezydencki,73.27,4.24,28.02.2024 21:23:02,2,NIE,,
w-2024,11,16.04.2024,16.04.2024 12:44:26,56,62,Wielkopolskie,58,Ginekologia onkologiczna,2024/002338,Pozarezydencki,73.83,0.00,06.03.2024 23:31:06,1,NIE,,
w-2024,11,16.04.2024,16.04.2024 12:44:26,56,62,Wielkopolskie,59,Hipertensjologia,2024/005519,Pozarezydencki,85.36,0.00,11.03.2024 17:16:15,1,NIE,,
w-2024,11,16.04.2024,16.04.2024 12:44:26,56,62,Wielkopolskie,60,Kardiochirurgia,2024/005263,Rezydencki,74.15,0.00,23.02.2024 21:42:11,2,NIE,,
w-2024,11,16.04.2024,16.04.2024 12:44:26,56,62,Wielkopolskie,61,Kardiochirurgia,2024/007361,Rezydencki,69.57,3.74,10.03.2024 02:07:08,2,NIE,,
w-2024,11,16.04.2024,16.04.2024 12:44:26,56,62,Wielkopolskie,62,Kardiologia,2024/002759,Rezydencki,90.93,3.90,05.02.2024 18:44:38,4,NIE,,
w-2024,11,16.04.2024,16.04.2024 12:44:26,56,62,Wielkopolskie,63,Kardiologia,2024/002530,Rezydencki,88.24,3.83,28.02.2024 23:08:23,4,NIE,,
w-2024,11,16.04.2024,16.04.2024 12:44:26,56,62,Wielkopolskie,64,Kardiologia,2024/006309,Rezydencki,87.92,3.71,07.03.2024 19:59:09,4,NIE,,
w-2024,11,16.04.2024,16.04.2024 12:44:26,56,62,Wielkopolskie,65,Kardiologia,2024/007047,Rezydencki,86.34,3.90,28.02.2024 19:55:22,4,NIE,,
w-2024,11,16.04.2024,16.04.2024 12:44:26,56,62,Wielkopolskie,66,Kardiologia,2024/005577,Pozarezydencki,71.36,0.00,25.02.2024 22:18:37,1,NIE,,
w-2024,11,16.04.2024,16.04.2024 12:44:26,56,62,Wielkopolskie,67,Kardiologia dziecięca,2024/004986,Rezydencki,84.88,3.97,26.02.2024 21:54:30,1,NIE,,
w-2024,11,16.04.2024,16.04.2024 12:44:26,56,62,Wielkopolskie,68,Medycyna nuklearna,2024/002408,Rezydencki,82.13,3.88,28.02.2024 20:53:50,1,NIE,,
w-2024,11,16.04.2024,16.04.2024 12:44:26,56,62,Wielkopolskie,69,Medycyna paliatywna,2024/005212,Pozarezydencki,83.64,4.16,10.03.2024 18:28:25,2,NIE,,
w-2024,11,16.04.2024,16.04.2024 12:44:26,56,62,Wielkopolskie,70,Medycyna paliatywna,2024/006725,Pozarezydencki,83.41,3.70,13.03.2024 14:56:44,2,NIE,,
w-2024,11,16.04.2024,16.04.2024 12:44:26,56,62,Wielkopolskie,71,Medycyna ratunkowa,2024/002397,Rezydencki,61.76,3.21,06.03.2024 10:25:12,1,NIE,,
w-2024,11,16.04.2024,16.04.2024 12:44:26,56,62,Wielkopolskie,72,Medycyna ratunkowa,2024/006249,Pozarezydencki,77.73,3.35,09.03.2024 22:13:42,1,NIE,,
w-2024,11,16.04.2024,16.04.2024 12:44:26,56,62,Wielkopolskie,73,Medycyna rodzinna,2024/003459,Rezydencki,88.24,4.26,26.02.2024 11:34:48,21,NIE,,
w-2024,11,16.04.2024,16.04.2024 12:44:26,56,62,Wielkopolskie,74,Medycyna rodzinna,2024/003453,Rezydencki,87.80,4.62,11.02.2024 17:04:28,21,NIE,,
w-2024,11,16.04.2024,16.04.2024 12:44:26,56,62,Wielkopolskie,75,Medycyna rodzinna,2024/005842,Rezydencki,86.83,4.22,26.02.2024 20:22:59,21,NIE,,
w-2024,11,16.04.2024,16.04.2024 12:44:26,56,62,Wielkopolskie,76,Medycyna rodzinna,2024/007178,Rezydencki,86.47,3.94,28.02.2024 21:19:41,21,NIE,,
w-2024,11,16.04.2024,16.04.2024 12:44:26,56,62,Wielkopolskie,77,Medycyna rodzinna,2024/003441,Rezydencki,86.47,3.56,11.02.2024 15:11:10,21,NIE,,
w-2024,11,16.04.2024,16.04.2024 12:44:26,56,62,Wielkopolskie,78,Medycyna rodzinna,2024/005590,Rezydencki,85.99,4.13,27.02.2024 22:19:11,21,NIE,,
w-2024,11,16.04.2024,16.04.2024 12:44:26,56,62,Wielkopolskie,79,Medycyna rodzinna,2024/004659,Rezydencki,85.99,3.97,20.02.2024 10:30:54,21,NIE,,
w-2024,11,16.04.2024,16.04.2024 12:44:26,56,62,Wielkopolskie,80,Medycyna rodzinna,2024/003339,Rezydencki,85.85,3.77,25.02.2024 21:33:34,21,NIE,,
w-2024,11,16.04.2024,16.04.2024 12:44:26,57,62,Wielkopolskie,81,Medycyna rodzinna,2024/004425,Rezydencki,84.54,4.48,28.02.2024 20:43:49,21,NIE,,
w-2024,11,16.04.2024,16.04.2024 12:44:26,57,62,Wielkopolskie,82,Medycyna rodzinna,2024/004051,Rezydencki,84.06,4.37,23.02.2024 19:02:55,21,NIE,,
w-2024,11,16.04.2024,16.04.2024 12:44:26,57,62,Wielkopolskie,83,Medycyna rodzinna,2024/005806,Rezydencki,83.57,3.39,26.02.2024 18:40:21,21,NIE,,
w-2024,11,16.04.2024,16.04.2024 12:44:26,57,62,Wielkopolskie,84,Medycyna rodzinna,2024/002955,Rezydencki,82.44,3.88,22.02.2024 21:22:52,21,NIE,,
w-2024,11,16.04.2024,16.04.2024 12:44:26,57,62,Wielkopolskie,85,Medycyna rodzinna,2024/006091,Rezydencki,81.37,4.00,28.02.2024 19:58:41,21,NIE,,
w-2024,11,16.04.2024,16.04.2024 12:44:26,57,62,Wielkopolskie,86,Medycyna rodzinna,2024/004973,Rezydencki,80.68,4.28,26.02.2024 00:58:55,21,NIE,,
w-2024,11,16.04.2024,16.04.2024 12:44:26,57,62,Wielkopolskie,87,Medycyna rodzinna,2024/005182,Rezydencki,79.02,3.42,28.02.2024 22:50:41,21,NIE,,
w-2024,11,16.04.2024,16.04.2024 12:44:26,57,62,Wielkopolskie,88,Medycyna rodzinna,2024/004884,Rezydencki,78.43,3.93,12.03.2024 14:54:26,21,NIE,,
w-2024,11,16.04.2024,16.04.2024 12:44:26,57,62,Wielkopolskie,89,Medycyna rodzinna,2024/006973,Rezydencki,78.05,0.00,28.02.2024 18:44:21,21,NIE,,
w-2024,11,16.04.2024,16.04.2024 12:44:26,57,62,Wielkopolskie,90,Medycyna rodzinna,2024/006215,Rezydencki,77.29,3.72,09.03.2024 11:34:51,21,NIE,,
w-2024,11,16.04.2024,16.04.2024 12:44:26,57,62,Wielkopolskie,91,Medycyna rodzinna,2024/007135,Rezydencki,72.46,3.20,14.03.2024 18:57:39,21,NIE,,
w-2024,11,16.04.2024,16.04.2024 12:44:26,57,62,Wielkopolskie,92,Medycyna rodzinna,2024/002755,Rezydencki,69.61,4.15,07.03.2024 08:19:08,21,NIE,,
w-2024,11,16.04.2024,16.04.2024 12:44:26,57,62,Wielkopolskie,93,Medycyna rodzinna,2024/002812,Rezydencki,62.93,0.00,27.02.2024 10:44:44,21,NIE,,
w-2024,11,16.04.2024,16.04.2024 12:44:26,57,62,Wielkopolskie,94,Medycyna rodzinna,2024/005861,Pozarezydencki,84.55,0.00,09.03.2024 20:28:09,4,NIE,,
w-2024,11,16.04.2024,16.04.2024 12:44:26,57,62,Wielkopolskie,95,Medycyna rodzinna,2024/004660,Pozarezydencki,73.18,0.00,11.03.2024 19:14:40,4,NIE,,
w-2024,11,16.04.2024,16.04.2024 12:44:26,57,62,Wielkopolskie,96,Medycyna rodzinna,2024/005689,Pozarezydencki,69.09,0.00,08.03.2024 13:36:39,4,NIE,,
w-2024,11,16.04.2024,16.04.2024 12:44:26,57,62,Wielkopolskie,97,Medycyna rodzinna,2024/004423,Pozarezydencki,59.07,0.00,04.03.2024 20:22:14,4,NIE,,
w-2024,11,16.04.2024,16.04.2024 12:44:26,57,62,Wielkopolskie,98,Nefrologia,2024/007328,Pozarezydencki,75.45,0.00,28.02.2024 22:36:51,1,NIE,,
w-2024,11,16.04.2024,16.04.2024 12:44:26,57,62,Wielkopolskie,99,Neonatologia,2024/002106,Rezydencki,83.57,4.79,25.03.2024 13:24:42,4,NIE,,
w-2024,11,16.04.2024,16.04.2024 12:44:26,57,62,Wielkopolskie,100,Neonatologia,2024/002577,Rezydencki,82.93,3.91,27.02.2024 23:28:05,4,NIE,,
w-2024,11,16.04.2024,16.04.2024 12:44:26,57,62,Wielkopolskie,101,Neonatologia,2024/003418,Rezydencki,68.12,0.00,16.02.2024 09:42:55,4,NIE,,
w-2024,11,16.04.2024,16.04.2024 12:44:26,57,62,Wielkopolskie,102,Neonatologia,2024/006291,Rezydencki,58.05,0.00,28.02.2024 13:52:09,4,NIE,,
w-2024,11,16.04.2024,16.04.2024 12:44:26,57,62,Wielkopolskie,103,Neonatologia,2024/004933,Pozarezydencki,68.35,3.90,21.02.2024 20:33:36,1,NIE,,
w-2024,11,16.04.2024,16.04.2024 12:44:26,57,62,Wielkopolskie,104,Neurologia,2024/004340,Rezydencki,88.65,4.34,22.02.2024 20:19:26,7,NIE,,
w-2024,11,16.04.2024,16.04.2024 12:44:26,57,62,Wielkopolskie,105,Neurologia,2024/004616,Rezydencki,82.61,4.24,28.02.2024 20:04:59,7,NIE,,
w-2024,11,16.04.2024,16.04.2024 12:44:26,57,62,Wielkopolskie,106,Neurologia,2024/002382,Rezydencki,82.44,3.57,27.02.2024 21:09:05,7,NIE,,
w-2024,11,16.04.2024,16.04.2024 12:44:26,57,62,Wielkopolskie,107,Neurologia,2024/006011,Rezydencki,81.95,3.51,28.02.2024 11:34:42,7,NIE,,
w-2024,11,16.04.2024,16.04.2024 12:44:26,57,62,Wielkopolskie,108,Neurologia,2024/004723,Rezydencki,80.00,3.74,20.02.2024 14:11:19,7,NIE,,
w-2024,11,16.04.2024,16.04.2024 12:44:26,57,62,Wielkopolskie,109,Neurologia,2024/006548,Rezydencki,76.81,4.22,28.02.2024 18:48:37,7,NIE,,
w-2024,11,16.04.2024,16.04.2024 12:44:26,57,62,Wielkopolskie,110,Neurologia,2024/007391,Rezydencki,75.12,3.79,09.03.2024 11:30:05,7,NIE,,
w-2024,11,16.04.2024,16.04.2024 12:44:26,57,62,Wielkopolskie,111,Neurologia dziecięca,2024/002374,Pozarezydencki,80.28,4.50,07.03.2024 11:33:27,3,NIE,,
w-2024,11,16.04.2024,16.04.2024 12:44:26,57,62,Wielkopolskie,112,Neurologia dziecięca,2024/005617,Pozarezydencki,80.00,4.47,26.02.2024 08:39:30,3,NIE,,
w-2024,11,16.04.2024,16.04.2024 12:44:26,57,62,Wielkopolskie,113,Neurologia dziecięca,2024/006374,Pozarezydencki,78.94,4.28,27.02.2024 21:41:36,3,NIE,,
w-2024,11,16.04.2024,16.04.2024 12:44:26,57,62,Wielkopolskie,114,Okulistyka,2024/003679,Rezydencki,91.22,4.40,25.02.2024 17:17:02,1,NIE,,
w-2024,11,16.04.2024,16.04.2024 12:44:26,57,62,Wielkopolskie,115,Okulistyka,2024/005573,Pozarezydencki,81.57,4.23,27.02.2024 21:39:18,1,NIE,,
w-2024,11,16.04.2024,16.04.2024 12:44:26,57,62,Wielkopolskie,116,Onkologia kliniczna,2024/005812,Rezydencki,84.06,4.08,26.02.2024 19:09:14,1,NIE,,
w-2024,11,16.04.2024,16.04.2024 12:44:26,57,62,Wielkopolskie,117,Ortopedia i traumatologia narządu ruchu,2024/005180,Rezydencki,90.34,4.35,28.02.2024 22:14:42,6,NIE,,
w-2024,11,16.04.2024,16.04.2024 12:44:26,57,62,Wielkopolskie,118,Ortopedia i traumatologia narządu ruchu,2024/002275,Rezydencki,85.00,3.74,10.03.2024 06:38:40,6,NIE,,
w-2024,11,16.04.2024,16.04.2024 12:44:26,58,62,Wielkopolskie,119,Ortopedia i traumatologia narządu ruchu,2024/003081,Rezydencki,84.06,4.00,23.02.2024 17:10:48,6,NIE,,
w-2024,11,16.04.2024,16.04.2024 12:44:26,58,62,Wielkopolskie,120,Ortopedia i traumatologia narządu ruchu,2024/002921,Rezydencki,83.90,4.16,28.02.2024 14:40:27,6,NIE,,
w-2024,11,16.04.2024,16.04.2024 12:44:26,58,62,Wielkopolskie,121,Ortopedia i traumatologia narządu ruchu,2024/006660,Rezydencki,80.24,3.49,21.03.2024 18:22:59,6,NIE,,
w-2024,11,16.04.2024,16.04.2024 12:44:26,58,62,Wielkopolskie,122,Ortopedia i traumatologia narządu ruchu,2024/004648,Rezydencki,77.56,3.07,22.02.2024 23:14:22,6,NIE,,
w-2024,11,16.04.2024,16.04.2024 12:44:26,58,62,Wielkopolskie,123,Ortopedia i traumatologia narządu ruchu,2024/002070,Pozarezydencki,70.91,4.40,04.03.2024 13:53:16,2,NIE,,
w-2024,11,16.04.2024,16.04.2024 12:44:26,58,62,Wielkopolskie,124,Ortopedia i traumatologia narządu ruchu,2024/004602,Pozarezydencki,61.86,0.00,19.02.2024 21:40:04,2,NIE,,
w-2024,11,16.04.2024,16.04.2024 12:44:26,58,62,Wielkopolskie,125,Otorynolaryngologia,2024/005915,Rezydencki,88.78,4.51,28.02.2024 17:54:38,3,NIE,,
w-2024,11,16.04.2024,16.04.2024 12:44:26,58,62,Wielkopolskie,126,Otorynolaryngologia,2024/004114,Rezydencki,86.96,4.17,16.02.2024 00:04:31,3,NIE,,
w-2024,11,16.04.2024,16.04.2024 12:44:26,58,62,Wielkopolskie,127,Otorynolaryngologia,2024/005478,Rezydencki,85.85,3.53,25.02.2024 17:52:43,3,NIE,,
w-2024,11,16.04.2024,16.04.2024 12:44:26,58,62,Wielkopolskie,128,Otorynolaryngologia,2024/006948,Pozarezydencki,82.03,4.30,13.03.2024 18:40:15,1,NIE,,
w-2024,11,16.04.2024,16.04.2024 12:44:26,58,62,Wielkopolskie,129,Pediatria,2024/003047,Rezydencki,90.34,3.98,28.02.2024 22:13:00,9,NIE,,
w-2024,11,16.04.2024,16.04.2024 12:44:26,58,62,Wielkopolskie,130,Pediatria,2024/005030,Rezydencki,88.89,4.22,22.02.2024 22:10:25,9,NIE,,
w-2024,11,16.04.2024,16.04.2024 12:44:26,58,62,Wielkopolskie,131,Pediatria,2024/002953,Rezydencki,87.80,4.54,23.02.2024 20:36:12,9,NIE,,
w-2024,11,16.04.2024,16.04.2024 12:44:26,58,62,Wielkopolskie,132,Pediatria,2024/005351,Rezydencki,87.20,4.20,28.02.2024 23:12:47,9,NIE,,
w-2024,11,16.04.2024,16.04.2024 12:44:26,58,62,Wielkopolskie,133,Pediatria,2024/003333,Rezydencki,86.47,3.38,12.02.2024 10:39:04,9,NIE,,
w-2024,11,16.04.2024,16.04.2024 12:44:26,58,62,Wielkopolskie,134,Pediatria,2024/004946,Rezydencki,85.99,4.02,28.02.2024 17:40:01,9,NIE,,
w-2024,11,16.04.2024,16.04.2024 12:44:26,58,62,Wielkopolskie,135,Pediatria,2024/004596,Rezydencki,85.51,3.91,26.02.2024 15:16:17,9,NIE,,
w-2024,11,16.04.2024,16.04.2024 12:44:26,58,62,Wielkopolskie,136,Pediatria,2024/007019,Rezydencki,85.51,3.78,28.02.2024 20:10:03,9,NIE,,
w-2024,11,16.04.2024,16.04.2024 12:44:26,58,62,Wielkopolskie,137,Pediatria,2024/005869,Rezydencki,85.37,4.49,26.02.2024 21:12:51,9,NIE,,
w-2024,11,16.04.2024,16.04.2024 12:44:26,58,62,Wielkopolskie,138,Pediatria,2024/002543,Pozarezydencki,79.09,3.62,23.02.2024 11:08:09,1,NIE,,
w-2024,11,16.04.2024,16.04.2024 12:44:26,58,62,Wielkopolskie,139,Periodontologia,2024/004180,Rezydencki,84.62,4.17,12.03.2024 20:18:59,3,NIE,,
w-2024,11,16.04.2024,16.04.2024 12:44:26,58,62,Wielkopolskie,140,Periodontologia,2024/006448,Rezydencki,82.61,0.00,27.02.2024 22:30:35,3,NIE,,
w-2024,11,16.04.2024,16.04.2024 12:44:26,58,62,Wielkopolskie,141,Periodontologia,2024/002469,Rezydencki,82.13,3.83,24.02.2024 13:39:58,3,NIE,,
w-2024,11,16.04.2024,16.04.2024 12:44:26,58,62,Wielkopolskie,142,Położnictwo i ginekologia,2024/007413,Rezydencki,88.78,4.32,28.02.2024 23:49:47,11,NIE,,
w-2024,11,16.04.2024,16.04.2024 12:44:26,58,62,Wielkopolskie,143,Położnictwo i ginekologia,2024/003075,Rezydencki,86.47,4.65,13.03.2024 08:57:54,11,NIE,,
w-2024,11,16.04.2024,16.04.2024 12:44:26,58,62,Wielkopolskie,144,Położnictwo i ginekologia,2024/007065,Rezydencki,85.78,3.57,28.02.2024 20:20:16,11,NIE,,
w-2024,11,16.04.2024,16.04.2024 12:44:26,58,62,Wielkopolskie,145,Położnictwo i ginekologia,2024/005769,Rezydencki,85.02,4.02,28.02.2024 21:06:34,11,NIE,,
w-2024,11,16.04.2024,16.04.2024 12:44:26,58,62,Wielkopolskie,146,Położnictwo i ginekologia,2024/005409,Rezydencki,83.82,3.73,28.02.2024 16:57:37,11,NIE,,
w-2024,11,16.04.2024,16.04.2024 12:44:26,58,62,Wielkopolskie,147,Położnictwo i ginekologia,2024/005767,Rezydencki,83.09,3.93,28.02.2024 14:07:10,11,NIE,,
w-2024,11,16.04.2024,16.04.2024 12:44:26,58,62,Wielkopolskie,148,Położnictwo i ginekologia,2024/007158,Rezydencki,81.16,3.38,28.02.2024 21:10:21,11,NIE,,
w-2024,11,16.04.2024,16.04.2024 12:44:26,58,62,Wielkopolskie,149,Położnictwo i ginekologia,2024/006498,Rezydencki,77.38,3.66,28.02.2024 17:58:47,11,NIE,,
w-2024,11,16.04.2024,16.04.2024 12:44:26,58,62,Wielkopolskie,150,Położnictwo i ginekologia,2024/003391,Rezydencki,66.18,3.08,06.03.2024 15:19:49,11,NIE,,
w-2024,11,16.04.2024,16.04.2024 12:44:26,58,62,Wielkopolskie,151,Położnictwo i ginekologia,2024/007232,Rezydencki,62.44,4.20,28.02.2024 23:56:00,11,NIE,,
w-2024,11,16.04.2024,16.04.2024 12:44:26,58,62,Wielkopolskie,152,Położnictwo i ginekologia,2024/005567,Rezydencki,56.76,3.00,28.02.2024 13:21:13,11,NIE,,
w-2024,11,16.04.2024,16.04.2024 12:44:26,58,62,Wielkopolskie,153,Psychiatria,2024/005106,Rezydencki,86.03,4.14,28.02.2024 18:00:12,5,NIE,,
w-2024,11,16.04.2024,16.04.2024 12:44:26,58,62,Wielkopolskie,154,Psychiatria,2024/002454,Rezydencki,85.51,4.27,24.02.2024 16:53:32,5,NIE,,
w-2024,11,16.04.2024,16.04.2024 12:44:26,58,62,Wielkopolskie,155,Psychiatria,2024/004575,Rezydencki,84.80,3.89,19.02.2024 19:52:40,5,NIE,,
w-2024,11,16.04.2024,16.04.2024 12:44:26,58,62,Wielkopolskie,156,Psychiatria,2024/004618,Rezydencki,84.80,3.51,19.02.2024 22:28:20,5,NIE,,
w-2024,11,16.04.2024,16.04.2024 12:44:26,59,62,Wielkopolskie,157,Psychiatria,2024/005850,Rezydencki,84.78,3.69,27.02.2024 19:05:38,5,NIE,,
w-2024,11,16.04.2024,16.04.2024 12:44:26,59,62,Wielkopolskie,158,Psychiatria dzieci i młodzieży,2024/005583,Pozarezydencki,80.93,3.79,28.02.2024 22:43:47,1,NIE,,
w-2024,11,16.04.2024,16.04.2024 12:44:26,59,62,Wielkopolskie,159,Radiologia i diagnostyka obrazowa,2024/002261,Rezydencki,88.89,4.00,28.02.2024 19:12:27,8,NIE,,
w-2024,11,16.04.2024,16.04.2024 12:44:26,59,62,Wielkopolskie,160,Radiologia i diagnostyka obrazowa,2024/003304,Rezydencki,88.78,3.73,09.02.2024 14:45:34,8,NIE,,
w-2024,11,16.04.2024,16.04.2024 12:44:26,59,62,Wielkopolskie,161,Radiologia i diagnostyka obrazowa,2024/006182,Rezydencki,87.92,3.72,28.02.2024 23:27:04,8,NIE,,
w-2024,11,16.04.2024,16.04.2024 12:44:26,59,62,Wielkopolskie,162,Radiologia i diagnostyka obrazowa,2024/006111,Rezydencki,87.44,4.18,28.02.2024 18:50:22,8,NIE,,
w-2024,11,16.04.2024,16.04.2024 12:44:26,59,62,Wielkopolskie,163,Radiologia i diagnostyka obrazowa,2024/005739,Rezydencki,86.96,3.98,26.02.2024 14:46:48,8,NIE,,
w-2024,11,16.04.2024,16.04.2024 12:44:26,59,62,Wielkopolskie,164,Radiologia i diagnostyka obrazowa,2024/002208,Rezydencki,86.47,4.28,01.02.2024 15:13:01,8,NIE,,
w-2024,11,16.04.2024,16.04.2024 12:44:26,59,62,Wielkopolskie,165,Radiologia i diagnostyka obrazowa,2024/004646,Rezydencki,86.47,3.80,26.02.2024 23:39:23,8,NIE,,
w-2024,11,16.04.2024,16.04.2024 12:44:26,59,62,Wielkopolskie,166,Radiologia i diagnostyka obrazowa,2024/006194,Rezydencki,86.47,3.77,13.03.2024 10:25:55,8,NIE,,
w-2024,11,16.04.2024,16.04.2024 12:44:26,59,62,Wielkopolskie,167,Radiologia i diagnostyka obrazowa,2024/003089,Pozarezydencki,82.26,3.90,28.02.2024 18:45:32,3,NIE,,
w-2024,11,16.04.2024,16.04.2024 12:44:26,59,62,Wielkopolskie,168,Radiologia i diagnostyka obrazowa,2024/002511,Pozarezydencki,80.93,4.23,05.03.2024 12:05:53,3,NIE,,
w-2024,11,16.04.2024,16.04.2024 12:44:26,59,62,Wielkopolskie,169,Radiologia i diagnostyka obrazowa,2024/005070,Pozarezydencki,80.47,3.61,06.03.2024 18:09:28,3,NIE,,
w-2024,11,16.04.2024,16.04.2024 12:44:26,59,62,Wielkopolskie,170,Reumatologia,2024/002779,Rezydencki,88.97,4.03,11.03.2024 15:14:02,4,NIE,,
w-2024,11,16.04.2024,16.04.2024 12:44:26,59,62,Wielkopolskie,171,Reumatologia,2024/006667,Rezydencki,88.89,4.27,28.02.2024 23:24:52,4,NIE,,
w-2024,11,16.04.2024,16.04.2024 12:44:26,59,62,Wielkopolskie,172,Reumatologia,2024/002539,Rezydencki,88.89,4.02,20.03.2024 20:37:14,4,NIE,,
w-2024,11,16.04.2024,16.04.2024 12:44:26,59,62,Wielkopolskie,173,Reumatologia,2024/007194,Rezydencki,88.24,3.51,18.03.2024 19:19:37,4,NIE,,
w-2024,11,16.04.2024,16.04.2024 12:44:26,59,62,Wielkopolskie,174,Seksuologia,2024/007427,Pozarezydencki,82.33,4.39,28.02.2024 23:43:15,1,NIE,,
w-2024,11,16.04.2024,16.04.2024 12:44:26,59,62,Wielkopolskie,175,Transplantologia kliniczna,2024/006542,Pozarezydencki,75.68,0.00,06.03.2024 18:09:43,2,NIE,,
w-2024,11,16.04.2024,16.04.2024 12:44:26,59,62,Wielkopolskie,176,Transplantologia kliniczna,2024/006679,Pozarezydencki,70.91,0.00,08.03.2024 10:08:18,2,NIE,,
w-2024,11,16.04.2024,16.04.2024 12:44:26,59,62,Wielkopolskie,177,Urologia,2024/004797,Rezydencki,87.80,3.66,20.02.2024 21:28:48,1,NIE,,
w-2024,11,16.04.2024,16.04.2024 12:44:26,59,62,Wielkopolskie,178,Urologia,2024/006364,Pozarezydencki,83.41,3.80,13.03.2024 08:00:30,1,NIE,,
w-2024,11,16.04.2024,16.04.2024 12:44:26,59,62,Zachodniopomorskie,1,Alergologia,2024/002914,Rezydencki,84.88,3.80,11.03.2024 12:51:25,1,NIE,,
w-2024,11,16.04.2024,16.04.2024 12:44:26,59,62,Zachodniopomorskie,2,Anestezjologia i intensywna terapia,2024/005702,Rezydencki,78.26,4.54,05.03.2024 14:45:42,1,NIE,,
w-2024,11,16.04.2024,16.04.2024 12:44:26,59,62,Zachodniopomorskie,3,Anestezjologia i intensywna terapia,2024/006230,Pozarezydencki,74.19,3.19,06.03.2024 23:11:25,1,NIE,,
w-2024,11,16.04.2024,16.04.2024 12:44:26,59,62,Zachodniopomorskie,4,Audiologia i foniatria,2024/002954,Rezydencki,88.41,4.24,14.02.2024 08:10:27,1,NIE,,
w-2024,11,16.04.2024,16.04.2024 12:44:26,59,62,Zachodniopomorskie,5,Chirurgia ogólna,2024/006270,Rezydencki,83.57,4.00,28.02.2024 21:27:33,1,NIE,,
w-2024,11,16.04.2024,16.04.2024 12:44:26,59,62,Zachodniopomorskie,6,Chirurgia onkologiczna,2024/002475,Rezydencki,81.64,3.91,28.02.2024 13:42:03,1,NIE,,
w-2024,11,16.04.2024,16.04.2024 12:44:26,59,62,Zachodniopomorskie,7,Chirurgia plastyczna,2024/006339,Pozarezydencki,84.19,4.20,27.02.2024 21:01:42,1,NIE,,
w-2024,11,16.04.2024,16.04.2024 12:44:26,59,62,Zachodniopomorskie,8,Chirurgia szczękowo-twarzowa,2024/003225,Rezydencki,83.25,4.41,18.03.2024 09:32:59,1,NIE,,
w-2024,11,16.04.2024,16.04.2024 12:44:26,59,62,Zachodniopomorskie,9,Choroby płuc,2024/007148,Pozarezydencki,80.00,0.00,12.03.2024 17:33:29,1,NIE,,
w-2024,11,16.04.2024,16.04.2024 12:44:26,59,62,Zachodniopomorskie,10,Dermatologia i wenerologia,2024/005098,Rezydencki,92.68,4.52,27.02.2024 09:27:51,4,NIE,,
w-2024,11,16.04.2024,16.04.2024 12:44:26,59,62,Zachodniopomorskie,11,Dermatologia i wenerologia,2024/002263,Rezydencki,91.30,4.35,05.02.2024 19:27:19,4,NIE,,
w-2024,11,16.04.2024,16.04.2024 12:44:26,59,62,Zachodniopomorskie,12,Dermatologia i wenerologia,2024/004965,Rezydencki,91.22,4.71,26.02.2024 22:59:14,4,NIE,,
w-2024,11,16.04.2024,16.04.2024 12:44:26,60,62,Zachodniopomorskie,13,Dermatologia i wenerologia,2024/003451,Rezydencki,90.82,4.32,28.02.2024 23:23:13,4,NIE,,
w-2024,11,16.04.2024,16.04.2024 12:44:26,60,62,Zachodniopomorskie,14,Diabetologia,2024/005282,Rezydencki,86.27,3.85,27.02.2024 23:27:23,1,NIE,,
w-2024,11,16.04.2024,16.04.2024 12:44:26,60,62,Zachodniopomorskie,15,Diabetologia,2024/005945,Pozarezydencki,80.00,4.57,13.03.2024 08:36:36,5,NIE,,
w-2024,11,16.04.2024,16.04.2024 12:44:26,60,62,Zachodniopomorskie,16,Diabetologia,2024/004778,Pozarezydencki,75.23,4.00,28.02.2024 18:38:14,5,NIE,,
w-2024,11,16.04.2024,16.04.2024 12:44:26,60,62,Zachodniopomorskie,17,Diabetologia,2024/006500,Pozarezydencki,70.91,4.53,28.02.2024 20:03:49,5,NIE,,
w-2024,11,16.04.2024,16.04.2024 12:44:26,60,62,Zachodniopomorskie,18,Diabetologia,2024/002387,Pozarezydencki,70.91,0.00,12.03.2024 12:33:20,5,NIE,,
w-2024,11,16.04.2024,16.04.2024 12:44:26,60,62,Zachodniopomorskie,19,Diabetologia,2024/006263,Pozarezydencki,68.69,4.55,27.02.2024 19:40:51,5,NIE,,
w-2024,11,16.04.2024,16.04.2024 12:44:26,60,62,Zachodniopomorskie,20,Endokrynologia,2024/003430,Pozarezydencki,84.19,3.44,21.03.2024 21:16:05,1,NIE,,
w-2024,11,16.04.2024,16.04.2024 12:44:26,60,62,Zachodniopomorskie,21,Endokrynologia i diabetologia dziecięca,2024/006222,Rezydencki,82.13,3.63,28.02.2024 15:47:16,1,NIE,,
w-2024,11,16.04.2024,16.04.2024 12:44:26,60,62,Zachodniopomorskie,22,Gastroenterologia,2024/003387,Pozarezydencki,70.91,3.92,10.02.2024 17:15:59,1,NIE,,
w-2024,11,16.04.2024,16.04.2024 12:44:26,60,62,Zachodniopomorskie,23,Gastroenterologia dziecięca,2024/005707,Rezydencki,82.61,4.41,29.03.2024 13:03:31,1,NIE,,
w-2024,11,16.04.2024,16.04.2024 12:44:26,60,62,Zachodniopomorskie,24,Gastroenterologia dziecięca,2024/006185,Pozarezydencki,72.90,4.07,13.03.2024 15:49:42,1,NIE,,
w-2024,11,16.04.2024,16.04.2024 12:44:26,60,62,Zachodniopomorskie,25,Geriatria,2024/005921,Pozarezydencki,70.91,0.00,14.03.2024 20:28:38,1,NIE,,
w-2024,11,16.04.2024,16.04.2024 12:44:26,60,62,Zachodniopomorskie,26,Kardiologia,2024/004547,Rezydencki,87.44,4.21,28.02.2024 20:25:43,2,NIE,,
w-2024,11,16.04.2024,16.04.2024 12:44:26,60,62,Zachodniopomorskie,27,Kardiologia,2024/004360,Rezydencki,83.90,3.87,28.02.2024 19:35:08,2,NIE,,
w-2024,11,16.04.2024,16.04.2024 12:44:26,60,62,Zachodniopomorskie,28,Kardiologia,2024/003290,Pozarezydencki,78.41,0.00,12.03.2024 16:20:24,1,NIE,,
w-2024,11,16.04.2024,16.04.2024 12:44:26,60,62,Zachodniopomorskie,29,Medycyna paliatywna,2024/003039,Pozarezydencki,89.09,4.28,13.03.2024 19:12:51,2,NIE,,
w-2024,11,16.04.2024,16.04.2024 12:44:26,60,62,Zachodniopomorskie,30,Medycyna paliatywna,2024/002990,Pozarezydencki,80.00,3.78,19.03.2024 08:25:19,2,NIE,,
w-2024,11,16.04.2024,16.04.2024 12:44:26,60,62,Zachodniopomorskie,31,Medycyna rodzinna,2024/005581,Rezydencki,90.93,4.37,26.02.2024 20:20:11,7,NIE,,
w-2024,11,16.04.2024,16.04.2024 12:44:26,60,62,Zachodniopomorskie,32,Medycyna rodzinna,2024/006378,Rezydencki,89.22,4.37,27.02.2024 21:45:15,7,NIE,,
w-2024,11,16.04.2024,16.04.2024 12:44:26,60,62,Zachodniopomorskie,33,Medycyna rodzinna,2024/002897,Rezydencki,87.25,4.08,19.02.2024 10:28:42,7,NIE,,
w-2024,11,16.04.2024,16.04.2024 12:44:26,60,62,Zachodniopomorskie,34,Medycyna rodzinna,2024/004887,Rezydencki,86.96,4.06,21.02.2024 17:13:22,7,NIE,,
w-2024,11,16.04.2024,16.04.2024 12:44:26,60,62,Zachodniopomorskie,35,Medycyna rodzinna,2024/004329,Rezydencki,81.43,3.46,16.03.2024 20:21:23,7,NIE,,
w-2024,11,16.04.2024,16.04.2024 12:44:26,60,62,Zachodniopomorskie,36,Medycyna rodzinna,2024/005344,Rezydencki,70.53,3.35,26.03.2024 14:02:33,7,NIE,,
w-2024,11,16.04.2024,16.04.2024 12:44:26,60,62,Zachodniopomorskie,37,Medycyna rodzinna,2024/004420,Rezydencki,67.15,3.50,19.02.2024 00:56:29,7,NIE,,
w-2024,11,16.04.2024,16.04.2024 12:44:26,60,62,Zachodniopomorskie,38,Nefrologia,2024/005104,Pozarezydencki,77.73,0.00,11.03.2024 11:00:22,1,NIE,,
w-2024,11,16.04.2024,16.04.2024 12:44:26,60,62,Zachodniopomorskie,39,Neonatologia,2024/002944,Rezydencki,82.61,3.64,26.02.2024 19:03:48,1,NIE,,
w-2024,11,16.04.2024,16.04.2024 12:44:26,60,62,Zachodniopomorskie,40,Neurologia,2024/002859,Rezydencki,78.54,3.59,27.02.2024 14:59:22,2,NIE,,
w-2024,11,16.04.2024,16.04.2024 12:44:26,60,62,Zachodniopomorskie,41,Neurologia,2024/004083,Rezydencki,62.25,4.00,12.03.2024 15:55:04,2,NIE,,
w-2024,11,16.04.2024,16.04.2024 12:44:26,60,62,Zachodniopomorskie,42,Neurologia,2024/003155,Pozarezydencki,61.11,0.00,08.02.2024 14:50:28,1,NIE,,
w-2024,11,16.04.2024,16.04.2024 12:44:26,60,62,Zachodniopomorskie,43,Okulistyka,2024/006396,Pozarezydencki,81.11,3.57,28.02.2024 17:25:48,1,NIE,,
w-2024,11,16.04.2024,16.04.2024 12:44:26,60,62,Zachodniopomorskie,44,Onkologia kliniczna,2024/006389,Pozarezydencki,70.91,4.16,13.03.2024 18:41:24,1,NIE,,
w-2024,11,16.04.2024,16.04.2024 12:44:26,60,62,Zachodniopomorskie,45,Ortodoncja,2024/003490,Rezydencki,87.02,3.98,16.02.2024 18:36:12,4,NIE,,
w-2024,11,16.04.2024,16.04.2024 12:44:26,60,62,Zachodniopomorskie,46,Ortodoncja,2024/003597,Rezydencki,87.02,3.88,21.02.2024 16:47:44,4,NIE,,
w-2024,11,16.04.2024,16.04.2024 12:44:26,60,62,Zachodniopomorskie,47,Ortodoncja,2024/005895,Rezydencki,86.30,3.40,28.02.2024 20:16:49,4,NIE,,
w-2024,11,16.04.2024,16.04.2024 12:44:26,60,62,Zachodniopomorskie,48,Ortodoncja,2024/003777,Rezydencki,86.06,4.11,13.02.2024 14:36:17,4,NIE,,
w-2024,11,16.04.2024,16.04.2024 12:44:26,60,62,Zachodniopomorskie,49,Ortodoncja,2024/003365,Pozarezydencki,84.77,4.39,14.02.2024 09:44:01,2,NIE,,
w-2024,11,16.04.2024,16.04.2024 12:44:26,60,62,Zachodniopomorskie,50,Ortodoncja,2024/003522,Pozarezydencki,82.57,4.73,15.03.2024 14:21:16,2,NIE,,
w-2024,11,16.04.2024,16.04.2024 12:44:26,61,62,Zachodniopomorskie,51,Patomorfologia,2024/005058,Rezydencki,64.90,3.51,13.03.2024 13:00:28,1,NIE,,
w-2024,11,16.04.2024,16.04.2024 12:44:26,61,62,Zachodniopomorskie,52,Pediatria,2024/004997,Rezydencki,61.95,4.34,28.02.2024 18:10:59,1,NIE,,
w-2024,11,16.04.2024,16.04.2024 12:44:26,61,62,Zachodniopomorskie,53,Perinatologia,2024/005504,Pozarezydencki,86.00,4.22,18.03.2024 13:40:39,1,NIE,,
w-2024,11,16.04.2024,16.04.2024 12:44:26,61,62,Zachodniopomorskie,54,Periodontologia,2024/002531,Rezydencki,81.55,3.27,24.02.2024 22:44:01,1,NIE,,
w-2024,11,16.04.2024,16.04.2024 12:44:26,61,62,Zachodniopomorskie,55,Położnictwo i ginekologia,2024/007052,Rezydencki,87.92,3.56,28.02.2024 20:53:54,4,NIE,,
w-2024,11,16.04.2024,16.04.2024 12:44:26,61,62,Zachodniopomorskie,56,Położnictwo i ginekologia,2024/007016,Rezydencki,87.75,3.57,28.02.2024 19:32:51,4,NIE,,
w-2024,11,16.04.2024,16.04.2024 12:44:26,61,62,Zachodniopomorskie,57,Położnictwo i ginekologia,2024/005940,Rezydencki,86.47,4.24,26.02.2024 22:53:39,4,NIE,,
w-2024,11,16.04.2024,16.04.2024 12:44:26,61,62,Zachodniopomorskie,58,Położnictwo i ginekologia,2024/007111,Rezydencki,78.26,4.30,28.02.2024 22:21:22,4,NIE,,
w-2024,11,16.04.2024,16.04.2024 12:44:26,61,62,Zachodniopomorskie,59,Protetyka stomatologiczna,2024/004847,Rezydencki,86.19,4.40,18.03.2024 18:56:41,1,NIE,,
w-2024,11,16.04.2024,16.04.2024 12:44:26,61,62,Zachodniopomorskie,60,Psychiatria,2024/005771,Rezydencki,87.92,3.45,28.02.2024 22:58:17,7,NIE,,
w-2024,11,16.04.2024,16.04.2024 12:44:26,61,62,Zachodniopomorskie,61,Psychiatria,2024/002229,Rezydencki,87.44,4.35,02.02.2024 17:19:44,7,NIE,,
w-2024,11,16.04.2024,16.04.2024 12:44:26,61,62,Zachodniopomorskie,62,Psychiatria,2024/006367,Rezydencki,86.47,4.16,27.02.2024 21:34:41,7,NIE,,
w-2024,11,16.04.2024,16.04.2024 12:44:26,61,62,Zachodniopomorskie,63,Psychiatria,2024/003221,Rezydencki,78.74,3.63,21.02.2024 22:27:34,7,NIE,,
w-2024,11,16.04.2024,16.04.2024 12:44:26,61,62,Zachodniopomorskie,64,Psychiatria,2024/006702,Rezydencki,76.96,3.24,13.03.2024 14:37:52,7,NIE,,
w-2024,11,16.04.2024,16.04.2024 12:44:26,61,62,Zachodniopomorskie,65,Psychiatria,2024/005475,Rezydencki,73.43,2.93,06.03.2024 14:09:45,7,NIE,,
w-2024,11,16.04.2024,16.04.2024 12:44:26,61,62,Zachodniopomorskie,66,Psychiatria,2024/006197,Rezydencki,67.14,3.27,06.03.2024 19:07:28,7,NIE,,
w-2024,11,16.04.2024,16.04.2024 12:44:26,61,62,Zachodniopomorskie,67,Psychiatria dzieci i młodzieży,2024/003553,Rezydencki,87.44,4.56,28.02.2024 15:16:52,1,NIE,,
w-2024,11,16.04.2024,16.04.2024 12:44:26,61,62,Zachodniopomorskie,68,Radiologia i diagnostyka obrazowa,2024/002773,Rezydencki,86.83,3.68,26.02.2024 17:23:36,5,NIE,,
w-2024,11,16.04.2024,16.04.2024 12:44:26,61,62,Zachodniopomorskie,69,Radiologia i diagnostyka obrazowa,2024/006989,Rezydencki,86.10,3.83,28.02.2024 19:59:31,5,NIE,,
w-2024,11,16.04.2024,16.04.2024 12:44:26,61,62,Zachodniopomorskie,70,Radiologia i diagnostyka obrazowa,2024/006446,Rezydencki,85.85,3.98,28.02.2024 20:53:05,5,NIE,,
w-2024,11,16.04.2024,16.04.2024 12:44:26,61,62,Zachodniopomorskie,71,Radiologia i diagnostyka obrazowa,2024/003036,Rezydencki,85.85,3.44,07.02.2024 16:10:43,5,NIE,,
w-2024,11,16.04.2024,16.04.2024 12:44:26,61,62,Zachodniopomorskie,72,Radiologia i diagnostyka obrazowa,2024/004774,Rezydencki,85.78,4.29,20.02.2024 19:52:04,5,NIE,,
w-2024,11,16.04.2024,16.04.2024 12:44:26,61,62,Zachodniopomorskie,73,Radiologia i diagnostyka obrazowa,2024/007437,Pozarezydencki,76.74,3.07,28.02.2024 23:52:46,3,NIE,,
w-2024,11,16.04.2024,16.04.2024 12:44:26,61,62,Zachodniopomorskie,74,Radiologia i diagnostyka obrazowa,2024/007258,Pozarezydencki,76.17,4.91,15.03.2024 12:13:41,3,NIE,,
w-2024,11,16.04.2024,16.04.2024 12:44:26,61,62,Zachodniopomorskie,75,Radiologia i diagnostyka obrazowa,2024/005994,Pozarezydencki,72.22,0.00,12.03.2024 13:38:04,3,NIE,,
w-2024,11,16.04.2024,16.04.2024 12:44:26,61,62,Zachodniopomorskie,76,Rehabilitacja medyczna,2024/005250,Pozarezydencki,80.00,4.47,17.03.2024 20:47:46,1,NIE,,
w-2024,11,16.04.2024,16.04.2024 12:44:26,61,62,Zachodniopomorskie,77,Reumatologia,2024/003975,Rezydencki,89.71,4.24,25.02.2024 21:25:18,2,NIE,,
w-2024,11,16.04.2024,16.04.2024 12:44:26,61,62,Zachodniopomorskie,78,Reumatologia,2024/005108,Rezydencki,85.85,3.89,26.03.2024 20:04:49,2,NIE,,
w-2024,11,16.04.2024,16.04.2024 12:44:26,61,62,Zachodniopomorskie,79,Reumatologia,2024/003827,Pozarezydencki,75.45,4.35,25.03.2024 17:50:37,1,NIE,,
w-2024,11,16.04.2024,16.04.2024 12:44:26,61,62,Zachodniopomorskie,80,Stomatologia zachowawcza z endodoncją,2024/006138,Rezydencki,84.76,4.15,15.03.2024 23:39:46,2,NIE,,
w-2024,11,16.04.2024,16.04.2024 12:44:26,61,62,Zachodniopomorskie,81,Stomatologia zachowawcza z endodoncją,2024/002624,Rezydencki,80.95,3.82,13.02.2024 22:13:58,2,NIE,,
w-2024,11,16.04.2024,16.04.2024 12:44:26,61,62,Zachodniopomorskie,82,Transplantologia kliniczna,2024/004482,Pozarezydencki,79.55,0.00,11.03.2024 10:00:42,1,NIE,,
w-2024,11,16.04.2024,16.04.2024 12:44:26,61,62,Zachodniopomorskie,83,Urologia,2024/004397,Rezydencki,86.47,0.00,11.03.2024 13:15:58,1,NIE,,
w-2024,11,16.04.2024,16.04.2024 12:44:26,61,62,Zachodniopomorskie,84,Urologia,2024/006199,Pozarezydencki,80.93,3.21,27.02.2024 18:05:32,2,NIE,,
w-2024,11,16.04.2024,16.04.2024 12:44:26,61,62,Zachodniopomorskie,85,Urologia,2024/005286,Pozarezydencki,79.53,4.22,05.03.2024 14:34:47,2,NIE,,
